timestamp,demand_mwh
2025-06-23T13:00:00Z,84212.4
2025-06-23T14:00:00Z,80879.2
2025-06-23T15:00:00Z,77978.4
2025-06-23T16:00:00Z,73528.3
2025-06-23T17:00:00Z,73154.3
2025-06-23T18:00:00Z,71408.8
2025-06-23T19:00:00Z,66397.8
2025-06-23T20:00:00Z,63596.2
2025-06-23T21:00:00Z,61306.8
2025-06-23T22:00:00Z,56885.0
2025-06-23T23:00:00Z,59594.0
2025-06-24T00:00:00Z,55291.4
2025-06-24T01:00:00Z,57216.0
2025-06-24T02:00:00Z,61350.7
2025-06-24T03:00:00Z,60252.6
2025-06-24T04:00:00Z,63400.2
2025-06-24T05:00:00Z,66030.8
2025-06-24T06:00:00Z,70614.8
2025-06-24T07:00:00Z,71362.4
2025-06-24T08:00:00Z,76435.7
2025-06-24T09:00:00Z,82033.4
2025-06-24T10:00:00Z,82525.5
2025-06-24T11:00:00Z,83392.0
2025-06-24T12:00:00Z,84577.6
2025-06-24T13:00:00Z,84151.7
2025-06-24T14:00:00Z,82456.8
2025-06-24T15:00:00Z,80739.6
2025-06-24T16:00:00Z,75261.0
2025-06-24T17:00:00Z,74514.9
2025-06-24T18:00:00Z,69445.6
2025-06-24T19:00:00Z,67535.9
2025-06-24T20:00:00Z,63243.0
2025-06-24T21:00:00Z,59227.3
2025-06-24T22:00:00Z,58089.5
2025-06-24T23:00:00Z,55614.7
2025-06-25T00:00:00Z,57750.3
2025-06-25T01:00:00Z,57016.8
2025-06-25T02:00:00Z,59429.8
2025-06-25T03:00:00Z,59358.9
2025-06-25T04:00:00Z,65413.1
2025-06-25T05:00:00Z,66542.4
2025-06-25T06:00:00Z,72077.5
2025-06-25T07:00:00Z,75086.8
2025-06-25T08:00:00Z,76176.1
2025-06-25T09:00:00Z,80710.5
2025-06-25T10:00:00Z,81918.4
2025-06-25T11:00:00Z,84412.8
2025-06-25T12:00:00Z,86073.7
2025-06-25T13:00:00Z,84736.7
2025-06-25T14:00:00Z,83786.2
2025-06-25T15:00:00Z,78976.8
2025-06-25T16:00:00Z,77689.6
2025-06-25T17:00:00Z,74512.7
2025-06-25T18:00:00Z,71756.9
2025-06-25T19:00:00Z,66173.2
2025-06-25T20:00:00Z,64194.5
2025-06-25T21:00:00Z,61150.4
2025-06-25T22:00:00Z,56672.4
2025-06-25T23:00:00Z,55844.0
2025-06-26T00:00:00Z,57360.6
2025-06-26T01:00:00Z,55954.5
2025-06-26T02:00:00Z,57286.5
2025-06-26T03:00:00Z,61959.8
2025-06-26T04:00:00Z,64135.2
2025-06-26T05:00:00Z,66888.1
2025-06-26T06:00:00Z,70885.5
2025-06-26T07:00:00Z,73896.3
2025-06-26T08:00:00Z,77099.5
2025-06-26T09:00:00Z,80070.6
2025-06-26T10:00:00Z,83264.5
2025-06-26T11:00:00Z,85739.7
2025-06-26T12:00:00Z,84135.4
2025-06-26T13:00:00Z,84127.5
2025-06-26T14:00:00Z,82563.6
2025-06-26T15:00:00Z,79143.4
2025-06-26T16:00:00Z,78014.5
2025-06-26T17:00:00Z,75370.8
2025-06-26T18:00:00Z,69784.6
2025-06-26T19:00:00Z,68127.1
2025-06-26T20:00:00Z,63141.0
2025-06-26T21:00:00Z,62256.8
2025-06-26T22:00:00Z,60119.8
2025-06-26T23:00:00Z,56874.8
2025-06-27T00:00:00Z,54795.2
2025-06-27T01:00:00Z,57186.6
2025-06-27T02:00:00Z,57367.1
2025-06-27T03:00:00Z,59667.7
2025-06-27T04:00:00Z,63781.9
2025-06-27T05:00:00Z,69009.9
2025-06-27T06:00:00Z,70927.5
2025-06-27T07:00:00Z,74381.9
2025-06-27T08:00:00Z,75847.1
2025-06-27T09:00:00Z,80173.0
2025-06-27T10:00:00Z,81469.8
2025-06-27T11:00:00Z,85081.8
2025-06-27T12:00:00Z,84339.9
2025-06-27T13:00:00Z,84427.4
2025-06-27T14:00:00Z,83068.5
2025-06-27T15:00:00Z,80658.2
2025-06-27T16:00:00Z,79098.3
2025-06-27T17:00:00Z,75201.2
2025-06-27T18:00:00Z,70663.6
2025-06-27T19:00:00Z,67610.3
2025-06-27T20:00:00Z,64716.3
2025-06-27T21:00:00Z,62783.1
2025-06-27T22:00:00Z,59131.3
2025-06-27T23:00:00Z,59269.3
2025-06-28T00:00:00Z,52833.7
2025-06-28T01:00:00Z,53725.9
2025-06-28T02:00:00Z,53662.6
2025-06-28T03:00:00Z,58552.7
2025-06-28T04:00:00Z,59284.3
2025-06-28T05:00:00Z,62641.3
2025-06-28T06:00:00Z,68417.8
2025-06-28T07:00:00Z,70425.6
2025-06-28T08:00:00Z,73526.7
2025-06-28T09:00:00Z,78388.2
2025-06-28T10:00:00Z,79280.9
2025-06-28T11:00:00Z,81952.6
2025-06-28T12:00:00Z,80892.3
2025-06-28T13:00:00Z,81727.9
2025-06-28T14:00:00Z,80745.6
2025-06-28T15:00:00Z,77378.3
2025-06-28T16:00:00Z,76486.8
2025-06-28T17:00:00Z,70583.9
2025-06-28T18:00:00Z,67195.5
2025-06-28T19:00:00Z,63930.8
2025-06-28T20:00:00Z,61648.2
2025-06-28T21:00:00Z,57265.8
2025-06-28T22:00:00Z,54881.1
2025-06-28T23:00:00Z,54291.4
2025-06-29T00:00:00Z,55247.3
2025-06-29T01:00:00Z,53788.7
2025-06-29T02:00:00Z,54180.4
2025-06-29T03:00:00Z,57722.4
2025-06-29T04:00:00Z,61480.2
2025-06-29T05:00:00Z,63484.0
2025-06-29T06:00:00Z,67860.0
2025-06-29T07:00:00Z,69150.4
2025-06-29T08:00:00Z,74699.7
2025-06-29T09:00:00Z,77676.8
2025-06-29T10:00:00Z,80491.5
2025-06-29T11:00:00Z,81518.6
2025-06-29T12:00:00Z,82529.3
2025-06-29T13:00:00Z,80006.6
2025-06-29T14:00:00Z,80535.3
2025-06-29T15:00:00Z,75642.4
2025-06-29T16:00:00Z,73982.8
2025-06-29T17:00:00Z,72600.8
2025-06-29T18:00:00Z,68703.1
2025-06-29T19:00:00Z,61964.3
2025-06-29T20:00:00Z,61439.2
2025-06-29T21:00:00Z,57374.5
2025-06-29T22:00:00Z,54760.0
2025-06-29T23:00:00Z,54509.0
2025-06-30T00:00:00Z,58089.8
2025-06-30T01:00:00Z,60031.8
2025-06-30T02:00:00Z,58132.5
2025-06-30T03:00:00Z,61520.0
2025-06-30T04:00:00Z,64734.1
2025-06-30T05:00:00Z,66121.4
2025-06-30T06:00:00Z,73219.2
2025-06-30T07:00:00Z,77497.7
2025-06-30T08:00:00Z,78092.6
2025-06-30T09:00:00Z,82142.8
2025-06-30T10:00:00Z,83600.0
2025-06-30T11:00:00Z,85616.2
2025-06-30T12:00:00Z,84993.3
2025-06-30T13:00:00Z,86267.1
2025-06-30T14:00:00Z,82560.2
2025-06-30T15:00:00Z,83281.6
2025-06-30T16:00:00Z,79231.0
2025-06-30T17:00:00Z,78273.2
2025-06-30T18:00:00Z,69943.3
2025-06-30T19:00:00Z,68145.5
2025-06-30T20:00:00Z,63408.4
2025-06-30T21:00:00Z,61854.6
2025-06-30T22:00:00Z,60309.6
2025-06-30T23:00:00Z,57348.0
2025-07-01T00:00:00Z,56553.9
2025-07-01T01:00:00Z,56681.7
2025-07-01T02:00:00Z,60339.2
2025-07-01T03:00:00Z,63775.7
2025-07-01T04:00:00Z,66536.7
2025-07-01T05:00:00Z,68573.5
2025-07-01T06:00:00Z,71021.3
2025-07-01T07:00:00Z,75317.6
2025-07-01T08:00:00Z,77346.9
2025-07-01T09:00:00Z,80150.0
2025-07-01T10:00:00Z,85426.6
2025-07-01T11:00:00Z,85258.1
2025-07-01T12:00:00Z,86419.6
2025-07-01T13:00:00Z,85263.5
2025-07-01T14:00:00Z,85727.0
2025-07-01T15:00:00Z,83645.7
2025-07-01T16:00:00Z,78195.6
2025-07-01T17:00:00Z,75314.4
2025-07-01T18:00:00Z,71353.5
2025-07-01T19:00:00Z,70062.8
2025-07-01T20:00:00Z,66623.4
2025-07-01T21:00:00Z,61958.3
2025-07-01T22:00:00Z,62750.1
2025-07-01T23:00:00Z,58723.3
2025-07-02T00:00:00Z,57087.7
2025-07-02T01:00:00Z,56613.9
2025-07-02T02:00:00Z,60196.0
2025-07-02T03:00:00Z,62947.3
2025-07-02T04:00:00Z,64776.8
2025-07-02T05:00:00Z,69235.1
2025-07-02T06:00:00Z,73802.4
2025-07-02T07:00:00Z,75949.2
2025-07-02T08:00:00Z,80353.1
2025-07-02T09:00:00Z,84188.7
2025-07-02T10:00:00Z,85047.2
2025-07-02T11:00:00Z,85187.0
2025-07-02T12:00:00Z,86835.4
2025-07-02T13:00:00Z,86482.8
2025-07-02T14:00:00Z,86949.0
2025-07-02T15:00:00Z,81754.0
2025-07-02T16:00:00Z,77577.2
2025-07-02T17:00:00Z,76365.2
2025-07-02T18:00:00Z,72794.2
2025-07-02T19:00:00Z,68331.9
2025-07-02T20:00:00Z,66112.2
2025-07-02T21:00:00Z,62943.7
2025-07-02T22:00:00Z,61767.3
2025-07-02T23:00:00Z,58003.7
2025-07-03T00:00:00Z,57964.4
2025-07-03T01:00:00Z,59227.2
2025-07-03T02:00:00Z,60054.9
2025-07-03T03:00:00Z,64330.0
2025-07-03T04:00:00Z,66410.0
2025-07-03T05:00:00Z,69069.3
2025-07-03T06:00:00Z,74469.3
2025-07-03T07:00:00Z,76881.5
2025-07-03T08:00:00Z,80815.8
2025-07-03T09:00:00Z,83472.8
2025-07-03T10:00:00Z,84580.0
2025-07-03T11:00:00Z,85978.7
2025-07-03T12:00:00Z,86624.2
2025-07-03T13:00:00Z,84876.1
2025-07-03T14:00:00Z,84350.9
2025-07-03T15:00:00Z,83530.0
2025-07-03T16:00:00Z,80015.8
2025-07-03T17:00:00Z,75205.0
2025-07-03T18:00:00Z,75438.7
2025-07-03T19:00:00Z,67900.2
2025-07-03T20:00:00Z,66460.4
2025-07-03T21:00:00Z,63697.0
2025-07-03T22:00:00Z,62125.3
2025-07-03T23:00:00Z,58256.6
2025-07-04T00:00:00Z,59090.6
2025-07-04T01:00:00Z,59314.7
2025-07-04T02:00:00Z,62257.6
2025-07-04T03:00:00Z,63592.4
2025-07-04T04:00:00Z,66516.9
2025-07-04T05:00:00Z,70017.6
2025-07-04T06:00:00Z,75271.3
2025-07-04T07:00:00Z,77385.2
2025-07-04T08:00:00Z,80986.0
2025-07-04T09:00:00Z,81770.0
2025-07-04T10:00:00Z,85872.2
2025-07-04T11:00:00Z,85013.4
2025-07-04T12:00:00Z,88037.4
2025-07-04T13:00:00Z,86644.1
2025-07-04T14:00:00Z,84059.9
2025-07-04T15:00:00Z,81546.2
2025-07-04T16:00:00Z,79890.8
2025-07-04T17:00:00Z,76787.8
2025-07-04T18:00:00Z,72393.3
2025-07-04T19:00:00Z,69064.4
2025-07-04T20:00:00Z,65735.7
2025-07-04T21:00:00Z,62597.1
2025-07-04T22:00:00Z,60781.2
2025-07-04T23:00:00Z,59928.6
2025-07-05T00:00:00Z,57065.4
2025-07-05T01:00:00Z,56780.2
2025-07-05T02:00:00Z,56776.8
2025-07-05T03:00:00Z,61526.1
2025-07-05T04:00:00Z,63908.2
2025-07-05T05:00:00Z,65601.5
2025-07-05T06:00:00Z,70684.4
2025-07-05T07:00:00Z,72491.6
2025-07-05T08:00:00Z,75595.2
2025-07-05T09:00:00Z,78518.6
2025-07-05T10:00:00Z,83447.4
2025-07-05T11:00:00Z,83125.1
2025-07-05T12:00:00Z,83806.9
2025-07-05T13:00:00Z,83046.9
2025-07-05T14:00:00Z,81114.8
2025-07-05T15:00:00Z,79934.9
2025-07-05T16:00:00Z,77279.3
2025-07-05T17:00:00Z,75414.5
2025-07-05T18:00:00Z,68558.6
2025-07-05T19:00:00Z,67718.3
2025-07-05T20:00:00Z,63362.3
2025-07-05T21:00:00Z,57707.7
2025-07-05T22:00:00Z,58628.4
2025-07-05T23:00:00Z,57982.2
2025-07-06T00:00:00Z,57190.7
2025-07-06T01:00:00Z,56683.3
2025-07-06T02:00:00Z,57976.6
2025-07-06T03:00:00Z,57706.6
2025-07-06T04:00:00Z,63259.3
2025-07-06T05:00:00Z,66451.9
2025-07-06T06:00:00Z,68766.8
2025-07-06T07:00:00Z,73676.6
2025-07-06T08:00:00Z,76035.0
2025-07-06T09:00:00Z,82296.4
2025-07-06T10:00:00Z,80478.9
2025-07-06T11:00:00Z,82232.0
2025-07-06T12:00:00Z,81239.4
2025-07-06T13:00:00Z,82796.0
2025-07-06T14:00:00Z,81993.3
2025-07-06T15:00:00Z,79652.0
2025-07-06T16:00:00Z,76008.9
2025-07-06T17:00:00Z,74404.7
2025-07-06T18:00:00Z,70059.9
2025-07-06T19:00:00Z,67555.1
2025-07-06T20:00:00Z,62689.2
2025-07-06T21:00:00Z,57894.7
2025-07-06T22:00:00Z,57548.8
2025-07-06T23:00:00Z,55153.0
2025-07-07T00:00:00Z,60956.5
2025-07-07T01:00:00Z,59763.8
2025-07-07T02:00:00Z,61569.4
2025-07-07T03:00:00Z,64038.6
2025-07-07T04:00:00Z,65175.7
2025-07-07T05:00:00Z,69841.8
2025-07-07T06:00:00Z,74899.8
2025-07-07T07:00:00Z,76826.6
2025-07-07T08:00:00Z,80648.7
2025-07-07T09:00:00Z,83911.1
2025-07-07T10:00:00Z,85147.8
2025-07-07T11:00:00Z,86975.3
2025-07-07T12:00:00Z,88296.0
2025-07-07T13:00:00Z,86872.6
2025-07-07T14:00:00Z,85979.8
2025-07-07T15:00:00Z,83539.3
2025-07-07T16:00:00Z,79608.2
2025-07-07T17:00:00Z,75961.2
2025-07-07T18:00:00Z,76150.5
2025-07-07T19:00:00Z,71849.0
2025-07-07T20:00:00Z,66755.6
2025-07-07T21:00:00Z,65111.5
2025-07-07T22:00:00Z,63080.7
2025-07-07T23:00:00Z,61522.1
2025-07-08T00:00:00Z,59800.6
2025-07-08T01:00:00Z,59036.6
2025-07-08T02:00:00Z,60627.1
2025-07-08T03:00:00Z,64022.4
2025-07-08T04:00:00Z,68744.0
2025-07-08T05:00:00Z,72346.1
2025-07-08T06:00:00Z,73865.9
2025-07-08T07:00:00Z,77360.3
2025-07-08T08:00:00Z,82496.3
2025-07-08T09:00:00Z,86371.6
2025-07-08T10:00:00Z,85131.1
2025-07-08T11:00:00Z,88135.7
2025-07-08T12:00:00Z,88235.1
2025-07-08T13:00:00Z,87222.2
2025-07-08T14:00:00Z,85835.7
2025-07-08T15:00:00Z,83607.6
2025-07-08T16:00:00Z,81105.9
2025-07-08T17:00:00Z,75973.6
2025-07-08T18:00:00Z,74150.4
2025-07-08T19:00:00Z,71461.9
2025-07-08T20:00:00Z,68068.2
2025-07-08T21:00:00Z,65229.0
2025-07-08T22:00:00Z,62484.3
2025-07-08T23:00:00Z,60936.8
2025-07-09T00:00:00Z,62776.7
2025-07-09T01:00:00Z,60795.5
2025-07-09T02:00:00Z,62578.1
2025-07-09T03:00:00Z,66047.3
2025-07-09T04:00:00Z,67532.3
2025-07-09T05:00:00Z,69349.1
2025-07-09T06:00:00Z,73809.3
2025-07-09T07:00:00Z,77550.6
2025-07-09T08:00:00Z,81226.7
2025-07-09T09:00:00Z,83767.9
2025-07-09T10:00:00Z,87646.6
2025-07-09T11:00:00Z,88708.7
2025-07-09T12:00:00Z,88927.5
2025-07-09T13:00:00Z,87429.0
2025-07-09T14:00:00Z,87688.8
2025-07-09T15:00:00Z,85437.2
2025-07-09T16:00:00Z,83942.3
2025-07-09T17:00:00Z,77353.3
2025-07-09T18:00:00Z,74329.4
2025-07-09T19:00:00Z,72452.1
2025-07-09T20:00:00Z,66248.9
2025-07-09T21:00:00Z,64923.1
2025-07-09T22:00:00Z,62660.9
2025-07-09T23:00:00Z,61080.7
2025-07-10T00:00:00Z,59741.3
2025-07-10T01:00:00Z,61353.0
2025-07-10T02:00:00Z,60980.9
2025-07-10T03:00:00Z,66284.9
2025-07-10T04:00:00Z,67228.1
2025-07-10T05:00:00Z,71326.1
2025-07-10T06:00:00Z,74729.2
2025-07-10T07:00:00Z,78563.8
2025-07-10T08:00:00Z,81844.4
2025-07-10T09:00:00Z,85070.8
2025-07-10T10:00:00Z,86373.2
2025-07-10T11:00:00Z,88217.7
2025-07-10T12:00:00Z,87374.8
2025-07-10T13:00:00Z,86971.2
2025-07-10T14:00:00Z,85804.2
2025-07-10T15:00:00Z,83405.5
2025-07-10T16:00:00Z,80104.2
2025-07-10T17:00:00Z,77605.0
2025-07-10T18:00:00Z,75449.1
2025-07-10T19:00:00Z,71598.6
2025-07-10T20:00:00Z,67284.5
2025-07-10T21:00:00Z,65245.4
2025-07-10T22:00:00Z,63093.5
2025-07-10T23:00:00Z,64366.8
2025-07-11T00:00:00Z,59265.0
2025-07-11T01:00:00Z,61862.1
2025-07-11T02:00:00Z,61453.8
2025-07-11T03:00:00Z,66627.1
2025-07-11T04:00:00Z,67813.6
2025-07-11T05:00:00Z,71931.8
2025-07-11T06:00:00Z,75257.7
2025-07-11T07:00:00Z,79434.1
2025-07-11T08:00:00Z,78625.7
2025-07-11T09:00:00Z,83539.3
2025-07-11T10:00:00Z,87178.7
2025-07-11T11:00:00Z,86943.7
2025-07-11T12:00:00Z,89585.4
2025-07-11T13:00:00Z,89897.2
2025-07-11T14:00:00Z,85592.3
2025-07-11T15:00:00Z,84379.1
2025-07-11T16:00:00Z,82716.0
2025-07-11T17:00:00Z,80727.1
2025-07-11T18:00:00Z,76196.9
2025-07-11T19:00:00Z,72270.6
2025-07-11T20:00:00Z,67069.7
2025-07-11T21:00:00Z,65226.5
2025-07-11T22:00:00Z,63126.7
2025-07-11T23:00:00Z,60893.3
2025-07-12T00:00:00Z,58016.9
2025-07-12T01:00:00Z,57654.7
2025-07-12T02:00:00Z,58894.7
2025-07-12T03:00:00Z,64066.9
2025-07-12T04:00:00Z,64305.1
2025-07-12T05:00:00Z,70010.8
2025-07-12T06:00:00Z,71011.4
2025-07-12T07:00:00Z,74968.2
2025-07-12T08:00:00Z,76975.4
2025-07-12T09:00:00Z,80627.6
2025-07-12T10:00:00Z,85327.3
2025-07-12T11:00:00Z,84906.1
2025-07-12T12:00:00Z,83057.5
2025-07-12T13:00:00Z,86522.5
2025-07-12T14:00:00Z,82460.3
2025-07-12T15:00:00Z,80786.6
2025-07-12T16:00:00Z,78339.6
2025-07-12T17:00:00Z,72858.3
2025-07-12T18:00:00Z,73203.7
2025-07-12T19:00:00Z,69303.0
2025-07-12T20:00:00Z,64079.0
2025-07-12T21:00:00Z,61985.9
2025-07-12T22:00:00Z,59032.3
2025-07-12T23:00:00Z,57284.8
2025-07-13T00:00:00Z,57518.4
2025-07-13T01:00:00Z,56598.3
2025-07-13T02:00:00Z,59182.4
2025-07-13T03:00:00Z,61216.3
2025-07-13T04:00:00Z,66952.3
2025-07-13T05:00:00Z,66411.0
2025-07-13T06:00:00Z,73162.7
2025-07-13T07:00:00Z,76131.1
2025-07-13T08:00:00Z,78833.8
2025-07-13T09:00:00Z,80851.2
2025-07-13T10:00:00Z,85843.1
2025-07-13T11:00:00Z,86830.1
2025-07-13T12:00:00Z,85572.2
2025-07-13T13:00:00Z,84919.7
2025-07-13T14:00:00Z,83975.0
2025-07-13T15:00:00Z,83652.8
2025-07-13T16:00:00Z,77613.6
2025-07-13T17:00:00Z,75402.0
2025-07-13T18:00:00Z,73016.0
2025-07-13T19:00:00Z,66497.4
2025-07-13T20:00:00Z,64649.9
2025-07-13T21:00:00Z,63148.9
2025-07-13T22:00:00Z,59145.3
2025-07-13T23:00:00Z,58130.5
2025-07-14T00:00:00Z,60157.0
2025-07-14T01:00:00Z,62856.5
2025-07-14T02:00:00Z,62447.0
2025-07-14T03:00:00Z,65569.3
2025-07-14T04:00:00Z,69291.3
2025-07-14T05:00:00Z,71612.9
2025-07-14T06:00:00Z,76864.5
2025-07-14T07:00:00Z,80288.2
2025-07-14T08:00:00Z,83378.5
2025-07-14T09:00:00Z,86836.4
2025-07-14T10:00:00Z,87724.1
2025-07-14T11:00:00Z,86813.6
2025-07-14T12:00:00Z,90773.3
2025-07-14T13:00:00Z,90197.8
2025-07-14T14:00:00Z,87365.6
2025-07-14T15:00:00Z,84732.6
2025-07-14T16:00:00Z,84153.4
2025-07-14T17:00:00Z,78913.8
2025-07-14T18:00:00Z,75412.5
2025-07-14T19:00:00Z,71737.3
2025-07-14T20:00:00Z,71591.9
2025-07-14T21:00:00Z,65178.7
2025-07-14T22:00:00Z,60799.6
2025-07-14T23:00:00Z,62254.5
2025-07-15T00:00:00Z,60986.7
2025-07-15T01:00:00Z,60620.9
2025-07-15T02:00:00Z,64157.7
2025-07-15T03:00:00Z,65594.8
2025-07-15T04:00:00Z,70096.6
2025-07-15T05:00:00Z,72049.2
2025-07-15T06:00:00Z,77396.2
2025-07-15T07:00:00Z,80763.7
2025-07-15T08:00:00Z,83015.5
2025-07-15T09:00:00Z,86754.6
2025-07-15T10:00:00Z,90160.3
2025-07-15T11:00:00Z,90258.5
2025-07-15T12:00:00Z,88289.9
2025-07-15T13:00:00Z,89555.1
2025-07-15T14:00:00Z,88310.5
2025-07-15T15:00:00Z,87299.6
2025-07-15T16:00:00Z,82831.0
2025-07-15T17:00:00Z,80919.2
2025-07-15T18:00:00Z,75873.4
2025-07-15T19:00:00Z,72449.2
2025-07-15T20:00:00Z,68788.2
2025-07-15T21:00:00Z,66187.3
2025-07-15T22:00:00Z,63793.9
2025-07-15T23:00:00Z,62959.2
2025-07-16T00:00:00Z,61506.4
2025-07-16T01:00:00Z,61654.0
2025-07-16T02:00:00Z,64143.5
2025-07-16T03:00:00Z,66622.9
2025-07-16T04:00:00Z,68868.0
2025-07-16T05:00:00Z,73148.1
2025-07-16T06:00:00Z,76669.3
2025-07-16T07:00:00Z,81824.6
2025-07-16T08:00:00Z,81561.8
2025-07-16T09:00:00Z,88395.2
2025-07-16T10:00:00Z,85630.8
2025-07-16T11:00:00Z,87668.9
2025-07-16T12:00:00Z,90470.9
2025-07-16T13:00:00Z,88586.5
2025-07-16T14:00:00Z,87935.6
2025-07-16T15:00:00Z,85551.4
2025-07-16T16:00:00Z,81668.8
2025-07-16T17:00:00Z,78237.4
2025-07-16T18:00:00Z,75760.6
2025-07-16T19:00:00Z,73008.0
2025-07-16T20:00:00Z,69930.6
2025-07-16T21:00:00Z,66550.7
2025-07-16T22:00:00Z,63767.7
2025-07-16T23:00:00Z,64123.4
2025-07-17T00:00:00Z,60062.1
2025-07-17T01:00:00Z,63076.1
2025-07-17T02:00:00Z,65893.3
2025-07-17T03:00:00Z,68500.4
2025-07-17T04:00:00Z,70915.0
2025-07-17T05:00:00Z,74440.2
2025-07-17T06:00:00Z,77687.2
2025-07-17T07:00:00Z,80258.4
2025-07-17T08:00:00Z,80893.6
2025-07-17T09:00:00Z,85769.1
2025-07-17T10:00:00Z,88249.1
2025-07-17T11:00:00Z,91775.6
2025-07-17T12:00:00Z,89941.4
2025-07-17T13:00:00Z,89558.2
2025-07-17T14:00:00Z,89333.8
2025-07-17T15:00:00Z,85253.1
2025-07-17T16:00:00Z,83526.9
2025-07-17T17:00:00Z,80770.1
2025-07-17T18:00:00Z,76160.9
2025-07-17T19:00:00Z,72861.5
2025-07-17T20:00:00Z,67531.5
2025-07-17T21:00:00Z,65262.3
2025-07-17T22:00:00Z,64187.5
2025-07-17T23:00:00Z,64401.8
2025-07-18T00:00:00Z,62243.9
2025-07-18T01:00:00Z,62313.8
2025-07-18T02:00:00Z,63843.1
2025-07-18T03:00:00Z,67732.1
2025-07-18T04:00:00Z,68214.1
2025-07-18T05:00:00Z,73405.3
2025-07-18T06:00:00Z,76398.1
2025-07-18T07:00:00Z,80498.1
2025-07-18T08:00:00Z,82915.4
2025-07-18T09:00:00Z,86761.8
2025-07-18T10:00:00Z,90437.5
2025-07-18T11:00:00Z,89934.3
2025-07-18T12:00:00Z,90171.7
2025-07-18T13:00:00Z,87308.7
2025-07-18T14:00:00Z,89423.6
2025-07-18T15:00:00Z,85922.8
2025-07-18T16:00:00Z,84224.7
2025-07-18T17:00:00Z,80555.2
2025-07-18T18:00:00Z,75914.4
2025-07-18T19:00:00Z,72482.6
2025-07-18T20:00:00Z,68320.5
2025-07-18T21:00:00Z,69286.0
2025-07-18T22:00:00Z,65853.9
2025-07-18T23:00:00Z,64353.7
2025-07-19T00:00:00Z,60731.7
2025-07-19T01:00:00Z,61433.1
2025-07-19T02:00:00Z,62218.9
2025-07-19T03:00:00Z,64627.7
2025-07-19T04:00:00Z,69191.1
2025-07-19T05:00:00Z,67721.1
2025-07-19T06:00:00Z,73535.6
2025-07-19T07:00:00Z,76198.2
2025-07-19T08:00:00Z,80344.7
2025-07-19T09:00:00Z,80258.3
2025-07-19T10:00:00Z,84134.7
2025-07-19T11:00:00Z,87710.7
2025-07-19T12:00:00Z,85802.4
2025-07-19T13:00:00Z,87419.2
2025-07-19T14:00:00Z,84437.8
2025-07-19T15:00:00Z,82991.0
2025-07-19T16:00:00Z,78559.0
2025-07-19T17:00:00Z,76239.4
2025-07-19T18:00:00Z,71610.1
2025-07-19T19:00:00Z,70385.8
2025-07-19T20:00:00Z,64389.0
2025-07-19T21:00:00Z,63899.4
2025-07-19T22:00:00Z,60684.2
2025-07-19T23:00:00Z,59736.7
2025-07-20T00:00:00Z,61408.5
2025-07-20T01:00:00Z,59940.1
2025-07-20T02:00:00Z,60894.6
2025-07-20T03:00:00Z,63865.0
2025-07-20T04:00:00Z,67545.3
2025-07-20T05:00:00Z,69469.7
2025-07-20T06:00:00Z,75672.8
2025-07-20T07:00:00Z,77517.6
2025-07-20T08:00:00Z,80264.2
2025-07-20T09:00:00Z,82809.3
2025-07-20T10:00:00Z,85606.7
2025-07-20T11:00:00Z,87826.5
2025-07-20T12:00:00Z,88874.2
2025-07-20T13:00:00Z,87273.4
2025-07-20T14:00:00Z,85120.8
2025-07-20T15:00:00Z,83539.1
2025-07-20T16:00:00Z,78280.6
2025-07-20T17:00:00Z,78644.8
2025-07-20T18:00:00Z,74719.7
2025-07-20T19:00:00Z,69938.1
2025-07-20T20:00:00Z,67622.0
2025-07-20T21:00:00Z,62800.4
2025-07-20T22:00:00Z,63826.8
2025-07-20T23:00:00Z,60227.4
2025-07-21T00:00:00Z,63592.6
2025-07-21T01:00:00Z,67026.6
2025-07-21T02:00:00Z,64959.4
2025-07-21T03:00:00Z,68796.1
2025-07-21T04:00:00Z,70249.7
2025-07-21T05:00:00Z,73967.9
2025-07-21T06:00:00Z,77879.8
2025-07-21T07:00:00Z,81148.9
2025-07-21T08:00:00Z,86868.1
2025-07-21T09:00:00Z,89333.1
2025-07-21T10:00:00Z,89627.3
2025-07-21T11:00:00Z,94430.5
2025-07-21T12:00:00Z,92101.3
2025-07-21T13:00:00Z,91470.7
2025-07-21T14:00:00Z,90748.6
2025-07-21T15:00:00Z,86880.1
2025-07-21T16:00:00Z,86738.6
2025-07-21T17:00:00Z,80775.0
2025-07-21T18:00:00Z,76765.5
2025-07-21T19:00:00Z,75829.5
2025-07-21T20:00:00Z,70178.4
2025-07-21T21:00:00Z,68051.5
2025-07-21T22:00:00Z,64724.4
2025-07-21T23:00:00Z,64204.4
2025-07-22T00:00:00Z,64640.7
2025-07-22T01:00:00Z,62216.9
2025-07-22T02:00:00Z,66275.2
2025-07-22T03:00:00Z,67631.9
2025-07-22T04:00:00Z,73048.8
2025-07-22T05:00:00Z,77118.8
2025-07-22T06:00:00Z,78986.4
2025-07-22T07:00:00Z,82657.0
2025-07-22T08:00:00Z,86543.3
2025-07-22T09:00:00Z,89429.3
2025-07-22T10:00:00Z,88755.3
2025-07-22T11:00:00Z,90267.3
2025-07-22T12:00:00Z,91682.6
2025-07-22T13:00:00Z,90157.4
2025-07-22T14:00:00Z,89972.6
2025-07-22T15:00:00Z,88254.7
2025-07-22T16:00:00Z,84322.7
2025-07-22T17:00:00Z,82417.9
2025-07-22T18:00:00Z,79933.1
2025-07-22T19:00:00Z,74724.4
2025-07-22T20:00:00Z,71805.0
2025-07-22T21:00:00Z,68380.4
2025-07-22T22:00:00Z,66112.3
2025-07-22T23:00:00Z,64218.5
2025-07-23T00:00:00Z,63332.0
2025-07-23T01:00:00Z,65743.2
2025-07-23T02:00:00Z,67732.4
2025-07-23T03:00:00Z,68640.2
2025-07-23T04:00:00Z,71688.0
2025-07-23T05:00:00Z,73348.2
2025-07-23T06:00:00Z,78247.6
2025-07-23T07:00:00Z,82469.2
2025-07-23T08:00:00Z,85362.6
2025-07-23T09:00:00Z,88419.5
2025-07-23T10:00:00Z,89409.5
2025-07-23T11:00:00Z,90489.4
2025-07-23T12:00:00Z,92133.7
2025-07-23T13:00:00Z,93651.7
2025-07-23T14:00:00Z,90112.5
2025-07-23T15:00:00Z,86619.9
2025-07-23T16:00:00Z,84698.0
2025-07-23T17:00:00Z,81855.9
2025-07-23T18:00:00Z,79877.8
2025-07-23T19:00:00Z,76124.7
2025-07-23T20:00:00Z,70611.4
2025-07-23T21:00:00Z,67491.3
2025-07-23T22:00:00Z,66138.8
2025-07-23T23:00:00Z,65028.3
2025-07-24T00:00:00Z,63712.4
2025-07-24T01:00:00Z,66428.1
2025-07-24T02:00:00Z,66213.0
2025-07-24T03:00:00Z,69212.4
2025-07-24T04:00:00Z,71580.6
2025-07-24T05:00:00Z,75746.4
2025-07-24T06:00:00Z,78627.4
2025-07-24T07:00:00Z,82643.4
2025-07-24T08:00:00Z,87124.2
2025-07-24T09:00:00Z,88864.0
2025-07-24T10:00:00Z,92460.8
2025-07-24T11:00:00Z,90748.1
2025-07-24T12:00:00Z,92443.4
2025-07-24T13:00:00Z,90997.3
2025-07-24T14:00:00Z,89170.9
2025-07-24T15:00:00Z,88534.3
2025-07-24T16:00:00Z,87873.1
2025-07-24T17:00:00Z,82615.8
2025-07-24T18:00:00Z,79880.5
2025-07-24T19:00:00Z,72942.1
2025-07-24T20:00:00Z,72034.1
2025-07-24T21:00:00Z,67569.2
2025-07-24T22:00:00Z,66926.2
2025-07-24T23:00:00Z,66447.7
2025-07-25T00:00:00Z,64534.2
2025-07-25T01:00:00Z,66793.1
2025-07-25T02:00:00Z,66040.3
2025-07-25T03:00:00Z,69262.1
2025-07-25T04:00:00Z,71295.0
2025-07-25T05:00:00Z,75463.0
2025-07-25T06:00:00Z,78782.3
2025-07-25T07:00:00Z,80049.2
2025-07-25T08:00:00Z,85497.7
2025-07-25T09:00:00Z,88218.1
2025-07-25T10:00:00Z,92920.7
2025-07-25T11:00:00Z,89526.3
2025-07-25T12:00:00Z,92943.4
2025-07-25T13:00:00Z,93312.1
2025-07-25T14:00:00Z,93156.1
2025-07-25T15:00:00Z,90261.2
2025-07-25T16:00:00Z,85836.2
2025-07-25T17:00:00Z,84187.8
2025-07-25T18:00:00Z,78782.7
2025-07-25T19:00:00Z,75112.2
2025-07-25T20:00:00Z,71577.4
2025-07-25T21:00:00Z,68654.5
2025-07-25T22:00:00Z,68614.4
2025-07-25T23:00:00Z,63601.0
2025-07-26T00:00:00Z,59652.1
2025-07-26T01:00:00Z,62978.9
2025-07-26T02:00:00Z,63813.7
2025-07-26T03:00:00Z,66467.4
2025-07-26T04:00:00Z,68075.0
2025-07-26T05:00:00Z,72476.9
2025-07-26T06:00:00Z,75039.4
2025-07-26T07:00:00Z,78329.0
2025-07-26T08:00:00Z,81763.1
2025-07-26T09:00:00Z,85299.0
2025-07-26T10:00:00Z,87428.0
2025-07-26T11:00:00Z,88283.9
2025-07-26T12:00:00Z,91019.7
2025-07-26T13:00:00Z,89242.9
2025-07-26T14:00:00Z,86939.7
2025-07-26T15:00:00Z,83619.9
2025-07-26T16:00:00Z,82149.7
2025-07-26T17:00:00Z,77010.8
2025-07-26T18:00:00Z,74249.2
2025-07-26T19:00:00Z,70347.3
2025-07-26T20:00:00Z,67283.1
2025-07-26T21:00:00Z,65612.5
2025-07-26T22:00:00Z,59476.5
2025-07-26T23:00:00Z,63452.1
2025-07-27T00:00:00Z,62087.8
2025-07-27T01:00:00Z,61546.8
2025-07-27T02:00:00Z,62728.7
2025-07-27T03:00:00Z,66469.5
2025-07-27T04:00:00Z,68389.9
2025-07-27T05:00:00Z,73867.3
2025-07-27T06:00:00Z,75307.5
2025-07-27T07:00:00Z,78010.9
2025-07-27T08:00:00Z,80797.6
2025-07-27T09:00:00Z,85202.0
2025-07-27T10:00:00Z,88709.8
2025-07-27T11:00:00Z,87516.9
2025-07-27T12:00:00Z,90845.4
2025-07-27T13:00:00Z,89880.3
2025-07-27T14:00:00Z,87167.3
2025-07-27T15:00:00Z,86789.4
2025-07-27T16:00:00Z,80431.6
2025-07-27T17:00:00Z,76568.1
2025-07-27T18:00:00Z,75794.1
2025-07-27T19:00:00Z,72357.3
2025-07-27T20:00:00Z,68950.5
2025-07-27T21:00:00Z,65589.2
2025-07-27T22:00:00Z,61740.0
2025-07-27T23:00:00Z,62667.3
2025-07-28T00:00:00Z,65307.1
2025-07-28T01:00:00Z,67201.8
2025-07-28T02:00:00Z,67832.6
2025-07-28T03:00:00Z,68463.7
2025-07-28T04:00:00Z,73382.7
2025-07-28T05:00:00Z,76967.0
2025-07-28T06:00:00Z,80561.1
2025-07-28T07:00:00Z,82436.4
2025-07-28T08:00:00Z,85408.9
2025-07-28T09:00:00Z,90406.4
2025-07-28T10:00:00Z,91634.5
2025-07-28T11:00:00Z,92959.6
2025-07-28T12:00:00Z,94722.3
2025-07-28T13:00:00Z,94311.2
2025-07-28T14:00:00Z,92292.4
2025-07-28T15:00:00Z,89246.1
2025-07-28T16:00:00Z,88349.0
2025-07-28T17:00:00Z,82065.0
2025-07-28T18:00:00Z,79655.3
2025-07-28T19:00:00Z,76430.7
2025-07-28T20:00:00Z,71111.0
2025-07-28T21:00:00Z,68990.3
2025-07-28T22:00:00Z,68619.0
2025-07-28T23:00:00Z,66123.4
2025-07-29T00:00:00Z,64811.5
2025-07-29T01:00:00Z,68434.8
2025-07-29T02:00:00Z,68119.2
2025-07-29T03:00:00Z,70238.3
2025-07-29T04:00:00Z,75116.4
2025-07-29T05:00:00Z,74656.8
2025-07-29T06:00:00Z,79344.3
2025-07-29T07:00:00Z,82506.9
2025-07-29T08:00:00Z,88452.9
2025-07-29T09:00:00Z,88864.7
2025-07-29T10:00:00Z,94749.0
2025-07-29T11:00:00Z,93968.4
2025-07-29T12:00:00Z,94245.0
2025-07-29T13:00:00Z,94549.5
2025-07-29T14:00:00Z,91777.0
2025-07-29T15:00:00Z,88766.3
2025-07-29T16:00:00Z,86231.8
2025-07-29T17:00:00Z,83605.5
2025-07-29T18:00:00Z,78839.3
2025-07-29T19:00:00Z,76524.1
2025-07-29T20:00:00Z,72275.8
2025-07-29T21:00:00Z,69886.9
2025-07-29T22:00:00Z,67828.9
2025-07-29T23:00:00Z,68368.4
2025-07-30T00:00:00Z,69022.3
2025-07-30T01:00:00Z,69022.2
2025-07-30T02:00:00Z,68141.6
2025-07-30T03:00:00Z,69757.8
2025-07-30T04:00:00Z,74691.8
2025-07-30T05:00:00Z,78387.6
2025-07-30T06:00:00Z,81557.3
2025-07-30T07:00:00Z,83403.8
2025-07-30T08:00:00Z,87818.1
2025-07-30T09:00:00Z,90040.4
2025-07-30T10:00:00Z,93767.9
2025-07-30T11:00:00Z,95039.9
2025-07-30T12:00:00Z,94701.5
2025-07-30T13:00:00Z,93496.6
2025-07-30T14:00:00Z,94617.6
2025-07-30T15:00:00Z,90607.7
2025-07-30T16:00:00Z,88465.9
2025-07-30T17:00:00Z,84803.8
2025-07-30T18:00:00Z,81474.7
2025-07-30T19:00:00Z,78322.7
2025-07-30T20:00:00Z,73212.9
2025-07-30T21:00:00Z,70218.1
2025-07-30T22:00:00Z,69233.4
2025-07-30T23:00:00Z,63410.6
2025-07-31T00:00:00Z,66869.2
2025-07-31T01:00:00Z,66868.4
2025-07-31T02:00:00Z,69656.8
2025-07-31T03:00:00Z,71421.1
2025-07-31T04:00:00Z,73688.1
2025-07-31T05:00:00Z,75916.6
2025-07-31T06:00:00Z,80665.1
2025-07-31T07:00:00Z,84099.0
2025-07-31T08:00:00Z,87901.3
2025-07-31T09:00:00Z,90958.9
2025-07-31T10:00:00Z,92095.5
2025-07-31T11:00:00Z,94910.1
2025-07-31T12:00:00Z,94160.2
2025-07-31T13:00:00Z,94777.4
2025-07-31T14:00:00Z,93233.4
2025-07-31T15:00:00Z,92145.6
2025-07-31T16:00:00Z,87796.3
2025-07-31T17:00:00Z,86304.2
2025-07-31T18:00:00Z,80433.7
2025-07-31T19:00:00Z,76230.6
2025-07-31T20:00:00Z,74630.4
2025-07-31T21:00:00Z,69568.6
2025-07-31T22:00:00Z,69214.0
2025-07-31T23:00:00Z,67843.2
2025-08-01T00:00:00Z,67421.8
2025-08-01T01:00:00Z,68151.5
2025-08-01T02:00:00Z,69305.7
2025-08-01T03:00:00Z,72764.0
2025-08-01T04:00:00Z,74027.2
2025-08-01T05:00:00Z,75267.1
2025-08-01T06:00:00Z,80707.1
2025-08-01T07:00:00Z,85698.1
2025-08-01T08:00:00Z,89236.1
2025-08-01T09:00:00Z,91761.5
2025-08-01T10:00:00Z,93225.1
2025-08-01T11:00:00Z,93509.1
2025-08-01T12:00:00Z,96855.3
2025-08-01T13:00:00Z,93902.6
2025-08-01T14:00:00Z,91913.2
2025-08-01T15:00:00Z,88160.7
2025-08-01T16:00:00Z,90283.0
2025-08-01T17:00:00Z,84710.7
2025-08-01T18:00:00Z,78976.9
2025-08-01T19:00:00Z,78509.5
2025-08-01T20:00:00Z,74918.6
2025-08-01T21:00:00Z,69329.2
2025-08-01T22:00:00Z,69956.3
2025-08-01T23:00:00Z,67683.5
2025-08-02T00:00:00Z,64386.7
2025-08-02T01:00:00Z,65659.7
2025-08-02T02:00:00Z,64981.9
2025-08-02T03:00:00Z,70196.3
2025-08-02T04:00:00Z,70436.5
2025-08-02T05:00:00Z,73224.9
2025-08-02T06:00:00Z,78880.9
2025-08-02T07:00:00Z,80339.4
2025-08-02T08:00:00Z,84063.7
2025-08-02T09:00:00Z,88296.3
2025-08-02T10:00:00Z,88526.0
2025-08-02T11:00:00Z,89366.7
2025-08-02T12:00:00Z,91715.5
2025-08-02T13:00:00Z,90883.7
2025-08-02T14:00:00Z,88843.0
2025-08-02T15:00:00Z,88367.1
2025-08-02T16:00:00Z,83016.5
2025-08-02T17:00:00Z,81893.6
2025-08-02T18:00:00Z,76174.9
2025-08-02T19:00:00Z,74349.2
2025-08-02T20:00:00Z,69032.0
2025-08-02T21:00:00Z,68298.3
2025-08-02T22:00:00Z,65261.2
2025-08-02T23:00:00Z,63442.7
2025-08-03T00:00:00Z,63812.7
2025-08-03T01:00:00Z,64036.2
2025-08-03T02:00:00Z,66538.8
2025-08-03T03:00:00Z,67024.2
2025-08-03T04:00:00Z,71165.7
2025-08-03T05:00:00Z,73656.2
2025-08-03T06:00:00Z,76902.3
2025-08-03T07:00:00Z,80624.6
2025-08-03T08:00:00Z,83286.4
2025-08-03T09:00:00Z,87814.8
2025-08-03T10:00:00Z,89751.4
2025-08-03T11:00:00Z,91442.2
2025-08-03T12:00:00Z,89649.8
2025-08-03T13:00:00Z,90510.0
2025-08-03T14:00:00Z,91356.2
2025-08-03T15:00:00Z,88816.6
2025-08-03T16:00:00Z,84401.1
2025-08-03T17:00:00Z,81198.2
2025-08-03T18:00:00Z,77811.8
2025-08-03T19:00:00Z,75217.1
2025-08-03T20:00:00Z,72334.7
2025-08-03T21:00:00Z,68113.3
2025-08-03T22:00:00Z,65859.3
2025-08-03T23:00:00Z,64164.0
2025-08-04T00:00:00Z,68249.3
2025-08-04T01:00:00Z,70385.2
2025-08-04T02:00:00Z,68984.6
2025-08-04T03:00:00Z,72698.8
2025-08-04T04:00:00Z,73522.5
2025-08-04T05:00:00Z,76951.1
2025-08-04T06:00:00Z,79871.8
2025-08-04T07:00:00Z,84703.2
2025-08-04T08:00:00Z,90445.0
2025-08-04T09:00:00Z,93506.9
2025-08-04T10:00:00Z,94760.1
2025-08-04T11:00:00Z,95196.4
2025-08-04T12:00:00Z,96928.0
2025-08-04T13:00:00Z,94019.5
2025-08-04T14:00:00Z,92208.7
2025-08-04T15:00:00Z,90616.0
2025-08-04T16:00:00Z,88490.9
2025-08-04T17:00:00Z,83276.4
2025-08-04T18:00:00Z,80856.9
2025-08-04T19:00:00Z,80104.9
2025-08-04T20:00:00Z,74574.8
2025-08-04T21:00:00Z,71463.2
2025-08-04T22:00:00Z,68960.9
2025-08-04T23:00:00Z,69130.4
2025-08-05T00:00:00Z,68865.6
2025-08-05T01:00:00Z,68685.8
2025-08-05T02:00:00Z,69779.6
2025-08-05T03:00:00Z,69717.5
2025-08-05T04:00:00Z,73362.4
2025-08-05T05:00:00Z,77933.1
2025-08-05T06:00:00Z,81347.9
2025-08-05T07:00:00Z,85237.8
2025-08-05T08:00:00Z,88405.4
2025-08-05T09:00:00Z,93875.8
2025-08-05T10:00:00Z,95336.0
2025-08-05T11:00:00Z,94167.6
2025-08-05T12:00:00Z,96757.8
2025-08-05T13:00:00Z,95867.3
2025-08-05T14:00:00Z,93988.0
2025-08-05T15:00:00Z,91528.3
2025-08-05T16:00:00Z,89347.4
2025-08-05T17:00:00Z,87709.9
2025-08-05T18:00:00Z,81361.4
2025-08-05T19:00:00Z,78186.6
2025-08-05T20:00:00Z,74886.8
2025-08-05T21:00:00Z,70205.6
2025-08-05T22:00:00Z,69939.8
2025-08-05T23:00:00Z,67597.9
2025-08-06T00:00:00Z,68652.3
2025-08-06T01:00:00Z,69293.7
2025-08-06T02:00:00Z,72294.2
2025-08-06T03:00:00Z,72196.4
2025-08-06T04:00:00Z,75016.2
2025-08-06T05:00:00Z,79537.2
2025-08-06T06:00:00Z,84582.1
2025-08-06T07:00:00Z,86123.8
2025-08-06T08:00:00Z,89845.6
2025-08-06T09:00:00Z,92824.3
2025-08-06T10:00:00Z,94959.0
2025-08-06T11:00:00Z,95197.9
2025-08-06T12:00:00Z,95372.7
2025-08-06T13:00:00Z,95006.3
2025-08-06T14:00:00Z,93970.9
2025-08-06T15:00:00Z,92533.6
2025-08-06T16:00:00Z,88314.2
2025-08-06T17:00:00Z,85064.2
2025-08-06T18:00:00Z,82344.2
2025-08-06T19:00:00Z,78585.9
2025-08-06T20:00:00Z,75490.9
2025-08-06T21:00:00Z,71074.8
2025-08-06T22:00:00Z,72436.3
2025-08-06T23:00:00Z,68651.2
2025-08-07T00:00:00Z,68414.4
2025-08-07T01:00:00Z,68199.0
2025-08-07T02:00:00Z,71073.3
2025-08-07T03:00:00Z,73924.6
2025-08-07T04:00:00Z,75614.0
2025-08-07T05:00:00Z,78884.2
2025-08-07T06:00:00Z,82320.6
2025-08-07T07:00:00Z,88739.9
2025-08-07T08:00:00Z,90227.6
2025-08-07T09:00:00Z,91973.7
2025-08-07T10:00:00Z,94849.3
2025-08-07T11:00:00Z,97258.7
2025-08-07T12:00:00Z,96720.5
2025-08-07T13:00:00Z,96415.7
2025-08-07T14:00:00Z,94883.0
2025-08-07T15:00:00Z,92264.9
2025-08-07T16:00:00Z,90231.9
2025-08-07T17:00:00Z,88083.1
2025-08-07T18:00:00Z,83184.9
2025-08-07T19:00:00Z,78709.7
2025-08-07T20:00:00Z,74755.2
2025-08-07T21:00:00Z,72728.2
2025-08-07T22:00:00Z,69979.4
2025-08-07T23:00:00Z,68248.7
2025-08-08T00:00:00Z,69740.9
2025-08-08T01:00:00Z,69840.0
2025-08-08T02:00:00Z,72108.4
2025-08-08T03:00:00Z,73644.4
2025-08-08T04:00:00Z,75551.0
2025-08-08T05:00:00Z,80403.8
2025-08-08T06:00:00Z,83409.2
2025-08-08T07:00:00Z,88136.4
2025-08-08T08:00:00Z,88814.9
2025-08-08T09:00:00Z,92414.3
2025-08-08T10:00:00Z,95103.1
2025-08-08T11:00:00Z,98174.5
2025-08-08T12:00:00Z,97421.3
2025-08-08T13:00:00Z,95139.1
2025-08-08T14:00:00Z,94015.5
2025-08-08T15:00:00Z,93431.5
2025-08-08T16:00:00Z,88202.0
2025-08-08T17:00:00Z,85818.6
2025-08-08T18:00:00Z,82828.5
2025-08-08T19:00:00Z,78979.0
2025-08-08T20:00:00Z,76343.2
2025-08-08T21:00:00Z,74032.8
2025-08-08T22:00:00Z,71222.1
2025-08-08T23:00:00Z,68096.7
2025-08-09T00:00:00Z,66934.0
2025-08-09T01:00:00Z,67105.2
2025-08-09T02:00:00Z,66406.9
2025-08-09T03:00:00Z,69158.5
2025-08-09T04:00:00Z,70924.7
2025-08-09T05:00:00Z,77341.4
2025-08-09T06:00:00Z,78855.9
2025-08-09T07:00:00Z,83456.1
2025-08-09T08:00:00Z,86886.7
2025-08-09T09:00:00Z,90652.3
2025-08-09T10:00:00Z,91572.9
2025-08-09T11:00:00Z,92449.1
2025-08-09T12:00:00Z,93989.3
2025-08-09T13:00:00Z,93932.8
2025-08-09T14:00:00Z,90863.6
2025-08-09T15:00:00Z,89157.7
2025-08-09T16:00:00Z,84664.7
2025-08-09T17:00:00Z,84575.0
2025-08-09T18:00:00Z,78668.5
2025-08-09T19:00:00Z,76898.8
2025-08-09T20:00:00Z,73418.9
2025-08-09T21:00:00Z,70431.0
2025-08-09T22:00:00Z,68415.6
2025-08-09T23:00:00Z,65092.7
2025-08-10T00:00:00Z,66009.4
2025-08-10T01:00:00Z,65467.6
2025-08-10T02:00:00Z,67497.4
2025-08-10T03:00:00Z,69031.2
2025-08-10T04:00:00Z,75399.7
2025-08-10T05:00:00Z,76369.2
2025-08-10T06:00:00Z,80836.3
2025-08-10T07:00:00Z,82597.7
2025-08-10T08:00:00Z,88695.6
2025-08-10T09:00:00Z,89485.3
2025-08-10T10:00:00Z,91611.7
2025-08-10T11:00:00Z,92881.5
2025-08-10T12:00:00Z,91953.0
2025-08-10T13:00:00Z,90949.6
2025-08-10T14:00:00Z,92045.4
2025-08-10T15:00:00Z,88412.9
2025-08-10T16:00:00Z,86451.6
2025-08-10T17:00:00Z,85597.4
2025-08-10T18:00:00Z,79422.9
2025-08-10T19:00:00Z,78425.5
2025-08-10T20:00:00Z,73154.0
2025-08-10T21:00:00Z,68686.5
2025-08-10T22:00:00Z,68353.8
2025-08-10T23:00:00Z,67553.8
2025-08-11T00:00:00Z,70850.6
2025-08-11T01:00:00Z,69674.3
2025-08-11T02:00:00Z,70627.0
2025-08-11T03:00:00Z,75013.2
2025-08-11T04:00:00Z,79036.7
2025-08-11T05:00:00Z,82253.2
2025-08-11T06:00:00Z,83490.7
2025-08-11T07:00:00Z,87239.6
2025-08-11T08:00:00Z,91167.0
2025-08-11T09:00:00Z,94981.1
2025-08-11T10:00:00Z,96460.9
2025-08-11T11:00:00Z,97845.7
2025-08-11T12:00:00Z,97843.8
2025-08-11T13:00:00Z,94409.3
2025-08-11T14:00:00Z,94603.9
2025-08-11T15:00:00Z,93940.0
2025-08-11T16:00:00Z,89141.6
2025-08-11T17:00:00Z,89837.1
2025-08-11T18:00:00Z,83032.3
2025-08-11T19:00:00Z,81089.9
2025-08-11T20:00:00Z,78032.8
2025-08-11T21:00:00Z,75385.1
2025-08-11T22:00:00Z,70585.9
2025-08-11T23:00:00Z,70289.0
2025-08-12T00:00:00Z,72016.5
2025-08-12T01:00:00Z,70852.4
2025-08-12T02:00:00Z,73089.5
2025-08-12T03:00:00Z,71618.4
2025-08-12T04:00:00Z,77693.4
2025-08-12T05:00:00Z,80782.4
2025-08-12T06:00:00Z,84060.6
2025-08-12T07:00:00Z,85799.7
2025-08-12T08:00:00Z,90324.0
2025-08-12T09:00:00Z,93733.3
2025-08-12T10:00:00Z,95819.2
2025-08-12T11:00:00Z,96390.0
2025-08-12T12:00:00Z,99343.5
2025-08-12T13:00:00Z,98711.4
2025-08-12T14:00:00Z,95849.5
2025-08-12T15:00:00Z,95691.1
2025-08-12T16:00:00Z,89816.4
2025-08-12T17:00:00Z,88148.9
2025-08-12T18:00:00Z,86049.9
2025-08-12T19:00:00Z,81253.1
2025-08-12T20:00:00Z,77074.8
2025-08-12T21:00:00Z,74926.4
2025-08-12T22:00:00Z,72022.3
2025-08-12T23:00:00Z,70143.6
2025-08-13T00:00:00Z,69667.6
2025-08-13T01:00:00Z,71040.6
2025-08-13T02:00:00Z,72245.4
2025-08-13T03:00:00Z,74981.0
2025-08-13T04:00:00Z,76554.5
2025-08-13T05:00:00Z,81164.6
2025-08-13T06:00:00Z,85529.5
2025-08-13T07:00:00Z,87364.1
2025-08-13T08:00:00Z,93207.5
2025-08-13T09:00:00Z,93448.8
2025-08-13T10:00:00Z,95657.8
2025-08-13T11:00:00Z,97176.8
2025-08-13T12:00:00Z,96952.5
2025-08-13T13:00:00Z,96092.2
2025-08-13T14:00:00Z,95130.1
2025-08-13T15:00:00Z,93957.1
2025-08-13T16:00:00Z,90427.0
2025-08-13T17:00:00Z,89672.3
2025-08-13T18:00:00Z,84162.0
2025-08-13T19:00:00Z,80310.2
2025-08-13T20:00:00Z,76778.1
2025-08-13T21:00:00Z,75062.0
2025-08-13T22:00:00Z,72443.4
2025-08-13T23:00:00Z,71321.0
2025-08-14T00:00:00Z,71687.5
2025-08-14T01:00:00Z,72966.0
2025-08-14T02:00:00Z,71616.4
2025-08-14T03:00:00Z,75636.9
2025-08-14T04:00:00Z,77794.0
2025-08-14T05:00:00Z,81392.3
2025-08-14T06:00:00Z,84051.1
2025-08-14T07:00:00Z,89011.6
2025-08-14T08:00:00Z,92360.5
2025-08-14T09:00:00Z,94965.7
2025-08-14T10:00:00Z,95897.6
2025-08-14T11:00:00Z,98941.4
2025-08-14T12:00:00Z,97558.0
2025-08-14T13:00:00Z,96445.4
2025-08-14T14:00:00Z,97668.2
2025-08-14T15:00:00Z,94413.3
2025-08-14T16:00:00Z,89890.4
2025-08-14T17:00:00Z,87527.8
2025-08-14T18:00:00Z,84730.2
2025-08-14T19:00:00Z,82192.7
2025-08-14T20:00:00Z,77497.9
2025-08-14T21:00:00Z,73957.2
2025-08-14T22:00:00Z,71473.7
2025-08-14T23:00:00Z,69752.1
2025-08-15T00:00:00Z,70916.1
2025-08-15T01:00:00Z,70652.7
2025-08-15T02:00:00Z,73611.8
2025-08-15T03:00:00Z,74332.8
2025-08-15T04:00:00Z,79198.0
2025-08-15T05:00:00Z,81122.3
2025-08-15T06:00:00Z,85005.4
2025-08-15T07:00:00Z,88446.5
2025-08-15T08:00:00Z,91767.9
2025-08-15T09:00:00Z,96617.4
2025-08-15T10:00:00Z,96231.0
2025-08-15T11:00:00Z,97841.1
2025-08-15T12:00:00Z,98620.9
2025-08-15T13:00:00Z,99149.3
2025-08-15T14:00:00Z,95918.5
2025-08-15T15:00:00Z,96426.6
2025-08-15T16:00:00Z,90852.6
2025-08-15T17:00:00Z,87949.2
2025-08-15T18:00:00Z,85077.2
2025-08-15T19:00:00Z,81545.2
2025-08-15T20:00:00Z,76973.8
2025-08-15T21:00:00Z,76109.5
2025-08-15T22:00:00Z,74960.3
2025-08-15T23:00:00Z,71499.4
2025-08-16T00:00:00Z,68288.2
2025-08-16T01:00:00Z,68748.2
2025-08-16T02:00:00Z,72204.4
2025-08-16T03:00:00Z,71788.0
2025-08-16T04:00:00Z,74933.6
2025-08-16T05:00:00Z,77497.2
2025-08-16T06:00:00Z,81803.9
2025-08-16T07:00:00Z,84720.2
2025-08-16T08:00:00Z,87975.0
2025-08-16T09:00:00Z,90992.5
2025-08-16T10:00:00Z,94476.2
2025-08-16T11:00:00Z,94499.8
2025-08-16T12:00:00Z,96278.4
2025-08-16T13:00:00Z,94691.5
2025-08-16T14:00:00Z,94773.1
2025-08-16T15:00:00Z,89911.9
2025-08-16T16:00:00Z,87105.9
2025-08-16T17:00:00Z,85687.6
2025-08-16T18:00:00Z,83069.6
2025-08-16T19:00:00Z,77278.9
2025-08-16T20:00:00Z,72106.5
2025-08-16T21:00:00Z,72794.7
2025-08-16T22:00:00Z,69877.4
2025-08-16T23:00:00Z,67135.1
2025-08-17T00:00:00Z,69301.1
2025-08-17T01:00:00Z,69723.9
2025-08-17T02:00:00Z,68924.4
2025-08-17T03:00:00Z,71383.1
2025-08-17T04:00:00Z,75440.5
2025-08-17T05:00:00Z,78801.8
2025-08-17T06:00:00Z,83179.0
2025-08-17T07:00:00Z,85810.5
2025-08-17T08:00:00Z,90804.5
2025-08-17T09:00:00Z,91063.5
2025-08-17T10:00:00Z,92687.3
2025-08-17T11:00:00Z,94382.2
2025-08-17T12:00:00Z,94686.9
2025-08-17T13:00:00Z,94914.1
2025-08-17T14:00:00Z,92739.0
2025-08-17T15:00:00Z,92335.8
2025-08-17T16:00:00Z,89893.4
2025-08-17T17:00:00Z,87023.7
2025-08-17T18:00:00Z,81032.3
2025-08-17T19:00:00Z,76568.6
2025-08-17T20:00:00Z,74187.9
2025-08-17T21:00:00Z,71788.9
2025-08-17T22:00:00Z,68984.3
2025-08-17T23:00:00Z,68643.6
2025-08-18T00:00:00Z,72317.9
2025-08-18T01:00:00Z,72617.5
2025-08-18T02:00:00Z,72647.2
2025-08-18T03:00:00Z,76758.0
2025-08-18T04:00:00Z,77729.9
2025-08-18T05:00:00Z,79320.8
2025-08-18T06:00:00Z,85418.9
2025-08-18T07:00:00Z,90487.0
2025-08-18T08:00:00Z,92485.1
2025-08-18T09:00:00Z,93559.8
2025-08-18T10:00:00Z,97153.5
2025-08-18T11:00:00Z,100205.3
2025-08-18T12:00:00Z,99563.6
2025-08-18T13:00:00Z,98760.8
2025-08-18T14:00:00Z,96139.7
2025-08-18T15:00:00Z,95202.8
2025-08-18T16:00:00Z,91635.9
2025-08-18T17:00:00Z,90682.0
2025-08-18T18:00:00Z,85767.3
2025-08-18T19:00:00Z,82731.0
2025-08-18T20:00:00Z,76673.9
2025-08-18T21:00:00Z,75567.9
2025-08-18T22:00:00Z,74274.1
2025-08-18T23:00:00Z,73870.8
2025-08-19T00:00:00Z,73208.8
2025-08-19T01:00:00Z,71353.2
2025-08-19T02:00:00Z,76849.8
2025-08-19T03:00:00Z,75666.6
2025-08-19T04:00:00Z,78408.2
2025-08-19T05:00:00Z,81750.1
2025-08-19T06:00:00Z,84467.9
2025-08-19T07:00:00Z,88924.6
2025-08-19T08:00:00Z,91906.7
2025-08-19T09:00:00Z,95027.5
2025-08-19T10:00:00Z,96979.3
2025-08-19T11:00:00Z,98841.0
2025-08-19T12:00:00Z,100368.2
2025-08-19T13:00:00Z,98354.6
2025-08-19T14:00:00Z,96430.8
2025-08-19T15:00:00Z,96155.0
2025-08-19T16:00:00Z,92600.7
2025-08-19T17:00:00Z,90046.9
2025-08-19T18:00:00Z,84666.9
2025-08-19T19:00:00Z,81956.8
2025-08-19T20:00:00Z,77807.8
2025-08-19T21:00:00Z,74366.2
2025-08-19T22:00:00Z,73071.3
2025-08-19T23:00:00Z,72086.1
2025-08-20T00:00:00Z,72335.5
2025-08-20T01:00:00Z,71154.4
2025-08-20T02:00:00Z,74690.6
2025-08-20T03:00:00Z,77254.9
2025-08-20T04:00:00Z,79318.6
2025-08-20T05:00:00Z,81841.8
2025-08-20T06:00:00Z,84979.8
2025-08-20T07:00:00Z,90606.0
2025-08-20T08:00:00Z,91971.1
2025-08-20T09:00:00Z,97193.8
2025-08-20T10:00:00Z,95945.6
2025-08-20T11:00:00Z,97227.0
2025-08-20T12:00:00Z,100318.1
2025-08-20T13:00:00Z,97968.0
2025-08-20T14:00:00Z,99085.1
2025-08-20T15:00:00Z,95281.0
2025-08-20T16:00:00Z,92316.9
2025-08-20T17:00:00Z,89879.5
2025-08-20T18:00:00Z,87141.3
2025-08-20T19:00:00Z,83267.3
2025-08-20T20:00:00Z,78784.9
2025-08-20T21:00:00Z,75745.1
2025-08-20T22:00:00Z,74805.6
2025-08-20T23:00:00Z,71665.8
2025-08-21T00:00:00Z,71256.5
2025-08-21T01:00:00Z,71785.0
2025-08-21T02:00:00Z,77794.2
2025-08-21T03:00:00Z,78071.7
2025-08-21T04:00:00Z,79892.3
2025-08-21T05:00:00Z,82341.5
2025-08-21T06:00:00Z,86925.7
2025-08-21T07:00:00Z,88146.8
2025-08-21T08:00:00Z,93028.8
2025-08-21T09:00:00Z,97216.2
2025-08-21T10:00:00Z,98649.8
2025-08-21T11:00:00Z,98542.4
2025-08-21T12:00:00Z,100227.7
2025-08-21T13:00:00Z,99614.7
2025-08-21T14:00:00Z,99978.5
2025-08-21T15:00:00Z,97169.6
2025-08-21T16:00:00Z,93560.0
2025-08-21T17:00:00Z,92462.6
2025-08-21T18:00:00Z,85910.5
2025-08-21T19:00:00Z,84170.6
2025-08-21T20:00:00Z,80052.1
2025-08-21T21:00:00Z,76551.8
2025-08-21T22:00:00Z,73898.3
2025-08-21T23:00:00Z,73646.7
2025-08-22T00:00:00Z,74523.1
2025-08-22T01:00:00Z,71518.2
2025-08-22T02:00:00Z,74826.6
2025-08-22T03:00:00Z,77954.3
2025-08-22T04:00:00Z,78934.7
2025-08-22T05:00:00Z,82366.1
2025-08-22T06:00:00Z,88351.6
2025-08-22T07:00:00Z,90116.2
2025-08-22T08:00:00Z,93313.3
2025-08-22T09:00:00Z,97104.3
2025-08-22T10:00:00Z,99173.6
2025-08-22T11:00:00Z,100880.3
2025-08-22T12:00:00Z,101361.3
2025-08-22T13:00:00Z,101859.1
2025-08-22T14:00:00Z,99294.8
2025-08-22T15:00:00Z,97669.9
2025-08-22T16:00:00Z,92906.8
2025-08-22T17:00:00Z,90678.9
2025-08-22T18:00:00Z,86241.1
2025-08-22T19:00:00Z,84825.0
2025-08-22T20:00:00Z,80217.0
2025-08-22T21:00:00Z,78325.0
2025-08-22T22:00:00Z,74542.8
2025-08-22T23:00:00Z,72367.8
2025-08-23T00:00:00Z,70146.4
2025-08-23T01:00:00Z,69591.2
2025-08-23T02:00:00Z,69519.1
2025-08-23T03:00:00Z,73024.8
2025-08-23T04:00:00Z,75378.9
2025-08-23T05:00:00Z,81146.2
2025-08-23T06:00:00Z,83108.2
2025-08-23T07:00:00Z,87576.8
2025-08-23T08:00:00Z,90743.2
2025-08-23T09:00:00Z,94402.9
2025-08-23T10:00:00Z,95785.7
2025-08-23T11:00:00Z,97233.4
2025-08-23T12:00:00Z,97595.9
2025-08-23T13:00:00Z,95177.4
2025-08-23T14:00:00Z,95266.7
2025-08-23T15:00:00Z,91690.3
2025-08-23T16:00:00Z,88817.6
2025-08-23T17:00:00Z,86828.9
2025-08-23T18:00:00Z,81172.3
2025-08-23T19:00:00Z,79231.5
2025-08-23T20:00:00Z,77191.5
2025-08-23T21:00:00Z,73123.0
2025-08-23T22:00:00Z,71789.0
2025-08-23T23:00:00Z,68378.4
2025-08-24T00:00:00Z,69251.0
2025-08-24T01:00:00Z,66850.1
2025-08-24T02:00:00Z,69879.0
2025-08-24T03:00:00Z,72547.5
2025-08-24T04:00:00Z,78133.1
2025-08-24T05:00:00Z,81744.0
2025-08-24T06:00:00Z,80992.2
2025-08-24T07:00:00Z,86283.8
2025-08-24T08:00:00Z,89271.1
2025-08-24T09:00:00Z,94756.6
2025-08-24T10:00:00Z,96159.9
2025-08-24T11:00:00Z,96209.4
2025-08-24T12:00:00Z,97977.5
2025-08-24T13:00:00Z,97935.5
2025-08-24T14:00:00Z,94498.2
2025-08-24T15:00:00Z,94117.6
2025-08-24T16:00:00Z,90777.4
2025-08-24T17:00:00Z,87646.3
2025-08-24T18:00:00Z,81320.0
2025-08-24T19:00:00Z,79521.3
2025-08-24T20:00:00Z,73610.6
2025-08-24T21:00:00Z,73721.2
2025-08-24T22:00:00Z,70283.4
2025-08-24T23:00:00Z,71273.4
2025-08-25T00:00:00Z,75018.2
2025-08-25T01:00:00Z,71999.6
2025-08-25T02:00:00Z,77014.9
2025-08-25T03:00:00Z,77011.7
2025-08-25T04:00:00Z,81498.7
2025-08-25T05:00:00Z,83929.9
2025-08-25T06:00:00Z,86982.1
2025-08-25T07:00:00Z,90700.0
2025-08-25T08:00:00Z,93794.2
2025-08-25T09:00:00Z,98821.2
2025-08-25T10:00:00Z,99528.3
2025-08-25T11:00:00Z,99694.4
2025-08-25T12:00:00Z,102039.4
2025-08-25T13:00:00Z,100282.9
2025-08-25T14:00:00Z,100014.6
2025-08-25T15:00:00Z,96348.6
2025-08-25T16:00:00Z,94726.9
2025-08-25T17:00:00Z,89938.9
2025-08-25T18:00:00Z,86484.7
2025-08-25T19:00:00Z,84137.8
2025-08-25T20:00:00Z,81411.0
2025-08-25T21:00:00Z,77733.9
2025-08-25T22:00:00Z,75255.1
2025-08-25T23:00:00Z,76894.4
2025-08-26T00:00:00Z,73590.0
2025-08-26T01:00:00Z,71302.0
2025-08-26T02:00:00Z,76242.9
2025-08-26T03:00:00Z,77157.9
2025-08-26T04:00:00Z,78995.1
2025-08-26T05:00:00Z,85200.3
2025-08-26T06:00:00Z,88581.6
2025-08-26T07:00:00Z,90808.2
2025-08-26T08:00:00Z,94029.3
2025-08-26T09:00:00Z,97459.0
2025-08-26T10:00:00Z,100848.1
2025-08-26T11:00:00Z,100032.2
2025-08-26T12:00:00Z,103073.0
2025-08-26T13:00:00Z,101375.6
2025-08-26T14:00:00Z,100177.8
2025-08-26T15:00:00Z,99255.0
2025-08-26T16:00:00Z,94323.2
2025-08-26T17:00:00Z,91996.9
2025-08-26T18:00:00Z,87725.2
2025-08-26T19:00:00Z,80698.5
2025-08-26T20:00:00Z,80517.5
2025-08-26T21:00:00Z,77850.7
2025-08-26T22:00:00Z,75400.5
2025-08-26T23:00:00Z,75574.2
2025-08-27T00:00:00Z,73367.9
2025-08-27T01:00:00Z,74971.4
2025-08-27T02:00:00Z,76177.8
2025-08-27T03:00:00Z,78502.5
2025-08-27T04:00:00Z,78937.2
2025-08-27T05:00:00Z,83707.6
2025-08-27T06:00:00Z,87279.2
2025-08-27T07:00:00Z,93227.3
2025-08-27T08:00:00Z,94379.7
2025-08-27T09:00:00Z,98353.0
2025-08-27T10:00:00Z,100136.2
2025-08-27T11:00:00Z,99665.0
2025-08-27T12:00:00Z,100432.5
2025-08-27T13:00:00Z,101525.7
2025-08-27T14:00:00Z,100662.3
2025-08-27T15:00:00Z,99410.3
2025-08-27T16:00:00Z,94441.0
2025-08-27T17:00:00Z,89927.8
2025-08-27T18:00:00Z,87688.8
2025-08-27T19:00:00Z,82610.7
2025-08-27T20:00:00Z,82341.8
2025-08-27T21:00:00Z,77542.5
2025-08-27T22:00:00Z,75644.8
2025-08-27T23:00:00Z,76410.0
2025-08-28T00:00:00Z,74536.3
2025-08-28T01:00:00Z,73075.9
2025-08-28T02:00:00Z,76425.6
2025-08-28T03:00:00Z,77377.2
2025-08-28T04:00:00Z,79589.4
2025-08-28T05:00:00Z,83402.8
2025-08-28T06:00:00Z,86355.0
2025-08-28T07:00:00Z,92144.4
2025-08-28T08:00:00Z,93932.9
2025-08-28T09:00:00Z,97327.9
2025-08-28T10:00:00Z,101170.5
2025-08-28T11:00:00Z,101165.7
2025-08-28T12:00:00Z,101326.3
2025-08-28T13:00:00Z,101548.2
2025-08-28T14:00:00Z,99365.4
2025-08-28T15:00:00Z,97884.3
2025-08-28T16:00:00Z,94692.1
2025-08-28T17:00:00Z,92564.2
2025-08-28T18:00:00Z,87572.6
2025-08-28T19:00:00Z,83381.4
2025-08-28T20:00:00Z,80579.0
2025-08-28T21:00:00Z,75693.8
2025-08-28T22:00:00Z,75746.8
2025-08-28T23:00:00Z,75440.2
2025-08-29T00:00:00Z,76493.2
2025-08-29T01:00:00Z,75190.1
2025-08-29T02:00:00Z,77580.3
2025-08-29T03:00:00Z,76283.3
2025-08-29T04:00:00Z,82791.8
2025-08-29T05:00:00Z,85124.9
2025-08-29T06:00:00Z,89597.4
2025-08-29T07:00:00Z,91271.9
2025-08-29T08:00:00Z,95668.2
2025-08-29T09:00:00Z,98282.4
2025-08-29T10:00:00Z,99802.1
2025-08-29T11:00:00Z,101552.6
2025-08-29T12:00:00Z,103830.1
2025-08-29T13:00:00Z,99956.1
2025-08-29T14:00:00Z,99902.9
2025-08-29T15:00:00Z,98599.2
2025-08-29T16:00:00Z,96765.7
2025-08-29T17:00:00Z,90588.7
2025-08-29T18:00:00Z,86719.8
2025-08-29T19:00:00Z,82343.2
2025-08-29T20:00:00Z,81595.2
2025-08-29T21:00:00Z,78162.6
2025-08-29T22:00:00Z,76116.7
2025-08-29T23:00:00Z,74652.9
2025-08-30T00:00:00Z,68647.9
2025-08-30T01:00:00Z,72342.8
2025-08-30T02:00:00Z,73566.3
2025-08-30T03:00:00Z,73222.6
2025-08-30T04:00:00Z,76793.7
2025-08-30T05:00:00Z,79867.9
2025-08-30T06:00:00Z,83669.5
2025-08-30T07:00:00Z,90232.6
2025-08-30T08:00:00Z,92612.5
2025-08-30T09:00:00Z,93219.5
2025-08-30T10:00:00Z,98913.5
2025-08-30T11:00:00Z,98572.3
2025-08-30T12:00:00Z,98723.3
2025-08-30T13:00:00Z,97140.8
2025-08-30T14:00:00Z,95827.7
2025-08-30T15:00:00Z,94277.9
2025-08-30T16:00:00Z,94841.1
2025-08-30T17:00:00Z,87041.9
2025-08-30T18:00:00Z,83818.9
2025-08-30T19:00:00Z,82034.0
2025-08-30T20:00:00Z,77887.8
2025-08-30T21:00:00Z,73907.8
2025-08-30T22:00:00Z,75668.2
2025-08-30T23:00:00Z,70932.6
2025-08-31T00:00:00Z,70265.1
2025-08-31T01:00:00Z,71194.8
2025-08-31T02:00:00Z,73460.9
2025-08-31T03:00:00Z,75794.2
2025-08-31T04:00:00Z,79026.4
2025-08-31T05:00:00Z,81622.3
2025-08-31T06:00:00Z,84408.8
2025-08-31T07:00:00Z,90112.6
2025-08-31T08:00:00Z,91678.9
2025-08-31T09:00:00Z,94114.3
2025-08-31T10:00:00Z,97806.3
2025-08-31T11:00:00Z,99719.6
2025-08-31T12:00:00Z,98309.0
2025-08-31T13:00:00Z,97819.3
2025-08-31T14:00:00Z,96771.8
2025-08-31T15:00:00Z,93896.7
2025-08-31T16:00:00Z,91448.4
2025-08-31T17:00:00Z,89377.0
2025-08-31T18:00:00Z,85648.9
2025-08-31T19:00:00Z,78552.9
2025-08-31T20:00:00Z,79637.4
2025-08-31T21:00:00Z,76640.9
2025-08-31T22:00:00Z,71609.4
2025-08-31T23:00:00Z,73115.1
2025-09-01T00:00:00Z,73578.3
2025-09-01T01:00:00Z,77204.0
2025-09-01T02:00:00Z,76351.9
2025-09-01T03:00:00Z,79754.0
2025-09-01T04:00:00Z,82315.1
2025-09-01T05:00:00Z,86130.1
2025-09-01T06:00:00Z,87540.8
2025-09-01T07:00:00Z,94377.4
2025-09-01T08:00:00Z,96852.4
2025-09-01T09:00:00Z,99089.0
2025-09-01T10:00:00Z,102522.2
2025-09-01T11:00:00Z,102421.6
2025-09-01T12:00:00Z,105297.7
2025-09-01T13:00:00Z,104084.3
2025-09-01T14:00:00Z,103422.1
2025-09-01T15:00:00Z,98064.1
2025-09-01T16:00:00Z,96283.4
2025-09-01T17:00:00Z,90568.9
2025-09-01T18:00:00Z,89291.7
2025-09-01T19:00:00Z,84571.9
2025-09-01T20:00:00Z,81132.9
2025-09-01T21:00:00Z,80194.8
2025-09-01T22:00:00Z,76841.1
2025-09-01T23:00:00Z,76800.5
2025-09-02T00:00:00Z,74022.7
2025-09-02T01:00:00Z,74858.5
2025-09-02T02:00:00Z,77451.6
2025-09-02T03:00:00Z,76762.9
2025-09-02T04:00:00Z,80936.0
2025-09-02T05:00:00Z,85460.1
2025-09-02T06:00:00Z,86886.1
2025-09-02T07:00:00Z,93137.8
2025-09-02T08:00:00Z,94829.0
2025-09-02T09:00:00Z,99771.6
2025-09-02T10:00:00Z,100283.0
2025-09-02T11:00:00Z,104174.2
2025-09-02T12:00:00Z,100964.2
2025-09-02T13:00:00Z,103851.6
2025-09-02T14:00:00Z,99374.7
2025-09-02T15:00:00Z,100471.2
2025-09-02T16:00:00Z,95948.9
2025-09-02T17:00:00Z,90464.2
2025-09-02T18:00:00Z,89762.7
2025-09-02T19:00:00Z,84821.1
2025-09-02T20:00:00Z,81902.3
2025-09-02T21:00:00Z,79181.1
2025-09-02T22:00:00Z,77976.1
2025-09-02T23:00:00Z,75179.3
2025-09-03T00:00:00Z,76067.3
2025-09-03T01:00:00Z,74680.4
2025-09-03T02:00:00Z,76623.6
2025-09-03T03:00:00Z,80035.2
2025-09-03T04:00:00Z,83817.4
2025-09-03T05:00:00Z,85769.7
2025-09-03T06:00:00Z,89056.0
2025-09-03T07:00:00Z,93468.6
2025-09-03T08:00:00Z,96965.5
2025-09-03T09:00:00Z,98176.6
2025-09-03T10:00:00Z,104844.7
2025-09-03T11:00:00Z,102360.9
2025-09-03T12:00:00Z,101857.3
2025-09-03T13:00:00Z,102813.3
2025-09-03T14:00:00Z,101941.9
2025-09-03T15:00:00Z,99190.3
2025-09-03T16:00:00Z,95657.7
2025-09-03T17:00:00Z,92946.4
2025-09-03T18:00:00Z,90010.0
2025-09-03T19:00:00Z,85061.6
2025-09-03T20:00:00Z,81433.3
2025-09-03T21:00:00Z,79733.8
2025-09-03T22:00:00Z,77515.4
2025-09-03T23:00:00Z,74644.5
2025-09-04T00:00:00Z,78448.5
2025-09-04T01:00:00Z,77292.3
2025-09-04T02:00:00Z,79495.2
2025-09-04T03:00:00Z,81016.2
2025-09-04T04:00:00Z,81010.5
2025-09-04T05:00:00Z,88411.4
2025-09-04T06:00:00Z,87780.6
2025-09-04T07:00:00Z,92150.5
2025-09-04T08:00:00Z,96931.6
2025-09-04T09:00:00Z,98765.0
2025-09-04T10:00:00Z,102519.3
2025-09-04T11:00:00Z,104147.0
2025-09-04T12:00:00Z,103477.3
2025-09-04T13:00:00Z,105095.3
2025-09-04T14:00:00Z,99979.6
2025-09-04T15:00:00Z,100128.3
2025-09-04T16:00:00Z,97512.4
2025-09-04T17:00:00Z,95520.9
2025-09-04T18:00:00Z,90719.8
2025-09-04T19:00:00Z,84255.4
2025-09-04T20:00:00Z,83429.2
2025-09-04T21:00:00Z,79451.8
2025-09-04T22:00:00Z,77833.3
2025-09-04T23:00:00Z,76857.3
2025-09-05T00:00:00Z,77384.5
2025-09-05T01:00:00Z,75961.6
2025-09-05T02:00:00Z,78429.1
2025-09-05T03:00:00Z,81306.5
2025-09-05T04:00:00Z,83962.2
2025-09-05T05:00:00Z,87347.5
2025-09-05T06:00:00Z,88165.4
2025-09-05T07:00:00Z,94041.9
2025-09-05T08:00:00Z,98133.9
2025-09-05T09:00:00Z,99295.8
2025-09-05T10:00:00Z,102476.9
2025-09-05T11:00:00Z,102934.5
2025-09-05T12:00:00Z,104624.5
2025-09-05T13:00:00Z,103726.3
2025-09-05T14:00:00Z,100971.1
2025-09-05T15:00:00Z,100377.1
2025-09-05T16:00:00Z,97405.9
2025-09-05T17:00:00Z,92011.4
2025-09-05T18:00:00Z,89617.3
2025-09-05T19:00:00Z,85904.2
2025-09-05T20:00:00Z,81480.7
2025-09-05T21:00:00Z,81247.0
2025-09-05T22:00:00Z,76997.5
2025-09-05T23:00:00Z,76518.7
2025-09-06T00:00:00Z,69850.5
2025-09-06T01:00:00Z,72547.5
2025-09-06T02:00:00Z,72578.4
2025-09-06T03:00:00Z,76743.8
2025-09-06T04:00:00Z,78868.3
2025-09-06T05:00:00Z,83631.0
2025-09-06T06:00:00Z,88061.0
2025-09-06T07:00:00Z,87720.2
2025-09-06T08:00:00Z,93199.2
2025-09-06T09:00:00Z,95800.2
2025-09-06T10:00:00Z,97531.5
2025-09-06T11:00:00Z,98634.8
2025-09-06T12:00:00Z,99932.6
2025-09-06T13:00:00Z,100219.8
2025-09-06T14:00:00Z,98926.1
2025-09-06T15:00:00Z,97235.6
2025-09-06T16:00:00Z,93094.2
2025-09-06T17:00:00Z,90966.0
2025-09-06T18:00:00Z,86980.7
2025-09-06T19:00:00Z,83805.2
2025-09-06T20:00:00Z,80396.3
2025-09-06T21:00:00Z,77126.6
2025-09-06T22:00:00Z,75250.4
2025-09-06T23:00:00Z,72034.1
2025-09-07T00:00:00Z,70186.8
2025-09-07T01:00:00Z,71562.9
2025-09-07T02:00:00Z,74907.4
2025-09-07T03:00:00Z,76604.2
2025-09-07T04:00:00Z,78875.8
2025-09-07T05:00:00Z,84343.1
2025-09-07T06:00:00Z,87284.5
2025-09-07T07:00:00Z,91913.2
2025-09-07T08:00:00Z,92118.2
2025-09-07T09:00:00Z,95723.1
2025-09-07T10:00:00Z,98985.3
2025-09-07T11:00:00Z,100933.1
2025-09-07T12:00:00Z,102029.4
2025-09-07T13:00:00Z,100322.7
2025-09-07T14:00:00Z,100282.3
2025-09-07T15:00:00Z,97777.3
2025-09-07T16:00:00Z,93646.5
2025-09-07T17:00:00Z,91705.7
2025-09-07T18:00:00Z,86970.7
2025-09-07T19:00:00Z,83445.4
2025-09-07T20:00:00Z,78299.3
2025-09-07T21:00:00Z,75697.2
2025-09-07T22:00:00Z,73582.3
2025-09-07T23:00:00Z,73358.5
2025-09-08T00:00:00Z,75269.6
2025-09-08T01:00:00Z,74967.2
2025-09-08T02:00:00Z,78228.6
2025-09-08T03:00:00Z,83595.7
2025-09-08T04:00:00Z,83607.6
2025-09-08T05:00:00Z,85691.2
2025-09-08T06:00:00Z,90015.3
2025-09-08T07:00:00Z,94660.6
2025-09-08T08:00:00Z,98639.8
2025-09-08T09:00:00Z,100759.6
2025-09-08T10:00:00Z,104553.3
2025-09-08T11:00:00Z,104848.1
2025-09-08T12:00:00Z,103257.4
2025-09-08T13:00:00Z,105249.6
2025-09-08T14:00:00Z,101826.4
2025-09-08T15:00:00Z,101684.8
2025-09-08T16:00:00Z,97681.0
2025-09-08T17:00:00Z,91732.4
2025-09-08T18:00:00Z,88222.0
2025-09-08T19:00:00Z,86647.0
2025-09-08T20:00:00Z,83695.9
2025-09-08T21:00:00Z,81936.5
2025-09-08T22:00:00Z,79099.2
2025-09-08T23:00:00Z,78758.0
2025-09-09T00:00:00Z,77624.0
2025-09-09T01:00:00Z,77305.3
2025-09-09T02:00:00Z,77421.5
2025-09-09T03:00:00Z,82453.9
2025-09-09T04:00:00Z,84941.3
2025-09-09T05:00:00Z,88211.4
2025-09-09T06:00:00Z,89757.3
2025-09-09T07:00:00Z,95507.5
2025-09-09T08:00:00Z,95424.2
2025-09-09T09:00:00Z,101118.7
2025-09-09T10:00:00Z,102697.0
2025-09-09T11:00:00Z,104060.0
2025-09-09T12:00:00Z,101106.6
2025-09-09T13:00:00Z,106357.8
2025-09-09T14:00:00Z,101347.4
2025-09-09T15:00:00Z,99456.0
2025-09-09T16:00:00Z,97010.8
2025-09-09T17:00:00Z,93413.3
2025-09-09T18:00:00Z,88321.4
2025-09-09T19:00:00Z,87723.5
2025-09-09T20:00:00Z,83312.9
2025-09-09T21:00:00Z,80901.3
2025-09-09T22:00:00Z,76638.9
2025-09-09T23:00:00Z,77494.2
2025-09-10T00:00:00Z,76834.5
2025-09-10T01:00:00Z,78946.5
2025-09-10T02:00:00Z,77873.3
2025-09-10T03:00:00Z,78539.0
2025-09-10T04:00:00Z,83859.4
2025-09-10T05:00:00Z,87579.9
2025-09-10T06:00:00Z,92097.3
2025-09-10T07:00:00Z,95239.9
2025-09-10T08:00:00Z,96725.4
2025-09-10T09:00:00Z,100695.5
2025-09-10T10:00:00Z,101514.3
2025-09-10T11:00:00Z,104865.4
2025-09-10T12:00:00Z,107879.4
2025-09-10T13:00:00Z,102961.2
2025-09-10T14:00:00Z,101107.9
2025-09-10T15:00:00Z,98915.1
2025-09-10T16:00:00Z,97288.8
2025-09-10T17:00:00Z,94803.7
2025-09-10T18:00:00Z,90344.1
2025-09-10T19:00:00Z,84867.9
2025-09-10T20:00:00Z,83917.8
2025-09-10T21:00:00Z,81485.7
2025-09-10T22:00:00Z,80183.6
2025-09-10T23:00:00Z,77740.3
2025-09-11T00:00:00Z,74920.4
2025-09-11T01:00:00Z,78379.3
2025-09-11T02:00:00Z,78227.1
2025-09-11T03:00:00Z,79194.7
2025-09-11T04:00:00Z,83611.6
2025-09-11T05:00:00Z,87227.6
2025-09-11T06:00:00Z,91041.4
2025-09-11T07:00:00Z,93286.1
2025-09-11T08:00:00Z,97082.2
2025-09-11T09:00:00Z,100531.7
2025-09-11T10:00:00Z,103128.7
2025-09-11T11:00:00Z,104652.2
2025-09-11T12:00:00Z,103089.3
2025-09-11T13:00:00Z,105333.0
2025-09-11T14:00:00Z,101132.5
2025-09-11T15:00:00Z,100943.2
2025-09-11T16:00:00Z,97619.7
2025-09-11T17:00:00Z,91006.8
2025-09-11T18:00:00Z,89722.3
2025-09-11T19:00:00Z,86969.7
2025-09-11T20:00:00Z,84065.1
2025-09-11T21:00:00Z,80603.5
2025-09-11T22:00:00Z,79167.9
2025-09-11T23:00:00Z,77139.6
2025-09-12T00:00:00Z,76611.3
2025-09-12T01:00:00Z,78454.2
2025-09-12T02:00:00Z,83344.4
2025-09-12T03:00:00Z,80559.7
2025-09-12T04:00:00Z,83600.7
2025-09-12T05:00:00Z,87926.6
2025-09-12T06:00:00Z,90033.9
2025-09-12T07:00:00Z,95562.9
2025-09-12T08:00:00Z,97862.8
2025-09-12T09:00:00Z,102981.5
2025-09-12T10:00:00Z,101750.7
2025-09-12T11:00:00Z,104541.1
2025-09-12T12:00:00Z,103764.3
2025-09-12T13:00:00Z,104884.8
2025-09-12T14:00:00Z,102204.2
2025-09-12T15:00:00Z,99329.8
2025-09-12T16:00:00Z,96871.2
2025-09-12T17:00:00Z,93763.9
2025-09-12T18:00:00Z,91092.8
2025-09-12T19:00:00Z,86229.0
2025-09-12T20:00:00Z,84770.2
2025-09-12T21:00:00Z,80860.0
2025-09-12T22:00:00Z,78671.5
2025-09-12T23:00:00Z,77127.8
2025-09-13T00:00:00Z,73402.7
2025-09-13T01:00:00Z,75861.1
2025-09-13T02:00:00Z,74167.4
2025-09-13T03:00:00Z,77452.7
2025-09-13T04:00:00Z,80566.9
2025-09-13T05:00:00Z,84224.5
2025-09-13T06:00:00Z,86664.9
2025-09-13T07:00:00Z,88239.4
2025-09-13T08:00:00Z,95064.1
2025-09-13T09:00:00Z,97915.8
2025-09-13T10:00:00Z,100472.5
2025-09-13T11:00:00Z,101446.5
2025-09-13T12:00:00Z,100033.1
2025-09-13T13:00:00Z,102387.0
2025-09-13T14:00:00Z,99072.4
2025-09-13T15:00:00Z,97745.0
2025-09-13T16:00:00Z,96773.3
2025-09-13T17:00:00Z,92452.1
2025-09-13T18:00:00Z,86478.9
2025-09-13T19:00:00Z,83969.9
2025-09-13T20:00:00Z,82169.1
2025-09-13T21:00:00Z,78713.2
2025-09-13T22:00:00Z,75277.7
2025-09-13T23:00:00Z,72432.6
2025-09-14T00:00:00Z,72654.9
2025-09-14T01:00:00Z,73755.1
2025-09-14T02:00:00Z,75762.9
2025-09-14T03:00:00Z,79227.5
2025-09-14T04:00:00Z,81948.6
2025-09-14T05:00:00Z,81940.0
2025-09-14T06:00:00Z,87003.5
2025-09-14T07:00:00Z,90101.7
2025-09-14T08:00:00Z,93693.7
2025-09-14T09:00:00Z,98005.6
2025-09-14T10:00:00Z,99485.7
2025-09-14T11:00:00Z,99671.9
2025-09-14T12:00:00Z,103204.3
2025-09-14T13:00:00Z,100126.8
2025-09-14T14:00:00Z,98278.9
2025-09-14T15:00:00Z,96753.1
2025-09-14T16:00:00Z,96615.2
2025-09-14T17:00:00Z,92023.3
2025-09-14T18:00:00Z,86767.8
2025-09-14T19:00:00Z,84274.8
2025-09-14T20:00:00Z,79469.6
2025-09-14T21:00:00Z,78786.6
2025-09-14T22:00:00Z,75902.6
2025-09-14T23:00:00Z,71364.0
2025-09-15T00:00:00Z,77844.7
2025-09-15T01:00:00Z,79476.0
2025-09-15T02:00:00Z,77804.0
2025-09-15T03:00:00Z,81724.9
2025-09-15T04:00:00Z,84043.3
2025-09-15T05:00:00Z,88504.4
2025-09-15T06:00:00Z,89832.9
2025-09-15T07:00:00Z,96217.1
2025-09-15T08:00:00Z,98189.9
2025-09-15T09:00:00Z,103057.2
2025-09-15T10:00:00Z,104562.8
2025-09-15T11:00:00Z,104639.8
2025-09-15T12:00:00Z,104142.4
2025-09-15T13:00:00Z,104276.0
2025-09-15T14:00:00Z,105217.5
2025-09-15T15:00:00Z,102584.8
2025-09-15T16:00:00Z,98979.3
2025-09-15T17:00:00Z,95724.0
2025-09-15T18:00:00Z,91467.3
2025-09-15T19:00:00Z,87252.1
2025-09-15T20:00:00Z,84306.1
2025-09-15T21:00:00Z,81344.9
2025-09-15T22:00:00Z,78660.1
2025-09-15T23:00:00Z,78430.6
2025-09-16T00:00:00Z,80296.7
2025-09-16T01:00:00Z,76128.1
2025-09-16T02:00:00Z,80363.1
2025-09-16T03:00:00Z,81939.9
2025-09-16T04:00:00Z,83421.4
2025-09-16T05:00:00Z,88563.5
2025-09-16T06:00:00Z,94353.5
2025-09-16T07:00:00Z,93714.5
2025-09-16T08:00:00Z,98876.0
2025-09-16T09:00:00Z,100181.7
2025-09-16T10:00:00Z,105090.2
2025-09-16T11:00:00Z,105846.9
2025-09-16T12:00:00Z,105827.5
2025-09-16T13:00:00Z,104982.2
2025-09-16T14:00:00Z,104882.9
2025-09-16T15:00:00Z,102822.8
2025-09-16T16:00:00Z,97566.3
2025-09-16T17:00:00Z,93554.2
2025-09-16T18:00:00Z,91540.3
2025-09-16T19:00:00Z,89196.1
2025-09-16T20:00:00Z,84621.1
2025-09-16T21:00:00Z,83906.1
2025-09-16T22:00:00Z,79756.2
2025-09-16T23:00:00Z,77873.3
2025-09-17T00:00:00Z,78459.7
2025-09-17T01:00:00Z,76987.6
2025-09-17T02:00:00Z,78838.2
2025-09-17T03:00:00Z,81642.4
2025-09-17T04:00:00Z,84277.6
2025-09-17T05:00:00Z,90308.2
2025-09-17T06:00:00Z,93114.7
2025-09-17T07:00:00Z,95906.0
2025-09-17T08:00:00Z,98501.3
2025-09-17T09:00:00Z,103079.5
2025-09-17T10:00:00Z,105458.8
2025-09-17T11:00:00Z,105085.5
2025-09-17T12:00:00Z,104269.7
2025-09-17T13:00:00Z,105854.8
2025-09-17T14:00:00Z,103747.1
2025-09-17T15:00:00Z,101266.1
2025-09-17T16:00:00Z,98871.4
2025-09-17T17:00:00Z,96678.3
2025-09-17T18:00:00Z,91668.4
2025-09-17T19:00:00Z,88188.7
2025-09-17T20:00:00Z,84341.8
2025-09-17T21:00:00Z,81192.5
2025-09-17T22:00:00Z,78691.7
2025-09-17T23:00:00Z,79254.2
2025-09-18T00:00:00Z,78235.8
2025-09-18T01:00:00Z,78103.0
2025-09-18T02:00:00Z,79648.4
2025-09-18T03:00:00Z,82672.0
2025-09-18T04:00:00Z,85836.4
2025-09-18T05:00:00Z,88547.7
2025-09-18T06:00:00Z,92262.3
2025-09-18T07:00:00Z,96244.2
2025-09-18T08:00:00Z,98101.8
2025-09-18T09:00:00Z,100148.8
2025-09-18T10:00:00Z,106513.7
2025-09-18T11:00:00Z,106199.0
2025-09-18T12:00:00Z,107626.8
2025-09-18T13:00:00Z,104353.8
2025-09-18T14:00:00Z,104324.9
2025-09-18T15:00:00Z,103572.7
2025-09-18T16:00:00Z,100932.0
2025-09-18T17:00:00Z,96167.7
2025-09-18T18:00:00Z,93387.6
2025-09-18T19:00:00Z,88772.2
2025-09-18T20:00:00Z,84022.9
2025-09-18T21:00:00Z,80883.8
2025-09-18T22:00:00Z,78288.1
2025-09-18T23:00:00Z,77894.4
2025-09-19T00:00:00Z,79569.6
2025-09-19T01:00:00Z,78406.7
2025-09-19T02:00:00Z,82424.2
2025-09-19T03:00:00Z,83683.9
2025-09-19T04:00:00Z,86256.1
2025-09-19T05:00:00Z,87572.2
2025-09-19T06:00:00Z,92070.7
2025-09-19T07:00:00Z,96762.8
2025-09-19T08:00:00Z,98242.9
2025-09-19T09:00:00Z,103115.6
2025-09-19T10:00:00Z,105647.7
2025-09-19T11:00:00Z,106335.7
2025-09-19T12:00:00Z,104536.4
2025-09-19T13:00:00Z,106075.4
2025-09-19T14:00:00Z,102914.7
2025-09-19T15:00:00Z,103847.3
2025-09-19T16:00:00Z,98517.9
2025-09-19T17:00:00Z,95216.6
2025-09-19T18:00:00Z,92339.1
2025-09-19T19:00:00Z,88002.9
2025-09-19T20:00:00Z,86299.0
2025-09-19T21:00:00Z,82774.4
2025-09-19T22:00:00Z,82380.6
2025-09-19T23:00:00Z,77051.7
2025-09-20T00:00:00Z,74623.5
2025-09-20T01:00:00Z,75464.3
2025-09-20T02:00:00Z,76257.0
2025-09-20T03:00:00Z,77222.5
2025-09-20T04:00:00Z,80107.0
2025-09-20T05:00:00Z,85349.5
2025-09-20T06:00:00Z,87637.7
2025-09-20T07:00:00Z,89933.6
2025-09-20T08:00:00Z,93939.0
2025-09-20T09:00:00Z,98565.2
2025-09-20T10:00:00Z,101116.8
2025-09-20T11:00:00Z,101808.3
2025-09-20T12:00:00Z,103161.6
2025-09-20T13:00:00Z,102006.4
2025-09-20T14:00:00Z,100825.4
2025-09-20T15:00:00Z,96817.3
2025-09-20T16:00:00Z,94572.7
2025-09-20T17:00:00Z,93018.4
2025-09-20T18:00:00Z,88791.9
2025-09-20T19:00:00Z,85556.9
2025-09-20T20:00:00Z,82709.0
2025-09-20T21:00:00Z,75791.0
2025-09-20T22:00:00Z,77165.0
2025-09-20T23:00:00Z,75870.0
2025-09-21T00:00:00Z,74856.0
2025-09-21T01:00:00Z,75512.1
2025-09-21T02:00:00Z,75193.1
2025-09-21T03:00:00Z,79481.6
2025-09-21T04:00:00Z,82254.2
2025-09-21T05:00:00Z,85287.5
2025-09-21T06:00:00Z,89512.7
2025-09-21T07:00:00Z,93976.4
2025-09-21T08:00:00Z,95839.9
2025-09-21T09:00:00Z,98003.7
2025-09-21T10:00:00Z,100818.7
2025-09-21T11:00:00Z,103654.4
2025-09-21T12:00:00Z,103516.6
2025-09-21T13:00:00Z,102028.0
2025-09-21T14:00:00Z,100698.6
2025-09-21T15:00:00Z,98935.2
2025-09-21T16:00:00Z,94266.2
2025-09-21T17:00:00Z,91230.6
2025-09-21T18:00:00Z,89202.6
2025-09-21T19:00:00Z,85472.3
2025-09-21T20:00:00Z,81154.8
2025-09-21T21:00:00Z,78641.5
2025-09-21T22:00:00Z,76215.1
2025-09-21T23:00:00Z,76667.8
2025-09-22T00:00:00Z,78402.7
2025-09-22T01:00:00Z,79296.4
2025-09-22T02:00:00Z,80228.2
2025-09-22T03:00:00Z,81432.3
2025-09-22T04:00:00Z,83029.6
2025-09-22T05:00:00Z,88106.4
2025-09-22T06:00:00Z,95524.5
2025-09-22T07:00:00Z,95443.8
2025-09-22T08:00:00Z,100127.6
2025-09-22T09:00:00Z,102558.4
2025-09-22T10:00:00Z,106250.8
2025-09-22T11:00:00Z,105255.3
2025-09-22T12:00:00Z,104842.4
2025-09-22T13:00:00Z,103455.0
2025-09-22T14:00:00Z,106158.7
2025-09-22T15:00:00Z,103232.0
2025-09-22T16:00:00Z,96816.5
2025-09-22T17:00:00Z,96393.9
2025-09-22T18:00:00Z,91576.1
2025-09-22T19:00:00Z,88863.0
2025-09-22T20:00:00Z,84737.1
2025-09-22T21:00:00Z,83011.4
2025-09-22T22:00:00Z,82410.9
2025-09-22T23:00:00Z,79444.7
2025-09-23T00:00:00Z,79227.7
2025-09-23T01:00:00Z,79601.7
2025-09-23T02:00:00Z,80384.4
2025-09-23T03:00:00Z,82524.5
2025-09-23T04:00:00Z,86861.4
2025-09-23T05:00:00Z,90852.3
2025-09-23T06:00:00Z,93523.0
2025-09-23T07:00:00Z,96378.0
2025-09-23T08:00:00Z,100476.0
2025-09-23T09:00:00Z,103596.1
2025-09-23T10:00:00Z,104973.9
2025-09-23T11:00:00Z,105295.4
2025-09-23T12:00:00Z,107494.7
2025-09-23T13:00:00Z,104682.8
2025-09-23T14:00:00Z,105460.5
2025-09-23T15:00:00Z,101530.0
2025-09-23T16:00:00Z,98576.9
2025-09-23T17:00:00Z,96105.5
2025-09-23T18:00:00Z,91736.7
2025-09-23T19:00:00Z,89070.9
2025-09-23T20:00:00Z,86040.2
2025-09-23T21:00:00Z,82612.3
2025-09-23T22:00:00Z,81043.8
2025-09-23T23:00:00Z,80673.4
2025-09-24T00:00:00Z,78949.1
2025-09-24T01:00:00Z,79011.0
2025-09-24T02:00:00Z,81222.2
2025-09-24T03:00:00Z,83408.2
2025-09-24T04:00:00Z,84247.8
2025-09-24T05:00:00Z,89034.2
2025-09-24T06:00:00Z,91597.3
2025-09-24T07:00:00Z,97950.3
2025-09-24T08:00:00Z,98557.6
2025-09-24T09:00:00Z,101967.9
2025-09-24T10:00:00Z,104949.7
2025-09-24T11:00:00Z,103529.9
2025-09-24T12:00:00Z,104507.9
2025-09-24T13:00:00Z,105495.2
2025-09-24T14:00:00Z,104484.3
2025-09-24T15:00:00Z,100902.1
2025-09-24T16:00:00Z,99633.4
2025-09-24T17:00:00Z,96805.9
2025-09-24T18:00:00Z,93237.4
2025-09-24T19:00:00Z,90838.0
2025-09-24T20:00:00Z,86494.2
2025-09-24T21:00:00Z,82573.0
2025-09-24T22:00:00Z,82159.5
2025-09-24T23:00:00Z,80549.5
2025-09-25T00:00:00Z,78590.1
2025-09-25T01:00:00Z,78587.9
2025-09-25T02:00:00Z,81434.2
2025-09-25T03:00:00Z,83623.3
2025-09-25T04:00:00Z,87718.5
2025-09-25T05:00:00Z,89692.5
2025-09-25T06:00:00Z,94233.9
2025-09-25T07:00:00Z,98056.0
2025-09-25T08:00:00Z,100374.2
2025-09-25T09:00:00Z,103815.0
2025-09-25T10:00:00Z,103558.1
2025-09-25T11:00:00Z,105463.6
2025-09-25T12:00:00Z,107028.8
2025-09-25T13:00:00Z,106157.2
2025-09-25T14:00:00Z,104953.3
2025-09-25T15:00:00Z,103116.3
2025-09-25T16:00:00Z,98553.2
2025-09-25T17:00:00Z,98047.3
2025-09-25T18:00:00Z,93563.6
2025-09-25T19:00:00Z,90361.0
2025-09-25T20:00:00Z,83928.2
2025-09-25T21:00:00Z,82014.4
2025-09-25T22:00:00Z,78995.6
2025-09-25T23:00:00Z,78274.8
2025-09-26T00:00:00Z,79332.5
2025-09-26T01:00:00Z,79972.0
2025-09-26T02:00:00Z,82175.0
2025-09-26T03:00:00Z,82335.4
2025-09-26T04:00:00Z,87149.1
2025-09-26T05:00:00Z,88511.3
2025-09-26T06:00:00Z,93676.8
2025-09-26T07:00:00Z,97828.9
2025-09-26T08:00:00Z,98792.2
2025-09-26T09:00:00Z,102473.5
2025-09-26T10:00:00Z,105709.7
2025-09-26T11:00:00Z,107208.1
2025-09-26T12:00:00Z,105616.3
2025-09-26T13:00:00Z,104643.2
2025-09-26T14:00:00Z,103618.7
2025-09-26T15:00:00Z,103478.3
2025-09-26T16:00:00Z,100757.0
2025-09-26T17:00:00Z,96926.1
2025-09-26T18:00:00Z,93912.6
2025-09-26T19:00:00Z,90298.4
2025-09-26T20:00:00Z,86373.4
2025-09-26T21:00:00Z,84767.7
2025-09-26T22:00:00Z,78716.1
2025-09-26T23:00:00Z,77974.2
2025-09-27T00:00:00Z,73972.6
2025-09-27T01:00:00Z,76118.6
2025-09-27T02:00:00Z,74812.2
2025-09-27T03:00:00Z,81431.4
2025-09-27T04:00:00Z,84075.5
2025-09-27T05:00:00Z,87493.2
2025-09-27T06:00:00Z,87184.9
2025-09-27T07:00:00Z,93478.6
2025-09-27T08:00:00Z,96348.8
2025-09-27T09:00:00Z,100691.0
2025-09-27T10:00:00Z,101096.2
2025-09-27T11:00:00Z,102955.8
2025-09-27T12:00:00Z,101547.7
2025-09-27T13:00:00Z,103794.1
2025-09-27T14:00:00Z,103194.0
2025-09-27T15:00:00Z,99248.8
2025-09-27T16:00:00Z,93700.3
2025-09-27T17:00:00Z,92108.3
2025-09-27T18:00:00Z,87837.8
2025-09-27T19:00:00Z,86060.2
2025-09-27T20:00:00Z,81955.1
2025-09-27T21:00:00Z,80199.9
2025-09-27T22:00:00Z,77823.7
2025-09-27T23:00:00Z,76339.4
2025-09-28T00:00:00Z,76814.4
2025-09-28T01:00:00Z,74717.8
2025-09-28T02:00:00Z,78740.2
2025-09-28T03:00:00Z,79158.9
2025-09-28T04:00:00Z,81397.2
2025-09-28T05:00:00Z,86911.0
2025-09-28T06:00:00Z,90135.4
2025-09-28T07:00:00Z,94352.6
2025-09-28T08:00:00Z,97970.6
2025-09-28T09:00:00Z,99004.1
2025-09-28T10:00:00Z,102598.5
2025-09-28T11:00:00Z,101492.5
2025-09-28T12:00:00Z,103583.9
2025-09-28T13:00:00Z,102589.7
2025-09-28T14:00:00Z,100490.3
2025-09-28T15:00:00Z,97496.8
2025-09-28T16:00:00Z,96910.6
2025-09-28T17:00:00Z,91057.2
2025-09-28T18:00:00Z,88828.4
2025-09-28T19:00:00Z,87812.1
2025-09-28T20:00:00Z,84423.1
2025-09-28T21:00:00Z,80245.1
2025-09-28T22:00:00Z,77041.1
2025-09-28T23:00:00Z,77960.0
2025-09-29T00:00:00Z,79356.4
2025-09-29T01:00:00Z,80271.8
2025-09-29T02:00:00Z,82180.7
2025-09-29T03:00:00Z,82357.8
2025-09-29T04:00:00Z,84500.0
2025-09-29T05:00:00Z,87504.3
2025-09-29T06:00:00Z,91665.6
2025-09-29T07:00:00Z,95549.2
2025-09-29T08:00:00Z,99818.3
2025-09-29T09:00:00Z,104039.1
2025-09-29T10:00:00Z,105048.1
2025-09-29T11:00:00Z,105925.8
2025-09-29T12:00:00Z,108006.1
2025-09-29T13:00:00Z,105570.4
2025-09-29T14:00:00Z,106750.3
2025-09-29T15:00:00Z,103721.5
2025-09-29T16:00:00Z,101995.7
2025-09-29T17:00:00Z,97541.1
2025-09-29T18:00:00Z,93639.4
2025-09-29T19:00:00Z,90466.6
2025-09-29T20:00:00Z,87062.5
2025-09-29T21:00:00Z,84387.3
2025-09-29T22:00:00Z,81738.9
2025-09-29T23:00:00Z,81102.2
2025-09-30T00:00:00Z,78768.9
2025-09-30T01:00:00Z,81619.2
2025-09-30T02:00:00Z,80994.0
2025-09-30T03:00:00Z,86247.7
2025-09-30T04:00:00Z,85703.8
2025-09-30T05:00:00Z,89975.7
2025-09-30T06:00:00Z,96151.6
2025-09-30T07:00:00Z,98479.4
2025-09-30T08:00:00Z,99604.1
2025-09-30T09:00:00Z,104731.4
2025-09-30T10:00:00Z,105656.0
2025-09-30T11:00:00Z,105882.9
2025-09-30T12:00:00Z,109467.9
2025-09-30T13:00:00Z,107368.9
2025-09-30T14:00:00Z,108223.2
2025-09-30T15:00:00Z,103373.3
2025-09-30T16:00:00Z,100870.1
2025-09-30T17:00:00Z,98653.6
2025-09-30T18:00:00Z,92907.0
2025-09-30T19:00:00Z,90094.3
2025-09-30T20:00:00Z,84462.9
2025-09-30T21:00:00Z,84985.7
2025-09-30T22:00:00Z,83303.6
2025-09-30T23:00:00Z,81566.6
2025-10-01T00:00:00Z,80023.9
2025-10-01T01:00:00Z,78953.2
2025-10-01T02:00:00Z,83560.1
2025-10-01T03:00:00Z,83240.7
2025-10-01T04:00:00Z,86695.0
2025-10-01T05:00:00Z,92081.0
2025-10-01T06:00:00Z,94605.9
2025-10-01T07:00:00Z,98269.6
2025-10-01T08:00:00Z,103389.2
2025-10-01T09:00:00Z,103337.6
2025-10-01T10:00:00Z,106972.0
2025-10-01T11:00:00Z,105880.1
2025-10-01T12:00:00Z,107451.0
2025-10-01T13:00:00Z,107010.6
2025-10-01T14:00:00Z,105941.8
2025-10-01T15:00:00Z,103670.9
2025-10-01T16:00:00Z,98689.3
2025-10-01T17:00:00Z,96283.7
2025-10-01T18:00:00Z,94428.8
2025-10-01T19:00:00Z,88492.7
2025-10-01T20:00:00Z,87987.5
2025-10-01T21:00:00Z,85471.1
2025-10-01T22:00:00Z,79800.1
2025-10-01T23:00:00Z,78564.6
2025-10-02T00:00:00Z,81983.6
2025-10-02T01:00:00Z,81435.0
2025-10-02T02:00:00Z,80856.2
2025-10-02T03:00:00Z,83169.8
2025-10-02T04:00:00Z,86289.3
2025-10-02T05:00:00Z,90454.2
2025-10-02T06:00:00Z,92219.4
2025-10-02T07:00:00Z,98972.5
2025-10-02T08:00:00Z,99647.7
2025-10-02T09:00:00Z,102795.3
2025-10-02T10:00:00Z,106026.3
2025-10-02T11:00:00Z,108228.8
2025-10-02T12:00:00Z,107650.8
2025-10-02T13:00:00Z,107453.8
2025-10-02T14:00:00Z,107636.3
2025-10-02T15:00:00Z,103641.9
2025-10-02T16:00:00Z,100636.4
2025-10-02T17:00:00Z,98510.0
2025-10-02T18:00:00Z,94510.0
2025-10-02T19:00:00Z,90125.7
2025-10-02T20:00:00Z,86205.2
2025-10-02T21:00:00Z,84677.7
2025-10-02T22:00:00Z,82426.7
2025-10-02T23:00:00Z,81261.4
2025-10-03T00:00:00Z,79321.8
2025-10-03T01:00:00Z,78639.7
2025-10-03T02:00:00Z,80384.8
2025-10-03T03:00:00Z,86765.2
2025-10-03T04:00:00Z,86352.9
2025-10-03T05:00:00Z,89474.3
2025-10-03T06:00:00Z,93314.6
2025-10-03T07:00:00Z,95835.6
2025-10-03T08:00:00Z,99626.6
2025-10-03T09:00:00Z,104535.8
2025-10-03T10:00:00Z,107064.1
2025-10-03T11:00:00Z,106171.9
2025-10-03T12:00:00Z,107551.8
2025-10-03T13:00:00Z,106924.3
2025-10-03T14:00:00Z,106251.2
2025-10-03T15:00:00Z,103236.4
2025-10-03T16:00:00Z,100379.0
2025-10-03T17:00:00Z,96804.1
2025-10-03T18:00:00Z,93127.7
2025-10-03T19:00:00Z,88913.7
2025-10-03T20:00:00Z,87152.6
2025-10-03T21:00:00Z,84721.2
2025-10-03T22:00:00Z,79956.1
2025-10-03T23:00:00Z,81069.7
2025-10-04T00:00:00Z,75099.1
2025-10-04T01:00:00Z,77459.8
2025-10-04T02:00:00Z,78411.0
2025-10-04T03:00:00Z,77200.8
2025-10-04T04:00:00Z,80891.7
2025-10-04T05:00:00Z,86432.7
2025-10-04T06:00:00Z,90397.4
2025-10-04T07:00:00Z,93685.9
2025-10-04T08:00:00Z,95929.3
2025-10-04T09:00:00Z,100162.0
2025-10-04T10:00:00Z,99285.4
2025-10-04T11:00:00Z,104450.6
2025-10-04T12:00:00Z,104310.6
2025-10-04T13:00:00Z,102819.3
2025-10-04T14:00:00Z,102871.9
2025-10-04T15:00:00Z,98217.6
2025-10-04T16:00:00Z,97426.4
2025-10-04T17:00:00Z,94248.3
2025-10-04T18:00:00Z,89748.3
2025-10-04T19:00:00Z,87013.3
2025-10-04T20:00:00Z,82490.5
2025-10-04T21:00:00Z,82238.6
2025-10-04T22:00:00Z,75231.4
2025-10-04T23:00:00Z,76346.3
2025-10-05T00:00:00Z,76626.6
2025-10-05T01:00:00Z,77655.5
2025-10-05T02:00:00Z,79931.3
2025-10-05T03:00:00Z,80181.1
2025-10-05T04:00:00Z,82325.0
2025-10-05T05:00:00Z,86629.0
2025-10-05T06:00:00Z,89512.1
2025-10-05T07:00:00Z,93789.2
2025-10-05T08:00:00Z,96373.3
2025-10-05T09:00:00Z,97844.0
2025-10-05T10:00:00Z,103524.5
2025-10-05T11:00:00Z,102247.2
2025-10-05T12:00:00Z,104792.8
2025-10-05T13:00:00Z,104599.0
2025-10-05T14:00:00Z,101798.1
2025-10-05T15:00:00Z,101273.7
2025-10-05T16:00:00Z,95570.0
2025-10-05T17:00:00Z,92806.4
2025-10-05T18:00:00Z,90176.2
2025-10-05T19:00:00Z,87633.8
2025-10-05T20:00:00Z,82173.4
2025-10-05T21:00:00Z,79026.1
2025-10-05T22:00:00Z,78495.5
2025-10-05T23:00:00Z,77377.0
2025-10-06T00:00:00Z,78666.1
2025-10-06T01:00:00Z,81691.8
2025-10-06T02:00:00Z,83965.7
2025-10-06T03:00:00Z,85002.6
2025-10-06T04:00:00Z,88129.9
2025-10-06T05:00:00Z,92015.0
2025-10-06T06:00:00Z,93118.4
2025-10-06T07:00:00Z,98288.2
2025-10-06T08:00:00Z,100170.7
2025-10-06T09:00:00Z,104135.5
2025-10-06T10:00:00Z,106166.9
2025-10-06T11:00:00Z,107027.3
2025-10-06T12:00:00Z,106408.1
2025-10-06T13:00:00Z,106197.7
2025-10-06T14:00:00Z,103978.2
2025-10-06T15:00:00Z,102587.4
2025-10-06T16:00:00Z,100025.8
2025-10-06T17:00:00Z,98716.9
2025-10-06T18:00:00Z,94560.8
2025-10-06T19:00:00Z,90855.7
2025-10-06T20:00:00Z,85876.5
2025-10-06T21:00:00Z,83094.0
2025-10-06T22:00:00Z,81553.2
2025-10-06T23:00:00Z,81571.4
2025-10-07T00:00:00Z,78183.4
2025-10-07T01:00:00Z,79382.6
2025-10-07T02:00:00Z,82345.4
2025-10-07T03:00:00Z,83786.9
2025-10-07T04:00:00Z,88175.1
2025-10-07T05:00:00Z,90877.4
2025-10-07T06:00:00Z,93153.5
2025-10-07T07:00:00Z,96886.8
2025-10-07T08:00:00Z,100194.1
2025-10-07T09:00:00Z,103414.2
2025-10-07T10:00:00Z,107164.5
2025-10-07T11:00:00Z,107095.6
2025-10-07T12:00:00Z,107407.1
2025-10-07T13:00:00Z,108669.6
2025-10-07T14:00:00Z,106366.0
2025-10-07T15:00:00Z,105899.8
2025-10-07T16:00:00Z,101576.9
2025-10-07T17:00:00Z,97013.5
2025-10-07T18:00:00Z,95148.6
2025-10-07T19:00:00Z,90147.6
2025-10-07T20:00:00Z,87630.2
2025-10-07T21:00:00Z,84685.2
2025-10-07T22:00:00Z,83727.1
2025-10-07T23:00:00Z,82282.3
2025-10-08T00:00:00Z,80361.3
2025-10-08T01:00:00Z,81077.4
2025-10-08T02:00:00Z,81215.0
2025-10-08T03:00:00Z,83479.6
2025-10-08T04:00:00Z,87468.4
2025-10-08T05:00:00Z,90866.9
2025-10-08T06:00:00Z,92851.6
2025-10-08T07:00:00Z,98105.3
2025-10-08T08:00:00Z,100569.0
2025-10-08T09:00:00Z,105028.7
2025-10-08T10:00:00Z,104786.0
2025-10-08T11:00:00Z,108537.7
2025-10-08T12:00:00Z,107995.2
2025-10-08T13:00:00Z,106472.6
2025-10-08T14:00:00Z,106214.9
2025-10-08T15:00:00Z,103383.9
2025-10-08T16:00:00Z,99381.2
2025-10-08T17:00:00Z,95986.3
2025-10-08T18:00:00Z,95106.7
2025-10-08T19:00:00Z,90292.5
2025-10-08T20:00:00Z,88060.6
2025-10-08T21:00:00Z,86051.7
2025-10-08T22:00:00Z,81660.7
2025-10-08T23:00:00Z,80140.9
2025-10-09T00:00:00Z,78354.5
2025-10-09T01:00:00Z,80943.0
2025-10-09T02:00:00Z,80895.8
2025-10-09T03:00:00Z,82625.5
2025-10-09T04:00:00Z,86968.3
2025-10-09T05:00:00Z,91478.7
2025-10-09T06:00:00Z,94412.7
2025-10-09T07:00:00Z,95778.1
2025-10-09T08:00:00Z,103514.6
2025-10-09T09:00:00Z,105315.1
2025-10-09T10:00:00Z,106656.2
2025-10-09T11:00:00Z,108985.0
2025-10-09T12:00:00Z,107732.3
2025-10-09T13:00:00Z,108126.8
2025-10-09T14:00:00Z,107288.7
2025-10-09T15:00:00Z,104080.2
2025-10-09T16:00:00Z,102754.6
2025-10-09T17:00:00Z,97082.4
2025-10-09T18:00:00Z,94527.9
2025-10-09T19:00:00Z,90778.9
2025-10-09T20:00:00Z,85743.5
2025-10-09T21:00:00Z,83157.7
2025-10-09T22:00:00Z,80625.3
2025-10-09T23:00:00Z,82395.4
2025-10-10T00:00:00Z,80521.3
2025-10-10T01:00:00Z,79119.7
2025-10-10T02:00:00Z,81544.5
2025-10-10T03:00:00Z,83161.0
2025-10-10T04:00:00Z,88833.8
2025-10-10T05:00:00Z,88921.3
2025-10-10T06:00:00Z,95732.4
2025-10-10T07:00:00Z,97183.2
2025-10-10T08:00:00Z,101618.1
2025-10-10T09:00:00Z,103249.1
2025-10-10T10:00:00Z,103753.2
2025-10-10T11:00:00Z,108830.1
2025-10-10T12:00:00Z,108850.6
2025-10-10T13:00:00Z,108168.1
2025-10-10T14:00:00Z,106851.9
2025-10-10T15:00:00Z,105356.8
2025-10-10T16:00:00Z,99873.5
2025-10-10T17:00:00Z,97079.3
2025-10-10T18:00:00Z,94606.1
2025-10-10T19:00:00Z,89296.8
2025-10-10T20:00:00Z,86410.9
2025-10-10T21:00:00Z,82911.6
2025-10-10T22:00:00Z,83121.8
2025-10-10T23:00:00Z,79649.6
2025-10-11T00:00:00Z,77431.9
2025-10-11T01:00:00Z,77477.3
2025-10-11T02:00:00Z,78704.3
2025-10-11T03:00:00Z,79993.1
2025-10-11T04:00:00Z,84181.5
2025-10-11T05:00:00Z,85015.9
2025-10-11T06:00:00Z,91237.1
2025-10-11T07:00:00Z,91981.8
2025-10-11T08:00:00Z,98190.9
2025-10-11T09:00:00Z,100107.7
2025-10-11T10:00:00Z,102044.8
2025-10-11T11:00:00Z,104457.0
2025-10-11T12:00:00Z,104619.1
2025-10-11T13:00:00Z,103538.9
2025-10-11T14:00:00Z,102467.2
2025-10-11T15:00:00Z,97828.5
2025-10-11T16:00:00Z,98034.0
2025-10-11T17:00:00Z,93055.2
2025-10-11T18:00:00Z,91125.1
2025-10-11T19:00:00Z,86490.7
2025-10-11T20:00:00Z,84410.9
2025-10-11T21:00:00Z,79564.5
2025-10-11T22:00:00Z,77319.1
2025-10-11T23:00:00Z,77269.4
2025-10-12T00:00:00Z,76156.5
2025-10-12T01:00:00Z,75836.6
2025-10-12T02:00:00Z,78669.4
2025-10-12T03:00:00Z,79199.1
2025-10-12T04:00:00Z,82311.4
2025-10-12T05:00:00Z,86811.9
2025-10-12T06:00:00Z,90087.8
2025-10-12T07:00:00Z,93685.3
2025-10-12T08:00:00Z,97430.1
2025-10-12T09:00:00Z,98882.6
2025-10-12T10:00:00Z,102501.9
2025-10-12T11:00:00Z,103608.6
2025-10-12T12:00:00Z,104178.6
2025-10-12T13:00:00Z,103355.9
2025-10-12T14:00:00Z,100204.2
2025-10-12T15:00:00Z,101218.9
2025-10-12T16:00:00Z,95085.3
2025-10-12T17:00:00Z,93233.8
2025-10-12T18:00:00Z,90443.0
2025-10-12T19:00:00Z,88565.9
2025-10-12T20:00:00Z,81759.4
2025-10-12T21:00:00Z,80746.0
2025-10-12T22:00:00Z,78294.3
2025-10-12T23:00:00Z,77129.6
2025-10-13T00:00:00Z,79149.1
2025-10-13T01:00:00Z,81583.3
2025-10-13T02:00:00Z,81240.9
2025-10-13T03:00:00Z,83667.4
2025-10-13T04:00:00Z,86798.5
2025-10-13T05:00:00Z,90990.4
2025-10-13T06:00:00Z,93182.8
2025-10-13T07:00:00Z,97713.9
2025-10-13T08:00:00Z,100942.6
2025-10-13T09:00:00Z,103531.2
2025-10-13T10:00:00Z,104517.2
2025-10-13T11:00:00Z,107518.2
2025-10-13T12:00:00Z,108443.8
2025-10-13T13:00:00Z,107684.2
2025-10-13T14:00:00Z,107411.3
2025-10-13T15:00:00Z,103847.7
2025-10-13T16:00:00Z,102259.9
2025-10-13T17:00:00Z,98043.7
2025-10-13T18:00:00Z,94424.7
2025-10-13T19:00:00Z,92001.3
2025-10-13T20:00:00Z,87198.0
2025-10-13T21:00:00Z,83534.5
2025-10-13T22:00:00Z,83124.4
2025-10-13T23:00:00Z,81193.8
2025-10-14T00:00:00Z,79151.7
2025-10-14T01:00:00Z,79854.2
2025-10-14T02:00:00Z,82593.4
2025-10-14T03:00:00Z,85280.1
2025-10-14T04:00:00Z,86840.7
2025-10-14T05:00:00Z,91487.9
2025-10-14T06:00:00Z,93666.9
2025-10-14T07:00:00Z,99175.1
2025-10-14T08:00:00Z,98647.8
2025-10-14T09:00:00Z,104912.9
2025-10-14T10:00:00Z,107083.8
2025-10-14T11:00:00Z,107856.0
2025-10-14T12:00:00Z,106710.5
2025-10-14T13:00:00Z,107506.0
2025-10-14T14:00:00Z,104631.9
2025-10-14T15:00:00Z,105131.4
2025-10-14T16:00:00Z,99122.2
2025-10-14T17:00:00Z,97912.8
2025-10-14T18:00:00Z,93193.3
2025-10-14T19:00:00Z,88182.7
2025-10-14T20:00:00Z,87266.1
2025-10-14T21:00:00Z,86432.4
2025-10-14T22:00:00Z,83609.9
2025-10-14T23:00:00Z,80056.7
2025-10-15T00:00:00Z,80383.2
2025-10-15T01:00:00Z,81240.2
2025-10-15T02:00:00Z,83736.7
2025-10-15T03:00:00Z,84500.8
2025-10-15T04:00:00Z,89120.6
2025-10-15T05:00:00Z,90586.9
2025-10-15T06:00:00Z,94738.9
2025-10-15T07:00:00Z,97946.1
2025-10-15T08:00:00Z,101173.1
2025-10-15T09:00:00Z,104449.6
2025-10-15T10:00:00Z,106269.5
2025-10-15T11:00:00Z,110309.6
2025-10-15T12:00:00Z,106226.1
2025-10-15T13:00:00Z,109911.9
2025-10-15T14:00:00Z,107605.7
2025-10-15T15:00:00Z,104708.1
2025-10-15T16:00:00Z,102918.7
2025-10-15T17:00:00Z,99552.2
2025-10-15T18:00:00Z,93630.1
2025-10-15T19:00:00Z,89290.3
2025-10-15T20:00:00Z,90605.7
2025-10-15T21:00:00Z,85762.1
2025-10-15T22:00:00Z,83044.5
2025-10-15T23:00:00Z,84178.3
2025-10-16T00:00:00Z,80357.4
2025-10-16T01:00:00Z,80457.8
2025-10-16T02:00:00Z,83777.0
2025-10-16T03:00:00Z,84981.4
2025-10-16T04:00:00Z,87368.2
2025-10-16T05:00:00Z,90144.7
2025-10-16T06:00:00Z,94779.8
2025-10-16T07:00:00Z,96817.5
2025-10-16T08:00:00Z,103120.2
2025-10-16T09:00:00Z,103030.1
2025-10-16T10:00:00Z,105734.7
2025-10-16T11:00:00Z,107554.2
2025-10-16T12:00:00Z,106977.3
2025-10-16T13:00:00Z,109983.1
2025-10-16T14:00:00Z,105676.5
2025-10-16T15:00:00Z,105252.5
2025-10-16T16:00:00Z,100106.1
2025-10-16T17:00:00Z,101388.3
2025-10-16T18:00:00Z,95179.9
2025-10-16T19:00:00Z,92055.6
2025-10-16T20:00:00Z,87509.0
2025-10-16T21:00:00Z,85385.8
2025-10-16T22:00:00Z,81484.0
2025-10-16T23:00:00Z,80844.0
2025-10-17T00:00:00Z,81225.0
2025-10-17T01:00:00Z,79483.2
2025-10-17T02:00:00Z,81664.9
2025-10-17T03:00:00Z,86393.5
2025-10-17T04:00:00Z,88746.3
2025-10-17T05:00:00Z,91008.9
2025-10-17T06:00:00Z,95782.6
2025-10-17T07:00:00Z,98380.9
2025-10-17T08:00:00Z,103212.8
2025-10-17T09:00:00Z,103880.3
2025-10-17T10:00:00Z,105020.5
2025-10-17T11:00:00Z,107382.0
2025-10-17T12:00:00Z,110596.2
2025-10-17T13:00:00Z,106439.8
2025-10-17T14:00:00Z,106366.8
2025-10-17T15:00:00Z,104579.9
2025-10-17T16:00:00Z,100315.9
2025-10-17T17:00:00Z,98556.0
2025-10-17T18:00:00Z,93950.9
2025-10-17T19:00:00Z,91495.5
2025-10-17T20:00:00Z,87177.5
2025-10-17T21:00:00Z,85826.3
2025-10-17T22:00:00Z,81681.9
2025-10-17T23:00:00Z,78676.9
2025-10-18T00:00:00Z,79292.7
2025-10-18T01:00:00Z,78926.9
2025-10-18T02:00:00Z,78420.8
2025-10-18T03:00:00Z,80667.3
2025-10-18T04:00:00Z,82722.4
2025-10-18T05:00:00Z,89247.1
2025-10-18T06:00:00Z,89419.1
2025-10-18T07:00:00Z,95287.6
2025-10-18T08:00:00Z,98334.9
2025-10-18T09:00:00Z,99667.5
2025-10-18T10:00:00Z,104599.9
2025-10-18T11:00:00Z,102606.1
2025-10-18T12:00:00Z,105203.4
2025-10-18T13:00:00Z,103954.4
2025-10-18T14:00:00Z,103047.4
2025-10-18T15:00:00Z,98187.1
2025-10-18T16:00:00Z,97218.3
2025-10-18T17:00:00Z,94887.7
2025-10-18T18:00:00Z,88872.8
2025-10-18T19:00:00Z,87361.2
2025-10-18T20:00:00Z,84915.9
2025-10-18T21:00:00Z,81837.1
2025-10-18T22:00:00Z,77011.9
2025-10-18T23:00:00Z,78406.2
2025-10-19T00:00:00Z,75220.3
2025-10-19T01:00:00Z,77973.5
2025-10-19T02:00:00Z,76168.6
2025-10-19T03:00:00Z,79883.9
2025-10-19T04:00:00Z,81511.5
2025-10-19T05:00:00Z,88901.8
2025-10-19T06:00:00Z,91342.1
2025-10-19T07:00:00Z,92463.0
2025-10-19T08:00:00Z,96064.9
2025-10-19T09:00:00Z,101163.4
2025-10-19T10:00:00Z,102873.8
2025-10-19T11:00:00Z,103437.4
2025-10-19T12:00:00Z,104311.2
2025-10-19T13:00:00Z,104243.7
2025-10-19T14:00:00Z,101914.3
2025-10-19T15:00:00Z,98045.4
2025-10-19T16:00:00Z,96172.4
2025-10-19T17:00:00Z,94503.9
2025-10-19T18:00:00Z,91121.7
2025-10-19T19:00:00Z,87940.6
2025-10-19T20:00:00Z,84485.8
2025-10-19T21:00:00Z,80504.6
2025-10-19T22:00:00Z,78112.1
2025-10-19T23:00:00Z,78755.4
2025-10-20T00:00:00Z,79014.2
2025-10-20T01:00:00Z,80062.4
2025-10-20T02:00:00Z,83937.7
2025-10-20T03:00:00Z,85424.8
2025-10-20T04:00:00Z,86312.2
2025-10-20T05:00:00Z,88532.0
2025-10-20T06:00:00Z,92480.2
2025-10-20T07:00:00Z,98458.3
2025-10-20T08:00:00Z,100502.3
2025-10-20T09:00:00Z,104789.6
2025-10-20T10:00:00Z,104189.3
2025-10-20T11:00:00Z,108641.1
2025-10-20T12:00:00Z,107340.7
2025-10-20T13:00:00Z,107938.3
2025-10-20T14:00:00Z,108708.1
2025-10-20T15:00:00Z,104681.6
2025-10-20T16:00:00Z,102345.2
2025-10-20T17:00:00Z,96541.8
2025-10-20T18:00:00Z,93268.4
2025-10-20T19:00:00Z,88944.2
2025-10-20T20:00:00Z,88567.3
2025-10-20T21:00:00Z,83357.9
2025-10-20T22:00:00Z,82665.8
2025-10-20T23:00:00Z,82864.4
2025-10-21T00:00:00Z,79034.4
2025-10-21T01:00:00Z,80810.7
2025-10-21T02:00:00Z,80415.9
2025-10-21T03:00:00Z,85060.0
2025-10-21T04:00:00Z,87128.6
2025-10-21T05:00:00Z,91807.7
2025-10-21T06:00:00Z,94732.9
2025-10-21T07:00:00Z,99220.7
2025-10-21T08:00:00Z,99389.7
2025-10-21T09:00:00Z,102774.1
2025-10-21T10:00:00Z,107301.9
2025-10-21T11:00:00Z,108188.9
2025-10-21T12:00:00Z,107866.8
2025-10-21T13:00:00Z,106760.4
2025-10-21T14:00:00Z,105683.2
2025-10-21T15:00:00Z,102794.9
2025-10-21T16:00:00Z,101698.7
2025-10-21T17:00:00Z,96669.7
2025-10-21T18:00:00Z,94166.3
2025-10-21T19:00:00Z,88895.5
2025-10-21T20:00:00Z,88842.2
2025-10-21T21:00:00Z,84527.3
2025-10-21T22:00:00Z,81738.7
2025-10-21T23:00:00Z,80039.9
2025-10-22T00:00:00Z,78540.7
2025-10-22T01:00:00Z,81131.1
2025-10-22T02:00:00Z,83009.2
2025-10-22T03:00:00Z,86231.7
2025-10-22T04:00:00Z,87155.4
2025-10-22T05:00:00Z,89036.2
2025-10-22T06:00:00Z,93157.9
2025-10-22T07:00:00Z,98054.6
2025-10-22T08:00:00Z,100192.2
2025-10-22T09:00:00Z,102127.4
2025-10-22T10:00:00Z,107832.8
2025-10-22T11:00:00Z,106796.2
2025-10-22T12:00:00Z,107599.4
2025-10-22T13:00:00Z,110029.2
2025-10-22T14:00:00Z,105017.8
2025-10-22T15:00:00Z,104713.7
2025-10-22T16:00:00Z,102178.5
2025-10-22T17:00:00Z,97839.9
2025-10-22T18:00:00Z,93746.1
2025-10-22T19:00:00Z,90115.6
2025-10-22T20:00:00Z,87433.6
2025-10-22T21:00:00Z,83421.7
2025-10-22T22:00:00Z,83648.7
2025-10-22T23:00:00Z,82900.7
2025-10-23T00:00:00Z,77556.7
2025-10-23T01:00:00Z,81597.9
2025-10-23T02:00:00Z,82080.7
2025-10-23T03:00:00Z,84520.2
2025-10-23T04:00:00Z,87707.1
2025-10-23T05:00:00Z,90470.7
2025-10-23T06:00:00Z,94575.3
2025-10-23T07:00:00Z,96725.7
2025-10-23T08:00:00Z,102181.6
2025-10-23T09:00:00Z,105291.0
2025-10-23T10:00:00Z,106948.3
2025-10-23T11:00:00Z,109123.2
2025-10-23T12:00:00Z,107507.0
2025-10-23T13:00:00Z,108674.2
2025-10-23T14:00:00Z,107759.0
2025-10-23T15:00:00Z,103448.7
2025-10-23T16:00:00Z,101480.0
2025-10-23T17:00:00Z,97376.0
2025-10-23T18:00:00Z,93633.0
2025-10-23T19:00:00Z,92867.8
2025-10-23T20:00:00Z,87415.0
2025-10-23T21:00:00Z,83753.7
2025-10-23T22:00:00Z,82224.7
2025-10-23T23:00:00Z,81149.9
2025-10-24T00:00:00Z,83866.6
2025-10-24T01:00:00Z,82355.6
2025-10-24T02:00:00Z,81720.5
2025-10-24T03:00:00Z,84847.9
2025-10-24T04:00:00Z,87580.5
2025-10-24T05:00:00Z,90309.5
2025-10-24T06:00:00Z,94186.7
2025-10-24T07:00:00Z,97668.1
2025-10-24T08:00:00Z,101816.1
2025-10-24T09:00:00Z,105563.1
2025-10-24T10:00:00Z,105136.8
2025-10-24T11:00:00Z,107013.6
2025-10-24T12:00:00Z,107724.5
2025-10-24T13:00:00Z,108739.9
2025-10-24T14:00:00Z,105173.7
2025-10-24T15:00:00Z,103208.8
2025-10-24T16:00:00Z,102070.8
2025-10-24T17:00:00Z,96710.0
2025-10-24T18:00:00Z,92054.7
2025-10-24T19:00:00Z,91765.8
2025-10-24T20:00:00Z,86752.4
2025-10-24T21:00:00Z,85081.8
2025-10-24T22:00:00Z,81272.3
2025-10-24T23:00:00Z,79022.2
2025-10-25T00:00:00Z,74586.4
2025-10-25T01:00:00Z,79504.5
2025-10-25T02:00:00Z,80841.0
2025-10-25T03:00:00Z,82301.0
2025-10-25T04:00:00Z,85708.7
2025-10-25T05:00:00Z,86480.4
2025-10-25T06:00:00Z,90704.6
2025-10-25T07:00:00Z,91442.7
2025-10-25T08:00:00Z,97082.1
2025-10-25T09:00:00Z,101090.2
2025-10-25T10:00:00Z,102252.8
2025-10-25T11:00:00Z,106578.2
2025-10-25T12:00:00Z,103146.6
2025-10-25T13:00:00Z,104093.5
2025-10-25T14:00:00Z,101587.7
2025-10-25T15:00:00Z,99687.1
2025-10-25T16:00:00Z,96425.6
2025-10-25T17:00:00Z,93849.6
2025-10-25T18:00:00Z,88193.7
2025-10-25T19:00:00Z,87640.1
2025-10-25T20:00:00Z,83059.0
2025-10-25T21:00:00Z,79321.5
2025-10-25T22:00:00Z,76485.6
2025-10-25T23:00:00Z,76933.7
2025-10-26T00:00:00Z,75713.3
2025-10-26T01:00:00Z,76659.2
2025-10-26T02:00:00Z,77474.6
2025-10-26T03:00:00Z,81578.5
2025-10-26T04:00:00Z,84729.6
2025-10-26T05:00:00Z,85724.1
2025-10-26T06:00:00Z,92156.5
2025-10-26T07:00:00Z,94606.2
2025-10-26T08:00:00Z,97257.2
2025-10-26T09:00:00Z,100981.1
2025-10-26T10:00:00Z,101707.7
2025-10-26T11:00:00Z,104301.0
2025-10-26T12:00:00Z,104137.8
2025-10-26T13:00:00Z,105094.7
2025-10-26T14:00:00Z,101803.0
2025-10-26T15:00:00Z,100280.2
2025-10-26T16:00:00Z,98093.8
2025-10-26T17:00:00Z,94937.2
2025-10-26T18:00:00Z,88578.8
2025-10-26T19:00:00Z,88793.8
2025-10-26T20:00:00Z,82969.5
2025-10-26T21:00:00Z,79821.1
2025-10-26T22:00:00Z,78589.0
2025-10-26T23:00:00Z,74984.9
2025-10-27T00:00:00Z,78594.1
2025-10-27T01:00:00Z,80092.0
2025-10-27T02:00:00Z,80388.6
2025-10-27T03:00:00Z,86016.4
2025-10-27T04:00:00Z,87016.2
2025-10-27T05:00:00Z,90472.0
2025-10-27T06:00:00Z,94379.0
2025-10-27T07:00:00Z,98669.7
2025-10-27T08:00:00Z,101936.7
2025-10-27T09:00:00Z,103256.1
2025-10-27T10:00:00Z,107678.5
2025-10-27T11:00:00Z,108922.7
2025-10-27T12:00:00Z,110604.3
2025-10-27T13:00:00Z,107889.5
2025-10-27T14:00:00Z,106276.2
2025-10-27T15:00:00Z,103502.3
2025-10-27T16:00:00Z,99701.6
2025-10-27T17:00:00Z,97569.9
2025-10-27T18:00:00Z,92613.5
2025-10-27T19:00:00Z,90334.8
2025-10-27T20:00:00Z,88913.9
2025-10-27T21:00:00Z,85651.2
2025-10-27T22:00:00Z,84088.6
2025-10-27T23:00:00Z,79097.1
2025-10-28T00:00:00Z,81376.1
2025-10-28T01:00:00Z,81136.8
2025-10-28T02:00:00Z,82472.5
2025-10-28T03:00:00Z,85503.5
2025-10-28T04:00:00Z,87526.9
2025-10-28T05:00:00Z,90825.9
2025-10-28T06:00:00Z,93215.5
2025-10-28T07:00:00Z,100091.9
2025-10-28T08:00:00Z,100791.3
2025-10-28T09:00:00Z,105068.6
2025-10-28T10:00:00Z,105486.8
2025-10-28T11:00:00Z,106689.5
2025-10-28T12:00:00Z,108726.9
2025-10-28T13:00:00Z,107321.7
2025-10-28T14:00:00Z,107358.3
2025-10-28T15:00:00Z,104180.7
2025-10-28T16:00:00Z,101912.8
2025-10-28T17:00:00Z,99174.1
2025-10-28T18:00:00Z,92721.8
2025-10-28T19:00:00Z,91351.9
2025-10-28T20:00:00Z,84633.0
2025-10-28T21:00:00Z,83508.8
2025-10-28T22:00:00Z,81378.3
2025-10-28T23:00:00Z,79191.5
2025-10-29T00:00:00Z,80180.2
2025-10-29T01:00:00Z,80083.4
2025-10-29T02:00:00Z,80724.0
2025-10-29T03:00:00Z,86173.9
2025-10-29T04:00:00Z,86693.3
2025-10-29T05:00:00Z,90133.8
2025-10-29T06:00:00Z,93423.8
2025-10-29T07:00:00Z,98492.4
2025-10-29T08:00:00Z,101465.5
2025-10-29T09:00:00Z,103397.4
2025-10-29T10:00:00Z,108980.2
2025-10-29T11:00:00Z,108917.4
2025-10-29T12:00:00Z,108318.7
2025-10-29T13:00:00Z,105247.1
2025-10-29T14:00:00Z,106401.7
2025-10-29T15:00:00Z,103695.5
2025-10-29T16:00:00Z,100413.2
2025-10-29T17:00:00Z,96494.2
2025-10-29T18:00:00Z,95191.5
2025-10-29T19:00:00Z,91829.0
2025-10-29T20:00:00Z,86557.7
2025-10-29T21:00:00Z,82404.3
2025-10-29T22:00:00Z,80332.0
2025-10-29T23:00:00Z,80358.2
2025-10-30T00:00:00Z,78938.1
2025-10-30T01:00:00Z,80173.9
2025-10-30T02:00:00Z,82870.7
2025-10-30T03:00:00Z,85029.2
2025-10-30T04:00:00Z,86864.9
2025-10-30T05:00:00Z,88746.9
2025-10-30T06:00:00Z,94878.0
2025-10-30T07:00:00Z,98164.9
2025-10-30T08:00:00Z,99849.1
2025-10-30T09:00:00Z,104174.0
2025-10-30T10:00:00Z,107039.7
2025-10-30T11:00:00Z,109729.6
2025-10-30T12:00:00Z,108284.7
2025-10-30T13:00:00Z,108498.5
2025-10-30T14:00:00Z,105853.9
2025-10-30T15:00:00Z,104564.9
2025-10-30T16:00:00Z,101250.0
2025-10-30T17:00:00Z,98816.1
2025-10-30T18:00:00Z,92686.0
2025-10-30T19:00:00Z,90623.0
2025-10-30T20:00:00Z,84647.8
2025-10-30T21:00:00Z,82794.9
2025-10-30T22:00:00Z,81061.1
2025-10-30T23:00:00Z,79488.6
2025-10-31T00:00:00Z,79934.6
2025-10-31T01:00:00Z,80949.3
2025-10-31T02:00:00Z,83091.5
2025-10-31T03:00:00Z,84499.7
2025-10-31T04:00:00Z,87387.4
2025-10-31T05:00:00Z,90732.5
2025-10-31T06:00:00Z,95319.5
2025-10-31T07:00:00Z,97266.7
2025-10-31T08:00:00Z,103840.7
2025-10-31T09:00:00Z,105083.3
2025-10-31T10:00:00Z,105953.2
2025-10-31T11:00:00Z,104972.2
2025-10-31T12:00:00Z,107498.5
2025-10-31T13:00:00Z,107132.1
2025-10-31T14:00:00Z,106447.3
2025-10-31T15:00:00Z,104241.1
2025-10-31T16:00:00Z,103166.1
2025-10-31T17:00:00Z,96293.5
2025-10-31T18:00:00Z,93937.1
2025-10-31T19:00:00Z,91118.4
2025-10-31T20:00:00Z,88327.1
2025-10-31T21:00:00Z,82716.2
2025-10-31T22:00:00Z,83659.2
2025-10-31T23:00:00Z,79927.4
2025-11-01T00:00:00Z,75406.0
2025-11-01T01:00:00Z,76908.4
2025-11-01T02:00:00Z,79022.7
2025-11-01T03:00:00Z,80736.1
2025-11-01T04:00:00Z,83864.6
2025-11-01T05:00:00Z,86690.5
2025-11-01T06:00:00Z,91094.4
2025-11-01T07:00:00Z,93080.1
2025-11-01T08:00:00Z,97113.4
2025-11-01T09:00:00Z,100353.6
2025-11-01T10:00:00Z,102231.9
2025-11-01T11:00:00Z,104403.8
2025-11-01T12:00:00Z,103171.7
2025-11-01T13:00:00Z,102777.5
2025-11-01T14:00:00Z,103364.7
2025-11-01T15:00:00Z,100016.3
2025-11-01T16:00:00Z,97472.0
2025-11-01T17:00:00Z,94391.9
2025-11-01T18:00:00Z,91268.6
2025-11-01T19:00:00Z,85304.7
2025-11-01T20:00:00Z,84714.3
2025-11-01T21:00:00Z,78815.4
2025-11-01T22:00:00Z,78806.3
2025-11-01T23:00:00Z,74922.0
2025-11-02T00:00:00Z,75662.0
2025-11-02T01:00:00Z,76089.4
2025-11-02T02:00:00Z,78200.1
2025-11-02T03:00:00Z,80450.0
2025-11-02T04:00:00Z,81584.5
2025-11-02T05:00:00Z,86036.6
2025-11-02T06:00:00Z,89441.0
2025-11-02T07:00:00Z,93775.4
2025-11-02T08:00:00Z,96169.2
2025-11-02T09:00:00Z,98586.8
2025-11-02T10:00:00Z,102007.7
2025-11-02T11:00:00Z,104228.8
2025-11-02T12:00:00Z,101411.6
2025-11-02T13:00:00Z,104416.3
2025-11-02T14:00:00Z,102016.2
2025-11-02T15:00:00Z,100635.6
2025-11-02T16:00:00Z,96316.7
2025-11-02T17:00:00Z,92558.8
2025-11-02T18:00:00Z,90791.9
2025-11-02T19:00:00Z,85969.9
2025-11-02T20:00:00Z,82152.0
2025-11-02T21:00:00Z,79988.2
2025-11-02T22:00:00Z,79128.7
2025-11-02T23:00:00Z,77694.6
2025-11-03T00:00:00Z,81409.2
2025-11-03T01:00:00Z,80203.5
2025-11-03T02:00:00Z,79802.1
2025-11-03T03:00:00Z,85455.8
2025-11-03T04:00:00Z,86861.2
2025-11-03T05:00:00Z,88703.2
2025-11-03T06:00:00Z,92931.6
2025-11-03T07:00:00Z,96666.8
2025-11-03T08:00:00Z,99151.5
2025-11-03T09:00:00Z,103649.0
2025-11-03T10:00:00Z,106089.3
2025-11-03T11:00:00Z,107644.8
2025-11-03T12:00:00Z,108372.7
2025-11-03T13:00:00Z,107488.6
2025-11-03T14:00:00Z,103912.9
2025-11-03T15:00:00Z,102713.0
2025-11-03T16:00:00Z,101255.6
2025-11-03T17:00:00Z,97109.8
2025-11-03T18:00:00Z,93562.0
2025-11-03T19:00:00Z,89141.1
2025-11-03T20:00:00Z,87132.5
2025-11-03T21:00:00Z,83497.5
2025-11-03T22:00:00Z,81877.9
2025-11-03T23:00:00Z,80896.4
2025-11-04T00:00:00Z,81637.9
2025-11-04T01:00:00Z,80893.6
2025-11-04T02:00:00Z,81125.6
2025-11-04T03:00:00Z,82266.6
2025-11-04T04:00:00Z,88721.8
2025-11-04T05:00:00Z,91261.9
2025-11-04T06:00:00Z,91619.3
2025-11-04T07:00:00Z,97365.2
2025-11-04T08:00:00Z,101664.8
2025-11-04T09:00:00Z,103047.5
2025-11-04T10:00:00Z,105868.6
2025-11-04T11:00:00Z,106102.9
2025-11-04T12:00:00Z,108523.2
2025-11-04T13:00:00Z,107747.1
2025-11-04T14:00:00Z,104558.8
2025-11-04T15:00:00Z,103598.5
2025-11-04T16:00:00Z,99218.2
2025-11-04T17:00:00Z,97976.6
2025-11-04T18:00:00Z,92140.4
2025-11-04T19:00:00Z,90687.3
2025-11-04T20:00:00Z,85741.0
2025-11-04T21:00:00Z,82705.0
2025-11-04T22:00:00Z,82665.7
2025-11-04T23:00:00Z,80162.7
2025-11-05T00:00:00Z,79621.7
2025-11-05T01:00:00Z,80022.3
2025-11-05T02:00:00Z,79855.6
2025-11-05T03:00:00Z,84121.0
2025-11-05T04:00:00Z,85671.6
2025-11-05T05:00:00Z,90706.6
2025-11-05T06:00:00Z,95075.9
2025-11-05T07:00:00Z,98288.1
2025-11-05T08:00:00Z,100181.8
2025-11-05T09:00:00Z,102223.0
2025-11-05T10:00:00Z,107556.1
2025-11-05T11:00:00Z,106757.3
2025-11-05T12:00:00Z,107989.3
2025-11-05T13:00:00Z,104947.6
2025-11-05T14:00:00Z,104602.7
2025-11-05T15:00:00Z,103170.6
2025-11-05T16:00:00Z,99112.5
2025-11-05T17:00:00Z,97405.1
2025-11-05T18:00:00Z,92718.5
2025-11-05T19:00:00Z,89972.1
2025-11-05T20:00:00Z,84743.2
2025-11-05T21:00:00Z,84404.0
2025-11-05T22:00:00Z,82348.0
2025-11-05T23:00:00Z,80387.8
2025-11-06T00:00:00Z,78348.3
2025-11-06T01:00:00Z,77918.4
2025-11-06T02:00:00Z,80107.7
2025-11-06T03:00:00Z,83217.7
2025-11-06T04:00:00Z,85456.0
2025-11-06T05:00:00Z,89348.2
2025-11-06T06:00:00Z,94989.7
2025-11-06T07:00:00Z,96310.5
2025-11-06T08:00:00Z,98387.9
2025-11-06T09:00:00Z,104622.5
2025-11-06T10:00:00Z,106214.4
2025-11-06T11:00:00Z,108849.6
2025-11-06T12:00:00Z,107910.8
2025-11-06T13:00:00Z,107157.2
2025-11-06T14:00:00Z,106375.2
2025-11-06T15:00:00Z,104040.7
2025-11-06T16:00:00Z,103136.5
2025-11-06T17:00:00Z,95813.0
2025-11-06T18:00:00Z,93120.9
2025-11-06T19:00:00Z,89542.3
2025-11-06T20:00:00Z,85256.7
2025-11-06T21:00:00Z,86732.9
2025-11-06T22:00:00Z,82049.6
2025-11-06T23:00:00Z,80867.1
2025-11-07T00:00:00Z,80751.5
2025-11-07T01:00:00Z,78961.5
2025-11-07T02:00:00Z,81942.3
2025-11-07T03:00:00Z,84717.1
2025-11-07T04:00:00Z,85821.4
2025-11-07T05:00:00Z,92086.7
2025-11-07T06:00:00Z,94444.3
2025-11-07T07:00:00Z,98564.6
2025-11-07T08:00:00Z,100824.1
2025-11-07T09:00:00Z,102315.5
2025-11-07T10:00:00Z,103653.1
2025-11-07T11:00:00Z,107623.6
2025-11-07T12:00:00Z,107883.6
2025-11-07T13:00:00Z,107682.9
2025-11-07T14:00:00Z,103785.4
2025-11-07T15:00:00Z,106035.6
2025-11-07T16:00:00Z,99504.2
2025-11-07T17:00:00Z,96051.3
2025-11-07T18:00:00Z,94672.0
2025-11-07T19:00:00Z,89090.3
2025-11-07T20:00:00Z,88137.9
2025-11-07T21:00:00Z,84428.1
2025-11-07T22:00:00Z,80426.4
2025-11-07T23:00:00Z,77639.9
2025-11-08T00:00:00Z,75637.8
2025-11-08T01:00:00Z,76741.1
2025-11-08T02:00:00Z,76341.7
2025-11-08T03:00:00Z,80410.7
2025-11-08T04:00:00Z,82557.1
2025-11-08T05:00:00Z,85532.7
2025-11-08T06:00:00Z,90054.5
2025-11-08T07:00:00Z,93184.1
2025-11-08T08:00:00Z,97270.9
2025-11-08T09:00:00Z,95529.4
2025-11-08T10:00:00Z,99851.4
2025-11-08T11:00:00Z,103771.4
2025-11-08T12:00:00Z,104613.0
2025-11-08T13:00:00Z,105128.8
2025-11-08T14:00:00Z,102728.1
2025-11-08T15:00:00Z,100798.9
2025-11-08T16:00:00Z,97102.5
2025-11-08T17:00:00Z,92180.4
2025-11-08T18:00:00Z,89043.8
2025-11-08T19:00:00Z,86596.8
2025-11-08T20:00:00Z,82241.4
2025-11-08T21:00:00Z,78741.9
2025-11-08T22:00:00Z,79391.0
2025-11-08T23:00:00Z,75293.3
2025-11-09T00:00:00Z,75864.5
2025-11-09T01:00:00Z,74458.4
2025-11-09T02:00:00Z,77820.6
2025-11-09T03:00:00Z,79201.0
2025-11-09T04:00:00Z,80861.4
2025-11-09T05:00:00Z,88054.7
2025-11-09T06:00:00Z,89122.9
2025-11-09T07:00:00Z,92930.3
2025-11-09T08:00:00Z,96670.5
2025-11-09T09:00:00Z,100461.8
2025-11-09T10:00:00Z,100558.6
2025-11-09T11:00:00Z,103628.8
2025-11-09T12:00:00Z,103473.6
2025-11-09T13:00:00Z,100212.9
2025-11-09T14:00:00Z,101315.0
2025-11-09T15:00:00Z,96365.4
2025-11-09T16:00:00Z,95977.7
2025-11-09T17:00:00Z,91353.7
2025-11-09T18:00:00Z,88618.0
2025-11-09T19:00:00Z,85683.2
2025-11-09T20:00:00Z,81707.9
2025-11-09T21:00:00Z,80169.5
2025-11-09T22:00:00Z,77457.3
2025-11-09T23:00:00Z,77360.6
2025-11-10T00:00:00Z,77932.7
2025-11-10T01:00:00Z,79251.5
2025-11-10T02:00:00Z,80537.1
2025-11-10T03:00:00Z,81721.1
2025-11-10T04:00:00Z,86157.1
2025-11-10T05:00:00Z,90468.7
2025-11-10T06:00:00Z,93661.5
2025-11-10T07:00:00Z,97374.4
2025-11-10T08:00:00Z,100132.9
2025-11-10T09:00:00Z,102428.1
2025-11-10T10:00:00Z,103874.2
2025-11-10T11:00:00Z,106112.0
2025-11-10T12:00:00Z,106303.4
2025-11-10T13:00:00Z,106694.3
2025-11-10T14:00:00Z,105643.1
2025-11-10T15:00:00Z,102989.6
2025-11-10T16:00:00Z,101395.0
2025-11-10T17:00:00Z,97096.9
2025-11-10T18:00:00Z,92414.7
2025-11-10T19:00:00Z,89052.5
2025-11-10T20:00:00Z,87767.2
2025-11-10T21:00:00Z,82650.7
2025-11-10T22:00:00Z,81410.9
2025-11-10T23:00:00Z,79420.5
2025-11-11T00:00:00Z,80481.2
2025-11-11T01:00:00Z,78036.9
2025-11-11T02:00:00Z,83353.3
2025-11-11T03:00:00Z,83168.8
2025-11-11T04:00:00Z,85544.4
2025-11-11T05:00:00Z,91030.9
2025-11-11T06:00:00Z,92970.5
2025-11-11T07:00:00Z,96727.0
2025-11-11T08:00:00Z,98474.8
2025-11-11T09:00:00Z,103516.3
2025-11-11T10:00:00Z,105268.0
2025-11-11T11:00:00Z,105326.9
2025-11-11T12:00:00Z,105434.8
2025-11-11T13:00:00Z,105343.3
2025-11-11T14:00:00Z,107022.8
2025-11-11T15:00:00Z,103540.1
2025-11-11T16:00:00Z,98799.2
2025-11-11T17:00:00Z,95760.7
2025-11-11T18:00:00Z,91674.1
2025-11-11T19:00:00Z,91375.1
2025-11-11T20:00:00Z,87061.1
2025-11-11T21:00:00Z,83003.5
2025-11-11T22:00:00Z,82123.5
2025-11-11T23:00:00Z,78203.4
2025-11-12T00:00:00Z,79930.1
2025-11-12T01:00:00Z,80869.7
2025-11-12T02:00:00Z,79556.7
2025-11-12T03:00:00Z,82182.6
2025-11-12T04:00:00Z,87161.6
2025-11-12T05:00:00Z,90774.0
2025-11-12T06:00:00Z,91669.0
2025-11-12T07:00:00Z,94876.9
2025-11-12T08:00:00Z,101148.0
2025-11-12T09:00:00Z,102568.8
2025-11-12T10:00:00Z,105404.7
2025-11-12T11:00:00Z,106768.4
2025-11-12T12:00:00Z,108190.8
2025-11-12T13:00:00Z,103880.8
2025-11-12T14:00:00Z,104569.2
2025-11-12T15:00:00Z,103368.0
2025-11-12T16:00:00Z,100144.7
2025-11-12T17:00:00Z,95366.7
2025-11-12T18:00:00Z,91613.7
2025-11-12T19:00:00Z,91992.6
2025-11-12T20:00:00Z,84204.9
2025-11-12T21:00:00Z,85570.9
2025-11-12T22:00:00Z,80878.1
2025-11-12T23:00:00Z,79196.5
2025-11-13T00:00:00Z,77563.8
2025-11-13T01:00:00Z,79786.4
2025-11-13T02:00:00Z,81021.1
2025-11-13T03:00:00Z,83116.2
2025-11-13T04:00:00Z,85616.3
2025-11-13T05:00:00Z,88382.1
2025-11-13T06:00:00Z,92159.2
2025-11-13T07:00:00Z,95619.9
2025-11-13T08:00:00Z,99081.9
2025-11-13T09:00:00Z,102643.4
2025-11-13T10:00:00Z,103836.6
2025-11-13T11:00:00Z,107579.9
2025-11-13T12:00:00Z,105921.0
2025-11-13T13:00:00Z,105973.3
2025-11-13T14:00:00Z,105197.3
2025-11-13T15:00:00Z,103023.1
2025-11-13T16:00:00Z,99433.2
2025-11-13T17:00:00Z,96973.6
2025-11-13T18:00:00Z,93947.7
2025-11-13T19:00:00Z,88026.9
2025-11-13T20:00:00Z,86246.8
2025-11-13T21:00:00Z,83244.8
2025-11-13T22:00:00Z,80178.5
2025-11-13T23:00:00Z,79147.1
2025-11-14T00:00:00Z,78719.1
2025-11-14T01:00:00Z,79042.7
2025-11-14T02:00:00Z,79506.3
2025-11-14T03:00:00Z,83039.5
2025-11-14T04:00:00Z,85172.5
2025-11-14T05:00:00Z,90960.8
2025-11-14T06:00:00Z,92531.4
2025-11-14T07:00:00Z,97586.2
2025-11-14T08:00:00Z,98415.3
2025-11-14T09:00:00Z,102539.9
2025-11-14T10:00:00Z,103432.0
2025-11-14T11:00:00Z,105237.0
2025-11-14T12:00:00Z,108037.3
2025-11-14T13:00:00Z,106839.6
2025-11-14T14:00:00Z,102983.9
2025-11-14T15:00:00Z,103018.0
2025-11-14T16:00:00Z,98272.1
2025-11-14T17:00:00Z,96278.1
2025-11-14T18:00:00Z,93595.0
2025-11-14T19:00:00Z,89110.0
2025-11-14T20:00:00Z,85066.5
2025-11-14T21:00:00Z,84175.3
2025-11-14T22:00:00Z,80496.3
2025-11-14T23:00:00Z,80417.4
2025-11-15T00:00:00Z,75912.3
2025-11-15T01:00:00Z,75937.3
2025-11-15T02:00:00Z,75574.1
2025-11-15T03:00:00Z,79119.2
2025-11-15T04:00:00Z,81069.9
2025-11-15T05:00:00Z,85563.6
2025-11-15T06:00:00Z,88810.8
2025-11-15T07:00:00Z,92431.3
2025-11-15T08:00:00Z,95674.8
2025-11-15T09:00:00Z,99308.5
2025-11-15T10:00:00Z,101013.1
2025-11-15T11:00:00Z,103088.2
2025-11-15T12:00:00Z,103502.6
2025-11-15T13:00:00Z,101909.2
2025-11-15T14:00:00Z,100160.9
2025-11-15T15:00:00Z,98519.5
2025-11-15T16:00:00Z,95044.2
2025-11-15T17:00:00Z,92963.9
2025-11-15T18:00:00Z,88680.4
2025-11-15T19:00:00Z,83638.3
2025-11-15T20:00:00Z,80404.1
2025-11-15T21:00:00Z,80666.4
2025-11-15T22:00:00Z,74906.6
2025-11-15T23:00:00Z,74638.0
2025-11-16T00:00:00Z,74465.8
2025-11-16T01:00:00Z,75751.2
2025-11-16T02:00:00Z,74473.4
2025-11-16T03:00:00Z,77971.7
2025-11-16T04:00:00Z,81009.7
2025-11-16T05:00:00Z,86894.8
2025-11-16T06:00:00Z,88577.3
2025-11-16T07:00:00Z,94060.5
2025-11-16T08:00:00Z,94649.5
2025-11-16T09:00:00Z,97277.1
2025-11-16T10:00:00Z,100649.1
2025-11-16T11:00:00Z,101636.4
2025-11-16T12:00:00Z,101334.4
2025-11-16T13:00:00Z,101244.9
2025-11-16T14:00:00Z,100376.0
2025-11-16T15:00:00Z,99664.6
2025-11-16T16:00:00Z,95789.5
2025-11-16T17:00:00Z,92011.3
2025-11-16T18:00:00Z,87483.8
2025-11-16T19:00:00Z,85091.9
2025-11-16T20:00:00Z,81221.0
2025-11-16T21:00:00Z,77610.3
2025-11-16T22:00:00Z,75841.0
2025-11-16T23:00:00Z,75859.5
2025-11-17T00:00:00Z,80684.7
2025-11-17T01:00:00Z,78523.1
2025-11-17T02:00:00Z,80382.1
2025-11-17T03:00:00Z,83346.2
2025-11-17T04:00:00Z,84027.3
2025-11-17T05:00:00Z,89175.0
2025-11-17T06:00:00Z,91534.8
2025-11-17T07:00:00Z,96360.6
2025-11-17T08:00:00Z,98733.8
2025-11-17T09:00:00Z,100188.0
2025-11-17T10:00:00Z,105290.6
2025-11-17T11:00:00Z,103604.8
2025-11-17T12:00:00Z,103878.9
2025-11-17T13:00:00Z,106211.1
2025-11-17T14:00:00Z,102978.8
2025-11-17T15:00:00Z,103205.5
2025-11-17T16:00:00Z,98483.7
2025-11-17T17:00:00Z,96388.5
2025-11-17T18:00:00Z,94081.9
2025-11-17T19:00:00Z,90014.6
2025-11-17T20:00:00Z,85852.9
2025-11-17T21:00:00Z,82057.2
2025-11-17T22:00:00Z,80894.3
2025-11-17T23:00:00Z,78099.5
2025-11-18T00:00:00Z,77885.0
2025-11-18T01:00:00Z,81551.5
2025-11-18T02:00:00Z,79145.9
2025-11-18T03:00:00Z,83593.4
2025-11-18T04:00:00Z,85177.1
2025-11-18T05:00:00Z,86466.5
2025-11-18T06:00:00Z,92501.9
2025-11-18T07:00:00Z,94237.0
2025-11-18T08:00:00Z,98911.6
2025-11-18T09:00:00Z,103310.9
2025-11-18T10:00:00Z,101136.9
2025-11-18T11:00:00Z,106037.1
2025-11-18T12:00:00Z,104340.4
2025-11-18T13:00:00Z,104922.6
2025-11-18T14:00:00Z,103407.4
2025-11-18T15:00:00Z,102035.7
2025-11-18T16:00:00Z,98659.8
2025-11-18T17:00:00Z,96337.1
2025-11-18T18:00:00Z,91652.0
2025-11-18T19:00:00Z,87243.3
2025-11-18T20:00:00Z,87348.7
2025-11-18T21:00:00Z,83443.6
2025-11-18T22:00:00Z,79533.9
2025-11-18T23:00:00Z,80474.7
2025-11-19T00:00:00Z,79383.1
2025-11-19T01:00:00Z,79462.0
2025-11-19T02:00:00Z,78769.6
2025-11-19T03:00:00Z,81712.8
2025-11-19T04:00:00Z,86626.7
2025-11-19T05:00:00Z,89178.6
2025-11-19T06:00:00Z,92953.6
2025-11-19T07:00:00Z,94517.4
2025-11-19T08:00:00Z,98738.6
2025-11-19T09:00:00Z,101087.7
2025-11-19T10:00:00Z,104308.8
2025-11-19T11:00:00Z,107664.5
2025-11-19T12:00:00Z,104431.0
2025-11-19T13:00:00Z,105620.0
2025-11-19T14:00:00Z,104339.2
2025-11-19T15:00:00Z,101532.8
2025-11-19T16:00:00Z,95228.3
2025-11-19T17:00:00Z,95221.9
2025-11-19T18:00:00Z,91257.2
2025-11-19T19:00:00Z,90010.2
2025-11-19T20:00:00Z,84416.1
2025-11-19T21:00:00Z,83589.1
2025-11-19T22:00:00Z,80371.3
2025-11-19T23:00:00Z,76003.1
2025-11-20T00:00:00Z,76600.1
2025-11-20T01:00:00Z,79066.8
2025-11-20T02:00:00Z,79523.9
2025-11-20T03:00:00Z,81059.6
2025-11-20T04:00:00Z,86948.0
2025-11-20T05:00:00Z,87370.5
2025-11-20T06:00:00Z,91896.3
2025-11-20T07:00:00Z,95960.4
2025-11-20T08:00:00Z,99394.0
2025-11-20T09:00:00Z,99258.3
2025-11-20T10:00:00Z,103675.1
2025-11-20T11:00:00Z,105990.6
2025-11-20T12:00:00Z,107686.1
2025-11-20T13:00:00Z,104683.5
2025-11-20T14:00:00Z,104196.2
2025-11-20T15:00:00Z,103247.2
2025-11-20T16:00:00Z,99588.3
2025-11-20T17:00:00Z,94666.7
2025-11-20T18:00:00Z,90844.3
2025-11-20T19:00:00Z,91072.7
2025-11-20T20:00:00Z,86614.1
2025-11-20T21:00:00Z,80305.8
2025-11-20T22:00:00Z,80379.9
2025-11-20T23:00:00Z,78234.4
2025-11-21T00:00:00Z,76957.5
2025-11-21T01:00:00Z,79532.4
2025-11-21T02:00:00Z,80085.7
2025-11-21T03:00:00Z,81271.7
2025-11-21T04:00:00Z,85361.3
2025-11-21T05:00:00Z,89231.0
2025-11-21T06:00:00Z,91107.6
2025-11-21T07:00:00Z,95301.1
2025-11-21T08:00:00Z,100605.7
2025-11-21T09:00:00Z,100072.6
2025-11-21T10:00:00Z,104927.3
2025-11-21T11:00:00Z,105386.5
2025-11-21T12:00:00Z,105399.3
2025-11-21T13:00:00Z,105322.2
2025-11-21T14:00:00Z,105047.5
2025-11-21T15:00:00Z,103811.7
2025-11-21T16:00:00Z,100243.5
2025-11-21T17:00:00Z,96846.3
2025-11-21T18:00:00Z,91024.7
2025-11-21T19:00:00Z,86772.2
2025-11-21T20:00:00Z,86039.6
2025-11-21T21:00:00Z,83001.6
2025-11-21T22:00:00Z,79845.1
2025-11-21T23:00:00Z,79294.7
2025-11-22T00:00:00Z,75371.6
2025-11-22T01:00:00Z,75820.4
2025-11-22T02:00:00Z,73112.0
2025-11-22T03:00:00Z,76775.1
2025-11-22T04:00:00Z,81640.4
2025-11-22T05:00:00Z,83957.2
2025-11-22T06:00:00Z,88731.4
2025-11-22T07:00:00Z,89954.1
2025-11-22T08:00:00Z,95143.8
2025-11-22T09:00:00Z,100135.4
2025-11-22T10:00:00Z,99254.9
2025-11-22T11:00:00Z,101046.8
2025-11-22T12:00:00Z,99063.4
2025-11-22T13:00:00Z,101598.7
2025-11-22T14:00:00Z,100116.0
2025-11-22T15:00:00Z,97201.7
2025-11-22T16:00:00Z,94227.8
2025-11-22T17:00:00Z,90495.2
2025-11-22T18:00:00Z,86778.7
2025-11-22T19:00:00Z,84305.8
2025-11-22T20:00:00Z,82969.8
2025-11-22T21:00:00Z,76838.4
2025-11-22T22:00:00Z,75246.5
2025-11-22T23:00:00Z,73559.5
2025-11-23T00:00:00Z,73364.2
2025-11-23T01:00:00Z,74993.3
2025-11-23T02:00:00Z,75971.3
2025-11-23T03:00:00Z,77074.0
2025-11-23T04:00:00Z,80536.8
2025-11-23T05:00:00Z,83327.5
2025-11-23T06:00:00Z,86689.8
2025-11-23T07:00:00Z,89924.6
2025-11-23T08:00:00Z,95411.1
2025-11-23T09:00:00Z,96799.7
2025-11-23T10:00:00Z,99267.9
2025-11-23T11:00:00Z,103213.4
2025-11-23T12:00:00Z,99958.4
2025-11-23T13:00:00Z,101873.9
2025-11-23T14:00:00Z,100249.5
2025-11-23T15:00:00Z,98459.2
2025-11-23T16:00:00Z,94937.4
2025-11-23T17:00:00Z,91325.0
2025-11-23T18:00:00Z,88749.6
2025-11-23T19:00:00Z,82728.2
2025-11-23T20:00:00Z,78975.1
2025-11-23T21:00:00Z,74696.9
2025-11-23T22:00:00Z,75570.8
2025-11-23T23:00:00Z,74887.0
2025-11-24T00:00:00Z,77926.4
2025-11-24T01:00:00Z,76160.2
2025-11-24T02:00:00Z,78271.7
2025-11-24T03:00:00Z,80642.9
2025-11-24T04:00:00Z,84052.1
2025-11-24T05:00:00Z,87699.3
2025-11-24T06:00:00Z,93302.8
2025-11-24T07:00:00Z,97117.5
2025-11-24T08:00:00Z,98060.0
2025-11-24T09:00:00Z,103660.9
2025-11-24T10:00:00Z,105505.4
2025-11-24T11:00:00Z,106098.3
2025-11-24T12:00:00Z,105543.8
2025-11-24T13:00:00Z,103212.1
2025-11-24T14:00:00Z,105914.7
2025-11-24T15:00:00Z,102457.8
2025-11-24T16:00:00Z,97290.6
2025-11-24T17:00:00Z,95065.3
2025-11-24T18:00:00Z,91299.3
2025-11-24T19:00:00Z,88355.7
2025-11-24T20:00:00Z,82498.2
2025-11-24T21:00:00Z,80727.0
2025-11-24T22:00:00Z,79053.9
2025-11-24T23:00:00Z,76327.8
2025-11-25T00:00:00Z,76912.2
2025-11-25T01:00:00Z,77402.7
2025-11-25T02:00:00Z,78296.2
2025-11-25T03:00:00Z,82025.0
2025-11-25T04:00:00Z,80571.1
2025-11-25T05:00:00Z,87041.0
2025-11-25T06:00:00Z,89961.1
2025-11-25T07:00:00Z,97334.1
2025-11-25T08:00:00Z,98276.5
2025-11-25T09:00:00Z,99329.4
2025-11-25T10:00:00Z,103601.6
2025-11-25T11:00:00Z,104830.6
2025-11-25T12:00:00Z,106600.2
2025-11-25T13:00:00Z,104792.2
2025-11-25T14:00:00Z,104805.0
2025-11-25T15:00:00Z,100128.6
2025-11-25T16:00:00Z,97330.7
2025-11-25T17:00:00Z,95115.3
2025-11-25T18:00:00Z,91180.6
2025-11-25T19:00:00Z,85633.3
2025-11-25T20:00:00Z,83276.5
2025-11-25T21:00:00Z,82266.4
2025-11-25T22:00:00Z,77354.8
2025-11-25T23:00:00Z,80380.1
2025-11-26T00:00:00Z,75295.1
2025-11-26T01:00:00Z,79197.2
2025-11-26T02:00:00Z,78007.5
2025-11-26T03:00:00Z,82340.5
2025-11-26T04:00:00Z,85185.5
2025-11-26T05:00:00Z,87119.5
2025-11-26T06:00:00Z,91729.2
2025-11-26T07:00:00Z,94868.7
2025-11-26T08:00:00Z,97913.8
2025-11-26T09:00:00Z,100699.8
2025-11-26T10:00:00Z,102882.2
2025-11-26T11:00:00Z,104295.9
2025-11-26T12:00:00Z,105794.7
2025-11-26T13:00:00Z,104914.1
2025-11-26T14:00:00Z,102585.6
2025-11-26T15:00:00Z,97722.3
2025-11-26T16:00:00Z,98414.9
2025-11-26T17:00:00Z,95080.7
2025-11-26T18:00:00Z,91149.6
2025-11-26T19:00:00Z,87380.4
2025-11-26T20:00:00Z,83135.6
2025-11-26T21:00:00Z,80246.1
2025-11-26T22:00:00Z,79000.2
2025-11-26T23:00:00Z,78324.1
2025-11-27T00:00:00Z,76154.4
2025-11-27T01:00:00Z,77206.0
2025-11-27T02:00:00Z,80112.6
2025-11-27T03:00:00Z,80223.1
2025-11-27T04:00:00Z,85057.3
2025-11-27T05:00:00Z,86883.7
2025-11-27T06:00:00Z,90807.2
2025-11-27T07:00:00Z,94649.8
2025-11-27T08:00:00Z,96878.7
2025-11-27T09:00:00Z,99860.4
2025-11-27T10:00:00Z,103899.5
2025-11-27T11:00:00Z,104301.4
2025-11-27T12:00:00Z,106041.2
2025-11-27T13:00:00Z,104092.8
2025-11-27T14:00:00Z,102752.9
2025-11-27T15:00:00Z,100160.8
2025-11-27T16:00:00Z,98622.8
2025-11-27T17:00:00Z,93690.6
2025-11-27T18:00:00Z,89814.9
2025-11-27T19:00:00Z,87711.3
2025-11-27T20:00:00Z,83239.7
2025-11-27T21:00:00Z,79735.2
2025-11-27T22:00:00Z,78245.6
2025-11-27T23:00:00Z,73970.4
2025-11-28T00:00:00Z,75329.7
2025-11-28T01:00:00Z,79961.9
2025-11-28T02:00:00Z,77575.9
2025-11-28T03:00:00Z,81151.1
2025-11-28T04:00:00Z,81947.5
2025-11-28T05:00:00Z,88653.5
2025-11-28T06:00:00Z,91240.8
2025-11-28T07:00:00Z,93835.2
2025-11-28T08:00:00Z,98129.3
2025-11-28T09:00:00Z,102544.7
2025-11-28T10:00:00Z,101955.4
2025-11-28T11:00:00Z,103991.1
2025-11-28T12:00:00Z,104433.7
2025-11-28T13:00:00Z,101514.6
2025-11-28T14:00:00Z,100405.3
2025-11-28T15:00:00Z,99633.1
2025-11-28T16:00:00Z,95482.6
2025-11-28T17:00:00Z,93301.3
2025-11-28T18:00:00Z,89871.1
2025-11-28T19:00:00Z,86285.5
2025-11-28T20:00:00Z,82520.9
2025-11-28T21:00:00Z,79872.0
2025-11-28T22:00:00Z,78583.5
2025-11-28T23:00:00Z,74340.9
2025-11-29T00:00:00Z,72276.4
2025-11-29T01:00:00Z,71569.0
2025-11-29T02:00:00Z,76082.7
2025-11-29T03:00:00Z,75943.4
2025-11-29T04:00:00Z,79024.3
2025-11-29T05:00:00Z,82369.5
2025-11-29T06:00:00Z,85232.7
2025-11-29T07:00:00Z,90628.8
2025-11-29T08:00:00Z,90902.9
2025-11-29T09:00:00Z,97181.6
2025-11-29T10:00:00Z,98293.5
2025-11-29T11:00:00Z,101564.8
2025-11-29T12:00:00Z,100275.2
2025-11-29T13:00:00Z,98979.2
2025-11-29T14:00:00Z,98496.4
2025-11-29T15:00:00Z,95938.6
2025-11-29T16:00:00Z,92797.6
2025-11-29T17:00:00Z,90438.6
2025-11-29T18:00:00Z,86692.6
2025-11-29T19:00:00Z,83256.3
2025-11-29T20:00:00Z,79145.6
2025-11-29T21:00:00Z,76540.6
2025-11-29T22:00:00Z,72896.7
2025-11-29T23:00:00Z,70297.4
2025-11-30T00:00:00Z,73062.0
2025-11-30T01:00:00Z,73195.2
2025-11-30T02:00:00Z,73963.4
2025-11-30T03:00:00Z,77381.9
2025-11-30T04:00:00Z,80079.0
2025-11-30T05:00:00Z,82431.8
2025-11-30T06:00:00Z,83790.6
2025-11-30T07:00:00Z,88792.3
2025-11-30T08:00:00Z,92857.3
2025-11-30T09:00:00Z,95400.4
2025-11-30T10:00:00Z,97011.6
2025-11-30T11:00:00Z,97228.4
2025-11-30T12:00:00Z,99335.2
2025-11-30T13:00:00Z,99479.1
2025-11-30T14:00:00Z,98915.1
2025-11-30T15:00:00Z,95388.4
2025-11-30T16:00:00Z,95300.4
2025-11-30T17:00:00Z,88743.1
2025-11-30T18:00:00Z,85317.8
2025-11-30T19:00:00Z,83481.7
2025-11-30T20:00:00Z,80881.7
2025-11-30T21:00:00Z,78402.9
2025-11-30T22:00:00Z,75129.2
2025-11-30T23:00:00Z,72396.7
2025-12-01T00:00:00Z,78371.6
2025-12-01T01:00:00Z,76305.0
2025-12-01T02:00:00Z,79056.9
2025-12-01T03:00:00Z,78768.0
2025-12-01T04:00:00Z,83133.5
2025-12-01T05:00:00Z,87707.2
2025-12-01T06:00:00Z,88570.3
2025-12-01T07:00:00Z,92257.5
2025-12-01T08:00:00Z,98414.0
2025-12-01T09:00:00Z,100820.3
2025-12-01T10:00:00Z,102372.0
2025-12-01T11:00:00Z,102194.6
2025-12-01T12:00:00Z,103397.4
2025-12-01T13:00:00Z,102681.0
2025-12-01T14:00:00Z,102603.2
2025-12-01T15:00:00Z,99741.4
2025-12-01T16:00:00Z,95354.2
2025-12-01T17:00:00Z,92617.5
2025-12-01T18:00:00Z,89270.5
2025-12-01T19:00:00Z,86172.2
2025-12-01T20:00:00Z,83392.0
2025-12-01T21:00:00Z,79456.8
2025-12-01T22:00:00Z,76141.3
2025-12-01T23:00:00Z,75611.6
2025-12-02T00:00:00Z,74135.7
2025-12-02T01:00:00Z,77052.8
2025-12-02T02:00:00Z,76592.9
2025-12-02T03:00:00Z,79275.6
2025-12-02T04:00:00Z,82663.9
2025-12-02T05:00:00Z,85178.3
2025-12-02T06:00:00Z,89568.6
2025-12-02T07:00:00Z,93010.2
2025-12-02T08:00:00Z,95875.2
2025-12-02T09:00:00Z,99576.5
2025-12-02T10:00:00Z,100784.1
2025-12-02T11:00:00Z,103188.3
2025-12-02T12:00:00Z,103261.9
2025-12-02T13:00:00Z,102936.6
2025-12-02T14:00:00Z,102694.8
2025-12-02T15:00:00Z,99207.1
2025-12-02T16:00:00Z,96768.5
2025-12-02T17:00:00Z,92774.7
2025-12-02T18:00:00Z,90018.8
2025-12-02T19:00:00Z,86246.0
2025-12-02T20:00:00Z,81927.4
2025-12-02T21:00:00Z,78499.1
2025-12-02T22:00:00Z,77895.2
2025-12-02T23:00:00Z,79535.0
2025-12-03T00:00:00Z,77179.0
2025-12-03T01:00:00Z,76715.1
2025-12-03T02:00:00Z,76903.1
2025-12-03T03:00:00Z,82837.6
2025-12-03T04:00:00Z,82664.1
2025-12-03T05:00:00Z,84878.2
2025-12-03T06:00:00Z,89524.3
2025-12-03T07:00:00Z,94486.8
2025-12-03T08:00:00Z,96274.6
2025-12-03T09:00:00Z,97874.5
2025-12-03T10:00:00Z,100442.7
2025-12-03T11:00:00Z,102160.3
2025-12-03T12:00:00Z,104136.9
2025-12-03T13:00:00Z,102367.3
2025-12-03T14:00:00Z,101673.8
2025-12-03T15:00:00Z,99749.6
2025-12-03T16:00:00Z,98394.4
2025-12-03T17:00:00Z,92546.5
2025-12-03T18:00:00Z,88008.7
2025-12-03T19:00:00Z,87135.9
2025-12-03T20:00:00Z,81006.7
2025-12-03T21:00:00Z,79904.8
2025-12-03T22:00:00Z,76171.6
2025-12-03T23:00:00Z,76348.7
2025-12-04T00:00:00Z,72814.4
2025-12-04T01:00:00Z,76692.4
2025-12-04T02:00:00Z,78251.1
2025-12-04T03:00:00Z,79137.4
2025-12-04T04:00:00Z,81860.0
2025-12-04T05:00:00Z,87023.6
2025-12-04T06:00:00Z,89428.5
2025-12-04T07:00:00Z,91601.9
2025-12-04T08:00:00Z,96228.1
2025-12-04T09:00:00Z,99139.1
2025-12-04T10:00:00Z,100861.7
2025-12-04T11:00:00Z,102523.3
2025-12-04T12:00:00Z,102662.5
2025-12-04T13:00:00Z,101493.2
2025-12-04T14:00:00Z,99388.0
2025-12-04T15:00:00Z,99450.9
2025-12-04T16:00:00Z,96443.3
2025-12-04T17:00:00Z,90514.4
2025-12-04T18:00:00Z,89020.7
2025-12-04T19:00:00Z,84836.4
2025-12-04T20:00:00Z,81549.2
2025-12-04T21:00:00Z,79203.5
2025-12-04T22:00:00Z,77307.6
2025-12-04T23:00:00Z,74567.5
2025-12-05T00:00:00Z,74961.7
2025-12-05T01:00:00Z,74925.5
2025-12-05T02:00:00Z,76771.4
2025-12-05T03:00:00Z,79532.9
2025-12-05T04:00:00Z,82048.5
2025-12-05T05:00:00Z,86711.4
2025-12-05T06:00:00Z,91082.1
2025-12-05T07:00:00Z,93743.2
2025-12-05T08:00:00Z,96374.0
2025-12-05T09:00:00Z,96800.5
2025-12-05T10:00:00Z,102243.2
2025-12-05T11:00:00Z,101203.1
2025-12-05T12:00:00Z,102875.4
2025-12-05T13:00:00Z,102916.3
2025-12-05T14:00:00Z,100865.7
2025-12-05T15:00:00Z,99850.8
2025-12-05T16:00:00Z,95847.5
2025-12-05T17:00:00Z,91411.2
2025-12-05T18:00:00Z,88584.9
2025-12-05T19:00:00Z,82829.7
2025-12-05T20:00:00Z,82651.4
2025-12-05T21:00:00Z,79438.2
2025-12-05T22:00:00Z,77375.7
2025-12-05T23:00:00Z,75988.4
2025-12-06T00:00:00Z,68234.9
2025-12-06T01:00:00Z,71601.5
2025-12-06T02:00:00Z,70757.9
2025-12-06T03:00:00Z,76607.0
2025-12-06T04:00:00Z,79178.4
2025-12-06T05:00:00Z,80839.1
2025-12-06T06:00:00Z,86774.4
2025-12-06T07:00:00Z,88089.7
2025-12-06T08:00:00Z,91437.6
2025-12-06T09:00:00Z,93237.7
2025-12-06T10:00:00Z,96121.2
2025-12-06T11:00:00Z,97962.7
2025-12-06T12:00:00Z,100404.7
2025-12-06T13:00:00Z,98777.8
2025-12-06T14:00:00Z,94772.2
2025-12-06T15:00:00Z,95527.7
2025-12-06T16:00:00Z,89906.9
2025-12-06T17:00:00Z,88242.8
2025-12-06T18:00:00Z,85539.4
2025-12-06T19:00:00Z,81401.4
2025-12-06T20:00:00Z,76339.2
2025-12-06T21:00:00Z,77749.3
2025-12-06T22:00:00Z,72795.1
2025-12-06T23:00:00Z,70807.3
2025-12-07T00:00:00Z,71281.1
2025-12-07T01:00:00Z,70692.8
2025-12-07T02:00:00Z,74008.5
2025-12-07T03:00:00Z,74879.6
2025-12-07T04:00:00Z,77233.6
2025-12-07T05:00:00Z,79958.4
2025-12-07T06:00:00Z,83952.1
2025-12-07T07:00:00Z,89306.6
2025-12-07T08:00:00Z,90093.5
2025-12-07T09:00:00Z,93183.4
2025-12-07T10:00:00Z,94953.4
2025-12-07T11:00:00Z,97935.1
2025-12-07T12:00:00Z,99286.7
2025-12-07T13:00:00Z,99285.4
2025-12-07T14:00:00Z,98270.7
2025-12-07T15:00:00Z,93109.8
2025-12-07T16:00:00Z,92112.5
2025-12-07T17:00:00Z,89085.7
2025-12-07T18:00:00Z,84168.9
2025-12-07T19:00:00Z,79641.5
2025-12-07T20:00:00Z,77279.2
2025-12-07T21:00:00Z,75369.0
2025-12-07T22:00:00Z,72909.8
2025-12-07T23:00:00Z,69263.8
2025-12-08T00:00:00Z,74684.0
2025-12-08T01:00:00Z,77733.9
2025-12-08T02:00:00Z,74770.1
2025-12-08T03:00:00Z,79739.4
2025-12-08T04:00:00Z,81761.2
2025-12-08T05:00:00Z,84933.8
2025-12-08T06:00:00Z,87768.6
2025-12-08T07:00:00Z,90335.7
2025-12-08T08:00:00Z,96969.2
2025-12-08T09:00:00Z,98515.8
2025-12-08T10:00:00Z,100929.3
2025-12-08T11:00:00Z,99620.8
2025-12-08T12:00:00Z,100931.4
2025-12-08T13:00:00Z,101325.4
2025-12-08T14:00:00Z,102698.4
2025-12-08T15:00:00Z,97015.9
2025-12-08T16:00:00Z,96733.1
2025-12-08T17:00:00Z,92993.9
2025-12-08T18:00:00Z,87381.6
2025-12-08T19:00:00Z,82875.6
2025-12-08T20:00:00Z,80435.4
2025-12-08T21:00:00Z,79740.6
2025-12-08T22:00:00Z,76499.0
2025-12-08T23:00:00Z,74976.5
2025-12-09T00:00:00Z,73746.5
2025-12-09T01:00:00Z,73564.8
2025-12-09T02:00:00Z,75964.8
2025-12-09T03:00:00Z,80277.5
2025-12-09T04:00:00Z,82025.5
2025-12-09T05:00:00Z,86282.8
2025-12-09T06:00:00Z,86153.5
2025-12-09T07:00:00Z,93804.9
2025-12-09T08:00:00Z,97172.8
2025-12-09T09:00:00Z,97262.6
2025-12-09T10:00:00Z,100216.4
2025-12-09T11:00:00Z,102744.5
2025-12-09T12:00:00Z,102194.8
2025-12-09T13:00:00Z,100432.1
2025-12-09T14:00:00Z,99790.6
2025-12-09T15:00:00Z,98015.4
2025-12-09T16:00:00Z,94339.8
2025-12-09T17:00:00Z,92149.0
2025-12-09T18:00:00Z,87628.4
2025-12-09T19:00:00Z,84559.3
2025-12-09T20:00:00Z,79372.8
2025-12-09T21:00:00Z,77589.1
2025-12-09T22:00:00Z,75004.9
2025-12-09T23:00:00Z,73625.9
2025-12-10T00:00:00Z,74654.0
2025-12-10T01:00:00Z,72635.5
2025-12-10T02:00:00Z,77419.1
2025-12-10T03:00:00Z,77800.2
2025-12-10T04:00:00Z,82418.3
2025-12-10T05:00:00Z,85307.9
2025-12-10T06:00:00Z,86343.2
2025-12-10T07:00:00Z,90810.8
2025-12-10T08:00:00Z,95872.4
2025-12-10T09:00:00Z,98176.7
2025-12-10T10:00:00Z,98795.0
2025-12-10T11:00:00Z,100517.9
2025-12-10T12:00:00Z,102692.6
2025-12-10T13:00:00Z,100611.0
2025-12-10T14:00:00Z,101429.8
2025-12-10T15:00:00Z,98395.4
2025-12-10T16:00:00Z,94071.4
2025-12-10T17:00:00Z,90931.1
2025-12-10T18:00:00Z,86976.2
2025-12-10T19:00:00Z,84673.1
2025-12-10T20:00:00Z,80480.2
2025-12-10T21:00:00Z,79108.0
2025-12-10T22:00:00Z,77200.3
2025-12-10T23:00:00Z,74456.0
2025-12-11T00:00:00Z,72658.4
2025-12-11T01:00:00Z,74808.7
2025-12-11T02:00:00Z,75091.7
2025-12-11T03:00:00Z,77425.4
2025-12-11T04:00:00Z,79677.3
2025-12-11T05:00:00Z,84427.6
2025-12-11T06:00:00Z,86199.5
2025-12-11T07:00:00Z,91715.1
2025-12-11T08:00:00Z,93243.1
2025-12-11T09:00:00Z,97691.4
2025-12-11T10:00:00Z,101407.4
2025-12-11T11:00:00Z,101146.6
2025-12-11T12:00:00Z,101607.3
2025-12-11T13:00:00Z,100527.6
2025-12-11T14:00:00Z,98492.0
2025-12-11T15:00:00Z,97950.4
2025-12-11T16:00:00Z,95384.1
2025-12-11T17:00:00Z,90353.7
2025-12-11T18:00:00Z,87638.3
2025-12-11T19:00:00Z,81671.5
2025-12-11T20:00:00Z,80974.4
2025-12-11T21:00:00Z,77518.2
2025-12-11T22:00:00Z,75309.9
2025-12-11T23:00:00Z,74725.5
2025-12-12T00:00:00Z,74462.5
2025-12-12T01:00:00Z,72571.6
2025-12-12T02:00:00Z,75542.3
2025-12-12T03:00:00Z,77506.9
2025-12-12T04:00:00Z,80557.0
2025-12-12T05:00:00Z,81917.1
2025-12-12T06:00:00Z,88816.9
2025-12-12T07:00:00Z,89788.8
2025-12-12T08:00:00Z,94680.4
2025-12-12T09:00:00Z,97191.4
2025-12-12T10:00:00Z,100594.8
2025-12-12T11:00:00Z,100870.4
2025-12-12T12:00:00Z,103515.6
2025-12-12T13:00:00Z,100634.0
2025-12-12T14:00:00Z,100386.9
2025-12-12T15:00:00Z,96240.7
2025-12-12T16:00:00Z,93309.9
2025-12-12T17:00:00Z,89452.4
2025-12-12T18:00:00Z,87292.6
2025-12-12T19:00:00Z,80907.0
2025-12-12T20:00:00Z,77308.3
2025-12-12T21:00:00Z,76939.3
2025-12-12T22:00:00Z,73544.5
2025-12-12T23:00:00Z,73989.3
2025-12-13T00:00:00Z,68349.9
2025-12-13T01:00:00Z,69297.0
2025-12-13T02:00:00Z,70744.6
2025-12-13T03:00:00Z,73385.6
2025-12-13T04:00:00Z,75975.0
2025-12-13T05:00:00Z,80832.3
2025-12-13T06:00:00Z,82505.6
2025-12-13T07:00:00Z,85006.0
2025-12-13T08:00:00Z,91967.3
2025-12-13T09:00:00Z,92058.5
2025-12-13T10:00:00Z,95843.1
2025-12-13T11:00:00Z,96472.7
2025-12-13T12:00:00Z,95236.4
2025-12-13T13:00:00Z,96449.9
2025-12-13T14:00:00Z,96992.3
2025-12-13T15:00:00Z,94083.0
2025-12-13T16:00:00Z,90972.5
2025-12-13T17:00:00Z,87089.9
2025-12-13T18:00:00Z,81134.3
2025-12-13T19:00:00Z,78846.1
2025-12-13T20:00:00Z,75339.4
2025-12-13T21:00:00Z,73696.0
2025-12-13T22:00:00Z,70839.2
2025-12-13T23:00:00Z,69525.8
2025-12-14T00:00:00Z,68620.7
2025-12-14T01:00:00Z,69054.1
2025-12-14T02:00:00Z,71165.9
2025-12-14T03:00:00Z,72700.7
2025-12-14T04:00:00Z,75636.9
2025-12-14T05:00:00Z,78436.8
2025-12-14T06:00:00Z,85287.1
2025-12-14T07:00:00Z,83815.4
2025-12-14T08:00:00Z,91081.7
2025-12-14T09:00:00Z,94427.7
2025-12-14T10:00:00Z,96058.8
2025-12-14T11:00:00Z,95563.5
2025-12-14T12:00:00Z,97330.7
2025-12-14T13:00:00Z,94595.2
2025-12-14T14:00:00Z,96367.2
2025-12-14T15:00:00Z,91936.7
2025-12-14T16:00:00Z,88918.6
2025-12-14T17:00:00Z,84560.5
2025-12-14T18:00:00Z,83360.3
2025-12-14T19:00:00Z,80191.6
2025-12-14T20:00:00Z,74278.8
2025-12-14T21:00:00Z,73201.3
2025-12-14T22:00:00Z,71076.4
2025-12-14T23:00:00Z,71586.9
2025-12-15T00:00:00Z,73626.1
2025-12-15T01:00:00Z,74796.9
2025-12-15T02:00:00Z,75190.8
2025-12-15T03:00:00Z,78736.5
2025-12-15T04:00:00Z,82304.0
2025-12-15T05:00:00Z,83421.3
2025-12-15T06:00:00Z,85833.6
2025-12-15T07:00:00Z,91728.0
2025-12-15T08:00:00Z,94923.2
2025-12-15T09:00:00Z,96273.6
2025-12-15T10:00:00Z,98160.0
2025-12-15T11:00:00Z,100646.9
2025-12-15T12:00:00Z,101176.7
2025-12-15T13:00:00Z,102579.6
2025-12-15T14:00:00Z,99357.2
2025-12-15T15:00:00Z,95859.5
2025-12-15T16:00:00Z,92686.7
2025-12-15T17:00:00Z,89125.1
2025-12-15T18:00:00Z,88468.7
2025-12-15T19:00:00Z,81062.9
2025-12-15T20:00:00Z,79310.4
2025-12-15T21:00:00Z,76793.2
2025-12-15T22:00:00Z,77136.3
2025-12-15T23:00:00Z,74281.2
2025-12-16T00:00:00Z,72504.1
2025-12-16T01:00:00Z,73717.3
2025-12-16T02:00:00Z,72854.5
2025-12-16T03:00:00Z,74637.6
2025-12-16T04:00:00Z,78220.4
2025-12-16T05:00:00Z,84002.8
2025-12-16T06:00:00Z,87307.8
2025-12-16T07:00:00Z,88768.0
2025-12-16T08:00:00Z,91377.0
2025-12-16T09:00:00Z,96030.3
2025-12-16T10:00:00Z,97830.0
2025-12-16T11:00:00Z,100140.1
2025-12-16T12:00:00Z,100432.5
2025-12-16T13:00:00Z,98063.4
2025-12-16T14:00:00Z,96370.8
2025-12-16T15:00:00Z,97256.7
2025-12-16T16:00:00Z,93172.8
2025-12-16T17:00:00Z,89500.7
2025-12-16T18:00:00Z,86255.5
2025-12-16T19:00:00Z,83635.9
2025-12-16T20:00:00Z,80439.5
2025-12-16T21:00:00Z,76188.8
2025-12-16T22:00:00Z,72639.7
2025-12-16T23:00:00Z,73307.3
2025-12-17T00:00:00Z,72170.7
2025-12-17T01:00:00Z,71688.6
2025-12-17T02:00:00Z,74297.4
2025-12-17T03:00:00Z,76248.3
2025-12-17T04:00:00Z,78213.2
2025-12-17T05:00:00Z,82606.4
2025-12-17T06:00:00Z,87349.1
2025-12-17T07:00:00Z,89230.7
2025-12-17T08:00:00Z,92458.0
2025-12-17T09:00:00Z,95425.1
2025-12-17T10:00:00Z,97487.9
2025-12-17T11:00:00Z,98750.2
2025-12-17T12:00:00Z,101207.5
2025-12-17T13:00:00Z,101211.6
2025-12-17T14:00:00Z,100047.2
2025-12-17T15:00:00Z,96144.8
2025-12-17T16:00:00Z,93350.7
2025-12-17T17:00:00Z,90434.6
2025-12-17T18:00:00Z,87356.2
2025-12-17T19:00:00Z,81190.9
2025-12-17T20:00:00Z,78155.8
2025-12-17T21:00:00Z,75411.2
2025-12-17T22:00:00Z,74047.6
2025-12-17T23:00:00Z,73020.1
2025-12-18T00:00:00Z,72497.4
2025-12-18T01:00:00Z,72733.1
2025-12-18T02:00:00Z,74617.9
2025-12-18T03:00:00Z,76030.7
2025-12-18T04:00:00Z,78573.8
2025-12-18T05:00:00Z,83380.5
2025-12-18T06:00:00Z,86078.1
2025-12-18T07:00:00Z,90675.0
2025-12-18T08:00:00Z,93497.8
2025-12-18T09:00:00Z,97117.4
2025-12-18T10:00:00Z,96690.2
2025-12-18T11:00:00Z,100049.1
2025-12-18T12:00:00Z,101402.9
2025-12-18T13:00:00Z,99335.8
2025-12-18T14:00:00Z,97176.2
2025-12-18T15:00:00Z,95020.8
2025-12-18T16:00:00Z,91457.7
2025-12-18T17:00:00Z,89846.9
2025-12-18T18:00:00Z,84358.8
2025-12-18T19:00:00Z,83681.0
2025-12-18T20:00:00Z,77171.1
2025-12-18T21:00:00Z,75901.5
2025-12-18T22:00:00Z,73698.0
2025-12-18T23:00:00Z,72120.5
2025-12-19T00:00:00Z,69787.4
2025-12-19T01:00:00Z,73138.1
2025-12-19T02:00:00Z,74160.9
2025-12-19T03:00:00Z,75014.9
2025-12-19T04:00:00Z,76882.7
2025-12-19T05:00:00Z,80953.4
2025-12-19T06:00:00Z,84145.4
2025-12-19T07:00:00Z,90550.1
2025-12-19T08:00:00Z,92527.1
2025-12-19T09:00:00Z,94649.1
2025-12-19T10:00:00Z,97589.8
2025-12-19T11:00:00Z,99358.6
2025-12-19T12:00:00Z,99968.7
2025-12-19T13:00:00Z,99053.2
2025-12-19T14:00:00Z,97093.8
2025-12-19T15:00:00Z,97310.2
2025-12-19T16:00:00Z,91698.5
2025-12-19T17:00:00Z,87719.7
2025-12-19T18:00:00Z,85194.4
2025-12-19T19:00:00Z,82377.4
2025-12-19T20:00:00Z,77340.0
2025-12-19T21:00:00Z,74410.4
2025-12-19T22:00:00Z,73904.2
2025-12-19T23:00:00Z,72648.9
2025-12-20T00:00:00Z,67709.5
2025-12-20T01:00:00Z,69838.7
2025-12-20T02:00:00Z,68667.5
2025-12-20T03:00:00Z,69994.2
2025-12-20T04:00:00Z,74434.5
2025-12-20T05:00:00Z,79622.4
2025-12-20T06:00:00Z,82479.4
2025-12-20T07:00:00Z,85530.1
2025-12-20T08:00:00Z,88218.4
2025-12-20T09:00:00Z,90758.0
2025-12-20T10:00:00Z,93445.4
2025-12-20T11:00:00Z,93740.6
2025-12-20T12:00:00Z,95958.6
2025-12-20T13:00:00Z,95372.9
2025-12-20T14:00:00Z,95084.7
2025-12-20T15:00:00Z,89401.3
2025-12-20T16:00:00Z,86868.9
2025-12-20T17:00:00Z,85987.7
2025-12-20T18:00:00Z,81275.9
2025-12-20T19:00:00Z,77510.1
2025-12-20T20:00:00Z,74322.9
2025-12-20T21:00:00Z,70652.7
2025-12-20T22:00:00Z,69709.2
2025-12-20T23:00:00Z,67869.4
2025-12-21T00:00:00Z,66960.0
2025-12-21T01:00:00Z,68535.3
2025-12-21T02:00:00Z,68498.1
2025-12-21T03:00:00Z,73241.4
2025-12-21T04:00:00Z,75407.7
2025-12-21T05:00:00Z,78370.5
2025-12-21T06:00:00Z,81593.8
2025-12-21T07:00:00Z,83396.9
2025-12-21T08:00:00Z,88694.9
2025-12-21T09:00:00Z,93229.7
2025-12-21T10:00:00Z,93669.0
2025-12-21T11:00:00Z,93772.5
2025-12-21T12:00:00Z,96190.6
2025-12-21T13:00:00Z,95154.8
2025-12-21T14:00:00Z,94727.1
2025-12-21T15:00:00Z,92449.3
2025-12-21T16:00:00Z,86949.9
2025-12-21T17:00:00Z,83584.7
2025-12-21T18:00:00Z,79656.8
2025-12-21T19:00:00Z,78534.4
2025-12-21T20:00:00Z,75407.6
2025-12-21T21:00:00Z,73079.5
2025-12-21T22:00:00Z,70564.8
2025-12-21T23:00:00Z,67983.5
2025-12-22T00:00:00Z,71127.5
2025-12-22T01:00:00Z,72485.2
2025-12-22T02:00:00Z,73514.2
2025-12-22T03:00:00Z,75228.9
2025-12-22T04:00:00Z,79065.0
2025-12-22T05:00:00Z,81806.1
2025-12-22T06:00:00Z,84434.3
2025-12-22T07:00:00Z,89936.7
2025-12-22T08:00:00Z,91270.1
2025-12-22T09:00:00Z,97248.1
2025-12-22T10:00:00Z,96782.0
2025-12-22T11:00:00Z,98588.3
2025-12-22T12:00:00Z,99759.8
2025-12-22T13:00:00Z,97850.1
2025-12-22T14:00:00Z,94366.7
2025-12-22T15:00:00Z,96441.0
2025-12-22T16:00:00Z,93200.1
2025-12-22T17:00:00Z,86573.7
2025-12-22T18:00:00Z,85682.8
2025-12-22T19:00:00Z,83489.7
2025-12-22T20:00:00Z,76718.2
2025-12-22T21:00:00Z,75926.5
2025-12-22T22:00:00Z,73129.7
2025-12-22T23:00:00Z,73754.6
2025-12-23T00:00:00Z,71923.9
2025-12-23T01:00:00Z,69894.3
2025-12-23T02:00:00Z,71385.6
2025-12-23T03:00:00Z,74382.2
2025-12-23T04:00:00Z,76254.4
2025-12-23T05:00:00Z,80381.0
2025-12-23T06:00:00Z,86706.2
2025-12-23T07:00:00Z,86982.5
2025-12-23T08:00:00Z,91656.2
2025-12-23T09:00:00Z,97090.8
2025-12-23T10:00:00Z,98983.5
2025-12-23T11:00:00Z,98370.1
2025-12-23T12:00:00Z,96863.1
2025-12-23T13:00:00Z,96894.8
2025-12-23T14:00:00Z,96865.9
2025-12-23T15:00:00Z,95938.5
2025-12-23T16:00:00Z,92923.3
2025-12-23T17:00:00Z,89188.2
2025-12-23T18:00:00Z,84295.6
2025-12-23T19:00:00Z,82765.3
2025-12-23T20:00:00Z,77257.2
2025-12-23T21:00:00Z,76010.3
2025-12-23T22:00:00Z,72217.2
2025-12-23T23:00:00Z,70626.4
2025-12-24T00:00:00Z,72321.0
2025-12-24T01:00:00Z,72832.6
2025-12-24T02:00:00Z,72271.1
2025-12-24T03:00:00Z,75995.1
2025-12-24T04:00:00Z,78047.1
2025-12-24T05:00:00Z,79393.7
2025-12-24T06:00:00Z,84491.9
2025-12-24T07:00:00Z,87179.2
2025-12-24T08:00:00Z,91071.3
2025-12-24T09:00:00Z,92742.2
2025-12-24T10:00:00Z,95315.3
2025-12-24T11:00:00Z,96271.7
2025-12-24T12:00:00Z,100273.4
2025-12-24T13:00:00Z,98436.7
2025-12-24T14:00:00Z,95990.5
2025-12-24T15:00:00Z,93902.8
2025-12-24T16:00:00Z,89499.5
2025-12-24T17:00:00Z,89523.3
2025-12-24T18:00:00Z,84060.6
2025-12-24T19:00:00Z,79624.4
2025-12-24T20:00:00Z,77765.5
2025-12-24T21:00:00Z,73218.2
2025-12-24T22:00:00Z,70072.1
2025-12-24T23:00:00Z,70525.7
2025-12-25T00:00:00Z,68313.7
2025-12-25T01:00:00Z,70717.6
2025-12-25T02:00:00Z,72770.8
2025-12-25T03:00:00Z,72831.2
2025-12-25T04:00:00Z,75963.1
2025-12-25T05:00:00Z,83353.3
2025-12-25T06:00:00Z,84895.5
2025-12-25T07:00:00Z,87538.6
2025-12-25T08:00:00Z,89752.9
2025-12-25T09:00:00Z,91760.0
2025-12-25T10:00:00Z,95825.1
2025-12-25T11:00:00Z,98283.4
2025-12-25T12:00:00Z,98385.9
2025-12-25T13:00:00Z,100366.0
2025-12-25T14:00:00Z,95037.3
2025-12-25T15:00:00Z,93663.3
2025-12-25T16:00:00Z,91517.0
2025-12-25T17:00:00Z,87559.7
2025-12-25T18:00:00Z,83210.9
2025-12-25T19:00:00Z,81054.8
2025-12-25T20:00:00Z,77781.8
2025-12-25T21:00:00Z,74035.5
2025-12-25T22:00:00Z,71520.1
2025-12-25T23:00:00Z,70646.3
2025-12-26T00:00:00Z,71285.8
2025-12-26T01:00:00Z,70262.8
2025-12-26T02:00:00Z,70767.7
2025-12-26T03:00:00Z,73604.9
2025-12-26T04:00:00Z,77865.1
2025-12-26T05:00:00Z,81030.9
2025-12-26T06:00:00Z,82563.9
2025-12-26T07:00:00Z,88990.1
2025-12-26T08:00:00Z,92556.5
2025-12-26T09:00:00Z,93139.1
2025-12-26T10:00:00Z,94397.0
2025-12-26T11:00:00Z,95891.8
2025-12-26T12:00:00Z,97902.7
2025-12-26T13:00:00Z,97239.5
2025-12-26T14:00:00Z,96975.8
2025-12-26T15:00:00Z,93948.7
2025-12-26T16:00:00Z,91654.8
2025-12-26T17:00:00Z,87897.8
2025-12-26T18:00:00Z,84149.3
2025-12-26T19:00:00Z,77650.5
2025-12-26T20:00:00Z,77031.9
2025-12-26T21:00:00Z,73324.4
2025-12-26T22:00:00Z,70668.4
2025-12-26T23:00:00Z,69762.0
2025-12-27T00:00:00Z,65376.3
2025-12-27T01:00:00Z,65160.1
2025-12-27T02:00:00Z,66351.8
2025-12-27T03:00:00Z,69118.2
2025-12-27T04:00:00Z,71382.9
2025-12-27T05:00:00Z,75420.5
2025-12-27T06:00:00Z,80994.7
2025-12-27T07:00:00Z,84633.4
2025-12-27T08:00:00Z,87326.6
2025-12-27T09:00:00Z,90248.2
2025-12-27T10:00:00Z,91692.8
2025-12-27T11:00:00Z,94076.2
2025-12-27T12:00:00Z,93768.5
2025-12-27T13:00:00Z,95710.5
2025-12-27T14:00:00Z,91306.8
2025-12-27T15:00:00Z,91498.2
2025-12-27T16:00:00Z,87317.4
2025-12-27T17:00:00Z,82312.0
2025-12-27T18:00:00Z,78389.5
2025-12-27T19:00:00Z,77139.8
2025-12-27T20:00:00Z,72075.9
2025-12-27T21:00:00Z,70273.9
2025-12-27T22:00:00Z,67524.2
2025-12-27T23:00:00Z,65190.5
2025-12-28T00:00:00Z,64745.4
2025-12-28T01:00:00Z,66233.5
2025-12-28T02:00:00Z,66956.4
2025-12-28T03:00:00Z,70298.3
2025-12-28T04:00:00Z,72820.2
2025-12-28T05:00:00Z,76210.8
2025-12-28T06:00:00Z,80063.6
2025-12-28T07:00:00Z,81821.0
2025-12-28T08:00:00Z,87184.9
2025-12-28T09:00:00Z,89358.5
2025-12-28T10:00:00Z,88637.4
2025-12-28T11:00:00Z,94438.2
2025-12-28T12:00:00Z,94573.8
2025-12-28T13:00:00Z,94691.5
2025-12-28T14:00:00Z,88367.7
2025-12-28T15:00:00Z,90514.5
2025-12-28T16:00:00Z,85173.8
2025-12-28T17:00:00Z,82486.3
2025-12-28T18:00:00Z,77062.2
2025-12-28T19:00:00Z,76278.4
2025-12-28T20:00:00Z,71809.8
2025-12-28T21:00:00Z,71354.0
2025-12-28T22:00:00Z,66623.1
2025-12-28T23:00:00Z,66071.8
2025-12-29T00:00:00Z,70781.2
2025-12-29T01:00:00Z,68997.0
2025-12-29T02:00:00Z,69429.7
2025-12-29T03:00:00Z,73840.5
2025-12-29T04:00:00Z,75043.7
2025-12-29T05:00:00Z,78736.1
2025-12-29T06:00:00Z,83461.2
2025-12-29T07:00:00Z,87049.2
2025-12-29T08:00:00Z,91811.9
2025-12-29T09:00:00Z,92253.1
2025-12-29T10:00:00Z,94658.8
2025-12-29T11:00:00Z,98118.6
2025-12-29T12:00:00Z,97342.7
2025-12-29T13:00:00Z,95964.4
2025-12-29T14:00:00Z,95150.8
2025-12-29T15:00:00Z,93429.6
2025-12-29T16:00:00Z,89095.2
2025-12-29T17:00:00Z,86156.4
2025-12-29T18:00:00Z,80699.2
2025-12-29T19:00:00Z,80893.1
2025-12-29T20:00:00Z,74229.4
2025-12-29T21:00:00Z,74136.8
2025-12-29T22:00:00Z,71245.7
2025-12-29T23:00:00Z,71139.7
2025-12-30T00:00:00Z,68529.6
2025-12-30T01:00:00Z,70399.7
2025-12-30T02:00:00Z,70888.7
2025-12-30T03:00:00Z,71303.5
2025-12-30T04:00:00Z,76194.6
2025-12-30T05:00:00Z,79723.6
2025-12-30T06:00:00Z,81322.3
2025-12-30T07:00:00Z,87244.3
2025-12-30T08:00:00Z,91009.8
2025-12-30T09:00:00Z,92829.5
2025-12-30T10:00:00Z,96613.0
2025-12-30T11:00:00Z,96689.3
2025-12-30T12:00:00Z,97328.5
2025-12-30T13:00:00Z,97516.6
2025-12-30T14:00:00Z,94363.4
2025-12-30T15:00:00Z,93575.1
2025-12-30T16:00:00Z,90843.1
2025-12-30T17:00:00Z,86969.9
2025-12-30T18:00:00Z,81812.1
2025-12-30T19:00:00Z,79007.4
2025-12-30T20:00:00Z,77103.0
2025-12-30T21:00:00Z,73077.2
2025-12-30T22:00:00Z,71365.2
2025-12-30T23:00:00Z,71095.3
2025-12-31T00:00:00Z,67190.1
2025-12-31T01:00:00Z,68616.3
2025-12-31T02:00:00Z,69429.7
2025-12-31T03:00:00Z,72538.9
2025-12-31T04:00:00Z,76816.3
2025-12-31T05:00:00Z,78291.5
2025-12-31T06:00:00Z,84895.9
2025-12-31T07:00:00Z,85276.8
2025-12-31T08:00:00Z,89916.1
2025-12-31T09:00:00Z,93708.2
2025-12-31T10:00:00Z,93506.3
2025-12-31T11:00:00Z,94011.7
2025-12-31T12:00:00Z,95545.8
2025-12-31T13:00:00Z,97991.7
2025-12-31T14:00:00Z,96687.6
2025-12-31T15:00:00Z,88544.8
2025-12-31T16:00:00Z,89708.0
2025-12-31T17:00:00Z,86208.9
2025-12-31T18:00:00Z,80591.9
2025-12-31T19:00:00Z,78523.7
2025-12-31T20:00:00Z,76794.0
2025-12-31T21:00:00Z,71534.7
2025-12-31T22:00:00Z,72205.0
2025-12-31T23:00:00Z,69377.3
2026-01-01T00:00:00Z,68070.6
2026-01-01T01:00:00Z,67828.5
2026-01-01T02:00:00Z,70443.5
2026-01-01T03:00:00Z,73849.0
2026-01-01T04:00:00Z,74828.9
2026-01-01T05:00:00Z,77517.5
2026-01-01T06:00:00Z,81483.5
2026-01-01T07:00:00Z,85030.1
2026-01-01T08:00:00Z,89778.7
2026-01-01T09:00:00Z,91551.2
2026-01-01T10:00:00Z,92396.3
2026-01-01T11:00:00Z,96384.6
2026-01-01T12:00:00Z,96297.4
2026-01-01T13:00:00Z,95491.6
2026-01-01T14:00:00Z,94863.9
2026-01-01T15:00:00Z,94341.7
2026-01-01T16:00:00Z,89875.8
2026-01-01T17:00:00Z,86566.7
2026-01-01T18:00:00Z,80583.5
2026-01-01T19:00:00Z,77755.4
2026-01-01T20:00:00Z,73624.3
2026-01-01T21:00:00Z,73520.1
2026-01-01T22:00:00Z,69183.3
2026-01-01T23:00:00Z,68260.6
2026-01-02T00:00:00Z,68046.2
2026-01-02T01:00:00Z,68928.4
2026-01-02T02:00:00Z,68738.5
2026-01-02T03:00:00Z,71465.4
2026-01-02T04:00:00Z,76793.0
2026-01-02T05:00:00Z,78392.8
2026-01-02T06:00:00Z,83371.7
2026-01-02T07:00:00Z,84875.8
2026-01-02T08:00:00Z,89700.3
2026-01-02T09:00:00Z,93045.3
2026-01-02T10:00:00Z,96073.3
2026-01-02T11:00:00Z,95108.5
2026-01-02T12:00:00Z,94746.1
2026-01-02T13:00:00Z,95835.3
2026-01-02T14:00:00Z,93730.9
2026-01-02T15:00:00Z,90823.0
2026-01-02T16:00:00Z,88856.2
2026-01-02T17:00:00Z,86396.7
2026-01-02T18:00:00Z,82151.4
2026-01-02T19:00:00Z,79784.6
2026-01-02T20:00:00Z,74545.7
2026-01-02T21:00:00Z,70693.5
2026-01-02T22:00:00Z,69842.9
2026-01-02T23:00:00Z,69436.8
2026-01-03T00:00:00Z,61871.9
2026-01-03T01:00:00Z,63851.6
2026-01-03T02:00:00Z,67098.1
2026-01-03T03:00:00Z,68059.5
2026-01-03T04:00:00Z,74116.7
2026-01-03T05:00:00Z,71611.5
2026-01-03T06:00:00Z,75974.8
2026-01-03T07:00:00Z,81893.3
2026-01-03T08:00:00Z,84854.3
2026-01-03T09:00:00Z,86716.3
2026-01-03T10:00:00Z,88949.9
2026-01-03T11:00:00Z,90008.8
2026-01-03T12:00:00Z,90327.2
2026-01-03T13:00:00Z,92193.8
2026-01-03T14:00:00Z,89130.1
2026-01-03T15:00:00Z,88481.9
2026-01-03T16:00:00Z,83976.0
2026-01-03T17:00:00Z,80659.3
2026-01-03T18:00:00Z,78093.2
2026-01-03T19:00:00Z,74666.2
2026-01-03T20:00:00Z,73114.1
2026-01-03T21:00:00Z,67678.1
2026-01-03T22:00:00Z,63881.0
2026-01-03T23:00:00Z,64714.0
2026-01-04T00:00:00Z,63193.6
2026-01-04T01:00:00Z,65004.2
2026-01-04T02:00:00Z,65097.7
2026-01-04T03:00:00Z,66398.0
2026-01-04T04:00:00Z,69355.4
2026-01-04T05:00:00Z,74273.9
2026-01-04T06:00:00Z,76251.9
2026-01-04T07:00:00Z,82834.6
2026-01-04T08:00:00Z,85028.5
2026-01-04T09:00:00Z,86491.8
2026-01-04T10:00:00Z,88025.5
2026-01-04T11:00:00Z,91613.7
2026-01-04T12:00:00Z,90798.2
2026-01-04T13:00:00Z,89531.8
2026-01-04T14:00:00Z,88510.0
2026-01-04T15:00:00Z,87493.3
2026-01-04T16:00:00Z,83262.4
2026-01-04T17:00:00Z,81950.5
2026-01-04T18:00:00Z,79409.7
2026-01-04T19:00:00Z,73217.4
2026-01-04T20:00:00Z,70168.1
2026-01-04T21:00:00Z,69958.8
2026-01-04T22:00:00Z,64627.0
2026-01-04T23:00:00Z,65945.0
2026-01-05T00:00:00Z,64243.3
2026-01-05T01:00:00Z,65208.4
2026-01-05T02:00:00Z,66807.1
2026-01-05T03:00:00Z,72825.0
2026-01-05T04:00:00Z,73694.6
2026-01-05T05:00:00Z,78149.5
2026-01-05T06:00:00Z,79994.6
2026-01-05T07:00:00Z,85283.4
2026-01-05T08:00:00Z,86756.8
2026-01-05T09:00:00Z,91293.1
2026-01-05T10:00:00Z,91414.0
2026-01-05T11:00:00Z,95040.6
2026-01-05T12:00:00Z,95908.5
2026-01-05T13:00:00Z,94150.9
2026-01-05T14:00:00Z,94189.5
2026-01-05T15:00:00Z,91608.5
2026-01-05T16:00:00Z,86921.1
2026-01-05T17:00:00Z,83999.3
2026-01-05T18:00:00Z,82548.0
2026-01-05T19:00:00Z,76157.0
2026-01-05T20:00:00Z,74388.4
2026-01-05T21:00:00Z,71032.4
2026-01-05T22:00:00Z,69882.7
2026-01-05T23:00:00Z,69557.8
2026-01-06T00:00:00Z,67259.2
2026-01-06T01:00:00Z,67416.0
2026-01-06T02:00:00Z,67072.7
2026-01-06T03:00:00Z,70928.1
2026-01-06T04:00:00Z,71870.7
2026-01-06T05:00:00Z,77213.8
2026-01-06T06:00:00Z,78733.7
2026-01-06T07:00:00Z,84792.0
2026-01-06T08:00:00Z,89044.0
2026-01-06T09:00:00Z,89620.9
2026-01-06T10:00:00Z,90498.9
2026-01-06T11:00:00Z,95144.1
2026-01-06T12:00:00Z,93529.9
2026-01-06T13:00:00Z,93321.9
2026-01-06T14:00:00Z,92569.5
2026-01-06T15:00:00Z,89963.2
2026-01-06T16:00:00Z,87834.3
2026-01-06T17:00:00Z,86172.1
2026-01-06T18:00:00Z,80362.3
2026-01-06T19:00:00Z,77425.0
2026-01-06T20:00:00Z,73803.5
2026-01-06T21:00:00Z,71313.3
2026-01-06T22:00:00Z,67250.6
2026-01-06T23:00:00Z,67197.0
2026-01-07T00:00:00Z,68132.5
2026-01-07T01:00:00Z,67839.3
2026-01-07T02:00:00Z,68314.9
2026-01-07T03:00:00Z,71083.0
2026-01-07T04:00:00Z,74232.4
2026-01-07T05:00:00Z,76560.0
2026-01-07T06:00:00Z,78964.9
2026-01-07T07:00:00Z,85364.3
2026-01-07T08:00:00Z,88665.4
2026-01-07T09:00:00Z,89683.4
2026-01-07T10:00:00Z,91796.1
2026-01-07T11:00:00Z,95795.6
2026-01-07T12:00:00Z,96603.7
2026-01-07T13:00:00Z,91259.3
2026-01-07T14:00:00Z,92757.6
2026-01-07T15:00:00Z,91087.8
2026-01-07T16:00:00Z,87530.7
2026-01-07T17:00:00Z,83301.2
2026-01-07T18:00:00Z,81326.3
2026-01-07T19:00:00Z,79098.2
2026-01-07T20:00:00Z,71515.9
2026-01-07T21:00:00Z,68109.7
2026-01-07T22:00:00Z,69924.4
2026-01-07T23:00:00Z,67458.8
2026-01-08T00:00:00Z,66189.0
2026-01-08T01:00:00Z,67301.4
2026-01-08T02:00:00Z,70381.8
2026-01-08T03:00:00Z,68094.0
2026-01-08T04:00:00Z,70873.4
2026-01-08T05:00:00Z,78253.1
2026-01-08T06:00:00Z,78598.2
2026-01-08T07:00:00Z,85463.0
2026-01-08T08:00:00Z,84905.9
2026-01-08T09:00:00Z,88395.9
2026-01-08T10:00:00Z,89729.7
2026-01-08T11:00:00Z,93512.4
2026-01-08T12:00:00Z,95020.7
2026-01-08T13:00:00Z,94768.3
2026-01-08T14:00:00Z,92326.9
2026-01-08T15:00:00Z,89378.7
2026-01-08T16:00:00Z,87861.9
2026-01-08T17:00:00Z,81865.8
2026-01-08T18:00:00Z,80745.6
2026-01-08T19:00:00Z,77721.7
2026-01-08T20:00:00Z,74234.3
2026-01-08T21:00:00Z,70004.8
2026-01-08T22:00:00Z,66990.5
2026-01-08T23:00:00Z,69544.2
2026-01-09T00:00:00Z,63893.5
2026-01-09T01:00:00Z,65029.6
2026-01-09T02:00:00Z,69259.7
2026-01-09T03:00:00Z,71338.6
2026-01-09T04:00:00Z,71429.0
2026-01-09T05:00:00Z,74918.2
2026-01-09T06:00:00Z,79440.3
2026-01-09T07:00:00Z,83611.3
2026-01-09T08:00:00Z,86565.5
2026-01-09T09:00:00Z,90494.3
2026-01-09T10:00:00Z,94062.6
2026-01-09T11:00:00Z,91694.0
2026-01-09T12:00:00Z,93199.8
2026-01-09T13:00:00Z,92365.7
2026-01-09T14:00:00Z,92003.6
2026-01-09T15:00:00Z,89285.9
2026-01-09T16:00:00Z,88073.4
2026-01-09T17:00:00Z,82928.1
2026-01-09T18:00:00Z,80074.8
2026-01-09T19:00:00Z,77506.5
2026-01-09T20:00:00Z,73858.2
2026-01-09T21:00:00Z,69998.4
2026-01-09T22:00:00Z,68302.6
2026-01-09T23:00:00Z,66419.7
2026-01-10T00:00:00Z,62650.9
2026-01-10T01:00:00Z,62465.7
2026-01-10T02:00:00Z,65196.0
2026-01-10T03:00:00Z,64301.8
2026-01-10T04:00:00Z,67262.5
2026-01-10T05:00:00Z,72226.4
2026-01-10T06:00:00Z,75261.0
2026-01-10T07:00:00Z,79244.6
2026-01-10T08:00:00Z,83416.6
2026-01-10T09:00:00Z,83750.9
2026-01-10T10:00:00Z,87106.7
2026-01-10T11:00:00Z,88325.4
2026-01-10T12:00:00Z,90884.0
2026-01-10T13:00:00Z,89828.2
2026-01-10T14:00:00Z,87948.2
2026-01-10T15:00:00Z,85385.3
2026-01-10T16:00:00Z,81248.3
2026-01-10T17:00:00Z,79511.3
2026-01-10T18:00:00Z,75257.7
2026-01-10T19:00:00Z,72930.9
2026-01-10T20:00:00Z,67851.9
2026-01-10T21:00:00Z,65837.9
2026-01-10T22:00:00Z,63277.5
2026-01-10T23:00:00Z,61226.9
2026-01-11T00:00:00Z,62716.5
2026-01-11T01:00:00Z,60530.1
2026-01-11T02:00:00Z,63841.3
2026-01-11T03:00:00Z,65177.9
2026-01-11T04:00:00Z,68170.4
2026-01-11T05:00:00Z,71524.6
2026-01-11T06:00:00Z,76477.2
2026-01-11T07:00:00Z,80191.4
2026-01-11T08:00:00Z,82099.3
2026-01-11T09:00:00Z,86145.4
2026-01-11T10:00:00Z,85962.2
2026-01-11T11:00:00Z,90990.8
2026-01-11T12:00:00Z,87111.7
2026-01-11T13:00:00Z,88552.6
2026-01-11T14:00:00Z,89403.8
2026-01-11T15:00:00Z,84107.0
2026-01-11T16:00:00Z,82105.6
2026-01-11T17:00:00Z,78362.4
2026-01-11T18:00:00Z,74786.3
2026-01-11T19:00:00Z,72419.7
2026-01-11T20:00:00Z,67958.7
2026-01-11T21:00:00Z,63134.6
2026-01-11T22:00:00Z,65984.3
2026-01-11T23:00:00Z,61831.8
2026-01-12T00:00:00Z,65427.9
2026-01-12T01:00:00Z,64928.6
2026-01-12T02:00:00Z,67012.9
2026-01-12T03:00:00Z,67102.8
2026-01-12T04:00:00Z,72379.4
2026-01-12T05:00:00Z,75300.0
2026-01-12T06:00:00Z,76963.5
2026-01-12T07:00:00Z,81816.0
2026-01-12T08:00:00Z,85465.5
2026-01-12T09:00:00Z,90753.7
2026-01-12T10:00:00Z,91239.1
2026-01-12T11:00:00Z,91172.8
2026-01-12T12:00:00Z,92857.8
2026-01-12T13:00:00Z,93482.3
2026-01-12T14:00:00Z,93067.4
2026-01-12T15:00:00Z,88786.3
2026-01-12T16:00:00Z,86165.4
2026-01-12T17:00:00Z,81805.0
2026-01-12T18:00:00Z,79313.6
2026-01-12T19:00:00Z,75547.9
2026-01-12T20:00:00Z,70529.2
2026-01-12T21:00:00Z,68892.5
2026-01-12T22:00:00Z,66985.6
2026-01-12T23:00:00Z,65501.3
2026-01-13T00:00:00Z,64109.1
2026-01-13T01:00:00Z,65642.2
2026-01-13T02:00:00Z,65961.8
2026-01-13T03:00:00Z,69921.0
2026-01-13T04:00:00Z,71964.3
2026-01-13T05:00:00Z,76321.0
2026-01-13T06:00:00Z,77400.3
2026-01-13T07:00:00Z,84828.2
2026-01-13T08:00:00Z,84190.9
2026-01-13T09:00:00Z,87095.9
2026-01-13T10:00:00Z,90643.0
2026-01-13T11:00:00Z,91512.8
2026-01-13T12:00:00Z,92499.1
2026-01-13T13:00:00Z,91284.3
2026-01-13T14:00:00Z,89604.9
2026-01-13T15:00:00Z,89289.1
2026-01-13T16:00:00Z,84905.1
2026-01-13T17:00:00Z,79916.6
2026-01-13T18:00:00Z,77799.8
2026-01-13T19:00:00Z,75774.6
2026-01-13T20:00:00Z,72767.5
2026-01-13T21:00:00Z,67575.1
2026-01-13T22:00:00Z,65711.1
2026-01-13T23:00:00Z,65141.3
2026-01-14T00:00:00Z,63585.8
2026-01-14T01:00:00Z,63860.1
2026-01-14T02:00:00Z,64431.6
2026-01-14T03:00:00Z,68887.7
2026-01-14T04:00:00Z,72614.0
2026-01-14T05:00:00Z,74116.5
2026-01-14T06:00:00Z,78062.1
2026-01-14T07:00:00Z,82235.6
2026-01-14T08:00:00Z,84237.3
2026-01-14T09:00:00Z,88254.5
2026-01-14T10:00:00Z,90353.0
2026-01-14T11:00:00Z,89976.4
2026-01-14T12:00:00Z,91675.5
2026-01-14T13:00:00Z,91878.1
2026-01-14T14:00:00Z,91130.4
2026-01-14T15:00:00Z,89689.5
2026-01-14T16:00:00Z,85661.4
2026-01-14T17:00:00Z,82143.0
2026-01-14T18:00:00Z,78438.9
2026-01-14T19:00:00Z,75079.8
2026-01-14T20:00:00Z,72914.3
2026-01-14T21:00:00Z,70900.9
2026-01-14T22:00:00Z,66691.9
2026-01-14T23:00:00Z,64780.3
2026-01-15T00:00:00Z,64104.2
2026-01-15T01:00:00Z,64284.5
2026-01-15T02:00:00Z,65629.7
2026-01-15T03:00:00Z,69950.7
2026-01-15T04:00:00Z,71135.5
2026-01-15T05:00:00Z,74163.7
2026-01-15T06:00:00Z,79095.0
2026-01-15T07:00:00Z,82292.4
2026-01-15T08:00:00Z,84008.1
2026-01-15T09:00:00Z,89058.1
2026-01-15T10:00:00Z,89692.5
2026-01-15T11:00:00Z,91960.0
2026-01-15T12:00:00Z,91789.8
2026-01-15T13:00:00Z,89550.2
2026-01-15T14:00:00Z,90416.4
2026-01-15T15:00:00Z,86571.4
2026-01-15T16:00:00Z,85178.3
2026-01-15T17:00:00Z,80951.1
2026-01-15T18:00:00Z,77558.7
2026-01-15T19:00:00Z,73384.4
2026-01-15T20:00:00Z,71342.0
2026-01-15T21:00:00Z,68053.9
2026-01-15T22:00:00Z,63450.4
2026-01-15T23:00:00Z,64192.5
2026-01-16T00:00:00Z,64001.4
2026-01-16T01:00:00Z,65673.1
2026-01-16T02:00:00Z,65452.4
2026-01-16T03:00:00Z,68223.1
2026-01-16T04:00:00Z,70848.4
2026-01-16T05:00:00Z,74970.4
2026-01-16T06:00:00Z,75710.8
2026-01-16T07:00:00Z,80200.4
2026-01-16T08:00:00Z,83585.0
2026-01-16T09:00:00Z,86799.0
2026-01-16T10:00:00Z,88747.8
2026-01-16T11:00:00Z,91294.0
2026-01-16T12:00:00Z,94016.0
2026-01-16T13:00:00Z,91773.7
2026-01-16T14:00:00Z,90733.2
2026-01-16T15:00:00Z,88095.3
2026-01-16T16:00:00Z,85026.4
2026-01-16T17:00:00Z,81420.9
2026-01-16T18:00:00Z,76889.4
2026-01-16T19:00:00Z,73573.9
2026-01-16T20:00:00Z,68710.4
2026-01-16T21:00:00Z,67453.1
2026-01-16T22:00:00Z,66939.6
2026-01-16T23:00:00Z,65825.7
2026-01-17T00:00:00Z,62093.7
2026-01-17T01:00:00Z,59752.5
2026-01-17T02:00:00Z,62423.1
2026-01-17T03:00:00Z,62976.7
2026-01-17T04:00:00Z,65594.8
2026-01-17T05:00:00Z,70123.2
2026-01-17T06:00:00Z,75051.7
2026-01-17T07:00:00Z,78113.9
2026-01-17T08:00:00Z,80304.5
2026-01-17T09:00:00Z,82314.2
2026-01-17T10:00:00Z,84140.8
2026-01-17T11:00:00Z,87668.3
2026-01-17T12:00:00Z,88655.4
2026-01-17T13:00:00Z,88123.4
2026-01-17T14:00:00Z,86564.8
2026-01-17T15:00:00Z,83938.4
2026-01-17T16:00:00Z,83474.4
2026-01-17T17:00:00Z,78164.2
2026-01-17T18:00:00Z,73733.3
2026-01-17T19:00:00Z,70568.2
2026-01-17T20:00:00Z,67776.4
2026-01-17T21:00:00Z,61714.5
2026-01-17T22:00:00Z,62205.2
2026-01-17T23:00:00Z,60495.0
2026-01-18T00:00:00Z,58741.4
2026-01-18T01:00:00Z,59303.1
2026-01-18T02:00:00Z,61908.6
2026-01-18T03:00:00Z,65271.7
2026-01-18T04:00:00Z,67339.7
2026-01-18T05:00:00Z,70785.4
2026-01-18T06:00:00Z,74095.7
2026-01-18T07:00:00Z,76596.6
2026-01-18T08:00:00Z,79828.9
2026-01-18T09:00:00Z,83672.8
2026-01-18T10:00:00Z,85325.8
2026-01-18T11:00:00Z,84800.9
2026-01-18T12:00:00Z,86367.1
2026-01-18T13:00:00Z,87210.2
2026-01-18T14:00:00Z,83131.0
2026-01-18T15:00:00Z,83964.2
2026-01-18T16:00:00Z,80105.4
2026-01-18T17:00:00Z,77657.9
2026-01-18T18:00:00Z,74239.4
2026-01-18T19:00:00Z,69622.8
2026-01-18T20:00:00Z,65195.2
2026-01-18T21:00:00Z,64956.4
2026-01-18T22:00:00Z,61401.7
2026-01-18T23:00:00Z,58773.1
2026-01-19T00:00:00Z,60970.6
2026-01-19T01:00:00Z,64682.0
2026-01-19T02:00:00Z,64671.3
2026-01-19T03:00:00Z,65305.5
2026-01-19T04:00:00Z,68341.6
2026-01-19T05:00:00Z,73143.1
2026-01-19T06:00:00Z,75506.2
2026-01-19T07:00:00Z,83022.2
2026-01-19T08:00:00Z,85503.3
2026-01-19T09:00:00Z,87876.9
2026-01-19T10:00:00Z,90298.2
2026-01-19T11:00:00Z,90379.7
2026-01-19T12:00:00Z,91316.3
2026-01-19T13:00:00Z,92472.4
2026-01-19T14:00:00Z,89466.6
2026-01-19T15:00:00Z,87091.1
2026-01-19T16:00:00Z,83801.7
2026-01-19T17:00:00Z,81283.8
2026-01-19T18:00:00Z,76708.6
2026-01-19T19:00:00Z,74410.7
2026-01-19T20:00:00Z,70964.6
2026-01-19T21:00:00Z,67916.0
2026-01-19T22:00:00Z,64277.7
2026-01-19T23:00:00Z,62558.5
2026-01-20T00:00:00Z,63310.5
2026-01-20T01:00:00Z,63236.4
2026-01-20T02:00:00Z,64900.6
2026-01-20T03:00:00Z,66812.4
2026-01-20T04:00:00Z,66792.6
2026-01-20T05:00:00Z,71835.2
2026-01-20T06:00:00Z,75728.5
2026-01-20T07:00:00Z,80601.4
2026-01-20T08:00:00Z,82863.7
2026-01-20T09:00:00Z,86153.6
2026-01-20T10:00:00Z,88974.4
2026-01-20T11:00:00Z,91374.2
2026-01-20T12:00:00Z,90467.0
2026-01-20T13:00:00Z,90825.1
2026-01-20T14:00:00Z,88419.9
2026-01-20T15:00:00Z,84725.8
2026-01-20T16:00:00Z,85140.0
2026-01-20T17:00:00Z,80932.8
2026-01-20T18:00:00Z,75390.2
2026-01-20T19:00:00Z,72246.1
2026-01-20T20:00:00Z,70219.2
2026-01-20T21:00:00Z,66019.3
2026-01-20T22:00:00Z,64018.7
2026-01-20T23:00:00Z,62870.6
2026-01-21T00:00:00Z,62247.9
2026-01-21T01:00:00Z,61450.0
2026-01-21T02:00:00Z,63809.8
2026-01-21T03:00:00Z,65859.8
2026-01-21T04:00:00Z,68039.3
2026-01-21T05:00:00Z,72081.9
2026-01-21T06:00:00Z,76887.7
2026-01-21T07:00:00Z,78444.8
2026-01-21T08:00:00Z,83168.1
2026-01-21T09:00:00Z,85794.9
2026-01-21T10:00:00Z,88782.0
2026-01-21T11:00:00Z,89641.9
2026-01-21T12:00:00Z,89898.4
2026-01-21T13:00:00Z,88964.8
2026-01-21T14:00:00Z,89963.2
2026-01-21T15:00:00Z,85123.7
2026-01-21T16:00:00Z,81894.9
2026-01-21T17:00:00Z,79037.4
2026-01-21T18:00:00Z,74417.0
2026-01-21T19:00:00Z,75005.0
2026-01-21T20:00:00Z,68126.8
2026-01-21T21:00:00Z,66137.7
2026-01-21T22:00:00Z,63342.3
2026-01-21T23:00:00Z,61695.2
2026-01-22T00:00:00Z,62968.1
2026-01-22T01:00:00Z,64365.1
2026-01-22T02:00:00Z,64839.5
2026-01-22T03:00:00Z,66113.2
2026-01-22T04:00:00Z,69588.1
2026-01-22T05:00:00Z,73058.0
2026-01-22T06:00:00Z,75618.5
2026-01-22T07:00:00Z,81727.1
2026-01-22T08:00:00Z,81735.5
2026-01-22T09:00:00Z,84823.5
2026-01-22T10:00:00Z,89552.3
2026-01-22T11:00:00Z,91078.5
2026-01-22T12:00:00Z,91451.7
2026-01-22T13:00:00Z,91730.5
2026-01-22T14:00:00Z,86928.3
2026-01-22T15:00:00Z,85628.0
2026-01-22T16:00:00Z,83244.2
2026-01-22T17:00:00Z,80510.6
2026-01-22T18:00:00Z,76303.6
2026-01-22T19:00:00Z,70840.0
2026-01-22T20:00:00Z,70130.1
2026-01-22T21:00:00Z,65179.2
2026-01-22T22:00:00Z,64536.0
2026-01-22T23:00:00Z,61578.7
2026-01-23T00:00:00Z,64118.9
2026-01-23T01:00:00Z,61419.1
2026-01-23T02:00:00Z,64803.2
2026-01-23T03:00:00Z,64408.9
2026-01-23T04:00:00Z,68851.2
2026-01-23T05:00:00Z,71913.7
2026-01-23T06:00:00Z,75460.4
2026-01-23T07:00:00Z,78101.3
2026-01-23T08:00:00Z,84723.0
2026-01-23T09:00:00Z,84806.5
2026-01-23T10:00:00Z,87322.8
2026-01-23T11:00:00Z,88638.5
2026-01-23T12:00:00Z,89578.8
2026-01-23T13:00:00Z,89880.4
2026-01-23T14:00:00Z,86725.8
2026-01-23T15:00:00Z,86394.6
2026-01-23T16:00:00Z,83472.5
2026-01-23T17:00:00Z,80845.2
2026-01-23T18:00:00Z,75187.0
2026-01-23T19:00:00Z,71068.3
2026-01-23T20:00:00Z,68772.7
2026-01-23T21:00:00Z,67608.9
2026-01-23T22:00:00Z,65943.7
2026-01-23T23:00:00Z,63465.0
2026-01-24T00:00:00Z,58845.7
2026-01-24T01:00:00Z,56775.7
2026-01-24T02:00:00Z,59675.5
2026-01-24T03:00:00Z,61398.5
2026-01-24T04:00:00Z,63840.2
2026-01-24T05:00:00Z,69666.7
2026-01-24T06:00:00Z,71981.5
2026-01-24T07:00:00Z,75921.4
2026-01-24T08:00:00Z,81611.3
2026-01-24T09:00:00Z,81487.6
2026-01-24T10:00:00Z,82475.6
2026-01-24T11:00:00Z,87054.9
2026-01-24T12:00:00Z,81844.4
2026-01-24T13:00:00Z,86079.0
2026-01-24T14:00:00Z,86116.0
2026-01-24T15:00:00Z,80339.3
2026-01-24T16:00:00Z,80990.0
2026-01-24T17:00:00Z,73743.9
2026-01-24T18:00:00Z,71099.2
2026-01-24T19:00:00Z,69637.8
2026-01-24T20:00:00Z,65467.8
2026-01-24T21:00:00Z,63309.4
2026-01-24T22:00:00Z,58969.6
2026-01-24T23:00:00Z,58082.4
2026-01-25T00:00:00Z,56107.7
2026-01-25T01:00:00Z,57172.3
2026-01-25T02:00:00Z,58856.3
2026-01-25T03:00:00Z,61159.4
2026-01-25T04:00:00Z,65251.4
2026-01-25T05:00:00Z,67604.5
2026-01-25T06:00:00Z,71216.9
2026-01-25T07:00:00Z,74909.5
2026-01-25T08:00:00Z,78876.9
2026-01-25T09:00:00Z,81286.7
2026-01-25T10:00:00Z,82691.3
2026-01-25T11:00:00Z,82511.7
2026-01-25T12:00:00Z,84862.0
2026-01-25T13:00:00Z,84192.1
2026-01-25T14:00:00Z,83652.7
2026-01-25T15:00:00Z,81638.6
2026-01-25T16:00:00Z,76943.5
2026-01-25T17:00:00Z,73322.6
2026-01-25T18:00:00Z,72097.8
2026-01-25T19:00:00Z,65425.1
2026-01-25T20:00:00Z,64208.6
2026-01-25T21:00:00Z,61816.2
2026-01-25T22:00:00Z,61289.8
2026-01-25T23:00:00Z,57796.5
2026-01-26T00:00:00Z,60061.8
2026-01-26T01:00:00Z,63158.3
2026-01-26T02:00:00Z,63539.9
2026-01-26T03:00:00Z,64332.8
2026-01-26T04:00:00Z,66652.5
2026-01-26T05:00:00Z,70436.0
2026-01-26T06:00:00Z,74667.0
2026-01-26T07:00:00Z,77403.4
2026-01-26T08:00:00Z,82172.3
2026-01-26T09:00:00Z,84917.8
2026-01-26T10:00:00Z,88514.5
2026-01-26T11:00:00Z,89375.0
2026-01-26T12:00:00Z,87847.3
2026-01-26T13:00:00Z,87114.4
2026-01-26T14:00:00Z,87478.6
2026-01-26T15:00:00Z,83792.9
2026-01-26T16:00:00Z,81790.8
2026-01-26T17:00:00Z,77428.1
2026-01-26T18:00:00Z,74461.6
2026-01-26T19:00:00Z,73164.6
2026-01-26T20:00:00Z,66300.5
2026-01-26T21:00:00Z,63952.2
2026-01-26T22:00:00Z,61955.4
2026-01-26T23:00:00Z,62657.2
2026-01-27T00:00:00Z,62941.0
2026-01-27T01:00:00Z,60606.7
2026-01-27T02:00:00Z,62067.7
2026-01-27T03:00:00Z,64840.9
2026-01-27T04:00:00Z,67808.1
2026-01-27T05:00:00Z,71497.4
2026-01-27T06:00:00Z,73110.4
2026-01-27T07:00:00Z,78110.2
2026-01-27T08:00:00Z,83243.6
2026-01-27T09:00:00Z,84370.4
2026-01-27T10:00:00Z,84655.4
2026-01-27T11:00:00Z,88271.3
2026-01-27T12:00:00Z,88316.5
2026-01-27T13:00:00Z,88595.0
2026-01-27T14:00:00Z,86782.8
2026-01-27T15:00:00Z,84671.2
2026-01-27T16:00:00Z,81509.5
2026-01-27T17:00:00Z,79663.3
2026-01-27T18:00:00Z,75208.2
2026-01-27T19:00:00Z,71242.4
2026-01-27T20:00:00Z,67168.8
2026-01-27T21:00:00Z,65075.8
2026-01-27T22:00:00Z,61202.4
2026-01-27T23:00:00Z,61351.4
2026-01-28T00:00:00Z,59884.4
2026-01-28T01:00:00Z,60917.3
2026-01-28T02:00:00Z,61995.6
2026-01-28T03:00:00Z,64950.3
2026-01-28T04:00:00Z,66586.6
2026-01-28T05:00:00Z,69698.9
2026-01-28T06:00:00Z,72385.9
2026-01-28T07:00:00Z,77880.5
2026-01-28T08:00:00Z,80111.2
2026-01-28T09:00:00Z,84963.9
2026-01-28T10:00:00Z,86530.4
2026-01-28T11:00:00Z,89100.6
2026-01-28T12:00:00Z,87653.4
2026-01-28T13:00:00Z,87120.3
2026-01-28T14:00:00Z,86621.7
2026-01-28T15:00:00Z,82316.1
2026-01-28T16:00:00Z,81481.1
2026-01-28T17:00:00Z,77898.6
2026-01-28T18:00:00Z,71994.5
2026-01-28T19:00:00Z,67686.6
2026-01-28T20:00:00Z,64929.6
2026-01-28T21:00:00Z,62410.7
2026-01-28T22:00:00Z,64418.2
2026-01-28T23:00:00Z,60573.3
2026-01-29T00:00:00Z,60356.7
2026-01-29T01:00:00Z,59909.3
2026-01-29T02:00:00Z,62477.6
2026-01-29T03:00:00Z,64905.9
2026-01-29T04:00:00Z,66522.1
2026-01-29T05:00:00Z,69377.2
2026-01-29T06:00:00Z,75455.9
2026-01-29T07:00:00Z,75913.9
2026-01-29T08:00:00Z,80475.0
2026-01-29T09:00:00Z,82596.2
2026-01-29T10:00:00Z,84473.1
2026-01-29T11:00:00Z,85715.6
2026-01-29T12:00:00Z,87009.7
2026-01-29T13:00:00Z,87920.9
2026-01-29T14:00:00Z,86100.9
2026-01-29T15:00:00Z,83943.6
2026-01-29T16:00:00Z,79372.1
2026-01-29T17:00:00Z,78125.5
2026-01-29T18:00:00Z,74308.0
2026-01-29T19:00:00Z,69460.1
2026-01-29T20:00:00Z,66478.0
2026-01-29T21:00:00Z,62623.5
2026-01-29T22:00:00Z,61224.3
2026-01-29T23:00:00Z,61164.4
2026-01-30T00:00:00Z,60251.9
2026-01-30T01:00:00Z,60200.6
2026-01-30T02:00:00Z,62232.9
2026-01-30T03:00:00Z,65089.3
2026-01-30T04:00:00Z,64667.0
2026-01-30T05:00:00Z,69152.7
2026-01-30T06:00:00Z,73607.5
2026-01-30T07:00:00Z,79731.4
2026-01-30T08:00:00Z,80388.7
2026-01-30T09:00:00Z,84154.4
2026-01-30T10:00:00Z,84271.4
2026-01-30T11:00:00Z,85337.8
2026-01-30T12:00:00Z,88321.5
2026-01-30T13:00:00Z,87898.6
2026-01-30T14:00:00Z,86531.3
2026-01-30T15:00:00Z,84035.8
2026-01-30T16:00:00Z,79420.6
2026-01-30T17:00:00Z,78262.4
2026-01-30T18:00:00Z,71060.8
2026-01-30T19:00:00Z,69484.7
2026-01-30T20:00:00Z,67740.6
2026-01-30T21:00:00Z,63504.4
2026-01-30T22:00:00Z,63389.3
2026-01-30T23:00:00Z,58478.8
2026-01-31T00:00:00Z,54562.8
2026-01-31T01:00:00Z,55718.5
2026-01-31T02:00:00Z,58803.6
2026-01-31T03:00:00Z,58839.3
2026-01-31T04:00:00Z,63152.2
2026-01-31T05:00:00Z,64051.2
2026-01-31T06:00:00Z,68973.2
2026-01-31T07:00:00Z,70896.5
2026-01-31T08:00:00Z,78174.0
2026-01-31T09:00:00Z,80378.7
2026-01-31T10:00:00Z,83310.2
2026-01-31T11:00:00Z,82478.2
2026-01-31T12:00:00Z,84431.5
2026-01-31T13:00:00Z,83024.3
2026-01-31T14:00:00Z,82797.9
2026-01-31T15:00:00Z,78664.9
2026-01-31T16:00:00Z,76870.0
2026-01-31T17:00:00Z,73428.7
2026-01-31T18:00:00Z,69181.7
2026-01-31T19:00:00Z,65845.4
2026-01-31T20:00:00Z,61414.0
2026-01-31T21:00:00Z,59500.9
2026-01-31T22:00:00Z,57498.4
2026-01-31T23:00:00Z,55676.1
2026-02-01T00:00:00Z,54761.8
2026-02-01T01:00:00Z,54816.1
2026-02-01T02:00:00Z,58559.4
2026-02-01T03:00:00Z,57526.2
2026-02-01T04:00:00Z,60932.8
2026-02-01T05:00:00Z,66882.3
2026-02-01T06:00:00Z,68241.0
2026-02-01T07:00:00Z,70544.6
2026-02-01T08:00:00Z,77354.4
2026-02-01T09:00:00Z,79164.9
2026-02-01T10:00:00Z,80149.0
2026-02-01T11:00:00Z,82680.9
2026-02-01T12:00:00Z,82398.3
2026-02-01T13:00:00Z,81854.1
2026-02-01T14:00:00Z,79342.5
2026-02-01T15:00:00Z,79069.5
2026-02-01T16:00:00Z,75253.2
2026-02-01T17:00:00Z,74524.7
2026-02-01T18:00:00Z,68964.2
2026-02-01T19:00:00Z,67711.5
2026-02-01T20:00:00Z,61964.2
2026-02-01T21:00:00Z,60958.7
2026-02-01T22:00:00Z,57346.7
2026-02-01T23:00:00Z,55580.8
2026-02-02T00:00:00Z,58092.2
2026-02-02T01:00:00Z,58133.8
2026-02-02T02:00:00Z,60902.4
2026-02-02T03:00:00Z,62975.2
2026-02-02T04:00:00Z,65624.4
2026-02-02T05:00:00Z,68550.4
2026-02-02T06:00:00Z,73665.6
2026-02-02T07:00:00Z,77161.4
2026-02-02T08:00:00Z,80706.0
2026-02-02T09:00:00Z,83252.4
2026-02-02T10:00:00Z,85411.0
2026-02-02T11:00:00Z,86597.8
2026-02-02T12:00:00Z,87413.5
2026-02-02T13:00:00Z,88530.1
2026-02-02T14:00:00Z,85627.0
2026-02-02T15:00:00Z,85070.2
2026-02-02T16:00:00Z,80538.9
2026-02-02T17:00:00Z,77479.9
2026-02-02T18:00:00Z,73619.4
2026-02-02T19:00:00Z,67954.7
2026-02-02T20:00:00Z,67437.9
2026-02-02T21:00:00Z,64401.4
2026-02-02T22:00:00Z,62212.7
2026-02-02T23:00:00Z,59791.5
2026-02-03T00:00:00Z,60605.7
2026-02-03T01:00:00Z,62038.9
2026-02-03T02:00:00Z,60092.8
2026-02-03T03:00:00Z,62108.9
2026-02-03T04:00:00Z,64289.0
2026-02-03T05:00:00Z,69466.2
2026-02-03T06:00:00Z,71000.7
2026-02-03T07:00:00Z,76368.3
2026-02-03T08:00:00Z,79444.8
2026-02-03T09:00:00Z,84391.6
2026-02-03T10:00:00Z,84939.2
2026-02-03T11:00:00Z,87889.1
2026-02-03T12:00:00Z,87299.0
2026-02-03T13:00:00Z,88089.9
2026-02-03T14:00:00Z,84346.0
2026-02-03T15:00:00Z,82596.2
2026-02-03T16:00:00Z,79766.3
2026-02-03T17:00:00Z,74400.1
2026-02-03T18:00:00Z,75129.1
2026-02-03T19:00:00Z,67863.3
2026-02-03T20:00:00Z,63911.8
2026-02-03T21:00:00Z,60933.5
2026-02-03T22:00:00Z,61898.3
2026-02-03T23:00:00Z,60021.1
2026-02-04T00:00:00Z,58771.6
2026-02-04T01:00:00Z,59210.3
2026-02-04T02:00:00Z,61475.6
2026-02-04T03:00:00Z,62988.2
2026-02-04T04:00:00Z,65039.7
2026-02-04T05:00:00Z,69832.4
2026-02-04T06:00:00Z,73849.1
2026-02-04T07:00:00Z,76776.0
2026-02-04T08:00:00Z,78765.2
2026-02-04T09:00:00Z,82912.6
2026-02-04T10:00:00Z,83716.7
2026-02-04T11:00:00Z,85093.8
2026-02-04T12:00:00Z,86404.3
2026-02-04T13:00:00Z,86214.8
2026-02-04T14:00:00Z,84983.3
2026-02-04T15:00:00Z,83643.6
2026-02-04T16:00:00Z,79545.7
2026-02-04T17:00:00Z,74984.9
2026-02-04T18:00:00Z,72611.0
2026-02-04T19:00:00Z,70288.0
2026-02-04T20:00:00Z,65929.8
2026-02-04T21:00:00Z,63289.3
2026-02-04T22:00:00Z,62056.1
2026-02-04T23:00:00Z,60302.7
2026-02-05T00:00:00Z,56796.7
2026-02-05T01:00:00Z,58066.9
2026-02-05T02:00:00Z,59357.5
2026-02-05T03:00:00Z,60140.9
2026-02-05T04:00:00Z,63754.0
2026-02-05T05:00:00Z,68154.4
2026-02-05T06:00:00Z,72922.2
2026-02-05T07:00:00Z,75974.0
2026-02-05T08:00:00Z,80466.8
2026-02-05T09:00:00Z,82287.3
2026-02-05T10:00:00Z,86397.2
2026-02-05T11:00:00Z,86943.7
2026-02-05T12:00:00Z,86339.7
2026-02-05T13:00:00Z,86266.5
2026-02-05T14:00:00Z,85299.1
2026-02-05T15:00:00Z,81594.1
2026-02-05T16:00:00Z,77026.1
2026-02-05T17:00:00Z,75566.5
2026-02-05T18:00:00Z,72851.8
2026-02-05T19:00:00Z,67712.6
2026-02-05T20:00:00Z,66271.8
2026-02-05T21:00:00Z,60735.9
2026-02-05T22:00:00Z,58554.9
2026-02-05T23:00:00Z,60628.9
2026-02-06T00:00:00Z,56768.1
2026-02-06T01:00:00Z,57036.0
2026-02-06T02:00:00Z,59696.1
2026-02-06T03:00:00Z,61655.0
2026-02-06T04:00:00Z,64157.0
2026-02-06T05:00:00Z,68003.2
2026-02-06T06:00:00Z,71222.1
2026-02-06T07:00:00Z,75588.4
2026-02-06T08:00:00Z,79921.4
2026-02-06T09:00:00Z,81367.3
2026-02-06T10:00:00Z,82438.0
2026-02-06T11:00:00Z,85096.3
2026-02-06T12:00:00Z,84725.3
2026-02-06T13:00:00Z,86213.8
2026-02-06T14:00:00Z,85111.9
2026-02-06T15:00:00Z,83055.5
2026-02-06T16:00:00Z,76516.2
2026-02-06T17:00:00Z,74450.6
2026-02-06T18:00:00Z,72610.8
2026-02-06T19:00:00Z,68609.0
2026-02-06T20:00:00Z,65238.5
2026-02-06T21:00:00Z,60791.6
2026-02-06T22:00:00Z,58515.8
2026-02-06T23:00:00Z,58744.3
2026-02-07T00:00:00Z,53494.2
2026-02-07T01:00:00Z,53238.9
2026-02-07T02:00:00Z,55820.9
2026-02-07T03:00:00Z,58646.6
2026-02-07T04:00:00Z,61683.3
2026-02-07T05:00:00Z,65585.2
2026-02-07T06:00:00Z,68258.3
2026-02-07T07:00:00Z,69215.0
2026-02-07T08:00:00Z,73153.5
2026-02-07T09:00:00Z,77612.9
2026-02-07T10:00:00Z,79893.9
2026-02-07T11:00:00Z,78316.8
2026-02-07T12:00:00Z,80033.9
2026-02-07T13:00:00Z,83443.5
2026-02-07T14:00:00Z,79022.3
2026-02-07T15:00:00Z,76781.7
2026-02-07T16:00:00Z,74326.9
2026-02-07T17:00:00Z,70522.6
2026-02-07T18:00:00Z,66854.6
2026-02-07T19:00:00Z,62772.9
2026-02-07T20:00:00Z,62539.3
2026-02-07T21:00:00Z,58284.3
2026-02-07T22:00:00Z,55081.1
2026-02-07T23:00:00Z,52911.0
2026-02-08T00:00:00Z,54125.8
2026-02-08T01:00:00Z,55239.2
2026-02-08T02:00:00Z,55764.5
2026-02-08T03:00:00Z,58708.9
2026-02-08T04:00:00Z,61989.2
2026-02-08T05:00:00Z,64040.8
2026-02-08T06:00:00Z,67242.8
2026-02-08T07:00:00Z,70109.0
2026-02-08T08:00:00Z,72766.9
2026-02-08T09:00:00Z,76593.4
2026-02-08T10:00:00Z,79081.0
2026-02-08T11:00:00Z,81270.1
2026-02-08T12:00:00Z,80495.3
2026-02-08T13:00:00Z,80062.9
2026-02-08T14:00:00Z,78024.0
2026-02-08T15:00:00Z,77978.3
2026-02-08T16:00:00Z,73969.9
2026-02-08T17:00:00Z,69280.3
2026-02-08T18:00:00Z,68161.6
2026-02-08T19:00:00Z,65815.1
2026-02-08T20:00:00Z,61428.2
2026-02-08T21:00:00Z,56136.6
2026-02-08T22:00:00Z,53464.7
2026-02-08T23:00:00Z,54736.7
2026-02-09T00:00:00Z,57500.8
2026-02-09T01:00:00Z,57005.5
2026-02-09T02:00:00Z,59509.0
2026-02-09T03:00:00Z,61323.6
2026-02-09T04:00:00Z,65623.8
2026-02-09T05:00:00Z,67506.5
2026-02-09T06:00:00Z,70175.7
2026-02-09T07:00:00Z,76570.1
2026-02-09T08:00:00Z,77013.6
2026-02-09T09:00:00Z,82195.7
2026-02-09T10:00:00Z,81269.7
2026-02-09T11:00:00Z,85314.6
2026-02-09T12:00:00Z,83212.7
2026-02-09T13:00:00Z,83679.8
2026-02-09T14:00:00Z,82697.6
2026-02-09T15:00:00Z,78632.6
2026-02-09T16:00:00Z,75496.2
2026-02-09T17:00:00Z,73828.4
2026-02-09T18:00:00Z,70117.0
2026-02-09T19:00:00Z,66799.7
2026-02-09T20:00:00Z,63775.7
2026-02-09T21:00:00Z,62456.8
2026-02-09T22:00:00Z,58525.8
2026-02-09T23:00:00Z,58610.5
2026-02-10T00:00:00Z,54018.7
2026-02-10T01:00:00Z,57205.7
2026-02-10T02:00:00Z,59652.4
2026-02-10T03:00:00Z,61463.4
2026-02-10T04:00:00Z,62287.3
2026-02-10T05:00:00Z,67630.1
2026-02-10T06:00:00Z,72295.0
2026-02-10T07:00:00Z,73898.2
2026-02-10T08:00:00Z,77067.2
2026-02-10T09:00:00Z,81035.3
2026-02-10T10:00:00Z,83163.5
2026-02-10T11:00:00Z,83081.0
2026-02-10T12:00:00Z,86021.2
2026-02-10T13:00:00Z,85678.3
2026-02-10T14:00:00Z,82239.0
2026-02-10T15:00:00Z,81017.5
2026-02-10T16:00:00Z,78002.2
2026-02-10T17:00:00Z,72336.5
2026-02-10T18:00:00Z,69567.0
2026-02-10T19:00:00Z,66421.6
2026-02-10T20:00:00Z,62736.6
2026-02-10T21:00:00Z,62540.3
2026-02-10T22:00:00Z,58462.3
2026-02-10T23:00:00Z,56829.7
2026-02-11T00:00:00Z,56111.2
2026-02-11T01:00:00Z,57961.3
2026-02-11T02:00:00Z,57209.0
2026-02-11T03:00:00Z,60973.2
2026-02-11T04:00:00Z,61192.8
2026-02-11T05:00:00Z,66169.2
2026-02-11T06:00:00Z,70210.6
2026-02-11T07:00:00Z,75182.6
2026-02-11T08:00:00Z,77164.7
2026-02-11T09:00:00Z,78537.3
2026-02-11T10:00:00Z,83846.4
2026-02-11T11:00:00Z,84451.7
2026-02-11T12:00:00Z,83183.2
2026-02-11T13:00:00Z,83333.4
2026-02-11T14:00:00Z,84027.3
2026-02-11T15:00:00Z,80264.5
2026-02-11T16:00:00Z,76165.1
2026-02-11T17:00:00Z,74954.7
2026-02-11T18:00:00Z,70485.6
2026-02-11T19:00:00Z,68656.3
2026-02-11T20:00:00Z,64772.8
2026-02-11T21:00:00Z,60216.1
2026-02-11T22:00:00Z,58811.0
2026-02-11T23:00:00Z,60634.7
2026-02-12T00:00:00Z,55676.5
2026-02-12T01:00:00Z,56332.8
2026-02-12T02:00:00Z,59786.0
2026-02-12T03:00:00Z,61570.2
2026-02-12T04:00:00Z,63909.4
2026-02-12T05:00:00Z,67921.3
2026-02-12T06:00:00Z,68268.0
2026-02-12T07:00:00Z,71938.3
2026-02-12T08:00:00Z,77596.6
2026-02-12T09:00:00Z,79464.6
2026-02-12T10:00:00Z,82310.1
2026-02-12T11:00:00Z,83667.4
2026-02-12T12:00:00Z,82016.4
2026-02-12T13:00:00Z,82794.2
2026-02-12T14:00:00Z,82063.3
2026-02-12T15:00:00Z,80371.9
2026-02-12T16:00:00Z,77741.6
2026-02-12T17:00:00Z,72893.3
2026-02-12T18:00:00Z,71306.7
2026-02-12T19:00:00Z,66297.7
2026-02-12T20:00:00Z,61078.4
2026-02-12T21:00:00Z,59175.8
2026-02-12T22:00:00Z,59129.0
2026-02-12T23:00:00Z,56001.4
2026-02-13T00:00:00Z,57237.1
2026-02-13T01:00:00Z,56139.8
2026-02-13T02:00:00Z,56819.4
2026-02-13T03:00:00Z,58266.3
2026-02-13T04:00:00Z,61514.4
2026-02-13T05:00:00Z,65989.3
2026-02-13T06:00:00Z,69697.0
2026-02-13T07:00:00Z,72678.1
2026-02-13T08:00:00Z,76211.6
2026-02-13T09:00:00Z,80946.6
2026-02-13T10:00:00Z,82093.0
2026-02-13T11:00:00Z,82170.6
2026-02-13T12:00:00Z,83306.7
2026-02-13T13:00:00Z,83838.9
2026-02-13T14:00:00Z,81712.6
2026-02-13T15:00:00Z,78914.4
2026-02-13T16:00:00Z,78328.6
2026-02-13T17:00:00Z,72757.7
2026-02-13T18:00:00Z,68936.5
2026-02-13T19:00:00Z,66060.5
2026-02-13T20:00:00Z,62673.5
2026-02-13T21:00:00Z,59882.1
2026-02-13T22:00:00Z,56954.2
2026-02-13T23:00:00Z,55178.7
2026-02-14T00:00:00Z,51800.7
2026-02-14T01:00:00Z,52691.7
2026-02-14T02:00:00Z,55496.7
2026-02-14T03:00:00Z,57076.0
2026-02-14T04:00:00Z,58082.9
2026-02-14T05:00:00Z,63034.9
2026-02-14T06:00:00Z,65285.7
2026-02-14T07:00:00Z,69499.4
2026-02-14T08:00:00Z,72392.8
2026-02-14T09:00:00Z,75596.3
2026-02-14T10:00:00Z,78861.9
2026-02-14T11:00:00Z,79024.8
2026-02-14T12:00:00Z,79672.5
2026-02-14T13:00:00Z,80867.0
2026-02-14T14:00:00Z,74361.3
2026-02-14T15:00:00Z,73693.0
2026-02-14T16:00:00Z,75059.3
2026-02-14T17:00:00Z,71231.5
2026-02-14T18:00:00Z,65481.5
2026-02-14T19:00:00Z,62511.2
2026-02-14T20:00:00Z,57976.0
2026-02-14T21:00:00Z,55722.8
2026-02-14T22:00:00Z,54027.5
2026-02-14T23:00:00Z,53284.6
2026-02-15T00:00:00Z,50621.6
2026-02-15T01:00:00Z,51503.9
2026-02-15T02:00:00Z,54933.6
2026-02-15T03:00:00Z,55800.6
2026-02-15T04:00:00Z,60267.8
2026-02-15T05:00:00Z,63182.6
2026-02-15T06:00:00Z,63311.1
2026-02-15T07:00:00Z,70435.8
2026-02-15T08:00:00Z,71592.5
2026-02-15T09:00:00Z,75227.6
2026-02-15T10:00:00Z,74479.5
2026-02-15T11:00:00Z,77245.5
2026-02-15T12:00:00Z,78588.5
2026-02-15T13:00:00Z,80328.7
2026-02-15T14:00:00Z,78392.1
2026-02-15T15:00:00Z,73570.3
2026-02-15T16:00:00Z,72708.3
2026-02-15T17:00:00Z,68998.3
2026-02-15T18:00:00Z,67526.6
2026-02-15T19:00:00Z,60699.8
2026-02-15T20:00:00Z,57789.8
2026-02-15T21:00:00Z,55031.9
2026-02-15T22:00:00Z,53264.9
2026-02-15T23:00:00Z,51454.7
2026-02-16T00:00:00Z,57831.7
2026-02-16T01:00:00Z,54282.2
2026-02-16T02:00:00Z,57462.3
2026-02-16T03:00:00Z,57901.5
2026-02-16T04:00:00Z,62157.9
2026-02-16T05:00:00Z,62838.5
2026-02-16T06:00:00Z,67895.1
2026-02-16T07:00:00Z,73242.9
2026-02-16T08:00:00Z,75435.6
2026-02-16T09:00:00Z,78354.0
2026-02-16T10:00:00Z,81835.3
2026-02-16T11:00:00Z,82316.9
2026-02-16T12:00:00Z,82930.7
2026-02-16T13:00:00Z,80611.9
2026-02-16T14:00:00Z,82018.1
2026-02-16T15:00:00Z,78190.1
2026-02-16T16:00:00Z,75669.0
2026-02-16T17:00:00Z,72521.5
2026-02-16T18:00:00Z,68504.4
2026-02-16T19:00:00Z,63655.7
2026-02-16T20:00:00Z,62348.2
2026-02-16T21:00:00Z,58221.3
2026-02-16T22:00:00Z,56935.7
2026-02-16T23:00:00Z,55229.1
2026-02-17T00:00:00Z,54932.8
2026-02-17T01:00:00Z,56665.5
2026-02-17T02:00:00Z,57941.3
2026-02-17T03:00:00Z,60020.9
2026-02-17T04:00:00Z,60581.1
2026-02-17T05:00:00Z,65852.3
2026-02-17T06:00:00Z,68149.7
2026-02-17T07:00:00Z,71902.5
2026-02-17T08:00:00Z,76831.3
2026-02-17T09:00:00Z,79253.7
2026-02-17T10:00:00Z,79845.2
2026-02-17T11:00:00Z,82499.5
2026-02-17T12:00:00Z,82591.8
2026-02-17T13:00:00Z,82519.9
2026-02-17T14:00:00Z,82063.4
2026-02-17T15:00:00Z,80082.1
2026-02-17T16:00:00Z,75537.9
2026-02-17T17:00:00Z,73544.9
2026-02-17T18:00:00Z,67107.0
2026-02-17T19:00:00Z,66082.4
2026-02-17T20:00:00Z,63665.2
2026-02-17T21:00:00Z,57189.2
2026-02-17T22:00:00Z,57291.6
2026-02-17T23:00:00Z,55429.2
2026-02-18T00:00:00Z,55339.0
2026-02-18T01:00:00Z,55845.6
2026-02-18T02:00:00Z,55374.4
2026-02-18T03:00:00Z,58368.7
2026-02-18T04:00:00Z,61629.5
2026-02-18T05:00:00Z,64178.4
2026-02-18T06:00:00Z,67737.3
2026-02-18T07:00:00Z,71369.0
2026-02-18T08:00:00Z,76428.5
2026-02-18T09:00:00Z,80416.2
2026-02-18T10:00:00Z,79520.8
2026-02-18T11:00:00Z,82509.7
2026-02-18T12:00:00Z,81769.7
2026-02-18T13:00:00Z,82174.2
2026-02-18T14:00:00Z,80077.0
2026-02-18T15:00:00Z,79187.5
2026-02-18T16:00:00Z,72619.7
2026-02-18T17:00:00Z,69850.6
2026-02-18T18:00:00Z,69550.5
2026-02-18T19:00:00Z,66646.5
2026-02-18T20:00:00Z,59624.0
2026-02-18T21:00:00Z,57083.1
2026-02-18T22:00:00Z,56032.2
2026-02-18T23:00:00Z,56226.1
2026-02-19T00:00:00Z,53469.1
2026-02-19T01:00:00Z,54537.5
2026-02-19T02:00:00Z,56595.3
2026-02-19T03:00:00Z,57594.0
2026-02-19T04:00:00Z,61859.9
2026-02-19T05:00:00Z,63518.4
2026-02-19T06:00:00Z,67691.2
2026-02-19T07:00:00Z,71532.9
2026-02-19T08:00:00Z,77231.2
2026-02-19T09:00:00Z,77852.6
2026-02-19T10:00:00Z,79060.1
2026-02-19T11:00:00Z,83615.4
2026-02-19T12:00:00Z,81260.3
2026-02-19T13:00:00Z,81463.7
2026-02-19T14:00:00Z,80217.4
2026-02-19T15:00:00Z,79298.3
2026-02-19T16:00:00Z,76345.9
2026-02-19T17:00:00Z,73054.3
2026-02-19T18:00:00Z,67058.5
2026-02-19T19:00:00Z,63343.9
2026-02-19T20:00:00Z,63645.1
2026-02-19T21:00:00Z,59793.3
2026-02-19T22:00:00Z,55445.2
2026-02-19T23:00:00Z,53942.6
2026-02-20T00:00:00Z,53749.4
2026-02-20T01:00:00Z,54531.7
2026-02-20T02:00:00Z,57019.9
2026-02-20T03:00:00Z,56723.6
2026-02-20T04:00:00Z,62405.8
2026-02-20T05:00:00Z,65847.3
2026-02-20T06:00:00Z,67436.1
2026-02-20T07:00:00Z,71085.4
2026-02-20T08:00:00Z,73933.3
2026-02-20T09:00:00Z,77626.6
2026-02-20T10:00:00Z,80152.8
2026-02-20T11:00:00Z,79259.7
2026-02-20T12:00:00Z,81788.6
2026-02-20T13:00:00Z,80273.5
2026-02-20T14:00:00Z,80895.7
2026-02-20T15:00:00Z,78026.5
2026-02-20T16:00:00Z,76276.9
2026-02-20T17:00:00Z,72301.9
2026-02-20T18:00:00Z,68431.2
2026-02-20T19:00:00Z,65879.3
2026-02-20T20:00:00Z,61101.0
2026-02-20T21:00:00Z,59008.9
2026-02-20T22:00:00Z,56174.2
2026-02-20T23:00:00Z,53984.4
2026-02-21T00:00:00Z,49955.2
2026-02-21T01:00:00Z,52119.2
2026-02-21T02:00:00Z,51860.0
2026-02-21T03:00:00Z,54634.2
2026-02-21T04:00:00Z,57806.8
2026-02-21T05:00:00Z,60176.2
2026-02-21T06:00:00Z,62256.4
2026-02-21T07:00:00Z,68705.8
2026-02-21T08:00:00Z,73472.0
2026-02-21T09:00:00Z,74405.1
2026-02-21T10:00:00Z,76126.2
2026-02-21T11:00:00Z,78211.1
2026-02-21T12:00:00Z,76379.7
2026-02-21T13:00:00Z,77980.2
2026-02-21T14:00:00Z,76408.2
2026-02-21T15:00:00Z,74638.6
2026-02-21T16:00:00Z,70911.2
2026-02-21T17:00:00Z,68100.5
2026-02-21T18:00:00Z,61767.7
2026-02-21T19:00:00Z,61038.4
2026-02-21T20:00:00Z,57712.5
2026-02-21T21:00:00Z,54336.0
2026-02-21T22:00:00Z,52190.6
2026-02-21T23:00:00Z,52631.5
2026-02-22T00:00:00Z,51211.7
2026-02-22T01:00:00Z,48892.6
2026-02-22T02:00:00Z,51719.4
2026-02-22T03:00:00Z,54055.3
2026-02-22T04:00:00Z,55253.7
2026-02-22T05:00:00Z,61403.7
2026-02-22T06:00:00Z,62422.1
2026-02-22T07:00:00Z,67784.9
2026-02-22T08:00:00Z,69397.3
2026-02-22T09:00:00Z,74676.1
2026-02-22T10:00:00Z,74002.4
2026-02-22T11:00:00Z,76357.8
2026-02-22T12:00:00Z,77397.8
2026-02-22T13:00:00Z,77189.6
2026-02-22T14:00:00Z,75502.6
2026-02-22T15:00:00Z,75391.6
2026-02-22T16:00:00Z,69699.6
2026-02-22T17:00:00Z,68139.9
2026-02-22T18:00:00Z,63654.3
2026-02-22T19:00:00Z,59728.2
2026-02-22T20:00:00Z,57903.9
2026-02-22T21:00:00Z,55293.7
2026-02-22T22:00:00Z,51378.2
2026-02-22T23:00:00Z,51538.3
2026-02-23T00:00:00Z,52483.0
2026-02-23T01:00:00Z,53829.2
2026-02-23T02:00:00Z,54292.0
2026-02-23T03:00:00Z,58611.7
2026-02-23T04:00:00Z,60273.5
2026-02-23T05:00:00Z,63259.8
2026-02-23T06:00:00Z,67013.0
2026-02-23T07:00:00Z,71368.5
2026-02-23T08:00:00Z,75382.3
2026-02-23T09:00:00Z,77050.7
2026-02-23T10:00:00Z,79109.4
2026-02-23T11:00:00Z,81107.0
2026-02-23T12:00:00Z,81968.1
2026-02-23T13:00:00Z,80834.6
2026-02-23T14:00:00Z,75435.6
2026-02-23T15:00:00Z,78228.3
2026-02-23T16:00:00Z,75951.2
2026-02-23T17:00:00Z,72873.0
2026-02-23T18:00:00Z,65023.3
2026-02-23T19:00:00Z,63573.9
2026-02-23T20:00:00Z,60863.3
2026-02-23T21:00:00Z,54947.5
2026-02-23T22:00:00Z,53833.8
2026-02-23T23:00:00Z,53437.3
2026-02-24T00:00:00Z,54978.9
2026-02-24T01:00:00Z,53735.9
2026-02-24T02:00:00Z,58020.0
2026-02-24T03:00:00Z,56787.9
2026-02-24T04:00:00Z,62104.8
2026-02-24T05:00:00Z,63457.1
2026-02-24T06:00:00Z,67478.1
2026-02-24T07:00:00Z,71083.1
2026-02-24T08:00:00Z,74632.3
2026-02-24T09:00:00Z,77158.8
2026-02-24T10:00:00Z,79562.1
2026-02-24T11:00:00Z,81138.7
2026-02-24T12:00:00Z,78886.5
2026-02-24T13:00:00Z,80675.7
2026-02-24T14:00:00Z,79961.7
2026-02-24T15:00:00Z,77614.9
2026-02-24T16:00:00Z,74392.7
2026-02-24T17:00:00Z,69362.1
2026-02-24T18:00:00Z,65583.2
2026-02-24T19:00:00Z,62773.4
2026-02-24T20:00:00Z,62218.4
2026-02-24T21:00:00Z,57712.1
2026-02-24T22:00:00Z,54477.0
2026-02-24T23:00:00Z,55119.3
2026-02-25T00:00:00Z,52682.2
2026-02-25T01:00:00Z,54291.5
2026-02-25T02:00:00Z,55956.8
2026-02-25T03:00:00Z,57592.6
2026-02-25T04:00:00Z,60714.5
2026-02-25T05:00:00Z,64337.1
2026-02-25T06:00:00Z,66324.7
2026-02-25T07:00:00Z,69141.2
2026-02-25T08:00:00Z,73566.2
2026-02-25T09:00:00Z,75730.3
2026-02-25T10:00:00Z,77410.0
2026-02-25T11:00:00Z,79732.1
2026-02-25T12:00:00Z,79690.6
2026-02-25T13:00:00Z,78718.6
2026-02-25T14:00:00Z,80090.5
2026-02-25T15:00:00Z,76497.7
2026-02-25T16:00:00Z,73493.1
2026-02-25T17:00:00Z,71114.0
2026-02-25T18:00:00Z,65884.6
2026-02-25T19:00:00Z,62469.0
2026-02-25T20:00:00Z,61043.0
2026-02-25T21:00:00Z,58109.2
2026-02-25T22:00:00Z,54279.7
2026-02-25T23:00:00Z,54495.4
2026-02-26T00:00:00Z,54673.7
2026-02-26T01:00:00Z,52509.4
2026-02-26T02:00:00Z,54408.2
2026-02-26T03:00:00Z,57840.8
2026-02-26T04:00:00Z,61077.0
2026-02-26T05:00:00Z,62780.8
2026-02-26T06:00:00Z,66088.3
2026-02-26T07:00:00Z,71086.7
2026-02-26T08:00:00Z,73683.4
2026-02-26T09:00:00Z,75621.4
2026-02-26T10:00:00Z,78143.2
2026-02-26T11:00:00Z,80518.2
2026-02-26T12:00:00Z,84204.9
2026-02-26T13:00:00Z,78461.8
2026-02-26T14:00:00Z,78898.6
2026-02-26T15:00:00Z,77860.1
2026-02-26T16:00:00Z,74405.9
2026-02-26T17:00:00Z,70325.2
2026-02-26T18:00:00Z,65212.4
2026-02-26T19:00:00Z,63326.0
2026-02-26T20:00:00Z,60766.8
2026-02-26T21:00:00Z,57895.5
2026-02-26T22:00:00Z,54108.5
2026-02-26T23:00:00Z,53247.3
2026-02-27T00:00:00Z,52366.2
2026-02-27T01:00:00Z,52569.6
2026-02-27T02:00:00Z,54530.8
2026-02-27T03:00:00Z,55918.0
2026-02-27T04:00:00Z,58172.2
2026-02-27T05:00:00Z,61956.7
2026-02-27T06:00:00Z,65839.4
2026-02-27T07:00:00Z,70079.2
2026-02-27T08:00:00Z,72228.7
2026-02-27T09:00:00Z,76399.9
2026-02-27T10:00:00Z,79499.9
2026-02-27T11:00:00Z,78742.9
2026-02-27T12:00:00Z,80834.6
2026-02-27T13:00:00Z,79709.6
2026-02-27T14:00:00Z,81866.0
2026-02-27T15:00:00Z,76574.6
2026-02-27T16:00:00Z,73081.2
2026-02-27T17:00:00Z,71037.4
2026-02-27T18:00:00Z,65671.6
2026-02-27T19:00:00Z,63265.2
2026-02-27T20:00:00Z,58300.6
2026-02-27T21:00:00Z,57089.6
2026-02-27T22:00:00Z,53968.5
2026-02-27T23:00:00Z,53617.9
2026-02-28T00:00:00Z,48428.3
2026-02-28T01:00:00Z,47221.7
2026-02-28T02:00:00Z,51314.5
2026-02-28T03:00:00Z,51217.5
2026-02-28T04:00:00Z,57415.0
2026-02-28T05:00:00Z,58409.5
2026-02-28T06:00:00Z,61489.3
2026-02-28T07:00:00Z,65551.8
2026-02-28T08:00:00Z,71391.7
2026-02-28T09:00:00Z,72808.6
2026-02-28T10:00:00Z,75462.1
2026-02-28T11:00:00Z,73866.5
2026-02-28T12:00:00Z,76773.6
2026-02-28T13:00:00Z,75606.8
2026-02-28T14:00:00Z,75485.1
2026-02-28T15:00:00Z,70050.4
2026-02-28T16:00:00Z,70901.3
2026-02-28T17:00:00Z,67186.1
2026-02-28T18:00:00Z,63474.5
2026-02-28T19:00:00Z,58402.4
2026-02-28T20:00:00Z,54971.1
2026-02-28T21:00:00Z,53826.8
2026-02-28T22:00:00Z,48735.2
2026-02-28T23:00:00Z,49088.5
2026-03-01T00:00:00Z,49225.9
2026-03-01T01:00:00Z,48799.0
2026-03-01T02:00:00Z,49481.1
2026-03-01T03:00:00Z,53062.9
2026-03-01T04:00:00Z,57728.7
2026-03-01T05:00:00Z,57202.2
2026-03-01T06:00:00Z,62194.0
2026-03-01T07:00:00Z,64844.8
2026-03-01T08:00:00Z,68868.7
2026-03-01T09:00:00Z,71834.7
2026-03-01T10:00:00Z,73764.9
2026-03-01T11:00:00Z,76965.4
2026-03-01T12:00:00Z,76727.6
2026-03-01T13:00:00Z,77090.9
2026-03-01T14:00:00Z,72622.5
2026-03-01T15:00:00Z,70929.2
2026-03-01T16:00:00Z,69620.0
2026-03-01T17:00:00Z,63609.1
2026-03-01T18:00:00Z,62811.7
2026-03-01T19:00:00Z,59935.6
2026-03-01T20:00:00Z,54952.7
2026-03-01T21:00:00Z,52142.4
2026-03-01T22:00:00Z,51084.1
2026-03-01T23:00:00Z,50047.7
2026-03-02T00:00:00Z,51651.5
2026-03-02T01:00:00Z,53420.1
2026-03-02T02:00:00Z,52423.8
2026-03-02T03:00:00Z,55502.0
2026-03-02T04:00:00Z,58272.7
2026-03-02T05:00:00Z,63016.9
2026-03-02T06:00:00Z,65701.9
2026-03-02T07:00:00Z,68290.6
2026-03-02T08:00:00Z,70081.4
2026-03-02T09:00:00Z,75245.4
2026-03-02T10:00:00Z,77405.4
2026-03-02T11:00:00Z,76411.5
2026-03-02T12:00:00Z,79305.2
2026-03-02T13:00:00Z,79383.8
2026-03-02T14:00:00Z,77101.1
2026-03-02T15:00:00Z,76150.7
2026-03-02T16:00:00Z,73102.6
2026-03-02T17:00:00Z,70630.9
2026-03-02T18:00:00Z,67093.7
2026-03-02T19:00:00Z,61085.7
2026-03-02T20:00:00Z,59957.4
2026-03-02T21:00:00Z,56615.8
2026-03-02T22:00:00Z,52955.3
2026-03-02T23:00:00Z,50586.2
2026-03-03T00:00:00Z,51007.2
2026-03-03T01:00:00Z,51456.4
2026-03-03T02:00:00Z,52579.3
2026-03-03T03:00:00Z,54585.7
2026-03-03T04:00:00Z,59354.5
2026-03-03T05:00:00Z,63244.3
2026-03-03T06:00:00Z,65988.2
2026-03-03T07:00:00Z,68435.3
2026-03-03T08:00:00Z,73575.0
2026-03-03T09:00:00Z,75540.4
2026-03-03T10:00:00Z,78854.4
2026-03-03T11:00:00Z,78418.0
2026-03-03T12:00:00Z,79811.5
2026-03-03T13:00:00Z,82810.3
2026-03-03T14:00:00Z,77582.0
2026-03-03T15:00:00Z,75200.6
2026-03-03T16:00:00Z,70585.5
2026-03-03T17:00:00Z,67871.0
2026-03-03T18:00:00Z,66971.6
2026-03-03T19:00:00Z,62394.0
2026-03-03T20:00:00Z,58423.1
2026-03-03T21:00:00Z,54137.6
2026-03-03T22:00:00Z,53936.8
2026-03-03T23:00:00Z,51643.7
2026-03-04T00:00:00Z,51996.5
2026-03-04T01:00:00Z,51532.7
2026-03-04T02:00:00Z,52903.0
2026-03-04T03:00:00Z,55247.2
2026-03-04T04:00:00Z,59145.1
2026-03-04T05:00:00Z,61361.0
2026-03-04T06:00:00Z,65307.4
2026-03-04T07:00:00Z,68585.6
2026-03-04T08:00:00Z,72732.1
2026-03-04T09:00:00Z,74577.6
2026-03-04T10:00:00Z,77459.9
2026-03-04T11:00:00Z,76086.5
2026-03-04T12:00:00Z,79333.5
2026-03-04T13:00:00Z,80148.8
2026-03-04T14:00:00Z,76670.4
2026-03-04T15:00:00Z,75685.0
2026-03-04T16:00:00Z,71774.3
2026-03-04T17:00:00Z,68337.0
2026-03-04T18:00:00Z,65486.8
2026-03-04T19:00:00Z,62669.7
2026-03-04T20:00:00Z,58071.5
2026-03-04T21:00:00Z,53742.7
2026-03-04T22:00:00Z,53692.7
2026-03-04T23:00:00Z,50920.7
2026-03-05T00:00:00Z,53001.2
2026-03-05T01:00:00Z,51931.1
2026-03-05T02:00:00Z,53812.5
2026-03-05T03:00:00Z,56205.9
2026-03-05T04:00:00Z,55763.5
2026-03-05T05:00:00Z,61734.1
2026-03-05T06:00:00Z,65556.0
2026-03-05T07:00:00Z,69499.9
2026-03-05T08:00:00Z,71270.1
2026-03-05T09:00:00Z,74767.8
2026-03-05T10:00:00Z,76546.0
2026-03-05T11:00:00Z,80094.9
2026-03-05T12:00:00Z,79669.0
2026-03-05T13:00:00Z,78796.8
2026-03-05T14:00:00Z,77692.8
2026-03-05T15:00:00Z,74100.1
2026-03-05T16:00:00Z,69750.8
2026-03-05T17:00:00Z,68037.8
2026-03-05T18:00:00Z,65568.6
2026-03-05T19:00:00Z,62226.5
2026-03-05T20:00:00Z,59943.7
2026-03-05T21:00:00Z,53850.3
2026-03-05T22:00:00Z,51500.5
2026-03-05T23:00:00Z,52594.5
2026-03-06T00:00:00Z,50119.9
2026-03-06T01:00:00Z,52644.0
2026-03-06T02:00:00Z,53785.7
2026-03-06T03:00:00Z,55652.3
2026-03-06T04:00:00Z,58017.0
2026-03-06T05:00:00Z,61712.7
2026-03-06T06:00:00Z,63223.4
2026-03-06T07:00:00Z,69131.6
2026-03-06T08:00:00Z,70924.6
2026-03-06T09:00:00Z,74964.5
2026-03-06T10:00:00Z,76977.5
2026-03-06T11:00:00Z,78242.6
2026-03-06T12:00:00Z,78255.5
2026-03-06T13:00:00Z,79723.9
2026-03-06T14:00:00Z,78587.1
2026-03-06T15:00:00Z,76001.2
2026-03-06T16:00:00Z,71342.8
2026-03-06T17:00:00Z,67971.1
2026-03-06T18:00:00Z,65112.9
2026-03-06T19:00:00Z,60872.0
2026-03-06T20:00:00Z,60117.9
2026-03-06T21:00:00Z,56213.9
2026-03-06T22:00:00Z,51690.0
2026-03-06T23:00:00Z,51522.0
2026-03-07T00:00:00Z,48999.0
2026-03-07T01:00:00Z,46404.6
2026-03-07T02:00:00Z,48030.8
2026-03-07T03:00:00Z,49231.3
2026-03-07T04:00:00Z,52882.9
2026-03-07T05:00:00Z,56710.0
2026-03-07T06:00:00Z,61464.9
2026-03-07T07:00:00Z,66922.5
2026-03-07T08:00:00Z,68088.2
2026-03-07T09:00:00Z,69957.9
2026-03-07T10:00:00Z,72138.2
2026-03-07T11:00:00Z,72786.9
2026-03-07T12:00:00Z,73757.1
2026-03-07T13:00:00Z,73295.9
2026-03-07T14:00:00Z,73836.0
2026-03-07T15:00:00Z,70966.1
2026-03-07T16:00:00Z,68376.2
2026-03-07T17:00:00Z,62750.7
2026-03-07T18:00:00Z,61182.3
2026-03-07T19:00:00Z,57297.9
2026-03-07T20:00:00Z,54900.6
2026-03-07T21:00:00Z,51417.0
2026-03-07T22:00:00Z,48469.7
2026-03-07T23:00:00Z,45997.0
2026-03-08T00:00:00Z,47933.4
2026-03-08T01:00:00Z,48098.9
2026-03-08T02:00:00Z,48830.7
2026-03-08T03:00:00Z,47458.4
2026-03-08T04:00:00Z,54124.1
2026-03-08T05:00:00Z,56522.8
2026-03-08T06:00:00Z,58976.7
2026-03-08T07:00:00Z,66831.5
2026-03-08T08:00:00Z,67693.0
2026-03-08T09:00:00Z,70592.5
2026-03-08T10:00:00Z,72576.2
2026-03-08T11:00:00Z,72782.0
2026-03-08T12:00:00Z,75346.7
2026-03-08T13:00:00Z,73521.3
2026-03-08T14:00:00Z,70355.9
2026-03-08T15:00:00Z,69458.8
2026-03-08T16:00:00Z,67263.3
2026-03-08T17:00:00Z,63112.8
2026-03-08T18:00:00Z,59555.3
2026-03-08T19:00:00Z,55880.9
2026-03-08T20:00:00Z,52526.9
2026-03-08T21:00:00Z,50495.8
2026-03-08T22:00:00Z,48140.7
2026-03-08T23:00:00Z,47952.3
2026-03-09T00:00:00Z,49900.6
2026-03-09T01:00:00Z,51753.4
2026-03-09T02:00:00Z,52585.6
2026-03-09T03:00:00Z,54188.0
2026-03-09T04:00:00Z,57955.9
2026-03-09T05:00:00Z,59480.0
2026-03-09T06:00:00Z,64895.8
2026-03-09T07:00:00Z,67562.7
2026-03-09T08:00:00Z,71611.1
2026-03-09T09:00:00Z,72441.8
2026-03-09T10:00:00Z,75694.4
2026-03-09T11:00:00Z,77311.3
2026-03-09T12:00:00Z,78070.5
2026-03-09T13:00:00Z,76691.9
2026-03-09T14:00:00Z,77981.7
2026-03-09T15:00:00Z,74181.4
2026-03-09T16:00:00Z,70471.8
2026-03-09T17:00:00Z,66072.6
2026-03-09T18:00:00Z,62392.6
2026-03-09T19:00:00Z,60101.5
2026-03-09T20:00:00Z,58153.0
2026-03-09T21:00:00Z,53779.3
2026-03-09T22:00:00Z,51088.3
2026-03-09T23:00:00Z,51407.9
2026-03-10T00:00:00Z,48409.3
2026-03-10T01:00:00Z,52939.8
2026-03-10T02:00:00Z,52716.2
2026-03-10T03:00:00Z,55072.7
2026-03-10T04:00:00Z,55671.8
2026-03-10T05:00:00Z,60466.3
2026-03-10T06:00:00Z,64277.2
2026-03-10T07:00:00Z,66681.4
2026-03-10T08:00:00Z,69028.8
2026-03-10T09:00:00Z,75461.9
2026-03-10T10:00:00Z,77393.2
2026-03-10T11:00:00Z,76935.8
2026-03-10T12:00:00Z,77161.4
2026-03-10T13:00:00Z,78369.2
2026-03-10T14:00:00Z,77152.8
2026-03-10T15:00:00Z,72305.3
2026-03-10T16:00:00Z,68819.3
2026-03-10T17:00:00Z,67763.8
2026-03-10T18:00:00Z,64428.0
2026-03-10T19:00:00Z,60869.2
2026-03-10T20:00:00Z,54797.4
2026-03-10T21:00:00Z,55660.6
2026-03-10T22:00:00Z,50987.0
2026-03-10T23:00:00Z,51450.9
2026-03-11T00:00:00Z,49374.2
2026-03-11T01:00:00Z,51973.6
2026-03-11T02:00:00Z,53209.9
2026-03-11T03:00:00Z,56823.0
2026-03-11T04:00:00Z,56486.6
2026-03-11T05:00:00Z,58711.3
2026-03-11T06:00:00Z,63165.9
2026-03-11T07:00:00Z,67108.0
2026-03-11T08:00:00Z,71421.8
2026-03-11T09:00:00Z,75613.0
2026-03-11T10:00:00Z,74638.8
2026-03-11T11:00:00Z,77789.6
2026-03-11T12:00:00Z,79577.3
2026-03-11T13:00:00Z,75370.0
2026-03-11T14:00:00Z,75334.8
2026-03-11T15:00:00Z,72231.0
2026-03-11T16:00:00Z,71761.0
2026-03-11T17:00:00Z,68272.0
2026-03-11T18:00:00Z,62015.0
2026-03-11T19:00:00Z,61779.7
2026-03-11T20:00:00Z,57125.2
2026-03-11T21:00:00Z,54581.1
2026-03-11T22:00:00Z,53154.7
2026-03-11T23:00:00Z,50039.1
2026-03-12T00:00:00Z,49190.2
2026-03-12T01:00:00Z,50809.4
2026-03-12T02:00:00Z,51206.4
2026-03-12T03:00:00Z,52616.4
2026-03-12T04:00:00Z,57365.2
2026-03-12T05:00:00Z,58477.3
2026-03-12T06:00:00Z,61741.0
2026-03-12T07:00:00Z,65821.4
2026-03-12T08:00:00Z,68936.3
2026-03-12T09:00:00Z,75212.1
2026-03-12T10:00:00Z,75968.0
2026-03-12T11:00:00Z,75848.1
2026-03-12T12:00:00Z,77048.7
2026-03-12T13:00:00Z,79833.5
2026-03-12T14:00:00Z,75652.6
2026-03-12T15:00:00Z,72589.4
2026-03-12T16:00:00Z,70293.1
2026-03-12T17:00:00Z,66415.3
2026-03-12T18:00:00Z,62599.0
2026-03-12T19:00:00Z,59253.0
2026-03-12T20:00:00Z,56563.1
2026-03-12T21:00:00Z,53468.2
2026-03-12T22:00:00Z,52100.5
2026-03-12T23:00:00Z,50136.6
2026-03-13T00:00:00Z,49324.2
2026-03-13T01:00:00Z,49208.2
2026-03-13T02:00:00Z,53118.6
2026-03-13T03:00:00Z,53250.2
2026-03-13T04:00:00Z,55444.6
2026-03-13T05:00:00Z,61681.0
2026-03-13T06:00:00Z,63705.8
2026-03-13T07:00:00Z,66519.0
2026-03-13T08:00:00Z,69644.9
2026-03-13T09:00:00Z,73737.5
2026-03-13T10:00:00Z,74611.2
2026-03-13T11:00:00Z,76716.3
2026-03-13T12:00:00Z,78240.0
2026-03-13T13:00:00Z,77496.9
2026-03-13T14:00:00Z,74994.5
2026-03-13T15:00:00Z,72914.2
2026-03-13T16:00:00Z,69346.0
2026-03-13T17:00:00Z,66526.7
2026-03-13T18:00:00Z,62545.1
2026-03-13T19:00:00Z,60194.9
2026-03-13T20:00:00Z,54884.7
2026-03-13T21:00:00Z,54163.6
2026-03-13T22:00:00Z,50874.5
2026-03-13T23:00:00Z,51812.7
2026-03-14T00:00:00Z,45718.6
2026-03-14T01:00:00Z,47326.5
2026-03-14T02:00:00Z,47630.5
2026-03-14T03:00:00Z,49839.8
2026-03-14T04:00:00Z,55076.2
2026-03-14T05:00:00Z,54949.9
2026-03-14T06:00:00Z,59969.9
2026-03-14T07:00:00Z,61977.7
2026-03-14T08:00:00Z,65883.0
2026-03-14T09:00:00Z,70397.2
2026-03-14T10:00:00Z,71486.5
2026-03-14T11:00:00Z,74254.9
2026-03-14T12:00:00Z,73544.2
2026-03-14T13:00:00Z,73300.3
2026-03-14T14:00:00Z,71619.5
2026-03-14T15:00:00Z,69825.3
2026-03-14T16:00:00Z,66033.8
2026-03-14T17:00:00Z,63840.4
2026-03-14T18:00:00Z,60709.0
2026-03-14T19:00:00Z,56259.6
2026-03-14T20:00:00Z,53420.4
2026-03-14T21:00:00Z,49096.0
2026-03-14T22:00:00Z,49676.4
2026-03-14T23:00:00Z,46422.2
2026-03-15T00:00:00Z,44468.2
2026-03-15T01:00:00Z,45633.6
2026-03-15T02:00:00Z,48377.6
2026-03-15T03:00:00Z,49404.9
2026-03-15T04:00:00Z,53568.2
2026-03-15T05:00:00Z,57409.4
2026-03-15T06:00:00Z,57932.3
2026-03-15T07:00:00Z,62494.6
2026-03-15T08:00:00Z,65627.4
2026-03-15T09:00:00Z,70625.6
2026-03-15T10:00:00Z,71647.7
2026-03-15T11:00:00Z,74984.4
2026-03-15T12:00:00Z,71535.2
2026-03-15T13:00:00Z,73548.0
2026-03-15T14:00:00Z,70676.1
2026-03-15T15:00:00Z,67322.6
2026-03-15T16:00:00Z,68493.4
2026-03-15T17:00:00Z,62575.1
2026-03-15T18:00:00Z,59272.7
2026-03-15T19:00:00Z,55166.7
2026-03-15T20:00:00Z,52742.2
2026-03-15T21:00:00Z,50432.7
2026-03-15T22:00:00Z,46902.8
2026-03-15T23:00:00Z,44819.5
2026-03-16T00:00:00Z,50425.7
2026-03-16T01:00:00Z,49342.3
2026-03-16T02:00:00Z,51903.1
2026-03-16T03:00:00Z,53515.9
2026-03-16T04:00:00Z,55998.0
2026-03-16T05:00:00Z,59948.7
2026-03-16T06:00:00Z,63223.3
2026-03-16T07:00:00Z,67785.2
2026-03-16T08:00:00Z,68835.4
2026-03-16T09:00:00Z,75177.2
2026-03-16T10:00:00Z,76254.2
2026-03-16T11:00:00Z,77629.3
2026-03-16T12:00:00Z,76614.5
2026-03-16T13:00:00Z,75093.7
2026-03-16T14:00:00Z,75284.7
2026-03-16T15:00:00Z,72180.0
2026-03-16T16:00:00Z,70128.8
2026-03-16T17:00:00Z,66292.6
2026-03-16T18:00:00Z,62703.0
2026-03-16T19:00:00Z,61844.6
2026-03-16T20:00:00Z,55770.6
2026-03-16T21:00:00Z,52744.3
2026-03-16T22:00:00Z,52196.2
2026-03-16T23:00:00Z,49476.7
2026-03-17T00:00:00Z,46835.2
2026-03-17T01:00:00Z,50460.0
2026-03-17T02:00:00Z,50608.9
2026-03-17T03:00:00Z,52895.5
2026-03-17T04:00:00Z,56677.3
2026-03-17T05:00:00Z,60473.1
2026-03-17T06:00:00Z,61596.3
2026-03-17T07:00:00Z,67398.4
2026-03-17T08:00:00Z,66557.2
2026-03-17T09:00:00Z,74822.5
2026-03-17T10:00:00Z,74565.2
2026-03-17T11:00:00Z,78158.4
2026-03-17T12:00:00Z,75716.6
2026-03-17T13:00:00Z,75949.0
2026-03-17T14:00:00Z,78119.0
2026-03-17T15:00:00Z,73322.7
2026-03-17T16:00:00Z,69394.5
2026-03-17T17:00:00Z,66188.8
2026-03-17T18:00:00Z,62286.2
2026-03-17T19:00:00Z,59913.3
2026-03-17T20:00:00Z,56877.4
2026-03-17T21:00:00Z,52519.1
2026-03-17T22:00:00Z,49087.5
2026-03-17T23:00:00Z,49956.9
2026-03-18T00:00:00Z,46729.4
2026-03-18T01:00:00Z,47032.8
2026-03-18T02:00:00Z,50426.0
2026-03-18T03:00:00Z,50955.8
2026-03-18T04:00:00Z,54940.0
2026-03-18T05:00:00Z,60401.0
2026-03-18T06:00:00Z,62436.0
2026-03-18T07:00:00Z,67871.6
2026-03-18T08:00:00Z,71254.9
2026-03-18T09:00:00Z,69310.5
2026-03-18T10:00:00Z,76187.6
2026-03-18T11:00:00Z,75785.3
2026-03-18T12:00:00Z,75185.8
2026-03-18T13:00:00Z,72993.9
2026-03-18T14:00:00Z,74247.9
2026-03-18T15:00:00Z,72005.5
2026-03-18T16:00:00Z,69669.5
2026-03-18T17:00:00Z,65689.3
2026-03-18T18:00:00Z,64579.3
2026-03-18T19:00:00Z,59354.5
2026-03-18T20:00:00Z,56542.3
2026-03-18T21:00:00Z,51591.2
2026-03-18T22:00:00Z,52722.5
2026-03-18T23:00:00Z,48403.0
2026-03-19T00:00:00Z,49108.0
2026-03-19T01:00:00Z,48946.6
2026-03-19T02:00:00Z,53352.8
2026-03-19T03:00:00Z,51486.0
2026-03-19T04:00:00Z,54978.5
2026-03-19T05:00:00Z,58977.1
2026-03-19T06:00:00Z,62392.1
2026-03-19T07:00:00Z,67396.2
2026-03-19T08:00:00Z,71010.3
2026-03-19T09:00:00Z,72357.5
2026-03-19T10:00:00Z,74750.2
2026-03-19T11:00:00Z,76794.0
2026-03-19T12:00:00Z,77758.2
2026-03-19T13:00:00Z,78007.1
2026-03-19T14:00:00Z,76026.1
2026-03-19T15:00:00Z,72813.2
2026-03-19T16:00:00Z,69856.2
2026-03-19T17:00:00Z,68065.7
2026-03-19T18:00:00Z,63910.4
2026-03-19T19:00:00Z,61160.4
2026-03-19T20:00:00Z,55181.1
2026-03-19T21:00:00Z,52127.2
2026-03-19T22:00:00Z,50847.9
2026-03-19T23:00:00Z,50651.0
2026-03-20T00:00:00Z,46956.2
2026-03-20T01:00:00Z,50431.4
2026-03-20T02:00:00Z,51337.8
2026-03-20T03:00:00Z,53206.2
2026-03-20T04:00:00Z,55859.7
2026-03-20T05:00:00Z,59331.7
2026-03-20T06:00:00Z,61772.3
2026-03-20T07:00:00Z,65078.8
2026-03-20T08:00:00Z,69506.9
2026-03-20T09:00:00Z,72860.4
2026-03-20T10:00:00Z,75347.5
2026-03-20T11:00:00Z,76039.7
2026-03-20T12:00:00Z,74333.2
2026-03-20T13:00:00Z,75583.8
2026-03-20T14:00:00Z,75035.6
2026-03-20T15:00:00Z,72727.8
2026-03-20T16:00:00Z,69603.1
2026-03-20T17:00:00Z,66089.6
2026-03-20T18:00:00Z,61439.7
2026-03-20T19:00:00Z,59448.4
2026-03-20T20:00:00Z,53556.4
2026-03-20T21:00:00Z,50831.9
2026-03-20T22:00:00Z,52047.7
2026-03-20T23:00:00Z,50049.9
2026-03-21T00:00:00Z,44035.9
2026-03-21T01:00:00Z,47174.6
2026-03-21T02:00:00Z,46010.6
2026-03-21T03:00:00Z,48565.2
2026-03-21T04:00:00Z,50679.1
2026-03-21T05:00:00Z,54490.9
2026-03-21T06:00:00Z,58604.3
2026-03-21T07:00:00Z,62489.0
2026-03-21T08:00:00Z,65499.4
2026-03-21T09:00:00Z,68482.2
2026-03-21T10:00:00Z,71762.7
2026-03-21T11:00:00Z,72384.0
2026-03-21T12:00:00Z,71331.2
2026-03-21T13:00:00Z,72590.9
2026-03-21T14:00:00Z,69586.5
2026-03-21T15:00:00Z,70865.1
2026-03-21T16:00:00Z,66185.3
2026-03-21T17:00:00Z,61384.3
2026-03-21T18:00:00Z,57142.0
2026-03-21T19:00:00Z,54312.6
2026-03-21T20:00:00Z,52487.4
2026-03-21T21:00:00Z,47500.0
2026-03-21T22:00:00Z,47361.4
2026-03-21T23:00:00Z,44936.5
2026-03-22T00:00:00Z,43870.8
2026-03-22T01:00:00Z,43697.3
2026-03-22T02:00:00Z,46353.7
2026-03-22T03:00:00Z,46676.6
2026-03-22T04:00:00Z,51672.3
2026-03-22T05:00:00Z,57955.8
2026-03-22T06:00:00Z,60651.9
2026-03-22T07:00:00Z,60402.3
2026-03-22T08:00:00Z,65192.3
2026-03-22T09:00:00Z,67632.7
2026-03-22T10:00:00Z,69803.6
2026-03-22T11:00:00Z,71940.4
2026-03-22T12:00:00Z,71311.8
2026-03-22T13:00:00Z,71526.7
2026-03-22T14:00:00Z,69447.6
2026-03-22T15:00:00Z,67759.8
2026-03-22T16:00:00Z,66174.6
2026-03-22T17:00:00Z,60664.0
2026-03-22T18:00:00Z,58897.9
2026-03-22T19:00:00Z,54244.1
2026-03-22T20:00:00Z,52177.0
2026-03-22T21:00:00Z,48247.5
2026-03-22T22:00:00Z,47443.3
2026-03-22T23:00:00Z,44702.4
2026-03-23T00:00:00Z,47689.3
2026-03-23T01:00:00Z,45686.1
2026-03-23T02:00:00Z,49705.9
2026-03-23T03:00:00Z,52529.9
2026-03-23T04:00:00Z,54642.3
2026-03-23T05:00:00Z,57705.3
2026-03-23T06:00:00Z,63139.3
2026-03-23T07:00:00Z,66090.5
2026-03-23T08:00:00Z,69091.9
2026-03-23T09:00:00Z,70434.4
2026-03-23T10:00:00Z,74946.0
2026-03-23T11:00:00Z,75217.1
2026-03-23T12:00:00Z,76036.0
2026-03-23T13:00:00Z,76443.5
2026-03-23T14:00:00Z,74343.1
2026-03-23T15:00:00Z,72448.3
2026-03-23T16:00:00Z,69928.3
2026-03-23T17:00:00Z,64019.4
2026-03-23T18:00:00Z,61593.1
2026-03-23T19:00:00Z,59737.9
2026-03-23T20:00:00Z,55271.6
2026-03-23T21:00:00Z,52852.3
2026-03-23T22:00:00Z,49797.1
2026-03-23T23:00:00Z,49017.8
2026-03-24T00:00:00Z,45697.3
2026-03-24T01:00:00Z,49372.2
2026-03-24T02:00:00Z,49012.2
2026-03-24T03:00:00Z,54722.2
2026-03-24T04:00:00Z,54830.0
2026-03-24T05:00:00Z,57634.3
2026-03-24T06:00:00Z,64847.7
2026-03-24T07:00:00Z,64413.9
2026-03-24T08:00:00Z,70484.1
2026-03-24T09:00:00Z,71744.2
2026-03-24T10:00:00Z,74771.6
2026-03-24T11:00:00Z,76143.9
2026-03-24T12:00:00Z,74783.1
2026-03-24T13:00:00Z,75564.0
2026-03-24T14:00:00Z,75393.3
2026-03-24T15:00:00Z,70580.7
2026-03-24T16:00:00Z,67857.4
2026-03-24T17:00:00Z,63011.6
2026-03-24T18:00:00Z,59897.9
2026-03-24T19:00:00Z,59359.7
2026-03-24T20:00:00Z,54106.8
2026-03-24T21:00:00Z,54851.5
2026-03-24T22:00:00Z,50447.6
2026-03-24T23:00:00Z,46286.5
2026-03-25T00:00:00Z,48111.7
2026-03-25T01:00:00Z,46337.3
2026-03-25T02:00:00Z,50521.3
2026-03-25T03:00:00Z,51934.2
2026-03-25T04:00:00Z,55715.3
2026-03-25T05:00:00Z,59294.2
2026-03-25T06:00:00Z,60906.0
2026-03-25T07:00:00Z,64865.9
2026-03-25T08:00:00Z,67632.9
2026-03-25T09:00:00Z,72756.2
2026-03-25T10:00:00Z,73473.5
2026-03-25T11:00:00Z,75144.0
2026-03-25T12:00:00Z,75992.1
2026-03-25T13:00:00Z,73571.0
2026-03-25T14:00:00Z,74836.2
2026-03-25T15:00:00Z,72717.4
2026-03-25T16:00:00Z,66709.8
2026-03-25T17:00:00Z,65177.1
2026-03-25T18:00:00Z,61119.4
2026-03-25T19:00:00Z,57680.8
2026-03-25T20:00:00Z,54634.5
2026-03-25T21:00:00Z,51088.7
2026-03-25T22:00:00Z,51069.5
2026-03-25T23:00:00Z,47719.0
2026-03-26T00:00:00Z,49016.0
2026-03-26T01:00:00Z,49512.3
2026-03-26T02:00:00Z,51953.2
2026-03-26T03:00:00Z,51002.5
2026-03-26T04:00:00Z,57069.2
2026-03-26T05:00:00Z,55931.9
2026-03-26T06:00:00Z,60266.9
2026-03-26T07:00:00Z,65278.0
2026-03-26T08:00:00Z,67983.4
2026-03-26T09:00:00Z,70078.9
2026-03-26T10:00:00Z,73204.4
2026-03-26T11:00:00Z,75724.5
2026-03-26T12:00:00Z,75811.3
2026-03-26T13:00:00Z,74610.3
2026-03-26T14:00:00Z,73458.4
2026-03-26T15:00:00Z,70779.0
2026-03-26T16:00:00Z,71331.2
2026-03-26T17:00:00Z,63045.4
2026-03-26T18:00:00Z,59889.9
2026-03-26T19:00:00Z,57542.7
2026-03-26T20:00:00Z,54500.0
2026-03-26T21:00:00Z,52648.8
2026-03-26T22:00:00Z,49891.7
2026-03-26T23:00:00Z,45931.7
2026-03-27T00:00:00Z,46063.4
2026-03-27T01:00:00Z,46992.7
2026-03-27T02:00:00Z,50163.8
2026-03-27T03:00:00Z,52655.3
2026-03-27T04:00:00Z,55545.4
2026-03-27T05:00:00Z,59802.4
2026-03-27T06:00:00Z,59403.3
2026-03-27T07:00:00Z,67327.6
2026-03-27T08:00:00Z,68749.3
2026-03-27T09:00:00Z,70283.1
2026-03-27T10:00:00Z,73679.2
2026-03-27T11:00:00Z,74578.2
2026-03-27T12:00:00Z,76930.6
2026-03-27T13:00:00Z,76058.9
2026-03-27T14:00:00Z,70285.6
2026-03-27T15:00:00Z,72040.9
2026-03-27T16:00:00Z,68580.7
2026-03-27T17:00:00Z,66998.1
2026-03-27T18:00:00Z,62651.0
2026-03-27T19:00:00Z,58894.6
2026-03-27T20:00:00Z,53436.3
2026-03-27T21:00:00Z,51584.0
2026-03-27T22:00:00Z,48581.3
2026-03-27T23:00:00Z,49470.2
2026-03-28T00:00:00Z,42011.1
2026-03-28T01:00:00Z,44425.8
2026-03-28T02:00:00Z,45795.8
2026-03-28T03:00:00Z,47440.2
2026-03-28T04:00:00Z,51907.5
2026-03-28T05:00:00Z,54068.8
2026-03-28T06:00:00Z,56431.2
2026-03-28T07:00:00Z,61701.8
2026-03-28T08:00:00Z,62716.7
2026-03-28T09:00:00Z,68439.5
2026-03-28T10:00:00Z,68633.8
2026-03-28T11:00:00Z,72198.9
2026-03-28T12:00:00Z,70511.3
2026-03-28T13:00:00Z,69310.9
2026-03-28T14:00:00Z,71927.0
2026-03-28T15:00:00Z,66447.8
2026-03-28T16:00:00Z,65594.7
2026-03-28T17:00:00Z,61858.4
2026-03-28T18:00:00Z,56338.1
2026-03-28T19:00:00Z,55051.8
2026-03-28T20:00:00Z,52907.7
2026-03-28T21:00:00Z,47792.1
2026-03-28T22:00:00Z,45907.8
2026-03-28T23:00:00Z,42286.3
2026-03-29T00:00:00Z,44213.5
2026-03-29T01:00:00Z,42687.7
2026-03-29T02:00:00Z,44231.4
2026-03-29T03:00:00Z,45774.3
2026-03-29T04:00:00Z,49250.9
2026-03-29T05:00:00Z,55799.9
2026-03-29T06:00:00Z,56053.2
2026-03-29T07:00:00Z,59663.0
2026-03-29T08:00:00Z,65298.8
2026-03-29T09:00:00Z,66967.6
2026-03-29T10:00:00Z,69961.7
2026-03-29T11:00:00Z,72387.9
2026-03-29T12:00:00Z,70196.5
2026-03-29T13:00:00Z,70950.3
2026-03-29T14:00:00Z,69632.4
2026-03-29T15:00:00Z,68085.7
2026-03-29T16:00:00Z,64131.6
2026-03-29T17:00:00Z,60419.5
2026-03-29T18:00:00Z,56532.8
2026-03-29T19:00:00Z,52133.5
2026-03-29T20:00:00Z,51172.7
2026-03-29T21:00:00Z,47653.8
2026-03-29T22:00:00Z,46784.5
2026-03-29T23:00:00Z,46223.8
2026-03-30T00:00:00Z,49560.5
2026-03-30T01:00:00Z,48210.2
2026-03-30T02:00:00Z,49437.5
2026-03-30T03:00:00Z,48640.7
2026-03-30T04:00:00Z,54934.0
2026-03-30T05:00:00Z,58185.2
2026-03-30T06:00:00Z,61262.5
2026-03-30T07:00:00Z,64195.5
2026-03-30T08:00:00Z,71116.1
2026-03-30T09:00:00Z,72560.7
2026-03-30T10:00:00Z,73659.1
2026-03-30T11:00:00Z,72916.2
2026-03-30T12:00:00Z,73907.5
2026-03-30T13:00:00Z,74765.7
2026-03-30T14:00:00Z,72965.3
2026-03-30T15:00:00Z,70958.5
2026-03-30T16:00:00Z,66715.8
2026-03-30T17:00:00Z,65411.7
2026-03-30T18:00:00Z,62982.3
2026-03-30T19:00:00Z,56883.3
2026-03-30T20:00:00Z,54171.5
2026-03-30T21:00:00Z,52158.2
2026-03-30T22:00:00Z,48446.1
2026-03-30T23:00:00Z,48485.4
2026-03-31T00:00:00Z,47065.2
2026-03-31T01:00:00Z,49041.4
2026-03-31T02:00:00Z,49471.9
2026-03-31T03:00:00Z,55800.0
2026-03-31T04:00:00Z,54144.9
2026-03-31T05:00:00Z,59043.6
2026-03-31T06:00:00Z,61927.9
2026-03-31T07:00:00Z,65112.2
2026-03-31T08:00:00Z,69496.7
2026-03-31T09:00:00Z,72427.2
2026-03-31T10:00:00Z,72990.5
2026-03-31T11:00:00Z,76038.3
2026-03-31T12:00:00Z,75329.5
2026-03-31T13:00:00Z,71439.2
2026-03-31T14:00:00Z,73026.6
2026-03-31T15:00:00Z,71187.9
2026-03-31T16:00:00Z,68827.4
2026-03-31T17:00:00Z,64069.8
2026-03-31T18:00:00Z,62727.7
2026-03-31T19:00:00Z,59112.3
2026-03-31T20:00:00Z,52504.0
2026-03-31T21:00:00Z,51807.2
2026-03-31T22:00:00Z,49601.7
2026-03-31T23:00:00Z,49555.3
2026-04-01T00:00:00Z,46546.5
2026-04-01T01:00:00Z,48628.6
2026-04-01T02:00:00Z,47656.6
2026-04-01T03:00:00Z,52806.9
2026-04-01T04:00:00Z,54407.0
2026-04-01T05:00:00Z,55980.0
2026-04-01T06:00:00Z,61273.6
2026-04-01T07:00:00Z,64720.8
2026-04-01T08:00:00Z,67459.9
2026-04-01T09:00:00Z,70384.2
2026-04-01T10:00:00Z,74381.4
2026-04-01T11:00:00Z,74742.5
2026-04-01T12:00:00Z,75312.6
2026-04-01T13:00:00Z,73724.3
2026-04-01T14:00:00Z,73764.3
2026-04-01T15:00:00Z,71878.4
2026-04-01T16:00:00Z,68643.3
2026-04-01T17:00:00Z,64194.9
2026-04-01T18:00:00Z,62205.0
2026-04-01T19:00:00Z,58392.2
2026-04-01T20:00:00Z,53523.9
2026-04-01T21:00:00Z,50787.9
2026-04-01T22:00:00Z,50599.1
2026-04-01T23:00:00Z,47402.7
2026-04-02T00:00:00Z,47266.2
2026-04-02T01:00:00Z,49673.0
2026-04-02T02:00:00Z,47109.2
2026-04-02T03:00:00Z,52484.8
2026-04-02T04:00:00Z,54924.6
2026-04-02T05:00:00Z,59126.4
2026-04-02T06:00:00Z,60726.4
2026-04-02T07:00:00Z,64179.3
2026-04-02T08:00:00Z,66891.0
2026-04-02T09:00:00Z,71827.8
2026-04-02T10:00:00Z,74475.1
2026-04-02T11:00:00Z,72638.2
2026-04-02T12:00:00Z,75596.5
2026-04-02T13:00:00Z,73962.1
2026-04-02T14:00:00Z,71887.9
2026-04-02T15:00:00Z,69694.8
2026-04-02T16:00:00Z,68529.9
2026-04-02T17:00:00Z,63143.5
2026-04-02T18:00:00Z,58501.1
2026-04-02T19:00:00Z,57624.2
2026-04-02T20:00:00Z,53647.2
2026-04-02T21:00:00Z,52936.1
2026-04-02T22:00:00Z,50631.0
2026-04-02T23:00:00Z,46927.2
2026-04-03T00:00:00Z,47778.8
2026-04-03T01:00:00Z,47687.0
2026-04-03T02:00:00Z,47914.3
2026-04-03T03:00:00Z,50549.0
2026-04-03T04:00:00Z,54521.0
2026-04-03T05:00:00Z,59101.9
2026-04-03T06:00:00Z,62226.3
2026-04-03T07:00:00Z,63805.3
2026-04-03T08:00:00Z,68055.4
2026-04-03T09:00:00Z,71364.5
2026-04-03T10:00:00Z,72869.6
2026-04-03T11:00:00Z,74640.7
2026-04-03T12:00:00Z,74559.1
2026-04-03T13:00:00Z,73606.8
2026-04-03T14:00:00Z,73275.6
2026-04-03T15:00:00Z,71216.3
2026-04-03T16:00:00Z,68100.0
2026-04-03T17:00:00Z,64036.0
2026-04-03T18:00:00Z,61147.3
2026-04-03T19:00:00Z,57186.5
2026-04-03T20:00:00Z,52420.9
2026-04-03T21:00:00Z,51058.4
2026-04-03T22:00:00Z,48916.6
2026-04-03T23:00:00Z,46013.3
2026-04-04T00:00:00Z,43187.4
2026-04-04T01:00:00Z,43983.1
2026-04-04T02:00:00Z,45925.5
2026-04-04T03:00:00Z,46996.1
2026-04-04T04:00:00Z,50450.7
2026-04-04T05:00:00Z,51730.7
2026-04-04T06:00:00Z,55549.2
2026-04-04T07:00:00Z,62002.6
2026-04-04T08:00:00Z,62488.7
2026-04-04T09:00:00Z,65949.1
2026-04-04T10:00:00Z,68943.7
2026-04-04T11:00:00Z,70050.5
2026-04-04T12:00:00Z,70462.0
2026-04-04T13:00:00Z,70070.2
2026-04-04T14:00:00Z,70245.0
2026-04-04T15:00:00Z,66602.3
2026-04-04T16:00:00Z,64854.3
2026-04-04T17:00:00Z,61974.3
2026-04-04T18:00:00Z,56792.2
2026-04-04T19:00:00Z,53284.1
2026-04-04T20:00:00Z,48968.1
2026-04-04T21:00:00Z,45726.2
2026-04-04T22:00:00Z,44920.5
2026-04-04T23:00:00Z,43411.1
2026-04-05T00:00:00Z,43800.6
2026-04-05T01:00:00Z,41239.4
2026-04-05T02:00:00Z,44886.1
2026-04-05T03:00:00Z,47034.8
2026-04-05T04:00:00Z,50745.1
2026-04-05T05:00:00Z,53180.7
2026-04-05T06:00:00Z,56770.3
2026-04-05T07:00:00Z,60862.5
2026-04-05T08:00:00Z,64371.5
2026-04-05T09:00:00Z,66777.0
2026-04-05T10:00:00Z,69586.0
2026-04-05T11:00:00Z,69547.9
2026-04-05T12:00:00Z,72786.2
2026-04-05T13:00:00Z,72127.4
2026-04-05T14:00:00Z,67961.7
2026-04-05T15:00:00Z,66504.9
2026-04-05T16:00:00Z,65127.7
2026-04-05T17:00:00Z,60972.8
2026-04-05T18:00:00Z,58347.1
2026-04-05T19:00:00Z,53525.6
2026-04-05T20:00:00Z,51316.3
2026-04-05T21:00:00Z,49056.0
2026-04-05T22:00:00Z,44640.5
2026-04-05T23:00:00Z,42145.6
2026-04-06T00:00:00Z,48717.4
2026-04-06T01:00:00Z,48503.1
2026-04-06T02:00:00Z,50006.9
2026-04-06T03:00:00Z,49406.2
2026-04-06T04:00:00Z,51854.1
2026-04-06T05:00:00Z,58642.5
2026-04-06T06:00:00Z,60263.1
2026-04-06T07:00:00Z,64984.5
2026-04-06T08:00:00Z,67579.4
2026-04-06T09:00:00Z,71903.5
2026-04-06T10:00:00Z,72111.4
2026-04-06T11:00:00Z,72155.9
2026-04-06T12:00:00Z,75275.9
2026-04-06T13:00:00Z,75350.6
2026-04-06T14:00:00Z,70541.3
2026-04-06T15:00:00Z,71736.0
2026-04-06T16:00:00Z,68289.3
2026-04-06T17:00:00Z,65063.7
2026-04-06T18:00:00Z,60751.0
2026-04-06T19:00:00Z,55660.1
2026-04-06T20:00:00Z,54189.3
2026-04-06T21:00:00Z,51220.9
2026-04-06T22:00:00Z,50687.2
2026-04-06T23:00:00Z,46631.0
2026-04-07T00:00:00Z,46034.9
2026-04-07T01:00:00Z,46909.7
2026-04-07T02:00:00Z,49010.6
2026-04-07T03:00:00Z,50683.6
2026-04-07T04:00:00Z,52824.2
2026-04-07T05:00:00Z,58985.6
2026-04-07T06:00:00Z,59779.4
2026-04-07T07:00:00Z,63681.7
2026-04-07T08:00:00Z,66282.9
2026-04-07T09:00:00Z,70599.5
2026-04-07T10:00:00Z,73475.2
2026-04-07T11:00:00Z,76990.2
2026-04-07T12:00:00Z,73398.3
2026-04-07T13:00:00Z,76495.8
2026-04-07T14:00:00Z,73128.6
2026-04-07T15:00:00Z,69238.7
2026-04-07T16:00:00Z,67916.5
2026-04-07T17:00:00Z,64582.0
2026-04-07T18:00:00Z,60693.9
2026-04-07T19:00:00Z,57496.6
2026-04-07T20:00:00Z,54027.6
2026-04-07T21:00:00Z,50819.4
2026-04-07T22:00:00Z,47525.1
2026-04-07T23:00:00Z,48314.5
2026-04-08T00:00:00Z,46520.5
2026-04-08T01:00:00Z,48554.5
2026-04-08T02:00:00Z,47646.1
2026-04-08T03:00:00Z,51587.3
2026-04-08T04:00:00Z,52453.7
2026-04-08T05:00:00Z,56189.0
2026-04-08T06:00:00Z,60073.1
2026-04-08T07:00:00Z,66300.1
2026-04-08T08:00:00Z,66290.0
2026-04-08T09:00:00Z,70570.4
2026-04-08T10:00:00Z,71052.6
2026-04-08T11:00:00Z,75909.8
2026-04-08T12:00:00Z,75872.9
2026-04-08T13:00:00Z,74070.3
2026-04-08T14:00:00Z,72023.0
2026-04-08T15:00:00Z,70663.1
2026-04-08T16:00:00Z,67955.3
2026-04-08T17:00:00Z,63719.7
2026-04-08T18:00:00Z,58399.0
2026-04-08T19:00:00Z,55269.2
2026-04-08T20:00:00Z,54739.8
2026-04-08T21:00:00Z,50251.5
2026-04-08T22:00:00Z,49492.7
2026-04-08T23:00:00Z,48444.5
2026-04-09T00:00:00Z,48293.7
2026-04-09T01:00:00Z,48272.0
2026-04-09T02:00:00Z,50074.0
2026-04-09T03:00:00Z,51395.4
2026-04-09T04:00:00Z,55286.6
2026-04-09T05:00:00Z,56861.5
2026-04-09T06:00:00Z,58738.8
2026-04-09T07:00:00Z,66213.2
2026-04-09T08:00:00Z,66382.3
2026-04-09T09:00:00Z,69918.0
2026-04-09T10:00:00Z,74488.2
2026-04-09T11:00:00Z,72867.0
2026-04-09T12:00:00Z,76376.6
2026-04-09T13:00:00Z,72912.5
2026-04-09T14:00:00Z,73273.2
2026-04-09T15:00:00Z,71744.4
2026-04-09T16:00:00Z,67007.6
2026-04-09T17:00:00Z,63909.4
2026-04-09T18:00:00Z,61515.7
2026-04-09T19:00:00Z,57043.4
2026-04-09T20:00:00Z,53688.6
2026-04-09T21:00:00Z,49800.3
2026-04-09T22:00:00Z,49527.0
2026-04-09T23:00:00Z,47091.7
2026-04-10T00:00:00Z,46686.5
2026-04-10T01:00:00Z,48805.8
2026-04-10T02:00:00Z,47210.2
2026-04-10T03:00:00Z,50458.8
2026-04-10T04:00:00Z,52549.0
2026-04-10T05:00:00Z,56526.1
2026-04-10T06:00:00Z,59410.7
2026-04-10T07:00:00Z,64378.3
2026-04-10T08:00:00Z,68033.6
2026-04-10T09:00:00Z,71380.5
2026-04-10T10:00:00Z,70506.1
2026-04-10T11:00:00Z,73179.2
2026-04-10T12:00:00Z,75023.2
2026-04-10T13:00:00Z,74464.3
2026-04-10T14:00:00Z,73719.9
2026-04-10T15:00:00Z,72113.0
2026-04-10T16:00:00Z,68099.4
2026-04-10T17:00:00Z,65204.6
2026-04-10T18:00:00Z,62073.1
2026-04-10T19:00:00Z,56529.0
2026-04-10T20:00:00Z,50553.4
2026-04-10T21:00:00Z,49697.3
2026-04-10T22:00:00Z,50523.2
2026-04-10T23:00:00Z,45725.9
2026-04-11T00:00:00Z,41761.8
2026-04-11T01:00:00Z,43249.4
2026-04-11T02:00:00Z,45433.7
2026-04-11T03:00:00Z,47350.4
2026-04-11T04:00:00Z,50948.5
2026-04-11T05:00:00Z,54729.5
2026-04-11T06:00:00Z,57603.5
2026-04-11T07:00:00Z,61084.3
2026-04-11T08:00:00Z,61829.0
2026-04-11T09:00:00Z,65952.9
2026-04-11T10:00:00Z,69155.6
2026-04-11T11:00:00Z,69645.8
2026-04-11T12:00:00Z,71952.0
2026-04-11T13:00:00Z,69144.2
2026-04-11T14:00:00Z,67183.0
2026-04-11T15:00:00Z,65041.8
2026-04-11T16:00:00Z,63994.7
2026-04-11T17:00:00Z,59279.4
2026-04-11T18:00:00Z,56738.9
2026-04-11T19:00:00Z,54582.7
2026-04-11T20:00:00Z,50127.9
2026-04-11T21:00:00Z,47930.7
2026-04-11T22:00:00Z,45976.4
2026-04-11T23:00:00Z,43643.7
2026-04-12T00:00:00Z,42832.1
2026-04-12T01:00:00Z,41028.7
2026-04-12T02:00:00Z,44026.9
2026-04-12T03:00:00Z,47208.4
2026-04-12T04:00:00Z,49237.1
2026-04-12T05:00:00Z,52245.3
2026-04-12T06:00:00Z,57022.6
2026-04-12T07:00:00Z,60292.1
2026-04-12T08:00:00Z,63336.3
2026-04-12T09:00:00Z,67062.8
2026-04-12T10:00:00Z,71237.3
2026-04-12T11:00:00Z,71551.4
2026-04-12T12:00:00Z,71335.7
2026-04-12T13:00:00Z,69232.8
2026-04-12T14:00:00Z,69324.2
2026-04-12T15:00:00Z,66630.8
2026-04-12T16:00:00Z,62746.4
2026-04-12T17:00:00Z,60836.4
2026-04-12T18:00:00Z,57320.5
2026-04-12T19:00:00Z,54104.4
2026-04-12T20:00:00Z,50133.9
2026-04-12T21:00:00Z,47146.6
2026-04-12T22:00:00Z,44877.4
2026-04-12T23:00:00Z,42521.7
2026-04-13T00:00:00Z,45069.0
2026-04-13T01:00:00Z,46270.1
2026-04-13T02:00:00Z,47956.1
2026-04-13T03:00:00Z,50640.7
2026-04-13T04:00:00Z,54295.6
2026-04-13T05:00:00Z,57839.8
2026-04-13T06:00:00Z,57965.8
2026-04-13T07:00:00Z,63954.3
2026-04-13T08:00:00Z,66770.6
2026-04-13T09:00:00Z,70467.4
2026-04-13T10:00:00Z,72394.0
2026-04-13T11:00:00Z,74690.1
2026-04-13T12:00:00Z,74125.1
2026-04-13T13:00:00Z,73651.9
2026-04-13T14:00:00Z,73950.5
2026-04-13T15:00:00Z,70470.8
2026-04-13T16:00:00Z,69534.2
2026-04-13T17:00:00Z,65727.4
2026-04-13T18:00:00Z,60553.1
2026-04-13T19:00:00Z,58903.6
2026-04-13T20:00:00Z,53173.2
2026-04-13T21:00:00Z,51118.0
2026-04-13T22:00:00Z,48174.8
2026-04-13T23:00:00Z,45762.3
2026-04-14T00:00:00Z,46377.4
2026-04-14T01:00:00Z,48966.4
2026-04-14T02:00:00Z,48853.2
2026-04-14T03:00:00Z,49398.3
2026-04-14T04:00:00Z,55472.9
2026-04-14T05:00:00Z,57269.2
2026-04-14T06:00:00Z,58729.1
2026-04-14T07:00:00Z,64414.1
2026-04-14T08:00:00Z,67198.6
2026-04-14T09:00:00Z,67508.4
2026-04-14T10:00:00Z,71907.9
2026-04-14T11:00:00Z,71673.9
2026-04-14T12:00:00Z,74243.3
2026-04-14T13:00:00Z,72806.0
2026-04-14T14:00:00Z,73368.5
2026-04-14T15:00:00Z,70344.7
2026-04-14T16:00:00Z,69042.2
2026-04-14T17:00:00Z,63955.7
2026-04-14T18:00:00Z,61921.4
2026-04-14T19:00:00Z,55690.6
2026-04-14T20:00:00Z,54358.9
2026-04-14T21:00:00Z,49520.8
2026-04-14T22:00:00Z,48716.1
2026-04-14T23:00:00Z,48916.0
2026-04-15T00:00:00Z,46681.1
2026-04-15T01:00:00Z,47414.5
2026-04-15T02:00:00Z,48004.7
2026-04-15T03:00:00Z,48721.6
2026-04-15T04:00:00Z,54221.8
2026-04-15T05:00:00Z,57841.8
2026-04-15T06:00:00Z,61451.8
2026-04-15T07:00:00Z,64922.6
2026-04-15T08:00:00Z,67586.9
2026-04-15T09:00:00Z,69749.6
2026-04-15T10:00:00Z,73948.4
2026-04-15T11:00:00Z,74514.7
2026-04-15T12:00:00Z,75092.2
2026-04-15T13:00:00Z,74758.5
2026-04-15T14:00:00Z,72100.9
2026-04-15T15:00:00Z,71278.1
2026-04-15T16:00:00Z,65976.6
2026-04-15T17:00:00Z,63715.9
2026-04-15T18:00:00Z,60885.0
2026-04-15T19:00:00Z,57287.1
2026-04-15T20:00:00Z,52994.1
2026-04-15T21:00:00Z,49051.0
2026-04-15T22:00:00Z,47034.7
2026-04-15T23:00:00Z,47210.7
2026-04-16T00:00:00Z,47338.6
2026-04-16T01:00:00Z,46759.9
2026-04-16T02:00:00Z,46942.5
2026-04-16T03:00:00Z,49416.0
2026-04-16T04:00:00Z,51745.5
2026-04-16T05:00:00Z,58106.7
2026-04-16T06:00:00Z,60488.5
2026-04-16T07:00:00Z,63391.2
2026-04-16T08:00:00Z,67967.7
2026-04-16T09:00:00Z,72009.2
2026-04-16T10:00:00Z,74171.7
2026-04-16T11:00:00Z,72729.1
2026-04-16T12:00:00Z,73013.2
2026-04-16T13:00:00Z,74856.5
2026-04-16T14:00:00Z,72536.4
2026-04-16T15:00:00Z,68949.5
2026-04-16T16:00:00Z,68791.9
2026-04-16T17:00:00Z,65283.5
2026-04-16T18:00:00Z,58698.1
2026-04-16T19:00:00Z,58454.8
2026-04-16T20:00:00Z,52818.7
2026-04-16T21:00:00Z,50135.3
2026-04-16T22:00:00Z,49231.9
2026-04-16T23:00:00Z,47636.6
2026-04-17T00:00:00Z,44057.1
2026-04-17T01:00:00Z,47915.8
2026-04-17T02:00:00Z,48596.1
2026-04-17T03:00:00Z,48793.2
2026-04-17T04:00:00Z,54274.3
2026-04-17T05:00:00Z,55213.7
2026-04-17T06:00:00Z,61402.1
2026-04-17T07:00:00Z,64050.7
2026-04-17T08:00:00Z,67002.7
2026-04-17T09:00:00Z,72230.0
2026-04-17T10:00:00Z,71274.3
2026-04-17T11:00:00Z,73212.6
2026-04-17T12:00:00Z,73273.4
2026-04-17T13:00:00Z,74338.8
2026-04-17T14:00:00Z,73954.3
2026-04-17T15:00:00Z,68819.9
2026-04-17T16:00:00Z,67451.1
2026-04-17T17:00:00Z,64174.4
2026-04-17T18:00:00Z,58976.2
2026-04-17T19:00:00Z,55754.9
2026-04-17T20:00:00Z,55091.0
2026-04-17T21:00:00Z,50808.7
2026-04-17T22:00:00Z,47492.2
2026-04-17T23:00:00Z,47161.7
2026-04-18T00:00:00Z,42955.4
2026-04-18T01:00:00Z,43374.0
2026-04-18T02:00:00Z,44591.1
2026-04-18T03:00:00Z,45686.5
2026-04-18T04:00:00Z,49042.6
2026-04-18T05:00:00Z,51681.8
2026-04-18T06:00:00Z,55832.2
2026-04-18T07:00:00Z,57634.4
2026-04-18T08:00:00Z,64390.0
2026-04-18T09:00:00Z,67784.9
2026-04-18T10:00:00Z,70738.0
2026-04-18T11:00:00Z,70045.5
2026-04-18T12:00:00Z,71348.2
2026-04-18T13:00:00Z,68764.0
2026-04-18T14:00:00Z,70510.8
2026-04-18T15:00:00Z,67043.5
2026-04-18T16:00:00Z,65204.8
2026-04-18T17:00:00Z,60106.7
2026-04-18T18:00:00Z,57057.7
2026-04-18T19:00:00Z,53150.0
2026-04-18T20:00:00Z,51010.8
2026-04-18T21:00:00Z,47074.0
2026-04-18T22:00:00Z,44091.6
2026-04-18T23:00:00Z,42712.4
2026-04-19T00:00:00Z,43234.7
2026-04-19T01:00:00Z,43052.2
2026-04-19T02:00:00Z,42527.6
2026-04-19T03:00:00Z,47213.6
2026-04-19T04:00:00Z,49070.1
2026-04-19T05:00:00Z,53795.5
2026-04-19T06:00:00Z,54841.5
2026-04-19T07:00:00Z,60282.1
2026-04-19T08:00:00Z,63599.9
2026-04-19T09:00:00Z,67576.0
2026-04-19T10:00:00Z,68907.7
2026-04-19T11:00:00Z,70398.6
2026-04-19T12:00:00Z,67796.9
2026-04-19T13:00:00Z,68713.7
2026-04-19T14:00:00Z,67597.3
2026-04-19T15:00:00Z,65452.6
2026-04-19T16:00:00Z,63478.1
2026-04-19T17:00:00Z,58995.1
2026-04-19T18:00:00Z,58237.1
2026-04-19T19:00:00Z,52962.9
2026-04-19T20:00:00Z,50944.7
2026-04-19T21:00:00Z,48528.1
2026-04-19T22:00:00Z,44669.0
2026-04-19T23:00:00Z,43190.4
2026-04-20T00:00:00Z,46816.2
2026-04-20T01:00:00Z,49776.0
2026-04-20T02:00:00Z,48586.5
2026-04-20T03:00:00Z,49741.1
2026-04-20T04:00:00Z,55048.8
2026-04-20T05:00:00Z,56400.8
2026-04-20T06:00:00Z,57798.2
2026-04-20T07:00:00Z,63725.9
2026-04-20T08:00:00Z,68146.2
2026-04-20T09:00:00Z,71494.3
2026-04-20T10:00:00Z,73516.0
2026-04-20T11:00:00Z,71629.8
2026-04-20T12:00:00Z,72735.1
2026-04-20T13:00:00Z,73869.1
2026-04-20T14:00:00Z,71247.5
2026-04-20T15:00:00Z,68541.4
2026-04-20T16:00:00Z,67380.1
2026-04-20T17:00:00Z,62048.4
2026-04-20T18:00:00Z,59262.4
2026-04-20T19:00:00Z,56436.6
2026-04-20T20:00:00Z,54989.4
2026-04-20T21:00:00Z,51707.7
2026-04-20T22:00:00Z,47899.7
2026-04-20T23:00:00Z,47796.0
2026-04-21T00:00:00Z,45719.1
2026-04-21T01:00:00Z,46227.7
2026-04-21T02:00:00Z,49821.5
2026-04-21T03:00:00Z,49988.2
2026-04-21T04:00:00Z,52966.5
2026-04-21T05:00:00Z,56071.7
2026-04-21T06:00:00Z,62992.5
2026-04-21T07:00:00Z,64302.1
2026-04-21T08:00:00Z,65820.2
2026-04-21T09:00:00Z,69584.4
2026-04-21T10:00:00Z,72959.8
2026-04-21T11:00:00Z,73600.1
2026-04-21T12:00:00Z,73159.7
2026-04-21T13:00:00Z,73542.7
2026-04-21T14:00:00Z,72161.7
2026-04-21T15:00:00Z,71981.5
2026-04-21T16:00:00Z,69235.5
2026-04-21T17:00:00Z,64555.8
2026-04-21T18:00:00Z,58435.5
2026-04-21T19:00:00Z,56872.9
2026-04-21T20:00:00Z,54383.5
2026-04-21T21:00:00Z,49743.0
2026-04-21T22:00:00Z,49038.9
2026-04-21T23:00:00Z,46803.2
2026-04-22T00:00:00Z,48834.4
2026-04-22T01:00:00Z,48427.4
2026-04-22T02:00:00Z,46909.0
2026-04-22T03:00:00Z,51645.3
2026-04-22T04:00:00Z,51076.5
2026-04-22T05:00:00Z,57635.5
2026-04-22T06:00:00Z,60938.0
2026-04-22T07:00:00Z,64087.2
2026-04-22T08:00:00Z,66628.1
2026-04-22T09:00:00Z,70432.6
2026-04-22T10:00:00Z,74165.8
2026-04-22T11:00:00Z,71451.2
2026-04-22T12:00:00Z,74659.4
2026-04-22T13:00:00Z,75601.3
2026-04-22T14:00:00Z,71508.4
2026-04-22T15:00:00Z,71175.9
2026-04-22T16:00:00Z,66331.0
2026-04-22T17:00:00Z,64785.5
2026-04-22T18:00:00Z,61830.5
2026-04-22T19:00:00Z,55829.6
2026-04-22T20:00:00Z,53299.9
2026-04-22T21:00:00Z,49464.3
2026-04-22T22:00:00Z,46662.1
2026-04-22T23:00:00Z,47862.2
2026-04-23T00:00:00Z,47000.9
2026-04-23T01:00:00Z,46936.1
2026-04-23T02:00:00Z,49158.8
2026-04-23T03:00:00Z,52235.4
2026-04-23T04:00:00Z,52428.2
2026-04-23T05:00:00Z,57065.6
2026-04-23T06:00:00Z,60894.4
2026-04-23T07:00:00Z,64012.8
2026-04-23T08:00:00Z,68226.5
2026-04-23T09:00:00Z,70407.4
2026-04-23T10:00:00Z,73869.0
2026-04-23T11:00:00Z,72399.8
2026-04-23T12:00:00Z,73174.2
2026-04-23T13:00:00Z,73200.9
2026-04-23T14:00:00Z,72059.2
2026-04-23T15:00:00Z,68455.2
2026-04-23T16:00:00Z,68450.8
2026-04-23T17:00:00Z,60863.1
2026-04-23T18:00:00Z,61266.3
2026-04-23T19:00:00Z,55902.5
2026-04-23T20:00:00Z,53660.4
2026-04-23T21:00:00Z,51321.4
2026-04-23T22:00:00Z,48967.3
2026-04-23T23:00:00Z,46729.7
2026-04-24T00:00:00Z,49361.6
2026-04-24T01:00:00Z,45731.0
2026-04-24T02:00:00Z,46388.6
2026-04-24T03:00:00Z,51382.1
2026-04-24T04:00:00Z,51744.1
2026-04-24T05:00:00Z,56813.2
2026-04-24T06:00:00Z,60195.4
2026-04-24T07:00:00Z,63797.7
2026-04-24T08:00:00Z,65507.8
2026-04-24T09:00:00Z,68605.7
2026-04-24T10:00:00Z,72040.0
2026-04-24T11:00:00Z,70345.6
2026-04-24T12:00:00Z,72313.2
2026-04-24T13:00:00Z,72581.9
2026-04-24T14:00:00Z,72744.9
2026-04-24T15:00:00Z,71308.9
2026-04-24T16:00:00Z,66663.5
2026-04-24T17:00:00Z,65822.3
2026-04-24T18:00:00Z,60808.8
2026-04-24T19:00:00Z,56796.8
2026-04-24T20:00:00Z,53011.2
2026-04-24T21:00:00Z,50428.9
2026-04-24T22:00:00Z,48450.3
2026-04-24T23:00:00Z,46063.6
2026-04-25T00:00:00Z,39556.5
2026-04-25T01:00:00Z,43612.4
2026-04-25T02:00:00Z,43427.9
2026-04-25T03:00:00Z,45939.6
2026-04-25T04:00:00Z,49755.3
2026-04-25T05:00:00Z,54392.8
2026-04-25T06:00:00Z,55571.3
2026-04-25T07:00:00Z,59583.9
2026-04-25T08:00:00Z,63975.4
2026-04-25T09:00:00Z,66893.2
2026-04-25T10:00:00Z,70449.8
2026-04-25T11:00:00Z,70466.9
2026-04-25T12:00:00Z,69086.3
2026-04-25T13:00:00Z,70904.5
2026-04-25T14:00:00Z,69404.7
2026-04-25T15:00:00Z,66379.0
2026-04-25T16:00:00Z,64080.5
2026-04-25T17:00:00Z,58789.9
2026-04-25T18:00:00Z,56525.5
2026-04-25T19:00:00Z,52694.3
2026-04-25T20:00:00Z,48771.0
2026-04-25T21:00:00Z,44920.3
2026-04-25T22:00:00Z,43728.6
2026-04-25T23:00:00Z,42197.7
2026-04-26T00:00:00Z,44489.8
2026-04-26T01:00:00Z,41939.3
2026-04-26T02:00:00Z,44038.6
2026-04-26T03:00:00Z,48347.2
2026-04-26T04:00:00Z,49348.1
2026-04-26T05:00:00Z,54129.8
2026-04-26T06:00:00Z,56529.4
2026-04-26T07:00:00Z,59355.9
2026-04-26T08:00:00Z,63954.3
2026-04-26T09:00:00Z,68184.4
2026-04-26T10:00:00Z,67009.1
2026-04-26T11:00:00Z,68632.0
2026-04-26T12:00:00Z,70455.8
2026-04-26T13:00:00Z,68381.1
2026-04-26T14:00:00Z,68423.9
2026-04-26T15:00:00Z,66675.0
2026-04-26T16:00:00Z,63062.5
2026-04-26T17:00:00Z,58172.2
2026-04-26T18:00:00Z,55343.2
2026-04-26T19:00:00Z,52288.6
2026-04-26T20:00:00Z,47917.7
2026-04-26T21:00:00Z,45604.9
2026-04-26T22:00:00Z,42871.8
2026-04-26T23:00:00Z,42292.5
2026-04-27T00:00:00Z,48425.0
2026-04-27T01:00:00Z,47618.7
2026-04-27T02:00:00Z,47534.6
2026-04-27T03:00:00Z,48542.7
2026-04-27T04:00:00Z,55740.0
2026-04-27T05:00:00Z,55726.0
2026-04-27T06:00:00Z,61036.3
2026-04-27T07:00:00Z,64857.9
2026-04-27T08:00:00Z,67398.6
2026-04-27T09:00:00Z,69687.8
2026-04-27T10:00:00Z,72020.5
2026-04-27T11:00:00Z,76022.2
2026-04-27T12:00:00Z,74983.2
2026-04-27T13:00:00Z,73658.0
2026-04-27T14:00:00Z,72965.1
2026-04-27T15:00:00Z,68072.9
2026-04-27T16:00:00Z,67258.1
2026-04-27T17:00:00Z,62947.1
2026-04-27T18:00:00Z,58992.0
2026-04-27T19:00:00Z,56284.8
2026-04-27T20:00:00Z,53460.5
2026-04-27T21:00:00Z,49469.6
2026-04-27T22:00:00Z,47260.1
2026-04-27T23:00:00Z,47868.0
2026-04-28T00:00:00Z,47085.3
2026-04-28T01:00:00Z,47575.1
2026-04-28T02:00:00Z,48469.0
2026-04-28T03:00:00Z,49303.4
2026-04-28T04:00:00Z,53333.9
2026-04-28T05:00:00Z,57669.9
2026-04-28T06:00:00Z,61537.5
2026-04-28T07:00:00Z,65064.6
2026-04-28T08:00:00Z,68356.1
2026-04-28T09:00:00Z,67893.7
2026-04-28T10:00:00Z,71260.3
2026-04-28T11:00:00Z,74278.1
2026-04-28T12:00:00Z,75886.8
2026-04-28T13:00:00Z,74288.1
2026-04-28T14:00:00Z,73173.1
2026-04-28T15:00:00Z,70222.5
2026-04-28T16:00:00Z,67695.1
2026-04-28T17:00:00Z,65351.3
2026-04-28T18:00:00Z,61396.3
2026-04-28T19:00:00Z,56703.3
2026-04-28T20:00:00Z,52666.7
2026-04-28T21:00:00Z,50604.7
2026-04-28T22:00:00Z,49478.4
2026-04-28T23:00:00Z,48766.9
2026-04-29T00:00:00Z,47208.6
2026-04-29T01:00:00Z,45409.4
2026-04-29T02:00:00Z,47113.7
2026-04-29T03:00:00Z,50504.1
2026-04-29T04:00:00Z,52719.8
2026-04-29T05:00:00Z,56663.2
2026-04-29T06:00:00Z,61337.9
2026-04-29T07:00:00Z,65966.2
2026-04-29T08:00:00Z,68192.8
2026-04-29T09:00:00Z,70662.6
2026-04-29T10:00:00Z,71218.8
2026-04-29T11:00:00Z,75208.5
2026-04-29T12:00:00Z,72230.5
2026-04-29T13:00:00Z,75199.3
2026-04-29T14:00:00Z,72910.4
2026-04-29T15:00:00Z,70292.3
2026-04-29T16:00:00Z,67656.0
2026-04-29T17:00:00Z,64763.8
2026-04-29T18:00:00Z,58883.6
2026-04-29T19:00:00Z,57734.5
2026-04-29T20:00:00Z,54914.8
2026-04-29T21:00:00Z,50836.7
2026-04-29T22:00:00Z,49564.0
2026-04-29T23:00:00Z,46684.8
2026-04-30T00:00:00Z,44887.0
2026-04-30T01:00:00Z,47896.9
2026-04-30T02:00:00Z,48713.9
2026-04-30T03:00:00Z,49552.7
2026-04-30T04:00:00Z,52156.7
2026-04-30T05:00:00Z,57223.0
2026-04-30T06:00:00Z,60992.0
2026-04-30T07:00:00Z,64321.1
2026-04-30T08:00:00Z,64116.5
2026-04-30T09:00:00Z,70915.8
2026-04-30T10:00:00Z,72756.3
2026-04-30T11:00:00Z,74239.4
2026-04-30T12:00:00Z,73101.4
2026-04-30T13:00:00Z,74456.4
2026-04-30T14:00:00Z,72012.3
2026-04-30T15:00:00Z,69654.0
2026-04-30T16:00:00Z,68556.3
2026-04-30T17:00:00Z,65589.6
2026-04-30T18:00:00Z,60549.4
2026-04-30T19:00:00Z,56792.6
2026-04-30T20:00:00Z,52127.4
2026-04-30T21:00:00Z,50896.3
2026-04-30T22:00:00Z,49923.4
2026-04-30T23:00:00Z,47972.1
2026-05-01T00:00:00Z,45221.6
2026-05-01T01:00:00Z,48818.5
2026-05-01T02:00:00Z,49154.3
2026-05-01T03:00:00Z,50135.4
2026-05-01T04:00:00Z,54304.5
2026-05-01T05:00:00Z,55151.2
2026-05-01T06:00:00Z,61013.4
2026-05-01T07:00:00Z,65827.4
2026-05-01T08:00:00Z,68335.8
2026-05-01T09:00:00Z,70880.9
2026-05-01T10:00:00Z,72020.9
2026-05-01T11:00:00Z,74130.7
2026-05-01T12:00:00Z,74039.2
2026-05-01T13:00:00Z,75767.5
2026-05-01T14:00:00Z,72237.1
2026-05-01T15:00:00Z,70305.7
2026-05-01T16:00:00Z,67086.2
2026-05-01T17:00:00Z,63622.0
2026-05-01T18:00:00Z,60284.6
2026-05-01T19:00:00Z,58308.8
2026-05-01T20:00:00Z,52256.8
2026-05-01T21:00:00Z,51980.4
2026-05-01T22:00:00Z,48181.5
2026-05-01T23:00:00Z,48964.5
2026-05-02T00:00:00Z,43969.0
2026-05-02T01:00:00Z,44268.9
2026-05-02T02:00:00Z,43788.0
2026-05-02T03:00:00Z,47166.8
2026-05-02T04:00:00Z,50450.0
2026-05-02T05:00:00Z,53168.5
2026-05-02T06:00:00Z,56575.9
2026-05-02T07:00:00Z,61345.3
2026-05-02T08:00:00Z,61354.5
2026-05-02T09:00:00Z,67795.4
2026-05-02T10:00:00Z,69931.7
2026-05-02T11:00:00Z,71090.2
2026-05-02T12:00:00Z,72581.4
2026-05-02T13:00:00Z,71885.2
2026-05-02T14:00:00Z,66173.1
2026-05-02T15:00:00Z,65628.3
2026-05-02T16:00:00Z,64076.7
2026-05-02T17:00:00Z,60820.4
2026-05-02T18:00:00Z,56225.6
2026-05-02T19:00:00Z,55864.3
2026-05-02T20:00:00Z,50409.6
2026-05-02T21:00:00Z,45720.5
2026-05-02T22:00:00Z,45918.6
2026-05-02T23:00:00Z,43133.3
2026-05-03T00:00:00Z,43946.4
2026-05-03T01:00:00Z,40839.7
2026-05-03T02:00:00Z,46178.0
2026-05-03T03:00:00Z,47040.7
2026-05-03T04:00:00Z,47912.3
2026-05-03T05:00:00Z,54586.4
2026-05-03T06:00:00Z,57562.1
2026-05-03T07:00:00Z,60118.6
2026-05-03T08:00:00Z,64527.9
2026-05-03T09:00:00Z,67118.2
2026-05-03T10:00:00Z,67930.8
2026-05-03T11:00:00Z,71060.6
2026-05-03T12:00:00Z,71186.3
2026-05-03T13:00:00Z,70497.0
2026-05-03T14:00:00Z,67965.0
2026-05-03T15:00:00Z,64067.0
2026-05-03T16:00:00Z,63783.2
2026-05-03T17:00:00Z,59936.5
2026-05-03T18:00:00Z,55690.2
2026-05-03T19:00:00Z,51423.1
2026-05-03T20:00:00Z,51031.5
2026-05-03T21:00:00Z,46337.7
2026-05-03T22:00:00Z,43848.9
2026-05-03T23:00:00Z,44203.6
2026-05-04T00:00:00Z,47777.6
2026-05-04T01:00:00Z,46722.8
2026-05-04T02:00:00Z,47717.8
2026-05-04T03:00:00Z,51261.4
2026-05-04T04:00:00Z,53586.7
2026-05-04T05:00:00Z,57796.8
2026-05-04T06:00:00Z,59754.0
2026-05-04T07:00:00Z,66087.4
2026-05-04T08:00:00Z,68990.8
2026-05-04T09:00:00Z,71719.8
2026-05-04T10:00:00Z,74640.7
2026-05-04T11:00:00Z,73253.3
2026-05-04T12:00:00Z,75178.5
2026-05-04T13:00:00Z,74171.4
2026-05-04T14:00:00Z,72608.2
2026-05-04T15:00:00Z,70358.6
2026-05-04T16:00:00Z,66795.0
2026-05-04T17:00:00Z,61788.7
2026-05-04T18:00:00Z,61809.3
2026-05-04T19:00:00Z,57714.8
2026-05-04T20:00:00Z,54322.2
2026-05-04T21:00:00Z,48851.2
2026-05-04T22:00:00Z,48887.6
2026-05-04T23:00:00Z,45356.7
2026-05-05T00:00:00Z,47613.6
2026-05-05T01:00:00Z,47495.3
2026-05-05T02:00:00Z,51241.9
2026-05-05T03:00:00Z,51939.2
2026-05-05T04:00:00Z,54825.7
2026-05-05T05:00:00Z,54903.7
2026-05-05T06:00:00Z,61957.4
2026-05-05T07:00:00Z,64540.8
2026-05-05T08:00:00Z,70476.2
2026-05-05T09:00:00Z,71882.3
2026-05-05T10:00:00Z,72476.0
2026-05-05T11:00:00Z,74015.3
2026-05-05T12:00:00Z,74670.7
2026-05-05T13:00:00Z,73922.7
2026-05-05T14:00:00Z,71554.1
2026-05-05T15:00:00Z,70601.5
2026-05-05T16:00:00Z,71490.0
2026-05-05T17:00:00Z,64950.2
2026-05-05T18:00:00Z,60950.6
2026-05-05T19:00:00Z,57213.7
2026-05-05T20:00:00Z,53285.8
2026-05-05T21:00:00Z,52245.0
2026-05-05T22:00:00Z,49692.0
2026-05-05T23:00:00Z,46753.6
2026-05-06T00:00:00Z,48415.5
2026-05-06T01:00:00Z,49285.7
2026-05-06T02:00:00Z,51345.7
2026-05-06T03:00:00Z,50481.7
2026-05-06T04:00:00Z,53447.2
2026-05-06T05:00:00Z,59206.8
2026-05-06T06:00:00Z,58320.4
2026-05-06T07:00:00Z,63756.0
2026-05-06T08:00:00Z,68711.0
2026-05-06T09:00:00Z,71242.5
2026-05-06T10:00:00Z,73815.5
2026-05-06T11:00:00Z,72278.1
2026-05-06T12:00:00Z,74659.8
2026-05-06T13:00:00Z,73665.9
2026-05-06T14:00:00Z,73878.2
2026-05-06T15:00:00Z,71613.7
2026-05-06T16:00:00Z,67284.0
2026-05-06T17:00:00Z,63350.4
2026-05-06T18:00:00Z,63968.4
2026-05-06T19:00:00Z,57146.0
2026-05-06T20:00:00Z,52657.3
2026-05-06T21:00:00Z,51676.1
2026-05-06T22:00:00Z,49050.3
2026-05-06T23:00:00Z,47343.6
2026-05-07T00:00:00Z,46538.6
2026-05-07T01:00:00Z,49364.4
2026-05-07T02:00:00Z,47982.5
2026-05-07T03:00:00Z,50257.3
2026-05-07T04:00:00Z,54845.2
2026-05-07T05:00:00Z,57119.9
2026-05-07T06:00:00Z,60269.3
2026-05-07T07:00:00Z,64513.0
2026-05-07T08:00:00Z,69025.5
2026-05-07T09:00:00Z,71409.2
2026-05-07T10:00:00Z,73719.8
2026-05-07T11:00:00Z,77190.3
2026-05-07T12:00:00Z,75331.6
2026-05-07T13:00:00Z,72532.3
2026-05-07T14:00:00Z,72372.8
2026-05-07T15:00:00Z,72184.7
2026-05-07T16:00:00Z,67014.1
2026-05-07T17:00:00Z,65162.8
2026-05-07T18:00:00Z,62500.8
2026-05-07T19:00:00Z,58434.4
2026-05-07T20:00:00Z,54486.2
2026-05-07T21:00:00Z,51912.7
2026-05-07T22:00:00Z,49682.6
2026-05-07T23:00:00Z,48028.6
2026-05-08T00:00:00Z,47155.2
2026-05-08T01:00:00Z,47790.8
2026-05-08T02:00:00Z,48100.8
2026-05-08T03:00:00Z,52682.5
2026-05-08T04:00:00Z,55399.4
2026-05-08T05:00:00Z,58554.1
2026-05-08T06:00:00Z,58074.5
2026-05-08T07:00:00Z,63230.8
2026-05-08T08:00:00Z,69867.3
2026-05-08T09:00:00Z,70131.8
2026-05-08T10:00:00Z,73002.5
2026-05-08T11:00:00Z,75447.3
2026-05-08T12:00:00Z,77704.0
2026-05-08T13:00:00Z,73534.5
2026-05-08T14:00:00Z,72921.3
2026-05-08T15:00:00Z,70449.6
2026-05-08T16:00:00Z,68031.4
2026-05-08T17:00:00Z,64780.9
2026-05-08T18:00:00Z,60602.7
2026-05-08T19:00:00Z,58431.9
2026-05-08T20:00:00Z,54994.3
2026-05-08T21:00:00Z,51966.0
2026-05-08T22:00:00Z,49353.5
2026-05-08T23:00:00Z,51010.1
2026-05-09T00:00:00Z,44291.4
2026-05-09T01:00:00Z,44216.6
2026-05-09T02:00:00Z,45453.3
2026-05-09T03:00:00Z,47963.4
2026-05-09T04:00:00Z,50803.0
2026-05-09T05:00:00Z,51772.4
2026-05-09T06:00:00Z,56870.6
2026-05-09T07:00:00Z,60498.1
2026-05-09T08:00:00Z,63701.1
2026-05-09T09:00:00Z,67117.8
2026-05-09T10:00:00Z,67753.4
2026-05-09T11:00:00Z,71487.8
2026-05-09T12:00:00Z,70948.7
2026-05-09T13:00:00Z,69267.7
2026-05-09T14:00:00Z,69913.6
2026-05-09T15:00:00Z,67716.4
2026-05-09T16:00:00Z,63895.4
2026-05-09T17:00:00Z,60545.5
2026-05-09T18:00:00Z,56859.6
2026-05-09T19:00:00Z,54063.1
2026-05-09T20:00:00Z,49477.3
2026-05-09T21:00:00Z,46004.2
2026-05-09T22:00:00Z,46237.0
2026-05-09T23:00:00Z,42469.5
2026-05-10T00:00:00Z,42972.3
2026-05-10T01:00:00Z,44309.9
2026-05-10T02:00:00Z,46520.4
2026-05-10T03:00:00Z,49565.2
2026-05-10T04:00:00Z,50150.5
2026-05-10T05:00:00Z,52816.2
2026-05-10T06:00:00Z,56737.6
2026-05-10T07:00:00Z,62653.8
2026-05-10T08:00:00Z,62809.2
2026-05-10T09:00:00Z,67910.3
2026-05-10T10:00:00Z,69284.0
2026-05-10T11:00:00Z,70042.2
2026-05-10T12:00:00Z,71203.6
2026-05-10T13:00:00Z,71836.0
2026-05-10T14:00:00Z,69705.7
2026-05-10T15:00:00Z,69211.4
2026-05-10T16:00:00Z,63946.2
2026-05-10T17:00:00Z,58989.2
2026-05-10T18:00:00Z,58863.3
2026-05-10T19:00:00Z,53479.1
2026-05-10T20:00:00Z,50471.9
2026-05-10T21:00:00Z,46960.0
2026-05-10T22:00:00Z,45560.7
2026-05-10T23:00:00Z,43458.9
2026-05-11T00:00:00Z,47767.3
2026-05-11T01:00:00Z,46266.8
2026-05-11T02:00:00Z,49138.5
2026-05-11T03:00:00Z,51685.8
2026-05-11T04:00:00Z,54050.5
2026-05-11T05:00:00Z,55959.9
2026-05-11T06:00:00Z,62784.3
2026-05-11T07:00:00Z,63750.4
2026-05-11T08:00:00Z,69182.7
2026-05-11T09:00:00Z,68032.0
2026-05-11T10:00:00Z,70828.4
2026-05-11T11:00:00Z,74701.2
2026-05-11T12:00:00Z,74142.5
2026-05-11T13:00:00Z,74754.7
2026-05-11T14:00:00Z,74603.1
2026-05-11T15:00:00Z,73230.6
2026-05-11T16:00:00Z,69475.1
2026-05-11T17:00:00Z,67081.2
2026-05-11T18:00:00Z,62268.8
2026-05-11T19:00:00Z,58307.4
2026-05-11T20:00:00Z,54747.1
2026-05-11T21:00:00Z,51559.6
2026-05-11T22:00:00Z,49107.2
2026-05-11T23:00:00Z,50453.5
2026-05-12T00:00:00Z,48598.3
2026-05-12T01:00:00Z,50000.1
2026-05-12T02:00:00Z,48653.1
2026-05-12T03:00:00Z,51759.3
2026-05-12T04:00:00Z,52131.8
2026-05-12T05:00:00Z,57669.2
2026-05-12T06:00:00Z,61122.7
2026-05-12T07:00:00Z,66830.9
2026-05-12T08:00:00Z,68590.8
2026-05-12T09:00:00Z,72718.5
2026-05-12T10:00:00Z,73912.0
2026-05-12T11:00:00Z,74441.5
2026-05-12T12:00:00Z,74102.5
2026-05-12T13:00:00Z,77237.0
2026-05-12T14:00:00Z,74226.8
2026-05-12T15:00:00Z,71011.9
2026-05-12T16:00:00Z,69008.7
2026-05-12T17:00:00Z,65476.0
2026-05-12T18:00:00Z,63519.9
2026-05-12T19:00:00Z,57156.1
2026-05-12T20:00:00Z,53946.5
2026-05-12T21:00:00Z,52765.4
2026-05-12T22:00:00Z,49049.1
2026-05-12T23:00:00Z,48792.5
2026-05-13T00:00:00Z,47938.6
2026-05-13T01:00:00Z,49785.2
2026-05-13T02:00:00Z,49720.7
2026-05-13T03:00:00Z,50839.9
2026-05-13T04:00:00Z,56226.8
2026-05-13T05:00:00Z,59062.9
2026-05-13T06:00:00Z,62600.5
2026-05-13T07:00:00Z,64106.2
2026-05-13T08:00:00Z,68851.0
2026-05-13T09:00:00Z,73200.8
2026-05-13T10:00:00Z,73638.2
2026-05-13T11:00:00Z,75582.7
2026-05-13T12:00:00Z,75786.9
2026-05-13T13:00:00Z,74180.1
2026-05-13T14:00:00Z,72287.0
2026-05-13T15:00:00Z,71985.0
2026-05-13T16:00:00Z,69003.9
2026-05-13T17:00:00Z,64252.4
2026-05-13T18:00:00Z,64330.5
2026-05-13T19:00:00Z,57551.4
2026-05-13T20:00:00Z,53592.6
2026-05-13T21:00:00Z,50497.1
2026-05-13T22:00:00Z,49678.4
2026-05-13T23:00:00Z,48294.1
2026-05-14T00:00:00Z,49443.7
2026-05-14T01:00:00Z,46457.4
2026-05-14T02:00:00Z,47756.8
2026-05-14T03:00:00Z,52007.0
2026-05-14T04:00:00Z,56298.6
2026-05-14T05:00:00Z,56514.8
2026-05-14T06:00:00Z,60546.6
2026-05-14T07:00:00Z,66057.4
2026-05-14T08:00:00Z,67929.6
2026-05-14T09:00:00Z,73189.1
2026-05-14T10:00:00Z,72722.9
2026-05-14T11:00:00Z,76458.1
2026-05-14T12:00:00Z,73305.5
2026-05-14T13:00:00Z,75193.8
2026-05-14T14:00:00Z,74790.8
2026-05-14T15:00:00Z,72986.2
2026-05-14T16:00:00Z,69325.7
2026-05-14T17:00:00Z,62457.5
2026-05-14T18:00:00Z,63621.0
2026-05-14T19:00:00Z,57940.3
2026-05-14T20:00:00Z,53398.7
2026-05-14T21:00:00Z,53585.3
2026-05-14T22:00:00Z,48752.6
2026-05-14T23:00:00Z,46629.6
2026-05-15T00:00:00Z,45760.5
2026-05-15T01:00:00Z,47451.0
2026-05-15T02:00:00Z,52144.7
2026-05-15T03:00:00Z,52433.1
2026-05-15T04:00:00Z,55337.4
2026-05-15T05:00:00Z,58225.1
2026-05-15T06:00:00Z,62620.0
2026-05-15T07:00:00Z,67479.2
2026-05-15T08:00:00Z,69387.3
2026-05-15T09:00:00Z,72018.1
2026-05-15T10:00:00Z,74000.6
2026-05-15T11:00:00Z,74555.5
2026-05-15T12:00:00Z,78292.5
2026-05-15T13:00:00Z,75524.9
2026-05-15T14:00:00Z,74421.1
2026-05-15T15:00:00Z,70955.5
2026-05-15T16:00:00Z,67748.9
2026-05-15T17:00:00Z,66093.6
2026-05-15T18:00:00Z,60807.9
2026-05-15T19:00:00Z,57751.5
2026-05-15T20:00:00Z,52868.3
2026-05-15T21:00:00Z,52110.5
2026-05-15T22:00:00Z,49514.9
2026-05-15T23:00:00Z,48376.2
2026-05-16T00:00:00Z,46873.0
2026-05-16T01:00:00Z,44045.8
2026-05-16T02:00:00Z,45334.2
2026-05-16T03:00:00Z,44717.6
2026-05-16T04:00:00Z,51241.7
2026-05-16T05:00:00Z,55174.8
2026-05-16T06:00:00Z,59238.6
2026-05-16T07:00:00Z,60705.3
2026-05-16T08:00:00Z,64961.2
2026-05-16T09:00:00Z,67440.2
2026-05-16T10:00:00Z,70015.5
2026-05-16T11:00:00Z,71489.4
2026-05-16T12:00:00Z,73919.1
2026-05-16T13:00:00Z,72441.9
2026-05-16T14:00:00Z,69529.2
2026-05-16T15:00:00Z,67032.4
2026-05-16T16:00:00Z,66116.9
2026-05-16T17:00:00Z,62117.5
2026-05-16T18:00:00Z,56800.6
2026-05-16T19:00:00Z,55385.7
2026-05-16T20:00:00Z,50077.2
2026-05-16T21:00:00Z,49200.3
2026-05-16T22:00:00Z,46582.4
2026-05-16T23:00:00Z,45475.8
2026-05-17T00:00:00Z,45041.1
2026-05-17T01:00:00Z,43525.4
2026-05-17T02:00:00Z,44629.6
2026-05-17T03:00:00Z,49187.6
2026-05-17T04:00:00Z,51768.2
2026-05-17T05:00:00Z,55188.7
2026-05-17T06:00:00Z,59518.4
2026-05-17T07:00:00Z,61151.4
2026-05-17T08:00:00Z,66307.6
2026-05-17T09:00:00Z,68618.3
2026-05-17T10:00:00Z,69058.4
2026-05-17T11:00:00Z,72396.0
2026-05-17T12:00:00Z,70834.7
2026-05-17T13:00:00Z,70860.3
2026-05-17T14:00:00Z,70745.7
2026-05-17T15:00:00Z,66265.0
2026-05-17T16:00:00Z,66648.9
2026-05-17T17:00:00Z,63268.3
2026-05-17T18:00:00Z,58222.8
2026-05-17T19:00:00Z,54650.8
2026-05-17T20:00:00Z,52089.3
2026-05-17T21:00:00Z,49046.6
2026-05-17T22:00:00Z,46433.6
2026-05-17T23:00:00Z,44864.5
2026-05-18T00:00:00Z,46094.1
2026-05-18T01:00:00Z,49972.3
2026-05-18T02:00:00Z,49214.3
2026-05-18T03:00:00Z,54292.5
2026-05-18T04:00:00Z,54839.5
2026-05-18T05:00:00Z,61103.9
2026-05-18T06:00:00Z,62074.2
2026-05-18T07:00:00Z,64898.1
2026-05-18T08:00:00Z,69829.4
2026-05-18T09:00:00Z,73455.2
2026-05-18T10:00:00Z,77365.2
2026-05-18T11:00:00Z,77308.9
2026-05-18T12:00:00Z,75570.3
2026-05-18T13:00:00Z,76364.6
2026-05-18T14:00:00Z,76238.1
2026-05-18T15:00:00Z,74039.1
2026-05-18T16:00:00Z,69402.0
2026-05-18T17:00:00Z,64445.8
2026-05-18T18:00:00Z,64746.7
2026-05-18T19:00:00Z,58803.1
2026-05-18T20:00:00Z,56116.3
2026-05-18T21:00:00Z,52441.8
2026-05-18T22:00:00Z,51964.0
2026-05-18T23:00:00Z,49908.5
2026-05-19T00:00:00Z,48200.5
2026-05-19T01:00:00Z,50212.8
2026-05-19T02:00:00Z,50526.5
2026-05-19T03:00:00Z,52964.6
2026-05-19T04:00:00Z,54042.6
2026-05-19T05:00:00Z,59211.0
2026-05-19T06:00:00Z,60422.4
2026-05-19T07:00:00Z,64926.1
2026-05-19T08:00:00Z,70483.1
2026-05-19T09:00:00Z,72524.6
2026-05-19T10:00:00Z,75100.3
2026-05-19T11:00:00Z,75105.2
2026-05-19T12:00:00Z,75456.8
2026-05-19T13:00:00Z,76406.1
2026-05-19T14:00:00Z,72607.3
2026-05-19T15:00:00Z,72233.5
2026-05-19T16:00:00Z,68779.4
2026-05-19T17:00:00Z,66149.9
2026-05-19T18:00:00Z,59910.4
2026-05-19T19:00:00Z,58334.2
2026-05-19T20:00:00Z,56791.2
2026-05-19T21:00:00Z,51903.8
2026-05-19T22:00:00Z,51651.3
2026-05-19T23:00:00Z,48737.2
2026-05-20T00:00:00Z,49010.9
2026-05-20T01:00:00Z,50013.5
2026-05-20T02:00:00Z,48379.8
2026-05-20T03:00:00Z,52572.2
2026-05-20T04:00:00Z,56057.2
2026-05-20T05:00:00Z,60077.9
2026-05-20T06:00:00Z,63390.5
2026-05-20T07:00:00Z,63671.5
2026-05-20T08:00:00Z,67890.2
2026-05-20T09:00:00Z,73192.7
2026-05-20T10:00:00Z,73202.2
2026-05-20T11:00:00Z,76756.8
2026-05-20T12:00:00Z,76170.3
2026-05-20T13:00:00Z,76700.9
2026-05-20T14:00:00Z,73361.1
2026-05-20T15:00:00Z,72356.3
2026-05-20T16:00:00Z,70416.1
2026-05-20T17:00:00Z,67369.7
2026-05-20T18:00:00Z,62594.7
2026-05-20T19:00:00Z,59914.1
2026-05-20T20:00:00Z,55751.2
2026-05-20T21:00:00Z,56213.0
2026-05-20T22:00:00Z,49144.5
2026-05-20T23:00:00Z,50097.6
2026-05-21T00:00:00Z,49136.6
2026-05-21T01:00:00Z,49189.9
2026-05-21T02:00:00Z,50877.5
2026-05-21T03:00:00Z,50872.6
2026-05-21T04:00:00Z,54225.9
2026-05-21T05:00:00Z,57355.9
2026-05-21T06:00:00Z,60319.0
2026-05-21T07:00:00Z,67866.0
2026-05-21T08:00:00Z,69959.4
2026-05-21T09:00:00Z,73637.3
2026-05-21T10:00:00Z,73589.2
2026-05-21T11:00:00Z,75263.8
2026-05-21T12:00:00Z,75605.4
2026-05-21T13:00:00Z,77579.8
2026-05-21T14:00:00Z,74828.1
2026-05-21T15:00:00Z,70859.3
2026-05-21T16:00:00Z,67935.3
2026-05-21T17:00:00Z,67087.7
2026-05-21T18:00:00Z,60850.2
2026-05-21T19:00:00Z,58630.8
2026-05-21T20:00:00Z,55034.9
2026-05-21T21:00:00Z,56111.5
2026-05-21T22:00:00Z,51039.1
2026-05-21T23:00:00Z,49388.9
2026-05-22T00:00:00Z,49679.3
2026-05-22T01:00:00Z,49303.1
2026-05-22T02:00:00Z,50276.1
2026-05-22T03:00:00Z,53386.7
2026-05-22T04:00:00Z,56155.0
2026-05-22T05:00:00Z,58790.4
2026-05-22T06:00:00Z,63563.0
2026-05-22T07:00:00Z,66161.1
2026-05-22T08:00:00Z,69855.5
2026-05-22T09:00:00Z,71901.9
2026-05-22T10:00:00Z,75775.8
2026-05-22T11:00:00Z,75458.0
2026-05-22T12:00:00Z,76311.7
2026-05-22T13:00:00Z,76513.5
2026-05-22T14:00:00Z,75006.7
2026-05-22T15:00:00Z,73295.8
2026-05-22T16:00:00Z,69408.1
2026-05-22T17:00:00Z,66202.5
2026-05-22T18:00:00Z,61392.9
2026-05-22T19:00:00Z,60576.4
2026-05-22T20:00:00Z,55310.3
2026-05-22T21:00:00Z,52514.5
2026-05-22T22:00:00Z,52608.3
2026-05-22T23:00:00Z,47060.5
2026-05-23T00:00:00Z,47014.5
2026-05-23T01:00:00Z,45785.3
2026-05-23T02:00:00Z,48576.5
2026-05-23T03:00:00Z,49599.4
2026-05-23T04:00:00Z,52208.0
2026-05-23T05:00:00Z,54464.0
2026-05-23T06:00:00Z,60971.8
2026-05-23T07:00:00Z,63720.1
2026-05-23T08:00:00Z,64498.7
2026-05-23T09:00:00Z,68225.7
2026-05-23T10:00:00Z,71447.2
2026-05-23T11:00:00Z,73102.6
2026-05-23T12:00:00Z,72038.1
2026-05-23T13:00:00Z,74217.2
2026-05-23T14:00:00Z,70701.8
2026-05-23T15:00:00Z,69868.3
2026-05-23T16:00:00Z,65980.0
2026-05-23T17:00:00Z,63317.5
2026-05-23T18:00:00Z,57037.4
2026-05-23T19:00:00Z,57072.2
2026-05-23T20:00:00Z,51627.7
2026-05-23T21:00:00Z,50050.0
2026-05-23T22:00:00Z,48194.8
2026-05-23T23:00:00Z,44373.5
2026-05-24T00:00:00Z,45435.2
2026-05-24T01:00:00Z,44839.1
2026-05-24T02:00:00Z,48480.7
2026-05-24T03:00:00Z,49769.5
2026-05-24T04:00:00Z,53503.2
2026-05-24T05:00:00Z,53810.1
2026-05-24T06:00:00Z,57925.3
2026-05-24T07:00:00Z,63429.1
2026-05-24T08:00:00Z,67173.0
2026-05-24T09:00:00Z,70077.2
2026-05-24T10:00:00Z,72139.3
2026-05-24T11:00:00Z,73882.8
2026-05-24T12:00:00Z,73283.6
2026-05-24T13:00:00Z,72737.7
2026-05-24T14:00:00Z,71309.5
2026-05-24T15:00:00Z,68108.0
2026-05-24T16:00:00Z,67213.5
2026-05-24T17:00:00Z,64556.8
2026-05-24T18:00:00Z,56756.8
2026-05-24T19:00:00Z,55830.3
2026-05-24T20:00:00Z,51187.8
2026-05-24T21:00:00Z,50103.8
2026-05-24T22:00:00Z,47234.2
2026-05-24T23:00:00Z,44479.3
2026-05-25T00:00:00Z,51086.1
2026-05-25T01:00:00Z,50585.7
2026-05-25T02:00:00Z,53515.9
2026-05-25T03:00:00Z,53435.2
2026-05-25T04:00:00Z,54812.3
2026-05-25T05:00:00Z,62509.6
2026-05-25T06:00:00Z,63804.7
2026-05-25T07:00:00Z,66035.9
2026-05-25T08:00:00Z,70949.2
2026-05-25T09:00:00Z,73321.6
2026-05-25T10:00:00Z,75732.7
2026-05-25T11:00:00Z,75509.2
2026-05-25T12:00:00Z,78918.5
2026-05-25T13:00:00Z,77732.4
2026-05-25T14:00:00Z,75751.3
2026-05-25T15:00:00Z,76186.4
2026-05-25T16:00:00Z,69298.9
2026-05-25T17:00:00Z,69004.8
2026-05-25T18:00:00Z,63580.1
2026-05-25T19:00:00Z,56952.2
2026-05-25T20:00:00Z,54688.0
2026-05-25T21:00:00Z,54514.6
2026-05-25T22:00:00Z,51661.4
2026-05-25T23:00:00Z,50068.4
2026-05-26T00:00:00Z,49736.1
2026-05-26T01:00:00Z,48429.9
2026-05-26T02:00:00Z,50663.3
2026-05-26T03:00:00Z,53621.8
2026-05-26T04:00:00Z,57406.1
2026-05-26T05:00:00Z,60002.6
2026-05-26T06:00:00Z,64402.0
2026-05-26T07:00:00Z,66810.2
2026-05-26T08:00:00Z,70107.5
2026-05-26T09:00:00Z,73782.5
2026-05-26T10:00:00Z,75940.3
2026-05-26T11:00:00Z,74459.4
2026-05-26T12:00:00Z,77795.2
2026-05-26T13:00:00Z,77342.9
2026-05-26T14:00:00Z,78649.0
2026-05-26T15:00:00Z,74925.5
2026-05-26T16:00:00Z,70721.8
2026-05-26T17:00:00Z,69585.2
2026-05-26T18:00:00Z,63763.0
2026-05-26T19:00:00Z,60699.7
2026-05-26T20:00:00Z,57001.3
2026-05-26T21:00:00Z,54075.7
2026-05-26T22:00:00Z,53253.9
2026-05-26T23:00:00Z,48234.8
2026-05-27T00:00:00Z,49944.8
2026-05-27T01:00:00Z,51309.8
2026-05-27T02:00:00Z,50997.1
2026-05-27T03:00:00Z,53797.0
2026-05-27T04:00:00Z,56658.9
2026-05-27T05:00:00Z,59209.9
2026-05-27T06:00:00Z,60964.5
2026-05-27T07:00:00Z,67858.2
2026-05-27T08:00:00Z,69812.6
2026-05-27T09:00:00Z,75332.1
2026-05-27T10:00:00Z,74124.0
2026-05-27T11:00:00Z,77272.3
2026-05-27T12:00:00Z,77573.4
2026-05-27T13:00:00Z,77873.1
2026-05-27T14:00:00Z,77015.4
2026-05-27T15:00:00Z,73327.5
2026-05-27T16:00:00Z,70299.1
2026-05-27T17:00:00Z,69159.4
2026-05-27T18:00:00Z,62814.5
2026-05-27T19:00:00Z,62081.1
2026-05-27T20:00:00Z,57580.5
2026-05-27T21:00:00Z,55460.3
2026-05-27T22:00:00Z,52833.0
2026-05-27T23:00:00Z,50628.4
2026-05-28T00:00:00Z,49591.7
2026-05-28T01:00:00Z,50410.1
2026-05-28T02:00:00Z,51872.4
2026-05-28T03:00:00Z,54758.6
2026-05-28T04:00:00Z,55210.0
2026-05-28T05:00:00Z,58670.3
2026-05-28T06:00:00Z,63322.6
2026-05-28T07:00:00Z,67035.2
2026-05-28T08:00:00Z,69241.5
2026-05-28T09:00:00Z,74599.4
2026-05-28T10:00:00Z,75748.7
2026-05-28T11:00:00Z,77196.6
2026-05-28T12:00:00Z,77538.5
2026-05-28T13:00:00Z,78204.4
2026-05-28T14:00:00Z,75947.5
2026-05-28T15:00:00Z,72421.1
2026-05-28T16:00:00Z,70272.1
2026-05-28T17:00:00Z,67648.5
2026-05-28T18:00:00Z,65233.6
2026-05-28T19:00:00Z,61639.8
2026-05-28T20:00:00Z,56266.2
2026-05-28T21:00:00Z,54227.3
2026-05-28T22:00:00Z,50516.5
2026-05-28T23:00:00Z,50491.5
2026-05-29T00:00:00Z,49831.5
2026-05-29T01:00:00Z,51528.3
2026-05-29T02:00:00Z,51959.3
2026-05-29T03:00:00Z,53879.1
2026-05-29T04:00:00Z,57841.9
2026-05-29T05:00:00Z,59779.1
2026-05-29T06:00:00Z,64803.0
2026-05-29T07:00:00Z,69966.1
2026-05-29T08:00:00Z,70299.0
2026-05-29T09:00:00Z,75718.3
2026-05-29T10:00:00Z,76611.6
2026-05-29T11:00:00Z,78436.8
2026-05-29T12:00:00Z,77445.0
2026-05-29T13:00:00Z,77604.6
2026-05-29T14:00:00Z,75763.0
2026-05-29T15:00:00Z,74143.7
2026-05-29T16:00:00Z,70741.6
2026-05-29T17:00:00Z,68444.6
2026-05-29T18:00:00Z,64645.3
2026-05-29T19:00:00Z,58786.7
2026-05-29T20:00:00Z,57237.7
2026-05-29T21:00:00Z,55298.3
2026-05-29T22:00:00Z,52635.5
2026-05-29T23:00:00Z,51443.1
2026-05-30T00:00:00Z,46859.3
2026-05-30T01:00:00Z,49705.7
2026-05-30T02:00:00Z,48922.6
2026-05-30T03:00:00Z,50123.9
2026-05-30T04:00:00Z,51280.6
2026-05-30T05:00:00Z,55495.6
2026-05-30T06:00:00Z,59781.1
2026-05-30T07:00:00Z,66306.0
2026-05-30T08:00:00Z,68259.6
2026-05-30T09:00:00Z,71834.6
2026-05-30T10:00:00Z,71920.7
2026-05-30T11:00:00Z,73372.3
2026-05-30T12:00:00Z,75560.5
2026-05-30T13:00:00Z,73883.3
2026-05-30T14:00:00Z,73301.6
2026-05-30T15:00:00Z,70501.5
2026-05-30T16:00:00Z,69712.7
2026-05-30T17:00:00Z,66880.6
2026-05-30T18:00:00Z,60120.3
2026-05-30T19:00:00Z,58121.3
2026-05-30T20:00:00Z,53504.2
2026-05-30T21:00:00Z,50330.8
2026-05-30T22:00:00Z,47107.3
2026-05-30T23:00:00Z,46702.4
2026-05-31T00:00:00Z,47033.9
2026-05-31T01:00:00Z,48459.0
2026-05-31T02:00:00Z,49050.6
2026-05-31T03:00:00Z,49427.9
2026-05-31T04:00:00Z,54446.3
2026-05-31T05:00:00Z,55567.7
2026-05-31T06:00:00Z,60510.1
2026-05-31T07:00:00Z,63552.3
2026-05-31T08:00:00Z,67813.4
2026-05-31T09:00:00Z,71222.7
2026-05-31T10:00:00Z,72428.5
2026-05-31T11:00:00Z,75565.8
2026-05-31T12:00:00Z,74541.0
2026-05-31T13:00:00Z,73482.0
2026-05-31T14:00:00Z,70954.2
2026-05-31T15:00:00Z,69504.3
2026-05-31T16:00:00Z,68049.2
2026-05-31T17:00:00Z,64079.4
2026-05-31T18:00:00Z,61819.8
2026-05-31T19:00:00Z,55310.0
2026-05-31T20:00:00Z,53822.5
2026-05-31T21:00:00Z,51269.8
2026-05-31T22:00:00Z,49576.2
2026-05-31T23:00:00Z,48431.8
2026-06-01T00:00:00Z,49865.6
2026-06-01T01:00:00Z,53560.5
2026-06-01T02:00:00Z,52785.5
2026-06-01T03:00:00Z,53729.3
2026-06-01T04:00:00Z,58059.0
2026-06-01T05:00:00Z,61004.0
2026-06-01T06:00:00Z,64777.7
2026-06-01T07:00:00Z,66321.8
2026-06-01T08:00:00Z,70523.5
2026-06-01T09:00:00Z,75352.7
2026-06-01T10:00:00Z,78079.5
2026-06-01T11:00:00Z,78706.5
2026-06-01T12:00:00Z,78582.5
2026-06-01T13:00:00Z,79333.5
2026-06-01T14:00:00Z,77667.0
2026-06-01T15:00:00Z,73927.3
2026-06-01T16:00:00Z,71130.2
2026-06-01T17:00:00Z,69124.3
2026-06-01T18:00:00Z,66010.8
2026-06-01T19:00:00Z,60031.6
2026-06-01T20:00:00Z,59870.5
2026-06-01T21:00:00Z,51720.7
2026-06-01T22:00:00Z,51696.3
2026-06-01T23:00:00Z,50389.0
2026-06-02T00:00:00Z,49770.6
2026-06-02T01:00:00Z,51107.1
2026-06-02T02:00:00Z,53595.5
2026-06-02T03:00:00Z,55763.4
2026-06-02T04:00:00Z,57596.9
2026-06-02T05:00:00Z,62692.3
2026-06-02T06:00:00Z,65668.3
2026-06-02T07:00:00Z,68036.0
2026-06-02T08:00:00Z,74188.9
2026-06-02T09:00:00Z,74430.6
2026-06-02T10:00:00Z,76929.1
2026-06-02T11:00:00Z,77761.1
2026-06-02T12:00:00Z,80512.0
2026-06-02T13:00:00Z,78474.8
2026-06-02T14:00:00Z,77537.5
2026-06-02T15:00:00Z,73484.4
2026-06-02T16:00:00Z,71529.8
2026-06-02T17:00:00Z,68620.7
2026-06-02T18:00:00Z,65669.1
2026-06-02T19:00:00Z,60829.0
2026-06-02T20:00:00Z,61212.1
2026-06-02T21:00:00Z,55155.3
2026-06-02T22:00:00Z,53229.4
2026-06-02T23:00:00Z,49939.9
2026-06-03T00:00:00Z,52246.9
2026-06-03T01:00:00Z,52893.8
2026-06-03T02:00:00Z,54757.4
2026-06-03T03:00:00Z,55388.7
2026-06-03T04:00:00Z,59896.7
2026-06-03T05:00:00Z,62742.2
2026-06-03T06:00:00Z,65027.6
2026-06-03T07:00:00Z,72447.8
2026-06-03T08:00:00Z,72287.3
2026-06-03T09:00:00Z,72648.7
2026-06-03T10:00:00Z,76023.1
2026-06-03T11:00:00Z,78099.9
2026-06-03T12:00:00Z,79245.6
2026-06-03T13:00:00Z,77484.8
2026-06-03T14:00:00Z,75721.8
2026-06-03T15:00:00Z,76118.5
2026-06-03T16:00:00Z,73568.3
2026-06-03T17:00:00Z,69419.0
2026-06-03T18:00:00Z,63217.1
2026-06-03T19:00:00Z,61012.5
2026-06-03T20:00:00Z,57443.6
2026-06-03T21:00:00Z,53842.9
2026-06-03T22:00:00Z,52333.4
2026-06-03T23:00:00Z,50432.1
2026-06-04T00:00:00Z,50375.8
2026-06-04T01:00:00Z,51197.7
2026-06-04T02:00:00Z,53560.7
2026-06-04T03:00:00Z,56311.2
2026-06-04T04:00:00Z,57236.2
2026-06-04T05:00:00Z,60621.3
2026-06-04T06:00:00Z,65963.9
2026-06-04T07:00:00Z,69412.7
2026-06-04T08:00:00Z,72477.8
2026-06-04T09:00:00Z,75051.4
2026-06-04T10:00:00Z,78336.1
2026-06-04T11:00:00Z,78990.5
2026-06-04T12:00:00Z,79227.8
2026-06-04T13:00:00Z,77038.5
2026-06-04T14:00:00Z,75975.8
2026-06-04T15:00:00Z,75299.7
2026-06-04T16:00:00Z,73346.6
2026-06-04T17:00:00Z,69407.6
2026-06-04T18:00:00Z,66399.2
2026-06-04T19:00:00Z,61682.0
2026-06-04T20:00:00Z,58394.4
2026-06-04T21:00:00Z,56401.9
2026-06-04T22:00:00Z,55546.8
2026-06-04T23:00:00Z,50520.2
2026-06-05T00:00:00Z,51646.9
2026-06-05T01:00:00Z,53301.8
2026-06-05T02:00:00Z,53365.7
2026-06-05T03:00:00Z,54461.8
2026-06-05T04:00:00Z,59309.4
2026-06-05T05:00:00Z,62526.3
2026-06-05T06:00:00Z,66053.8
2026-06-05T07:00:00Z,69769.9
2026-06-05T08:00:00Z,71576.1
2026-06-05T09:00:00Z,73950.5
2026-06-05T10:00:00Z,78138.6
2026-06-05T11:00:00Z,77968.7
2026-06-05T12:00:00Z,80363.6
2026-06-05T13:00:00Z,78925.6
2026-06-05T14:00:00Z,78287.6
2026-06-05T15:00:00Z,74250.5
2026-06-05T16:00:00Z,72438.6
2026-06-05T17:00:00Z,70263.8
2026-06-05T18:00:00Z,65996.9
2026-06-05T19:00:00Z,63543.0
2026-06-05T20:00:00Z,59017.5
2026-06-05T21:00:00Z,56626.9
2026-06-05T22:00:00Z,54058.9
2026-06-05T23:00:00Z,52372.0
2026-06-06T00:00:00Z,47844.5
2026-06-06T01:00:00Z,47800.6
2026-06-06T02:00:00Z,49612.4
2026-06-06T03:00:00Z,52567.1
2026-06-06T04:00:00Z,54616.7
2026-06-06T05:00:00Z,56876.8
2026-06-06T06:00:00Z,64501.8
2026-06-06T07:00:00Z,63607.8
2026-06-06T08:00:00Z,68987.8
2026-06-06T09:00:00Z,71078.3
2026-06-06T10:00:00Z,74537.5
2026-06-06T11:00:00Z,75447.2
2026-06-06T12:00:00Z,75755.5
2026-06-06T13:00:00Z,75136.5
2026-06-06T14:00:00Z,73765.7
2026-06-06T15:00:00Z,71759.0
2026-06-06T16:00:00Z,69386.1
2026-06-06T17:00:00Z,64820.4
2026-06-06T18:00:00Z,62476.7
2026-06-06T19:00:00Z,57810.9
2026-06-06T20:00:00Z,56113.5
2026-06-06T21:00:00Z,52912.8
2026-06-06T22:00:00Z,50599.6
2026-06-06T23:00:00Z,49063.8
2026-06-07T00:00:00Z,47721.0
2026-06-07T01:00:00Z,49487.6
2026-06-07T02:00:00Z,49644.4
2026-06-07T03:00:00Z,53259.1
2026-06-07T04:00:00Z,56473.9
2026-06-07T05:00:00Z,59600.5
2026-06-07T06:00:00Z,61618.8
2026-06-07T07:00:00Z,64846.7
2026-06-07T08:00:00Z,70245.9
2026-06-07T09:00:00Z,73183.0
2026-06-07T10:00:00Z,76167.6
2026-06-07T11:00:00Z,76181.8
2026-06-07T12:00:00Z,76467.6
2026-06-07T13:00:00Z,75789.0
2026-06-07T14:00:00Z,74896.2
2026-06-07T15:00:00Z,70933.5
2026-06-07T16:00:00Z,66052.6
2026-06-07T17:00:00Z,65659.7
2026-06-07T18:00:00Z,60824.6
2026-06-07T19:00:00Z,58468.8
2026-06-07T20:00:00Z,56071.7
2026-06-07T21:00:00Z,51462.5
2026-06-07T22:00:00Z,50243.3
2026-06-07T23:00:00Z,49017.1
2026-06-08T00:00:00Z,53791.2
2026-06-08T01:00:00Z,54095.1
2026-06-08T02:00:00Z,53097.7
2026-06-08T03:00:00Z,55091.8
2026-06-08T04:00:00Z,59908.6
2026-06-08T05:00:00Z,62303.9
2026-06-08T06:00:00Z,66776.5
2026-06-08T07:00:00Z,69287.7
2026-06-08T08:00:00Z,73936.7
2026-06-08T09:00:00Z,75618.2
2026-06-08T10:00:00Z,77758.3
2026-06-08T11:00:00Z,79789.2
2026-06-08T12:00:00Z,82416.8
2026-06-08T13:00:00Z,78304.7
2026-06-08T14:00:00Z,78342.4
2026-06-08T15:00:00Z,77835.9
2026-06-08T16:00:00Z,71965.7
2026-06-08T17:00:00Z,68936.4
2026-06-08T18:00:00Z,65556.5
2026-06-08T19:00:00Z,62328.0
2026-06-08T20:00:00Z,60546.0
2026-06-08T21:00:00Z,56425.4
2026-06-08T22:00:00Z,55170.1
2026-06-08T23:00:00Z,52350.2
2026-06-09T00:00:00Z,52157.9
2026-06-09T01:00:00Z,54538.1
2026-06-09T02:00:00Z,53814.5
2026-06-09T03:00:00Z,59034.9
2026-06-09T04:00:00Z,58598.6
2026-06-09T05:00:00Z,64132.0
2026-06-09T06:00:00Z,67167.2
2026-06-09T07:00:00Z,69917.8
2026-06-09T08:00:00Z,72188.7
2026-06-09T09:00:00Z,74546.5
2026-06-09T10:00:00Z,75806.0
2026-06-09T11:00:00Z,79744.0
2026-06-09T12:00:00Z,79841.2
2026-06-09T13:00:00Z,79647.8
2026-06-09T14:00:00Z,78786.2
2026-06-09T15:00:00Z,75418.3
2026-06-09T16:00:00Z,76049.3
2026-06-09T17:00:00Z,69801.4
2026-06-09T18:00:00Z,65398.8
2026-06-09T19:00:00Z,64516.1
2026-06-09T20:00:00Z,61177.0
2026-06-09T21:00:00Z,58649.8
2026-06-09T22:00:00Z,54127.3
2026-06-09T23:00:00Z,52299.0
2026-06-10T00:00:00Z,54346.2
2026-06-10T01:00:00Z,54752.3
2026-06-10T02:00:00Z,54309.6
2026-06-10T03:00:00Z,57135.8
2026-06-10T04:00:00Z,59131.0
2026-06-10T05:00:00Z,63340.7
2026-06-10T06:00:00Z,65881.2
2026-06-10T07:00:00Z,69854.3
2026-06-10T08:00:00Z,70714.3
2026-06-10T09:00:00Z,73847.2
2026-06-10T10:00:00Z,78131.5
2026-06-10T11:00:00Z,79343.7
2026-06-10T12:00:00Z,81410.7
2026-06-10T13:00:00Z,79153.5
2026-06-10T14:00:00Z,78392.1
2026-06-10T15:00:00Z,78316.1
2026-06-10T16:00:00Z,75527.7
2026-06-10T17:00:00Z,71637.2
2026-06-10T18:00:00Z,68053.7
2026-06-10T19:00:00Z,63100.1
2026-06-10T20:00:00Z,59773.9
2026-06-10T21:00:00Z,55470.7
2026-06-10T22:00:00Z,54913.1
2026-06-10T23:00:00Z,53507.7
2026-06-11T00:00:00Z,53046.7
2026-06-11T01:00:00Z,53489.6
2026-06-11T02:00:00Z,55255.2
2026-06-11T03:00:00Z,57074.3
2026-06-11T04:00:00Z,60357.1
2026-06-11T05:00:00Z,64278.8
2026-06-11T06:00:00Z,66449.3
2026-06-11T07:00:00Z,70597.9
2026-06-11T08:00:00Z,75439.7
2026-06-11T09:00:00Z,77909.1
2026-06-11T10:00:00Z,79722.3
2026-06-11T11:00:00Z,82192.0
2026-06-11T12:00:00Z,82274.4
2026-06-11T13:00:00Z,80557.1
2026-06-11T14:00:00Z,83044.1
2026-06-11T15:00:00Z,77188.5
2026-06-11T16:00:00Z,74841.9
2026-06-11T17:00:00Z,71505.9
2026-06-11T18:00:00Z,66899.1
2026-06-11T19:00:00Z,61914.1
2026-06-11T20:00:00Z,60157.8
2026-06-11T21:00:00Z,57167.0
2026-06-11T22:00:00Z,53716.6
2026-06-11T23:00:00Z,54189.5
2026-06-12T00:00:00Z,54376.6
2026-06-12T01:00:00Z,53639.1
2026-06-12T02:00:00Z,53501.0
2026-06-12T03:00:00Z,56082.7
2026-06-12T04:00:00Z,60578.4
2026-06-12T05:00:00Z,62701.3
2026-06-12T06:00:00Z,68704.3
2026-06-12T07:00:00Z,69862.1
2026-06-12T08:00:00Z,72410.8
2026-06-12T09:00:00Z,77625.1
2026-06-12T10:00:00Z,79204.1
2026-06-12T11:00:00Z,79186.0
2026-06-12T12:00:00Z,81683.8
2026-06-12T13:00:00Z,80806.4
2026-06-12T14:00:00Z,78330.8
2026-06-12T15:00:00Z,76118.1
2026-06-12T16:00:00Z,72691.3
2026-06-12T17:00:00Z,69849.3
2026-06-12T18:00:00Z,66918.6
2026-06-12T19:00:00Z,64351.5
2026-06-12T20:00:00Z,59772.9
2026-06-12T21:00:00Z,58049.0
2026-06-12T22:00:00Z,53965.8
2026-06-12T23:00:00Z,54188.1
2026-06-13T00:00:00Z,48199.1
2026-06-13T01:00:00Z,49472.0
2026-06-13T02:00:00Z,52928.7
2026-06-13T03:00:00Z,52403.0
2026-06-13T04:00:00Z,54639.9
2026-06-13T05:00:00Z,61607.4
2026-06-13T06:00:00Z,62479.1
2026-06-13T07:00:00Z,66961.2
2026-06-13T08:00:00Z,68841.1
2026-06-13T09:00:00Z,73612.5
2026-06-13T10:00:00Z,76609.1
2026-06-13T11:00:00Z,77396.0
2026-06-13T12:00:00Z,79889.7
2026-06-13T13:00:00Z,77319.0
2026-06-13T14:00:00Z,76489.3
2026-06-13T15:00:00Z,74112.4
2026-06-13T16:00:00Z,69806.7
2026-06-13T17:00:00Z,66497.4
2026-06-13T18:00:00Z,64901.2
2026-06-13T19:00:00Z,59923.5
2026-06-13T20:00:00Z,57800.5
2026-06-13T21:00:00Z,54070.4
2026-06-13T22:00:00Z,51470.0
2026-06-13T23:00:00Z,49801.5
2026-06-14T00:00:00Z,49825.1
2026-06-14T01:00:00Z,49663.2
2026-06-14T02:00:00Z,49238.2
2026-06-14T03:00:00Z,52861.4
2026-06-14T04:00:00Z,57901.9
2026-06-14T05:00:00Z,58874.6
2026-06-14T06:00:00Z,62561.9
2026-06-14T07:00:00Z,67235.0
2026-06-14T08:00:00Z,69762.3
2026-06-14T09:00:00Z,74868.3
2026-06-14T10:00:00Z,75977.5
2026-06-14T11:00:00Z,76804.6
2026-06-14T12:00:00Z,76230.5
2026-06-14T13:00:00Z,76118.8
2026-06-14T14:00:00Z,76529.5
2026-06-14T15:00:00Z,71702.9
2026-06-14T16:00:00Z,68909.9
2026-06-14T17:00:00Z,66445.5
2026-06-14T18:00:00Z,64146.2
2026-06-14T19:00:00Z,58868.1
2026-06-14T20:00:00Z,55880.4
2026-06-14T21:00:00Z,53011.0
2026-06-14T22:00:00Z,52444.3
2026-06-14T23:00:00Z,51893.6
2026-06-15T00:00:00Z,54740.2
2026-06-15T01:00:00Z,53662.2
2026-06-15T02:00:00Z,55118.1
2026-06-15T03:00:00Z,59075.4
2026-06-15T04:00:00Z,61374.8
2026-06-15T05:00:00Z,64690.3
2026-06-15T06:00:00Z,68256.5
2026-06-15T07:00:00Z,72306.0
2026-06-15T08:00:00Z,75694.9
2026-06-15T09:00:00Z,75840.3
2026-06-15T10:00:00Z,80411.6
2026-06-15T11:00:00Z,79992.2
2026-06-15T12:00:00Z,80180.3
2026-06-15T13:00:00Z,79376.6
2026-06-15T14:00:00Z,81176.7
2026-06-15T15:00:00Z,78235.3
2026-06-15T16:00:00Z,76688.2
2026-06-15T17:00:00Z,71403.9
2026-06-15T18:00:00Z,69387.1
2026-06-15T19:00:00Z,61166.5
2026-06-15T20:00:00Z,60953.1
2026-06-15T21:00:00Z,59602.8
2026-06-15T22:00:00Z,55881.6
2026-06-15T23:00:00Z,54627.8
2026-06-16T00:00:00Z,54448.0
2026-06-16T01:00:00Z,55369.6
2026-06-16T02:00:00Z,54566.8
2026-06-16T03:00:00Z,60483.3
2026-06-16T04:00:00Z,60101.4
2026-06-16T05:00:00Z,63775.8
2026-06-16T06:00:00Z,69485.8
2026-06-16T07:00:00Z,72456.3
2026-06-16T08:00:00Z,75002.3
2026-06-16T09:00:00Z,77482.0
2026-06-16T10:00:00Z,81001.9
2026-06-16T11:00:00Z,82980.3
2026-06-16T12:00:00Z,84444.4
2026-06-16T13:00:00Z,81674.2
2026-06-16T14:00:00Z,78137.7
2026-06-16T15:00:00Z,77499.1
2026-06-16T16:00:00Z,75442.2
2026-06-16T17:00:00Z,70010.4
2026-06-16T18:00:00Z,67461.6
2026-06-16T19:00:00Z,65352.2
2026-06-16T20:00:00Z,61441.5
2026-06-16T21:00:00Z,57990.0
2026-06-16T22:00:00Z,56302.0
2026-06-16T23:00:00Z,55787.6
2026-06-17T00:00:00Z,53894.7
2026-06-17T01:00:00Z,53662.5
2026-06-17T02:00:00Z,54142.3
2026-06-17T03:00:00Z,58816.3
2026-06-17T04:00:00Z,59438.3
2026-06-17T05:00:00Z,67652.0
2026-06-17T06:00:00Z,69240.2
2026-06-17T07:00:00Z,71769.8
2026-06-17T08:00:00Z,76172.3
2026-06-17T09:00:00Z,78227.1
2026-06-17T10:00:00Z,80575.1
2026-06-17T11:00:00Z,81865.9
2026-06-17T12:00:00Z,81320.1
2026-06-17T13:00:00Z,80934.2
2026-06-17T14:00:00Z,81655.4
2026-06-17T15:00:00Z,79047.8
2026-06-17T16:00:00Z,73975.9
2026-06-17T17:00:00Z,72193.3
2026-06-17T18:00:00Z,69280.1
2026-06-17T19:00:00Z,63795.6
2026-06-17T20:00:00Z,60858.9
2026-06-17T21:00:00Z,59226.6
2026-06-17T22:00:00Z,55944.9
2026-06-17T23:00:00Z,54129.2
2026-06-18T00:00:00Z,54636.4
2026-06-18T01:00:00Z,54663.8
2026-06-18T02:00:00Z,56836.1
2026-06-18T03:00:00Z,59595.4
2026-06-18T04:00:00Z,61773.9
2026-06-18T05:00:00Z,66211.8
2026-06-18T06:00:00Z,67223.1
2026-06-18T07:00:00Z,71834.6
2026-06-18T08:00:00Z,76852.6
2026-06-18T09:00:00Z,78387.4
2026-06-18T10:00:00Z,80220.8
2026-06-18T11:00:00Z,82596.7
2026-06-18T12:00:00Z,84094.8
2026-06-18T13:00:00Z,80872.0
2026-06-18T14:00:00Z,81511.7
2026-06-18T15:00:00Z,77970.3
2026-06-18T16:00:00Z,76673.9
2026-06-18T17:00:00Z,74296.5
2026-06-18T18:00:00Z,67253.5
2026-06-18T19:00:00Z,65037.5
2026-06-18T20:00:00Z,60208.3
2026-06-18T21:00:00Z,60631.3
2026-06-18T22:00:00Z,55982.5
2026-06-18T23:00:00Z,57869.7
2026-06-19T00:00:00Z,54835.3
2026-06-19T01:00:00Z,54206.8
2026-06-19T02:00:00Z,57479.4
2026-06-19T03:00:00Z,57877.4
2026-06-19T04:00:00Z,62356.6
2026-06-19T05:00:00Z,66646.0
2026-06-19T06:00:00Z,70262.4
2026-06-19T07:00:00Z,71823.2
2026-06-19T08:00:00Z,75529.2
2026-06-19T09:00:00Z,79451.7
2026-06-19T10:00:00Z,80197.9
2026-06-19T11:00:00Z,79547.6
2026-06-19T12:00:00Z,82014.8
2026-06-19T13:00:00Z,81852.2
2026-06-19T14:00:00Z,79742.4
2026-06-19T15:00:00Z,78091.2
2026-06-19T16:00:00Z,75448.4
2026-06-19T17:00:00Z,72745.3
2026-06-19T18:00:00Z,70565.5
2026-06-19T19:00:00Z,65965.6
2026-06-19T20:00:00Z,60801.3
2026-06-19T21:00:00Z,60271.2
2026-06-19T22:00:00Z,57030.1
2026-06-19T23:00:00Z,55911.5
2026-06-20T00:00:00Z,49258.1
2026-06-20T01:00:00Z,53224.7
2026-06-20T02:00:00Z,51322.4
2026-06-20T03:00:00Z,55914.8
2026-06-20T04:00:00Z,59568.0
2026-06-20T05:00:00Z,62197.8
2026-06-20T06:00:00Z,65970.1
2026-06-20T07:00:00Z,67427.8
2026-06-20T08:00:00Z,71376.8
2026-06-20T09:00:00Z,75385.0
2026-06-20T10:00:00Z,76859.1
2026-06-20T11:00:00Z,77999.4
2026-06-20T12:00:00Z,81959.3
2026-06-20T13:00:00Z,78950.8
2026-06-20T14:00:00Z,76317.9
2026-06-20T15:00:00Z,73621.8
2026-06-20T16:00:00Z,71262.4
2026-06-20T17:00:00Z,69841.0
2026-06-20T18:00:00Z,65475.2
2026-06-20T19:00:00Z,63008.7
2026-06-20T20:00:00Z,58013.7
2026-06-20T21:00:00Z,55422.8
2026-06-20T22:00:00Z,53666.4
2026-06-20T23:00:00Z,51306.6
2026-06-21T00:00:00Z,51264.1
2026-06-21T01:00:00Z,50478.2
2026-06-21T02:00:00Z,53061.8
2026-06-21T03:00:00Z,56296.3
2026-06-21T04:00:00Z,57567.2
2026-06-21T05:00:00Z,60681.4
2026-06-21T06:00:00Z,67346.7
2026-06-21T07:00:00Z,68091.8
2026-06-21T08:00:00Z,72248.7
2026-06-21T09:00:00Z,74891.5
2026-06-21T10:00:00Z,78469.1
2026-06-21T11:00:00Z,80086.5
2026-06-21T12:00:00Z,78974.0
2026-06-21T13:00:00Z,78102.2
2026-06-21T14:00:00Z,77738.1
2026-06-21T15:00:00Z,75444.6
2026-06-21T16:00:00Z,72115.9
2026-06-21T17:00:00Z,70736.6
2026-06-21T18:00:00Z,64790.3
2026-06-21T19:00:00Z,63371.2
2026-06-21T20:00:00Z,58917.5
2026-06-21T21:00:00Z,56342.4
2026-06-21T22:00:00Z,52727.3
2026-06-21T23:00:00Z,51446.5
2026-06-22T00:00:00Z,54688.1
2026-06-22T01:00:00Z,55205.5
2026-06-22T02:00:00Z,57810.3
2026-06-22T03:00:00Z,59012.3
2026-06-22T04:00:00Z,62930.1
2026-06-22T05:00:00Z,63934.4
2026-06-22T06:00:00Z,70016.4
2026-06-22T07:00:00Z,73844.1
2026-06-22T08:00:00Z,76451.7
2026-06-22T09:00:00Z,80328.1
2026-06-22T10:00:00Z,83087.1
2026-06-22T11:00:00Z,82447.9
2026-06-22T12:00:00Z,82841.9
2026-06-22T13:00:00Z,82360.6
2026-06-22T14:00:00Z,79216.5
2026-06-22T15:00:00Z,81415.9
2026-06-22T16:00:00Z,79020.4
2026-06-22T17:00:00Z,73893.4
2026-06-22T18:00:00Z,71744.0
2026-06-22T19:00:00Z,67259.4
2026-06-22T20:00:00Z,63944.0
2026-06-22T21:00:00Z,57848.5
2026-06-22T22:00:00Z,55304.6
2026-06-22T23:00:00Z,56553.2
2026-06-23T00:00:00Z,57375.0
2026-06-23T01:00:00Z,53983.0
2026-06-23T02:00:00Z,57169.2
2026-06-23T03:00:00Z,59455.0
2026-06-23T04:00:00Z,63940.7
2026-06-23T05:00:00Z,68182.1
2026-06-23T06:00:00Z,68615.8
2026-06-23T07:00:00Z,74003.5
2026-06-23T08:00:00Z,77335.2
2026-06-23T09:00:00Z,80061.3
2026-06-23T10:00:00Z,83330.7
2026-06-23T11:00:00Z,84860.3
2026-06-23T12:00:00Z,84107.9
2026-06-23T13:00:00Z,84713.4
2026-06-23T14:00:00Z,81437.1
2026-06-23T15:00:00Z,79056.5
2026-06-23T16:00:00Z,78716.0
2026-06-23T17:00:00Z,73093.7
2026-06-23T18:00:00Z,69927.6
2026-06-23T19:00:00Z,66832.7
2026-06-23T20:00:00Z,64087.6
2026-06-23T21:00:00Z,58372.3
2026-06-23T22:00:00Z,59265.1
2026-06-23T23:00:00Z,58521.5
2026-06-24T00:00:00Z,56790.5
2026-06-24T01:00:00Z,56987.5
2026-06-24T02:00:00Z,57418.2
2026-06-24T03:00:00Z,59000.1
2026-06-24T04:00:00Z,64933.5
2026-06-24T05:00:00Z,64847.9
2026-06-24T06:00:00Z,71530.0
2026-06-24T07:00:00Z,73004.0
2026-06-24T08:00:00Z,79219.7
2026-06-24T09:00:00Z,79505.8
2026-06-24T10:00:00Z,82959.5
2026-06-24T11:00:00Z,84452.7
2026-06-24T12:00:00Z,83151.8
2026-06-24T13:00:00Z,84369.0
2026-06-24T14:00:00Z,83721.1
2026-06-24T15:00:00Z,79556.1
2026-06-24T16:00:00Z,79723.6
2026-06-24T17:00:00Z,73303.9
2026-06-24T18:00:00Z,72399.9
2026-06-24T19:00:00Z,65296.0
2026-06-24T20:00:00Z,64293.0
2026-06-24T21:00:00Z,60932.6
2026-06-24T22:00:00Z,56070.6
2026-06-24T23:00:00Z,58262.8
2026-06-25T00:00:00Z,55900.1
2026-06-25T01:00:00Z,58206.0
2026-06-25T02:00:00Z,59135.9
2026-06-25T03:00:00Z,60204.8
2026-06-25T04:00:00Z,63038.4
2026-06-25T05:00:00Z,66284.3
2026-06-25T06:00:00Z,68885.4
2026-06-25T07:00:00Z,75959.1
2026-06-25T08:00:00Z,77566.1
2026-06-25T09:00:00Z,80894.4
2026-06-25T10:00:00Z,83331.1
2026-06-25T11:00:00Z,84978.7
2026-06-25T12:00:00Z,83490.2
2026-06-25T13:00:00Z,82707.1
2026-06-25T14:00:00Z,82620.1
2026-06-25T15:00:00Z,78513.1
2026-06-25T16:00:00Z,78047.6
2026-06-25T17:00:00Z,73014.0
2026-06-25T18:00:00Z,69004.4
2026-06-25T19:00:00Z,66307.5
2026-06-25T20:00:00Z,62278.2
2026-06-25T21:00:00Z,61487.7
2026-06-25T22:00:00Z,56185.0
2026-06-25T23:00:00Z,58032.9
2026-06-26T00:00:00Z,56237.1
2026-06-26T01:00:00Z,57242.2
2026-06-26T02:00:00Z,58158.6
2026-06-26T03:00:00Z,62173.9
2026-06-26T04:00:00Z,62883.3
2026-06-26T05:00:00Z,65863.1
2026-06-26T06:00:00Z,70001.8
2026-06-26T07:00:00Z,74427.3
2026-06-26T08:00:00Z,78237.5
2026-06-26T09:00:00Z,80444.2
2026-06-26T10:00:00Z,80815.7
2026-06-26T11:00:00Z,82931.1
2026-06-26T12:00:00Z,85174.6
2026-06-26T13:00:00Z,84948.5
2026-06-26T14:00:00Z,82126.9
2026-06-26T15:00:00Z,78946.0
2026-06-26T16:00:00Z,76238.4
2026-06-26T17:00:00Z,74538.6
2026-06-26T18:00:00Z,70085.5
2026-06-26T19:00:00Z,65718.3
2026-06-26T20:00:00Z,64579.6
2026-06-26T21:00:00Z,59900.2
2026-06-26T22:00:00Z,61609.7
2026-06-26T23:00:00Z,56875.2
2026-06-27T00:00:00Z,52780.5
2026-06-27T01:00:00Z,54706.5
2026-06-27T02:00:00Z,52635.5
2026-06-27T03:00:00Z,58780.7
2026-06-27T04:00:00Z,59108.3
2026-06-27T05:00:00Z,63179.7
2026-06-27T06:00:00Z,66127.7
2026-06-27T07:00:00Z,69925.1
2026-06-27T08:00:00Z,72863.9
2026-06-27T09:00:00Z,77839.0
2026-06-27T10:00:00Z,78168.4
2026-06-27T11:00:00Z,83227.0
2026-06-27T12:00:00Z,81023.7
2026-06-27T13:00:00Z,79343.5
2026-06-27T14:00:00Z,79444.2
2026-06-27T15:00:00Z,75084.6
2026-06-27T16:00:00Z,71784.9
2026-06-27T17:00:00Z,69590.2
2026-06-27T18:00:00Z,67006.0
2026-06-27T19:00:00Z,64600.3
2026-06-27T20:00:00Z,58961.7
2026-06-27T21:00:00Z,57844.4
2026-06-27T22:00:00Z,53760.5
2026-06-27T23:00:00Z,55411.8
2026-06-28T00:00:00Z,53732.2
2026-06-28T01:00:00Z,55925.2
2026-06-28T02:00:00Z,55531.0
2026-06-28T03:00:00Z,58592.0
2026-06-28T04:00:00Z,61044.0
2026-06-28T05:00:00Z,61552.4
2026-06-28T06:00:00Z,67894.8
2026-06-28T07:00:00Z,72682.6
2026-06-28T08:00:00Z,74925.3
2026-06-28T09:00:00Z,76976.7
2026-06-28T10:00:00Z,79127.0
2026-06-28T11:00:00Z,80503.9
2026-06-28T12:00:00Z,84631.8
2026-06-28T13:00:00Z,80192.2
2026-06-28T14:00:00Z,81608.8
2026-06-28T15:00:00Z,76800.6
2026-06-28T16:00:00Z,74756.1
2026-06-28T17:00:00Z,71621.6
2026-06-28T18:00:00Z,67813.9
2026-06-28T19:00:00Z,65516.8
2026-06-28T20:00:00Z,60599.2
2026-06-28T21:00:00Z,58434.8
2026-06-28T22:00:00Z,53101.4
2026-06-28T23:00:00Z,55088.0
2026-06-29T00:00:00Z,58716.8
2026-06-29T01:00:00Z,59766.9
2026-06-29T02:00:00Z,59820.0
2026-06-29T03:00:00Z,61684.3
2026-06-29T04:00:00Z,63698.9
2026-06-29T05:00:00Z,67577.9
2026-06-29T06:00:00Z,71425.0
2026-06-29T07:00:00Z,75342.1
2026-06-29T08:00:00Z,78462.4
2026-06-29T09:00:00Z,82062.7
2026-06-29T10:00:00Z,82691.1
2026-06-29T11:00:00Z,85504.2
2026-06-29T12:00:00Z,84586.1
2026-06-29T13:00:00Z,85451.9
2026-06-29T14:00:00Z,82062.4
2026-06-29T15:00:00Z,80889.8
2026-06-29T16:00:00Z,78344.9
2026-06-29T17:00:00Z,76094.8
2026-06-29T18:00:00Z,70653.1
2026-06-29T19:00:00Z,68869.5
2026-06-29T20:00:00Z,63259.5
2026-06-29T21:00:00Z,60835.7
2026-06-29T22:00:00Z,58908.6
2026-06-29T23:00:00Z,57730.4
2026-06-30T00:00:00Z,58178.1
2026-06-30T01:00:00Z,55323.8
2026-06-30T02:00:00Z,58954.4
2026-06-30T03:00:00Z,62203.9
2026-06-30T04:00:00Z,63577.3
2026-06-30T05:00:00Z,67345.9
2026-06-30T06:00:00Z,73330.6
2026-06-30T07:00:00Z,76559.4
2026-06-30T08:00:00Z,78950.9
2026-06-30T09:00:00Z,81229.9
2026-06-30T10:00:00Z,83967.2
2026-06-30T11:00:00Z,83938.6
2026-06-30T12:00:00Z,84644.9
2026-06-30T13:00:00Z,85167.5
2026-06-30T14:00:00Z,84253.0
2026-06-30T15:00:00Z,83523.5
2026-06-30T16:00:00Z,77516.1
2026-06-30T17:00:00Z,74752.3
2026-06-30T18:00:00Z,74739.2
2026-06-30T19:00:00Z,67893.3
2026-06-30T20:00:00Z,65358.4
2026-06-30T21:00:00Z,61415.7
2026-06-30T22:00:00Z,61916.1
2026-06-30T23:00:00Z,57740.8
2026-07-01T00:00:00Z,59745.8
2026-07-01T01:00:00Z,57414.0
2026-07-01T02:00:00Z,61782.1
2026-07-01T03:00:00Z,60571.0
2026-07-01T04:00:00Z,64840.0
2026-07-01T05:00:00Z,69193.7
2026-07-01T06:00:00Z,72035.3
2026-07-01T07:00:00Z,76757.1
2026-07-01T08:00:00Z,78081.7
2026-07-01T09:00:00Z,80799.0
2026-07-01T10:00:00Z,85044.5
2026-07-01T11:00:00Z,86697.1
2026-07-01T12:00:00Z,86542.3
2026-07-01T13:00:00Z,83555.7
2026-07-01T14:00:00Z,85367.4
2026-07-01T15:00:00Z,79937.2
2026-07-01T16:00:00Z,80360.7
2026-07-01T17:00:00Z,77040.1
2026-07-01T18:00:00Z,71595.7
2026-07-01T19:00:00Z,68883.6
2026-07-01T20:00:00Z,66634.9
2026-07-01T21:00:00Z,61584.8
2026-07-01T22:00:00Z,60639.2
2026-07-01T23:00:00Z,59368.0
2026-07-02T00:00:00Z,58605.4
2026-07-02T01:00:00Z,60677.2
2026-07-02T02:00:00Z,60820.3
2026-07-02T03:00:00Z,63576.4
2026-07-02T04:00:00Z,61744.9
2026-07-02T05:00:00Z,69016.6
2026-07-02T06:00:00Z,71698.0
2026-07-02T07:00:00Z,74796.6
2026-07-02T08:00:00Z,80593.7
2026-07-02T09:00:00Z,84072.7
2026-07-02T10:00:00Z,82754.3
2026-07-02T11:00:00Z,86712.3
2026-07-02T12:00:00Z,85613.2
2026-07-02T13:00:00Z,86472.5
2026-07-02T14:00:00Z,84786.1
2026-07-02T15:00:00Z,82728.2
2026-07-02T16:00:00Z,79246.6
2026-07-02T17:00:00Z,74590.8
2026-07-02T18:00:00Z,72692.5
2026-07-02T19:00:00Z,65974.4
2026-07-02T20:00:00Z,64939.0
2026-07-02T21:00:00Z,63021.5
2026-07-02T22:00:00Z,61362.5
2026-07-02T23:00:00Z,60381.6
2026-07-03T00:00:00Z,60097.6
2026-07-03T01:00:00Z,62692.3
2026-07-03T02:00:00Z,62191.1
2026-07-03T03:00:00Z,61556.1
2026-07-03T04:00:00Z,65237.9
2026-07-03T05:00:00Z,70350.3
2026-07-03T06:00:00Z,74367.5
2026-07-03T07:00:00Z,78113.6
2026-07-03T08:00:00Z,80489.9
2026-07-03T09:00:00Z,82815.8
2026-07-03T10:00:00Z,85889.5
2026-07-03T11:00:00Z,84281.3
2026-07-03T12:00:00Z,88118.8
2026-07-03T13:00:00Z,88109.1
2026-07-03T14:00:00Z,83886.5
2026-07-03T15:00:00Z,82353.4
2026-07-03T16:00:00Z,80489.8
2026-07-03T17:00:00Z,76028.1
2026-07-03T18:00:00Z,73861.3
2026-07-03T19:00:00Z,68820.0
2026-07-03T20:00:00Z,66691.5
2026-07-03T21:00:00Z,63274.9
2026-07-03T22:00:00Z,59947.8
2026-07-03T23:00:00Z,60019.9
2026-07-04T00:00:00Z,54725.4
2026-07-04T01:00:00Z,56709.0
2026-07-04T02:00:00Z,56445.6
2026-07-04T03:00:00Z,60316.9
2026-07-04T04:00:00Z,59556.6
2026-07-04T05:00:00Z,65282.3
2026-07-04T06:00:00Z,70018.3
2026-07-04T07:00:00Z,73155.7
2026-07-04T08:00:00Z,77394.9
2026-07-04T09:00:00Z,77427.8
2026-07-04T10:00:00Z,80853.0
2026-07-04T11:00:00Z,84098.5
2026-07-04T12:00:00Z,83114.3
2026-07-04T13:00:00Z,82890.8
2026-07-04T14:00:00Z,81532.5
2026-07-04T15:00:00Z,77958.5
2026-07-04T16:00:00Z,75132.8
2026-07-04T17:00:00Z,70630.4
2026-07-04T18:00:00Z,68331.3
2026-07-04T19:00:00Z,66573.5
2026-07-04T20:00:00Z,64490.4
2026-07-04T21:00:00Z,58779.1
2026-07-04T22:00:00Z,58244.0
2026-07-04T23:00:00Z,55681.6
2026-07-05T00:00:00Z,57958.5
2026-07-05T01:00:00Z,55507.9
2026-07-05T02:00:00Z,58519.6
2026-07-05T03:00:00Z,60169.8
2026-07-05T04:00:00Z,62518.5
2026-07-05T05:00:00Z,66750.6
2026-07-05T06:00:00Z,70591.0
2026-07-05T07:00:00Z,71641.1
2026-07-05T08:00:00Z,76976.8
2026-07-05T09:00:00Z,80258.3
2026-07-05T10:00:00Z,82348.0
2026-07-05T11:00:00Z,83136.0
2026-07-05T12:00:00Z,82301.2
2026-07-05T13:00:00Z,82296.8
2026-07-05T14:00:00Z,82846.2
2026-07-05T15:00:00Z,76816.6
2026-07-05T16:00:00Z,74930.9
2026-07-05T17:00:00Z,72939.8
2026-07-05T18:00:00Z,69342.1
2026-07-05T19:00:00Z,67192.0
2026-07-05T20:00:00Z,64029.2
2026-07-05T21:00:00Z,58769.3
2026-07-05T22:00:00Z,58627.8
2026-07-05T23:00:00Z,57889.4
2026-07-06T00:00:00Z,62253.7
2026-07-06T01:00:00Z,59298.2
2026-07-06T02:00:00Z,61833.3
2026-07-06T03:00:00Z,63915.1
2026-07-06T04:00:00Z,65783.8
2026-07-06T05:00:00Z,69854.1
2026-07-06T06:00:00Z,75528.6
2026-07-06T07:00:00Z,76647.1
2026-07-06T08:00:00Z,81807.8
2026-07-06T09:00:00Z,84555.1
2026-07-06T10:00:00Z,84634.2
2026-07-06T11:00:00Z,87600.2
2026-07-06T12:00:00Z,87108.3
2026-07-06T13:00:00Z,87147.1
2026-07-06T14:00:00Z,85058.4
2026-07-06T15:00:00Z,84618.5
2026-07-06T16:00:00Z,81286.1
2026-07-06T17:00:00Z,76738.4
2026-07-06T18:00:00Z,72413.8
2026-07-06T19:00:00Z,69782.4
2026-07-06T20:00:00Z,66895.6
2026-07-06T21:00:00Z,63495.7
2026-07-06T22:00:00Z,61014.7
2026-07-06T23:00:00Z,60611.9
2026-07-07T00:00:00Z,59639.6
2026-07-07T01:00:00Z,60313.6
2026-07-07T02:00:00Z,61558.0
2026-07-07T03:00:00Z,63296.8
2026-07-07T04:00:00Z,64497.7
2026-07-07T05:00:00Z,70521.5
2026-07-07T06:00:00Z,71458.9
2026-07-07T07:00:00Z,77965.1
2026-07-07T08:00:00Z,80297.2
2026-07-07T09:00:00Z,82739.5
2026-07-07T10:00:00Z,85736.2
2026-07-07T11:00:00Z,87485.1
2026-07-07T12:00:00Z,89933.6
2026-07-07T13:00:00Z,86560.0
2026-07-07T14:00:00Z,86275.0
2026-07-07T15:00:00Z,85764.0
2026-07-07T16:00:00Z,78085.5
2026-07-07T17:00:00Z,77516.7
2026-07-07T18:00:00Z,72019.6
2026-07-07T19:00:00Z,71573.8
2026-07-07T20:00:00Z,67952.7
2026-07-07T21:00:00Z,64736.1
2026-07-07T22:00:00Z,62277.2
2026-07-07T23:00:00Z,60064.6
2026-07-08T00:00:00Z,58738.2
2026-07-08T01:00:00Z,61727.7
2026-07-08T02:00:00Z,62891.4
2026-07-08T03:00:00Z,65840.9
2026-07-08T04:00:00Z,66590.9
2026-07-08T05:00:00Z,69684.4
2026-07-08T06:00:00Z,74739.5
2026-07-08T07:00:00Z,77991.6
2026-07-08T08:00:00Z,81418.8
2026-07-08T09:00:00Z,84189.9
2026-07-08T10:00:00Z,88215.7
2026-07-08T11:00:00Z,86668.5
2026-07-08T12:00:00Z,86160.1
2026-07-08T13:00:00Z,91752.4
2026-07-08T14:00:00Z,85644.1
2026-07-08T15:00:00Z,84481.9
2026-07-08T16:00:00Z,81023.0
2026-07-08T17:00:00Z,75838.4
2026-07-08T18:00:00Z,74594.8
2026-07-08T19:00:00Z,70058.0
2026-07-08T20:00:00Z,67887.8
2026-07-08T21:00:00Z,63482.6
2026-07-08T22:00:00Z,63725.6
2026-07-08T23:00:00Z,62007.4
2026-07-09T00:00:00Z,61819.5
2026-07-09T01:00:00Z,60265.9
2026-07-09T02:00:00Z,62164.6
2026-07-09T03:00:00Z,63092.9
2026-07-09T04:00:00Z,66984.5
2026-07-09T05:00:00Z,73108.2
2026-07-09T06:00:00Z,73496.4
2026-07-09T07:00:00Z,81684.2
2026-07-09T08:00:00Z,80893.3
2026-07-09T09:00:00Z,83248.1
2026-07-09T10:00:00Z,84610.3
2026-07-09T11:00:00Z,88856.0
2026-07-09T12:00:00Z,88831.3
2026-07-09T13:00:00Z,88341.8
2026-07-09T14:00:00Z,85299.7
2026-07-09T15:00:00Z,84714.4
2026-07-09T16:00:00Z,82649.3
2026-07-09T17:00:00Z,78201.1
2026-07-09T18:00:00Z,74469.5
2026-07-09T19:00:00Z,70969.5
2026-07-09T20:00:00Z,65918.5
2026-07-09T21:00:00Z,65637.3
2026-07-09T22:00:00Z,62266.5
2026-07-09T23:00:00Z,60897.1
2026-07-10T00:00:00Z,61190.2
2026-07-10T01:00:00Z,62602.4
2026-07-10T02:00:00Z,61485.1
2026-07-10T03:00:00Z,63913.8
2026-07-10T04:00:00Z,70710.3
2026-07-10T05:00:00Z,70923.0
2026-07-10T06:00:00Z,75697.0
2026-07-10T07:00:00Z,77992.2
2026-07-10T08:00:00Z,81380.9
2026-07-10T09:00:00Z,85330.9
2026-07-10T10:00:00Z,87436.1
2026-07-10T11:00:00Z,88297.4
2026-07-10T12:00:00Z,89646.1
2026-07-10T13:00:00Z,87632.4
2026-07-10T14:00:00Z,87833.9
2026-07-10T15:00:00Z,85881.4
2026-07-10T16:00:00Z,80728.5
2026-07-10T17:00:00Z,77841.0
2026-07-10T18:00:00Z,72572.4
2026-07-10T19:00:00Z,71584.4
2026-07-10T20:00:00Z,66432.6
2026-07-10T21:00:00Z,66285.1
2026-07-10T22:00:00Z,61541.8
2026-07-10T23:00:00Z,58881.2
2026-07-11T00:00:00Z,58757.6
2026-07-11T01:00:00Z,57982.4
2026-07-11T02:00:00Z,60523.8
2026-07-11T03:00:00Z,60702.4
2026-07-11T04:00:00Z,63423.1
2026-07-11T05:00:00Z,68957.8
2026-07-11T06:00:00Z,72424.4
2026-07-11T07:00:00Z,75137.4
2026-07-11T08:00:00Z,79105.3
2026-07-11T09:00:00Z,83170.6
2026-07-11T10:00:00Z,83942.1
2026-07-11T11:00:00Z,85402.8
2026-07-11T12:00:00Z,85692.9
2026-07-11T13:00:00Z,84103.5
2026-07-11T14:00:00Z,83587.7
2026-07-11T15:00:00Z,79525.3
2026-07-11T16:00:00Z,77851.3
2026-07-11T17:00:00Z,74408.9
2026-07-11T18:00:00Z,71995.1
2026-07-11T19:00:00Z,67229.7
2026-07-11T20:00:00Z,64299.4
2026-07-11T21:00:00Z,60425.3
2026-07-11T22:00:00Z,60586.6
2026-07-11T23:00:00Z,57942.3
2026-07-12T00:00:00Z,57061.1
2026-07-12T01:00:00Z,55559.5
2026-07-12T02:00:00Z,58707.6
2026-07-12T03:00:00Z,60766.3
2026-07-12T04:00:00Z,63680.8
2026-07-12T05:00:00Z,68327.4
2026-07-12T06:00:00Z,73178.5
2026-07-12T07:00:00Z,77060.3
2026-07-12T08:00:00Z,78090.8
2026-07-12T09:00:00Z,79688.3
2026-07-12T10:00:00Z,83533.1
2026-07-12T11:00:00Z,83701.8
2026-07-12T12:00:00Z,85030.1
2026-07-12T13:00:00Z,84327.6
2026-07-12T14:00:00Z,86267.6
2026-07-12T15:00:00Z,82559.2
2026-07-12T16:00:00Z,76461.0
2026-07-12T17:00:00Z,74810.3
2026-07-12T18:00:00Z,71872.1
2026-07-12T19:00:00Z,66215.6
2026-07-12T20:00:00Z,64877.5
2026-07-12T21:00:00Z,64364.2
2026-07-12T22:00:00Z,60561.0
2026-07-12T23:00:00Z,56972.5
2026-07-13T00:00:00Z,61095.1
2026-07-13T01:00:00Z,62035.2
2026-07-13T02:00:00Z,61687.2
2026-07-13T03:00:00Z,64880.2
2026-07-13T04:00:00Z,67961.0
2026-07-13T05:00:00Z,71857.1
2026-07-13T06:00:00Z,74443.5
2026-07-13T07:00:00Z,80343.5
2026-07-13T08:00:00Z,80103.4
2026-07-13T09:00:00Z,85147.3
2026-07-13T10:00:00Z,86889.7
2026-07-13T11:00:00Z,89568.9
2026-07-13T12:00:00Z,88552.3
2026-07-13T13:00:00Z,86822.5
2026-07-13T14:00:00Z,88505.7
2026-07-13T15:00:00Z,84798.1
2026-07-13T16:00:00Z,80799.1
2026-07-13T17:00:00Z,77694.4
2026-07-13T18:00:00Z,77177.5
2026-07-13T19:00:00Z,72332.1
2026-07-13T20:00:00Z,67769.9
2026-07-13T21:00:00Z,65872.4
2026-07-13T22:00:00Z,63463.2
2026-07-13T23:00:00Z,63588.9
2026-07-14T00:00:00Z,61453.6
2026-07-14T01:00:00Z,62799.8
2026-07-14T02:00:00Z,62056.4
2026-07-14T03:00:00Z,67387.7
2026-07-14T04:00:00Z,68189.9
2026-07-14T05:00:00Z,71870.8
2026-07-14T06:00:00Z,74845.6
2026-07-14T07:00:00Z,76829.8
2026-07-14T08:00:00Z,83662.1
2026-07-14T09:00:00Z,83811.0
2026-07-14T10:00:00Z,89171.4
2026-07-14T11:00:00Z,89990.5
2026-07-14T12:00:00Z,89757.5
2026-07-14T13:00:00Z,88437.9
2026-07-14T14:00:00Z,89775.3
2026-07-14T15:00:00Z,85275.0
2026-07-14T16:00:00Z,81217.1
2026-07-14T17:00:00Z,78637.0
2026-07-14T18:00:00Z,75521.1
2026-07-14T19:00:00Z,70890.7
2026-07-14T20:00:00Z,69587.6
2026-07-14T21:00:00Z,65611.1
2026-07-14T22:00:00Z,62715.0
2026-07-14T23:00:00Z,62097.4
2026-07-15T00:00:00Z,61311.6
2026-07-15T01:00:00Z,62990.4
2026-07-15T02:00:00Z,64048.2
2026-07-15T03:00:00Z,67335.0
2026-07-15T04:00:00Z,69232.2
2026-07-15T05:00:00Z,73198.9
2026-07-15T06:00:00Z,74784.7
2026-07-15T07:00:00Z,79121.4
2026-07-15T08:00:00Z,83252.5
2026-07-15T09:00:00Z,87433.1
2026-07-15T10:00:00Z,89182.8
2026-07-15T11:00:00Z,88747.3
2026-07-15T12:00:00Z,88606.6
2026-07-15T13:00:00Z,88377.4
2026-07-15T14:00:00Z,86969.3
2026-07-15T15:00:00Z,85912.1
2026-07-15T16:00:00Z,82055.9
2026-07-15T17:00:00Z,77952.3
2026-07-15T18:00:00Z,76371.7
2026-07-15T19:00:00Z,74256.6
2026-07-15T20:00:00Z,69043.4
2026-07-15T21:00:00Z,65998.2
2026-07-15T22:00:00Z,63873.6
2026-07-15T23:00:00Z,62593.6
2026-07-16T00:00:00Z,61953.9
2026-07-16T01:00:00Z,61773.2
2026-07-16T02:00:00Z,63666.2
2026-07-16T03:00:00Z,67736.3
2026-07-16T04:00:00Z,70633.7
2026-07-16T05:00:00Z,71883.0
2026-07-16T06:00:00Z,75322.6
2026-07-16T07:00:00Z,79585.0
2026-07-16T08:00:00Z,83474.7
2026-07-16T09:00:00Z,86401.6
2026-07-16T10:00:00Z,87780.4
2026-07-16T11:00:00Z,92041.2
2026-07-16T12:00:00Z,89346.5
2026-07-16T13:00:00Z,89467.4
2026-07-16T14:00:00Z,86893.2
2026-07-16T15:00:00Z,86848.8
2026-07-16T16:00:00Z,82030.6
2026-07-16T17:00:00Z,80020.4
2026-07-16T18:00:00Z,77492.8
2026-07-16T19:00:00Z,73106.4
2026-07-16T20:00:00Z,69105.1
2026-07-16T21:00:00Z,66483.7
2026-07-16T22:00:00Z,66920.3
2026-07-16T23:00:00Z,62311.7
2026-07-17T00:00:00Z,63048.5
2026-07-17T01:00:00Z,62622.5
2026-07-17T02:00:00Z,65943.9
2026-07-17T03:00:00Z,65974.0
2026-07-17T04:00:00Z,70437.8
2026-07-17T05:00:00Z,72580.2
2026-07-17T06:00:00Z,75418.8
2026-07-17T07:00:00Z,80396.5
2026-07-17T08:00:00Z,83421.3
2026-07-17T09:00:00Z,90378.7
2026-07-17T10:00:00Z,88095.0
2026-07-17T11:00:00Z,91522.3
2026-07-17T12:00:00Z,89896.8
2026-07-17T13:00:00Z,89863.8
2026-07-17T14:00:00Z,87682.7
2026-07-17T15:00:00Z,87941.5
2026-07-17T16:00:00Z,84463.6
2026-07-17T17:00:00Z,81984.1
2026-07-17T18:00:00Z,75188.5
2026-07-17T19:00:00Z,74012.1
2026-07-17T20:00:00Z,68608.6
2026-07-17T21:00:00Z,65572.1
2026-07-17T22:00:00Z,66711.4
2026-07-17T23:00:00Z,65672.3
2026-07-18T00:00:00Z,58933.5
2026-07-18T01:00:00Z,61308.5
2026-07-18T02:00:00Z,63511.9
2026-07-18T03:00:00Z,62908.6
2026-07-18T04:00:00Z,67101.0
2026-07-18T05:00:00Z,70762.7
2026-07-18T06:00:00Z,76353.6
2026-07-18T07:00:00Z,75857.2
2026-07-18T08:00:00Z,79594.6
2026-07-18T09:00:00Z,84910.3
2026-07-18T10:00:00Z,86650.9
2026-07-18T11:00:00Z,86610.7
2026-07-18T12:00:00Z,88224.0
2026-07-18T13:00:00Z,86232.4
2026-07-18T14:00:00Z,87385.2
2026-07-18T15:00:00Z,82420.8
2026-07-18T16:00:00Z,80409.0
2026-07-18T17:00:00Z,78221.0
2026-07-18T18:00:00Z,72106.7
2026-07-18T19:00:00Z,69331.5
2026-07-18T20:00:00Z,66570.4
2026-07-18T21:00:00Z,62026.5
2026-07-18T22:00:00Z,61802.3
2026-07-18T23:00:00Z,58043.0
2026-07-19T00:00:00Z,60923.7
2026-07-19T01:00:00Z,60473.8
2026-07-19T02:00:00Z,60747.6
2026-07-19T03:00:00Z,61074.3
2026-07-19T04:00:00Z,67394.5
2026-07-19T05:00:00Z,68720.5
2026-07-19T06:00:00Z,72974.9
2026-07-19T07:00:00Z,78849.3
2026-07-19T08:00:00Z,79171.5
2026-07-19T09:00:00Z,83512.9
2026-07-19T10:00:00Z,87872.3
2026-07-19T11:00:00Z,86739.3
2026-07-19T12:00:00Z,87259.7
2026-07-19T13:00:00Z,86081.1
2026-07-19T14:00:00Z,85233.2
2026-07-19T15:00:00Z,83602.3
2026-07-19T16:00:00Z,79443.8
2026-07-19T17:00:00Z,76510.3
2026-07-19T18:00:00Z,72753.2
2026-07-19T19:00:00Z,68752.1
2026-07-19T20:00:00Z,65571.4
2026-07-19T21:00:00Z,63422.1
2026-07-19T22:00:00Z,62222.2
2026-07-19T23:00:00Z,61155.4
2026-07-20T00:00:00Z,64700.4
2026-07-20T01:00:00Z,66738.7
2026-07-20T02:00:00Z,61429.7
2026-07-20T03:00:00Z,67600.1
2026-07-20T04:00:00Z,69565.4
2026-07-20T05:00:00Z,75543.3
2026-07-20T06:00:00Z,78559.5
2026-07-20T07:00:00Z,80726.9
2026-07-20T08:00:00Z,84166.3
2026-07-20T09:00:00Z,88676.9
2026-07-20T10:00:00Z,89853.2
2026-07-20T11:00:00Z,89831.6
2026-07-20T12:00:00Z,91417.1
2026-07-20T13:00:00Z,89505.6
2026-07-20T14:00:00Z,89960.4
2026-07-20T15:00:00Z,88293.3
2026-07-20T16:00:00Z,85076.4
2026-07-20T17:00:00Z,81717.9
2026-07-20T18:00:00Z,75367.2
2026-07-20T19:00:00Z,73233.5
2026-07-20T20:00:00Z,71469.1
2026-07-20T21:00:00Z,68952.3
2026-07-20T22:00:00Z,66338.2
2026-07-20T23:00:00Z,64646.9
2026-07-21T00:00:00Z,63977.2
2026-07-21T01:00:00Z,62097.1
2026-07-21T02:00:00Z,66954.3
2026-07-21T03:00:00Z,66696.4
2026-07-21T04:00:00Z,71265.6
2026-07-21T05:00:00Z,72510.5
2026-07-21T06:00:00Z,76595.4
2026-07-21T07:00:00Z,80642.3
2026-07-21T08:00:00Z,82608.1
2026-07-21T09:00:00Z,86353.0
2026-07-21T10:00:00Z,90272.7
2026-07-21T11:00:00Z,91803.7
2026-07-21T12:00:00Z,92377.6
2026-07-21T13:00:00Z,91985.1
2026-07-21T14:00:00Z,89813.8
2026-07-21T15:00:00Z,89550.3
2026-07-21T16:00:00Z,84987.8
2026-07-21T17:00:00Z,80634.9
2026-07-21T18:00:00Z,76914.6
2026-07-21T19:00:00Z,74715.8
2026-07-21T20:00:00Z,71005.9
2026-07-21T21:00:00Z,67255.6
2026-07-21T22:00:00Z,65920.0
2026-07-21T23:00:00Z,65162.7
2026-07-22T00:00:00Z,64113.9
2026-07-22T01:00:00Z,64435.0
2026-07-22T02:00:00Z,64753.6
2026-07-22T03:00:00Z,68330.8
2026-07-22T04:00:00Z,71659.6
2026-07-22T05:00:00Z,75209.0
2026-07-22T06:00:00Z,77158.3
2026-07-22T07:00:00Z,84860.0
2026-07-22T08:00:00Z,83099.8
2026-07-22T09:00:00Z,86385.4
2026-07-22T10:00:00Z,91509.8
2026-07-22T11:00:00Z,90780.1
2026-07-22T12:00:00Z,92831.6
2026-07-22T13:00:00Z,91844.2
2026-07-22T14:00:00Z,87112.0
2026-07-22T15:00:00Z,88363.7
2026-07-22T16:00:00Z,84948.4
2026-07-22T17:00:00Z,82667.0
2026-07-22T18:00:00Z,79302.6
2026-07-22T19:00:00Z,75216.5
2026-07-22T20:00:00Z,70885.3
2026-07-22T21:00:00Z,67285.3
2026-07-22T22:00:00Z,68531.2
2026-07-22T23:00:00Z,64830.5
2026-07-23T00:00:00Z,65522.7
2026-07-23T01:00:00Z,65296.2
2026-07-23T02:00:00Z,66758.0
2026-07-23T03:00:00Z,66338.9
2026-07-23T04:00:00Z,72067.8
2026-07-23T05:00:00Z,74634.3
2026-07-23T06:00:00Z,78232.9
2026-07-23T07:00:00Z,81778.0
2026-07-23T08:00:00Z,85765.4
2026-07-23T09:00:00Z,88884.3
2026-07-23T10:00:00Z,90660.2
2026-07-23T11:00:00Z,91526.9
2026-07-23T12:00:00Z,93999.5
2026-07-23T13:00:00Z,92498.1
2026-07-23T14:00:00Z,91267.6
2026-07-23T15:00:00Z,88321.9
2026-07-23T16:00:00Z,86660.3
2026-07-23T17:00:00Z,83057.3
2026-07-23T18:00:00Z,77437.3
2026-07-23T19:00:00Z,76427.9
2026-07-23T20:00:00Z,71348.0
2026-07-23T21:00:00Z,66939.1
2026-07-23T22:00:00Z,68255.5
2026-07-23T23:00:00Z,63872.8
2026-07-24T00:00:00Z,66257.6
2026-07-24T01:00:00Z,65457.6
2026-07-24T02:00:00Z,66570.5
2026-07-24T03:00:00Z,67874.3
2026-07-24T04:00:00Z,72082.2
2026-07-24T05:00:00Z,73352.5
2026-07-24T06:00:00Z,79999.3
2026-07-24T07:00:00Z,81707.6
2026-07-24T08:00:00Z,86320.1
2026-07-24T09:00:00Z,88249.6
2026-07-24T10:00:00Z,89710.4
2026-07-24T11:00:00Z,92787.7
2026-07-24T12:00:00Z,92292.7
2026-07-24T13:00:00Z,94112.5
2026-07-24T14:00:00Z,90528.4
2026-07-24T15:00:00Z,88663.0
2026-07-24T16:00:00Z,86328.4
2026-07-24T17:00:00Z,82344.3
2026-07-24T18:00:00Z,78387.5
2026-07-24T19:00:00Z,73870.8
2026-07-24T20:00:00Z,71271.5
2026-07-24T21:00:00Z,69318.7
2026-07-24T22:00:00Z,66623.6
2026-07-24T23:00:00Z,62595.5
2026-07-25T00:00:00Z,61619.0
2026-07-25T01:00:00Z,60744.6
2026-07-25T02:00:00Z,62614.5
2026-07-25T03:00:00Z,63573.3
2026-07-25T04:00:00Z,67033.7
2026-07-25T05:00:00Z,71283.3
2026-07-25T06:00:00Z,76760.4
2026-07-25T07:00:00Z,80751.4
2026-07-25T08:00:00Z,80786.9
2026-07-25T09:00:00Z,86093.8
2026-07-25T10:00:00Z,87670.5
2026-07-25T11:00:00Z,88365.5
2026-07-25T12:00:00Z,87675.2
2026-07-25T13:00:00Z,90244.8
2026-07-25T14:00:00Z,86584.3
2026-07-25T15:00:00Z,83629.1
2026-07-25T16:00:00Z,82538.9
2026-07-25T17:00:00Z,79142.4
2026-07-25T18:00:00Z,74626.3
2026-07-25T19:00:00Z,73134.7
2026-07-25T20:00:00Z,67404.2
2026-07-25T21:00:00Z,66472.4
2026-07-25T22:00:00Z,62818.1
2026-07-25T23:00:00Z,61674.7
2026-07-26T00:00:00Z,63784.7
2026-07-26T01:00:00Z,63046.1
2026-07-26T02:00:00Z,63998.5
2026-07-26T03:00:00Z,67089.5
2026-07-26T04:00:00Z,68233.6
2026-07-26T05:00:00Z,71921.7
2026-07-26T06:00:00Z,75600.0
2026-07-26T07:00:00Z,79116.9
2026-07-26T08:00:00Z,82130.7
2026-07-26T09:00:00Z,86042.3
2026-07-26T10:00:00Z,87566.5
2026-07-26T11:00:00Z,88870.2
2026-07-26T12:00:00Z,87723.3
2026-07-26T13:00:00Z,87730.4
2026-07-26T14:00:00Z,87845.2
2026-07-26T15:00:00Z,85967.1
2026-07-26T16:00:00Z,80773.4
2026-07-26T17:00:00Z,77078.9
2026-07-26T18:00:00Z,74955.2
2026-07-26T19:00:00Z,72189.0
2026-07-26T20:00:00Z,66604.6
2026-07-26T21:00:00Z,66551.1
2026-07-26T22:00:00Z,62321.4
2026-07-26T23:00:00Z,62407.6
2026-07-27T00:00:00Z,67301.4
2026-07-27T01:00:00Z,66321.8
2026-07-27T02:00:00Z,68420.5
2026-07-27T03:00:00Z,70708.9
2026-07-27T04:00:00Z,72827.3
2026-07-27T05:00:00Z,75728.0
2026-07-27T06:00:00Z,77980.1
2026-07-27T07:00:00Z,84266.1
2026-07-27T08:00:00Z,86689.1
2026-07-27T09:00:00Z,90425.1
2026-07-27T10:00:00Z,91879.9
2026-07-27T11:00:00Z,91948.0
2026-07-27T12:00:00Z,91895.5
2026-07-27T13:00:00Z,93176.3
2026-07-27T14:00:00Z,94792.2
2026-07-27T15:00:00Z,89595.5
2026-07-27T16:00:00Z,86097.4
2026-07-27T17:00:00Z,82679.7
2026-07-27T18:00:00Z,82169.5
2026-07-27T19:00:00Z,77310.4
2026-07-27T20:00:00Z,71926.1
2026-07-27T21:00:00Z,68747.4
2026-07-27T22:00:00Z,66673.3
2026-07-27T23:00:00Z,67531.4
2026-07-28T00:00:00Z,64818.2
2026-07-28T01:00:00Z,65290.2
2026-07-28T02:00:00Z,66833.3
2026-07-28T03:00:00Z,70490.0
2026-07-28T04:00:00Z,72980.0
2026-07-28T05:00:00Z,75373.1
2026-07-28T06:00:00Z,78049.1
2026-07-28T07:00:00Z,81754.8
2026-07-28T08:00:00Z,86732.2
2026-07-28T09:00:00Z,87880.2
2026-07-28T10:00:00Z,92387.2
2026-07-28T11:00:00Z,92009.5
2026-07-28T12:00:00Z,95101.5
