timestamp,demand_mwh
2025-06-23T13:00:00Z,57862.5
2025-06-23T14:00:00Z,57283.7
2025-06-23T15:00:00Z,55363.3
2025-06-23T16:00:00Z,52064.9
2025-06-23T17:00:00Z,51515.8
2025-06-23T18:00:00Z,48661.1
2025-06-23T19:00:00Z,45386.5
2025-06-23T20:00:00Z,43964.2
2025-06-23T21:00:00Z,41800.6
2025-06-23T22:00:00Z,40217.0
2025-06-23T23:00:00Z,39044.3
2025-06-24T00:00:00Z,39314.9
2025-06-24T01:00:00Z,38614.8
2025-06-24T02:00:00Z,40034.1
2025-06-24T03:00:00Z,41305.6
2025-06-24T04:00:00Z,44161.4
2025-06-24T05:00:00Z,46031.3
2025-06-24T06:00:00Z,48252.5
2025-06-24T07:00:00Z,50347.7
2025-06-24T08:00:00Z,53085.5
2025-06-24T09:00:00Z,55288.2
2025-06-24T10:00:00Z,56588.1
2025-06-24T11:00:00Z,58805.1
2025-06-24T12:00:00Z,58902.4
2025-06-24T13:00:00Z,55597.7
2025-06-24T14:00:00Z,55296.1
2025-06-24T15:00:00Z,55141.7
2025-06-24T16:00:00Z,52953.4
2025-06-24T17:00:00Z,51144.9
2025-06-24T18:00:00Z,48660.7
2025-06-24T19:00:00Z,47695.5
2025-06-24T20:00:00Z,42791.4
2025-06-24T21:00:00Z,41389.3
2025-06-24T22:00:00Z,41800.4
2025-06-24T23:00:00Z,39722.4
2025-06-25T00:00:00Z,39592.5
2025-06-25T01:00:00Z,38977.4
2025-06-25T02:00:00Z,39029.2
2025-06-25T03:00:00Z,42010.2
2025-06-25T04:00:00Z,43953.6
2025-06-25T05:00:00Z,45201.1
2025-06-25T06:00:00Z,48124.0
2025-06-25T07:00:00Z,51100.6
2025-06-25T08:00:00Z,52719.4
2025-06-25T09:00:00Z,55387.4
2025-06-25T10:00:00Z,57069.7
2025-06-25T11:00:00Z,57981.8
2025-06-25T12:00:00Z,57875.3
2025-06-25T13:00:00Z,58428.7
2025-06-25T14:00:00Z,57706.9
2025-06-25T15:00:00Z,55723.1
2025-06-25T16:00:00Z,52820.7
2025-06-25T17:00:00Z,51744.2
2025-06-25T18:00:00Z,48269.6
2025-06-25T19:00:00Z,46888.0
2025-06-25T20:00:00Z,43008.0
2025-06-25T21:00:00Z,42608.4
2025-06-25T22:00:00Z,40332.9
2025-06-25T23:00:00Z,38389.0
2025-06-26T00:00:00Z,38996.0
2025-06-26T01:00:00Z,39618.2
2025-06-26T02:00:00Z,40753.3
2025-06-26T03:00:00Z,41275.4
2025-06-26T04:00:00Z,43165.4
2025-06-26T05:00:00Z,46529.7
2025-06-26T06:00:00Z,48483.2
2025-06-26T07:00:00Z,51532.7
2025-06-26T08:00:00Z,54270.0
2025-06-26T09:00:00Z,54331.6
2025-06-26T10:00:00Z,57382.8
2025-06-26T11:00:00Z,59119.8
2025-06-26T12:00:00Z,58228.3
2025-06-26T13:00:00Z,57489.8
2025-06-26T14:00:00Z,57781.5
2025-06-26T15:00:00Z,55855.0
2025-06-26T16:00:00Z,54379.2
2025-06-26T17:00:00Z,51067.7
2025-06-26T18:00:00Z,47670.3
2025-06-26T19:00:00Z,46281.7
2025-06-26T20:00:00Z,43695.2
2025-06-26T21:00:00Z,42682.9
2025-06-26T22:00:00Z,40689.9
2025-06-26T23:00:00Z,38268.8
2025-06-27T00:00:00Z,38477.5
2025-06-27T01:00:00Z,40469.8
2025-06-27T02:00:00Z,41266.4
2025-06-27T03:00:00Z,41736.5
2025-06-27T04:00:00Z,44238.6
2025-06-27T05:00:00Z,46913.9
2025-06-27T06:00:00Z,49419.3
2025-06-27T07:00:00Z,52233.0
2025-06-27T08:00:00Z,54054.4
2025-06-27T09:00:00Z,55763.3
2025-06-27T10:00:00Z,57159.1
2025-06-27T11:00:00Z,59171.8
2025-06-27T12:00:00Z,56851.3
2025-06-27T13:00:00Z,58215.3
2025-06-27T14:00:00Z,57392.8
2025-06-27T15:00:00Z,54697.8
2025-06-27T16:00:00Z,54115.5
2025-06-27T17:00:00Z,51009.8
2025-06-27T18:00:00Z,49734.8
2025-06-27T19:00:00Z,46456.5
2025-06-27T20:00:00Z,44775.2
2025-06-27T21:00:00Z,43225.2
2025-06-27T22:00:00Z,41028.7
2025-06-27T23:00:00Z,39060.8
2025-06-28T00:00:00Z,35741.1
2025-06-28T01:00:00Z,38685.3
2025-06-28T02:00:00Z,38152.1
2025-06-28T03:00:00Z,39216.9
2025-06-28T04:00:00Z,41874.1
2025-06-28T05:00:00Z,43922.9
2025-06-28T06:00:00Z,47245.7
2025-06-28T07:00:00Z,49077.7
2025-06-28T08:00:00Z,51379.2
2025-06-28T09:00:00Z,52786.1
2025-06-28T10:00:00Z,55261.5
2025-06-28T11:00:00Z,55017.6
2025-06-28T12:00:00Z,56706.2
2025-06-28T13:00:00Z,57065.9
2025-06-28T14:00:00Z,53664.5
2025-06-28T15:00:00Z,51383.4
2025-06-28T16:00:00Z,51862.1
2025-06-28T17:00:00Z,51090.8
2025-06-28T18:00:00Z,45761.8
2025-06-28T19:00:00Z,43074.6
2025-06-28T20:00:00Z,42230.2
2025-06-28T21:00:00Z,39095.1
2025-06-28T22:00:00Z,37836.0
2025-06-28T23:00:00Z,37002.4
2025-06-29T00:00:00Z,37569.5
2025-06-29T01:00:00Z,37146.3
2025-06-29T02:00:00Z,38653.4
2025-06-29T03:00:00Z,39816.7
2025-06-29T04:00:00Z,41271.9
2025-06-29T05:00:00Z,44009.8
2025-06-29T06:00:00Z,45992.0
2025-06-29T07:00:00Z,49245.4
2025-06-29T08:00:00Z,50657.9
2025-06-29T09:00:00Z,52672.9
2025-06-29T10:00:00Z,56241.9
2025-06-29T11:00:00Z,55992.6
2025-06-29T12:00:00Z,56319.5
2025-06-29T13:00:00Z,56444.9
2025-06-29T14:00:00Z,54738.2
2025-06-29T15:00:00Z,53365.1
2025-06-29T16:00:00Z,51898.3
2025-06-29T17:00:00Z,49466.4
2025-06-29T18:00:00Z,45824.7
2025-06-29T19:00:00Z,44933.3
2025-06-29T20:00:00Z,41475.4
2025-06-29T21:00:00Z,39112.4
2025-06-29T22:00:00Z,37709.8
2025-06-29T23:00:00Z,37158.2
2025-06-30T00:00:00Z,41306.8
2025-06-30T01:00:00Z,39389.8
2025-06-30T02:00:00Z,41419.3
2025-06-30T03:00:00Z,41106.3
2025-06-30T04:00:00Z,44807.2
2025-06-30T05:00:00Z,47846.5
2025-06-30T06:00:00Z,49423.8
2025-06-30T07:00:00Z,51596.4
2025-06-30T08:00:00Z,54603.5
2025-06-30T09:00:00Z,56969.0
2025-06-30T10:00:00Z,58466.9
2025-06-30T11:00:00Z,60475.0
2025-06-30T12:00:00Z,59390.4
2025-06-30T13:00:00Z,58421.0
2025-06-30T14:00:00Z,57834.6
2025-06-30T15:00:00Z,56350.2
2025-06-30T16:00:00Z,54505.2
2025-06-30T17:00:00Z,52076.4
2025-06-30T18:00:00Z,49752.6
2025-06-30T19:00:00Z,45788.1
2025-06-30T20:00:00Z,45472.9
2025-06-30T21:00:00Z,42358.0
2025-06-30T22:00:00Z,40351.7
2025-06-30T23:00:00Z,40841.8
2025-07-01T00:00:00Z,41250.6
2025-07-01T01:00:00Z,40918.0
2025-07-01T02:00:00Z,41612.2
2025-07-01T03:00:00Z,42263.8
2025-07-01T04:00:00Z,47300.1
2025-07-01T05:00:00Z,48023.1
2025-07-01T06:00:00Z,48893.0
2025-07-01T07:00:00Z,51668.1
2025-07-01T08:00:00Z,54679.8
2025-07-01T09:00:00Z,55355.3
2025-07-01T10:00:00Z,58262.5
2025-07-01T11:00:00Z,58719.8
2025-07-01T12:00:00Z,60396.9
2025-07-01T13:00:00Z,59858.0
2025-07-01T14:00:00Z,55956.3
2025-07-01T15:00:00Z,56633.7
2025-07-01T16:00:00Z,53314.8
2025-07-01T17:00:00Z,53181.0
2025-07-01T18:00:00Z,49939.9
2025-07-01T19:00:00Z,47757.3
2025-07-01T20:00:00Z,44147.6
2025-07-01T21:00:00Z,44474.5
2025-07-01T22:00:00Z,43100.8
2025-07-01T23:00:00Z,39670.5
2025-07-02T00:00:00Z,40687.3
2025-07-02T01:00:00Z,40177.0
2025-07-02T02:00:00Z,41657.4
2025-07-02T03:00:00Z,42189.9
2025-07-02T04:00:00Z,46688.8
2025-07-02T05:00:00Z,46735.1
2025-07-02T06:00:00Z,49761.3
2025-07-02T07:00:00Z,52887.1
2025-07-02T08:00:00Z,54284.6
2025-07-02T09:00:00Z,56601.7
2025-07-02T10:00:00Z,57869.2
2025-07-02T11:00:00Z,59173.7
2025-07-02T12:00:00Z,58670.6
2025-07-02T13:00:00Z,58929.8
2025-07-02T14:00:00Z,58154.9
2025-07-02T15:00:00Z,56526.1
2025-07-02T16:00:00Z,54848.6
2025-07-02T17:00:00Z,52250.8
2025-07-02T18:00:00Z,50601.6
2025-07-02T19:00:00Z,47252.4
2025-07-02T20:00:00Z,45084.2
2025-07-02T21:00:00Z,42671.0
2025-07-02T22:00:00Z,41254.6
2025-07-02T23:00:00Z,39703.6
2025-07-03T00:00:00Z,40998.3
2025-07-03T01:00:00Z,39995.4
2025-07-03T02:00:00Z,41273.0
2025-07-03T03:00:00Z,43685.1
2025-07-03T04:00:00Z,45710.0
2025-07-03T05:00:00Z,47384.9
2025-07-03T06:00:00Z,48575.4
2025-07-03T07:00:00Z,53016.4
2025-07-03T08:00:00Z,55205.1
2025-07-03T09:00:00Z,55856.4
2025-07-03T10:00:00Z,59131.5
2025-07-03T11:00:00Z,58913.2
2025-07-03T12:00:00Z,58900.2
2025-07-03T13:00:00Z,59551.3
2025-07-03T14:00:00Z,58371.7
2025-07-03T15:00:00Z,57149.7
2025-07-03T16:00:00Z,53711.4
2025-07-03T17:00:00Z,54130.8
2025-07-03T18:00:00Z,49709.8
2025-07-03T19:00:00Z,46472.4
2025-07-03T20:00:00Z,45883.2
2025-07-03T21:00:00Z,43113.3
2025-07-03T22:00:00Z,42130.5
2025-07-03T23:00:00Z,40638.3
2025-07-04T00:00:00Z,40730.1
2025-07-04T01:00:00Z,41302.1
2025-07-04T02:00:00Z,41467.4
2025-07-04T03:00:00Z,44136.0
2025-07-04T04:00:00Z,45206.4
2025-07-04T05:00:00Z,47203.9
2025-07-04T06:00:00Z,50449.2
2025-07-04T07:00:00Z,53231.0
2025-07-04T08:00:00Z,55008.8
2025-07-04T09:00:00Z,56491.8
2025-07-04T10:00:00Z,59206.0
2025-07-04T11:00:00Z,58260.0
2025-07-04T12:00:00Z,59171.6
2025-07-04T13:00:00Z,59701.3
2025-07-04T14:00:00Z,57619.7
2025-07-04T15:00:00Z,57204.9
2025-07-04T16:00:00Z,55148.3
2025-07-04T17:00:00Z,53594.3
2025-07-04T18:00:00Z,49654.9
2025-07-04T19:00:00Z,47399.1
2025-07-04T20:00:00Z,45849.5
2025-07-04T21:00:00Z,41624.5
2025-07-04T22:00:00Z,44547.8
2025-07-04T23:00:00Z,40545.9
2025-07-05T00:00:00Z,37720.0
2025-07-05T01:00:00Z,39321.5
2025-07-05T02:00:00Z,39560.0
2025-07-05T03:00:00Z,39694.1
2025-07-05T04:00:00Z,43611.3
2025-07-05T05:00:00Z,46111.9
2025-07-05T06:00:00Z,47553.7
2025-07-05T07:00:00Z,50175.7
2025-07-05T08:00:00Z,53108.0
2025-07-05T09:00:00Z,53981.3
2025-07-05T10:00:00Z,56587.3
2025-07-05T11:00:00Z,57355.8
2025-07-05T12:00:00Z,56983.2
2025-07-05T13:00:00Z,56081.4
2025-07-05T14:00:00Z,56055.6
2025-07-05T15:00:00Z,54008.0
2025-07-05T16:00:00Z,53520.8
2025-07-05T17:00:00Z,50516.6
2025-07-05T18:00:00Z,48540.4
2025-07-05T19:00:00Z,45534.7
2025-07-05T20:00:00Z,43319.8
2025-07-05T21:00:00Z,40492.0
2025-07-05T22:00:00Z,40126.9
2025-07-05T23:00:00Z,40061.1
2025-07-06T00:00:00Z,38253.2
2025-07-06T01:00:00Z,38354.0
2025-07-06T02:00:00Z,39662.3
2025-07-06T03:00:00Z,40930.4
2025-07-06T04:00:00Z,42744.3
2025-07-06T05:00:00Z,45734.3
2025-07-06T06:00:00Z,47877.8
2025-07-06T07:00:00Z,51750.2
2025-07-06T08:00:00Z,52915.8
2025-07-06T09:00:00Z,55165.2
2025-07-06T10:00:00Z,57195.3
2025-07-06T11:00:00Z,57152.1
2025-07-06T12:00:00Z,58870.9
2025-07-06T13:00:00Z,56886.3
2025-07-06T14:00:00Z,55785.7
2025-07-06T15:00:00Z,54612.5
2025-07-06T16:00:00Z,52823.7
2025-07-06T17:00:00Z,49475.8
2025-07-06T18:00:00Z,48082.7
2025-07-06T19:00:00Z,44288.3
2025-07-06T20:00:00Z,44420.8
2025-07-06T21:00:00Z,41250.9
2025-07-06T22:00:00Z,39274.6
2025-07-06T23:00:00Z,38101.3
2025-07-07T00:00:00Z,41060.2
2025-07-07T01:00:00Z,41516.9
2025-07-07T02:00:00Z,41819.1
2025-07-07T03:00:00Z,43446.1
2025-07-07T04:00:00Z,46023.0
2025-07-07T05:00:00Z,48073.5
2025-07-07T06:00:00Z,51729.8
2025-07-07T07:00:00Z,54376.0
2025-07-07T08:00:00Z,55795.3
2025-07-07T09:00:00Z,58151.9
2025-07-07T10:00:00Z,58230.6
2025-07-07T11:00:00Z,60770.3
2025-07-07T12:00:00Z,60562.8
2025-07-07T13:00:00Z,60647.9
2025-07-07T14:00:00Z,60581.4
2025-07-07T15:00:00Z,55946.2
2025-07-07T16:00:00Z,55991.4
2025-07-07T17:00:00Z,52584.6
2025-07-07T18:00:00Z,51451.9
2025-07-07T19:00:00Z,47438.8
2025-07-07T20:00:00Z,45776.1
2025-07-07T21:00:00Z,44345.0
2025-07-07T22:00:00Z,43146.8
2025-07-07T23:00:00Z,41755.4
2025-07-08T00:00:00Z,40931.4
2025-07-08T01:00:00Z,41450.5
2025-07-08T02:00:00Z,43562.0
2025-07-08T03:00:00Z,44376.5
2025-07-08T04:00:00Z,45022.7
2025-07-08T05:00:00Z,49364.3
2025-07-08T06:00:00Z,51509.2
2025-07-08T07:00:00Z,54362.5
2025-07-08T08:00:00Z,55711.1
2025-07-08T09:00:00Z,58634.1
2025-07-08T10:00:00Z,58648.3
2025-07-08T11:00:00Z,60914.5
2025-07-08T12:00:00Z,60392.8
2025-07-08T13:00:00Z,60998.1
2025-07-08T14:00:00Z,60303.4
2025-07-08T15:00:00Z,57381.5
2025-07-08T16:00:00Z,55939.7
2025-07-08T17:00:00Z,53694.2
2025-07-08T18:00:00Z,52128.6
2025-07-08T19:00:00Z,49257.8
2025-07-08T20:00:00Z,45394.7
2025-07-08T21:00:00Z,44747.3
2025-07-08T22:00:00Z,43450.4
2025-07-08T23:00:00Z,43594.5
2025-07-09T00:00:00Z,40420.5
2025-07-09T01:00:00Z,41663.1
2025-07-09T02:00:00Z,44120.4
2025-07-09T03:00:00Z,43494.6
2025-07-09T04:00:00Z,45609.5
2025-07-09T05:00:00Z,49301.7
2025-07-09T06:00:00Z,52190.3
2025-07-09T07:00:00Z,53326.4
2025-07-09T08:00:00Z,56612.1
2025-07-09T09:00:00Z,58263.4
2025-07-09T10:00:00Z,60913.1
2025-07-09T11:00:00Z,60655.7
2025-07-09T12:00:00Z,61777.4
2025-07-09T13:00:00Z,59933.7
2025-07-09T14:00:00Z,59548.9
2025-07-09T15:00:00Z,58092.3
2025-07-09T16:00:00Z,57091.8
2025-07-09T17:00:00Z,54326.1
2025-07-09T18:00:00Z,50772.8
2025-07-09T19:00:00Z,49433.7
2025-07-09T20:00:00Z,47187.1
2025-07-09T21:00:00Z,44490.4
2025-07-09T22:00:00Z,42846.3
2025-07-09T23:00:00Z,41937.4
2025-07-10T00:00:00Z,40607.3
2025-07-10T01:00:00Z,42443.2
2025-07-10T02:00:00Z,43440.0
2025-07-10T03:00:00Z,44086.1
2025-07-10T04:00:00Z,47364.0
2025-07-10T05:00:00Z,47987.6
2025-07-10T06:00:00Z,51132.4
2025-07-10T07:00:00Z,53680.8
2025-07-10T08:00:00Z,57970.6
2025-07-10T09:00:00Z,57088.6
2025-07-10T10:00:00Z,60347.0
2025-07-10T11:00:00Z,61610.9
2025-07-10T12:00:00Z,61486.3
2025-07-10T13:00:00Z,61802.8
2025-07-10T14:00:00Z,59093.4
2025-07-10T15:00:00Z,56543.2
2025-07-10T16:00:00Z,56993.1
2025-07-10T17:00:00Z,53103.8
2025-07-10T18:00:00Z,51312.9
2025-07-10T19:00:00Z,48143.1
2025-07-10T20:00:00Z,47612.2
2025-07-10T21:00:00Z,45472.1
2025-07-10T22:00:00Z,42675.5
2025-07-10T23:00:00Z,43015.6
2025-07-11T00:00:00Z,42261.8
2025-07-11T01:00:00Z,42380.5
2025-07-11T02:00:00Z,43498.1
2025-07-11T03:00:00Z,44816.9
2025-07-11T04:00:00Z,47462.0
2025-07-11T05:00:00Z,49535.7
2025-07-11T06:00:00Z,51494.4
2025-07-11T07:00:00Z,55067.2
2025-07-11T08:00:00Z,56089.4
2025-07-11T09:00:00Z,58799.1
2025-07-11T10:00:00Z,60434.5
2025-07-11T11:00:00Z,62240.7
2025-07-11T12:00:00Z,60979.1
2025-07-11T13:00:00Z,62452.3
2025-07-11T14:00:00Z,60237.5
2025-07-11T15:00:00Z,58413.9
2025-07-11T16:00:00Z,56040.6
2025-07-11T17:00:00Z,54730.9
2025-07-11T18:00:00Z,51813.5
2025-07-11T19:00:00Z,48403.4
2025-07-11T20:00:00Z,46066.3
2025-07-11T21:00:00Z,44534.4
2025-07-11T22:00:00Z,42910.8
2025-07-11T23:00:00Z,43365.2
2025-07-12T00:00:00Z,40797.4
2025-07-12T01:00:00Z,40718.8
2025-07-12T02:00:00Z,41269.9
2025-07-12T03:00:00Z,42167.5
2025-07-12T04:00:00Z,44544.3
2025-07-12T05:00:00Z,47526.8
2025-07-12T06:00:00Z,51011.9
2025-07-12T07:00:00Z,52523.6
2025-07-12T08:00:00Z,53885.7
2025-07-12T09:00:00Z,56130.9
2025-07-12T10:00:00Z,57241.2
2025-07-12T11:00:00Z,57961.0
2025-07-12T12:00:00Z,58767.5
2025-07-12T13:00:00Z,58744.2
2025-07-12T14:00:00Z,59097.8
2025-07-12T15:00:00Z,56142.1
2025-07-12T16:00:00Z,55197.2
2025-07-12T17:00:00Z,53208.0
2025-07-12T18:00:00Z,49368.5
2025-07-12T19:00:00Z,48105.8
2025-07-12T20:00:00Z,45073.2
2025-07-12T21:00:00Z,42176.1
2025-07-12T22:00:00Z,41195.6
2025-07-12T23:00:00Z,40041.6
2025-07-13T00:00:00Z,39710.7
2025-07-13T01:00:00Z,40065.0
2025-07-13T02:00:00Z,41299.7
2025-07-13T03:00:00Z,43059.0
2025-07-13T04:00:00Z,43992.9
2025-07-13T05:00:00Z,47011.7
2025-07-13T06:00:00Z,48287.3
2025-07-13T07:00:00Z,52202.3
2025-07-13T08:00:00Z,54810.5
2025-07-13T09:00:00Z,56432.7
2025-07-13T10:00:00Z,58057.4
2025-07-13T11:00:00Z,59260.9
2025-07-13T12:00:00Z,58583.3
2025-07-13T13:00:00Z,58597.1
2025-07-13T14:00:00Z,58237.7
2025-07-13T15:00:00Z,57103.7
2025-07-13T16:00:00Z,54627.4
2025-07-13T17:00:00Z,54037.8
2025-07-13T18:00:00Z,49433.2
2025-07-13T19:00:00Z,47819.7
2025-07-13T20:00:00Z,45716.0
2025-07-13T21:00:00Z,42604.2
2025-07-13T22:00:00Z,40527.1
2025-07-13T23:00:00Z,39277.2
2025-07-14T00:00:00Z,42897.3
2025-07-14T01:00:00Z,43983.9
2025-07-14T02:00:00Z,44272.4
2025-07-14T03:00:00Z,45720.4
2025-07-14T04:00:00Z,47268.5
2025-07-14T05:00:00Z,50339.1
2025-07-14T06:00:00Z,50666.6
2025-07-14T07:00:00Z,55050.2
2025-07-14T08:00:00Z,57204.3
2025-07-14T09:00:00Z,58074.6
2025-07-14T10:00:00Z,62441.3
2025-07-14T11:00:00Z,60548.1
2025-07-14T12:00:00Z,61123.7
2025-07-14T13:00:00Z,60697.5
2025-07-14T14:00:00Z,61588.3
2025-07-14T15:00:00Z,58460.8
2025-07-14T16:00:00Z,57717.2
2025-07-14T17:00:00Z,55334.6
2025-07-14T18:00:00Z,52584.9
2025-07-14T19:00:00Z,48842.7
2025-07-14T20:00:00Z,47082.0
2025-07-14T21:00:00Z,46921.8
2025-07-14T22:00:00Z,43021.2
2025-07-14T23:00:00Z,42428.8
2025-07-15T00:00:00Z,42839.0
2025-07-15T01:00:00Z,43944.2
2025-07-15T02:00:00Z,44457.9
2025-07-15T03:00:00Z,46377.8
2025-07-15T04:00:00Z,46919.0
2025-07-15T05:00:00Z,50848.0
2025-07-15T06:00:00Z,53034.2
2025-07-15T07:00:00Z,53788.8
2025-07-15T08:00:00Z,58616.5
2025-07-15T09:00:00Z,61209.3
2025-07-15T10:00:00Z,60285.2
2025-07-15T11:00:00Z,61905.3
2025-07-15T12:00:00Z,63307.2
2025-07-15T13:00:00Z,60674.5
2025-07-15T14:00:00Z,59307.2
2025-07-15T15:00:00Z,58334.9
2025-07-15T16:00:00Z,56929.2
2025-07-15T17:00:00Z,54602.5
2025-07-15T18:00:00Z,53064.9
2025-07-15T19:00:00Z,50306.4
2025-07-15T20:00:00Z,46775.9
2025-07-15T21:00:00Z,46237.9
2025-07-15T22:00:00Z,45757.1
2025-07-15T23:00:00Z,44255.0
2025-07-16T00:00:00Z,43964.4
2025-07-16T01:00:00Z,43514.4
2025-07-16T02:00:00Z,45245.9
2025-07-16T03:00:00Z,45211.7
2025-07-16T04:00:00Z,48577.0
2025-07-16T05:00:00Z,50223.3
2025-07-16T06:00:00Z,53686.0
2025-07-16T07:00:00Z,55640.7
2025-07-16T08:00:00Z,56712.4
2025-07-16T09:00:00Z,59677.9
2025-07-16T10:00:00Z,62078.0
2025-07-16T11:00:00Z,61158.2
2025-07-16T12:00:00Z,61942.2
2025-07-16T13:00:00Z,61446.9
2025-07-16T14:00:00Z,59904.8
2025-07-16T15:00:00Z,60345.1
2025-07-16T16:00:00Z,58635.0
2025-07-16T17:00:00Z,55908.2
2025-07-16T18:00:00Z,52974.6
2025-07-16T19:00:00Z,50251.5
2025-07-16T20:00:00Z,48167.2
2025-07-16T21:00:00Z,45399.5
2025-07-16T22:00:00Z,45174.0
2025-07-16T23:00:00Z,44335.4
2025-07-17T00:00:00Z,44119.5
2025-07-17T01:00:00Z,43275.0
2025-07-17T02:00:00Z,44723.0
2025-07-17T03:00:00Z,46054.6
2025-07-17T04:00:00Z,49609.8
2025-07-17T05:00:00Z,50639.1
2025-07-17T06:00:00Z,51475.2
2025-07-17T07:00:00Z,55788.6
2025-07-17T08:00:00Z,59294.5
2025-07-17T09:00:00Z,60326.0
2025-07-17T10:00:00Z,62008.8
2025-07-17T11:00:00Z,62293.4
2025-07-17T12:00:00Z,61013.2
2025-07-17T13:00:00Z,60814.8
2025-07-17T14:00:00Z,60306.7
2025-07-17T15:00:00Z,59675.8
2025-07-17T16:00:00Z,58035.4
2025-07-17T17:00:00Z,56021.6
2025-07-17T18:00:00Z,52709.7
2025-07-17T19:00:00Z,51261.5
2025-07-17T20:00:00Z,47953.5
2025-07-17T21:00:00Z,45623.2
2025-07-17T22:00:00Z,45342.2
2025-07-17T23:00:00Z,42967.9
2025-07-18T00:00:00Z,41389.4
2025-07-18T01:00:00Z,43053.5
2025-07-18T02:00:00Z,44937.7
2025-07-18T03:00:00Z,43922.8
2025-07-18T04:00:00Z,48093.7
2025-07-18T05:00:00Z,50431.4
2025-07-18T06:00:00Z,52042.1
2025-07-18T07:00:00Z,54484.4
2025-07-18T08:00:00Z,57618.9
2025-07-18T09:00:00Z,59541.3
2025-07-18T10:00:00Z,62515.5
2025-07-18T11:00:00Z,62766.8
2025-07-18T12:00:00Z,61528.1
2025-07-18T13:00:00Z,61782.2
2025-07-18T14:00:00Z,62071.3
2025-07-18T15:00:00Z,61497.8
2025-07-18T16:00:00Z,58298.8
2025-07-18T17:00:00Z,55920.4
2025-07-18T18:00:00Z,54674.5
2025-07-18T19:00:00Z,50679.1
2025-07-18T20:00:00Z,48132.1
2025-07-18T21:00:00Z,45257.7
2025-07-18T22:00:00Z,44451.5
2025-07-18T23:00:00Z,45647.0
2025-07-19T00:00:00Z,39969.2
2025-07-19T01:00:00Z,41444.1
2025-07-19T02:00:00Z,41267.4
2025-07-19T03:00:00Z,44025.2
2025-07-19T04:00:00Z,46623.3
2025-07-19T05:00:00Z,48035.0
2025-07-19T06:00:00Z,51302.2
2025-07-19T07:00:00Z,53781.7
2025-07-19T08:00:00Z,55880.1
2025-07-19T09:00:00Z,58886.7
2025-07-19T10:00:00Z,59663.1
2025-07-19T11:00:00Z,59755.2
2025-07-19T12:00:00Z,59781.7
2025-07-19T13:00:00Z,59322.5
2025-07-19T14:00:00Z,59420.5
2025-07-19T15:00:00Z,57253.1
2025-07-19T16:00:00Z,57707.6
2025-07-19T17:00:00Z,54679.9
2025-07-19T18:00:00Z,50545.5
2025-07-19T19:00:00Z,47966.6
2025-07-19T20:00:00Z,47266.0
2025-07-19T21:00:00Z,42414.1
2025-07-19T22:00:00Z,42033.5
2025-07-19T23:00:00Z,42196.5
2025-07-20T00:00:00Z,40579.5
2025-07-20T01:00:00Z,41255.5
2025-07-20T02:00:00Z,42316.1
2025-07-20T03:00:00Z,44653.6
2025-07-20T04:00:00Z,46224.8
2025-07-20T05:00:00Z,48754.3
2025-07-20T06:00:00Z,51396.2
2025-07-20T07:00:00Z,53430.6
2025-07-20T08:00:00Z,56613.6
2025-07-20T09:00:00Z,57130.7
2025-07-20T10:00:00Z,58091.6
2025-07-20T11:00:00Z,58778.7
2025-07-20T12:00:00Z,59231.0
2025-07-20T13:00:00Z,59760.8
2025-07-20T14:00:00Z,60066.5
2025-07-20T15:00:00Z,57853.9
2025-07-20T16:00:00Z,55244.9
2025-07-20T17:00:00Z,52549.9
2025-07-20T18:00:00Z,50495.9
2025-07-20T19:00:00Z,48109.1
2025-07-20T20:00:00Z,45662.1
2025-07-20T21:00:00Z,42977.3
2025-07-20T22:00:00Z,42216.3
2025-07-20T23:00:00Z,42451.8
2025-07-21T00:00:00Z,42439.9
2025-07-21T01:00:00Z,44316.1
2025-07-21T02:00:00Z,43770.0
2025-07-21T03:00:00Z,47142.5
2025-07-21T04:00:00Z,48387.5
2025-07-21T05:00:00Z,49633.5
2025-07-21T06:00:00Z,53871.5
2025-07-21T07:00:00Z,57733.4
2025-07-21T08:00:00Z,58682.9
2025-07-21T09:00:00Z,61516.3
2025-07-21T10:00:00Z,62055.8
2025-07-21T11:00:00Z,61345.3
2025-07-21T12:00:00Z,63793.3
2025-07-21T13:00:00Z,62738.1
2025-07-21T14:00:00Z,60942.2
2025-07-21T15:00:00Z,61214.4
2025-07-21T16:00:00Z,58825.4
2025-07-21T17:00:00Z,55857.3
2025-07-21T18:00:00Z,54486.1
2025-07-21T19:00:00Z,50605.4
2025-07-21T20:00:00Z,49501.4
2025-07-21T21:00:00Z,46242.8
2025-07-21T22:00:00Z,45896.3
2025-07-21T23:00:00Z,43627.3
2025-07-22T00:00:00Z,45575.8
2025-07-22T01:00:00Z,44914.4
2025-07-22T02:00:00Z,46818.2
2025-07-22T03:00:00Z,46539.3
2025-07-22T04:00:00Z,48806.8
2025-07-22T05:00:00Z,52178.2
2025-07-22T06:00:00Z,51795.7
2025-07-22T07:00:00Z,55625.8
2025-07-22T08:00:00Z,59625.1
2025-07-22T09:00:00Z,61160.4
2025-07-22T10:00:00Z,63098.8
2025-07-22T11:00:00Z,63027.0
2025-07-22T12:00:00Z,64054.1
2025-07-22T13:00:00Z,62689.8
2025-07-22T14:00:00Z,61216.4
2025-07-22T15:00:00Z,59430.7
2025-07-22T16:00:00Z,58355.9
2025-07-22T17:00:00Z,56040.5
2025-07-22T18:00:00Z,53488.9
2025-07-22T19:00:00Z,48663.9
2025-07-22T20:00:00Z,47587.6
2025-07-22T21:00:00Z,46771.4
2025-07-22T22:00:00Z,45900.6
2025-07-22T23:00:00Z,44247.2
2025-07-23T00:00:00Z,43882.9
2025-07-23T01:00:00Z,43063.9
2025-07-23T02:00:00Z,47491.4
2025-07-23T03:00:00Z,46517.9
2025-07-23T04:00:00Z,50738.0
2025-07-23T05:00:00Z,52957.4
2025-07-23T06:00:00Z,54414.1
2025-07-23T07:00:00Z,56223.3
2025-07-23T08:00:00Z,59105.4
2025-07-23T09:00:00Z,60066.4
2025-07-23T10:00:00Z,62725.7
2025-07-23T11:00:00Z,63479.2
2025-07-23T12:00:00Z,64230.3
2025-07-23T13:00:00Z,64238.0
2025-07-23T14:00:00Z,63904.5
2025-07-23T15:00:00Z,60678.8
2025-07-23T16:00:00Z,59835.1
2025-07-23T17:00:00Z,56047.9
2025-07-23T18:00:00Z,53478.3
2025-07-23T19:00:00Z,51212.6
2025-07-23T20:00:00Z,48603.6
2025-07-23T21:00:00Z,48184.7
2025-07-23T22:00:00Z,46611.9
2025-07-23T23:00:00Z,45931.4
2025-07-24T00:00:00Z,44766.4
2025-07-24T01:00:00Z,45333.9
2025-07-24T02:00:00Z,45610.9
2025-07-24T03:00:00Z,46679.6
2025-07-24T04:00:00Z,49949.5
2025-07-24T05:00:00Z,52124.1
2025-07-24T06:00:00Z,53509.8
2025-07-24T07:00:00Z,57352.2
2025-07-24T08:00:00Z,57806.3
2025-07-24T09:00:00Z,61047.9
2025-07-24T10:00:00Z,62213.7
2025-07-24T11:00:00Z,63254.6
2025-07-24T12:00:00Z,63138.2
2025-07-24T13:00:00Z,64441.2
2025-07-24T14:00:00Z,63171.6
2025-07-24T15:00:00Z,62139.0
2025-07-24T16:00:00Z,59305.6
2025-07-24T17:00:00Z,55843.9
2025-07-24T18:00:00Z,54092.8
2025-07-24T19:00:00Z,50955.0
2025-07-24T20:00:00Z,49949.3
2025-07-24T21:00:00Z,48561.2
2025-07-24T22:00:00Z,46327.3
2025-07-24T23:00:00Z,44623.6
2025-07-25T00:00:00Z,44681.0
2025-07-25T01:00:00Z,45467.9
2025-07-25T02:00:00Z,45106.0
2025-07-25T03:00:00Z,47910.3
2025-07-25T04:00:00Z,49939.7
2025-07-25T05:00:00Z,51661.8
2025-07-25T06:00:00Z,54250.0
2025-07-25T07:00:00Z,57207.9
2025-07-25T08:00:00Z,58731.1
2025-07-25T09:00:00Z,60719.5
2025-07-25T10:00:00Z,63528.3
2025-07-25T11:00:00Z,64042.6
2025-07-25T12:00:00Z,65535.4
2025-07-25T13:00:00Z,63072.5
2025-07-25T14:00:00Z,61477.5
2025-07-25T15:00:00Z,62128.3
2025-07-25T16:00:00Z,60150.4
2025-07-25T17:00:00Z,56474.3
2025-07-25T18:00:00Z,53402.1
2025-07-25T19:00:00Z,52052.6
2025-07-25T20:00:00Z,48369.0
2025-07-25T21:00:00Z,47507.1
2025-07-25T22:00:00Z,44504.9
2025-07-25T23:00:00Z,45100.8
2025-07-26T00:00:00Z,40796.7
2025-07-26T01:00:00Z,42631.7
2025-07-26T02:00:00Z,44995.8
2025-07-26T03:00:00Z,45093.3
2025-07-26T04:00:00Z,47913.1
2025-07-26T05:00:00Z,49099.8
2025-07-26T06:00:00Z,51385.6
2025-07-26T07:00:00Z,53387.0
2025-07-26T08:00:00Z,57736.6
2025-07-26T09:00:00Z,58846.5
2025-07-26T10:00:00Z,61718.4
2025-07-26T11:00:00Z,60434.5
2025-07-26T12:00:00Z,61526.4
2025-07-26T13:00:00Z,61440.3
2025-07-26T14:00:00Z,61546.9
2025-07-26T15:00:00Z,60347.1
2025-07-26T16:00:00Z,56377.7
2025-07-26T17:00:00Z,53671.1
2025-07-26T18:00:00Z,50700.6
2025-07-26T19:00:00Z,50674.0
2025-07-26T20:00:00Z,47215.4
2025-07-26T21:00:00Z,44775.6
2025-07-26T22:00:00Z,43725.8
2025-07-26T23:00:00Z,40757.8
2025-07-27T00:00:00Z,41297.3
2025-07-27T01:00:00Z,43755.2
2025-07-27T02:00:00Z,44283.0
2025-07-27T03:00:00Z,45613.2
2025-07-27T04:00:00Z,46681.1
2025-07-27T05:00:00Z,50271.2
2025-07-27T06:00:00Z,53711.7
2025-07-27T07:00:00Z,53793.9
2025-07-27T08:00:00Z,57103.9
2025-07-27T09:00:00Z,58733.7
2025-07-27T10:00:00Z,60898.1
2025-07-27T11:00:00Z,61580.2
2025-07-27T12:00:00Z,61778.6
2025-07-27T13:00:00Z,60862.4
2025-07-27T14:00:00Z,60596.1
2025-07-27T15:00:00Z,58589.5
2025-07-27T16:00:00Z,56974.0
2025-07-27T17:00:00Z,54722.7
2025-07-27T18:00:00Z,52810.4
2025-07-27T19:00:00Z,49332.9
2025-07-27T20:00:00Z,47222.6
2025-07-27T21:00:00Z,46349.8
2025-07-27T22:00:00Z,43789.4
2025-07-27T23:00:00Z,42794.5
2025-07-28T00:00:00Z,46238.3
2025-07-28T01:00:00Z,46091.8
2025-07-28T02:00:00Z,46906.7
2025-07-28T03:00:00Z,48537.1
2025-07-28T04:00:00Z,49358.7
2025-07-28T05:00:00Z,53038.7
2025-07-28T06:00:00Z,56219.0
2025-07-28T07:00:00Z,58110.5
2025-07-28T08:00:00Z,58717.6
2025-07-28T09:00:00Z,62182.4
2025-07-28T10:00:00Z,62758.2
2025-07-28T11:00:00Z,64262.3
2025-07-28T12:00:00Z,64875.8
2025-07-28T13:00:00Z,63490.5
2025-07-28T14:00:00Z,64555.9
2025-07-28T15:00:00Z,61904.6
2025-07-28T16:00:00Z,60604.7
2025-07-28T17:00:00Z,58161.4
2025-07-28T18:00:00Z,56242.7
2025-07-28T19:00:00Z,53634.2
2025-07-28T20:00:00Z,49182.5
2025-07-28T21:00:00Z,48407.8
2025-07-28T22:00:00Z,45137.2
2025-07-28T23:00:00Z,45529.4
2025-07-29T00:00:00Z,46332.2
2025-07-29T01:00:00Z,46819.7
2025-07-29T02:00:00Z,48080.4
2025-07-29T03:00:00Z,48273.7
2025-07-29T04:00:00Z,50822.7
2025-07-29T05:00:00Z,52962.3
2025-07-29T06:00:00Z,56386.4
2025-07-29T07:00:00Z,59131.1
2025-07-29T08:00:00Z,59889.7
2025-07-29T09:00:00Z,65197.8
2025-07-29T10:00:00Z,63691.8
2025-07-29T11:00:00Z,64361.2
2025-07-29T12:00:00Z,65462.8
2025-07-29T13:00:00Z,65263.0
2025-07-29T14:00:00Z,64133.5
2025-07-29T15:00:00Z,61649.2
2025-07-29T16:00:00Z,61359.5
2025-07-29T17:00:00Z,57906.3
2025-07-29T18:00:00Z,56608.1
2025-07-29T19:00:00Z,54005.7
2025-07-29T20:00:00Z,49553.6
2025-07-29T21:00:00Z,47799.2
2025-07-29T22:00:00Z,46256.1
2025-07-29T23:00:00Z,46298.2
2025-07-30T00:00:00Z,46013.5
2025-07-30T01:00:00Z,46513.5
2025-07-30T02:00:00Z,46608.4
2025-07-30T03:00:00Z,49128.4
2025-07-30T04:00:00Z,51901.8
2025-07-30T05:00:00Z,52026.3
2025-07-30T06:00:00Z,55426.1
2025-07-30T07:00:00Z,58269.5
2025-07-30T08:00:00Z,60284.4
2025-07-30T09:00:00Z,62220.9
2025-07-30T10:00:00Z,65322.7
2025-07-30T11:00:00Z,65894.2
2025-07-30T12:00:00Z,65874.3
2025-07-30T13:00:00Z,64257.1
2025-07-30T14:00:00Z,65701.8
2025-07-30T15:00:00Z,62669.4
2025-07-30T16:00:00Z,59927.3
2025-07-30T17:00:00Z,57802.3
2025-07-30T18:00:00Z,55193.5
2025-07-30T19:00:00Z,54797.1
2025-07-30T20:00:00Z,50945.7
2025-07-30T21:00:00Z,48841.8
2025-07-30T22:00:00Z,45540.2
2025-07-30T23:00:00Z,46894.8
2025-07-31T00:00:00Z,45327.9
2025-07-31T01:00:00Z,45598.2
2025-07-31T02:00:00Z,47953.6
2025-07-31T03:00:00Z,48298.8
2025-07-31T04:00:00Z,51649.7
2025-07-31T05:00:00Z,54196.4
2025-07-31T06:00:00Z,54352.2
2025-07-31T07:00:00Z,58163.3
2025-07-31T08:00:00Z,59329.7
2025-07-31T09:00:00Z,62530.6
2025-07-31T10:00:00Z,64837.8
2025-07-31T11:00:00Z,63975.2
2025-07-31T12:00:00Z,66837.9
2025-07-31T13:00:00Z,64817.8
2025-07-31T14:00:00Z,63158.7
2025-07-31T15:00:00Z,62479.0
2025-07-31T16:00:00Z,61222.4
2025-07-31T17:00:00Z,57167.3
2025-07-31T18:00:00Z,55784.2
2025-07-31T19:00:00Z,52195.5
2025-07-31T20:00:00Z,51941.8
2025-07-31T21:00:00Z,49111.0
2025-07-31T22:00:00Z,47118.9
2025-07-31T23:00:00Z,47328.2
2025-08-01T00:00:00Z,45337.2
2025-08-01T01:00:00Z,46381.3
2025-08-01T02:00:00Z,49134.4
2025-08-01T03:00:00Z,49083.5
2025-08-01T04:00:00Z,52259.4
2025-08-01T05:00:00Z,53646.7
2025-08-01T06:00:00Z,55416.8
2025-08-01T07:00:00Z,58267.1
2025-08-01T08:00:00Z,60843.5
2025-08-01T09:00:00Z,62443.8
2025-08-01T10:00:00Z,63638.8
2025-08-01T11:00:00Z,64632.7
2025-08-01T12:00:00Z,64397.9
2025-08-01T13:00:00Z,65346.6
2025-08-01T14:00:00Z,64613.2
2025-08-01T15:00:00Z,63370.5
2025-08-01T16:00:00Z,59334.4
2025-08-01T17:00:00Z,59108.0
2025-08-01T18:00:00Z,55961.8
2025-08-01T19:00:00Z,52344.3
2025-08-01T20:00:00Z,51249.0
2025-08-01T21:00:00Z,49832.8
2025-08-01T22:00:00Z,48071.7
2025-08-01T23:00:00Z,47274.2
2025-08-02T00:00:00Z,44650.3
2025-08-02T01:00:00Z,44938.2
2025-08-02T02:00:00Z,45152.4
2025-08-02T03:00:00Z,45040.4
2025-08-02T04:00:00Z,48090.1
2025-08-02T05:00:00Z,51301.3
2025-08-02T06:00:00Z,53127.4
2025-08-02T07:00:00Z,56539.7
2025-08-02T08:00:00Z,58947.4
2025-08-02T09:00:00Z,60337.4
2025-08-02T10:00:00Z,63331.5
2025-08-02T11:00:00Z,62005.4
2025-08-02T12:00:00Z,63859.7
2025-08-02T13:00:00Z,62408.2
2025-08-02T14:00:00Z,61201.7
2025-08-02T15:00:00Z,60771.0
2025-08-02T16:00:00Z,57816.3
2025-08-02T17:00:00Z,56679.8
2025-08-02T18:00:00Z,52570.5
2025-08-02T19:00:00Z,51045.9
2025-08-02T20:00:00Z,48024.7
2025-08-02T21:00:00Z,46521.7
2025-08-02T22:00:00Z,44884.9
2025-08-02T23:00:00Z,43319.1
2025-08-03T00:00:00Z,44616.4
2025-08-03T01:00:00Z,43421.9
2025-08-03T02:00:00Z,44594.2
2025-08-03T03:00:00Z,47620.3
2025-08-03T04:00:00Z,49676.2
2025-08-03T05:00:00Z,51749.4
2025-08-03T06:00:00Z,53974.3
2025-08-03T07:00:00Z,58013.6
2025-08-03T08:00:00Z,57538.3
2025-08-03T09:00:00Z,59902.0
2025-08-03T10:00:00Z,61228.8
2025-08-03T11:00:00Z,63704.5
2025-08-03T12:00:00Z,63543.0
2025-08-03T13:00:00Z,63874.6
2025-08-03T14:00:00Z,62804.0
2025-08-03T15:00:00Z,60317.9
2025-08-03T16:00:00Z,57852.2
2025-08-03T17:00:00Z,55396.0
2025-08-03T18:00:00Z,55474.7
2025-08-03T19:00:00Z,51991.5
2025-08-03T20:00:00Z,49374.1
2025-08-03T21:00:00Z,46637.7
2025-08-03T22:00:00Z,45223.4
2025-08-03T23:00:00Z,44146.7
2025-08-04T00:00:00Z,46699.9
2025-08-04T01:00:00Z,45361.9
2025-08-04T02:00:00Z,48197.6
2025-08-04T03:00:00Z,49467.8
2025-08-04T04:00:00Z,51996.2
2025-08-04T05:00:00Z,54249.7
2025-08-04T06:00:00Z,57252.4
2025-08-04T07:00:00Z,59045.8
2025-08-04T08:00:00Z,62012.2
2025-08-04T09:00:00Z,61313.4
2025-08-04T10:00:00Z,64009.5
2025-08-04T11:00:00Z,67233.5
2025-08-04T12:00:00Z,65202.6
2025-08-04T13:00:00Z,65628.1
2025-08-04T14:00:00Z,65457.6
2025-08-04T15:00:00Z,62657.7
2025-08-04T16:00:00Z,61952.8
2025-08-04T17:00:00Z,57913.0
2025-08-04T18:00:00Z,55037.2
2025-08-04T19:00:00Z,53017.8
2025-08-04T20:00:00Z,50440.4
2025-08-04T21:00:00Z,49760.3
2025-08-04T22:00:00Z,47992.8
2025-08-04T23:00:00Z,47550.3
2025-08-05T00:00:00Z,46324.5
2025-08-05T01:00:00Z,49517.7
2025-08-05T02:00:00Z,48364.9
2025-08-05T03:00:00Z,49931.9
2025-08-05T04:00:00Z,52323.7
2025-08-05T05:00:00Z,54081.4
2025-08-05T06:00:00Z,56257.9
2025-08-05T07:00:00Z,59319.5
2025-08-05T08:00:00Z,62304.2
2025-08-05T09:00:00Z,64091.8
2025-08-05T10:00:00Z,65840.2
2025-08-05T11:00:00Z,65594.3
2025-08-05T12:00:00Z,65753.2
2025-08-05T13:00:00Z,67651.5
2025-08-05T14:00:00Z,64895.3
2025-08-05T15:00:00Z,63942.8
2025-08-05T16:00:00Z,62161.0
2025-08-05T17:00:00Z,60389.9
2025-08-05T18:00:00Z,55683.2
2025-08-05T19:00:00Z,53893.7
2025-08-05T20:00:00Z,51613.5
2025-08-05T21:00:00Z,49729.1
2025-08-05T22:00:00Z,46511.4
2025-08-05T23:00:00Z,47406.5
2025-08-06T00:00:00Z,45031.9
2025-08-06T01:00:00Z,47915.7
2025-08-06T02:00:00Z,49067.7
2025-08-06T03:00:00Z,50643.3
2025-08-06T04:00:00Z,51190.1
2025-08-06T05:00:00Z,55237.6
2025-08-06T06:00:00Z,56268.1
2025-08-06T07:00:00Z,58464.6
2025-08-06T08:00:00Z,60980.1
2025-08-06T09:00:00Z,63076.6
2025-08-06T10:00:00Z,65421.0
2025-08-06T11:00:00Z,66903.6
2025-08-06T12:00:00Z,64887.8
2025-08-06T13:00:00Z,65810.2
2025-08-06T14:00:00Z,66006.0
2025-08-06T15:00:00Z,63920.1
2025-08-06T16:00:00Z,62174.6
2025-08-06T17:00:00Z,58250.1
2025-08-06T18:00:00Z,57727.7
2025-08-06T19:00:00Z,53224.4
2025-08-06T20:00:00Z,52315.4
2025-08-06T21:00:00Z,51263.0
2025-08-06T22:00:00Z,50150.8
2025-08-06T23:00:00Z,48095.4
2025-08-07T00:00:00Z,48255.8
2025-08-07T01:00:00Z,47392.2
2025-08-07T02:00:00Z,48452.3
2025-08-07T03:00:00Z,51301.4
2025-08-07T04:00:00Z,52356.4
2025-08-07T05:00:00Z,54570.9
2025-08-07T06:00:00Z,56030.4
2025-08-07T07:00:00Z,59767.7
2025-08-07T08:00:00Z,62482.0
2025-08-07T09:00:00Z,63319.0
2025-08-07T10:00:00Z,65076.0
2025-08-07T11:00:00Z,67707.7
2025-08-07T12:00:00Z,66912.3
2025-08-07T13:00:00Z,66211.0
2025-08-07T14:00:00Z,64571.6
2025-08-07T15:00:00Z,63458.8
2025-08-07T16:00:00Z,61764.6
2025-08-07T17:00:00Z,60743.5
2025-08-07T18:00:00Z,56671.1
2025-08-07T19:00:00Z,56109.7
2025-08-07T20:00:00Z,51611.5
2025-08-07T21:00:00Z,50078.6
2025-08-07T22:00:00Z,49513.3
2025-08-07T23:00:00Z,47685.5
2025-08-08T00:00:00Z,47076.4
2025-08-08T01:00:00Z,47963.1
2025-08-08T02:00:00Z,49388.0
2025-08-08T03:00:00Z,49181.9
2025-08-08T04:00:00Z,52347.0
2025-08-08T05:00:00Z,54776.1
2025-08-08T06:00:00Z,57027.5
2025-08-08T07:00:00Z,60426.9
2025-08-08T08:00:00Z,61700.3
2025-08-08T09:00:00Z,63854.0
2025-08-08T10:00:00Z,65703.1
2025-08-08T11:00:00Z,67216.7
2025-08-08T12:00:00Z,66783.3
2025-08-08T13:00:00Z,67847.5
2025-08-08T14:00:00Z,64946.1
2025-08-08T15:00:00Z,65176.1
2025-08-08T16:00:00Z,61468.7
2025-08-08T17:00:00Z,59707.4
2025-08-08T18:00:00Z,57642.4
2025-08-08T19:00:00Z,56509.2
2025-08-08T20:00:00Z,53263.4
2025-08-08T21:00:00Z,50230.8
2025-08-08T22:00:00Z,50069.0
2025-08-08T23:00:00Z,47897.6
2025-08-09T00:00:00Z,44627.9
2025-08-09T01:00:00Z,45948.4
2025-08-09T02:00:00Z,46624.7
2025-08-09T03:00:00Z,48839.9
2025-08-09T04:00:00Z,49626.2
2025-08-09T05:00:00Z,52689.6
2025-08-09T06:00:00Z,55379.4
2025-08-09T07:00:00Z,57581.0
2025-08-09T08:00:00Z,59652.8
2025-08-09T09:00:00Z,61107.6
2025-08-09T10:00:00Z,63917.1
2025-08-09T11:00:00Z,64263.3
2025-08-09T12:00:00Z,64878.3
2025-08-09T13:00:00Z,63872.5
2025-08-09T14:00:00Z,63203.8
2025-08-09T15:00:00Z,60835.6
2025-08-09T16:00:00Z,59744.5
2025-08-09T17:00:00Z,57971.2
2025-08-09T18:00:00Z,54945.7
2025-08-09T19:00:00Z,53072.3
2025-08-09T20:00:00Z,50317.0
2025-08-09T21:00:00Z,49168.4
2025-08-09T22:00:00Z,46396.9
2025-08-09T23:00:00Z,44276.9
2025-08-10T00:00:00Z,45796.5
2025-08-10T01:00:00Z,45645.3
2025-08-10T02:00:00Z,45957.4
2025-08-10T03:00:00Z,48786.3
2025-08-10T04:00:00Z,50466.6
2025-08-10T05:00:00Z,52929.2
2025-08-10T06:00:00Z,54793.6
2025-08-10T07:00:00Z,57704.7
2025-08-10T08:00:00Z,60068.2
2025-08-10T09:00:00Z,63275.9
2025-08-10T10:00:00Z,62834.2
2025-08-10T11:00:00Z,64333.5
2025-08-10T12:00:00Z,64960.7
2025-08-10T13:00:00Z,62960.7
2025-08-10T14:00:00Z,62098.2
2025-08-10T15:00:00Z,63589.1
2025-08-10T16:00:00Z,58449.4
2025-08-10T17:00:00Z,58007.3
2025-08-10T18:00:00Z,54380.5
2025-08-10T19:00:00Z,51961.4
2025-08-10T20:00:00Z,48667.3
2025-08-10T21:00:00Z,47543.4
2025-08-10T22:00:00Z,47365.7
2025-08-10T23:00:00Z,44665.5
2025-08-11T00:00:00Z,48783.5
2025-08-11T01:00:00Z,48885.0
2025-08-11T02:00:00Z,51210.4
2025-08-11T03:00:00Z,50741.2
2025-08-11T04:00:00Z,54123.2
2025-08-11T05:00:00Z,56140.9
2025-08-11T06:00:00Z,57686.7
2025-08-11T07:00:00Z,59071.7
2025-08-11T08:00:00Z,63929.8
2025-08-11T09:00:00Z,63618.7
2025-08-11T10:00:00Z,65859.3
2025-08-11T11:00:00Z,67905.7
2025-08-11T12:00:00Z,68419.5
2025-08-11T13:00:00Z,66521.4
2025-08-11T14:00:00Z,66212.8
2025-08-11T15:00:00Z,64504.2
2025-08-11T16:00:00Z,63667.2
2025-08-11T17:00:00Z,62409.1
2025-08-11T18:00:00Z,56450.9
2025-08-11T19:00:00Z,56163.0
2025-08-11T20:00:00Z,50822.6
2025-08-11T21:00:00Z,51132.5
2025-08-11T22:00:00Z,48706.2
2025-08-11T23:00:00Z,50229.2
2025-08-12T00:00:00Z,48625.8
2025-08-12T01:00:00Z,48230.0
2025-08-12T02:00:00Z,49380.1
2025-08-12T03:00:00Z,50846.4
2025-08-12T04:00:00Z,53448.1
2025-08-12T05:00:00Z,55488.3
2025-08-12T06:00:00Z,58627.4
2025-08-12T07:00:00Z,61822.7
2025-08-12T08:00:00Z,63468.6
2025-08-12T09:00:00Z,63915.3
2025-08-12T10:00:00Z,65123.9
2025-08-12T11:00:00Z,66779.3
2025-08-12T12:00:00Z,68555.1
2025-08-12T13:00:00Z,67116.0
2025-08-12T14:00:00Z,65889.7
2025-08-12T15:00:00Z,65007.9
2025-08-12T16:00:00Z,61773.4
2025-08-12T17:00:00Z,59676.9
2025-08-12T18:00:00Z,58510.8
2025-08-12T19:00:00Z,55372.2
2025-08-12T20:00:00Z,52934.4
2025-08-12T21:00:00Z,51561.5
2025-08-12T22:00:00Z,49311.6
2025-08-12T23:00:00Z,48270.4
2025-08-13T00:00:00Z,48308.8
2025-08-13T01:00:00Z,49487.0
2025-08-13T02:00:00Z,50012.3
2025-08-13T03:00:00Z,50534.9
2025-08-13T04:00:00Z,53239.1
2025-08-13T05:00:00Z,56318.5
2025-08-13T06:00:00Z,59784.7
2025-08-13T07:00:00Z,59858.9
2025-08-13T08:00:00Z,63362.5
2025-08-13T09:00:00Z,64874.4
2025-08-13T10:00:00Z,67269.8
2025-08-13T11:00:00Z,67928.7
2025-08-13T12:00:00Z,69075.1
2025-08-13T13:00:00Z,67984.7
2025-08-13T14:00:00Z,66172.2
2025-08-13T15:00:00Z,64650.3
2025-08-13T16:00:00Z,63416.1
2025-08-13T17:00:00Z,61090.0
2025-08-13T18:00:00Z,60206.9
2025-08-13T19:00:00Z,57141.8
2025-08-13T20:00:00Z,52542.0
2025-08-13T21:00:00Z,51772.0
2025-08-13T22:00:00Z,48898.6
2025-08-13T23:00:00Z,47678.6
2025-08-14T00:00:00Z,49455.4
2025-08-14T01:00:00Z,49629.3
2025-08-14T02:00:00Z,49315.8
2025-08-14T03:00:00Z,52990.9
2025-08-14T04:00:00Z,52882.0
2025-08-14T05:00:00Z,55047.3
2025-08-14T06:00:00Z,58992.2
2025-08-14T07:00:00Z,61133.7
2025-08-14T08:00:00Z,63145.9
2025-08-14T09:00:00Z,65210.9
2025-08-14T10:00:00Z,66971.0
2025-08-14T11:00:00Z,67640.0
2025-08-14T12:00:00Z,67941.0
2025-08-14T13:00:00Z,66233.5
2025-08-14T14:00:00Z,65717.1
2025-08-14T15:00:00Z,65753.9
2025-08-14T16:00:00Z,62710.4
2025-08-14T17:00:00Z,61393.3
2025-08-14T18:00:00Z,59459.0
2025-08-14T19:00:00Z,55698.2
2025-08-14T20:00:00Z,53891.4
2025-08-14T21:00:00Z,53337.4
2025-08-14T22:00:00Z,50703.9
2025-08-14T23:00:00Z,50662.4
2025-08-15T00:00:00Z,50269.5
2025-08-15T01:00:00Z,49972.2
2025-08-15T02:00:00Z,50239.3
2025-08-15T03:00:00Z,51181.8
2025-08-15T04:00:00Z,52956.1
2025-08-15T05:00:00Z,56553.4
2025-08-15T06:00:00Z,59026.0
2025-08-15T07:00:00Z,60998.4
2025-08-15T08:00:00Z,64135.3
2025-08-15T09:00:00Z,64962.0
2025-08-15T10:00:00Z,67862.3
2025-08-15T11:00:00Z,67965.3
2025-08-15T12:00:00Z,68231.6
2025-08-15T13:00:00Z,67933.0
2025-08-15T14:00:00Z,66894.3
2025-08-15T15:00:00Z,67438.7
2025-08-15T16:00:00Z,62165.4
2025-08-15T17:00:00Z,61280.2
2025-08-15T18:00:00Z,59647.4
2025-08-15T19:00:00Z,56738.5
2025-08-15T20:00:00Z,53604.4
2025-08-15T21:00:00Z,53249.6
2025-08-15T22:00:00Z,49473.3
2025-08-15T23:00:00Z,48322.9
2025-08-16T00:00:00Z,47007.0
2025-08-16T01:00:00Z,45714.8
2025-08-16T02:00:00Z,45935.3
2025-08-16T03:00:00Z,50073.7
2025-08-16T04:00:00Z,51966.6
2025-08-16T05:00:00Z,54261.0
2025-08-16T06:00:00Z,55771.3
2025-08-16T07:00:00Z,58795.4
2025-08-16T08:00:00Z,60193.5
2025-08-16T09:00:00Z,64345.6
2025-08-16T10:00:00Z,65117.3
2025-08-16T11:00:00Z,66038.3
2025-08-16T12:00:00Z,64209.8
2025-08-16T13:00:00Z,66090.4
2025-08-16T14:00:00Z,65680.2
2025-08-16T15:00:00Z,63930.7
2025-08-16T16:00:00Z,61598.4
2025-08-16T17:00:00Z,58648.1
2025-08-16T18:00:00Z,55888.0
2025-08-16T19:00:00Z,54156.4
2025-08-16T20:00:00Z,51663.4
2025-08-16T21:00:00Z,49556.0
2025-08-16T22:00:00Z,47591.9
2025-08-16T23:00:00Z,48225.9
2025-08-17T00:00:00Z,45795.2
2025-08-17T01:00:00Z,47039.8
2025-08-17T02:00:00Z,47553.3
2025-08-17T03:00:00Z,50371.5
2025-08-17T04:00:00Z,52680.8
2025-08-17T05:00:00Z,54849.2
2025-08-17T06:00:00Z,56945.0
2025-08-17T07:00:00Z,57704.0
2025-08-17T08:00:00Z,62811.5
2025-08-17T09:00:00Z,63548.8
2025-08-17T10:00:00Z,64575.3
2025-08-17T11:00:00Z,65639.4
2025-08-17T12:00:00Z,65677.8
2025-08-17T13:00:00Z,65961.6
2025-08-17T14:00:00Z,64910.6
2025-08-17T15:00:00Z,62846.7
2025-08-17T16:00:00Z,59086.9
2025-08-17T17:00:00Z,58799.1
2025-08-17T18:00:00Z,56721.9
2025-08-17T19:00:00Z,54274.3
2025-08-17T20:00:00Z,51412.4
2025-08-17T21:00:00Z,49908.1
2025-08-17T22:00:00Z,48841.4
2025-08-17T23:00:00Z,46681.3
2025-08-18T00:00:00Z,50750.6
2025-08-18T01:00:00Z,48338.2
2025-08-18T02:00:00Z,49854.0
2025-08-18T03:00:00Z,51666.2
2025-08-18T04:00:00Z,52423.7
2025-08-18T05:00:00Z,55898.3
2025-08-18T06:00:00Z,60185.7
2025-08-18T07:00:00Z,62667.4
2025-08-18T08:00:00Z,64068.8
2025-08-18T09:00:00Z,67359.2
2025-08-18T10:00:00Z,67700.0
2025-08-18T11:00:00Z,68069.5
2025-08-18T12:00:00Z,68989.1
2025-08-18T13:00:00Z,68358.4
2025-08-18T14:00:00Z,68097.5
2025-08-18T15:00:00Z,64777.4
2025-08-18T16:00:00Z,64791.2
2025-08-18T17:00:00Z,61305.2
2025-08-18T18:00:00Z,59871.0
2025-08-18T19:00:00Z,55464.8
2025-08-18T20:00:00Z,54045.5
2025-08-18T21:00:00Z,52453.5
2025-08-18T22:00:00Z,51585.8
2025-08-18T23:00:00Z,48928.9
2025-08-19T00:00:00Z,51086.7
2025-08-19T01:00:00Z,50465.4
2025-08-19T02:00:00Z,50617.8
2025-08-19T03:00:00Z,53540.8
2025-08-19T04:00:00Z,54638.4
2025-08-19T05:00:00Z,57801.4
2025-08-19T06:00:00Z,61221.4
2025-08-19T07:00:00Z,62463.6
2025-08-19T08:00:00Z,63744.0
2025-08-19T09:00:00Z,65815.1
2025-08-19T10:00:00Z,68149.7
2025-08-19T11:00:00Z,68873.7
2025-08-19T12:00:00Z,68303.5
2025-08-19T13:00:00Z,68108.1
2025-08-19T14:00:00Z,68216.3
2025-08-19T15:00:00Z,68035.2
2025-08-19T16:00:00Z,62059.4
2025-08-19T17:00:00Z,62427.8
2025-08-19T18:00:00Z,59192.0
2025-08-19T19:00:00Z,57498.0
2025-08-19T20:00:00Z,55251.1
2025-08-19T21:00:00Z,52608.3
2025-08-19T22:00:00Z,50225.2
2025-08-19T23:00:00Z,48960.1
2025-08-20T00:00:00Z,48423.7
2025-08-20T01:00:00Z,51230.9
2025-08-20T02:00:00Z,51044.1
2025-08-20T03:00:00Z,52306.5
2025-08-20T04:00:00Z,54507.0
2025-08-20T05:00:00Z,55974.4
2025-08-20T06:00:00Z,59778.1
2025-08-20T07:00:00Z,63077.3
2025-08-20T08:00:00Z,65250.6
2025-08-20T09:00:00Z,65075.3
2025-08-20T10:00:00Z,68948.2
2025-08-20T11:00:00Z,68204.3
2025-08-20T12:00:00Z,67611.9
2025-08-20T13:00:00Z,67831.8
2025-08-20T14:00:00Z,67082.3
2025-08-20T15:00:00Z,66323.6
2025-08-20T16:00:00Z,63512.6
2025-08-20T17:00:00Z,60811.9
2025-08-20T18:00:00Z,59322.4
2025-08-20T19:00:00Z,58587.7
2025-08-20T20:00:00Z,54166.9
2025-08-20T21:00:00Z,53110.9
2025-08-20T22:00:00Z,51276.0
2025-08-20T23:00:00Z,52380.6
2025-08-21T00:00:00Z,48575.8
2025-08-21T01:00:00Z,51300.6
2025-08-21T02:00:00Z,50357.2
2025-08-21T03:00:00Z,52436.1
2025-08-21T04:00:00Z,54823.3
2025-08-21T05:00:00Z,59769.8
2025-08-21T06:00:00Z,59094.5
2025-08-21T07:00:00Z,60680.1
2025-08-21T08:00:00Z,65549.2
2025-08-21T09:00:00Z,65828.5
2025-08-21T10:00:00Z,67833.1
2025-08-21T11:00:00Z,68968.4
2025-08-21T12:00:00Z,69392.8
2025-08-21T13:00:00Z,68851.4
2025-08-21T14:00:00Z,68242.1
2025-08-21T15:00:00Z,66810.7
2025-08-21T16:00:00Z,65194.1
2025-08-21T17:00:00Z,61850.5
2025-08-21T18:00:00Z,59105.9
2025-08-21T19:00:00Z,56366.7
2025-08-21T20:00:00Z,55375.4
2025-08-21T21:00:00Z,52873.4
2025-08-21T22:00:00Z,51826.4
2025-08-21T23:00:00Z,50854.4
2025-08-22T00:00:00Z,51615.5
2025-08-22T01:00:00Z,50759.0
2025-08-22T02:00:00Z,52155.4
2025-08-22T03:00:00Z,52117.0
2025-08-22T04:00:00Z,54205.1
2025-08-22T05:00:00Z,57138.2
2025-08-22T06:00:00Z,58900.7
2025-08-22T07:00:00Z,62914.4
2025-08-22T08:00:00Z,63612.3
2025-08-22T09:00:00Z,66724.8
2025-08-22T10:00:00Z,66228.7
2025-08-22T11:00:00Z,68272.5
2025-08-22T12:00:00Z,69213.1
2025-08-22T13:00:00Z,68949.7
2025-08-22T14:00:00Z,66762.4
2025-08-22T15:00:00Z,66757.0
2025-08-22T16:00:00Z,65460.5
2025-08-22T17:00:00Z,62881.3
2025-08-22T18:00:00Z,59347.6
2025-08-22T19:00:00Z,56917.6
2025-08-22T20:00:00Z,54120.2
2025-08-22T21:00:00Z,53584.3
2025-08-22T22:00:00Z,52707.3
2025-08-22T23:00:00Z,50171.7
2025-08-23T00:00:00Z,46404.0
2025-08-23T01:00:00Z,48251.2
2025-08-23T02:00:00Z,49617.9
2025-08-23T03:00:00Z,48398.4
2025-08-23T04:00:00Z,52679.2
2025-08-23T05:00:00Z,56619.3
2025-08-23T06:00:00Z,58030.4
2025-08-23T07:00:00Z,60301.2
2025-08-23T08:00:00Z,62500.0
2025-08-23T09:00:00Z,65018.6
2025-08-23T10:00:00Z,64941.7
2025-08-23T11:00:00Z,65978.4
2025-08-23T12:00:00Z,67309.2
2025-08-23T13:00:00Z,66106.6
2025-08-23T14:00:00Z,65902.6
2025-08-23T15:00:00Z,62636.7
2025-08-23T16:00:00Z,62785.0
2025-08-23T17:00:00Z,60538.6
2025-08-23T18:00:00Z,57408.2
2025-08-23T19:00:00Z,55017.8
2025-08-23T20:00:00Z,53866.3
2025-08-23T21:00:00Z,49710.9
2025-08-23T22:00:00Z,48319.8
2025-08-23T23:00:00Z,47215.2
2025-08-24T00:00:00Z,47589.1
2025-08-24T01:00:00Z,47446.9
2025-08-24T02:00:00Z,49246.3
2025-08-24T03:00:00Z,50222.7
2025-08-24T04:00:00Z,51573.5
2025-08-24T05:00:00Z,53810.3
2025-08-24T06:00:00Z,58509.1
2025-08-24T07:00:00Z,59970.8
2025-08-24T08:00:00Z,62161.6
2025-08-24T09:00:00Z,64355.1
2025-08-24T10:00:00Z,65795.0
2025-08-24T11:00:00Z,67426.5
2025-08-24T12:00:00Z,67598.7
2025-08-24T13:00:00Z,66348.7
2025-08-24T14:00:00Z,65201.5
2025-08-24T15:00:00Z,63463.6
2025-08-24T16:00:00Z,61341.7
2025-08-24T17:00:00Z,61148.8
2025-08-24T18:00:00Z,56804.9
2025-08-24T19:00:00Z,53434.8
2025-08-24T20:00:00Z,52058.6
2025-08-24T21:00:00Z,50112.5
2025-08-24T22:00:00Z,49480.8
2025-08-24T23:00:00Z,47547.2
2025-08-25T00:00:00Z,51190.4
2025-08-25T01:00:00Z,51400.7
2025-08-25T02:00:00Z,53064.0
2025-08-25T03:00:00Z,55312.0
2025-08-25T04:00:00Z,57848.3
2025-08-25T05:00:00Z,58966.3
2025-08-25T06:00:00Z,59443.0
2025-08-25T07:00:00Z,62535.2
2025-08-25T08:00:00Z,65374.8
2025-08-25T09:00:00Z,68822.9
2025-08-25T10:00:00Z,69235.7
2025-08-25T11:00:00Z,70617.5
2025-08-25T12:00:00Z,69842.0
2025-08-25T13:00:00Z,70126.6
2025-08-25T14:00:00Z,69269.0
2025-08-25T15:00:00Z,66801.3
2025-08-25T16:00:00Z,65799.0
2025-08-25T17:00:00Z,63716.4
2025-08-25T18:00:00Z,60244.9
2025-08-25T19:00:00Z,58699.9
2025-08-25T20:00:00Z,56886.6
2025-08-25T21:00:00Z,53629.8
2025-08-25T22:00:00Z,52049.8
2025-08-25T23:00:00Z,50841.6
2025-08-26T00:00:00Z,50427.7
2025-08-26T01:00:00Z,51376.1
2025-08-26T02:00:00Z,51881.3
2025-08-26T03:00:00Z,53488.4
2025-08-26T04:00:00Z,55109.0
2025-08-26T05:00:00Z,56816.0
2025-08-26T06:00:00Z,59782.7
2025-08-26T07:00:00Z,63283.8
2025-08-26T08:00:00Z,64390.6
2025-08-26T09:00:00Z,66809.3
2025-08-26T10:00:00Z,70170.4
2025-08-26T11:00:00Z,70717.5
2025-08-26T12:00:00Z,69587.5
2025-08-26T13:00:00Z,70298.6
2025-08-26T14:00:00Z,68334.6
2025-08-26T15:00:00Z,68631.6
2025-08-26T16:00:00Z,64869.0
2025-08-26T17:00:00Z,63085.8
2025-08-26T18:00:00Z,61642.2
2025-08-26T19:00:00Z,57383.1
2025-08-26T20:00:00Z,56773.1
2025-08-26T21:00:00Z,53083.6
2025-08-26T22:00:00Z,52401.8
2025-08-26T23:00:00Z,51014.3
2025-08-27T00:00:00Z,51012.1
2025-08-27T01:00:00Z,51538.6
2025-08-27T02:00:00Z,52310.9
2025-08-27T03:00:00Z,53082.9
2025-08-27T04:00:00Z,56581.8
2025-08-27T05:00:00Z,58782.5
2025-08-27T06:00:00Z,61725.5
2025-08-27T07:00:00Z,64288.8
2025-08-27T08:00:00Z,64421.1
2025-08-27T09:00:00Z,68517.0
2025-08-27T10:00:00Z,70054.0
2025-08-27T11:00:00Z,69548.5
2025-08-27T12:00:00Z,71132.9
2025-08-27T13:00:00Z,71150.5
2025-08-27T14:00:00Z,68583.2
2025-08-27T15:00:00Z,66383.5
2025-08-27T16:00:00Z,65209.5
2025-08-27T17:00:00Z,65416.1
2025-08-27T18:00:00Z,60881.8
2025-08-27T19:00:00Z,57233.1
2025-08-27T20:00:00Z,55685.2
2025-08-27T21:00:00Z,53101.6
2025-08-27T22:00:00Z,52050.7
2025-08-27T23:00:00Z,51486.6
2025-08-28T00:00:00Z,49188.9
2025-08-28T01:00:00Z,51856.3
2025-08-28T02:00:00Z,53660.5
2025-08-28T03:00:00Z,53896.7
2025-08-28T04:00:00Z,55738.6
2025-08-28T05:00:00Z,59238.4
2025-08-28T06:00:00Z,59835.5
2025-08-28T07:00:00Z,62339.2
2025-08-28T08:00:00Z,64541.1
2025-08-28T09:00:00Z,67518.8
2025-08-28T10:00:00Z,69487.5
2025-08-28T11:00:00Z,70059.4
2025-08-28T12:00:00Z,70899.7
2025-08-28T13:00:00Z,70797.2
2025-08-28T14:00:00Z,69569.6
2025-08-28T15:00:00Z,66997.2
2025-08-28T16:00:00Z,65439.9
2025-08-28T17:00:00Z,64336.6
2025-08-28T18:00:00Z,60011.6
2025-08-28T19:00:00Z,58159.7
2025-08-28T20:00:00Z,55710.9
2025-08-28T21:00:00Z,53910.6
2025-08-28T22:00:00Z,51666.3
2025-08-28T23:00:00Z,50487.1
2025-08-29T00:00:00Z,53442.0
2025-08-29T01:00:00Z,52480.1
2025-08-29T02:00:00Z,52112.0
2025-08-29T03:00:00Z,54162.6
2025-08-29T04:00:00Z,56741.9
2025-08-29T05:00:00Z,58242.5
2025-08-29T06:00:00Z,61498.5
2025-08-29T07:00:00Z,62999.2
2025-08-29T08:00:00Z,65522.5
2025-08-29T09:00:00Z,67731.9
2025-08-29T10:00:00Z,68960.6
2025-08-29T11:00:00Z,68322.7
2025-08-29T12:00:00Z,70631.3
2025-08-29T13:00:00Z,70496.5
2025-08-29T14:00:00Z,69708.3
2025-08-29T15:00:00Z,67003.8
2025-08-29T16:00:00Z,66085.3
2025-08-29T17:00:00Z,63664.7
2025-08-29T18:00:00Z,59588.3
2025-08-29T19:00:00Z,56754.4
2025-08-29T20:00:00Z,56581.6
2025-08-29T21:00:00Z,53445.7
2025-08-29T22:00:00Z,53485.2
2025-08-29T23:00:00Z,53436.7
2025-08-30T00:00:00Z,48412.0
2025-08-30T01:00:00Z,48654.0
2025-08-30T02:00:00Z,50156.7
2025-08-30T03:00:00Z,52233.6
2025-08-30T04:00:00Z,52773.9
2025-08-30T05:00:00Z,56998.5
2025-08-30T06:00:00Z,59282.0
2025-08-30T07:00:00Z,61504.8
2025-08-30T08:00:00Z,62860.7
2025-08-30T09:00:00Z,66017.0
2025-08-30T10:00:00Z,67496.8
2025-08-30T11:00:00Z,66808.6
2025-08-30T12:00:00Z,69771.6
2025-08-30T13:00:00Z,67529.7
2025-08-30T14:00:00Z,67106.0
2025-08-30T15:00:00Z,64863.5
2025-08-30T16:00:00Z,63601.2
2025-08-30T17:00:00Z,61904.4
2025-08-30T18:00:00Z,57841.7
2025-08-30T19:00:00Z,54675.4
2025-08-30T20:00:00Z,53323.1
2025-08-30T21:00:00Z,50647.3
2025-08-30T22:00:00Z,49558.6
2025-08-30T23:00:00Z,49104.8
2025-08-31T00:00:00Z,48977.7
2025-08-31T01:00:00Z,50390.1
2025-08-31T02:00:00Z,49503.9
2025-08-31T03:00:00Z,52126.1
2025-08-31T04:00:00Z,53427.4
2025-08-31T05:00:00Z,57244.7
2025-08-31T06:00:00Z,60662.8
2025-08-31T07:00:00Z,61368.8
2025-08-31T08:00:00Z,64784.2
2025-08-31T09:00:00Z,65009.1
2025-08-31T10:00:00Z,65680.0
2025-08-31T11:00:00Z,66903.5
2025-08-31T12:00:00Z,66983.7
2025-08-31T13:00:00Z,67156.3
2025-08-31T14:00:00Z,66768.5
2025-08-31T15:00:00Z,66354.7
2025-08-31T16:00:00Z,64003.9
2025-08-31T17:00:00Z,61497.2
2025-08-31T18:00:00Z,58299.3
2025-08-31T19:00:00Z,55573.4
2025-08-31T20:00:00Z,53860.5
2025-08-31T21:00:00Z,51953.9
2025-08-31T22:00:00Z,50521.7
2025-08-31T23:00:00Z,49654.1
2025-09-01T00:00:00Z,51752.3
2025-09-01T01:00:00Z,50632.7
2025-09-01T02:00:00Z,52240.9
2025-09-01T03:00:00Z,53999.9
2025-09-01T04:00:00Z,58010.0
2025-09-01T05:00:00Z,58626.8
2025-09-01T06:00:00Z,61996.7
2025-09-01T07:00:00Z,65115.8
2025-09-01T08:00:00Z,66527.8
2025-09-01T09:00:00Z,67936.6
2025-09-01T10:00:00Z,69543.4
2025-09-01T11:00:00Z,69919.5
2025-09-01T12:00:00Z,71311.2
2025-09-01T13:00:00Z,71641.6
2025-09-01T14:00:00Z,70234.6
2025-09-01T15:00:00Z,68868.8
2025-09-01T16:00:00Z,66835.6
2025-09-01T17:00:00Z,65548.1
2025-09-01T18:00:00Z,60948.5
2025-09-01T19:00:00Z,59095.1
2025-09-01T20:00:00Z,57216.2
2025-09-01T21:00:00Z,55659.9
2025-09-01T22:00:00Z,51189.9
2025-09-01T23:00:00Z,51755.7
2025-09-02T00:00:00Z,51825.2
2025-09-02T01:00:00Z,51495.3
2025-09-02T02:00:00Z,53958.0
2025-09-02T03:00:00Z,54982.2
2025-09-02T04:00:00Z,56479.5
2025-09-02T05:00:00Z,57806.1
2025-09-02T06:00:00Z,60541.7
2025-09-02T07:00:00Z,63299.9
2025-09-02T08:00:00Z,66770.8
2025-09-02T09:00:00Z,67420.4
2025-09-02T10:00:00Z,68266.8
2025-09-02T11:00:00Z,69720.8
2025-09-02T12:00:00Z,70737.3
2025-09-02T13:00:00Z,72223.9
2025-09-02T14:00:00Z,71927.5
2025-09-02T15:00:00Z,68011.3
2025-09-02T16:00:00Z,67162.4
2025-09-02T17:00:00Z,65211.0
2025-09-02T18:00:00Z,62630.5
2025-09-02T19:00:00Z,59021.1
2025-09-02T20:00:00Z,55754.3
2025-09-02T21:00:00Z,54415.8
2025-09-02T22:00:00Z,51788.6
2025-09-02T23:00:00Z,52510.7
2025-09-03T00:00:00Z,52758.1
2025-09-03T01:00:00Z,50947.0
2025-09-03T02:00:00Z,53381.4
2025-09-03T03:00:00Z,55184.2
2025-09-03T04:00:00Z,57940.7
2025-09-03T05:00:00Z,60361.9
2025-09-03T06:00:00Z,62386.7
2025-09-03T07:00:00Z,63682.3
2025-09-03T08:00:00Z,66254.9
2025-09-03T09:00:00Z,69504.5
2025-09-03T10:00:00Z,69582.0
2025-09-03T11:00:00Z,70993.4
2025-09-03T12:00:00Z,72604.6
2025-09-03T13:00:00Z,71129.6
2025-09-03T14:00:00Z,68966.5
2025-09-03T15:00:00Z,68303.4
2025-09-03T16:00:00Z,67061.8
2025-09-03T17:00:00Z,64079.8
2025-09-03T18:00:00Z,62675.0
2025-09-03T19:00:00Z,60284.6
2025-09-03T20:00:00Z,56419.1
2025-09-03T21:00:00Z,54546.7
2025-09-03T22:00:00Z,53339.4
2025-09-03T23:00:00Z,51500.5
2025-09-04T00:00:00Z,52578.8
2025-09-04T01:00:00Z,52459.4
2025-09-04T02:00:00Z,54192.5
2025-09-04T03:00:00Z,54610.3
2025-09-04T04:00:00Z,56376.5
2025-09-04T05:00:00Z,60870.4
2025-09-04T06:00:00Z,61181.7
2025-09-04T07:00:00Z,63904.0
2025-09-04T08:00:00Z,66104.1
2025-09-04T09:00:00Z,68436.9
2025-09-04T10:00:00Z,69474.4
2025-09-04T11:00:00Z,71132.0
2025-09-04T12:00:00Z,70931.0
2025-09-04T13:00:00Z,70834.2
2025-09-04T14:00:00Z,70498.6
2025-09-04T15:00:00Z,69242.7
2025-09-04T16:00:00Z,67064.6
2025-09-04T17:00:00Z,63783.6
2025-09-04T18:00:00Z,62203.9
2025-09-04T19:00:00Z,59302.3
2025-09-04T20:00:00Z,56995.9
2025-09-04T21:00:00Z,53711.6
2025-09-04T22:00:00Z,54101.3
2025-09-04T23:00:00Z,52491.9
2025-09-05T00:00:00Z,53780.9
2025-09-05T01:00:00Z,53254.6
2025-09-05T02:00:00Z,52807.9
2025-09-05T03:00:00Z,54130.3
2025-09-05T04:00:00Z,58141.0
2025-09-05T05:00:00Z,58836.4
2025-09-05T06:00:00Z,62572.3
2025-09-05T07:00:00Z,64270.4
2025-09-05T08:00:00Z,68513.7
2025-09-05T09:00:00Z,68883.4
2025-09-05T10:00:00Z,71560.1
2025-09-05T11:00:00Z,72374.7
2025-09-05T12:00:00Z,71264.5
2025-09-05T13:00:00Z,71045.2
2025-09-05T14:00:00Z,71539.1
2025-09-05T15:00:00Z,68824.8
2025-09-05T16:00:00Z,66139.7
2025-09-05T17:00:00Z,65483.2
2025-09-05T18:00:00Z,64094.1
2025-09-05T19:00:00Z,59518.2
2025-09-05T20:00:00Z,58355.2
2025-09-05T21:00:00Z,55117.1
2025-09-05T22:00:00Z,54808.0
2025-09-05T23:00:00Z,52572.6
2025-09-06T00:00:00Z,50972.9
2025-09-06T01:00:00Z,50671.1
2025-09-06T02:00:00Z,51050.8
2025-09-06T03:00:00Z,52916.4
2025-09-06T04:00:00Z,54284.8
2025-09-06T05:00:00Z,56136.4
2025-09-06T06:00:00Z,58681.2
2025-09-06T07:00:00Z,61970.8
2025-09-06T08:00:00Z,63488.7
2025-09-06T09:00:00Z,66680.7
2025-09-06T10:00:00Z,68282.9
2025-09-06T11:00:00Z,69196.1
2025-09-06T12:00:00Z,68750.2
2025-09-06T13:00:00Z,68867.4
2025-09-06T14:00:00Z,67842.7
2025-09-06T15:00:00Z,67396.5
2025-09-06T16:00:00Z,63701.2
2025-09-06T17:00:00Z,61722.5
2025-09-06T18:00:00Z,59356.8
2025-09-06T19:00:00Z,56942.9
2025-09-06T20:00:00Z,54139.8
2025-09-06T21:00:00Z,52246.6
2025-09-06T22:00:00Z,52037.3
2025-09-06T23:00:00Z,49752.5
2025-09-07T00:00:00Z,50804.6
2025-09-07T01:00:00Z,52027.9
2025-09-07T02:00:00Z,52382.0
2025-09-07T03:00:00Z,51436.9
2025-09-07T04:00:00Z,55495.3
2025-09-07T05:00:00Z,57576.6
2025-09-07T06:00:00Z,60116.6
2025-09-07T07:00:00Z,60864.7
2025-09-07T08:00:00Z,65093.3
2025-09-07T09:00:00Z,65602.5
2025-09-07T10:00:00Z,69038.5
2025-09-07T11:00:00Z,69819.8
2025-09-07T12:00:00Z,71330.2
2025-09-07T13:00:00Z,68650.1
2025-09-07T14:00:00Z,66777.6
2025-09-07T15:00:00Z,67311.0
2025-09-07T16:00:00Z,65180.5
2025-09-07T17:00:00Z,61855.6
2025-09-07T18:00:00Z,60764.7
2025-09-07T19:00:00Z,57739.3
2025-09-07T20:00:00Z,53837.7
2025-09-07T21:00:00Z,52597.3
2025-09-07T22:00:00Z,50994.2
2025-09-07T23:00:00Z,50303.5
2025-09-08T00:00:00Z,53017.4
2025-09-08T01:00:00Z,52633.6
2025-09-08T02:00:00Z,53992.5
2025-09-08T03:00:00Z,56150.0
2025-09-08T04:00:00Z,57608.7
2025-09-08T05:00:00Z,59768.7
2025-09-08T06:00:00Z,62228.2
2025-09-08T07:00:00Z,64879.0
2025-09-08T08:00:00Z,65742.7
2025-09-08T09:00:00Z,69395.5
2025-09-08T10:00:00Z,69970.3
2025-09-08T11:00:00Z,71839.0
2025-09-08T12:00:00Z,70902.4
2025-09-08T13:00:00Z,72492.6
2025-09-08T14:00:00Z,70983.8
2025-09-08T15:00:00Z,68184.7
2025-09-08T16:00:00Z,67466.7
2025-09-08T17:00:00Z,64350.6
2025-09-08T18:00:00Z,63914.6
2025-09-08T19:00:00Z,60378.3
2025-09-08T20:00:00Z,57029.4
2025-09-08T21:00:00Z,55857.9
2025-09-08T22:00:00Z,54124.7
2025-09-08T23:00:00Z,54150.8
2025-09-09T00:00:00Z,53278.1
2025-09-09T01:00:00Z,53731.6
2025-09-09T02:00:00Z,53384.9
2025-09-09T03:00:00Z,56443.0
2025-09-09T04:00:00Z,59476.1
2025-09-09T05:00:00Z,60627.4
2025-09-09T06:00:00Z,62572.9
2025-09-09T07:00:00Z,65223.2
2025-09-09T08:00:00Z,66646.5
2025-09-09T09:00:00Z,69549.1
2025-09-09T10:00:00Z,70047.8
2025-09-09T11:00:00Z,71922.9
2025-09-09T12:00:00Z,71904.3
2025-09-09T13:00:00Z,71222.5
2025-09-09T14:00:00Z,71392.8
2025-09-09T15:00:00Z,68208.0
2025-09-09T16:00:00Z,67378.6
2025-09-09T17:00:00Z,64032.2
2025-09-09T18:00:00Z,64072.2
2025-09-09T19:00:00Z,61701.2
2025-09-09T20:00:00Z,58479.8
2025-09-09T21:00:00Z,57331.2
2025-09-09T22:00:00Z,54759.6
2025-09-09T23:00:00Z,53758.8
2025-09-10T00:00:00Z,52781.2
2025-09-10T01:00:00Z,52732.0
2025-09-10T02:00:00Z,54511.3
2025-09-10T03:00:00Z,55507.1
2025-09-10T04:00:00Z,57575.3
2025-09-10T05:00:00Z,60827.3
2025-09-10T06:00:00Z,62628.2
2025-09-10T07:00:00Z,63967.4
2025-09-10T08:00:00Z,67361.1
2025-09-10T09:00:00Z,68913.0
2025-09-10T10:00:00Z,70815.3
2025-09-10T11:00:00Z,71131.8
2025-09-10T12:00:00Z,73299.3
2025-09-10T13:00:00Z,73534.4
2025-09-10T14:00:00Z,70160.3
2025-09-10T15:00:00Z,70042.6
2025-09-10T16:00:00Z,68011.7
2025-09-10T17:00:00Z,64354.6
2025-09-10T18:00:00Z,62808.7
2025-09-10T19:00:00Z,61370.5
2025-09-10T20:00:00Z,58600.7
2025-09-10T21:00:00Z,57228.5
2025-09-10T22:00:00Z,53466.9
2025-09-10T23:00:00Z,52845.7
2025-09-11T00:00:00Z,53471.1
2025-09-11T01:00:00Z,53848.3
2025-09-11T02:00:00Z,54543.3
2025-09-11T03:00:00Z,55740.3
2025-09-11T04:00:00Z,57710.9
2025-09-11T05:00:00Z,59869.9
2025-09-11T06:00:00Z,63204.1
2025-09-11T07:00:00Z,63119.4
2025-09-11T08:00:00Z,68927.4
2025-09-11T09:00:00Z,69213.2
2025-09-11T10:00:00Z,70016.8
2025-09-11T11:00:00Z,72557.6
2025-09-11T12:00:00Z,71323.0
2025-09-11T13:00:00Z,72429.3
2025-09-11T14:00:00Z,70837.6
2025-09-11T15:00:00Z,70104.4
2025-09-11T16:00:00Z,68272.5
2025-09-11T17:00:00Z,66358.7
2025-09-11T18:00:00Z,62437.3
2025-09-11T19:00:00Z,60112.9
2025-09-11T20:00:00Z,58017.8
2025-09-11T21:00:00Z,54903.8
2025-09-11T22:00:00Z,54983.9
2025-09-11T23:00:00Z,53651.6
2025-09-12T00:00:00Z,52266.5
2025-09-12T01:00:00Z,54636.4
2025-09-12T02:00:00Z,55720.5
2025-09-12T03:00:00Z,55098.7
2025-09-12T04:00:00Z,58601.5
2025-09-12T05:00:00Z,61462.2
2025-09-12T06:00:00Z,63620.1
2025-09-12T07:00:00Z,64648.6
2025-09-12T08:00:00Z,66632.4
2025-09-12T09:00:00Z,69648.6
2025-09-12T10:00:00Z,70870.5
2025-09-12T11:00:00Z,72220.9
2025-09-12T12:00:00Z,72471.9
2025-09-12T13:00:00Z,72648.8
2025-09-12T14:00:00Z,70817.1
2025-09-12T15:00:00Z,69608.8
2025-09-12T16:00:00Z,70124.6
2025-09-12T17:00:00Z,65325.7
2025-09-12T18:00:00Z,63531.8
2025-09-12T19:00:00Z,60685.4
2025-09-12T20:00:00Z,58310.8
2025-09-12T21:00:00Z,55415.2
2025-09-12T22:00:00Z,55039.9
2025-09-12T23:00:00Z,53616.1
2025-09-13T00:00:00Z,51431.6
2025-09-13T01:00:00Z,52746.6
2025-09-13T02:00:00Z,52211.5
2025-09-13T03:00:00Z,54200.2
2025-09-13T04:00:00Z,54760.8
2025-09-13T05:00:00Z,57991.4
2025-09-13T06:00:00Z,61627.1
2025-09-13T07:00:00Z,62823.7
2025-09-13T08:00:00Z,64679.0
2025-09-13T09:00:00Z,67344.5
2025-09-13T10:00:00Z,68558.3
2025-09-13T11:00:00Z,69473.3
2025-09-13T12:00:00Z,69694.9
2025-09-13T13:00:00Z,71256.7
2025-09-13T14:00:00Z,68008.2
2025-09-13T15:00:00Z,66847.8
2025-09-13T16:00:00Z,64731.3
2025-09-13T17:00:00Z,63863.4
2025-09-13T18:00:00Z,60159.8
2025-09-13T19:00:00Z,58940.4
2025-09-13T20:00:00Z,55711.5
2025-09-13T21:00:00Z,53569.2
2025-09-13T22:00:00Z,50890.9
2025-09-13T23:00:00Z,52070.7
2025-09-14T00:00:00Z,51320.2
2025-09-14T01:00:00Z,51538.7
2025-09-14T02:00:00Z,52080.3
2025-09-14T03:00:00Z,53367.7
2025-09-14T04:00:00Z,54676.1
2025-09-14T05:00:00Z,58766.6
2025-09-14T06:00:00Z,60711.8
2025-09-14T07:00:00Z,62696.0
2025-09-14T08:00:00Z,64796.4
2025-09-14T09:00:00Z,67384.3
2025-09-14T10:00:00Z,68745.8
2025-09-14T11:00:00Z,71094.2
2025-09-14T12:00:00Z,70725.8
2025-09-14T13:00:00Z,69301.3
2025-09-14T14:00:00Z,67933.4
2025-09-14T15:00:00Z,67102.7
2025-09-14T16:00:00Z,64571.5
2025-09-14T17:00:00Z,63044.9
2025-09-14T18:00:00Z,60820.6
2025-09-14T19:00:00Z,58519.7
2025-09-14T20:00:00Z,56026.3
2025-09-14T21:00:00Z,53550.8
2025-09-14T22:00:00Z,52657.5
2025-09-14T23:00:00Z,50505.2
2025-09-15T00:00:00Z,53607.8
2025-09-15T01:00:00Z,54649.1
2025-09-15T02:00:00Z,55189.6
2025-09-15T03:00:00Z,55468.6
2025-09-15T04:00:00Z,57552.2
2025-09-15T05:00:00Z,59502.0
2025-09-15T06:00:00Z,64727.6
2025-09-15T07:00:00Z,64529.5
2025-09-15T08:00:00Z,67978.0
2025-09-15T09:00:00Z,71550.0
2025-09-15T10:00:00Z,72469.4
2025-09-15T11:00:00Z,73622.0
2025-09-15T12:00:00Z,72495.4
2025-09-15T13:00:00Z,73159.7
2025-09-15T14:00:00Z,74046.9
2025-09-15T15:00:00Z,70052.0
2025-09-15T16:00:00Z,68422.3
2025-09-15T17:00:00Z,65521.4
2025-09-15T18:00:00Z,63276.4
2025-09-15T19:00:00Z,61099.3
2025-09-15T20:00:00Z,59593.2
2025-09-15T21:00:00Z,55771.7
2025-09-15T22:00:00Z,53821.8
2025-09-15T23:00:00Z,54026.5
2025-09-16T00:00:00Z,53951.2
2025-09-16T01:00:00Z,55244.6
2025-09-16T02:00:00Z,55649.2
2025-09-16T03:00:00Z,56101.8
2025-09-16T04:00:00Z,59046.0
2025-09-16T05:00:00Z,61803.7
2025-09-16T06:00:00Z,63626.2
2025-09-16T07:00:00Z,65612.1
2025-09-16T08:00:00Z,68743.7
2025-09-16T09:00:00Z,69907.7
2025-09-16T10:00:00Z,70223.6
2025-09-16T11:00:00Z,73744.4
2025-09-16T12:00:00Z,71972.9
2025-09-16T13:00:00Z,72409.8
2025-09-16T14:00:00Z,71464.2
2025-09-16T15:00:00Z,69921.2
2025-09-16T16:00:00Z,67970.9
2025-09-16T17:00:00Z,64727.4
2025-09-16T18:00:00Z,63814.1
2025-09-16T19:00:00Z,60927.3
2025-09-16T20:00:00Z,58618.7
2025-09-16T21:00:00Z,57454.9
2025-09-16T22:00:00Z,55949.5
2025-09-16T23:00:00Z,55180.7
2025-09-17T00:00:00Z,55367.8
2025-09-17T01:00:00Z,54576.1
2025-09-17T02:00:00Z,53941.3
2025-09-17T03:00:00Z,56870.6
2025-09-17T04:00:00Z,58700.7
2025-09-17T05:00:00Z,61063.3
2025-09-17T06:00:00Z,63014.4
2025-09-17T07:00:00Z,65270.5
2025-09-17T08:00:00Z,68937.8
2025-09-17T09:00:00Z,71066.9
2025-09-17T10:00:00Z,70922.2
2025-09-17T11:00:00Z,73209.5
2025-09-17T12:00:00Z,72969.5
2025-09-17T13:00:00Z,72466.8
2025-09-17T14:00:00Z,72365.2
2025-09-17T15:00:00Z,70249.0
2025-09-17T16:00:00Z,67855.7
2025-09-17T17:00:00Z,66026.2
2025-09-17T18:00:00Z,61895.0
2025-09-17T19:00:00Z,60531.8
2025-09-17T20:00:00Z,58335.7
2025-09-17T21:00:00Z,55577.2
2025-09-17T22:00:00Z,55310.6
2025-09-17T23:00:00Z,54423.2
2025-09-18T00:00:00Z,53499.0
2025-09-18T01:00:00Z,54171.3
2025-09-18T02:00:00Z,55805.7
2025-09-18T03:00:00Z,57641.7
2025-09-18T04:00:00Z,58173.9
2025-09-18T05:00:00Z,61370.9
2025-09-18T06:00:00Z,64416.4
2025-09-18T07:00:00Z,66048.0
2025-09-18T08:00:00Z,67771.1
2025-09-18T09:00:00Z,69764.3
2025-09-18T10:00:00Z,71646.5
2025-09-18T11:00:00Z,72036.5
2025-09-18T12:00:00Z,74802.2
2025-09-18T13:00:00Z,72405.8
2025-09-18T14:00:00Z,72204.4
2025-09-18T15:00:00Z,70520.5
2025-09-18T16:00:00Z,68893.1
2025-09-18T17:00:00Z,65756.1
2025-09-18T18:00:00Z,62536.7
2025-09-18T19:00:00Z,62400.9
2025-09-18T20:00:00Z,58708.1
2025-09-18T21:00:00Z,56873.6
2025-09-18T22:00:00Z,55413.2
2025-09-18T23:00:00Z,55303.1
2025-09-19T00:00:00Z,54680.3
2025-09-19T01:00:00Z,55332.1
2025-09-19T02:00:00Z,56010.8
2025-09-19T03:00:00Z,57002.2
2025-09-19T04:00:00Z,59073.6
2025-09-19T05:00:00Z,60592.9
2025-09-19T06:00:00Z,62122.7
2025-09-19T07:00:00Z,65970.8
2025-09-19T08:00:00Z,67620.9
2025-09-19T09:00:00Z,72542.0
2025-09-19T10:00:00Z,73245.8
2025-09-19T11:00:00Z,73894.9
2025-09-19T12:00:00Z,72843.8
2025-09-19T13:00:00Z,74606.1
2025-09-19T14:00:00Z,70632.7
2025-09-19T15:00:00Z,69502.6
2025-09-19T16:00:00Z,67854.7
2025-09-19T17:00:00Z,65395.2
2025-09-19T18:00:00Z,63781.4
2025-09-19T19:00:00Z,61343.4
2025-09-19T20:00:00Z,60400.0
2025-09-19T21:00:00Z,57679.0
2025-09-19T22:00:00Z,56330.8
2025-09-19T23:00:00Z,54728.2
2025-09-20T00:00:00Z,51374.5
2025-09-20T01:00:00Z,51270.2
2025-09-20T02:00:00Z,51571.3
2025-09-20T03:00:00Z,53610.5
2025-09-20T04:00:00Z,55992.2
2025-09-20T05:00:00Z,59225.7
2025-09-20T06:00:00Z,59751.5
2025-09-20T07:00:00Z,62495.0
2025-09-20T08:00:00Z,66082.5
2025-09-20T09:00:00Z,67057.0
2025-09-20T10:00:00Z,69692.7
2025-09-20T11:00:00Z,70054.4
2025-09-20T12:00:00Z,70109.5
2025-09-20T13:00:00Z,69316.5
2025-09-20T14:00:00Z,69348.8
2025-09-20T15:00:00Z,67313.3
2025-09-20T16:00:00Z,65415.8
2025-09-20T17:00:00Z,63078.6
2025-09-20T18:00:00Z,61251.0
2025-09-20T19:00:00Z,58733.1
2025-09-20T20:00:00Z,54924.2
2025-09-20T21:00:00Z,54177.2
2025-09-20T22:00:00Z,53097.9
2025-09-20T23:00:00Z,52651.0
2025-09-21T00:00:00Z,52211.3
2025-09-21T01:00:00Z,52079.3
2025-09-21T02:00:00Z,51956.6
2025-09-21T03:00:00Z,53782.1
2025-09-21T04:00:00Z,57121.2
2025-09-21T05:00:00Z,58144.2
2025-09-21T06:00:00Z,62015.5
2025-09-21T07:00:00Z,64701.0
2025-09-21T08:00:00Z,65147.9
2025-09-21T09:00:00Z,68341.5
2025-09-21T10:00:00Z,69426.1
2025-09-21T11:00:00Z,72099.6
2025-09-21T12:00:00Z,71474.4
2025-09-21T13:00:00Z,70067.0
2025-09-21T14:00:00Z,69842.0
2025-09-21T15:00:00Z,67253.8
2025-09-21T16:00:00Z,65877.2
2025-09-21T17:00:00Z,63845.0
2025-09-21T18:00:00Z,61313.3
2025-09-21T19:00:00Z,58953.0
2025-09-21T20:00:00Z,55662.6
2025-09-21T21:00:00Z,52914.5
2025-09-21T22:00:00Z,52580.9
2025-09-21T23:00:00Z,51196.9
2025-09-22T00:00:00Z,53782.5
2025-09-22T01:00:00Z,56382.3
2025-09-22T02:00:00Z,56561.9
2025-09-22T03:00:00Z,57018.1
2025-09-22T04:00:00Z,58000.1
2025-09-22T05:00:00Z,60426.1
2025-09-22T06:00:00Z,64242.1
2025-09-22T07:00:00Z,67296.3
2025-09-22T08:00:00Z,68526.6
2025-09-22T09:00:00Z,70856.0
2025-09-22T10:00:00Z,72479.0
2025-09-22T11:00:00Z,74088.8
2025-09-22T12:00:00Z,72056.5
2025-09-22T13:00:00Z,73359.9
2025-09-22T14:00:00Z,72599.7
2025-09-22T15:00:00Z,71508.7
2025-09-22T16:00:00Z,69074.9
2025-09-22T17:00:00Z,65558.5
2025-09-22T18:00:00Z,63487.9
2025-09-22T19:00:00Z,60245.1
2025-09-22T20:00:00Z,59302.8
2025-09-22T21:00:00Z,57311.9
2025-09-22T22:00:00Z,56040.6
2025-09-22T23:00:00Z,53894.0
2025-09-23T00:00:00Z,53516.9
2025-09-23T01:00:00Z,55979.1
2025-09-23T02:00:00Z,55863.3
2025-09-23T03:00:00Z,58642.7
2025-09-23T04:00:00Z,59586.7
2025-09-23T05:00:00Z,60381.9
2025-09-23T06:00:00Z,64684.5
2025-09-23T07:00:00Z,67515.8
2025-09-23T08:00:00Z,68483.4
2025-09-23T09:00:00Z,69293.3
2025-09-23T10:00:00Z,72894.4
2025-09-23T11:00:00Z,73209.3
2025-09-23T12:00:00Z,73871.4
2025-09-23T13:00:00Z,71170.3
2025-09-23T14:00:00Z,72727.8
2025-09-23T15:00:00Z,68631.9
2025-09-23T16:00:00Z,68149.7
2025-09-23T17:00:00Z,67236.1
2025-09-23T18:00:00Z,62578.5
2025-09-23T19:00:00Z,60059.9
2025-09-23T20:00:00Z,58874.6
2025-09-23T21:00:00Z,58563.2
2025-09-23T22:00:00Z,57011.2
2025-09-23T23:00:00Z,54270.3
2025-09-24T00:00:00Z,55313.9
2025-09-24T01:00:00Z,55304.5
2025-09-24T02:00:00Z,56010.0
2025-09-24T03:00:00Z,57611.9
2025-09-24T04:00:00Z,58736.8
2025-09-24T05:00:00Z,62276.6
2025-09-24T06:00:00Z,64971.9
2025-09-24T07:00:00Z,68772.3
2025-09-24T08:00:00Z,69660.8
2025-09-24T09:00:00Z,68952.4
2025-09-24T10:00:00Z,71478.6
2025-09-24T11:00:00Z,73669.6
2025-09-24T12:00:00Z,73784.8
2025-09-24T13:00:00Z,71912.2
2025-09-24T14:00:00Z,72330.0
2025-09-24T15:00:00Z,70627.7
2025-09-24T16:00:00Z,68884.4
2025-09-24T17:00:00Z,66508.3
2025-09-24T18:00:00Z,64856.4
2025-09-24T19:00:00Z,62804.7
2025-09-24T20:00:00Z,59861.8
2025-09-24T21:00:00Z,56435.0
2025-09-24T22:00:00Z,55105.7
2025-09-24T23:00:00Z,54306.9
2025-09-25T00:00:00Z,54545.1
2025-09-25T01:00:00Z,54576.0
2025-09-25T02:00:00Z,55597.5
2025-09-25T03:00:00Z,56666.2
2025-09-25T04:00:00Z,60155.4
2025-09-25T05:00:00Z,62394.8
2025-09-25T06:00:00Z,64964.6
2025-09-25T07:00:00Z,66623.1
2025-09-25T08:00:00Z,69369.3
2025-09-25T09:00:00Z,70265.8
2025-09-25T10:00:00Z,71712.3
2025-09-25T11:00:00Z,73047.1
2025-09-25T12:00:00Z,74278.5
2025-09-25T13:00:00Z,73363.6
2025-09-25T14:00:00Z,71608.4
2025-09-25T15:00:00Z,71070.5
2025-09-25T16:00:00Z,69344.5
2025-09-25T17:00:00Z,66819.0
2025-09-25T18:00:00Z,63667.7
2025-09-25T19:00:00Z,61766.1
2025-09-25T20:00:00Z,59059.2
2025-09-25T21:00:00Z,57146.0
2025-09-25T22:00:00Z,55807.9
2025-09-25T23:00:00Z,55523.0
2025-09-26T00:00:00Z,56131.1
2025-09-26T01:00:00Z,56245.1
2025-09-26T02:00:00Z,56460.4
2025-09-26T03:00:00Z,57164.1
2025-09-26T04:00:00Z,59227.6
2025-09-26T05:00:00Z,61579.7
2025-09-26T06:00:00Z,65202.4
2025-09-26T07:00:00Z,64553.3
2025-09-26T08:00:00Z,69291.9
2025-09-26T09:00:00Z,69480.1
2025-09-26T10:00:00Z,72599.7
2025-09-26T11:00:00Z,74623.5
2025-09-26T12:00:00Z,73160.8
2025-09-26T13:00:00Z,71734.7
2025-09-26T14:00:00Z,73641.5
2025-09-26T15:00:00Z,72281.5
2025-09-26T16:00:00Z,69484.7
2025-09-26T17:00:00Z,67773.0
2025-09-26T18:00:00Z,63638.0
2025-09-26T19:00:00Z,62732.5
2025-09-26T20:00:00Z,60837.7
2025-09-26T21:00:00Z,57998.3
2025-09-26T22:00:00Z,56183.6
2025-09-26T23:00:00Z,56026.2
2025-09-27T00:00:00Z,52982.1
2025-09-27T01:00:00Z,51803.4
2025-09-27T02:00:00Z,54452.2
2025-09-27T03:00:00Z,55486.5
2025-09-27T04:00:00Z,57007.5
2025-09-27T05:00:00Z,60242.1
2025-09-27T06:00:00Z,62426.4
2025-09-27T07:00:00Z,64769.8
2025-09-27T08:00:00Z,66083.4
2025-09-27T09:00:00Z,69147.7
2025-09-27T10:00:00Z,69119.7
2025-09-27T11:00:00Z,70866.2
2025-09-27T12:00:00Z,69938.9
2025-09-27T13:00:00Z,69602.5
2025-09-27T14:00:00Z,70362.2
2025-09-27T15:00:00Z,68414.6
2025-09-27T16:00:00Z,66557.9
2025-09-27T17:00:00Z,64646.4
2025-09-27T18:00:00Z,61965.5
2025-09-27T19:00:00Z,58488.3
2025-09-27T20:00:00Z,56939.3
2025-09-27T21:00:00Z,54836.5
2025-09-27T22:00:00Z,52946.7
2025-09-27T23:00:00Z,52303.4
2025-09-28T00:00:00Z,51853.7
2025-09-28T01:00:00Z,51954.0
2025-09-28T02:00:00Z,53166.1
2025-09-28T03:00:00Z,55149.1
2025-09-28T04:00:00Z,58603.4
2025-09-28T05:00:00Z,58614.6
2025-09-28T06:00:00Z,62173.9
2025-09-28T07:00:00Z,63072.9
2025-09-28T08:00:00Z,67834.0
2025-09-28T09:00:00Z,68284.0
2025-09-28T10:00:00Z,70189.3
2025-09-28T11:00:00Z,72061.1
2025-09-28T12:00:00Z,72156.5
2025-09-28T13:00:00Z,69843.4
2025-09-28T14:00:00Z,70522.7
2025-09-28T15:00:00Z,68368.9
2025-09-28T16:00:00Z,67056.5
2025-09-28T17:00:00Z,64365.1
2025-09-28T18:00:00Z,62345.4
2025-09-28T19:00:00Z,59502.6
2025-09-28T20:00:00Z,56839.2
2025-09-28T21:00:00Z,55903.5
2025-09-28T22:00:00Z,52197.3
2025-09-28T23:00:00Z,52127.0
2025-09-29T00:00:00Z,54117.9
2025-09-29T01:00:00Z,55095.3
2025-09-29T02:00:00Z,55826.3
2025-09-29T03:00:00Z,57579.1
2025-09-29T04:00:00Z,59295.2
2025-09-29T05:00:00Z,61629.5
2025-09-29T06:00:00Z,63176.1
2025-09-29T07:00:00Z,66949.7
2025-09-29T08:00:00Z,69544.4
2025-09-29T09:00:00Z,70810.2
2025-09-29T10:00:00Z,72288.8
2025-09-29T11:00:00Z,73258.7
2025-09-29T12:00:00Z,75446.9
2025-09-29T13:00:00Z,73925.4
2025-09-29T14:00:00Z,73125.4
2025-09-29T15:00:00Z,71047.1
2025-09-29T16:00:00Z,68897.1
2025-09-29T17:00:00Z,66276.3
2025-09-29T18:00:00Z,65727.6
2025-09-29T19:00:00Z,60643.9
2025-09-29T20:00:00Z,59928.1
2025-09-29T21:00:00Z,57678.4
2025-09-29T22:00:00Z,55965.9
2025-09-29T23:00:00Z,53956.2
2025-09-30T00:00:00Z,53958.2
2025-09-30T01:00:00Z,56060.8
2025-09-30T02:00:00Z,55679.1
2025-09-30T03:00:00Z,58465.8
2025-09-30T04:00:00Z,60288.4
2025-09-30T05:00:00Z,62533.7
2025-09-30T06:00:00Z,65166.6
2025-09-30T07:00:00Z,66074.8
2025-09-30T08:00:00Z,68982.0
2025-09-30T09:00:00Z,71895.3
2025-09-30T10:00:00Z,71868.1
2025-09-30T11:00:00Z,75172.0
2025-09-30T12:00:00Z,73718.3
2025-09-30T13:00:00Z,73787.5
2025-09-30T14:00:00Z,72058.1
2025-09-30T15:00:00Z,71644.8
2025-09-30T16:00:00Z,68774.0
2025-09-30T17:00:00Z,66849.8
2025-09-30T18:00:00Z,63644.9
2025-09-30T19:00:00Z,63024.0
2025-09-30T20:00:00Z,58444.6
2025-09-30T21:00:00Z,58123.1
2025-09-30T22:00:00Z,56424.5
2025-09-30T23:00:00Z,55625.3
2025-10-01T00:00:00Z,54190.7
2025-10-01T01:00:00Z,56163.3
2025-10-01T02:00:00Z,57067.8
2025-10-01T03:00:00Z,57950.4
2025-10-01T04:00:00Z,60063.2
2025-10-01T05:00:00Z,62004.5
2025-10-01T06:00:00Z,65132.6
2025-10-01T07:00:00Z,66447.2
2025-10-01T08:00:00Z,69866.8
2025-10-01T09:00:00Z,71738.0
2025-10-01T10:00:00Z,71810.7
2025-10-01T11:00:00Z,71798.5
2025-10-01T12:00:00Z,74133.4
2025-10-01T13:00:00Z,73770.4
2025-10-01T14:00:00Z,73915.2
2025-10-01T15:00:00Z,71458.8
2025-10-01T16:00:00Z,69023.8
2025-10-01T17:00:00Z,66015.9
2025-10-01T18:00:00Z,64547.0
2025-10-01T19:00:00Z,61663.0
2025-10-01T20:00:00Z,58929.8
2025-10-01T21:00:00Z,57726.2
2025-10-01T22:00:00Z,57141.9
2025-10-01T23:00:00Z,55409.8
2025-10-02T00:00:00Z,54225.5
2025-10-02T01:00:00Z,55655.1
2025-10-02T02:00:00Z,55473.7
2025-10-02T03:00:00Z,56616.7
2025-10-02T04:00:00Z,60266.1
2025-10-02T05:00:00Z,61747.3
2025-10-02T06:00:00Z,65566.9
2025-10-02T07:00:00Z,67411.4
2025-10-02T08:00:00Z,68834.2
2025-10-02T09:00:00Z,71645.8
2025-10-02T10:00:00Z,74034.7
2025-10-02T11:00:00Z,73806.2
2025-10-02T12:00:00Z,73435.0
2025-10-02T13:00:00Z,73427.6
2025-10-02T14:00:00Z,72346.2
2025-10-02T15:00:00Z,70524.4
2025-10-02T16:00:00Z,68444.9
2025-10-02T17:00:00Z,67500.5
2025-10-02T18:00:00Z,65563.6
2025-10-02T19:00:00Z,61898.2
2025-10-02T20:00:00Z,60500.2
2025-10-02T21:00:00Z,58607.4
2025-10-02T22:00:00Z,57701.5
2025-10-02T23:00:00Z,55243.8
2025-10-03T00:00:00Z,54839.9
2025-10-03T01:00:00Z,55784.5
2025-10-03T02:00:00Z,56485.3
2025-10-03T03:00:00Z,58176.2
2025-10-03T04:00:00Z,60962.8
2025-10-03T05:00:00Z,61898.4
2025-10-03T06:00:00Z,64902.7
2025-10-03T07:00:00Z,66430.7
2025-10-03T08:00:00Z,69406.4
2025-10-03T09:00:00Z,70985.1
2025-10-03T10:00:00Z,72444.8
2025-10-03T11:00:00Z,73835.5
2025-10-03T12:00:00Z,73981.3
2025-10-03T13:00:00Z,74309.0
2025-10-03T14:00:00Z,73695.2
2025-10-03T15:00:00Z,70329.2
2025-10-03T16:00:00Z,70337.6
2025-10-03T17:00:00Z,65433.6
2025-10-03T18:00:00Z,64927.5
2025-10-03T19:00:00Z,62810.9
2025-10-03T20:00:00Z,59403.4
2025-10-03T21:00:00Z,57750.8
2025-10-03T22:00:00Z,55781.1
2025-10-03T23:00:00Z,56163.7
2025-10-04T00:00:00Z,49960.9
2025-10-04T01:00:00Z,52050.9
2025-10-04T02:00:00Z,52237.5
2025-10-04T03:00:00Z,55466.6
2025-10-04T04:00:00Z,58346.4
2025-10-04T05:00:00Z,60577.8
2025-10-04T06:00:00Z,62645.8
2025-10-04T07:00:00Z,64796.7
2025-10-04T08:00:00Z,66302.1
2025-10-04T09:00:00Z,69881.5
2025-10-04T10:00:00Z,70932.0
2025-10-04T11:00:00Z,70716.8
2025-10-04T12:00:00Z,70695.7
2025-10-04T13:00:00Z,70889.5
2025-10-04T14:00:00Z,71299.2
2025-10-04T15:00:00Z,69907.4
2025-10-04T16:00:00Z,68209.5
2025-10-04T17:00:00Z,63976.9
2025-10-04T18:00:00Z,61822.6
2025-10-04T19:00:00Z,60730.9
2025-10-04T20:00:00Z,57482.2
2025-10-04T21:00:00Z,55927.7
2025-10-04T22:00:00Z,52730.8
2025-10-04T23:00:00Z,52532.8
2025-10-05T00:00:00Z,52535.9
2025-10-05T01:00:00Z,52592.6
2025-10-05T02:00:00Z,53504.7
2025-10-05T03:00:00Z,54056.0
2025-10-05T04:00:00Z,58659.5
2025-10-05T05:00:00Z,59790.3
2025-10-05T06:00:00Z,60994.3
2025-10-05T07:00:00Z,65510.8
2025-10-05T08:00:00Z,67021.0
2025-10-05T09:00:00Z,69532.8
2025-10-05T10:00:00Z,70332.8
2025-10-05T11:00:00Z,70821.3
2025-10-05T12:00:00Z,71169.3
2025-10-05T13:00:00Z,71725.4
2025-10-05T14:00:00Z,71111.5
2025-10-05T15:00:00Z,69356.9
2025-10-05T16:00:00Z,67492.1
2025-10-05T17:00:00Z,65622.2
2025-10-05T18:00:00Z,62402.9
2025-10-05T19:00:00Z,60491.1
2025-10-05T20:00:00Z,58257.8
2025-10-05T21:00:00Z,55616.7
2025-10-05T22:00:00Z,53796.0
2025-10-05T23:00:00Z,52550.2
2025-10-06T00:00:00Z,54322.2
2025-10-06T01:00:00Z,54367.2
2025-10-06T02:00:00Z,57626.9
2025-10-06T03:00:00Z,58093.3
2025-10-06T04:00:00Z,59655.8
2025-10-06T05:00:00Z,63677.1
2025-10-06T06:00:00Z,65679.8
2025-10-06T07:00:00Z,67438.0
2025-10-06T08:00:00Z,70514.3
2025-10-06T09:00:00Z,71548.1
2025-10-06T10:00:00Z,73516.9
2025-10-06T11:00:00Z,75648.9
2025-10-06T12:00:00Z,75367.2
2025-10-06T13:00:00Z,73974.0
2025-10-06T14:00:00Z,73789.9
2025-10-06T15:00:00Z,72654.9
2025-10-06T16:00:00Z,69625.7
2025-10-06T17:00:00Z,67069.3
2025-10-06T18:00:00Z,66420.6
2025-10-06T19:00:00Z,62196.7
2025-10-06T20:00:00Z,59061.9
2025-10-06T21:00:00Z,58246.4
2025-10-06T22:00:00Z,58441.4
2025-10-06T23:00:00Z,56158.0
2025-10-07T00:00:00Z,56138.6
2025-10-07T01:00:00Z,53967.9
2025-10-07T02:00:00Z,56226.7
2025-10-07T03:00:00Z,59167.6
2025-10-07T04:00:00Z,59872.9
2025-10-07T05:00:00Z,63571.6
2025-10-07T06:00:00Z,65389.1
2025-10-07T07:00:00Z,67814.8
2025-10-07T08:00:00Z,71162.8
2025-10-07T09:00:00Z,71405.7
2025-10-07T10:00:00Z,72962.6
2025-10-07T11:00:00Z,74384.4
2025-10-07T12:00:00Z,74803.0
2025-10-07T13:00:00Z,72941.5
2025-10-07T14:00:00Z,74326.0
2025-10-07T15:00:00Z,71997.7
2025-10-07T16:00:00Z,69691.9
2025-10-07T17:00:00Z,68005.0
2025-10-07T18:00:00Z,64703.5
2025-10-07T19:00:00Z,63500.9
2025-10-07T20:00:00Z,60268.6
2025-10-07T21:00:00Z,58804.2
2025-10-07T22:00:00Z,55989.7
2025-10-07T23:00:00Z,55516.6
2025-10-08T00:00:00Z,55746.2
2025-10-08T01:00:00Z,55017.9
2025-10-08T02:00:00Z,56205.8
2025-10-08T03:00:00Z,58218.5
2025-10-08T04:00:00Z,61140.8
2025-10-08T05:00:00Z,63176.4
2025-10-08T06:00:00Z,65777.5
2025-10-08T07:00:00Z,67783.1
2025-10-08T08:00:00Z,70579.4
2025-10-08T09:00:00Z,73080.6
2025-10-08T10:00:00Z,73508.2
2025-10-08T11:00:00Z,74681.7
2025-10-08T12:00:00Z,75127.5
2025-10-08T13:00:00Z,72729.2
2025-10-08T14:00:00Z,73291.6
2025-10-08T15:00:00Z,72178.1
2025-10-08T16:00:00Z,70456.2
2025-10-08T17:00:00Z,67277.1
2025-10-08T18:00:00Z,65827.2
2025-10-08T19:00:00Z,62045.8
2025-10-08T20:00:00Z,60098.7
2025-10-08T21:00:00Z,59596.3
2025-10-08T22:00:00Z,55639.1
2025-10-08T23:00:00Z,55695.6
2025-10-09T00:00:00Z,55345.2
2025-10-09T01:00:00Z,55716.8
2025-10-09T02:00:00Z,56320.3
2025-10-09T03:00:00Z,58793.0
2025-10-09T04:00:00Z,59404.9
2025-10-09T05:00:00Z,61520.0
2025-10-09T06:00:00Z,65447.3
2025-10-09T07:00:00Z,66594.0
2025-10-09T08:00:00Z,70164.1
2025-10-09T09:00:00Z,71870.0
2025-10-09T10:00:00Z,72829.6
2025-10-09T11:00:00Z,74060.9
2025-10-09T12:00:00Z,74583.6
2025-10-09T13:00:00Z,74692.9
2025-10-09T14:00:00Z,72866.0
2025-10-09T15:00:00Z,71674.8
2025-10-09T16:00:00Z,68704.5
2025-10-09T17:00:00Z,67311.6
2025-10-09T18:00:00Z,63507.0
2025-10-09T19:00:00Z,62516.1
2025-10-09T20:00:00Z,59868.6
2025-10-09T21:00:00Z,59915.6
2025-10-09T22:00:00Z,57739.8
2025-10-09T23:00:00Z,55629.7
2025-10-10T00:00:00Z,56209.7
2025-10-10T01:00:00Z,56003.5
2025-10-10T02:00:00Z,55816.4
2025-10-10T03:00:00Z,56320.0
2025-10-10T04:00:00Z,61135.5
2025-10-10T05:00:00Z,62876.0
2025-10-10T06:00:00Z,63485.2
2025-10-10T07:00:00Z,68045.3
2025-10-10T08:00:00Z,70583.0
2025-10-10T09:00:00Z,71294.1
2025-10-10T10:00:00Z,73999.2
2025-10-10T11:00:00Z,72949.4
2025-10-10T12:00:00Z,74477.3
2025-10-10T13:00:00Z,74352.4
2025-10-10T14:00:00Z,73989.5
2025-10-10T15:00:00Z,72154.5
2025-10-10T16:00:00Z,70022.8
2025-10-10T17:00:00Z,67971.3
2025-10-10T18:00:00Z,64515.3
2025-10-10T19:00:00Z,63734.6
2025-10-10T20:00:00Z,59960.4
2025-10-10T21:00:00Z,58877.8
2025-10-10T22:00:00Z,56711.6
2025-10-10T23:00:00Z,55557.2
2025-10-11T00:00:00Z,53252.7
2025-10-11T01:00:00Z,53468.3
2025-10-11T02:00:00Z,55146.1
2025-10-11T03:00:00Z,56457.6
2025-10-11T04:00:00Z,57133.6
2025-10-11T05:00:00Z,60306.7
2025-10-11T06:00:00Z,62474.5
2025-10-11T07:00:00Z,64242.9
2025-10-11T08:00:00Z,66316.4
2025-10-11T09:00:00Z,69391.2
2025-10-11T10:00:00Z,70286.0
2025-10-11T11:00:00Z,70563.9
2025-10-11T12:00:00Z,71925.4
2025-10-11T13:00:00Z,71850.5
2025-10-11T14:00:00Z,70792.8
2025-10-11T15:00:00Z,68221.3
2025-10-11T16:00:00Z,66731.0
2025-10-11T17:00:00Z,65972.8
2025-10-11T18:00:00Z,61773.3
2025-10-11T19:00:00Z,59640.4
2025-10-11T20:00:00Z,59429.1
2025-10-11T21:00:00Z,55872.0
2025-10-11T22:00:00Z,53663.4
2025-10-11T23:00:00Z,51548.1
2025-10-12T00:00:00Z,53047.0
2025-10-12T01:00:00Z,52014.4
2025-10-12T02:00:00Z,54065.5
2025-10-12T03:00:00Z,54918.3
2025-10-12T04:00:00Z,56261.7
2025-10-12T05:00:00Z,61241.7
2025-10-12T06:00:00Z,62319.7
2025-10-12T07:00:00Z,65627.0
2025-10-12T08:00:00Z,67799.7
2025-10-12T09:00:00Z,68612.8
2025-10-12T10:00:00Z,70795.3
2025-10-12T11:00:00Z,71397.8
2025-10-12T12:00:00Z,72782.6
2025-10-12T13:00:00Z,72027.3
2025-10-12T14:00:00Z,70438.3
2025-10-12T15:00:00Z,70522.7
2025-10-12T16:00:00Z,67619.4
2025-10-12T17:00:00Z,65255.9
2025-10-12T18:00:00Z,61771.8
2025-10-12T19:00:00Z,60237.4
2025-10-12T20:00:00Z,56420.5
2025-10-12T21:00:00Z,55972.9
2025-10-12T22:00:00Z,53326.7
2025-10-12T23:00:00Z,53262.3
2025-10-13T00:00:00Z,55254.9
2025-10-13T01:00:00Z,55987.2
2025-10-13T02:00:00Z,57050.3
2025-10-13T03:00:00Z,58244.5
2025-10-13T04:00:00Z,60235.5
2025-10-13T05:00:00Z,61406.0
2025-10-13T06:00:00Z,63563.9
2025-10-13T07:00:00Z,68581.2
2025-10-13T08:00:00Z,70348.2
2025-10-13T09:00:00Z,70694.3
2025-10-13T10:00:00Z,74934.8
2025-10-13T11:00:00Z,73793.8
2025-10-13T12:00:00Z,75102.5
2025-10-13T13:00:00Z,74706.4
2025-10-13T14:00:00Z,73492.8
2025-10-13T15:00:00Z,72366.0
2025-10-13T16:00:00Z,68788.3
2025-10-13T17:00:00Z,67542.0
2025-10-13T18:00:00Z,64880.3
2025-10-13T19:00:00Z,62666.7
2025-10-13T20:00:00Z,60059.4
2025-10-13T21:00:00Z,57774.6
2025-10-13T22:00:00Z,56176.1
2025-10-13T23:00:00Z,56510.0
2025-10-14T00:00:00Z,54811.6
2025-10-14T01:00:00Z,56108.4
2025-10-14T02:00:00Z,57058.3
2025-10-14T03:00:00Z,58226.9
2025-10-14T04:00:00Z,60634.5
2025-10-14T05:00:00Z,63047.2
2025-10-14T06:00:00Z,64674.1
2025-10-14T07:00:00Z,67856.6
2025-10-14T08:00:00Z,71431.0
2025-10-14T09:00:00Z,71037.7
2025-10-14T10:00:00Z,73180.2
2025-10-14T11:00:00Z,73768.3
2025-10-14T12:00:00Z,76299.4
2025-10-14T13:00:00Z,73259.1
2025-10-14T14:00:00Z,73428.1
2025-10-14T15:00:00Z,72639.3
2025-10-14T16:00:00Z,69209.8
2025-10-14T17:00:00Z,67478.5
2025-10-14T18:00:00Z,64530.1
2025-10-14T19:00:00Z,61539.7
2025-10-14T20:00:00Z,60238.6
2025-10-14T21:00:00Z,58700.2
2025-10-14T22:00:00Z,56459.1
2025-10-14T23:00:00Z,55948.7
2025-10-15T00:00:00Z,56050.1
2025-10-15T01:00:00Z,56786.0
2025-10-15T02:00:00Z,55802.5
2025-10-15T03:00:00Z,58807.8
2025-10-15T04:00:00Z,59811.0
2025-10-15T05:00:00Z,61117.4
2025-10-15T06:00:00Z,64490.3
2025-10-15T07:00:00Z,68112.9
2025-10-15T08:00:00Z,70163.4
2025-10-15T09:00:00Z,71030.2
2025-10-15T10:00:00Z,74720.1
2025-10-15T11:00:00Z,74717.3
2025-10-15T12:00:00Z,74667.5
2025-10-15T13:00:00Z,73961.5
2025-10-15T14:00:00Z,73769.0
2025-10-15T15:00:00Z,71597.8
2025-10-15T16:00:00Z,70824.9
2025-10-15T17:00:00Z,67850.8
2025-10-15T18:00:00Z,65604.7
2025-10-15T19:00:00Z,62381.3
2025-10-15T20:00:00Z,59127.3
2025-10-15T21:00:00Z,58739.5
2025-10-15T22:00:00Z,55984.6
2025-10-15T23:00:00Z,55746.1
2025-10-16T00:00:00Z,55501.9
2025-10-16T01:00:00Z,55216.8
2025-10-16T02:00:00Z,57510.7
2025-10-16T03:00:00Z,57187.1
2025-10-16T04:00:00Z,61508.5
2025-10-16T05:00:00Z,62164.1
2025-10-16T06:00:00Z,65891.9
2025-10-16T07:00:00Z,68641.8
2025-10-16T08:00:00Z,69239.5
2025-10-16T09:00:00Z,71330.7
2025-10-16T10:00:00Z,74194.8
2025-10-16T11:00:00Z,74553.9
2025-10-16T12:00:00Z,74798.2
2025-10-16T13:00:00Z,72946.0
2025-10-16T14:00:00Z,72135.3
2025-10-16T15:00:00Z,72346.1
2025-10-16T16:00:00Z,71071.4
2025-10-16T17:00:00Z,67044.8
2025-10-16T18:00:00Z,64433.4
2025-10-16T19:00:00Z,62802.5
2025-10-16T20:00:00Z,60687.9
2025-10-16T21:00:00Z,58776.0
2025-10-16T22:00:00Z,56450.0
2025-10-16T23:00:00Z,54291.2
2025-10-17T00:00:00Z,56680.8
2025-10-17T01:00:00Z,55451.4
2025-10-17T02:00:00Z,57807.4
2025-10-17T03:00:00Z,56749.3
2025-10-17T04:00:00Z,60619.7
2025-10-17T05:00:00Z,62243.9
2025-10-17T06:00:00Z,64265.2
2025-10-17T07:00:00Z,68388.7
2025-10-17T08:00:00Z,70961.4
2025-10-17T09:00:00Z,71457.6
2025-10-17T10:00:00Z,73965.9
2025-10-17T11:00:00Z,73556.2
2025-10-17T12:00:00Z,74246.7
2025-10-17T13:00:00Z,74216.0
2025-10-17T14:00:00Z,73174.8
2025-10-17T15:00:00Z,72431.9
2025-10-17T16:00:00Z,68974.1
2025-10-17T17:00:00Z,68386.1
2025-10-17T18:00:00Z,65897.6
2025-10-17T19:00:00Z,62468.7
2025-10-17T20:00:00Z,59382.7
2025-10-17T21:00:00Z,56443.7
2025-10-17T22:00:00Z,56756.7
2025-10-17T23:00:00Z,55277.6
2025-10-18T00:00:00Z,52934.1
2025-10-18T01:00:00Z,52341.4
2025-10-18T02:00:00Z,54142.2
2025-10-18T03:00:00Z,55618.3
2025-10-18T04:00:00Z,57666.4
2025-10-18T05:00:00Z,60201.9
2025-10-18T06:00:00Z,62694.0
2025-10-18T07:00:00Z,65719.7
2025-10-18T08:00:00Z,66645.4
2025-10-18T09:00:00Z,69829.0
2025-10-18T10:00:00Z,70912.1
2025-10-18T11:00:00Z,71413.4
2025-10-18T12:00:00Z,71282.4
2025-10-18T13:00:00Z,72902.0
2025-10-18T14:00:00Z,70975.2
2025-10-18T15:00:00Z,68848.9
2025-10-18T16:00:00Z,67326.1
2025-10-18T17:00:00Z,64954.8
2025-10-18T18:00:00Z,62049.5
2025-10-18T19:00:00Z,58883.8
2025-10-18T20:00:00Z,57780.7
2025-10-18T21:00:00Z,55540.2
2025-10-18T22:00:00Z,53918.8
2025-10-18T23:00:00Z,53962.6
2025-10-19T00:00:00Z,51814.4
2025-10-19T01:00:00Z,52425.8
2025-10-19T02:00:00Z,54269.1
2025-10-19T03:00:00Z,56329.2
2025-10-19T04:00:00Z,58143.6
2025-10-19T05:00:00Z,60553.1
2025-10-19T06:00:00Z,60722.6
2025-10-19T07:00:00Z,65344.5
2025-10-19T08:00:00Z,67599.5
2025-10-19T09:00:00Z,69800.5
2025-10-19T10:00:00Z,70242.6
2025-10-19T11:00:00Z,72150.7
2025-10-19T12:00:00Z,72868.4
2025-10-19T13:00:00Z,73018.5
2025-10-19T14:00:00Z,70988.6
2025-10-19T15:00:00Z,68208.8
2025-10-19T16:00:00Z,67314.8
2025-10-19T17:00:00Z,65464.1
2025-10-19T18:00:00Z,62873.2
2025-10-19T19:00:00Z,61495.1
2025-10-19T20:00:00Z,57503.8
2025-10-19T21:00:00Z,54867.0
2025-10-19T22:00:00Z,53642.2
2025-10-19T23:00:00Z,53705.5
2025-10-20T00:00:00Z,54889.3
2025-10-20T01:00:00Z,55026.6
2025-10-20T02:00:00Z,56149.4
2025-10-20T03:00:00Z,59295.0
2025-10-20T04:00:00Z,60517.0
2025-10-20T05:00:00Z,62380.5
2025-10-20T06:00:00Z,65806.0
2025-10-20T07:00:00Z,68165.0
2025-10-20T08:00:00Z,69167.9
2025-10-20T09:00:00Z,72587.0
2025-10-20T10:00:00Z,73649.5
2025-10-20T11:00:00Z,72785.5
2025-10-20T12:00:00Z,73806.0
2025-10-20T13:00:00Z,74623.9
2025-10-20T14:00:00Z,73842.3
2025-10-20T15:00:00Z,71703.6
2025-10-20T16:00:00Z,69151.0
2025-10-20T17:00:00Z,67819.9
2025-10-20T18:00:00Z,63688.8
2025-10-20T19:00:00Z,63090.2
2025-10-20T20:00:00Z,60213.1
2025-10-20T21:00:00Z,58321.1
2025-10-20T22:00:00Z,56300.4
2025-10-20T23:00:00Z,56512.6
2025-10-21T00:00:00Z,53677.7
2025-10-21T01:00:00Z,55162.7
2025-10-21T02:00:00Z,57267.6
2025-10-21T03:00:00Z,57780.7
2025-10-21T04:00:00Z,61485.0
2025-10-21T05:00:00Z,62982.7
2025-10-21T06:00:00Z,64530.1
2025-10-21T07:00:00Z,68500.1
2025-10-21T08:00:00Z,69869.6
2025-10-21T09:00:00Z,72394.7
2025-10-21T10:00:00Z,72975.0
2025-10-21T11:00:00Z,73948.9
2025-10-21T12:00:00Z,75314.5
2025-10-21T13:00:00Z,74506.1
2025-10-21T14:00:00Z,72869.2
2025-10-21T15:00:00Z,71245.8
2025-10-21T16:00:00Z,70466.1
2025-10-21T17:00:00Z,69028.3
2025-10-21T18:00:00Z,64486.4
2025-10-21T19:00:00Z,63201.2
2025-10-21T20:00:00Z,58046.8
2025-10-21T21:00:00Z,57260.4
2025-10-21T22:00:00Z,57365.8
2025-10-21T23:00:00Z,57128.4
2025-10-22T00:00:00Z,55583.1
2025-10-22T01:00:00Z,56293.1
2025-10-22T02:00:00Z,57027.3
2025-10-22T03:00:00Z,59147.5
2025-10-22T04:00:00Z,59483.2
2025-10-22T05:00:00Z,63161.5
2025-10-22T06:00:00Z,64802.6
2025-10-22T07:00:00Z,67365.2
2025-10-22T08:00:00Z,69947.4
2025-10-22T09:00:00Z,71779.1
2025-10-22T10:00:00Z,72861.4
2025-10-22T11:00:00Z,74226.9
2025-10-22T12:00:00Z,74008.3
2025-10-22T13:00:00Z,75600.8
2025-10-22T14:00:00Z,74023.0
2025-10-22T15:00:00Z,71615.6
2025-10-22T16:00:00Z,71210.5
2025-10-22T17:00:00Z,68652.2
2025-10-22T18:00:00Z,65534.0
2025-10-22T19:00:00Z,62238.4
2025-10-22T20:00:00Z,60547.8
2025-10-22T21:00:00Z,58806.3
2025-10-22T22:00:00Z,57926.0
2025-10-22T23:00:00Z,55724.3
2025-10-23T00:00:00Z,55076.6
2025-10-23T01:00:00Z,57665.9
2025-10-23T02:00:00Z,57910.0
2025-10-23T03:00:00Z,58586.9
2025-10-23T04:00:00Z,59601.7
2025-10-23T05:00:00Z,63032.9
2025-10-23T06:00:00Z,66019.3
2025-10-23T07:00:00Z,68219.1
2025-10-23T08:00:00Z,70591.5
2025-10-23T09:00:00Z,71963.9
2025-10-23T10:00:00Z,74357.0
2025-10-23T11:00:00Z,73939.0
2025-10-23T12:00:00Z,74395.6
2025-10-23T13:00:00Z,74020.2
2025-10-23T14:00:00Z,72945.0
2025-10-23T15:00:00Z,73471.9
2025-10-23T16:00:00Z,68596.5
2025-10-23T17:00:00Z,67807.0
2025-10-23T18:00:00Z,64351.7
2025-10-23T19:00:00Z,61659.3
2025-10-23T20:00:00Z,60405.8
2025-10-23T21:00:00Z,57094.4
2025-10-23T22:00:00Z,56735.5
2025-10-23T23:00:00Z,57664.9
2025-10-24T00:00:00Z,55412.2
2025-10-24T01:00:00Z,56190.2
2025-10-24T02:00:00Z,56113.3
2025-10-24T03:00:00Z,58695.8
2025-10-24T04:00:00Z,59120.3
2025-10-24T05:00:00Z,62771.0
2025-10-24T06:00:00Z,65004.4
2025-10-24T07:00:00Z,69312.3
2025-10-24T08:00:00Z,69836.6
2025-10-24T09:00:00Z,71605.5
2025-10-24T10:00:00Z,72974.2
2025-10-24T11:00:00Z,73424.8
2025-10-24T12:00:00Z,75314.4
2025-10-24T13:00:00Z,75526.8
2025-10-24T14:00:00Z,73118.3
2025-10-24T15:00:00Z,72450.6
2025-10-24T16:00:00Z,69613.1
2025-10-24T17:00:00Z,67896.5
2025-10-24T18:00:00Z,65454.1
2025-10-24T19:00:00Z,61461.9
2025-10-24T20:00:00Z,59668.4
2025-10-24T21:00:00Z,59037.1
2025-10-24T22:00:00Z,55247.1
2025-10-24T23:00:00Z,55809.5
2025-10-25T00:00:00Z,52511.0
2025-10-25T01:00:00Z,52372.3
2025-10-25T02:00:00Z,54111.1
2025-10-25T03:00:00Z,55843.5
2025-10-25T04:00:00Z,58017.7
2025-10-25T05:00:00Z,57808.0
2025-10-25T06:00:00Z,63731.5
2025-10-25T07:00:00Z,64498.5
2025-10-25T08:00:00Z,68028.0
2025-10-25T09:00:00Z,69089.4
2025-10-25T10:00:00Z,70249.2
2025-10-25T11:00:00Z,71621.5
2025-10-25T12:00:00Z,74532.1
2025-10-25T13:00:00Z,72922.7
2025-10-25T14:00:00Z,70434.9
2025-10-25T15:00:00Z,69366.0
2025-10-25T16:00:00Z,68090.9
2025-10-25T17:00:00Z,65340.3
2025-10-25T18:00:00Z,62456.1
2025-10-25T19:00:00Z,59751.1
2025-10-25T20:00:00Z,56723.0
2025-10-25T21:00:00Z,56193.5
2025-10-25T22:00:00Z,54947.1
2025-10-25T23:00:00Z,54889.8
2025-10-26T00:00:00Z,52315.8
2025-10-26T01:00:00Z,53600.4
2025-10-26T02:00:00Z,54013.8
2025-10-26T03:00:00Z,56572.0
2025-10-26T04:00:00Z,57477.8
2025-10-26T05:00:00Z,59356.0
2025-10-26T06:00:00Z,61009.0
2025-10-26T07:00:00Z,65420.5
2025-10-26T08:00:00Z,67294.5
2025-10-26T09:00:00Z,70055.6
2025-10-26T10:00:00Z,70242.6
2025-10-26T11:00:00Z,73719.2
2025-10-26T12:00:00Z,71404.0
2025-10-26T13:00:00Z,72054.1
2025-10-26T14:00:00Z,71015.5
2025-10-26T15:00:00Z,70039.8
2025-10-26T16:00:00Z,67033.6
2025-10-26T17:00:00Z,64114.0
2025-10-26T18:00:00Z,61569.8
2025-10-26T19:00:00Z,60525.2
2025-10-26T20:00:00Z,57639.2
2025-10-26T21:00:00Z,55840.2
2025-10-26T22:00:00Z,53385.0
2025-10-26T23:00:00Z,53188.9
2025-10-27T00:00:00Z,55564.6
2025-10-27T01:00:00Z,56210.4
2025-10-27T02:00:00Z,55506.1
2025-10-27T03:00:00Z,57589.3
2025-10-27T04:00:00Z,61578.6
2025-10-27T05:00:00Z,62196.9
2025-10-27T06:00:00Z,64931.5
2025-10-27T07:00:00Z,67166.8
2025-10-27T08:00:00Z,68604.9
2025-10-27T09:00:00Z,70932.3
2025-10-27T10:00:00Z,73617.7
2025-10-27T11:00:00Z,73742.6
2025-10-27T12:00:00Z,76231.6
2025-10-27T13:00:00Z,73081.1
2025-10-27T14:00:00Z,71765.4
2025-10-27T15:00:00Z,71479.8
2025-10-27T16:00:00Z,68834.9
2025-10-27T17:00:00Z,68591.5
2025-10-27T18:00:00Z,64657.4
2025-10-27T19:00:00Z,62925.0
2025-10-27T20:00:00Z,59057.9
2025-10-27T21:00:00Z,58732.8
2025-10-27T22:00:00Z,57183.9
2025-10-27T23:00:00Z,56704.2
2025-10-28T00:00:00Z,55527.7
2025-10-28T01:00:00Z,56092.5
2025-10-28T02:00:00Z,56772.2
2025-10-28T03:00:00Z,58905.7
2025-10-28T04:00:00Z,59824.9
2025-10-28T05:00:00Z,62908.9
2025-10-28T06:00:00Z,64503.9
2025-10-28T07:00:00Z,68012.4
2025-10-28T08:00:00Z,69542.2
2025-10-28T09:00:00Z,71233.8
2025-10-28T10:00:00Z,72737.7
2025-10-28T11:00:00Z,75419.0
2025-10-28T12:00:00Z,73320.6
2025-10-28T13:00:00Z,73053.4
2025-10-28T14:00:00Z,73790.8
2025-10-28T15:00:00Z,70955.9
2025-10-28T16:00:00Z,69389.9
2025-10-28T17:00:00Z,67050.3
2025-10-28T18:00:00Z,66783.9
2025-10-28T19:00:00Z,61932.3
2025-10-28T20:00:00Z,59575.4
2025-10-28T21:00:00Z,57851.9
2025-10-28T22:00:00Z,56822.2
2025-10-28T23:00:00Z,56078.0
2025-10-29T00:00:00Z,54136.4
2025-10-29T01:00:00Z,56000.2
2025-10-29T02:00:00Z,58167.5
2025-10-29T03:00:00Z,56699.5
2025-10-29T04:00:00Z,60582.5
2025-10-29T05:00:00Z,63055.3
2025-10-29T06:00:00Z,65050.3
2025-10-29T07:00:00Z,67256.9
2025-10-29T08:00:00Z,67845.4
2025-10-29T09:00:00Z,72682.6
2025-10-29T10:00:00Z,72989.0
2025-10-29T11:00:00Z,74043.7
2025-10-29T12:00:00Z,75519.2
2025-10-29T13:00:00Z,72334.6
2025-10-29T14:00:00Z,73194.2
2025-10-29T15:00:00Z,72199.0
2025-10-29T16:00:00Z,70308.1
2025-10-29T17:00:00Z,67901.7
2025-10-29T18:00:00Z,66560.2
2025-10-29T19:00:00Z,62667.2
2025-10-29T20:00:00Z,60938.3
2025-10-29T21:00:00Z,58751.3
2025-10-29T22:00:00Z,55420.1
2025-10-29T23:00:00Z,55031.4
2025-10-30T00:00:00Z,56948.8
2025-10-30T01:00:00Z,55390.7
2025-10-30T02:00:00Z,56515.5
2025-10-30T03:00:00Z,57041.4
2025-10-30T04:00:00Z,59811.8
2025-10-30T05:00:00Z,61352.6
2025-10-30T06:00:00Z,64403.8
2025-10-30T07:00:00Z,67822.0
2025-10-30T08:00:00Z,69030.8
2025-10-30T09:00:00Z,71194.3
2025-10-30T10:00:00Z,74285.2
2025-10-30T11:00:00Z,74550.5
2025-10-30T12:00:00Z,74914.5
2025-10-30T13:00:00Z,74970.2
2025-10-30T14:00:00Z,72772.4
2025-10-30T15:00:00Z,71374.0
2025-10-30T16:00:00Z,68047.9
2025-10-30T17:00:00Z,67966.1
2025-10-30T18:00:00Z,64725.7
2025-10-30T19:00:00Z,62401.0
2025-10-30T20:00:00Z,59214.0
2025-10-30T21:00:00Z,58593.0
2025-10-30T22:00:00Z,57071.2
2025-10-30T23:00:00Z,55754.9
2025-10-31T00:00:00Z,53967.2
2025-10-31T01:00:00Z,54892.6
2025-10-31T02:00:00Z,56499.6
2025-10-31T03:00:00Z,57384.1
2025-10-31T04:00:00Z,60353.8
2025-10-31T05:00:00Z,63167.9
2025-10-31T06:00:00Z,64244.6
2025-10-31T07:00:00Z,67191.5
2025-10-31T08:00:00Z,69105.7
2025-10-31T09:00:00Z,72470.5
2025-10-31T10:00:00Z,73890.0
2025-10-31T11:00:00Z,76263.5
2025-10-31T12:00:00Z,74465.2
2025-10-31T13:00:00Z,73384.1
2025-10-31T14:00:00Z,73500.1
2025-10-31T15:00:00Z,71458.8
2025-10-31T16:00:00Z,69807.9
2025-10-31T17:00:00Z,68333.3
2025-10-31T18:00:00Z,64622.0
2025-10-31T19:00:00Z,62942.0
2025-10-31T20:00:00Z,58350.6
2025-10-31T21:00:00Z,58903.1
2025-10-31T22:00:00Z,56636.5
2025-10-31T23:00:00Z,55377.6
2025-11-01T00:00:00Z,52126.5
2025-11-01T01:00:00Z,53989.3
2025-11-01T02:00:00Z,53409.7
2025-11-01T03:00:00Z,56358.3
2025-11-01T04:00:00Z,56927.6
2025-11-01T05:00:00Z,59688.7
2025-11-01T06:00:00Z,62424.0
2025-11-01T07:00:00Z,66248.5
2025-11-01T08:00:00Z,67145.1
2025-11-01T09:00:00Z,69125.8
2025-11-01T10:00:00Z,70410.5
2025-11-01T11:00:00Z,71183.2
2025-11-01T12:00:00Z,71266.9
2025-11-01T13:00:00Z,72873.7
2025-11-01T14:00:00Z,71643.0
2025-11-01T15:00:00Z,68388.7
2025-11-01T16:00:00Z,67078.2
2025-11-01T17:00:00Z,63689.8
2025-11-01T18:00:00Z,62899.1
2025-11-01T19:00:00Z,60208.8
2025-11-01T20:00:00Z,57431.5
2025-11-01T21:00:00Z,54704.9
2025-11-01T22:00:00Z,54437.7
2025-11-01T23:00:00Z,53358.7
2025-11-02T00:00:00Z,52344.7
2025-11-02T01:00:00Z,53406.2
2025-11-02T02:00:00Z,52699.5
2025-11-02T03:00:00Z,54823.5
2025-11-02T04:00:00Z,56531.2
2025-11-02T05:00:00Z,59701.7
2025-11-02T06:00:00Z,63433.1
2025-11-02T07:00:00Z,64623.3
2025-11-02T08:00:00Z,67812.6
2025-11-02T09:00:00Z,68866.7
2025-11-02T10:00:00Z,70093.5
2025-11-02T11:00:00Z,72189.7
2025-11-02T12:00:00Z,72140.1
2025-11-02T13:00:00Z,72514.1
2025-11-02T14:00:00Z,71197.5
2025-11-02T15:00:00Z,68239.2
2025-11-02T16:00:00Z,64859.1
2025-11-02T17:00:00Z,64691.2
2025-11-02T18:00:00Z,61151.6
2025-11-02T19:00:00Z,58477.7
2025-11-02T20:00:00Z,56102.4
2025-11-02T21:00:00Z,54784.3
2025-11-02T22:00:00Z,53610.2
2025-11-02T23:00:00Z,52814.3
2025-11-03T00:00:00Z,56736.6
2025-11-03T01:00:00Z,54455.7
2025-11-03T02:00:00Z,56377.8
2025-11-03T03:00:00Z,56916.9
2025-11-03T04:00:00Z,59106.2
2025-11-03T05:00:00Z,62274.0
2025-11-03T06:00:00Z,65042.7
2025-11-03T07:00:00Z,66165.1
2025-11-03T08:00:00Z,70428.1
2025-11-03T09:00:00Z,70757.2
2025-11-03T10:00:00Z,73796.4
2025-11-03T11:00:00Z,73947.1
2025-11-03T12:00:00Z,75041.8
2025-11-03T13:00:00Z,74442.4
2025-11-03T14:00:00Z,72799.0
2025-11-03T15:00:00Z,71884.0
2025-11-03T16:00:00Z,68435.7
2025-11-03T17:00:00Z,66151.8
2025-11-03T18:00:00Z,64420.6
2025-11-03T19:00:00Z,63317.6
2025-11-03T20:00:00Z,59302.5
2025-11-03T21:00:00Z,57431.0
2025-11-03T22:00:00Z,57716.3
2025-11-03T23:00:00Z,55457.7
2025-11-04T00:00:00Z,55040.2
2025-11-04T01:00:00Z,54526.1
2025-11-04T02:00:00Z,56375.5
2025-11-04T03:00:00Z,58329.2
2025-11-04T04:00:00Z,59799.4
2025-11-04T05:00:00Z,62773.9
2025-11-04T06:00:00Z,64912.2
2025-11-04T07:00:00Z,67977.0
2025-11-04T08:00:00Z,70115.5
2025-11-04T09:00:00Z,71336.9
2025-11-04T10:00:00Z,73667.2
2025-11-04T11:00:00Z,75376.3
2025-11-04T12:00:00Z,74501.6
2025-11-04T13:00:00Z,72953.4
2025-11-04T14:00:00Z,73123.7
2025-11-04T15:00:00Z,71283.9
2025-11-04T16:00:00Z,71528.2
2025-11-04T17:00:00Z,67739.4
2025-11-04T18:00:00Z,63760.9
2025-11-04T19:00:00Z,62008.6
2025-11-04T20:00:00Z,61011.7
2025-11-04T21:00:00Z,56920.0
2025-11-04T22:00:00Z,55928.6
2025-11-04T23:00:00Z,55362.7
2025-11-05T00:00:00Z,54855.6
2025-11-05T01:00:00Z,54826.1
2025-11-05T02:00:00Z,56365.3
2025-11-05T03:00:00Z,56656.8
2025-11-05T04:00:00Z,59312.6
2025-11-05T05:00:00Z,61613.6
2025-11-05T06:00:00Z,64338.2
2025-11-05T07:00:00Z,66826.2
2025-11-05T08:00:00Z,69380.1
2025-11-05T09:00:00Z,71093.0
2025-11-05T10:00:00Z,72563.5
2025-11-05T11:00:00Z,74146.3
2025-11-05T12:00:00Z,74904.5
2025-11-05T13:00:00Z,74626.2
2025-11-05T14:00:00Z,71972.7
2025-11-05T15:00:00Z,71565.7
2025-11-05T16:00:00Z,69975.3
2025-11-05T17:00:00Z,66845.6
2025-11-05T18:00:00Z,64945.9
2025-11-05T19:00:00Z,61908.3
2025-11-05T20:00:00Z,60068.1
2025-11-05T21:00:00Z,56556.5
2025-11-05T22:00:00Z,56617.9
2025-11-05T23:00:00Z,54902.2
2025-11-06T00:00:00Z,54309.3
2025-11-06T01:00:00Z,54985.6
2025-11-06T02:00:00Z,56974.7
2025-11-06T03:00:00Z,58467.1
2025-11-06T04:00:00Z,59900.9
2025-11-06T05:00:00Z,62711.3
2025-11-06T06:00:00Z,64180.4
2025-11-06T07:00:00Z,65996.4
2025-11-06T08:00:00Z,67816.8
2025-11-06T09:00:00Z,71275.4
2025-11-06T10:00:00Z,72710.0
2025-11-06T11:00:00Z,73816.0
2025-11-06T12:00:00Z,74168.4
2025-11-06T13:00:00Z,74762.2
2025-11-06T14:00:00Z,72089.7
2025-11-06T15:00:00Z,70679.5
2025-11-06T16:00:00Z,70843.6
2025-11-06T17:00:00Z,67606.6
2025-11-06T18:00:00Z,64262.1
2025-11-06T19:00:00Z,60384.2
2025-11-06T20:00:00Z,59017.1
2025-11-06T21:00:00Z,57419.2
2025-11-06T22:00:00Z,56112.5
2025-11-06T23:00:00Z,55371.3
2025-11-07T00:00:00Z,54643.6
2025-11-07T01:00:00Z,56070.8
2025-11-07T02:00:00Z,55162.1
2025-11-07T03:00:00Z,57411.7
2025-11-07T04:00:00Z,59084.8
2025-11-07T05:00:00Z,62565.4
2025-11-07T06:00:00Z,64574.2
2025-11-07T07:00:00Z,67550.9
2025-11-07T08:00:00Z,69298.7
2025-11-07T09:00:00Z,74231.5
2025-11-07T10:00:00Z,73331.3
2025-11-07T11:00:00Z,73111.5
2025-11-07T12:00:00Z,74037.2
2025-11-07T13:00:00Z,73393.0
2025-11-07T14:00:00Z,73361.4
2025-11-07T15:00:00Z,72005.2
2025-11-07T16:00:00Z,69545.2
2025-11-07T17:00:00Z,66778.1
2025-11-07T18:00:00Z,63901.2
2025-11-07T19:00:00Z,63234.5
2025-11-07T20:00:00Z,60528.0
2025-11-07T21:00:00Z,55298.7
2025-11-07T22:00:00Z,56172.2
2025-11-07T23:00:00Z,54486.9
2025-11-08T00:00:00Z,51793.1
2025-11-08T01:00:00Z,53778.2
2025-11-08T02:00:00Z,52475.6
2025-11-08T03:00:00Z,54077.7
2025-11-08T04:00:00Z,58867.5
2025-11-08T05:00:00Z,58840.5
2025-11-08T06:00:00Z,61520.9
2025-11-08T07:00:00Z,65114.0
2025-11-08T08:00:00Z,66109.1
2025-11-08T09:00:00Z,68537.6
2025-11-08T10:00:00Z,70233.8
2025-11-08T11:00:00Z,72126.1
2025-11-08T12:00:00Z,70032.4
2025-11-08T13:00:00Z,70332.0
2025-11-08T14:00:00Z,69937.6
2025-11-08T15:00:00Z,69243.1
2025-11-08T16:00:00Z,66010.0
2025-11-08T17:00:00Z,64577.6
2025-11-08T18:00:00Z,61309.3
2025-11-08T19:00:00Z,58917.6
2025-11-08T20:00:00Z,57936.5
2025-11-08T21:00:00Z,54737.1
2025-11-08T22:00:00Z,55770.5
2025-11-08T23:00:00Z,52726.6
2025-11-09T00:00:00Z,52940.7
2025-11-09T01:00:00Z,52960.8
2025-11-09T02:00:00Z,52080.5
2025-11-09T03:00:00Z,53620.3
2025-11-09T04:00:00Z,57234.0
2025-11-09T05:00:00Z,58276.0
2025-11-09T06:00:00Z,61210.1
2025-11-09T07:00:00Z,63866.4
2025-11-09T08:00:00Z,65719.2
2025-11-09T09:00:00Z,69391.3
2025-11-09T10:00:00Z,70594.7
2025-11-09T11:00:00Z,71070.8
2025-11-09T12:00:00Z,71707.7
2025-11-09T13:00:00Z,70204.7
2025-11-09T14:00:00Z,70671.1
2025-11-09T15:00:00Z,67762.5
2025-11-09T16:00:00Z,67703.5
2025-11-09T17:00:00Z,63601.0
2025-11-09T18:00:00Z,61204.4
2025-11-09T19:00:00Z,60094.3
2025-11-09T20:00:00Z,57363.8
2025-11-09T21:00:00Z,54089.0
2025-11-09T22:00:00Z,53810.1
2025-11-09T23:00:00Z,52366.0
2025-11-10T00:00:00Z,54647.6
2025-11-10T01:00:00Z,55456.9
2025-11-10T02:00:00Z,56415.1
2025-11-10T03:00:00Z,58264.7
2025-11-10T04:00:00Z,59825.7
2025-11-10T05:00:00Z,62018.9
2025-11-10T06:00:00Z,64163.5
2025-11-10T07:00:00Z,67930.3
2025-11-10T08:00:00Z,68425.5
2025-11-10T09:00:00Z,72571.1
2025-11-10T10:00:00Z,74315.4
2025-11-10T11:00:00Z,75264.7
2025-11-10T12:00:00Z,73745.2
2025-11-10T13:00:00Z,75214.4
2025-11-10T14:00:00Z,73489.0
2025-11-10T15:00:00Z,71901.3
2025-11-10T16:00:00Z,71690.5
2025-11-10T17:00:00Z,66894.2
2025-11-10T18:00:00Z,64707.9
2025-11-10T19:00:00Z,60755.2
2025-11-10T20:00:00Z,57665.4
2025-11-10T21:00:00Z,57686.5
2025-11-10T22:00:00Z,56272.5
2025-11-10T23:00:00Z,55534.0
2025-11-11T00:00:00Z,54806.3
2025-11-11T01:00:00Z,53294.8
2025-11-11T02:00:00Z,56150.4
2025-11-11T03:00:00Z,58276.6
2025-11-11T04:00:00Z,60627.0
2025-11-11T05:00:00Z,60924.7
2025-11-11T06:00:00Z,63456.9
2025-11-11T07:00:00Z,66101.6
2025-11-11T08:00:00Z,68462.7
2025-11-11T09:00:00Z,69665.9
2025-11-11T10:00:00Z,71942.3
2025-11-11T11:00:00Z,74719.1
2025-11-11T12:00:00Z,72927.7
2025-11-11T13:00:00Z,71950.0
2025-11-11T14:00:00Z,72266.0
2025-11-11T15:00:00Z,70554.2
2025-11-11T16:00:00Z,69513.7
2025-11-11T17:00:00Z,66055.4
2025-11-11T18:00:00Z,64018.1
2025-11-11T19:00:00Z,61002.5
2025-11-11T20:00:00Z,58577.5
2025-11-11T21:00:00Z,57663.7
2025-11-11T22:00:00Z,55937.8
2025-11-11T23:00:00Z,54836.3
2025-11-12T00:00:00Z,54885.1
2025-11-12T01:00:00Z,54134.8
2025-11-12T02:00:00Z,55772.5
2025-11-12T03:00:00Z,57447.9
2025-11-12T04:00:00Z,60222.0
2025-11-12T05:00:00Z,60073.6
2025-11-12T06:00:00Z,63795.8
2025-11-12T07:00:00Z,66925.0
2025-11-12T08:00:00Z,68419.1
2025-11-12T09:00:00Z,70945.7
2025-11-12T10:00:00Z,72949.9
2025-11-12T11:00:00Z,73744.2
2025-11-12T12:00:00Z,72303.0
2025-11-12T13:00:00Z,72391.5
2025-11-12T14:00:00Z,70134.5
2025-11-12T15:00:00Z,71395.9
2025-11-12T16:00:00Z,69051.0
2025-11-12T17:00:00Z,67644.3
2025-11-12T18:00:00Z,64118.5
2025-11-12T19:00:00Z,60671.7
2025-11-12T20:00:00Z,60132.7
2025-11-12T21:00:00Z,56222.3
2025-11-12T22:00:00Z,55752.1
2025-11-12T23:00:00Z,54628.1
2025-11-13T00:00:00Z,55005.5
2025-11-13T01:00:00Z,55440.3
2025-11-13T02:00:00Z,55329.1
2025-11-13T03:00:00Z,56608.0
2025-11-13T04:00:00Z,59146.8
2025-11-13T05:00:00Z,61040.1
2025-11-13T06:00:00Z,64755.4
2025-11-13T07:00:00Z,66782.5
2025-11-13T08:00:00Z,69917.2
2025-11-13T09:00:00Z,72884.3
2025-11-13T10:00:00Z,71618.6
2025-11-13T11:00:00Z,72790.7
2025-11-13T12:00:00Z,73986.6
2025-11-13T13:00:00Z,73597.7
2025-11-13T14:00:00Z,72036.4
2025-11-13T15:00:00Z,69407.7
2025-11-13T16:00:00Z,70842.1
2025-11-13T17:00:00Z,66547.4
2025-11-13T18:00:00Z,63052.3
2025-11-13T19:00:00Z,59573.9
2025-11-13T20:00:00Z,60315.3
2025-11-13T21:00:00Z,57462.9
2025-11-13T22:00:00Z,55673.2
2025-11-13T23:00:00Z,53873.9
2025-11-14T00:00:00Z,54210.8
2025-11-14T01:00:00Z,54308.0
2025-11-14T02:00:00Z,53569.7
2025-11-14T03:00:00Z,59263.9
2025-11-14T04:00:00Z,59452.7
2025-11-14T05:00:00Z,61139.7
2025-11-14T06:00:00Z,63123.9
2025-11-14T07:00:00Z,65902.2
2025-11-14T08:00:00Z,70661.7
2025-11-14T09:00:00Z,71015.9
2025-11-14T10:00:00Z,71148.2
2025-11-14T11:00:00Z,73902.5
2025-11-14T12:00:00Z,73913.2
2025-11-14T13:00:00Z,73609.0
2025-11-14T14:00:00Z,72117.5
2025-11-14T15:00:00Z,70559.9
2025-11-14T16:00:00Z,68879.2
2025-11-14T17:00:00Z,66218.8
2025-11-14T18:00:00Z,62762.0
2025-11-14T19:00:00Z,60605.2
2025-11-14T20:00:00Z,59102.8
2025-11-14T21:00:00Z,55813.4
2025-11-14T22:00:00Z,55469.3
2025-11-14T23:00:00Z,54361.0
2025-11-15T00:00:00Z,52121.8
2025-11-15T01:00:00Z,51987.6
2025-11-15T02:00:00Z,52576.2
2025-11-15T03:00:00Z,54104.9
2025-11-15T04:00:00Z,56682.9
2025-11-15T05:00:00Z,59409.7
2025-11-15T06:00:00Z,60272.0
2025-11-15T07:00:00Z,62387.7
2025-11-15T08:00:00Z,65341.2
2025-11-15T09:00:00Z,66067.5
2025-11-15T10:00:00Z,68826.1
2025-11-15T11:00:00Z,71093.7
2025-11-15T12:00:00Z,71540.8
2025-11-15T13:00:00Z,71662.4
2025-11-15T14:00:00Z,69514.7
2025-11-15T15:00:00Z,68059.8
2025-11-15T16:00:00Z,65465.8
2025-11-15T17:00:00Z,63203.6
2025-11-15T18:00:00Z,61371.4
2025-11-15T19:00:00Z,59387.7
2025-11-15T20:00:00Z,56680.2
2025-11-15T21:00:00Z,52704.1
2025-11-15T22:00:00Z,53215.9
2025-11-15T23:00:00Z,51857.9
2025-11-16T00:00:00Z,50954.7
2025-11-16T01:00:00Z,51874.0
2025-11-16T02:00:00Z,53445.7
2025-11-16T03:00:00Z,54360.4
2025-11-16T04:00:00Z,55650.7
2025-11-16T05:00:00Z,61262.4
2025-11-16T06:00:00Z,60529.3
2025-11-16T07:00:00Z,63902.0
2025-11-16T08:00:00Z,66862.4
2025-11-16T09:00:00Z,67137.8
2025-11-16T10:00:00Z,69805.4
2025-11-16T11:00:00Z,69634.9
2025-11-16T12:00:00Z,70433.4
2025-11-16T13:00:00Z,69707.2
2025-11-16T14:00:00Z,70783.0
2025-11-16T15:00:00Z,66721.0
2025-11-16T16:00:00Z,66259.6
2025-11-16T17:00:00Z,63554.1
2025-11-16T18:00:00Z,59436.0
2025-11-16T19:00:00Z,59951.3
2025-11-16T20:00:00Z,55773.0
2025-11-16T21:00:00Z,54031.0
2025-11-16T22:00:00Z,52890.4
2025-11-16T23:00:00Z,51022.3
2025-11-17T00:00:00Z,53372.9
2025-11-17T01:00:00Z,54296.6
2025-11-17T02:00:00Z,54575.9
2025-11-17T03:00:00Z,56892.9
2025-11-17T04:00:00Z,59827.1
2025-11-17T05:00:00Z,60301.8
2025-11-17T06:00:00Z,62329.2
2025-11-17T07:00:00Z,65988.4
2025-11-17T08:00:00Z,68737.0
2025-11-17T09:00:00Z,70944.1
2025-11-17T10:00:00Z,71044.9
2025-11-17T11:00:00Z,70988.1
2025-11-17T12:00:00Z,73926.8
2025-11-17T13:00:00Z,73464.8
2025-11-17T14:00:00Z,73150.1
2025-11-17T15:00:00Z,69623.8
2025-11-17T16:00:00Z,68866.6
2025-11-17T17:00:00Z,66907.3
2025-11-17T18:00:00Z,62124.7
2025-11-17T19:00:00Z,61971.9
2025-11-17T20:00:00Z,59955.8
2025-11-17T21:00:00Z,57280.2
2025-11-17T22:00:00Z,55719.7
2025-11-17T23:00:00Z,54923.0
2025-11-18T00:00:00Z,53687.1
2025-11-18T01:00:00Z,53065.3
2025-11-18T02:00:00Z,54439.2
2025-11-18T03:00:00Z,56567.9
2025-11-18T04:00:00Z,58017.8
2025-11-18T05:00:00Z,61844.8
2025-11-18T06:00:00Z,63177.0
2025-11-18T07:00:00Z,65902.3
2025-11-18T08:00:00Z,66885.5
2025-11-18T09:00:00Z,70619.8
2025-11-18T10:00:00Z,71261.0
2025-11-18T11:00:00Z,74002.7
2025-11-18T12:00:00Z,71729.4
2025-11-18T13:00:00Z,73048.8
2025-11-18T14:00:00Z,71501.6
2025-11-18T15:00:00Z,70009.0
2025-11-18T16:00:00Z,69679.6
2025-11-18T17:00:00Z,66763.9
2025-11-18T18:00:00Z,62821.0
2025-11-18T19:00:00Z,62140.1
2025-11-18T20:00:00Z,58176.8
2025-11-18T21:00:00Z,57350.8
2025-11-18T22:00:00Z,53787.9
2025-11-18T23:00:00Z,53964.4
2025-11-19T00:00:00Z,53559.6
2025-11-19T01:00:00Z,53855.6
2025-11-19T02:00:00Z,53802.5
2025-11-19T03:00:00Z,55083.9
2025-11-19T04:00:00Z,58584.1
2025-11-19T05:00:00Z,61402.9
2025-11-19T06:00:00Z,63430.0
2025-11-19T07:00:00Z,65616.1
2025-11-19T08:00:00Z,66997.8
2025-11-19T09:00:00Z,69981.7
2025-11-19T10:00:00Z,71278.1
2025-11-19T11:00:00Z,72108.0
2025-11-19T12:00:00Z,73155.5
2025-11-19T13:00:00Z,72824.4
2025-11-19T14:00:00Z,72047.9
2025-11-19T15:00:00Z,69992.9
2025-11-19T16:00:00Z,67539.9
2025-11-19T17:00:00Z,65732.3
2025-11-19T18:00:00Z,63154.0
2025-11-19T19:00:00Z,59599.1
2025-11-19T20:00:00Z,58318.3
2025-11-19T21:00:00Z,55275.1
2025-11-19T22:00:00Z,53497.6
2025-11-19T23:00:00Z,53459.3
2025-11-20T00:00:00Z,53169.5
2025-11-20T01:00:00Z,54570.7
2025-11-20T02:00:00Z,54724.3
2025-11-20T03:00:00Z,56923.9
2025-11-20T04:00:00Z,59646.4
2025-11-20T05:00:00Z,60903.5
2025-11-20T06:00:00Z,63598.8
2025-11-20T07:00:00Z,65227.3
2025-11-20T08:00:00Z,68757.1
2025-11-20T09:00:00Z,70135.9
2025-11-20T10:00:00Z,71668.6
2025-11-20T11:00:00Z,71672.4
2025-11-20T12:00:00Z,72153.5
2025-11-20T13:00:00Z,72036.5
2025-11-20T14:00:00Z,71699.1
2025-11-20T15:00:00Z,70962.5
2025-11-20T16:00:00Z,66884.9
2025-11-20T17:00:00Z,65487.5
2025-11-20T18:00:00Z,63045.0
2025-11-20T19:00:00Z,62630.3
2025-11-20T20:00:00Z,58327.5
2025-11-20T21:00:00Z,56067.0
2025-11-20T22:00:00Z,55566.9
2025-11-20T23:00:00Z,53120.9
2025-11-21T00:00:00Z,54006.1
2025-11-21T01:00:00Z,52557.8
2025-11-21T02:00:00Z,56480.3
2025-11-21T03:00:00Z,56350.1
2025-11-21T04:00:00Z,58033.7
2025-11-21T05:00:00Z,59641.2
2025-11-21T06:00:00Z,63059.9
2025-11-21T07:00:00Z,65734.7
2025-11-21T08:00:00Z,67400.7
2025-11-21T09:00:00Z,70931.3
2025-11-21T10:00:00Z,71240.3
2025-11-21T11:00:00Z,72538.8
2025-11-21T12:00:00Z,73019.4
2025-11-21T13:00:00Z,73554.1
2025-11-21T14:00:00Z,71198.7
2025-11-21T15:00:00Z,70034.3
2025-11-21T16:00:00Z,68223.7
2025-11-21T17:00:00Z,66162.6
2025-11-21T18:00:00Z,61714.6
2025-11-21T19:00:00Z,61619.4
2025-11-21T20:00:00Z,58283.2
2025-11-21T21:00:00Z,55812.8
2025-11-21T22:00:00Z,54840.2
2025-11-21T23:00:00Z,52365.5
2025-11-22T00:00:00Z,50181.4
2025-11-22T01:00:00Z,51274.6
2025-11-22T02:00:00Z,53173.3
2025-11-22T03:00:00Z,53546.3
2025-11-22T04:00:00Z,55920.2
2025-11-22T05:00:00Z,57685.4
2025-11-22T06:00:00Z,61098.8
2025-11-22T07:00:00Z,62576.1
2025-11-22T08:00:00Z,65583.0
2025-11-22T09:00:00Z,66936.2
2025-11-22T10:00:00Z,67956.6
2025-11-22T11:00:00Z,68896.5
2025-11-22T12:00:00Z,69503.1
2025-11-22T13:00:00Z,70622.0
2025-11-22T14:00:00Z,71290.4
2025-11-22T15:00:00Z,67045.2
2025-11-22T16:00:00Z,64625.5
2025-11-22T17:00:00Z,63325.8
2025-11-22T18:00:00Z,60804.4
2025-11-22T19:00:00Z,57501.3
2025-11-22T20:00:00Z,57148.1
2025-11-22T21:00:00Z,54321.6
2025-11-22T22:00:00Z,52849.8
2025-11-22T23:00:00Z,51186.7
2025-11-23T00:00:00Z,50797.6
2025-11-23T01:00:00Z,51801.5
2025-11-23T02:00:00Z,50865.7
2025-11-23T03:00:00Z,52863.7
2025-11-23T04:00:00Z,55571.2
2025-11-23T05:00:00Z,56644.7
2025-11-23T06:00:00Z,61623.1
2025-11-23T07:00:00Z,62294.1
2025-11-23T08:00:00Z,64767.3
2025-11-23T09:00:00Z,67361.8
2025-11-23T10:00:00Z,69837.9
2025-11-23T11:00:00Z,69555.2
2025-11-23T12:00:00Z,69301.8
2025-11-23T13:00:00Z,68841.7
2025-11-23T14:00:00Z,68816.0
2025-11-23T15:00:00Z,66638.1
2025-11-23T16:00:00Z,67014.1
2025-11-23T17:00:00Z,63803.1
2025-11-23T18:00:00Z,57769.8
2025-11-23T19:00:00Z,57075.9
2025-11-23T20:00:00Z,55785.7
2025-11-23T21:00:00Z,55366.3
2025-11-23T22:00:00Z,50368.3
2025-11-23T23:00:00Z,50670.7
2025-11-24T00:00:00Z,54214.3
2025-11-24T01:00:00Z,53021.3
2025-11-24T02:00:00Z,54593.8
2025-11-24T03:00:00Z,55663.0
2025-11-24T04:00:00Z,58591.8
2025-11-24T05:00:00Z,59491.4
2025-11-24T06:00:00Z,62877.2
2025-11-24T07:00:00Z,64180.7
2025-11-24T08:00:00Z,68446.0
2025-11-24T09:00:00Z,70138.5
2025-11-24T10:00:00Z,71151.8
2025-11-24T11:00:00Z,72170.5
2025-11-24T12:00:00Z,72490.3
2025-11-24T13:00:00Z,71845.2
2025-11-24T14:00:00Z,71306.7
2025-11-24T15:00:00Z,69947.6
2025-11-24T16:00:00Z,67608.5
2025-11-24T17:00:00Z,64869.8
2025-11-24T18:00:00Z,62533.2
2025-11-24T19:00:00Z,60004.4
2025-11-24T20:00:00Z,58417.7
2025-11-24T21:00:00Z,56187.5
2025-11-24T22:00:00Z,56116.6
2025-11-24T23:00:00Z,53437.9
2025-11-25T00:00:00Z,53188.7
2025-11-25T01:00:00Z,52951.8
2025-11-25T02:00:00Z,54496.7
2025-11-25T03:00:00Z,55586.7
2025-11-25T04:00:00Z,57245.0
2025-11-25T05:00:00Z,60380.1
2025-11-25T06:00:00Z,64012.1
2025-11-25T07:00:00Z,64532.0
2025-11-25T08:00:00Z,67021.0
2025-11-25T09:00:00Z,69501.1
2025-11-25T10:00:00Z,71262.9
2025-11-25T11:00:00Z,73061.0
2025-11-25T12:00:00Z,71828.1
2025-11-25T13:00:00Z,71907.2
2025-11-25T14:00:00Z,70420.5
2025-11-25T15:00:00Z,68828.0
2025-11-25T16:00:00Z,67158.7
2025-11-25T17:00:00Z,64324.9
2025-11-25T18:00:00Z,63087.6
2025-11-25T19:00:00Z,61083.7
2025-11-25T20:00:00Z,57508.3
2025-11-25T21:00:00Z,55367.6
2025-11-25T22:00:00Z,55461.5
2025-11-25T23:00:00Z,53268.6
2025-11-26T00:00:00Z,54178.0
2025-11-26T01:00:00Z,50997.0
2025-11-26T02:00:00Z,54141.5
2025-11-26T03:00:00Z,54985.6
2025-11-26T04:00:00Z,57362.9
2025-11-26T05:00:00Z,60753.3
2025-11-26T06:00:00Z,63460.3
2025-11-26T07:00:00Z,64942.0
2025-11-26T08:00:00Z,68148.4
2025-11-26T09:00:00Z,68491.3
2025-11-26T10:00:00Z,71132.6
2025-11-26T11:00:00Z,71751.4
2025-11-26T12:00:00Z,70840.5
2025-11-26T13:00:00Z,72597.5
2025-11-26T14:00:00Z,70376.8
2025-11-26T15:00:00Z,69734.6
2025-11-26T16:00:00Z,66785.2
2025-11-26T17:00:00Z,65221.1
2025-11-26T18:00:00Z,63085.2
2025-11-26T19:00:00Z,60104.9
2025-11-26T20:00:00Z,57407.6
2025-11-26T21:00:00Z,56284.6
2025-11-26T22:00:00Z,54442.9
2025-11-26T23:00:00Z,52977.4
2025-11-27T00:00:00Z,52895.6
2025-11-27T01:00:00Z,53123.1
2025-11-27T02:00:00Z,53876.3
2025-11-27T03:00:00Z,56398.7
2025-11-27T04:00:00Z,59059.4
2025-11-27T05:00:00Z,59576.5
2025-11-27T06:00:00Z,62378.4
2025-11-27T07:00:00Z,64208.2
2025-11-27T08:00:00Z,66212.9
2025-11-27T09:00:00Z,70177.3
2025-11-27T10:00:00Z,70259.3
2025-11-27T11:00:00Z,72028.7
2025-11-27T12:00:00Z,70999.5
2025-11-27T13:00:00Z,71245.6
2025-11-27T14:00:00Z,71175.9
2025-11-27T15:00:00Z,69649.9
2025-11-27T16:00:00Z,67467.1
2025-11-27T17:00:00Z,65288.8
2025-11-27T18:00:00Z,62648.7
2025-11-27T19:00:00Z,60790.6
2025-11-27T20:00:00Z,59029.9
2025-11-27T21:00:00Z,56131.1
2025-11-27T22:00:00Z,54063.1
2025-11-27T23:00:00Z,52369.8
2025-11-28T00:00:00Z,52346.6
2025-11-28T01:00:00Z,52803.9
2025-11-28T02:00:00Z,55175.9
2025-11-28T03:00:00Z,54311.1
2025-11-28T04:00:00Z,56902.4
2025-11-28T05:00:00Z,59032.4
2025-11-28T06:00:00Z,63037.6
2025-11-28T07:00:00Z,64274.1
2025-11-28T08:00:00Z,65678.2
2025-11-28T09:00:00Z,67492.3
2025-11-28T10:00:00Z,70909.6
2025-11-28T11:00:00Z,70314.3
2025-11-28T12:00:00Z,72828.3
2025-11-28T13:00:00Z,72470.2
2025-11-28T14:00:00Z,69750.1
2025-11-28T15:00:00Z,68857.7
2025-11-28T16:00:00Z,67155.1
2025-11-28T17:00:00Z,63623.2
2025-11-28T18:00:00Z,61342.1
2025-11-28T19:00:00Z,59334.4
2025-11-28T20:00:00Z,57493.1
2025-11-28T21:00:00Z,55751.0
2025-11-28T22:00:00Z,52499.7
2025-11-28T23:00:00Z,53234.4
2025-11-29T00:00:00Z,49820.9
2025-11-29T01:00:00Z,50027.8
2025-11-29T02:00:00Z,50830.4
2025-11-29T03:00:00Z,53549.1
2025-11-29T04:00:00Z,55966.9
2025-11-29T05:00:00Z,56667.0
2025-11-29T06:00:00Z,59383.8
2025-11-29T07:00:00Z,60736.2
2025-11-29T08:00:00Z,64002.1
2025-11-29T09:00:00Z,66865.4
2025-11-29T10:00:00Z,67761.4
2025-11-29T11:00:00Z,69088.6
2025-11-29T12:00:00Z,69043.6
2025-11-29T13:00:00Z,68884.6
2025-11-29T14:00:00Z,68381.2
2025-11-29T15:00:00Z,66935.3
2025-11-29T16:00:00Z,62775.7
2025-11-29T17:00:00Z,61846.7
2025-11-29T18:00:00Z,57205.9
2025-11-29T19:00:00Z,57061.6
2025-11-29T20:00:00Z,54297.9
2025-11-29T21:00:00Z,52271.5
2025-11-29T22:00:00Z,52469.1
2025-11-29T23:00:00Z,50548.7
2025-11-30T00:00:00Z,50707.4
2025-11-30T01:00:00Z,50632.6
2025-11-30T02:00:00Z,52441.8
2025-11-30T03:00:00Z,52424.5
2025-11-30T04:00:00Z,54409.1
2025-11-30T05:00:00Z,56857.2
2025-11-30T06:00:00Z,61378.8
2025-11-30T07:00:00Z,61557.3
2025-11-30T08:00:00Z,64245.9
2025-11-30T09:00:00Z,67315.9
2025-11-30T10:00:00Z,68482.2
2025-11-30T11:00:00Z,68306.4
2025-11-30T12:00:00Z,70427.9
2025-11-30T13:00:00Z,69089.1
2025-11-30T14:00:00Z,68903.3
2025-11-30T15:00:00Z,66702.6
2025-11-30T16:00:00Z,64850.5
2025-11-30T17:00:00Z,61315.5
2025-11-30T18:00:00Z,60558.7
2025-11-30T19:00:00Z,56374.5
2025-11-30T20:00:00Z,54679.8
2025-11-30T21:00:00Z,53498.6
2025-11-30T22:00:00Z,50829.0
2025-11-30T23:00:00Z,50236.4
2025-12-01T00:00:00Z,52352.4
2025-12-01T01:00:00Z,52798.7
2025-12-01T02:00:00Z,54105.9
2025-12-01T03:00:00Z,53960.6
2025-12-01T04:00:00Z,56730.8
2025-12-01T05:00:00Z,61122.2
2025-12-01T06:00:00Z,60390.8
2025-12-01T07:00:00Z,63932.4
2025-12-01T08:00:00Z,67399.5
2025-12-01T09:00:00Z,67276.0
2025-12-01T10:00:00Z,69587.4
2025-12-01T11:00:00Z,70594.0
2025-12-01T12:00:00Z,72820.0
2025-12-01T13:00:00Z,70541.8
2025-12-01T14:00:00Z,70783.6
2025-12-01T15:00:00Z,68245.9
2025-12-01T16:00:00Z,66768.5
2025-12-01T17:00:00Z,63535.2
2025-12-01T18:00:00Z,60777.2
2025-12-01T19:00:00Z,59093.0
2025-12-01T20:00:00Z,56048.5
2025-12-01T21:00:00Z,55019.0
2025-12-01T22:00:00Z,53727.9
2025-12-01T23:00:00Z,53000.5
2025-12-02T00:00:00Z,53429.1
2025-12-02T01:00:00Z,53669.4
2025-12-02T02:00:00Z,52609.4
2025-12-02T03:00:00Z,54420.2
2025-12-02T04:00:00Z,58363.7
2025-12-02T05:00:00Z,59284.3
2025-12-02T06:00:00Z,61506.2
2025-12-02T07:00:00Z,65160.0
2025-12-02T08:00:00Z,66119.6
2025-12-02T09:00:00Z,69357.7
2025-12-02T10:00:00Z,69895.4
2025-12-02T11:00:00Z,72134.0
2025-12-02T12:00:00Z,71308.2
2025-12-02T13:00:00Z,71753.7
2025-12-02T14:00:00Z,70985.2
2025-12-02T15:00:00Z,69904.0
2025-12-02T16:00:00Z,65982.0
2025-12-02T17:00:00Z,63995.0
2025-12-02T18:00:00Z,60680.3
2025-12-02T19:00:00Z,57948.2
2025-12-02T20:00:00Z,56612.2
2025-12-02T21:00:00Z,55147.9
2025-12-02T22:00:00Z,54496.5
2025-12-02T23:00:00Z,52199.8
2025-12-03T00:00:00Z,53593.7
2025-12-03T01:00:00Z,52536.6
2025-12-03T02:00:00Z,54056.2
2025-12-03T03:00:00Z,54672.6
2025-12-03T04:00:00Z,55860.5
2025-12-03T05:00:00Z,60453.7
2025-12-03T06:00:00Z,61439.7
2025-12-03T07:00:00Z,65049.7
2025-12-03T08:00:00Z,66180.5
2025-12-03T09:00:00Z,68936.4
2025-12-03T10:00:00Z,69865.8
2025-12-03T11:00:00Z,70675.6
2025-12-03T12:00:00Z,71160.9
2025-12-03T13:00:00Z,71498.9
2025-12-03T14:00:00Z,69024.7
2025-12-03T15:00:00Z,67684.9
2025-12-03T16:00:00Z,67261.9
2025-12-03T17:00:00Z,63567.8
2025-12-03T18:00:00Z,61815.5
2025-12-03T19:00:00Z,58100.8
2025-12-03T20:00:00Z,56689.6
2025-12-03T21:00:00Z,55751.9
2025-12-03T22:00:00Z,53411.7
2025-12-03T23:00:00Z,52550.5
2025-12-04T00:00:00Z,51596.1
2025-12-04T01:00:00Z,52317.2
2025-12-04T02:00:00Z,51769.6
2025-12-04T03:00:00Z,53414.3
2025-12-04T04:00:00Z,57040.9
2025-12-04T05:00:00Z,57614.6
2025-12-04T06:00:00Z,62562.8
2025-12-04T07:00:00Z,64682.2
2025-12-04T08:00:00Z,65355.8
2025-12-04T09:00:00Z,66560.6
2025-12-04T10:00:00Z,67895.3
2025-12-04T11:00:00Z,71042.6
2025-12-04T12:00:00Z,71046.1
2025-12-04T13:00:00Z,71873.6
2025-12-04T14:00:00Z,70211.5
2025-12-04T15:00:00Z,69555.0
2025-12-04T16:00:00Z,67018.1
2025-12-04T17:00:00Z,63240.3
2025-12-04T18:00:00Z,61361.9
2025-12-04T19:00:00Z,58345.8
2025-12-04T20:00:00Z,56451.7
2025-12-04T21:00:00Z,54300.3
2025-12-04T22:00:00Z,52999.7
2025-12-04T23:00:00Z,53313.5
2025-12-05T00:00:00Z,51308.1
2025-12-05T01:00:00Z,51120.3
2025-12-05T02:00:00Z,52531.4
2025-12-05T03:00:00Z,54182.1
2025-12-05T04:00:00Z,56088.3
2025-12-05T05:00:00Z,58737.5
2025-12-05T06:00:00Z,61015.8
2025-12-05T07:00:00Z,64740.5
2025-12-05T08:00:00Z,66898.2
2025-12-05T09:00:00Z,67547.1
2025-12-05T10:00:00Z,70475.0
2025-12-05T11:00:00Z,71769.1
2025-12-05T12:00:00Z,70979.4
2025-12-05T13:00:00Z,69973.3
2025-12-05T14:00:00Z,70039.4
2025-12-05T15:00:00Z,68100.3
2025-12-05T16:00:00Z,66444.4
2025-12-05T17:00:00Z,63007.4
2025-12-05T18:00:00Z,63051.0
2025-12-05T19:00:00Z,58727.2
2025-12-05T20:00:00Z,56993.0
2025-12-05T21:00:00Z,54102.1
2025-12-05T22:00:00Z,53177.8
2025-12-05T23:00:00Z,50257.4
2025-12-06T00:00:00Z,47906.5
2025-12-06T01:00:00Z,47297.3
2025-12-06T02:00:00Z,51030.5
2025-12-06T03:00:00Z,50654.9
2025-12-06T04:00:00Z,52510.1
2025-12-06T05:00:00Z,56980.8
2025-12-06T06:00:00Z,58172.4
2025-12-06T07:00:00Z,60920.7
2025-12-06T08:00:00Z,64233.4
2025-12-06T09:00:00Z,65757.6
2025-12-06T10:00:00Z,67143.4
2025-12-06T11:00:00Z,68378.4
2025-12-06T12:00:00Z,66621.3
2025-12-06T13:00:00Z,68891.4
2025-12-06T14:00:00Z,67960.8
2025-12-06T15:00:00Z,66850.9
2025-12-06T16:00:00Z,61701.2
2025-12-06T17:00:00Z,60382.1
2025-12-06T18:00:00Z,58126.2
2025-12-06T19:00:00Z,57457.5
2025-12-06T20:00:00Z,54227.3
2025-12-06T21:00:00Z,53206.1
2025-12-06T22:00:00Z,50620.4
2025-12-06T23:00:00Z,48785.9
2025-12-07T00:00:00Z,47780.2
2025-12-07T01:00:00Z,48691.7
2025-12-07T02:00:00Z,51230.2
2025-12-07T03:00:00Z,50954.3
2025-12-07T04:00:00Z,52201.1
2025-12-07T05:00:00Z,56170.9
2025-12-07T06:00:00Z,59531.8
2025-12-07T07:00:00Z,62872.0
2025-12-07T08:00:00Z,64240.5
2025-12-07T09:00:00Z,66005.9
2025-12-07T10:00:00Z,65324.2
2025-12-07T11:00:00Z,67413.2
2025-12-07T12:00:00Z,67740.0
2025-12-07T13:00:00Z,67824.3
2025-12-07T14:00:00Z,66008.8
2025-12-07T15:00:00Z,65862.8
2025-12-07T16:00:00Z,64241.3
2025-12-07T17:00:00Z,61006.4
2025-12-07T18:00:00Z,58197.6
2025-12-07T19:00:00Z,56095.1
2025-12-07T20:00:00Z,53929.5
2025-12-07T21:00:00Z,52270.2
2025-12-07T22:00:00Z,49415.5
2025-12-07T23:00:00Z,50305.4
2025-12-08T00:00:00Z,51360.9
2025-12-08T01:00:00Z,51520.1
2025-12-08T02:00:00Z,53173.4
2025-12-08T03:00:00Z,53585.0
2025-12-08T04:00:00Z,56838.8
2025-12-08T05:00:00Z,60174.5
2025-12-08T06:00:00Z,61289.2
2025-12-08T07:00:00Z,63591.1
2025-12-08T08:00:00Z,65360.2
2025-12-08T09:00:00Z,68931.4
2025-12-08T10:00:00Z,70168.3
2025-12-08T11:00:00Z,69004.1
2025-12-08T12:00:00Z,71326.5
2025-12-08T13:00:00Z,69679.5
2025-12-08T14:00:00Z,68309.7
2025-12-08T15:00:00Z,67666.4
2025-12-08T16:00:00Z,65201.8
2025-12-08T17:00:00Z,64347.3
2025-12-08T18:00:00Z,59915.4
2025-12-08T19:00:00Z,57405.4
2025-12-08T20:00:00Z,55361.1
2025-12-08T21:00:00Z,54018.0
2025-12-08T22:00:00Z,53077.0
2025-12-08T23:00:00Z,50769.3
2025-12-09T00:00:00Z,50577.8
2025-12-09T01:00:00Z,50227.2
2025-12-09T02:00:00Z,52286.2
2025-12-09T03:00:00Z,53151.3
2025-12-09T04:00:00Z,57701.9
2025-12-09T05:00:00Z,59823.1
2025-12-09T06:00:00Z,60018.4
2025-12-09T07:00:00Z,63362.7
2025-12-09T08:00:00Z,65906.3
2025-12-09T09:00:00Z,67121.8
2025-12-09T10:00:00Z,68772.6
2025-12-09T11:00:00Z,70558.8
2025-12-09T12:00:00Z,70155.7
2025-12-09T13:00:00Z,69804.1
2025-12-09T14:00:00Z,69060.9
2025-12-09T15:00:00Z,68547.8
2025-12-09T16:00:00Z,65358.6
2025-12-09T17:00:00Z,63560.6
2025-12-09T18:00:00Z,60954.3
2025-12-09T19:00:00Z,58848.6
2025-12-09T20:00:00Z,55802.7
2025-12-09T21:00:00Z,53574.1
2025-12-09T22:00:00Z,51889.7
2025-12-09T23:00:00Z,51671.6
2025-12-10T00:00:00Z,51107.3
2025-12-10T01:00:00Z,51117.2
2025-12-10T02:00:00Z,52461.1
2025-12-10T03:00:00Z,55705.0
2025-12-10T04:00:00Z,56432.4
2025-12-10T05:00:00Z,56648.8
2025-12-10T06:00:00Z,61649.0
2025-12-10T07:00:00Z,63208.3
2025-12-10T08:00:00Z,64596.8
2025-12-10T09:00:00Z,68477.8
2025-12-10T10:00:00Z,68865.1
2025-12-10T11:00:00Z,70703.4
2025-12-10T12:00:00Z,69724.8
2025-12-10T13:00:00Z,70735.3
2025-12-10T14:00:00Z,68703.0
2025-12-10T15:00:00Z,68168.3
2025-12-10T16:00:00Z,66067.5
2025-12-10T17:00:00Z,62171.3
2025-12-10T18:00:00Z,60901.3
2025-12-10T19:00:00Z,58496.2
2025-12-10T20:00:00Z,55754.0
2025-12-10T21:00:00Z,52384.9
2025-12-10T22:00:00Z,52509.2
2025-12-10T23:00:00Z,51068.0
2025-12-11T00:00:00Z,51793.7
2025-12-11T01:00:00Z,50311.2
2025-12-11T02:00:00Z,52910.4
2025-12-11T03:00:00Z,53760.1
2025-12-11T04:00:00Z,57677.2
2025-12-11T05:00:00Z,57151.3
2025-12-11T06:00:00Z,61211.0
2025-12-11T07:00:00Z,62504.3
2025-12-11T08:00:00Z,64490.3
2025-12-11T09:00:00Z,68102.0
2025-12-11T10:00:00Z,69250.6
2025-12-11T11:00:00Z,70567.3
2025-12-11T12:00:00Z,68766.2
2025-12-11T13:00:00Z,68767.9
2025-12-11T14:00:00Z,69239.6
2025-12-11T15:00:00Z,66562.8
2025-12-11T16:00:00Z,66309.0
2025-12-11T17:00:00Z,64270.7
2025-12-11T18:00:00Z,60346.4
2025-12-11T19:00:00Z,57989.2
2025-12-11T20:00:00Z,55668.3
2025-12-11T21:00:00Z,53423.1
2025-12-11T22:00:00Z,52100.3
2025-12-11T23:00:00Z,50983.9
2025-12-12T00:00:00Z,51023.3
2025-12-12T01:00:00Z,50741.0
2025-12-12T02:00:00Z,51550.6
2025-12-12T03:00:00Z,53254.9
2025-12-12T04:00:00Z,54995.1
2025-12-12T05:00:00Z,57738.5
2025-12-12T06:00:00Z,60722.0
2025-12-12T07:00:00Z,64423.9
2025-12-12T08:00:00Z,63790.7
2025-12-12T09:00:00Z,65981.7
2025-12-12T10:00:00Z,68557.6
2025-12-12T11:00:00Z,69597.6
2025-12-12T12:00:00Z,69863.8
2025-12-12T13:00:00Z,71071.6
2025-12-12T14:00:00Z,67150.3
2025-12-12T15:00:00Z,66961.0
2025-12-12T16:00:00Z,64075.9
2025-12-12T17:00:00Z,62535.1
2025-12-12T18:00:00Z,60702.4
2025-12-12T19:00:00Z,56647.0
2025-12-12T20:00:00Z,56305.2
2025-12-12T21:00:00Z,52817.6
2025-12-12T22:00:00Z,51128.7
2025-12-12T23:00:00Z,49690.1
2025-12-13T00:00:00Z,47286.3
2025-12-13T01:00:00Z,47579.9
2025-12-13T02:00:00Z,49797.6
2025-12-13T03:00:00Z,49410.4
2025-12-13T04:00:00Z,52822.1
2025-12-13T05:00:00Z,55642.8
2025-12-13T06:00:00Z,57254.5
2025-12-13T07:00:00Z,60558.8
2025-12-13T08:00:00Z,61706.1
2025-12-13T09:00:00Z,64583.0
2025-12-13T10:00:00Z,65511.1
2025-12-13T11:00:00Z,68467.3
2025-12-13T12:00:00Z,66838.5
2025-12-13T13:00:00Z,66498.8
2025-12-13T14:00:00Z,66101.8
2025-12-13T15:00:00Z,63827.8
2025-12-13T16:00:00Z,62104.1
2025-12-13T17:00:00Z,60214.4
2025-12-13T18:00:00Z,58157.2
2025-12-13T19:00:00Z,54492.0
2025-12-13T20:00:00Z,52700.1
2025-12-13T21:00:00Z,50524.3
2025-12-13T22:00:00Z,49692.8
2025-12-13T23:00:00Z,48832.0
2025-12-14T00:00:00Z,48003.6
2025-12-14T01:00:00Z,48220.8
2025-12-14T02:00:00Z,50402.7
2025-12-14T03:00:00Z,49796.6
2025-12-14T04:00:00Z,53796.3
2025-12-14T05:00:00Z,55233.9
2025-12-14T06:00:00Z,56062.5
2025-12-14T07:00:00Z,59881.0
2025-12-14T08:00:00Z,60962.3
2025-12-14T09:00:00Z,63986.6
2025-12-14T10:00:00Z,63987.6
2025-12-14T11:00:00Z,67156.6
2025-12-14T12:00:00Z,66268.0
2025-12-14T13:00:00Z,67895.4
2025-12-14T14:00:00Z,65033.1
2025-12-14T15:00:00Z,64129.7
2025-12-14T16:00:00Z,61008.7
2025-12-14T17:00:00Z,59675.5
2025-12-14T18:00:00Z,57326.5
2025-12-14T19:00:00Z,55210.0
2025-12-14T20:00:00Z,54465.9
2025-12-14T21:00:00Z,51816.9
2025-12-14T22:00:00Z,49598.6
2025-12-14T23:00:00Z,47751.2
2025-12-15T00:00:00Z,49959.1
2025-12-15T01:00:00Z,50269.0
2025-12-15T02:00:00Z,50793.1
2025-12-15T03:00:00Z,53543.0
2025-12-15T04:00:00Z,54952.3
2025-12-15T05:00:00Z,57739.1
2025-12-15T06:00:00Z,59607.0
2025-12-15T07:00:00Z,62592.7
2025-12-15T08:00:00Z,66022.1
2025-12-15T09:00:00Z,66887.6
2025-12-15T10:00:00Z,68877.4
2025-12-15T11:00:00Z,68418.7
2025-12-15T12:00:00Z,69308.9
2025-12-15T13:00:00Z,68798.5
2025-12-15T14:00:00Z,68546.5
2025-12-15T15:00:00Z,66857.2
2025-12-15T16:00:00Z,64093.0
2025-12-15T17:00:00Z,62598.5
2025-12-15T18:00:00Z,59933.0
2025-12-15T19:00:00Z,56095.5
2025-12-15T20:00:00Z,55010.6
2025-12-15T21:00:00Z,53998.2
2025-12-15T22:00:00Z,50811.1
2025-12-15T23:00:00Z,51439.7
2025-12-16T00:00:00Z,50628.4
2025-12-16T01:00:00Z,50537.2
2025-12-16T02:00:00Z,51718.6
2025-12-16T03:00:00Z,52247.2
2025-12-16T04:00:00Z,55448.8
2025-12-16T05:00:00Z,56064.1
2025-12-16T06:00:00Z,58791.8
2025-12-16T07:00:00Z,62610.9
2025-12-16T08:00:00Z,63615.0
2025-12-16T09:00:00Z,68098.1
2025-12-16T10:00:00Z,68288.7
2025-12-16T11:00:00Z,69705.5
2025-12-16T12:00:00Z,70085.3
2025-12-16T13:00:00Z,68667.9
2025-12-16T14:00:00Z,68044.1
2025-12-16T15:00:00Z,66877.8
2025-12-16T16:00:00Z,64513.4
2025-12-16T17:00:00Z,63454.0
2025-12-16T18:00:00Z,60534.2
2025-12-16T19:00:00Z,57395.9
2025-12-16T20:00:00Z,55918.4
2025-12-16T21:00:00Z,52971.7
2025-12-16T22:00:00Z,52010.3
2025-12-16T23:00:00Z,50557.8
2025-12-17T00:00:00Z,49713.3
2025-12-17T01:00:00Z,49502.2
2025-12-17T02:00:00Z,50637.3
2025-12-17T03:00:00Z,52778.6
2025-12-17T04:00:00Z,55068.4
2025-12-17T05:00:00Z,55333.1
2025-12-17T06:00:00Z,59196.1
2025-12-17T07:00:00Z,62474.9
2025-12-17T08:00:00Z,64196.9
2025-12-17T09:00:00Z,65428.4
2025-12-17T10:00:00Z,67026.1
2025-12-17T11:00:00Z,70143.6
2025-12-17T12:00:00Z,67844.8
2025-12-17T13:00:00Z,68525.4
2025-12-17T14:00:00Z,68492.1
2025-12-17T15:00:00Z,64702.9
2025-12-17T16:00:00Z,64849.6
2025-12-17T17:00:00Z,60746.5
2025-12-17T18:00:00Z,60311.2
2025-12-17T19:00:00Z,59149.7
2025-12-17T20:00:00Z,53695.2
2025-12-17T21:00:00Z,52652.5
2025-12-17T22:00:00Z,51473.5
2025-12-17T23:00:00Z,49762.6
2025-12-18T00:00:00Z,50155.1
2025-12-18T01:00:00Z,49474.2
2025-12-18T02:00:00Z,50551.7
2025-12-18T03:00:00Z,51877.6
2025-12-18T04:00:00Z,54479.9
2025-12-18T05:00:00Z,57218.4
2025-12-18T06:00:00Z,60104.3
2025-12-18T07:00:00Z,61725.1
2025-12-18T08:00:00Z,63271.4
2025-12-18T09:00:00Z,65731.7
2025-12-18T10:00:00Z,67232.6
2025-12-18T11:00:00Z,68291.4
2025-12-18T12:00:00Z,69398.6
2025-12-18T13:00:00Z,68491.4
2025-12-18T14:00:00Z,67717.0
2025-12-18T15:00:00Z,66154.9
2025-12-18T16:00:00Z,64050.4
2025-12-18T17:00:00Z,61425.5
2025-12-18T18:00:00Z,59899.9
2025-12-18T19:00:00Z,56755.9
2025-12-18T20:00:00Z,54418.6
2025-12-18T21:00:00Z,51619.4
2025-12-18T22:00:00Z,50424.5
2025-12-18T23:00:00Z,49546.9
2025-12-19T00:00:00Z,49976.8
2025-12-19T01:00:00Z,48443.3
2025-12-19T02:00:00Z,51390.2
2025-12-19T03:00:00Z,52429.1
2025-12-19T04:00:00Z,53749.5
2025-12-19T05:00:00Z,55953.1
2025-12-19T06:00:00Z,59528.6
2025-12-19T07:00:00Z,61779.8
2025-12-19T08:00:00Z,62338.3
2025-12-19T09:00:00Z,65362.1
2025-12-19T10:00:00Z,66707.7
2025-12-19T11:00:00Z,68343.9
2025-12-19T12:00:00Z,68219.2
2025-12-19T13:00:00Z,68768.5
2025-12-19T14:00:00Z,67023.2
2025-12-19T15:00:00Z,65692.7
2025-12-19T16:00:00Z,64916.8
2025-12-19T17:00:00Z,61413.3
2025-12-19T18:00:00Z,58719.6
2025-12-19T19:00:00Z,56660.4
2025-12-19T20:00:00Z,53273.1
2025-12-19T21:00:00Z,51043.2
2025-12-19T22:00:00Z,50768.7
2025-12-19T23:00:00Z,49359.0
2025-12-20T00:00:00Z,45511.2
2025-12-20T01:00:00Z,47720.9
2025-12-20T02:00:00Z,48486.5
2025-12-20T03:00:00Z,49643.1
2025-12-20T04:00:00Z,51026.0
2025-12-20T05:00:00Z,53609.8
2025-12-20T06:00:00Z,55795.2
2025-12-20T07:00:00Z,59429.6
2025-12-20T08:00:00Z,59907.8
2025-12-20T09:00:00Z,63265.3
2025-12-20T10:00:00Z,64588.7
2025-12-20T11:00:00Z,64628.5
2025-12-20T12:00:00Z,66356.7
2025-12-20T13:00:00Z,65261.8
2025-12-20T14:00:00Z,66070.5
2025-12-20T15:00:00Z,63986.6
2025-12-20T16:00:00Z,61011.9
2025-12-20T17:00:00Z,58437.6
2025-12-20T18:00:00Z,55705.5
2025-12-20T19:00:00Z,53187.2
2025-12-20T20:00:00Z,51699.3
2025-12-20T21:00:00Z,48308.9
2025-12-20T22:00:00Z,48707.0
2025-12-20T23:00:00Z,47528.5
2025-12-21T00:00:00Z,46355.4
2025-12-21T01:00:00Z,47390.5
2025-12-21T02:00:00Z,49589.9
2025-12-21T03:00:00Z,49514.9
2025-12-21T04:00:00Z,52644.1
2025-12-21T05:00:00Z,53350.0
2025-12-21T06:00:00Z,55586.7
2025-12-21T07:00:00Z,59361.3
2025-12-21T08:00:00Z,59342.8
2025-12-21T09:00:00Z,63635.4
2025-12-21T10:00:00Z,64393.4
2025-12-21T11:00:00Z,64969.5
2025-12-21T12:00:00Z,65750.3
2025-12-21T13:00:00Z,65443.3
2025-12-21T14:00:00Z,65393.2
2025-12-21T15:00:00Z,63541.1
2025-12-21T16:00:00Z,61037.6
2025-12-21T17:00:00Z,58382.5
2025-12-21T18:00:00Z,55315.5
2025-12-21T19:00:00Z,53744.2
2025-12-21T20:00:00Z,49205.0
2025-12-21T21:00:00Z,50050.4
2025-12-21T22:00:00Z,47748.9
2025-12-21T23:00:00Z,45458.9
2025-12-22T00:00:00Z,49403.3
2025-12-22T01:00:00Z,48566.6
2025-12-22T02:00:00Z,49865.2
2025-12-22T03:00:00Z,50335.2
2025-12-22T04:00:00Z,53156.0
2025-12-22T05:00:00Z,56201.1
2025-12-22T06:00:00Z,58492.9
2025-12-22T07:00:00Z,61279.1
2025-12-22T08:00:00Z,62779.7
2025-12-22T09:00:00Z,65804.7
2025-12-22T10:00:00Z,65694.6
2025-12-22T11:00:00Z,67383.6
2025-12-22T12:00:00Z,66044.1
2025-12-22T13:00:00Z,67591.2
2025-12-22T14:00:00Z,66438.2
2025-12-22T15:00:00Z,65192.6
2025-12-22T16:00:00Z,63814.0
2025-12-22T17:00:00Z,62089.1
2025-12-22T18:00:00Z,57608.1
2025-12-22T19:00:00Z,55870.6
2025-12-22T20:00:00Z,52176.8
2025-12-22T21:00:00Z,53218.3
2025-12-22T22:00:00Z,51268.5
2025-12-22T23:00:00Z,49640.5
2025-12-23T00:00:00Z,49729.4
2025-12-23T01:00:00Z,49774.8
2025-12-23T02:00:00Z,49539.7
2025-12-23T03:00:00Z,52152.6
2025-12-23T04:00:00Z,54507.8
2025-12-23T05:00:00Z,56532.0
2025-12-23T06:00:00Z,58306.3
2025-12-23T07:00:00Z,60554.1
2025-12-23T08:00:00Z,65082.9
2025-12-23T09:00:00Z,65390.1
2025-12-23T10:00:00Z,67137.8
2025-12-23T11:00:00Z,66537.3
2025-12-23T12:00:00Z,68534.7
2025-12-23T13:00:00Z,67858.2
2025-12-23T14:00:00Z,66010.3
2025-12-23T15:00:00Z,66205.9
2025-12-23T16:00:00Z,63180.9
2025-12-23T17:00:00Z,61384.5
2025-12-23T18:00:00Z,58747.1
2025-12-23T19:00:00Z,55331.2
2025-12-23T20:00:00Z,53805.2
2025-12-23T21:00:00Z,52691.7
2025-12-23T22:00:00Z,49170.7
2025-12-23T23:00:00Z,48265.9
2025-12-24T00:00:00Z,47854.8
2025-12-24T01:00:00Z,49505.3
2025-12-24T02:00:00Z,49502.1
2025-12-24T03:00:00Z,51634.9
2025-12-24T04:00:00Z,54304.1
2025-12-24T05:00:00Z,54805.6
2025-12-24T06:00:00Z,59373.9
2025-12-24T07:00:00Z,60704.3
2025-12-24T08:00:00Z,62858.3
2025-12-24T09:00:00Z,66213.7
2025-12-24T10:00:00Z,66881.9
2025-12-24T11:00:00Z,66422.5
2025-12-24T12:00:00Z,67755.8
2025-12-24T13:00:00Z,66857.9
2025-12-24T14:00:00Z,66728.5
2025-12-24T15:00:00Z,64612.0
2025-12-24T16:00:00Z,62726.6
2025-12-24T17:00:00Z,61448.4
2025-12-24T18:00:00Z,56837.3
2025-12-24T19:00:00Z,55931.2
2025-12-24T20:00:00Z,53201.4
2025-12-24T21:00:00Z,51657.2
2025-12-24T22:00:00Z,47972.1
2025-12-24T23:00:00Z,48146.9
2025-12-25T00:00:00Z,48072.0
2025-12-25T01:00:00Z,50049.3
2025-12-25T02:00:00Z,48680.1
2025-12-25T03:00:00Z,50312.9
2025-12-25T04:00:00Z,53049.9
2025-12-25T05:00:00Z,55775.3
2025-12-25T06:00:00Z,57517.2
2025-12-25T07:00:00Z,60564.0
2025-12-25T08:00:00Z,61503.0
2025-12-25T09:00:00Z,66156.0
2025-12-25T10:00:00Z,66059.0
2025-12-25T11:00:00Z,67392.7
2025-12-25T12:00:00Z,69781.8
2025-12-25T13:00:00Z,66840.1
2025-12-25T14:00:00Z,65336.8
2025-12-25T15:00:00Z,64011.2
2025-12-25T16:00:00Z,64151.4
2025-12-25T17:00:00Z,60344.0
2025-12-25T18:00:00Z,57381.5
2025-12-25T19:00:00Z,55492.5
2025-12-25T20:00:00Z,53165.5
2025-12-25T21:00:00Z,52020.2
2025-12-25T22:00:00Z,50264.0
2025-12-25T23:00:00Z,49029.3
2025-12-26T00:00:00Z,48600.0
2025-12-26T01:00:00Z,47895.4
2025-12-26T02:00:00Z,48492.5
2025-12-26T03:00:00Z,51353.2
2025-12-26T04:00:00Z,53440.1
2025-12-26T05:00:00Z,55473.5
2025-12-26T06:00:00Z,58053.9
2025-12-26T07:00:00Z,60817.3
2025-12-26T08:00:00Z,61715.5
2025-12-26T09:00:00Z,64347.4
2025-12-26T10:00:00Z,65452.6
2025-12-26T11:00:00Z,65616.9
2025-12-26T12:00:00Z,67860.2
2025-12-26T13:00:00Z,66924.1
2025-12-26T14:00:00Z,66472.8
2025-12-26T15:00:00Z,65125.0
2025-12-26T16:00:00Z,61905.2
2025-12-26T17:00:00Z,61518.4
2025-12-26T18:00:00Z,58067.1
2025-12-26T19:00:00Z,56145.1
2025-12-26T20:00:00Z,54375.9
2025-12-26T21:00:00Z,50647.6
2025-12-26T22:00:00Z,49008.5
2025-12-26T23:00:00Z,48685.5
2025-12-27T00:00:00Z,46246.1
2025-12-27T01:00:00Z,46598.9
2025-12-27T02:00:00Z,45066.9
2025-12-27T03:00:00Z,49321.4
2025-12-27T04:00:00Z,49804.5
2025-12-27T05:00:00Z,52871.8
2025-12-27T06:00:00Z,53905.6
2025-12-27T07:00:00Z,56746.3
2025-12-27T08:00:00Z,60063.8
2025-12-27T09:00:00Z,60331.8
2025-12-27T10:00:00Z,63934.8
2025-12-27T11:00:00Z,63816.4
2025-12-27T12:00:00Z,64796.9
2025-12-27T13:00:00Z,64366.5
2025-12-27T14:00:00Z,62844.1
2025-12-27T15:00:00Z,62812.4
2025-12-27T16:00:00Z,61645.4
2025-12-27T17:00:00Z,57957.9
2025-12-27T18:00:00Z,53591.7
2025-12-27T19:00:00Z,52576.1
2025-12-27T20:00:00Z,49980.1
2025-12-27T21:00:00Z,48899.7
2025-12-27T22:00:00Z,46692.6
2025-12-27T23:00:00Z,47399.8
2025-12-28T00:00:00Z,45722.0
2025-12-28T01:00:00Z,45973.6
2025-12-28T02:00:00Z,46179.7
2025-12-28T03:00:00Z,47269.3
2025-12-28T04:00:00Z,49903.8
2025-12-28T05:00:00Z,52451.9
2025-12-28T06:00:00Z,55160.3
2025-12-28T07:00:00Z,57424.8
2025-12-28T08:00:00Z,59357.2
2025-12-28T09:00:00Z,61611.2
2025-12-28T10:00:00Z,62728.2
2025-12-28T11:00:00Z,63266.2
2025-12-28T12:00:00Z,63691.4
2025-12-28T13:00:00Z,64453.4
2025-12-28T14:00:00Z,63679.7
2025-12-28T15:00:00Z,61398.1
2025-12-28T16:00:00Z,59471.9
2025-12-28T17:00:00Z,57701.1
2025-12-28T18:00:00Z,54667.3
2025-12-28T19:00:00Z,54805.3
2025-12-28T20:00:00Z,50074.7
2025-12-28T21:00:00Z,47565.6
2025-12-28T22:00:00Z,45004.3
2025-12-28T23:00:00Z,45662.7
2025-12-29T00:00:00Z,48466.8
2025-12-29T01:00:00Z,47928.3
2025-12-29T02:00:00Z,49927.3
2025-12-29T03:00:00Z,49985.6
2025-12-29T04:00:00Z,52369.8
2025-12-29T05:00:00Z,54620.0
2025-12-29T06:00:00Z,56653.9
2025-12-29T07:00:00Z,58555.4
2025-12-29T08:00:00Z,61297.3
2025-12-29T09:00:00Z,62527.6
2025-12-29T10:00:00Z,66185.6
2025-12-29T11:00:00Z,66400.4
2025-12-29T12:00:00Z,66782.1
2025-12-29T13:00:00Z,66077.8
2025-12-29T14:00:00Z,66339.8
2025-12-29T15:00:00Z,63372.9
2025-12-29T16:00:00Z,63409.5
2025-12-29T17:00:00Z,60611.6
2025-12-29T18:00:00Z,56695.7
2025-12-29T19:00:00Z,54607.8
2025-12-29T20:00:00Z,52954.6
2025-12-29T21:00:00Z,51462.7
2025-12-29T22:00:00Z,48298.9
2025-12-29T23:00:00Z,47573.8
2025-12-30T00:00:00Z,49460.5
2025-12-30T01:00:00Z,48518.3
2025-12-30T02:00:00Z,49459.8
2025-12-30T03:00:00Z,51817.5
2025-12-30T04:00:00Z,52616.3
2025-12-30T05:00:00Z,54211.6
2025-12-30T06:00:00Z,55679.6
2025-12-30T07:00:00Z,60241.4
2025-12-30T08:00:00Z,60961.3
2025-12-30T09:00:00Z,64396.2
2025-12-30T10:00:00Z,63804.8
2025-12-30T11:00:00Z,65966.4
2025-12-30T12:00:00Z,66659.3
2025-12-30T13:00:00Z,65344.0
2025-12-30T14:00:00Z,64948.4
2025-12-30T15:00:00Z,63193.0
2025-12-30T16:00:00Z,61972.8
2025-12-30T17:00:00Z,58543.0
2025-12-30T18:00:00Z,56854.2
2025-12-30T19:00:00Z,55677.3
2025-12-30T20:00:00Z,53381.1
2025-12-30T21:00:00Z,51782.9
2025-12-30T22:00:00Z,49074.4
2025-12-30T23:00:00Z,47455.9
2025-12-31T00:00:00Z,47525.1
2025-12-31T01:00:00Z,48158.2
2025-12-31T02:00:00Z,48773.5
2025-12-31T03:00:00Z,51237.9
2025-12-31T04:00:00Z,51540.2
2025-12-31T05:00:00Z,54218.5
2025-12-31T06:00:00Z,55654.5
2025-12-31T07:00:00Z,59021.6
2025-12-31T08:00:00Z,62669.3
2025-12-31T09:00:00Z,63708.5
2025-12-31T10:00:00Z,65792.7
2025-12-31T11:00:00Z,66496.1
2025-12-31T12:00:00Z,67253.3
2025-12-31T13:00:00Z,65484.7
2025-12-31T14:00:00Z,65622.0
2025-12-31T15:00:00Z,64210.8
2025-12-31T16:00:00Z,62603.3
2025-12-31T17:00:00Z,60475.4
2025-12-31T18:00:00Z,56473.5
2025-12-31T19:00:00Z,53238.1
2025-12-31T20:00:00Z,51552.6
2025-12-31T21:00:00Z,51136.4
2025-12-31T22:00:00Z,47754.0
2025-12-31T23:00:00Z,46487.2
2026-01-01T00:00:00Z,46018.5
2026-01-01T01:00:00Z,46354.5
2026-01-01T02:00:00Z,48932.9
2026-01-01T03:00:00Z,49268.4
2026-01-01T04:00:00Z,51373.0
2026-01-01T05:00:00Z,55106.1
2026-01-01T06:00:00Z,57427.4
2026-01-01T07:00:00Z,59870.9
2026-01-01T08:00:00Z,60869.9
2026-01-01T09:00:00Z,62108.8
2026-01-01T10:00:00Z,65282.0
2026-01-01T11:00:00Z,67365.8
2026-01-01T12:00:00Z,66002.4
2026-01-01T13:00:00Z,65742.4
2026-01-01T14:00:00Z,62398.9
2026-01-01T15:00:00Z,64860.3
2026-01-01T16:00:00Z,61323.2
2026-01-01T17:00:00Z,57770.8
2026-01-01T18:00:00Z,56630.6
2026-01-01T19:00:00Z,53713.9
2026-01-01T20:00:00Z,52376.0
2026-01-01T21:00:00Z,51607.3
2026-01-01T22:00:00Z,47711.0
2026-01-01T23:00:00Z,47520.4
2026-01-02T00:00:00Z,46565.7
2026-01-02T01:00:00Z,46669.2
2026-01-02T02:00:00Z,48529.8
2026-01-02T03:00:00Z,50927.6
2026-01-02T04:00:00Z,52030.9
2026-01-02T05:00:00Z,53654.6
2026-01-02T06:00:00Z,56898.5
2026-01-02T07:00:00Z,59160.1
2026-01-02T08:00:00Z,61941.0
2026-01-02T09:00:00Z,62836.7
2026-01-02T10:00:00Z,64915.9
2026-01-02T11:00:00Z,67084.8
2026-01-02T12:00:00Z,66108.2
2026-01-02T13:00:00Z,66548.0
2026-01-02T14:00:00Z,64797.2
2026-01-02T15:00:00Z,63335.0
2026-01-02T16:00:00Z,60693.6
2026-01-02T17:00:00Z,61252.6
2026-01-02T18:00:00Z,57442.8
2026-01-02T19:00:00Z,54941.7
2026-01-02T20:00:00Z,52605.7
2026-01-02T21:00:00Z,48871.6
2026-01-02T22:00:00Z,47553.9
2026-01-02T23:00:00Z,47056.0
2026-01-03T00:00:00Z,42662.6
2026-01-03T01:00:00Z,43612.8
2026-01-03T02:00:00Z,45961.0
2026-01-03T03:00:00Z,45113.8
2026-01-03T04:00:00Z,48092.7
2026-01-03T05:00:00Z,51048.1
2026-01-03T06:00:00Z,53540.6
2026-01-03T07:00:00Z,56076.6
2026-01-03T08:00:00Z,57808.9
2026-01-03T09:00:00Z,61139.4
2026-01-03T10:00:00Z,60044.6
2026-01-03T11:00:00Z,63231.3
2026-01-03T12:00:00Z,62012.9
2026-01-03T13:00:00Z,62316.0
2026-01-03T14:00:00Z,61878.8
2026-01-03T15:00:00Z,61699.8
2026-01-03T16:00:00Z,57690.1
2026-01-03T17:00:00Z,54942.5
2026-01-03T18:00:00Z,54397.3
2026-01-03T19:00:00Z,51061.8
2026-01-03T20:00:00Z,48821.4
2026-01-03T21:00:00Z,47270.9
2026-01-03T22:00:00Z,46098.3
2026-01-03T23:00:00Z,44462.1
2026-01-04T00:00:00Z,42118.1
2026-01-04T01:00:00Z,43972.8
2026-01-04T02:00:00Z,45114.9
2026-01-04T03:00:00Z,45696.4
2026-01-04T04:00:00Z,47794.2
2026-01-04T05:00:00Z,51444.6
2026-01-04T06:00:00Z,53616.8
2026-01-04T07:00:00Z,55181.3
2026-01-04T08:00:00Z,58676.8
2026-01-04T09:00:00Z,60323.5
2026-01-04T10:00:00Z,60706.0
2026-01-04T11:00:00Z,62482.6
2026-01-04T12:00:00Z,61976.0
2026-01-04T13:00:00Z,62009.5
2026-01-04T14:00:00Z,61984.3
2026-01-04T15:00:00Z,59232.9
2026-01-04T16:00:00Z,57225.1
2026-01-04T17:00:00Z,56210.1
2026-01-04T18:00:00Z,52611.5
2026-01-04T19:00:00Z,50714.2
2026-01-04T20:00:00Z,48413.5
2026-01-04T21:00:00Z,46495.8
2026-01-04T22:00:00Z,45404.0
2026-01-04T23:00:00Z,43791.1
2026-01-05T00:00:00Z,45661.3
2026-01-05T01:00:00Z,46240.0
2026-01-05T02:00:00Z,48505.2
2026-01-05T03:00:00Z,49846.1
2026-01-05T04:00:00Z,51045.7
2026-01-05T05:00:00Z,54394.2
2026-01-05T06:00:00Z,56463.6
2026-01-05T07:00:00Z,57520.2
2026-01-05T08:00:00Z,61912.7
2026-01-05T09:00:00Z,64937.5
2026-01-05T10:00:00Z,64508.1
2026-01-05T11:00:00Z,63876.3
2026-01-05T12:00:00Z,66708.6
2026-01-05T13:00:00Z,65666.0
2026-01-05T14:00:00Z,64130.7
2026-01-05T15:00:00Z,61057.3
2026-01-05T16:00:00Z,60616.0
2026-01-05T17:00:00Z,58140.5
2026-01-05T18:00:00Z,55640.8
2026-01-05T19:00:00Z,53069.0
2026-01-05T20:00:00Z,51861.6
2026-01-05T21:00:00Z,48761.5
2026-01-05T22:00:00Z,47918.8
2026-01-05T23:00:00Z,45082.1
2026-01-06T00:00:00Z,45293.7
2026-01-06T01:00:00Z,46408.9
2026-01-06T02:00:00Z,46659.1
2026-01-06T03:00:00Z,48932.8
2026-01-06T04:00:00Z,50852.8
2026-01-06T05:00:00Z,53362.4
2026-01-06T06:00:00Z,55433.0
2026-01-06T07:00:00Z,58697.7
2026-01-06T08:00:00Z,59410.2
2026-01-06T09:00:00Z,62172.8
2026-01-06T10:00:00Z,65245.6
2026-01-06T11:00:00Z,64646.3
2026-01-06T12:00:00Z,66540.1
2026-01-06T13:00:00Z,65261.8
2026-01-06T14:00:00Z,63830.1
2026-01-06T15:00:00Z,62566.7
2026-01-06T16:00:00Z,61787.5
2026-01-06T17:00:00Z,57934.5
2026-01-06T18:00:00Z,54807.1
2026-01-06T19:00:00Z,53614.8
2026-01-06T20:00:00Z,51472.3
2026-01-06T21:00:00Z,49592.2
2026-01-06T22:00:00Z,46154.8
2026-01-06T23:00:00Z,46738.0
2026-01-07T00:00:00Z,45946.5
2026-01-07T01:00:00Z,46020.4
2026-01-07T02:00:00Z,46799.4
2026-01-07T03:00:00Z,49081.1
2026-01-07T04:00:00Z,50641.0
2026-01-07T05:00:00Z,52975.5
2026-01-07T06:00:00Z,57103.8
2026-01-07T07:00:00Z,58032.5
2026-01-07T08:00:00Z,59374.5
2026-01-07T09:00:00Z,61554.6
2026-01-07T10:00:00Z,63209.2
2026-01-07T11:00:00Z,63485.9
2026-01-07T12:00:00Z,65977.8
2026-01-07T13:00:00Z,66270.5
2026-01-07T14:00:00Z,63312.8
2026-01-07T15:00:00Z,63019.2
2026-01-07T16:00:00Z,59698.5
2026-01-07T17:00:00Z,57432.7
2026-01-07T18:00:00Z,54090.7
2026-01-07T19:00:00Z,52960.2
2026-01-07T20:00:00Z,51678.7
2026-01-07T21:00:00Z,49712.6
2026-01-07T22:00:00Z,47596.2
2026-01-07T23:00:00Z,45997.8
2026-01-08T00:00:00Z,46652.5
2026-01-08T01:00:00Z,47409.5
2026-01-08T02:00:00Z,46359.9
2026-01-08T03:00:00Z,48715.9
2026-01-08T04:00:00Z,50451.1
2026-01-08T05:00:00Z,52294.4
2026-01-08T06:00:00Z,54354.7
2026-01-08T07:00:00Z,57117.4
2026-01-08T08:00:00Z,60191.6
2026-01-08T09:00:00Z,62297.9
2026-01-08T10:00:00Z,63732.7
2026-01-08T11:00:00Z,65607.1
2026-01-08T12:00:00Z,64355.6
2026-01-08T13:00:00Z,63571.3
2026-01-08T14:00:00Z,62675.1
2026-01-08T15:00:00Z,62410.5
2026-01-08T16:00:00Z,59671.5
2026-01-08T17:00:00Z,56464.8
2026-01-08T18:00:00Z,56039.7
2026-01-08T19:00:00Z,53933.0
2026-01-08T20:00:00Z,50638.9
2026-01-08T21:00:00Z,49019.1
2026-01-08T22:00:00Z,45858.2
2026-01-08T23:00:00Z,44884.3
2026-01-09T00:00:00Z,45619.6
2026-01-09T01:00:00Z,45984.8
2026-01-09T02:00:00Z,46622.5
2026-01-09T03:00:00Z,48072.6
2026-01-09T04:00:00Z,49790.9
2026-01-09T05:00:00Z,53767.2
2026-01-09T06:00:00Z,54413.1
2026-01-09T07:00:00Z,57479.5
2026-01-09T08:00:00Z,60736.0
2026-01-09T09:00:00Z,61077.1
2026-01-09T10:00:00Z,63536.7
2026-01-09T11:00:00Z,64289.5
2026-01-09T12:00:00Z,65203.3
2026-01-09T13:00:00Z,62423.1
2026-01-09T14:00:00Z,63183.7
2026-01-09T15:00:00Z,61265.0
2026-01-09T16:00:00Z,60777.8
2026-01-09T17:00:00Z,57541.6
2026-01-09T18:00:00Z,54648.3
2026-01-09T19:00:00Z,53321.5
2026-01-09T20:00:00Z,50806.7
2026-01-09T21:00:00Z,49118.3
2026-01-09T22:00:00Z,47644.6
2026-01-09T23:00:00Z,46433.3
2026-01-10T00:00:00Z,42161.6
2026-01-10T01:00:00Z,43186.2
2026-01-10T02:00:00Z,44144.9
2026-01-10T03:00:00Z,45723.8
2026-01-10T04:00:00Z,47695.6
2026-01-10T05:00:00Z,49816.6
2026-01-10T06:00:00Z,51894.3
2026-01-10T07:00:00Z,54659.2
2026-01-10T08:00:00Z,56248.4
2026-01-10T09:00:00Z,58305.5
2026-01-10T10:00:00Z,61131.2
2026-01-10T11:00:00Z,61255.8
2026-01-10T12:00:00Z,61913.0
2026-01-10T13:00:00Z,61080.4
2026-01-10T14:00:00Z,59244.4
2026-01-10T15:00:00Z,58703.4
2026-01-10T16:00:00Z,58327.6
2026-01-10T17:00:00Z,54633.4
2026-01-10T18:00:00Z,51683.3
2026-01-10T19:00:00Z,50297.1
2026-01-10T20:00:00Z,47036.7
2026-01-10T21:00:00Z,44943.2
2026-01-10T22:00:00Z,42654.8
2026-01-10T23:00:00Z,41572.4
2026-01-11T00:00:00Z,42751.6
2026-01-11T01:00:00Z,42856.2
2026-01-11T02:00:00Z,43736.3
2026-01-11T03:00:00Z,45787.2
2026-01-11T04:00:00Z,46855.4
2026-01-11T05:00:00Z,49555.9
2026-01-11T06:00:00Z,51332.7
2026-01-11T07:00:00Z,53825.0
2026-01-11T08:00:00Z,56232.6
2026-01-11T09:00:00Z,59597.1
2026-01-11T10:00:00Z,60915.5
2026-01-11T11:00:00Z,60502.9
2026-01-11T12:00:00Z,61381.5
2026-01-11T13:00:00Z,61405.5
2026-01-11T14:00:00Z,59704.0
2026-01-11T15:00:00Z,59362.9
2026-01-11T16:00:00Z,56202.2
2026-01-11T17:00:00Z,54245.1
2026-01-11T18:00:00Z,51758.1
2026-01-11T19:00:00Z,48060.4
2026-01-11T20:00:00Z,45818.6
2026-01-11T21:00:00Z,44539.7
2026-01-11T22:00:00Z,44652.5
2026-01-11T23:00:00Z,43208.5
2026-01-12T00:00:00Z,45245.3
2026-01-12T01:00:00Z,44710.3
2026-01-12T02:00:00Z,45796.5
2026-01-12T03:00:00Z,47733.8
2026-01-12T04:00:00Z,49903.7
2026-01-12T05:00:00Z,50787.5
2026-01-12T06:00:00Z,53923.1
2026-01-12T07:00:00Z,56364.3
2026-01-12T08:00:00Z,60347.1
2026-01-12T09:00:00Z,60850.5
2026-01-12T10:00:00Z,62158.8
2026-01-12T11:00:00Z,64426.2
2026-01-12T12:00:00Z,63747.4
2026-01-12T13:00:00Z,64518.5
2026-01-12T14:00:00Z,62039.1
2026-01-12T15:00:00Z,62793.8
2026-01-12T16:00:00Z,59229.2
2026-01-12T17:00:00Z,57088.4
2026-01-12T18:00:00Z,54298.9
2026-01-12T19:00:00Z,51965.1
2026-01-12T20:00:00Z,49701.1
2026-01-12T21:00:00Z,47430.6
2026-01-12T22:00:00Z,47161.4
2026-01-12T23:00:00Z,43402.6
2026-01-13T00:00:00Z,43707.5
2026-01-13T01:00:00Z,44706.7
2026-01-13T02:00:00Z,45860.2
2026-01-13T03:00:00Z,48647.1
2026-01-13T04:00:00Z,49926.0
2026-01-13T05:00:00Z,51801.0
2026-01-13T06:00:00Z,53645.6
2026-01-13T07:00:00Z,58348.8
2026-01-13T08:00:00Z,59791.0
2026-01-13T09:00:00Z,63127.5
2026-01-13T10:00:00Z,61418.2
2026-01-13T11:00:00Z,64952.5
2026-01-13T12:00:00Z,63820.8
2026-01-13T13:00:00Z,62890.0
2026-01-13T14:00:00Z,62716.6
2026-01-13T15:00:00Z,61182.2
2026-01-13T16:00:00Z,58846.0
2026-01-13T17:00:00Z,55618.2
2026-01-13T18:00:00Z,54012.9
2026-01-13T19:00:00Z,50777.6
2026-01-13T20:00:00Z,49559.3
2026-01-13T21:00:00Z,46407.1
2026-01-13T22:00:00Z,46145.6
2026-01-13T23:00:00Z,44680.0
2026-01-14T00:00:00Z,45245.6
2026-01-14T01:00:00Z,44177.2
2026-01-14T02:00:00Z,44681.1
2026-01-14T03:00:00Z,46166.4
2026-01-14T04:00:00Z,49493.8
2026-01-14T05:00:00Z,54755.2
2026-01-14T06:00:00Z,52978.9
2026-01-14T07:00:00Z,56069.2
2026-01-14T08:00:00Z,60121.4
2026-01-14T09:00:00Z,61399.5
2026-01-14T10:00:00Z,63419.5
2026-01-14T11:00:00Z,63605.5
2026-01-14T12:00:00Z,64073.8
2026-01-14T13:00:00Z,63397.8
2026-01-14T14:00:00Z,61503.3
2026-01-14T15:00:00Z,61036.0
2026-01-14T16:00:00Z,58094.1
2026-01-14T17:00:00Z,57057.6
2026-01-14T18:00:00Z,51881.3
2026-01-14T19:00:00Z,49909.4
2026-01-14T20:00:00Z,49132.2
2026-01-14T21:00:00Z,47327.9
2026-01-14T22:00:00Z,47201.0
2026-01-14T23:00:00Z,44100.7
2026-01-15T00:00:00Z,44728.8
2026-01-15T01:00:00Z,43101.4
2026-01-15T02:00:00Z,47407.6
2026-01-15T03:00:00Z,44939.3
2026-01-15T04:00:00Z,50225.3
2026-01-15T05:00:00Z,51032.4
2026-01-15T06:00:00Z,52350.8
2026-01-15T07:00:00Z,55834.3
2026-01-15T08:00:00Z,59309.2
2026-01-15T09:00:00Z,60471.8
2026-01-15T10:00:00Z,61434.8
2026-01-15T11:00:00Z,63209.1
2026-01-15T12:00:00Z,63386.8
2026-01-15T13:00:00Z,63796.3
2026-01-15T14:00:00Z,62649.2
2026-01-15T15:00:00Z,60193.5
2026-01-15T16:00:00Z,57960.3
2026-01-15T17:00:00Z,56295.4
2026-01-15T18:00:00Z,53647.8
2026-01-15T19:00:00Z,51496.2
2026-01-15T20:00:00Z,48143.2
2026-01-15T21:00:00Z,47076.1
2026-01-15T22:00:00Z,44790.8
2026-01-15T23:00:00Z,44940.2
2026-01-16T00:00:00Z,44173.7
2026-01-16T01:00:00Z,44088.0
2026-01-16T02:00:00Z,43981.2
2026-01-16T03:00:00Z,47676.5
2026-01-16T04:00:00Z,48081.1
2026-01-16T05:00:00Z,50699.2
2026-01-16T06:00:00Z,53500.9
2026-01-16T07:00:00Z,56385.2
2026-01-16T08:00:00Z,57937.9
2026-01-16T09:00:00Z,59946.8
2026-01-16T10:00:00Z,60749.4
2026-01-16T11:00:00Z,63691.8
2026-01-16T12:00:00Z,62787.9
2026-01-16T13:00:00Z,62480.0
2026-01-16T14:00:00Z,60227.5
2026-01-16T15:00:00Z,59897.1
2026-01-16T16:00:00Z,59085.3
2026-01-16T17:00:00Z,56911.1
2026-01-16T18:00:00Z,52745.2
2026-01-16T19:00:00Z,51137.9
2026-01-16T20:00:00Z,49279.2
2026-01-16T21:00:00Z,45642.0
2026-01-16T22:00:00Z,44954.7
2026-01-16T23:00:00Z,44866.5
2026-01-17T00:00:00Z,41981.5
2026-01-17T01:00:00Z,40269.8
2026-01-17T02:00:00Z,41504.4
2026-01-17T03:00:00Z,44848.6
2026-01-17T04:00:00Z,45583.5
2026-01-17T05:00:00Z,48513.3
2026-01-17T06:00:00Z,49779.7
2026-01-17T07:00:00Z,54134.3
2026-01-17T08:00:00Z,55828.9
2026-01-17T09:00:00Z,58640.3
2026-01-17T10:00:00Z,58277.5
2026-01-17T11:00:00Z,59554.5
2026-01-17T12:00:00Z,59341.3
2026-01-17T13:00:00Z,58998.8
2026-01-17T14:00:00Z,57956.2
2026-01-17T15:00:00Z,57623.2
2026-01-17T16:00:00Z,54746.3
2026-01-17T17:00:00Z,53135.1
2026-01-17T18:00:00Z,50104.0
2026-01-17T19:00:00Z,48452.9
2026-01-17T20:00:00Z,46513.3
2026-01-17T21:00:00Z,44503.4
2026-01-17T22:00:00Z,43029.3
2026-01-17T23:00:00Z,41259.2
2026-01-18T00:00:00Z,41410.6
2026-01-18T01:00:00Z,40962.5
2026-01-18T02:00:00Z,41480.3
2026-01-18T03:00:00Z,42665.7
2026-01-18T04:00:00Z,45615.8
2026-01-18T05:00:00Z,48190.5
2026-01-18T06:00:00Z,51777.4
2026-01-18T07:00:00Z,52571.4
2026-01-18T08:00:00Z,56456.3
2026-01-18T09:00:00Z,56017.9
2026-01-18T10:00:00Z,58726.4
2026-01-18T11:00:00Z,61643.6
2026-01-18T12:00:00Z,59824.5
2026-01-18T13:00:00Z,59047.3
2026-01-18T14:00:00Z,57992.8
2026-01-18T15:00:00Z,59077.6
2026-01-18T16:00:00Z,56301.8
2026-01-18T17:00:00Z,52539.8
2026-01-18T18:00:00Z,50133.1
2026-01-18T19:00:00Z,46018.4
2026-01-18T20:00:00Z,45551.4
2026-01-18T21:00:00Z,44955.7
2026-01-18T22:00:00Z,40631.4
2026-01-18T23:00:00Z,42092.6
2026-01-19T00:00:00Z,43869.6
2026-01-19T01:00:00Z,44967.2
2026-01-19T02:00:00Z,44232.9
2026-01-19T03:00:00Z,46408.5
2026-01-19T04:00:00Z,49279.3
2026-01-19T05:00:00Z,50904.9
2026-01-19T06:00:00Z,53571.0
2026-01-19T07:00:00Z,55236.9
2026-01-19T08:00:00Z,57663.3
2026-01-19T09:00:00Z,59332.7
2026-01-19T10:00:00Z,61424.1
2026-01-19T11:00:00Z,62318.8
2026-01-19T12:00:00Z,62414.8
2026-01-19T13:00:00Z,60574.4
2026-01-19T14:00:00Z,60193.9
2026-01-19T15:00:00Z,59749.6
2026-01-19T16:00:00Z,58754.8
2026-01-19T17:00:00Z,54785.1
2026-01-19T18:00:00Z,52585.2
2026-01-19T19:00:00Z,50488.4
2026-01-19T20:00:00Z,48985.0
2026-01-19T21:00:00Z,47555.9
2026-01-19T22:00:00Z,44914.4
2026-01-19T23:00:00Z,43735.4
2026-01-20T00:00:00Z,42559.5
2026-01-20T01:00:00Z,43842.6
2026-01-20T02:00:00Z,44253.7
2026-01-20T03:00:00Z,46139.1
2026-01-20T04:00:00Z,47291.0
2026-01-20T05:00:00Z,51197.2
2026-01-20T06:00:00Z,52483.8
2026-01-20T07:00:00Z,54060.4
2026-01-20T08:00:00Z,57585.5
2026-01-20T09:00:00Z,58712.7
2026-01-20T10:00:00Z,61563.3
2026-01-20T11:00:00Z,63159.9
2026-01-20T12:00:00Z,62860.2
2026-01-20T13:00:00Z,61970.9
2026-01-20T14:00:00Z,60467.7
2026-01-20T15:00:00Z,59219.5
2026-01-20T16:00:00Z,59332.5
2026-01-20T17:00:00Z,56158.6
2026-01-20T18:00:00Z,52006.2
2026-01-20T19:00:00Z,49578.2
2026-01-20T20:00:00Z,48323.0
2026-01-20T21:00:00Z,46113.8
2026-01-20T22:00:00Z,44599.7
2026-01-20T23:00:00Z,44051.3
2026-01-21T00:00:00Z,42161.9
2026-01-21T01:00:00Z,42712.8
2026-01-21T02:00:00Z,45130.6
2026-01-21T03:00:00Z,46107.4
2026-01-21T04:00:00Z,47644.9
2026-01-21T05:00:00Z,50087.1
2026-01-21T06:00:00Z,53170.1
2026-01-21T07:00:00Z,55384.5
2026-01-21T08:00:00Z,56921.3
2026-01-21T09:00:00Z,58517.1
2026-01-21T10:00:00Z,61616.5
2026-01-21T11:00:00Z,60965.4
2026-01-21T12:00:00Z,63905.1
2026-01-21T13:00:00Z,61017.7
2026-01-21T14:00:00Z,60486.2
2026-01-21T15:00:00Z,60324.6
2026-01-21T16:00:00Z,58624.4
2026-01-21T17:00:00Z,55203.3
2026-01-21T18:00:00Z,50525.9
2026-01-21T19:00:00Z,50074.9
2026-01-21T20:00:00Z,46178.7
2026-01-21T21:00:00Z,45462.3
2026-01-21T22:00:00Z,45018.5
2026-01-21T23:00:00Z,44014.6
2026-01-22T00:00:00Z,42951.5
2026-01-22T01:00:00Z,43377.2
2026-01-22T02:00:00Z,44638.8
2026-01-22T03:00:00Z,45350.6
2026-01-22T04:00:00Z,47357.3
2026-01-22T05:00:00Z,50940.9
2026-01-22T06:00:00Z,52850.9
2026-01-22T07:00:00Z,55919.9
2026-01-22T08:00:00Z,57592.5
2026-01-22T09:00:00Z,59569.1
2026-01-22T10:00:00Z,61450.9
2026-01-22T11:00:00Z,62320.3
2026-01-22T12:00:00Z,63447.1
2026-01-22T13:00:00Z,62225.2
2026-01-22T14:00:00Z,60411.5
2026-01-22T15:00:00Z,58946.9
2026-01-22T16:00:00Z,56513.0
2026-01-22T17:00:00Z,55137.0
2026-01-22T18:00:00Z,51904.0
2026-01-22T19:00:00Z,48931.9
2026-01-22T20:00:00Z,48178.0
2026-01-22T21:00:00Z,46853.5
2026-01-22T22:00:00Z,42864.1
2026-01-22T23:00:00Z,43957.9
2026-01-23T00:00:00Z,42826.6
2026-01-23T01:00:00Z,42161.3
2026-01-23T02:00:00Z,43389.6
2026-01-23T03:00:00Z,45315.4
2026-01-23T04:00:00Z,49295.6
2026-01-23T05:00:00Z,49967.2
2026-01-23T06:00:00Z,53531.2
2026-01-23T07:00:00Z,54271.2
2026-01-23T08:00:00Z,57919.5
2026-01-23T09:00:00Z,59708.2
2026-01-23T10:00:00Z,60047.6
2026-01-23T11:00:00Z,61084.4
2026-01-23T12:00:00Z,62267.0
2026-01-23T13:00:00Z,60282.7
2026-01-23T14:00:00Z,60566.3
2026-01-23T15:00:00Z,58023.0
2026-01-23T16:00:00Z,57073.2
2026-01-23T17:00:00Z,55093.9
2026-01-23T18:00:00Z,52819.9
2026-01-23T19:00:00Z,50098.1
2026-01-23T20:00:00Z,47311.9
2026-01-23T21:00:00Z,45042.1
2026-01-23T22:00:00Z,43262.5
2026-01-23T23:00:00Z,42499.0
2026-01-24T00:00:00Z,39444.8
2026-01-24T01:00:00Z,39699.8
2026-01-24T02:00:00Z,41215.4
2026-01-24T03:00:00Z,42056.8
2026-01-24T04:00:00Z,43319.7
2026-01-24T05:00:00Z,47445.7
2026-01-24T06:00:00Z,48790.5
2026-01-24T07:00:00Z,50545.9
2026-01-24T08:00:00Z,53458.9
2026-01-24T09:00:00Z,55912.1
2026-01-24T10:00:00Z,57536.1
2026-01-24T11:00:00Z,58840.4
2026-01-24T12:00:00Z,60535.5
2026-01-24T13:00:00Z,57620.7
2026-01-24T14:00:00Z,58999.1
2026-01-24T15:00:00Z,56320.5
2026-01-24T16:00:00Z,53941.3
2026-01-24T17:00:00Z,50082.0
2026-01-24T18:00:00Z,49159.6
2026-01-24T19:00:00Z,47425.3
2026-01-24T20:00:00Z,43740.9
2026-01-24T21:00:00Z,41370.7
2026-01-24T22:00:00Z,40018.9
2026-01-24T23:00:00Z,40241.7
2026-01-25T00:00:00Z,39605.3
2026-01-25T01:00:00Z,41181.6
2026-01-25T02:00:00Z,40475.8
2026-01-25T03:00:00Z,43032.8
2026-01-25T04:00:00Z,43399.9
2026-01-25T05:00:00Z,46516.6
2026-01-25T06:00:00Z,50061.5
2026-01-25T07:00:00Z,51438.3
2026-01-25T08:00:00Z,54406.4
2026-01-25T09:00:00Z,54955.8
2026-01-25T10:00:00Z,56750.0
2026-01-25T11:00:00Z,58026.5
2026-01-25T12:00:00Z,57882.6
2026-01-25T13:00:00Z,58090.5
2026-01-25T14:00:00Z,58678.0
2026-01-25T15:00:00Z,55791.0
2026-01-25T16:00:00Z,54189.9
2026-01-25T17:00:00Z,52927.4
2026-01-25T18:00:00Z,49205.1
2026-01-25T19:00:00Z,46581.1
2026-01-25T20:00:00Z,43993.1
2026-01-25T21:00:00Z,43290.8
2026-01-25T22:00:00Z,41599.2
2026-01-25T23:00:00Z,41556.6
2026-01-26T00:00:00Z,43713.3
2026-01-26T01:00:00Z,41185.1
2026-01-26T02:00:00Z,43960.0
2026-01-26T03:00:00Z,46571.4
2026-01-26T04:00:00Z,47125.4
2026-01-26T05:00:00Z,49322.2
2026-01-26T06:00:00Z,50757.0
2026-01-26T07:00:00Z,55085.0
2026-01-26T08:00:00Z,55675.9
2026-01-26T09:00:00Z,58618.0
2026-01-26T10:00:00Z,59737.4
2026-01-26T11:00:00Z,61337.8
2026-01-26T12:00:00Z,60947.1
2026-01-26T13:00:00Z,60628.8
2026-01-26T14:00:00Z,60837.4
2026-01-26T15:00:00Z,58450.6
2026-01-26T16:00:00Z,57222.5
2026-01-26T17:00:00Z,53638.5
2026-01-26T18:00:00Z,52876.6
2026-01-26T19:00:00Z,49620.9
2026-01-26T20:00:00Z,47865.7
2026-01-26T21:00:00Z,45515.3
2026-01-26T22:00:00Z,42102.1
2026-01-26T23:00:00Z,40338.2
2026-01-27T00:00:00Z,42727.5
2026-01-27T01:00:00Z,41816.0
2026-01-27T02:00:00Z,42836.4
2026-01-27T03:00:00Z,44016.3
2026-01-27T04:00:00Z,46230.0
2026-01-27T05:00:00Z,49235.1
2026-01-27T06:00:00Z,52191.1
2026-01-27T07:00:00Z,53731.9
2026-01-27T08:00:00Z,54529.4
2026-01-27T09:00:00Z,58750.0
2026-01-27T10:00:00Z,60037.3
2026-01-27T11:00:00Z,60264.3
2026-01-27T12:00:00Z,60045.4
2026-01-27T13:00:00Z,59682.9
2026-01-27T14:00:00Z,60801.3
2026-01-27T15:00:00Z,57775.5
2026-01-27T16:00:00Z,57245.4
2026-01-27T17:00:00Z,53761.6
2026-01-27T18:00:00Z,52178.4
2026-01-27T19:00:00Z,48244.1
2026-01-27T20:00:00Z,45654.9
2026-01-27T21:00:00Z,44517.1
2026-01-27T22:00:00Z,41757.7
2026-01-27T23:00:00Z,41114.9
2026-01-28T00:00:00Z,42039.6
2026-01-28T01:00:00Z,43247.0
2026-01-28T02:00:00Z,43096.5
2026-01-28T03:00:00Z,43153.0
2026-01-28T04:00:00Z,45645.1
2026-01-28T05:00:00Z,48929.1
2026-01-28T06:00:00Z,51160.1
2026-01-28T07:00:00Z,55686.9
2026-01-28T08:00:00Z,57597.3
2026-01-28T09:00:00Z,57830.9
2026-01-28T10:00:00Z,61283.3
2026-01-28T11:00:00Z,59794.0
2026-01-28T12:00:00Z,60123.3
2026-01-28T13:00:00Z,61710.4
2026-01-28T14:00:00Z,58757.7
2026-01-28T15:00:00Z,57621.7
2026-01-28T16:00:00Z,57370.7
2026-01-28T17:00:00Z,53432.6
2026-01-28T18:00:00Z,52376.0
2026-01-28T19:00:00Z,49364.7
2026-01-28T20:00:00Z,46136.4
2026-01-28T21:00:00Z,45005.8
2026-01-28T22:00:00Z,43869.5
2026-01-28T23:00:00Z,42668.5
2026-01-29T00:00:00Z,40797.0
2026-01-29T01:00:00Z,42564.3
2026-01-29T02:00:00Z,40874.4
2026-01-29T03:00:00Z,44034.5
2026-01-29T04:00:00Z,46311.1
2026-01-29T05:00:00Z,49349.0
2026-01-29T06:00:00Z,52184.1
2026-01-29T07:00:00Z,52473.2
2026-01-29T08:00:00Z,55426.2
2026-01-29T09:00:00Z,57762.3
2026-01-29T10:00:00Z,59006.0
2026-01-29T11:00:00Z,60649.9
2026-01-29T12:00:00Z,61196.5
2026-01-29T13:00:00Z,60900.3
2026-01-29T14:00:00Z,59112.6
2026-01-29T15:00:00Z,60441.3
2026-01-29T16:00:00Z,54936.1
2026-01-29T17:00:00Z,53393.1
2026-01-29T18:00:00Z,52330.2
2026-01-29T19:00:00Z,49253.3
2026-01-29T20:00:00Z,46915.7
2026-01-29T21:00:00Z,45311.8
2026-01-29T22:00:00Z,42616.5
2026-01-29T23:00:00Z,41897.0
2026-01-30T00:00:00Z,42201.2
2026-01-30T01:00:00Z,42929.2
2026-01-30T02:00:00Z,41548.8
2026-01-30T03:00:00Z,43693.8
2026-01-30T04:00:00Z,46113.9
2026-01-30T05:00:00Z,49158.8
2026-01-30T06:00:00Z,49921.4
2026-01-30T07:00:00Z,54166.6
2026-01-30T08:00:00Z,55174.1
2026-01-30T09:00:00Z,58323.2
2026-01-30T10:00:00Z,59451.3
2026-01-30T11:00:00Z,61402.2
2026-01-30T12:00:00Z,59704.4
2026-01-30T13:00:00Z,60667.3
2026-01-30T14:00:00Z,59014.0
2026-01-30T15:00:00Z,57152.8
2026-01-30T16:00:00Z,56491.0
2026-01-30T17:00:00Z,52628.6
2026-01-30T18:00:00Z,51515.0
2026-01-30T19:00:00Z,47598.1
2026-01-30T20:00:00Z,45158.4
2026-01-30T21:00:00Z,44679.2
2026-01-30T22:00:00Z,44326.9
2026-01-30T23:00:00Z,42006.7
2026-01-31T00:00:00Z,37672.1
2026-01-31T01:00:00Z,39028.9
2026-01-31T02:00:00Z,39472.3
2026-01-31T03:00:00Z,40704.8
2026-01-31T04:00:00Z,43401.9
2026-01-31T05:00:00Z,45978.6
2026-01-31T06:00:00Z,48686.7
2026-01-31T07:00:00Z,49691.1
2026-01-31T08:00:00Z,54148.5
2026-01-31T09:00:00Z,54583.7
2026-01-31T10:00:00Z,55055.8
2026-01-31T11:00:00Z,56624.6
2026-01-31T12:00:00Z,57730.0
2026-01-31T13:00:00Z,56613.7
2026-01-31T14:00:00Z,56501.9
2026-01-31T15:00:00Z,54082.4
2026-01-31T16:00:00Z,53644.0
2026-01-31T17:00:00Z,50638.0
2026-01-31T18:00:00Z,47798.7
2026-01-31T19:00:00Z,46309.2
2026-01-31T20:00:00Z,42441.8
2026-01-31T21:00:00Z,41080.7
2026-01-31T22:00:00Z,40152.0
2026-01-31T23:00:00Z,39018.9
2026-02-01T00:00:00Z,38239.1
2026-02-01T01:00:00Z,39223.8
2026-02-01T02:00:00Z,39058.8
2026-02-01T03:00:00Z,40989.9
2026-02-01T04:00:00Z,42289.7
2026-02-01T05:00:00Z,45257.7
2026-02-01T06:00:00Z,46860.6
2026-02-01T07:00:00Z,49341.6
2026-02-01T08:00:00Z,52588.8
2026-02-01T09:00:00Z,53765.8
2026-02-01T10:00:00Z,56727.3
2026-02-01T11:00:00Z,57855.0
2026-02-01T12:00:00Z,57868.6
2026-02-01T13:00:00Z,57680.4
2026-02-01T14:00:00Z,56528.5
2026-02-01T15:00:00Z,53374.4
2026-02-01T16:00:00Z,51709.7
2026-02-01T17:00:00Z,50543.5
2026-02-01T18:00:00Z,46922.6
2026-02-01T19:00:00Z,44758.2
2026-02-01T20:00:00Z,42956.8
2026-02-01T21:00:00Z,41246.5
2026-02-01T22:00:00Z,38204.0
2026-02-01T23:00:00Z,38530.9
2026-02-02T00:00:00Z,41343.4
2026-02-02T01:00:00Z,41287.1
2026-02-02T02:00:00Z,43149.4
2026-02-02T03:00:00Z,43097.8
2026-02-02T04:00:00Z,46487.8
2026-02-02T05:00:00Z,49517.1
2026-02-02T06:00:00Z,50845.4
2026-02-02T07:00:00Z,53558.0
2026-02-02T08:00:00Z,55889.4
2026-02-02T09:00:00Z,55321.5
2026-02-02T10:00:00Z,58032.5
2026-02-02T11:00:00Z,60427.5
2026-02-02T12:00:00Z,58859.6
2026-02-02T13:00:00Z,59793.7
2026-02-02T14:00:00Z,59032.9
2026-02-02T15:00:00Z,58081.9
2026-02-02T16:00:00Z,54970.4
2026-02-02T17:00:00Z,53456.2
2026-02-02T18:00:00Z,50257.3
2026-02-02T19:00:00Z,49052.7
2026-02-02T20:00:00Z,44953.3
2026-02-02T21:00:00Z,43046.2
2026-02-02T22:00:00Z,42266.9
2026-02-02T23:00:00Z,42328.4
2026-02-03T00:00:00Z,40670.0
2026-02-03T01:00:00Z,40766.8
2026-02-03T02:00:00Z,41251.7
2026-02-03T03:00:00Z,44119.4
2026-02-03T04:00:00Z,44714.7
2026-02-03T05:00:00Z,47386.6
2026-02-03T06:00:00Z,49845.9
2026-02-03T07:00:00Z,53452.6
2026-02-03T08:00:00Z,54191.2
2026-02-03T09:00:00Z,56192.1
2026-02-03T10:00:00Z,58555.9
2026-02-03T11:00:00Z,59385.7
2026-02-03T12:00:00Z,58494.0
2026-02-03T13:00:00Z,58642.3
2026-02-03T14:00:00Z,57877.6
2026-02-03T15:00:00Z,56896.6
2026-02-03T16:00:00Z,54199.9
2026-02-03T17:00:00Z,54136.6
2026-02-03T18:00:00Z,50286.8
2026-02-03T19:00:00Z,48551.7
2026-02-03T20:00:00Z,45529.2
2026-02-03T21:00:00Z,43470.1
2026-02-03T22:00:00Z,42336.2
2026-02-03T23:00:00Z,40512.8
2026-02-04T00:00:00Z,38813.9
2026-02-04T01:00:00Z,40947.5
2026-02-04T02:00:00Z,40956.4
2026-02-04T03:00:00Z,44135.1
2026-02-04T04:00:00Z,44347.9
2026-02-04T05:00:00Z,47513.4
2026-02-04T06:00:00Z,49901.9
2026-02-04T07:00:00Z,51910.7
2026-02-04T08:00:00Z,54377.1
2026-02-04T09:00:00Z,56532.8
2026-02-04T10:00:00Z,58344.7
2026-02-04T11:00:00Z,59368.1
2026-02-04T12:00:00Z,59528.8
2026-02-04T13:00:00Z,59153.2
2026-02-04T14:00:00Z,56419.4
2026-02-04T15:00:00Z,57783.2
2026-02-04T16:00:00Z,55234.9
2026-02-04T17:00:00Z,51356.6
2026-02-04T18:00:00Z,49209.6
2026-02-04T19:00:00Z,45683.9
2026-02-04T20:00:00Z,42710.5
2026-02-04T21:00:00Z,42714.1
2026-02-04T22:00:00Z,42898.0
2026-02-04T23:00:00Z,40724.3
2026-02-05T00:00:00Z,40260.1
2026-02-05T01:00:00Z,40473.0
2026-02-05T02:00:00Z,41844.4
2026-02-05T03:00:00Z,42869.0
2026-02-05T04:00:00Z,44230.8
2026-02-05T05:00:00Z,46738.2
2026-02-05T06:00:00Z,50249.1
2026-02-05T07:00:00Z,51869.2
2026-02-05T08:00:00Z,52974.8
2026-02-05T09:00:00Z,56937.6
2026-02-05T10:00:00Z,58207.7
2026-02-05T11:00:00Z,60059.0
2026-02-05T12:00:00Z,59398.6
2026-02-05T13:00:00Z,58997.5
2026-02-05T14:00:00Z,57940.3
2026-02-05T15:00:00Z,55864.9
2026-02-05T16:00:00Z,54729.2
2026-02-05T17:00:00Z,51777.6
2026-02-05T18:00:00Z,48876.7
2026-02-05T19:00:00Z,47134.8
2026-02-05T20:00:00Z,44976.1
2026-02-05T21:00:00Z,43200.3
2026-02-05T22:00:00Z,41921.3
2026-02-05T23:00:00Z,42177.6
2026-02-06T00:00:00Z,39687.6
2026-02-06T01:00:00Z,41310.5
2026-02-06T02:00:00Z,41195.2
2026-02-06T03:00:00Z,42819.1
2026-02-06T04:00:00Z,45359.0
2026-02-06T05:00:00Z,46342.2
2026-02-06T06:00:00Z,49451.0
2026-02-06T07:00:00Z,52551.4
2026-02-06T08:00:00Z,53159.5
2026-02-06T09:00:00Z,55554.2
2026-02-06T10:00:00Z,57474.4
2026-02-06T11:00:00Z,58770.6
2026-02-06T12:00:00Z,59738.2
2026-02-06T13:00:00Z,57764.5
2026-02-06T14:00:00Z,58947.7
2026-02-06T15:00:00Z,56868.4
2026-02-06T16:00:00Z,54801.2
2026-02-06T17:00:00Z,50421.3
2026-02-06T18:00:00Z,49772.0
2026-02-06T19:00:00Z,46397.8
2026-02-06T20:00:00Z,45292.3
2026-02-06T21:00:00Z,42639.7
2026-02-06T22:00:00Z,40841.2
2026-02-06T23:00:00Z,39488.5
2026-02-07T00:00:00Z,36850.9
2026-02-07T01:00:00Z,37903.9
2026-02-07T02:00:00Z,37014.4
2026-02-07T03:00:00Z,39250.0
2026-02-07T04:00:00Z,41638.6
2026-02-07T05:00:00Z,44000.0
2026-02-07T06:00:00Z,46269.6
2026-02-07T07:00:00Z,49288.3
2026-02-07T08:00:00Z,51512.6
2026-02-07T09:00:00Z,51759.0
2026-02-07T10:00:00Z,55785.9
2026-02-07T11:00:00Z,54789.0
2026-02-07T12:00:00Z,57191.0
2026-02-07T13:00:00Z,56548.6
2026-02-07T14:00:00Z,53557.2
2026-02-07T15:00:00Z,53527.5
2026-02-07T16:00:00Z,52543.8
2026-02-07T17:00:00Z,50247.1
2026-02-07T18:00:00Z,46794.9
2026-02-07T19:00:00Z,43542.5
2026-02-07T20:00:00Z,42813.4
2026-02-07T21:00:00Z,38650.8
2026-02-07T22:00:00Z,37131.4
2026-02-07T23:00:00Z,37989.1
2026-02-08T00:00:00Z,35878.8
2026-02-08T01:00:00Z,37621.7
2026-02-08T02:00:00Z,37281.1
2026-02-08T03:00:00Z,39160.7
2026-02-08T04:00:00Z,42588.2
2026-02-08T05:00:00Z,43914.8
2026-02-08T06:00:00Z,46977.4
2026-02-08T07:00:00Z,48799.4
2026-02-08T08:00:00Z,50903.2
2026-02-08T09:00:00Z,52704.7
2026-02-08T10:00:00Z,54045.7
2026-02-08T11:00:00Z,56066.4
2026-02-08T12:00:00Z,56435.7
2026-02-08T13:00:00Z,57081.8
2026-02-08T14:00:00Z,55017.5
2026-02-08T15:00:00Z,53052.3
2026-02-08T16:00:00Z,51671.9
2026-02-08T17:00:00Z,50109.8
2026-02-08T18:00:00Z,45313.0
2026-02-08T19:00:00Z,45316.0
2026-02-08T20:00:00Z,41011.1
2026-02-08T21:00:00Z,39027.2
2026-02-08T22:00:00Z,40206.2
2026-02-08T23:00:00Z,38061.0
2026-02-09T00:00:00Z,38903.6
2026-02-09T01:00:00Z,40355.4
2026-02-09T02:00:00Z,41716.7
2026-02-09T03:00:00Z,42705.2
2026-02-09T04:00:00Z,45025.1
2026-02-09T05:00:00Z,46752.2
2026-02-09T06:00:00Z,49366.4
2026-02-09T07:00:00Z,50522.9
2026-02-09T08:00:00Z,52931.2
2026-02-09T09:00:00Z,55898.6
2026-02-09T10:00:00Z,56196.4
2026-02-09T11:00:00Z,58770.6
2026-02-09T12:00:00Z,58493.3
2026-02-09T13:00:00Z,59179.6
2026-02-09T14:00:00Z,57988.4
2026-02-09T15:00:00Z,55416.9
2026-02-09T16:00:00Z,51598.2
2026-02-09T17:00:00Z,50279.0
2026-02-09T18:00:00Z,48950.9
2026-02-09T19:00:00Z,48103.5
2026-02-09T20:00:00Z,44159.5
2026-02-09T21:00:00Z,42623.9
2026-02-09T22:00:00Z,40611.1
2026-02-09T23:00:00Z,37534.7
2026-02-10T00:00:00Z,39638.6
2026-02-10T01:00:00Z,39280.8
2026-02-10T02:00:00Z,39237.8
2026-02-10T03:00:00Z,42526.1
2026-02-10T04:00:00Z,43919.6
2026-02-10T05:00:00Z,48639.3
2026-02-10T06:00:00Z,46985.3
2026-02-10T07:00:00Z,50608.0
2026-02-10T08:00:00Z,53608.4
2026-02-10T09:00:00Z,55252.1
2026-02-10T10:00:00Z,57607.5
2026-02-10T11:00:00Z,58759.2
2026-02-10T12:00:00Z,58758.3
2026-02-10T13:00:00Z,58099.5
2026-02-10T14:00:00Z,56530.5
2026-02-10T15:00:00Z,55705.7
2026-02-10T16:00:00Z,54285.9
2026-02-10T17:00:00Z,51349.1
2026-02-10T18:00:00Z,47083.9
2026-02-10T19:00:00Z,47628.7
2026-02-10T20:00:00Z,43563.6
2026-02-10T21:00:00Z,42676.3
2026-02-10T22:00:00Z,40045.2
2026-02-10T23:00:00Z,40350.6
2026-02-11T00:00:00Z,38709.0
2026-02-11T01:00:00Z,40494.7
2026-02-11T02:00:00Z,41307.2
2026-02-11T03:00:00Z,41270.7
2026-02-11T04:00:00Z,41440.1
2026-02-11T05:00:00Z,46372.7
2026-02-11T06:00:00Z,47790.6
2026-02-11T07:00:00Z,51855.9
2026-02-11T08:00:00Z,53689.7
2026-02-11T09:00:00Z,55078.5
2026-02-11T10:00:00Z,56144.8
2026-02-11T11:00:00Z,57183.5
2026-02-11T12:00:00Z,59368.0
2026-02-11T13:00:00Z,58636.9
2026-02-11T14:00:00Z,56731.4
2026-02-11T15:00:00Z,55636.6
2026-02-11T16:00:00Z,54124.2
2026-02-11T17:00:00Z,50921.9
2026-02-11T18:00:00Z,47135.6
2026-02-11T19:00:00Z,47426.7
2026-02-11T20:00:00Z,43519.7
2026-02-11T21:00:00Z,41297.2
2026-02-11T22:00:00Z,40283.5
2026-02-11T23:00:00Z,38535.7
2026-02-12T00:00:00Z,37921.9
2026-02-12T01:00:00Z,39297.5
2026-02-12T02:00:00Z,39510.6
2026-02-12T03:00:00Z,41949.4
2026-02-12T04:00:00Z,43921.0
2026-02-12T05:00:00Z,47501.4
2026-02-12T06:00:00Z,48189.9
2026-02-12T07:00:00Z,50964.3
2026-02-12T08:00:00Z,52775.3
2026-02-12T09:00:00Z,56156.6
2026-02-12T10:00:00Z,57119.7
2026-02-12T11:00:00Z,57996.6
2026-02-12T12:00:00Z,59532.7
2026-02-12T13:00:00Z,57922.2
2026-02-12T14:00:00Z,56948.2
2026-02-12T15:00:00Z,54153.5
2026-02-12T16:00:00Z,51814.6
2026-02-12T17:00:00Z,50485.2
2026-02-12T18:00:00Z,48490.6
2026-02-12T19:00:00Z,45046.7
2026-02-12T20:00:00Z,42839.1
2026-02-12T21:00:00Z,42222.3
2026-02-12T22:00:00Z,39634.0
2026-02-12T23:00:00Z,38660.0
2026-02-13T00:00:00Z,38345.7
2026-02-13T01:00:00Z,38069.8
2026-02-13T02:00:00Z,40598.2
2026-02-13T03:00:00Z,42581.3
2026-02-13T04:00:00Z,44259.0
2026-02-13T05:00:00Z,46976.3
2026-02-13T06:00:00Z,46650.0
2026-02-13T07:00:00Z,51444.6
2026-02-13T08:00:00Z,52930.7
2026-02-13T09:00:00Z,56132.7
2026-02-13T10:00:00Z,56037.9
2026-02-13T11:00:00Z,58170.0
2026-02-13T12:00:00Z,59275.5
2026-02-13T13:00:00Z,58015.6
2026-02-13T14:00:00Z,56673.1
2026-02-13T15:00:00Z,54914.2
2026-02-13T16:00:00Z,53478.6
2026-02-13T17:00:00Z,50589.4
2026-02-13T18:00:00Z,47321.6
2026-02-13T19:00:00Z,46269.7
2026-02-13T20:00:00Z,44788.7
2026-02-13T21:00:00Z,41785.0
2026-02-13T22:00:00Z,40806.7
2026-02-13T23:00:00Z,39962.7
2026-02-14T00:00:00Z,35841.8
2026-02-14T01:00:00Z,36083.6
2026-02-14T02:00:00Z,36450.4
2026-02-14T03:00:00Z,38811.0
2026-02-14T04:00:00Z,41019.3
2026-02-14T05:00:00Z,42182.5
2026-02-14T06:00:00Z,45187.8
2026-02-14T07:00:00Z,48754.1
2026-02-14T08:00:00Z,49695.5
2026-02-14T09:00:00Z,52810.9
2026-02-14T10:00:00Z,54042.6
2026-02-14T11:00:00Z,54457.5
2026-02-14T12:00:00Z,55747.1
2026-02-14T13:00:00Z,55199.0
2026-02-14T14:00:00Z,53698.9
2026-02-14T15:00:00Z,52297.3
2026-02-14T16:00:00Z,50543.5
2026-02-14T17:00:00Z,48309.1
2026-02-14T18:00:00Z,45774.1
2026-02-14T19:00:00Z,43506.2
2026-02-14T20:00:00Z,40220.9
2026-02-14T21:00:00Z,39808.2
2026-02-14T22:00:00Z,37022.0
2026-02-14T23:00:00Z,36000.8
2026-02-15T00:00:00Z,36683.7
2026-02-15T01:00:00Z,36766.1
2026-02-15T02:00:00Z,35436.4
2026-02-15T03:00:00Z,38448.9
2026-02-15T04:00:00Z,41056.4
2026-02-15T05:00:00Z,43195.2
2026-02-15T06:00:00Z,43909.4
2026-02-15T07:00:00Z,47170.4
2026-02-15T08:00:00Z,49432.0
2026-02-15T09:00:00Z,52544.5
2026-02-15T10:00:00Z,54264.4
2026-02-15T11:00:00Z,54819.1
2026-02-15T12:00:00Z,54829.3
2026-02-15T13:00:00Z,53880.8
2026-02-15T14:00:00Z,54427.8
2026-02-15T15:00:00Z,50278.6
2026-02-15T16:00:00Z,50486.7
2026-02-15T17:00:00Z,48216.4
2026-02-15T18:00:00Z,45492.7
2026-02-15T19:00:00Z,42755.2
2026-02-15T20:00:00Z,40555.2
2026-02-15T21:00:00Z,38985.7
2026-02-15T22:00:00Z,36392.4
2026-02-15T23:00:00Z,36548.9
2026-02-16T00:00:00Z,38128.9
2026-02-16T01:00:00Z,38530.0
2026-02-16T02:00:00Z,37281.8
2026-02-16T03:00:00Z,39871.5
2026-02-16T04:00:00Z,42747.5
2026-02-16T05:00:00Z,44714.0
2026-02-16T06:00:00Z,48456.9
2026-02-16T07:00:00Z,49022.0
2026-02-16T08:00:00Z,53498.1
2026-02-16T09:00:00Z,55167.6
2026-02-16T10:00:00Z,56223.4
2026-02-16T11:00:00Z,56616.0
2026-02-16T12:00:00Z,56401.3
2026-02-16T13:00:00Z,56034.5
2026-02-16T14:00:00Z,55469.9
2026-02-16T15:00:00Z,54507.7
2026-02-16T16:00:00Z,53062.4
2026-02-16T17:00:00Z,50777.2
2026-02-16T18:00:00Z,48585.8
2026-02-16T19:00:00Z,46055.7
2026-02-16T20:00:00Z,42360.9
2026-02-16T21:00:00Z,40499.7
2026-02-16T22:00:00Z,40258.3
2026-02-16T23:00:00Z,37795.0
2026-02-17T00:00:00Z,38753.9
2026-02-17T01:00:00Z,38307.2
2026-02-17T02:00:00Z,38123.0
2026-02-17T03:00:00Z,41109.1
2026-02-17T04:00:00Z,42923.5
2026-02-17T05:00:00Z,44416.5
2026-02-17T06:00:00Z,45632.8
2026-02-17T07:00:00Z,50260.1
2026-02-17T08:00:00Z,52708.8
2026-02-17T09:00:00Z,55004.0
2026-02-17T10:00:00Z,56209.8
2026-02-17T11:00:00Z,56260.9
2026-02-17T12:00:00Z,55823.8
2026-02-17T13:00:00Z,56729.0
2026-02-17T14:00:00Z,56646.0
2026-02-17T15:00:00Z,54266.5
2026-02-17T16:00:00Z,51378.1
2026-02-17T17:00:00Z,48695.7
2026-02-17T18:00:00Z,45443.5
2026-02-17T19:00:00Z,45214.5
2026-02-17T20:00:00Z,43104.8
2026-02-17T21:00:00Z,39020.4
2026-02-17T22:00:00Z,38737.2
2026-02-17T23:00:00Z,39399.8
2026-02-18T00:00:00Z,36058.5
2026-02-18T01:00:00Z,39285.7
2026-02-18T02:00:00Z,39982.4
2026-02-18T03:00:00Z,41270.1
2026-02-18T04:00:00Z,42971.4
2026-02-18T05:00:00Z,45296.7
2026-02-18T06:00:00Z,47890.5
2026-02-18T07:00:00Z,51189.0
2026-02-18T08:00:00Z,51299.4
2026-02-18T09:00:00Z,52762.0
2026-02-18T10:00:00Z,54115.5
2026-02-18T11:00:00Z,56845.4
2026-02-18T12:00:00Z,57810.6
2026-02-18T13:00:00Z,56087.5
2026-02-18T14:00:00Z,56044.7
2026-02-18T15:00:00Z,54348.7
2026-02-18T16:00:00Z,53121.1
2026-02-18T17:00:00Z,50458.5
2026-02-18T18:00:00Z,47720.4
2026-02-18T19:00:00Z,44362.4
2026-02-18T20:00:00Z,42273.0
2026-02-18T21:00:00Z,41299.6
2026-02-18T22:00:00Z,39193.2
2026-02-18T23:00:00Z,39152.7
2026-02-19T00:00:00Z,37097.3
2026-02-19T01:00:00Z,38690.8
2026-02-19T02:00:00Z,38737.6
2026-02-19T03:00:00Z,40747.2
2026-02-19T04:00:00Z,41027.3
2026-02-19T05:00:00Z,45267.3
2026-02-19T06:00:00Z,46483.7
2026-02-19T07:00:00Z,50640.1
2026-02-19T08:00:00Z,52697.3
2026-02-19T09:00:00Z,53495.8
2026-02-19T10:00:00Z,56707.6
2026-02-19T11:00:00Z,57699.5
2026-02-19T12:00:00Z,58213.2
2026-02-19T13:00:00Z,57482.8
2026-02-19T14:00:00Z,55251.9
2026-02-19T15:00:00Z,55169.8
2026-02-19T16:00:00Z,51033.1
2026-02-19T17:00:00Z,49453.1
2026-02-19T18:00:00Z,47493.8
2026-02-19T19:00:00Z,43454.9
2026-02-19T20:00:00Z,43380.1
2026-02-19T21:00:00Z,40929.4
2026-02-19T22:00:00Z,38800.6
2026-02-19T23:00:00Z,36238.9
2026-02-20T00:00:00Z,36912.9
2026-02-20T01:00:00Z,38414.3
2026-02-20T02:00:00Z,39250.9
2026-02-20T03:00:00Z,39540.8
2026-02-20T04:00:00Z,41213.7
2026-02-20T05:00:00Z,44586.0
2026-02-20T06:00:00Z,46124.0
2026-02-20T07:00:00Z,48243.6
2026-02-20T08:00:00Z,53007.9
2026-02-20T09:00:00Z,53846.9
2026-02-20T10:00:00Z,55660.9
2026-02-20T11:00:00Z,56130.0
2026-02-20T12:00:00Z,57417.9
2026-02-20T13:00:00Z,57098.0
2026-02-20T14:00:00Z,55239.4
2026-02-20T15:00:00Z,53493.0
2026-02-20T16:00:00Z,51525.4
2026-02-20T17:00:00Z,50247.3
2026-02-20T18:00:00Z,47149.6
2026-02-20T19:00:00Z,43603.1
2026-02-20T20:00:00Z,43298.4
2026-02-20T21:00:00Z,40267.3
2026-02-20T22:00:00Z,39116.0
2026-02-20T23:00:00Z,38896.5
2026-02-21T00:00:00Z,34999.5
2026-02-21T01:00:00Z,35575.2
2026-02-21T02:00:00Z,35815.2
2026-02-21T03:00:00Z,37887.1
2026-02-21T04:00:00Z,40119.4
2026-02-21T05:00:00Z,42032.1
2026-02-21T06:00:00Z,44132.9
2026-02-21T07:00:00Z,46554.7
2026-02-21T08:00:00Z,48792.9
2026-02-21T09:00:00Z,51197.0
2026-02-21T10:00:00Z,52141.9
2026-02-21T11:00:00Z,53927.4
2026-02-21T12:00:00Z,53446.2
2026-02-21T13:00:00Z,54274.6
2026-02-21T14:00:00Z,52615.6
2026-02-21T15:00:00Z,50481.4
2026-02-21T16:00:00Z,49346.0
2026-02-21T17:00:00Z,45825.2
2026-02-21T18:00:00Z,46574.4
2026-02-21T19:00:00Z,41161.6
2026-02-21T20:00:00Z,39281.8
2026-02-21T21:00:00Z,38515.3
2026-02-21T22:00:00Z,35432.2
2026-02-21T23:00:00Z,34185.9
2026-02-22T00:00:00Z,33644.5
2026-02-22T01:00:00Z,35638.9
2026-02-22T02:00:00Z,34811.2
2026-02-22T03:00:00Z,38566.7
2026-02-22T04:00:00Z,39710.0
2026-02-22T05:00:00Z,41438.7
2026-02-22T06:00:00Z,44921.5
2026-02-22T07:00:00Z,46509.0
2026-02-22T08:00:00Z,48605.5
2026-02-22T09:00:00Z,49817.9
2026-02-22T10:00:00Z,51207.3
2026-02-22T11:00:00Z,53492.5
2026-02-22T12:00:00Z,52023.4
2026-02-22T13:00:00Z,52056.0
2026-02-22T14:00:00Z,51113.6
2026-02-22T15:00:00Z,50746.3
2026-02-22T16:00:00Z,47704.5
2026-02-22T17:00:00Z,46330.7
2026-02-22T18:00:00Z,45984.3
2026-02-22T19:00:00Z,41512.4
2026-02-22T20:00:00Z,40561.8
2026-02-22T21:00:00Z,37298.0
2026-02-22T22:00:00Z,34774.6
2026-02-22T23:00:00Z,34237.3
2026-02-23T00:00:00Z,36335.3
2026-02-23T01:00:00Z,37525.9
2026-02-23T02:00:00Z,38678.4
2026-02-23T03:00:00Z,39801.6
2026-02-23T04:00:00Z,41335.4
2026-02-23T05:00:00Z,43344.9
2026-02-23T06:00:00Z,46125.3
2026-02-23T07:00:00Z,48233.0
2026-02-23T08:00:00Z,50625.8
2026-02-23T09:00:00Z,55207.9
2026-02-23T10:00:00Z,55476.0
2026-02-23T11:00:00Z,54896.9
2026-02-23T12:00:00Z,56066.2
2026-02-23T13:00:00Z,55990.7
2026-02-23T14:00:00Z,54730.6
2026-02-23T15:00:00Z,52697.0
2026-02-23T16:00:00Z,51525.9
2026-02-23T17:00:00Z,49030.0
2026-02-23T18:00:00Z,46821.7
2026-02-23T19:00:00Z,44837.4
2026-02-23T20:00:00Z,41195.6
2026-02-23T21:00:00Z,39794.8
2026-02-23T22:00:00Z,37732.9
2026-02-23T23:00:00Z,36468.8
2026-02-24T00:00:00Z,36235.0
2026-02-24T01:00:00Z,37155.2
2026-02-24T02:00:00Z,37501.3
2026-02-24T03:00:00Z,38718.0
2026-02-24T04:00:00Z,40889.0
2026-02-24T05:00:00Z,43902.8
2026-02-24T06:00:00Z,47402.3
2026-02-24T07:00:00Z,49787.2
2026-02-24T08:00:00Z,49835.8
2026-02-24T09:00:00Z,52831.9
2026-02-24T10:00:00Z,55065.5
2026-02-24T11:00:00Z,55238.1
2026-02-24T12:00:00Z,55774.3
2026-02-24T13:00:00Z,54825.7
2026-02-24T14:00:00Z,54733.8
2026-02-24T15:00:00Z,52975.9
2026-02-24T16:00:00Z,50408.9
2026-02-24T17:00:00Z,49188.9
2026-02-24T18:00:00Z,47107.6
2026-02-24T19:00:00Z,44186.2
2026-02-24T20:00:00Z,40582.5
2026-02-24T21:00:00Z,39709.4
2026-02-24T22:00:00Z,38587.7
2026-02-24T23:00:00Z,37891.2
2026-02-25T00:00:00Z,37473.8
2026-02-25T01:00:00Z,37595.5
2026-02-25T02:00:00Z,37668.5
2026-02-25T03:00:00Z,39746.6
2026-02-25T04:00:00Z,41882.8
2026-02-25T05:00:00Z,43740.4
2026-02-25T06:00:00Z,46396.3
2026-02-25T07:00:00Z,47816.0
2026-02-25T08:00:00Z,51181.9
2026-02-25T09:00:00Z,52584.1
2026-02-25T10:00:00Z,54343.1
2026-02-25T11:00:00Z,56767.8
2026-02-25T12:00:00Z,55925.6
2026-02-25T13:00:00Z,55666.2
2026-02-25T14:00:00Z,53965.5
2026-02-25T15:00:00Z,51762.6
2026-02-25T16:00:00Z,49989.9
2026-02-25T17:00:00Z,48361.1
2026-02-25T18:00:00Z,45957.7
2026-02-25T19:00:00Z,42229.5
2026-02-25T20:00:00Z,40803.1
2026-02-25T21:00:00Z,39342.6
2026-02-25T22:00:00Z,37169.7
2026-02-25T23:00:00Z,36555.6
2026-02-26T00:00:00Z,36459.6
2026-02-26T01:00:00Z,37656.0
2026-02-26T02:00:00Z,37920.4
2026-02-26T03:00:00Z,40380.5
2026-02-26T04:00:00Z,40084.7
2026-02-26T05:00:00Z,44508.3
2026-02-26T06:00:00Z,45838.3
2026-02-26T07:00:00Z,49247.5
2026-02-26T08:00:00Z,52351.2
2026-02-26T09:00:00Z,53526.3
2026-02-26T10:00:00Z,54638.0
2026-02-26T11:00:00Z,56522.7
2026-02-26T12:00:00Z,55213.3
2026-02-26T13:00:00Z,56087.4
2026-02-26T14:00:00Z,54613.8
2026-02-26T15:00:00Z,53083.6
2026-02-26T16:00:00Z,50315.6
2026-02-26T17:00:00Z,48737.5
2026-02-26T18:00:00Z,46275.5
2026-02-26T19:00:00Z,43486.1
2026-02-26T20:00:00Z,41445.7
2026-02-26T21:00:00Z,38099.4
2026-02-26T22:00:00Z,38406.0
2026-02-26T23:00:00Z,36509.1
2026-02-27T00:00:00Z,36416.3
2026-02-27T01:00:00Z,36052.8
2026-02-27T02:00:00Z,37235.1
2026-02-27T03:00:00Z,38530.0
2026-02-27T04:00:00Z,42017.1
2026-02-27T05:00:00Z,42695.3
2026-02-27T06:00:00Z,45243.2
2026-02-27T07:00:00Z,48181.5
2026-02-27T08:00:00Z,49678.3
2026-02-27T09:00:00Z,51822.2
2026-02-27T10:00:00Z,54318.5
2026-02-27T11:00:00Z,55342.1
2026-02-27T12:00:00Z,56035.2
2026-02-27T13:00:00Z,55465.1
2026-02-27T14:00:00Z,53468.4
2026-02-27T15:00:00Z,51804.7
2026-02-27T16:00:00Z,51448.4
2026-02-27T17:00:00Z,46592.5
2026-02-27T18:00:00Z,45950.3
2026-02-27T19:00:00Z,43877.5
2026-02-27T20:00:00Z,41948.1
2026-02-27T21:00:00Z,40109.2
2026-02-27T22:00:00Z,38355.4
2026-02-27T23:00:00Z,38054.3
2026-02-28T00:00:00Z,31972.2
2026-02-28T01:00:00Z,33492.9
2026-02-28T02:00:00Z,34955.2
2026-02-28T03:00:00Z,34427.3
2026-02-28T04:00:00Z,37601.4
2026-02-28T05:00:00Z,41445.3
2026-02-28T06:00:00Z,42485.3
2026-02-28T07:00:00Z,46287.5
2026-02-28T08:00:00Z,48319.3
2026-02-28T09:00:00Z,50743.1
2026-02-28T10:00:00Z,51988.6
2026-02-28T11:00:00Z,52723.8
2026-02-28T12:00:00Z,53164.0
2026-02-28T13:00:00Z,51608.4
2026-02-28T14:00:00Z,52664.0
2026-02-28T15:00:00Z,49632.1
2026-02-28T16:00:00Z,47187.7
2026-02-28T17:00:00Z,45870.5
2026-02-28T18:00:00Z,41924.1
2026-02-28T19:00:00Z,42178.0
2026-02-28T20:00:00Z,40097.6
2026-02-28T21:00:00Z,37175.4
2026-02-28T22:00:00Z,33977.4
2026-02-28T23:00:00Z,34114.5
2026-03-01T00:00:00Z,33500.5
2026-03-01T01:00:00Z,33192.8
2026-03-01T02:00:00Z,34341.1
2026-03-01T03:00:00Z,36457.9
2026-03-01T04:00:00Z,37701.7
2026-03-01T05:00:00Z,40389.5
2026-03-01T06:00:00Z,42940.3
2026-03-01T07:00:00Z,44396.6
2026-03-01T08:00:00Z,47456.4
2026-03-01T09:00:00Z,49380.8
2026-03-01T10:00:00Z,52527.3
2026-03-01T11:00:00Z,52316.8
2026-03-01T12:00:00Z,52866.9
2026-03-01T13:00:00Z,52400.3
2026-03-01T14:00:00Z,51248.3
2026-03-01T15:00:00Z,49795.0
2026-03-01T16:00:00Z,47648.7
2026-03-01T17:00:00Z,43755.8
2026-03-01T18:00:00Z,42962.8
2026-03-01T19:00:00Z,39953.3
2026-03-01T20:00:00Z,37893.2
2026-03-01T21:00:00Z,35380.5
2026-03-01T22:00:00Z,33886.9
2026-03-01T23:00:00Z,33655.6
2026-03-02T00:00:00Z,35476.9
2026-03-02T01:00:00Z,36211.1
2026-03-02T02:00:00Z,37312.5
2026-03-02T03:00:00Z,38649.0
2026-03-02T04:00:00Z,40734.9
2026-03-02T05:00:00Z,42493.6
2026-03-02T06:00:00Z,45277.2
2026-03-02T07:00:00Z,48437.4
2026-03-02T08:00:00Z,50116.2
2026-03-02T09:00:00Z,52711.7
2026-03-02T10:00:00Z,53823.5
2026-03-02T11:00:00Z,55538.4
2026-03-02T12:00:00Z,54292.1
2026-03-02T13:00:00Z,54954.7
2026-03-02T14:00:00Z,54441.1
2026-03-02T15:00:00Z,51640.4
2026-03-02T16:00:00Z,50375.6
2026-03-02T17:00:00Z,48211.0
2026-03-02T18:00:00Z,45354.8
2026-03-02T19:00:00Z,43695.8
2026-03-02T20:00:00Z,40919.3
2026-03-02T21:00:00Z,38467.3
2026-03-02T22:00:00Z,37789.1
2026-03-02T23:00:00Z,36462.3
2026-03-03T00:00:00Z,37920.1
2026-03-03T01:00:00Z,34778.1
2026-03-03T02:00:00Z,37103.5
2026-03-03T03:00:00Z,38464.4
2026-03-03T04:00:00Z,40484.6
2026-03-03T05:00:00Z,41218.7
2026-03-03T06:00:00Z,45359.1
2026-03-03T07:00:00Z,47322.7
2026-03-03T08:00:00Z,50646.9
2026-03-03T09:00:00Z,51207.1
2026-03-03T10:00:00Z,54940.9
2026-03-03T11:00:00Z,54515.4
2026-03-03T12:00:00Z,54489.0
2026-03-03T13:00:00Z,54792.2
2026-03-03T14:00:00Z,52435.9
2026-03-03T15:00:00Z,51229.1
2026-03-03T16:00:00Z,50519.0
2026-03-03T17:00:00Z,47491.3
2026-03-03T18:00:00Z,45310.9
2026-03-03T19:00:00Z,40975.1
2026-03-03T20:00:00Z,39350.9
2026-03-03T21:00:00Z,37088.8
2026-03-03T22:00:00Z,38206.9
2026-03-03T23:00:00Z,35807.7
2026-03-04T00:00:00Z,36471.2
2026-03-04T01:00:00Z,35565.8
2026-03-04T02:00:00Z,37562.3
2026-03-04T03:00:00Z,37831.8
2026-03-04T04:00:00Z,39880.6
2026-03-04T05:00:00Z,42449.2
2026-03-04T06:00:00Z,45114.4
2026-03-04T07:00:00Z,45941.6
2026-03-04T08:00:00Z,49833.8
2026-03-04T09:00:00Z,51080.5
2026-03-04T10:00:00Z,52814.8
2026-03-04T11:00:00Z,54087.5
2026-03-04T12:00:00Z,54320.9
2026-03-04T13:00:00Z,54257.4
2026-03-04T14:00:00Z,54201.5
2026-03-04T15:00:00Z,52705.0
2026-03-04T16:00:00Z,51217.1
2026-03-04T17:00:00Z,46998.4
2026-03-04T18:00:00Z,44949.1
2026-03-04T19:00:00Z,42314.3
2026-03-04T20:00:00Z,39886.5
2026-03-04T21:00:00Z,38735.7
2026-03-04T22:00:00Z,37319.0
2026-03-04T23:00:00Z,35696.9
2026-03-05T00:00:00Z,35432.6
2026-03-05T01:00:00Z,36630.3
2026-03-05T02:00:00Z,36504.1
2026-03-05T03:00:00Z,39015.6
2026-03-05T04:00:00Z,40153.3
2026-03-05T05:00:00Z,42841.6
2026-03-05T06:00:00Z,46424.3
2026-03-05T07:00:00Z,47030.6
2026-03-05T08:00:00Z,50064.6
2026-03-05T09:00:00Z,52765.2
2026-03-05T10:00:00Z,53417.8
2026-03-05T11:00:00Z,55319.0
2026-03-05T12:00:00Z,56620.1
2026-03-05T13:00:00Z,55405.0
2026-03-05T14:00:00Z,53283.1
2026-03-05T15:00:00Z,51173.4
2026-03-05T16:00:00Z,49983.7
2026-03-05T17:00:00Z,47070.2
2026-03-05T18:00:00Z,44413.6
2026-03-05T19:00:00Z,43107.4
2026-03-05T20:00:00Z,40733.8
2026-03-05T21:00:00Z,36928.2
2026-03-05T22:00:00Z,36289.9
2026-03-05T23:00:00Z,34928.5
2026-03-06T00:00:00Z,35790.5
2026-03-06T01:00:00Z,35901.4
2026-03-06T02:00:00Z,37307.1
2026-03-06T03:00:00Z,38070.1
2026-03-06T04:00:00Z,40494.3
2026-03-06T05:00:00Z,42952.0
2026-03-06T06:00:00Z,44849.7
2026-03-06T07:00:00Z,48070.5
2026-03-06T08:00:00Z,48270.7
2026-03-06T09:00:00Z,52481.5
2026-03-06T10:00:00Z,52148.6
2026-03-06T11:00:00Z,53877.1
2026-03-06T12:00:00Z,54679.4
2026-03-06T13:00:00Z,54261.7
2026-03-06T14:00:00Z,52105.0
2026-03-06T15:00:00Z,51689.9
2026-03-06T16:00:00Z,47932.2
2026-03-06T17:00:00Z,47154.2
2026-03-06T18:00:00Z,44477.5
2026-03-06T19:00:00Z,43541.3
2026-03-06T20:00:00Z,39797.3
2026-03-06T21:00:00Z,37456.0
2026-03-06T22:00:00Z,35950.9
2026-03-06T23:00:00Z,34876.8
2026-03-07T00:00:00Z,32401.6
2026-03-07T01:00:00Z,32902.6
2026-03-07T02:00:00Z,34971.3
2026-03-07T03:00:00Z,34205.5
2026-03-07T04:00:00Z,37668.1
2026-03-07T05:00:00Z,38420.3
2026-03-07T06:00:00Z,41781.5
2026-03-07T07:00:00Z,45384.6
2026-03-07T08:00:00Z,47776.4
2026-03-07T09:00:00Z,49481.7
2026-03-07T10:00:00Z,49890.4
2026-03-07T11:00:00Z,52052.2
2026-03-07T12:00:00Z,52821.4
2026-03-07T13:00:00Z,50214.2
2026-03-07T14:00:00Z,49910.0
2026-03-07T15:00:00Z,48888.1
2026-03-07T16:00:00Z,47026.0
2026-03-07T17:00:00Z,44763.6
2026-03-07T18:00:00Z,41866.9
2026-03-07T19:00:00Z,39022.0
2026-03-07T20:00:00Z,37638.5
2026-03-07T21:00:00Z,34659.4
2026-03-07T22:00:00Z,33575.4
2026-03-07T23:00:00Z,33119.6
2026-03-08T00:00:00Z,32644.5
2026-03-08T01:00:00Z,33307.9
2026-03-08T02:00:00Z,34306.1
2026-03-08T03:00:00Z,35661.2
2026-03-08T04:00:00Z,38300.8
2026-03-08T05:00:00Z,38372.3
2026-03-08T06:00:00Z,42080.4
2026-03-08T07:00:00Z,44567.2
2026-03-08T08:00:00Z,46545.5
2026-03-08T09:00:00Z,48711.4
2026-03-08T10:00:00Z,50537.6
2026-03-08T11:00:00Z,50936.9
2026-03-08T12:00:00Z,53139.2
2026-03-08T13:00:00Z,52783.6
2026-03-08T14:00:00Z,49879.1
2026-03-08T15:00:00Z,49546.7
2026-03-08T16:00:00Z,47405.6
2026-03-08T17:00:00Z,44610.7
2026-03-08T18:00:00Z,41792.2
2026-03-08T19:00:00Z,39858.3
2026-03-08T20:00:00Z,37260.5
2026-03-08T21:00:00Z,34725.1
2026-03-08T22:00:00Z,34312.4
2026-03-08T23:00:00Z,32794.4
2026-03-09T00:00:00Z,35749.4
2026-03-09T01:00:00Z,34174.7
2026-03-09T02:00:00Z,35539.6
2026-03-09T03:00:00Z,35226.6
2026-03-09T04:00:00Z,39339.1
2026-03-09T05:00:00Z,41074.9
2026-03-09T06:00:00Z,44917.1
2026-03-09T07:00:00Z,47740.9
2026-03-09T08:00:00Z,49342.6
2026-03-09T09:00:00Z,51964.6
2026-03-09T10:00:00Z,52227.4
2026-03-09T11:00:00Z,52763.7
2026-03-09T12:00:00Z,55147.9
2026-03-09T13:00:00Z,54519.1
2026-03-09T14:00:00Z,53352.4
2026-03-09T15:00:00Z,50983.0
2026-03-09T16:00:00Z,50063.6
2026-03-09T17:00:00Z,47423.2
2026-03-09T18:00:00Z,46523.1
2026-03-09T19:00:00Z,39867.4
2026-03-09T20:00:00Z,38685.8
2026-03-09T21:00:00Z,38328.8
2026-03-09T22:00:00Z,36718.0
2026-03-09T23:00:00Z,35426.6
2026-03-10T00:00:00Z,34569.3
2026-03-10T01:00:00Z,34520.9
2026-03-10T02:00:00Z,37295.9
2026-03-10T03:00:00Z,38424.7
2026-03-10T04:00:00Z,39787.9
2026-03-10T05:00:00Z,42164.2
2026-03-10T06:00:00Z,45664.7
2026-03-10T07:00:00Z,46022.9
2026-03-10T08:00:00Z,48218.9
2026-03-10T09:00:00Z,51026.8
2026-03-10T10:00:00Z,51828.6
2026-03-10T11:00:00Z,54295.8
2026-03-10T12:00:00Z,54492.4
2026-03-10T13:00:00Z,54178.4
2026-03-10T14:00:00Z,52462.6
2026-03-10T15:00:00Z,50650.7
2026-03-10T16:00:00Z,49455.5
2026-03-10T17:00:00Z,45158.6
2026-03-10T18:00:00Z,43100.9
2026-03-10T19:00:00Z,41023.3
2026-03-10T20:00:00Z,38407.9
2026-03-10T21:00:00Z,37522.7
2026-03-10T22:00:00Z,35077.3
2026-03-10T23:00:00Z,35548.8
2026-03-11T00:00:00Z,34485.0
2026-03-11T01:00:00Z,33585.3
2026-03-11T02:00:00Z,33900.9
2026-03-11T03:00:00Z,38846.5
2026-03-11T04:00:00Z,39606.1
2026-03-11T05:00:00Z,42018.1
2026-03-11T06:00:00Z,43770.6
2026-03-11T07:00:00Z,45874.5
2026-03-11T08:00:00Z,50024.1
2026-03-11T09:00:00Z,50019.1
2026-03-11T10:00:00Z,52148.2
2026-03-11T11:00:00Z,53437.1
2026-03-11T12:00:00Z,53065.7
2026-03-11T13:00:00Z,53002.2
2026-03-11T14:00:00Z,52047.3
2026-03-11T15:00:00Z,50552.6
2026-03-11T16:00:00Z,50180.3
2026-03-11T17:00:00Z,46676.8
2026-03-11T18:00:00Z,44935.8
2026-03-11T19:00:00Z,40965.0
2026-03-11T20:00:00Z,38904.2
2026-03-11T21:00:00Z,36851.2
2026-03-11T22:00:00Z,34570.8
2026-03-11T23:00:00Z,34869.8
2026-03-12T00:00:00Z,33279.9
2026-03-12T01:00:00Z,33805.3
2026-03-12T02:00:00Z,35697.2
2026-03-12T03:00:00Z,37458.8
2026-03-12T04:00:00Z,38582.8
2026-03-12T05:00:00Z,41651.9
2026-03-12T06:00:00Z,44968.9
2026-03-12T07:00:00Z,47659.7
2026-03-12T08:00:00Z,49551.8
2026-03-12T09:00:00Z,50572.6
2026-03-12T10:00:00Z,53359.5
2026-03-12T11:00:00Z,53081.5
2026-03-12T12:00:00Z,53393.2
2026-03-12T13:00:00Z,54075.7
2026-03-12T14:00:00Z,52647.0
2026-03-12T15:00:00Z,51223.3
2026-03-12T16:00:00Z,48173.6
2026-03-12T17:00:00Z,46304.0
2026-03-12T18:00:00Z,44286.4
2026-03-12T19:00:00Z,41965.3
2026-03-12T20:00:00Z,39674.1
2026-03-12T21:00:00Z,35825.8
2026-03-12T22:00:00Z,37499.9
2026-03-12T23:00:00Z,35393.4
2026-03-13T00:00:00Z,33653.9
2026-03-13T01:00:00Z,35576.6
2026-03-13T02:00:00Z,35498.0
2026-03-13T03:00:00Z,36823.5
2026-03-13T04:00:00Z,40428.3
2026-03-13T05:00:00Z,40552.3
2026-03-13T06:00:00Z,43122.8
2026-03-13T07:00:00Z,45724.2
2026-03-13T08:00:00Z,48272.6
2026-03-13T09:00:00Z,53310.7
2026-03-13T10:00:00Z,51895.2
2026-03-13T11:00:00Z,52412.0
2026-03-13T12:00:00Z,53678.1
2026-03-13T13:00:00Z,53812.9
2026-03-13T14:00:00Z,53260.7
2026-03-13T15:00:00Z,50044.3
2026-03-13T16:00:00Z,50305.5
2026-03-13T17:00:00Z,46571.6
2026-03-13T18:00:00Z,43250.2
2026-03-13T19:00:00Z,40834.2
2026-03-13T20:00:00Z,39520.4
2026-03-13T21:00:00Z,37157.9
2026-03-13T22:00:00Z,35276.9
2026-03-13T23:00:00Z,34780.8
2026-03-14T00:00:00Z,33412.0
2026-03-14T01:00:00Z,33028.9
2026-03-14T02:00:00Z,32438.9
2026-03-14T03:00:00Z,33792.4
2026-03-14T04:00:00Z,37149.5
2026-03-14T05:00:00Z,37819.0
2026-03-14T06:00:00Z,39680.5
2026-03-14T07:00:00Z,42864.8
2026-03-14T08:00:00Z,44889.0
2026-03-14T09:00:00Z,46748.0
2026-03-14T10:00:00Z,49264.3
2026-03-14T11:00:00Z,49773.3
2026-03-14T12:00:00Z,50463.1
2026-03-14T13:00:00Z,50694.0
2026-03-14T14:00:00Z,49021.5
2026-03-14T15:00:00Z,46752.4
2026-03-14T16:00:00Z,45181.7
2026-03-14T17:00:00Z,44290.2
2026-03-14T18:00:00Z,40254.8
2026-03-14T19:00:00Z,37725.7
2026-03-14T20:00:00Z,36653.4
2026-03-14T21:00:00Z,33576.2
2026-03-14T22:00:00Z,32046.7
2026-03-14T23:00:00Z,32040.2
2026-03-15T00:00:00Z,31288.7
2026-03-15T01:00:00Z,31277.2
2026-03-15T02:00:00Z,32353.1
2026-03-15T03:00:00Z,35074.4
2026-03-15T04:00:00Z,36471.1
2026-03-15T05:00:00Z,37964.0
2026-03-15T06:00:00Z,40671.0
2026-03-15T07:00:00Z,44772.6
2026-03-15T08:00:00Z,45636.6
2026-03-15T09:00:00Z,48090.6
2026-03-15T10:00:00Z,49584.0
2026-03-15T11:00:00Z,49893.8
2026-03-15T12:00:00Z,50764.4
2026-03-15T13:00:00Z,49543.3
2026-03-15T14:00:00Z,49131.7
2026-03-15T15:00:00Z,48747.2
2026-03-15T16:00:00Z,45698.5
2026-03-15T17:00:00Z,44742.4
2026-03-15T18:00:00Z,41191.2
2026-03-15T19:00:00Z,38955.0
2026-03-15T20:00:00Z,36324.3
2026-03-15T21:00:00Z,33528.2
2026-03-15T22:00:00Z,33565.7
2026-03-15T23:00:00Z,32882.0
2026-03-16T00:00:00Z,34224.4
2026-03-16T01:00:00Z,34314.2
2026-03-16T02:00:00Z,35072.8
2026-03-16T03:00:00Z,37194.4
2026-03-16T04:00:00Z,39643.2
2026-03-16T05:00:00Z,41828.4
2026-03-16T06:00:00Z,43803.0
2026-03-16T07:00:00Z,46098.5
2026-03-16T08:00:00Z,48508.7
2026-03-16T09:00:00Z,50262.3
2026-03-16T10:00:00Z,51054.8
2026-03-16T11:00:00Z,54491.6
2026-03-16T12:00:00Z,52546.2
2026-03-16T13:00:00Z,52110.0
2026-03-16T14:00:00Z,53051.2
2026-03-16T15:00:00Z,50780.2
2026-03-16T16:00:00Z,48826.5
2026-03-16T17:00:00Z,45650.3
2026-03-16T18:00:00Z,43575.3
2026-03-16T19:00:00Z,41721.4
2026-03-16T20:00:00Z,40996.9
2026-03-16T21:00:00Z,37221.2
2026-03-16T22:00:00Z,35374.6
2026-03-16T23:00:00Z,34839.3
2026-03-17T00:00:00Z,33905.5
2026-03-17T01:00:00Z,33568.2
2026-03-17T02:00:00Z,33723.8
2026-03-17T03:00:00Z,37077.9
2026-03-17T04:00:00Z,37503.9
2026-03-17T05:00:00Z,41939.6
2026-03-17T06:00:00Z,43041.2
2026-03-17T07:00:00Z,45575.0
2026-03-17T08:00:00Z,47301.5
2026-03-17T09:00:00Z,49385.7
2026-03-17T10:00:00Z,51240.3
2026-03-17T11:00:00Z,52961.7
2026-03-17T12:00:00Z,52650.4
2026-03-17T13:00:00Z,52584.0
2026-03-17T14:00:00Z,51313.2
2026-03-17T15:00:00Z,50625.2
2026-03-17T16:00:00Z,48539.9
2026-03-17T17:00:00Z,46283.6
2026-03-17T18:00:00Z,42601.6
2026-03-17T19:00:00Z,40295.5
2026-03-17T20:00:00Z,37563.2
2026-03-17T21:00:00Z,37183.6
2026-03-17T22:00:00Z,32980.6
2026-03-17T23:00:00Z,35348.7
2026-03-18T00:00:00Z,33453.2
2026-03-18T01:00:00Z,33501.4
2026-03-18T02:00:00Z,35127.4
2026-03-18T03:00:00Z,36294.4
2026-03-18T04:00:00Z,38210.7
2026-03-18T05:00:00Z,41124.0
2026-03-18T06:00:00Z,43776.4
2026-03-18T07:00:00Z,45374.0
2026-03-18T08:00:00Z,49393.8
2026-03-18T09:00:00Z,49049.3
2026-03-18T10:00:00Z,52314.3
2026-03-18T11:00:00Z,52795.9
2026-03-18T12:00:00Z,52096.9
2026-03-18T13:00:00Z,53279.6
2026-03-18T14:00:00Z,52685.6
2026-03-18T15:00:00Z,48845.7
2026-03-18T16:00:00Z,48591.4
2026-03-18T17:00:00Z,45721.9
2026-03-18T18:00:00Z,43494.0
2026-03-18T19:00:00Z,39487.4
2026-03-18T20:00:00Z,38999.7
2026-03-18T21:00:00Z,37457.8
2026-03-18T22:00:00Z,35218.3
2026-03-18T23:00:00Z,33486.9
2026-03-19T00:00:00Z,33326.7
2026-03-19T01:00:00Z,34186.0
2026-03-19T02:00:00Z,34729.1
2026-03-19T03:00:00Z,35325.0
2026-03-19T04:00:00Z,37460.4
2026-03-19T05:00:00Z,39529.6
2026-03-19T06:00:00Z,43239.1
2026-03-19T07:00:00Z,47169.0
2026-03-19T08:00:00Z,49077.2
2026-03-19T09:00:00Z,49819.2
2026-03-19T10:00:00Z,51369.1
2026-03-19T11:00:00Z,53242.0
2026-03-19T12:00:00Z,53366.3
2026-03-19T13:00:00Z,53505.1
2026-03-19T14:00:00Z,51887.7
2026-03-19T15:00:00Z,49694.6
2026-03-19T16:00:00Z,48493.7
2026-03-19T17:00:00Z,47108.8
2026-03-19T18:00:00Z,43437.6
2026-03-19T19:00:00Z,42384.8
2026-03-19T20:00:00Z,37719.4
2026-03-19T21:00:00Z,36185.3
2026-03-19T22:00:00Z,35088.6
2026-03-19T23:00:00Z,33860.4
2026-03-20T00:00:00Z,34254.2
2026-03-20T01:00:00Z,34100.8
2026-03-20T02:00:00Z,35334.6
2026-03-20T03:00:00Z,37536.8
2026-03-20T04:00:00Z,37372.7
2026-03-20T05:00:00Z,40415.2
2026-03-20T06:00:00Z,44723.6
2026-03-20T07:00:00Z,45348.0
2026-03-20T08:00:00Z,47079.4
2026-03-20T09:00:00Z,49250.4
2026-03-20T10:00:00Z,50525.4
2026-03-20T11:00:00Z,52284.4
2026-03-20T12:00:00Z,52940.9
2026-03-20T13:00:00Z,52674.8
2026-03-20T14:00:00Z,52052.0
2026-03-20T15:00:00Z,49796.1
2026-03-20T16:00:00Z,48580.1
2026-03-20T17:00:00Z,46501.0
2026-03-20T18:00:00Z,42006.0
2026-03-20T19:00:00Z,39842.9
2026-03-20T20:00:00Z,38692.6
2026-03-20T21:00:00Z,35388.5
2026-03-20T22:00:00Z,35662.4
2026-03-20T23:00:00Z,33360.7
2026-03-21T00:00:00Z,30241.1
2026-03-21T01:00:00Z,31184.1
2026-03-21T02:00:00Z,33897.0
2026-03-21T03:00:00Z,32657.5
2026-03-21T04:00:00Z,35512.7
2026-03-21T05:00:00Z,37268.0
2026-03-21T06:00:00Z,40808.7
2026-03-21T07:00:00Z,42723.0
2026-03-21T08:00:00Z,45106.3
2026-03-21T09:00:00Z,47515.0
2026-03-21T10:00:00Z,48484.2
2026-03-21T11:00:00Z,49658.0
2026-03-21T12:00:00Z,50375.1
2026-03-21T13:00:00Z,49603.4
2026-03-21T14:00:00Z,48468.1
2026-03-21T15:00:00Z,46444.0
2026-03-21T16:00:00Z,45491.6
2026-03-21T17:00:00Z,42941.5
2026-03-21T18:00:00Z,40238.0
2026-03-21T19:00:00Z,37358.1
2026-03-21T20:00:00Z,35157.5
2026-03-21T21:00:00Z,32780.3
2026-03-21T22:00:00Z,33440.7
2026-03-21T23:00:00Z,31567.7
2026-03-22T00:00:00Z,32251.4
2026-03-22T01:00:00Z,29598.8
2026-03-22T02:00:00Z,30662.1
2026-03-22T03:00:00Z,33694.5
2026-03-22T04:00:00Z,35303.2
2026-03-22T05:00:00Z,37395.9
2026-03-22T06:00:00Z,39769.4
2026-03-22T07:00:00Z,42537.7
2026-03-22T08:00:00Z,43000.2
2026-03-22T09:00:00Z,49005.4
2026-03-22T10:00:00Z,48313.5
2026-03-22T11:00:00Z,49374.1
2026-03-22T12:00:00Z,50625.7
2026-03-22T13:00:00Z,49405.2
2026-03-22T14:00:00Z,48852.5
2026-03-22T15:00:00Z,47630.8
2026-03-22T16:00:00Z,45695.2
2026-03-22T17:00:00Z,43192.1
2026-03-22T18:00:00Z,41161.0
2026-03-22T19:00:00Z,38692.7
2026-03-22T20:00:00Z,35600.9
2026-03-22T21:00:00Z,33952.9
2026-03-22T22:00:00Z,31577.3
2026-03-22T23:00:00Z,31681.6
2026-03-23T00:00:00Z,32254.4
2026-03-23T01:00:00Z,32508.1
2026-03-23T02:00:00Z,33972.1
2026-03-23T03:00:00Z,36516.4
2026-03-23T04:00:00Z,37640.9
2026-03-23T05:00:00Z,40167.6
2026-03-23T06:00:00Z,43915.6
2026-03-23T07:00:00Z,46715.8
2026-03-23T08:00:00Z,49470.4
2026-03-23T09:00:00Z,50614.4
2026-03-23T10:00:00Z,51794.7
2026-03-23T11:00:00Z,52644.6
2026-03-23T12:00:00Z,51695.3
2026-03-23T13:00:00Z,52352.7
2026-03-23T14:00:00Z,51185.0
2026-03-23T15:00:00Z,50588.6
2026-03-23T16:00:00Z,48187.6
2026-03-23T17:00:00Z,44694.8
2026-03-23T18:00:00Z,42714.1
2026-03-23T19:00:00Z,40894.7
2026-03-23T20:00:00Z,38282.6
2026-03-23T21:00:00Z,35660.8
2026-03-23T22:00:00Z,35304.1
2026-03-23T23:00:00Z,32156.9
2026-03-24T00:00:00Z,33685.9
2026-03-24T01:00:00Z,32872.8
2026-03-24T02:00:00Z,33330.6
2026-03-24T03:00:00Z,35761.4
2026-03-24T04:00:00Z,38918.6
2026-03-24T05:00:00Z,39068.8
2026-03-24T06:00:00Z,42668.0
2026-03-24T07:00:00Z,45287.8
2026-03-24T08:00:00Z,47244.3
2026-03-24T09:00:00Z,49260.9
2026-03-24T10:00:00Z,51017.7
2026-03-24T11:00:00Z,52233.2
2026-03-24T12:00:00Z,53561.0
2026-03-24T13:00:00Z,49884.8
2026-03-24T14:00:00Z,51310.9
2026-03-24T15:00:00Z,50288.6
2026-03-24T16:00:00Z,46193.9
2026-03-24T17:00:00Z,45773.1
2026-03-24T18:00:00Z,43554.3
2026-03-24T19:00:00Z,39973.9
2026-03-24T20:00:00Z,38179.2
2026-03-24T21:00:00Z,35515.3
2026-03-24T22:00:00Z,33470.2
2026-03-24T23:00:00Z,33065.0
2026-03-25T00:00:00Z,32539.8
2026-03-25T01:00:00Z,34157.4
2026-03-25T02:00:00Z,33865.1
2026-03-25T03:00:00Z,36429.5
2026-03-25T04:00:00Z,38600.2
2026-03-25T05:00:00Z,41157.6
2026-03-25T06:00:00Z,42731.2
2026-03-25T07:00:00Z,45590.4
2026-03-25T08:00:00Z,46874.4
2026-03-25T09:00:00Z,48682.1
2026-03-25T10:00:00Z,52290.2
2026-03-25T11:00:00Z,52833.2
2026-03-25T12:00:00Z,51496.5
2026-03-25T13:00:00Z,51291.6
2026-03-25T14:00:00Z,52386.1
2026-03-25T15:00:00Z,49733.1
2026-03-25T16:00:00Z,48443.6
2026-03-25T17:00:00Z,46381.1
2026-03-25T18:00:00Z,42584.6
2026-03-25T19:00:00Z,40947.0
2026-03-25T20:00:00Z,36968.7
2026-03-25T21:00:00Z,35879.1
2026-03-25T22:00:00Z,35016.9
2026-03-25T23:00:00Z,34525.7
2026-03-26T00:00:00Z,33022.5
2026-03-26T01:00:00Z,33768.1
2026-03-26T02:00:00Z,33633.8
2026-03-26T03:00:00Z,36562.1
2026-03-26T04:00:00Z,36772.1
2026-03-26T05:00:00Z,39852.8
2026-03-26T06:00:00Z,42504.0
2026-03-26T07:00:00Z,44364.5
2026-03-26T08:00:00Z,46940.9
2026-03-26T09:00:00Z,49162.8
2026-03-26T10:00:00Z,51698.8
2026-03-26T11:00:00Z,52401.9
2026-03-26T12:00:00Z,52499.1
2026-03-26T13:00:00Z,52187.4
2026-03-26T14:00:00Z,51249.0
2026-03-26T15:00:00Z,48653.1
2026-03-26T16:00:00Z,47155.4
2026-03-26T17:00:00Z,44924.2
2026-03-26T18:00:00Z,43215.2
2026-03-26T19:00:00Z,40377.4
2026-03-26T20:00:00Z,38246.6
2026-03-26T21:00:00Z,34886.7
2026-03-26T22:00:00Z,35550.4
2026-03-26T23:00:00Z,32822.8
2026-03-27T00:00:00Z,32139.0
2026-03-27T01:00:00Z,33276.6
2026-03-27T02:00:00Z,34422.7
2026-03-27T03:00:00Z,35576.3
2026-03-27T04:00:00Z,38892.4
2026-03-27T05:00:00Z,39599.4
2026-03-27T06:00:00Z,42144.3
2026-03-27T07:00:00Z,43954.4
2026-03-27T08:00:00Z,48364.5
2026-03-27T09:00:00Z,49029.7
2026-03-27T10:00:00Z,50527.3
2026-03-27T11:00:00Z,50352.2
2026-03-27T12:00:00Z,51451.4
2026-03-27T13:00:00Z,51374.5
2026-03-27T14:00:00Z,51140.0
2026-03-27T15:00:00Z,50036.3
2026-03-27T16:00:00Z,48203.7
2026-03-27T17:00:00Z,44406.5
2026-03-27T18:00:00Z,42683.9
2026-03-27T19:00:00Z,41238.3
2026-03-27T20:00:00Z,38220.4
2026-03-27T21:00:00Z,36389.2
2026-03-27T22:00:00Z,35232.9
2026-03-27T23:00:00Z,33694.1
2026-03-28T00:00:00Z,30268.5
2026-03-28T01:00:00Z,32535.1
2026-03-28T02:00:00Z,30320.3
2026-03-28T03:00:00Z,33207.9
2026-03-28T04:00:00Z,35550.3
2026-03-28T05:00:00Z,37435.9
2026-03-28T06:00:00Z,39842.1
2026-03-28T07:00:00Z,42014.7
2026-03-28T08:00:00Z,45517.2
2026-03-28T09:00:00Z,45207.4
2026-03-28T10:00:00Z,47252.4
2026-03-28T11:00:00Z,48001.7
2026-03-28T12:00:00Z,48882.2
2026-03-28T13:00:00Z,48669.1
2026-03-28T14:00:00Z,48429.2
2026-03-28T15:00:00Z,47403.5
2026-03-28T16:00:00Z,43964.6
2026-03-28T17:00:00Z,42337.6
2026-03-28T18:00:00Z,41479.0
2026-03-28T19:00:00Z,37958.3
2026-03-28T20:00:00Z,33754.8
2026-03-28T21:00:00Z,33623.7
2026-03-28T22:00:00Z,31576.5
2026-03-28T23:00:00Z,30588.3
2026-03-29T00:00:00Z,30430.0
2026-03-29T01:00:00Z,31143.5
2026-03-29T02:00:00Z,31670.3
2026-03-29T03:00:00Z,33760.7
2026-03-29T04:00:00Z,35240.3
2026-03-29T05:00:00Z,37986.0
2026-03-29T06:00:00Z,40209.9
2026-03-29T07:00:00Z,41557.0
2026-03-29T08:00:00Z,43377.1
2026-03-29T09:00:00Z,48055.5
2026-03-29T10:00:00Z,47393.6
2026-03-29T11:00:00Z,48173.1
2026-03-29T12:00:00Z,50192.3
2026-03-29T13:00:00Z,49927.0
2026-03-29T14:00:00Z,47934.0
2026-03-29T15:00:00Z,47577.1
2026-03-29T16:00:00Z,44135.8
2026-03-29T17:00:00Z,41937.4
2026-03-29T18:00:00Z,38664.9
2026-03-29T19:00:00Z,38898.5
2026-03-29T20:00:00Z,35046.4
2026-03-29T21:00:00Z,33540.2
2026-03-29T22:00:00Z,30163.1
2026-03-29T23:00:00Z,30872.7
2026-03-30T00:00:00Z,31321.8
2026-03-30T01:00:00Z,32549.1
2026-03-30T02:00:00Z,34586.7
2026-03-30T03:00:00Z,36725.3
2026-03-30T04:00:00Z,38852.0
2026-03-30T05:00:00Z,39862.0
2026-03-30T06:00:00Z,41338.5
2026-03-30T07:00:00Z,45169.3
2026-03-30T08:00:00Z,46829.1
2026-03-30T09:00:00Z,49758.2
2026-03-30T10:00:00Z,51093.4
2026-03-30T11:00:00Z,53065.5
2026-03-30T12:00:00Z,52510.2
2026-03-30T13:00:00Z,51560.6
2026-03-30T14:00:00Z,51084.3
2026-03-30T15:00:00Z,48947.2
2026-03-30T16:00:00Z,46823.9
2026-03-30T17:00:00Z,44410.3
2026-03-30T18:00:00Z,42195.7
2026-03-30T19:00:00Z,39404.4
2026-03-30T20:00:00Z,37610.3
2026-03-30T21:00:00Z,34397.6
2026-03-30T22:00:00Z,33681.6
2026-03-30T23:00:00Z,33563.0
2026-03-31T00:00:00Z,32079.6
2026-03-31T01:00:00Z,32208.4
2026-03-31T02:00:00Z,35414.1
2026-03-31T03:00:00Z,35092.6
2026-03-31T04:00:00Z,38896.7
2026-03-31T05:00:00Z,39756.9
2026-03-31T06:00:00Z,42701.2
2026-03-31T07:00:00Z,45493.2
2026-03-31T08:00:00Z,46595.1
2026-03-31T09:00:00Z,48467.0
2026-03-31T10:00:00Z,50690.1
2026-03-31T11:00:00Z,51534.1
2026-03-31T12:00:00Z,52513.6
2026-03-31T13:00:00Z,51203.0
2026-03-31T14:00:00Z,50093.8
2026-03-31T15:00:00Z,49280.0
2026-03-31T16:00:00Z,46509.6
2026-03-31T17:00:00Z,44049.8
2026-03-31T18:00:00Z,42528.3
2026-03-31T19:00:00Z,39488.4
2026-03-31T20:00:00Z,36423.6
2026-03-31T21:00:00Z,36185.8
2026-03-31T22:00:00Z,33783.8
2026-03-31T23:00:00Z,31214.1
2026-04-01T00:00:00Z,32000.8
2026-04-01T01:00:00Z,33732.9
2026-04-01T02:00:00Z,33897.4
2026-04-01T03:00:00Z,34880.6
2026-04-01T04:00:00Z,37582.3
2026-04-01T05:00:00Z,39189.9
2026-04-01T06:00:00Z,41927.7
2026-04-01T07:00:00Z,44999.7
2026-04-01T08:00:00Z,46249.4
2026-04-01T09:00:00Z,50448.9
2026-04-01T10:00:00Z,48455.0
2026-04-01T11:00:00Z,50248.4
2026-04-01T12:00:00Z,52528.7
2026-04-01T13:00:00Z,51755.8
2026-04-01T14:00:00Z,52030.6
2026-04-01T15:00:00Z,49526.0
2026-04-01T16:00:00Z,47919.3
2026-04-01T17:00:00Z,45243.7
2026-04-01T18:00:00Z,42064.7
2026-04-01T19:00:00Z,38296.2
2026-04-01T20:00:00Z,37184.9
2026-04-01T21:00:00Z,35768.9
2026-04-01T22:00:00Z,34097.8
2026-04-01T23:00:00Z,32201.1
2026-04-02T00:00:00Z,33310.1
2026-04-02T01:00:00Z,32542.1
2026-04-02T02:00:00Z,33046.8
2026-04-02T03:00:00Z,35421.9
2026-04-02T04:00:00Z,37305.6
2026-04-02T05:00:00Z,38732.3
2026-04-02T06:00:00Z,41386.4
2026-04-02T07:00:00Z,44779.6
2026-04-02T08:00:00Z,48371.7
2026-04-02T09:00:00Z,46970.9
2026-04-02T10:00:00Z,48556.0
2026-04-02T11:00:00Z,50871.0
2026-04-02T12:00:00Z,51414.2
2026-04-02T13:00:00Z,52076.8
2026-04-02T14:00:00Z,49180.5
2026-04-02T15:00:00Z,49168.0
2026-04-02T16:00:00Z,47230.0
2026-04-02T17:00:00Z,45363.7
2026-04-02T18:00:00Z,41662.3
2026-04-02T19:00:00Z,39030.8
2026-04-02T20:00:00Z,37167.1
2026-04-02T21:00:00Z,34949.0
2026-04-02T22:00:00Z,33437.9
2026-04-02T23:00:00Z,32485.8
2026-04-03T00:00:00Z,33077.3
2026-04-03T01:00:00Z,32631.9
2026-04-03T02:00:00Z,33638.4
2026-04-03T03:00:00Z,35804.0
2026-04-03T04:00:00Z,37100.1
2026-04-03T05:00:00Z,39818.4
2026-04-03T06:00:00Z,40947.2
2026-04-03T07:00:00Z,44680.4
2026-04-03T08:00:00Z,46965.4
2026-04-03T09:00:00Z,48418.9
2026-04-03T10:00:00Z,50014.5
2026-04-03T11:00:00Z,50748.2
2026-04-03T12:00:00Z,52667.2
2026-04-03T13:00:00Z,51301.3
2026-04-03T14:00:00Z,49893.7
2026-04-03T15:00:00Z,48409.4
2026-04-03T16:00:00Z,46170.2
2026-04-03T17:00:00Z,44779.4
2026-04-03T18:00:00Z,42232.8
2026-04-03T19:00:00Z,38987.2
2026-04-03T20:00:00Z,36730.7
2026-04-03T21:00:00Z,35528.0
2026-04-03T22:00:00Z,32880.2
2026-04-03T23:00:00Z,33982.5
2026-04-04T00:00:00Z,29878.1
2026-04-04T01:00:00Z,29672.1
2026-04-04T02:00:00Z,31256.5
2026-04-04T03:00:00Z,31146.8
2026-04-04T04:00:00Z,35011.7
2026-04-04T05:00:00Z,36419.5
2026-04-04T06:00:00Z,40133.2
2026-04-04T07:00:00Z,42563.2
2026-04-04T08:00:00Z,43563.6
2026-04-04T09:00:00Z,47332.7
2026-04-04T10:00:00Z,47466.7
2026-04-04T11:00:00Z,48440.2
2026-04-04T12:00:00Z,49826.3
2026-04-04T13:00:00Z,49423.3
2026-04-04T14:00:00Z,47208.5
2026-04-04T15:00:00Z,46319.6
2026-04-04T16:00:00Z,43718.9
2026-04-04T17:00:00Z,41137.4
2026-04-04T18:00:00Z,38846.3
2026-04-04T19:00:00Z,37198.6
2026-04-04T20:00:00Z,33148.8
2026-04-04T21:00:00Z,32766.7
2026-04-04T22:00:00Z,30420.5
2026-04-04T23:00:00Z,29870.0
2026-04-05T00:00:00Z,30683.1
2026-04-05T01:00:00Z,30385.2
2026-04-05T02:00:00Z,30705.7
2026-04-05T03:00:00Z,33929.5
2026-04-05T04:00:00Z,33266.3
2026-04-05T05:00:00Z,36865.8
2026-04-05T06:00:00Z,40064.9
2026-04-05T07:00:00Z,40758.3
2026-04-05T08:00:00Z,44494.4
2026-04-05T09:00:00Z,45912.9
2026-04-05T10:00:00Z,48927.2
2026-04-05T11:00:00Z,49285.9
2026-04-05T12:00:00Z,49362.2
2026-04-05T13:00:00Z,47410.3
2026-04-05T14:00:00Z,47420.7
2026-04-05T15:00:00Z,47418.5
2026-04-05T16:00:00Z,44750.9
2026-04-05T17:00:00Z,41239.5
2026-04-05T18:00:00Z,39146.4
2026-04-05T19:00:00Z,35411.6
2026-04-05T20:00:00Z,34602.3
2026-04-05T21:00:00Z,31724.8
2026-04-05T22:00:00Z,29855.0
2026-04-05T23:00:00Z,29237.8
2026-04-06T00:00:00Z,32932.6
2026-04-06T01:00:00Z,31424.1
2026-04-06T02:00:00Z,31370.6
2026-04-06T03:00:00Z,36819.5
2026-04-06T04:00:00Z,36760.1
2026-04-06T05:00:00Z,39075.2
2026-04-06T06:00:00Z,41007.1
2026-04-06T07:00:00Z,45326.2
2026-04-06T08:00:00Z,47269.8
2026-04-06T09:00:00Z,49316.1
2026-04-06T10:00:00Z,50621.1
2026-04-06T11:00:00Z,51921.4
2026-04-06T12:00:00Z,51870.8
2026-04-06T13:00:00Z,51066.4
2026-04-06T14:00:00Z,51051.7
2026-04-06T15:00:00Z,48908.8
2026-04-06T16:00:00Z,46299.1
2026-04-06T17:00:00Z,44691.2
2026-04-06T18:00:00Z,40398.7
2026-04-06T19:00:00Z,39552.4
2026-04-06T20:00:00Z,36585.0
2026-04-06T21:00:00Z,33940.9
2026-04-06T22:00:00Z,34060.7
2026-04-06T23:00:00Z,34218.7
2026-04-07T00:00:00Z,33269.9
2026-04-07T01:00:00Z,33084.4
2026-04-07T02:00:00Z,32949.0
2026-04-07T03:00:00Z,33968.6
2026-04-07T04:00:00Z,36807.1
2026-04-07T05:00:00Z,38852.7
2026-04-07T06:00:00Z,42067.9
2026-04-07T07:00:00Z,45743.4
2026-04-07T08:00:00Z,47347.2
2026-04-07T09:00:00Z,48968.0
2026-04-07T10:00:00Z,50519.4
2026-04-07T11:00:00Z,49955.7
2026-04-07T12:00:00Z,52071.6
2026-04-07T13:00:00Z,51320.3
2026-04-07T14:00:00Z,49629.5
2026-04-07T15:00:00Z,48628.6
2026-04-07T16:00:00Z,46534.8
2026-04-07T17:00:00Z,44856.7
2026-04-07T18:00:00Z,41501.4
2026-04-07T19:00:00Z,40302.0
2026-04-07T20:00:00Z,37121.6
2026-04-07T21:00:00Z,34713.6
2026-04-07T22:00:00Z,34689.4
2026-04-07T23:00:00Z,32483.7
2026-04-08T00:00:00Z,32246.8
2026-04-08T01:00:00Z,31734.5
2026-04-08T02:00:00Z,34469.8
2026-04-08T03:00:00Z,35037.8
2026-04-08T04:00:00Z,37491.8
2026-04-08T05:00:00Z,39145.5
2026-04-08T06:00:00Z,42078.4
2026-04-08T07:00:00Z,43327.0
2026-04-08T08:00:00Z,46298.3
2026-04-08T09:00:00Z,47636.3
2026-04-08T10:00:00Z,49924.5
2026-04-08T11:00:00Z,51724.4
2026-04-08T12:00:00Z,51056.8
2026-04-08T13:00:00Z,51072.0
2026-04-08T14:00:00Z,50328.8
2026-04-08T15:00:00Z,49971.9
2026-04-08T16:00:00Z,47303.0
2026-04-08T17:00:00Z,43041.4
2026-04-08T18:00:00Z,42916.6
2026-04-08T19:00:00Z,38021.5
2026-04-08T20:00:00Z,35863.9
2026-04-08T21:00:00Z,35217.9
2026-04-08T22:00:00Z,34763.9
2026-04-08T23:00:00Z,31926.4
2026-04-09T00:00:00Z,31235.9
2026-04-09T01:00:00Z,32260.3
2026-04-09T02:00:00Z,33607.4
2026-04-09T03:00:00Z,36083.1
2026-04-09T04:00:00Z,37055.1
2026-04-09T05:00:00Z,39002.4
2026-04-09T06:00:00Z,41468.2
2026-04-09T07:00:00Z,44391.2
2026-04-09T08:00:00Z,46981.8
2026-04-09T09:00:00Z,47801.4
2026-04-09T10:00:00Z,49965.8
2026-04-09T11:00:00Z,51666.7
2026-04-09T12:00:00Z,53166.0
2026-04-09T13:00:00Z,51453.1
2026-04-09T14:00:00Z,48345.5
2026-04-09T15:00:00Z,48124.1
2026-04-09T16:00:00Z,46918.9
2026-04-09T17:00:00Z,44005.1
2026-04-09T18:00:00Z,42725.9
2026-04-09T19:00:00Z,39094.9
2026-04-09T20:00:00Z,37411.5
2026-04-09T21:00:00Z,35381.8
2026-04-09T22:00:00Z,33104.2
2026-04-09T23:00:00Z,32092.1
2026-04-10T00:00:00Z,31863.1
2026-04-10T01:00:00Z,31605.9
2026-04-10T02:00:00Z,33469.2
2026-04-10T03:00:00Z,34415.4
2026-04-10T04:00:00Z,36952.1
2026-04-10T05:00:00Z,38418.7
2026-04-10T06:00:00Z,43033.2
2026-04-10T07:00:00Z,44660.8
2026-04-10T08:00:00Z,47659.6
2026-04-10T09:00:00Z,48047.3
2026-04-10T10:00:00Z,49786.3
2026-04-10T11:00:00Z,51427.6
2026-04-10T12:00:00Z,51644.1
2026-04-10T13:00:00Z,51289.2
2026-04-10T14:00:00Z,50725.3
2026-04-10T15:00:00Z,48952.8
2026-04-10T16:00:00Z,47477.5
2026-04-10T17:00:00Z,43830.0
2026-04-10T18:00:00Z,42559.2
2026-04-10T19:00:00Z,36479.8
2026-04-10T20:00:00Z,37214.5
2026-04-10T21:00:00Z,34766.1
2026-04-10T22:00:00Z,33051.2
2026-04-10T23:00:00Z,32464.8
2026-04-11T00:00:00Z,29375.2
2026-04-11T01:00:00Z,30084.8
2026-04-11T02:00:00Z,29936.0
2026-04-11T03:00:00Z,31790.9
2026-04-11T04:00:00Z,34556.2
2026-04-11T05:00:00Z,36164.7
2026-04-11T06:00:00Z,38726.8
2026-04-11T07:00:00Z,41964.6
2026-04-11T08:00:00Z,44028.2
2026-04-11T09:00:00Z,45415.8
2026-04-11T10:00:00Z,46763.3
2026-04-11T11:00:00Z,48771.1
2026-04-11T12:00:00Z,49275.8
2026-04-11T13:00:00Z,48837.7
2026-04-11T14:00:00Z,47795.6
2026-04-11T15:00:00Z,45633.6
2026-04-11T16:00:00Z,43221.7
2026-04-11T17:00:00Z,41493.9
2026-04-11T18:00:00Z,38936.2
2026-04-11T19:00:00Z,36075.8
2026-04-11T20:00:00Z,34446.6
2026-04-11T21:00:00Z,34551.2
2026-04-11T22:00:00Z,30335.8
2026-04-11T23:00:00Z,29500.1
2026-04-12T00:00:00Z,29982.8
2026-04-12T01:00:00Z,29174.7
2026-04-12T02:00:00Z,30375.9
2026-04-12T03:00:00Z,31890.2
2026-04-12T04:00:00Z,34174.3
2026-04-12T05:00:00Z,37188.9
2026-04-12T06:00:00Z,39447.3
2026-04-12T07:00:00Z,40386.7
2026-04-12T08:00:00Z,43579.5
2026-04-12T09:00:00Z,45035.4
2026-04-12T10:00:00Z,47598.3
2026-04-12T11:00:00Z,47920.1
2026-04-12T12:00:00Z,49481.7
2026-04-12T13:00:00Z,49832.8
2026-04-12T14:00:00Z,47110.0
2026-04-12T15:00:00Z,45970.7
2026-04-12T16:00:00Z,44436.6
2026-04-12T17:00:00Z,40972.2
2026-04-12T18:00:00Z,37868.1
2026-04-12T19:00:00Z,36913.8
2026-04-12T20:00:00Z,34463.9
2026-04-12T21:00:00Z,30744.8
2026-04-12T22:00:00Z,30629.3
2026-04-12T23:00:00Z,29330.0
2026-04-13T00:00:00Z,31544.7
2026-04-13T01:00:00Z,32398.6
2026-04-13T02:00:00Z,32193.2
2026-04-13T03:00:00Z,33760.7
2026-04-13T04:00:00Z,37831.4
2026-04-13T05:00:00Z,39662.8
2026-04-13T06:00:00Z,41587.2
2026-04-13T07:00:00Z,44225.9
2026-04-13T08:00:00Z,46700.0
2026-04-13T09:00:00Z,48477.4
2026-04-13T10:00:00Z,51827.8
2026-04-13T11:00:00Z,50483.6
2026-04-13T12:00:00Z,51741.8
2026-04-13T13:00:00Z,50038.1
2026-04-13T14:00:00Z,50472.6
2026-04-13T15:00:00Z,49839.2
2026-04-13T16:00:00Z,46422.4
2026-04-13T17:00:00Z,43544.3
2026-04-13T18:00:00Z,40389.1
2026-04-13T19:00:00Z,40058.2
2026-04-13T20:00:00Z,36317.0
2026-04-13T21:00:00Z,35043.0
2026-04-13T22:00:00Z,33897.3
2026-04-13T23:00:00Z,31643.6
2026-04-14T00:00:00Z,32093.7
2026-04-14T01:00:00Z,33433.0
2026-04-14T02:00:00Z,32672.0
2026-04-14T03:00:00Z,34633.1
2026-04-14T04:00:00Z,36872.5
2026-04-14T05:00:00Z,37897.2
2026-04-14T06:00:00Z,41317.8
2026-04-14T07:00:00Z,44852.1
2026-04-14T08:00:00Z,48056.0
2026-04-14T09:00:00Z,47718.7
2026-04-14T10:00:00Z,50033.2
2026-04-14T11:00:00Z,51228.5
2026-04-14T12:00:00Z,51045.8
2026-04-14T13:00:00Z,50468.3
2026-04-14T14:00:00Z,49820.3
2026-04-14T15:00:00Z,48112.8
2026-04-14T16:00:00Z,45815.6
2026-04-14T17:00:00Z,43966.0
2026-04-14T18:00:00Z,41559.6
2026-04-14T19:00:00Z,37393.0
2026-04-14T20:00:00Z,36967.2
2026-04-14T21:00:00Z,34717.4
2026-04-14T22:00:00Z,33396.9
2026-04-14T23:00:00Z,30812.5
2026-04-15T00:00:00Z,33598.5
2026-04-15T01:00:00Z,32377.6
2026-04-15T02:00:00Z,32056.2
2026-04-15T03:00:00Z,35705.7
2026-04-15T04:00:00Z,37346.4
2026-04-15T05:00:00Z,38738.2
2026-04-15T06:00:00Z,42624.8
2026-04-15T07:00:00Z,44578.9
2026-04-15T08:00:00Z,45670.7
2026-04-15T09:00:00Z,47926.5
2026-04-15T10:00:00Z,50308.0
2026-04-15T11:00:00Z,52235.5
2026-04-15T12:00:00Z,50918.4
2026-04-15T13:00:00Z,52047.9
2026-04-15T14:00:00Z,50116.3
2026-04-15T15:00:00Z,47883.7
2026-04-15T16:00:00Z,47513.6
2026-04-15T17:00:00Z,43436.8
2026-04-15T18:00:00Z,41509.0
2026-04-15T19:00:00Z,37499.6
2026-04-15T20:00:00Z,36592.9
2026-04-15T21:00:00Z,35508.7
2026-04-15T22:00:00Z,32343.6
2026-04-15T23:00:00Z,31165.0
2026-04-16T00:00:00Z,33271.3
2026-04-16T01:00:00Z,32879.2
2026-04-16T02:00:00Z,32741.1
2026-04-16T03:00:00Z,34798.2
2026-04-16T04:00:00Z,38369.4
2026-04-16T05:00:00Z,38227.4
2026-04-16T06:00:00Z,42427.0
2026-04-16T07:00:00Z,44571.4
2026-04-16T08:00:00Z,46744.8
2026-04-16T09:00:00Z,48383.0
2026-04-16T10:00:00Z,50595.2
2026-04-16T11:00:00Z,50204.0
2026-04-16T12:00:00Z,51336.2
2026-04-16T13:00:00Z,52020.2
2026-04-16T14:00:00Z,49847.4
2026-04-16T15:00:00Z,48571.9
2026-04-16T16:00:00Z,47170.8
2026-04-16T17:00:00Z,42835.1
2026-04-16T18:00:00Z,39989.2
2026-04-16T19:00:00Z,40273.0
2026-04-16T20:00:00Z,37105.5
2026-04-16T21:00:00Z,35255.9
2026-04-16T22:00:00Z,32988.3
2026-04-16T23:00:00Z,32427.3
2026-04-17T00:00:00Z,32672.7
2026-04-17T01:00:00Z,32300.5
2026-04-17T02:00:00Z,32882.3
2026-04-17T03:00:00Z,34141.9
2026-04-17T04:00:00Z,35640.9
2026-04-17T05:00:00Z,37218.4
2026-04-17T06:00:00Z,41317.5
2026-04-17T07:00:00Z,43766.5
2026-04-17T08:00:00Z,48408.4
2026-04-17T09:00:00Z,47936.4
2026-04-17T10:00:00Z,49053.5
2026-04-17T11:00:00Z,52418.3
2026-04-17T12:00:00Z,50663.8
2026-04-17T13:00:00Z,50650.3
2026-04-17T14:00:00Z,50748.4
2026-04-17T15:00:00Z,49242.8
2026-04-17T16:00:00Z,47262.6
2026-04-17T17:00:00Z,44673.6
2026-04-17T18:00:00Z,40908.9
2026-04-17T19:00:00Z,38656.1
2026-04-17T20:00:00Z,36486.0
2026-04-17T21:00:00Z,35369.8
2026-04-17T22:00:00Z,33141.2
2026-04-17T23:00:00Z,33251.2
2026-04-18T00:00:00Z,29598.4
2026-04-18T01:00:00Z,29993.7
2026-04-18T02:00:00Z,28920.1
2026-04-18T03:00:00Z,32347.1
2026-04-18T04:00:00Z,33384.6
2026-04-18T05:00:00Z,37239.9
2026-04-18T06:00:00Z,38884.0
2026-04-18T07:00:00Z,42090.4
2026-04-18T08:00:00Z,44356.3
2026-04-18T09:00:00Z,45374.5
2026-04-18T10:00:00Z,46777.2
2026-04-18T11:00:00Z,49159.3
2026-04-18T12:00:00Z,49705.5
2026-04-18T13:00:00Z,47674.0
2026-04-18T14:00:00Z,46065.4
2026-04-18T15:00:00Z,46515.2
2026-04-18T16:00:00Z,42682.2
2026-04-18T17:00:00Z,41480.8
2026-04-18T18:00:00Z,37368.9
2026-04-18T19:00:00Z,37409.1
2026-04-18T20:00:00Z,34531.5
2026-04-18T21:00:00Z,31918.0
2026-04-18T22:00:00Z,29723.5
2026-04-18T23:00:00Z,27514.7
2026-04-19T00:00:00Z,29350.3
2026-04-19T01:00:00Z,30286.0
2026-04-19T02:00:00Z,30889.8
2026-04-19T03:00:00Z,31186.0
2026-04-19T04:00:00Z,34813.8
2026-04-19T05:00:00Z,36817.5
2026-04-19T06:00:00Z,37761.4
2026-04-19T07:00:00Z,40151.7
2026-04-19T08:00:00Z,43054.6
2026-04-19T09:00:00Z,46807.7
2026-04-19T10:00:00Z,46846.8
2026-04-19T11:00:00Z,49722.6
2026-04-19T12:00:00Z,49649.7
2026-04-19T13:00:00Z,46972.2
2026-04-19T14:00:00Z,47155.2
2026-04-19T15:00:00Z,48497.3
2026-04-19T16:00:00Z,43840.4
2026-04-19T17:00:00Z,42100.4
2026-04-19T18:00:00Z,39332.6
2026-04-19T19:00:00Z,36334.9
2026-04-19T20:00:00Z,33646.6
2026-04-19T21:00:00Z,32473.3
2026-04-19T22:00:00Z,31069.4
2026-04-19T23:00:00Z,30243.4
2026-04-20T00:00:00Z,32787.3
2026-04-20T01:00:00Z,31545.7
2026-04-20T02:00:00Z,32640.4
2026-04-20T03:00:00Z,35531.3
2026-04-20T04:00:00Z,37034.1
2026-04-20T05:00:00Z,37681.6
2026-04-20T06:00:00Z,40931.4
2026-04-20T07:00:00Z,46101.7
2026-04-20T08:00:00Z,46221.8
2026-04-20T09:00:00Z,48277.2
2026-04-20T10:00:00Z,50312.5
2026-04-20T11:00:00Z,51369.3
2026-04-20T12:00:00Z,50193.3
2026-04-20T13:00:00Z,50419.2
2026-04-20T14:00:00Z,51267.4
2026-04-20T15:00:00Z,47709.8
2026-04-20T16:00:00Z,46550.7
2026-04-20T17:00:00Z,45342.4
2026-04-20T18:00:00Z,41612.8
2026-04-20T19:00:00Z,39148.5
2026-04-20T20:00:00Z,36164.1
2026-04-20T21:00:00Z,34286.2
2026-04-20T22:00:00Z,34285.0
2026-04-20T23:00:00Z,32881.9
2026-04-21T00:00:00Z,32304.9
2026-04-21T01:00:00Z,32023.4
2026-04-21T02:00:00Z,34701.3
2026-04-21T03:00:00Z,36331.3
2026-04-21T04:00:00Z,37026.2
2026-04-21T05:00:00Z,38540.0
2026-04-21T06:00:00Z,40824.8
2026-04-21T07:00:00Z,46016.0
2026-04-21T08:00:00Z,48588.8
2026-04-21T09:00:00Z,47971.3
2026-04-21T10:00:00Z,50182.3
2026-04-21T11:00:00Z,49355.6
2026-04-21T12:00:00Z,50654.2
2026-04-21T13:00:00Z,52525.3
2026-04-21T14:00:00Z,50653.5
2026-04-21T15:00:00Z,49167.6
2026-04-21T16:00:00Z,46234.4
2026-04-21T17:00:00Z,43347.9
2026-04-21T18:00:00Z,41438.8
2026-04-21T19:00:00Z,40114.9
2026-04-21T20:00:00Z,37204.3
2026-04-21T21:00:00Z,35425.3
2026-04-21T22:00:00Z,33899.9
2026-04-21T23:00:00Z,31814.1
2026-04-22T00:00:00Z,32191.2
2026-04-22T01:00:00Z,31683.9
2026-04-22T02:00:00Z,32520.7
2026-04-22T03:00:00Z,35298.4
2026-04-22T04:00:00Z,35828.3
2026-04-22T05:00:00Z,40422.7
2026-04-22T06:00:00Z,41875.7
2026-04-22T07:00:00Z,43094.5
2026-04-22T08:00:00Z,46034.3
2026-04-22T09:00:00Z,47611.3
2026-04-22T10:00:00Z,50784.8
2026-04-22T11:00:00Z,51439.4
2026-04-22T12:00:00Z,51350.4
2026-04-22T13:00:00Z,52323.5
2026-04-22T14:00:00Z,50059.4
2026-04-22T15:00:00Z,48294.6
2026-04-22T16:00:00Z,45757.6
2026-04-22T17:00:00Z,43213.6
2026-04-22T18:00:00Z,42010.4
2026-04-22T19:00:00Z,39871.0
2026-04-22T20:00:00Z,36822.5
2026-04-22T21:00:00Z,35137.4
2026-04-22T22:00:00Z,33425.1
2026-04-22T23:00:00Z,33796.6
2026-04-23T00:00:00Z,32278.9
2026-04-23T01:00:00Z,33369.0
2026-04-23T02:00:00Z,33243.4
2026-04-23T03:00:00Z,34226.2
2026-04-23T04:00:00Z,35645.0
2026-04-23T05:00:00Z,38336.5
2026-04-23T06:00:00Z,42036.0
2026-04-23T07:00:00Z,43374.3
2026-04-23T08:00:00Z,47381.0
2026-04-23T09:00:00Z,48169.4
2026-04-23T10:00:00Z,48507.5
2026-04-23T11:00:00Z,51107.0
2026-04-23T12:00:00Z,50892.7
2026-04-23T13:00:00Z,52478.0
2026-04-23T14:00:00Z,50559.0
2026-04-23T15:00:00Z,47660.0
2026-04-23T16:00:00Z,46554.6
2026-04-23T17:00:00Z,43014.5
2026-04-23T18:00:00Z,40425.9
2026-04-23T19:00:00Z,39125.9
2026-04-23T20:00:00Z,37295.9
2026-04-23T21:00:00Z,34477.3
2026-04-23T22:00:00Z,34278.5
2026-04-23T23:00:00Z,30922.1
2026-04-24T00:00:00Z,32530.4
2026-04-24T01:00:00Z,32606.4
2026-04-24T02:00:00Z,32165.5
2026-04-24T03:00:00Z,35243.5
2026-04-24T04:00:00Z,36635.2
2026-04-24T05:00:00Z,40158.2
2026-04-24T06:00:00Z,40428.6
2026-04-24T07:00:00Z,44717.9
2026-04-24T08:00:00Z,46262.9
2026-04-24T09:00:00Z,49714.9
2026-04-24T10:00:00Z,52082.9
2026-04-24T11:00:00Z,50666.6
2026-04-24T12:00:00Z,51074.6
2026-04-24T13:00:00Z,50891.6
2026-04-24T14:00:00Z,49944.7
2026-04-24T15:00:00Z,49292.2
2026-04-24T16:00:00Z,46042.4
2026-04-24T17:00:00Z,43561.3
2026-04-24T18:00:00Z,41639.4
2026-04-24T19:00:00Z,39191.7
2026-04-24T20:00:00Z,38041.1
2026-04-24T21:00:00Z,34451.2
2026-04-24T22:00:00Z,32875.3
2026-04-24T23:00:00Z,32869.6
2026-04-25T00:00:00Z,29844.0
2026-04-25T01:00:00Z,28931.2
2026-04-25T02:00:00Z,30417.1
2026-04-25T03:00:00Z,31129.7
2026-04-25T04:00:00Z,34834.0
2026-04-25T05:00:00Z,35867.7
2026-04-25T06:00:00Z,38476.7
2026-04-25T07:00:00Z,41175.3
2026-04-25T08:00:00Z,43083.1
2026-04-25T09:00:00Z,45850.3
2026-04-25T10:00:00Z,48043.4
2026-04-25T11:00:00Z,48523.8
2026-04-25T12:00:00Z,50333.0
2026-04-25T13:00:00Z,48408.2
2026-04-25T14:00:00Z,45984.2
2026-04-25T15:00:00Z,45776.1
2026-04-25T16:00:00Z,43330.6
2026-04-25T17:00:00Z,42255.6
2026-04-25T18:00:00Z,38836.9
2026-04-25T19:00:00Z,36807.9
2026-04-25T20:00:00Z,33083.4
2026-04-25T21:00:00Z,31643.3
2026-04-25T22:00:00Z,30800.4
2026-04-25T23:00:00Z,29455.4
2026-04-26T00:00:00Z,29437.1
2026-04-26T01:00:00Z,31060.0
2026-04-26T02:00:00Z,29709.8
2026-04-26T03:00:00Z,31263.8
2026-04-26T04:00:00Z,35285.9
2026-04-26T05:00:00Z,36724.8
2026-04-26T06:00:00Z,38478.0
2026-04-26T07:00:00Z,41834.0
2026-04-26T08:00:00Z,44589.1
2026-04-26T09:00:00Z,45246.9
2026-04-26T10:00:00Z,48107.0
2026-04-26T11:00:00Z,48204.7
2026-04-26T12:00:00Z,49783.2
2026-04-26T13:00:00Z,46563.6
2026-04-26T14:00:00Z,48870.8
2026-04-26T15:00:00Z,45762.4
2026-04-26T16:00:00Z,44800.1
2026-04-26T17:00:00Z,41060.0
2026-04-26T18:00:00Z,39454.9
2026-04-26T19:00:00Z,37457.9
2026-04-26T20:00:00Z,34329.7
2026-04-26T21:00:00Z,31940.3
2026-04-26T22:00:00Z,30154.7
2026-04-26T23:00:00Z,29201.6
2026-04-27T00:00:00Z,32785.2
2026-04-27T01:00:00Z,31704.6
2026-04-27T02:00:00Z,34002.7
2026-04-27T03:00:00Z,34994.4
2026-04-27T04:00:00Z,36768.7
2026-04-27T05:00:00Z,38713.0
2026-04-27T06:00:00Z,41381.9
2026-04-27T07:00:00Z,42619.5
2026-04-27T08:00:00Z,47059.2
2026-04-27T09:00:00Z,48181.3
2026-04-27T10:00:00Z,51063.7
2026-04-27T11:00:00Z,50410.9
2026-04-27T12:00:00Z,50710.6
2026-04-27T13:00:00Z,50989.3
2026-04-27T14:00:00Z,49755.7
2026-04-27T15:00:00Z,47622.8
2026-04-27T16:00:00Z,44920.3
2026-04-27T17:00:00Z,43556.4
2026-04-27T18:00:00Z,41244.4
2026-04-27T19:00:00Z,39821.0
2026-04-27T20:00:00Z,37540.8
2026-04-27T21:00:00Z,34134.5
2026-04-27T22:00:00Z,34049.8
2026-04-27T23:00:00Z,31643.2
2026-04-28T00:00:00Z,31618.0
2026-04-28T01:00:00Z,32150.4
2026-04-28T02:00:00Z,32742.1
2026-04-28T03:00:00Z,35590.4
2026-04-28T04:00:00Z,38221.3
2026-04-28T05:00:00Z,38473.7
2026-04-28T06:00:00Z,42093.7
2026-04-28T07:00:00Z,44260.9
2026-04-28T08:00:00Z,46979.2
2026-04-28T09:00:00Z,48121.4
2026-04-28T10:00:00Z,51114.0
2026-04-28T11:00:00Z,51600.7
2026-04-28T12:00:00Z,51833.9
2026-04-28T13:00:00Z,52730.8
2026-04-28T14:00:00Z,49555.9
2026-04-28T15:00:00Z,48544.7
2026-04-28T16:00:00Z,47165.7
2026-04-28T17:00:00Z,45107.8
2026-04-28T18:00:00Z,41861.5
2026-04-28T19:00:00Z,39845.3
2026-04-28T20:00:00Z,38169.0
2026-04-28T21:00:00Z,34856.4
2026-04-28T22:00:00Z,33274.1
2026-04-28T23:00:00Z,32574.2
2026-04-29T00:00:00Z,30247.1
2026-04-29T01:00:00Z,33017.3
2026-04-29T02:00:00Z,33949.6
2026-04-29T03:00:00Z,36630.2
2026-04-29T04:00:00Z,35919.4
2026-04-29T05:00:00Z,39596.8
2026-04-29T06:00:00Z,42173.3
2026-04-29T07:00:00Z,44882.0
2026-04-29T08:00:00Z,45677.7
2026-04-29T09:00:00Z,46151.4
2026-04-29T10:00:00Z,50189.6
2026-04-29T11:00:00Z,51322.0
2026-04-29T12:00:00Z,51650.9
2026-04-29T13:00:00Z,50566.2
2026-04-29T14:00:00Z,49481.0
2026-04-29T15:00:00Z,48540.4
2026-04-29T16:00:00Z,45877.4
2026-04-29T17:00:00Z,43555.2
2026-04-29T18:00:00Z,42043.7
2026-04-29T19:00:00Z,39783.2
2026-04-29T20:00:00Z,36135.8
2026-04-29T21:00:00Z,33562.9
2026-04-29T22:00:00Z,32683.3
2026-04-29T23:00:00Z,33094.7
2026-04-30T00:00:00Z,31998.8
2026-04-30T01:00:00Z,33132.3
2026-04-30T02:00:00Z,34035.7
2026-04-30T03:00:00Z,35998.2
2026-04-30T04:00:00Z,36777.8
2026-04-30T05:00:00Z,39472.1
2026-04-30T06:00:00Z,42554.9
2026-04-30T07:00:00Z,44002.7
2026-04-30T08:00:00Z,45884.7
2026-04-30T09:00:00Z,49539.2
2026-04-30T10:00:00Z,51397.0
2026-04-30T11:00:00Z,50452.9
2026-04-30T12:00:00Z,51897.4
2026-04-30T13:00:00Z,51506.4
2026-04-30T14:00:00Z,50365.0
2026-04-30T15:00:00Z,48350.2
2026-04-30T16:00:00Z,45998.2
2026-04-30T17:00:00Z,43399.8
2026-04-30T18:00:00Z,42643.5
2026-04-30T19:00:00Z,39373.6
2026-04-30T20:00:00Z,37520.8
2026-04-30T21:00:00Z,33614.0
2026-04-30T22:00:00Z,34331.4
2026-04-30T23:00:00Z,33347.0
2026-05-01T00:00:00Z,32529.9
2026-05-01T01:00:00Z,34277.6
2026-05-01T02:00:00Z,33752.7
2026-05-01T03:00:00Z,35238.1
2026-05-01T04:00:00Z,36342.7
2026-05-01T05:00:00Z,38900.5
2026-05-01T06:00:00Z,42282.3
2026-05-01T07:00:00Z,44648.0
2026-05-01T08:00:00Z,47642.6
2026-05-01T09:00:00Z,48223.4
2026-05-01T10:00:00Z,50621.4
2026-05-01T11:00:00Z,50445.8
2026-05-01T12:00:00Z,51366.9
2026-05-01T13:00:00Z,50676.0
2026-05-01T14:00:00Z,48435.4
2026-05-01T15:00:00Z,49320.3
2026-05-01T16:00:00Z,45967.2
2026-05-01T17:00:00Z,43671.4
2026-05-01T18:00:00Z,42011.4
2026-05-01T19:00:00Z,38471.6
2026-05-01T20:00:00Z,36325.0
2026-05-01T21:00:00Z,33033.4
2026-05-01T22:00:00Z,33546.7
2026-05-01T23:00:00Z,33114.5
2026-05-02T00:00:00Z,29291.6
2026-05-02T01:00:00Z,30857.3
2026-05-02T02:00:00Z,32110.4
2026-05-02T03:00:00Z,33008.8
2026-05-02T04:00:00Z,34200.6
2026-05-02T05:00:00Z,37348.1
2026-05-02T06:00:00Z,39842.4
2026-05-02T07:00:00Z,41856.8
2026-05-02T08:00:00Z,44959.2
2026-05-02T09:00:00Z,46405.9
2026-05-02T10:00:00Z,46617.9
2026-05-02T11:00:00Z,48335.4
2026-05-02T12:00:00Z,48944.7
2026-05-02T13:00:00Z,47554.7
2026-05-02T14:00:00Z,46425.2
2026-05-02T15:00:00Z,46110.5
2026-05-02T16:00:00Z,44448.3
2026-05-02T17:00:00Z,40921.4
2026-05-02T18:00:00Z,39658.3
2026-05-02T19:00:00Z,35989.3
2026-05-02T20:00:00Z,33461.7
2026-05-02T21:00:00Z,33174.1
2026-05-02T22:00:00Z,31045.1
2026-05-02T23:00:00Z,28504.0
2026-05-03T00:00:00Z,28374.5
2026-05-03T01:00:00Z,30067.6
2026-05-03T02:00:00Z,30256.9
2026-05-03T03:00:00Z,31802.8
2026-05-03T04:00:00Z,33360.9
2026-05-03T05:00:00Z,36581.0
2026-05-03T06:00:00Z,41129.4
2026-05-03T07:00:00Z,40459.9
2026-05-03T08:00:00Z,45413.8
2026-05-03T09:00:00Z,45366.2
2026-05-03T10:00:00Z,46634.3
2026-05-03T11:00:00Z,49244.6
2026-05-03T12:00:00Z,48690.6
2026-05-03T13:00:00Z,48334.9
2026-05-03T14:00:00Z,48499.5
2026-05-03T15:00:00Z,47664.8
2026-05-03T16:00:00Z,44387.5
2026-05-03T17:00:00Z,40901.6
2026-05-03T18:00:00Z,38400.7
2026-05-03T19:00:00Z,36695.1
2026-05-03T20:00:00Z,35269.8
2026-05-03T21:00:00Z,32808.2
2026-05-03T22:00:00Z,31170.6
2026-05-03T23:00:00Z,30882.2
2026-05-04T00:00:00Z,30604.9
2026-05-04T01:00:00Z,33418.1
2026-05-04T02:00:00Z,33724.5
2026-05-04T03:00:00Z,35203.7
2026-05-04T04:00:00Z,37522.5
2026-05-04T05:00:00Z,39268.9
2026-05-04T06:00:00Z,41126.4
2026-05-04T07:00:00Z,42874.0
2026-05-04T08:00:00Z,47069.8
2026-05-04T09:00:00Z,47813.0
2026-05-04T10:00:00Z,50244.1
2026-05-04T11:00:00Z,49909.3
2026-05-04T12:00:00Z,51574.7
2026-05-04T13:00:00Z,51664.9
2026-05-04T14:00:00Z,50016.5
2026-05-04T15:00:00Z,49122.7
2026-05-04T16:00:00Z,46214.8
2026-05-04T17:00:00Z,44098.3
2026-05-04T18:00:00Z,42159.8
2026-05-04T19:00:00Z,39525.7
2026-05-04T20:00:00Z,37588.4
2026-05-04T21:00:00Z,35320.6
2026-05-04T22:00:00Z,34482.9
2026-05-04T23:00:00Z,34059.8
2026-05-05T00:00:00Z,32988.1
2026-05-05T01:00:00Z,33573.4
2026-05-05T02:00:00Z,34059.5
2026-05-05T03:00:00Z,34453.6
2026-05-05T04:00:00Z,37974.0
2026-05-05T05:00:00Z,40304.2
2026-05-05T06:00:00Z,41211.0
2026-05-05T07:00:00Z,44449.0
2026-05-05T08:00:00Z,45662.4
2026-05-05T09:00:00Z,49150.6
2026-05-05T10:00:00Z,51616.4
2026-05-05T11:00:00Z,51506.1
2026-05-05T12:00:00Z,51144.1
2026-05-05T13:00:00Z,52252.4
2026-05-05T14:00:00Z,50843.7
2026-05-05T15:00:00Z,49055.1
2026-05-05T16:00:00Z,47567.1
2026-05-05T17:00:00Z,44410.0
2026-05-05T18:00:00Z,42970.9
2026-05-05T19:00:00Z,37926.0
2026-05-05T20:00:00Z,37718.4
2026-05-05T21:00:00Z,34646.4
2026-05-05T22:00:00Z,34074.5
2026-05-05T23:00:00Z,32183.3
2026-05-06T00:00:00Z,31237.6
2026-05-06T01:00:00Z,33279.7
2026-05-06T02:00:00Z,32749.0
2026-05-06T03:00:00Z,33404.5
2026-05-06T04:00:00Z,37151.8
2026-05-06T05:00:00Z,40713.4
2026-05-06T06:00:00Z,43567.4
2026-05-06T07:00:00Z,45862.7
2026-05-06T08:00:00Z,45421.6
2026-05-06T09:00:00Z,48890.9
2026-05-06T10:00:00Z,49672.1
2026-05-06T11:00:00Z,51579.8
2026-05-06T12:00:00Z,50215.9
2026-05-06T13:00:00Z,51924.9
2026-05-06T14:00:00Z,50615.4
2026-05-06T15:00:00Z,49962.3
2026-05-06T16:00:00Z,47919.5
2026-05-06T17:00:00Z,44704.7
2026-05-06T18:00:00Z,40843.8
2026-05-06T19:00:00Z,40112.0
2026-05-06T20:00:00Z,36799.2
2026-05-06T21:00:00Z,35378.0
2026-05-06T22:00:00Z,34763.8
2026-05-06T23:00:00Z,31305.8
2026-05-07T00:00:00Z,32355.4
2026-05-07T01:00:00Z,32114.9
2026-05-07T02:00:00Z,34051.0
2026-05-07T03:00:00Z,35760.3
2026-05-07T04:00:00Z,37652.1
2026-05-07T05:00:00Z,40040.2
2026-05-07T06:00:00Z,41543.8
2026-05-07T07:00:00Z,44201.2
2026-05-07T08:00:00Z,46926.9
2026-05-07T09:00:00Z,49143.6
2026-05-07T10:00:00Z,50422.7
2026-05-07T11:00:00Z,50720.5
2026-05-07T12:00:00Z,51534.8
2026-05-07T13:00:00Z,51608.1
2026-05-07T14:00:00Z,49593.7
2026-05-07T15:00:00Z,48235.4
2026-05-07T16:00:00Z,47390.8
2026-05-07T17:00:00Z,46511.4
2026-05-07T18:00:00Z,42320.3
2026-05-07T19:00:00Z,38810.0
2026-05-07T20:00:00Z,38668.2
2026-05-07T21:00:00Z,35837.1
2026-05-07T22:00:00Z,33047.1
2026-05-07T23:00:00Z,33145.8
2026-05-08T00:00:00Z,32977.8
2026-05-08T01:00:00Z,33812.7
2026-05-08T02:00:00Z,33191.9
2026-05-08T03:00:00Z,36314.8
2026-05-08T04:00:00Z,37143.6
2026-05-08T05:00:00Z,40003.0
2026-05-08T06:00:00Z,41281.5
2026-05-08T07:00:00Z,45741.9
2026-05-08T08:00:00Z,47245.0
2026-05-08T09:00:00Z,48347.6
2026-05-08T10:00:00Z,50932.0
2026-05-08T11:00:00Z,52119.9
2026-05-08T12:00:00Z,52637.0
2026-05-08T13:00:00Z,52221.8
2026-05-08T14:00:00Z,49069.8
2026-05-08T15:00:00Z,48177.7
2026-05-08T16:00:00Z,46996.7
2026-05-08T17:00:00Z,44883.9
2026-05-08T18:00:00Z,41251.8
2026-05-08T19:00:00Z,40624.6
2026-05-08T20:00:00Z,37816.2
2026-05-08T21:00:00Z,34008.4
2026-05-08T22:00:00Z,32934.9
2026-05-08T23:00:00Z,33912.8
2026-05-09T00:00:00Z,28560.3
2026-05-09T01:00:00Z,32036.3
2026-05-09T02:00:00Z,32639.2
2026-05-09T03:00:00Z,31832.4
2026-05-09T04:00:00Z,35155.3
2026-05-09T05:00:00Z,37982.1
2026-05-09T06:00:00Z,38506.1
2026-05-09T07:00:00Z,40576.6
2026-05-09T08:00:00Z,45645.3
2026-05-09T09:00:00Z,46209.7
2026-05-09T10:00:00Z,46558.3
2026-05-09T11:00:00Z,49769.2
2026-05-09T12:00:00Z,50084.5
2026-05-09T13:00:00Z,49229.4
2026-05-09T14:00:00Z,47854.2
2026-05-09T15:00:00Z,45599.9
2026-05-09T16:00:00Z,43035.1
2026-05-09T17:00:00Z,42692.6
2026-05-09T18:00:00Z,39981.2
2026-05-09T19:00:00Z,35913.7
2026-05-09T20:00:00Z,34024.6
2026-05-09T21:00:00Z,32111.5
2026-05-09T22:00:00Z,30868.8
2026-05-09T23:00:00Z,30202.5
2026-05-10T00:00:00Z,31204.6
2026-05-10T01:00:00Z,30406.4
2026-05-10T02:00:00Z,32205.9
2026-05-10T03:00:00Z,32917.9
2026-05-10T04:00:00Z,35633.3
2026-05-10T05:00:00Z,37037.5
2026-05-10T06:00:00Z,40392.8
2026-05-10T07:00:00Z,41528.7
2026-05-10T08:00:00Z,43049.1
2026-05-10T09:00:00Z,47293.4
2026-05-10T10:00:00Z,46923.4
2026-05-10T11:00:00Z,47994.1
2026-05-10T12:00:00Z,50464.6
2026-05-10T13:00:00Z,48652.6
2026-05-10T14:00:00Z,48029.8
2026-05-10T15:00:00Z,46664.7
2026-05-10T16:00:00Z,44863.2
2026-05-10T17:00:00Z,42945.7
2026-05-10T18:00:00Z,39434.2
2026-05-10T19:00:00Z,36393.2
2026-05-10T20:00:00Z,35636.0
2026-05-10T21:00:00Z,32754.9
2026-05-10T22:00:00Z,30911.1
2026-05-10T23:00:00Z,30883.5
2026-05-11T00:00:00Z,33358.0
2026-05-11T01:00:00Z,33282.6
2026-05-11T02:00:00Z,32371.6
2026-05-11T03:00:00Z,37288.9
2026-05-11T04:00:00Z,37545.0
2026-05-11T05:00:00Z,38754.2
2026-05-11T06:00:00Z,42845.3
2026-05-11T07:00:00Z,45950.9
2026-05-11T08:00:00Z,48154.7
2026-05-11T09:00:00Z,49516.7
2026-05-11T10:00:00Z,51112.2
2026-05-11T11:00:00Z,50227.6
2026-05-11T12:00:00Z,49795.5
2026-05-11T13:00:00Z,52702.2
2026-05-11T14:00:00Z,50909.6
2026-05-11T15:00:00Z,49371.1
2026-05-11T16:00:00Z,45937.0
2026-05-11T17:00:00Z,46245.6
2026-05-11T18:00:00Z,41887.5
2026-05-11T19:00:00Z,40571.3
2026-05-11T20:00:00Z,36434.9
2026-05-11T21:00:00Z,33841.8
2026-05-11T22:00:00Z,34246.6
2026-05-11T23:00:00Z,33529.9
2026-05-12T00:00:00Z,31931.4
2026-05-12T01:00:00Z,35174.2
2026-05-12T02:00:00Z,33715.3
2026-05-12T03:00:00Z,36809.3
2026-05-12T04:00:00Z,38591.6
2026-05-12T05:00:00Z,38823.9
2026-05-12T06:00:00Z,42870.1
2026-05-12T07:00:00Z,44280.0
2026-05-12T08:00:00Z,47466.2
2026-05-12T09:00:00Z,49191.7
2026-05-12T10:00:00Z,51625.3
2026-05-12T11:00:00Z,51186.5
2026-05-12T12:00:00Z,52565.5
2026-05-12T13:00:00Z,52406.3
2026-05-12T14:00:00Z,51748.0
2026-05-12T15:00:00Z,48650.0
2026-05-12T16:00:00Z,47896.3
2026-05-12T17:00:00Z,45613.3
2026-05-12T18:00:00Z,43392.4
2026-05-12T19:00:00Z,38116.9
2026-05-12T20:00:00Z,36144.4
2026-05-12T21:00:00Z,34111.3
2026-05-12T22:00:00Z,33735.7
2026-05-12T23:00:00Z,32169.9
2026-05-13T00:00:00Z,32602.1
2026-05-13T01:00:00Z,33072.1
2026-05-13T02:00:00Z,35098.5
2026-05-13T03:00:00Z,36513.4
2026-05-13T04:00:00Z,37345.2
2026-05-13T05:00:00Z,39942.2
2026-05-13T06:00:00Z,41127.1
2026-05-13T07:00:00Z,44550.3
2026-05-13T08:00:00Z,47194.5
2026-05-13T09:00:00Z,48935.5
2026-05-13T10:00:00Z,52469.1
2026-05-13T11:00:00Z,49790.4
2026-05-13T12:00:00Z,51677.6
2026-05-13T13:00:00Z,51820.4
2026-05-13T14:00:00Z,51564.8
2026-05-13T15:00:00Z,49643.1
2026-05-13T16:00:00Z,45975.4
2026-05-13T17:00:00Z,44244.6
2026-05-13T18:00:00Z,42949.7
2026-05-13T19:00:00Z,40162.2
2026-05-13T20:00:00Z,38653.9
2026-05-13T21:00:00Z,36226.4
2026-05-13T22:00:00Z,34063.7
2026-05-13T23:00:00Z,32991.0
2026-05-14T00:00:00Z,33610.7
2026-05-14T01:00:00Z,32794.5
2026-05-14T02:00:00Z,34100.0
2026-05-14T03:00:00Z,36776.1
2026-05-14T04:00:00Z,37491.1
2026-05-14T05:00:00Z,40528.3
2026-05-14T06:00:00Z,40553.3
2026-05-14T07:00:00Z,44484.5
2026-05-14T08:00:00Z,47453.0
2026-05-14T09:00:00Z,49873.2
2026-05-14T10:00:00Z,50837.8
2026-05-14T11:00:00Z,51971.9
2026-05-14T12:00:00Z,51566.9
2026-05-14T13:00:00Z,51862.5
2026-05-14T14:00:00Z,51590.7
2026-05-14T15:00:00Z,48672.1
2026-05-14T16:00:00Z,46331.1
2026-05-14T17:00:00Z,45941.7
2026-05-14T18:00:00Z,44117.7
2026-05-14T19:00:00Z,41297.2
2026-05-14T20:00:00Z,37311.9
2026-05-14T21:00:00Z,35639.0
2026-05-14T22:00:00Z,33989.0
2026-05-14T23:00:00Z,33820.5
2026-05-15T00:00:00Z,33778.8
2026-05-15T01:00:00Z,32871.6
2026-05-15T02:00:00Z,34925.1
2026-05-15T03:00:00Z,36262.7
2026-05-15T04:00:00Z,39135.2
2026-05-15T05:00:00Z,40141.4
2026-05-15T06:00:00Z,43025.0
2026-05-15T07:00:00Z,43819.7
2026-05-15T08:00:00Z,47212.5
2026-05-15T09:00:00Z,50064.9
2026-05-15T10:00:00Z,50053.2
2026-05-15T11:00:00Z,51368.3
2026-05-15T12:00:00Z,52326.8
2026-05-15T13:00:00Z,51759.8
2026-05-15T14:00:00Z,50326.9
2026-05-15T15:00:00Z,49098.5
2026-05-15T16:00:00Z,47991.8
2026-05-15T17:00:00Z,46382.1
2026-05-15T18:00:00Z,43501.7
2026-05-15T19:00:00Z,40517.5
2026-05-15T20:00:00Z,39054.1
2026-05-15T21:00:00Z,34735.3
2026-05-15T22:00:00Z,35361.2
2026-05-15T23:00:00Z,33556.6
2026-05-16T00:00:00Z,30503.5
2026-05-16T01:00:00Z,30390.0
2026-05-16T02:00:00Z,31857.4
2026-05-16T03:00:00Z,33754.8
2026-05-16T04:00:00Z,34852.6
2026-05-16T05:00:00Z,36942.0
2026-05-16T06:00:00Z,40533.6
2026-05-16T07:00:00Z,43912.4
2026-05-16T08:00:00Z,45919.5
2026-05-16T09:00:00Z,47885.1
2026-05-16T10:00:00Z,47981.8
2026-05-16T11:00:00Z,49085.2
2026-05-16T12:00:00Z,49488.1
2026-05-16T13:00:00Z,51005.5
2026-05-16T14:00:00Z,48151.3
2026-05-16T15:00:00Z,47938.6
2026-05-16T16:00:00Z,45659.4
2026-05-16T17:00:00Z,42003.3
2026-05-16T18:00:00Z,40565.5
2026-05-16T19:00:00Z,38819.6
2026-05-16T20:00:00Z,35958.0
2026-05-16T21:00:00Z,33626.8
2026-05-16T22:00:00Z,32775.4
2026-05-16T23:00:00Z,29801.7
2026-05-17T00:00:00Z,30290.8
2026-05-17T01:00:00Z,31064.2
2026-05-17T02:00:00Z,32574.8
2026-05-17T03:00:00Z,34518.9
2026-05-17T04:00:00Z,35013.1
2026-05-17T05:00:00Z,37871.7
2026-05-17T06:00:00Z,41295.9
2026-05-17T07:00:00Z,43733.8
2026-05-17T08:00:00Z,44623.5
2026-05-17T09:00:00Z,46365.6
2026-05-17T10:00:00Z,48345.3
2026-05-17T11:00:00Z,49885.7
2026-05-17T12:00:00Z,47983.8
2026-05-17T13:00:00Z,50730.2
2026-05-17T14:00:00Z,48465.6
2026-05-17T15:00:00Z,47936.6
2026-05-17T16:00:00Z,46305.2
2026-05-17T17:00:00Z,42464.7
2026-05-17T18:00:00Z,39128.4
2026-05-17T19:00:00Z,36461.8
2026-05-17T20:00:00Z,36834.5
2026-05-17T21:00:00Z,32982.7
2026-05-17T22:00:00Z,31952.7
2026-05-17T23:00:00Z,29921.6
2026-05-18T00:00:00Z,33041.1
2026-05-18T01:00:00Z,34008.0
2026-05-18T02:00:00Z,35164.5
2026-05-18T03:00:00Z,36257.6
2026-05-18T04:00:00Z,37440.5
2026-05-18T05:00:00Z,40402.6
2026-05-18T06:00:00Z,42839.8
2026-05-18T07:00:00Z,46528.1
2026-05-18T08:00:00Z,47391.5
2026-05-18T09:00:00Z,48859.5
2026-05-18T10:00:00Z,51715.9
2026-05-18T11:00:00Z,51615.0
2026-05-18T12:00:00Z,53727.9
2026-05-18T13:00:00Z,53404.6
2026-05-18T14:00:00Z,51085.5
2026-05-18T15:00:00Z,49542.8
2026-05-18T16:00:00Z,48399.3
2026-05-18T17:00:00Z,44244.8
2026-05-18T18:00:00Z,43905.6
2026-05-18T19:00:00Z,41645.8
2026-05-18T20:00:00Z,38455.9
2026-05-18T21:00:00Z,36353.7
2026-05-18T22:00:00Z,34238.0
2026-05-18T23:00:00Z,33103.3
2026-05-19T00:00:00Z,33875.5
2026-05-19T01:00:00Z,34142.6
2026-05-19T02:00:00Z,34386.6
2026-05-19T03:00:00Z,37195.9
2026-05-19T04:00:00Z,38079.9
2026-05-19T05:00:00Z,41477.2
2026-05-19T06:00:00Z,42386.0
2026-05-19T07:00:00Z,45933.0
2026-05-19T08:00:00Z,48490.2
2026-05-19T09:00:00Z,50777.1
2026-05-19T10:00:00Z,51267.3
2026-05-19T11:00:00Z,52500.7
2026-05-19T12:00:00Z,52894.5
2026-05-19T13:00:00Z,53359.8
2026-05-19T14:00:00Z,50797.8
2026-05-19T15:00:00Z,49808.0
2026-05-19T16:00:00Z,46560.1
2026-05-19T17:00:00Z,46993.1
2026-05-19T18:00:00Z,43341.6
2026-05-19T19:00:00Z,40427.0
2026-05-19T20:00:00Z,38289.1
2026-05-19T21:00:00Z,37011.9
2026-05-19T22:00:00Z,34606.7
2026-05-19T23:00:00Z,34120.6
2026-05-20T00:00:00Z,32522.0
2026-05-20T01:00:00Z,32987.4
2026-05-20T02:00:00Z,35903.6
2026-05-20T03:00:00Z,36530.3
2026-05-20T04:00:00Z,37184.2
2026-05-20T05:00:00Z,40880.2
2026-05-20T06:00:00Z,43908.5
2026-05-20T07:00:00Z,47022.7
2026-05-20T08:00:00Z,47461.0
2026-05-20T09:00:00Z,50220.0
2026-05-20T10:00:00Z,50952.8
2026-05-20T11:00:00Z,51203.2
2026-05-20T12:00:00Z,52091.7
2026-05-20T13:00:00Z,52517.8
2026-05-20T14:00:00Z,51170.9
2026-05-20T15:00:00Z,49866.6
2026-05-20T16:00:00Z,47675.4
2026-05-20T17:00:00Z,45929.7
2026-05-20T18:00:00Z,45076.6
2026-05-20T19:00:00Z,41244.6
2026-05-20T20:00:00Z,39284.7
2026-05-20T21:00:00Z,38069.2
2026-05-20T22:00:00Z,33840.2
2026-05-20T23:00:00Z,33013.7
2026-05-21T00:00:00Z,33120.9
2026-05-21T01:00:00Z,33060.8
2026-05-21T02:00:00Z,35932.8
2026-05-21T03:00:00Z,35632.0
2026-05-21T04:00:00Z,38041.0
2026-05-21T05:00:00Z,41668.8
2026-05-21T06:00:00Z,42707.4
2026-05-21T07:00:00Z,46082.3
2026-05-21T08:00:00Z,48856.3
2026-05-21T09:00:00Z,49653.4
2026-05-21T10:00:00Z,52668.9
2026-05-21T11:00:00Z,53205.3
2026-05-21T12:00:00Z,53346.6
2026-05-21T13:00:00Z,52561.0
2026-05-21T14:00:00Z,50940.9
2026-05-21T15:00:00Z,51747.5
2026-05-21T16:00:00Z,47746.3
2026-05-21T17:00:00Z,45675.4
2026-05-21T18:00:00Z,43304.9
2026-05-21T19:00:00Z,40780.8
2026-05-21T20:00:00Z,39052.0
2026-05-21T21:00:00Z,35982.2
2026-05-21T22:00:00Z,35053.4
2026-05-21T23:00:00Z,34893.3
2026-05-22T00:00:00Z,33037.8
2026-05-22T01:00:00Z,34199.3
2026-05-22T02:00:00Z,34173.4
2026-05-22T03:00:00Z,36595.0
2026-05-22T04:00:00Z,38889.7
2026-05-22T05:00:00Z,40346.7
2026-05-22T06:00:00Z,45024.8
2026-05-22T07:00:00Z,44853.3
2026-05-22T08:00:00Z,49249.4
2026-05-22T09:00:00Z,50173.5
2026-05-22T10:00:00Z,52082.2
2026-05-22T11:00:00Z,51997.1
2026-05-22T12:00:00Z,53600.7
2026-05-22T13:00:00Z,53129.0
2026-05-22T14:00:00Z,50510.7
2026-05-22T15:00:00Z,50164.6
2026-05-22T16:00:00Z,48123.4
2026-05-22T17:00:00Z,46671.4
2026-05-22T18:00:00Z,42520.4
2026-05-22T19:00:00Z,41610.7
2026-05-22T20:00:00Z,38964.2
2026-05-22T21:00:00Z,37936.6
2026-05-22T22:00:00Z,34114.9
2026-05-22T23:00:00Z,35002.5
2026-05-23T00:00:00Z,29175.5
2026-05-23T01:00:00Z,30615.8
2026-05-23T02:00:00Z,32362.2
2026-05-23T03:00:00Z,33216.4
2026-05-23T04:00:00Z,36737.3
2026-05-23T05:00:00Z,38046.7
2026-05-23T06:00:00Z,41008.2
2026-05-23T07:00:00Z,43391.5
2026-05-23T08:00:00Z,46304.6
2026-05-23T09:00:00Z,47165.6
2026-05-23T10:00:00Z,50084.4
2026-05-23T11:00:00Z,50068.3
2026-05-23T12:00:00Z,50899.3
2026-05-23T13:00:00Z,50716.6
2026-05-23T14:00:00Z,49679.7
2026-05-23T15:00:00Z,47111.8
2026-05-23T16:00:00Z,45304.7
2026-05-23T17:00:00Z,42959.9
2026-05-23T18:00:00Z,41139.4
2026-05-23T19:00:00Z,38621.2
2026-05-23T20:00:00Z,34400.8
2026-05-23T21:00:00Z,32490.2
2026-05-23T22:00:00Z,33237.1
2026-05-23T23:00:00Z,30743.2
2026-05-24T00:00:00Z,31808.2
2026-05-24T01:00:00Z,31136.5
2026-05-24T02:00:00Z,33045.5
2026-05-24T03:00:00Z,34477.1
2026-05-24T04:00:00Z,35403.1
2026-05-24T05:00:00Z,39507.8
2026-05-24T06:00:00Z,42005.2
2026-05-24T07:00:00Z,43985.2
2026-05-24T08:00:00Z,44405.5
2026-05-24T09:00:00Z,47258.2
2026-05-24T10:00:00Z,49769.4
2026-05-24T11:00:00Z,51095.7
2026-05-24T12:00:00Z,50006.9
2026-05-24T13:00:00Z,48280.6
2026-05-24T14:00:00Z,48557.6
2026-05-24T15:00:00Z,48385.1
2026-05-24T16:00:00Z,45213.0
2026-05-24T17:00:00Z,44701.8
2026-05-24T18:00:00Z,40798.9
2026-05-24T19:00:00Z,39871.6
2026-05-24T20:00:00Z,35333.8
2026-05-24T21:00:00Z,34227.8
2026-05-24T22:00:00Z,33344.3
2026-05-24T23:00:00Z,31062.6
2026-05-25T00:00:00Z,37000.0
2026-05-25T01:00:00Z,35547.6
2026-05-25T02:00:00Z,35185.0
2026-05-25T03:00:00Z,37443.2
2026-05-25T04:00:00Z,38769.9
2026-05-25T05:00:00Z,41195.4
2026-05-25T06:00:00Z,44902.3
2026-05-25T07:00:00Z,46488.4
2026-05-25T08:00:00Z,50007.9
2026-05-25T09:00:00Z,50595.5
2026-05-25T10:00:00Z,52879.8
2026-05-25T11:00:00Z,53626.6
2026-05-25T12:00:00Z,54406.3
2026-05-25T13:00:00Z,52871.2
2026-05-25T14:00:00Z,52534.9
2026-05-25T15:00:00Z,50975.3
2026-05-25T16:00:00Z,47487.8
2026-05-25T17:00:00Z,46997.6
2026-05-25T18:00:00Z,44099.4
2026-05-25T19:00:00Z,40727.8
2026-05-25T20:00:00Z,39605.9
2026-05-25T21:00:00Z,37807.1
2026-05-25T22:00:00Z,35191.2
2026-05-25T23:00:00Z,34960.6
2026-05-26T00:00:00Z,35481.3
2026-05-26T01:00:00Z,34975.2
2026-05-26T02:00:00Z,35702.4
2026-05-26T03:00:00Z,37035.9
2026-05-26T04:00:00Z,38411.2
2026-05-26T05:00:00Z,42317.6
2026-05-26T06:00:00Z,43857.5
2026-05-26T07:00:00Z,45716.6
2026-05-26T08:00:00Z,46444.4
2026-05-26T09:00:00Z,50748.6
2026-05-26T10:00:00Z,51753.2
2026-05-26T11:00:00Z,53067.7
2026-05-26T12:00:00Z,53575.6
2026-05-26T13:00:00Z,53059.9
2026-05-26T14:00:00Z,52617.5
2026-05-26T15:00:00Z,51544.4
2026-05-26T16:00:00Z,48418.6
2026-05-26T17:00:00Z,46697.4
2026-05-26T18:00:00Z,43528.1
2026-05-26T19:00:00Z,42111.4
2026-05-26T20:00:00Z,38973.5
2026-05-26T21:00:00Z,36960.4
2026-05-26T22:00:00Z,35883.3
2026-05-26T23:00:00Z,34694.8
2026-05-27T00:00:00Z,33998.0
2026-05-27T01:00:00Z,34998.6
2026-05-27T02:00:00Z,36320.9
2026-05-27T03:00:00Z,37236.9
2026-05-27T04:00:00Z,38826.8
2026-05-27T05:00:00Z,42540.5
2026-05-27T06:00:00Z,44145.8
2026-05-27T07:00:00Z,45896.2
2026-05-27T08:00:00Z,48158.2
2026-05-27T09:00:00Z,50713.2
2026-05-27T10:00:00Z,53320.0
2026-05-27T11:00:00Z,54342.2
2026-05-27T12:00:00Z,54255.8
2026-05-27T13:00:00Z,52408.2
2026-05-27T14:00:00Z,52111.2
2026-05-27T15:00:00Z,51926.1
2026-05-27T16:00:00Z,49552.5
2026-05-27T17:00:00Z,46772.7
2026-05-27T18:00:00Z,44737.6
2026-05-27T19:00:00Z,41394.5
2026-05-27T20:00:00Z,39581.2
2026-05-27T21:00:00Z,37694.8
2026-05-27T22:00:00Z,35139.0
2026-05-27T23:00:00Z,35625.9
2026-05-28T00:00:00Z,34326.5
2026-05-28T01:00:00Z,35479.6
2026-05-28T02:00:00Z,35129.9
2026-05-28T03:00:00Z,38587.9
2026-05-28T04:00:00Z,41185.0
2026-05-28T05:00:00Z,41312.1
2026-05-28T06:00:00Z,44791.9
2026-05-28T07:00:00Z,45984.8
2026-05-28T08:00:00Z,50538.8
2026-05-28T09:00:00Z,49979.8
2026-05-28T10:00:00Z,52293.7
2026-05-28T11:00:00Z,53110.9
2026-05-28T12:00:00Z,55207.9
2026-05-28T13:00:00Z,52688.7
2026-05-28T14:00:00Z,52840.5
2026-05-28T15:00:00Z,51891.1
2026-05-28T16:00:00Z,49276.2
2026-05-28T17:00:00Z,46357.2
2026-05-28T18:00:00Z,44469.9
2026-05-28T19:00:00Z,41340.8
2026-05-28T20:00:00Z,39944.4
2026-05-28T21:00:00Z,37888.4
2026-05-28T22:00:00Z,36085.3
2026-05-28T23:00:00Z,35683.2
2026-05-29T00:00:00Z,34401.7
2026-05-29T01:00:00Z,34833.5
2026-05-29T02:00:00Z,36225.2
2026-05-29T03:00:00Z,37991.4
2026-05-29T04:00:00Z,39189.3
2026-05-29T05:00:00Z,42316.2
2026-05-29T06:00:00Z,44838.5
2026-05-29T07:00:00Z,46888.2
2026-05-29T08:00:00Z,49034.9
2026-05-29T09:00:00Z,50763.7
2026-05-29T10:00:00Z,53707.5
2026-05-29T11:00:00Z,53036.9
2026-05-29T12:00:00Z,55243.5
2026-05-29T13:00:00Z,53367.7
2026-05-29T14:00:00Z,51489.6
2026-05-29T15:00:00Z,51663.6
2026-05-29T16:00:00Z,49266.7
2026-05-29T17:00:00Z,46465.4
2026-05-29T18:00:00Z,44229.0
2026-05-29T19:00:00Z,41671.1
2026-05-29T20:00:00Z,40068.3
2026-05-29T21:00:00Z,36617.1
2026-05-29T22:00:00Z,35207.6
2026-05-29T23:00:00Z,36016.4
2026-05-30T00:00:00Z,32611.6
2026-05-30T01:00:00Z,32359.6
2026-05-30T02:00:00Z,34668.7
2026-05-30T03:00:00Z,34599.6
2026-05-30T04:00:00Z,38648.9
2026-05-30T05:00:00Z,38740.6
2026-05-30T06:00:00Z,42034.6
2026-05-30T07:00:00Z,44474.6
2026-05-30T08:00:00Z,47787.6
2026-05-30T09:00:00Z,49098.3
2026-05-30T10:00:00Z,50530.0
2026-05-30T11:00:00Z,51608.0
2026-05-30T12:00:00Z,52190.6
2026-05-30T13:00:00Z,51928.8
2026-05-30T14:00:00Z,49658.9
2026-05-30T15:00:00Z,48205.1
2026-05-30T16:00:00Z,46814.2
2026-05-30T17:00:00Z,43044.5
2026-05-30T18:00:00Z,40472.9
2026-05-30T19:00:00Z,39562.4
2026-05-30T20:00:00Z,37323.0
2026-05-30T21:00:00Z,34717.2
2026-05-30T22:00:00Z,32856.8
2026-05-30T23:00:00Z,31806.9
2026-05-31T00:00:00Z,32473.4
2026-05-31T01:00:00Z,34016.6
2026-05-31T02:00:00Z,33319.6
2026-05-31T03:00:00Z,35459.6
2026-05-31T04:00:00Z,37048.1
2026-05-31T05:00:00Z,39228.6
2026-05-31T06:00:00Z,42548.9
2026-05-31T07:00:00Z,43175.2
2026-05-31T08:00:00Z,46287.3
2026-05-31T09:00:00Z,48976.1
2026-05-31T10:00:00Z,50330.0
2026-05-31T11:00:00Z,49945.9
2026-05-31T12:00:00Z,52907.4
2026-05-31T13:00:00Z,53121.8
2026-05-31T14:00:00Z,49763.6
2026-05-31T15:00:00Z,49467.2
2026-05-31T16:00:00Z,47108.7
2026-05-31T17:00:00Z,44496.0
2026-05-31T18:00:00Z,40871.6
2026-05-31T19:00:00Z,40005.8
2026-05-31T20:00:00Z,37407.4
2026-05-31T21:00:00Z,34399.9
2026-05-31T22:00:00Z,34390.3
2026-05-31T23:00:00Z,32158.5
2026-06-01T00:00:00Z,36011.2
2026-06-01T01:00:00Z,35568.1
2026-06-01T02:00:00Z,36077.2
2026-06-01T03:00:00Z,39591.8
2026-06-01T04:00:00Z,41069.8
2026-06-01T05:00:00Z,42820.3
2026-06-01T06:00:00Z,44029.2
2026-06-01T07:00:00Z,46929.5
2026-06-01T08:00:00Z,50000.2
2026-06-01T09:00:00Z,51121.2
2026-06-01T10:00:00Z,52552.4
2026-06-01T11:00:00Z,54380.3
2026-06-01T12:00:00Z,54592.0
2026-06-01T13:00:00Z,53002.2
2026-06-01T14:00:00Z,53730.5
2026-06-01T15:00:00Z,51570.7
2026-06-01T16:00:00Z,51190.9
2026-06-01T17:00:00Z,47202.8
2026-06-01T18:00:00Z,44645.6
2026-06-01T19:00:00Z,41689.6
2026-06-01T20:00:00Z,40441.8
2026-06-01T21:00:00Z,37684.7
2026-06-01T22:00:00Z,36514.6
2026-06-01T23:00:00Z,36313.6
2026-06-02T00:00:00Z,36386.4
2026-06-02T01:00:00Z,35810.8
2026-06-02T02:00:00Z,36352.9
2026-06-02T03:00:00Z,37985.5
2026-06-02T04:00:00Z,39263.8
2026-06-02T05:00:00Z,43480.2
2026-06-02T06:00:00Z,45389.5
2026-06-02T07:00:00Z,46343.2
2026-06-02T08:00:00Z,48744.1
2026-06-02T09:00:00Z,51167.3
2026-06-02T10:00:00Z,54470.8
2026-06-02T11:00:00Z,53058.5
2026-06-02T12:00:00Z,54419.7
2026-06-02T13:00:00Z,54286.5
2026-06-02T14:00:00Z,52353.3
2026-06-02T15:00:00Z,51435.6
2026-06-02T16:00:00Z,50893.4
2026-06-02T17:00:00Z,48292.4
2026-06-02T18:00:00Z,43738.9
2026-06-02T19:00:00Z,42716.8
2026-06-02T20:00:00Z,40071.6
2026-06-02T21:00:00Z,38966.8
2026-06-02T22:00:00Z,35592.0
2026-06-02T23:00:00Z,35663.7
2026-06-03T00:00:00Z,35960.4
2026-06-03T01:00:00Z,34859.7
2026-06-03T02:00:00Z,36660.7
2026-06-03T03:00:00Z,38177.2
2026-06-03T04:00:00Z,40545.3
2026-06-03T05:00:00Z,42053.0
2026-06-03T06:00:00Z,47091.8
2026-06-03T07:00:00Z,48028.2
2026-06-03T08:00:00Z,48981.5
2026-06-03T09:00:00Z,51184.4
2026-06-03T10:00:00Z,52471.2
2026-06-03T11:00:00Z,54382.3
2026-06-03T12:00:00Z,54677.0
2026-06-03T13:00:00Z,54884.0
2026-06-03T14:00:00Z,53592.4
2026-06-03T15:00:00Z,51278.9
2026-06-03T16:00:00Z,49469.9
2026-06-03T17:00:00Z,47977.0
2026-06-03T18:00:00Z,45616.5
2026-06-03T19:00:00Z,41514.4
2026-06-03T20:00:00Z,39819.4
2026-06-03T21:00:00Z,38884.6
2026-06-03T22:00:00Z,36204.0
2026-06-03T23:00:00Z,35836.4
2026-06-04T00:00:00Z,34877.5
2026-06-04T01:00:00Z,36788.7
2026-06-04T02:00:00Z,36599.8
2026-06-04T03:00:00Z,38010.4
2026-06-04T04:00:00Z,40735.3
2026-06-04T05:00:00Z,42577.5
2026-06-04T06:00:00Z,45407.3
2026-06-04T07:00:00Z,48657.7
2026-06-04T08:00:00Z,49994.4
2026-06-04T09:00:00Z,52064.4
2026-06-04T10:00:00Z,54728.2
2026-06-04T11:00:00Z,54373.0
2026-06-04T12:00:00Z,54662.1
2026-06-04T13:00:00Z,55218.6
2026-06-04T14:00:00Z,52559.4
2026-06-04T15:00:00Z,52954.8
2026-06-04T16:00:00Z,49897.4
2026-06-04T17:00:00Z,47176.1
2026-06-04T18:00:00Z,44853.3
2026-06-04T19:00:00Z,42143.5
2026-06-04T20:00:00Z,40961.3
2026-06-04T21:00:00Z,37933.5
2026-06-04T22:00:00Z,35225.4
2026-06-04T23:00:00Z,35384.1
2026-06-05T00:00:00Z,36256.5
2026-06-05T01:00:00Z,35851.6
2026-06-05T02:00:00Z,36487.5
2026-06-05T03:00:00Z,37669.2
2026-06-05T04:00:00Z,41418.4
2026-06-05T05:00:00Z,42369.9
2026-06-05T06:00:00Z,45783.3
2026-06-05T07:00:00Z,46201.0
2026-06-05T08:00:00Z,49881.1
2026-06-05T09:00:00Z,51395.8
2026-06-05T10:00:00Z,53406.4
2026-06-05T11:00:00Z,54704.0
2026-06-05T12:00:00Z,54572.1
2026-06-05T13:00:00Z,54891.0
2026-06-05T14:00:00Z,54519.9
2026-06-05T15:00:00Z,52179.4
2026-06-05T16:00:00Z,49186.8
2026-06-05T17:00:00Z,48569.0
2026-06-05T18:00:00Z,44752.2
2026-06-05T19:00:00Z,42806.0
2026-06-05T20:00:00Z,41352.4
2026-06-05T21:00:00Z,38604.3
2026-06-05T22:00:00Z,36863.4
2026-06-05T23:00:00Z,35855.9
2026-06-06T00:00:00Z,32202.6
2026-06-06T01:00:00Z,33168.0
2026-06-06T02:00:00Z,33482.7
2026-06-06T03:00:00Z,36334.9
2026-06-06T04:00:00Z,37611.6
2026-06-06T05:00:00Z,40292.4
2026-06-06T06:00:00Z,43620.1
2026-06-06T07:00:00Z,45920.2
2026-06-06T08:00:00Z,47833.7
2026-06-06T09:00:00Z,50247.1
2026-06-06T10:00:00Z,51679.5
2026-06-06T11:00:00Z,52069.1
2026-06-06T12:00:00Z,52905.8
2026-06-06T13:00:00Z,53175.4
2026-06-06T14:00:00Z,50904.6
2026-06-06T15:00:00Z,49790.5
2026-06-06T16:00:00Z,46335.2
2026-06-06T17:00:00Z,44610.5
2026-06-06T18:00:00Z,42881.3
2026-06-06T19:00:00Z,39970.9
2026-06-06T20:00:00Z,38172.6
2026-06-06T21:00:00Z,35771.2
2026-06-06T22:00:00Z,34325.6
2026-06-06T23:00:00Z,33468.2
2026-06-07T00:00:00Z,32840.9
2026-06-07T01:00:00Z,34196.1
2026-06-07T02:00:00Z,34047.5
2026-06-07T03:00:00Z,36185.4
2026-06-07T04:00:00Z,39143.8
2026-06-07T05:00:00Z,40557.5
2026-06-07T06:00:00Z,42457.0
2026-06-07T07:00:00Z,45021.7
2026-06-07T08:00:00Z,48200.0
2026-06-07T09:00:00Z,50273.1
2026-06-07T10:00:00Z,50712.5
2026-06-07T11:00:00Z,51729.1
2026-06-07T12:00:00Z,54139.3
2026-06-07T13:00:00Z,51558.3
2026-06-07T14:00:00Z,52470.7
2026-06-07T15:00:00Z,49892.6
2026-06-07T16:00:00Z,47242.9
2026-06-07T17:00:00Z,45238.1
2026-06-07T18:00:00Z,42662.3
2026-06-07T19:00:00Z,40174.4
2026-06-07T20:00:00Z,38438.7
2026-06-07T21:00:00Z,34797.2
2026-06-07T22:00:00Z,35464.4
2026-06-07T23:00:00Z,34023.9
2026-06-08T00:00:00Z,35517.5
2026-06-08T01:00:00Z,35238.6
2026-06-08T02:00:00Z,38784.7
2026-06-08T03:00:00Z,37700.3
2026-06-08T04:00:00Z,41202.8
2026-06-08T05:00:00Z,43720.0
2026-06-08T06:00:00Z,44804.5
2026-06-08T07:00:00Z,49204.6
2026-06-08T08:00:00Z,49334.9
2026-06-08T09:00:00Z,51143.2
2026-06-08T10:00:00Z,53078.4
2026-06-08T11:00:00Z,54375.8
2026-06-08T12:00:00Z,56477.5
2026-06-08T13:00:00Z,54065.2
2026-06-08T14:00:00Z,55589.4
2026-06-08T15:00:00Z,52698.8
2026-06-08T16:00:00Z,51365.6
2026-06-08T17:00:00Z,48659.2
2026-06-08T18:00:00Z,45156.2
2026-06-08T19:00:00Z,43032.0
2026-06-08T20:00:00Z,41319.3
2026-06-08T21:00:00Z,39299.9
2026-06-08T22:00:00Z,39029.2
2026-06-08T23:00:00Z,35745.0
2026-06-09T00:00:00Z,35225.2
2026-06-09T01:00:00Z,35645.6
2026-06-09T02:00:00Z,36528.0
2026-06-09T03:00:00Z,38969.3
2026-06-09T04:00:00Z,41365.9
2026-06-09T05:00:00Z,44981.7
2026-06-09T06:00:00Z,45996.7
2026-06-09T07:00:00Z,47900.5
2026-06-09T08:00:00Z,50825.2
2026-06-09T09:00:00Z,54308.2
2026-06-09T10:00:00Z,53822.7
2026-06-09T11:00:00Z,54490.4
2026-06-09T12:00:00Z,55908.3
2026-06-09T13:00:00Z,55774.5
2026-06-09T14:00:00Z,54821.8
2026-06-09T15:00:00Z,53207.7
2026-06-09T16:00:00Z,51523.8
2026-06-09T17:00:00Z,49872.0
2026-06-09T18:00:00Z,47401.5
2026-06-09T19:00:00Z,44259.7
2026-06-09T20:00:00Z,41423.7
2026-06-09T21:00:00Z,38473.6
2026-06-09T22:00:00Z,37096.7
2026-06-09T23:00:00Z,35537.5
2026-06-10T00:00:00Z,36007.6
2026-06-10T01:00:00Z,36918.7
2026-06-10T02:00:00Z,38424.8
2026-06-10T03:00:00Z,38319.9
2026-06-10T04:00:00Z,42363.9
2026-06-10T05:00:00Z,43434.4
2026-06-10T06:00:00Z,44577.6
2026-06-10T07:00:00Z,48825.9
2026-06-10T08:00:00Z,50129.7
2026-06-10T09:00:00Z,52163.6
2026-06-10T10:00:00Z,54336.6
2026-06-10T11:00:00Z,54458.5
2026-06-10T12:00:00Z,55720.4
2026-06-10T13:00:00Z,55487.5
2026-06-10T14:00:00Z,55285.9
2026-06-10T15:00:00Z,52108.4
2026-06-10T16:00:00Z,49897.3
2026-06-10T17:00:00Z,50614.7
2026-06-10T18:00:00Z,45569.6
2026-06-10T19:00:00Z,44650.8
2026-06-10T20:00:00Z,41154.2
2026-06-10T21:00:00Z,38978.4
2026-06-10T22:00:00Z,39470.4
2026-06-10T23:00:00Z,37480.2
2026-06-11T00:00:00Z,36275.0
2026-06-11T01:00:00Z,36757.0
2026-06-11T02:00:00Z,38502.5
2026-06-11T03:00:00Z,39320.9
2026-06-11T04:00:00Z,41869.0
2026-06-11T05:00:00Z,43491.7
2026-06-11T06:00:00Z,46124.4
2026-06-11T07:00:00Z,48944.0
2026-06-11T08:00:00Z,50907.3
2026-06-11T09:00:00Z,51948.5
2026-06-11T10:00:00Z,54651.4
2026-06-11T11:00:00Z,54736.7
2026-06-11T12:00:00Z,55537.0
2026-06-11T13:00:00Z,55159.0
2026-06-11T14:00:00Z,53713.8
2026-06-11T15:00:00Z,54560.9
2026-06-11T16:00:00Z,49833.1
2026-06-11T17:00:00Z,49680.6
2026-06-11T18:00:00Z,45237.5
2026-06-11T19:00:00Z,43355.5
2026-06-11T20:00:00Z,42138.1
2026-06-11T21:00:00Z,39457.5
2026-06-11T22:00:00Z,38078.8
2026-06-11T23:00:00Z,38481.0
2026-06-12T00:00:00Z,37318.4
2026-06-12T01:00:00Z,38119.4
2026-06-12T02:00:00Z,38242.7
2026-06-12T03:00:00Z,39666.5
2026-06-12T04:00:00Z,41629.8
2026-06-12T05:00:00Z,45227.2
2026-06-12T06:00:00Z,43882.9
2026-06-12T07:00:00Z,49212.2
2026-06-12T08:00:00Z,51617.8
2026-06-12T09:00:00Z,51844.1
2026-06-12T10:00:00Z,54909.0
2026-06-12T11:00:00Z,55490.8
2026-06-12T12:00:00Z,55237.3
2026-06-12T13:00:00Z,55840.6
2026-06-12T14:00:00Z,53810.6
2026-06-12T15:00:00Z,54370.1
2026-06-12T16:00:00Z,50168.6
2026-06-12T17:00:00Z,47921.5
2026-06-12T18:00:00Z,46036.6
2026-06-12T19:00:00Z,43890.5
2026-06-12T20:00:00Z,42105.5
2026-06-12T21:00:00Z,39838.4
2026-06-12T22:00:00Z,38125.4
2026-06-12T23:00:00Z,35031.0
2026-06-13T00:00:00Z,33916.3
2026-06-13T01:00:00Z,34530.7
2026-06-13T02:00:00Z,36317.8
2026-06-13T03:00:00Z,36256.1
2026-06-13T04:00:00Z,39390.8
2026-06-13T05:00:00Z,41076.8
2026-06-13T06:00:00Z,43240.1
2026-06-13T07:00:00Z,46351.3
2026-06-13T08:00:00Z,48510.6
2026-06-13T09:00:00Z,50780.2
2026-06-13T10:00:00Z,52146.6
2026-06-13T11:00:00Z,53882.5
2026-06-13T12:00:00Z,54142.2
2026-06-13T13:00:00Z,52312.4
2026-06-13T14:00:00Z,53421.5
2026-06-13T15:00:00Z,51783.9
2026-06-13T16:00:00Z,49384.4
2026-06-13T17:00:00Z,46530.3
2026-06-13T18:00:00Z,45441.4
2026-06-13T19:00:00Z,41114.5
2026-06-13T20:00:00Z,39291.4
2026-06-13T21:00:00Z,36345.0
2026-06-13T22:00:00Z,35735.0
2026-06-13T23:00:00Z,35567.3
2026-06-14T00:00:00Z,34123.7
2026-06-14T01:00:00Z,35434.3
2026-06-14T02:00:00Z,34989.9
2026-06-14T03:00:00Z,37693.4
2026-06-14T04:00:00Z,40594.7
2026-06-14T05:00:00Z,41395.0
2026-06-14T06:00:00Z,44004.8
2026-06-14T07:00:00Z,47449.4
2026-06-14T08:00:00Z,49700.8
2026-06-14T09:00:00Z,50831.0
2026-06-14T10:00:00Z,52591.8
2026-06-14T11:00:00Z,53392.2
2026-06-14T12:00:00Z,54452.5
2026-06-14T13:00:00Z,53886.8
2026-06-14T14:00:00Z,52633.7
2026-06-14T15:00:00Z,50294.7
2026-06-14T16:00:00Z,47690.0
2026-06-14T17:00:00Z,45057.0
2026-06-14T18:00:00Z,44416.3
2026-06-14T19:00:00Z,44036.3
2026-06-14T20:00:00Z,39771.0
2026-06-14T21:00:00Z,38018.6
2026-06-14T22:00:00Z,35712.8
2026-06-14T23:00:00Z,35125.2
2026-06-15T00:00:00Z,36477.6
2026-06-15T01:00:00Z,37719.2
2026-06-15T02:00:00Z,37649.9
2026-06-15T03:00:00Z,40605.1
2026-06-15T04:00:00Z,41121.5
2026-06-15T05:00:00Z,45249.4
2026-06-15T06:00:00Z,46922.3
2026-06-15T07:00:00Z,49963.2
2026-06-15T08:00:00Z,52068.2
2026-06-15T09:00:00Z,52599.6
2026-06-15T10:00:00Z,54236.1
2026-06-15T11:00:00Z,57065.1
2026-06-15T12:00:00Z,56881.2
2026-06-15T13:00:00Z,56882.4
2026-06-15T14:00:00Z,56934.3
2026-06-15T15:00:00Z,54303.5
2026-06-15T16:00:00Z,53053.2
2026-06-15T17:00:00Z,49310.0
2026-06-15T18:00:00Z,46434.1
2026-06-15T19:00:00Z,44620.5
2026-06-15T20:00:00Z,42244.1
2026-06-15T21:00:00Z,40410.3
2026-06-15T22:00:00Z,39271.2
2026-06-15T23:00:00Z,38355.7
2026-06-16T00:00:00Z,38546.7
2026-06-16T01:00:00Z,37521.3
2026-06-16T02:00:00Z,38277.3
2026-06-16T03:00:00Z,40701.5
2026-06-16T04:00:00Z,42977.9
2026-06-16T05:00:00Z,44891.9
2026-06-16T06:00:00Z,47353.5
2026-06-16T07:00:00Z,51125.1
2026-06-16T08:00:00Z,52335.4
2026-06-16T09:00:00Z,53085.0
2026-06-16T10:00:00Z,55042.0
2026-06-16T11:00:00Z,57731.7
2026-06-16T12:00:00Z,57415.9
2026-06-16T13:00:00Z,55278.3
2026-06-16T14:00:00Z,54727.1
2026-06-16T15:00:00Z,54212.2
2026-06-16T16:00:00Z,51642.8
2026-06-16T17:00:00Z,49984.8
2026-06-16T18:00:00Z,46247.7
2026-06-16T19:00:00Z,44598.3
2026-06-16T20:00:00Z,42542.7
2026-06-16T21:00:00Z,40817.6
2026-06-16T22:00:00Z,38866.9
2026-06-16T23:00:00Z,37792.1
2026-06-17T00:00:00Z,37606.4
2026-06-17T01:00:00Z,38433.0
2026-06-17T02:00:00Z,39503.3
2026-06-17T03:00:00Z,39935.2
2026-06-17T04:00:00Z,41867.0
2026-06-17T05:00:00Z,44879.9
2026-06-17T06:00:00Z,46407.8
2026-06-17T07:00:00Z,49556.7
2026-06-17T08:00:00Z,53974.3
2026-06-17T09:00:00Z,54462.5
2026-06-17T10:00:00Z,55215.2
2026-06-17T11:00:00Z,56136.5
2026-06-17T12:00:00Z,56330.2
2026-06-17T13:00:00Z,55698.0
2026-06-17T14:00:00Z,55359.6
2026-06-17T15:00:00Z,54640.3
2026-06-17T16:00:00Z,52819.5
2026-06-17T17:00:00Z,50386.3
2026-06-17T18:00:00Z,45678.9
2026-06-17T19:00:00Z,44969.1
2026-06-17T20:00:00Z,41832.9
2026-06-17T21:00:00Z,40571.3
2026-06-17T22:00:00Z,38856.2
2026-06-17T23:00:00Z,37684.7
2026-06-18T00:00:00Z,36810.5
2026-06-18T01:00:00Z,38049.2
2026-06-18T02:00:00Z,39068.0
2026-06-18T03:00:00Z,40999.8
2026-06-18T04:00:00Z,42646.7
2026-06-18T05:00:00Z,44195.2
2026-06-18T06:00:00Z,48606.9
2026-06-18T07:00:00Z,51202.8
2026-06-18T08:00:00Z,51971.3
2026-06-18T09:00:00Z,53153.4
2026-06-18T10:00:00Z,57590.7
2026-06-18T11:00:00Z,58002.9
2026-06-18T12:00:00Z,57633.8
2026-06-18T13:00:00Z,55441.2
2026-06-18T14:00:00Z,57116.5
2026-06-18T15:00:00Z,55095.0
2026-06-18T16:00:00Z,51718.9
2026-06-18T17:00:00Z,47984.2
2026-06-18T18:00:00Z,48582.7
2026-06-18T19:00:00Z,44441.7
2026-06-18T20:00:00Z,42729.6
2026-06-18T21:00:00Z,41180.8
2026-06-18T22:00:00Z,40014.9
2026-06-18T23:00:00Z,37978.3
2026-06-19T00:00:00Z,38533.1
2026-06-19T01:00:00Z,38584.7
2026-06-19T02:00:00Z,39170.6
2026-06-19T03:00:00Z,41271.3
2026-06-19T04:00:00Z,42645.8
2026-06-19T05:00:00Z,44963.6
2026-06-19T06:00:00Z,47494.6
2026-06-19T07:00:00Z,48857.6
2026-06-19T08:00:00Z,51894.3
2026-06-19T09:00:00Z,53500.6
2026-06-19T10:00:00Z,56480.7
2026-06-19T11:00:00Z,55649.9
2026-06-19T12:00:00Z,58751.0
2026-06-19T13:00:00Z,57008.4
2026-06-19T14:00:00Z,55890.4
2026-06-19T15:00:00Z,53362.3
2026-06-19T16:00:00Z,51991.5
2026-06-19T17:00:00Z,51393.0
2026-06-19T18:00:00Z,47636.9
2026-06-19T19:00:00Z,43818.6
2026-06-19T20:00:00Z,43470.5
2026-06-19T21:00:00Z,42115.2
2026-06-19T22:00:00Z,38887.9
2026-06-19T23:00:00Z,38261.6
2026-06-20T00:00:00Z,36726.8
2026-06-20T01:00:00Z,33867.5
2026-06-20T02:00:00Z,37760.6
2026-06-20T03:00:00Z,37772.4
2026-06-20T04:00:00Z,40623.0
2026-06-20T05:00:00Z,43603.6
2026-06-20T06:00:00Z,45759.6
2026-06-20T07:00:00Z,48019.1
2026-06-20T08:00:00Z,50947.4
2026-06-20T09:00:00Z,51373.8
2026-06-20T10:00:00Z,53576.6
2026-06-20T11:00:00Z,53781.8
2026-06-20T12:00:00Z,54989.2
2026-06-20T13:00:00Z,53996.3
2026-06-20T14:00:00Z,52669.9
2026-06-20T15:00:00Z,51145.4
2026-06-20T16:00:00Z,50668.4
2026-06-20T17:00:00Z,46165.4
2026-06-20T18:00:00Z,44009.5
2026-06-20T19:00:00Z,41094.7
2026-06-20T20:00:00Z,39271.2
2026-06-20T21:00:00Z,36767.9
2026-06-20T22:00:00Z,35659.7
2026-06-20T23:00:00Z,34798.5
2026-06-21T00:00:00Z,36842.5
2026-06-21T01:00:00Z,35984.4
2026-06-21T02:00:00Z,36230.1
2026-06-21T03:00:00Z,36868.7
2026-06-21T04:00:00Z,39788.5
2026-06-21T05:00:00Z,43809.2
2026-06-21T06:00:00Z,44867.9
2026-06-21T07:00:00Z,48367.1
2026-06-21T08:00:00Z,50267.1
2026-06-21T09:00:00Z,52029.3
2026-06-21T10:00:00Z,53293.0
2026-06-21T11:00:00Z,54347.7
2026-06-21T12:00:00Z,54501.1
2026-06-21T13:00:00Z,53904.1
2026-06-21T14:00:00Z,53545.8
2026-06-21T15:00:00Z,52805.5
2026-06-21T16:00:00Z,50443.9
2026-06-21T17:00:00Z,46443.8
2026-06-21T18:00:00Z,45669.6
2026-06-21T19:00:00Z,43020.1
2026-06-21T20:00:00Z,39941.6
2026-06-21T21:00:00Z,39097.3
2026-06-21T22:00:00Z,37376.7
2026-06-21T23:00:00Z,37420.4
2026-06-22T00:00:00Z,36725.0
2026-06-22T01:00:00Z,39368.6
2026-06-22T02:00:00Z,38855.2
2026-06-22T03:00:00Z,41368.8
2026-06-22T04:00:00Z,43671.0
2026-06-22T05:00:00Z,46757.6
2026-06-22T06:00:00Z,48225.1
2026-06-22T07:00:00Z,49901.4
2026-06-22T08:00:00Z,53515.9
2026-06-22T09:00:00Z,55269.0
2026-06-22T10:00:00Z,57317.1
2026-06-22T11:00:00Z,55185.4
2026-06-22T12:00:00Z,57716.6
2026-06-22T13:00:00Z,54944.8
2026-06-22T14:00:00Z,56596.0
2026-06-22T15:00:00Z,54827.2
2026-06-22T16:00:00Z,52198.1
2026-06-22T17:00:00Z,50884.9
2026-06-22T18:00:00Z,48225.8
2026-06-22T19:00:00Z,46438.9
2026-06-22T20:00:00Z,44409.0
2026-06-22T21:00:00Z,41360.6
2026-06-22T22:00:00Z,39584.5
2026-06-22T23:00:00Z,38174.4
2026-06-23T00:00:00Z,39644.5
2026-06-23T01:00:00Z,38913.1
2026-06-23T02:00:00Z,39758.0
2026-06-23T03:00:00Z,41969.7
2026-06-23T04:00:00Z,42979.0
2026-06-23T05:00:00Z,45590.4
2026-06-23T06:00:00Z,48266.4
2026-06-23T07:00:00Z,51531.2
2026-06-23T08:00:00Z,52222.5
2026-06-23T09:00:00Z,54111.7
2026-06-23T10:00:00Z,56086.9
2026-06-23T11:00:00Z,56979.2
2026-06-23T12:00:00Z,57231.1
2026-06-23T13:00:00Z,58136.9
2026-06-23T14:00:00Z,56175.7
2026-06-23T15:00:00Z,56509.2
2026-06-23T16:00:00Z,53842.2
2026-06-23T17:00:00Z,50771.4
2026-06-23T18:00:00Z,48167.5
2026-06-23T19:00:00Z,46327.6
2026-06-23T20:00:00Z,45389.5
2026-06-23T21:00:00Z,41825.3
2026-06-23T22:00:00Z,39180.5
2026-06-23T23:00:00Z,39020.7
2026-06-24T00:00:00Z,41560.1
2026-06-24T01:00:00Z,38429.4
2026-06-24T02:00:00Z,39899.0
2026-06-24T03:00:00Z,41702.9
2026-06-24T04:00:00Z,43211.5
2026-06-24T05:00:00Z,47055.8
2026-06-24T06:00:00Z,47935.4
2026-06-24T07:00:00Z,50865.3
2026-06-24T08:00:00Z,53678.6
2026-06-24T09:00:00Z,55715.6
2026-06-24T10:00:00Z,56592.9
2026-06-24T11:00:00Z,57863.2
2026-06-24T12:00:00Z,58005.5
2026-06-24T13:00:00Z,54990.7
2026-06-24T14:00:00Z,57378.9
2026-06-24T15:00:00Z,55428.1
2026-06-24T16:00:00Z,53144.8
2026-06-24T17:00:00Z,51680.4
2026-06-24T18:00:00Z,47019.2
2026-06-24T19:00:00Z,46992.7
2026-06-24T20:00:00Z,43188.4
2026-06-24T21:00:00Z,40894.7
2026-06-24T22:00:00Z,39310.1
2026-06-24T23:00:00Z,39483.1
2026-06-25T00:00:00Z,38523.4
2026-06-25T01:00:00Z,39954.8
2026-06-25T02:00:00Z,39182.0
2026-06-25T03:00:00Z,42826.1
2026-06-25T04:00:00Z,43673.7
2026-06-25T05:00:00Z,47634.4
2026-06-25T06:00:00Z,48985.9
2026-06-25T07:00:00Z,50795.5
2026-06-25T08:00:00Z,53247.1
2026-06-25T09:00:00Z,53918.4
2026-06-25T10:00:00Z,56773.5
2026-06-25T11:00:00Z,56916.8
2026-06-25T12:00:00Z,57722.8
2026-06-25T13:00:00Z,59654.1
2026-06-25T14:00:00Z,56115.2
2026-06-25T15:00:00Z,55903.8
2026-06-25T16:00:00Z,53881.7
2026-06-25T17:00:00Z,50896.0
2026-06-25T18:00:00Z,48559.4
2026-06-25T19:00:00Z,45621.6
2026-06-25T20:00:00Z,45310.9
2026-06-25T21:00:00Z,42310.3
2026-06-25T22:00:00Z,41169.4
2026-06-25T23:00:00Z,37933.7
2026-06-26T00:00:00Z,39095.4
2026-06-26T01:00:00Z,38659.1
2026-06-26T02:00:00Z,41403.8
2026-06-26T03:00:00Z,41805.5
2026-06-26T04:00:00Z,43399.8
2026-06-26T05:00:00Z,46420.4
2026-06-26T06:00:00Z,48966.0
2026-06-26T07:00:00Z,51246.3
2026-06-26T08:00:00Z,54929.3
2026-06-26T09:00:00Z,56426.0
2026-06-26T10:00:00Z,57324.6
2026-06-26T11:00:00Z,58611.2
2026-06-26T12:00:00Z,58159.1
2026-06-26T13:00:00Z,56978.8
2026-06-26T14:00:00Z,57138.7
2026-06-26T15:00:00Z,53708.2
2026-06-26T16:00:00Z,54389.8
2026-06-26T17:00:00Z,50969.3
2026-06-26T18:00:00Z,47287.8
2026-06-26T19:00:00Z,46445.4
2026-06-26T20:00:00Z,46194.1
2026-06-26T21:00:00Z,41485.9
2026-06-26T22:00:00Z,40403.0
2026-06-26T23:00:00Z,39945.1
2026-06-27T00:00:00Z,35782.0
2026-06-27T01:00:00Z,38318.1
2026-06-27T02:00:00Z,37727.9
2026-06-27T03:00:00Z,39836.7
2026-06-27T04:00:00Z,42252.6
2026-06-27T05:00:00Z,43778.2
2026-06-27T06:00:00Z,46949.6
2026-06-27T07:00:00Z,47579.0
2026-06-27T08:00:00Z,50034.0
2026-06-27T09:00:00Z,53322.1
2026-06-27T10:00:00Z,54133.2
2026-06-27T11:00:00Z,55142.5
2026-06-27T12:00:00Z,55981.8
2026-06-27T13:00:00Z,56153.4
2026-06-27T14:00:00Z,55762.5
2026-06-27T15:00:00Z,54731.3
2026-06-27T16:00:00Z,52350.2
2026-06-27T17:00:00Z,49649.0
2026-06-27T18:00:00Z,45712.6
2026-06-27T19:00:00Z,43190.2
2026-06-27T20:00:00Z,40592.5
2026-06-27T21:00:00Z,39267.0
2026-06-27T22:00:00Z,38284.6
2026-06-27T23:00:00Z,38767.3
2026-06-28T00:00:00Z,36409.5
2026-06-28T01:00:00Z,37849.0
2026-06-28T02:00:00Z,37850.3
2026-06-28T03:00:00Z,39767.0
2026-06-28T04:00:00Z,40363.5
2026-06-28T05:00:00Z,46099.9
2026-06-28T06:00:00Z,46811.2
2026-06-28T07:00:00Z,49090.6
2026-06-28T08:00:00Z,51475.0
2026-06-28T09:00:00Z,52253.6
2026-06-28T10:00:00Z,55652.0
2026-06-28T11:00:00Z,56217.1
2026-06-28T12:00:00Z,56985.4
2026-06-28T13:00:00Z,57240.1
2026-06-28T14:00:00Z,55616.8
2026-06-28T15:00:00Z,53050.4
2026-06-28T16:00:00Z,51215.0
2026-06-28T17:00:00Z,47967.3
2026-06-28T18:00:00Z,48584.7
2026-06-28T19:00:00Z,43035.3
2026-06-28T20:00:00Z,42858.7
2026-06-28T21:00:00Z,39137.9
2026-06-28T22:00:00Z,38559.2
2026-06-28T23:00:00Z,37368.6
2026-06-29T00:00:00Z,39113.9
2026-06-29T01:00:00Z,40999.1
2026-06-29T02:00:00Z,41814.0
2026-06-29T03:00:00Z,42842.4
2026-06-29T04:00:00Z,45439.5
2026-06-29T05:00:00Z,48483.4
2026-06-29T06:00:00Z,48599.8
2026-06-29T07:00:00Z,51608.1
2026-06-29T08:00:00Z,53222.7
2026-06-29T09:00:00Z,55692.3
2026-06-29T10:00:00Z,57598.8
2026-06-29T11:00:00Z,58570.8
2026-06-29T12:00:00Z,59182.3
2026-06-29T13:00:00Z,60132.8
2026-06-29T14:00:00Z,58551.9
2026-06-29T15:00:00Z,55987.4
2026-06-29T16:00:00Z,54761.9
2026-06-29T17:00:00Z,51528.0
2026-06-29T18:00:00Z,50304.5
2026-06-29T19:00:00Z,46664.4
2026-06-29T20:00:00Z,44579.4
2026-06-29T21:00:00Z,41558.2
2026-06-29T22:00:00Z,40750.3
2026-06-29T23:00:00Z,41828.8
2026-06-30T00:00:00Z,37985.9
2026-06-30T01:00:00Z,40296.6
2026-06-30T02:00:00Z,40806.6
2026-06-30T03:00:00Z,42410.0
2026-06-30T04:00:00Z,45865.8
2026-06-30T05:00:00Z,46524.3
2026-06-30T06:00:00Z,48366.7
2026-06-30T07:00:00Z,51938.8
2026-06-30T08:00:00Z,54313.4
2026-06-30T09:00:00Z,56939.7
2026-06-30T10:00:00Z,59080.1
2026-06-30T11:00:00Z,59486.4
2026-06-30T12:00:00Z,59917.5
2026-06-30T13:00:00Z,58358.8
2026-06-30T14:00:00Z,57223.8
2026-06-30T15:00:00Z,56632.5
2026-06-30T16:00:00Z,54853.1
2026-06-30T17:00:00Z,52766.3
2026-06-30T18:00:00Z,50028.2
2026-06-30T19:00:00Z,46663.2
2026-06-30T20:00:00Z,44225.4
2026-06-30T21:00:00Z,43793.4
2026-06-30T22:00:00Z,42000.9
2026-06-30T23:00:00Z,38797.0
2026-07-01T00:00:00Z,40605.9
2026-07-01T01:00:00Z,40864.2
2026-07-01T02:00:00Z,40810.7
2026-07-01T03:00:00Z,41979.5
2026-07-01T04:00:00Z,45680.0
2026-07-01T05:00:00Z,47669.6
2026-07-01T06:00:00Z,48684.5
2026-07-01T07:00:00Z,52229.3
2026-07-01T08:00:00Z,55576.2
2026-07-01T09:00:00Z,56239.3
2026-07-01T10:00:00Z,59490.6
2026-07-01T11:00:00Z,57961.0
2026-07-01T12:00:00Z,60473.4
2026-07-01T13:00:00Z,58896.3
2026-07-01T14:00:00Z,57339.1
2026-07-01T15:00:00Z,56337.2
2026-07-01T16:00:00Z,55307.9
2026-07-01T17:00:00Z,51228.8
2026-07-01T18:00:00Z,50713.9
2026-07-01T19:00:00Z,47873.1
2026-07-01T20:00:00Z,43064.9
2026-07-01T21:00:00Z,43235.9
2026-07-01T22:00:00Z,42462.2
2026-07-01T23:00:00Z,39916.9
2026-07-02T00:00:00Z,38209.9
2026-07-02T01:00:00Z,41376.0
2026-07-02T02:00:00Z,42525.9
2026-07-02T03:00:00Z,44450.5
2026-07-02T04:00:00Z,44390.3
2026-07-02T05:00:00Z,46621.8
2026-07-02T06:00:00Z,49515.8
2026-07-02T07:00:00Z,53511.8
2026-07-02T08:00:00Z,53995.4
2026-07-02T09:00:00Z,56831.5
2026-07-02T10:00:00Z,56933.8
2026-07-02T11:00:00Z,60484.2
2026-07-02T12:00:00Z,59579.1
2026-07-02T13:00:00Z,59365.3
2026-07-02T14:00:00Z,61107.1
2026-07-02T15:00:00Z,57638.2
2026-07-02T16:00:00Z,55273.1
2026-07-02T17:00:00Z,52486.1
2026-07-02T18:00:00Z,49834.4
2026-07-02T19:00:00Z,46254.0
2026-07-02T20:00:00Z,45922.6
2026-07-02T21:00:00Z,43012.4
2026-07-02T22:00:00Z,41507.6
2026-07-02T23:00:00Z,39402.2
2026-07-03T00:00:00Z,41615.8
2026-07-03T01:00:00Z,41035.2
2026-07-03T02:00:00Z,42015.0
2026-07-03T03:00:00Z,42994.1
2026-07-03T04:00:00Z,45856.9
2026-07-03T05:00:00Z,48444.9
2026-07-03T06:00:00Z,50688.2
2026-07-03T07:00:00Z,51796.8
2026-07-03T08:00:00Z,53544.3
2026-07-03T09:00:00Z,56889.4
2026-07-03T10:00:00Z,58921.4
2026-07-03T11:00:00Z,57398.4
2026-07-03T12:00:00Z,59022.4
2026-07-03T13:00:00Z,59025.5
2026-07-03T14:00:00Z,58534.3
2026-07-03T15:00:00Z,57900.2
2026-07-03T16:00:00Z,54634.4
2026-07-03T17:00:00Z,53416.1
2026-07-03T18:00:00Z,49914.0
2026-07-03T19:00:00Z,48494.6
2026-07-03T20:00:00Z,44836.2
2026-07-03T21:00:00Z,43374.4
2026-07-03T22:00:00Z,42584.4
2026-07-03T23:00:00Z,40888.4
2026-07-04T00:00:00Z,36100.1
2026-07-04T01:00:00Z,38148.4
2026-07-04T02:00:00Z,39752.3
2026-07-04T03:00:00Z,40926.2
2026-07-04T04:00:00Z,41981.4
2026-07-04T05:00:00Z,44771.6
2026-07-04T06:00:00Z,48282.8
2026-07-04T07:00:00Z,50912.3
2026-07-04T08:00:00Z,52881.5
2026-07-04T09:00:00Z,53902.0
2026-07-04T10:00:00Z,55236.0
2026-07-04T11:00:00Z,58740.5
2026-07-04T12:00:00Z,56368.4
2026-07-04T13:00:00Z,57956.8
2026-07-04T14:00:00Z,56120.1
2026-07-04T15:00:00Z,54960.5
2026-07-04T16:00:00Z,52806.6
2026-07-04T17:00:00Z,49960.7
2026-07-04T18:00:00Z,48225.5
2026-07-04T19:00:00Z,44420.4
2026-07-04T20:00:00Z,42587.8
2026-07-04T21:00:00Z,41054.6
2026-07-04T22:00:00Z,37211.9
2026-07-04T23:00:00Z,39525.3
2026-07-05T00:00:00Z,38129.9
2026-07-05T01:00:00Z,38359.4
2026-07-05T02:00:00Z,38674.1
2026-07-05T03:00:00Z,40906.3
2026-07-05T04:00:00Z,41880.6
2026-07-05T05:00:00Z,44494.9
2026-07-05T06:00:00Z,47265.7
2026-07-05T07:00:00Z,50336.8
2026-07-05T08:00:00Z,52603.2
2026-07-05T09:00:00Z,54068.4
2026-07-05T10:00:00Z,55739.4
2026-07-05T11:00:00Z,57611.4
2026-07-05T12:00:00Z,56835.2
2026-07-05T13:00:00Z,58370.1
2026-07-05T14:00:00Z,56696.4
2026-07-05T15:00:00Z,54100.9
2026-07-05T16:00:00Z,51532.3
2026-07-05T17:00:00Z,50422.0
2026-07-05T18:00:00Z,48702.2
2026-07-05T19:00:00Z,45462.4
2026-07-05T20:00:00Z,43117.8
2026-07-05T21:00:00Z,39823.8
2026-07-05T22:00:00Z,40187.8
2026-07-05T23:00:00Z,37654.0
2026-07-06T00:00:00Z,42381.0
2026-07-06T01:00:00Z,41469.7
2026-07-06T02:00:00Z,43737.1
2026-07-06T03:00:00Z,44476.8
2026-07-06T04:00:00Z,44295.3
2026-07-06T05:00:00Z,48156.3
2026-07-06T06:00:00Z,51209.3
2026-07-06T07:00:00Z,54378.4
2026-07-06T08:00:00Z,55413.1
2026-07-06T09:00:00Z,57935.0
2026-07-06T10:00:00Z,57660.2
2026-07-06T11:00:00Z,60166.3
2026-07-06T12:00:00Z,60164.7
2026-07-06T13:00:00Z,60513.5
2026-07-06T14:00:00Z,58975.9
2026-07-06T15:00:00Z,57332.6
2026-07-06T16:00:00Z,55427.9
2026-07-06T17:00:00Z,53739.6
2026-07-06T18:00:00Z,51908.3
2026-07-06T19:00:00Z,48994.4
2026-07-06T20:00:00Z,46848.0
2026-07-06T21:00:00Z,43125.7
2026-07-06T22:00:00Z,41253.5
2026-07-06T23:00:00Z,40561.6
2026-07-07T00:00:00Z,40450.3
2026-07-07T01:00:00Z,42096.5
2026-07-07T02:00:00Z,42513.7
2026-07-07T03:00:00Z,43911.0
2026-07-07T04:00:00Z,48009.3
2026-07-07T05:00:00Z,48234.1
2026-07-07T06:00:00Z,51684.9
2026-07-07T07:00:00Z,53483.7
2026-07-07T08:00:00Z,54857.6
2026-07-07T09:00:00Z,56360.3
2026-07-07T10:00:00Z,58779.8
2026-07-07T11:00:00Z,60578.5
2026-07-07T12:00:00Z,60999.9
2026-07-07T13:00:00Z,61284.3
2026-07-07T14:00:00Z,59720.5
2026-07-07T15:00:00Z,59292.8
2026-07-07T16:00:00Z,55190.0
2026-07-07T17:00:00Z,52881.1
2026-07-07T18:00:00Z,51623.1
2026-07-07T19:00:00Z,48364.7
2026-07-07T20:00:00Z,47056.4
2026-07-07T21:00:00Z,45507.5
2026-07-07T22:00:00Z,42971.6
2026-07-07T23:00:00Z,41422.1
2026-07-08T00:00:00Z,39529.0
2026-07-08T01:00:00Z,41691.1
2026-07-08T02:00:00Z,43105.7
2026-07-08T03:00:00Z,43285.4
2026-07-08T04:00:00Z,46738.7
2026-07-08T05:00:00Z,48910.2
2026-07-08T06:00:00Z,51344.3
2026-07-08T07:00:00Z,54449.5
2026-07-08T08:00:00Z,57267.7
2026-07-08T09:00:00Z,57141.0
2026-07-08T10:00:00Z,59389.5
2026-07-08T11:00:00Z,60743.8
2026-07-08T12:00:00Z,62101.6
2026-07-08T13:00:00Z,60551.7
2026-07-08T14:00:00Z,60054.8
2026-07-08T15:00:00Z,58099.1
2026-07-08T16:00:00Z,56194.1
2026-07-08T17:00:00Z,53902.5
2026-07-08T18:00:00Z,52154.3
2026-07-08T19:00:00Z,49169.8
2026-07-08T20:00:00Z,47172.3
2026-07-08T21:00:00Z,44521.4
2026-07-08T22:00:00Z,42655.8
2026-07-08T23:00:00Z,41876.0
2026-07-09T00:00:00Z,42611.6
2026-07-09T01:00:00Z,42209.9
2026-07-09T02:00:00Z,41821.6
2026-07-09T03:00:00Z,44987.6
2026-07-09T04:00:00Z,45635.9
2026-07-09T05:00:00Z,47065.4
2026-07-09T06:00:00Z,51300.8
2026-07-09T07:00:00Z,55266.7
2026-07-09T08:00:00Z,56881.6
2026-07-09T09:00:00Z,58670.6
2026-07-09T10:00:00Z,59017.0
2026-07-09T11:00:00Z,59752.2
2026-07-09T12:00:00Z,60117.0
2026-07-09T13:00:00Z,60314.9
2026-07-09T14:00:00Z,59068.0
2026-07-09T15:00:00Z,58225.9
2026-07-09T16:00:00Z,56347.8
2026-07-09T17:00:00Z,53098.3
2026-07-09T18:00:00Z,51782.2
2026-07-09T19:00:00Z,47068.5
2026-07-09T20:00:00Z,46060.6
2026-07-09T21:00:00Z,44101.9
2026-07-09T22:00:00Z,42406.8
2026-07-09T23:00:00Z,41885.7
2026-07-10T00:00:00Z,41742.5
2026-07-10T01:00:00Z,42470.8
2026-07-10T02:00:00Z,43545.9
2026-07-10T03:00:00Z,43326.3
2026-07-10T04:00:00Z,47484.5
2026-07-10T05:00:00Z,49422.4
2026-07-10T06:00:00Z,52573.1
2026-07-10T07:00:00Z,55228.2
2026-07-10T08:00:00Z,57804.5
2026-07-10T09:00:00Z,59427.9
2026-07-10T10:00:00Z,59888.4
2026-07-10T11:00:00Z,62067.6
2026-07-10T12:00:00Z,61223.2
2026-07-10T13:00:00Z,60580.1
2026-07-10T14:00:00Z,59993.0
2026-07-10T15:00:00Z,59887.5
2026-07-10T16:00:00Z,57280.6
2026-07-10T17:00:00Z,54229.2
2026-07-10T18:00:00Z,51626.5
2026-07-10T19:00:00Z,48401.6
2026-07-10T20:00:00Z,47554.0
2026-07-10T21:00:00Z,41844.9
2026-07-10T22:00:00Z,43368.9
2026-07-10T23:00:00Z,42039.2
2026-07-11T00:00:00Z,39014.0
2026-07-11T01:00:00Z,40554.1
2026-07-11T02:00:00Z,40564.5
2026-07-11T03:00:00Z,43566.1
2026-07-11T04:00:00Z,43290.4
2026-07-11T05:00:00Z,48378.7
2026-07-11T06:00:00Z,48644.1
2026-07-11T07:00:00Z,52200.7
2026-07-11T08:00:00Z,53467.4
2026-07-11T09:00:00Z,55437.9
2026-07-11T10:00:00Z,57474.8
2026-07-11T11:00:00Z,59009.8
2026-07-11T12:00:00Z,58303.9
2026-07-11T13:00:00Z,57812.0
2026-07-11T14:00:00Z,56999.8
2026-07-11T15:00:00Z,54825.4
2026-07-11T16:00:00Z,52870.6
2026-07-11T17:00:00Z,51738.1
2026-07-11T18:00:00Z,49785.6
2026-07-11T19:00:00Z,47267.6
2026-07-11T20:00:00Z,44242.7
2026-07-11T21:00:00Z,42458.9
2026-07-11T22:00:00Z,38706.8
2026-07-11T23:00:00Z,39125.1
2026-07-12T00:00:00Z,39312.3
2026-07-12T01:00:00Z,40349.1
2026-07-12T02:00:00Z,41321.4
2026-07-12T03:00:00Z,42404.4
2026-07-12T04:00:00Z,44513.0
2026-07-12T05:00:00Z,48591.4
2026-07-12T06:00:00Z,48589.8
2026-07-12T07:00:00Z,51839.4
2026-07-12T08:00:00Z,53726.6
2026-07-12T09:00:00Z,55549.2
2026-07-12T10:00:00Z,57348.7
2026-07-12T11:00:00Z,58692.9
2026-07-12T12:00:00Z,58290.9
2026-07-12T13:00:00Z,60099.0
2026-07-12T14:00:00Z,57471.0
2026-07-12T15:00:00Z,55945.2
2026-07-12T16:00:00Z,55370.7
2026-07-12T17:00:00Z,53037.2
2026-07-12T18:00:00Z,50362.3
2026-07-12T19:00:00Z,47746.2
2026-07-12T20:00:00Z,42970.1
2026-07-12T21:00:00Z,42064.7
2026-07-12T22:00:00Z,40740.8
2026-07-12T23:00:00Z,39392.7
2026-07-13T00:00:00Z,43766.4
2026-07-13T01:00:00Z,43660.2
2026-07-13T02:00:00Z,43124.3
2026-07-13T03:00:00Z,44227.6
2026-07-13T04:00:00Z,46049.1
2026-07-13T05:00:00Z,48630.3
2026-07-13T06:00:00Z,52267.8
2026-07-13T07:00:00Z,55135.9
2026-07-13T08:00:00Z,56486.0
2026-07-13T09:00:00Z,60171.6
2026-07-13T10:00:00Z,60289.1
2026-07-13T11:00:00Z,61758.5
2026-07-13T12:00:00Z,60819.4
2026-07-13T13:00:00Z,61186.2
2026-07-13T14:00:00Z,59414.6
2026-07-13T15:00:00Z,58963.0
2026-07-13T16:00:00Z,57612.8
2026-07-13T17:00:00Z,54473.7
2026-07-13T18:00:00Z,52035.8
2026-07-13T19:00:00Z,50624.9
2026-07-13T20:00:00Z,46993.4
2026-07-13T21:00:00Z,46262.8
2026-07-13T22:00:00Z,44092.9
2026-07-13T23:00:00Z,42339.5
2026-07-14T00:00:00Z,42034.0
2026-07-14T01:00:00Z,43241.3
2026-07-14T02:00:00Z,44797.5
2026-07-14T03:00:00Z,45396.1
2026-07-14T04:00:00Z,46493.7
2026-07-14T05:00:00Z,49435.7
2026-07-14T06:00:00Z,53124.0
2026-07-14T07:00:00Z,55109.3
2026-07-14T08:00:00Z,56978.6
2026-07-14T09:00:00Z,59099.5
2026-07-14T10:00:00Z,62310.4
2026-07-14T11:00:00Z,59484.0
2026-07-14T12:00:00Z,60926.0
2026-07-14T13:00:00Z,62529.7
2026-07-14T14:00:00Z,61220.8
2026-07-14T15:00:00Z,59497.4
2026-07-14T16:00:00Z,56499.7
2026-07-14T17:00:00Z,55598.2
2026-07-14T18:00:00Z,51716.0
2026-07-14T19:00:00Z,49399.3
2026-07-14T20:00:00Z,46815.7
2026-07-14T21:00:00Z,46018.9
2026-07-14T22:00:00Z,43028.3
2026-07-14T23:00:00Z,43526.8
2026-07-15T00:00:00Z,42489.0
2026-07-15T01:00:00Z,43816.0
2026-07-15T02:00:00Z,43862.8
2026-07-15T03:00:00Z,47098.3
2026-07-15T04:00:00Z,47503.8
2026-07-15T05:00:00Z,49970.4
2026-07-15T06:00:00Z,52109.8
2026-07-15T07:00:00Z,54567.5
2026-07-15T08:00:00Z,57301.9
2026-07-15T09:00:00Z,59470.1
2026-07-15T10:00:00Z,59565.1
2026-07-15T11:00:00Z,61236.5
2026-07-15T12:00:00Z,62237.5
2026-07-15T13:00:00Z,61196.3
2026-07-15T14:00:00Z,60829.2
2026-07-15T15:00:00Z,60015.7
2026-07-15T16:00:00Z,58081.8
2026-07-15T17:00:00Z,56037.9
2026-07-15T18:00:00Z,53009.2
2026-07-15T19:00:00Z,51196.1
2026-07-15T20:00:00Z,46427.5
2026-07-15T21:00:00Z,45241.0
2026-07-15T22:00:00Z,43435.3
2026-07-15T23:00:00Z,42783.2
2026-07-16T00:00:00Z,43739.1
2026-07-16T01:00:00Z,43396.2
2026-07-16T02:00:00Z,42838.6
2026-07-16T03:00:00Z,47485.9
2026-07-16T04:00:00Z,48670.5
2026-07-16T05:00:00Z,50319.9
2026-07-16T06:00:00Z,52355.7
2026-07-16T07:00:00Z,54463.4
2026-07-16T08:00:00Z,56642.9
2026-07-16T09:00:00Z,58580.6
2026-07-16T10:00:00Z,61628.7
2026-07-16T11:00:00Z,60764.8
2026-07-16T12:00:00Z,62860.1
2026-07-16T13:00:00Z,63048.8
2026-07-16T14:00:00Z,61014.2
2026-07-16T15:00:00Z,60528.5
2026-07-16T16:00:00Z,58130.6
2026-07-16T17:00:00Z,55247.5
2026-07-16T18:00:00Z,52737.4
2026-07-16T19:00:00Z,51674.3
2026-07-16T20:00:00Z,49430.3
2026-07-16T21:00:00Z,44947.8
2026-07-16T22:00:00Z,44553.4
2026-07-16T23:00:00Z,42191.9
2026-07-17T00:00:00Z,43044.3
2026-07-17T01:00:00Z,44717.7
2026-07-17T02:00:00Z,44819.7
2026-07-17T03:00:00Z,45598.9
2026-07-17T04:00:00Z,48801.3
2026-07-17T05:00:00Z,51066.2
2026-07-17T06:00:00Z,53487.7
2026-07-17T07:00:00Z,56259.5
2026-07-17T08:00:00Z,58007.5
2026-07-17T09:00:00Z,59987.1
2026-07-17T10:00:00Z,61721.5
2026-07-17T11:00:00Z,62796.4
2026-07-17T12:00:00Z,64592.5
2026-07-17T13:00:00Z,61381.9
2026-07-17T14:00:00Z,60521.0
2026-07-17T15:00:00Z,58999.9
2026-07-17T16:00:00Z,56266.6
2026-07-17T17:00:00Z,54622.3
2026-07-17T18:00:00Z,51969.5
2026-07-17T19:00:00Z,51052.6
2026-07-17T20:00:00Z,48893.0
2026-07-17T21:00:00Z,44976.7
2026-07-17T22:00:00Z,44486.8
2026-07-17T23:00:00Z,42524.2
2026-07-18T00:00:00Z,40223.7
2026-07-18T01:00:00Z,41312.7
2026-07-18T02:00:00Z,41878.9
2026-07-18T03:00:00Z,43429.8
2026-07-18T04:00:00Z,46756.0
2026-07-18T05:00:00Z,48303.7
2026-07-18T06:00:00Z,49800.1
2026-07-18T07:00:00Z,52228.5
2026-07-18T08:00:00Z,53999.1
2026-07-18T09:00:00Z,57094.3
2026-07-18T10:00:00Z,59821.2
2026-07-18T11:00:00Z,60572.3
2026-07-18T12:00:00Z,59805.8
2026-07-18T13:00:00Z,58801.0
2026-07-18T14:00:00Z,58291.9
2026-07-18T15:00:00Z,56006.4
2026-07-18T16:00:00Z,53145.5
2026-07-18T17:00:00Z,50817.1
2026-07-18T18:00:00Z,50507.4
2026-07-18T19:00:00Z,47268.2
2026-07-18T20:00:00Z,44307.7
2026-07-18T21:00:00Z,44212.2
2026-07-18T22:00:00Z,42666.3
2026-07-18T23:00:00Z,42230.8
2026-07-19T00:00:00Z,41023.5
2026-07-19T01:00:00Z,40752.9
2026-07-19T02:00:00Z,42865.8
2026-07-19T03:00:00Z,42905.7
2026-07-19T04:00:00Z,45485.1
2026-07-19T05:00:00Z,49045.4
2026-07-19T06:00:00Z,49673.2
2026-07-19T07:00:00Z,53152.0
2026-07-19T08:00:00Z,55087.1
2026-07-19T09:00:00Z,56360.8
2026-07-19T10:00:00Z,60322.3
2026-07-19T11:00:00Z,58879.7
2026-07-19T12:00:00Z,59625.0
2026-07-19T13:00:00Z,59783.1
2026-07-19T14:00:00Z,59789.4
2026-07-19T15:00:00Z,57721.0
2026-07-19T16:00:00Z,54781.1
2026-07-19T17:00:00Z,52398.0
2026-07-19T18:00:00Z,51193.4
2026-07-19T19:00:00Z,48053.4
2026-07-19T20:00:00Z,45664.4
2026-07-19T21:00:00Z,43840.1
2026-07-19T22:00:00Z,42532.0
2026-07-19T23:00:00Z,41130.5
2026-07-20T00:00:00Z,44905.6
2026-07-20T01:00:00Z,45879.5
2026-07-20T02:00:00Z,44474.4
2026-07-20T03:00:00Z,46403.8
2026-07-20T04:00:00Z,49343.4
2026-07-20T05:00:00Z,51341.0
2026-07-20T06:00:00Z,53127.5
2026-07-20T07:00:00Z,55277.1
2026-07-20T08:00:00Z,57789.0
2026-07-20T09:00:00Z,60867.5
2026-07-20T10:00:00Z,62557.6
2026-07-20T11:00:00Z,62046.9
2026-07-20T12:00:00Z,63355.8
2026-07-20T13:00:00Z,61882.8
2026-07-20T14:00:00Z,62827.8
2026-07-20T15:00:00Z,60025.1
2026-07-20T16:00:00Z,57882.1
2026-07-20T17:00:00Z,55200.1
2026-07-20T18:00:00Z,53982.3
2026-07-20T19:00:00Z,51820.9
2026-07-20T20:00:00Z,47608.3
2026-07-20T21:00:00Z,47647.0
2026-07-20T22:00:00Z,44554.5
2026-07-20T23:00:00Z,43922.4
2026-07-21T00:00:00Z,43507.5
2026-07-21T01:00:00Z,45250.5
2026-07-21T02:00:00Z,46969.8
2026-07-21T03:00:00Z,46371.3
2026-07-21T04:00:00Z,49756.6
2026-07-21T05:00:00Z,51048.4
2026-07-21T06:00:00Z,55145.5
2026-07-21T07:00:00Z,56456.4
2026-07-21T08:00:00Z,58125.2
2026-07-21T09:00:00Z,61840.5
2026-07-21T10:00:00Z,62244.7
2026-07-21T11:00:00Z,63376.3
2026-07-21T12:00:00Z,64145.8
2026-07-21T13:00:00Z,62731.4
2026-07-21T14:00:00Z,62398.5
2026-07-21T15:00:00Z,60933.1
2026-07-21T16:00:00Z,58897.9
2026-07-21T17:00:00Z,54840.4
2026-07-21T18:00:00Z,53750.6
2026-07-21T19:00:00Z,51983.2
2026-07-21T20:00:00Z,49640.8
2026-07-21T21:00:00Z,46618.3
2026-07-21T22:00:00Z,45533.3
2026-07-21T23:00:00Z,44017.0
2026-07-22T00:00:00Z,43884.6
2026-07-22T01:00:00Z,43688.6
2026-07-22T02:00:00Z,45758.9
2026-07-22T03:00:00Z,47784.9
2026-07-22T04:00:00Z,49318.2
2026-07-22T05:00:00Z,52101.3
2026-07-22T06:00:00Z,54121.1
2026-07-22T07:00:00Z,56740.3
2026-07-22T08:00:00Z,58861.6
2026-07-22T09:00:00Z,60950.7
2026-07-22T10:00:00Z,61426.1
2026-07-22T11:00:00Z,63068.0
2026-07-22T12:00:00Z,62748.1
2026-07-22T13:00:00Z,62325.7
2026-07-22T14:00:00Z,63848.7
2026-07-22T15:00:00Z,60121.3
2026-07-22T16:00:00Z,57927.1
2026-07-22T17:00:00Z,53406.7
2026-07-22T18:00:00Z,53868.1
2026-07-22T19:00:00Z,51478.6
2026-07-22T20:00:00Z,47454.4
2026-07-22T21:00:00Z,46985.6
2026-07-22T22:00:00Z,46056.4
2026-07-22T23:00:00Z,43779.1
2026-07-23T00:00:00Z,45294.2
2026-07-23T01:00:00Z,44784.7
2026-07-23T02:00:00Z,46224.5
2026-07-23T03:00:00Z,46692.6
2026-07-23T04:00:00Z,49432.9
2026-07-23T05:00:00Z,52111.6
2026-07-23T06:00:00Z,54792.4
2026-07-23T07:00:00Z,56168.1
2026-07-23T08:00:00Z,58544.5
2026-07-23T09:00:00Z,61901.9
2026-07-23T10:00:00Z,62016.0
2026-07-23T11:00:00Z,62996.3
2026-07-23T12:00:00Z,63734.5
2026-07-23T13:00:00Z,62614.1
2026-07-23T14:00:00Z,63360.2
2026-07-23T15:00:00Z,59725.7
2026-07-23T16:00:00Z,58378.1
2026-07-23T17:00:00Z,57052.9
2026-07-23T18:00:00Z,54123.5
2026-07-23T19:00:00Z,50823.1
2026-07-23T20:00:00Z,49893.5
2026-07-23T21:00:00Z,47713.3
2026-07-23T22:00:00Z,45944.9
2026-07-23T23:00:00Z,44168.8
2026-07-24T00:00:00Z,45028.6
2026-07-24T01:00:00Z,43486.3
2026-07-24T02:00:00Z,46736.7
2026-07-24T03:00:00Z,48101.4
2026-07-24T04:00:00Z,48109.5
2026-07-24T05:00:00Z,50672.8
2026-07-24T06:00:00Z,53591.8
2026-07-24T07:00:00Z,56768.3
2026-07-24T08:00:00Z,60426.7
2026-07-24T09:00:00Z,60926.2
2026-07-24T10:00:00Z,63681.4
2026-07-24T11:00:00Z,64022.5
2026-07-24T12:00:00Z,63895.8
2026-07-24T13:00:00Z,62830.1
2026-07-24T14:00:00Z,63455.4
2026-07-24T15:00:00Z,61576.7
2026-07-24T16:00:00Z,58045.4
2026-07-24T17:00:00Z,56287.8
2026-07-24T18:00:00Z,55343.8
2026-07-24T19:00:00Z,51227.4
2026-07-24T20:00:00Z,50323.8
2026-07-24T21:00:00Z,47856.1
2026-07-24T22:00:00Z,46371.7
2026-07-24T23:00:00Z,44820.7
2026-07-25T00:00:00Z,42338.5
2026-07-25T01:00:00Z,43645.2
2026-07-25T02:00:00Z,44141.4
2026-07-25T03:00:00Z,42807.0
2026-07-25T04:00:00Z,46399.6
2026-07-25T05:00:00Z,50314.7
2026-07-25T06:00:00Z,50829.8
2026-07-25T07:00:00Z,54005.1
2026-07-25T08:00:00Z,56052.0
2026-07-25T09:00:00Z,59692.4
2026-07-25T10:00:00Z,59391.9
2026-07-25T11:00:00Z,61658.6
2026-07-25T12:00:00Z,61952.9
2026-07-25T13:00:00Z,62599.9
2026-07-25T14:00:00Z,60689.8
2026-07-25T15:00:00Z,58839.0
2026-07-25T16:00:00Z,57002.2
2026-07-25T17:00:00Z,54378.9
2026-07-25T18:00:00Z,51836.1
2026-07-25T19:00:00Z,50156.1
2026-07-25T20:00:00Z,45533.3
2026-07-25T21:00:00Z,44196.8
2026-07-25T22:00:00Z,43922.1
2026-07-25T23:00:00Z,43882.3
2026-07-26T00:00:00Z,42578.6
2026-07-26T01:00:00Z,42527.7
2026-07-26T02:00:00Z,43542.4
2026-07-26T03:00:00Z,44187.6
2026-07-26T04:00:00Z,47553.5
2026-07-26T05:00:00Z,50491.6
2026-07-26T06:00:00Z,52713.7
2026-07-26T07:00:00Z,55021.8
2026-07-26T08:00:00Z,57891.5
2026-07-26T09:00:00Z,58782.0
2026-07-26T10:00:00Z,60906.1
2026-07-26T11:00:00Z,61504.7
2026-07-26T12:00:00Z,60962.3
2026-07-26T13:00:00Z,61183.9
2026-07-26T14:00:00Z,60402.5
2026-07-26T15:00:00Z,60127.5
2026-07-26T16:00:00Z,57163.1
2026-07-26T17:00:00Z,54742.0
2026-07-26T18:00:00Z,53255.5
2026-07-26T19:00:00Z,48433.4
2026-07-26T20:00:00Z,46058.1
2026-07-26T21:00:00Z,45312.2
2026-07-26T22:00:00Z,44199.7
2026-07-26T23:00:00Z,43082.3
2026-07-27T00:00:00Z,45809.4
2026-07-27T01:00:00Z,46005.4
2026-07-27T02:00:00Z,44774.1
2026-07-27T03:00:00Z,48123.0
2026-07-27T04:00:00Z,49370.4
2026-07-27T05:00:00Z,53187.7
2026-07-27T06:00:00Z,55623.2
2026-07-27T07:00:00Z,56629.5
2026-07-27T08:00:00Z,59470.8
2026-07-27T09:00:00Z,60937.8
2026-07-27T10:00:00Z,64696.4
2026-07-27T11:00:00Z,64617.8
2026-07-27T12:00:00Z,65817.8
2026-07-27T13:00:00Z,65145.9
2026-07-27T14:00:00Z,63275.4
2026-07-27T15:00:00Z,61998.2
2026-07-27T16:00:00Z,58839.1
2026-07-27T17:00:00Z,57460.3
2026-07-27T18:00:00Z,54801.2
2026-07-27T19:00:00Z,51813.1
2026-07-27T20:00:00Z,48858.8
2026-07-27T21:00:00Z,48577.4
2026-07-27T22:00:00Z,45915.5
2026-07-27T23:00:00Z,43022.8
2026-07-28T00:00:00Z,45265.7
2026-07-28T01:00:00Z,46756.7
2026-07-28T02:00:00Z,47701.8
2026-07-28T03:00:00Z,48670.1
2026-07-28T04:00:00Z,49887.5
2026-07-28T05:00:00Z,52673.2
2026-07-28T06:00:00Z,55505.9
2026-07-28T07:00:00Z,56922.9
2026-07-28T08:00:00Z,59234.7
2026-07-28T09:00:00Z,61355.6
2026-07-28T10:00:00Z,63315.3
2026-07-28T11:00:00Z,64269.2
2026-07-28T12:00:00Z,64096.9
