timestamp,demand_mwh
2025-06-23T13:00:00Z,92084.7
2025-06-23T14:00:00Z,91017.7
2025-06-23T15:00:00Z,88463.7
2025-06-23T16:00:00Z,86595.6
2025-06-23T17:00:00Z,82161.2
2025-06-23T18:00:00Z,78609.8
2025-06-23T19:00:00Z,75502.6
2025-06-23T20:00:00Z,71758.1
2025-06-23T21:00:00Z,68028.2
2025-06-23T22:00:00Z,64343.9
2025-06-23T23:00:00Z,62389.3
2025-06-24T00:00:00Z,62076.9
2025-06-24T01:00:00Z,63221.1
2025-06-24T02:00:00Z,65160.5
2025-06-24T03:00:00Z,66443.0
2025-06-24T04:00:00Z,69464.2
2025-06-24T05:00:00Z,75101.0
2025-06-24T06:00:00Z,76334.4
2025-06-24T07:00:00Z,82551.4
2025-06-24T08:00:00Z,87099.4
2025-06-24T09:00:00Z,88496.2
2025-06-24T10:00:00Z,90810.4
2025-06-24T11:00:00Z,92827.6
2025-06-24T12:00:00Z,95191.3
2025-06-24T13:00:00Z,93648.0
2025-06-24T14:00:00Z,89826.4
2025-06-24T15:00:00Z,89227.1
2025-06-24T16:00:00Z,87864.2
2025-06-24T17:00:00Z,84061.0
2025-06-24T18:00:00Z,79561.9
2025-06-24T19:00:00Z,74393.8
2025-06-24T20:00:00Z,68540.2
2025-06-24T21:00:00Z,67928.0
2025-06-24T22:00:00Z,64998.5
2025-06-24T23:00:00Z,63768.2
2025-06-25T00:00:00Z,65441.9
2025-06-25T01:00:00Z,64206.8
2025-06-25T02:00:00Z,65886.3
2025-06-25T03:00:00Z,68793.9
2025-06-25T04:00:00Z,70905.5
2025-06-25T05:00:00Z,74139.0
2025-06-25T06:00:00Z,78083.2
2025-06-25T07:00:00Z,84078.7
2025-06-25T08:00:00Z,87501.3
2025-06-25T09:00:00Z,89440.6
2025-06-25T10:00:00Z,94056.4
2025-06-25T11:00:00Z,94356.1
2025-06-25T12:00:00Z,92905.2
2025-06-25T13:00:00Z,94904.3
2025-06-25T14:00:00Z,92375.9
2025-06-25T15:00:00Z,88349.2
2025-06-25T16:00:00Z,87515.5
2025-06-25T17:00:00Z,82632.8
2025-06-25T18:00:00Z,78531.9
2025-06-25T19:00:00Z,75770.2
2025-06-25T20:00:00Z,68387.8
2025-06-25T21:00:00Z,66345.9
2025-06-25T22:00:00Z,64974.8
2025-06-25T23:00:00Z,64291.9
2025-06-26T00:00:00Z,62873.0
2025-06-26T01:00:00Z,62973.5
2025-06-26T02:00:00Z,64460.1
2025-06-26T03:00:00Z,68156.3
2025-06-26T04:00:00Z,72418.8
2025-06-26T05:00:00Z,73419.1
2025-06-26T06:00:00Z,76638.4
2025-06-26T07:00:00Z,82996.4
2025-06-26T08:00:00Z,86650.2
2025-06-26T09:00:00Z,89197.0
2025-06-26T10:00:00Z,93654.8
2025-06-26T11:00:00Z,95464.7
2025-06-26T12:00:00Z,94216.3
2025-06-26T13:00:00Z,93970.3
2025-06-26T14:00:00Z,93600.5
2025-06-26T15:00:00Z,89820.9
2025-06-26T16:00:00Z,85322.2
2025-06-26T17:00:00Z,83295.2
2025-06-26T18:00:00Z,78168.0
2025-06-26T19:00:00Z,75727.9
2025-06-26T20:00:00Z,70884.0
2025-06-26T21:00:00Z,68062.9
2025-06-26T22:00:00Z,66504.3
2025-06-26T23:00:00Z,64107.4
2025-06-27T00:00:00Z,63217.4
2025-06-27T01:00:00Z,63264.8
2025-06-27T02:00:00Z,68371.0
2025-06-27T03:00:00Z,70052.0
2025-06-27T04:00:00Z,69889.5
2025-06-27T05:00:00Z,74240.2
2025-06-27T06:00:00Z,80407.5
2025-06-27T07:00:00Z,82922.0
2025-06-27T08:00:00Z,87470.7
2025-06-27T09:00:00Z,91741.7
2025-06-27T10:00:00Z,93330.7
2025-06-27T11:00:00Z,94554.2
2025-06-27T12:00:00Z,94638.1
2025-06-27T13:00:00Z,94609.9
2025-06-27T14:00:00Z,93666.1
2025-06-27T15:00:00Z,92939.2
2025-06-27T16:00:00Z,88836.0
2025-06-27T17:00:00Z,83427.7
2025-06-27T18:00:00Z,80840.0
2025-06-27T19:00:00Z,75761.2
2025-06-27T20:00:00Z,69918.4
2025-06-27T21:00:00Z,68474.2
2025-06-27T22:00:00Z,67426.4
2025-06-27T23:00:00Z,63798.2
2025-06-28T00:00:00Z,61230.3
2025-06-28T01:00:00Z,60146.0
2025-06-28T02:00:00Z,62138.3
2025-06-28T03:00:00Z,63034.9
2025-06-28T04:00:00Z,70508.4
2025-06-28T05:00:00Z,72169.7
2025-06-28T06:00:00Z,76930.6
2025-06-28T07:00:00Z,79069.5
2025-06-28T08:00:00Z,81518.9
2025-06-28T09:00:00Z,88229.9
2025-06-28T10:00:00Z,88208.5
2025-06-28T11:00:00Z,92841.9
2025-06-28T12:00:00Z,91002.6
2025-06-28T13:00:00Z,92806.1
2025-06-28T14:00:00Z,88186.2
2025-06-28T15:00:00Z,84360.1
2025-06-28T16:00:00Z,84330.0
2025-06-28T17:00:00Z,79569.7
2025-06-28T18:00:00Z,75615.6
2025-06-28T19:00:00Z,72943.8
2025-06-28T20:00:00Z,66668.8
2025-06-28T21:00:00Z,62900.3
2025-06-28T22:00:00Z,60584.3
2025-06-28T23:00:00Z,58357.2
2025-06-29T00:00:00Z,57969.1
2025-06-29T01:00:00Z,59181.5
2025-06-29T02:00:00Z,61145.3
2025-06-29T03:00:00Z,64295.2
2025-06-29T04:00:00Z,66544.9
2025-06-29T05:00:00Z,71693.4
2025-06-29T06:00:00Z,76878.2
2025-06-29T07:00:00Z,79638.9
2025-06-29T08:00:00Z,84223.9
2025-06-29T09:00:00Z,85717.3
2025-06-29T10:00:00Z,89750.8
2025-06-29T11:00:00Z,91527.0
2025-06-29T12:00:00Z,90599.2
2025-06-29T13:00:00Z,88900.8
2025-06-29T14:00:00Z,89074.2
2025-06-29T15:00:00Z,86809.3
2025-06-29T16:00:00Z,85423.4
2025-06-29T17:00:00Z,79260.7
2025-06-29T18:00:00Z,77859.9
2025-06-29T19:00:00Z,68583.8
2025-06-29T20:00:00Z,67517.0
2025-06-29T21:00:00Z,64037.9
2025-06-29T22:00:00Z,61690.6
2025-06-29T23:00:00Z,59933.4
2025-06-30T00:00:00Z,64663.9
2025-06-30T01:00:00Z,67369.8
2025-06-30T02:00:00Z,66614.9
2025-06-30T03:00:00Z,70822.0
2025-06-30T04:00:00Z,72396.6
2025-06-30T05:00:00Z,76422.0
2025-06-30T06:00:00Z,77264.4
2025-06-30T07:00:00Z,84470.5
2025-06-30T08:00:00Z,88900.7
2025-06-30T09:00:00Z,89890.5
2025-06-30T10:00:00Z,93046.6
2025-06-30T11:00:00Z,94291.6
2025-06-30T12:00:00Z,98642.9
2025-06-30T13:00:00Z,94125.9
2025-06-30T14:00:00Z,92899.4
2025-06-30T15:00:00Z,87858.8
2025-06-30T16:00:00Z,86082.8
2025-06-30T17:00:00Z,84609.3
2025-06-30T18:00:00Z,78661.6
2025-06-30T19:00:00Z,72717.0
2025-06-30T20:00:00Z,72121.6
2025-06-30T21:00:00Z,69392.0
2025-06-30T22:00:00Z,67121.8
2025-06-30T23:00:00Z,65692.0
2025-07-01T00:00:00Z,64218.4
2025-07-01T01:00:00Z,69124.5
2025-07-01T02:00:00Z,66375.0
2025-07-01T03:00:00Z,70135.7
2025-07-01T04:00:00Z,71170.7
2025-07-01T05:00:00Z,75767.0
2025-07-01T06:00:00Z,78644.2
2025-07-01T07:00:00Z,84918.9
2025-07-01T08:00:00Z,87894.7
2025-07-01T09:00:00Z,90353.1
2025-07-01T10:00:00Z,91549.1
2025-07-01T11:00:00Z,96388.0
2025-07-01T12:00:00Z,97264.1
2025-07-01T13:00:00Z,96756.9
2025-07-01T14:00:00Z,94015.7
2025-07-01T15:00:00Z,92541.1
2025-07-01T16:00:00Z,89593.3
2025-07-01T17:00:00Z,85318.8
2025-07-01T18:00:00Z,82470.2
2025-07-01T19:00:00Z,76388.3
2025-07-01T20:00:00Z,73102.1
2025-07-01T21:00:00Z,67659.9
2025-07-01T22:00:00Z,69823.9
2025-07-01T23:00:00Z,64622.1
2025-07-02T00:00:00Z,65791.9
2025-07-02T01:00:00Z,66722.9
2025-07-02T02:00:00Z,66433.6
2025-07-02T03:00:00Z,69908.4
2025-07-02T04:00:00Z,74085.6
2025-07-02T05:00:00Z,76849.3
2025-07-02T06:00:00Z,80623.4
2025-07-02T07:00:00Z,84648.4
2025-07-02T08:00:00Z,87911.5
2025-07-02T09:00:00Z,91841.6
2025-07-02T10:00:00Z,95014.2
2025-07-02T11:00:00Z,96691.1
2025-07-02T12:00:00Z,98047.5
2025-07-02T13:00:00Z,96180.5
2025-07-02T14:00:00Z,93899.5
2025-07-02T15:00:00Z,93164.7
2025-07-02T16:00:00Z,89303.2
2025-07-02T17:00:00Z,86381.3
2025-07-02T18:00:00Z,81298.4
2025-07-02T19:00:00Z,77707.7
2025-07-02T20:00:00Z,73764.9
2025-07-02T21:00:00Z,70970.1
2025-07-02T22:00:00Z,66299.8
2025-07-02T23:00:00Z,65861.0
2025-07-03T00:00:00Z,66012.0
2025-07-03T01:00:00Z,68520.0
2025-07-03T02:00:00Z,67781.5
2025-07-03T03:00:00Z,70945.2
2025-07-03T04:00:00Z,73358.4
2025-07-03T05:00:00Z,74697.6
2025-07-03T06:00:00Z,82992.9
2025-07-03T07:00:00Z,86302.0
2025-07-03T08:00:00Z,90799.7
2025-07-03T09:00:00Z,90677.6
2025-07-03T10:00:00Z,95271.2
2025-07-03T11:00:00Z,96692.1
2025-07-03T12:00:00Z,94983.6
2025-07-03T13:00:00Z,97066.3
2025-07-03T14:00:00Z,94126.4
2025-07-03T15:00:00Z,93059.9
2025-07-03T16:00:00Z,87059.9
2025-07-03T17:00:00Z,84298.2
2025-07-03T18:00:00Z,80480.8
2025-07-03T19:00:00Z,75392.7
2025-07-03T20:00:00Z,73661.6
2025-07-03T21:00:00Z,72042.7
2025-07-03T22:00:00Z,67853.4
2025-07-03T23:00:00Z,67130.1
2025-07-04T00:00:00Z,67998.5
2025-07-04T01:00:00Z,67350.3
2025-07-04T02:00:00Z,67717.4
2025-07-04T03:00:00Z,68209.0
2025-07-04T04:00:00Z,74363.1
2025-07-04T05:00:00Z,77253.0
2025-07-04T06:00:00Z,81126.2
2025-07-04T07:00:00Z,86690.4
2025-07-04T08:00:00Z,90224.2
2025-07-04T09:00:00Z,90732.7
2025-07-04T10:00:00Z,95544.8
2025-07-04T11:00:00Z,96375.2
2025-07-04T12:00:00Z,98424.8
2025-07-04T13:00:00Z,96766.1
2025-07-04T14:00:00Z,96427.1
2025-07-04T15:00:00Z,91901.7
2025-07-04T16:00:00Z,89009.8
2025-07-04T17:00:00Z,85061.0
2025-07-04T18:00:00Z,81486.6
2025-07-04T19:00:00Z,77370.0
2025-07-04T20:00:00Z,75450.4
2025-07-04T21:00:00Z,69419.6
2025-07-04T22:00:00Z,68314.0
2025-07-04T23:00:00Z,65142.8
2025-07-05T00:00:00Z,60239.5
2025-07-05T01:00:00Z,61863.4
2025-07-05T02:00:00Z,62246.5
2025-07-05T03:00:00Z,66894.5
2025-07-05T04:00:00Z,68956.4
2025-07-05T05:00:00Z,72978.0
2025-07-05T06:00:00Z,78286.9
2025-07-05T07:00:00Z,83747.3
2025-07-05T08:00:00Z,84823.6
2025-07-05T09:00:00Z,86218.4
2025-07-05T10:00:00Z,90708.8
2025-07-05T11:00:00Z,92774.3
2025-07-05T12:00:00Z,94778.8
2025-07-05T13:00:00Z,92731.9
2025-07-05T14:00:00Z,90091.3
2025-07-05T15:00:00Z,89943.8
2025-07-05T16:00:00Z,86921.7
2025-07-05T17:00:00Z,81517.5
2025-07-05T18:00:00Z,78100.1
2025-07-05T19:00:00Z,74156.6
2025-07-05T20:00:00Z,73264.7
2025-07-05T21:00:00Z,65930.0
2025-07-05T22:00:00Z,63694.4
2025-07-05T23:00:00Z,62543.7
2025-07-06T00:00:00Z,63388.3
2025-07-06T01:00:00Z,62611.6
2025-07-06T02:00:00Z,65217.8
2025-07-06T03:00:00Z,68199.3
2025-07-06T04:00:00Z,72820.4
2025-07-06T05:00:00Z,73840.1
2025-07-06T06:00:00Z,77679.7
2025-07-06T07:00:00Z,81692.6
2025-07-06T08:00:00Z,83494.6
2025-07-06T09:00:00Z,87599.6
2025-07-06T10:00:00Z,91793.8
2025-07-06T11:00:00Z,93355.2
2025-07-06T12:00:00Z,97028.2
2025-07-06T13:00:00Z,94758.8
2025-07-06T14:00:00Z,92598.0
2025-07-06T15:00:00Z,91017.4
2025-07-06T16:00:00Z,85054.9
2025-07-06T17:00:00Z,81394.9
2025-07-06T18:00:00Z,77122.7
2025-07-06T19:00:00Z,73842.2
2025-07-06T20:00:00Z,73062.0
2025-07-06T21:00:00Z,66714.2
2025-07-06T22:00:00Z,63745.8
2025-07-06T23:00:00Z,63070.9
2025-07-07T00:00:00Z,68221.9
2025-07-07T01:00:00Z,68293.8
2025-07-07T02:00:00Z,70339.1
2025-07-07T03:00:00Z,70164.7
2025-07-07T04:00:00Z,73835.1
2025-07-07T05:00:00Z,78419.6
2025-07-07T06:00:00Z,82879.3
2025-07-07T07:00:00Z,88558.6
2025-07-07T08:00:00Z,88928.4
2025-07-07T09:00:00Z,94627.0
2025-07-07T10:00:00Z,95981.5
2025-07-07T11:00:00Z,98630.1
2025-07-07T12:00:00Z,97524.6
2025-07-07T13:00:00Z,96040.7
2025-07-07T14:00:00Z,97807.5
2025-07-07T15:00:00Z,94178.4
2025-07-07T16:00:00Z,88062.2
2025-07-07T17:00:00Z,87706.9
2025-07-07T18:00:00Z,81467.7
2025-07-07T19:00:00Z,78591.9
2025-07-07T20:00:00Z,74942.1
2025-07-07T21:00:00Z,69989.8
2025-07-07T22:00:00Z,70681.9
2025-07-07T23:00:00Z,67013.5
2025-07-08T00:00:00Z,69582.8
2025-07-08T01:00:00Z,68637.8
2025-07-08T02:00:00Z,70234.9
2025-07-08T03:00:00Z,72398.0
2025-07-08T04:00:00Z,77832.0
2025-07-08T05:00:00Z,77726.1
2025-07-08T06:00:00Z,82079.0
2025-07-08T07:00:00Z,86273.0
2025-07-08T08:00:00Z,92379.9
2025-07-08T09:00:00Z,95484.4
2025-07-08T10:00:00Z,96717.6
2025-07-08T11:00:00Z,98512.4
2025-07-08T12:00:00Z,96567.2
2025-07-08T13:00:00Z,100089.0
2025-07-08T14:00:00Z,96322.2
2025-07-08T15:00:00Z,94286.0
2025-07-08T16:00:00Z,90507.5
2025-07-08T17:00:00Z,87981.6
2025-07-08T18:00:00Z,82817.9
2025-07-08T19:00:00Z,79213.9
2025-07-08T20:00:00Z,75410.5
2025-07-08T21:00:00Z,71405.5
2025-07-08T22:00:00Z,68791.9
2025-07-08T23:00:00Z,68536.0
2025-07-09T00:00:00Z,68315.8
2025-07-09T01:00:00Z,69304.3
2025-07-09T02:00:00Z,71791.8
2025-07-09T03:00:00Z,70789.9
2025-07-09T04:00:00Z,73235.6
2025-07-09T05:00:00Z,78861.9
2025-07-09T06:00:00Z,85077.4
2025-07-09T07:00:00Z,87408.5
2025-07-09T08:00:00Z,88868.9
2025-07-09T09:00:00Z,96529.7
2025-07-09T10:00:00Z,97593.8
2025-07-09T11:00:00Z,96562.3
2025-07-09T12:00:00Z,97955.9
2025-07-09T13:00:00Z,98631.1
2025-07-09T14:00:00Z,96223.6
2025-07-09T15:00:00Z,94288.2
2025-07-09T16:00:00Z,91904.2
2025-07-09T17:00:00Z,87474.7
2025-07-09T18:00:00Z,85235.5
2025-07-09T19:00:00Z,79141.9
2025-07-09T20:00:00Z,77561.3
2025-07-09T21:00:00Z,71635.2
2025-07-09T22:00:00Z,68399.3
2025-07-09T23:00:00Z,65634.8
2025-07-10T00:00:00Z,67021.0
2025-07-10T01:00:00Z,68797.7
2025-07-10T02:00:00Z,71480.3
2025-07-10T03:00:00Z,68259.9
2025-07-10T04:00:00Z,75895.0
2025-07-10T05:00:00Z,78449.7
2025-07-10T06:00:00Z,84668.4
2025-07-10T07:00:00Z,87123.0
2025-07-10T08:00:00Z,91942.0
2025-07-10T09:00:00Z,97124.7
2025-07-10T10:00:00Z,97407.7
2025-07-10T11:00:00Z,98603.7
2025-07-10T12:00:00Z,100628.6
2025-07-10T13:00:00Z,99202.4
2025-07-10T14:00:00Z,97003.0
2025-07-10T15:00:00Z,92701.1
2025-07-10T16:00:00Z,91089.9
2025-07-10T17:00:00Z,85625.6
2025-07-10T18:00:00Z,84006.0
2025-07-10T19:00:00Z,80447.0
2025-07-10T20:00:00Z,76019.2
2025-07-10T21:00:00Z,75094.7
2025-07-10T22:00:00Z,68747.1
2025-07-10T23:00:00Z,69196.2
2025-07-11T00:00:00Z,68508.6
2025-07-11T01:00:00Z,67462.1
2025-07-11T02:00:00Z,71195.2
2025-07-11T03:00:00Z,74100.2
2025-07-11T04:00:00Z,77712.4
2025-07-11T05:00:00Z,79807.2
2025-07-11T06:00:00Z,84887.2
2025-07-11T07:00:00Z,87248.5
2025-07-11T08:00:00Z,93792.8
2025-07-11T09:00:00Z,97423.6
2025-07-11T10:00:00Z,97787.7
2025-07-11T11:00:00Z,99439.5
2025-07-11T12:00:00Z,98302.3
2025-07-11T13:00:00Z,99180.2
2025-07-11T14:00:00Z,97115.7
2025-07-11T15:00:00Z,95407.9
2025-07-11T16:00:00Z,90061.3
2025-07-11T17:00:00Z,90410.8
2025-07-11T18:00:00Z,84327.6
2025-07-11T19:00:00Z,81446.6
2025-07-11T20:00:00Z,76920.8
2025-07-11T21:00:00Z,72678.4
2025-07-11T22:00:00Z,73058.2
2025-07-11T23:00:00Z,70456.8
2025-07-12T00:00:00Z,62552.2
2025-07-12T01:00:00Z,64976.7
2025-07-12T02:00:00Z,66264.4
2025-07-12T03:00:00Z,68007.1
2025-07-12T04:00:00Z,75072.5
2025-07-12T05:00:00Z,74463.4
2025-07-12T06:00:00Z,82051.0
2025-07-12T07:00:00Z,81897.1
2025-07-12T08:00:00Z,89656.5
2025-07-12T09:00:00Z,90434.4
2025-07-12T10:00:00Z,90693.4
2025-07-12T11:00:00Z,95511.1
2025-07-12T12:00:00Z,96313.7
2025-07-12T13:00:00Z,93983.7
2025-07-12T14:00:00Z,95003.9
2025-07-12T15:00:00Z,88945.4
2025-07-12T16:00:00Z,89352.7
2025-07-12T17:00:00Z,84892.0
2025-07-12T18:00:00Z,82412.1
2025-07-12T19:00:00Z,75540.1
2025-07-12T20:00:00Z,73432.2
2025-07-12T21:00:00Z,68306.5
2025-07-12T22:00:00Z,67647.1
2025-07-12T23:00:00Z,65346.2
2025-07-13T00:00:00Z,65859.1
2025-07-13T01:00:00Z,63694.2
2025-07-13T02:00:00Z,67547.3
2025-07-13T03:00:00Z,69872.0
2025-07-13T04:00:00Z,74575.7
2025-07-13T05:00:00Z,75953.2
2025-07-13T06:00:00Z,80195.8
2025-07-13T07:00:00Z,85304.1
2025-07-13T08:00:00Z,88915.7
2025-07-13T09:00:00Z,88201.6
2025-07-13T10:00:00Z,93579.7
2025-07-13T11:00:00Z,96613.7
2025-07-13T12:00:00Z,95573.8
2025-07-13T13:00:00Z,93099.3
2025-07-13T14:00:00Z,93488.8
2025-07-13T15:00:00Z,91421.7
2025-07-13T16:00:00Z,86971.1
2025-07-13T17:00:00Z,84558.5
2025-07-13T18:00:00Z,78989.0
2025-07-13T19:00:00Z,76117.5
2025-07-13T20:00:00Z,72707.9
2025-07-13T21:00:00Z,71666.6
2025-07-13T22:00:00Z,67344.5
2025-07-13T23:00:00Z,66974.1
2025-07-14T00:00:00Z,69740.4
2025-07-14T01:00:00Z,68519.3
2025-07-14T02:00:00Z,70052.4
2025-07-14T03:00:00Z,75049.2
2025-07-14T04:00:00Z,75187.1
2025-07-14T05:00:00Z,78957.6
2025-07-14T06:00:00Z,86228.1
2025-07-14T07:00:00Z,88041.9
2025-07-14T08:00:00Z,91371.8
2025-07-14T09:00:00Z,98224.8
2025-07-14T10:00:00Z,97441.5
2025-07-14T11:00:00Z,100917.7
2025-07-14T12:00:00Z,100615.0
2025-07-14T13:00:00Z,100299.2
2025-07-14T14:00:00Z,98624.2
2025-07-14T15:00:00Z,97390.5
2025-07-14T16:00:00Z,94770.4
2025-07-14T17:00:00Z,87883.4
2025-07-14T18:00:00Z,87024.9
2025-07-14T19:00:00Z,80731.6
2025-07-14T20:00:00Z,77026.1
2025-07-14T21:00:00Z,74899.1
2025-07-14T22:00:00Z,70831.5
2025-07-14T23:00:00Z,68779.8
2025-07-15T00:00:00Z,71727.5
2025-07-15T01:00:00Z,69555.1
2025-07-15T02:00:00Z,69121.2
2025-07-15T03:00:00Z,70085.9
2025-07-15T04:00:00Z,77986.3
2025-07-15T05:00:00Z,81140.7
2025-07-15T06:00:00Z,87608.2
2025-07-15T07:00:00Z,87902.9
2025-07-15T08:00:00Z,91608.1
2025-07-15T09:00:00Z,96454.6
2025-07-15T10:00:00Z,100616.6
2025-07-15T11:00:00Z,102273.7
2025-07-15T12:00:00Z,101028.4
2025-07-15T13:00:00Z,99620.9
2025-07-15T14:00:00Z,99069.6
2025-07-15T15:00:00Z,98383.7
2025-07-15T16:00:00Z,93083.3
2025-07-15T17:00:00Z,88845.5
2025-07-15T18:00:00Z,85963.1
2025-07-15T19:00:00Z,81607.0
2025-07-15T20:00:00Z,77730.6
2025-07-15T21:00:00Z,77040.4
2025-07-15T22:00:00Z,72741.5
2025-07-15T23:00:00Z,70471.2
2025-07-16T00:00:00Z,69666.8
2025-07-16T01:00:00Z,70303.1
2025-07-16T02:00:00Z,72867.1
2025-07-16T03:00:00Z,75629.2
2025-07-16T04:00:00Z,77110.8
2025-07-16T05:00:00Z,81013.8
2025-07-16T06:00:00Z,85380.2
2025-07-16T07:00:00Z,88559.7
2025-07-16T08:00:00Z,94948.9
2025-07-16T09:00:00Z,95605.8
2025-07-16T10:00:00Z,99445.6
2025-07-16T11:00:00Z,102080.2
2025-07-16T12:00:00Z,100068.3
2025-07-16T13:00:00Z,99705.8
2025-07-16T14:00:00Z,99066.6
2025-07-16T15:00:00Z,97420.0
2025-07-16T16:00:00Z,93774.4
2025-07-16T17:00:00Z,89840.3
2025-07-16T18:00:00Z,87351.1
2025-07-16T19:00:00Z,80958.2
2025-07-16T20:00:00Z,77057.5
2025-07-16T21:00:00Z,75542.1
2025-07-16T22:00:00Z,72373.4
2025-07-16T23:00:00Z,71885.6
2025-07-17T00:00:00Z,71857.5
2025-07-17T01:00:00Z,69575.3
2025-07-17T02:00:00Z,69851.8
2025-07-17T03:00:00Z,75747.2
2025-07-17T04:00:00Z,78205.9
2025-07-17T05:00:00Z,82390.2
2025-07-17T06:00:00Z,84899.7
2025-07-17T07:00:00Z,91137.7
2025-07-17T08:00:00Z,93574.5
2025-07-17T09:00:00Z,97812.6
2025-07-17T10:00:00Z,100758.6
2025-07-17T11:00:00Z,101283.3
2025-07-17T12:00:00Z,101557.4
2025-07-17T13:00:00Z,100248.8
2025-07-17T14:00:00Z,103059.5
2025-07-17T15:00:00Z,95337.5
2025-07-17T16:00:00Z,94782.2
2025-07-17T17:00:00Z,88163.2
2025-07-17T18:00:00Z,85002.5
2025-07-17T19:00:00Z,83845.1
2025-07-17T20:00:00Z,77317.7
2025-07-17T21:00:00Z,76401.5
2025-07-17T22:00:00Z,72056.4
2025-07-17T23:00:00Z,72126.4
2025-07-18T00:00:00Z,68957.3
2025-07-18T01:00:00Z,69848.7
2025-07-18T02:00:00Z,74757.6
2025-07-18T03:00:00Z,75781.3
2025-07-18T04:00:00Z,77241.3
2025-07-18T05:00:00Z,81717.6
2025-07-18T06:00:00Z,82780.3
2025-07-18T07:00:00Z,89996.7
2025-07-18T08:00:00Z,92455.1
2025-07-18T09:00:00Z,96148.0
2025-07-18T10:00:00Z,101823.5
2025-07-18T11:00:00Z,100728.4
2025-07-18T12:00:00Z,101155.2
2025-07-18T13:00:00Z,99991.4
2025-07-18T14:00:00Z,100736.6
2025-07-18T15:00:00Z,98101.0
2025-07-18T16:00:00Z,93062.5
2025-07-18T17:00:00Z,88238.1
2025-07-18T18:00:00Z,86071.2
2025-07-18T19:00:00Z,82469.0
2025-07-18T20:00:00Z,75968.1
2025-07-18T21:00:00Z,76787.8
2025-07-18T22:00:00Z,71641.0
2025-07-18T23:00:00Z,71389.2
2025-07-19T00:00:00Z,65710.1
2025-07-19T01:00:00Z,66261.0
2025-07-19T02:00:00Z,70012.7
2025-07-19T03:00:00Z,71411.9
2025-07-19T04:00:00Z,72555.8
2025-07-19T05:00:00Z,78728.9
2025-07-19T06:00:00Z,83392.6
2025-07-19T07:00:00Z,86140.6
2025-07-19T08:00:00Z,91520.8
2025-07-19T09:00:00Z,92158.0
2025-07-19T10:00:00Z,97068.0
2025-07-19T11:00:00Z,97680.5
2025-07-19T12:00:00Z,98144.2
2025-07-19T13:00:00Z,99174.1
2025-07-19T14:00:00Z,96743.5
2025-07-19T15:00:00Z,92950.1
2025-07-19T16:00:00Z,90782.8
2025-07-19T17:00:00Z,85487.7
2025-07-19T18:00:00Z,82981.9
2025-07-19T19:00:00Z,79989.5
2025-07-19T20:00:00Z,76096.1
2025-07-19T21:00:00Z,70376.2
2025-07-19T22:00:00Z,68500.9
2025-07-19T23:00:00Z,68083.3
2025-07-20T00:00:00Z,67807.2
2025-07-20T01:00:00Z,66609.0
2025-07-20T02:00:00Z,69416.4
2025-07-20T03:00:00Z,72119.6
2025-07-20T04:00:00Z,76826.2
2025-07-20T05:00:00Z,78917.8
2025-07-20T06:00:00Z,82547.1
2025-07-20T07:00:00Z,85287.6
2025-07-20T08:00:00Z,88671.7
2025-07-20T09:00:00Z,94880.4
2025-07-20T10:00:00Z,96254.4
2025-07-20T11:00:00Z,97142.7
2025-07-20T12:00:00Z,99517.9
2025-07-20T13:00:00Z,98350.4
2025-07-20T14:00:00Z,96026.4
2025-07-20T15:00:00Z,94617.6
2025-07-20T16:00:00Z,89923.5
2025-07-20T17:00:00Z,87623.0
2025-07-20T18:00:00Z,83149.4
2025-07-20T19:00:00Z,78061.3
2025-07-20T20:00:00Z,74346.7
2025-07-20T21:00:00Z,70669.5
2025-07-20T22:00:00Z,70303.5
2025-07-20T23:00:00Z,67411.7
2025-07-21T00:00:00Z,70393.8
2025-07-21T01:00:00Z,73179.8
2025-07-21T02:00:00Z,74431.9
2025-07-21T03:00:00Z,76302.7
2025-07-21T04:00:00Z,79795.8
2025-07-21T05:00:00Z,82805.4
2025-07-21T06:00:00Z,86557.2
2025-07-21T07:00:00Z,92468.5
2025-07-21T08:00:00Z,93662.9
2025-07-21T09:00:00Z,96361.7
2025-07-21T10:00:00Z,99100.6
2025-07-21T11:00:00Z,103500.1
2025-07-21T12:00:00Z,101525.9
2025-07-21T13:00:00Z,102016.8
2025-07-21T14:00:00Z,99877.8
2025-07-21T15:00:00Z,97011.3
2025-07-21T16:00:00Z,94876.3
2025-07-21T17:00:00Z,91169.2
2025-07-21T18:00:00Z,89818.4
2025-07-21T19:00:00Z,82815.0
2025-07-21T20:00:00Z,79824.8
2025-07-21T21:00:00Z,78872.2
2025-07-21T22:00:00Z,75618.8
2025-07-21T23:00:00Z,73036.9
2025-07-22T00:00:00Z,73201.9
2025-07-22T01:00:00Z,72530.6
2025-07-22T02:00:00Z,75210.9
2025-07-22T03:00:00Z,76969.5
2025-07-22T04:00:00Z,78791.7
2025-07-22T05:00:00Z,85857.6
2025-07-22T06:00:00Z,87654.7
2025-07-22T07:00:00Z,92441.6
2025-07-22T08:00:00Z,94811.7
2025-07-22T09:00:00Z,97135.7
2025-07-22T10:00:00Z,98900.5
2025-07-22T11:00:00Z,98470.6
2025-07-22T12:00:00Z,104045.1
2025-07-22T13:00:00Z,100475.4
2025-07-22T14:00:00Z,100479.4
2025-07-22T15:00:00Z,98682.6
2025-07-22T16:00:00Z,93526.2
2025-07-22T17:00:00Z,91013.6
2025-07-22T18:00:00Z,88130.3
2025-07-22T19:00:00Z,83293.4
2025-07-22T20:00:00Z,80579.4
2025-07-22T21:00:00Z,73173.2
2025-07-22T22:00:00Z,74887.2
2025-07-22T23:00:00Z,73675.0
2025-07-23T00:00:00Z,70626.5
2025-07-23T01:00:00Z,73887.8
2025-07-23T02:00:00Z,73945.9
2025-07-23T03:00:00Z,76613.0
2025-07-23T04:00:00Z,80887.2
2025-07-23T05:00:00Z,82009.1
2025-07-23T06:00:00Z,89037.7
2025-07-23T07:00:00Z,91073.2
2025-07-23T08:00:00Z,96783.8
2025-07-23T09:00:00Z,98909.0
2025-07-23T10:00:00Z,101845.8
2025-07-23T11:00:00Z,101980.0
2025-07-23T12:00:00Z,103527.6
2025-07-23T13:00:00Z,101540.1
2025-07-23T14:00:00Z,100594.9
2025-07-23T15:00:00Z,97183.6
2025-07-23T16:00:00Z,95683.1
2025-07-23T17:00:00Z,90719.3
2025-07-23T18:00:00Z,90998.8
2025-07-23T19:00:00Z,82785.1
2025-07-23T20:00:00Z,77353.9
2025-07-23T21:00:00Z,78364.7
2025-07-23T22:00:00Z,73966.5
2025-07-23T23:00:00Z,73520.2
2025-07-24T00:00:00Z,72754.3
2025-07-24T01:00:00Z,72189.4
2025-07-24T02:00:00Z,73993.7
2025-07-24T03:00:00Z,75846.8
2025-07-24T04:00:00Z,82310.6
2025-07-24T05:00:00Z,85089.2
2025-07-24T06:00:00Z,86574.3
2025-07-24T07:00:00Z,93581.7
2025-07-24T08:00:00Z,96833.5
2025-07-24T09:00:00Z,97198.7
2025-07-24T10:00:00Z,100724.5
2025-07-24T11:00:00Z,103862.0
2025-07-24T12:00:00Z,104239.1
2025-07-24T13:00:00Z,105997.2
2025-07-24T14:00:00Z,101776.2
2025-07-24T15:00:00Z,100528.2
2025-07-24T16:00:00Z,95437.8
2025-07-24T17:00:00Z,92154.1
2025-07-24T18:00:00Z,88270.0
2025-07-24T19:00:00Z,84141.9
2025-07-24T20:00:00Z,80721.5
2025-07-24T21:00:00Z,77332.1
2025-07-24T22:00:00Z,72629.7
2025-07-24T23:00:00Z,74085.5
2025-07-25T00:00:00Z,71503.1
2025-07-25T01:00:00Z,74575.3
2025-07-25T02:00:00Z,75904.0
2025-07-25T03:00:00Z,78448.6
2025-07-25T04:00:00Z,80014.5
2025-07-25T05:00:00Z,84923.8
2025-07-25T06:00:00Z,89525.3
2025-07-25T07:00:00Z,91942.9
2025-07-25T08:00:00Z,94482.4
2025-07-25T09:00:00Z,101863.7
2025-07-25T10:00:00Z,101807.9
2025-07-25T11:00:00Z,103032.8
2025-07-25T12:00:00Z,102911.9
2025-07-25T13:00:00Z,102075.2
2025-07-25T14:00:00Z,98637.3
2025-07-25T15:00:00Z,98240.0
2025-07-25T16:00:00Z,94997.7
2025-07-25T17:00:00Z,91510.2
2025-07-25T18:00:00Z,91121.2
2025-07-25T19:00:00Z,84420.9
2025-07-25T20:00:00Z,80299.7
2025-07-25T21:00:00Z,77680.2
2025-07-25T22:00:00Z,74100.3
2025-07-25T23:00:00Z,75238.2
2025-07-26T00:00:00Z,70623.6
2025-07-26T01:00:00Z,68572.7
2025-07-26T02:00:00Z,72405.7
2025-07-26T03:00:00Z,74587.7
2025-07-26T04:00:00Z,80281.7
2025-07-26T05:00:00Z,82243.1
2025-07-26T06:00:00Z,82838.9
2025-07-26T07:00:00Z,88167.3
2025-07-26T08:00:00Z,93512.2
2025-07-26T09:00:00Z,96442.0
2025-07-26T10:00:00Z,99802.2
2025-07-26T11:00:00Z,99556.7
2025-07-26T12:00:00Z,100604.9
2025-07-26T13:00:00Z,101648.6
2025-07-26T14:00:00Z,98958.2
2025-07-26T15:00:00Z,95666.9
2025-07-26T16:00:00Z,95578.0
2025-07-26T17:00:00Z,88610.7
2025-07-26T18:00:00Z,84890.5
2025-07-26T19:00:00Z,79523.8
2025-07-26T20:00:00Z,77225.5
2025-07-26T21:00:00Z,71402.8
2025-07-26T22:00:00Z,73166.0
2025-07-26T23:00:00Z,66728.2
2025-07-27T00:00:00Z,70530.3
2025-07-27T01:00:00Z,68819.7
2025-07-27T02:00:00Z,71943.6
2025-07-27T03:00:00Z,75923.0
2025-07-27T04:00:00Z,77196.7
2025-07-27T05:00:00Z,81599.9
2025-07-27T06:00:00Z,84154.3
2025-07-27T07:00:00Z,88623.2
2025-07-27T08:00:00Z,94372.4
2025-07-27T09:00:00Z,95065.6
2025-07-27T10:00:00Z,99641.0
2025-07-27T11:00:00Z,100308.6
2025-07-27T12:00:00Z,100067.6
2025-07-27T13:00:00Z,101303.3
2025-07-27T14:00:00Z,97266.4
2025-07-27T15:00:00Z,96448.0
2025-07-27T16:00:00Z,91064.8
2025-07-27T17:00:00Z,88690.0
2025-07-27T18:00:00Z,83310.5
2025-07-27T19:00:00Z,81176.6
2025-07-27T20:00:00Z,78343.5
2025-07-27T21:00:00Z,75251.0
2025-07-27T22:00:00Z,72026.2
2025-07-27T23:00:00Z,70207.6
2025-07-28T00:00:00Z,73439.2
2025-07-28T01:00:00Z,74067.0
2025-07-28T02:00:00Z,74884.0
2025-07-28T03:00:00Z,81267.7
2025-07-28T04:00:00Z,81707.3
2025-07-28T05:00:00Z,85403.4
2025-07-28T06:00:00Z,89802.8
2025-07-28T07:00:00Z,92594.5
2025-07-28T08:00:00Z,99548.5
2025-07-28T09:00:00Z,100069.6
2025-07-28T10:00:00Z,101860.9
2025-07-28T11:00:00Z,107007.3
2025-07-28T12:00:00Z,106786.9
2025-07-28T13:00:00Z,105565.9
2025-07-28T14:00:00Z,102526.7
2025-07-28T15:00:00Z,102542.0
2025-07-28T16:00:00Z,97440.1
2025-07-28T17:00:00Z,94011.6
2025-07-28T18:00:00Z,91115.7
2025-07-28T19:00:00Z,85806.5
2025-07-28T20:00:00Z,81221.3
2025-07-28T21:00:00Z,75781.6
2025-07-28T22:00:00Z,77573.8
2025-07-28T23:00:00Z,71600.4
2025-07-29T00:00:00Z,73302.6
2025-07-29T01:00:00Z,73625.7
2025-07-29T02:00:00Z,75627.1
2025-07-29T03:00:00Z,78264.8
2025-07-29T04:00:00Z,82618.7
2025-07-29T05:00:00Z,85334.2
2025-07-29T06:00:00Z,86154.1
2025-07-29T07:00:00Z,93787.3
2025-07-29T08:00:00Z,96005.8
2025-07-29T09:00:00Z,100237.4
2025-07-29T10:00:00Z,101586.5
2025-07-29T11:00:00Z,104633.7
2025-07-29T12:00:00Z,104967.7
2025-07-29T13:00:00Z,105830.6
2025-07-29T14:00:00Z,103819.9
2025-07-29T15:00:00Z,102011.1
2025-07-29T16:00:00Z,95641.6
2025-07-29T17:00:00Z,95571.1
2025-07-29T18:00:00Z,89081.6
2025-07-29T19:00:00Z,86270.9
2025-07-29T20:00:00Z,82823.8
2025-07-29T21:00:00Z,79712.7
2025-07-29T22:00:00Z,76089.3
2025-07-29T23:00:00Z,72892.4
2025-07-30T00:00:00Z,75575.8
2025-07-30T01:00:00Z,76706.0
2025-07-30T02:00:00Z,78173.4
2025-07-30T03:00:00Z,80616.1
2025-07-30T04:00:00Z,84473.1
2025-07-30T05:00:00Z,87351.5
2025-07-30T06:00:00Z,89676.9
2025-07-30T07:00:00Z,95197.2
2025-07-30T08:00:00Z,96582.0
2025-07-30T09:00:00Z,101163.1
2025-07-30T10:00:00Z,103858.6
2025-07-30T11:00:00Z,106706.9
2025-07-30T12:00:00Z,105410.6
2025-07-30T13:00:00Z,104985.4
2025-07-30T14:00:00Z,103015.3
2025-07-30T15:00:00Z,101853.5
2025-07-30T16:00:00Z,95766.9
2025-07-30T17:00:00Z,91310.8
2025-07-30T18:00:00Z,92343.3
2025-07-30T19:00:00Z,87724.2
2025-07-30T20:00:00Z,83224.7
2025-07-30T21:00:00Z,79616.9
2025-07-30T22:00:00Z,75887.4
2025-07-30T23:00:00Z,73155.1
2025-07-31T00:00:00Z,75440.8
2025-07-31T01:00:00Z,73972.8
2025-07-31T02:00:00Z,78193.8
2025-07-31T03:00:00Z,79788.0
2025-07-31T04:00:00Z,80878.2
2025-07-31T05:00:00Z,86783.1
2025-07-31T06:00:00Z,88231.9
2025-07-31T07:00:00Z,93603.3
2025-07-31T08:00:00Z,99520.6
2025-07-31T09:00:00Z,100618.2
2025-07-31T10:00:00Z,103634.4
2025-07-31T11:00:00Z,104740.5
2025-07-31T12:00:00Z,105428.5
2025-07-31T13:00:00Z,106830.9
2025-07-31T14:00:00Z,104622.9
2025-07-31T15:00:00Z,102213.4
2025-07-31T16:00:00Z,96365.1
2025-07-31T17:00:00Z,94263.3
2025-07-31T18:00:00Z,89592.7
2025-07-31T19:00:00Z,86714.2
2025-07-31T20:00:00Z,81478.1
2025-07-31T21:00:00Z,80813.9
2025-07-31T22:00:00Z,80544.7
2025-07-31T23:00:00Z,75728.7
2025-08-01T00:00:00Z,74617.4
2025-08-01T01:00:00Z,76899.0
2025-08-01T02:00:00Z,75346.9
2025-08-01T03:00:00Z,79239.6
2025-08-01T04:00:00Z,84273.8
2025-08-01T05:00:00Z,86449.0
2025-08-01T06:00:00Z,90929.2
2025-08-01T07:00:00Z,96775.9
2025-08-01T08:00:00Z,99072.5
2025-08-01T09:00:00Z,102750.9
2025-08-01T10:00:00Z,103259.5
2025-08-01T11:00:00Z,108795.9
2025-08-01T12:00:00Z,106115.0
2025-08-01T13:00:00Z,106657.8
2025-08-01T14:00:00Z,104615.7
2025-08-01T15:00:00Z,101974.2
2025-08-01T16:00:00Z,97213.8
2025-08-01T17:00:00Z,94705.7
2025-08-01T18:00:00Z,91149.6
2025-08-01T19:00:00Z,88764.0
2025-08-01T20:00:00Z,83435.5
2025-08-01T21:00:00Z,79436.0
2025-08-01T22:00:00Z,77775.8
2025-08-01T23:00:00Z,76180.6
2025-08-02T00:00:00Z,71288.9
2025-08-02T01:00:00Z,72279.2
2025-08-02T02:00:00Z,75595.4
2025-08-02T03:00:00Z,75996.4
2025-08-02T04:00:00Z,77577.7
2025-08-02T05:00:00Z,82298.3
2025-08-02T06:00:00Z,86648.8
2025-08-02T07:00:00Z,90140.6
2025-08-02T08:00:00Z,95029.8
2025-08-02T09:00:00Z,99275.9
2025-08-02T10:00:00Z,98027.3
2025-08-02T11:00:00Z,100689.8
2025-08-02T12:00:00Z,102021.1
2025-08-02T13:00:00Z,102916.4
2025-08-02T14:00:00Z,98230.0
2025-08-02T15:00:00Z,99332.0
2025-08-02T16:00:00Z,96765.9
2025-08-02T17:00:00Z,92586.7
2025-08-02T18:00:00Z,87335.3
2025-08-02T19:00:00Z,81318.2
2025-08-02T20:00:00Z,78571.9
2025-08-02T21:00:00Z,75165.6
2025-08-02T22:00:00Z,73648.9
2025-08-02T23:00:00Z,73108.3
2025-08-03T00:00:00Z,72475.2
2025-08-03T01:00:00Z,71145.3
2025-08-03T02:00:00Z,75075.3
2025-08-03T03:00:00Z,77824.9
2025-08-03T04:00:00Z,78327.9
2025-08-03T05:00:00Z,82083.3
2025-08-03T06:00:00Z,86748.5
2025-08-03T07:00:00Z,91828.3
2025-08-03T08:00:00Z,93876.8
2025-08-03T09:00:00Z,99913.0
2025-08-03T10:00:00Z,101103.9
2025-08-03T11:00:00Z,103486.7
2025-08-03T12:00:00Z,102246.1
2025-08-03T13:00:00Z,101326.0
2025-08-03T14:00:00Z,101421.3
2025-08-03T15:00:00Z,101052.4
2025-08-03T16:00:00Z,96213.1
2025-08-03T17:00:00Z,93189.7
2025-08-03T18:00:00Z,86868.5
2025-08-03T19:00:00Z,82641.8
2025-08-03T20:00:00Z,79613.5
2025-08-03T21:00:00Z,77179.6
2025-08-03T22:00:00Z,73963.3
2025-08-03T23:00:00Z,70821.7
2025-08-04T00:00:00Z,74447.4
2025-08-04T01:00:00Z,77318.0
2025-08-04T02:00:00Z,78317.0
2025-08-04T03:00:00Z,84490.2
2025-08-04T04:00:00Z,83475.2
2025-08-04T05:00:00Z,86762.5
2025-08-04T06:00:00Z,92914.8
2025-08-04T07:00:00Z,95623.5
2025-08-04T08:00:00Z,99831.3
2025-08-04T09:00:00Z,104280.7
2025-08-04T10:00:00Z,104174.1
2025-08-04T11:00:00Z,106409.4
2025-08-04T12:00:00Z,106684.4
2025-08-04T13:00:00Z,106086.5
2025-08-04T14:00:00Z,104537.2
2025-08-04T15:00:00Z,102538.2
2025-08-04T16:00:00Z,101438.8
2025-08-04T17:00:00Z,95693.7
2025-08-04T18:00:00Z,90579.6
2025-08-04T19:00:00Z,87649.5
2025-08-04T20:00:00Z,83187.0
2025-08-04T21:00:00Z,80944.4
2025-08-04T22:00:00Z,78277.3
2025-08-04T23:00:00Z,75787.6
2025-08-05T00:00:00Z,76185.8
2025-08-05T01:00:00Z,77856.6
2025-08-05T02:00:00Z,80375.8
2025-08-05T03:00:00Z,81037.0
2025-08-05T04:00:00Z,86146.7
2025-08-05T05:00:00Z,89508.3
2025-08-05T06:00:00Z,90481.8
2025-08-05T07:00:00Z,95568.4
2025-08-05T08:00:00Z,95812.3
2025-08-05T09:00:00Z,101814.7
2025-08-05T10:00:00Z,105360.4
2025-08-05T11:00:00Z,106099.5
2025-08-05T12:00:00Z,107820.3
2025-08-05T13:00:00Z,106745.1
2025-08-05T14:00:00Z,106096.7
2025-08-05T15:00:00Z,102537.7
2025-08-05T16:00:00Z,100497.9
2025-08-05T17:00:00Z,96347.6
2025-08-05T18:00:00Z,92468.6
2025-08-05T19:00:00Z,89322.3
2025-08-05T20:00:00Z,83380.5
2025-08-05T21:00:00Z,83467.5
2025-08-05T22:00:00Z,78710.2
2025-08-05T23:00:00Z,77604.1
2025-08-06T00:00:00Z,76722.5
2025-08-06T01:00:00Z,76971.7
2025-08-06T02:00:00Z,77332.7
2025-08-06T03:00:00Z,80947.6
2025-08-06T04:00:00Z,82932.3
2025-08-06T05:00:00Z,86879.6
2025-08-06T06:00:00Z,94513.5
2025-08-06T07:00:00Z,96597.3
2025-08-06T08:00:00Z,99989.2
2025-08-06T09:00:00Z,102280.0
2025-08-06T10:00:00Z,106015.3
2025-08-06T11:00:00Z,107606.7
2025-08-06T12:00:00Z,108921.1
2025-08-06T13:00:00Z,107400.5
2025-08-06T14:00:00Z,106242.3
2025-08-06T15:00:00Z,105108.9
2025-08-06T16:00:00Z,100987.1
2025-08-06T17:00:00Z,97916.0
2025-08-06T18:00:00Z,90408.4
2025-08-06T19:00:00Z,88102.9
2025-08-06T20:00:00Z,86239.5
2025-08-06T21:00:00Z,81688.9
2025-08-06T22:00:00Z,80851.9
2025-08-06T23:00:00Z,77082.6
2025-08-07T00:00:00Z,78730.3
2025-08-07T01:00:00Z,75369.3
2025-08-07T02:00:00Z,78345.5
2025-08-07T03:00:00Z,82026.1
2025-08-07T04:00:00Z,83512.5
2025-08-07T05:00:00Z,86156.2
2025-08-07T06:00:00Z,93888.5
2025-08-07T07:00:00Z,99154.5
2025-08-07T08:00:00Z,101019.6
2025-08-07T09:00:00Z,102135.8
2025-08-07T10:00:00Z,106277.9
2025-08-07T11:00:00Z,106146.9
2025-08-07T12:00:00Z,105705.5
2025-08-07T13:00:00Z,108601.3
2025-08-07T14:00:00Z,107013.5
2025-08-07T15:00:00Z,103951.0
2025-08-07T16:00:00Z,98894.3
2025-08-07T17:00:00Z,93506.5
2025-08-07T18:00:00Z,93525.9
2025-08-07T19:00:00Z,88626.8
2025-08-07T20:00:00Z,86291.0
2025-08-07T21:00:00Z,79624.5
2025-08-07T22:00:00Z,76127.1
2025-08-07T23:00:00Z,78877.5
2025-08-08T00:00:00Z,79452.0
2025-08-08T01:00:00Z,79344.7
2025-08-08T02:00:00Z,80356.2
2025-08-08T03:00:00Z,82210.0
2025-08-08T04:00:00Z,86071.2
2025-08-08T05:00:00Z,88200.2
2025-08-08T06:00:00Z,95839.8
2025-08-08T07:00:00Z,99160.0
2025-08-08T08:00:00Z,98507.2
2025-08-08T09:00:00Z,105669.5
2025-08-08T10:00:00Z,103498.6
2025-08-08T11:00:00Z,108480.7
2025-08-08T12:00:00Z,108159.3
2025-08-08T13:00:00Z,110040.8
2025-08-08T14:00:00Z,106675.8
2025-08-08T15:00:00Z,103750.8
2025-08-08T16:00:00Z,102416.6
2025-08-08T17:00:00Z,96021.5
2025-08-08T18:00:00Z,91956.6
2025-08-08T19:00:00Z,90785.6
2025-08-08T20:00:00Z,85843.0
2025-08-08T21:00:00Z,82170.4
2025-08-08T22:00:00Z,78704.7
2025-08-08T23:00:00Z,77766.8
2025-08-09T00:00:00Z,72885.5
2025-08-09T01:00:00Z,74342.5
2025-08-09T02:00:00Z,75715.1
2025-08-09T03:00:00Z,77793.3
2025-08-09T04:00:00Z,81131.7
2025-08-09T05:00:00Z,86916.7
2025-08-09T06:00:00Z,89863.5
2025-08-09T07:00:00Z,93575.7
2025-08-09T08:00:00Z,96678.1
2025-08-09T09:00:00Z,100436.5
2025-08-09T10:00:00Z,102490.3
2025-08-09T11:00:00Z,104372.7
2025-08-09T12:00:00Z,105184.0
2025-08-09T13:00:00Z,103227.1
2025-08-09T14:00:00Z,101620.1
2025-08-09T15:00:00Z,96851.9
2025-08-09T16:00:00Z,95271.9
2025-08-09T17:00:00Z,93113.7
2025-08-09T18:00:00Z,91623.7
2025-08-09T19:00:00Z,87662.8
2025-08-09T20:00:00Z,80861.0
2025-08-09T21:00:00Z,73994.9
2025-08-09T22:00:00Z,75810.9
2025-08-09T23:00:00Z,74386.2
2025-08-10T00:00:00Z,75558.2
2025-08-10T01:00:00Z,73174.6
2025-08-10T02:00:00Z,75389.4
2025-08-10T03:00:00Z,77906.6
2025-08-10T04:00:00Z,81508.1
2025-08-10T05:00:00Z,83631.2
2025-08-10T06:00:00Z,89784.9
2025-08-10T07:00:00Z,92424.6
2025-08-10T08:00:00Z,97250.6
2025-08-10T09:00:00Z,100206.2
2025-08-10T10:00:00Z,99856.1
2025-08-10T11:00:00Z,104638.7
2025-08-10T12:00:00Z,103285.1
2025-08-10T13:00:00Z,102965.9
2025-08-10T14:00:00Z,101494.2
2025-08-10T15:00:00Z,98478.5
2025-08-10T16:00:00Z,96724.5
2025-08-10T17:00:00Z,89756.9
2025-08-10T18:00:00Z,88318.5
2025-08-10T19:00:00Z,85328.4
2025-08-10T20:00:00Z,81888.4
2025-08-10T21:00:00Z,79587.0
2025-08-10T22:00:00Z,77180.0
2025-08-10T23:00:00Z,75515.3
2025-08-11T00:00:00Z,78064.2
2025-08-11T01:00:00Z,77796.8
2025-08-11T02:00:00Z,78135.9
2025-08-11T03:00:00Z,82112.7
2025-08-11T04:00:00Z,86203.9
2025-08-11T05:00:00Z,89371.9
2025-08-11T06:00:00Z,92685.7
2025-08-11T07:00:00Z,99127.5
2025-08-11T08:00:00Z,104158.6
2025-08-11T09:00:00Z,104614.3
2025-08-11T10:00:00Z,109195.7
2025-08-11T11:00:00Z,109774.9
2025-08-11T12:00:00Z,108300.1
2025-08-11T13:00:00Z,109199.1
2025-08-11T14:00:00Z,106676.5
2025-08-11T15:00:00Z,106598.3
2025-08-11T16:00:00Z,103374.9
2025-08-11T17:00:00Z,98662.3
2025-08-11T18:00:00Z,93592.6
2025-08-11T19:00:00Z,90620.9
2025-08-11T20:00:00Z,86671.8
2025-08-11T21:00:00Z,84592.2
2025-08-11T22:00:00Z,82018.8
2025-08-11T23:00:00Z,79974.3
2025-08-12T00:00:00Z,77101.5
2025-08-12T01:00:00Z,80103.8
2025-08-12T02:00:00Z,82191.4
2025-08-12T03:00:00Z,82797.6
2025-08-12T04:00:00Z,85292.5
2025-08-12T05:00:00Z,91256.3
2025-08-12T06:00:00Z,92723.7
2025-08-12T07:00:00Z,97637.4
2025-08-12T08:00:00Z,101687.9
2025-08-12T09:00:00Z,104030.9
2025-08-12T10:00:00Z,105269.6
2025-08-12T11:00:00Z,111641.6
2025-08-12T12:00:00Z,109429.2
2025-08-12T13:00:00Z,107528.0
2025-08-12T14:00:00Z,110112.7
2025-08-12T15:00:00Z,105557.8
2025-08-12T16:00:00Z,103942.1
2025-08-12T17:00:00Z,100402.9
2025-08-12T18:00:00Z,93144.1
2025-08-12T19:00:00Z,91244.6
2025-08-12T20:00:00Z,87539.6
2025-08-12T21:00:00Z,82158.3
2025-08-12T22:00:00Z,79570.5
2025-08-12T23:00:00Z,80711.4
2025-08-13T00:00:00Z,79296.6
2025-08-13T01:00:00Z,78158.7
2025-08-13T02:00:00Z,80080.4
2025-08-13T03:00:00Z,83588.0
2025-08-13T04:00:00Z,85902.2
2025-08-13T05:00:00Z,93104.7
2025-08-13T06:00:00Z,97533.3
2025-08-13T07:00:00Z,99828.3
2025-08-13T08:00:00Z,101867.7
2025-08-13T09:00:00Z,104258.0
2025-08-13T10:00:00Z,107488.2
2025-08-13T11:00:00Z,112917.9
2025-08-13T12:00:00Z,112205.6
2025-08-13T13:00:00Z,108762.5
2025-08-13T14:00:00Z,107822.2
2025-08-13T15:00:00Z,107229.0
2025-08-13T16:00:00Z,102150.7
2025-08-13T17:00:00Z,98345.1
2025-08-13T18:00:00Z,95519.7
2025-08-13T19:00:00Z,91931.6
2025-08-13T20:00:00Z,87125.5
2025-08-13T21:00:00Z,86759.5
2025-08-13T22:00:00Z,81504.5
2025-08-13T23:00:00Z,79406.4
2025-08-14T00:00:00Z,77154.9
2025-08-14T01:00:00Z,78640.4
2025-08-14T02:00:00Z,81458.1
2025-08-14T03:00:00Z,83795.5
2025-08-14T04:00:00Z,85492.5
2025-08-14T05:00:00Z,94680.2
2025-08-14T06:00:00Z,95805.8
2025-08-14T07:00:00Z,99543.5
2025-08-14T08:00:00Z,102674.7
2025-08-14T09:00:00Z,105868.8
2025-08-14T10:00:00Z,105916.1
2025-08-14T11:00:00Z,110204.8
2025-08-14T12:00:00Z,109289.7
2025-08-14T13:00:00Z,108366.3
2025-08-14T14:00:00Z,110702.5
2025-08-14T15:00:00Z,106126.2
2025-08-14T16:00:00Z,103295.9
2025-08-14T17:00:00Z,98926.0
2025-08-14T18:00:00Z,94417.3
2025-08-14T19:00:00Z,89413.6
2025-08-14T20:00:00Z,88234.9
2025-08-14T21:00:00Z,82685.1
2025-08-14T22:00:00Z,79945.8
2025-08-14T23:00:00Z,78380.4
2025-08-15T00:00:00Z,80206.6
2025-08-15T01:00:00Z,80886.6
2025-08-15T02:00:00Z,82698.0
2025-08-15T03:00:00Z,84107.7
2025-08-15T04:00:00Z,87306.1
2025-08-15T05:00:00Z,92979.9
2025-08-15T06:00:00Z,93409.4
2025-08-15T07:00:00Z,100214.7
2025-08-15T08:00:00Z,103328.7
2025-08-15T09:00:00Z,105684.1
2025-08-15T10:00:00Z,107675.3
2025-08-15T11:00:00Z,108337.2
2025-08-15T12:00:00Z,108934.8
2025-08-15T13:00:00Z,108827.2
2025-08-15T14:00:00Z,108331.5
2025-08-15T15:00:00Z,108989.8
2025-08-15T16:00:00Z,102215.8
2025-08-15T17:00:00Z,99080.3
2025-08-15T18:00:00Z,94691.4
2025-08-15T19:00:00Z,89362.3
2025-08-15T20:00:00Z,86236.5
2025-08-15T21:00:00Z,86189.0
2025-08-15T22:00:00Z,81779.2
2025-08-15T23:00:00Z,78239.7
2025-08-16T00:00:00Z,72919.2
2025-08-16T01:00:00Z,77913.4
2025-08-16T02:00:00Z,77293.4
2025-08-16T03:00:00Z,78419.4
2025-08-16T04:00:00Z,84411.1
2025-08-16T05:00:00Z,86864.5
2025-08-16T06:00:00Z,90377.2
2025-08-16T07:00:00Z,95185.7
2025-08-16T08:00:00Z,100824.4
2025-08-16T09:00:00Z,101024.0
2025-08-16T10:00:00Z,105754.7
2025-08-16T11:00:00Z,106459.3
2025-08-16T12:00:00Z,106122.8
2025-08-16T13:00:00Z,108322.1
2025-08-16T14:00:00Z,104290.3
2025-08-16T15:00:00Z,102475.2
2025-08-16T16:00:00Z,98401.0
2025-08-16T17:00:00Z,93555.1
2025-08-16T18:00:00Z,91644.6
2025-08-16T19:00:00Z,85792.5
2025-08-16T20:00:00Z,85712.8
2025-08-16T21:00:00Z,82209.5
2025-08-16T22:00:00Z,76968.6
2025-08-16T23:00:00Z,75380.4
2025-08-17T00:00:00Z,74817.0
2025-08-17T01:00:00Z,78676.9
2025-08-17T02:00:00Z,76441.5
2025-08-17T03:00:00Z,79014.7
2025-08-17T04:00:00Z,82453.9
2025-08-17T05:00:00Z,86304.6
2025-08-17T06:00:00Z,93420.4
2025-08-17T07:00:00Z,95054.3
2025-08-17T08:00:00Z,99552.8
2025-08-17T09:00:00Z,102301.2
2025-08-17T10:00:00Z,104803.9
2025-08-17T11:00:00Z,109171.5
2025-08-17T12:00:00Z,109458.5
2025-08-17T13:00:00Z,107270.0
2025-08-17T14:00:00Z,104171.8
2025-08-17T15:00:00Z,105566.8
2025-08-17T16:00:00Z,99453.2
2025-08-17T17:00:00Z,94348.5
2025-08-17T18:00:00Z,90434.9
2025-08-17T19:00:00Z,87530.3
2025-08-17T20:00:00Z,84625.3
2025-08-17T21:00:00Z,76827.7
2025-08-17T22:00:00Z,78485.6
2025-08-17T23:00:00Z,76342.4
2025-08-18T00:00:00Z,81210.9
2025-08-18T01:00:00Z,79911.1
2025-08-18T02:00:00Z,83895.6
2025-08-18T03:00:00Z,84468.2
2025-08-18T04:00:00Z,89793.4
2025-08-18T05:00:00Z,95133.0
2025-08-18T06:00:00Z,96464.9
2025-08-18T07:00:00Z,100641.1
2025-08-18T08:00:00Z,104339.8
2025-08-18T09:00:00Z,104959.8
2025-08-18T10:00:00Z,110251.4
2025-08-18T11:00:00Z,109242.3
2025-08-18T12:00:00Z,108425.9
2025-08-18T13:00:00Z,111126.7
2025-08-18T14:00:00Z,110509.9
2025-08-18T15:00:00Z,106047.3
2025-08-18T16:00:00Z,101751.2
2025-08-18T17:00:00Z,101915.4
2025-08-18T18:00:00Z,94015.5
2025-08-18T19:00:00Z,93456.5
2025-08-18T20:00:00Z,87921.0
2025-08-18T21:00:00Z,83599.5
2025-08-18T22:00:00Z,82954.4
2025-08-18T23:00:00Z,77788.3
2025-08-19T00:00:00Z,79791.1
2025-08-19T01:00:00Z,81252.0
2025-08-19T02:00:00Z,82729.7
2025-08-19T03:00:00Z,87086.4
2025-08-19T04:00:00Z,87175.9
2025-08-19T05:00:00Z,93011.9
2025-08-19T06:00:00Z,96111.3
2025-08-19T07:00:00Z,101367.5
2025-08-19T08:00:00Z,104661.5
2025-08-19T09:00:00Z,108865.2
2025-08-19T10:00:00Z,109710.2
2025-08-19T11:00:00Z,113274.5
2025-08-19T12:00:00Z,111986.4
2025-08-19T13:00:00Z,110487.6
2025-08-19T14:00:00Z,109952.4
2025-08-19T15:00:00Z,107600.0
2025-08-19T16:00:00Z,106170.6
2025-08-19T17:00:00Z,98911.2
2025-08-19T18:00:00Z,96417.0
2025-08-19T19:00:00Z,90707.6
2025-08-19T20:00:00Z,89800.2
2025-08-19T21:00:00Z,86504.1
2025-08-19T22:00:00Z,83716.7
2025-08-19T23:00:00Z,79473.1
2025-08-20T00:00:00Z,79661.1
2025-08-20T01:00:00Z,81478.1
2025-08-20T02:00:00Z,83646.0
2025-08-20T03:00:00Z,86574.6
2025-08-20T04:00:00Z,88256.0
2025-08-20T05:00:00Z,92829.2
2025-08-20T06:00:00Z,96198.0
2025-08-20T07:00:00Z,100073.7
2025-08-20T08:00:00Z,104038.0
2025-08-20T09:00:00Z,106299.5
2025-08-20T10:00:00Z,111435.9
2025-08-20T11:00:00Z,113573.6
2025-08-20T12:00:00Z,113057.1
2025-08-20T13:00:00Z,111170.0
2025-08-20T14:00:00Z,112113.0
2025-08-20T15:00:00Z,106466.8
2025-08-20T16:00:00Z,105973.3
2025-08-20T17:00:00Z,101980.4
2025-08-20T18:00:00Z,98267.6
2025-08-20T19:00:00Z,90384.8
2025-08-20T20:00:00Z,89335.6
2025-08-20T21:00:00Z,84994.9
2025-08-20T22:00:00Z,84193.9
2025-08-20T23:00:00Z,81856.9
2025-08-21T00:00:00Z,78610.0
2025-08-21T01:00:00Z,82747.8
2025-08-21T02:00:00Z,85817.5
2025-08-21T03:00:00Z,86569.1
2025-08-21T04:00:00Z,90178.1
2025-08-21T05:00:00Z,93178.0
2025-08-21T06:00:00Z,97687.2
2025-08-21T07:00:00Z,100365.0
2025-08-21T08:00:00Z,106979.3
2025-08-21T09:00:00Z,111091.7
2025-08-21T10:00:00Z,109625.6
2025-08-21T11:00:00Z,112768.8
2025-08-21T12:00:00Z,112164.8
2025-08-21T13:00:00Z,114267.5
2025-08-21T14:00:00Z,110918.5
2025-08-21T15:00:00Z,109241.4
2025-08-21T16:00:00Z,104664.3
2025-08-21T17:00:00Z,102586.1
2025-08-21T18:00:00Z,98140.7
2025-08-21T19:00:00Z,93549.8
2025-08-21T20:00:00Z,90064.6
2025-08-21T21:00:00Z,84209.9
2025-08-21T22:00:00Z,84730.7
2025-08-21T23:00:00Z,80740.3
2025-08-22T00:00:00Z,81053.7
2025-08-22T01:00:00Z,82375.8
2025-08-22T02:00:00Z,84835.0
2025-08-22T03:00:00Z,87506.2
2025-08-22T04:00:00Z,89955.4
2025-08-22T05:00:00Z,93664.9
2025-08-22T06:00:00Z,98311.2
2025-08-22T07:00:00Z,100360.1
2025-08-22T08:00:00Z,105235.3
2025-08-22T09:00:00Z,107547.7
2025-08-22T10:00:00Z,108653.1
2025-08-22T11:00:00Z,110936.7
2025-08-22T12:00:00Z,114384.0
2025-08-22T13:00:00Z,111646.2
2025-08-22T14:00:00Z,108703.4
2025-08-22T15:00:00Z,108406.6
2025-08-22T16:00:00Z,104332.3
2025-08-22T17:00:00Z,100735.8
2025-08-22T18:00:00Z,96875.9
2025-08-22T19:00:00Z,93626.4
2025-08-22T20:00:00Z,89757.8
2025-08-22T21:00:00Z,86064.0
2025-08-22T22:00:00Z,84030.4
2025-08-22T23:00:00Z,82095.0
2025-08-23T00:00:00Z,78084.5
2025-08-23T01:00:00Z,79087.0
2025-08-23T02:00:00Z,79639.4
2025-08-23T03:00:00Z,84767.0
2025-08-23T04:00:00Z,84171.0
2025-08-23T05:00:00Z,88576.3
2025-08-23T06:00:00Z,93025.7
2025-08-23T07:00:00Z,99040.6
2025-08-23T08:00:00Z,102400.6
2025-08-23T09:00:00Z,104841.5
2025-08-23T10:00:00Z,105822.6
2025-08-23T11:00:00Z,108990.3
2025-08-23T12:00:00Z,108905.0
2025-08-23T13:00:00Z,108045.4
2025-08-23T14:00:00Z,108453.1
2025-08-23T15:00:00Z,106366.5
2025-08-23T16:00:00Z,101606.8
2025-08-23T17:00:00Z,96614.6
2025-08-23T18:00:00Z,93704.6
2025-08-23T19:00:00Z,88073.1
2025-08-23T20:00:00Z,83627.1
2025-08-23T21:00:00Z,79924.6
2025-08-23T22:00:00Z,79420.1
2025-08-23T23:00:00Z,77764.0
2025-08-24T00:00:00Z,76893.6
2025-08-24T01:00:00Z,77709.7
2025-08-24T02:00:00Z,79507.2
2025-08-24T03:00:00Z,81011.2
2025-08-24T04:00:00Z,86079.9
2025-08-24T05:00:00Z,91409.7
2025-08-24T06:00:00Z,93112.5
2025-08-24T07:00:00Z,95248.8
2025-08-24T08:00:00Z,101121.7
2025-08-24T09:00:00Z,104695.0
2025-08-24T10:00:00Z,107718.2
2025-08-24T11:00:00Z,109858.9
2025-08-24T12:00:00Z,110067.4
2025-08-24T13:00:00Z,109889.9
2025-08-24T14:00:00Z,106900.4
2025-08-24T15:00:00Z,104969.8
2025-08-24T16:00:00Z,100379.6
2025-08-24T17:00:00Z,96890.3
2025-08-24T18:00:00Z,94466.9
2025-08-24T19:00:00Z,89133.7
2025-08-24T20:00:00Z,83780.0
2025-08-24T21:00:00Z,79929.1
2025-08-24T22:00:00Z,80841.9
2025-08-24T23:00:00Z,77888.4
2025-08-25T00:00:00Z,81732.2
2025-08-25T01:00:00Z,81924.3
2025-08-25T02:00:00Z,85022.1
2025-08-25T03:00:00Z,86868.9
2025-08-25T04:00:00Z,89877.5
2025-08-25T05:00:00Z,93597.5
2025-08-25T06:00:00Z,97794.4
2025-08-25T07:00:00Z,103208.4
2025-08-25T08:00:00Z,106063.6
2025-08-25T09:00:00Z,110724.8
2025-08-25T10:00:00Z,109098.4
2025-08-25T11:00:00Z,112171.5
2025-08-25T12:00:00Z,114670.1
2025-08-25T13:00:00Z,112160.7
2025-08-25T14:00:00Z,111296.5
2025-08-25T15:00:00Z,108591.4
2025-08-25T16:00:00Z,105956.8
2025-08-25T17:00:00Z,102461.3
2025-08-25T18:00:00Z,100526.9
2025-08-25T19:00:00Z,95252.2
2025-08-25T20:00:00Z,90450.4
2025-08-25T21:00:00Z,87671.6
2025-08-25T22:00:00Z,85191.4
2025-08-25T23:00:00Z,82945.5
2025-08-26T00:00:00Z,81919.3
2025-08-26T01:00:00Z,83797.1
2025-08-26T02:00:00Z,85639.8
2025-08-26T03:00:00Z,86400.4
2025-08-26T04:00:00Z,90352.9
2025-08-26T05:00:00Z,94804.6
2025-08-26T06:00:00Z,98800.2
2025-08-26T07:00:00Z,104511.6
2025-08-26T08:00:00Z,105808.9
2025-08-26T09:00:00Z,108455.6
2025-08-26T10:00:00Z,112434.7
2025-08-26T11:00:00Z,112103.7
2025-08-26T12:00:00Z,113633.2
2025-08-26T13:00:00Z,110984.3
2025-08-26T14:00:00Z,112371.0
2025-08-26T15:00:00Z,112263.0
2025-08-26T16:00:00Z,105576.4
2025-08-26T17:00:00Z,101892.8
2025-08-26T18:00:00Z,99034.1
2025-08-26T19:00:00Z,95511.3
2025-08-26T20:00:00Z,88445.4
2025-08-26T21:00:00Z,86946.9
2025-08-26T22:00:00Z,84913.9
2025-08-26T23:00:00Z,83246.7
2025-08-27T00:00:00Z,83291.8
2025-08-27T01:00:00Z,83251.7
2025-08-27T02:00:00Z,84707.7
2025-08-27T03:00:00Z,86093.0
2025-08-27T04:00:00Z,92879.5
2025-08-27T05:00:00Z,94525.2
2025-08-27T06:00:00Z,99981.8
2025-08-27T07:00:00Z,102492.3
2025-08-27T08:00:00Z,106491.5
2025-08-27T09:00:00Z,109396.2
2025-08-27T10:00:00Z,112804.4
2025-08-27T11:00:00Z,113679.8
2025-08-27T12:00:00Z,112203.2
2025-08-27T13:00:00Z,116955.1
2025-08-27T14:00:00Z,112335.3
2025-08-27T15:00:00Z,108694.8
2025-08-27T16:00:00Z,104456.9
2025-08-27T17:00:00Z,101580.9
2025-08-27T18:00:00Z,98253.1
2025-08-27T19:00:00Z,93344.8
2025-08-27T20:00:00Z,91500.2
2025-08-27T21:00:00Z,85618.7
2025-08-27T22:00:00Z,85193.8
2025-08-27T23:00:00Z,83799.6
2025-08-28T00:00:00Z,81915.3
2025-08-28T01:00:00Z,82375.2
2025-08-28T02:00:00Z,84226.2
2025-08-28T03:00:00Z,87917.7
2025-08-28T04:00:00Z,90535.3
2025-08-28T05:00:00Z,94259.9
2025-08-28T06:00:00Z,99139.2
2025-08-28T07:00:00Z,104275.0
2025-08-28T08:00:00Z,105824.6
2025-08-28T09:00:00Z,108349.6
2025-08-28T10:00:00Z,112131.8
2025-08-28T11:00:00Z,113727.4
2025-08-28T12:00:00Z,115978.6
2025-08-28T13:00:00Z,115017.4
2025-08-28T14:00:00Z,112572.3
2025-08-28T15:00:00Z,109011.3
2025-08-28T16:00:00Z,108356.2
2025-08-28T17:00:00Z,102231.2
2025-08-28T18:00:00Z,99556.8
2025-08-28T19:00:00Z,95604.8
2025-08-28T20:00:00Z,92363.7
2025-08-28T21:00:00Z,87169.5
2025-08-28T22:00:00Z,87560.6
2025-08-28T23:00:00Z,85292.8
2025-08-29T00:00:00Z,83405.1
2025-08-29T01:00:00Z,84029.0
2025-08-29T02:00:00Z,83466.6
2025-08-29T03:00:00Z,88691.9
2025-08-29T04:00:00Z,92255.3
2025-08-29T05:00:00Z,94189.9
2025-08-29T06:00:00Z,99320.2
2025-08-29T07:00:00Z,101983.3
2025-08-29T08:00:00Z,110309.0
2025-08-29T09:00:00Z,109576.9
2025-08-29T10:00:00Z,112885.9
2025-08-29T11:00:00Z,114982.6
2025-08-29T12:00:00Z,114398.8
2025-08-29T13:00:00Z,114845.0
2025-08-29T14:00:00Z,113904.3
2025-08-29T15:00:00Z,112811.0
2025-08-29T16:00:00Z,108463.8
2025-08-29T17:00:00Z,106135.6
2025-08-29T18:00:00Z,97819.7
2025-08-29T19:00:00Z,94250.0
2025-08-29T20:00:00Z,90018.1
2025-08-29T21:00:00Z,88173.3
2025-08-29T22:00:00Z,85081.4
2025-08-29T23:00:00Z,83570.7
2025-08-30T00:00:00Z,79596.1
2025-08-30T01:00:00Z,80396.6
2025-08-30T02:00:00Z,80486.4
2025-08-30T03:00:00Z,84238.9
2025-08-30T04:00:00Z,87266.3
2025-08-30T05:00:00Z,90825.6
2025-08-30T06:00:00Z,96660.8
2025-08-30T07:00:00Z,96900.5
2025-08-30T08:00:00Z,102263.0
2025-08-30T09:00:00Z,105416.9
2025-08-30T10:00:00Z,108014.2
2025-08-30T11:00:00Z,109541.5
2025-08-30T12:00:00Z,109710.9
2025-08-30T13:00:00Z,109381.3
2025-08-30T14:00:00Z,109260.8
2025-08-30T15:00:00Z,106700.5
2025-08-30T16:00:00Z,101231.0
2025-08-30T17:00:00Z,96742.9
2025-08-30T18:00:00Z,94211.4
2025-08-30T19:00:00Z,88792.2
2025-08-30T20:00:00Z,87460.9
2025-08-30T21:00:00Z,84299.6
2025-08-30T22:00:00Z,79104.3
2025-08-30T23:00:00Z,80586.5
2025-08-31T00:00:00Z,79477.2
2025-08-31T01:00:00Z,78790.1
2025-08-31T02:00:00Z,83071.7
2025-08-31T03:00:00Z,87045.8
2025-08-31T04:00:00Z,87361.5
2025-08-31T05:00:00Z,91598.3
2025-08-31T06:00:00Z,94037.2
2025-08-31T07:00:00Z,99947.5
2025-08-31T08:00:00Z,102640.2
2025-08-31T09:00:00Z,107193.1
2025-08-31T10:00:00Z,108663.6
2025-08-31T11:00:00Z,110852.9
2025-08-31T12:00:00Z,110337.2
2025-08-31T13:00:00Z,108650.5
2025-08-31T14:00:00Z,109382.9
2025-08-31T15:00:00Z,108627.5
2025-08-31T16:00:00Z,100185.1
2025-08-31T17:00:00Z,99773.9
2025-08-31T18:00:00Z,94120.7
2025-08-31T19:00:00Z,89553.7
2025-08-31T20:00:00Z,87840.0
2025-08-31T21:00:00Z,84171.8
2025-08-31T22:00:00Z,82040.9
2025-08-31T23:00:00Z,80746.6
2025-09-01T00:00:00Z,81953.0
2025-09-01T01:00:00Z,86748.9
2025-09-01T02:00:00Z,88137.7
2025-09-01T03:00:00Z,88094.0
2025-09-01T04:00:00Z,92066.9
2025-09-01T05:00:00Z,94312.8
2025-09-01T06:00:00Z,100180.0
2025-09-01T07:00:00Z,104019.1
2025-09-01T08:00:00Z,107965.9
2025-09-01T09:00:00Z,110612.3
2025-09-01T10:00:00Z,114079.4
2025-09-01T11:00:00Z,115041.2
2025-09-01T12:00:00Z,115234.6
2025-09-01T13:00:00Z,115284.1
2025-09-01T14:00:00Z,114147.9
2025-09-01T15:00:00Z,111766.0
2025-09-01T16:00:00Z,108190.8
2025-09-01T17:00:00Z,105636.3
2025-09-01T18:00:00Z,99429.5
2025-09-01T19:00:00Z,97477.9
2025-09-01T20:00:00Z,91536.4
2025-09-01T21:00:00Z,88385.7
2025-09-01T22:00:00Z,85920.8
2025-09-01T23:00:00Z,85965.7
2025-09-02T00:00:00Z,83968.2
2025-09-02T01:00:00Z,83775.8
2025-09-02T02:00:00Z,87147.9
2025-09-02T03:00:00Z,88095.3
2025-09-02T04:00:00Z,92007.0
2025-09-02T05:00:00Z,96011.8
2025-09-02T06:00:00Z,100179.5
2025-09-02T07:00:00Z,105413.0
2025-09-02T08:00:00Z,107698.8
2025-09-02T09:00:00Z,109449.3
2025-09-02T10:00:00Z,114577.6
2025-09-02T11:00:00Z,114167.9
2025-09-02T12:00:00Z,114235.8
2025-09-02T13:00:00Z,114610.7
2025-09-02T14:00:00Z,114495.9
2025-09-02T15:00:00Z,109361.9
2025-09-02T16:00:00Z,106858.9
2025-09-02T17:00:00Z,105335.0
2025-09-02T18:00:00Z,102224.0
2025-09-02T19:00:00Z,96051.5
2025-09-02T20:00:00Z,93331.9
2025-09-02T21:00:00Z,89319.6
2025-09-02T22:00:00Z,86518.1
2025-09-02T23:00:00Z,83734.6
2025-09-03T00:00:00Z,84854.6
2025-09-03T01:00:00Z,84548.7
2025-09-03T02:00:00Z,86466.0
2025-09-03T03:00:00Z,89379.4
2025-09-03T04:00:00Z,92881.3
2025-09-03T05:00:00Z,95120.7
2025-09-03T06:00:00Z,99637.1
2025-09-03T07:00:00Z,105192.2
2025-09-03T08:00:00Z,110128.3
2025-09-03T09:00:00Z,111430.9
2025-09-03T10:00:00Z,114771.8
2025-09-03T11:00:00Z,116340.3
2025-09-03T12:00:00Z,115309.4
2025-09-03T13:00:00Z,116324.4
2025-09-03T14:00:00Z,112934.5
2025-09-03T15:00:00Z,109656.3
2025-09-03T16:00:00Z,107425.0
2025-09-03T17:00:00Z,104860.4
2025-09-03T18:00:00Z,99311.0
2025-09-03T19:00:00Z,97317.8
2025-09-03T20:00:00Z,91642.2
2025-09-03T21:00:00Z,90004.9
2025-09-03T22:00:00Z,86557.9
2025-09-03T23:00:00Z,86932.9
2025-09-04T00:00:00Z,84512.8
2025-09-04T01:00:00Z,85330.3
2025-09-04T02:00:00Z,86864.2
2025-09-04T03:00:00Z,88227.0
2025-09-04T04:00:00Z,93275.4
2025-09-04T05:00:00Z,95399.4
2025-09-04T06:00:00Z,99469.4
2025-09-04T07:00:00Z,104115.2
2025-09-04T08:00:00Z,107854.0
2025-09-04T09:00:00Z,113314.8
2025-09-04T10:00:00Z,113464.3
2025-09-04T11:00:00Z,117292.7
2025-09-04T12:00:00Z,113355.4
2025-09-04T13:00:00Z,116440.2
2025-09-04T14:00:00Z,113806.1
2025-09-04T15:00:00Z,113808.3
2025-09-04T16:00:00Z,106927.9
2025-09-04T17:00:00Z,104479.0
2025-09-04T18:00:00Z,100575.7
2025-09-04T19:00:00Z,93409.0
2025-09-04T20:00:00Z,92475.9
2025-09-04T21:00:00Z,92880.2
2025-09-04T22:00:00Z,87008.8
2025-09-04T23:00:00Z,86380.8
2025-09-05T00:00:00Z,84882.6
2025-09-05T01:00:00Z,87422.3
2025-09-05T02:00:00Z,86224.7
2025-09-05T03:00:00Z,88374.8
2025-09-05T04:00:00Z,93848.6
2025-09-05T05:00:00Z,95092.9
2025-09-05T06:00:00Z,100743.6
2025-09-05T07:00:00Z,102241.0
2025-09-05T08:00:00Z,109257.7
2025-09-05T09:00:00Z,111100.6
2025-09-05T10:00:00Z,114270.9
2025-09-05T11:00:00Z,115876.2
2025-09-05T12:00:00Z,116605.1
2025-09-05T13:00:00Z,115180.0
2025-09-05T14:00:00Z,113430.8
2025-09-05T15:00:00Z,112688.8
2025-09-05T16:00:00Z,109881.4
2025-09-05T17:00:00Z,102784.0
2025-09-05T18:00:00Z,99750.6
2025-09-05T19:00:00Z,96060.5
2025-09-05T20:00:00Z,92002.5
2025-09-05T21:00:00Z,90796.4
2025-09-05T22:00:00Z,87060.9
2025-09-05T23:00:00Z,85160.5
2025-09-06T00:00:00Z,81353.7
2025-09-06T01:00:00Z,83106.7
2025-09-06T02:00:00Z,80468.5
2025-09-06T03:00:00Z,86132.0
2025-09-06T04:00:00Z,88467.3
2025-09-06T05:00:00Z,92011.7
2025-09-06T06:00:00Z,96423.9
2025-09-06T07:00:00Z,98070.6
2025-09-06T08:00:00Z,104218.7
2025-09-06T09:00:00Z,107978.8
2025-09-06T10:00:00Z,109537.4
2025-09-06T11:00:00Z,110020.7
2025-09-06T12:00:00Z,111237.0
2025-09-06T13:00:00Z,112548.1
2025-09-06T14:00:00Z,112095.8
2025-09-06T15:00:00Z,107589.7
2025-09-06T16:00:00Z,105209.9
2025-09-06T17:00:00Z,102146.4
2025-09-06T18:00:00Z,96958.9
2025-09-06T19:00:00Z,91400.2
2025-09-06T20:00:00Z,89150.6
2025-09-06T21:00:00Z,87659.8
2025-09-06T22:00:00Z,82275.0
2025-09-06T23:00:00Z,80945.4
2025-09-07T00:00:00Z,79698.5
2025-09-07T01:00:00Z,81878.6
2025-09-07T02:00:00Z,82081.3
2025-09-07T03:00:00Z,86761.5
2025-09-07T04:00:00Z,90054.8
2025-09-07T05:00:00Z,92050.7
2025-09-07T06:00:00Z,96373.8
2025-09-07T07:00:00Z,100865.9
2025-09-07T08:00:00Z,103244.6
2025-09-07T09:00:00Z,107105.8
2025-09-07T10:00:00Z,112548.0
2025-09-07T11:00:00Z,111878.4
2025-09-07T12:00:00Z,108415.0
2025-09-07T13:00:00Z,113518.2
2025-09-07T14:00:00Z,110334.1
2025-09-07T15:00:00Z,107801.7
2025-09-07T16:00:00Z,106374.9
2025-09-07T17:00:00Z,102495.7
2025-09-07T18:00:00Z,98222.9
2025-09-07T19:00:00Z,94414.8
2025-09-07T20:00:00Z,86814.2
2025-09-07T21:00:00Z,86846.1
2025-09-07T22:00:00Z,82431.6
2025-09-07T23:00:00Z,81528.6
2025-09-08T00:00:00Z,87002.3
2025-09-08T01:00:00Z,87469.1
2025-09-08T02:00:00Z,88216.4
2025-09-08T03:00:00Z,89574.1
2025-09-08T04:00:00Z,94903.4
2025-09-08T05:00:00Z,96821.4
2025-09-08T06:00:00Z,101549.5
2025-09-08T07:00:00Z,105663.0
2025-09-08T08:00:00Z,109659.0
2025-09-08T09:00:00Z,111113.7
2025-09-08T10:00:00Z,115693.6
2025-09-08T11:00:00Z,117001.9
2025-09-08T12:00:00Z,116240.9
2025-09-08T13:00:00Z,116875.7
2025-09-08T14:00:00Z,116391.1
2025-09-08T15:00:00Z,110816.0
2025-09-08T16:00:00Z,108902.8
2025-09-08T17:00:00Z,104270.6
2025-09-08T18:00:00Z,100672.4
2025-09-08T19:00:00Z,98285.0
2025-09-08T20:00:00Z,93086.8
2025-09-08T21:00:00Z,89393.2
2025-09-08T22:00:00Z,89160.5
2025-09-08T23:00:00Z,86873.1
2025-09-09T00:00:00Z,86947.0
2025-09-09T01:00:00Z,89325.1
2025-09-09T02:00:00Z,87666.7
2025-09-09T03:00:00Z,88309.0
2025-09-09T04:00:00Z,96326.0
2025-09-09T05:00:00Z,97495.4
2025-09-09T06:00:00Z,101799.3
2025-09-09T07:00:00Z,106603.1
2025-09-09T08:00:00Z,110081.1
2025-09-09T09:00:00Z,111057.1
2025-09-09T10:00:00Z,113834.6
2025-09-09T11:00:00Z,115334.4
2025-09-09T12:00:00Z,116273.3
2025-09-09T13:00:00Z,116689.3
2025-09-09T14:00:00Z,115790.4
2025-09-09T15:00:00Z,113375.3
2025-09-09T16:00:00Z,108124.1
2025-09-09T17:00:00Z,105498.8
2025-09-09T18:00:00Z,100648.7
2025-09-09T19:00:00Z,96924.9
2025-09-09T20:00:00Z,94617.0
2025-09-09T21:00:00Z,90677.6
2025-09-09T22:00:00Z,86848.5
2025-09-09T23:00:00Z,87071.7
2025-09-10T00:00:00Z,86701.9
2025-09-10T01:00:00Z,87187.9
2025-09-10T02:00:00Z,88212.1
2025-09-10T03:00:00Z,90805.1
2025-09-10T04:00:00Z,95197.9
2025-09-10T05:00:00Z,97375.8
2025-09-10T06:00:00Z,102288.6
2025-09-10T07:00:00Z,105025.2
2025-09-10T08:00:00Z,110514.2
2025-09-10T09:00:00Z,114577.6
2025-09-10T10:00:00Z,115158.8
2025-09-10T11:00:00Z,117144.5
2025-09-10T12:00:00Z,117717.2
2025-09-10T13:00:00Z,116685.5
2025-09-10T14:00:00Z,117277.7
2025-09-10T15:00:00Z,113044.6
2025-09-10T16:00:00Z,108067.5
2025-09-10T17:00:00Z,107071.6
2025-09-10T18:00:00Z,101115.9
2025-09-10T19:00:00Z,98925.0
2025-09-10T20:00:00Z,91370.3
2025-09-10T21:00:00Z,92132.4
2025-09-10T22:00:00Z,87033.9
2025-09-10T23:00:00Z,86278.1
2025-09-11T00:00:00Z,86648.6
2025-09-11T01:00:00Z,87559.9
2025-09-11T02:00:00Z,87108.5
2025-09-11T03:00:00Z,91697.7
2025-09-11T04:00:00Z,95123.1
2025-09-11T05:00:00Z,97902.9
2025-09-11T06:00:00Z,102033.8
2025-09-11T07:00:00Z,107464.9
2025-09-11T08:00:00Z,109109.8
2025-09-11T09:00:00Z,113736.1
2025-09-11T10:00:00Z,115755.2
2025-09-11T11:00:00Z,116987.6
2025-09-11T12:00:00Z,116749.8
2025-09-11T13:00:00Z,115658.5
2025-09-11T14:00:00Z,116111.1
2025-09-11T15:00:00Z,113805.9
2025-09-11T16:00:00Z,110793.2
2025-09-11T17:00:00Z,105838.4
2025-09-11T18:00:00Z,102283.9
2025-09-11T19:00:00Z,98090.7
2025-09-11T20:00:00Z,94665.7
2025-09-11T21:00:00Z,90776.6
2025-09-11T22:00:00Z,90049.2
2025-09-11T23:00:00Z,86364.4
2025-09-12T00:00:00Z,85026.3
2025-09-12T01:00:00Z,87007.4
2025-09-12T02:00:00Z,88261.4
2025-09-12T03:00:00Z,93638.4
2025-09-12T04:00:00Z,93659.5
2025-09-12T05:00:00Z,96900.0
2025-09-12T06:00:00Z,103656.8
2025-09-12T07:00:00Z,108521.0
2025-09-12T08:00:00Z,112645.2
2025-09-12T09:00:00Z,112422.4
2025-09-12T10:00:00Z,114706.2
2025-09-12T11:00:00Z,120678.7
2025-09-12T12:00:00Z,117531.7
2025-09-12T13:00:00Z,115755.0
2025-09-12T14:00:00Z,116528.7
2025-09-12T15:00:00Z,110410.1
2025-09-12T16:00:00Z,107514.8
2025-09-12T17:00:00Z,105775.2
2025-09-12T18:00:00Z,102798.8
2025-09-12T19:00:00Z,97995.9
2025-09-12T20:00:00Z,94729.0
2025-09-12T21:00:00Z,92465.8
2025-09-12T22:00:00Z,90708.2
2025-09-12T23:00:00Z,86059.6
2025-09-13T00:00:00Z,81482.9
2025-09-13T01:00:00Z,83286.8
2025-09-13T02:00:00Z,83904.2
2025-09-13T03:00:00Z,85964.9
2025-09-13T04:00:00Z,89939.9
2025-09-13T05:00:00Z,92604.2
2025-09-13T06:00:00Z,98189.4
2025-09-13T07:00:00Z,103022.5
2025-09-13T08:00:00Z,105608.8
2025-09-13T09:00:00Z,108325.9
2025-09-13T10:00:00Z,109882.7
2025-09-13T11:00:00Z,112027.5
2025-09-13T12:00:00Z,112481.3
2025-09-13T13:00:00Z,115093.2
2025-09-13T14:00:00Z,114098.1
2025-09-13T15:00:00Z,108632.7
2025-09-13T16:00:00Z,106200.9
2025-09-13T17:00:00Z,104800.4
2025-09-13T18:00:00Z,96956.2
2025-09-13T19:00:00Z,96777.8
2025-09-13T20:00:00Z,89698.8
2025-09-13T21:00:00Z,86042.7
2025-09-13T22:00:00Z,87393.6
2025-09-13T23:00:00Z,82416.6
2025-09-14T00:00:00Z,83160.0
2025-09-14T01:00:00Z,84384.4
2025-09-14T02:00:00Z,84860.4
2025-09-14T03:00:00Z,86055.2
2025-09-14T04:00:00Z,89944.1
2025-09-14T05:00:00Z,95265.8
2025-09-14T06:00:00Z,100191.2
2025-09-14T07:00:00Z,103203.8
2025-09-14T08:00:00Z,104163.8
2025-09-14T09:00:00Z,109996.7
2025-09-14T10:00:00Z,111122.7
2025-09-14T11:00:00Z,115071.9
2025-09-14T12:00:00Z,115071.2
2025-09-14T13:00:00Z,112731.8
2025-09-14T14:00:00Z,110575.1
2025-09-14T15:00:00Z,108595.3
2025-09-14T16:00:00Z,106338.8
2025-09-14T17:00:00Z,103160.9
2025-09-14T18:00:00Z,97255.4
2025-09-14T19:00:00Z,94209.5
2025-09-14T20:00:00Z,92327.9
2025-09-14T21:00:00Z,89039.3
2025-09-14T22:00:00Z,83902.0
2025-09-14T23:00:00Z,85310.1
2025-09-15T00:00:00Z,88642.3
2025-09-15T01:00:00Z,88174.1
2025-09-15T02:00:00Z,90393.1
2025-09-15T03:00:00Z,90669.6
2025-09-15T04:00:00Z,95259.7
2025-09-15T05:00:00Z,99312.1
2025-09-15T06:00:00Z,103627.6
2025-09-15T07:00:00Z,105745.6
2025-09-15T08:00:00Z,112111.9
2025-09-15T09:00:00Z,113916.8
2025-09-15T10:00:00Z,115030.1
2025-09-15T11:00:00Z,120018.2
2025-09-15T12:00:00Z,120223.7
2025-09-15T13:00:00Z,117977.4
2025-09-15T14:00:00Z,115580.7
2025-09-15T15:00:00Z,114303.5
2025-09-15T16:00:00Z,109128.3
2025-09-15T17:00:00Z,104266.6
2025-09-15T18:00:00Z,105139.0
2025-09-15T19:00:00Z,102265.5
2025-09-15T20:00:00Z,95839.8
2025-09-15T21:00:00Z,92199.5
2025-09-15T22:00:00Z,88377.4
2025-09-15T23:00:00Z,86206.0
2025-09-16T00:00:00Z,86059.7
2025-09-16T01:00:00Z,88785.9
2025-09-16T02:00:00Z,89348.5
2025-09-16T03:00:00Z,91793.0
2025-09-16T04:00:00Z,96118.8
2025-09-16T05:00:00Z,98502.0
2025-09-16T06:00:00Z,104186.0
2025-09-16T07:00:00Z,103687.1
2025-09-16T08:00:00Z,110622.3
2025-09-16T09:00:00Z,115254.9
2025-09-16T10:00:00Z,118731.2
2025-09-16T11:00:00Z,118839.3
2025-09-16T12:00:00Z,119762.5
2025-09-16T13:00:00Z,114865.0
2025-09-16T14:00:00Z,117069.3
2025-09-16T15:00:00Z,114033.2
2025-09-16T16:00:00Z,109356.4
2025-09-16T17:00:00Z,106990.5
2025-09-16T18:00:00Z,102969.2
2025-09-16T19:00:00Z,98424.7
2025-09-16T20:00:00Z,95850.1
2025-09-16T21:00:00Z,93656.1
2025-09-16T22:00:00Z,90294.3
2025-09-16T23:00:00Z,88674.8
2025-09-17T00:00:00Z,86335.2
2025-09-17T01:00:00Z,88569.7
2025-09-17T02:00:00Z,89789.6
2025-09-17T03:00:00Z,92538.1
2025-09-17T04:00:00Z,96710.7
2025-09-17T05:00:00Z,99282.4
2025-09-17T06:00:00Z,101931.6
2025-09-17T07:00:00Z,108001.4
2025-09-17T08:00:00Z,110086.4
2025-09-17T09:00:00Z,113818.8
2025-09-17T10:00:00Z,116202.5
2025-09-17T11:00:00Z,118139.9
2025-09-17T12:00:00Z,115522.6
2025-09-17T13:00:00Z,117008.6
2025-09-17T14:00:00Z,116489.5
2025-09-17T15:00:00Z,114029.6
2025-09-17T16:00:00Z,110561.5
2025-09-17T17:00:00Z,107213.5
2025-09-17T18:00:00Z,103436.3
2025-09-17T19:00:00Z,97728.1
2025-09-17T20:00:00Z,97103.3
2025-09-17T21:00:00Z,91750.5
2025-09-17T22:00:00Z,89667.8
2025-09-17T23:00:00Z,87706.7
2025-09-18T00:00:00Z,85906.6
2025-09-18T01:00:00Z,86461.9
2025-09-18T02:00:00Z,89438.8
2025-09-18T03:00:00Z,94122.7
2025-09-18T04:00:00Z,94085.1
2025-09-18T05:00:00Z,99489.0
2025-09-18T06:00:00Z,101797.6
2025-09-18T07:00:00Z,107319.5
2025-09-18T08:00:00Z,109693.9
2025-09-18T09:00:00Z,112644.2
2025-09-18T10:00:00Z,115188.3
2025-09-18T11:00:00Z,117264.1
2025-09-18T12:00:00Z,118644.4
2025-09-18T13:00:00Z,117712.8
2025-09-18T14:00:00Z,115646.4
2025-09-18T15:00:00Z,114795.4
2025-09-18T16:00:00Z,111531.8
2025-09-18T17:00:00Z,107017.5
2025-09-18T18:00:00Z,104006.6
2025-09-18T19:00:00Z,98994.4
2025-09-18T20:00:00Z,93865.1
2025-09-18T21:00:00Z,93581.0
2025-09-18T22:00:00Z,89294.7
2025-09-18T23:00:00Z,87583.1
2025-09-19T00:00:00Z,90271.0
2025-09-19T01:00:00Z,86388.1
2025-09-19T02:00:00Z,88678.7
2025-09-19T03:00:00Z,91297.2
2025-09-19T04:00:00Z,96969.1
2025-09-19T05:00:00Z,100331.6
2025-09-19T06:00:00Z,104271.7
2025-09-19T07:00:00Z,106526.6
2025-09-19T08:00:00Z,110374.3
2025-09-19T09:00:00Z,113054.7
2025-09-19T10:00:00Z,117924.2
2025-09-19T11:00:00Z,117266.9
2025-09-19T12:00:00Z,118218.2
2025-09-19T13:00:00Z,116525.5
2025-09-19T14:00:00Z,117514.4
2025-09-19T15:00:00Z,114046.3
2025-09-19T16:00:00Z,113159.0
2025-09-19T17:00:00Z,108101.0
2025-09-19T18:00:00Z,102272.2
2025-09-19T19:00:00Z,97272.9
2025-09-19T20:00:00Z,93837.8
2025-09-19T21:00:00Z,92438.3
2025-09-19T22:00:00Z,89317.6
2025-09-19T23:00:00Z,87727.1
2025-09-20T00:00:00Z,83724.1
2025-09-20T01:00:00Z,82154.2
2025-09-20T02:00:00Z,83715.6
2025-09-20T03:00:00Z,87227.3
2025-09-20T04:00:00Z,90619.1
2025-09-20T05:00:00Z,93192.8
2025-09-20T06:00:00Z,100686.8
2025-09-20T07:00:00Z,102589.3
2025-09-20T08:00:00Z,104729.3
2025-09-20T09:00:00Z,110364.5
2025-09-20T10:00:00Z,113687.7
2025-09-20T11:00:00Z,117310.4
2025-09-20T12:00:00Z,114146.5
2025-09-20T13:00:00Z,114389.0
2025-09-20T14:00:00Z,111330.3
2025-09-20T15:00:00Z,109016.6
2025-09-20T16:00:00Z,103917.4
2025-09-20T17:00:00Z,102641.0
2025-09-20T18:00:00Z,99378.5
2025-09-20T19:00:00Z,92960.8
2025-09-20T20:00:00Z,92463.4
2025-09-20T21:00:00Z,92039.8
2025-09-20T22:00:00Z,83056.2
2025-09-20T23:00:00Z,84238.8
2025-09-21T00:00:00Z,82936.5
2025-09-21T01:00:00Z,84065.6
2025-09-21T02:00:00Z,85434.8
2025-09-21T03:00:00Z,90513.2
2025-09-21T04:00:00Z,91967.3
2025-09-21T05:00:00Z,95759.7
2025-09-21T06:00:00Z,101295.4
2025-09-21T07:00:00Z,103168.1
2025-09-21T08:00:00Z,109391.4
2025-09-21T09:00:00Z,109269.4
2025-09-21T10:00:00Z,111866.4
2025-09-21T11:00:00Z,114733.3
2025-09-21T12:00:00Z,114690.0
2025-09-21T13:00:00Z,114257.8
2025-09-21T14:00:00Z,112360.5
2025-09-21T15:00:00Z,107948.4
2025-09-21T16:00:00Z,107859.7
2025-09-21T17:00:00Z,102911.4
2025-09-21T18:00:00Z,99677.2
2025-09-21T19:00:00Z,94788.2
2025-09-21T20:00:00Z,91819.1
2025-09-21T21:00:00Z,86108.2
2025-09-21T22:00:00Z,84911.1
2025-09-21T23:00:00Z,83548.6
2025-09-22T00:00:00Z,88075.2
2025-09-22T01:00:00Z,90138.3
2025-09-22T02:00:00Z,91013.6
2025-09-22T03:00:00Z,94752.0
2025-09-22T04:00:00Z,97963.2
2025-09-22T05:00:00Z,99553.6
2025-09-22T06:00:00Z,105384.5
2025-09-22T07:00:00Z,108645.2
2025-09-22T08:00:00Z,109278.9
2025-09-22T09:00:00Z,114562.4
2025-09-22T10:00:00Z,119192.9
2025-09-22T11:00:00Z,121246.3
2025-09-22T12:00:00Z,119099.1
2025-09-22T13:00:00Z,117959.6
2025-09-22T14:00:00Z,117955.8
2025-09-22T15:00:00Z,114836.6
2025-09-22T16:00:00Z,111215.8
2025-09-22T17:00:00Z,108209.3
2025-09-22T18:00:00Z,101651.8
2025-09-22T19:00:00Z,100580.6
2025-09-22T20:00:00Z,97347.2
2025-09-22T21:00:00Z,92540.2
2025-09-22T22:00:00Z,89160.4
2025-09-22T23:00:00Z,89009.3
2025-09-23T00:00:00Z,89040.1
2025-09-23T01:00:00Z,88360.8
2025-09-23T02:00:00Z,90754.3
2025-09-23T03:00:00Z,91368.0
2025-09-23T04:00:00Z,93281.5
2025-09-23T05:00:00Z,100706.9
2025-09-23T06:00:00Z,104098.9
2025-09-23T07:00:00Z,108363.0
2025-09-23T08:00:00Z,108910.7
2025-09-23T09:00:00Z,114058.7
2025-09-23T10:00:00Z,118151.4
2025-09-23T11:00:00Z,116903.7
2025-09-23T12:00:00Z,118625.0
2025-09-23T13:00:00Z,117015.9
2025-09-23T14:00:00Z,118169.2
2025-09-23T15:00:00Z,115150.5
2025-09-23T16:00:00Z,113148.9
2025-09-23T17:00:00Z,105451.0
2025-09-23T18:00:00Z,103514.7
2025-09-23T19:00:00Z,98717.0
2025-09-23T20:00:00Z,98346.9
2025-09-23T21:00:00Z,92975.1
2025-09-23T22:00:00Z,90160.8
2025-09-23T23:00:00Z,88288.4
2025-09-24T00:00:00Z,87133.5
2025-09-24T01:00:00Z,87594.6
2025-09-24T02:00:00Z,89859.8
2025-09-24T03:00:00Z,93326.5
2025-09-24T04:00:00Z,94943.1
2025-09-24T05:00:00Z,101705.9
2025-09-24T06:00:00Z,104327.6
2025-09-24T07:00:00Z,108073.8
2025-09-24T08:00:00Z,112835.8
2025-09-24T09:00:00Z,115023.4
2025-09-24T10:00:00Z,116057.8
2025-09-24T11:00:00Z,121931.6
2025-09-24T12:00:00Z,115664.7
2025-09-24T13:00:00Z,119036.2
2025-09-24T14:00:00Z,118336.6
2025-09-24T15:00:00Z,115356.2
2025-09-24T16:00:00Z,110305.3
2025-09-24T17:00:00Z,107386.7
2025-09-24T18:00:00Z,103205.6
2025-09-24T19:00:00Z,99641.6
2025-09-24T20:00:00Z,95738.0
2025-09-24T21:00:00Z,93953.0
2025-09-24T22:00:00Z,90040.2
2025-09-24T23:00:00Z,87607.9
2025-09-25T00:00:00Z,89154.1
2025-09-25T01:00:00Z,89823.7
2025-09-25T02:00:00Z,92508.9
2025-09-25T03:00:00Z,91350.9
2025-09-25T04:00:00Z,95692.1
2025-09-25T05:00:00Z,98788.7
2025-09-25T06:00:00Z,104113.8
2025-09-25T07:00:00Z,107244.2
2025-09-25T08:00:00Z,113055.9
2025-09-25T09:00:00Z,115202.6
2025-09-25T10:00:00Z,116995.6
2025-09-25T11:00:00Z,120023.3
2025-09-25T12:00:00Z,119851.8
2025-09-25T13:00:00Z,120088.3
2025-09-25T14:00:00Z,120600.0
2025-09-25T15:00:00Z,114317.7
2025-09-25T16:00:00Z,111259.1
2025-09-25T17:00:00Z,106876.4
2025-09-25T18:00:00Z,105175.9
2025-09-25T19:00:00Z,100782.9
2025-09-25T20:00:00Z,96573.6
2025-09-25T21:00:00Z,93837.2
2025-09-25T22:00:00Z,89571.0
2025-09-25T23:00:00Z,90254.5
2025-09-26T00:00:00Z,88443.8
2025-09-26T01:00:00Z,90193.5
2025-09-26T02:00:00Z,90136.6
2025-09-26T03:00:00Z,93585.1
2025-09-26T04:00:00Z,95630.5
2025-09-26T05:00:00Z,101271.1
2025-09-26T06:00:00Z,104941.4
2025-09-26T07:00:00Z,108376.2
2025-09-26T08:00:00Z,112647.0
2025-09-26T09:00:00Z,114969.4
2025-09-26T10:00:00Z,116972.4
2025-09-26T11:00:00Z,121224.8
2025-09-26T12:00:00Z,121194.1
2025-09-26T13:00:00Z,120539.1
2025-09-26T14:00:00Z,118114.7
2025-09-26T15:00:00Z,116444.6
2025-09-26T16:00:00Z,115521.1
2025-09-26T17:00:00Z,105567.1
2025-09-26T18:00:00Z,105178.6
2025-09-26T19:00:00Z,101671.1
2025-09-26T20:00:00Z,95911.4
2025-09-26T21:00:00Z,93321.7
2025-09-26T22:00:00Z,91040.5
2025-09-26T23:00:00Z,91312.6
2025-09-27T00:00:00Z,83999.5
2025-09-27T01:00:00Z,84857.7
2025-09-27T02:00:00Z,88412.5
2025-09-27T03:00:00Z,89458.2
2025-09-27T04:00:00Z,91234.4
2025-09-27T05:00:00Z,94548.3
2025-09-27T06:00:00Z,102828.9
2025-09-27T07:00:00Z,104749.2
2025-09-27T08:00:00Z,109054.5
2025-09-27T09:00:00Z,111244.3
2025-09-27T10:00:00Z,113969.3
2025-09-27T11:00:00Z,113367.4
2025-09-27T12:00:00Z,117433.2
2025-09-27T13:00:00Z,113540.9
2025-09-27T14:00:00Z,112013.2
2025-09-27T15:00:00Z,109946.3
2025-09-27T16:00:00Z,108843.9
2025-09-27T17:00:00Z,103720.8
2025-09-27T18:00:00Z,102278.3
2025-09-27T19:00:00Z,94495.6
2025-09-27T20:00:00Z,93892.6
2025-09-27T21:00:00Z,88890.1
2025-09-27T22:00:00Z,85650.2
2025-09-27T23:00:00Z,85162.4
2025-09-28T00:00:00Z,85546.3
2025-09-28T01:00:00Z,84680.4
2025-09-28T02:00:00Z,88136.9
2025-09-28T03:00:00Z,89681.3
2025-09-28T04:00:00Z,92902.3
2025-09-28T05:00:00Z,94711.1
2025-09-28T06:00:00Z,99556.0
2025-09-28T07:00:00Z,102628.7
2025-09-28T08:00:00Z,107579.3
2025-09-28T09:00:00Z,112217.4
2025-09-28T10:00:00Z,115352.2
2025-09-28T11:00:00Z,113559.7
2025-09-28T12:00:00Z,113546.6
2025-09-28T13:00:00Z,115809.3
2025-09-28T14:00:00Z,113497.9
2025-09-28T15:00:00Z,109924.4
2025-09-28T16:00:00Z,109102.1
2025-09-28T17:00:00Z,103382.4
2025-09-28T18:00:00Z,99345.8
2025-09-28T19:00:00Z,95833.0
2025-09-28T20:00:00Z,92124.4
2025-09-28T21:00:00Z,91115.8
2025-09-28T22:00:00Z,86910.6
2025-09-28T23:00:00Z,86040.3
2025-09-29T00:00:00Z,88263.2
2025-09-29T01:00:00Z,87833.9
2025-09-29T02:00:00Z,93237.4
2025-09-29T03:00:00Z,96059.2
2025-09-29T04:00:00Z,96232.4
2025-09-29T05:00:00Z,98880.7
2025-09-29T06:00:00Z,102668.3
2025-09-29T07:00:00Z,107764.8
2025-09-29T08:00:00Z,110078.1
2025-09-29T09:00:00Z,117737.1
2025-09-29T10:00:00Z,115949.9
2025-09-29T11:00:00Z,120490.2
2025-09-29T12:00:00Z,120048.7
2025-09-29T13:00:00Z,117958.9
2025-09-29T14:00:00Z,117784.9
2025-09-29T15:00:00Z,116940.7
2025-09-29T16:00:00Z,111439.8
2025-09-29T17:00:00Z,109196.4
2025-09-29T18:00:00Z,102780.0
2025-09-29T19:00:00Z,100043.0
2025-09-29T20:00:00Z,96299.1
2025-09-29T21:00:00Z,93358.8
2025-09-29T22:00:00Z,93442.8
2025-09-29T23:00:00Z,88762.5
2025-09-30T00:00:00Z,88222.9
2025-09-30T01:00:00Z,89261.1
2025-09-30T02:00:00Z,90195.0
2025-09-30T03:00:00Z,94167.9
2025-09-30T04:00:00Z,98960.4
2025-09-30T05:00:00Z,105346.7
2025-09-30T06:00:00Z,106290.8
2025-09-30T07:00:00Z,108200.8
2025-09-30T08:00:00Z,115015.8
2025-09-30T09:00:00Z,113551.2
2025-09-30T10:00:00Z,121431.3
2025-09-30T11:00:00Z,118737.3
2025-09-30T12:00:00Z,119850.7
2025-09-30T13:00:00Z,119047.7
2025-09-30T14:00:00Z,119218.6
2025-09-30T15:00:00Z,114925.2
2025-09-30T16:00:00Z,113097.1
2025-09-30T17:00:00Z,109544.0
2025-09-30T18:00:00Z,104564.7
2025-09-30T19:00:00Z,101290.1
2025-09-30T20:00:00Z,96598.2
2025-09-30T21:00:00Z,96745.7
2025-09-30T22:00:00Z,92653.9
2025-09-30T23:00:00Z,90274.0
2025-10-01T00:00:00Z,87599.0
2025-10-01T01:00:00Z,90439.7
2025-10-01T02:00:00Z,89983.0
2025-10-01T03:00:00Z,92868.5
2025-10-01T04:00:00Z,99012.9
2025-10-01T05:00:00Z,100970.2
2025-10-01T06:00:00Z,103447.6
2025-10-01T07:00:00Z,110399.3
2025-10-01T08:00:00Z,115642.6
2025-10-01T09:00:00Z,114084.1
2025-10-01T10:00:00Z,117714.7
2025-10-01T11:00:00Z,119696.6
2025-10-01T12:00:00Z,121273.4
2025-10-01T13:00:00Z,119339.4
2025-10-01T14:00:00Z,117512.5
2025-10-01T15:00:00Z,114892.4
2025-10-01T16:00:00Z,113792.2
2025-10-01T17:00:00Z,108055.3
2025-10-01T18:00:00Z,105620.9
2025-10-01T19:00:00Z,99488.3
2025-10-01T20:00:00Z,96987.3
2025-10-01T21:00:00Z,91803.9
2025-10-01T22:00:00Z,90115.3
2025-10-01T23:00:00Z,89811.4
2025-10-02T00:00:00Z,89348.3
2025-10-02T01:00:00Z,89240.3
2025-10-02T02:00:00Z,93176.7
2025-10-02T03:00:00Z,95719.0
2025-10-02T04:00:00Z,96968.1
2025-10-02T05:00:00Z,99466.6
2025-10-02T06:00:00Z,103837.8
2025-10-02T07:00:00Z,108119.8
2025-10-02T08:00:00Z,112851.8
2025-10-02T09:00:00Z,116562.2
2025-10-02T10:00:00Z,119990.2
2025-10-02T11:00:00Z,120913.1
2025-10-02T12:00:00Z,122546.9
2025-10-02T13:00:00Z,119793.4
2025-10-02T14:00:00Z,116272.6
2025-10-02T15:00:00Z,115365.3
2025-10-02T16:00:00Z,113593.5
2025-10-02T17:00:00Z,111046.3
2025-10-02T18:00:00Z,105018.4
2025-10-02T19:00:00Z,102236.7
2025-10-02T20:00:00Z,97609.1
2025-10-02T21:00:00Z,96697.1
2025-10-02T22:00:00Z,87922.1
2025-10-02T23:00:00Z,88832.7
2025-10-03T00:00:00Z,89154.5
2025-10-03T01:00:00Z,90918.2
2025-10-03T02:00:00Z,91371.8
2025-10-03T03:00:00Z,93135.3
2025-10-03T04:00:00Z,97090.9
2025-10-03T05:00:00Z,101443.0
2025-10-03T06:00:00Z,104586.8
2025-10-03T07:00:00Z,107106.7
2025-10-03T08:00:00Z,112073.9
2025-10-03T09:00:00Z,114881.5
2025-10-03T10:00:00Z,119642.0
2025-10-03T11:00:00Z,119213.6
2025-10-03T12:00:00Z,120962.0
2025-10-03T13:00:00Z,120476.3
2025-10-03T14:00:00Z,117927.4
2025-10-03T15:00:00Z,116481.1
2025-10-03T16:00:00Z,113355.5
2025-10-03T17:00:00Z,112079.0
2025-10-03T18:00:00Z,103920.1
2025-10-03T19:00:00Z,101040.7
2025-10-03T20:00:00Z,98310.9
2025-10-03T21:00:00Z,93432.6
2025-10-03T22:00:00Z,90782.0
2025-10-03T23:00:00Z,89630.3
2025-10-04T00:00:00Z,86557.2
2025-10-04T01:00:00Z,89646.2
2025-10-04T02:00:00Z,86200.2
2025-10-04T03:00:00Z,87124.4
2025-10-04T04:00:00Z,93594.2
2025-10-04T05:00:00Z,95371.7
2025-10-04T06:00:00Z,98805.3
2025-10-04T07:00:00Z,103301.9
2025-10-04T08:00:00Z,105731.0
2025-10-04T09:00:00Z,114171.0
2025-10-04T10:00:00Z,116425.4
2025-10-04T11:00:00Z,117522.3
2025-10-04T12:00:00Z,117703.1
2025-10-04T13:00:00Z,116260.7
2025-10-04T14:00:00Z,113535.4
2025-10-04T15:00:00Z,110279.5
2025-10-04T16:00:00Z,109159.9
2025-10-04T17:00:00Z,107775.9
2025-10-04T18:00:00Z,103403.7
2025-10-04T19:00:00Z,96541.3
2025-10-04T20:00:00Z,94461.7
2025-10-04T21:00:00Z,89613.5
2025-10-04T22:00:00Z,88843.0
2025-10-04T23:00:00Z,85504.8
2025-10-05T00:00:00Z,83927.7
2025-10-05T01:00:00Z,83942.8
2025-10-05T02:00:00Z,87920.3
2025-10-05T03:00:00Z,90686.3
2025-10-05T04:00:00Z,92971.9
2025-10-05T05:00:00Z,95130.0
2025-10-05T06:00:00Z,99123.9
2025-10-05T07:00:00Z,103492.6
2025-10-05T08:00:00Z,110605.4
2025-10-05T09:00:00Z,108912.7
2025-10-05T10:00:00Z,113810.3
2025-10-05T11:00:00Z,115276.0
2025-10-05T12:00:00Z,116299.4
2025-10-05T13:00:00Z,114506.4
2025-10-05T14:00:00Z,115544.9
2025-10-05T15:00:00Z,112023.1
2025-10-05T16:00:00Z,108008.5
2025-10-05T17:00:00Z,104649.9
2025-10-05T18:00:00Z,100590.0
2025-10-05T19:00:00Z,96949.6
2025-10-05T20:00:00Z,92002.8
2025-10-05T21:00:00Z,87506.8
2025-10-05T22:00:00Z,86341.3
2025-10-05T23:00:00Z,86504.8
2025-10-06T00:00:00Z,88889.0
2025-10-06T01:00:00Z,88806.1
2025-10-06T02:00:00Z,93317.9
2025-10-06T03:00:00Z,92556.2
2025-10-06T04:00:00Z,98784.2
2025-10-06T05:00:00Z,98198.7
2025-10-06T06:00:00Z,105946.9
2025-10-06T07:00:00Z,112303.5
2025-10-06T08:00:00Z,114543.4
2025-10-06T09:00:00Z,115517.5
2025-10-06T10:00:00Z,118840.5
2025-10-06T11:00:00Z,121103.7
2025-10-06T12:00:00Z,121924.1
2025-10-06T13:00:00Z,120586.2
2025-10-06T14:00:00Z,115794.5
2025-10-06T15:00:00Z,116913.9
2025-10-06T16:00:00Z,113150.3
2025-10-06T17:00:00Z,108326.7
2025-10-06T18:00:00Z,105022.5
2025-10-06T19:00:00Z,100139.8
2025-10-06T20:00:00Z,100425.9
2025-10-06T21:00:00Z,93074.8
2025-10-06T22:00:00Z,93996.3
2025-10-06T23:00:00Z,94221.1
2025-10-07T00:00:00Z,89892.5
2025-10-07T01:00:00Z,91938.4
2025-10-07T02:00:00Z,90323.9
2025-10-07T03:00:00Z,97327.2
2025-10-07T04:00:00Z,97324.7
2025-10-07T05:00:00Z,101782.6
2025-10-07T06:00:00Z,105869.0
2025-10-07T07:00:00Z,107104.9
2025-10-07T08:00:00Z,112489.2
2025-10-07T09:00:00Z,118047.1
2025-10-07T10:00:00Z,119239.5
2025-10-07T11:00:00Z,121529.2
2025-10-07T12:00:00Z,119214.3
2025-10-07T13:00:00Z,118765.6
2025-10-07T14:00:00Z,119515.7
2025-10-07T15:00:00Z,116526.8
2025-10-07T16:00:00Z,112752.0
2025-10-07T17:00:00Z,109155.8
2025-10-07T18:00:00Z,104417.9
2025-10-07T19:00:00Z,102401.8
2025-10-07T20:00:00Z,96828.6
2025-10-07T21:00:00Z,94521.9
2025-10-07T22:00:00Z,91934.1
2025-10-07T23:00:00Z,89967.2
2025-10-08T00:00:00Z,90641.0
2025-10-08T01:00:00Z,89309.5
2025-10-08T02:00:00Z,91741.8
2025-10-08T03:00:00Z,95871.0
2025-10-08T04:00:00Z,97387.8
2025-10-08T05:00:00Z,103819.7
2025-10-08T06:00:00Z,104241.3
2025-10-08T07:00:00Z,109204.4
2025-10-08T08:00:00Z,112745.0
2025-10-08T09:00:00Z,115815.8
2025-10-08T10:00:00Z,120080.9
2025-10-08T11:00:00Z,118690.4
2025-10-08T12:00:00Z,119913.6
2025-10-08T13:00:00Z,122866.5
2025-10-08T14:00:00Z,119024.2
2025-10-08T15:00:00Z,118891.9
2025-10-08T16:00:00Z,111965.4
2025-10-08T17:00:00Z,111655.9
2025-10-08T18:00:00Z,105248.6
2025-10-08T19:00:00Z,101444.8
2025-10-08T20:00:00Z,99203.1
2025-10-08T21:00:00Z,94249.7
2025-10-08T22:00:00Z,90237.1
2025-10-08T23:00:00Z,91169.7
2025-10-09T00:00:00Z,87997.5
2025-10-09T01:00:00Z,90378.4
2025-10-09T02:00:00Z,92653.6
2025-10-09T03:00:00Z,95122.7
2025-10-09T04:00:00Z,96983.0
2025-10-09T05:00:00Z,102307.4
2025-10-09T06:00:00Z,105540.1
2025-10-09T07:00:00Z,109876.1
2025-10-09T08:00:00Z,112027.5
2025-10-09T09:00:00Z,115475.2
2025-10-09T10:00:00Z,116373.0
2025-10-09T11:00:00Z,119820.4
2025-10-09T12:00:00Z,120181.4
2025-10-09T13:00:00Z,122258.1
2025-10-09T14:00:00Z,119711.7
2025-10-09T15:00:00Z,116005.0
2025-10-09T16:00:00Z,111149.8
2025-10-09T17:00:00Z,110697.8
2025-10-09T18:00:00Z,103594.6
2025-10-09T19:00:00Z,101384.1
2025-10-09T20:00:00Z,98341.8
2025-10-09T21:00:00Z,94655.4
2025-10-09T22:00:00Z,90024.3
2025-10-09T23:00:00Z,88692.4
2025-10-10T00:00:00Z,87705.0
2025-10-10T01:00:00Z,90139.7
2025-10-10T02:00:00Z,93054.7
2025-10-10T03:00:00Z,94549.2
2025-10-10T04:00:00Z,98348.8
2025-10-10T05:00:00Z,103353.3
2025-10-10T06:00:00Z,105500.7
2025-10-10T07:00:00Z,109191.5
2025-10-10T08:00:00Z,112839.0
2025-10-10T09:00:00Z,115737.3
2025-10-10T10:00:00Z,118262.7
2025-10-10T11:00:00Z,119468.8
2025-10-10T12:00:00Z,121585.9
2025-10-10T13:00:00Z,119140.0
2025-10-10T14:00:00Z,118726.2
2025-10-10T15:00:00Z,117730.0
2025-10-10T16:00:00Z,113914.3
2025-10-10T17:00:00Z,111676.2
2025-10-10T18:00:00Z,104139.3
2025-10-10T19:00:00Z,101462.3
2025-10-10T20:00:00Z,96052.1
2025-10-10T21:00:00Z,93747.3
2025-10-10T22:00:00Z,93285.8
2025-10-10T23:00:00Z,89399.8
2025-10-11T00:00:00Z,85215.3
2025-10-11T01:00:00Z,87060.2
2025-10-11T02:00:00Z,88213.0
2025-10-11T03:00:00Z,87493.2
2025-10-11T04:00:00Z,92503.6
2025-10-11T05:00:00Z,98798.5
2025-10-11T06:00:00Z,103356.1
2025-10-11T07:00:00Z,105704.8
2025-10-11T08:00:00Z,111651.2
2025-10-11T09:00:00Z,113190.8
2025-10-11T10:00:00Z,114918.6
2025-10-11T11:00:00Z,115546.9
2025-10-11T12:00:00Z,116628.0
2025-10-11T13:00:00Z,116199.2
2025-10-11T14:00:00Z,112552.1
2025-10-11T15:00:00Z,111903.3
2025-10-11T16:00:00Z,109123.2
2025-10-11T17:00:00Z,105470.2
2025-10-11T18:00:00Z,100571.1
2025-10-11T19:00:00Z,99896.4
2025-10-11T20:00:00Z,91332.4
2025-10-11T21:00:00Z,88732.6
2025-10-11T22:00:00Z,91586.1
2025-10-11T23:00:00Z,85549.8
2025-10-12T00:00:00Z,86215.9
2025-10-12T01:00:00Z,85636.8
2025-10-12T02:00:00Z,86543.5
2025-10-12T03:00:00Z,89423.2
2025-10-12T04:00:00Z,92751.7
2025-10-12T05:00:00Z,95041.8
2025-10-12T06:00:00Z,102129.3
2025-10-12T07:00:00Z,105844.1
2025-10-12T08:00:00Z,108392.4
2025-10-12T09:00:00Z,112468.6
2025-10-12T10:00:00Z,116063.0
2025-10-12T11:00:00Z,116888.4
2025-10-12T12:00:00Z,117319.4
2025-10-12T13:00:00Z,117155.5
2025-10-12T14:00:00Z,115799.5
2025-10-12T15:00:00Z,112265.6
2025-10-12T16:00:00Z,110399.3
2025-10-12T17:00:00Z,106493.2
2025-10-12T18:00:00Z,99168.3
2025-10-12T19:00:00Z,96251.7
2025-10-12T20:00:00Z,94348.4
2025-10-12T21:00:00Z,90432.4
2025-10-12T22:00:00Z,87517.3
2025-10-12T23:00:00Z,84826.6
2025-10-13T00:00:00Z,92092.5
2025-10-13T01:00:00Z,90065.5
2025-10-13T02:00:00Z,91779.3
2025-10-13T03:00:00Z,95050.3
2025-10-13T04:00:00Z,94861.1
2025-10-13T05:00:00Z,103690.6
2025-10-13T06:00:00Z,105572.2
2025-10-13T07:00:00Z,109765.9
2025-10-13T08:00:00Z,112820.5
2025-10-13T09:00:00Z,117627.6
2025-10-13T10:00:00Z,117157.6
2025-10-13T11:00:00Z,119728.7
2025-10-13T12:00:00Z,123179.1
2025-10-13T13:00:00Z,120502.4
2025-10-13T14:00:00Z,116541.0
2025-10-13T15:00:00Z,116618.0
2025-10-13T16:00:00Z,112028.7
2025-10-13T17:00:00Z,107922.7
2025-10-13T18:00:00Z,106564.2
2025-10-13T19:00:00Z,100956.7
2025-10-13T20:00:00Z,100096.8
2025-10-13T21:00:00Z,93562.1
2025-10-13T22:00:00Z,92898.7
2025-10-13T23:00:00Z,88795.9
2025-10-14T00:00:00Z,88278.7
2025-10-14T01:00:00Z,91427.2
2025-10-14T02:00:00Z,91107.5
2025-10-14T03:00:00Z,95082.8
2025-10-14T04:00:00Z,97968.7
2025-10-14T05:00:00Z,102549.3
2025-10-14T06:00:00Z,105488.1
2025-10-14T07:00:00Z,109380.0
2025-10-14T08:00:00Z,113596.8
2025-10-14T09:00:00Z,117224.7
2025-10-14T10:00:00Z,119685.4
2025-10-14T11:00:00Z,120173.7
2025-10-14T12:00:00Z,123527.5
2025-10-14T13:00:00Z,119833.8
2025-10-14T14:00:00Z,118625.3
2025-10-14T15:00:00Z,114141.4
2025-10-14T16:00:00Z,112800.8
2025-10-14T17:00:00Z,109889.4
2025-10-14T18:00:00Z,106870.9
2025-10-14T19:00:00Z,102045.5
2025-10-14T20:00:00Z,99689.0
2025-10-14T21:00:00Z,95967.4
2025-10-14T22:00:00Z,91712.9
2025-10-14T23:00:00Z,93929.3
2025-10-15T00:00:00Z,92018.0
2025-10-15T01:00:00Z,92637.6
2025-10-15T02:00:00Z,90352.1
2025-10-15T03:00:00Z,95782.5
2025-10-15T04:00:00Z,96176.0
2025-10-15T05:00:00Z,102122.8
2025-10-15T06:00:00Z,108174.3
2025-10-15T07:00:00Z,106581.6
2025-10-15T08:00:00Z,113816.9
2025-10-15T09:00:00Z,118114.0
2025-10-15T10:00:00Z,118357.7
2025-10-15T11:00:00Z,120003.7
2025-10-15T12:00:00Z,120290.6
2025-10-15T13:00:00Z,121483.1
2025-10-15T14:00:00Z,120154.1
2025-10-15T15:00:00Z,118471.0
2025-10-15T16:00:00Z,113271.5
2025-10-15T17:00:00Z,112101.5
2025-10-15T18:00:00Z,104534.6
2025-10-15T19:00:00Z,100119.3
2025-10-15T20:00:00Z,96878.3
2025-10-15T21:00:00Z,92801.9
2025-10-15T22:00:00Z,91044.9
2025-10-15T23:00:00Z,90406.3
2025-10-16T00:00:00Z,91064.2
2025-10-16T01:00:00Z,91932.5
2025-10-16T02:00:00Z,92860.7
2025-10-16T03:00:00Z,95722.6
2025-10-16T04:00:00Z,95917.9
2025-10-16T05:00:00Z,102085.1
2025-10-16T06:00:00Z,108491.0
2025-10-16T07:00:00Z,109172.7
2025-10-16T08:00:00Z,113742.4
2025-10-16T09:00:00Z,116773.4
2025-10-16T10:00:00Z,120097.8
2025-10-16T11:00:00Z,121255.9
2025-10-16T12:00:00Z,118434.6
2025-10-16T13:00:00Z,120143.4
2025-10-16T14:00:00Z,118341.6
2025-10-16T15:00:00Z,117114.1
2025-10-16T16:00:00Z,112425.6
2025-10-16T17:00:00Z,108739.2
2025-10-16T18:00:00Z,105976.8
2025-10-16T19:00:00Z,102255.4
2025-10-16T20:00:00Z,99898.6
2025-10-16T21:00:00Z,93784.2
2025-10-16T22:00:00Z,95547.2
2025-10-16T23:00:00Z,90930.4
2025-10-17T00:00:00Z,92412.0
2025-10-17T01:00:00Z,91057.4
2025-10-17T02:00:00Z,91927.0
2025-10-17T03:00:00Z,95731.7
2025-10-17T04:00:00Z,97823.0
2025-10-17T05:00:00Z,102857.7
2025-10-17T06:00:00Z,104768.2
2025-10-17T07:00:00Z,108297.8
2025-10-17T08:00:00Z,114963.9
2025-10-17T09:00:00Z,113866.2
2025-10-17T10:00:00Z,119690.0
2025-10-17T11:00:00Z,119503.4
2025-10-17T12:00:00Z,122009.7
2025-10-17T13:00:00Z,120435.5
2025-10-17T14:00:00Z,118669.0
2025-10-17T15:00:00Z,116470.1
2025-10-17T16:00:00Z,112879.0
2025-10-17T17:00:00Z,111419.2
2025-10-17T18:00:00Z,106572.0
2025-10-17T19:00:00Z,100732.0
2025-10-17T20:00:00Z,97098.5
2025-10-17T21:00:00Z,96988.4
2025-10-17T22:00:00Z,92246.2
2025-10-17T23:00:00Z,91963.8
2025-10-18T00:00:00Z,85837.9
2025-10-18T01:00:00Z,86343.5
2025-10-18T02:00:00Z,86557.6
2025-10-18T03:00:00Z,91990.9
2025-10-18T04:00:00Z,95459.5
2025-10-18T05:00:00Z,95988.7
2025-10-18T06:00:00Z,102274.5
2025-10-18T07:00:00Z,107454.9
2025-10-18T08:00:00Z,109481.5
2025-10-18T09:00:00Z,111988.5
2025-10-18T10:00:00Z,113750.5
2025-10-18T11:00:00Z,118030.8
2025-10-18T12:00:00Z,117018.9
2025-10-18T13:00:00Z,116980.8
2025-10-18T14:00:00Z,113788.6
2025-10-18T15:00:00Z,110035.2
2025-10-18T16:00:00Z,107537.5
2025-10-18T17:00:00Z,104599.2
2025-10-18T18:00:00Z,101647.9
2025-10-18T19:00:00Z,98731.5
2025-10-18T20:00:00Z,93971.0
2025-10-18T21:00:00Z,90115.0
2025-10-18T22:00:00Z,88338.3
2025-10-18T23:00:00Z,85481.4
2025-10-19T00:00:00Z,85910.1
2025-10-19T01:00:00Z,84775.8
2025-10-19T02:00:00Z,88221.3
2025-10-19T03:00:00Z,88599.9
2025-10-19T04:00:00Z,92720.9
2025-10-19T05:00:00Z,97179.0
2025-10-19T06:00:00Z,101788.5
2025-10-19T07:00:00Z,105482.7
2025-10-19T08:00:00Z,109366.1
2025-10-19T09:00:00Z,113036.9
2025-10-19T10:00:00Z,115107.0
2025-10-19T11:00:00Z,117268.1
2025-10-19T12:00:00Z,117410.2
2025-10-19T13:00:00Z,116722.3
2025-10-19T14:00:00Z,112584.3
2025-10-19T15:00:00Z,114151.9
2025-10-19T16:00:00Z,109027.7
2025-10-19T17:00:00Z,104444.8
2025-10-19T18:00:00Z,102856.9
2025-10-19T19:00:00Z,97702.8
2025-10-19T20:00:00Z,92487.0
2025-10-19T21:00:00Z,89928.1
2025-10-19T22:00:00Z,88474.1
2025-10-19T23:00:00Z,86172.7
2025-10-20T00:00:00Z,91659.2
2025-10-20T01:00:00Z,90780.6
2025-10-20T02:00:00Z,89241.4
2025-10-20T03:00:00Z,96134.4
2025-10-20T04:00:00Z,96117.5
2025-10-20T05:00:00Z,98780.4
2025-10-20T06:00:00Z,104554.6
2025-10-20T07:00:00Z,110292.5
2025-10-20T08:00:00Z,111476.4
2025-10-20T09:00:00Z,115690.8
2025-10-20T10:00:00Z,120320.3
2025-10-20T11:00:00Z,122426.5
2025-10-20T12:00:00Z,122224.8
2025-10-20T13:00:00Z,119898.3
2025-10-20T14:00:00Z,119264.2
2025-10-20T15:00:00Z,118006.3
2025-10-20T16:00:00Z,113273.3
2025-10-20T17:00:00Z,110657.8
2025-10-20T18:00:00Z,105768.1
2025-10-20T19:00:00Z,98787.2
2025-10-20T20:00:00Z,96772.5
2025-10-20T21:00:00Z,95585.0
2025-10-20T22:00:00Z,91470.8
2025-10-20T23:00:00Z,89194.8
2025-10-21T00:00:00Z,90757.7
2025-10-21T01:00:00Z,89657.6
2025-10-21T02:00:00Z,93576.3
2025-10-21T03:00:00Z,93534.8
2025-10-21T04:00:00Z,98421.6
2025-10-21T05:00:00Z,100776.3
2025-10-21T06:00:00Z,106822.9
2025-10-21T07:00:00Z,108754.1
2025-10-21T08:00:00Z,113448.0
2025-10-21T09:00:00Z,115946.8
2025-10-21T10:00:00Z,119628.7
2025-10-21T11:00:00Z,120594.6
2025-10-21T12:00:00Z,121965.9
2025-10-21T13:00:00Z,120554.7
2025-10-21T14:00:00Z,118620.4
2025-10-21T15:00:00Z,118127.2
2025-10-21T16:00:00Z,114020.8
2025-10-21T17:00:00Z,111348.7
2025-10-21T18:00:00Z,104479.3
2025-10-21T19:00:00Z,103550.3
2025-10-21T20:00:00Z,97877.8
2025-10-21T21:00:00Z,94297.7
2025-10-21T22:00:00Z,90741.7
2025-10-21T23:00:00Z,88923.8
2025-10-22T00:00:00Z,90294.7
2025-10-22T01:00:00Z,91487.9
2025-10-22T02:00:00Z,92249.2
2025-10-22T03:00:00Z,95448.1
2025-10-22T04:00:00Z,96432.1
2025-10-22T05:00:00Z,101755.1
2025-10-22T06:00:00Z,105288.1
2025-10-22T07:00:00Z,111329.8
2025-10-22T08:00:00Z,111855.1
2025-10-22T09:00:00Z,115067.6
2025-10-22T10:00:00Z,119159.4
2025-10-22T11:00:00Z,120762.4
2025-10-22T12:00:00Z,120800.0
2025-10-22T13:00:00Z,120879.0
2025-10-22T14:00:00Z,119725.1
2025-10-22T15:00:00Z,115977.0
2025-10-22T16:00:00Z,115585.1
2025-10-22T17:00:00Z,108073.8
2025-10-22T18:00:00Z,106578.1
2025-10-22T19:00:00Z,98196.7
2025-10-22T20:00:00Z,98994.4
2025-10-22T21:00:00Z,93306.1
2025-10-22T22:00:00Z,92310.5
2025-10-22T23:00:00Z,90526.4
2025-10-23T00:00:00Z,88872.0
2025-10-23T01:00:00Z,90123.8
2025-10-23T02:00:00Z,91311.3
2025-10-23T03:00:00Z,93961.4
2025-10-23T04:00:00Z,98713.3
2025-10-23T05:00:00Z,99385.0
2025-10-23T06:00:00Z,106287.8
2025-10-23T07:00:00Z,108589.6
2025-10-23T08:00:00Z,114259.6
2025-10-23T09:00:00Z,116934.9
2025-10-23T10:00:00Z,119848.5
2025-10-23T11:00:00Z,120498.5
2025-10-23T12:00:00Z,121576.9
2025-10-23T13:00:00Z,120295.4
2025-10-23T14:00:00Z,119095.9
2025-10-23T15:00:00Z,117234.7
2025-10-23T16:00:00Z,114854.5
2025-10-23T17:00:00Z,110271.8
2025-10-23T18:00:00Z,105070.6
2025-10-23T19:00:00Z,99600.3
2025-10-23T20:00:00Z,97320.2
2025-10-23T21:00:00Z,94618.6
2025-10-23T22:00:00Z,91723.7
2025-10-23T23:00:00Z,91903.7
2025-10-24T00:00:00Z,91435.0
2025-10-24T01:00:00Z,90817.6
2025-10-24T02:00:00Z,90622.2
2025-10-24T03:00:00Z,94806.0
2025-10-24T04:00:00Z,97183.2
2025-10-24T05:00:00Z,99282.7
2025-10-24T06:00:00Z,105178.2
2025-10-24T07:00:00Z,108860.9
2025-10-24T08:00:00Z,113899.9
2025-10-24T09:00:00Z,114136.3
2025-10-24T10:00:00Z,116837.8
2025-10-24T11:00:00Z,120785.9
2025-10-24T12:00:00Z,122999.8
2025-10-24T13:00:00Z,120768.3
2025-10-24T14:00:00Z,119177.7
2025-10-24T15:00:00Z,116831.3
2025-10-24T16:00:00Z,112676.8
2025-10-24T17:00:00Z,107230.4
2025-10-24T18:00:00Z,105313.2
2025-10-24T19:00:00Z,100956.7
2025-10-24T20:00:00Z,96154.9
2025-10-24T21:00:00Z,96930.4
2025-10-24T22:00:00Z,90661.2
2025-10-24T23:00:00Z,91335.0
2025-10-25T00:00:00Z,88448.3
2025-10-25T01:00:00Z,86016.5
2025-10-25T02:00:00Z,87182.0
2025-10-25T03:00:00Z,89408.6
2025-10-25T04:00:00Z,94274.5
2025-10-25T05:00:00Z,97416.9
2025-10-25T06:00:00Z,101364.7
2025-10-25T07:00:00Z,102232.9
2025-10-25T08:00:00Z,109322.8
2025-10-25T09:00:00Z,111865.4
2025-10-25T10:00:00Z,115400.1
2025-10-25T11:00:00Z,114687.1
2025-10-25T12:00:00Z,116651.9
2025-10-25T13:00:00Z,116439.3
2025-10-25T14:00:00Z,115130.3
2025-10-25T15:00:00Z,112964.6
2025-10-25T16:00:00Z,107558.0
2025-10-25T17:00:00Z,106315.1
2025-10-25T18:00:00Z,101976.6
2025-10-25T19:00:00Z,95559.6
2025-10-25T20:00:00Z,93397.8
2025-10-25T21:00:00Z,90317.5
2025-10-25T22:00:00Z,87575.8
2025-10-25T23:00:00Z,83651.3
2025-10-26T00:00:00Z,85789.9
2025-10-26T01:00:00Z,87416.8
2025-10-26T02:00:00Z,85564.1
2025-10-26T03:00:00Z,90600.5
2025-10-26T04:00:00Z,95769.5
2025-10-26T05:00:00Z,96584.4
2025-10-26T06:00:00Z,103045.6
2025-10-26T07:00:00Z,108207.0
2025-10-26T08:00:00Z,109128.7
2025-10-26T09:00:00Z,113589.7
2025-10-26T10:00:00Z,116433.8
2025-10-26T11:00:00Z,115592.9
2025-10-26T12:00:00Z,117215.4
2025-10-26T13:00:00Z,117560.2
2025-10-26T14:00:00Z,115808.3
2025-10-26T15:00:00Z,112241.8
2025-10-26T16:00:00Z,108451.3
2025-10-26T17:00:00Z,107057.0
2025-10-26T18:00:00Z,104087.8
2025-10-26T19:00:00Z,98139.6
2025-10-26T20:00:00Z,94345.6
2025-10-26T21:00:00Z,88952.3
2025-10-26T22:00:00Z,86500.8
2025-10-26T23:00:00Z,85435.9
2025-10-27T00:00:00Z,90687.4
2025-10-27T01:00:00Z,91540.5
2025-10-27T02:00:00Z,92288.0
2025-10-27T03:00:00Z,93932.7
2025-10-27T04:00:00Z,97682.9
2025-10-27T05:00:00Z,102063.9
2025-10-27T06:00:00Z,105119.2
2025-10-27T07:00:00Z,108662.0
2025-10-27T08:00:00Z,115813.7
2025-10-27T09:00:00Z,115176.9
2025-10-27T10:00:00Z,118882.9
2025-10-27T11:00:00Z,122603.9
2025-10-27T12:00:00Z,121139.8
2025-10-27T13:00:00Z,122264.8
2025-10-27T14:00:00Z,119873.2
2025-10-27T15:00:00Z,115665.5
2025-10-27T16:00:00Z,113002.2
2025-10-27T17:00:00Z,108275.4
2025-10-27T18:00:00Z,106022.5
2025-10-27T19:00:00Z,102312.7
2025-10-27T20:00:00Z,96785.0
2025-10-27T21:00:00Z,95248.2
2025-10-27T22:00:00Z,91366.9
2025-10-27T23:00:00Z,86751.5
2025-10-28T00:00:00Z,87096.7
2025-10-28T01:00:00Z,91110.1
2025-10-28T02:00:00Z,93684.3
2025-10-28T03:00:00Z,96817.4
2025-10-28T04:00:00Z,96134.0
2025-10-28T05:00:00Z,102329.3
2025-10-28T06:00:00Z,105312.6
2025-10-28T07:00:00Z,109351.5
2025-10-28T08:00:00Z,110888.8
2025-10-28T09:00:00Z,117508.6
2025-10-28T10:00:00Z,118881.4
2025-10-28T11:00:00Z,120500.2
2025-10-28T12:00:00Z,122152.1
2025-10-28T13:00:00Z,120853.1
2025-10-28T14:00:00Z,117341.4
2025-10-28T15:00:00Z,118534.0
2025-10-28T16:00:00Z,110904.3
2025-10-28T17:00:00Z,109393.9
2025-10-28T18:00:00Z,104878.5
2025-10-28T19:00:00Z,103401.9
2025-10-28T20:00:00Z,96581.4
2025-10-28T21:00:00Z,92324.2
2025-10-28T22:00:00Z,92419.0
2025-10-28T23:00:00Z,88745.7
2025-10-29T00:00:00Z,86584.4
2025-10-29T01:00:00Z,88797.5
2025-10-29T02:00:00Z,91709.4
2025-10-29T03:00:00Z,93035.2
2025-10-29T04:00:00Z,99759.7
2025-10-29T05:00:00Z,99914.7
2025-10-29T06:00:00Z,104293.8
2025-10-29T07:00:00Z,108573.6
2025-10-29T08:00:00Z,113545.1
2025-10-29T09:00:00Z,117362.6
2025-10-29T10:00:00Z,118268.3
2025-10-29T11:00:00Z,120476.9
2025-10-29T12:00:00Z,118671.7
2025-10-29T13:00:00Z,121566.3
2025-10-29T14:00:00Z,119240.2
2025-10-29T15:00:00Z,116593.2
2025-10-29T16:00:00Z,114230.2
2025-10-29T17:00:00Z,109798.2
2025-10-29T18:00:00Z,104304.8
2025-10-29T19:00:00Z,100593.6
2025-10-29T20:00:00Z,98122.8
2025-10-29T21:00:00Z,95716.5
2025-10-29T22:00:00Z,90225.2
2025-10-29T23:00:00Z,90409.4
2025-10-30T00:00:00Z,88056.8
2025-10-30T01:00:00Z,92058.9
2025-10-30T02:00:00Z,93066.5
2025-10-30T03:00:00Z,92825.0
2025-10-30T04:00:00Z,99266.1
2025-10-30T05:00:00Z,99903.0
2025-10-30T06:00:00Z,104764.0
2025-10-30T07:00:00Z,110115.3
2025-10-30T08:00:00Z,115221.7
2025-10-30T09:00:00Z,114841.3
2025-10-30T10:00:00Z,120350.1
2025-10-30T11:00:00Z,120436.3
2025-10-30T12:00:00Z,120351.9
2025-10-30T13:00:00Z,119870.9
2025-10-30T14:00:00Z,118782.6
2025-10-30T15:00:00Z,115964.0
2025-10-30T16:00:00Z,112579.4
2025-10-30T17:00:00Z,109529.1
2025-10-30T18:00:00Z,104685.5
2025-10-30T19:00:00Z,103084.2
2025-10-30T20:00:00Z,99503.6
2025-10-30T21:00:00Z,95036.2
2025-10-30T22:00:00Z,92084.1
2025-10-30T23:00:00Z,91788.0
2025-10-31T00:00:00Z,88666.8
2025-10-31T01:00:00Z,90807.8
2025-10-31T02:00:00Z,92220.6
2025-10-31T03:00:00Z,96328.4
2025-10-31T04:00:00Z,95728.3
2025-10-31T05:00:00Z,101804.0
2025-10-31T06:00:00Z,106824.8
2025-10-31T07:00:00Z,109218.5
2025-10-31T08:00:00Z,113572.9
2025-10-31T09:00:00Z,116336.5
2025-10-31T10:00:00Z,116808.6
2025-10-31T11:00:00Z,119029.4
2025-10-31T12:00:00Z,121219.8
2025-10-31T13:00:00Z,122469.7
2025-10-31T14:00:00Z,116613.9
2025-10-31T15:00:00Z,115817.2
2025-10-31T16:00:00Z,114826.2
2025-10-31T17:00:00Z,109494.7
2025-10-31T18:00:00Z,105458.6
2025-10-31T19:00:00Z,101276.6
2025-10-31T20:00:00Z,96420.8
2025-10-31T21:00:00Z,91916.8
2025-10-31T22:00:00Z,92511.1
2025-10-31T23:00:00Z,91545.4
2025-11-01T00:00:00Z,87990.7
2025-11-01T01:00:00Z,87182.8
2025-11-01T02:00:00Z,83844.5
2025-11-01T03:00:00Z,90000.4
2025-11-01T04:00:00Z,92048.4
2025-11-01T05:00:00Z,97192.9
2025-11-01T06:00:00Z,101798.0
2025-11-01T07:00:00Z,103255.0
2025-11-01T08:00:00Z,109624.6
2025-11-01T09:00:00Z,112165.2
2025-11-01T10:00:00Z,115542.2
2025-11-01T11:00:00Z,116693.3
2025-11-01T12:00:00Z,117339.7
2025-11-01T13:00:00Z,114483.3
2025-11-01T14:00:00Z,114334.9
2025-11-01T15:00:00Z,113000.0
2025-11-01T16:00:00Z,108253.1
2025-11-01T17:00:00Z,106548.7
2025-11-01T18:00:00Z,99234.3
2025-11-01T19:00:00Z,96855.6
2025-11-01T20:00:00Z,93955.6
2025-11-01T21:00:00Z,91591.6
2025-11-01T22:00:00Z,86948.0
2025-11-01T23:00:00Z,89812.4
2025-11-02T00:00:00Z,85805.5
2025-11-02T01:00:00Z,84630.5
2025-11-02T02:00:00Z,85457.0
2025-11-02T03:00:00Z,88478.7
2025-11-02T04:00:00Z,92510.2
2025-11-02T05:00:00Z,97105.0
2025-11-02T06:00:00Z,100382.7
2025-11-02T07:00:00Z,107307.7
2025-11-02T08:00:00Z,110689.9
2025-11-02T09:00:00Z,113315.2
2025-11-02T10:00:00Z,117005.2
2025-11-02T11:00:00Z,115248.8
2025-11-02T12:00:00Z,115848.5
2025-11-02T13:00:00Z,116204.5
2025-11-02T14:00:00Z,114488.8
2025-11-02T15:00:00Z,112172.4
2025-11-02T16:00:00Z,111142.8
2025-11-02T17:00:00Z,107074.4
2025-11-02T18:00:00Z,101152.0
2025-11-02T19:00:00Z,95733.2
2025-11-02T20:00:00Z,91032.6
2025-11-02T21:00:00Z,91145.4
2025-11-02T22:00:00Z,90529.2
2025-11-02T23:00:00Z,86667.9
2025-11-03T00:00:00Z,89162.0
2025-11-03T01:00:00Z,89436.0
2025-11-03T02:00:00Z,90629.0
2025-11-03T03:00:00Z,94863.0
2025-11-03T04:00:00Z,96985.6
2025-11-03T05:00:00Z,102810.2
2025-11-03T06:00:00Z,102248.6
2025-11-03T07:00:00Z,108645.7
2025-11-03T08:00:00Z,113722.3
2025-11-03T09:00:00Z,115638.8
2025-11-03T10:00:00Z,118139.2
2025-11-03T11:00:00Z,120481.2
2025-11-03T12:00:00Z,120815.3
2025-11-03T13:00:00Z,118492.5
2025-11-03T14:00:00Z,118574.2
2025-11-03T15:00:00Z,115332.7
2025-11-03T16:00:00Z,113302.3
2025-11-03T17:00:00Z,107146.1
2025-11-03T18:00:00Z,105035.5
2025-11-03T19:00:00Z,99070.8
2025-11-03T20:00:00Z,95322.5
2025-11-03T21:00:00Z,93736.2
2025-11-03T22:00:00Z,91166.3
2025-11-03T23:00:00Z,92389.1
2025-11-04T00:00:00Z,89460.5
2025-11-04T01:00:00Z,91662.4
2025-11-04T02:00:00Z,93874.6
2025-11-04T03:00:00Z,92601.8
2025-11-04T04:00:00Z,98095.5
2025-11-04T05:00:00Z,101141.7
2025-11-04T06:00:00Z,103256.7
2025-11-04T07:00:00Z,109076.0
2025-11-04T08:00:00Z,111992.0
2025-11-04T09:00:00Z,113690.9
2025-11-04T10:00:00Z,119133.9
2025-11-04T11:00:00Z,120508.4
2025-11-04T12:00:00Z,120611.8
2025-11-04T13:00:00Z,119791.6
2025-11-04T14:00:00Z,118602.4
2025-11-04T15:00:00Z,116615.1
2025-11-04T16:00:00Z,110188.9
2025-11-04T17:00:00Z,110110.4
2025-11-04T18:00:00Z,103643.3
2025-11-04T19:00:00Z,102417.7
2025-11-04T20:00:00Z,96981.9
2025-11-04T21:00:00Z,93666.9
2025-11-04T22:00:00Z,91300.4
2025-11-04T23:00:00Z,92235.0
2025-11-05T00:00:00Z,91120.0
2025-11-05T01:00:00Z,89442.5
2025-11-05T02:00:00Z,91284.1
2025-11-05T03:00:00Z,94543.4
2025-11-05T04:00:00Z,96899.5
2025-11-05T05:00:00Z,100879.2
2025-11-05T06:00:00Z,104140.2
2025-11-05T07:00:00Z,111086.0
2025-11-05T08:00:00Z,111010.6
2025-11-05T09:00:00Z,113888.3
2025-11-05T10:00:00Z,116896.0
2025-11-05T11:00:00Z,119178.8
2025-11-05T12:00:00Z,120290.6
2025-11-05T13:00:00Z,119280.3
2025-11-05T14:00:00Z,120138.1
2025-11-05T15:00:00Z,114100.9
2025-11-05T16:00:00Z,111653.9
2025-11-05T17:00:00Z,110455.3
2025-11-05T18:00:00Z,104525.9
2025-11-05T19:00:00Z,101182.5
2025-11-05T20:00:00Z,98766.5
2025-11-05T21:00:00Z,93128.4
2025-11-05T22:00:00Z,91807.9
2025-11-05T23:00:00Z,89023.8
2025-11-06T00:00:00Z,87267.5
2025-11-06T01:00:00Z,88834.4
2025-11-06T02:00:00Z,91142.4
2025-11-06T03:00:00Z,95223.0
2025-11-06T04:00:00Z,98044.9
2025-11-06T05:00:00Z,101654.6
2025-11-06T06:00:00Z,105600.3
2025-11-06T07:00:00Z,108569.8
2025-11-06T08:00:00Z,112649.6
2025-11-06T09:00:00Z,115511.2
2025-11-06T10:00:00Z,118575.8
2025-11-06T11:00:00Z,122490.1
2025-11-06T12:00:00Z,120755.7
2025-11-06T13:00:00Z,120007.6
2025-11-06T14:00:00Z,119416.8
2025-11-06T15:00:00Z,116133.8
2025-11-06T16:00:00Z,111252.1
2025-11-06T17:00:00Z,108675.5
2025-11-06T18:00:00Z,106114.6
2025-11-06T19:00:00Z,101310.8
2025-11-06T20:00:00Z,96915.2
2025-11-06T21:00:00Z,92955.2
2025-11-06T22:00:00Z,90395.8
2025-11-06T23:00:00Z,89335.0
2025-11-07T00:00:00Z,89202.4
2025-11-07T01:00:00Z,88470.7
2025-11-07T02:00:00Z,91669.1
2025-11-07T03:00:00Z,94862.5
2025-11-07T04:00:00Z,92332.6
2025-11-07T05:00:00Z,102276.8
2025-11-07T06:00:00Z,105280.2
2025-11-07T07:00:00Z,109035.5
2025-11-07T08:00:00Z,113453.0
2025-11-07T09:00:00Z,114262.1
2025-11-07T10:00:00Z,119009.0
2025-11-07T11:00:00Z,118198.6
2025-11-07T12:00:00Z,120155.8
2025-11-07T13:00:00Z,119013.5
2025-11-07T14:00:00Z,119102.8
2025-11-07T15:00:00Z,116251.8
2025-11-07T16:00:00Z,112831.6
2025-11-07T17:00:00Z,109406.7
2025-11-07T18:00:00Z,106400.1
2025-11-07T19:00:00Z,101332.7
2025-11-07T20:00:00Z,96959.2
2025-11-07T21:00:00Z,95152.4
2025-11-07T22:00:00Z,91102.3
2025-11-07T23:00:00Z,89092.9
2025-11-08T00:00:00Z,85762.5
2025-11-08T01:00:00Z,86006.1
2025-11-08T02:00:00Z,88390.2
2025-11-08T03:00:00Z,88130.7
2025-11-08T04:00:00Z,91580.0
2025-11-08T05:00:00Z,95810.1
2025-11-08T06:00:00Z,101561.8
2025-11-08T07:00:00Z,106170.3
2025-11-08T08:00:00Z,109206.8
2025-11-08T09:00:00Z,111205.7
2025-11-08T10:00:00Z,113036.8
2025-11-08T11:00:00Z,114397.8
2025-11-08T12:00:00Z,112109.4
2025-11-08T13:00:00Z,115725.5
2025-11-08T14:00:00Z,111432.7
2025-11-08T15:00:00Z,109743.8
2025-11-08T16:00:00Z,107357.7
2025-11-08T17:00:00Z,105737.8
2025-11-08T18:00:00Z,99855.1
2025-11-08T19:00:00Z,96783.2
2025-11-08T20:00:00Z,94730.4
2025-11-08T21:00:00Z,89265.2
2025-11-08T22:00:00Z,85624.1
2025-11-08T23:00:00Z,86519.5
2025-11-09T00:00:00Z,85591.1
2025-11-09T01:00:00Z,84405.2
2025-11-09T02:00:00Z,89263.8
2025-11-09T03:00:00Z,88610.6
2025-11-09T04:00:00Z,92693.3
2025-11-09T05:00:00Z,96547.0
2025-11-09T06:00:00Z,98743.9
2025-11-09T07:00:00Z,103268.2
2025-11-09T08:00:00Z,107820.9
2025-11-09T09:00:00Z,112314.2
2025-11-09T10:00:00Z,114657.5
2025-11-09T11:00:00Z,115731.6
2025-11-09T12:00:00Z,113502.3
2025-11-09T13:00:00Z,115405.7
2025-11-09T14:00:00Z,113725.1
2025-11-09T15:00:00Z,112851.9
2025-11-09T16:00:00Z,108064.5
2025-11-09T17:00:00Z,106476.2
2025-11-09T18:00:00Z,101313.7
2025-11-09T19:00:00Z,96525.2
2025-11-09T20:00:00Z,91749.4
2025-11-09T21:00:00Z,89477.8
2025-11-09T22:00:00Z,85828.2
2025-11-09T23:00:00Z,86023.8
2025-11-10T00:00:00Z,86557.9
2025-11-10T01:00:00Z,88730.9
2025-11-10T02:00:00Z,90665.5
2025-11-10T03:00:00Z,90887.9
2025-11-10T04:00:00Z,96824.7
2025-11-10T05:00:00Z,101193.8
2025-11-10T06:00:00Z,105008.4
2025-11-10T07:00:00Z,108511.8
2025-11-10T08:00:00Z,111210.7
2025-11-10T09:00:00Z,114362.8
2025-11-10T10:00:00Z,117943.0
2025-11-10T11:00:00Z,120491.2
2025-11-10T12:00:00Z,120059.8
2025-11-10T13:00:00Z,117227.1
2025-11-10T14:00:00Z,117359.1
2025-11-10T15:00:00Z,114938.9
2025-11-10T16:00:00Z,112518.6
2025-11-10T17:00:00Z,107360.0
2025-11-10T18:00:00Z,104300.5
2025-11-10T19:00:00Z,100410.4
2025-11-10T20:00:00Z,96184.2
2025-11-10T21:00:00Z,95034.6
2025-11-10T22:00:00Z,91357.9
2025-11-10T23:00:00Z,90266.0
2025-11-11T00:00:00Z,87875.4
2025-11-11T01:00:00Z,89541.2
2025-11-11T02:00:00Z,88143.9
2025-11-11T03:00:00Z,95323.4
2025-11-11T04:00:00Z,96022.7
2025-11-11T05:00:00Z,101133.5
2025-11-11T06:00:00Z,102669.7
2025-11-11T07:00:00Z,110461.5
2025-11-11T08:00:00Z,110443.8
2025-11-11T09:00:00Z,114298.3
2025-11-11T10:00:00Z,117447.1
2025-11-11T11:00:00Z,119000.6
2025-11-11T12:00:00Z,118528.3
2025-11-11T13:00:00Z,118917.8
2025-11-11T14:00:00Z,119439.1
2025-11-11T15:00:00Z,115597.8
2025-11-11T16:00:00Z,113696.4
2025-11-11T17:00:00Z,109794.1
2025-11-11T18:00:00Z,104353.8
2025-11-11T19:00:00Z,100738.5
2025-11-11T20:00:00Z,96771.6
2025-11-11T21:00:00Z,92148.2
2025-11-11T22:00:00Z,90943.9
2025-11-11T23:00:00Z,89986.2
2025-11-12T00:00:00Z,88090.3
2025-11-12T01:00:00Z,89321.5
2025-11-12T02:00:00Z,89102.1
2025-11-12T03:00:00Z,94527.8
2025-11-12T04:00:00Z,95757.8
2025-11-12T05:00:00Z,98415.1
2025-11-12T06:00:00Z,105287.1
2025-11-12T07:00:00Z,109280.5
2025-11-12T08:00:00Z,112136.3
2025-11-12T09:00:00Z,115865.3
2025-11-12T10:00:00Z,118404.8
2025-11-12T11:00:00Z,119200.4
2025-11-12T12:00:00Z,120052.4
2025-11-12T13:00:00Z,119247.1
2025-11-12T14:00:00Z,119749.6
2025-11-12T15:00:00Z,114948.8
2025-11-12T16:00:00Z,109588.1
2025-11-12T17:00:00Z,107866.9
2025-11-12T18:00:00Z,106514.1
2025-11-12T19:00:00Z,99022.7
2025-11-12T20:00:00Z,94659.5
2025-11-12T21:00:00Z,92764.8
2025-11-12T22:00:00Z,93099.6
2025-11-12T23:00:00Z,87603.2
2025-11-13T00:00:00Z,88447.5
2025-11-13T01:00:00Z,85916.8
2025-11-13T02:00:00Z,90338.1
2025-11-13T03:00:00Z,91603.9
2025-11-13T04:00:00Z,98039.6
2025-11-13T05:00:00Z,97833.9
2025-11-13T06:00:00Z,103396.7
2025-11-13T07:00:00Z,106758.7
2025-11-13T08:00:00Z,113287.4
2025-11-13T09:00:00Z,116985.1
2025-11-13T10:00:00Z,116840.8
2025-11-13T11:00:00Z,119265.3
2025-11-13T12:00:00Z,119500.8
2025-11-13T13:00:00Z,119750.1
2025-11-13T14:00:00Z,116247.1
2025-11-13T15:00:00Z,112198.0
2025-11-13T16:00:00Z,111358.5
2025-11-13T17:00:00Z,107144.8
2025-11-13T18:00:00Z,103054.4
2025-11-13T19:00:00Z,99029.8
2025-11-13T20:00:00Z,94399.3
2025-11-13T21:00:00Z,93446.7
2025-11-13T22:00:00Z,90664.8
2025-11-13T23:00:00Z,88620.0
2025-11-14T00:00:00Z,87682.6
2025-11-14T01:00:00Z,87934.2
2025-11-14T02:00:00Z,88815.9
2025-11-14T03:00:00Z,93786.0
2025-11-14T04:00:00Z,97654.4
2025-11-14T05:00:00Z,98480.0
2025-11-14T06:00:00Z,102956.3
2025-11-14T07:00:00Z,105786.0
2025-11-14T08:00:00Z,111812.2
2025-11-14T09:00:00Z,116595.2
2025-11-14T10:00:00Z,117335.9
2025-11-14T11:00:00Z,120006.0
2025-11-14T12:00:00Z,116317.5
2025-11-14T13:00:00Z,115988.0
2025-11-14T14:00:00Z,119070.6
2025-11-14T15:00:00Z,113454.4
2025-11-14T16:00:00Z,110871.1
2025-11-14T17:00:00Z,107057.4
2025-11-14T18:00:00Z,106056.4
2025-11-14T19:00:00Z,98799.1
2025-11-14T20:00:00Z,94273.3
2025-11-14T21:00:00Z,95129.9
2025-11-14T22:00:00Z,90262.0
2025-11-14T23:00:00Z,88674.6
2025-11-15T00:00:00Z,81793.6
2025-11-15T01:00:00Z,85342.8
2025-11-15T02:00:00Z,86357.6
2025-11-15T03:00:00Z,88101.6
2025-11-15T04:00:00Z,90660.8
2025-11-15T05:00:00Z,96230.0
2025-11-15T06:00:00Z,99426.5
2025-11-15T07:00:00Z,102884.5
2025-11-15T08:00:00Z,104983.6
2025-11-15T09:00:00Z,110635.3
2025-11-15T10:00:00Z,115477.3
2025-11-15T11:00:00Z,114297.9
2025-11-15T12:00:00Z,115802.7
2025-11-15T13:00:00Z,114357.2
2025-11-15T14:00:00Z,112636.9
2025-11-15T15:00:00Z,111228.9
2025-11-15T16:00:00Z,106375.8
2025-11-15T17:00:00Z,102342.6
2025-11-15T18:00:00Z,97637.1
2025-11-15T19:00:00Z,95983.5
2025-11-15T20:00:00Z,93575.1
2025-11-15T21:00:00Z,86315.7
2025-11-15T22:00:00Z,85587.9
2025-11-15T23:00:00Z,83352.3
2025-11-16T00:00:00Z,83292.5
2025-11-16T01:00:00Z,84117.9
2025-11-16T02:00:00Z,85610.1
2025-11-16T03:00:00Z,88718.3
2025-11-16T04:00:00Z,91514.4
2025-11-16T05:00:00Z,95755.8
2025-11-16T06:00:00Z,97667.1
2025-11-16T07:00:00Z,104403.8
2025-11-16T08:00:00Z,106281.1
2025-11-16T09:00:00Z,109937.3
2025-11-16T10:00:00Z,112735.9
2025-11-16T11:00:00Z,113729.6
2025-11-16T12:00:00Z,114547.5
2025-11-16T13:00:00Z,115228.7
2025-11-16T14:00:00Z,113982.9
2025-11-16T15:00:00Z,110772.4
2025-11-16T16:00:00Z,107593.6
2025-11-16T17:00:00Z,101399.2
2025-11-16T18:00:00Z,99440.9
2025-11-16T19:00:00Z,92669.7
2025-11-16T20:00:00Z,89270.2
2025-11-16T21:00:00Z,86611.3
2025-11-16T22:00:00Z,89365.2
2025-11-16T23:00:00Z,83793.2
2025-11-17T00:00:00Z,85974.6
2025-11-17T01:00:00Z,89515.1
2025-11-17T02:00:00Z,91081.6
2025-11-17T03:00:00Z,92652.2
2025-11-17T04:00:00Z,96344.1
2025-11-17T05:00:00Z,98004.0
2025-11-17T06:00:00Z,104662.2
2025-11-17T07:00:00Z,105391.9
2025-11-17T08:00:00Z,110211.3
2025-11-17T09:00:00Z,113919.9
2025-11-17T10:00:00Z,114906.4
2025-11-17T11:00:00Z,117517.9
2025-11-17T12:00:00Z,121488.2
2025-11-17T13:00:00Z,116564.3
2025-11-17T14:00:00Z,118426.7
2025-11-17T15:00:00Z,112332.5
2025-11-17T16:00:00Z,110259.9
2025-11-17T17:00:00Z,109672.4
2025-11-17T18:00:00Z,104838.5
2025-11-17T19:00:00Z,97807.1
2025-11-17T20:00:00Z,97141.3
2025-11-17T21:00:00Z,91772.6
2025-11-17T22:00:00Z,91046.0
2025-11-17T23:00:00Z,89118.6
2025-11-18T00:00:00Z,87757.1
2025-11-18T01:00:00Z,88173.5
2025-11-18T02:00:00Z,89074.8
2025-11-18T03:00:00Z,94376.8
2025-11-18T04:00:00Z,94982.5
2025-11-18T05:00:00Z,97883.3
2025-11-18T06:00:00Z,103774.6
2025-11-18T07:00:00Z,105924.3
2025-11-18T08:00:00Z,110791.2
2025-11-18T09:00:00Z,114714.4
2025-11-18T10:00:00Z,116201.6
2025-11-18T11:00:00Z,117117.5
2025-11-18T12:00:00Z,118838.8
2025-11-18T13:00:00Z,118107.1
2025-11-18T14:00:00Z,116171.6
2025-11-18T15:00:00Z,113122.4
2025-11-18T16:00:00Z,112103.7
2025-11-18T17:00:00Z,108679.4
2025-11-18T18:00:00Z,102944.8
2025-11-18T19:00:00Z,98167.8
2025-11-18T20:00:00Z,95079.4
2025-11-18T21:00:00Z,90592.4
2025-11-18T22:00:00Z,89137.6
2025-11-18T23:00:00Z,88018.1
2025-11-19T00:00:00Z,87034.7
2025-11-19T01:00:00Z,87639.8
2025-11-19T02:00:00Z,88904.1
2025-11-19T03:00:00Z,93931.8
2025-11-19T04:00:00Z,94457.4
2025-11-19T05:00:00Z,97914.5
2025-11-19T06:00:00Z,105886.8
2025-11-19T07:00:00Z,104480.6
2025-11-19T08:00:00Z,112416.2
2025-11-19T09:00:00Z,113564.7
2025-11-19T10:00:00Z,118375.1
2025-11-19T11:00:00Z,121028.4
2025-11-19T12:00:00Z,120102.2
2025-11-19T13:00:00Z,117263.2
2025-11-19T14:00:00Z,115772.7
2025-11-19T15:00:00Z,112470.8
2025-11-19T16:00:00Z,111207.2
2025-11-19T17:00:00Z,108547.8
2025-11-19T18:00:00Z,102108.7
2025-11-19T19:00:00Z,102020.7
2025-11-19T20:00:00Z,94717.6
2025-11-19T21:00:00Z,89559.2
2025-11-19T22:00:00Z,91065.6
2025-11-19T23:00:00Z,88866.2
2025-11-20T00:00:00Z,88417.1
2025-11-20T01:00:00Z,86089.3
2025-11-20T02:00:00Z,89531.7
2025-11-20T03:00:00Z,91276.6
2025-11-20T04:00:00Z,96484.2
2025-11-20T05:00:00Z,100055.8
2025-11-20T06:00:00Z,102427.6
2025-11-20T07:00:00Z,107067.9
2025-11-20T08:00:00Z,108142.6
2025-11-20T09:00:00Z,113354.7
2025-11-20T10:00:00Z,116235.9
2025-11-20T11:00:00Z,118478.1
2025-11-20T12:00:00Z,119780.9
2025-11-20T13:00:00Z,116475.9
2025-11-20T14:00:00Z,116219.1
2025-11-20T15:00:00Z,116382.0
2025-11-20T16:00:00Z,112700.3
2025-11-20T17:00:00Z,108592.8
2025-11-20T18:00:00Z,102208.3
2025-11-20T19:00:00Z,97250.6
2025-11-20T20:00:00Z,95043.8
2025-11-20T21:00:00Z,90995.2
2025-11-20T22:00:00Z,89875.5
2025-11-20T23:00:00Z,88548.2
2025-11-21T00:00:00Z,89453.9
2025-11-21T01:00:00Z,86832.4
2025-11-21T02:00:00Z,90645.4
2025-11-21T03:00:00Z,93895.2
2025-11-21T04:00:00Z,95240.5
2025-11-21T05:00:00Z,98816.0
2025-11-21T06:00:00Z,99138.7
2025-11-21T07:00:00Z,107542.3
2025-11-21T08:00:00Z,111204.4
2025-11-21T09:00:00Z,115974.7
2025-11-21T10:00:00Z,114937.0
2025-11-21T11:00:00Z,117951.4
2025-11-21T12:00:00Z,117388.4
2025-11-21T13:00:00Z,116125.8
2025-11-21T14:00:00Z,120931.7
2025-11-21T15:00:00Z,113341.1
2025-11-21T16:00:00Z,112938.0
2025-11-21T17:00:00Z,103286.2
2025-11-21T18:00:00Z,103556.2
2025-11-21T19:00:00Z,97793.2
2025-11-21T20:00:00Z,96014.1
2025-11-21T21:00:00Z,91299.3
2025-11-21T22:00:00Z,89082.9
2025-11-21T23:00:00Z,87673.1
2025-11-22T00:00:00Z,82111.7
2025-11-22T01:00:00Z,83639.9
2025-11-22T02:00:00Z,85419.9
2025-11-22T03:00:00Z,88643.2
2025-11-22T04:00:00Z,90571.2
2025-11-22T05:00:00Z,94265.5
2025-11-22T06:00:00Z,98260.2
2025-11-22T07:00:00Z,102043.2
2025-11-22T08:00:00Z,104170.5
2025-11-22T09:00:00Z,108154.2
2025-11-22T10:00:00Z,112295.2
2025-11-22T11:00:00Z,114430.0
2025-11-22T12:00:00Z,113801.2
2025-11-22T13:00:00Z,114331.7
2025-11-22T14:00:00Z,109368.4
2025-11-22T15:00:00Z,109946.2
2025-11-22T16:00:00Z,105961.1
2025-11-22T17:00:00Z,101976.1
2025-11-22T18:00:00Z,97804.7
2025-11-22T19:00:00Z,93467.5
2025-11-22T20:00:00Z,90546.7
2025-11-22T21:00:00Z,88256.8
2025-11-22T22:00:00Z,85621.8
2025-11-22T23:00:00Z,83674.2
2025-11-23T00:00:00Z,81138.7
2025-11-23T01:00:00Z,81035.8
2025-11-23T02:00:00Z,86095.9
2025-11-23T03:00:00Z,84771.6
2025-11-23T04:00:00Z,88768.9
2025-11-23T05:00:00Z,92685.8
2025-11-23T06:00:00Z,98069.1
2025-11-23T07:00:00Z,101563.0
2025-11-23T08:00:00Z,105333.9
2025-11-23T09:00:00Z,107321.1
2025-11-23T10:00:00Z,108297.8
2025-11-23T11:00:00Z,114639.9
2025-11-23T12:00:00Z,114884.3
2025-11-23T13:00:00Z,112596.2
2025-11-23T14:00:00Z,111905.0
2025-11-23T15:00:00Z,107922.4
2025-11-23T16:00:00Z,106765.3
2025-11-23T17:00:00Z,103841.5
2025-11-23T18:00:00Z,98445.4
2025-11-23T19:00:00Z,91438.5
2025-11-23T20:00:00Z,88346.9
2025-11-23T21:00:00Z,89659.0
2025-11-23T22:00:00Z,86034.3
2025-11-23T23:00:00Z,81064.1
2025-11-24T00:00:00Z,87650.4
2025-11-24T01:00:00Z,84808.1
2025-11-24T02:00:00Z,88260.8
2025-11-24T03:00:00Z,89835.7
2025-11-24T04:00:00Z,95165.8
2025-11-24T05:00:00Z,98989.4
2025-11-24T06:00:00Z,100869.1
2025-11-24T07:00:00Z,106075.1
2025-11-24T08:00:00Z,111127.6
2025-11-24T09:00:00Z,115990.0
2025-11-24T10:00:00Z,116228.1
2025-11-24T11:00:00Z,118076.0
2025-11-24T12:00:00Z,116561.1
2025-11-24T13:00:00Z,116968.9
2025-11-24T14:00:00Z,118341.5
2025-11-24T15:00:00Z,113880.5
2025-11-24T16:00:00Z,110136.5
2025-11-24T17:00:00Z,106180.9
2025-11-24T18:00:00Z,104588.9
2025-11-24T19:00:00Z,97918.6
2025-11-24T20:00:00Z,93041.5
2025-11-24T21:00:00Z,90621.3
2025-11-24T22:00:00Z,89025.8
2025-11-24T23:00:00Z,87529.4
2025-11-25T00:00:00Z,85307.2
2025-11-25T01:00:00Z,87994.6
2025-11-25T02:00:00Z,89021.0
2025-11-25T03:00:00Z,92411.2
2025-11-25T04:00:00Z,94558.7
2025-11-25T05:00:00Z,95899.1
2025-11-25T06:00:00Z,100787.3
2025-11-25T07:00:00Z,106771.1
2025-11-25T08:00:00Z,108280.1
2025-11-25T09:00:00Z,112967.6
2025-11-25T10:00:00Z,114027.9
2025-11-25T11:00:00Z,116804.6
2025-11-25T12:00:00Z,120484.8
2025-11-25T13:00:00Z,114339.8
2025-11-25T14:00:00Z,116364.0
2025-11-25T15:00:00Z,115209.3
2025-11-25T16:00:00Z,109450.7
2025-11-25T17:00:00Z,107047.6
2025-11-25T18:00:00Z,102925.3
2025-11-25T19:00:00Z,97703.3
2025-11-25T20:00:00Z,93027.1
2025-11-25T21:00:00Z,89281.6
2025-11-25T22:00:00Z,89044.8
2025-11-25T23:00:00Z,88329.8
2025-11-26T00:00:00Z,85773.7
2025-11-26T01:00:00Z,85413.5
2025-11-26T02:00:00Z,89076.4
2025-11-26T03:00:00Z,90015.8
2025-11-26T04:00:00Z,93811.6
2025-11-26T05:00:00Z,98780.0
2025-11-26T06:00:00Z,100563.4
2025-11-26T07:00:00Z,106144.8
2025-11-26T08:00:00Z,106607.4
2025-11-26T09:00:00Z,114135.5
2025-11-26T10:00:00Z,115555.5
2025-11-26T11:00:00Z,115010.6
2025-11-26T12:00:00Z,117797.9
2025-11-26T13:00:00Z,116821.3
2025-11-26T14:00:00Z,115180.2
2025-11-26T15:00:00Z,111483.6
2025-11-26T16:00:00Z,111443.1
2025-11-26T17:00:00Z,104639.0
2025-11-26T18:00:00Z,101892.0
2025-11-26T19:00:00Z,97948.4
2025-11-26T20:00:00Z,92585.6
2025-11-26T21:00:00Z,91070.5
2025-11-26T22:00:00Z,88546.7
2025-11-26T23:00:00Z,86368.8
2025-11-27T00:00:00Z,86917.6
2025-11-27T01:00:00Z,86079.7
2025-11-27T02:00:00Z,87227.1
2025-11-27T03:00:00Z,93227.2
2025-11-27T04:00:00Z,93682.9
2025-11-27T05:00:00Z,97627.0
2025-11-27T06:00:00Z,101468.6
2025-11-27T07:00:00Z,106102.4
2025-11-27T08:00:00Z,107643.6
2025-11-27T09:00:00Z,110339.9
2025-11-27T10:00:00Z,114394.4
2025-11-27T11:00:00Z,116203.5
2025-11-27T12:00:00Z,116465.6
2025-11-27T13:00:00Z,115819.1
2025-11-27T14:00:00Z,116278.8
2025-11-27T15:00:00Z,111654.4
2025-11-27T16:00:00Z,111190.2
2025-11-27T17:00:00Z,105646.7
2025-11-27T18:00:00Z,101915.6
2025-11-27T19:00:00Z,97915.4
2025-11-27T20:00:00Z,92942.7
2025-11-27T21:00:00Z,89491.4
2025-11-27T22:00:00Z,88543.3
2025-11-27T23:00:00Z,86485.4
2025-11-28T00:00:00Z,87291.9
2025-11-28T01:00:00Z,86155.9
2025-11-28T02:00:00Z,87100.7
2025-11-28T03:00:00Z,89610.3
2025-11-28T04:00:00Z,93658.4
2025-11-28T05:00:00Z,97505.8
2025-11-28T06:00:00Z,100862.8
2025-11-28T07:00:00Z,106006.8
2025-11-28T08:00:00Z,111251.8
2025-11-28T09:00:00Z,112824.0
2025-11-28T10:00:00Z,114156.5
2025-11-28T11:00:00Z,116072.0
2025-11-28T12:00:00Z,116435.0
2025-11-28T13:00:00Z,114129.2
2025-11-28T14:00:00Z,114497.5
2025-11-28T15:00:00Z,113023.6
2025-11-28T16:00:00Z,108448.3
2025-11-28T17:00:00Z,103788.6
2025-11-28T18:00:00Z,100063.5
2025-11-28T19:00:00Z,99411.9
2025-11-28T20:00:00Z,94207.2
2025-11-28T21:00:00Z,88949.0
2025-11-28T22:00:00Z,88393.5
2025-11-28T23:00:00Z,85155.3
2025-11-29T00:00:00Z,82022.0
2025-11-29T01:00:00Z,79650.1
2025-11-29T02:00:00Z,83467.6
2025-11-29T03:00:00Z,86561.1
2025-11-29T04:00:00Z,90256.8
2025-11-29T05:00:00Z,92184.5
2025-11-29T06:00:00Z,95307.1
2025-11-29T07:00:00Z,101066.6
2025-11-29T08:00:00Z,105263.5
2025-11-29T09:00:00Z,106515.5
2025-11-29T10:00:00Z,110028.6
2025-11-29T11:00:00Z,110823.9
2025-11-29T12:00:00Z,113720.5
2025-11-29T13:00:00Z,110994.6
2025-11-29T14:00:00Z,111532.5
2025-11-29T15:00:00Z,106677.2
2025-11-29T16:00:00Z,105947.1
2025-11-29T17:00:00Z,101897.9
2025-11-29T18:00:00Z,94593.1
2025-11-29T19:00:00Z,91169.7
2025-11-29T20:00:00Z,88657.3
2025-11-29T21:00:00Z,83895.1
2025-11-29T22:00:00Z,81798.4
2025-11-29T23:00:00Z,81501.6
2025-11-30T00:00:00Z,81084.1
2025-11-30T01:00:00Z,83022.7
2025-11-30T02:00:00Z,80607.0
2025-11-30T03:00:00Z,86825.5
2025-11-30T04:00:00Z,88023.4
2025-11-30T05:00:00Z,90727.3
2025-11-30T06:00:00Z,95893.3
2025-11-30T07:00:00Z,102197.8
2025-11-30T08:00:00Z,102387.3
2025-11-30T09:00:00Z,107931.5
2025-11-30T10:00:00Z,108191.2
2025-11-30T11:00:00Z,108510.1
2025-11-30T12:00:00Z,112632.6
2025-11-30T13:00:00Z,111322.4
2025-11-30T14:00:00Z,111771.9
2025-11-30T15:00:00Z,107149.4
2025-11-30T16:00:00Z,101841.7
2025-11-30T17:00:00Z,101903.9
2025-11-30T18:00:00Z,97007.0
2025-11-30T19:00:00Z,92277.5
2025-11-30T20:00:00Z,89305.6
2025-11-30T21:00:00Z,87033.2
2025-11-30T22:00:00Z,84096.7
2025-11-30T23:00:00Z,79620.8
2025-12-01T00:00:00Z,84392.9
2025-12-01T01:00:00Z,85762.0
2025-12-01T02:00:00Z,86941.1
2025-12-01T03:00:00Z,89594.0
2025-12-01T04:00:00Z,92479.9
2025-12-01T05:00:00Z,94442.3
2025-12-01T06:00:00Z,101339.8
2025-12-01T07:00:00Z,104344.0
2025-12-01T08:00:00Z,106272.7
2025-12-01T09:00:00Z,113593.9
2025-12-01T10:00:00Z,113493.6
2025-12-01T11:00:00Z,116212.2
2025-12-01T12:00:00Z,114884.6
2025-12-01T13:00:00Z,115722.5
2025-12-01T14:00:00Z,113687.0
2025-12-01T15:00:00Z,113866.8
2025-12-01T16:00:00Z,106312.9
2025-12-01T17:00:00Z,105170.0
2025-12-01T18:00:00Z,100219.2
2025-12-01T19:00:00Z,97256.4
2025-12-01T20:00:00Z,92857.2
2025-12-01T21:00:00Z,88763.2
2025-12-01T22:00:00Z,87996.3
2025-12-01T23:00:00Z,85324.2
2025-12-02T00:00:00Z,85888.3
2025-12-02T01:00:00Z,85784.8
2025-12-02T02:00:00Z,85969.9
2025-12-02T03:00:00Z,90201.3
2025-12-02T04:00:00Z,89941.3
2025-12-02T05:00:00Z,95501.9
2025-12-02T06:00:00Z,100870.0
2025-12-02T07:00:00Z,105985.4
2025-12-02T08:00:00Z,107169.1
2025-12-02T09:00:00Z,109921.5
2025-12-02T10:00:00Z,115530.1
2025-12-02T11:00:00Z,117044.8
2025-12-02T12:00:00Z,116483.3
2025-12-02T13:00:00Z,115499.9
2025-12-02T14:00:00Z,112741.6
2025-12-02T15:00:00Z,111952.8
2025-12-02T16:00:00Z,107129.8
2025-12-02T17:00:00Z,102202.1
2025-12-02T18:00:00Z,96809.3
2025-12-02T19:00:00Z,96947.8
2025-12-02T20:00:00Z,92782.0
2025-12-02T21:00:00Z,86236.3
2025-12-02T22:00:00Z,85630.8
2025-12-02T23:00:00Z,83844.2
2025-12-03T00:00:00Z,82934.5
2025-12-03T01:00:00Z,82763.3
2025-12-03T02:00:00Z,86842.5
2025-12-03T03:00:00Z,88643.3
2025-12-03T04:00:00Z,91256.4
2025-12-03T05:00:00Z,92198.8
2025-12-03T06:00:00Z,102039.3
2025-12-03T07:00:00Z,103399.1
2025-12-03T08:00:00Z,109578.2
2025-12-03T09:00:00Z,111403.5
2025-12-03T10:00:00Z,112979.3
2025-12-03T11:00:00Z,114290.0
2025-12-03T12:00:00Z,115794.9
2025-12-03T13:00:00Z,116242.4
2025-12-03T14:00:00Z,112571.9
2025-12-03T15:00:00Z,111962.7
2025-12-03T16:00:00Z,105858.6
2025-12-03T17:00:00Z,103997.1
2025-12-03T18:00:00Z,101292.2
2025-12-03T19:00:00Z,98452.7
2025-12-03T20:00:00Z,95884.5
2025-12-03T21:00:00Z,88736.9
2025-12-03T22:00:00Z,85684.0
2025-12-03T23:00:00Z,83593.1
2025-12-04T00:00:00Z,82604.2
2025-12-04T01:00:00Z,82984.5
2025-12-04T02:00:00Z,87522.4
2025-12-04T03:00:00Z,89071.3
2025-12-04T04:00:00Z,92971.7
2025-12-04T05:00:00Z,94805.5
2025-12-04T06:00:00Z,100476.2
2025-12-04T07:00:00Z,104168.0
2025-12-04T08:00:00Z,108649.7
2025-12-04T09:00:00Z,110721.4
2025-12-04T10:00:00Z,113361.8
2025-12-04T11:00:00Z,114187.3
2025-12-04T12:00:00Z,116739.6
2025-12-04T13:00:00Z,114623.9
2025-12-04T14:00:00Z,112353.6
2025-12-04T15:00:00Z,108284.4
2025-12-04T16:00:00Z,108540.7
2025-12-04T17:00:00Z,102834.0
2025-12-04T18:00:00Z,100065.9
2025-12-04T19:00:00Z,95662.0
2025-12-04T20:00:00Z,94178.7
2025-12-04T21:00:00Z,88100.7
2025-12-04T22:00:00Z,86453.5
2025-12-04T23:00:00Z,87016.6
2025-12-05T00:00:00Z,83461.2
2025-12-05T01:00:00Z,84849.1
2025-12-05T02:00:00Z,84698.1
2025-12-05T03:00:00Z,89937.8
2025-12-05T04:00:00Z,92674.7
2025-12-05T05:00:00Z,95427.4
2025-12-05T06:00:00Z,101109.9
2025-12-05T07:00:00Z,103936.7
2025-12-05T08:00:00Z,109321.8
2025-12-05T09:00:00Z,107883.8
2025-12-05T10:00:00Z,114680.6
2025-12-05T11:00:00Z,114757.1
2025-12-05T12:00:00Z,117858.7
2025-12-05T13:00:00Z,116165.5
2025-12-05T14:00:00Z,114065.1
2025-12-05T15:00:00Z,112433.5
2025-12-05T16:00:00Z,106049.1
2025-12-05T17:00:00Z,104291.8
2025-12-05T18:00:00Z,100405.6
2025-12-05T19:00:00Z,93316.3
2025-12-05T20:00:00Z,91850.5
2025-12-05T21:00:00Z,90106.7
2025-12-05T22:00:00Z,86865.2
2025-12-05T23:00:00Z,84574.1
2025-12-06T00:00:00Z,81012.5
2025-12-06T01:00:00Z,80079.4
2025-12-06T02:00:00Z,82464.4
2025-12-06T03:00:00Z,82200.2
2025-12-06T04:00:00Z,87771.5
2025-12-06T05:00:00Z,91368.3
2025-12-06T06:00:00Z,92721.5
2025-12-06T07:00:00Z,97308.2
2025-12-06T08:00:00Z,104339.3
2025-12-06T09:00:00Z,105732.8
2025-12-06T10:00:00Z,110298.9
2025-12-06T11:00:00Z,111555.7
2025-12-06T12:00:00Z,109784.9
2025-12-06T13:00:00Z,108589.3
2025-12-06T14:00:00Z,108396.1
2025-12-06T15:00:00Z,105785.3
2025-12-06T16:00:00Z,101558.7
2025-12-06T17:00:00Z,99363.5
2025-12-06T18:00:00Z,95882.6
2025-12-06T19:00:00Z,93617.0
2025-12-06T20:00:00Z,87087.1
2025-12-06T21:00:00Z,83951.6
2025-12-06T22:00:00Z,83491.0
2025-12-06T23:00:00Z,81952.0
2025-12-07T00:00:00Z,79097.3
2025-12-07T01:00:00Z,79201.1
2025-12-07T02:00:00Z,80503.1
2025-12-07T03:00:00Z,84781.7
2025-12-07T04:00:00Z,86658.4
2025-12-07T05:00:00Z,89971.8
2025-12-07T06:00:00Z,94626.9
2025-12-07T07:00:00Z,99744.9
2025-12-07T08:00:00Z,103028.7
2025-12-07T09:00:00Z,106470.2
2025-12-07T10:00:00Z,110153.7
2025-12-07T11:00:00Z,109682.7
2025-12-07T12:00:00Z,109683.8
2025-12-07T13:00:00Z,112762.1
2025-12-07T14:00:00Z,107688.4
2025-12-07T15:00:00Z,106176.0
2025-12-07T16:00:00Z,100334.5
2025-12-07T17:00:00Z,99410.2
2025-12-07T18:00:00Z,94945.6
2025-12-07T19:00:00Z,93611.6
2025-12-07T20:00:00Z,85525.6
2025-12-07T21:00:00Z,80701.7
2025-12-07T22:00:00Z,79924.8
2025-12-07T23:00:00Z,78708.8
2025-12-08T00:00:00Z,81427.2
2025-12-08T01:00:00Z,84645.3
2025-12-08T02:00:00Z,86166.5
2025-12-08T03:00:00Z,86897.9
2025-12-08T04:00:00Z,91601.9
2025-12-08T05:00:00Z,94440.2
2025-12-08T06:00:00Z,99078.8
2025-12-08T07:00:00Z,102458.3
2025-12-08T08:00:00Z,108216.3
2025-12-08T09:00:00Z,109623.2
2025-12-08T10:00:00Z,112624.8
2025-12-08T11:00:00Z,115038.9
2025-12-08T12:00:00Z,114261.2
2025-12-08T13:00:00Z,113899.9
2025-12-08T14:00:00Z,114668.9
2025-12-08T15:00:00Z,111056.8
2025-12-08T16:00:00Z,107676.7
2025-12-08T17:00:00Z,102416.0
2025-12-08T18:00:00Z,100381.6
2025-12-08T19:00:00Z,96050.2
2025-12-08T20:00:00Z,91614.0
2025-12-08T21:00:00Z,88475.7
2025-12-08T22:00:00Z,85146.7
2025-12-08T23:00:00Z,86037.5
2025-12-09T00:00:00Z,82011.6
2025-12-09T01:00:00Z,84563.4
2025-12-09T02:00:00Z,84399.4
2025-12-09T03:00:00Z,86818.2
2025-12-09T04:00:00Z,90875.7
2025-12-09T05:00:00Z,95232.3
2025-12-09T06:00:00Z,99551.2
2025-12-09T07:00:00Z,102633.0
2025-12-09T08:00:00Z,106351.2
2025-12-09T09:00:00Z,112109.4
2025-12-09T10:00:00Z,111112.2
2025-12-09T11:00:00Z,113505.9
2025-12-09T12:00:00Z,115117.5
2025-12-09T13:00:00Z,113421.6
2025-12-09T14:00:00Z,113090.5
2025-12-09T15:00:00Z,107912.8
2025-12-09T16:00:00Z,106384.9
2025-12-09T17:00:00Z,101798.8
2025-12-09T18:00:00Z,99336.5
2025-12-09T19:00:00Z,93918.9
2025-12-09T20:00:00Z,92652.9
2025-12-09T21:00:00Z,87655.8
2025-12-09T22:00:00Z,86525.3
2025-12-09T23:00:00Z,83913.9
2025-12-10T00:00:00Z,85153.4
2025-12-10T01:00:00Z,82624.1
2025-12-10T02:00:00Z,83702.5
2025-12-10T03:00:00Z,87968.2
2025-12-10T04:00:00Z,88575.6
2025-12-10T05:00:00Z,93664.1
2025-12-10T06:00:00Z,97311.6
2025-12-10T07:00:00Z,102048.0
2025-12-10T08:00:00Z,105485.7
2025-12-10T09:00:00Z,107253.9
2025-12-10T10:00:00Z,110241.7
2025-12-10T11:00:00Z,114152.7
2025-12-10T12:00:00Z,115259.6
2025-12-10T13:00:00Z,112027.9
2025-12-10T14:00:00Z,111622.5
2025-12-10T15:00:00Z,110369.8
2025-12-10T16:00:00Z,106525.5
2025-12-10T17:00:00Z,104459.5
2025-12-10T18:00:00Z,99839.1
2025-12-10T19:00:00Z,92596.1
2025-12-10T20:00:00Z,91684.3
2025-12-10T21:00:00Z,87972.6
2025-12-10T22:00:00Z,85607.2
2025-12-10T23:00:00Z,84946.9
2025-12-11T00:00:00Z,84132.3
2025-12-11T01:00:00Z,83556.9
2025-12-11T02:00:00Z,84467.8
2025-12-11T03:00:00Z,86791.0
2025-12-11T04:00:00Z,91030.6
2025-12-11T05:00:00Z,94102.5
2025-12-11T06:00:00Z,99916.6
2025-12-11T07:00:00Z,102508.1
2025-12-11T08:00:00Z,105340.4
2025-12-11T09:00:00Z,108707.6
2025-12-11T10:00:00Z,113232.8
2025-12-11T11:00:00Z,114923.4
2025-12-11T12:00:00Z,112110.9
2025-12-11T13:00:00Z,110434.8
2025-12-11T14:00:00Z,112442.8
2025-12-11T15:00:00Z,108780.9
2025-12-11T16:00:00Z,104898.3
2025-12-11T17:00:00Z,100152.7
2025-12-11T18:00:00Z,98724.7
2025-12-11T19:00:00Z,94374.3
2025-12-11T20:00:00Z,90921.7
2025-12-11T21:00:00Z,84738.7
2025-12-11T22:00:00Z,85090.8
2025-12-11T23:00:00Z,82604.6
2025-12-12T00:00:00Z,82103.0
2025-12-12T01:00:00Z,81758.8
2025-12-12T02:00:00Z,81509.6
2025-12-12T03:00:00Z,87073.2
2025-12-12T04:00:00Z,89890.7
2025-12-12T05:00:00Z,93910.0
2025-12-12T06:00:00Z,99202.9
2025-12-12T07:00:00Z,101648.8
2025-12-12T08:00:00Z,104341.1
2025-12-12T09:00:00Z,108911.5
2025-12-12T10:00:00Z,111763.4
2025-12-12T11:00:00Z,112895.8
2025-12-12T12:00:00Z,113718.2
2025-12-12T13:00:00Z,112947.0
2025-12-12T14:00:00Z,111555.4
2025-12-12T15:00:00Z,107370.5
2025-12-12T16:00:00Z,105141.8
2025-12-12T17:00:00Z,101903.3
2025-12-12T18:00:00Z,97540.1
2025-12-12T19:00:00Z,93204.3
2025-12-12T20:00:00Z,90441.0
2025-12-12T21:00:00Z,84332.3
2025-12-12T22:00:00Z,83110.1
2025-12-12T23:00:00Z,84386.5
2025-12-13T00:00:00Z,76634.4
2025-12-13T01:00:00Z,78615.0
2025-12-13T02:00:00Z,79929.1
2025-12-13T03:00:00Z,81263.8
2025-12-13T04:00:00Z,86427.8
2025-12-13T05:00:00Z,89489.0
2025-12-13T06:00:00Z,92946.2
2025-12-13T07:00:00Z,98535.0
2025-12-13T08:00:00Z,101391.9
2025-12-13T09:00:00Z,103679.6
2025-12-13T10:00:00Z,106079.0
2025-12-13T11:00:00Z,111650.2
2025-12-13T12:00:00Z,111061.5
2025-12-13T13:00:00Z,108806.8
2025-12-13T14:00:00Z,104299.7
2025-12-13T15:00:00Z,104377.3
2025-12-13T16:00:00Z,99599.0
2025-12-13T17:00:00Z,98473.3
2025-12-13T18:00:00Z,93827.8
2025-12-13T19:00:00Z,89494.2
2025-12-13T20:00:00Z,87055.8
2025-12-13T21:00:00Z,80071.0
2025-12-13T22:00:00Z,81279.4
2025-12-13T23:00:00Z,78605.8
2025-12-14T00:00:00Z,76077.4
2025-12-14T01:00:00Z,79026.3
2025-12-14T02:00:00Z,80236.6
2025-12-14T03:00:00Z,83174.2
2025-12-14T04:00:00Z,85276.0
2025-12-14T05:00:00Z,88482.6
2025-12-14T06:00:00Z,92324.0
2025-12-14T07:00:00Z,99332.8
2025-12-14T08:00:00Z,101485.1
2025-12-14T09:00:00Z,104481.9
2025-12-14T10:00:00Z,105766.9
2025-12-14T11:00:00Z,109224.1
2025-12-14T12:00:00Z,109908.4
2025-12-14T13:00:00Z,105519.9
2025-12-14T14:00:00Z,108336.4
2025-12-14T15:00:00Z,100358.1
2025-12-14T16:00:00Z,99688.1
2025-12-14T17:00:00Z,95934.3
2025-12-14T18:00:00Z,94389.3
2025-12-14T19:00:00Z,90049.2
2025-12-14T20:00:00Z,84355.9
2025-12-14T21:00:00Z,82807.5
2025-12-14T22:00:00Z,78773.1
2025-12-14T23:00:00Z,77747.4
2025-12-15T00:00:00Z,78510.9
2025-12-15T01:00:00Z,82836.6
2025-12-15T02:00:00Z,82344.2
2025-12-15T03:00:00Z,86516.8
2025-12-15T04:00:00Z,90186.8
2025-12-15T05:00:00Z,92293.8
2025-12-15T06:00:00Z,95232.7
2025-12-15T07:00:00Z,101167.8
2025-12-15T08:00:00Z,106274.8
2025-12-15T09:00:00Z,108803.8
2025-12-15T10:00:00Z,110170.9
2025-12-15T11:00:00Z,113319.5
2025-12-15T12:00:00Z,112251.2
2025-12-15T13:00:00Z,111957.6
2025-12-15T14:00:00Z,111054.7
2025-12-15T15:00:00Z,108682.3
2025-12-15T16:00:00Z,102955.5
2025-12-15T17:00:00Z,101616.7
2025-12-15T18:00:00Z,97400.4
2025-12-15T19:00:00Z,92054.0
2025-12-15T20:00:00Z,86033.5
2025-12-15T21:00:00Z,85179.2
2025-12-15T22:00:00Z,85174.4
2025-12-15T23:00:00Z,84905.6
2025-12-16T00:00:00Z,82233.3
2025-12-16T01:00:00Z,83391.3
2025-12-16T02:00:00Z,83486.3
2025-12-16T03:00:00Z,86058.6
2025-12-16T04:00:00Z,89525.9
2025-12-16T05:00:00Z,91258.6
2025-12-16T06:00:00Z,96773.6
2025-12-16T07:00:00Z,101268.6
2025-12-16T08:00:00Z,104680.2
2025-12-16T09:00:00Z,107980.1
2025-12-16T10:00:00Z,110051.9
2025-12-16T11:00:00Z,111573.1
2025-12-16T12:00:00Z,112779.0
2025-12-16T13:00:00Z,111574.7
2025-12-16T14:00:00Z,111154.8
2025-12-16T15:00:00Z,108339.5
2025-12-16T16:00:00Z,103445.4
2025-12-16T17:00:00Z,101518.7
2025-12-16T18:00:00Z,97151.5
2025-12-16T19:00:00Z,91817.7
2025-12-16T20:00:00Z,88522.6
2025-12-16T21:00:00Z,86585.2
2025-12-16T22:00:00Z,81514.0
2025-12-16T23:00:00Z,82648.5
2025-12-17T00:00:00Z,82676.0
2025-12-17T01:00:00Z,80860.4
2025-12-17T02:00:00Z,84614.6
2025-12-17T03:00:00Z,85774.2
2025-12-17T04:00:00Z,88526.6
2025-12-17T05:00:00Z,93278.4
2025-12-17T06:00:00Z,96214.2
2025-12-17T07:00:00Z,100411.1
2025-12-17T08:00:00Z,101938.0
2025-12-17T09:00:00Z,109110.0
2025-12-17T10:00:00Z,108787.8
2025-12-17T11:00:00Z,110397.2
2025-12-17T12:00:00Z,112698.4
2025-12-17T13:00:00Z,111363.4
2025-12-17T14:00:00Z,108945.2
2025-12-17T15:00:00Z,107752.4
2025-12-17T16:00:00Z,103636.9
2025-12-17T17:00:00Z,100350.2
2025-12-17T18:00:00Z,96590.5
2025-12-17T19:00:00Z,92298.5
2025-12-17T20:00:00Z,86423.2
2025-12-17T21:00:00Z,85921.0
2025-12-17T22:00:00Z,82358.5
2025-12-17T23:00:00Z,81926.6
2025-12-18T00:00:00Z,79734.8
2025-12-18T01:00:00Z,80865.8
2025-12-18T02:00:00Z,83957.9
2025-12-18T03:00:00Z,83310.8
2025-12-18T04:00:00Z,86351.2
2025-12-18T05:00:00Z,91476.4
2025-12-18T06:00:00Z,96442.8
2025-12-18T07:00:00Z,100369.5
2025-12-18T08:00:00Z,104756.0
2025-12-18T09:00:00Z,106916.6
2025-12-18T10:00:00Z,111070.9
2025-12-18T11:00:00Z,109835.7
2025-12-18T12:00:00Z,112142.5
2025-12-18T13:00:00Z,113045.1
2025-12-18T14:00:00Z,110050.8
2025-12-18T15:00:00Z,106001.0
2025-12-18T16:00:00Z,104148.4
2025-12-18T17:00:00Z,99256.1
2025-12-18T18:00:00Z,95636.5
2025-12-18T19:00:00Z,91110.9
2025-12-18T20:00:00Z,87136.2
2025-12-18T21:00:00Z,83193.7
2025-12-18T22:00:00Z,84217.0
2025-12-18T23:00:00Z,82519.7
2025-12-19T00:00:00Z,79699.6
2025-12-19T01:00:00Z,78423.8
2025-12-19T02:00:00Z,83497.5
2025-12-19T03:00:00Z,82679.8
2025-12-19T04:00:00Z,87445.8
2025-12-19T05:00:00Z,92614.8
2025-12-19T06:00:00Z,95300.4
2025-12-19T07:00:00Z,101524.0
2025-12-19T08:00:00Z,103352.4
2025-12-19T09:00:00Z,106442.3
2025-12-19T10:00:00Z,109126.4
2025-12-19T11:00:00Z,111439.5
2025-12-19T12:00:00Z,110674.7
2025-12-19T13:00:00Z,109529.7
2025-12-19T14:00:00Z,108183.4
2025-12-19T15:00:00Z,106711.1
2025-12-19T16:00:00Z,102265.0
2025-12-19T17:00:00Z,97471.3
2025-12-19T18:00:00Z,96110.3
2025-12-19T19:00:00Z,92708.0
2025-12-19T20:00:00Z,87311.4
2025-12-19T21:00:00Z,84917.1
2025-12-19T22:00:00Z,82013.5
2025-12-19T23:00:00Z,80391.6
2025-12-20T00:00:00Z,74111.6
2025-12-20T01:00:00Z,75312.6
2025-12-20T02:00:00Z,77266.4
2025-12-20T03:00:00Z,80348.3
2025-12-20T04:00:00Z,83217.5
2025-12-20T05:00:00Z,90194.2
2025-12-20T06:00:00Z,91193.2
2025-12-20T07:00:00Z,97159.8
2025-12-20T08:00:00Z,100608.3
2025-12-20T09:00:00Z,101286.0
2025-12-20T10:00:00Z,103354.3
2025-12-20T11:00:00Z,108475.5
2025-12-20T12:00:00Z,105120.4
2025-12-20T13:00:00Z,104487.0
2025-12-20T14:00:00Z,106049.0
2025-12-20T15:00:00Z,102284.2
2025-12-20T16:00:00Z,99417.5
2025-12-20T17:00:00Z,95300.4
2025-12-20T18:00:00Z,90375.3
2025-12-20T19:00:00Z,85817.8
2025-12-20T20:00:00Z,85082.4
2025-12-20T21:00:00Z,80998.7
2025-12-20T22:00:00Z,78603.3
2025-12-20T23:00:00Z,74128.4
2025-12-21T00:00:00Z,75336.0
2025-12-21T01:00:00Z,75998.4
2025-12-21T02:00:00Z,78504.4
2025-12-21T03:00:00Z,81187.4
2025-12-21T04:00:00Z,82524.1
2025-12-21T05:00:00Z,86936.7
2025-12-21T06:00:00Z,91363.7
2025-12-21T07:00:00Z,96130.5
2025-12-21T08:00:00Z,98473.0
2025-12-21T09:00:00Z,99311.5
2025-12-21T10:00:00Z,105699.3
2025-12-21T11:00:00Z,104192.8
2025-12-21T12:00:00Z,105410.2
2025-12-21T13:00:00Z,106550.6
2025-12-21T14:00:00Z,104947.3
2025-12-21T15:00:00Z,105815.2
2025-12-21T16:00:00Z,99114.5
2025-12-21T17:00:00Z,97282.7
2025-12-21T18:00:00Z,90280.7
2025-12-21T19:00:00Z,88462.1
2025-12-21T20:00:00Z,82092.6
2025-12-21T21:00:00Z,80839.1
2025-12-21T22:00:00Z,75741.1
2025-12-21T23:00:00Z,74637.7
2025-12-22T00:00:00Z,78630.3
2025-12-22T01:00:00Z,79453.2
2025-12-22T02:00:00Z,79391.3
2025-12-22T03:00:00Z,82282.0
2025-12-22T04:00:00Z,87338.7
2025-12-22T05:00:00Z,91862.7
2025-12-22T06:00:00Z,93622.3
2025-12-22T07:00:00Z,101112.0
2025-12-22T08:00:00Z,103258.9
2025-12-22T09:00:00Z,106374.5
2025-12-22T10:00:00Z,107961.8
2025-12-22T11:00:00Z,111479.7
2025-12-22T12:00:00Z,110510.7
2025-12-22T13:00:00Z,108142.2
2025-12-22T14:00:00Z,111081.1
2025-12-22T15:00:00Z,106968.5
2025-12-22T16:00:00Z,103332.1
2025-12-22T17:00:00Z,95529.3
2025-12-22T18:00:00Z,94156.2
2025-12-22T19:00:00Z,90697.5
2025-12-22T20:00:00Z,88122.8
2025-12-22T21:00:00Z,84735.7
2025-12-22T22:00:00Z,80695.0
2025-12-22T23:00:00Z,79706.6
2025-12-23T00:00:00Z,76491.5
2025-12-23T01:00:00Z,79403.1
2025-12-23T02:00:00Z,80342.3
2025-12-23T03:00:00Z,83629.1
2025-12-23T04:00:00Z,90390.3
2025-12-23T05:00:00Z,92293.1
2025-12-23T06:00:00Z,96220.8
2025-12-23T07:00:00Z,99531.2
2025-12-23T08:00:00Z,102233.0
2025-12-23T09:00:00Z,105798.0
2025-12-23T10:00:00Z,110008.0
2025-12-23T11:00:00Z,107772.7
2025-12-23T12:00:00Z,110282.5
2025-12-23T13:00:00Z,109540.2
2025-12-23T14:00:00Z,110073.8
2025-12-23T15:00:00Z,107171.7
2025-12-23T16:00:00Z,101532.8
2025-12-23T17:00:00Z,99758.5
2025-12-23T18:00:00Z,94705.8
2025-12-23T19:00:00Z,89885.8
2025-12-23T20:00:00Z,86798.6
2025-12-23T21:00:00Z,82814.6
2025-12-23T22:00:00Z,79479.3
2025-12-23T23:00:00Z,77169.4
2025-12-24T00:00:00Z,77425.4
2025-12-24T01:00:00Z,78201.5
2025-12-24T02:00:00Z,81308.4
2025-12-24T03:00:00Z,83700.9
2025-12-24T04:00:00Z,85500.2
2025-12-24T05:00:00Z,90107.7
2025-12-24T06:00:00Z,94535.2
2025-12-24T07:00:00Z,99479.4
2025-12-24T08:00:00Z,102044.5
2025-12-24T09:00:00Z,105325.5
2025-12-24T10:00:00Z,106031.4
2025-12-24T11:00:00Z,108738.0
2025-12-24T12:00:00Z,106925.1
2025-12-24T13:00:00Z,112444.4
2025-12-24T14:00:00Z,108108.5
2025-12-24T15:00:00Z,107133.4
2025-12-24T16:00:00Z,102035.0
2025-12-24T17:00:00Z,100124.8
2025-12-24T18:00:00Z,94665.2
2025-12-24T19:00:00Z,91722.4
2025-12-24T20:00:00Z,86813.3
2025-12-24T21:00:00Z,84620.7
2025-12-24T22:00:00Z,80789.0
2025-12-24T23:00:00Z,78672.6
2025-12-25T00:00:00Z,76377.2
2025-12-25T01:00:00Z,80373.8
2025-12-25T02:00:00Z,80819.2
2025-12-25T03:00:00Z,82818.0
2025-12-25T04:00:00Z,87408.3
2025-12-25T05:00:00Z,89808.8
2025-12-25T06:00:00Z,93672.9
2025-12-25T07:00:00Z,99636.4
2025-12-25T08:00:00Z,101235.7
2025-12-25T09:00:00Z,104756.7
2025-12-25T10:00:00Z,107782.8
2025-12-25T11:00:00Z,107127.1
2025-12-25T12:00:00Z,109563.1
2025-12-25T13:00:00Z,107084.6
2025-12-25T14:00:00Z,108362.1
2025-12-25T15:00:00Z,104541.2
2025-12-25T16:00:00Z,100965.5
2025-12-25T17:00:00Z,96174.1
2025-12-25T18:00:00Z,94386.6
2025-12-25T19:00:00Z,90828.4
2025-12-25T20:00:00Z,87871.7
2025-12-25T21:00:00Z,82251.0
2025-12-25T22:00:00Z,79961.5
2025-12-25T23:00:00Z,78893.2
2025-12-26T00:00:00Z,79871.6
2025-12-26T01:00:00Z,77780.9
2025-12-26T02:00:00Z,82652.2
2025-12-26T03:00:00Z,84659.8
2025-12-26T04:00:00Z,88698.4
2025-12-26T05:00:00Z,91595.6
2025-12-26T06:00:00Z,95591.7
2025-12-26T07:00:00Z,98028.4
2025-12-26T08:00:00Z,102543.5
2025-12-26T09:00:00Z,106524.7
2025-12-26T10:00:00Z,109843.7
2025-12-26T11:00:00Z,108467.1
2025-12-26T12:00:00Z,108045.3
2025-12-26T13:00:00Z,110136.8
2025-12-26T14:00:00Z,107978.8
2025-12-26T15:00:00Z,103209.2
2025-12-26T16:00:00Z,101664.9
2025-12-26T17:00:00Z,98034.2
2025-12-26T18:00:00Z,95841.4
2025-12-26T19:00:00Z,89161.7
2025-12-26T20:00:00Z,86883.2
2025-12-26T21:00:00Z,81873.8
2025-12-26T22:00:00Z,80297.5
2025-12-26T23:00:00Z,79469.0
2025-12-27T00:00:00Z,73984.1
2025-12-27T01:00:00Z,74782.7
2025-12-27T02:00:00Z,76419.8
2025-12-27T03:00:00Z,78871.6
2025-12-27T04:00:00Z,82060.9
2025-12-27T05:00:00Z,85908.5
2025-12-27T06:00:00Z,91382.7
2025-12-27T07:00:00Z,91323.5
2025-12-27T08:00:00Z,97194.7
2025-12-27T09:00:00Z,100893.6
2025-12-27T10:00:00Z,103287.7
2025-12-27T11:00:00Z,105185.2
2025-12-27T12:00:00Z,106713.6
2025-12-27T13:00:00Z,102072.1
2025-12-27T14:00:00Z,102356.4
2025-12-27T15:00:00Z,101029.0
2025-12-27T16:00:00Z,99827.0
2025-12-27T17:00:00Z,92934.1
2025-12-27T18:00:00Z,89449.5
2025-12-27T19:00:00Z,84949.0
2025-12-27T20:00:00Z,82746.2
2025-12-27T21:00:00Z,75916.8
2025-12-27T22:00:00Z,76603.7
2025-12-27T23:00:00Z,74421.4
2025-12-28T00:00:00Z,72494.5
2025-12-28T01:00:00Z,75729.8
2025-12-28T02:00:00Z,76209.3
2025-12-28T03:00:00Z,73865.4
2025-12-28T04:00:00Z,81571.0
2025-12-28T05:00:00Z,86389.7
2025-12-28T06:00:00Z,89446.4
2025-12-28T07:00:00Z,91578.9
2025-12-28T08:00:00Z,97168.2
2025-12-28T09:00:00Z,101084.2
2025-12-28T10:00:00Z,102572.6
2025-12-28T11:00:00Z,103276.0
2025-12-28T12:00:00Z,104423.4
2025-12-28T13:00:00Z,104366.6
2025-12-28T14:00:00Z,104025.4
2025-12-28T15:00:00Z,100195.6
2025-12-28T16:00:00Z,95652.8
2025-12-28T17:00:00Z,91062.5
2025-12-28T18:00:00Z,87946.1
2025-12-28T19:00:00Z,85740.6
2025-12-28T20:00:00Z,81817.3
2025-12-28T21:00:00Z,76962.3
2025-12-28T22:00:00Z,73470.2
2025-12-28T23:00:00Z,75647.2
2025-12-29T00:00:00Z,75786.8
2025-12-29T01:00:00Z,77264.2
2025-12-29T02:00:00Z,79001.8
2025-12-29T03:00:00Z,82281.6
2025-12-29T04:00:00Z,86800.9
2025-12-29T05:00:00Z,90507.1
2025-12-29T06:00:00Z,91287.9
2025-12-29T07:00:00Z,97431.8
2025-12-29T08:00:00Z,101263.4
2025-12-29T09:00:00Z,103778.8
2025-12-29T10:00:00Z,105365.1
2025-12-29T11:00:00Z,107078.8
2025-12-29T12:00:00Z,109196.4
2025-12-29T13:00:00Z,108181.7
2025-12-29T14:00:00Z,104939.2
2025-12-29T15:00:00Z,105504.4
2025-12-29T16:00:00Z,100100.3
2025-12-29T17:00:00Z,98274.7
2025-12-29T18:00:00Z,92298.1
2025-12-29T19:00:00Z,88110.8
2025-12-29T20:00:00Z,82149.0
2025-12-29T21:00:00Z,80411.7
2025-12-29T22:00:00Z,82488.6
2025-12-29T23:00:00Z,79314.8
2025-12-30T00:00:00Z,78185.4
2025-12-30T01:00:00Z,77184.0
2025-12-30T02:00:00Z,78149.4
2025-12-30T03:00:00Z,82976.9
2025-12-30T04:00:00Z,85395.1
2025-12-30T05:00:00Z,88454.9
2025-12-30T06:00:00Z,91724.7
2025-12-30T07:00:00Z,94275.5
2025-12-30T08:00:00Z,100287.4
2025-12-30T09:00:00Z,103081.1
2025-12-30T10:00:00Z,105063.5
2025-12-30T11:00:00Z,105313.8
2025-12-30T12:00:00Z,109652.7
2025-12-30T13:00:00Z,108157.2
2025-12-30T14:00:00Z,105147.0
2025-12-30T15:00:00Z,101843.6
2025-12-30T16:00:00Z,101313.6
2025-12-30T17:00:00Z,95301.7
2025-12-30T18:00:00Z,89722.3
2025-12-30T19:00:00Z,88826.2
2025-12-30T20:00:00Z,84085.3
2025-12-30T21:00:00Z,80069.2
2025-12-30T22:00:00Z,78533.7
2025-12-30T23:00:00Z,77499.9
2025-12-31T00:00:00Z,75419.8
2025-12-31T01:00:00Z,75464.8
2025-12-31T02:00:00Z,78040.5
2025-12-31T03:00:00Z,81236.3
2025-12-31T04:00:00Z,85424.1
2025-12-31T05:00:00Z,87496.9
2025-12-31T06:00:00Z,91538.8
2025-12-31T07:00:00Z,93080.2
2025-12-31T08:00:00Z,101631.1
2025-12-31T09:00:00Z,103333.8
2025-12-31T10:00:00Z,105949.4
2025-12-31T11:00:00Z,108244.5
2025-12-31T12:00:00Z,108195.6
2025-12-31T13:00:00Z,107333.7
2025-12-31T14:00:00Z,103091.6
2025-12-31T15:00:00Z,102535.2
2025-12-31T16:00:00Z,100246.4
2025-12-31T17:00:00Z,97188.0
2025-12-31T18:00:00Z,91692.6
2025-12-31T19:00:00Z,86346.7
2025-12-31T20:00:00Z,84106.0
2025-12-31T21:00:00Z,81048.5
2025-12-31T22:00:00Z,79675.2
2025-12-31T23:00:00Z,78202.9
2026-01-01T00:00:00Z,75766.1
2026-01-01T01:00:00Z,79383.8
2026-01-01T02:00:00Z,79940.9
2026-01-01T03:00:00Z,80319.8
2026-01-01T04:00:00Z,82924.9
2026-01-01T05:00:00Z,87078.5
2026-01-01T06:00:00Z,92852.8
2026-01-01T07:00:00Z,95286.6
2026-01-01T08:00:00Z,99987.2
2026-01-01T09:00:00Z,102836.3
2026-01-01T10:00:00Z,104845.6
2026-01-01T11:00:00Z,108035.5
2026-01-01T12:00:00Z,108201.5
2026-01-01T13:00:00Z,106705.9
2026-01-01T14:00:00Z,106669.6
2026-01-01T15:00:00Z,105618.3
2026-01-01T16:00:00Z,99266.1
2026-01-01T17:00:00Z,95209.7
2026-01-01T18:00:00Z,91745.2
2026-01-01T19:00:00Z,86207.8
2026-01-01T20:00:00Z,84742.2
2026-01-01T21:00:00Z,82314.0
2026-01-01T22:00:00Z,78254.1
2026-01-01T23:00:00Z,76762.8
2026-01-02T00:00:00Z,74318.7
2026-01-02T01:00:00Z,78269.6
2026-01-02T02:00:00Z,76498.7
2026-01-02T03:00:00Z,80458.7
2026-01-02T04:00:00Z,83820.9
2026-01-02T05:00:00Z,88095.8
2026-01-02T06:00:00Z,91720.2
2026-01-02T07:00:00Z,95057.1
2026-01-02T08:00:00Z,100006.8
2026-01-02T09:00:00Z,101092.1
2026-01-02T10:00:00Z,104544.0
2026-01-02T11:00:00Z,106336.3
2026-01-02T12:00:00Z,106490.6
2026-01-02T13:00:00Z,106979.4
2026-01-02T14:00:00Z,104174.6
2026-01-02T15:00:00Z,103162.1
2026-01-02T16:00:00Z,100451.3
2026-01-02T17:00:00Z,96071.6
2026-01-02T18:00:00Z,90582.1
2026-01-02T19:00:00Z,87638.6
2026-01-02T20:00:00Z,84759.0
2026-01-02T21:00:00Z,80626.2
2026-01-02T22:00:00Z,78829.6
2026-01-02T23:00:00Z,78543.3
2026-01-03T00:00:00Z,73453.3
2026-01-03T01:00:00Z,73847.5
2026-01-03T02:00:00Z,74710.4
2026-01-03T03:00:00Z,74388.7
2026-01-03T04:00:00Z,80613.7
2026-01-03T05:00:00Z,84170.7
2026-01-03T06:00:00Z,88401.7
2026-01-03T07:00:00Z,93182.9
2026-01-03T08:00:00Z,95301.3
2026-01-03T09:00:00Z,98503.8
2026-01-03T10:00:00Z,100929.5
2026-01-03T11:00:00Z,102186.1
2026-01-03T12:00:00Z,99581.0
2026-01-03T13:00:00Z,101305.7
2026-01-03T14:00:00Z,101129.6
2026-01-03T15:00:00Z,97327.3
2026-01-03T16:00:00Z,93487.0
2026-01-03T17:00:00Z,90440.9
2026-01-03T18:00:00Z,87209.1
2026-01-03T19:00:00Z,81882.3
2026-01-03T20:00:00Z,81244.1
2026-01-03T21:00:00Z,75337.4
2026-01-03T22:00:00Z,74718.0
2026-01-03T23:00:00Z,71943.2
2026-01-04T00:00:00Z,72107.1
2026-01-04T01:00:00Z,70817.1
2026-01-04T02:00:00Z,74610.2
2026-01-04T03:00:00Z,75508.5
2026-01-04T04:00:00Z,78526.1
2026-01-04T05:00:00Z,83768.6
2026-01-04T06:00:00Z,87580.5
2026-01-04T07:00:00Z,89607.8
2026-01-04T08:00:00Z,93064.5
2026-01-04T09:00:00Z,100431.0
2026-01-04T10:00:00Z,100160.5
2026-01-04T11:00:00Z,100388.2
2026-01-04T12:00:00Z,102925.1
2026-01-04T13:00:00Z,102054.1
2026-01-04T14:00:00Z,101338.1
2026-01-04T15:00:00Z,97862.0
2026-01-04T16:00:00Z,94116.4
2026-01-04T17:00:00Z,91108.5
2026-01-04T18:00:00Z,88587.3
2026-01-04T19:00:00Z,82605.5
2026-01-04T20:00:00Z,78609.8
2026-01-04T21:00:00Z,75759.0
2026-01-04T22:00:00Z,73559.0
2026-01-04T23:00:00Z,71179.4
2026-01-05T00:00:00Z,75217.8
2026-01-05T01:00:00Z,74702.2
2026-01-05T02:00:00Z,76148.2
2026-01-05T03:00:00Z,79244.0
2026-01-05T04:00:00Z,84329.5
2026-01-05T05:00:00Z,88127.7
2026-01-05T06:00:00Z,91468.3
2026-01-05T07:00:00Z,94603.5
2026-01-05T08:00:00Z,98506.9
2026-01-05T09:00:00Z,99642.5
2026-01-05T10:00:00Z,105822.1
2026-01-05T11:00:00Z,104769.5
2026-01-05T12:00:00Z,105128.8
2026-01-05T13:00:00Z,105574.5
2026-01-05T14:00:00Z,104511.1
2026-01-05T15:00:00Z,101695.0
2026-01-05T16:00:00Z,96216.9
2026-01-05T17:00:00Z,96339.4
2026-01-05T18:00:00Z,90242.8
2026-01-05T19:00:00Z,85610.8
2026-01-05T20:00:00Z,82899.1
2026-01-05T21:00:00Z,81120.6
2026-01-05T22:00:00Z,78755.1
2026-01-05T23:00:00Z,76290.0
2026-01-06T00:00:00Z,74822.7
2026-01-06T01:00:00Z,76225.8
2026-01-06T02:00:00Z,76627.5
2026-01-06T03:00:00Z,79600.7
2026-01-06T04:00:00Z,81416.7
2026-01-06T05:00:00Z,88781.8
2026-01-06T06:00:00Z,89638.2
2026-01-06T07:00:00Z,94423.0
2026-01-06T08:00:00Z,97761.9
2026-01-06T09:00:00Z,102168.4
2026-01-06T10:00:00Z,104005.5
2026-01-06T11:00:00Z,104143.3
2026-01-06T12:00:00Z,104725.8
2026-01-06T13:00:00Z,105067.5
2026-01-06T14:00:00Z,106592.8
2026-01-06T15:00:00Z,104402.1
2026-01-06T16:00:00Z,98683.8
2026-01-06T17:00:00Z,94311.0
2026-01-06T18:00:00Z,89342.9
2026-01-06T19:00:00Z,86398.1
2026-01-06T20:00:00Z,80443.0
2026-01-06T21:00:00Z,77822.0
2026-01-06T22:00:00Z,76918.3
2026-01-06T23:00:00Z,76426.7
2026-01-07T00:00:00Z,74948.3
2026-01-07T01:00:00Z,73950.4
2026-01-07T02:00:00Z,76631.2
2026-01-07T03:00:00Z,78438.4
2026-01-07T04:00:00Z,81563.2
2026-01-07T05:00:00Z,86285.0
2026-01-07T06:00:00Z,88698.5
2026-01-07T07:00:00Z,94271.2
2026-01-07T08:00:00Z,97284.3
2026-01-07T09:00:00Z,100806.7
2026-01-07T10:00:00Z,102307.1
2026-01-07T11:00:00Z,106059.7
2026-01-07T12:00:00Z,105529.1
2026-01-07T13:00:00Z,106498.3
2026-01-07T14:00:00Z,103380.9
2026-01-07T15:00:00Z,100189.8
2026-01-07T16:00:00Z,99407.4
2026-01-07T17:00:00Z,92483.5
2026-01-07T18:00:00Z,90166.0
2026-01-07T19:00:00Z,85030.7
2026-01-07T20:00:00Z,81136.8
2026-01-07T21:00:00Z,80328.7
2026-01-07T22:00:00Z,77716.1
2026-01-07T23:00:00Z,75117.0
2026-01-08T00:00:00Z,74164.0
2026-01-08T01:00:00Z,73199.6
2026-01-08T02:00:00Z,73548.0
2026-01-08T03:00:00Z,77892.2
2026-01-08T04:00:00Z,82993.7
2026-01-08T05:00:00Z,86728.3
2026-01-08T06:00:00Z,92700.6
2026-01-08T07:00:00Z,93355.2
2026-01-08T08:00:00Z,97295.6
2026-01-08T09:00:00Z,100623.8
2026-01-08T10:00:00Z,102397.6
2026-01-08T11:00:00Z,106284.5
2026-01-08T12:00:00Z,105360.6
2026-01-08T13:00:00Z,104285.4
2026-01-08T14:00:00Z,103077.8
2026-01-08T15:00:00Z,101724.1
2026-01-08T16:00:00Z,95785.9
2026-01-08T17:00:00Z,93787.3
2026-01-08T18:00:00Z,89230.9
2026-01-08T19:00:00Z,87545.4
2026-01-08T20:00:00Z,82403.1
2026-01-08T21:00:00Z,78021.7
2026-01-08T22:00:00Z,73731.8
2026-01-08T23:00:00Z,76063.8
2026-01-09T00:00:00Z,72331.2
2026-01-09T01:00:00Z,74861.0
2026-01-09T02:00:00Z,78034.8
2026-01-09T03:00:00Z,77261.3
2026-01-09T04:00:00Z,83065.4
2026-01-09T05:00:00Z,82915.8
2026-01-09T06:00:00Z,89138.5
2026-01-09T07:00:00Z,93427.4
2026-01-09T08:00:00Z,98853.5
2026-01-09T09:00:00Z,102262.6
2026-01-09T10:00:00Z,103157.4
2026-01-09T11:00:00Z,104222.8
2026-01-09T12:00:00Z,106677.5
2026-01-09T13:00:00Z,104510.7
2026-01-09T14:00:00Z,104084.0
2026-01-09T15:00:00Z,103408.7
2026-01-09T16:00:00Z,96831.2
2026-01-09T17:00:00Z,93080.7
2026-01-09T18:00:00Z,88710.3
2026-01-09T19:00:00Z,84747.4
2026-01-09T20:00:00Z,83290.9
2026-01-09T21:00:00Z,77688.7
2026-01-09T22:00:00Z,76171.0
2026-01-09T23:00:00Z,75293.7
2026-01-10T00:00:00Z,66813.9
2026-01-10T01:00:00Z,72669.0
2026-01-10T02:00:00Z,72975.6
2026-01-10T03:00:00Z,74357.7
2026-01-10T04:00:00Z,78357.3
2026-01-10T05:00:00Z,80957.9
2026-01-10T06:00:00Z,84251.4
2026-01-10T07:00:00Z,89342.5
2026-01-10T08:00:00Z,91483.0
2026-01-10T09:00:00Z,95131.3
2026-01-10T10:00:00Z,99069.3
2026-01-10T11:00:00Z,101303.8
2026-01-10T12:00:00Z,99438.8
2026-01-10T13:00:00Z,100131.0
2026-01-10T14:00:00Z,96502.2
2026-01-10T15:00:00Z,97111.1
2026-01-10T16:00:00Z,91282.7
2026-01-10T17:00:00Z,88995.9
2026-01-10T18:00:00Z,84869.6
2026-01-10T19:00:00Z,80980.8
2026-01-10T20:00:00Z,75268.7
2026-01-10T21:00:00Z,72868.2
2026-01-10T22:00:00Z,71360.4
2026-01-10T23:00:00Z,69696.4
2026-01-11T00:00:00Z,67378.6
2026-01-11T01:00:00Z,68295.0
2026-01-11T02:00:00Z,69978.3
2026-01-11T03:00:00Z,74670.3
2026-01-11T04:00:00Z,78589.3
2026-01-11T05:00:00Z,78302.4
2026-01-11T06:00:00Z,83568.6
2026-01-11T07:00:00Z,87048.4
2026-01-11T08:00:00Z,93916.9
2026-01-11T09:00:00Z,94619.3
2026-01-11T10:00:00Z,100414.6
2026-01-11T11:00:00Z,99476.0
2026-01-11T12:00:00Z,100625.7
2026-01-11T13:00:00Z,100383.5
2026-01-11T14:00:00Z,98854.1
2026-01-11T15:00:00Z,95072.0
2026-01-11T16:00:00Z,95674.3
2026-01-11T17:00:00Z,88608.7
2026-01-11T18:00:00Z,83774.7
2026-01-11T19:00:00Z,80858.5
2026-01-11T20:00:00Z,77597.9
2026-01-11T21:00:00Z,74687.1
2026-01-11T22:00:00Z,68753.1
2026-01-11T23:00:00Z,68699.5
2026-01-12T00:00:00Z,71271.4
2026-01-12T01:00:00Z,74817.0
2026-01-12T02:00:00Z,76383.1
2026-01-12T03:00:00Z,78318.7
2026-01-12T04:00:00Z,79240.9
2026-01-12T05:00:00Z,84528.0
2026-01-12T06:00:00Z,87703.6
2026-01-12T07:00:00Z,90688.5
2026-01-12T08:00:00Z,95168.6
2026-01-12T09:00:00Z,100678.5
2026-01-12T10:00:00Z,102330.3
2026-01-12T11:00:00Z,105340.5
2026-01-12T12:00:00Z,104789.6
2026-01-12T13:00:00Z,105410.2
2026-01-12T14:00:00Z,103219.9
2026-01-12T15:00:00Z,99503.9
2026-01-12T16:00:00Z,97475.6
2026-01-12T17:00:00Z,92908.6
2026-01-12T18:00:00Z,87940.5
2026-01-12T19:00:00Z,85384.0
2026-01-12T20:00:00Z,82138.8
2026-01-12T21:00:00Z,75477.2
2026-01-12T22:00:00Z,76779.3
2026-01-12T23:00:00Z,74127.9
2026-01-13T00:00:00Z,76731.1
2026-01-13T01:00:00Z,72326.8
2026-01-13T02:00:00Z,75595.9
2026-01-13T03:00:00Z,77237.0
2026-01-13T04:00:00Z,78047.3
2026-01-13T05:00:00Z,84663.2
2026-01-13T06:00:00Z,89708.9
2026-01-13T07:00:00Z,91372.1
2026-01-13T08:00:00Z,95040.3
2026-01-13T09:00:00Z,98085.2
2026-01-13T10:00:00Z,101247.5
2026-01-13T11:00:00Z,102410.6
2026-01-13T12:00:00Z,103168.1
2026-01-13T13:00:00Z,104605.8
2026-01-13T14:00:00Z,105920.3
2026-01-13T15:00:00Z,98218.9
2026-01-13T16:00:00Z,97316.8
2026-01-13T17:00:00Z,92730.1
2026-01-13T18:00:00Z,89511.0
2026-01-13T19:00:00Z,85028.6
2026-01-13T20:00:00Z,82987.7
2026-01-13T21:00:00Z,78353.3
2026-01-13T22:00:00Z,77280.5
2026-01-13T23:00:00Z,72941.1
2026-01-14T00:00:00Z,69797.1
2026-01-14T01:00:00Z,72761.9
2026-01-14T02:00:00Z,73255.7
2026-01-14T03:00:00Z,77297.2
2026-01-14T04:00:00Z,79001.0
2026-01-14T05:00:00Z,82673.0
2026-01-14T06:00:00Z,86864.7
2026-01-14T07:00:00Z,91471.6
2026-01-14T08:00:00Z,94801.9
2026-01-14T09:00:00Z,100163.0
2026-01-14T10:00:00Z,98954.4
2026-01-14T11:00:00Z,105632.8
2026-01-14T12:00:00Z,103535.1
2026-01-14T13:00:00Z,104512.1
2026-01-14T14:00:00Z,101565.8
2026-01-14T15:00:00Z,94852.8
2026-01-14T16:00:00Z,95589.1
2026-01-14T17:00:00Z,94015.5
2026-01-14T18:00:00Z,86301.9
2026-01-14T19:00:00Z,83189.6
2026-01-14T20:00:00Z,81410.9
2026-01-14T21:00:00Z,76032.8
2026-01-14T22:00:00Z,73423.3
2026-01-14T23:00:00Z,71202.6
2026-01-15T00:00:00Z,72258.2
2026-01-15T01:00:00Z,72806.8
2026-01-15T02:00:00Z,75767.0
2026-01-15T03:00:00Z,77371.0
2026-01-15T04:00:00Z,82530.7
2026-01-15T05:00:00Z,83514.3
2026-01-15T06:00:00Z,86271.7
2026-01-15T07:00:00Z,90457.7
2026-01-15T08:00:00Z,94157.0
2026-01-15T09:00:00Z,97879.8
2026-01-15T10:00:00Z,99528.3
2026-01-15T11:00:00Z,103872.9
2026-01-15T12:00:00Z,105139.6
2026-01-15T13:00:00Z,104154.8
2026-01-15T14:00:00Z,104344.5
2026-01-15T15:00:00Z,99982.4
2026-01-15T16:00:00Z,95127.5
2026-01-15T17:00:00Z,92314.5
2026-01-15T18:00:00Z,86689.3
2026-01-15T19:00:00Z,84857.2
2026-01-15T20:00:00Z,78189.3
2026-01-15T21:00:00Z,78791.0
2026-01-15T22:00:00Z,76634.3
2026-01-15T23:00:00Z,70303.4
2026-01-16T00:00:00Z,71654.5
2026-01-16T01:00:00Z,71666.0
2026-01-16T02:00:00Z,74905.6
2026-01-16T03:00:00Z,75714.0
2026-01-16T04:00:00Z,79113.0
2026-01-16T05:00:00Z,82250.1
2026-01-16T06:00:00Z,87499.6
2026-01-16T07:00:00Z,88825.1
2026-01-16T08:00:00Z,94382.1
2026-01-16T09:00:00Z,99242.0
2026-01-16T10:00:00Z,103311.9
2026-01-16T11:00:00Z,100202.7
2026-01-16T12:00:00Z,101801.0
2026-01-16T13:00:00Z,102136.5
2026-01-16T14:00:00Z,101868.7
2026-01-16T15:00:00Z,98734.8
2026-01-16T16:00:00Z,96098.8
2026-01-16T17:00:00Z,90543.8
2026-01-16T18:00:00Z,88148.0
2026-01-16T19:00:00Z,82800.7
2026-01-16T20:00:00Z,80649.5
2026-01-16T21:00:00Z,77445.0
2026-01-16T22:00:00Z,73165.9
2026-01-16T23:00:00Z,72431.2
2026-01-17T00:00:00Z,68023.1
2026-01-17T01:00:00Z,67432.2
2026-01-17T02:00:00Z,68853.6
2026-01-17T03:00:00Z,71726.4
2026-01-17T04:00:00Z,75654.2
2026-01-17T05:00:00Z,79661.7
2026-01-17T06:00:00Z,81150.5
2026-01-17T07:00:00Z,87322.6
2026-01-17T08:00:00Z,90880.0
2026-01-17T09:00:00Z,93051.2
2026-01-17T10:00:00Z,94591.0
2026-01-17T11:00:00Z,98815.6
2026-01-17T12:00:00Z,97891.8
2026-01-17T13:00:00Z,98956.5
2026-01-17T14:00:00Z,97254.5
2026-01-17T15:00:00Z,93048.2
2026-01-17T16:00:00Z,89444.2
2026-01-17T17:00:00Z,88340.4
2026-01-17T18:00:00Z,81483.5
2026-01-17T19:00:00Z,78888.1
2026-01-17T20:00:00Z,74815.9
2026-01-17T21:00:00Z,71994.6
2026-01-17T22:00:00Z,70312.9
2026-01-17T23:00:00Z,68814.3
2026-01-18T00:00:00Z,66544.3
2026-01-18T01:00:00Z,68892.6
2026-01-18T02:00:00Z,67201.6
2026-01-18T03:00:00Z,72226.9
2026-01-18T04:00:00Z,72827.1
2026-01-18T05:00:00Z,76637.7
2026-01-18T06:00:00Z,82239.5
2026-01-18T07:00:00Z,86451.8
2026-01-18T08:00:00Z,87700.8
2026-01-18T09:00:00Z,94133.3
2026-01-18T10:00:00Z,98144.7
2026-01-18T11:00:00Z,99016.3
2026-01-18T12:00:00Z,96606.0
2026-01-18T13:00:00Z,95826.3
2026-01-18T14:00:00Z,93461.4
2026-01-18T15:00:00Z,92507.1
2026-01-18T16:00:00Z,88273.9
2026-01-18T17:00:00Z,88469.2
2026-01-18T18:00:00Z,80512.0
2026-01-18T19:00:00Z,79719.7
2026-01-18T20:00:00Z,75015.5
2026-01-18T21:00:00Z,72441.5
2026-01-18T22:00:00Z,68605.7
2026-01-18T23:00:00Z,66836.3
2026-01-19T00:00:00Z,69482.6
2026-01-19T01:00:00Z,67844.0
2026-01-19T02:00:00Z,71833.4
2026-01-19T03:00:00Z,74402.0
2026-01-19T04:00:00Z,77924.0
2026-01-19T05:00:00Z,81761.5
2026-01-19T06:00:00Z,85045.1
2026-01-19T07:00:00Z,90770.6
2026-01-19T08:00:00Z,92941.9
2026-01-19T09:00:00Z,97659.8
2026-01-19T10:00:00Z,99059.0
2026-01-19T11:00:00Z,100133.9
2026-01-19T12:00:00Z,102389.7
2026-01-19T13:00:00Z,101037.9
2026-01-19T14:00:00Z,99132.1
2026-01-19T15:00:00Z,96947.4
2026-01-19T16:00:00Z,94653.9
2026-01-19T17:00:00Z,91105.7
2026-01-19T18:00:00Z,85769.5
2026-01-19T19:00:00Z,80447.9
2026-01-19T20:00:00Z,78887.0
2026-01-19T21:00:00Z,74916.9
2026-01-19T22:00:00Z,71439.0
2026-01-19T23:00:00Z,70689.4
2026-01-20T00:00:00Z,70828.0
2026-01-20T01:00:00Z,70967.1
2026-01-20T02:00:00Z,74807.4
2026-01-20T03:00:00Z,75685.3
2026-01-20T04:00:00Z,76614.8
2026-01-20T05:00:00Z,78497.4
2026-01-20T06:00:00Z,87007.8
2026-01-20T07:00:00Z,92459.9
2026-01-20T08:00:00Z,92299.1
2026-01-20T09:00:00Z,96303.1
2026-01-20T10:00:00Z,98125.2
2026-01-20T11:00:00Z,101676.2
2026-01-20T12:00:00Z,98678.3
2026-01-20T13:00:00Z,101029.7
2026-01-20T14:00:00Z,98164.2
2026-01-20T15:00:00Z,95917.0
2026-01-20T16:00:00Z,93349.8
2026-01-20T17:00:00Z,88578.1
2026-01-20T18:00:00Z,86094.4
2026-01-20T19:00:00Z,82762.0
2026-01-20T20:00:00Z,77824.2
2026-01-20T21:00:00Z,72911.8
2026-01-20T22:00:00Z,73713.3
2026-01-20T23:00:00Z,69857.1
2026-01-21T00:00:00Z,71687.0
2026-01-21T01:00:00Z,68929.0
2026-01-21T02:00:00Z,73458.8
2026-01-21T03:00:00Z,74855.7
2026-01-21T04:00:00Z,74847.7
2026-01-21T05:00:00Z,79964.1
2026-01-21T06:00:00Z,87620.7
2026-01-21T07:00:00Z,93022.9
2026-01-21T08:00:00Z,93803.1
2026-01-21T09:00:00Z,96018.4
2026-01-21T10:00:00Z,96875.9
2026-01-21T11:00:00Z,98971.1
2026-01-21T12:00:00Z,100294.1
2026-01-21T13:00:00Z,99831.1
2026-01-21T14:00:00Z,97413.8
2026-01-21T15:00:00Z,96453.7
2026-01-21T16:00:00Z,93538.6
2026-01-21T17:00:00Z,86933.0
2026-01-21T18:00:00Z,85172.7
2026-01-21T19:00:00Z,80427.9
2026-01-21T20:00:00Z,76763.8
2026-01-21T21:00:00Z,73534.7
2026-01-21T22:00:00Z,72461.5
2026-01-21T23:00:00Z,70329.8
2026-01-22T00:00:00Z,70246.2
2026-01-22T01:00:00Z,71496.7
2026-01-22T02:00:00Z,70038.4
2026-01-22T03:00:00Z,74163.1
2026-01-22T04:00:00Z,75835.7
2026-01-22T05:00:00Z,79232.3
2026-01-22T06:00:00Z,84279.1
2026-01-22T07:00:00Z,88249.8
2026-01-22T08:00:00Z,91147.2
2026-01-22T09:00:00Z,96170.7
2026-01-22T10:00:00Z,99345.2
2026-01-22T11:00:00Z,99800.9
2026-01-22T12:00:00Z,100905.0
2026-01-22T13:00:00Z,100438.0
2026-01-22T14:00:00Z,99468.9
2026-01-22T15:00:00Z,96224.0
2026-01-22T16:00:00Z,91051.6
2026-01-22T17:00:00Z,88794.7
2026-01-22T18:00:00Z,86624.7
2026-01-22T19:00:00Z,81468.0
2026-01-22T20:00:00Z,76434.3
2026-01-22T21:00:00Z,76540.5
2026-01-22T22:00:00Z,72696.5
2026-01-22T23:00:00Z,70677.8
2026-01-23T00:00:00Z,70623.8
2026-01-23T01:00:00Z,69989.4
2026-01-23T02:00:00Z,72805.0
2026-01-23T03:00:00Z,73790.7
2026-01-23T04:00:00Z,79042.4
2026-01-23T05:00:00Z,80995.2
2026-01-23T06:00:00Z,82832.0
2026-01-23T07:00:00Z,87916.5
2026-01-23T08:00:00Z,93702.5
2026-01-23T09:00:00Z,96597.2
2026-01-23T10:00:00Z,100128.2
2026-01-23T11:00:00Z,96495.9
2026-01-23T12:00:00Z,101235.4
2026-01-23T13:00:00Z,98751.9
2026-01-23T14:00:00Z,97485.4
2026-01-23T15:00:00Z,95473.9
2026-01-23T16:00:00Z,92698.2
2026-01-23T17:00:00Z,87387.4
2026-01-23T18:00:00Z,84556.5
2026-01-23T19:00:00Z,80540.9
2026-01-23T20:00:00Z,78044.8
2026-01-23T21:00:00Z,73000.9
2026-01-23T22:00:00Z,72095.8
2026-01-23T23:00:00Z,68735.7
2026-01-24T00:00:00Z,63304.6
2026-01-24T01:00:00Z,64609.6
2026-01-24T02:00:00Z,63602.7
2026-01-24T03:00:00Z,69861.8
2026-01-24T04:00:00Z,71942.0
2026-01-24T05:00:00Z,75783.2
2026-01-24T06:00:00Z,77559.9
2026-01-24T07:00:00Z,83045.6
2026-01-24T08:00:00Z,90254.7
2026-01-24T09:00:00Z,92161.7
2026-01-24T10:00:00Z,92844.9
2026-01-24T11:00:00Z,95478.1
2026-01-24T12:00:00Z,94783.2
2026-01-24T13:00:00Z,94467.3
2026-01-24T14:00:00Z,92823.6
2026-01-24T15:00:00Z,91978.7
2026-01-24T16:00:00Z,89005.3
2026-01-24T17:00:00Z,85165.7
2026-01-24T18:00:00Z,81635.1
2026-01-24T19:00:00Z,76005.9
2026-01-24T20:00:00Z,73092.4
2026-01-24T21:00:00Z,67574.9
2026-01-24T22:00:00Z,65833.0
2026-01-24T23:00:00Z,66062.8
2026-01-25T00:00:00Z,61481.1
2026-01-25T01:00:00Z,66831.8
2026-01-25T02:00:00Z,66664.9
2026-01-25T03:00:00Z,70271.2
2026-01-25T04:00:00Z,72207.2
2026-01-25T05:00:00Z,76027.8
2026-01-25T06:00:00Z,79980.1
2026-01-25T07:00:00Z,84084.7
2026-01-25T08:00:00Z,88040.3
2026-01-25T09:00:00Z,90351.0
2026-01-25T10:00:00Z,93247.4
2026-01-25T11:00:00Z,96228.2
2026-01-25T12:00:00Z,95970.3
2026-01-25T13:00:00Z,95563.7
2026-01-25T14:00:00Z,95276.0
2026-01-25T15:00:00Z,91877.7
2026-01-25T16:00:00Z,89642.9
2026-01-25T17:00:00Z,82600.7
2026-01-25T18:00:00Z,77198.9
2026-01-25T19:00:00Z,74632.9
2026-01-25T20:00:00Z,70239.2
2026-01-25T21:00:00Z,68182.1
2026-01-25T22:00:00Z,67248.3
2026-01-25T23:00:00Z,65685.8
2026-01-26T00:00:00Z,67318.5
2026-01-26T01:00:00Z,69110.1
2026-01-26T02:00:00Z,70693.2
2026-01-26T03:00:00Z,72593.6
2026-01-26T04:00:00Z,74365.0
2026-01-26T05:00:00Z,80744.1
2026-01-26T06:00:00Z,83833.5
2026-01-26T07:00:00Z,89567.5
2026-01-26T08:00:00Z,90878.7
2026-01-26T09:00:00Z,94409.5
2026-01-26T10:00:00Z,97601.5
2026-01-26T11:00:00Z,99498.3
2026-01-26T12:00:00Z,101938.5
2026-01-26T13:00:00Z,98651.8
2026-01-26T14:00:00Z,99364.8
2026-01-26T15:00:00Z,95666.8
2026-01-26T16:00:00Z,91280.8
2026-01-26T17:00:00Z,86261.7
2026-01-26T18:00:00Z,85066.8
2026-01-26T19:00:00Z,80281.3
2026-01-26T20:00:00Z,76643.2
2026-01-26T21:00:00Z,72769.9
2026-01-26T22:00:00Z,70749.0
2026-01-26T23:00:00Z,68189.2
2026-01-27T00:00:00Z,67822.1
2026-01-27T01:00:00Z,67978.9
2026-01-27T02:00:00Z,71125.9
2026-01-27T03:00:00Z,70497.7
2026-01-27T04:00:00Z,76395.3
2026-01-27T05:00:00Z,79419.8
2026-01-27T06:00:00Z,84555.5
2026-01-27T07:00:00Z,86419.9
2026-01-27T08:00:00Z,90618.1
2026-01-27T09:00:00Z,96280.5
2026-01-27T10:00:00Z,95603.3
2026-01-27T11:00:00Z,100827.7
2026-01-27T12:00:00Z,102580.7
2026-01-27T13:00:00Z,99194.5
2026-01-27T14:00:00Z,96064.5
2026-01-27T15:00:00Z,94610.5
2026-01-27T16:00:00Z,91784.0
2026-01-27T17:00:00Z,85635.3
2026-01-27T18:00:00Z,84097.4
2026-01-27T19:00:00Z,80035.2
2026-01-27T20:00:00Z,75305.0
2026-01-27T21:00:00Z,73026.4
2026-01-27T22:00:00Z,69763.4
2026-01-27T23:00:00Z,69123.2
2026-01-28T00:00:00Z,67747.6
2026-01-28T01:00:00Z,67193.9
2026-01-28T02:00:00Z,67268.8
2026-01-28T03:00:00Z,71572.1
2026-01-28T04:00:00Z,75848.2
2026-01-28T05:00:00Z,77732.5
2026-01-28T06:00:00Z,82455.5
2026-01-28T07:00:00Z,86991.4
2026-01-28T08:00:00Z,91765.6
2026-01-28T09:00:00Z,92833.2
2026-01-28T10:00:00Z,97588.7
2026-01-28T11:00:00Z,98622.2
2026-01-28T12:00:00Z,98323.9
2026-01-28T13:00:00Z,98655.5
2026-01-28T14:00:00Z,95321.0
2026-01-28T15:00:00Z,94507.9
2026-01-28T16:00:00Z,90076.6
2026-01-28T17:00:00Z,87411.6
2026-01-28T18:00:00Z,82444.1
2026-01-28T19:00:00Z,79072.2
2026-01-28T20:00:00Z,76264.6
2026-01-28T21:00:00Z,74032.5
2026-01-28T22:00:00Z,67775.3
2026-01-28T23:00:00Z,69061.9
2026-01-29T00:00:00Z,68834.3
2026-01-29T01:00:00Z,66941.4
2026-01-29T02:00:00Z,69956.6
2026-01-29T03:00:00Z,71356.6
2026-01-29T04:00:00Z,77257.9
2026-01-29T05:00:00Z,79268.5
2026-01-29T06:00:00Z,85882.9
2026-01-29T07:00:00Z,87116.2
2026-01-29T08:00:00Z,88376.5
2026-01-29T09:00:00Z,94025.4
2026-01-29T10:00:00Z,94673.7
2026-01-29T11:00:00Z,95858.4
2026-01-29T12:00:00Z,100383.8
2026-01-29T13:00:00Z,97354.7
2026-01-29T14:00:00Z,95314.4
2026-01-29T15:00:00Z,95099.4
2026-01-29T16:00:00Z,91320.4
2026-01-29T17:00:00Z,88841.0
2026-01-29T18:00:00Z,82760.6
2026-01-29T19:00:00Z,79478.3
2026-01-29T20:00:00Z,75577.9
2026-01-29T21:00:00Z,70484.8
2026-01-29T22:00:00Z,67827.8
2026-01-29T23:00:00Z,68390.8
2026-01-30T00:00:00Z,64563.7
2026-01-30T01:00:00Z,66620.4
2026-01-30T02:00:00Z,68762.5
2026-01-30T03:00:00Z,72908.2
2026-01-30T04:00:00Z,73240.7
2026-01-30T05:00:00Z,77782.6
2026-01-30T06:00:00Z,85434.1
2026-01-30T07:00:00Z,85833.6
2026-01-30T08:00:00Z,88276.7
2026-01-30T09:00:00Z,93423.6
2026-01-30T10:00:00Z,96220.7
2026-01-30T11:00:00Z,98140.0
2026-01-30T12:00:00Z,97552.8
2026-01-30T13:00:00Z,99452.7
2026-01-30T14:00:00Z,97033.8
2026-01-30T15:00:00Z,93581.0
2026-01-30T16:00:00Z,89000.5
2026-01-30T17:00:00Z,86389.5
2026-01-30T18:00:00Z,81006.6
2026-01-30T19:00:00Z,79041.2
2026-01-30T20:00:00Z,76419.5
2026-01-30T21:00:00Z,72424.0
2026-01-30T22:00:00Z,68595.3
2026-01-30T23:00:00Z,67187.7
2026-01-31T00:00:00Z,60875.3
2026-01-31T01:00:00Z,62128.4
2026-01-31T02:00:00Z,65675.8
2026-01-31T03:00:00Z,67718.2
2026-01-31T04:00:00Z,69585.7
2026-01-31T05:00:00Z,72639.3
2026-01-31T06:00:00Z,76757.6
2026-01-31T07:00:00Z,84803.8
2026-01-31T08:00:00Z,87957.8
2026-01-31T09:00:00Z,88923.7
2026-01-31T10:00:00Z,91552.3
2026-01-31T11:00:00Z,90099.1
2026-01-31T12:00:00Z,95333.2
2026-01-31T13:00:00Z,91999.6
2026-01-31T14:00:00Z,92611.2
2026-01-31T15:00:00Z,89561.4
2026-01-31T16:00:00Z,86420.5
2026-01-31T17:00:00Z,82169.6
2026-01-31T18:00:00Z,77309.8
2026-01-31T19:00:00Z,74048.0
2026-01-31T20:00:00Z,72095.0
2026-01-31T21:00:00Z,65692.5
2026-01-31T22:00:00Z,64968.6
2026-01-31T23:00:00Z,61901.5
2026-02-01T00:00:00Z,60247.0
2026-02-01T01:00:00Z,63340.8
2026-02-01T02:00:00Z,64582.4
2026-02-01T03:00:00Z,67077.4
2026-02-01T04:00:00Z,72203.5
2026-02-01T05:00:00Z,72932.0
2026-02-01T06:00:00Z,77572.8
2026-02-01T07:00:00Z,82275.9
2026-02-01T08:00:00Z,86138.0
2026-02-01T09:00:00Z,89742.3
2026-02-01T10:00:00Z,93457.4
2026-02-01T11:00:00Z,90833.3
2026-02-01T12:00:00Z,94616.9
2026-02-01T13:00:00Z,94887.1
2026-02-01T14:00:00Z,94120.7
2026-02-01T15:00:00Z,88612.4
2026-02-01T16:00:00Z,82566.4
2026-02-01T17:00:00Z,79458.5
2026-02-01T18:00:00Z,78402.1
2026-02-01T19:00:00Z,72116.2
2026-02-01T20:00:00Z,67445.9
2026-02-01T21:00:00Z,66132.1
2026-02-01T22:00:00Z,64870.7
2026-02-01T23:00:00Z,63221.0
2026-02-02T00:00:00Z,67019.4
2026-02-02T01:00:00Z,65243.7
2026-02-02T02:00:00Z,67625.1
2026-02-02T03:00:00Z,71595.1
2026-02-02T04:00:00Z,73069.4
2026-02-02T05:00:00Z,78546.1
2026-02-02T06:00:00Z,80853.0
2026-02-02T07:00:00Z,84927.2
2026-02-02T08:00:00Z,90068.0
2026-02-02T09:00:00Z,92615.2
2026-02-02T10:00:00Z,92597.1
2026-02-02T11:00:00Z,98847.2
2026-02-02T12:00:00Z,99056.4
2026-02-02T13:00:00Z,96993.3
2026-02-02T14:00:00Z,95315.9
2026-02-02T15:00:00Z,93433.9
2026-02-02T16:00:00Z,90200.9
2026-02-02T17:00:00Z,87162.0
2026-02-02T18:00:00Z,81293.9
2026-02-02T19:00:00Z,78638.3
2026-02-02T20:00:00Z,75111.2
2026-02-02T21:00:00Z,70048.4
2026-02-02T22:00:00Z,67086.7
2026-02-02T23:00:00Z,69674.3
2026-02-03T00:00:00Z,64342.0
2026-02-03T01:00:00Z,68710.5
2026-02-03T02:00:00Z,69246.6
2026-02-03T03:00:00Z,72296.2
2026-02-03T04:00:00Z,73844.0
2026-02-03T05:00:00Z,77368.1
2026-02-03T06:00:00Z,82459.7
2026-02-03T07:00:00Z,84378.4
2026-02-03T08:00:00Z,88699.6
2026-02-03T09:00:00Z,93499.0
2026-02-03T10:00:00Z,97847.7
2026-02-03T11:00:00Z,97175.0
2026-02-03T12:00:00Z,97601.1
2026-02-03T13:00:00Z,97354.2
2026-02-03T14:00:00Z,97543.4
2026-02-03T15:00:00Z,91399.5
2026-02-03T16:00:00Z,87999.6
2026-02-03T17:00:00Z,85667.6
2026-02-03T18:00:00Z,79607.8
2026-02-03T19:00:00Z,81388.9
2026-02-03T20:00:00Z,74973.3
2026-02-03T21:00:00Z,71626.1
2026-02-03T22:00:00Z,68352.3
2026-02-03T23:00:00Z,66711.5
2026-02-04T00:00:00Z,64740.7
2026-02-04T01:00:00Z,67413.7
2026-02-04T02:00:00Z,67067.0
2026-02-04T03:00:00Z,69576.0
2026-02-04T04:00:00Z,73796.1
2026-02-04T05:00:00Z,77491.5
2026-02-04T06:00:00Z,82873.3
2026-02-04T07:00:00Z,85866.1
2026-02-04T08:00:00Z,88582.5
2026-02-04T09:00:00Z,89225.0
2026-02-04T10:00:00Z,96234.2
2026-02-04T11:00:00Z,95131.0
2026-02-04T12:00:00Z,97650.8
2026-02-04T13:00:00Z,97874.8
2026-02-04T14:00:00Z,93446.8
2026-02-04T15:00:00Z,92561.3
2026-02-04T16:00:00Z,85943.0
2026-02-04T17:00:00Z,85111.0
2026-02-04T18:00:00Z,81988.4
2026-02-04T19:00:00Z,79310.0
2026-02-04T20:00:00Z,74115.8
2026-02-04T21:00:00Z,70657.6
2026-02-04T22:00:00Z,66614.5
2026-02-04T23:00:00Z,66215.0
2026-02-05T00:00:00Z,64728.5
2026-02-05T01:00:00Z,66357.2
2026-02-05T02:00:00Z,66536.9
2026-02-05T03:00:00Z,71558.9
2026-02-05T04:00:00Z,72222.1
2026-02-05T05:00:00Z,76001.5
2026-02-05T06:00:00Z,79871.8
2026-02-05T07:00:00Z,85067.6
2026-02-05T08:00:00Z,89364.2
2026-02-05T09:00:00Z,91124.8
2026-02-05T10:00:00Z,93610.1
2026-02-05T11:00:00Z,96638.2
2026-02-05T12:00:00Z,96691.3
2026-02-05T13:00:00Z,93867.7
2026-02-05T14:00:00Z,91823.3
2026-02-05T15:00:00Z,90196.3
2026-02-05T16:00:00Z,87807.9
2026-02-05T17:00:00Z,86575.2
2026-02-05T18:00:00Z,81592.3
2026-02-05T19:00:00Z,78600.1
2026-02-05T20:00:00Z,72209.0
2026-02-05T21:00:00Z,70115.5
2026-02-05T22:00:00Z,65243.9
2026-02-05T23:00:00Z,66899.0
2026-02-06T00:00:00Z,64741.1
2026-02-06T01:00:00Z,66486.9
2026-02-06T02:00:00Z,67074.8
2026-02-06T03:00:00Z,70591.0
2026-02-06T04:00:00Z,74835.0
2026-02-06T05:00:00Z,77009.7
2026-02-06T06:00:00Z,82431.4
2026-02-06T07:00:00Z,82175.3
2026-02-06T08:00:00Z,88213.2
2026-02-06T09:00:00Z,92741.5
2026-02-06T10:00:00Z,94589.8
2026-02-06T11:00:00Z,94768.4
2026-02-06T12:00:00Z,94536.4
2026-02-06T13:00:00Z,94569.7
2026-02-06T14:00:00Z,93472.2
2026-02-06T15:00:00Z,90333.9
2026-02-06T16:00:00Z,87110.9
2026-02-06T17:00:00Z,84772.6
2026-02-06T18:00:00Z,78290.7
2026-02-06T19:00:00Z,75282.1
2026-02-06T20:00:00Z,71902.2
2026-02-06T21:00:00Z,70741.9
2026-02-06T22:00:00Z,69563.7
2026-02-06T23:00:00Z,63571.6
2026-02-07T00:00:00Z,63792.3
2026-02-07T01:00:00Z,61819.7
2026-02-07T02:00:00Z,61352.6
2026-02-07T03:00:00Z,65538.4
2026-02-07T04:00:00Z,68937.0
2026-02-07T05:00:00Z,71690.6
2026-02-07T06:00:00Z,74317.4
2026-02-07T07:00:00Z,79199.5
2026-02-07T08:00:00Z,82733.7
2026-02-07T09:00:00Z,87845.1
2026-02-07T10:00:00Z,90315.6
2026-02-07T11:00:00Z,91630.5
2026-02-07T12:00:00Z,88570.5
2026-02-07T13:00:00Z,91572.7
2026-02-07T14:00:00Z,87747.5
2026-02-07T15:00:00Z,88903.4
2026-02-07T16:00:00Z,82738.9
2026-02-07T17:00:00Z,76490.0
2026-02-07T18:00:00Z,76338.3
2026-02-07T19:00:00Z,74400.3
2026-02-07T20:00:00Z,68233.4
2026-02-07T21:00:00Z,63691.1
2026-02-07T22:00:00Z,62975.8
2026-02-07T23:00:00Z,61821.1
2026-02-08T00:00:00Z,60402.8
2026-02-08T01:00:00Z,61527.3
2026-02-08T02:00:00Z,62771.3
2026-02-08T03:00:00Z,66136.0
2026-02-08T04:00:00Z,68180.9
2026-02-08T05:00:00Z,68941.2
2026-02-08T06:00:00Z,77492.4
2026-02-08T07:00:00Z,79134.3
2026-02-08T08:00:00Z,84232.3
2026-02-08T09:00:00Z,87278.6
2026-02-08T10:00:00Z,88622.5
2026-02-08T11:00:00Z,91859.8
2026-02-08T12:00:00Z,88835.0
2026-02-08T13:00:00Z,91034.0
2026-02-08T14:00:00Z,87832.3
2026-02-08T15:00:00Z,86605.5
2026-02-08T16:00:00Z,85310.3
2026-02-08T17:00:00Z,80395.3
2026-02-08T18:00:00Z,75745.6
2026-02-08T19:00:00Z,69850.3
2026-02-08T20:00:00Z,68066.1
2026-02-08T21:00:00Z,62771.8
2026-02-08T22:00:00Z,60779.8
2026-02-08T23:00:00Z,60143.3
2026-02-09T00:00:00Z,63295.6
2026-02-09T01:00:00Z,64480.1
2026-02-09T02:00:00Z,64098.7
2026-02-09T03:00:00Z,67346.4
2026-02-09T04:00:00Z,69764.0
2026-02-09T05:00:00Z,76362.3
2026-02-09T06:00:00Z,80259.4
2026-02-09T07:00:00Z,84690.9
2026-02-09T08:00:00Z,85885.1
2026-02-09T09:00:00Z,91929.8
2026-02-09T10:00:00Z,92532.3
2026-02-09T11:00:00Z,92732.7
2026-02-09T12:00:00Z,95668.9
2026-02-09T13:00:00Z,93826.8
2026-02-09T14:00:00Z,95042.2
2026-02-09T15:00:00Z,91550.1
2026-02-09T16:00:00Z,86178.9
2026-02-09T17:00:00Z,84018.5
2026-02-09T18:00:00Z,77700.4
2026-02-09T19:00:00Z,74790.9
2026-02-09T20:00:00Z,70903.2
2026-02-09T21:00:00Z,70754.4
2026-02-09T22:00:00Z,66892.1
2026-02-09T23:00:00Z,63936.8
2026-02-10T00:00:00Z,63327.6
2026-02-10T01:00:00Z,64992.6
2026-02-10T02:00:00Z,65071.7
2026-02-10T03:00:00Z,69246.7
2026-02-10T04:00:00Z,72374.8
2026-02-10T05:00:00Z,74982.3
2026-02-10T06:00:00Z,79769.4
2026-02-10T07:00:00Z,83235.6
2026-02-10T08:00:00Z,89346.6
2026-02-10T09:00:00Z,90374.1
2026-02-10T10:00:00Z,89994.8
2026-02-10T11:00:00Z,96202.6
2026-02-10T12:00:00Z,95446.7
2026-02-10T13:00:00Z,96638.7
2026-02-10T14:00:00Z,94002.5
2026-02-10T15:00:00Z,89559.7
2026-02-10T16:00:00Z,87996.0
2026-02-10T17:00:00Z,82458.3
2026-02-10T18:00:00Z,78741.7
2026-02-10T19:00:00Z,75500.5
2026-02-10T20:00:00Z,72737.1
2026-02-10T21:00:00Z,68917.5
2026-02-10T22:00:00Z,68234.0
2026-02-10T23:00:00Z,65368.3
2026-02-11T00:00:00Z,63853.2
2026-02-11T01:00:00Z,66244.5
2026-02-11T02:00:00Z,63125.7
2026-02-11T03:00:00Z,68208.8
2026-02-11T04:00:00Z,69520.0
2026-02-11T05:00:00Z,76089.2
2026-02-11T06:00:00Z,78210.8
2026-02-11T07:00:00Z,83853.9
2026-02-11T08:00:00Z,86008.3
2026-02-11T09:00:00Z,88575.9
2026-02-11T10:00:00Z,97106.2
2026-02-11T11:00:00Z,98701.2
2026-02-11T12:00:00Z,95163.9
2026-02-11T13:00:00Z,93622.2
2026-02-11T14:00:00Z,91223.3
2026-02-11T15:00:00Z,91659.5
2026-02-11T16:00:00Z,85862.4
2026-02-11T17:00:00Z,84279.2
2026-02-11T18:00:00Z,77731.9
2026-02-11T19:00:00Z,74792.3
2026-02-11T20:00:00Z,68632.3
2026-02-11T21:00:00Z,69157.2
2026-02-11T22:00:00Z,62937.6
2026-02-11T23:00:00Z,63899.1
2026-02-12T00:00:00Z,62149.0
2026-02-12T01:00:00Z,65545.3
2026-02-12T02:00:00Z,65089.9
2026-02-12T03:00:00Z,66195.4
2026-02-12T04:00:00Z,73140.3
2026-02-12T05:00:00Z,75804.1
2026-02-12T06:00:00Z,79522.0
2026-02-12T07:00:00Z,80818.0
2026-02-12T08:00:00Z,88120.2
2026-02-12T09:00:00Z,87326.7
2026-02-12T10:00:00Z,92062.2
2026-02-12T11:00:00Z,91667.0
2026-02-12T12:00:00Z,95746.5
2026-02-12T13:00:00Z,92939.7
2026-02-12T14:00:00Z,89664.0
2026-02-12T15:00:00Z,89277.7
2026-02-12T16:00:00Z,88387.7
2026-02-12T17:00:00Z,82922.2
2026-02-12T18:00:00Z,76372.5
2026-02-12T19:00:00Z,73753.1
2026-02-12T20:00:00Z,72530.3
2026-02-12T21:00:00Z,66343.4
2026-02-12T22:00:00Z,64188.5
2026-02-12T23:00:00Z,61879.1
2026-02-13T00:00:00Z,62709.1
2026-02-13T01:00:00Z,62709.5
2026-02-13T02:00:00Z,63814.3
2026-02-13T03:00:00Z,68446.7
2026-02-13T04:00:00Z,70249.5
2026-02-13T05:00:00Z,74400.0
2026-02-13T06:00:00Z,78324.4
2026-02-13T07:00:00Z,82364.6
2026-02-13T08:00:00Z,86902.4
2026-02-13T09:00:00Z,88209.4
2026-02-13T10:00:00Z,90861.2
2026-02-13T11:00:00Z,95002.2
2026-02-13T12:00:00Z,92642.1
2026-02-13T13:00:00Z,94526.8
2026-02-13T14:00:00Z,92025.2
2026-02-13T15:00:00Z,89171.0
2026-02-13T16:00:00Z,87296.3
2026-02-13T17:00:00Z,83667.3
2026-02-13T18:00:00Z,78124.3
2026-02-13T19:00:00Z,73070.2
2026-02-13T20:00:00Z,71318.4
2026-02-13T21:00:00Z,66973.2
2026-02-13T22:00:00Z,62697.0
2026-02-13T23:00:00Z,63280.8
2026-02-14T00:00:00Z,57818.4
2026-02-14T01:00:00Z,58747.0
2026-02-14T02:00:00Z,60824.3
2026-02-14T03:00:00Z,64771.7
2026-02-14T04:00:00Z,65028.2
2026-02-14T05:00:00Z,72460.2
2026-02-14T06:00:00Z,71405.9
2026-02-14T07:00:00Z,80343.0
2026-02-14T08:00:00Z,82889.8
2026-02-14T09:00:00Z,85647.4
2026-02-14T10:00:00Z,87037.8
2026-02-14T11:00:00Z,87259.2
2026-02-14T12:00:00Z,88336.5
2026-02-14T13:00:00Z,86111.5
2026-02-14T14:00:00Z,89057.8
2026-02-14T15:00:00Z,85606.8
2026-02-14T16:00:00Z,80577.4
2026-02-14T17:00:00Z,78507.9
2026-02-14T18:00:00Z,73199.0
2026-02-14T19:00:00Z,68786.1
2026-02-14T20:00:00Z,66190.4
2026-02-14T21:00:00Z,60457.7
2026-02-14T22:00:00Z,59932.2
2026-02-14T23:00:00Z,60529.9
2026-02-15T00:00:00Z,56633.7
2026-02-15T01:00:00Z,56563.8
2026-02-15T02:00:00Z,59380.1
2026-02-15T03:00:00Z,62974.0
2026-02-15T04:00:00Z,65517.8
2026-02-15T05:00:00Z,70272.5
2026-02-15T06:00:00Z,72848.6
2026-02-15T07:00:00Z,78527.9
2026-02-15T08:00:00Z,80787.6
2026-02-15T09:00:00Z,83765.0
2026-02-15T10:00:00Z,86605.7
2026-02-15T11:00:00Z,91102.5
2026-02-15T12:00:00Z,89038.7
2026-02-15T13:00:00Z,89110.9
2026-02-15T14:00:00Z,87391.0
2026-02-15T15:00:00Z,83281.8
2026-02-15T16:00:00Z,78684.4
2026-02-15T17:00:00Z,76369.0
2026-02-15T18:00:00Z,73253.8
2026-02-15T19:00:00Z,68645.0
2026-02-15T20:00:00Z,67157.0
2026-02-15T21:00:00Z,62147.1
2026-02-15T22:00:00Z,61267.9
2026-02-15T23:00:00Z,58503.7
2026-02-16T00:00:00Z,62083.8
2026-02-16T01:00:00Z,60903.9
2026-02-16T02:00:00Z,65034.9
2026-02-16T03:00:00Z,67268.7
2026-02-16T04:00:00Z,68741.0
2026-02-16T05:00:00Z,77185.9
2026-02-16T06:00:00Z,77854.1
2026-02-16T07:00:00Z,84325.1
2026-02-16T08:00:00Z,84889.9
2026-02-16T09:00:00Z,86787.0
2026-02-16T10:00:00Z,90775.5
2026-02-16T11:00:00Z,92750.3
2026-02-16T12:00:00Z,95174.7
2026-02-16T13:00:00Z,92360.9
2026-02-16T14:00:00Z,90418.3
2026-02-16T15:00:00Z,88934.2
2026-02-16T16:00:00Z,87173.6
2026-02-16T17:00:00Z,81252.4
2026-02-16T18:00:00Z,77109.6
2026-02-16T19:00:00Z,72326.9
2026-02-16T20:00:00Z,68701.9
2026-02-16T21:00:00Z,65097.0
2026-02-16T22:00:00Z,60238.4
2026-02-16T23:00:00Z,65191.5
2026-02-17T00:00:00Z,60199.8
2026-02-17T01:00:00Z,59996.3
2026-02-17T02:00:00Z,63457.1
2026-02-17T03:00:00Z,63740.3
2026-02-17T04:00:00Z,69084.4
2026-02-17T05:00:00Z,73218.2
2026-02-17T06:00:00Z,77998.2
2026-02-17T07:00:00Z,80592.3
2026-02-17T08:00:00Z,83929.8
2026-02-17T09:00:00Z,87600.8
2026-02-17T10:00:00Z,91264.0
2026-02-17T11:00:00Z,92509.4
2026-02-17T12:00:00Z,92484.7
2026-02-17T13:00:00Z,92422.4
2026-02-17T14:00:00Z,90344.1
2026-02-17T15:00:00Z,89526.5
2026-02-17T16:00:00Z,85307.2
2026-02-17T17:00:00Z,78710.3
2026-02-17T18:00:00Z,76587.0
2026-02-17T19:00:00Z,70048.5
2026-02-17T20:00:00Z,69629.6
2026-02-17T21:00:00Z,63597.3
2026-02-17T22:00:00Z,63467.3
2026-02-17T23:00:00Z,60838.2
2026-02-18T00:00:00Z,63837.6
2026-02-18T01:00:00Z,63250.9
2026-02-18T02:00:00Z,63127.8
2026-02-18T03:00:00Z,64033.8
2026-02-18T04:00:00Z,71063.6
2026-02-18T05:00:00Z,73726.9
2026-02-18T06:00:00Z,77640.2
2026-02-18T07:00:00Z,79462.4
2026-02-18T08:00:00Z,84476.3
2026-02-18T09:00:00Z,88041.9
2026-02-18T10:00:00Z,88958.6
2026-02-18T11:00:00Z,91938.0
2026-02-18T12:00:00Z,91867.4
2026-02-18T13:00:00Z,92935.9
2026-02-18T14:00:00Z,89734.4
2026-02-18T15:00:00Z,87181.9
2026-02-18T16:00:00Z,82836.3
2026-02-18T17:00:00Z,80347.7
2026-02-18T18:00:00Z,77252.1
2026-02-18T19:00:00Z,74790.5
2026-02-18T20:00:00Z,67145.6
2026-02-18T21:00:00Z,66550.1
2026-02-18T22:00:00Z,63693.5
2026-02-18T23:00:00Z,59385.2
2026-02-19T00:00:00Z,61688.0
2026-02-19T01:00:00Z,62245.1
2026-02-19T02:00:00Z,64437.2
2026-02-19T03:00:00Z,66012.5
2026-02-19T04:00:00Z,67537.9
2026-02-19T05:00:00Z,72624.7
2026-02-19T06:00:00Z,76726.0
2026-02-19T07:00:00Z,81865.7
2026-02-19T08:00:00Z,84416.0
2026-02-19T09:00:00Z,86120.7
2026-02-19T10:00:00Z,89671.8
2026-02-19T11:00:00Z,91539.5
2026-02-19T12:00:00Z,92039.0
2026-02-19T13:00:00Z,90736.0
2026-02-19T14:00:00Z,90847.3
2026-02-19T15:00:00Z,86544.1
2026-02-19T16:00:00Z,84691.8
2026-02-19T17:00:00Z,81114.2
2026-02-19T18:00:00Z,78508.8
2026-02-19T19:00:00Z,72075.4
2026-02-19T20:00:00Z,69672.7
2026-02-19T21:00:00Z,67092.0
2026-02-19T22:00:00Z,65100.6
2026-02-19T23:00:00Z,62373.7
2026-02-20T00:00:00Z,59890.6
2026-02-20T01:00:00Z,61657.8
2026-02-20T02:00:00Z,61117.3
2026-02-20T03:00:00Z,66176.0
2026-02-20T04:00:00Z,68390.0
2026-02-20T05:00:00Z,71175.7
2026-02-20T06:00:00Z,76226.9
2026-02-20T07:00:00Z,81607.5
2026-02-20T08:00:00Z,83512.1
2026-02-20T09:00:00Z,88572.6
2026-02-20T10:00:00Z,89770.9
2026-02-20T11:00:00Z,89854.6
2026-02-20T12:00:00Z,92407.7
2026-02-20T13:00:00Z,92048.5
2026-02-20T14:00:00Z,87240.1
2026-02-20T15:00:00Z,86628.0
2026-02-20T16:00:00Z,84748.0
2026-02-20T17:00:00Z,79565.8
2026-02-20T18:00:00Z,76208.2
2026-02-20T19:00:00Z,71477.4
2026-02-20T20:00:00Z,68282.2
2026-02-20T21:00:00Z,63626.9
2026-02-20T22:00:00Z,65157.0
2026-02-20T23:00:00Z,58541.2
2026-02-21T00:00:00Z,57816.3
2026-02-21T01:00:00Z,56446.4
2026-02-21T02:00:00Z,57166.1
2026-02-21T03:00:00Z,60763.6
2026-02-21T04:00:00Z,64405.8
2026-02-21T05:00:00Z,67261.7
2026-02-21T06:00:00Z,72592.8
2026-02-21T07:00:00Z,76324.4
2026-02-21T08:00:00Z,78665.4
2026-02-21T09:00:00Z,80774.9
2026-02-21T10:00:00Z,84209.2
2026-02-21T11:00:00Z,87460.8
2026-02-21T12:00:00Z,85322.3
2026-02-21T13:00:00Z,88573.5
2026-02-21T14:00:00Z,86421.0
2026-02-21T15:00:00Z,83116.5
2026-02-21T16:00:00Z,80449.3
2026-02-21T17:00:00Z,77440.1
2026-02-21T18:00:00Z,70098.4
2026-02-21T19:00:00Z,66778.1
2026-02-21T20:00:00Z,67180.2
2026-02-21T21:00:00Z,61871.3
2026-02-21T22:00:00Z,57067.4
2026-02-21T23:00:00Z,58667.5
2026-02-22T00:00:00Z,57080.0
2026-02-22T01:00:00Z,56384.4
2026-02-22T02:00:00Z,59050.6
2026-02-22T03:00:00Z,59934.7
2026-02-22T04:00:00Z,65246.0
2026-02-22T05:00:00Z,67432.0
2026-02-22T06:00:00Z,70051.5
2026-02-22T07:00:00Z,73428.1
2026-02-22T08:00:00Z,76908.8
2026-02-22T09:00:00Z,83773.4
2026-02-22T10:00:00Z,86183.3
2026-02-22T11:00:00Z,86779.6
2026-02-22T12:00:00Z,88573.5
2026-02-22T13:00:00Z,86072.5
2026-02-22T14:00:00Z,87015.2
2026-02-22T15:00:00Z,83948.5
2026-02-22T16:00:00Z,80724.7
2026-02-22T17:00:00Z,75472.6
2026-02-22T18:00:00Z,71277.8
2026-02-22T19:00:00Z,68445.9
2026-02-22T20:00:00Z,61791.1
2026-02-22T21:00:00Z,59728.0
2026-02-22T22:00:00Z,58769.3
2026-02-22T23:00:00Z,58599.7
2026-02-23T00:00:00Z,59493.0
2026-02-23T01:00:00Z,63989.2
2026-02-23T02:00:00Z,60991.4
2026-02-23T03:00:00Z,63660.8
2026-02-23T04:00:00Z,67234.8
2026-02-23T05:00:00Z,70827.2
2026-02-23T06:00:00Z,76653.6
2026-02-23T07:00:00Z,77505.8
2026-02-23T08:00:00Z,84320.1
2026-02-23T09:00:00Z,84021.2
2026-02-23T10:00:00Z,90783.9
2026-02-23T11:00:00Z,89220.3
2026-02-23T12:00:00Z,91407.0
2026-02-23T13:00:00Z,89904.1
2026-02-23T14:00:00Z,89452.9
2026-02-23T15:00:00Z,86323.9
2026-02-23T16:00:00Z,84929.3
2026-02-23T17:00:00Z,79501.9
2026-02-23T18:00:00Z,75170.4
2026-02-23T19:00:00Z,72440.2
2026-02-23T20:00:00Z,66719.2
2026-02-23T21:00:00Z,64294.3
2026-02-23T22:00:00Z,64365.3
2026-02-23T23:00:00Z,57787.0
2026-02-24T00:00:00Z,60489.4
2026-02-24T01:00:00Z,58774.6
2026-02-24T02:00:00Z,59236.6
2026-02-24T03:00:00Z,65208.4
2026-02-24T04:00:00Z,70169.6
2026-02-24T05:00:00Z,70639.2
2026-02-24T06:00:00Z,74925.3
2026-02-24T07:00:00Z,79234.4
2026-02-24T08:00:00Z,83766.6
2026-02-24T09:00:00Z,85602.8
2026-02-24T10:00:00Z,88435.7
2026-02-24T11:00:00Z,90548.1
2026-02-24T12:00:00Z,89614.0
2026-02-24T13:00:00Z,92521.6
2026-02-24T14:00:00Z,90468.7
2026-02-24T15:00:00Z,87790.8
2026-02-24T16:00:00Z,81252.7
2026-02-24T17:00:00Z,79072.7
2026-02-24T18:00:00Z,77143.5
2026-02-24T19:00:00Z,69158.6
2026-02-24T20:00:00Z,68973.3
2026-02-24T21:00:00Z,62852.2
2026-02-24T22:00:00Z,63879.9
2026-02-24T23:00:00Z,61747.3
2026-02-25T00:00:00Z,58223.4
2026-02-25T01:00:00Z,60637.6
2026-02-25T02:00:00Z,59261.3
2026-02-25T03:00:00Z,66710.9
2026-02-25T04:00:00Z,64540.3
2026-02-25T05:00:00Z,72819.7
2026-02-25T06:00:00Z,74572.7
2026-02-25T07:00:00Z,78534.2
2026-02-25T08:00:00Z,81476.8
2026-02-25T09:00:00Z,86697.5
2026-02-25T10:00:00Z,88065.2
2026-02-25T11:00:00Z,88106.1
2026-02-25T12:00:00Z,91579.9
2026-02-25T13:00:00Z,90497.7
2026-02-25T14:00:00Z,87577.1
2026-02-25T15:00:00Z,86079.7
2026-02-25T16:00:00Z,82704.8
2026-02-25T17:00:00Z,80329.6
2026-02-25T18:00:00Z,73432.9
2026-02-25T19:00:00Z,70177.9
2026-02-25T20:00:00Z,68408.3
2026-02-25T21:00:00Z,64271.4
2026-02-25T22:00:00Z,63230.0
2026-02-25T23:00:00Z,58768.9
2026-02-26T00:00:00Z,56175.9
2026-02-26T01:00:00Z,58531.1
2026-02-26T02:00:00Z,61136.9
2026-02-26T03:00:00Z,63229.3
2026-02-26T04:00:00Z,67079.5
2026-02-26T05:00:00Z,71614.5
2026-02-26T06:00:00Z,73755.1
2026-02-26T07:00:00Z,78984.5
2026-02-26T08:00:00Z,84568.6
2026-02-26T09:00:00Z,85362.3
2026-02-26T10:00:00Z,89588.6
2026-02-26T11:00:00Z,90816.1
2026-02-26T12:00:00Z,89574.9
2026-02-26T13:00:00Z,89879.6
2026-02-26T14:00:00Z,88070.7
2026-02-26T15:00:00Z,84616.8
2026-02-26T16:00:00Z,81306.6
2026-02-26T17:00:00Z,77579.2
2026-02-26T18:00:00Z,73589.8
2026-02-26T19:00:00Z,69848.2
2026-02-26T20:00:00Z,65625.8
2026-02-26T21:00:00Z,61731.1
2026-02-26T22:00:00Z,59044.8
2026-02-26T23:00:00Z,60967.1
2026-02-27T00:00:00Z,56949.6
2026-02-27T01:00:00Z,61908.3
2026-02-27T02:00:00Z,60656.0
2026-02-27T03:00:00Z,63784.8
2026-02-27T04:00:00Z,69177.2
2026-02-27T05:00:00Z,71455.8
2026-02-27T06:00:00Z,76189.8
2026-02-27T07:00:00Z,78085.0
2026-02-27T08:00:00Z,83149.6
2026-02-27T09:00:00Z,86039.2
2026-02-27T10:00:00Z,87355.7
2026-02-27T11:00:00Z,89841.6
2026-02-27T12:00:00Z,89754.4
2026-02-27T13:00:00Z,89317.0
2026-02-27T14:00:00Z,87545.8
2026-02-27T15:00:00Z,84485.1
2026-02-27T16:00:00Z,82386.0
2026-02-27T17:00:00Z,78525.4
2026-02-27T18:00:00Z,73386.8
2026-02-27T19:00:00Z,69805.5
2026-02-27T20:00:00Z,67848.4
2026-02-27T21:00:00Z,63542.8
2026-02-27T22:00:00Z,59842.6
2026-02-27T23:00:00Z,59377.1
2026-02-28T00:00:00Z,55203.2
2026-02-28T01:00:00Z,56241.4
2026-02-28T02:00:00Z,55124.3
2026-02-28T03:00:00Z,59852.7
2026-02-28T04:00:00Z,61906.8
2026-02-28T05:00:00Z,65704.1
2026-02-28T06:00:00Z,69620.9
2026-02-28T07:00:00Z,75546.1
2026-02-28T08:00:00Z,76912.6
2026-02-28T09:00:00Z,81813.2
2026-02-28T10:00:00Z,83056.7
2026-02-28T11:00:00Z,84991.7
2026-02-28T12:00:00Z,85744.8
2026-02-28T13:00:00Z,85804.8
2026-02-28T14:00:00Z,78715.3
2026-02-28T15:00:00Z,79204.6
2026-02-28T16:00:00Z,78723.2
2026-02-28T17:00:00Z,73887.4
2026-02-28T18:00:00Z,66664.6
2026-02-28T19:00:00Z,66432.0
2026-02-28T20:00:00Z,61122.2
2026-02-28T21:00:00Z,58594.9
2026-02-28T22:00:00Z,57113.0
2026-02-28T23:00:00Z,53186.8
2026-03-01T00:00:00Z,54968.1
2026-03-01T01:00:00Z,54056.4
2026-03-01T02:00:00Z,56459.9
2026-03-01T03:00:00Z,59107.9
2026-03-01T04:00:00Z,57686.4
2026-03-01T05:00:00Z,66179.1
2026-03-01T06:00:00Z,68966.9
2026-03-01T07:00:00Z,75378.7
2026-03-01T08:00:00Z,78942.8
2026-03-01T09:00:00Z,80948.8
2026-03-01T10:00:00Z,82580.4
2026-03-01T11:00:00Z,84352.9
2026-03-01T12:00:00Z,88077.7
2026-03-01T13:00:00Z,83153.4
2026-03-01T14:00:00Z,85146.1
2026-03-01T15:00:00Z,80007.9
2026-03-01T16:00:00Z,79160.2
2026-03-01T17:00:00Z,73621.6
2026-03-01T18:00:00Z,71635.4
2026-03-01T19:00:00Z,64079.7
2026-03-01T20:00:00Z,60480.1
2026-03-01T21:00:00Z,59923.3
2026-03-01T22:00:00Z,56766.2
2026-03-01T23:00:00Z,53635.5
2026-03-02T00:00:00Z,59321.9
2026-03-02T01:00:00Z,58604.6
2026-03-02T02:00:00Z,62456.6
2026-03-02T03:00:00Z,62145.9
2026-03-02T04:00:00Z,65991.9
2026-03-02T05:00:00Z,68874.8
2026-03-02T06:00:00Z,72036.3
2026-03-02T07:00:00Z,77826.6
2026-03-02T08:00:00Z,81245.9
2026-03-02T09:00:00Z,85353.6
2026-03-02T10:00:00Z,88926.0
2026-03-02T11:00:00Z,89507.7
2026-03-02T12:00:00Z,88068.9
2026-03-02T13:00:00Z,89638.6
2026-03-02T14:00:00Z,87628.0
2026-03-02T15:00:00Z,85073.3
2026-03-02T16:00:00Z,82121.2
2026-03-02T17:00:00Z,76436.5
2026-03-02T18:00:00Z,76759.1
2026-03-02T19:00:00Z,70584.1
2026-03-02T20:00:00Z,64456.7
2026-03-02T21:00:00Z,64049.0
2026-03-02T22:00:00Z,59306.4
2026-03-02T23:00:00Z,56344.1
2026-03-03T00:00:00Z,55430.9
2026-03-03T01:00:00Z,57941.7
2026-03-03T02:00:00Z,61712.0
2026-03-03T03:00:00Z,63101.0
2026-03-03T04:00:00Z,67697.3
2026-03-03T05:00:00Z,69020.0
2026-03-03T06:00:00Z,72001.4
2026-03-03T07:00:00Z,74953.1
2026-03-03T08:00:00Z,83861.4
2026-03-03T09:00:00Z,83451.9
2026-03-03T10:00:00Z,86412.2
2026-03-03T11:00:00Z,85528.2
2026-03-03T12:00:00Z,88418.5
2026-03-03T13:00:00Z,88101.0
2026-03-03T14:00:00Z,88477.6
2026-03-03T15:00:00Z,84741.4
2026-03-03T16:00:00Z,80324.2
2026-03-03T17:00:00Z,79519.4
2026-03-03T18:00:00Z,71232.6
2026-03-03T19:00:00Z,68326.7
2026-03-03T20:00:00Z,64895.4
2026-03-03T21:00:00Z,62693.1
2026-03-03T22:00:00Z,59214.3
2026-03-03T23:00:00Z,61291.4
2026-03-04T00:00:00Z,57376.4
2026-03-04T01:00:00Z,59306.4
2026-03-04T02:00:00Z,59221.0
2026-03-04T03:00:00Z,61329.4
2026-03-04T04:00:00Z,67708.3
2026-03-04T05:00:00Z,69607.1
2026-03-04T06:00:00Z,74180.2
2026-03-04T07:00:00Z,77162.4
2026-03-04T08:00:00Z,81769.5
2026-03-04T09:00:00Z,83475.1
2026-03-04T10:00:00Z,84345.0
2026-03-04T11:00:00Z,87499.5
2026-03-04T12:00:00Z,89327.8
2026-03-04T13:00:00Z,85637.3
2026-03-04T14:00:00Z,88135.8
2026-03-04T15:00:00Z,83593.2
2026-03-04T16:00:00Z,81654.8
2026-03-04T17:00:00Z,76077.8
2026-03-04T18:00:00Z,72948.6
2026-03-04T19:00:00Z,70544.9
2026-03-04T20:00:00Z,65109.9
2026-03-04T21:00:00Z,62116.2
2026-03-04T22:00:00Z,59473.2
2026-03-04T23:00:00Z,55547.6
2026-03-05T00:00:00Z,58491.7
2026-03-05T01:00:00Z,57438.9
2026-03-05T02:00:00Z,62987.8
2026-03-05T03:00:00Z,62968.2
2026-03-05T04:00:00Z,64303.7
2026-03-05T05:00:00Z,70287.5
2026-03-05T06:00:00Z,72641.4
2026-03-05T07:00:00Z,77169.1
2026-03-05T08:00:00Z,81987.7
2026-03-05T09:00:00Z,84449.9
2026-03-05T10:00:00Z,86374.6
2026-03-05T11:00:00Z,86637.8
2026-03-05T12:00:00Z,90556.5
2026-03-05T13:00:00Z,88616.5
2026-03-05T14:00:00Z,85364.7
2026-03-05T15:00:00Z,83858.7
2026-03-05T16:00:00Z,80534.2
2026-03-05T17:00:00Z,78427.1
2026-03-05T18:00:00Z,73823.7
2026-03-05T19:00:00Z,68311.1
2026-03-05T20:00:00Z,63705.3
2026-03-05T21:00:00Z,62320.8
2026-03-05T22:00:00Z,60704.6
2026-03-05T23:00:00Z,58935.2
2026-03-06T00:00:00Z,55621.7
2026-03-06T01:00:00Z,57168.0
2026-03-06T02:00:00Z,58876.9
2026-03-06T03:00:00Z,61859.0
2026-03-06T04:00:00Z,62746.3
2026-03-06T05:00:00Z,68992.9
2026-03-06T06:00:00Z,70970.4
2026-03-06T07:00:00Z,77143.9
2026-03-06T08:00:00Z,83203.6
2026-03-06T09:00:00Z,85132.1
2026-03-06T10:00:00Z,85731.1
2026-03-06T11:00:00Z,86257.7
2026-03-06T12:00:00Z,87519.0
2026-03-06T13:00:00Z,87981.2
2026-03-06T14:00:00Z,88411.2
2026-03-06T15:00:00Z,80604.5
2026-03-06T16:00:00Z,79733.4
2026-03-06T17:00:00Z,76312.4
2026-03-06T18:00:00Z,73745.3
2026-03-06T19:00:00Z,68595.8
2026-03-06T20:00:00Z,63352.3
2026-03-06T21:00:00Z,62741.4
2026-03-06T22:00:00Z,62708.9
2026-03-06T23:00:00Z,57853.5
2026-03-07T00:00:00Z,52350.6
2026-03-07T01:00:00Z,53235.4
2026-03-07T02:00:00Z,53738.7
2026-03-07T03:00:00Z,56882.1
2026-03-07T04:00:00Z,60828.6
2026-03-07T05:00:00Z,65540.3
2026-03-07T06:00:00Z,68431.8
2026-03-07T07:00:00Z,69333.6
2026-03-07T08:00:00Z,74021.3
2026-03-07T09:00:00Z,79360.3
2026-03-07T10:00:00Z,81913.7
2026-03-07T11:00:00Z,84240.2
2026-03-07T12:00:00Z,85316.9
2026-03-07T13:00:00Z,82284.1
2026-03-07T14:00:00Z,78914.1
2026-03-07T15:00:00Z,78773.3
2026-03-07T16:00:00Z,76484.0
2026-03-07T17:00:00Z,74353.1
2026-03-07T18:00:00Z,69264.4
2026-03-07T19:00:00Z,65712.0
2026-03-07T20:00:00Z,59970.1
2026-03-07T21:00:00Z,55557.6
2026-03-07T22:00:00Z,54988.4
2026-03-07T23:00:00Z,52837.6
2026-03-08T00:00:00Z,49323.0
2026-03-08T01:00:00Z,54016.7
2026-03-08T02:00:00Z,53173.2
2026-03-08T03:00:00Z,57826.0
2026-03-08T04:00:00Z,61031.4
2026-03-08T05:00:00Z,64062.4
2026-03-08T06:00:00Z,67510.5
2026-03-08T07:00:00Z,73207.7
2026-03-08T08:00:00Z,75101.2
2026-03-08T09:00:00Z,79460.4
2026-03-08T10:00:00Z,80997.6
2026-03-08T11:00:00Z,82393.9
2026-03-08T12:00:00Z,82243.0
2026-03-08T13:00:00Z,83907.0
2026-03-08T14:00:00Z,79884.0
2026-03-08T15:00:00Z,81569.9
2026-03-08T16:00:00Z,75542.4
2026-03-08T17:00:00Z,71144.1
2026-03-08T18:00:00Z,65608.1
2026-03-08T19:00:00Z,65259.6
2026-03-08T20:00:00Z,61966.4
2026-03-08T21:00:00Z,57364.7
2026-03-08T22:00:00Z,54667.7
2026-03-08T23:00:00Z,52030.2
2026-03-09T00:00:00Z,55832.4
2026-03-09T01:00:00Z,56346.7
2026-03-09T02:00:00Z,57837.3
2026-03-09T03:00:00Z,61726.4
2026-03-09T04:00:00Z,62269.9
2026-03-09T05:00:00Z,68739.0
2026-03-09T06:00:00Z,72831.6
2026-03-09T07:00:00Z,75260.7
2026-03-09T08:00:00Z,80660.1
2026-03-09T09:00:00Z,82574.9
2026-03-09T10:00:00Z,84205.1
2026-03-09T11:00:00Z,86670.7
2026-03-09T12:00:00Z,87436.3
2026-03-09T13:00:00Z,86488.4
2026-03-09T14:00:00Z,85978.9
2026-03-09T15:00:00Z,84416.0
2026-03-09T16:00:00Z,81494.2
2026-03-09T17:00:00Z,77004.1
2026-03-09T18:00:00Z,71013.1
2026-03-09T19:00:00Z,67668.5
2026-03-09T20:00:00Z,65166.7
2026-03-09T21:00:00Z,60669.2
2026-03-09T22:00:00Z,58657.4
2026-03-09T23:00:00Z,53739.3
2026-03-10T00:00:00Z,54692.3
2026-03-10T01:00:00Z,57717.6
2026-03-10T02:00:00Z,57949.8
2026-03-10T03:00:00Z,62803.7
2026-03-10T04:00:00Z,65199.2
2026-03-10T05:00:00Z,67913.1
2026-03-10T06:00:00Z,71920.5
2026-03-10T07:00:00Z,77470.8
2026-03-10T08:00:00Z,79876.7
2026-03-10T09:00:00Z,81901.5
2026-03-10T10:00:00Z,86868.6
2026-03-10T11:00:00Z,88093.1
2026-03-10T12:00:00Z,87696.6
2026-03-10T13:00:00Z,87064.7
2026-03-10T14:00:00Z,85922.7
2026-03-10T15:00:00Z,81546.2
2026-03-10T16:00:00Z,79688.4
2026-03-10T17:00:00Z,75337.0
2026-03-10T18:00:00Z,71464.7
2026-03-10T19:00:00Z,68993.6
2026-03-10T20:00:00Z,62822.2
2026-03-10T21:00:00Z,63125.9
2026-03-10T22:00:00Z,59582.6
2026-03-10T23:00:00Z,55972.6
2026-03-11T00:00:00Z,58111.7
2026-03-11T01:00:00Z,55376.9
2026-03-11T02:00:00Z,58714.5
2026-03-11T03:00:00Z,60259.4
2026-03-11T04:00:00Z,66095.1
2026-03-11T05:00:00Z,68291.9
2026-03-11T06:00:00Z,72866.1
2026-03-11T07:00:00Z,75871.0
2026-03-11T08:00:00Z,80467.8
2026-03-11T09:00:00Z,83470.3
2026-03-11T10:00:00Z,85472.7
2026-03-11T11:00:00Z,86563.9
2026-03-11T12:00:00Z,86548.5
2026-03-11T13:00:00Z,85723.6
2026-03-11T14:00:00Z,85473.8
2026-03-11T15:00:00Z,80557.7
2026-03-11T16:00:00Z,80643.5
2026-03-11T17:00:00Z,75446.8
2026-03-11T18:00:00Z,71400.9
2026-03-11T19:00:00Z,69747.9
2026-03-11T20:00:00Z,64310.6
2026-03-11T21:00:00Z,60343.2
2026-03-11T22:00:00Z,57806.4
2026-03-11T23:00:00Z,58487.3
2026-03-12T00:00:00Z,58587.7
2026-03-12T01:00:00Z,56893.2
2026-03-12T02:00:00Z,58434.0
2026-03-12T03:00:00Z,60274.6
2026-03-12T04:00:00Z,63963.6
2026-03-12T05:00:00Z,66685.0
2026-03-12T06:00:00Z,72613.9
2026-03-12T07:00:00Z,73191.2
2026-03-12T08:00:00Z,79463.0
2026-03-12T09:00:00Z,83203.7
2026-03-12T10:00:00Z,85227.2
2026-03-12T11:00:00Z,87850.0
2026-03-12T12:00:00Z,88392.7
2026-03-12T13:00:00Z,84213.7
2026-03-12T14:00:00Z,83260.9
2026-03-12T15:00:00Z,82648.3
2026-03-12T16:00:00Z,76865.6
2026-03-12T17:00:00Z,74551.2
2026-03-12T18:00:00Z,70043.0
2026-03-12T19:00:00Z,68612.8
2026-03-12T20:00:00Z,62224.1
2026-03-12T21:00:00Z,61030.9
2026-03-12T22:00:00Z,59116.1
2026-03-12T23:00:00Z,54690.6
2026-03-13T00:00:00Z,54904.1
2026-03-13T01:00:00Z,54751.3
2026-03-13T02:00:00Z,56779.3
2026-03-13T03:00:00Z,59717.0
2026-03-13T04:00:00Z,65154.9
2026-03-13T05:00:00Z,66874.0
2026-03-13T06:00:00Z,72041.5
2026-03-13T07:00:00Z,75788.5
2026-03-13T08:00:00Z,79445.4
2026-03-13T09:00:00Z,82339.2
2026-03-13T10:00:00Z,84668.6
2026-03-13T11:00:00Z,87378.1
2026-03-13T12:00:00Z,85928.9
2026-03-13T13:00:00Z,85470.6
2026-03-13T14:00:00Z,84079.9
2026-03-13T15:00:00Z,81245.8
2026-03-13T16:00:00Z,80907.8
2026-03-13T17:00:00Z,74475.2
2026-03-13T18:00:00Z,71261.1
2026-03-13T19:00:00Z,66192.5
2026-03-13T20:00:00Z,63347.1
2026-03-13T21:00:00Z,60568.3
2026-03-13T22:00:00Z,58693.7
2026-03-13T23:00:00Z,55098.4
2026-03-14T00:00:00Z,50310.1
2026-03-14T01:00:00Z,51780.1
2026-03-14T02:00:00Z,51973.8
2026-03-14T03:00:00Z,55548.7
2026-03-14T04:00:00Z,58779.2
2026-03-14T05:00:00Z,65076.0
2026-03-14T06:00:00Z,65770.8
2026-03-14T07:00:00Z,70143.3
2026-03-14T08:00:00Z,73255.8
2026-03-14T09:00:00Z,78621.6
2026-03-14T10:00:00Z,78472.4
2026-03-14T11:00:00Z,80105.9
2026-03-14T12:00:00Z,82072.5
2026-03-14T13:00:00Z,81425.6
2026-03-14T14:00:00Z,82165.2
2026-03-14T15:00:00Z,76901.7
2026-03-14T16:00:00Z,74115.7
2026-03-14T17:00:00Z,71796.6
2026-03-14T18:00:00Z,66194.4
2026-03-14T19:00:00Z,61930.3
2026-03-14T20:00:00Z,58927.0
2026-03-14T21:00:00Z,57996.9
2026-03-14T22:00:00Z,52638.2
2026-03-14T23:00:00Z,51790.2
2026-03-15T00:00:00Z,50910.8
2026-03-15T01:00:00Z,52757.2
2026-03-15T02:00:00Z,51549.9
2026-03-15T03:00:00Z,57006.8
2026-03-15T04:00:00Z,58627.0
2026-03-15T05:00:00Z,61683.8
2026-03-15T06:00:00Z,67215.3
2026-03-15T07:00:00Z,69891.7
2026-03-15T08:00:00Z,73802.0
2026-03-15T09:00:00Z,75995.5
2026-03-15T10:00:00Z,80631.9
2026-03-15T11:00:00Z,82727.9
2026-03-15T12:00:00Z,81488.0
2026-03-15T13:00:00Z,79360.9
2026-03-15T14:00:00Z,79799.3
2026-03-15T15:00:00Z,78161.1
2026-03-15T16:00:00Z,75647.9
2026-03-15T17:00:00Z,71745.8
2026-03-15T18:00:00Z,65913.5
2026-03-15T19:00:00Z,60658.2
2026-03-15T20:00:00Z,61127.0
2026-03-15T21:00:00Z,55886.9
2026-03-15T22:00:00Z,52659.5
2026-03-15T23:00:00Z,50890.2
2026-03-16T00:00:00Z,55892.8
2026-03-16T01:00:00Z,56953.8
2026-03-16T02:00:00Z,56711.5
2026-03-16T03:00:00Z,59621.9
2026-03-16T04:00:00Z,64059.5
2026-03-16T05:00:00Z,67656.0
2026-03-16T06:00:00Z,73320.7
2026-03-16T07:00:00Z,73458.4
2026-03-16T08:00:00Z,80204.6
2026-03-16T09:00:00Z,81903.4
2026-03-16T10:00:00Z,81697.2
2026-03-16T11:00:00Z,87609.2
2026-03-16T12:00:00Z,85839.6
2026-03-16T13:00:00Z,88002.8
2026-03-16T14:00:00Z,84865.5
2026-03-16T15:00:00Z,82107.5
2026-03-16T16:00:00Z,80052.1
2026-03-16T17:00:00Z,74856.7
2026-03-16T18:00:00Z,73024.8
2026-03-16T19:00:00Z,67554.6
2026-03-16T20:00:00Z,60397.1
2026-03-16T21:00:00Z,59704.2
2026-03-16T22:00:00Z,57756.5
2026-03-16T23:00:00Z,55959.8
2026-03-17T00:00:00Z,56533.5
2026-03-17T01:00:00Z,56205.4
2026-03-17T02:00:00Z,55007.8
2026-03-17T03:00:00Z,59109.1
2026-03-17T04:00:00Z,62350.6
2026-03-17T05:00:00Z,68299.3
2026-03-17T06:00:00Z,69996.2
2026-03-17T07:00:00Z,74677.4
2026-03-17T08:00:00Z,76911.7
2026-03-17T09:00:00Z,82138.2
2026-03-17T10:00:00Z,85715.7
2026-03-17T11:00:00Z,85858.1
2026-03-17T12:00:00Z,86091.1
2026-03-17T13:00:00Z,88577.3
2026-03-17T14:00:00Z,85473.0
2026-03-17T15:00:00Z,81754.8
2026-03-17T16:00:00Z,78902.6
2026-03-17T17:00:00Z,73085.7
2026-03-17T18:00:00Z,70217.8
2026-03-17T19:00:00Z,67901.0
2026-03-17T20:00:00Z,63497.9
2026-03-17T21:00:00Z,58986.1
2026-03-17T22:00:00Z,57585.4
2026-03-17T23:00:00Z,54977.4
2026-03-18T00:00:00Z,53057.2
2026-03-18T01:00:00Z,55401.8
2026-03-18T02:00:00Z,57593.8
2026-03-18T03:00:00Z,56604.3
2026-03-18T04:00:00Z,62750.6
2026-03-18T05:00:00Z,68527.9
2026-03-18T06:00:00Z,71330.1
2026-03-18T07:00:00Z,74050.4
2026-03-18T08:00:00Z,79571.6
2026-03-18T09:00:00Z,80108.5
2026-03-18T10:00:00Z,81308.3
2026-03-18T11:00:00Z,87711.7
2026-03-18T12:00:00Z,82875.5
2026-03-18T13:00:00Z,84465.0
2026-03-18T14:00:00Z,83879.0
2026-03-18T15:00:00Z,81551.1
2026-03-18T16:00:00Z,78644.5
2026-03-18T17:00:00Z,78195.6
2026-03-18T18:00:00Z,71396.9
2026-03-18T19:00:00Z,67353.5
2026-03-18T20:00:00Z,62653.5
2026-03-18T21:00:00Z,58244.2
2026-03-18T22:00:00Z,58692.3
2026-03-18T23:00:00Z,54320.8
2026-03-19T00:00:00Z,55584.3
2026-03-19T01:00:00Z,56746.8
2026-03-19T02:00:00Z,54543.2
2026-03-19T03:00:00Z,58067.4
2026-03-19T04:00:00Z,62508.5
2026-03-19T05:00:00Z,66449.5
2026-03-19T06:00:00Z,69282.3
2026-03-19T07:00:00Z,73552.2
2026-03-19T08:00:00Z,77455.1
2026-03-19T09:00:00Z,82771.3
2026-03-19T10:00:00Z,84611.4
2026-03-19T11:00:00Z,85279.6
2026-03-19T12:00:00Z,85722.5
2026-03-19T13:00:00Z,85438.3
2026-03-19T14:00:00Z,85015.9
2026-03-19T15:00:00Z,80528.2
2026-03-19T16:00:00Z,77787.9
2026-03-19T17:00:00Z,72557.7
2026-03-19T18:00:00Z,69925.1
2026-03-19T19:00:00Z,65088.6
2026-03-19T20:00:00Z,60972.2
2026-03-19T21:00:00Z,58308.8
2026-03-19T22:00:00Z,55750.1
2026-03-19T23:00:00Z,53774.4
2026-03-20T00:00:00Z,52576.0
2026-03-20T01:00:00Z,54280.4
2026-03-20T02:00:00Z,59430.1
2026-03-20T03:00:00Z,59515.6
2026-03-20T04:00:00Z,61468.3
2026-03-20T05:00:00Z,68070.7
2026-03-20T06:00:00Z,68752.9
2026-03-20T07:00:00Z,74271.5
2026-03-20T08:00:00Z,76283.2
2026-03-20T09:00:00Z,80887.1
2026-03-20T10:00:00Z,82943.4
2026-03-20T11:00:00Z,84821.3
2026-03-20T12:00:00Z,85481.5
2026-03-20T13:00:00Z,87183.2
2026-03-20T14:00:00Z,82248.8
2026-03-20T15:00:00Z,80383.7
2026-03-20T16:00:00Z,77980.4
2026-03-20T17:00:00Z,74667.1
2026-03-20T18:00:00Z,70673.6
2026-03-20T19:00:00Z,64894.2
2026-03-20T20:00:00Z,61950.2
2026-03-20T21:00:00Z,58809.4
2026-03-20T22:00:00Z,58669.9
2026-03-20T23:00:00Z,55171.6
2026-03-21T00:00:00Z,49505.9
2026-03-21T01:00:00Z,47896.7
2026-03-21T02:00:00Z,51164.0
2026-03-21T03:00:00Z,55473.8
2026-03-21T04:00:00Z,58708.7
2026-03-21T05:00:00Z,60577.0
2026-03-21T06:00:00Z,66622.9
2026-03-21T07:00:00Z,68508.4
2026-03-21T08:00:00Z,72678.0
2026-03-21T09:00:00Z,77998.6
2026-03-21T10:00:00Z,79021.2
2026-03-21T11:00:00Z,79089.6
2026-03-21T12:00:00Z,81014.5
2026-03-21T13:00:00Z,77983.3
2026-03-21T14:00:00Z,79271.6
2026-03-21T15:00:00Z,73535.8
2026-03-21T16:00:00Z,72126.2
2026-03-21T17:00:00Z,70113.4
2026-03-21T18:00:00Z,65622.5
2026-03-21T19:00:00Z,62496.9
2026-03-21T20:00:00Z,54803.1
2026-03-21T21:00:00Z,54999.0
2026-03-21T22:00:00Z,50313.8
2026-03-21T23:00:00Z,50507.7
2026-03-22T00:00:00Z,50241.2
2026-03-22T01:00:00Z,50593.6
2026-03-22T02:00:00Z,54818.4
2026-03-22T03:00:00Z,54903.8
2026-03-22T04:00:00Z,59179.9
2026-03-22T05:00:00Z,61735.5
2026-03-22T06:00:00Z,67739.8
2026-03-22T07:00:00Z,68068.1
2026-03-22T08:00:00Z,72981.4
2026-03-22T09:00:00Z,74766.0
2026-03-22T10:00:00Z,80400.6
2026-03-22T11:00:00Z,78744.7
2026-03-22T12:00:00Z,79528.5
2026-03-22T13:00:00Z,79942.0
2026-03-22T14:00:00Z,78139.5
2026-03-22T15:00:00Z,78276.2
2026-03-22T16:00:00Z,75041.9
2026-03-22T17:00:00Z,70572.0
2026-03-22T18:00:00Z,65655.9
2026-03-22T19:00:00Z,62503.7
2026-03-22T20:00:00Z,58514.9
2026-03-22T21:00:00Z,55595.0
2026-03-22T22:00:00Z,52984.1
2026-03-22T23:00:00Z,49365.6
2026-03-23T00:00:00Z,51522.8
2026-03-23T01:00:00Z,53841.7
2026-03-23T02:00:00Z,54787.1
2026-03-23T03:00:00Z,58555.7
2026-03-23T04:00:00Z,62456.4
2026-03-23T05:00:00Z,66643.0
2026-03-23T06:00:00Z,70766.7
2026-03-23T07:00:00Z,73551.0
2026-03-23T08:00:00Z,78487.0
2026-03-23T09:00:00Z,81962.2
2026-03-23T10:00:00Z,83218.1
2026-03-23T11:00:00Z,83633.8
2026-03-23T12:00:00Z,87340.7
2026-03-23T13:00:00Z,84387.8
2026-03-23T14:00:00Z,84161.8
2026-03-23T15:00:00Z,83188.5
2026-03-23T16:00:00Z,78363.3
2026-03-23T17:00:00Z,71275.0
2026-03-23T18:00:00Z,68931.2
2026-03-23T19:00:00Z,65014.5
2026-03-23T20:00:00Z,63044.5
2026-03-23T21:00:00Z,57030.2
2026-03-23T22:00:00Z,54775.3
2026-03-23T23:00:00Z,53099.0
2026-03-24T00:00:00Z,51174.9
2026-03-24T01:00:00Z,54523.1
2026-03-24T02:00:00Z,58459.4
2026-03-24T03:00:00Z,56524.7
2026-03-24T04:00:00Z,60827.5
2026-03-24T05:00:00Z,63701.9
2026-03-24T06:00:00Z,68206.8
2026-03-24T07:00:00Z,72191.8
2026-03-24T08:00:00Z,78809.6
2026-03-24T09:00:00Z,82625.1
2026-03-24T10:00:00Z,83332.5
2026-03-24T11:00:00Z,82292.4
2026-03-24T12:00:00Z,86926.6
2026-03-24T13:00:00Z,83230.6
2026-03-24T14:00:00Z,83741.5
2026-03-24T15:00:00Z,80703.1
2026-03-24T16:00:00Z,78077.5
2026-03-24T17:00:00Z,73977.1
2026-03-24T18:00:00Z,70243.1
2026-03-24T19:00:00Z,67115.5
2026-03-24T20:00:00Z,60483.4
2026-03-24T21:00:00Z,57822.0
2026-03-24T22:00:00Z,54289.6
2026-03-24T23:00:00Z,54097.5
2026-03-25T00:00:00Z,52541.4
2026-03-25T01:00:00Z,55471.4
2026-03-25T02:00:00Z,56800.3
2026-03-25T03:00:00Z,56125.2
2026-03-25T04:00:00Z,63299.7
2026-03-25T05:00:00Z,65469.4
2026-03-25T06:00:00Z,67786.0
2026-03-25T07:00:00Z,73900.6
2026-03-25T08:00:00Z,75999.1
2026-03-25T09:00:00Z,79779.7
2026-03-25T10:00:00Z,81490.2
2026-03-25T11:00:00Z,85836.2
2026-03-25T12:00:00Z,84405.5
2026-03-25T13:00:00Z,84008.7
2026-03-25T14:00:00Z,82395.3
2026-03-25T15:00:00Z,80179.7
2026-03-25T16:00:00Z,77814.4
2026-03-25T17:00:00Z,72514.0
2026-03-25T18:00:00Z,68646.8
2026-03-25T19:00:00Z,66215.2
2026-03-25T20:00:00Z,62476.0
2026-03-25T21:00:00Z,56775.6
2026-03-25T22:00:00Z,55800.9
2026-03-25T23:00:00Z,54003.4
2026-03-26T00:00:00Z,53769.7
2026-03-26T01:00:00Z,53783.9
2026-03-26T02:00:00Z,55334.6
2026-03-26T03:00:00Z,57602.6
2026-03-26T04:00:00Z,60616.7
2026-03-26T05:00:00Z,65473.0
2026-03-26T06:00:00Z,68784.9
2026-03-26T07:00:00Z,71544.1
2026-03-26T08:00:00Z,76076.2
2026-03-26T09:00:00Z,81522.9
2026-03-26T10:00:00Z,84653.8
2026-03-26T11:00:00Z,81392.6
2026-03-26T12:00:00Z,84071.3
2026-03-26T13:00:00Z,83092.2
2026-03-26T14:00:00Z,82183.5
2026-03-26T15:00:00Z,79314.7
2026-03-26T16:00:00Z,78955.1
2026-03-26T17:00:00Z,71413.5
2026-03-26T18:00:00Z,67533.0
2026-03-26T19:00:00Z,64435.1
2026-03-26T20:00:00Z,62254.9
2026-03-26T21:00:00Z,58702.6
2026-03-26T22:00:00Z,56562.4
2026-03-26T23:00:00Z,54668.5
2026-03-27T00:00:00Z,53947.4
2026-03-27T01:00:00Z,53102.1
2026-03-27T02:00:00Z,56540.2
2026-03-27T03:00:00Z,58341.8
2026-03-27T04:00:00Z,58380.2
2026-03-27T05:00:00Z,65349.1
2026-03-27T06:00:00Z,70238.2
2026-03-27T07:00:00Z,74453.7
2026-03-27T08:00:00Z,74993.6
2026-03-27T09:00:00Z,80207.8
2026-03-27T10:00:00Z,85355.9
2026-03-27T11:00:00Z,82966.2
2026-03-27T12:00:00Z,87233.0
2026-03-27T13:00:00Z,83061.9
2026-03-27T14:00:00Z,83132.7
2026-03-27T15:00:00Z,79362.9
2026-03-27T16:00:00Z,76957.1
2026-03-27T17:00:00Z,73592.8
2026-03-27T18:00:00Z,66271.1
2026-03-27T19:00:00Z,66391.9
2026-03-27T20:00:00Z,62173.5
2026-03-27T21:00:00Z,60251.8
2026-03-27T22:00:00Z,57366.4
2026-03-27T23:00:00Z,54654.6
2026-03-28T00:00:00Z,48923.3
2026-03-28T01:00:00Z,48163.6
2026-03-28T02:00:00Z,52932.3
2026-03-28T03:00:00Z,53187.7
2026-03-28T04:00:00Z,57047.8
2026-03-28T05:00:00Z,60317.9
2026-03-28T06:00:00Z,63625.2
2026-03-28T07:00:00Z,68697.1
2026-03-28T08:00:00Z,72311.0
2026-03-28T09:00:00Z,77171.0
2026-03-28T10:00:00Z,77041.5
2026-03-28T11:00:00Z,79455.4
2026-03-28T12:00:00Z,78523.8
2026-03-28T13:00:00Z,79809.0
2026-03-28T14:00:00Z,79132.7
2026-03-28T15:00:00Z,76682.8
2026-03-28T16:00:00Z,73134.7
2026-03-28T17:00:00Z,69131.5
2026-03-28T18:00:00Z,63170.2
2026-03-28T19:00:00Z,62092.6
2026-03-28T20:00:00Z,55976.4
2026-03-28T21:00:00Z,54751.0
2026-03-28T22:00:00Z,49774.9
2026-03-28T23:00:00Z,51009.1
2026-03-29T00:00:00Z,48479.7
2026-03-29T01:00:00Z,50368.1
2026-03-29T02:00:00Z,49321.8
2026-03-29T03:00:00Z,54776.0
2026-03-29T04:00:00Z,56238.3
2026-03-29T05:00:00Z,60732.3
2026-03-29T06:00:00Z,63990.1
2026-03-29T07:00:00Z,68173.7
2026-03-29T08:00:00Z,73332.7
2026-03-29T09:00:00Z,76709.8
2026-03-29T10:00:00Z,76743.8
2026-03-29T11:00:00Z,81548.1
2026-03-29T12:00:00Z,79777.2
2026-03-29T13:00:00Z,76838.4
2026-03-29T14:00:00Z,78304.4
2026-03-29T15:00:00Z,76820.4
2026-03-29T16:00:00Z,73841.3
2026-03-29T17:00:00Z,68969.5
2026-03-29T18:00:00Z,64493.6
2026-03-29T19:00:00Z,60140.4
2026-03-29T20:00:00Z,55581.4
2026-03-29T21:00:00Z,50324.7
2026-03-29T22:00:00Z,49549.9
2026-03-29T23:00:00Z,48005.2
2026-03-30T00:00:00Z,55793.6
2026-03-30T01:00:00Z,54984.5
2026-03-30T02:00:00Z,56832.6
2026-03-30T03:00:00Z,56914.6
2026-03-30T04:00:00Z,62046.7
2026-03-30T05:00:00Z,65696.0
2026-03-30T06:00:00Z,65857.4
2026-03-30T07:00:00Z,72859.2
2026-03-30T08:00:00Z,74316.6
2026-03-30T09:00:00Z,80797.9
2026-03-30T10:00:00Z,83634.6
2026-03-30T11:00:00Z,83599.5
2026-03-30T12:00:00Z,83195.3
2026-03-30T13:00:00Z,83955.4
2026-03-30T14:00:00Z,82959.9
2026-03-30T15:00:00Z,79953.9
2026-03-30T16:00:00Z,75010.7
2026-03-30T17:00:00Z,71756.2
2026-03-30T18:00:00Z,67651.6
2026-03-30T19:00:00Z,64207.8
2026-03-30T20:00:00Z,61122.8
2026-03-30T21:00:00Z,60397.0
2026-03-30T22:00:00Z,54682.1
2026-03-30T23:00:00Z,55358.0
2026-03-31T00:00:00Z,53855.0
2026-03-31T01:00:00Z,53590.4
2026-03-31T02:00:00Z,54890.1
2026-03-31T03:00:00Z,59820.6
2026-03-31T04:00:00Z,61609.7
2026-03-31T05:00:00Z,64311.5
2026-03-31T06:00:00Z,69812.8
2026-03-31T07:00:00Z,70649.7
2026-03-31T08:00:00Z,73390.5
2026-03-31T09:00:00Z,77717.5
2026-03-31T10:00:00Z,80560.2
2026-03-31T11:00:00Z,82794.8
2026-03-31T12:00:00Z,83578.3
2026-03-31T13:00:00Z,84362.0
2026-03-31T14:00:00Z,83611.1
2026-03-31T15:00:00Z,81136.6
2026-03-31T16:00:00Z,79472.4
2026-03-31T17:00:00Z,72841.3
2026-03-31T18:00:00Z,67850.5
2026-03-31T19:00:00Z,65947.1
2026-03-31T20:00:00Z,59575.3
2026-03-31T21:00:00Z,58525.0
2026-03-31T22:00:00Z,54856.1
2026-03-31T23:00:00Z,55236.7
2026-04-01T00:00:00Z,54675.4
2026-04-01T01:00:00Z,51580.1
2026-04-01T02:00:00Z,53287.6
2026-04-01T03:00:00Z,56492.1
2026-04-01T04:00:00Z,62831.6
2026-04-01T05:00:00Z,64872.6
2026-04-01T06:00:00Z,66731.5
2026-04-01T07:00:00Z,74260.4
2026-04-01T08:00:00Z,76891.4
2026-04-01T09:00:00Z,80997.4
2026-04-01T10:00:00Z,81277.4
2026-04-01T11:00:00Z,84805.0
2026-04-01T12:00:00Z,84114.3
2026-04-01T13:00:00Z,84020.9
2026-04-01T14:00:00Z,79620.5
2026-04-01T15:00:00Z,78821.4
2026-04-01T16:00:00Z,77530.8
2026-04-01T17:00:00Z,73907.6
2026-04-01T18:00:00Z,69713.9
2026-04-01T19:00:00Z,64576.8
2026-04-01T20:00:00Z,60899.9
2026-04-01T21:00:00Z,58517.1
2026-04-01T22:00:00Z,54797.2
2026-04-01T23:00:00Z,53208.1
2026-04-02T00:00:00Z,53381.1
2026-04-02T01:00:00Z,54132.0
2026-04-02T02:00:00Z,54067.0
2026-04-02T03:00:00Z,58944.0
2026-04-02T04:00:00Z,61745.5
2026-04-02T05:00:00Z,64512.7
2026-04-02T06:00:00Z,67502.9
2026-04-02T07:00:00Z,73372.9
2026-04-02T08:00:00Z,77485.0
2026-04-02T09:00:00Z,79358.3
2026-04-02T10:00:00Z,81684.7
2026-04-02T11:00:00Z,84284.4
2026-04-02T12:00:00Z,83928.1
2026-04-02T13:00:00Z,86221.7
2026-04-02T14:00:00Z,82620.6
2026-04-02T15:00:00Z,80132.2
2026-04-02T16:00:00Z,78020.8
2026-04-02T17:00:00Z,73402.0
2026-04-02T18:00:00Z,69657.1
2026-04-02T19:00:00Z,64133.8
2026-04-02T20:00:00Z,60650.9
2026-04-02T21:00:00Z,57405.0
2026-04-02T22:00:00Z,56180.6
2026-04-02T23:00:00Z,54609.0
2026-04-03T00:00:00Z,51630.6
2026-04-03T01:00:00Z,53484.2
2026-04-03T02:00:00Z,53797.1
2026-04-03T03:00:00Z,59507.0
2026-04-03T04:00:00Z,60525.7
2026-04-03T05:00:00Z,62503.1
2026-04-03T06:00:00Z,69115.0
2026-04-03T07:00:00Z,71229.2
2026-04-03T08:00:00Z,75630.5
2026-04-03T09:00:00Z,80750.8
2026-04-03T10:00:00Z,82850.8
2026-04-03T11:00:00Z,82018.6
2026-04-03T12:00:00Z,84882.3
2026-04-03T13:00:00Z,81107.9
2026-04-03T14:00:00Z,80392.8
2026-04-03T15:00:00Z,78773.8
2026-04-03T16:00:00Z,78031.6
2026-04-03T17:00:00Z,72356.3
2026-04-03T18:00:00Z,69033.3
2026-04-03T19:00:00Z,66113.7
2026-04-03T20:00:00Z,60053.7
2026-04-03T21:00:00Z,57427.0
2026-04-03T22:00:00Z,54635.2
2026-04-03T23:00:00Z,53673.4
2026-04-04T00:00:00Z,50037.2
2026-04-04T01:00:00Z,47952.8
2026-04-04T02:00:00Z,48603.5
2026-04-04T03:00:00Z,51766.2
2026-04-04T04:00:00Z,56173.5
2026-04-04T05:00:00Z,60327.3
2026-04-04T06:00:00Z,62843.2
2026-04-04T07:00:00Z,66460.2
2026-04-04T08:00:00Z,72027.0
2026-04-04T09:00:00Z,76648.3
2026-04-04T10:00:00Z,76839.9
2026-04-04T11:00:00Z,80485.4
2026-04-04T12:00:00Z,77432.8
2026-04-04T13:00:00Z,77291.2
2026-04-04T14:00:00Z,78612.0
2026-04-04T15:00:00Z,73392.3
2026-04-04T16:00:00Z,73743.8
2026-04-04T17:00:00Z,67658.0
2026-04-04T18:00:00Z,62782.4
2026-04-04T19:00:00Z,60154.4
2026-04-04T20:00:00Z,54623.8
2026-04-04T21:00:00Z,53455.4
2026-04-04T22:00:00Z,50566.4
2026-04-04T23:00:00Z,47522.5
2026-04-05T00:00:00Z,50633.0
2026-04-05T01:00:00Z,47658.8
2026-04-05T02:00:00Z,51920.9
2026-04-05T03:00:00Z,52145.1
2026-04-05T04:00:00Z,58046.1
2026-04-05T05:00:00Z,59614.5
2026-04-05T06:00:00Z,62686.9
2026-04-05T07:00:00Z,66939.3
2026-04-05T08:00:00Z,72861.4
2026-04-05T09:00:00Z,74933.3
2026-04-05T10:00:00Z,79938.9
2026-04-05T11:00:00Z,79366.6
2026-04-05T12:00:00Z,79132.1
2026-04-05T13:00:00Z,78288.4
2026-04-05T14:00:00Z,77569.1
2026-04-05T15:00:00Z,74644.0
2026-04-05T16:00:00Z,71236.8
2026-04-05T17:00:00Z,66768.3
2026-04-05T18:00:00Z,66547.7
2026-04-05T19:00:00Z,58965.0
2026-04-05T20:00:00Z,57669.6
2026-04-05T21:00:00Z,51954.3
2026-04-05T22:00:00Z,51435.7
2026-04-05T23:00:00Z,46967.0
2026-04-06T00:00:00Z,53564.4
2026-04-06T01:00:00Z,53354.3
2026-04-06T02:00:00Z,53952.3
2026-04-06T03:00:00Z,55681.2
2026-04-06T04:00:00Z,60408.3
2026-04-06T05:00:00Z,64165.8
2026-04-06T06:00:00Z,65530.1
2026-04-06T07:00:00Z,72533.2
2026-04-06T08:00:00Z,74262.0
2026-04-06T09:00:00Z,78500.6
2026-04-06T10:00:00Z,81854.6
2026-04-06T11:00:00Z,85158.6
2026-04-06T12:00:00Z,86211.2
2026-04-06T13:00:00Z,82556.3
2026-04-06T14:00:00Z,80400.4
2026-04-06T15:00:00Z,79900.6
2026-04-06T16:00:00Z,76047.9
2026-04-06T17:00:00Z,73979.2
2026-04-06T18:00:00Z,70779.6
2026-04-06T19:00:00Z,64380.5
2026-04-06T20:00:00Z,61006.3
2026-04-06T21:00:00Z,56066.0
2026-04-06T22:00:00Z,53502.8
2026-04-06T23:00:00Z,52947.0
2026-04-07T00:00:00Z,51047.5
2026-04-07T01:00:00Z,54483.4
2026-04-07T02:00:00Z,55023.9
2026-04-07T03:00:00Z,58248.1
2026-04-07T04:00:00Z,56142.5
2026-04-07T05:00:00Z,62520.1
2026-04-07T06:00:00Z,67440.0
2026-04-07T07:00:00Z,73161.0
2026-04-07T08:00:00Z,75044.6
2026-04-07T09:00:00Z,79745.5
2026-04-07T10:00:00Z,81107.4
2026-04-07T11:00:00Z,81724.7
2026-04-07T12:00:00Z,82821.4
2026-04-07T13:00:00Z,82662.2
2026-04-07T14:00:00Z,82531.4
2026-04-07T15:00:00Z,78862.7
2026-04-07T16:00:00Z,77623.7
2026-04-07T17:00:00Z,73661.8
2026-04-07T18:00:00Z,68173.9
2026-04-07T19:00:00Z,63576.1
2026-04-07T20:00:00Z,60738.2
2026-04-07T21:00:00Z,57294.3
2026-04-07T22:00:00Z,53853.2
2026-04-07T23:00:00Z,54719.0
2026-04-08T00:00:00Z,53856.8
2026-04-08T01:00:00Z,51151.2
2026-04-08T02:00:00Z,55827.1
2026-04-08T03:00:00Z,56354.2
2026-04-08T04:00:00Z,59781.3
2026-04-08T05:00:00Z,65168.7
2026-04-08T06:00:00Z,69152.1
2026-04-08T07:00:00Z,73082.4
2026-04-08T08:00:00Z,75821.0
2026-04-08T09:00:00Z,81124.0
2026-04-08T10:00:00Z,82884.8
2026-04-08T11:00:00Z,83850.9
2026-04-08T12:00:00Z,81699.9
2026-04-08T13:00:00Z,85851.5
2026-04-08T14:00:00Z,81975.9
2026-04-08T15:00:00Z,77901.3
2026-04-08T16:00:00Z,75615.9
2026-04-08T17:00:00Z,70850.0
2026-04-08T18:00:00Z,66470.2
2026-04-08T19:00:00Z,65584.0
2026-04-08T20:00:00Z,61366.9
2026-04-08T21:00:00Z,58894.8
2026-04-08T22:00:00Z,53367.9
2026-04-08T23:00:00Z,53534.7
2026-04-09T00:00:00Z,52590.9
2026-04-09T01:00:00Z,51776.2
2026-04-09T02:00:00Z,52606.0
2026-04-09T03:00:00Z,54485.4
2026-04-09T04:00:00Z,60238.0
2026-04-09T05:00:00Z,65473.6
2026-04-09T06:00:00Z,67767.4
2026-04-09T07:00:00Z,69063.4
2026-04-09T08:00:00Z,76535.3
2026-04-09T09:00:00Z,79042.4
2026-04-09T10:00:00Z,81714.5
2026-04-09T11:00:00Z,81444.7
2026-04-09T12:00:00Z,85542.3
2026-04-09T13:00:00Z,84991.3
2026-04-09T14:00:00Z,81494.7
2026-04-09T15:00:00Z,79617.6
2026-04-09T16:00:00Z,75147.9
2026-04-09T17:00:00Z,70895.4
2026-04-09T18:00:00Z,67831.7
2026-04-09T19:00:00Z,63280.8
2026-04-09T20:00:00Z,59733.7
2026-04-09T21:00:00Z,55884.7
2026-04-09T22:00:00Z,53501.7
2026-04-09T23:00:00Z,52426.1
2026-04-10T00:00:00Z,53175.3
2026-04-10T01:00:00Z,51168.1
2026-04-10T02:00:00Z,55012.4
2026-04-10T03:00:00Z,56768.2
2026-04-10T04:00:00Z,59254.6
2026-04-10T05:00:00Z,63904.2
2026-04-10T06:00:00Z,69650.4
2026-04-10T07:00:00Z,72761.0
2026-04-10T08:00:00Z,78014.6
2026-04-10T09:00:00Z,79863.7
2026-04-10T10:00:00Z,81779.0
2026-04-10T11:00:00Z,80391.1
2026-04-10T12:00:00Z,83975.8
2026-04-10T13:00:00Z,84765.0
2026-04-10T14:00:00Z,83028.7
2026-04-10T15:00:00Z,78391.6
2026-04-10T16:00:00Z,75847.1
2026-04-10T17:00:00Z,72668.5
2026-04-10T18:00:00Z,67489.3
2026-04-10T19:00:00Z,61474.6
2026-04-10T20:00:00Z,61097.9
2026-04-10T21:00:00Z,56873.2
2026-04-10T22:00:00Z,52529.6
2026-04-10T23:00:00Z,51105.7
2026-04-11T00:00:00Z,47370.9
2026-04-11T01:00:00Z,49258.0
2026-04-11T02:00:00Z,48644.6
2026-04-11T03:00:00Z,52835.3
2026-04-11T04:00:00Z,54015.4
2026-04-11T05:00:00Z,60016.0
2026-04-11T06:00:00Z,64266.1
2026-04-11T07:00:00Z,69040.5
2026-04-11T08:00:00Z,70480.5
2026-04-11T09:00:00Z,77187.4
2026-04-11T10:00:00Z,75709.2
2026-04-11T11:00:00Z,78271.7
2026-04-11T12:00:00Z,79038.5
2026-04-11T13:00:00Z,76211.5
2026-04-11T14:00:00Z,75515.5
2026-04-11T15:00:00Z,71958.0
2026-04-11T16:00:00Z,70048.9
2026-04-11T17:00:00Z,68930.9
2026-04-11T18:00:00Z,64026.7
2026-04-11T19:00:00Z,59640.7
2026-04-11T20:00:00Z,55302.5
2026-04-11T21:00:00Z,54060.2
2026-04-11T22:00:00Z,49980.3
2026-04-11T23:00:00Z,45975.6
2026-04-12T00:00:00Z,47920.7
2026-04-12T01:00:00Z,48703.1
2026-04-12T02:00:00Z,47831.1
2026-04-12T03:00:00Z,54307.1
2026-04-12T04:00:00Z,56796.8
2026-04-12T05:00:00Z,56909.3
2026-04-12T06:00:00Z,62105.1
2026-04-12T07:00:00Z,66717.0
2026-04-12T08:00:00Z,72342.1
2026-04-12T09:00:00Z,74222.4
2026-04-12T10:00:00Z,77147.4
2026-04-12T11:00:00Z,78862.1
2026-04-12T12:00:00Z,78126.3
2026-04-12T13:00:00Z,78917.7
2026-04-12T14:00:00Z,76413.7
2026-04-12T15:00:00Z,74224.6
2026-04-12T16:00:00Z,71467.2
2026-04-12T17:00:00Z,66294.8
2026-04-12T18:00:00Z,63692.2
2026-04-12T19:00:00Z,58598.0
2026-04-12T20:00:00Z,54681.1
2026-04-12T21:00:00Z,51582.5
2026-04-12T22:00:00Z,50669.8
2026-04-12T23:00:00Z,49288.3
2026-04-13T00:00:00Z,52619.2
2026-04-13T01:00:00Z,52466.2
2026-04-13T02:00:00Z,53280.3
2026-04-13T03:00:00Z,57615.4
2026-04-13T04:00:00Z,57762.8
2026-04-13T05:00:00Z,62988.8
2026-04-13T06:00:00Z,67727.2
2026-04-13T07:00:00Z,73467.5
2026-04-13T08:00:00Z,74398.9
2026-04-13T09:00:00Z,76790.0
2026-04-13T10:00:00Z,80376.2
2026-04-13T11:00:00Z,83391.2
2026-04-13T12:00:00Z,82955.1
2026-04-13T13:00:00Z,83397.9
2026-04-13T14:00:00Z,80855.6
2026-04-13T15:00:00Z,78881.7
2026-04-13T16:00:00Z,74573.8
2026-04-13T17:00:00Z,72365.0
2026-04-13T18:00:00Z,65203.4
2026-04-13T19:00:00Z,62204.8
2026-04-13T20:00:00Z,61039.6
2026-04-13T21:00:00Z,56191.4
2026-04-13T22:00:00Z,53502.3
2026-04-13T23:00:00Z,52153.2
2026-04-14T00:00:00Z,50888.0
2026-04-14T01:00:00Z,51129.6
2026-04-14T02:00:00Z,55854.1
2026-04-14T03:00:00Z,55358.5
2026-04-14T04:00:00Z,60260.0
2026-04-14T05:00:00Z,65478.2
2026-04-14T06:00:00Z,66971.5
2026-04-14T07:00:00Z,69974.2
2026-04-14T08:00:00Z,76232.5
2026-04-14T09:00:00Z,78526.1
2026-04-14T10:00:00Z,79884.0
2026-04-14T11:00:00Z,82009.2
2026-04-14T12:00:00Z,82780.3
2026-04-14T13:00:00Z,83133.6
2026-04-14T14:00:00Z,79623.4
2026-04-14T15:00:00Z,79420.9
2026-04-14T16:00:00Z,76176.9
2026-04-14T17:00:00Z,70520.4
2026-04-14T18:00:00Z,67451.0
2026-04-14T19:00:00Z,62510.5
2026-04-14T20:00:00Z,60108.0
2026-04-14T21:00:00Z,56821.4
2026-04-14T22:00:00Z,56807.7
2026-04-14T23:00:00Z,51906.6
2026-04-15T00:00:00Z,51004.8
2026-04-15T01:00:00Z,52555.3
2026-04-15T02:00:00Z,53630.6
2026-04-15T03:00:00Z,56190.2
2026-04-15T04:00:00Z,60465.8
2026-04-15T05:00:00Z,63980.7
2026-04-15T06:00:00Z,69462.4
2026-04-15T07:00:00Z,73997.1
2026-04-15T08:00:00Z,74904.0
2026-04-15T09:00:00Z,78197.0
2026-04-15T10:00:00Z,83215.3
2026-04-15T11:00:00Z,84019.0
2026-04-15T12:00:00Z,82401.8
2026-04-15T13:00:00Z,82692.5
2026-04-15T14:00:00Z,80769.8
2026-04-15T15:00:00Z,78228.7
2026-04-15T16:00:00Z,74860.8
2026-04-15T17:00:00Z,70413.8
2026-04-15T18:00:00Z,68794.3
2026-04-15T19:00:00Z,63221.4
2026-04-15T20:00:00Z,60602.4
2026-04-15T21:00:00Z,54074.2
2026-04-15T22:00:00Z,56327.6
2026-04-15T23:00:00Z,52298.9
2026-04-16T00:00:00Z,52461.9
2026-04-16T01:00:00Z,52041.8
2026-04-16T02:00:00Z,53520.8
2026-04-16T03:00:00Z,56630.2
2026-04-16T04:00:00Z,61009.5
2026-04-16T05:00:00Z,63456.2
2026-04-16T06:00:00Z,68537.5
2026-04-16T07:00:00Z,73302.5
2026-04-16T08:00:00Z,74382.0
2026-04-16T09:00:00Z,77748.1
2026-04-16T10:00:00Z,78357.1
2026-04-16T11:00:00Z,82010.9
2026-04-16T12:00:00Z,84732.2
2026-04-16T13:00:00Z,82169.2
2026-04-16T14:00:00Z,81427.0
2026-04-16T15:00:00Z,78577.5
2026-04-16T16:00:00Z,75699.2
2026-04-16T17:00:00Z,72303.3
2026-04-16T18:00:00Z,67071.9
2026-04-16T19:00:00Z,64006.9
2026-04-16T20:00:00Z,55787.1
2026-04-16T21:00:00Z,56199.5
2026-04-16T22:00:00Z,53802.4
2026-04-16T23:00:00Z,50820.5
2026-04-17T00:00:00Z,50637.5
2026-04-17T01:00:00Z,51764.1
2026-04-17T02:00:00Z,53382.7
2026-04-17T03:00:00Z,56526.9
2026-04-17T04:00:00Z,55620.9
2026-04-17T05:00:00Z,63274.5
2026-04-17T06:00:00Z,68615.1
2026-04-17T07:00:00Z,72415.1
2026-04-17T08:00:00Z,76515.7
2026-04-17T09:00:00Z,77706.7
2026-04-17T10:00:00Z,81533.6
2026-04-17T11:00:00Z,82733.5
2026-04-17T12:00:00Z,82775.5
2026-04-17T13:00:00Z,81567.5
2026-04-17T14:00:00Z,80784.5
2026-04-17T15:00:00Z,77461.8
2026-04-17T16:00:00Z,73775.6
2026-04-17T17:00:00Z,71973.8
2026-04-17T18:00:00Z,67089.2
2026-04-17T19:00:00Z,64635.3
2026-04-17T20:00:00Z,60133.9
2026-04-17T21:00:00Z,58210.9
2026-04-17T22:00:00Z,54314.2
2026-04-17T23:00:00Z,55533.6
2026-04-18T00:00:00Z,46001.6
2026-04-18T01:00:00Z,47764.5
2026-04-18T02:00:00Z,49275.2
2026-04-18T03:00:00Z,49780.5
2026-04-18T04:00:00Z,54912.6
2026-04-18T05:00:00Z,56932.2
2026-04-18T06:00:00Z,64917.0
2026-04-18T07:00:00Z,70827.5
2026-04-18T08:00:00Z,71450.7
2026-04-18T09:00:00Z,73766.8
2026-04-18T10:00:00Z,75557.2
2026-04-18T11:00:00Z,77298.7
2026-04-18T12:00:00Z,79572.6
2026-04-18T13:00:00Z,77275.1
2026-04-18T14:00:00Z,78307.5
2026-04-18T15:00:00Z,74559.5
2026-04-18T16:00:00Z,70105.9
2026-04-18T17:00:00Z,67001.3
2026-04-18T18:00:00Z,65036.8
2026-04-18T19:00:00Z,60317.7
2026-04-18T20:00:00Z,56079.2
2026-04-18T21:00:00Z,51607.3
2026-04-18T22:00:00Z,51689.6
2026-04-18T23:00:00Z,47125.0
2026-04-19T00:00:00Z,44318.5
2026-04-19T01:00:00Z,48104.5
2026-04-19T02:00:00Z,49233.3
2026-04-19T03:00:00Z,50516.7
2026-04-19T04:00:00Z,56943.7
2026-04-19T05:00:00Z,60249.0
2026-04-19T06:00:00Z,64419.1
2026-04-19T07:00:00Z,65831.5
2026-04-19T08:00:00Z,70079.6
2026-04-19T09:00:00Z,74706.2
2026-04-19T10:00:00Z,79173.6
2026-04-19T11:00:00Z,78510.5
2026-04-19T12:00:00Z,77786.3
2026-04-19T13:00:00Z,79374.9
2026-04-19T14:00:00Z,77569.7
2026-04-19T15:00:00Z,74980.0
2026-04-19T16:00:00Z,69309.2
2026-04-19T17:00:00Z,67135.1
2026-04-19T18:00:00Z,63262.8
2026-04-19T19:00:00Z,61556.4
2026-04-19T20:00:00Z,57188.6
2026-04-19T21:00:00Z,50952.2
2026-04-19T22:00:00Z,50720.3
2026-04-19T23:00:00Z,44373.5
2026-04-20T00:00:00Z,54669.6
2026-04-20T01:00:00Z,52281.1
2026-04-20T02:00:00Z,55362.8
2026-04-20T03:00:00Z,55363.6
2026-04-20T04:00:00Z,61705.2
2026-04-20T05:00:00Z,65483.3
2026-04-20T06:00:00Z,67601.5
2026-04-20T07:00:00Z,72104.4
2026-04-20T08:00:00Z,74628.2
2026-04-20T09:00:00Z,76389.1
2026-04-20T10:00:00Z,83313.5
2026-04-20T11:00:00Z,83698.4
2026-04-20T12:00:00Z,83664.1
2026-04-20T13:00:00Z,83070.3
2026-04-20T14:00:00Z,79893.5
2026-04-20T15:00:00Z,77087.5
2026-04-20T16:00:00Z,74389.3
2026-04-20T17:00:00Z,71666.8
2026-04-20T18:00:00Z,68381.9
2026-04-20T19:00:00Z,62298.5
2026-04-20T20:00:00Z,59351.4
2026-04-20T21:00:00Z,54015.5
2026-04-20T22:00:00Z,55212.8
2026-04-20T23:00:00Z,53504.8
2026-04-21T00:00:00Z,52656.1
2026-04-21T01:00:00Z,54073.6
2026-04-21T02:00:00Z,52137.6
2026-04-21T03:00:00Z,56785.7
2026-04-21T04:00:00Z,61204.9
2026-04-21T05:00:00Z,63560.8
2026-04-21T06:00:00Z,67627.7
2026-04-21T07:00:00Z,71775.8
2026-04-21T08:00:00Z,75770.4
2026-04-21T09:00:00Z,80836.6
2026-04-21T10:00:00Z,80462.5
2026-04-21T11:00:00Z,81289.9
2026-04-21T12:00:00Z,82922.6
2026-04-21T13:00:00Z,81479.0
2026-04-21T14:00:00Z,79747.1
2026-04-21T15:00:00Z,79598.9
2026-04-21T16:00:00Z,73339.8
2026-04-21T17:00:00Z,70616.8
2026-04-21T18:00:00Z,65637.4
2026-04-21T19:00:00Z,62813.0
2026-04-21T20:00:00Z,59112.0
2026-04-21T21:00:00Z,56262.2
2026-04-21T22:00:00Z,55368.8
2026-04-21T23:00:00Z,51855.9
2026-04-22T00:00:00Z,50689.5
2026-04-22T01:00:00Z,52941.6
2026-04-22T02:00:00Z,54460.6
2026-04-22T03:00:00Z,56424.3
2026-04-22T04:00:00Z,59931.8
2026-04-22T05:00:00Z,66606.4
2026-04-22T06:00:00Z,65656.1
2026-04-22T07:00:00Z,72265.8
2026-04-22T08:00:00Z,76891.0
2026-04-22T09:00:00Z,79343.3
2026-04-22T10:00:00Z,80332.9
2026-04-22T11:00:00Z,84105.4
2026-04-22T12:00:00Z,84120.2
2026-04-22T13:00:00Z,81959.3
2026-04-22T14:00:00Z,84032.3
2026-04-22T15:00:00Z,78266.4
2026-04-22T16:00:00Z,75168.7
2026-04-22T17:00:00Z,73438.3
2026-04-22T18:00:00Z,68007.0
2026-04-22T19:00:00Z,63041.0
2026-04-22T20:00:00Z,61099.9
2026-04-22T21:00:00Z,58353.4
2026-04-22T22:00:00Z,56585.0
2026-04-22T23:00:00Z,53580.1
2026-04-23T00:00:00Z,51811.6
2026-04-23T01:00:00Z,53303.4
2026-04-23T02:00:00Z,54053.9
2026-04-23T03:00:00Z,56718.1
2026-04-23T04:00:00Z,59719.0
2026-04-23T05:00:00Z,63035.4
2026-04-23T06:00:00Z,66631.6
2026-04-23T07:00:00Z,71946.8
2026-04-23T08:00:00Z,75512.1
2026-04-23T09:00:00Z,77943.7
2026-04-23T10:00:00Z,80494.8
2026-04-23T11:00:00Z,83346.8
2026-04-23T12:00:00Z,82805.3
2026-04-23T13:00:00Z,83394.9
2026-04-23T14:00:00Z,80619.2
2026-04-23T15:00:00Z,77016.9
2026-04-23T16:00:00Z,72827.7
2026-04-23T17:00:00Z,71298.1
2026-04-23T18:00:00Z,68467.9
2026-04-23T19:00:00Z,63328.6
2026-04-23T20:00:00Z,58602.0
2026-04-23T21:00:00Z,58230.5
2026-04-23T22:00:00Z,52014.8
2026-04-23T23:00:00Z,52504.3
2026-04-24T00:00:00Z,49938.2
2026-04-24T01:00:00Z,51371.1
2026-04-24T02:00:00Z,54648.0
2026-04-24T03:00:00Z,55197.8
2026-04-24T04:00:00Z,59730.8
2026-04-24T05:00:00Z,62264.9
2026-04-24T06:00:00Z,67598.9
2026-04-24T07:00:00Z,73682.5
2026-04-24T08:00:00Z,76033.0
2026-04-24T09:00:00Z,80231.9
2026-04-24T10:00:00Z,79080.6
2026-04-24T11:00:00Z,83556.5
2026-04-24T12:00:00Z,85390.0
2026-04-24T13:00:00Z,82146.1
2026-04-24T14:00:00Z,81323.3
2026-04-24T15:00:00Z,79219.2
2026-04-24T16:00:00Z,76210.5
2026-04-24T17:00:00Z,72135.0
2026-04-24T18:00:00Z,67593.5
2026-04-24T19:00:00Z,65578.4
2026-04-24T20:00:00Z,59249.4
2026-04-24T21:00:00Z,57287.7
2026-04-24T22:00:00Z,53818.3
2026-04-24T23:00:00Z,51562.4
2026-04-25T00:00:00Z,48896.5
2026-04-25T01:00:00Z,50840.3
2026-04-25T02:00:00Z,46870.3
2026-04-25T03:00:00Z,54281.9
2026-04-25T04:00:00Z,58357.6
2026-04-25T05:00:00Z,60866.7
2026-04-25T06:00:00Z,62944.6
2026-04-25T07:00:00Z,67145.1
2026-04-25T08:00:00Z,70675.5
2026-04-25T09:00:00Z,74876.9
2026-04-25T10:00:00Z,77061.0
2026-04-25T11:00:00Z,78119.6
2026-04-25T12:00:00Z,78058.9
2026-04-25T13:00:00Z,79693.7
2026-04-25T14:00:00Z,76859.0
2026-04-25T15:00:00Z,76794.0
2026-04-25T16:00:00Z,69687.4
2026-04-25T17:00:00Z,67226.4
2026-04-25T18:00:00Z,63925.9
2026-04-25T19:00:00Z,59365.6
2026-04-25T20:00:00Z,57054.1
2026-04-25T21:00:00Z,53319.3
2026-04-25T22:00:00Z,50104.0
2026-04-25T23:00:00Z,46624.6
2026-04-26T00:00:00Z,46184.8
2026-04-26T01:00:00Z,46914.9
2026-04-26T02:00:00Z,49215.7
2026-04-26T03:00:00Z,52945.5
2026-04-26T04:00:00Z,57110.6
2026-04-26T05:00:00Z,59933.6
2026-04-26T06:00:00Z,64304.4
2026-04-26T07:00:00Z,68696.3
2026-04-26T08:00:00Z,70201.3
2026-04-26T09:00:00Z,73207.8
2026-04-26T10:00:00Z,74998.4
2026-04-26T11:00:00Z,79462.9
2026-04-26T12:00:00Z,79511.1
2026-04-26T13:00:00Z,79310.3
2026-04-26T14:00:00Z,75948.9
2026-04-26T15:00:00Z,75298.1
2026-04-26T16:00:00Z,73973.1
2026-04-26T17:00:00Z,66223.7
2026-04-26T18:00:00Z,62741.7
2026-04-26T19:00:00Z,59179.4
2026-04-26T20:00:00Z,53793.5
2026-04-26T21:00:00Z,51382.9
2026-04-26T22:00:00Z,50489.3
2026-04-26T23:00:00Z,48545.4
2026-04-27T00:00:00Z,51808.4
2026-04-27T01:00:00Z,50123.9
2026-04-27T02:00:00Z,52395.4
2026-04-27T03:00:00Z,54608.0
2026-04-27T04:00:00Z,60807.7
2026-04-27T05:00:00Z,64669.9
2026-04-27T06:00:00Z,67176.0
2026-04-27T07:00:00Z,72859.7
2026-04-27T08:00:00Z,76476.3
2026-04-27T09:00:00Z,77441.1
2026-04-27T10:00:00Z,82868.9
2026-04-27T11:00:00Z,84043.5
2026-04-27T12:00:00Z,83237.9
2026-04-27T13:00:00Z,83885.9
2026-04-27T14:00:00Z,80688.4
2026-04-27T15:00:00Z,78122.5
2026-04-27T16:00:00Z,74823.5
2026-04-27T17:00:00Z,71014.0
2026-04-27T18:00:00Z,66867.9
2026-04-27T19:00:00Z,63703.9
2026-04-27T20:00:00Z,59282.1
2026-04-27T21:00:00Z,58217.2
2026-04-27T22:00:00Z,54624.4
2026-04-27T23:00:00Z,51223.3
2026-04-28T00:00:00Z,52521.9
2026-04-28T01:00:00Z,51417.7
2026-04-28T02:00:00Z,54824.3
2026-04-28T03:00:00Z,55994.5
2026-04-28T04:00:00Z,59222.3
2026-04-28T05:00:00Z,62871.9
2026-04-28T06:00:00Z,66608.3
2026-04-28T07:00:00Z,70266.1
2026-04-28T08:00:00Z,75087.0
2026-04-28T09:00:00Z,78902.0
2026-04-28T10:00:00Z,79490.5
2026-04-28T11:00:00Z,82240.1
2026-04-28T12:00:00Z,83374.3
2026-04-28T13:00:00Z,82146.1
2026-04-28T14:00:00Z,81053.6
2026-04-28T15:00:00Z,79570.8
2026-04-28T16:00:00Z,76900.1
2026-04-28T17:00:00Z,71669.1
2026-04-28T18:00:00Z,65926.4
2026-04-28T19:00:00Z,62916.0
2026-04-28T20:00:00Z,57463.1
2026-04-28T21:00:00Z,56885.5
2026-04-28T22:00:00Z,54214.4
2026-04-28T23:00:00Z,49757.6
2026-04-29T00:00:00Z,53590.7
2026-04-29T01:00:00Z,51185.0
2026-04-29T02:00:00Z,53217.1
2026-04-29T03:00:00Z,56862.6
2026-04-29T04:00:00Z,57732.5
2026-04-29T05:00:00Z,63412.1
2026-04-29T06:00:00Z,68797.9
2026-04-29T07:00:00Z,74092.0
2026-04-29T08:00:00Z,74544.0
2026-04-29T09:00:00Z,80493.0
2026-04-29T10:00:00Z,81554.9
2026-04-29T11:00:00Z,82039.2
2026-04-29T12:00:00Z,82340.3
2026-04-29T13:00:00Z,83320.0
2026-04-29T14:00:00Z,82893.6
2026-04-29T15:00:00Z,76642.9
2026-04-29T16:00:00Z,77734.8
2026-04-29T17:00:00Z,75026.8
2026-04-29T18:00:00Z,68649.5
2026-04-29T19:00:00Z,63374.9
2026-04-29T20:00:00Z,61697.6
2026-04-29T21:00:00Z,57973.3
2026-04-29T22:00:00Z,54148.9
2026-04-29T23:00:00Z,54987.5
2026-04-30T00:00:00Z,50066.9
2026-04-30T01:00:00Z,51182.8
2026-04-30T02:00:00Z,56410.2
2026-04-30T03:00:00Z,55498.4
2026-04-30T04:00:00Z,61351.8
2026-04-30T05:00:00Z,61940.7
2026-04-30T06:00:00Z,67974.2
2026-04-30T07:00:00Z,72400.6
2026-04-30T08:00:00Z,75049.1
2026-04-30T09:00:00Z,78204.1
2026-04-30T10:00:00Z,80186.4
2026-04-30T11:00:00Z,85631.3
2026-04-30T12:00:00Z,84042.0
2026-04-30T13:00:00Z,84213.2
2026-04-30T14:00:00Z,82783.2
2026-04-30T15:00:00Z,79262.1
2026-04-30T16:00:00Z,72869.1
2026-04-30T17:00:00Z,70281.7
2026-04-30T18:00:00Z,68468.2
2026-04-30T19:00:00Z,62673.0
2026-04-30T20:00:00Z,61423.2
2026-04-30T21:00:00Z,56457.0
2026-04-30T22:00:00Z,55066.3
2026-04-30T23:00:00Z,54130.8
2026-05-01T00:00:00Z,52709.1
2026-05-01T01:00:00Z,51856.3
2026-05-01T02:00:00Z,55197.7
2026-05-01T03:00:00Z,55806.7
2026-05-01T04:00:00Z,59892.1
2026-05-01T05:00:00Z,63779.9
2026-05-01T06:00:00Z,68281.6
2026-05-01T07:00:00Z,70896.6
2026-05-01T08:00:00Z,75116.0
2026-05-01T09:00:00Z,78922.6
2026-05-01T10:00:00Z,81030.3
2026-05-01T11:00:00Z,83409.8
2026-05-01T12:00:00Z,81570.0
2026-05-01T13:00:00Z,83196.3
2026-05-01T14:00:00Z,81865.1
2026-05-01T15:00:00Z,77118.8
2026-05-01T16:00:00Z,76806.4
2026-05-01T17:00:00Z,69459.7
2026-05-01T18:00:00Z,68897.5
2026-05-01T19:00:00Z,64860.1
2026-05-01T20:00:00Z,60045.3
2026-05-01T21:00:00Z,54467.9
2026-05-01T22:00:00Z,56966.1
2026-05-01T23:00:00Z,54493.7
2026-05-02T00:00:00Z,48766.6
2026-05-02T01:00:00Z,49814.0
2026-05-02T02:00:00Z,48874.0
2026-05-02T03:00:00Z,54142.4
2026-05-02T04:00:00Z,56759.1
2026-05-02T05:00:00Z,62351.3
2026-05-02T06:00:00Z,63601.8
2026-05-02T07:00:00Z,67169.3
2026-05-02T08:00:00Z,69815.6
2026-05-02T09:00:00Z,75285.3
2026-05-02T10:00:00Z,76747.7
2026-05-02T11:00:00Z,78138.1
2026-05-02T12:00:00Z,77648.1
2026-05-02T13:00:00Z,77974.3
2026-05-02T14:00:00Z,79263.2
2026-05-02T15:00:00Z,74783.1
2026-05-02T16:00:00Z,71960.9
2026-05-02T17:00:00Z,67489.8
2026-05-02T18:00:00Z,63046.2
2026-05-02T19:00:00Z,60753.8
2026-05-02T20:00:00Z,56882.6
2026-05-02T21:00:00Z,52533.2
2026-05-02T22:00:00Z,51171.7
2026-05-02T23:00:00Z,47461.3
2026-05-03T00:00:00Z,50012.9
2026-05-03T01:00:00Z,48495.8
2026-05-03T02:00:00Z,50536.7
2026-05-03T03:00:00Z,51708.8
2026-05-03T04:00:00Z,56118.8
2026-05-03T05:00:00Z,58524.1
2026-05-03T06:00:00Z,64895.5
2026-05-03T07:00:00Z,66959.9
2026-05-03T08:00:00Z,71807.9
2026-05-03T09:00:00Z,74206.6
2026-05-03T10:00:00Z,77434.0
2026-05-03T11:00:00Z,77629.2
2026-05-03T12:00:00Z,78605.5
2026-05-03T13:00:00Z,79489.6
2026-05-03T14:00:00Z,77726.6
2026-05-03T15:00:00Z,75381.9
2026-05-03T16:00:00Z,74953.8
2026-05-03T17:00:00Z,67127.0
2026-05-03T18:00:00Z,60937.5
2026-05-03T19:00:00Z,57817.3
2026-05-03T20:00:00Z,56382.5
2026-05-03T21:00:00Z,53550.8
2026-05-03T22:00:00Z,47250.5
2026-05-03T23:00:00Z,47618.6
2026-05-04T00:00:00Z,53464.7
2026-05-04T01:00:00Z,54900.9
2026-05-04T02:00:00Z,53290.4
2026-05-04T03:00:00Z,58262.1
2026-05-04T04:00:00Z,59383.7
2026-05-04T05:00:00Z,64806.6
2026-05-04T06:00:00Z,68767.9
2026-05-04T07:00:00Z,73718.1
2026-05-04T08:00:00Z,76614.1
2026-05-04T09:00:00Z,79071.2
2026-05-04T10:00:00Z,80577.7
2026-05-04T11:00:00Z,82952.6
2026-05-04T12:00:00Z,83076.9
2026-05-04T13:00:00Z,85517.2
2026-05-04T14:00:00Z,82945.3
2026-05-04T15:00:00Z,76169.6
2026-05-04T16:00:00Z,75706.2
2026-05-04T17:00:00Z,72439.9
2026-05-04T18:00:00Z,66147.6
2026-05-04T19:00:00Z,65709.6
2026-05-04T20:00:00Z,62860.5
2026-05-04T21:00:00Z,57384.0
2026-05-04T22:00:00Z,54005.2
2026-05-04T23:00:00Z,53146.5
2026-05-05T00:00:00Z,56033.9
2026-05-05T01:00:00Z,55550.5
2026-05-05T02:00:00Z,53764.6
2026-05-05T03:00:00Z,58257.9
2026-05-05T04:00:00Z,60372.1
2026-05-05T05:00:00Z,65050.5
2026-05-05T06:00:00Z,71367.9
2026-05-05T07:00:00Z,70767.9
2026-05-05T08:00:00Z,77257.7
2026-05-05T09:00:00Z,80186.5
2026-05-05T10:00:00Z,82586.2
2026-05-05T11:00:00Z,80904.0
2026-05-05T12:00:00Z,85888.6
2026-05-05T13:00:00Z,85343.5
2026-05-05T14:00:00Z,82377.3
2026-05-05T15:00:00Z,79822.0
2026-05-05T16:00:00Z,75988.2
2026-05-05T17:00:00Z,73689.7
2026-05-05T18:00:00Z,69047.6
2026-05-05T19:00:00Z,64901.8
2026-05-05T20:00:00Z,61092.1
2026-05-05T21:00:00Z,59488.6
2026-05-05T22:00:00Z,52924.2
2026-05-05T23:00:00Z,52317.2
2026-05-06T00:00:00Z,54608.1
2026-05-06T01:00:00Z,51725.5
2026-05-06T02:00:00Z,54742.5
2026-05-06T03:00:00Z,58035.9
2026-05-06T04:00:00Z,57676.5
2026-05-06T05:00:00Z,63553.3
2026-05-06T06:00:00Z,67753.9
2026-05-06T07:00:00Z,73589.3
2026-05-06T08:00:00Z,76626.6
2026-05-06T09:00:00Z,81986.8
2026-05-06T10:00:00Z,81829.8
2026-05-06T11:00:00Z,82943.4
2026-05-06T12:00:00Z,82408.6
2026-05-06T13:00:00Z,82190.9
2026-05-06T14:00:00Z,80961.2
2026-05-06T15:00:00Z,78410.8
2026-05-06T16:00:00Z,75421.9
2026-05-06T17:00:00Z,73955.8
2026-05-06T18:00:00Z,67517.9
2026-05-06T19:00:00Z,64142.2
2026-05-06T20:00:00Z,59313.2
2026-05-06T21:00:00Z,55802.6
2026-05-06T22:00:00Z,56432.3
2026-05-06T23:00:00Z,53792.7
2026-05-07T00:00:00Z,53294.3
2026-05-07T01:00:00Z,53057.2
2026-05-07T02:00:00Z,55043.9
2026-05-07T03:00:00Z,58909.7
2026-05-07T04:00:00Z,61269.2
2026-05-07T05:00:00Z,65158.0
2026-05-07T06:00:00Z,70172.9
2026-05-07T07:00:00Z,72972.7
2026-05-07T08:00:00Z,78197.4
2026-05-07T09:00:00Z,78515.0
2026-05-07T10:00:00Z,83204.8
2026-05-07T11:00:00Z,84133.5
2026-05-07T12:00:00Z,84348.1
2026-05-07T13:00:00Z,82998.3
2026-05-07T14:00:00Z,84287.9
2026-05-07T15:00:00Z,78824.2
2026-05-07T16:00:00Z,75154.9
2026-05-07T17:00:00Z,72957.3
2026-05-07T18:00:00Z,69493.1
2026-05-07T19:00:00Z,63237.1
2026-05-07T20:00:00Z,61213.8
2026-05-07T21:00:00Z,58427.9
2026-05-07T22:00:00Z,55410.3
2026-05-07T23:00:00Z,52777.6
2026-05-08T00:00:00Z,51197.0
2026-05-08T01:00:00Z,53828.0
2026-05-08T02:00:00Z,56385.1
2026-05-08T03:00:00Z,58827.3
2026-05-08T04:00:00Z,63040.0
2026-05-08T05:00:00Z,64842.7
2026-05-08T06:00:00Z,70386.1
2026-05-08T07:00:00Z,71466.5
2026-05-08T08:00:00Z,76047.0
2026-05-08T09:00:00Z,81166.7
2026-05-08T10:00:00Z,83541.4
2026-05-08T11:00:00Z,84498.7
2026-05-08T12:00:00Z,82608.0
2026-05-08T13:00:00Z,84393.9
2026-05-08T14:00:00Z,82574.8
2026-05-08T15:00:00Z,80875.8
2026-05-08T16:00:00Z,75758.6
2026-05-08T17:00:00Z,71534.0
2026-05-08T18:00:00Z,66025.7
2026-05-08T19:00:00Z,67746.7
2026-05-08T20:00:00Z,61434.1
2026-05-08T21:00:00Z,60121.2
2026-05-08T22:00:00Z,53924.6
2026-05-08T23:00:00Z,52475.9
2026-05-09T00:00:00Z,50429.1
2026-05-09T01:00:00Z,51255.4
2026-05-09T02:00:00Z,51320.2
2026-05-09T03:00:00Z,52613.1
2026-05-09T04:00:00Z,56076.6
2026-05-09T05:00:00Z,59170.0
2026-05-09T06:00:00Z,61763.1
2026-05-09T07:00:00Z,69033.8
2026-05-09T08:00:00Z,71699.2
2026-05-09T09:00:00Z,77317.2
2026-05-09T10:00:00Z,78509.7
2026-05-09T11:00:00Z,78510.3
2026-05-09T12:00:00Z,78142.7
2026-05-09T13:00:00Z,79929.8
2026-05-09T14:00:00Z,76754.6
2026-05-09T15:00:00Z,75818.3
2026-05-09T16:00:00Z,74008.6
2026-05-09T17:00:00Z,69877.9
2026-05-09T18:00:00Z,64205.1
2026-05-09T19:00:00Z,59296.1
2026-05-09T20:00:00Z,56003.6
2026-05-09T21:00:00Z,53794.2
2026-05-09T22:00:00Z,51763.1
2026-05-09T23:00:00Z,48834.2
2026-05-10T00:00:00Z,49538.3
2026-05-10T01:00:00Z,50106.4
2026-05-10T02:00:00Z,51422.8
2026-05-10T03:00:00Z,54413.4
2026-05-10T04:00:00Z,53306.7
2026-05-10T05:00:00Z,61021.2
2026-05-10T06:00:00Z,65133.2
2026-05-10T07:00:00Z,71245.9
2026-05-10T08:00:00Z,69853.6
2026-05-10T09:00:00Z,75828.4
2026-05-10T10:00:00Z,79192.5
2026-05-10T11:00:00Z,78288.0
2026-05-10T12:00:00Z,81441.8
2026-05-10T13:00:00Z,81214.7
2026-05-10T14:00:00Z,78378.1
2026-05-10T15:00:00Z,75654.1
2026-05-10T16:00:00Z,74450.9
2026-05-10T17:00:00Z,68667.3
2026-05-10T18:00:00Z,65477.5
2026-05-10T19:00:00Z,60303.0
2026-05-10T20:00:00Z,57598.0
2026-05-10T21:00:00Z,52967.3
2026-05-10T22:00:00Z,51983.1
2026-05-10T23:00:00Z,51170.7
2026-05-11T00:00:00Z,54840.7
2026-05-11T01:00:00Z,50976.4
2026-05-11T02:00:00Z,52862.5
2026-05-11T03:00:00Z,57742.9
2026-05-11T04:00:00Z,60803.7
2026-05-11T05:00:00Z,61376.8
2026-05-11T06:00:00Z,71833.5
2026-05-11T07:00:00Z,72503.9
2026-05-11T08:00:00Z,74180.5
2026-05-11T09:00:00Z,78793.6
2026-05-11T10:00:00Z,82928.7
2026-05-11T11:00:00Z,84095.4
2026-05-11T12:00:00Z,84850.0
2026-05-11T13:00:00Z,85957.4
2026-05-11T14:00:00Z,80871.0
2026-05-11T15:00:00Z,80781.3
2026-05-11T16:00:00Z,76052.0
2026-05-11T17:00:00Z,73743.2
2026-05-11T18:00:00Z,69541.3
2026-05-11T19:00:00Z,61610.1
2026-05-11T20:00:00Z,62434.8
2026-05-11T21:00:00Z,57321.0
2026-05-11T22:00:00Z,55594.5
2026-05-11T23:00:00Z,55796.0
2026-05-12T00:00:00Z,52145.2
2026-05-12T01:00:00Z,53167.1
2026-05-12T02:00:00Z,54743.8
2026-05-12T03:00:00Z,59155.4
2026-05-12T04:00:00Z,58749.5
2026-05-12T05:00:00Z,67072.6
2026-05-12T06:00:00Z,67368.6
2026-05-12T07:00:00Z,73128.9
2026-05-12T08:00:00Z,77560.4
2026-05-12T09:00:00Z,81337.2
2026-05-12T10:00:00Z,84904.3
2026-05-12T11:00:00Z,84393.6
2026-05-12T12:00:00Z,84020.0
2026-05-12T13:00:00Z,83563.2
2026-05-12T14:00:00Z,84274.2
2026-05-12T15:00:00Z,78090.9
2026-05-12T16:00:00Z,79294.1
2026-05-12T17:00:00Z,74987.0
2026-05-12T18:00:00Z,68852.2
2026-05-12T19:00:00Z,64944.2
2026-05-12T20:00:00Z,58524.4
2026-05-12T21:00:00Z,58464.2
2026-05-12T22:00:00Z,57820.8
2026-05-12T23:00:00Z,54567.1
2026-05-13T00:00:00Z,50620.6
2026-05-13T01:00:00Z,56246.8
2026-05-13T02:00:00Z,56699.4
2026-05-13T03:00:00Z,58586.4
2026-05-13T04:00:00Z,61167.2
2026-05-13T05:00:00Z,65927.0
2026-05-13T06:00:00Z,66926.7
2026-05-13T07:00:00Z,73881.2
2026-05-13T08:00:00Z,76425.4
2026-05-13T09:00:00Z,81845.0
2026-05-13T10:00:00Z,81477.0
2026-05-13T11:00:00Z,83735.7
2026-05-13T12:00:00Z,81941.0
2026-05-13T13:00:00Z,85782.3
2026-05-13T14:00:00Z,82894.5
2026-05-13T15:00:00Z,80290.0
2026-05-13T16:00:00Z,77058.6
2026-05-13T17:00:00Z,73683.0
2026-05-13T18:00:00Z,70171.3
2026-05-13T19:00:00Z,65780.2
2026-05-13T20:00:00Z,62089.4
2026-05-13T21:00:00Z,56503.7
2026-05-13T22:00:00Z,54820.0
2026-05-13T23:00:00Z,53656.2
2026-05-14T00:00:00Z,54301.5
2026-05-14T01:00:00Z,53833.4
2026-05-14T02:00:00Z,55002.5
2026-05-14T03:00:00Z,59403.6
2026-05-14T04:00:00Z,61183.6
2026-05-14T05:00:00Z,66252.0
2026-05-14T06:00:00Z,68652.0
2026-05-14T07:00:00Z,72216.5
2026-05-14T08:00:00Z,77743.0
2026-05-14T09:00:00Z,79746.5
2026-05-14T10:00:00Z,83001.2
2026-05-14T11:00:00Z,85732.0
2026-05-14T12:00:00Z,84987.3
2026-05-14T13:00:00Z,86682.1
2026-05-14T14:00:00Z,81270.7
2026-05-14T15:00:00Z,80062.7
2026-05-14T16:00:00Z,77873.5
2026-05-14T17:00:00Z,71387.9
2026-05-14T18:00:00Z,67537.4
2026-05-14T19:00:00Z,65246.7
2026-05-14T20:00:00Z,60165.8
2026-05-14T21:00:00Z,58658.0
2026-05-14T22:00:00Z,57021.0
2026-05-14T23:00:00Z,52911.5
2026-05-15T00:00:00Z,54529.2
2026-05-15T01:00:00Z,52930.3
2026-05-15T02:00:00Z,56037.0
2026-05-15T03:00:00Z,61152.2
2026-05-15T04:00:00Z,62267.9
2026-05-15T05:00:00Z,64480.0
2026-05-15T06:00:00Z,69218.2
2026-05-15T07:00:00Z,75587.5
2026-05-15T08:00:00Z,77158.6
2026-05-15T09:00:00Z,80981.2
2026-05-15T10:00:00Z,82062.8
2026-05-15T11:00:00Z,85321.3
2026-05-15T12:00:00Z,84108.9
2026-05-15T13:00:00Z,84951.2
2026-05-15T14:00:00Z,83088.5
2026-05-15T15:00:00Z,77883.8
2026-05-15T16:00:00Z,77366.0
2026-05-15T17:00:00Z,74475.0
2026-05-15T18:00:00Z,69505.2
2026-05-15T19:00:00Z,66163.7
2026-05-15T20:00:00Z,60276.4
2026-05-15T21:00:00Z,61181.6
2026-05-15T22:00:00Z,55819.0
2026-05-15T23:00:00Z,54281.9
2026-05-16T00:00:00Z,49558.0
2026-05-16T01:00:00Z,48054.6
2026-05-16T02:00:00Z,52895.1
2026-05-16T03:00:00Z,55879.8
2026-05-16T04:00:00Z,58203.5
2026-05-16T05:00:00Z,62741.7
2026-05-16T06:00:00Z,64851.2
2026-05-16T07:00:00Z,68801.9
2026-05-16T08:00:00Z,72417.8
2026-05-16T09:00:00Z,74588.5
2026-05-16T10:00:00Z,77815.2
2026-05-16T11:00:00Z,78609.4
2026-05-16T12:00:00Z,82526.9
2026-05-16T13:00:00Z,77917.9
2026-05-16T14:00:00Z,78901.3
2026-05-16T15:00:00Z,72856.7
2026-05-16T16:00:00Z,73132.4
2026-05-16T17:00:00Z,70887.6
2026-05-16T18:00:00Z,65952.4
2026-05-16T19:00:00Z,60656.2
2026-05-16T20:00:00Z,59067.5
2026-05-16T21:00:00Z,56436.2
2026-05-16T22:00:00Z,52220.2
2026-05-16T23:00:00Z,48742.2
2026-05-17T00:00:00Z,48784.4
2026-05-17T01:00:00Z,50536.1
2026-05-17T02:00:00Z,53063.2
2026-05-17T03:00:00Z,53738.3
2026-05-17T04:00:00Z,57214.8
2026-05-17T05:00:00Z,62288.8
2026-05-17T06:00:00Z,65518.8
2026-05-17T07:00:00Z,68832.3
2026-05-17T08:00:00Z,72646.4
2026-05-17T09:00:00Z,73944.5
2026-05-17T10:00:00Z,77047.4
2026-05-17T11:00:00Z,77406.9
2026-05-17T12:00:00Z,80210.3
2026-05-17T13:00:00Z,79815.4
2026-05-17T14:00:00Z,79021.5
2026-05-17T15:00:00Z,75872.0
2026-05-17T16:00:00Z,72964.1
2026-05-17T17:00:00Z,70380.3
2026-05-17T18:00:00Z,66555.1
2026-05-17T19:00:00Z,63603.6
2026-05-17T20:00:00Z,57389.3
2026-05-17T21:00:00Z,52759.3
2026-05-17T22:00:00Z,51579.8
2026-05-17T23:00:00Z,52186.9
2026-05-18T00:00:00Z,56127.3
2026-05-18T01:00:00Z,55398.2
2026-05-18T02:00:00Z,56781.4
2026-05-18T03:00:00Z,58510.0
2026-05-18T04:00:00Z,62421.0
2026-05-18T05:00:00Z,64711.4
2026-05-18T06:00:00Z,69491.8
2026-05-18T07:00:00Z,74867.8
2026-05-18T08:00:00Z,77739.6
2026-05-18T09:00:00Z,80155.4
2026-05-18T10:00:00Z,82984.4
2026-05-18T11:00:00Z,83358.6
2026-05-18T12:00:00Z,86062.2
2026-05-18T13:00:00Z,84694.1
2026-05-18T14:00:00Z,83435.4
2026-05-18T15:00:00Z,81132.8
2026-05-18T16:00:00Z,78493.5
2026-05-18T17:00:00Z,72683.1
2026-05-18T18:00:00Z,70725.4
2026-05-18T19:00:00Z,65689.1
2026-05-18T20:00:00Z,62059.7
2026-05-18T21:00:00Z,60567.7
2026-05-18T22:00:00Z,56005.5
2026-05-18T23:00:00Z,54402.8
2026-05-19T00:00:00Z,54447.2
2026-05-19T01:00:00Z,55448.5
2026-05-19T02:00:00Z,57466.5
2026-05-19T03:00:00Z,59163.1
2026-05-19T04:00:00Z,59894.0
2026-05-19T05:00:00Z,63768.2
2026-05-19T06:00:00Z,72666.6
2026-05-19T07:00:00Z,74496.5
2026-05-19T08:00:00Z,79636.7
2026-05-19T09:00:00Z,80060.5
2026-05-19T10:00:00Z,85114.5
2026-05-19T11:00:00Z,84885.0
2026-05-19T12:00:00Z,86205.6
2026-05-19T13:00:00Z,85265.5
2026-05-19T14:00:00Z,84961.3
2026-05-19T15:00:00Z,82058.1
2026-05-19T16:00:00Z,78846.2
2026-05-19T17:00:00Z,72269.6
2026-05-19T18:00:00Z,68484.1
2026-05-19T19:00:00Z,67264.3
2026-05-19T20:00:00Z,61150.3
2026-05-19T21:00:00Z,60443.6
2026-05-19T22:00:00Z,56625.8
2026-05-19T23:00:00Z,54906.5
2026-05-20T00:00:00Z,58338.4
2026-05-20T01:00:00Z,53441.3
2026-05-20T02:00:00Z,55908.8
2026-05-20T03:00:00Z,58481.1
2026-05-20T04:00:00Z,64518.1
2026-05-20T05:00:00Z,66135.1
2026-05-20T06:00:00Z,70452.4
2026-05-20T07:00:00Z,74388.4
2026-05-20T08:00:00Z,77025.5
2026-05-20T09:00:00Z,81744.5
2026-05-20T10:00:00Z,84805.6
2026-05-20T11:00:00Z,87099.0
2026-05-20T12:00:00Z,84566.3
2026-05-20T13:00:00Z,86371.2
2026-05-20T14:00:00Z,84470.4
2026-05-20T15:00:00Z,81247.7
2026-05-20T16:00:00Z,79447.2
2026-05-20T17:00:00Z,75071.7
2026-05-20T18:00:00Z,71495.3
2026-05-20T19:00:00Z,67192.8
2026-05-20T20:00:00Z,63171.8
2026-05-20T21:00:00Z,58852.5
2026-05-20T22:00:00Z,57173.7
2026-05-20T23:00:00Z,54916.8
2026-05-21T00:00:00Z,56969.9
2026-05-21T01:00:00Z,56372.3
2026-05-21T02:00:00Z,58518.8
2026-05-21T03:00:00Z,59633.7
2026-05-21T04:00:00Z,63786.2
2026-05-21T05:00:00Z,66013.5
2026-05-21T06:00:00Z,71585.2
2026-05-21T07:00:00Z,76575.8
2026-05-21T08:00:00Z,77984.2
2026-05-21T09:00:00Z,83590.9
2026-05-21T10:00:00Z,82387.3
2026-05-21T11:00:00Z,85703.5
2026-05-21T12:00:00Z,87790.3
2026-05-21T13:00:00Z,85013.1
2026-05-21T14:00:00Z,83772.3
2026-05-21T15:00:00Z,81759.2
2026-05-21T16:00:00Z,79540.6
2026-05-21T17:00:00Z,75056.2
2026-05-21T18:00:00Z,68709.6
2026-05-21T19:00:00Z,66186.2
2026-05-21T20:00:00Z,63739.8
2026-05-21T21:00:00Z,57702.7
2026-05-21T22:00:00Z,57142.0
2026-05-21T23:00:00Z,53895.7
2026-05-22T00:00:00Z,52971.9
2026-05-22T01:00:00Z,55052.9
2026-05-22T02:00:00Z,55132.2
2026-05-22T03:00:00Z,58819.9
2026-05-22T04:00:00Z,64660.4
2026-05-22T05:00:00Z,68507.8
2026-05-22T06:00:00Z,69651.8
2026-05-22T07:00:00Z,73331.4
2026-05-22T08:00:00Z,78217.2
2026-05-22T09:00:00Z,83363.5
2026-05-22T10:00:00Z,83806.8
2026-05-22T11:00:00Z,85261.6
2026-05-22T12:00:00Z,86357.5
2026-05-22T13:00:00Z,84006.1
2026-05-22T14:00:00Z,84096.2
2026-05-22T15:00:00Z,81360.8
2026-05-22T16:00:00Z,78782.7
2026-05-22T17:00:00Z,73389.8
2026-05-22T18:00:00Z,70348.0
2026-05-22T19:00:00Z,66315.1
2026-05-22T20:00:00Z,62634.6
2026-05-22T21:00:00Z,59035.8
2026-05-22T22:00:00Z,55349.6
2026-05-22T23:00:00Z,54301.5
2026-05-23T00:00:00Z,50586.1
2026-05-23T01:00:00Z,50441.3
2026-05-23T02:00:00Z,53772.0
2026-05-23T03:00:00Z,56670.0
2026-05-23T04:00:00Z,57711.4
2026-05-23T05:00:00Z,63041.8
2026-05-23T06:00:00Z,66929.3
2026-05-23T07:00:00Z,71117.8
2026-05-23T08:00:00Z,74418.4
2026-05-23T09:00:00Z,77692.0
2026-05-23T10:00:00Z,79297.8
2026-05-23T11:00:00Z,81586.1
2026-05-23T12:00:00Z,80993.7
2026-05-23T13:00:00Z,80074.5
2026-05-23T14:00:00Z,79838.4
2026-05-23T15:00:00Z,76166.2
2026-05-23T16:00:00Z,73558.5
2026-05-23T17:00:00Z,71938.0
2026-05-23T18:00:00Z,67890.6
2026-05-23T19:00:00Z,63894.0
2026-05-23T20:00:00Z,60197.9
2026-05-23T21:00:00Z,55534.6
2026-05-23T22:00:00Z,51386.9
2026-05-23T23:00:00Z,52564.8
2026-05-24T00:00:00Z,50449.1
2026-05-24T01:00:00Z,50006.3
2026-05-24T02:00:00Z,51517.5
2026-05-24T03:00:00Z,53566.7
2026-05-24T04:00:00Z,60631.1
2026-05-24T05:00:00Z,61258.5
2026-05-24T06:00:00Z,66871.6
2026-05-24T07:00:00Z,70298.8
2026-05-24T08:00:00Z,76264.6
2026-05-24T09:00:00Z,77193.5
2026-05-24T10:00:00Z,80504.1
2026-05-24T11:00:00Z,81103.3
2026-05-24T12:00:00Z,80314.3
2026-05-24T13:00:00Z,82389.8
2026-05-24T14:00:00Z,77517.0
2026-05-24T15:00:00Z,80130.2
2026-05-24T16:00:00Z,76392.9
2026-05-24T17:00:00Z,70979.3
2026-05-24T18:00:00Z,66128.6
2026-05-24T19:00:00Z,62439.0
2026-05-24T20:00:00Z,57202.8
2026-05-24T21:00:00Z,53203.5
2026-05-24T22:00:00Z,53988.4
2026-05-24T23:00:00Z,50797.0
2026-05-25T00:00:00Z,55241.2
2026-05-25T01:00:00Z,56170.9
2026-05-25T02:00:00Z,58184.6
2026-05-25T03:00:00Z,60613.5
2026-05-25T04:00:00Z,63008.2
2026-05-25T05:00:00Z,67251.5
2026-05-25T06:00:00Z,71137.9
2026-05-25T07:00:00Z,75115.7
2026-05-25T08:00:00Z,76153.6
2026-05-25T09:00:00Z,82385.5
2026-05-25T10:00:00Z,85439.8
2026-05-25T11:00:00Z,84900.2
2026-05-25T12:00:00Z,87115.6
2026-05-25T13:00:00Z,86342.3
2026-05-25T14:00:00Z,83692.4
2026-05-25T15:00:00Z,82510.6
2026-05-25T16:00:00Z,80644.5
2026-05-25T17:00:00Z,74252.6
2026-05-25T18:00:00Z,70691.9
2026-05-25T19:00:00Z,68025.4
2026-05-25T20:00:00Z,67510.9
2026-05-25T21:00:00Z,58807.6
2026-05-25T22:00:00Z,58047.3
2026-05-25T23:00:00Z,55838.1
2026-05-26T00:00:00Z,57049.9
2026-05-26T01:00:00Z,56501.2
2026-05-26T02:00:00Z,60411.8
2026-05-26T03:00:00Z,60193.7
2026-05-26T04:00:00Z,63329.2
2026-05-26T05:00:00Z,66398.7
2026-05-26T06:00:00Z,71610.8
2026-05-26T07:00:00Z,76557.2
2026-05-26T08:00:00Z,78472.4
2026-05-26T09:00:00Z,85036.8
2026-05-26T10:00:00Z,84633.9
2026-05-26T11:00:00Z,88406.3
2026-05-26T12:00:00Z,87335.7
2026-05-26T13:00:00Z,88428.3
2026-05-26T14:00:00Z,82642.0
2026-05-26T15:00:00Z,83283.8
2026-05-26T16:00:00Z,80029.3
2026-05-26T17:00:00Z,75291.7
2026-05-26T18:00:00Z,70532.4
2026-05-26T19:00:00Z,68134.0
2026-05-26T20:00:00Z,64526.8
2026-05-26T21:00:00Z,57751.3
2026-05-26T22:00:00Z,55331.2
2026-05-26T23:00:00Z,56181.9
2026-05-27T00:00:00Z,56046.8
2026-05-27T01:00:00Z,57382.1
2026-05-27T02:00:00Z,55961.4
2026-05-27T03:00:00Z,58440.4
2026-05-27T04:00:00Z,63622.1
2026-05-27T05:00:00Z,67892.1
2026-05-27T06:00:00Z,72691.2
2026-05-27T07:00:00Z,76482.4
2026-05-27T08:00:00Z,78607.8
2026-05-27T09:00:00Z,80990.6
2026-05-27T10:00:00Z,85985.2
2026-05-27T11:00:00Z,87575.3
2026-05-27T12:00:00Z,87010.0
2026-05-27T13:00:00Z,86660.0
2026-05-27T14:00:00Z,85873.6
2026-05-27T15:00:00Z,82553.1
2026-05-27T16:00:00Z,78313.2
2026-05-27T17:00:00Z,73092.3
2026-05-27T18:00:00Z,71172.8
2026-05-27T19:00:00Z,65558.9
2026-05-27T20:00:00Z,61938.9
2026-05-27T21:00:00Z,58129.4
2026-05-27T22:00:00Z,60545.6
2026-05-27T23:00:00Z,54661.3
2026-05-28T00:00:00Z,56853.8
2026-05-28T01:00:00Z,57131.0
2026-05-28T02:00:00Z,57159.4
2026-05-28T03:00:00Z,62218.9
2026-05-28T04:00:00Z,65310.2
2026-05-28T05:00:00Z,67590.0
2026-05-28T06:00:00Z,71135.8
2026-05-28T07:00:00Z,75908.4
2026-05-28T08:00:00Z,79221.8
2026-05-28T09:00:00Z,82276.0
2026-05-28T10:00:00Z,85007.8
2026-05-28T11:00:00Z,88509.1
2026-05-28T12:00:00Z,87821.9
2026-05-28T13:00:00Z,86498.9
2026-05-28T14:00:00Z,86138.2
2026-05-28T15:00:00Z,81844.8
2026-05-28T16:00:00Z,79134.5
2026-05-28T17:00:00Z,75057.2
2026-05-28T18:00:00Z,71800.6
2026-05-28T19:00:00Z,67434.5
2026-05-28T20:00:00Z,61357.1
2026-05-28T21:00:00Z,59906.3
2026-05-28T22:00:00Z,59378.4
2026-05-28T23:00:00Z,57080.3
2026-05-29T00:00:00Z,57676.2
2026-05-29T01:00:00Z,57457.1
2026-05-29T02:00:00Z,58159.8
2026-05-29T03:00:00Z,59253.7
2026-05-29T04:00:00Z,63933.8
2026-05-29T05:00:00Z,68719.1
2026-05-29T06:00:00Z,73820.6
2026-05-29T07:00:00Z,75914.0
2026-05-29T08:00:00Z,79261.4
2026-05-29T09:00:00Z,83041.2
2026-05-29T10:00:00Z,85927.4
2026-05-29T11:00:00Z,87899.5
2026-05-29T12:00:00Z,89503.3
2026-05-29T13:00:00Z,88032.7
2026-05-29T14:00:00Z,83743.7
2026-05-29T15:00:00Z,83604.2
2026-05-29T16:00:00Z,81089.6
2026-05-29T17:00:00Z,74354.1
2026-05-29T18:00:00Z,70142.0
2026-05-29T19:00:00Z,67605.3
2026-05-29T20:00:00Z,66059.9
2026-05-29T21:00:00Z,63919.0
2026-05-29T22:00:00Z,59968.2
2026-05-29T23:00:00Z,57083.9
2026-05-30T00:00:00Z,52892.4
2026-05-30T01:00:00Z,52461.6
2026-05-30T02:00:00Z,55411.4
2026-05-30T03:00:00Z,55637.1
2026-05-30T04:00:00Z,59221.7
2026-05-30T05:00:00Z,61416.4
2026-05-30T06:00:00Z,68790.5
2026-05-30T07:00:00Z,73490.7
2026-05-30T08:00:00Z,75822.2
2026-05-30T09:00:00Z,79307.1
2026-05-30T10:00:00Z,83058.5
2026-05-30T11:00:00Z,82167.5
2026-05-30T12:00:00Z,84964.6
2026-05-30T13:00:00Z,83068.3
2026-05-30T14:00:00Z,81246.2
2026-05-30T15:00:00Z,78734.9
2026-05-30T16:00:00Z,77831.0
2026-05-30T17:00:00Z,70124.1
2026-05-30T18:00:00Z,68935.4
2026-05-30T19:00:00Z,62747.1
2026-05-30T20:00:00Z,60196.0
2026-05-30T21:00:00Z,54948.9
2026-05-30T22:00:00Z,53991.9
2026-05-30T23:00:00Z,53770.7
2026-05-31T00:00:00Z,51759.4
2026-05-31T01:00:00Z,52509.1
2026-05-31T02:00:00Z,54090.5
2026-05-31T03:00:00Z,56268.2
2026-05-31T04:00:00Z,61511.0
2026-05-31T05:00:00Z,63916.0
2026-05-31T06:00:00Z,67484.9
2026-05-31T07:00:00Z,73087.6
2026-05-31T08:00:00Z,74113.7
2026-05-31T09:00:00Z,78998.4
2026-05-31T10:00:00Z,80896.5
2026-05-31T11:00:00Z,84173.2
2026-05-31T12:00:00Z,83332.6
2026-05-31T13:00:00Z,83691.3
2026-05-31T14:00:00Z,80432.4
2026-05-31T15:00:00Z,80881.3
2026-05-31T16:00:00Z,74403.5
2026-05-31T17:00:00Z,72004.5
2026-05-31T18:00:00Z,67572.5
2026-05-31T19:00:00Z,66318.5
2026-05-31T20:00:00Z,59068.7
2026-05-31T21:00:00Z,58047.4
2026-05-31T22:00:00Z,55475.5
2026-05-31T23:00:00Z,51429.6
2026-06-01T00:00:00Z,58029.8
2026-06-01T01:00:00Z,58131.8
2026-06-01T02:00:00Z,59128.3
2026-06-01T03:00:00Z,61385.6
2026-06-01T04:00:00Z,65966.2
2026-06-01T05:00:00Z,67498.7
2026-06-01T06:00:00Z,72951.4
2026-06-01T07:00:00Z,76385.7
2026-06-01T08:00:00Z,78875.6
2026-06-01T09:00:00Z,80975.6
2026-06-01T10:00:00Z,85045.9
2026-06-01T11:00:00Z,87103.7
2026-06-01T12:00:00Z,87479.2
2026-06-01T13:00:00Z,87507.1
2026-06-01T14:00:00Z,84931.4
2026-06-01T15:00:00Z,82620.6
2026-06-01T16:00:00Z,80162.2
2026-06-01T17:00:00Z,76528.4
2026-06-01T18:00:00Z,71602.7
2026-06-01T19:00:00Z,68792.2
2026-06-01T20:00:00Z,64829.7
2026-06-01T21:00:00Z,62332.0
2026-06-01T22:00:00Z,60312.8
2026-06-01T23:00:00Z,57815.1
2026-06-02T00:00:00Z,58716.7
2026-06-02T01:00:00Z,57276.8
2026-06-02T02:00:00Z,56858.9
2026-06-02T03:00:00Z,63443.8
2026-06-02T04:00:00Z,64760.7
2026-06-02T05:00:00Z,67152.2
2026-06-02T06:00:00Z,74471.1
2026-06-02T07:00:00Z,77298.6
2026-06-02T08:00:00Z,79263.0
2026-06-02T09:00:00Z,84764.2
2026-06-02T10:00:00Z,86718.7
2026-06-02T11:00:00Z,88502.8
2026-06-02T12:00:00Z,87910.6
2026-06-02T13:00:00Z,87871.7
2026-06-02T14:00:00Z,88438.9
2026-06-02T15:00:00Z,84220.2
2026-06-02T16:00:00Z,82494.1
2026-06-02T17:00:00Z,76903.4
2026-06-02T18:00:00Z,74400.1
2026-06-02T19:00:00Z,69104.6
2026-06-02T20:00:00Z,64422.3
2026-06-02T21:00:00Z,60167.6
2026-06-02T22:00:00Z,60849.6
2026-06-02T23:00:00Z,55884.2
2026-06-03T00:00:00Z,56163.6
2026-06-03T01:00:00Z,59900.9
2026-06-03T02:00:00Z,58837.0
2026-06-03T03:00:00Z,62162.7
2026-06-03T04:00:00Z,63082.9
2026-06-03T05:00:00Z,71192.8
2026-06-03T06:00:00Z,73773.0
2026-06-03T07:00:00Z,77280.3
2026-06-03T08:00:00Z,81400.8
2026-06-03T09:00:00Z,83933.1
2026-06-03T10:00:00Z,84742.4
2026-06-03T11:00:00Z,88805.9
2026-06-03T12:00:00Z,89047.1
2026-06-03T13:00:00Z,87707.8
2026-06-03T14:00:00Z,87598.9
2026-06-03T15:00:00Z,85086.8
2026-06-03T16:00:00Z,81614.0
2026-06-03T17:00:00Z,78393.0
2026-06-03T18:00:00Z,71491.1
2026-06-03T19:00:00Z,69271.7
2026-06-03T20:00:00Z,64705.2
2026-06-03T21:00:00Z,61332.9
2026-06-03T22:00:00Z,59387.7
2026-06-03T23:00:00Z,57137.5
2026-06-04T00:00:00Z,55068.8
2026-06-04T01:00:00Z,58935.5
2026-06-04T02:00:00Z,58001.0
2026-06-04T03:00:00Z,61437.1
2026-06-04T04:00:00Z,66415.2
2026-06-04T05:00:00Z,68994.8
2026-06-04T06:00:00Z,73297.3
2026-06-04T07:00:00Z,78205.8
2026-06-04T08:00:00Z,80277.2
2026-06-04T09:00:00Z,85831.8
2026-06-04T10:00:00Z,86164.5
2026-06-04T11:00:00Z,91272.6
2026-06-04T12:00:00Z,88223.0
2026-06-04T13:00:00Z,89003.7
2026-06-04T14:00:00Z,86508.5
2026-06-04T15:00:00Z,85130.9
2026-06-04T16:00:00Z,81475.0
2026-06-04T17:00:00Z,77492.5
2026-06-04T18:00:00Z,73927.4
2026-06-04T19:00:00Z,69072.2
2026-06-04T20:00:00Z,66064.9
2026-06-04T21:00:00Z,63224.8
2026-06-04T22:00:00Z,59478.5
2026-06-04T23:00:00Z,58660.5
2026-06-05T00:00:00Z,57343.6
2026-06-05T01:00:00Z,57501.9
2026-06-05T02:00:00Z,63256.0
2026-06-05T03:00:00Z,65397.8
2026-06-05T04:00:00Z,64845.8
2026-06-05T05:00:00Z,69293.8
2026-06-05T06:00:00Z,74443.0
2026-06-05T07:00:00Z,76240.8
2026-06-05T08:00:00Z,80931.8
2026-06-05T09:00:00Z,82400.5
2026-06-05T10:00:00Z,88304.6
2026-06-05T11:00:00Z,87182.3
2026-06-05T12:00:00Z,91312.7
2026-06-05T13:00:00Z,90177.7
2026-06-05T14:00:00Z,87374.4
2026-06-05T15:00:00Z,84882.6
2026-06-05T16:00:00Z,81870.7
2026-06-05T17:00:00Z,79366.6
2026-06-05T18:00:00Z,72697.1
2026-06-05T19:00:00Z,71545.1
2026-06-05T20:00:00Z,65859.8
2026-06-05T21:00:00Z,62137.0
2026-06-05T22:00:00Z,61547.9
2026-06-05T23:00:00Z,58333.9
2026-06-06T00:00:00Z,53752.0
2026-06-06T01:00:00Z,53203.7
2026-06-06T02:00:00Z,55359.1
2026-06-06T03:00:00Z,61390.9
2026-06-06T04:00:00Z,60263.4
2026-06-06T05:00:00Z,65032.3
2026-06-06T06:00:00Z,69100.3
2026-06-06T07:00:00Z,73489.0
2026-06-06T08:00:00Z,77391.4
2026-06-06T09:00:00Z,78959.5
2026-06-06T10:00:00Z,83590.7
2026-06-06T11:00:00Z,85822.5
2026-06-06T12:00:00Z,87499.1
2026-06-06T13:00:00Z,83354.7
2026-06-06T14:00:00Z,84009.2
2026-06-06T15:00:00Z,77953.7
2026-06-06T16:00:00Z,77266.5
2026-06-06T17:00:00Z,73910.4
2026-06-06T18:00:00Z,67710.4
2026-06-06T19:00:00Z,64038.0
2026-06-06T20:00:00Z,61945.5
2026-06-06T21:00:00Z,58611.0
2026-06-06T22:00:00Z,53167.5
2026-06-06T23:00:00Z,54344.9
2026-06-07T00:00:00Z,56990.3
2026-06-07T01:00:00Z,54810.9
2026-06-07T02:00:00Z,57639.2
2026-06-07T03:00:00Z,59219.9
2026-06-07T04:00:00Z,59011.2
2026-06-07T05:00:00Z,65454.0
2026-06-07T06:00:00Z,69375.1
2026-06-07T07:00:00Z,74454.8
2026-06-07T08:00:00Z,76855.2
2026-06-07T09:00:00Z,79517.5
2026-06-07T10:00:00Z,82697.8
2026-06-07T11:00:00Z,84498.6
2026-06-07T12:00:00Z,85315.0
2026-06-07T13:00:00Z,83183.9
2026-06-07T14:00:00Z,83867.4
2026-06-07T15:00:00Z,80820.2
2026-06-07T16:00:00Z,75373.6
2026-06-07T17:00:00Z,74000.9
2026-06-07T18:00:00Z,69606.4
2026-06-07T19:00:00Z,65880.9
2026-06-07T20:00:00Z,60278.9
2026-06-07T21:00:00Z,58369.5
2026-06-07T22:00:00Z,55872.7
2026-06-07T23:00:00Z,54547.3
2026-06-08T00:00:00Z,57706.4
2026-06-08T01:00:00Z,61892.0
2026-06-08T02:00:00Z,58990.3
2026-06-08T03:00:00Z,64800.2
2026-06-08T04:00:00Z,65035.8
2026-06-08T05:00:00Z,69102.0
2026-06-08T06:00:00Z,73563.0
2026-06-08T07:00:00Z,80563.7
2026-06-08T08:00:00Z,83659.4
2026-06-08T09:00:00Z,84678.4
2026-06-08T10:00:00Z,89028.4
2026-06-08T11:00:00Z,90009.2
2026-06-08T12:00:00Z,91593.3
2026-06-08T13:00:00Z,90594.5
2026-06-08T14:00:00Z,87717.0
2026-06-08T15:00:00Z,85269.2
2026-06-08T16:00:00Z,81587.3
2026-06-08T17:00:00Z,76763.1
2026-06-08T18:00:00Z,72737.3
2026-06-08T19:00:00Z,71006.5
2026-06-08T20:00:00Z,63690.6
2026-06-08T21:00:00Z,62971.4
2026-06-08T22:00:00Z,61733.6
2026-06-08T23:00:00Z,58491.6
2026-06-09T00:00:00Z,59726.0
2026-06-09T01:00:00Z,58489.3
2026-06-09T02:00:00Z,61952.9
2026-06-09T03:00:00Z,61717.7
2026-06-09T04:00:00Z,68732.4
2026-06-09T05:00:00Z,69792.8
2026-06-09T06:00:00Z,75792.5
2026-06-09T07:00:00Z,76878.3
2026-06-09T08:00:00Z,82915.7
2026-06-09T09:00:00Z,86055.9
2026-06-09T10:00:00Z,85853.7
2026-06-09T11:00:00Z,90898.9
2026-06-09T12:00:00Z,90535.3
2026-06-09T13:00:00Z,88013.2
2026-06-09T14:00:00Z,86499.8
2026-06-09T15:00:00Z,83455.0
2026-06-09T16:00:00Z,83698.3
2026-06-09T17:00:00Z,77446.6
2026-06-09T18:00:00Z,74627.5
2026-06-09T19:00:00Z,70353.2
2026-06-09T20:00:00Z,67100.2
2026-06-09T21:00:00Z,62737.3
2026-06-09T22:00:00Z,61445.9
2026-06-09T23:00:00Z,61611.8
2026-06-10T00:00:00Z,59553.0
2026-06-10T01:00:00Z,59262.5
2026-06-10T02:00:00Z,61802.6
2026-06-10T03:00:00Z,63366.7
2026-06-10T04:00:00Z,68512.3
2026-06-10T05:00:00Z,73727.2
2026-06-10T06:00:00Z,75725.5
2026-06-10T07:00:00Z,80084.0
2026-06-10T08:00:00Z,80692.6
2026-06-10T09:00:00Z,86852.9
2026-06-10T10:00:00Z,87708.6
2026-06-10T11:00:00Z,87628.7
2026-06-10T12:00:00Z,90048.9
2026-06-10T13:00:00Z,90822.3
2026-06-10T14:00:00Z,88495.1
2026-06-10T15:00:00Z,86822.3
2026-06-10T16:00:00Z,81377.1
2026-06-10T17:00:00Z,77317.2
2026-06-10T18:00:00Z,76970.8
2026-06-10T19:00:00Z,71195.5
2026-06-10T20:00:00Z,68111.5
2026-06-10T21:00:00Z,65192.8
2026-06-10T22:00:00Z,60302.5
2026-06-10T23:00:00Z,59300.4
2026-06-11T00:00:00Z,59419.5
2026-06-11T01:00:00Z,61478.6
2026-06-11T02:00:00Z,61866.5
2026-06-11T03:00:00Z,66437.3
2026-06-11T04:00:00Z,66830.4
2026-06-11T05:00:00Z,72168.9
2026-06-11T06:00:00Z,75412.0
2026-06-11T07:00:00Z,80809.0
2026-06-11T08:00:00Z,82549.6
2026-06-11T09:00:00Z,85836.7
2026-06-11T10:00:00Z,87723.4
2026-06-11T11:00:00Z,92356.7
2026-06-11T12:00:00Z,92002.2
2026-06-11T13:00:00Z,89334.5
2026-06-11T14:00:00Z,89735.2
2026-06-11T15:00:00Z,86683.3
2026-06-11T16:00:00Z,82650.3
2026-06-11T17:00:00Z,77933.5
2026-06-11T18:00:00Z,75504.3
2026-06-11T19:00:00Z,71153.5
2026-06-11T20:00:00Z,68756.3
2026-06-11T21:00:00Z,65377.1
2026-06-11T22:00:00Z,59351.7
2026-06-11T23:00:00Z,59968.9
2026-06-12T00:00:00Z,61305.4
2026-06-12T01:00:00Z,59421.9
2026-06-12T02:00:00Z,60816.9
2026-06-12T03:00:00Z,63747.3
2026-06-12T04:00:00Z,66474.0
2026-06-12T05:00:00Z,72228.1
2026-06-12T06:00:00Z,76100.4
2026-06-12T07:00:00Z,79969.8
2026-06-12T08:00:00Z,83540.0
2026-06-12T09:00:00Z,86087.3
2026-06-12T10:00:00Z,90491.1
2026-06-12T11:00:00Z,92512.5
2026-06-12T12:00:00Z,92773.2
2026-06-12T13:00:00Z,90928.7
2026-06-12T14:00:00Z,90801.5
2026-06-12T15:00:00Z,88210.9
2026-06-12T16:00:00Z,82282.1
2026-06-12T17:00:00Z,80137.8
2026-06-12T18:00:00Z,77687.2
2026-06-12T19:00:00Z,70840.1
2026-06-12T20:00:00Z,66255.3
2026-06-12T21:00:00Z,63591.8
2026-06-12T22:00:00Z,61166.0
2026-06-12T23:00:00Z,60393.5
2026-06-13T00:00:00Z,56449.9
2026-06-13T01:00:00Z,58129.5
2026-06-13T02:00:00Z,59211.7
2026-06-13T03:00:00Z,58280.1
2026-06-13T04:00:00Z,63072.9
2026-06-13T05:00:00Z,67666.9
2026-06-13T06:00:00Z,73076.8
2026-06-13T07:00:00Z,74338.5
2026-06-13T08:00:00Z,82016.6
2026-06-13T09:00:00Z,80794.0
2026-06-13T10:00:00Z,84132.8
2026-06-13T11:00:00Z,87980.1
2026-06-13T12:00:00Z,85666.2
2026-06-13T13:00:00Z,85748.1
2026-06-13T14:00:00Z,82371.6
2026-06-13T15:00:00Z,82883.2
2026-06-13T16:00:00Z,81168.0
2026-06-13T17:00:00Z,75907.2
2026-06-13T18:00:00Z,70897.3
2026-06-13T19:00:00Z,68829.3
2026-06-13T20:00:00Z,64466.4
2026-06-13T21:00:00Z,60771.8
2026-06-13T22:00:00Z,57206.7
2026-06-13T23:00:00Z,56254.5
2026-06-14T00:00:00Z,55506.6
2026-06-14T01:00:00Z,55662.3
2026-06-14T02:00:00Z,58235.3
2026-06-14T03:00:00Z,61227.9
2026-06-14T04:00:00Z,63442.1
2026-06-14T05:00:00Z,67505.1
2026-06-14T06:00:00Z,72972.2
2026-06-14T07:00:00Z,76374.1
2026-06-14T08:00:00Z,79289.6
2026-06-14T09:00:00Z,81010.8
2026-06-14T10:00:00Z,85027.1
2026-06-14T11:00:00Z,87079.7
2026-06-14T12:00:00Z,86515.7
2026-06-14T13:00:00Z,85594.5
2026-06-14T14:00:00Z,85316.9
2026-06-14T15:00:00Z,82248.6
2026-06-14T16:00:00Z,79057.9
2026-06-14T17:00:00Z,77212.8
2026-06-14T18:00:00Z,71598.0
2026-06-14T19:00:00Z,67307.0
2026-06-14T20:00:00Z,65749.0
2026-06-14T21:00:00Z,59869.4
2026-06-14T22:00:00Z,58169.8
2026-06-14T23:00:00Z,57366.5
2026-06-15T00:00:00Z,60478.5
2026-06-15T01:00:00Z,60169.0
2026-06-15T02:00:00Z,61362.4
2026-06-15T03:00:00Z,67788.3
2026-06-15T04:00:00Z,67826.3
2026-06-15T05:00:00Z,73266.6
2026-06-15T06:00:00Z,77321.7
2026-06-15T07:00:00Z,80087.0
2026-06-15T08:00:00Z,83660.2
2026-06-15T09:00:00Z,86742.2
2026-06-15T10:00:00Z,88257.5
2026-06-15T11:00:00Z,89999.3
2026-06-15T12:00:00Z,91591.6
2026-06-15T13:00:00Z,91003.5
2026-06-15T14:00:00Z,89696.4
2026-06-15T15:00:00Z,87672.1
2026-06-15T16:00:00Z,84256.4
2026-06-15T17:00:00Z,81335.9
2026-06-15T18:00:00Z,74855.0
2026-06-15T19:00:00Z,68374.3
2026-06-15T20:00:00Z,70484.2
2026-06-15T21:00:00Z,64539.1
2026-06-15T22:00:00Z,62872.2
2026-06-15T23:00:00Z,61669.7
2026-06-16T00:00:00Z,61247.6
2026-06-16T01:00:00Z,62147.2
2026-06-16T02:00:00Z,63539.2
2026-06-16T03:00:00Z,67330.7
2026-06-16T04:00:00Z,68900.5
2026-06-16T05:00:00Z,73315.7
2026-06-16T06:00:00Z,76972.2
2026-06-16T07:00:00Z,81092.7
2026-06-16T08:00:00Z,86860.7
2026-06-16T09:00:00Z,86548.3
2026-06-16T10:00:00Z,89813.1
2026-06-16T11:00:00Z,89033.3
2026-06-16T12:00:00Z,93944.0
2026-06-16T13:00:00Z,92811.3
2026-06-16T14:00:00Z,91012.8
2026-06-16T15:00:00Z,87628.7
2026-06-16T16:00:00Z,84382.7
2026-06-16T17:00:00Z,81836.5
2026-06-16T18:00:00Z,76443.4
2026-06-16T19:00:00Z,70582.1
2026-06-16T20:00:00Z,66427.7
2026-06-16T21:00:00Z,65050.3
2026-06-16T22:00:00Z,61027.7
2026-06-16T23:00:00Z,61085.5
2026-06-17T00:00:00Z,62323.7
2026-06-17T01:00:00Z,61111.7
2026-06-17T02:00:00Z,64216.4
2026-06-17T03:00:00Z,62711.0
2026-06-17T04:00:00Z,67405.9
2026-06-17T05:00:00Z,74644.3
2026-06-17T06:00:00Z,77339.4
2026-06-17T07:00:00Z,81445.6
2026-06-17T08:00:00Z,83229.2
2026-06-17T09:00:00Z,88084.3
2026-06-17T10:00:00Z,92181.5
2026-06-17T11:00:00Z,93130.9
2026-06-17T12:00:00Z,93081.3
2026-06-17T13:00:00Z,91587.9
2026-06-17T14:00:00Z,88196.3
2026-06-17T15:00:00Z,87193.9
2026-06-17T16:00:00Z,84057.3
2026-06-17T17:00:00Z,81170.6
2026-06-17T18:00:00Z,76369.7
2026-06-17T19:00:00Z,72800.1
2026-06-17T20:00:00Z,68366.3
2026-06-17T21:00:00Z,64728.6
2026-06-17T22:00:00Z,63177.4
2026-06-17T23:00:00Z,59705.9
2026-06-18T00:00:00Z,59110.4
2026-06-18T01:00:00Z,61784.0
2026-06-18T02:00:00Z,64904.4
2026-06-18T03:00:00Z,64507.1
2026-06-18T04:00:00Z,70086.5
2026-06-18T05:00:00Z,75443.7
2026-06-18T06:00:00Z,76163.4
2026-06-18T07:00:00Z,78987.3
2026-06-18T08:00:00Z,84062.1
2026-06-18T09:00:00Z,88618.9
2026-06-18T10:00:00Z,91265.7
2026-06-18T11:00:00Z,92343.5
2026-06-18T12:00:00Z,91973.1
2026-06-18T13:00:00Z,92810.7
2026-06-18T14:00:00Z,89677.6
2026-06-18T15:00:00Z,88064.1
2026-06-18T16:00:00Z,85076.1
2026-06-18T17:00:00Z,83527.2
2026-06-18T18:00:00Z,76864.4
2026-06-18T19:00:00Z,72944.6
2026-06-18T20:00:00Z,69760.8
2026-06-18T21:00:00Z,68193.4
2026-06-18T22:00:00Z,62328.1
2026-06-18T23:00:00Z,63523.7
2026-06-19T00:00:00Z,60816.5
2026-06-19T01:00:00Z,60884.3
2026-06-19T02:00:00Z,63405.8
2026-06-19T03:00:00Z,64182.6
2026-06-19T04:00:00Z,68099.4
2026-06-19T05:00:00Z,73471.1
2026-06-19T06:00:00Z,77423.6
2026-06-19T07:00:00Z,81450.8
2026-06-19T08:00:00Z,87106.1
2026-06-19T09:00:00Z,85690.1
2026-06-19T10:00:00Z,90862.8
2026-06-19T11:00:00Z,93286.6
2026-06-19T12:00:00Z,93963.3
2026-06-19T13:00:00Z,91616.6
2026-06-19T14:00:00Z,91641.3
2026-06-19T15:00:00Z,87051.4
2026-06-19T16:00:00Z,84867.1
2026-06-19T17:00:00Z,82728.9
2026-06-19T18:00:00Z,77125.5
2026-06-19T19:00:00Z,73452.7
2026-06-19T20:00:00Z,71255.5
2026-06-19T21:00:00Z,64558.2
2026-06-19T22:00:00Z,63926.5
2026-06-19T23:00:00Z,62163.4
2026-06-20T00:00:00Z,57177.6
2026-06-20T01:00:00Z,57297.3
2026-06-20T02:00:00Z,59543.7
2026-06-20T03:00:00Z,61923.9
2026-06-20T04:00:00Z,66462.6
2026-06-20T05:00:00Z,68751.7
2026-06-20T06:00:00Z,75014.0
2026-06-20T07:00:00Z,77006.8
2026-06-20T08:00:00Z,82047.8
2026-06-20T09:00:00Z,85452.1
2026-06-20T10:00:00Z,86431.0
2026-06-20T11:00:00Z,89369.4
2026-06-20T12:00:00Z,87365.1
2026-06-20T13:00:00Z,87354.6
2026-06-20T14:00:00Z,86384.9
2026-06-20T15:00:00Z,85721.0
2026-06-20T16:00:00Z,80737.0
2026-06-20T17:00:00Z,75890.6
2026-06-20T18:00:00Z,73931.6
2026-06-20T19:00:00Z,69802.4
2026-06-20T20:00:00Z,64827.0
2026-06-20T21:00:00Z,62158.0
2026-06-20T22:00:00Z,58997.6
2026-06-20T23:00:00Z,59735.2
2026-06-21T00:00:00Z,58259.1
2026-06-21T01:00:00Z,58750.8
2026-06-21T02:00:00Z,59052.3
2026-06-21T03:00:00Z,63939.5
2026-06-21T04:00:00Z,65351.4
2026-06-21T05:00:00Z,66724.4
2026-06-21T06:00:00Z,75736.8
2026-06-21T07:00:00Z,78844.5
2026-06-21T08:00:00Z,81341.7
2026-06-21T09:00:00Z,80804.7
2026-06-21T10:00:00Z,88488.0
2026-06-21T11:00:00Z,87205.7
2026-06-21T12:00:00Z,86391.0
2026-06-21T13:00:00Z,84449.2
2026-06-21T14:00:00Z,89185.6
2026-06-21T15:00:00Z,85677.4
2026-06-21T16:00:00Z,83118.5
2026-06-21T17:00:00Z,76688.5
2026-06-21T18:00:00Z,75711.2
2026-06-21T19:00:00Z,70739.2
2026-06-21T20:00:00Z,65467.9
2026-06-21T21:00:00Z,61029.4
2026-06-21T22:00:00Z,61556.7
2026-06-21T23:00:00Z,59105.5
2026-06-22T00:00:00Z,63303.4
2026-06-22T01:00:00Z,62511.4
2026-06-22T02:00:00Z,64521.2
2026-06-22T03:00:00Z,67033.3
2026-06-22T04:00:00Z,69950.5
2026-06-22T05:00:00Z,75160.3
2026-06-22T06:00:00Z,79066.9
2026-06-22T07:00:00Z,79305.9
2026-06-22T08:00:00Z,85928.7
2026-06-22T09:00:00Z,89333.0
2026-06-22T10:00:00Z,92111.5
2026-06-22T11:00:00Z,94440.1
2026-06-22T12:00:00Z,93975.3
2026-06-22T13:00:00Z,92638.6
2026-06-22T14:00:00Z,91818.7
2026-06-22T15:00:00Z,88267.2
2026-06-22T16:00:00Z,85002.4
2026-06-22T17:00:00Z,81222.9
2026-06-22T18:00:00Z,76584.6
2026-06-22T19:00:00Z,76623.4
2026-06-22T20:00:00Z,72896.0
2026-06-22T21:00:00Z,69592.0
2026-06-22T22:00:00Z,67210.5
2026-06-22T23:00:00Z,62829.6
2026-06-23T00:00:00Z,60695.7
2026-06-23T01:00:00Z,62242.7
2026-06-23T02:00:00Z,62799.7
2026-06-23T03:00:00Z,68538.8
2026-06-23T04:00:00Z,70954.5
2026-06-23T05:00:00Z,75284.1
2026-06-23T06:00:00Z,78243.9
2026-06-23T07:00:00Z,80557.3
2026-06-23T08:00:00Z,84974.0
2026-06-23T09:00:00Z,88913.5
2026-06-23T10:00:00Z,92587.1
2026-06-23T11:00:00Z,92172.7
2026-06-23T12:00:00Z,93393.6
2026-06-23T13:00:00Z,96037.8
2026-06-23T14:00:00Z,94430.4
2026-06-23T15:00:00Z,89943.6
2026-06-23T16:00:00Z,88317.4
2026-06-23T17:00:00Z,81860.2
2026-06-23T18:00:00Z,74532.0
2026-06-23T19:00:00Z,76040.8
2026-06-23T20:00:00Z,70680.3
2026-06-23T21:00:00Z,68199.5
2026-06-23T22:00:00Z,64199.0
2026-06-23T23:00:00Z,63400.6
2026-06-24T00:00:00Z,63167.1
2026-06-24T01:00:00Z,62341.1
2026-06-24T02:00:00Z,64012.9
2026-06-24T03:00:00Z,66040.3
2026-06-24T04:00:00Z,71433.2
2026-06-24T05:00:00Z,72523.7
2026-06-24T06:00:00Z,80465.5
2026-06-24T07:00:00Z,83959.5
2026-06-24T08:00:00Z,84499.7
2026-06-24T09:00:00Z,89175.8
2026-06-24T10:00:00Z,91802.9
2026-06-24T11:00:00Z,95541.4
2026-06-24T12:00:00Z,94213.2
2026-06-24T13:00:00Z,92552.6
2026-06-24T14:00:00Z,92623.6
2026-06-24T15:00:00Z,91084.2
2026-06-24T16:00:00Z,86378.1
2026-06-24T17:00:00Z,82661.4
2026-06-24T18:00:00Z,79111.5
2026-06-24T19:00:00Z,77817.7
2026-06-24T20:00:00Z,69853.7
2026-06-24T21:00:00Z,69533.7
2026-06-24T22:00:00Z,64681.5
2026-06-24T23:00:00Z,63476.6
2026-06-25T00:00:00Z,64885.6
2026-06-25T01:00:00Z,65798.7
2026-06-25T02:00:00Z,66510.2
2026-06-25T03:00:00Z,68251.5
2026-06-25T04:00:00Z,68932.1
2026-06-25T05:00:00Z,76682.0
2026-06-25T06:00:00Z,79282.5
2026-06-25T07:00:00Z,82951.6
2026-06-25T08:00:00Z,85967.8
2026-06-25T09:00:00Z,91488.3
2026-06-25T10:00:00Z,92562.0
2026-06-25T11:00:00Z,93375.6
2026-06-25T12:00:00Z,95231.3
2026-06-25T13:00:00Z,94024.5
2026-06-25T14:00:00Z,93958.1
2026-06-25T15:00:00Z,90321.5
2026-06-25T16:00:00Z,87843.1
2026-06-25T17:00:00Z,84373.3
2026-06-25T18:00:00Z,79731.9
2026-06-25T19:00:00Z,74369.1
2026-06-25T20:00:00Z,71230.6
2026-06-25T21:00:00Z,67125.7
2026-06-25T22:00:00Z,65799.4
2026-06-25T23:00:00Z,64678.5
2026-06-26T00:00:00Z,63615.6
2026-06-26T01:00:00Z,63736.7
2026-06-26T02:00:00Z,65305.5
2026-06-26T03:00:00Z,68337.4
2026-06-26T04:00:00Z,70772.7
2026-06-26T05:00:00Z,75088.0
2026-06-26T06:00:00Z,78873.1
2026-06-26T07:00:00Z,84213.9
2026-06-26T08:00:00Z,86858.5
2026-06-26T09:00:00Z,92665.0
2026-06-26T10:00:00Z,92739.0
2026-06-26T11:00:00Z,94480.1
2026-06-26T12:00:00Z,94139.6
2026-06-26T13:00:00Z,92907.3
2026-06-26T14:00:00Z,90831.2
2026-06-26T15:00:00Z,90389.5
2026-06-26T16:00:00Z,87813.5
2026-06-26T17:00:00Z,84364.6
2026-06-26T18:00:00Z,80664.9
2026-06-26T19:00:00Z,74873.4
2026-06-26T20:00:00Z,70066.1
2026-06-26T21:00:00Z,67316.8
2026-06-26T22:00:00Z,68601.9
2026-06-26T23:00:00Z,63827.0
2026-06-27T00:00:00Z,60760.4
2026-06-27T01:00:00Z,59234.8
2026-06-27T02:00:00Z,60952.2
2026-06-27T03:00:00Z,65768.7
2026-06-27T04:00:00Z,67824.2
2026-06-27T05:00:00Z,71170.7
2026-06-27T06:00:00Z,76101.1
2026-06-27T07:00:00Z,81285.6
2026-06-27T08:00:00Z,85161.6
2026-06-27T09:00:00Z,87066.6
2026-06-27T10:00:00Z,89953.9
2026-06-27T11:00:00Z,92162.9
2026-06-27T12:00:00Z,90832.4
2026-06-27T13:00:00Z,90914.5
2026-06-27T14:00:00Z,88000.2
2026-06-27T15:00:00Z,87335.1
2026-06-27T16:00:00Z,84122.2
2026-06-27T17:00:00Z,79830.7
2026-06-27T18:00:00Z,76766.0
2026-06-27T19:00:00Z,71670.9
2026-06-27T20:00:00Z,67961.3
2026-06-27T21:00:00Z,64271.0
2026-06-27T22:00:00Z,61607.8
2026-06-27T23:00:00Z,62134.6
2026-06-28T00:00:00Z,60028.7
2026-06-28T01:00:00Z,62109.5
2026-06-28T02:00:00Z,64644.9
2026-06-28T03:00:00Z,64161.5
2026-06-28T04:00:00Z,69365.4
2026-06-28T05:00:00Z,71614.3
2026-06-28T06:00:00Z,77629.8
2026-06-28T07:00:00Z,80850.2
2026-06-28T08:00:00Z,84736.1
2026-06-28T09:00:00Z,86871.3
2026-06-28T10:00:00Z,87420.8
2026-06-28T11:00:00Z,92100.6
2026-06-28T12:00:00Z,92361.7
2026-06-28T13:00:00Z,89600.4
2026-06-28T14:00:00Z,87327.3
2026-06-28T15:00:00Z,83972.1
2026-06-28T16:00:00Z,81623.9
2026-06-28T17:00:00Z,78658.6
2026-06-28T18:00:00Z,74523.6
2026-06-28T19:00:00Z,71913.9
2026-06-28T20:00:00Z,65737.7
2026-06-28T21:00:00Z,62186.7
2026-06-28T22:00:00Z,62127.3
2026-06-28T23:00:00Z,59312.5
2026-06-29T00:00:00Z,65059.3
2026-06-29T01:00:00Z,65542.5
2026-06-29T02:00:00Z,66422.7
2026-06-29T03:00:00Z,69227.3
2026-06-29T04:00:00Z,71999.5
2026-06-29T05:00:00Z,75757.6
2026-06-29T06:00:00Z,79417.7
2026-06-29T07:00:00Z,84688.6
2026-06-29T08:00:00Z,86785.5
2026-06-29T09:00:00Z,92568.8
2026-06-29T10:00:00Z,95743.6
2026-06-29T11:00:00Z,96173.4
2026-06-29T12:00:00Z,93594.3
2026-06-29T13:00:00Z,95685.5
2026-06-29T14:00:00Z,93568.7
2026-06-29T15:00:00Z,89723.8
2026-06-29T16:00:00Z,88492.6
2026-06-29T17:00:00Z,85613.7
2026-06-29T18:00:00Z,79495.6
2026-06-29T19:00:00Z,74368.8
2026-06-29T20:00:00Z,72040.1
2026-06-29T21:00:00Z,71389.5
2026-06-29T22:00:00Z,65611.5
2026-06-29T23:00:00Z,62307.4
2026-06-30T00:00:00Z,65320.5
2026-06-30T01:00:00Z,64183.6
2026-06-30T02:00:00Z,67541.6
2026-06-30T03:00:00Z,69302.2
2026-06-30T04:00:00Z,74182.7
2026-06-30T05:00:00Z,76195.0
2026-06-30T06:00:00Z,81901.1
2026-06-30T07:00:00Z,84745.0
2026-06-30T08:00:00Z,89472.1
2026-06-30T09:00:00Z,88806.0
2026-06-30T10:00:00Z,92968.0
2026-06-30T11:00:00Z,97950.6
2026-06-30T12:00:00Z,95611.9
2026-06-30T13:00:00Z,93514.2
2026-06-30T14:00:00Z,94708.3
2026-06-30T15:00:00Z,90803.3
2026-06-30T16:00:00Z,87429.5
2026-06-30T17:00:00Z,83842.1
2026-06-30T18:00:00Z,79450.0
2026-06-30T19:00:00Z,75073.6
2026-06-30T20:00:00Z,73011.6
2026-06-30T21:00:00Z,70781.0
2026-06-30T22:00:00Z,70861.5
2026-06-30T23:00:00Z,64932.8
2026-07-01T00:00:00Z,65914.7
2026-07-01T01:00:00Z,68538.8
2026-07-01T02:00:00Z,66541.5
2026-07-01T03:00:00Z,70673.0
2026-07-01T04:00:00Z,72032.1
2026-07-01T05:00:00Z,79836.8
2026-07-01T06:00:00Z,78790.5
2026-07-01T07:00:00Z,87507.0
2026-07-01T08:00:00Z,87502.8
2026-07-01T09:00:00Z,92163.1
2026-07-01T10:00:00Z,94347.5
2026-07-01T11:00:00Z,96591.5
2026-07-01T12:00:00Z,97245.6
2026-07-01T13:00:00Z,94849.1
2026-07-01T14:00:00Z,95104.7
2026-07-01T15:00:00Z,91954.8
2026-07-01T16:00:00Z,88750.9
2026-07-01T17:00:00Z,85947.1
2026-07-01T18:00:00Z,80867.1
2026-07-01T19:00:00Z,77044.9
2026-07-01T20:00:00Z,73226.4
2026-07-01T21:00:00Z,73514.9
2026-07-01T22:00:00Z,69188.4
2026-07-01T23:00:00Z,65141.7
2026-07-02T00:00:00Z,63962.4
2026-07-02T01:00:00Z,67289.0
2026-07-02T02:00:00Z,68475.6
2026-07-02T03:00:00Z,68966.2
2026-07-02T04:00:00Z,76409.2
2026-07-02T05:00:00Z,76875.4
2026-07-02T06:00:00Z,81730.4
2026-07-02T07:00:00Z,85064.1
2026-07-02T08:00:00Z,89537.9
2026-07-02T09:00:00Z,94475.7
2026-07-02T10:00:00Z,93095.0
2026-07-02T11:00:00Z,92918.3
2026-07-02T12:00:00Z,95095.5
2026-07-02T13:00:00Z,94298.4
2026-07-02T14:00:00Z,95844.6
2026-07-02T15:00:00Z,90742.5
2026-07-02T16:00:00Z,88103.8
2026-07-02T17:00:00Z,85154.9
2026-07-02T18:00:00Z,82481.5
2026-07-02T19:00:00Z,78517.4
2026-07-02T20:00:00Z,73202.6
2026-07-02T21:00:00Z,71266.5
2026-07-02T22:00:00Z,67443.9
2026-07-02T23:00:00Z,67637.4
2026-07-03T00:00:00Z,65509.8
2026-07-03T01:00:00Z,62941.2
2026-07-03T02:00:00Z,66994.6
2026-07-03T03:00:00Z,68879.0
2026-07-03T04:00:00Z,74332.1
2026-07-03T05:00:00Z,79663.0
2026-07-03T06:00:00Z,81605.8
2026-07-03T07:00:00Z,84078.3
2026-07-03T08:00:00Z,91838.8
2026-07-03T09:00:00Z,92328.2
2026-07-03T10:00:00Z,96166.6
2026-07-03T11:00:00Z,96704.3
2026-07-03T12:00:00Z,95725.9
2026-07-03T13:00:00Z,96486.1
2026-07-03T14:00:00Z,94776.3
2026-07-03T15:00:00Z,93206.8
2026-07-03T16:00:00Z,88703.8
2026-07-03T17:00:00Z,85889.8
2026-07-03T18:00:00Z,81542.0
2026-07-03T19:00:00Z,76759.4
2026-07-03T20:00:00Z,74091.2
2026-07-03T21:00:00Z,71178.4
2026-07-03T22:00:00Z,66069.9
2026-07-03T23:00:00Z,64896.5
2026-07-04T00:00:00Z,61835.5
2026-07-04T01:00:00Z,65953.4
2026-07-04T02:00:00Z,64778.8
2026-07-04T03:00:00Z,64803.4
2026-07-04T04:00:00Z,69512.9
2026-07-04T05:00:00Z,73175.2
2026-07-04T06:00:00Z,79565.5
2026-07-04T07:00:00Z,80330.5
2026-07-04T08:00:00Z,86707.2
2026-07-04T09:00:00Z,87135.7
2026-07-04T10:00:00Z,92350.4
2026-07-04T11:00:00Z,93844.1
2026-07-04T12:00:00Z,93238.5
2026-07-04T13:00:00Z,92163.7
2026-07-04T14:00:00Z,88917.1
2026-07-04T15:00:00Z,89450.6
2026-07-04T16:00:00Z,87023.5
2026-07-04T17:00:00Z,82152.7
2026-07-04T18:00:00Z,78083.6
2026-07-04T19:00:00Z,71904.6
2026-07-04T20:00:00Z,70491.4
2026-07-04T21:00:00Z,67221.7
2026-07-04T22:00:00Z,63814.8
2026-07-04T23:00:00Z,63053.6
2026-07-05T00:00:00Z,62202.7
2026-07-05T01:00:00Z,61617.1
2026-07-05T02:00:00Z,63027.4
2026-07-05T03:00:00Z,66693.9
2026-07-05T04:00:00Z,65543.7
2026-07-05T05:00:00Z,71860.7
2026-07-05T06:00:00Z,77893.9
2026-07-05T07:00:00Z,81900.5
2026-07-05T08:00:00Z,83738.2
2026-07-05T09:00:00Z,89220.3
2026-07-05T10:00:00Z,91992.0
2026-07-05T11:00:00Z,93909.3
2026-07-05T12:00:00Z,93888.9
2026-07-05T13:00:00Z,92856.8
2026-07-05T14:00:00Z,90667.1
2026-07-05T15:00:00Z,89720.7
2026-07-05T16:00:00Z,86426.6
2026-07-05T17:00:00Z,82340.1
2026-07-05T18:00:00Z,78270.5
2026-07-05T19:00:00Z,76525.8
2026-07-05T20:00:00Z,70249.6
2026-07-05T21:00:00Z,65817.0
2026-07-05T22:00:00Z,64138.5
2026-07-05T23:00:00Z,60658.9
2026-07-06T00:00:00Z,66512.7
2026-07-06T01:00:00Z,67705.0
2026-07-06T02:00:00Z,67633.3
2026-07-06T03:00:00Z,71920.9
2026-07-06T04:00:00Z,72349.3
2026-07-06T05:00:00Z,77382.4
2026-07-06T06:00:00Z,81849.1
2026-07-06T07:00:00Z,87425.2
2026-07-06T08:00:00Z,90739.9
2026-07-06T09:00:00Z,93866.7
2026-07-06T10:00:00Z,96250.0
2026-07-06T11:00:00Z,98275.9
2026-07-06T12:00:00Z,98051.4
2026-07-06T13:00:00Z,96289.9
2026-07-06T14:00:00Z,97615.8
2026-07-06T15:00:00Z,91455.3
2026-07-06T16:00:00Z,90185.1
2026-07-06T17:00:00Z,86798.3
2026-07-06T18:00:00Z,84991.4
2026-07-06T19:00:00Z,80525.3
2026-07-06T20:00:00Z,74616.3
2026-07-06T21:00:00Z,72404.4
2026-07-06T22:00:00Z,69886.0
2026-07-06T23:00:00Z,69181.4
2026-07-07T00:00:00Z,66958.8
2026-07-07T01:00:00Z,69184.4
2026-07-07T02:00:00Z,68725.8
2026-07-07T03:00:00Z,72144.5
2026-07-07T04:00:00Z,76511.5
2026-07-07T05:00:00Z,77072.5
2026-07-07T06:00:00Z,82566.3
2026-07-07T07:00:00Z,86355.1
2026-07-07T08:00:00Z,91020.6
2026-07-07T09:00:00Z,93087.3
2026-07-07T10:00:00Z,97645.7
2026-07-07T11:00:00Z,96545.1
2026-07-07T12:00:00Z,98735.7
2026-07-07T13:00:00Z,96358.0
2026-07-07T14:00:00Z,94917.0
2026-07-07T15:00:00Z,93895.0
2026-07-07T16:00:00Z,90739.7
2026-07-07T17:00:00Z,86656.4
2026-07-07T18:00:00Z,83945.8
2026-07-07T19:00:00Z,75765.9
2026-07-07T20:00:00Z,74060.7
2026-07-07T21:00:00Z,71063.2
2026-07-07T22:00:00Z,70502.4
2026-07-07T23:00:00Z,66631.5
2026-07-08T00:00:00Z,68440.1
2026-07-08T01:00:00Z,64929.3
2026-07-08T02:00:00Z,68486.8
2026-07-08T03:00:00Z,69539.7
2026-07-08T04:00:00Z,76070.0
2026-07-08T05:00:00Z,77126.4
2026-07-08T06:00:00Z,84405.1
2026-07-08T07:00:00Z,87204.0
2026-07-08T08:00:00Z,88944.7
2026-07-08T09:00:00Z,92728.0
2026-07-08T10:00:00Z,96944.7
2026-07-08T11:00:00Z,99536.2
2026-07-08T12:00:00Z,97063.0
2026-07-08T13:00:00Z,98554.3
2026-07-08T14:00:00Z,95953.7
2026-07-08T15:00:00Z,92265.4
2026-07-08T16:00:00Z,90261.5
2026-07-08T17:00:00Z,86676.4
2026-07-08T18:00:00Z,84134.9
2026-07-08T19:00:00Z,79784.4
2026-07-08T20:00:00Z,74492.4
2026-07-08T21:00:00Z,73470.1
2026-07-08T22:00:00Z,69770.6
2026-07-08T23:00:00Z,66024.5
2026-07-09T00:00:00Z,68232.4
2026-07-09T01:00:00Z,69856.1
2026-07-09T02:00:00Z,70630.2
2026-07-09T03:00:00Z,74059.8
2026-07-09T04:00:00Z,74056.3
2026-07-09T05:00:00Z,78572.2
2026-07-09T06:00:00Z,84003.5
2026-07-09T07:00:00Z,88564.6
2026-07-09T08:00:00Z,91451.6
2026-07-09T09:00:00Z,96227.1
2026-07-09T10:00:00Z,95961.8
2026-07-09T11:00:00Z,99194.2
2026-07-09T12:00:00Z,100433.1
2026-07-09T13:00:00Z,98950.5
2026-07-09T14:00:00Z,95749.2
2026-07-09T15:00:00Z,91765.0
2026-07-09T16:00:00Z,89442.6
2026-07-09T17:00:00Z,86350.7
2026-07-09T18:00:00Z,84049.6
2026-07-09T19:00:00Z,81673.3
2026-07-09T20:00:00Z,77556.8
2026-07-09T21:00:00Z,72539.8
2026-07-09T22:00:00Z,70185.8
2026-07-09T23:00:00Z,69473.5
2026-07-10T00:00:00Z,68879.9
2026-07-10T01:00:00Z,68045.9
2026-07-10T02:00:00Z,71215.1
2026-07-10T03:00:00Z,73357.1
2026-07-10T04:00:00Z,75248.6
2026-07-10T05:00:00Z,81487.3
2026-07-10T06:00:00Z,82374.9
2026-07-10T07:00:00Z,85210.6
2026-07-10T08:00:00Z,91363.2
2026-07-10T09:00:00Z,92620.6
2026-07-10T10:00:00Z,97798.9
2026-07-10T11:00:00Z,97608.9
2026-07-10T12:00:00Z,98286.7
2026-07-10T13:00:00Z,98071.2
2026-07-10T14:00:00Z,96779.9
2026-07-10T15:00:00Z,96200.7
2026-07-10T16:00:00Z,89647.9
2026-07-10T17:00:00Z,86169.2
2026-07-10T18:00:00Z,84401.3
2026-07-10T19:00:00Z,80600.7
2026-07-10T20:00:00Z,76565.5
2026-07-10T21:00:00Z,73370.7
2026-07-10T22:00:00Z,70253.0
2026-07-10T23:00:00Z,69389.3
2026-07-11T00:00:00Z,64794.8
2026-07-11T01:00:00Z,63283.7
2026-07-11T02:00:00Z,68297.3
2026-07-11T03:00:00Z,68573.8
2026-07-11T04:00:00Z,71120.6
2026-07-11T05:00:00Z,74547.6
2026-07-11T06:00:00Z,80546.5
2026-07-11T07:00:00Z,82183.9
2026-07-11T08:00:00Z,87199.5
2026-07-11T09:00:00Z,90301.8
2026-07-11T10:00:00Z,95064.1
2026-07-11T11:00:00Z,95768.9
2026-07-11T12:00:00Z,95653.5
2026-07-11T13:00:00Z,99524.8
2026-07-11T14:00:00Z,93369.3
2026-07-11T15:00:00Z,89528.8
2026-07-11T16:00:00Z,85994.7
2026-07-11T17:00:00Z,83683.3
2026-07-11T18:00:00Z,79425.6
2026-07-11T19:00:00Z,75762.4
2026-07-11T20:00:00Z,71899.6
2026-07-11T21:00:00Z,71502.4
2026-07-11T22:00:00Z,65415.8
2026-07-11T23:00:00Z,66372.1
2026-07-12T00:00:00Z,63674.0
2026-07-12T01:00:00Z,64138.9
2026-07-12T02:00:00Z,67084.4
2026-07-12T03:00:00Z,70076.1
2026-07-12T04:00:00Z,69903.9
2026-07-12T05:00:00Z,79398.7
2026-07-12T06:00:00Z,81310.6
2026-07-12T07:00:00Z,84359.7
2026-07-12T08:00:00Z,90282.3
2026-07-12T09:00:00Z,92856.9
2026-07-12T10:00:00Z,93707.0
2026-07-12T11:00:00Z,92705.8
2026-07-12T12:00:00Z,95090.3
2026-07-12T13:00:00Z,95889.6
2026-07-12T14:00:00Z,96430.4
2026-07-12T15:00:00Z,89374.6
2026-07-12T16:00:00Z,88932.9
2026-07-12T17:00:00Z,84043.1
2026-07-12T18:00:00Z,80399.9
2026-07-12T19:00:00Z,77969.0
2026-07-12T20:00:00Z,73418.5
2026-07-12T21:00:00Z,68024.9
2026-07-12T22:00:00Z,67230.5
2026-07-12T23:00:00Z,64485.9
2026-07-13T00:00:00Z,67560.9
2026-07-13T01:00:00Z,70217.4
2026-07-13T02:00:00Z,69181.9
2026-07-13T03:00:00Z,70467.2
2026-07-13T04:00:00Z,78034.2
2026-07-13T05:00:00Z,78907.3
2026-07-13T06:00:00Z,83593.8
2026-07-13T07:00:00Z,86746.0
2026-07-13T08:00:00Z,92215.5
2026-07-13T09:00:00Z,95455.8
2026-07-13T10:00:00Z,96088.0
2026-07-13T11:00:00Z,99816.3
2026-07-13T12:00:00Z,99300.3
2026-07-13T13:00:00Z,100082.1
2026-07-13T14:00:00Z,98030.8
2026-07-13T15:00:00Z,96619.0
2026-07-13T16:00:00Z,94191.3
2026-07-13T17:00:00Z,89315.7
2026-07-13T18:00:00Z,84693.1
2026-07-13T19:00:00Z,80866.8
2026-07-13T20:00:00Z,76574.0
2026-07-13T21:00:00Z,75978.0
2026-07-13T22:00:00Z,71150.9
2026-07-13T23:00:00Z,69394.4
2026-07-14T00:00:00Z,70336.8
2026-07-14T01:00:00Z,69520.8
2026-07-14T02:00:00Z,71833.2
2026-07-14T03:00:00Z,74015.6
2026-07-14T04:00:00Z,76018.8
2026-07-14T05:00:00Z,81022.0
2026-07-14T06:00:00Z,84698.0
2026-07-14T07:00:00Z,90310.4
2026-07-14T08:00:00Z,94983.3
2026-07-14T09:00:00Z,94815.2
2026-07-14T10:00:00Z,99299.3
2026-07-14T11:00:00Z,101277.8
2026-07-14T12:00:00Z,99699.9
2026-07-14T13:00:00Z,101634.8
2026-07-14T14:00:00Z,95124.8
2026-07-14T15:00:00Z,95087.9
2026-07-14T16:00:00Z,94113.7
2026-07-14T17:00:00Z,89266.5
2026-07-14T18:00:00Z,84686.1
2026-07-14T19:00:00Z,82300.6
2026-07-14T20:00:00Z,77911.9
2026-07-14T21:00:00Z,73075.6
2026-07-14T22:00:00Z,72494.6
2026-07-14T23:00:00Z,69630.0
2026-07-15T00:00:00Z,68778.6
2026-07-15T01:00:00Z,70034.1
2026-07-15T02:00:00Z,73080.9
2026-07-15T03:00:00Z,72933.7
2026-07-15T04:00:00Z,76949.6
2026-07-15T05:00:00Z,82044.0
2026-07-15T06:00:00Z,86267.4
2026-07-15T07:00:00Z,89906.8
2026-07-15T08:00:00Z,91069.0
2026-07-15T09:00:00Z,95723.7
2026-07-15T10:00:00Z,99979.2
2026-07-15T11:00:00Z,100269.6
2026-07-15T12:00:00Z,100407.9
2026-07-15T13:00:00Z,100390.4
2026-07-15T14:00:00Z,97501.6
2026-07-15T15:00:00Z,95988.6
2026-07-15T16:00:00Z,94713.4
2026-07-15T17:00:00Z,86922.2
2026-07-15T18:00:00Z,85105.9
2026-07-15T19:00:00Z,79919.9
2026-07-15T20:00:00Z,79290.0
2026-07-15T21:00:00Z,75353.5
2026-07-15T22:00:00Z,70751.4
2026-07-15T23:00:00Z,69687.3
2026-07-16T00:00:00Z,68584.5
2026-07-16T01:00:00Z,68803.1
2026-07-16T02:00:00Z,74155.4
2026-07-16T03:00:00Z,75005.5
2026-07-16T04:00:00Z,77463.1
2026-07-16T05:00:00Z,81186.7
2026-07-16T06:00:00Z,84919.1
2026-07-16T07:00:00Z,89855.9
2026-07-16T08:00:00Z,93750.3
2026-07-16T09:00:00Z,96230.3
2026-07-16T10:00:00Z,99876.7
2026-07-16T11:00:00Z,102762.5
2026-07-16T12:00:00Z,101348.5
2026-07-16T13:00:00Z,101329.0
2026-07-16T14:00:00Z,97926.3
2026-07-16T15:00:00Z,94933.6
2026-07-16T16:00:00Z,94186.7
2026-07-16T17:00:00Z,90944.2
2026-07-16T18:00:00Z,86664.9
2026-07-16T19:00:00Z,82445.0
2026-07-16T20:00:00Z,76124.7
2026-07-16T21:00:00Z,75494.3
2026-07-16T22:00:00Z,73827.6
2026-07-16T23:00:00Z,72119.5
2026-07-17T00:00:00Z,70138.7
2026-07-17T01:00:00Z,69784.0
2026-07-17T02:00:00Z,70057.7
2026-07-17T03:00:00Z,77279.2
2026-07-17T04:00:00Z,78069.9
2026-07-17T05:00:00Z,82067.4
2026-07-17T06:00:00Z,84890.6
2026-07-17T07:00:00Z,89382.3
2026-07-17T08:00:00Z,92387.1
2026-07-17T09:00:00Z,98732.7
2026-07-17T10:00:00Z,98807.7
2026-07-17T11:00:00Z,99814.2
2026-07-17T12:00:00Z,102511.9
2026-07-17T13:00:00Z,101033.3
2026-07-17T14:00:00Z,100081.2
2026-07-17T15:00:00Z,96904.9
2026-07-17T16:00:00Z,94058.2
2026-07-17T17:00:00Z,88570.6
2026-07-17T18:00:00Z,86674.5
2026-07-17T19:00:00Z,79176.2
2026-07-17T20:00:00Z,80530.9
2026-07-17T21:00:00Z,71964.7
2026-07-17T22:00:00Z,72195.2
2026-07-17T23:00:00Z,70462.8
2026-07-18T00:00:00Z,65864.3
2026-07-18T01:00:00Z,66570.5
2026-07-18T02:00:00Z,69406.3
2026-07-18T03:00:00Z,71686.6
2026-07-18T04:00:00Z,73169.3
2026-07-18T05:00:00Z,78297.5
2026-07-18T06:00:00Z,84464.3
2026-07-18T07:00:00Z,84748.4
2026-07-18T08:00:00Z,89987.6
2026-07-18T09:00:00Z,92750.0
2026-07-18T10:00:00Z,94903.4
2026-07-18T11:00:00Z,99105.7
2026-07-18T12:00:00Z,98290.6
2026-07-18T13:00:00Z,95696.4
2026-07-18T14:00:00Z,95640.7
2026-07-18T15:00:00Z,93304.6
2026-07-18T16:00:00Z,90098.2
2026-07-18T17:00:00Z,86289.2
2026-07-18T18:00:00Z,81308.0
2026-07-18T19:00:00Z,78715.1
2026-07-18T20:00:00Z,74383.2
2026-07-18T21:00:00Z,71688.0
2026-07-18T22:00:00Z,68148.1
2026-07-18T23:00:00Z,68157.5
2026-07-19T00:00:00Z,66746.1
2026-07-19T01:00:00Z,66589.1
2026-07-19T02:00:00Z,70202.4
2026-07-19T03:00:00Z,71422.1
2026-07-19T04:00:00Z,74861.5
2026-07-19T05:00:00Z,79200.4
2026-07-19T06:00:00Z,84644.9
2026-07-19T07:00:00Z,86618.8
2026-07-19T08:00:00Z,91229.1
2026-07-19T09:00:00Z,93237.6
2026-07-19T10:00:00Z,92699.0
2026-07-19T11:00:00Z,97846.4
2026-07-19T12:00:00Z,97120.1
2026-07-19T13:00:00Z,96026.4
2026-07-19T14:00:00Z,95532.5
2026-07-19T15:00:00Z,94712.3
2026-07-19T16:00:00Z,89334.2
2026-07-19T17:00:00Z,86981.2
2026-07-19T18:00:00Z,82814.6
2026-07-19T19:00:00Z,79731.6
2026-07-19T20:00:00Z,72792.9
2026-07-19T21:00:00Z,70909.1
2026-07-19T22:00:00Z,69071.5
2026-07-19T23:00:00Z,66818.9
2026-07-20T00:00:00Z,70714.5
2026-07-20T01:00:00Z,72102.4
2026-07-20T02:00:00Z,72462.1
2026-07-20T03:00:00Z,75131.8
2026-07-20T04:00:00Z,78881.5
2026-07-20T05:00:00Z,83096.2
2026-07-20T06:00:00Z,88483.7
2026-07-20T07:00:00Z,89966.9
2026-07-20T08:00:00Z,94357.0
2026-07-20T09:00:00Z,96866.3
2026-07-20T10:00:00Z,102098.1
2026-07-20T11:00:00Z,104373.1
2026-07-20T12:00:00Z,101350.4
2026-07-20T13:00:00Z,103116.3
2026-07-20T14:00:00Z,99037.4
2026-07-20T15:00:00Z,98618.6
2026-07-20T16:00:00Z,95701.7
2026-07-20T17:00:00Z,91702.0
2026-07-20T18:00:00Z,85914.2
2026-07-20T19:00:00Z,81991.0
2026-07-20T20:00:00Z,79699.9
2026-07-20T21:00:00Z,76488.2
2026-07-20T22:00:00Z,70022.5
2026-07-20T23:00:00Z,71509.4
2026-07-21T00:00:00Z,71996.1
2026-07-21T01:00:00Z,72884.4
2026-07-21T02:00:00Z,72705.2
2026-07-21T03:00:00Z,77131.3
2026-07-21T04:00:00Z,80000.1
2026-07-21T05:00:00Z,83765.1
2026-07-21T06:00:00Z,89559.2
2026-07-21T07:00:00Z,89483.2
2026-07-21T08:00:00Z,94281.6
2026-07-21T09:00:00Z,99267.4
2026-07-21T10:00:00Z,99698.3
2026-07-21T11:00:00Z,103212.8
2026-07-21T12:00:00Z,103639.7
2026-07-21T13:00:00Z,100785.1
2026-07-21T14:00:00Z,100803.8
2026-07-21T15:00:00Z,99608.0
2026-07-21T16:00:00Z,94290.7
2026-07-21T17:00:00Z,92571.2
2026-07-21T18:00:00Z,86895.3
2026-07-21T19:00:00Z,83940.5
2026-07-21T20:00:00Z,81772.6
2026-07-21T21:00:00Z,76166.7
2026-07-21T22:00:00Z,73381.5
2026-07-21T23:00:00Z,69584.6
2026-07-22T00:00:00Z,71878.7
2026-07-22T01:00:00Z,70478.8
2026-07-22T02:00:00Z,74391.7
2026-07-22T03:00:00Z,74970.7
2026-07-22T04:00:00Z,78733.4
2026-07-22T05:00:00Z,84462.0
2026-07-22T06:00:00Z,87098.0
2026-07-22T07:00:00Z,90502.9
2026-07-22T08:00:00Z,95722.5
2026-07-22T09:00:00Z,98010.1
2026-07-22T10:00:00Z,101166.1
2026-07-22T11:00:00Z,102656.6
2026-07-22T12:00:00Z,101799.2
2026-07-22T13:00:00Z,103002.7
2026-07-22T14:00:00Z,103265.0
2026-07-22T15:00:00Z,97505.8
2026-07-22T16:00:00Z,96833.9
2026-07-22T17:00:00Z,91488.4
2026-07-22T18:00:00Z,88521.5
2026-07-22T19:00:00Z,82627.1
2026-07-22T20:00:00Z,79997.2
2026-07-22T21:00:00Z,75508.1
2026-07-22T22:00:00Z,74662.3
2026-07-22T23:00:00Z,70150.3
2026-07-23T00:00:00Z,73072.1
2026-07-23T01:00:00Z,75526.4
2026-07-23T02:00:00Z,77869.9
2026-07-23T03:00:00Z,76346.0
2026-07-23T04:00:00Z,81567.6
2026-07-23T05:00:00Z,81992.9
2026-07-23T06:00:00Z,89426.0
2026-07-23T07:00:00Z,92231.5
2026-07-23T08:00:00Z,96984.5
2026-07-23T09:00:00Z,99236.9
2026-07-23T10:00:00Z,103595.7
2026-07-23T11:00:00Z,103288.5
2026-07-23T12:00:00Z,102922.5
2026-07-23T13:00:00Z,100609.7
2026-07-23T14:00:00Z,103188.9
2026-07-23T15:00:00Z,99871.2
2026-07-23T16:00:00Z,98585.8
2026-07-23T17:00:00Z,92626.8
2026-07-23T18:00:00Z,88586.5
2026-07-23T19:00:00Z,83867.2
2026-07-23T20:00:00Z,79921.2
2026-07-23T21:00:00Z,75745.7
2026-07-23T22:00:00Z,73762.6
2026-07-23T23:00:00Z,72512.1
2026-07-24T00:00:00Z,70952.1
2026-07-24T01:00:00Z,72461.7
2026-07-24T02:00:00Z,74151.3
2026-07-24T03:00:00Z,79257.1
2026-07-24T04:00:00Z,80916.1
2026-07-24T05:00:00Z,81822.2
2026-07-24T06:00:00Z,85398.2
2026-07-24T07:00:00Z,92752.2
2026-07-24T08:00:00Z,97131.8
2026-07-24T09:00:00Z,98508.1
2026-07-24T10:00:00Z,99634.6
2026-07-24T11:00:00Z,103312.4
2026-07-24T12:00:00Z,104013.0
2026-07-24T13:00:00Z,104464.3
2026-07-24T14:00:00Z,102088.8
2026-07-24T15:00:00Z,98238.5
2026-07-24T16:00:00Z,98625.1
2026-07-24T17:00:00Z,88373.5
2026-07-24T18:00:00Z,86809.9
2026-07-24T19:00:00Z,85497.9
2026-07-24T20:00:00Z,79367.5
2026-07-24T21:00:00Z,76821.1
2026-07-24T22:00:00Z,74104.8
2026-07-24T23:00:00Z,71651.1
2026-07-25T00:00:00Z,67905.8
2026-07-25T01:00:00Z,70183.6
2026-07-25T02:00:00Z,68243.8
2026-07-25T03:00:00Z,73488.0
2026-07-25T04:00:00Z,76252.4
2026-07-25T05:00:00Z,79807.4
2026-07-25T06:00:00Z,84792.6
2026-07-25T07:00:00Z,89654.2
2026-07-25T08:00:00Z,90581.4
2026-07-25T09:00:00Z,95305.0
2026-07-25T10:00:00Z,97913.7
2026-07-25T11:00:00Z,96600.6
2026-07-25T12:00:00Z,100755.6
2026-07-25T13:00:00Z,98358.7
2026-07-25T14:00:00Z,96566.4
2026-07-25T15:00:00Z,97942.6
2026-07-25T16:00:00Z,93292.7
2026-07-25T17:00:00Z,89936.1
2026-07-25T18:00:00Z,83494.1
2026-07-25T19:00:00Z,80099.1
2026-07-25T20:00:00Z,75874.3
2026-07-25T21:00:00Z,74142.0
2026-07-25T22:00:00Z,68328.8
2026-07-25T23:00:00Z,69591.4
2026-07-26T00:00:00Z,68961.5
2026-07-26T01:00:00Z,70440.8
2026-07-26T02:00:00Z,72307.1
2026-07-26T03:00:00Z,73446.3
2026-07-26T04:00:00Z,75625.5
2026-07-26T05:00:00Z,80494.2
2026-07-26T06:00:00Z,83877.2
2026-07-26T07:00:00Z,87351.4
2026-07-26T08:00:00Z,94762.4
2026-07-26T09:00:00Z,93690.2
2026-07-26T10:00:00Z,98684.7
2026-07-26T11:00:00Z,100220.6
2026-07-26T12:00:00Z,99524.3
2026-07-26T13:00:00Z,100318.8
2026-07-26T14:00:00Z,97656.1
2026-07-26T15:00:00Z,95816.7
2026-07-26T16:00:00Z,91883.7
2026-07-26T17:00:00Z,88704.0
2026-07-26T18:00:00Z,85394.8
2026-07-26T19:00:00Z,83057.1
2026-07-26T20:00:00Z,75990.0
2026-07-26T21:00:00Z,72690.3
2026-07-26T22:00:00Z,72196.8
2026-07-26T23:00:00Z,68747.0
2026-07-27T00:00:00Z,73468.7
2026-07-27T01:00:00Z,75054.9
2026-07-27T02:00:00Z,76938.6
2026-07-27T03:00:00Z,77423.8
2026-07-27T04:00:00Z,81483.8
2026-07-27T05:00:00Z,86394.3
2026-07-27T06:00:00Z,89820.0
2026-07-27T07:00:00Z,91451.4
2026-07-27T08:00:00Z,98111.3
2026-07-27T09:00:00Z,101219.8
2026-07-27T10:00:00Z,101268.0
2026-07-27T11:00:00Z,101749.4
2026-07-27T12:00:00Z,105376.0
2026-07-27T13:00:00Z,105573.4
2026-07-27T14:00:00Z,104095.8
2026-07-27T15:00:00Z,101142.2
2026-07-27T16:00:00Z,97023.0
2026-07-27T17:00:00Z,94215.4
2026-07-27T18:00:00Z,89211.9
2026-07-27T19:00:00Z,86152.3
2026-07-27T20:00:00Z,80468.7
2026-07-27T21:00:00Z,78337.0
2026-07-27T22:00:00Z,76255.5
2026-07-27T23:00:00Z,70509.1
2026-07-28T00:00:00Z,73230.7
2026-07-28T01:00:00Z,74168.8
2026-07-28T02:00:00Z,73556.7
2026-07-28T03:00:00Z,78382.1
2026-07-28T04:00:00Z,80811.0
2026-07-28T05:00:00Z,86310.9
2026-07-28T06:00:00Z,91295.8
2026-07-28T07:00:00Z,93934.0
2026-07-28T08:00:00Z,97784.4
2026-07-28T09:00:00Z,100628.1
2026-07-28T10:00:00Z,104991.8
2026-07-28T11:00:00Z,105745.0
2026-07-28T12:00:00Z,102759.3
