timestamp,demand_mwh
2025-06-23T13:00:00Z,60591.5
2025-06-23T14:00:00Z,60196.6
2025-06-23T15:00:00Z,55017.4
2025-06-23T16:00:00Z,54959.3
2025-06-23T17:00:00Z,53512.3
2025-06-23T18:00:00Z,51214.1
2025-06-23T19:00:00Z,48055.0
2025-06-23T20:00:00Z,46351.9
2025-06-23T21:00:00Z,43285.6
2025-06-23T22:00:00Z,41918.9
2025-06-23T23:00:00Z,40614.0
2025-06-24T00:00:00Z,39424.0
2025-06-24T01:00:00Z,39952.3
2025-06-24T02:00:00Z,41966.1
2025-06-24T03:00:00Z,42752.7
2025-06-24T04:00:00Z,46354.4
2025-06-24T05:00:00Z,48775.1
2025-06-24T06:00:00Z,51774.8
2025-06-24T07:00:00Z,52838.6
2025-06-24T08:00:00Z,56412.7
2025-06-24T09:00:00Z,56575.3
2025-06-24T10:00:00Z,58233.3
2025-06-24T11:00:00Z,59974.2
2025-06-24T12:00:00Z,60480.0
2025-06-24T13:00:00Z,58578.8
2025-06-24T14:00:00Z,57473.9
2025-06-24T15:00:00Z,57622.4
2025-06-24T16:00:00Z,54547.6
2025-06-24T17:00:00Z,53863.7
2025-06-24T18:00:00Z,50608.7
2025-06-24T19:00:00Z,47956.9
2025-06-24T20:00:00Z,45471.5
2025-06-24T21:00:00Z,43978.2
2025-06-24T22:00:00Z,41523.8
2025-06-24T23:00:00Z,41556.9
2025-06-25T00:00:00Z,40070.4
2025-06-25T01:00:00Z,40659.8
2025-06-25T02:00:00Z,41277.1
2025-06-25T03:00:00Z,43922.2
2025-06-25T04:00:00Z,45519.5
2025-06-25T05:00:00Z,47177.1
2025-06-25T06:00:00Z,52134.7
2025-06-25T07:00:00Z,52749.5
2025-06-25T08:00:00Z,55358.3
2025-06-25T09:00:00Z,57846.1
2025-06-25T10:00:00Z,60553.8
2025-06-25T11:00:00Z,59974.8
2025-06-25T12:00:00Z,61021.5
2025-06-25T13:00:00Z,60180.0
2025-06-25T14:00:00Z,57886.9
2025-06-25T15:00:00Z,58176.5
2025-06-25T16:00:00Z,56302.5
2025-06-25T17:00:00Z,52852.2
2025-06-25T18:00:00Z,50459.5
2025-06-25T19:00:00Z,46646.4
2025-06-25T20:00:00Z,44225.0
2025-06-25T21:00:00Z,43100.7
2025-06-25T22:00:00Z,42362.0
2025-06-25T23:00:00Z,40456.7
2025-06-26T00:00:00Z,40942.3
2025-06-26T01:00:00Z,41843.1
2025-06-26T02:00:00Z,42114.4
2025-06-26T03:00:00Z,44095.6
2025-06-26T04:00:00Z,46884.8
2025-06-26T05:00:00Z,47051.1
2025-06-26T06:00:00Z,51283.0
2025-06-26T07:00:00Z,51679.1
2025-06-26T08:00:00Z,56006.1
2025-06-26T09:00:00Z,57880.1
2025-06-26T10:00:00Z,58844.0
2025-06-26T11:00:00Z,59396.1
2025-06-26T12:00:00Z,60578.9
2025-06-26T13:00:00Z,59950.0
2025-06-26T14:00:00Z,59376.3
2025-06-26T15:00:00Z,56957.7
2025-06-26T16:00:00Z,56100.7
2025-06-26T17:00:00Z,52384.0
2025-06-26T18:00:00Z,50412.4
2025-06-26T19:00:00Z,47760.3
2025-06-26T20:00:00Z,46735.3
2025-06-26T21:00:00Z,42376.5
2025-06-26T22:00:00Z,41691.1
2025-06-26T23:00:00Z,42021.4
2025-06-27T00:00:00Z,40347.3
2025-06-27T01:00:00Z,40204.2
2025-06-27T02:00:00Z,42463.9
2025-06-27T03:00:00Z,43571.9
2025-06-27T04:00:00Z,46569.8
2025-06-27T05:00:00Z,47515.7
2025-06-27T06:00:00Z,51017.7
2025-06-27T07:00:00Z,53991.6
2025-06-27T08:00:00Z,56701.9
2025-06-27T09:00:00Z,56987.1
2025-06-27T10:00:00Z,60671.7
2025-06-27T11:00:00Z,59736.9
2025-06-27T12:00:00Z,59568.3
2025-06-27T13:00:00Z,59692.1
2025-06-27T14:00:00Z,59617.9
2025-06-27T15:00:00Z,57638.4
2025-06-27T16:00:00Z,56207.6
2025-06-27T17:00:00Z,53849.9
2025-06-27T18:00:00Z,51123.4
2025-06-27T19:00:00Z,48068.6
2025-06-27T20:00:00Z,47383.1
2025-06-27T21:00:00Z,41972.4
2025-06-27T22:00:00Z,40788.8
2025-06-27T23:00:00Z,40812.6
2025-06-28T00:00:00Z,37278.9
2025-06-28T01:00:00Z,36538.3
2025-06-28T02:00:00Z,38996.2
2025-06-28T03:00:00Z,40617.9
2025-06-28T04:00:00Z,41270.6
2025-06-28T05:00:00Z,46420.4
2025-06-28T06:00:00Z,49365.4
2025-06-28T07:00:00Z,51890.7
2025-06-28T08:00:00Z,52847.0
2025-06-28T09:00:00Z,55455.6
2025-06-28T10:00:00Z,55985.9
2025-06-28T11:00:00Z,58083.6
2025-06-28T12:00:00Z,57691.9
2025-06-28T13:00:00Z,58252.6
2025-06-28T14:00:00Z,56631.9
2025-06-28T15:00:00Z,56191.5
2025-06-28T16:00:00Z,53955.6
2025-06-28T17:00:00Z,51894.6
2025-06-28T18:00:00Z,46953.4
2025-06-28T19:00:00Z,44196.3
2025-06-28T20:00:00Z,43640.0
2025-06-28T21:00:00Z,40760.8
2025-06-28T22:00:00Z,39986.8
2025-06-28T23:00:00Z,38909.1
2025-06-29T00:00:00Z,38667.7
2025-06-29T01:00:00Z,39621.0
2025-06-29T02:00:00Z,40315.4
2025-06-29T03:00:00Z,41829.1
2025-06-29T04:00:00Z,42758.4
2025-06-29T05:00:00Z,47336.3
2025-06-29T06:00:00Z,48588.4
2025-06-29T07:00:00Z,51981.8
2025-06-29T08:00:00Z,53737.5
2025-06-29T09:00:00Z,56583.9
2025-06-29T10:00:00Z,57240.9
2025-06-29T11:00:00Z,58289.7
2025-06-29T12:00:00Z,58562.9
2025-06-29T13:00:00Z,57520.4
2025-06-29T14:00:00Z,56638.4
2025-06-29T15:00:00Z,55407.7
2025-06-29T16:00:00Z,53368.7
2025-06-29T17:00:00Z,50246.4
2025-06-29T18:00:00Z,50440.3
2025-06-29T19:00:00Z,45089.1
2025-06-29T20:00:00Z,43246.6
2025-06-29T21:00:00Z,43467.5
2025-06-29T22:00:00Z,39305.3
2025-06-29T23:00:00Z,39493.7
2025-06-30T00:00:00Z,42033.0
2025-06-30T01:00:00Z,41650.9
2025-06-30T02:00:00Z,41632.6
2025-06-30T03:00:00Z,43113.2
2025-06-30T04:00:00Z,46460.2
2025-06-30T05:00:00Z,49219.6
2025-06-30T06:00:00Z,49658.8
2025-06-30T07:00:00Z,54155.5
2025-06-30T08:00:00Z,55888.8
2025-06-30T09:00:00Z,59239.2
2025-06-30T10:00:00Z,60225.9
2025-06-30T11:00:00Z,60409.5
2025-06-30T12:00:00Z,61062.9
2025-06-30T13:00:00Z,61115.3
2025-06-30T14:00:00Z,61200.4
2025-06-30T15:00:00Z,61029.5
2025-06-30T16:00:00Z,56736.2
2025-06-30T17:00:00Z,54136.5
2025-06-30T18:00:00Z,52041.2
2025-06-30T19:00:00Z,48908.3
2025-06-30T20:00:00Z,47056.7
2025-06-30T21:00:00Z,44792.4
2025-06-30T22:00:00Z,42891.8
2025-06-30T23:00:00Z,41237.0
2025-07-01T00:00:00Z,41890.6
2025-07-01T01:00:00Z,42848.6
2025-07-01T02:00:00Z,43157.8
2025-07-01T03:00:00Z,45937.4
2025-07-01T04:00:00Z,47527.3
2025-07-01T05:00:00Z,49040.4
2025-07-01T06:00:00Z,53173.0
2025-07-01T07:00:00Z,53375.5
2025-07-01T08:00:00Z,57686.5
2025-07-01T09:00:00Z,60320.5
2025-07-01T10:00:00Z,60153.3
2025-07-01T11:00:00Z,61275.6
2025-07-01T12:00:00Z,62480.7
2025-07-01T13:00:00Z,62552.4
2025-07-01T14:00:00Z,60737.7
2025-07-01T15:00:00Z,58989.8
2025-07-01T16:00:00Z,57489.6
2025-07-01T17:00:00Z,54541.7
2025-07-01T18:00:00Z,50743.7
2025-07-01T19:00:00Z,49012.0
2025-07-01T20:00:00Z,46752.4
2025-07-01T21:00:00Z,43455.4
2025-07-01T22:00:00Z,43449.0
2025-07-01T23:00:00Z,41505.3
2025-07-02T00:00:00Z,42598.8
2025-07-02T01:00:00Z,41084.5
2025-07-02T02:00:00Z,42559.4
2025-07-02T03:00:00Z,43689.7
2025-07-02T04:00:00Z,48030.5
2025-07-02T05:00:00Z,50425.3
2025-07-02T06:00:00Z,53165.9
2025-07-02T07:00:00Z,55751.0
2025-07-02T08:00:00Z,57680.0
2025-07-02T09:00:00Z,59735.6
2025-07-02T10:00:00Z,59165.9
2025-07-02T11:00:00Z,61845.2
2025-07-02T12:00:00Z,61496.5
2025-07-02T13:00:00Z,61305.5
2025-07-02T14:00:00Z,59556.7
2025-07-02T15:00:00Z,60084.1
2025-07-02T16:00:00Z,57061.5
2025-07-02T17:00:00Z,53292.0
2025-07-02T18:00:00Z,52368.5
2025-07-02T19:00:00Z,49295.2
2025-07-02T20:00:00Z,46080.9
2025-07-02T21:00:00Z,44624.0
2025-07-02T22:00:00Z,42636.8
2025-07-02T23:00:00Z,40369.0
2025-07-03T00:00:00Z,40861.0
2025-07-03T01:00:00Z,42877.8
2025-07-03T02:00:00Z,43729.5
2025-07-03T03:00:00Z,45244.0
2025-07-03T04:00:00Z,46098.4
2025-07-03T05:00:00Z,48977.1
2025-07-03T06:00:00Z,52104.5
2025-07-03T07:00:00Z,55202.7
2025-07-03T08:00:00Z,56332.5
2025-07-03T09:00:00Z,58216.2
2025-07-03T10:00:00Z,61626.6
2025-07-03T11:00:00Z,61730.9
2025-07-03T12:00:00Z,61698.8
2025-07-03T13:00:00Z,61061.0
2025-07-03T14:00:00Z,60134.0
2025-07-03T15:00:00Z,60412.3
2025-07-03T16:00:00Z,57837.6
2025-07-03T17:00:00Z,54282.2
2025-07-03T18:00:00Z,51008.7
2025-07-03T19:00:00Z,50860.5
2025-07-03T20:00:00Z,48371.3
2025-07-03T21:00:00Z,46003.4
2025-07-03T22:00:00Z,44118.7
2025-07-03T23:00:00Z,40857.2
2025-07-04T00:00:00Z,41214.8
2025-07-04T01:00:00Z,43095.7
2025-07-04T02:00:00Z,43385.5
2025-07-04T03:00:00Z,45417.9
2025-07-04T04:00:00Z,46833.2
2025-07-04T05:00:00Z,49127.4
2025-07-04T06:00:00Z,52711.7
2025-07-04T07:00:00Z,54498.6
2025-07-04T08:00:00Z,57232.5
2025-07-04T09:00:00Z,59510.7
2025-07-04T10:00:00Z,61074.7
2025-07-04T11:00:00Z,62840.0
2025-07-04T12:00:00Z,63353.7
2025-07-04T13:00:00Z,60741.5
2025-07-04T14:00:00Z,60658.5
2025-07-04T15:00:00Z,58759.9
2025-07-04T16:00:00Z,57860.4
2025-07-04T17:00:00Z,53942.6
2025-07-04T18:00:00Z,52894.3
2025-07-04T19:00:00Z,50253.0
2025-07-04T20:00:00Z,47747.6
2025-07-04T21:00:00Z,44395.2
2025-07-04T22:00:00Z,43441.3
2025-07-04T23:00:00Z,41726.9
2025-07-05T00:00:00Z,40049.1
2025-07-05T01:00:00Z,40852.2
2025-07-05T02:00:00Z,39791.6
2025-07-05T03:00:00Z,41951.5
2025-07-05T04:00:00Z,44566.4
2025-07-05T05:00:00Z,46664.4
2025-07-05T06:00:00Z,50924.6
2025-07-05T07:00:00Z,52143.2
2025-07-05T08:00:00Z,54877.1
2025-07-05T09:00:00Z,55808.0
2025-07-05T10:00:00Z,59596.4
2025-07-05T11:00:00Z,59448.1
2025-07-05T12:00:00Z,60292.8
2025-07-05T13:00:00Z,59382.8
2025-07-05T14:00:00Z,56554.0
2025-07-05T15:00:00Z,55404.5
2025-07-05T16:00:00Z,53598.0
2025-07-05T17:00:00Z,52655.7
2025-07-05T18:00:00Z,49261.9
2025-07-05T19:00:00Z,47462.1
2025-07-05T20:00:00Z,44941.1
2025-07-05T21:00:00Z,42846.3
2025-07-05T22:00:00Z,41818.7
2025-07-05T23:00:00Z,40211.5
2025-07-06T00:00:00Z,38561.1
2025-07-06T01:00:00Z,39700.2
2025-07-06T02:00:00Z,42639.1
2025-07-06T03:00:00Z,41953.2
2025-07-06T04:00:00Z,46039.7
2025-07-06T05:00:00Z,48684.3
2025-07-06T06:00:00Z,49397.1
2025-07-06T07:00:00Z,52756.3
2025-07-06T08:00:00Z,53709.3
2025-07-06T09:00:00Z,57579.1
2025-07-06T10:00:00Z,57875.5
2025-07-06T11:00:00Z,58428.7
2025-07-06T12:00:00Z,59530.1
2025-07-06T13:00:00Z,59137.1
2025-07-06T14:00:00Z,58035.3
2025-07-06T15:00:00Z,57100.7
2025-07-06T16:00:00Z,54733.5
2025-07-06T17:00:00Z,51919.5
2025-07-06T18:00:00Z,50679.2
2025-07-06T19:00:00Z,49323.0
2025-07-06T20:00:00Z,44962.7
2025-07-06T21:00:00Z,42259.8
2025-07-06T22:00:00Z,40436.7
2025-07-06T23:00:00Z,40755.5
2025-07-07T00:00:00Z,42685.9
2025-07-07T01:00:00Z,43251.1
2025-07-07T02:00:00Z,42577.6
2025-07-07T03:00:00Z,44877.6
2025-07-07T04:00:00Z,46916.4
2025-07-07T05:00:00Z,51068.7
2025-07-07T06:00:00Z,52639.7
2025-07-07T07:00:00Z,53379.3
2025-07-07T08:00:00Z,58247.0
2025-07-07T09:00:00Z,60851.2
2025-07-07T10:00:00Z,62577.4
2025-07-07T11:00:00Z,60163.1
2025-07-07T12:00:00Z,62956.3
2025-07-07T13:00:00Z,63163.5
2025-07-07T14:00:00Z,61997.3
2025-07-07T15:00:00Z,59714.7
2025-07-07T16:00:00Z,56350.9
2025-07-07T17:00:00Z,55083.3
2025-07-07T18:00:00Z,52595.6
2025-07-07T19:00:00Z,50761.6
2025-07-07T20:00:00Z,48412.9
2025-07-07T21:00:00Z,45616.2
2025-07-07T22:00:00Z,44937.5
2025-07-07T23:00:00Z,42361.1
2025-07-08T00:00:00Z,42537.7
2025-07-08T01:00:00Z,43418.3
2025-07-08T02:00:00Z,44916.0
2025-07-08T03:00:00Z,45755.8
2025-07-08T04:00:00Z,49109.1
2025-07-08T05:00:00Z,50831.8
2025-07-08T06:00:00Z,52281.6
2025-07-08T07:00:00Z,55720.0
2025-07-08T08:00:00Z,57315.4
2025-07-08T09:00:00Z,59316.9
2025-07-08T10:00:00Z,60514.6
2025-07-08T11:00:00Z,63856.0
2025-07-08T12:00:00Z,63790.2
2025-07-08T13:00:00Z,61366.3
2025-07-08T14:00:00Z,62624.1
2025-07-08T15:00:00Z,60914.3
2025-07-08T16:00:00Z,57750.6
2025-07-08T17:00:00Z,56070.2
2025-07-08T18:00:00Z,54934.1
2025-07-08T19:00:00Z,50728.3
2025-07-08T20:00:00Z,48437.5
2025-07-08T21:00:00Z,46955.3
2025-07-08T22:00:00Z,43580.4
2025-07-08T23:00:00Z,42392.9
2025-07-09T00:00:00Z,42140.4
2025-07-09T01:00:00Z,43586.3
2025-07-09T02:00:00Z,45370.7
2025-07-09T03:00:00Z,45516.4
2025-07-09T04:00:00Z,47156.4
2025-07-09T05:00:00Z,50877.2
2025-07-09T06:00:00Z,52985.9
2025-07-09T07:00:00Z,56378.1
2025-07-09T08:00:00Z,58177.1
2025-07-09T09:00:00Z,60198.8
2025-07-09T10:00:00Z,61867.7
2025-07-09T11:00:00Z,62964.4
2025-07-09T12:00:00Z,62475.4
2025-07-09T13:00:00Z,62003.4
2025-07-09T14:00:00Z,63261.3
2025-07-09T15:00:00Z,62925.0
2025-07-09T16:00:00Z,59226.5
2025-07-09T17:00:00Z,54540.3
2025-07-09T18:00:00Z,53340.7
2025-07-09T19:00:00Z,51725.5
2025-07-09T20:00:00Z,46989.2
2025-07-09T21:00:00Z,45867.4
2025-07-09T22:00:00Z,44349.4
2025-07-09T23:00:00Z,42933.2
2025-07-10T00:00:00Z,42866.3
2025-07-10T01:00:00Z,44744.2
2025-07-10T02:00:00Z,44522.7
2025-07-10T03:00:00Z,46293.1
2025-07-10T04:00:00Z,49973.2
2025-07-10T05:00:00Z,50244.4
2025-07-10T06:00:00Z,51938.6
2025-07-10T07:00:00Z,56647.6
2025-07-10T08:00:00Z,60185.3
2025-07-10T09:00:00Z,60751.8
2025-07-10T10:00:00Z,62414.9
2025-07-10T11:00:00Z,62085.4
2025-07-10T12:00:00Z,62715.6
2025-07-10T13:00:00Z,64372.7
2025-07-10T14:00:00Z,63205.9
2025-07-10T15:00:00Z,61063.9
2025-07-10T16:00:00Z,57975.9
2025-07-10T17:00:00Z,55114.4
2025-07-10T18:00:00Z,52653.8
2025-07-10T19:00:00Z,49966.7
2025-07-10T20:00:00Z,49044.9
2025-07-10T21:00:00Z,45813.7
2025-07-10T22:00:00Z,44469.4
2025-07-10T23:00:00Z,44459.1
2025-07-11T00:00:00Z,44307.1
2025-07-11T01:00:00Z,44124.6
2025-07-11T02:00:00Z,45473.8
2025-07-11T03:00:00Z,46660.9
2025-07-11T04:00:00Z,47108.7
2025-07-11T05:00:00Z,51053.6
2025-07-11T06:00:00Z,53343.4
2025-07-11T07:00:00Z,55977.5
2025-07-11T08:00:00Z,58876.6
2025-07-11T09:00:00Z,60268.0
2025-07-11T10:00:00Z,63339.7
2025-07-11T11:00:00Z,63175.2
2025-07-11T12:00:00Z,63795.2
2025-07-11T13:00:00Z,63591.7
2025-07-11T14:00:00Z,62178.2
2025-07-11T15:00:00Z,61276.7
2025-07-11T16:00:00Z,59303.6
2025-07-11T17:00:00Z,56795.8
2025-07-11T18:00:00Z,53099.3
2025-07-11T19:00:00Z,50353.7
2025-07-11T20:00:00Z,48195.9
2025-07-11T21:00:00Z,46638.2
2025-07-11T22:00:00Z,43490.5
2025-07-11T23:00:00Z,43346.6
2025-07-12T00:00:00Z,40190.8
2025-07-12T01:00:00Z,40925.5
2025-07-12T02:00:00Z,41712.9
2025-07-12T03:00:00Z,44741.8
2025-07-12T04:00:00Z,46499.9
2025-07-12T05:00:00Z,49327.9
2025-07-12T06:00:00Z,50288.1
2025-07-12T07:00:00Z,53041.1
2025-07-12T08:00:00Z,55845.0
2025-07-12T09:00:00Z,59537.0
2025-07-12T10:00:00Z,61139.8
2025-07-12T11:00:00Z,60225.3
2025-07-12T12:00:00Z,61604.7
2025-07-12T13:00:00Z,62529.1
2025-07-12T14:00:00Z,58893.2
2025-07-12T15:00:00Z,58008.0
2025-07-12T16:00:00Z,57183.9
2025-07-12T17:00:00Z,54302.7
2025-07-12T18:00:00Z,50294.9
2025-07-12T19:00:00Z,49808.2
2025-07-12T20:00:00Z,46959.3
2025-07-12T21:00:00Z,44654.2
2025-07-12T22:00:00Z,41462.8
2025-07-12T23:00:00Z,41362.4
2025-07-13T00:00:00Z,42465.4
2025-07-13T01:00:00Z,42117.6
2025-07-13T02:00:00Z,43369.3
2025-07-13T03:00:00Z,44066.7
2025-07-13T04:00:00Z,47610.1
2025-07-13T05:00:00Z,48556.1
2025-07-13T06:00:00Z,52103.5
2025-07-13T07:00:00Z,54184.5
2025-07-13T08:00:00Z,55516.9
2025-07-13T09:00:00Z,59617.4
2025-07-13T10:00:00Z,58918.6
2025-07-13T11:00:00Z,60349.5
2025-07-13T12:00:00Z,61419.0
2025-07-13T13:00:00Z,59793.0
2025-07-13T14:00:00Z,58463.8
2025-07-13T15:00:00Z,58282.4
2025-07-13T16:00:00Z,55960.6
2025-07-13T17:00:00Z,53682.8
2025-07-13T18:00:00Z,51749.0
2025-07-13T19:00:00Z,50630.6
2025-07-13T20:00:00Z,46000.9
2025-07-13T21:00:00Z,46317.9
2025-07-13T22:00:00Z,42899.2
2025-07-13T23:00:00Z,41621.8
2025-07-14T00:00:00Z,42091.4
2025-07-14T01:00:00Z,43402.4
2025-07-14T02:00:00Z,45885.7
2025-07-14T03:00:00Z,47712.6
2025-07-14T04:00:00Z,48618.9
2025-07-14T05:00:00Z,51964.4
2025-07-14T06:00:00Z,55037.2
2025-07-14T07:00:00Z,56398.2
2025-07-14T08:00:00Z,57921.8
2025-07-14T09:00:00Z,60516.3
2025-07-14T10:00:00Z,62663.4
2025-07-14T11:00:00Z,64146.4
2025-07-14T12:00:00Z,64893.8
2025-07-14T13:00:00Z,63138.0
2025-07-14T14:00:00Z,62941.8
2025-07-14T15:00:00Z,61113.2
2025-07-14T16:00:00Z,59293.9
2025-07-14T17:00:00Z,57777.1
2025-07-14T18:00:00Z,55360.8
2025-07-14T19:00:00Z,51307.6
2025-07-14T20:00:00Z,48795.3
2025-07-14T21:00:00Z,46662.7
2025-07-14T22:00:00Z,45215.6
2025-07-14T23:00:00Z,44314.2
2025-07-15T00:00:00Z,44387.3
2025-07-15T01:00:00Z,44449.0
2025-07-15T02:00:00Z,44972.5
2025-07-15T03:00:00Z,46476.1
2025-07-15T04:00:00Z,49559.8
2025-07-15T05:00:00Z,53945.2
2025-07-15T06:00:00Z,54959.5
2025-07-15T07:00:00Z,57615.0
2025-07-15T08:00:00Z,59770.4
2025-07-15T09:00:00Z,61409.6
2025-07-15T10:00:00Z,64790.6
2025-07-15T11:00:00Z,63862.0
2025-07-15T12:00:00Z,63652.4
2025-07-15T13:00:00Z,63096.1
2025-07-15T14:00:00Z,63281.5
2025-07-15T15:00:00Z,60714.7
2025-07-15T16:00:00Z,58753.8
2025-07-15T17:00:00Z,56353.4
2025-07-15T18:00:00Z,53403.4
2025-07-15T19:00:00Z,52057.0
2025-07-15T20:00:00Z,48118.7
2025-07-15T21:00:00Z,49347.1
2025-07-15T22:00:00Z,43571.6
2025-07-15T23:00:00Z,43713.6
2025-07-16T00:00:00Z,44795.6
2025-07-16T01:00:00Z,45431.6
2025-07-16T02:00:00Z,45796.3
2025-07-16T03:00:00Z,47904.1
2025-07-16T04:00:00Z,49879.2
2025-07-16T05:00:00Z,52244.9
2025-07-16T06:00:00Z,55207.9
2025-07-16T07:00:00Z,57505.4
2025-07-16T08:00:00Z,59626.0
2025-07-16T09:00:00Z,61657.4
2025-07-16T10:00:00Z,64094.4
2025-07-16T11:00:00Z,64203.8
2025-07-16T12:00:00Z,65171.8
2025-07-16T13:00:00Z,65673.1
2025-07-16T14:00:00Z,63686.7
2025-07-16T15:00:00Z,62787.3
2025-07-16T16:00:00Z,59362.9
2025-07-16T17:00:00Z,57545.3
2025-07-16T18:00:00Z,55164.2
2025-07-16T19:00:00Z,52353.5
2025-07-16T20:00:00Z,50157.2
2025-07-16T21:00:00Z,48862.7
2025-07-16T22:00:00Z,45848.3
2025-07-16T23:00:00Z,44557.5
2025-07-17T00:00:00Z,45255.4
2025-07-17T01:00:00Z,44111.0
2025-07-17T02:00:00Z,46304.3
2025-07-17T03:00:00Z,48888.3
2025-07-17T04:00:00Z,49951.6
2025-07-17T05:00:00Z,52818.3
2025-07-17T06:00:00Z,55262.2
2025-07-17T07:00:00Z,58521.0
2025-07-17T08:00:00Z,60346.1
2025-07-17T09:00:00Z,62158.2
2025-07-17T10:00:00Z,60807.1
2025-07-17T11:00:00Z,64132.3
2025-07-17T12:00:00Z,65494.2
2025-07-17T13:00:00Z,64443.2
2025-07-17T14:00:00Z,62942.3
2025-07-17T15:00:00Z,62729.6
2025-07-17T16:00:00Z,59177.9
2025-07-17T17:00:00Z,57221.3
2025-07-17T18:00:00Z,55490.4
2025-07-17T19:00:00Z,51912.8
2025-07-17T20:00:00Z,50077.9
2025-07-17T21:00:00Z,47853.5
2025-07-17T22:00:00Z,45285.6
2025-07-17T23:00:00Z,44845.8
2025-07-18T00:00:00Z,44846.8
2025-07-18T01:00:00Z,44949.3
2025-07-18T02:00:00Z,47387.9
2025-07-18T03:00:00Z,48042.2
2025-07-18T04:00:00Z,49591.7
2025-07-18T05:00:00Z,51370.0
2025-07-18T06:00:00Z,54833.3
2025-07-18T07:00:00Z,58767.1
2025-07-18T08:00:00Z,59827.2
2025-07-18T09:00:00Z,62770.5
2025-07-18T10:00:00Z,64101.8
2025-07-18T11:00:00Z,64290.6
2025-07-18T12:00:00Z,64270.3
2025-07-18T13:00:00Z,65168.5
2025-07-18T14:00:00Z,62327.5
2025-07-18T15:00:00Z,62616.0
2025-07-18T16:00:00Z,59093.4
2025-07-18T17:00:00Z,58388.1
2025-07-18T18:00:00Z,54774.4
2025-07-18T19:00:00Z,52449.1
2025-07-18T20:00:00Z,50993.0
2025-07-18T21:00:00Z,47227.1
2025-07-18T22:00:00Z,46517.6
2025-07-18T23:00:00Z,45217.8
2025-07-19T00:00:00Z,43007.2
2025-07-19T01:00:00Z,43521.9
2025-07-19T02:00:00Z,44160.0
2025-07-19T03:00:00Z,45678.0
2025-07-19T04:00:00Z,47235.1
2025-07-19T05:00:00Z,50477.4
2025-07-19T06:00:00Z,52359.8
2025-07-19T07:00:00Z,55242.7
2025-07-19T08:00:00Z,57692.9
2025-07-19T09:00:00Z,58476.0
2025-07-19T10:00:00Z,60250.7
2025-07-19T11:00:00Z,62367.5
2025-07-19T12:00:00Z,62509.9
2025-07-19T13:00:00Z,63225.7
2025-07-19T14:00:00Z,59176.2
2025-07-19T15:00:00Z,59783.1
2025-07-19T16:00:00Z,58448.7
2025-07-19T17:00:00Z,55219.3
2025-07-19T18:00:00Z,53212.1
2025-07-19T19:00:00Z,50003.9
2025-07-19T20:00:00Z,47537.6
2025-07-19T21:00:00Z,46268.6
2025-07-19T22:00:00Z,42866.5
2025-07-19T23:00:00Z,41087.2
2025-07-20T00:00:00Z,43207.4
2025-07-20T01:00:00Z,43254.0
2025-07-20T02:00:00Z,44242.5
2025-07-20T03:00:00Z,45969.3
2025-07-20T04:00:00Z,48314.1
2025-07-20T05:00:00Z,49816.4
2025-07-20T06:00:00Z,53169.6
2025-07-20T07:00:00Z,55618.9
2025-07-20T08:00:00Z,56814.9
2025-07-20T09:00:00Z,59703.1
2025-07-20T10:00:00Z,61636.8
2025-07-20T11:00:00Z,61755.4
2025-07-20T12:00:00Z,63609.0
2025-07-20T13:00:00Z,62160.8
2025-07-20T14:00:00Z,62078.4
2025-07-20T15:00:00Z,61033.4
2025-07-20T16:00:00Z,56548.2
2025-07-20T17:00:00Z,54271.0
2025-07-20T18:00:00Z,53273.8
2025-07-20T19:00:00Z,50053.3
2025-07-20T20:00:00Z,48233.5
2025-07-20T21:00:00Z,47173.0
2025-07-20T22:00:00Z,43761.5
2025-07-20T23:00:00Z,43879.6
2025-07-21T00:00:00Z,45593.9
2025-07-21T01:00:00Z,45614.2
2025-07-21T02:00:00Z,47533.8
2025-07-21T03:00:00Z,48940.6
2025-07-21T04:00:00Z,51682.8
2025-07-21T05:00:00Z,53454.4
2025-07-21T06:00:00Z,56498.2
2025-07-21T07:00:00Z,58788.8
2025-07-21T08:00:00Z,59351.1
2025-07-21T09:00:00Z,62525.5
2025-07-21T10:00:00Z,64142.6
2025-07-21T11:00:00Z,66142.9
2025-07-21T12:00:00Z,64877.9
2025-07-21T13:00:00Z,65562.4
2025-07-21T14:00:00Z,64070.1
2025-07-21T15:00:00Z,61324.4
2025-07-21T16:00:00Z,60639.1
2025-07-21T17:00:00Z,58889.2
2025-07-21T18:00:00Z,55479.6
2025-07-21T19:00:00Z,53971.0
2025-07-21T20:00:00Z,51120.3
2025-07-21T21:00:00Z,48995.5
2025-07-21T22:00:00Z,46731.0
2025-07-21T23:00:00Z,46023.3
2025-07-22T00:00:00Z,46414.4
2025-07-22T01:00:00Z,46386.7
2025-07-22T02:00:00Z,46345.0
2025-07-22T03:00:00Z,48803.0
2025-07-22T04:00:00Z,51340.6
2025-07-22T05:00:00Z,54344.8
2025-07-22T06:00:00Z,56689.5
2025-07-22T07:00:00Z,57761.0
2025-07-22T08:00:00Z,61552.9
2025-07-22T09:00:00Z,61709.8
2025-07-22T10:00:00Z,64086.4
2025-07-22T11:00:00Z,64945.6
2025-07-22T12:00:00Z,67218.9
2025-07-22T13:00:00Z,66186.8
2025-07-22T14:00:00Z,64870.0
2025-07-22T15:00:00Z,62526.7
2025-07-22T16:00:00Z,62003.2
2025-07-22T17:00:00Z,58369.9
2025-07-22T18:00:00Z,56386.2
2025-07-22T19:00:00Z,54331.2
2025-07-22T20:00:00Z,50765.4
2025-07-22T21:00:00Z,49398.2
2025-07-22T22:00:00Z,45727.0
2025-07-22T23:00:00Z,46852.0
2025-07-23T00:00:00Z,44837.1
2025-07-23T01:00:00Z,46923.9
2025-07-23T02:00:00Z,47819.6
2025-07-23T03:00:00Z,49559.6
2025-07-23T04:00:00Z,53146.0
2025-07-23T05:00:00Z,51568.8
2025-07-23T06:00:00Z,56591.5
2025-07-23T07:00:00Z,58463.1
2025-07-23T08:00:00Z,61821.9
2025-07-23T09:00:00Z,63519.9
2025-07-23T10:00:00Z,64931.4
2025-07-23T11:00:00Z,65423.5
2025-07-23T12:00:00Z,65591.1
2025-07-23T13:00:00Z,66134.8
2025-07-23T14:00:00Z,63594.9
2025-07-23T15:00:00Z,64153.2
2025-07-23T16:00:00Z,60722.8
2025-07-23T17:00:00Z,59178.3
2025-07-23T18:00:00Z,55236.0
2025-07-23T19:00:00Z,54020.6
2025-07-23T20:00:00Z,51044.3
2025-07-23T21:00:00Z,49814.1
2025-07-23T22:00:00Z,48606.8
2025-07-23T23:00:00Z,46146.0
2025-07-24T00:00:00Z,46552.5
2025-07-24T01:00:00Z,47006.5
2025-07-24T02:00:00Z,49008.7
2025-07-24T03:00:00Z,48309.5
2025-07-24T04:00:00Z,51943.5
2025-07-24T05:00:00Z,53837.2
2025-07-24T06:00:00Z,55436.5
2025-07-24T07:00:00Z,58738.8
2025-07-24T08:00:00Z,60862.4
2025-07-24T09:00:00Z,64398.6
2025-07-24T10:00:00Z,64283.8
2025-07-24T11:00:00Z,66907.8
2025-07-24T12:00:00Z,66021.1
2025-07-24T13:00:00Z,66627.1
2025-07-24T14:00:00Z,63651.0
2025-07-24T15:00:00Z,62853.4
2025-07-24T16:00:00Z,61555.6
2025-07-24T17:00:00Z,58259.4
2025-07-24T18:00:00Z,55148.4
2025-07-24T19:00:00Z,53877.5
2025-07-24T20:00:00Z,52106.7
2025-07-24T21:00:00Z,49402.4
2025-07-24T22:00:00Z,47634.5
2025-07-24T23:00:00Z,47151.3
2025-07-25T00:00:00Z,46330.7
2025-07-25T01:00:00Z,47789.5
2025-07-25T02:00:00Z,48934.8
2025-07-25T03:00:00Z,48546.2
2025-07-25T04:00:00Z,52535.4
2025-07-25T05:00:00Z,54637.2
2025-07-25T06:00:00Z,56890.8
2025-07-25T07:00:00Z,59803.6
2025-07-25T08:00:00Z,62821.5
2025-07-25T09:00:00Z,65297.6
2025-07-25T10:00:00Z,66631.5
2025-07-25T11:00:00Z,66081.8
2025-07-25T12:00:00Z,67734.9
2025-07-25T13:00:00Z,64899.7
2025-07-25T14:00:00Z,66038.0
2025-07-25T15:00:00Z,64295.2
2025-07-25T16:00:00Z,62460.5
2025-07-25T17:00:00Z,58501.2
2025-07-25T18:00:00Z,57862.4
2025-07-25T19:00:00Z,55148.3
2025-07-25T20:00:00Z,51858.7
2025-07-25T21:00:00Z,48443.6
2025-07-25T22:00:00Z,48310.3
2025-07-25T23:00:00Z,46338.6
2025-07-26T00:00:00Z,42844.3
2025-07-26T01:00:00Z,43885.7
2025-07-26T02:00:00Z,47419.9
2025-07-26T03:00:00Z,45831.1
2025-07-26T04:00:00Z,48829.6
2025-07-26T05:00:00Z,51669.1
2025-07-26T06:00:00Z,54868.9
2025-07-26T07:00:00Z,55833.7
2025-07-26T08:00:00Z,58247.6
2025-07-26T09:00:00Z,61857.7
2025-07-26T10:00:00Z,62926.8
2025-07-26T11:00:00Z,64717.1
2025-07-26T12:00:00Z,63068.8
2025-07-26T13:00:00Z,63599.1
2025-07-26T14:00:00Z,63460.3
2025-07-26T15:00:00Z,61208.2
2025-07-26T16:00:00Z,58108.5
2025-07-26T17:00:00Z,56737.4
2025-07-26T18:00:00Z,52486.4
2025-07-26T19:00:00Z,50838.4
2025-07-26T20:00:00Z,49710.1
2025-07-26T21:00:00Z,47744.1
2025-07-26T22:00:00Z,45754.7
2025-07-26T23:00:00Z,44996.4
2025-07-27T00:00:00Z,43042.4
2025-07-27T01:00:00Z,44089.2
2025-07-27T02:00:00Z,46489.8
2025-07-27T03:00:00Z,49106.3
2025-07-27T04:00:00Z,49646.4
2025-07-27T05:00:00Z,50914.3
2025-07-27T06:00:00Z,53459.0
2025-07-27T07:00:00Z,57831.1
2025-07-27T08:00:00Z,60139.2
2025-07-27T09:00:00Z,60300.0
2025-07-27T10:00:00Z,63000.4
2025-07-27T11:00:00Z,65028.9
2025-07-27T12:00:00Z,65386.7
2025-07-27T13:00:00Z,63450.6
2025-07-27T14:00:00Z,62740.4
2025-07-27T15:00:00Z,61689.6
2025-07-27T16:00:00Z,58332.5
2025-07-27T17:00:00Z,55487.5
2025-07-27T18:00:00Z,53691.3
2025-07-27T19:00:00Z,52679.3
2025-07-27T20:00:00Z,50174.6
2025-07-27T21:00:00Z,47602.8
2025-07-27T22:00:00Z,44651.8
2025-07-27T23:00:00Z,42997.4
2025-07-28T00:00:00Z,46393.2
2025-07-28T01:00:00Z,47618.5
2025-07-28T02:00:00Z,49431.5
2025-07-28T03:00:00Z,49424.7
2025-07-28T04:00:00Z,52277.0
2025-07-28T05:00:00Z,53129.1
2025-07-28T06:00:00Z,55440.8
2025-07-28T07:00:00Z,59759.0
2025-07-28T08:00:00Z,61176.9
2025-07-28T09:00:00Z,63361.1
2025-07-28T10:00:00Z,63917.3
2025-07-28T11:00:00Z,67462.3
2025-07-28T12:00:00Z,65634.1
2025-07-28T13:00:00Z,66797.4
2025-07-28T14:00:00Z,64533.7
2025-07-28T15:00:00Z,63868.7
2025-07-28T16:00:00Z,63229.5
2025-07-28T17:00:00Z,59913.5
2025-07-28T18:00:00Z,57231.3
2025-07-28T19:00:00Z,55294.7
2025-07-28T20:00:00Z,52591.5
2025-07-28T21:00:00Z,51239.9
2025-07-28T22:00:00Z,47294.3
2025-07-28T23:00:00Z,48638.1
2025-07-29T00:00:00Z,47436.7
2025-07-29T01:00:00Z,46860.9
2025-07-29T02:00:00Z,49217.5
2025-07-29T03:00:00Z,50751.0
2025-07-29T04:00:00Z,52364.3
2025-07-29T05:00:00Z,55487.6
2025-07-29T06:00:00Z,56269.8
2025-07-29T07:00:00Z,58563.1
2025-07-29T08:00:00Z,61850.1
2025-07-29T09:00:00Z,65314.7
2025-07-29T10:00:00Z,66436.5
2025-07-29T11:00:00Z,66997.6
2025-07-29T12:00:00Z,66812.8
2025-07-29T13:00:00Z,66992.4
2025-07-29T14:00:00Z,66973.2
2025-07-29T15:00:00Z,63964.1
2025-07-29T16:00:00Z,61877.4
2025-07-29T17:00:00Z,60325.1
2025-07-29T18:00:00Z,57927.2
2025-07-29T19:00:00Z,54929.7
2025-07-29T20:00:00Z,53605.3
2025-07-29T21:00:00Z,50522.3
2025-07-29T22:00:00Z,47969.8
2025-07-29T23:00:00Z,45956.1
2025-07-30T00:00:00Z,48627.5
2025-07-30T01:00:00Z,47860.0
2025-07-30T02:00:00Z,49267.2
2025-07-30T03:00:00Z,50960.1
2025-07-30T04:00:00Z,53770.3
2025-07-30T05:00:00Z,55924.3
2025-07-30T06:00:00Z,58467.8
2025-07-30T07:00:00Z,60465.4
2025-07-30T08:00:00Z,62450.9
2025-07-30T09:00:00Z,64928.9
2025-07-30T10:00:00Z,65615.0
2025-07-30T11:00:00Z,67595.1
2025-07-30T12:00:00Z,68519.3
2025-07-30T13:00:00Z,67892.4
2025-07-30T14:00:00Z,66425.6
2025-07-30T15:00:00Z,63992.0
2025-07-30T16:00:00Z,61922.1
2025-07-30T17:00:00Z,59649.2
2025-07-30T18:00:00Z,57335.0
2025-07-30T19:00:00Z,55458.6
2025-07-30T20:00:00Z,53093.6
2025-07-30T21:00:00Z,51099.1
2025-07-30T22:00:00Z,49876.8
2025-07-30T23:00:00Z,47235.2
2025-07-31T00:00:00Z,47733.4
2025-07-31T01:00:00Z,48686.2
2025-07-31T02:00:00Z,49901.5
2025-07-31T03:00:00Z,50268.2
2025-07-31T04:00:00Z,52312.2
2025-07-31T05:00:00Z,56240.9
2025-07-31T06:00:00Z,58439.9
2025-07-31T07:00:00Z,60823.9
2025-07-31T08:00:00Z,62621.4
2025-07-31T09:00:00Z,64130.3
2025-07-31T10:00:00Z,66480.2
2025-07-31T11:00:00Z,67756.6
2025-07-31T12:00:00Z,68252.0
2025-07-31T13:00:00Z,68213.5
2025-07-31T14:00:00Z,66597.2
2025-07-31T15:00:00Z,65955.4
2025-07-31T16:00:00Z,62579.6
2025-07-31T17:00:00Z,60733.4
2025-07-31T18:00:00Z,57929.4
2025-07-31T19:00:00Z,53816.1
2025-07-31T20:00:00Z,51811.3
2025-07-31T21:00:00Z,50388.9
2025-07-31T22:00:00Z,49363.2
2025-07-31T23:00:00Z,48515.6
2025-08-01T00:00:00Z,49164.1
2025-08-01T01:00:00Z,48434.2
2025-08-01T02:00:00Z,49170.9
2025-08-01T03:00:00Z,51289.1
2025-08-01T04:00:00Z,52081.8
2025-08-01T05:00:00Z,55329.7
2025-08-01T06:00:00Z,57232.0
2025-08-01T07:00:00Z,60691.9
2025-08-01T08:00:00Z,62466.6
2025-08-01T09:00:00Z,64759.8
2025-08-01T10:00:00Z,68263.5
2025-08-01T11:00:00Z,68596.6
2025-08-01T12:00:00Z,70081.4
2025-08-01T13:00:00Z,67838.8
2025-08-01T14:00:00Z,66538.7
2025-08-01T15:00:00Z,64451.0
2025-08-01T16:00:00Z,63008.9
2025-08-01T17:00:00Z,59183.7
2025-08-01T18:00:00Z,58126.6
2025-08-01T19:00:00Z,55008.7
2025-08-01T20:00:00Z,51961.8
2025-08-01T21:00:00Z,49513.9
2025-08-01T22:00:00Z,48671.6
2025-08-01T23:00:00Z,48084.6
2025-08-02T00:00:00Z,45486.6
2025-08-02T01:00:00Z,44510.4
2025-08-02T02:00:00Z,46809.0
2025-08-02T03:00:00Z,48690.4
2025-08-02T04:00:00Z,52326.4
2025-08-02T05:00:00Z,53203.3
2025-08-02T06:00:00Z,56243.4
2025-08-02T07:00:00Z,57473.6
2025-08-02T08:00:00Z,60467.7
2025-08-02T09:00:00Z,61932.8
2025-08-02T10:00:00Z,63429.8
2025-08-02T11:00:00Z,65523.6
2025-08-02T12:00:00Z,65266.5
2025-08-02T13:00:00Z,66318.4
2025-08-02T14:00:00Z,64097.1
2025-08-02T15:00:00Z,62889.1
2025-08-02T16:00:00Z,59470.9
2025-08-02T17:00:00Z,57245.5
2025-08-02T18:00:00Z,56042.0
2025-08-02T19:00:00Z,52349.0
2025-08-02T20:00:00Z,51562.1
2025-08-02T21:00:00Z,47770.4
2025-08-02T22:00:00Z,46132.0
2025-08-02T23:00:00Z,47461.8
2025-08-03T00:00:00Z,44327.4
2025-08-03T01:00:00Z,45650.5
2025-08-03T02:00:00Z,47499.7
2025-08-03T03:00:00Z,49147.2
2025-08-03T04:00:00Z,49779.4
2025-08-03T05:00:00Z,54897.1
2025-08-03T06:00:00Z,55324.4
2025-08-03T07:00:00Z,56694.3
2025-08-03T08:00:00Z,61434.6
2025-08-03T09:00:00Z,62350.5
2025-08-03T10:00:00Z,64383.3
2025-08-03T11:00:00Z,65961.7
2025-08-03T12:00:00Z,64920.7
2025-08-03T13:00:00Z,64732.1
2025-08-03T14:00:00Z,64247.0
2025-08-03T15:00:00Z,63443.5
2025-08-03T16:00:00Z,59594.4
2025-08-03T17:00:00Z,59475.9
2025-08-03T18:00:00Z,56004.2
2025-08-03T19:00:00Z,52191.8
2025-08-03T20:00:00Z,50753.1
2025-08-03T21:00:00Z,49123.9
2025-08-03T22:00:00Z,48088.4
2025-08-03T23:00:00Z,46790.3
2025-08-04T00:00:00Z,49638.1
2025-08-04T01:00:00Z,48929.2
2025-08-04T02:00:00Z,50648.7
2025-08-04T03:00:00Z,49424.7
2025-08-04T04:00:00Z,54527.2
2025-08-04T05:00:00Z,56061.0
2025-08-04T06:00:00Z,59993.7
2025-08-04T07:00:00Z,60763.2
2025-08-04T08:00:00Z,63263.2
2025-08-04T09:00:00Z,65758.1
2025-08-04T10:00:00Z,67981.2
2025-08-04T11:00:00Z,68576.4
2025-08-04T12:00:00Z,69497.1
2025-08-04T13:00:00Z,68346.6
2025-08-04T14:00:00Z,68174.0
2025-08-04T15:00:00Z,68048.0
2025-08-04T16:00:00Z,64693.1
2025-08-04T17:00:00Z,61775.3
2025-08-04T18:00:00Z,57475.0
2025-08-04T19:00:00Z,56628.3
2025-08-04T20:00:00Z,54601.9
2025-08-04T21:00:00Z,51493.8
2025-08-04T22:00:00Z,50921.3
2025-08-04T23:00:00Z,47249.8
2025-08-05T00:00:00Z,48361.4
2025-08-05T01:00:00Z,48492.2
2025-08-05T02:00:00Z,50702.2
2025-08-05T03:00:00Z,51171.8
2025-08-05T04:00:00Z,53110.5
2025-08-05T05:00:00Z,57530.8
2025-08-05T06:00:00Z,57687.5
2025-08-05T07:00:00Z,61887.1
2025-08-05T08:00:00Z,64781.5
2025-08-05T09:00:00Z,65709.9
2025-08-05T10:00:00Z,66765.7
2025-08-05T11:00:00Z,68355.9
2025-08-05T12:00:00Z,68372.2
2025-08-05T13:00:00Z,67853.0
2025-08-05T14:00:00Z,67702.1
2025-08-05T15:00:00Z,65896.7
2025-08-05T16:00:00Z,66457.6
2025-08-05T17:00:00Z,62542.6
2025-08-05T18:00:00Z,59043.8
2025-08-05T19:00:00Z,56779.8
2025-08-05T20:00:00Z,55305.0
2025-08-05T21:00:00Z,52821.7
2025-08-05T22:00:00Z,50309.3
2025-08-05T23:00:00Z,48621.7
2025-08-06T00:00:00Z,50602.3
2025-08-06T01:00:00Z,49465.1
2025-08-06T02:00:00Z,50669.6
2025-08-06T03:00:00Z,53183.6
2025-08-06T04:00:00Z,54273.7
2025-08-06T05:00:00Z,57597.2
2025-08-06T06:00:00Z,58860.2
2025-08-06T07:00:00Z,61835.4
2025-08-06T08:00:00Z,63921.4
2025-08-06T09:00:00Z,67887.7
2025-08-06T10:00:00Z,66521.4
2025-08-06T11:00:00Z,68562.1
2025-08-06T12:00:00Z,68324.7
2025-08-06T13:00:00Z,68106.7
2025-08-06T14:00:00Z,66647.2
2025-08-06T15:00:00Z,65450.8
2025-08-06T16:00:00Z,65070.8
2025-08-06T17:00:00Z,62861.6
2025-08-06T18:00:00Z,58533.3
2025-08-06T19:00:00Z,55477.6
2025-08-06T20:00:00Z,53689.4
2025-08-06T21:00:00Z,53383.6
2025-08-06T22:00:00Z,50378.1
2025-08-06T23:00:00Z,47669.9
2025-08-07T00:00:00Z,50004.5
2025-08-07T01:00:00Z,49536.1
2025-08-07T02:00:00Z,51143.6
2025-08-07T03:00:00Z,52554.1
2025-08-07T04:00:00Z,53201.2
2025-08-07T05:00:00Z,57530.9
2025-08-07T06:00:00Z,59816.5
2025-08-07T07:00:00Z,61279.7
2025-08-07T08:00:00Z,62354.1
2025-08-07T09:00:00Z,65337.0
2025-08-07T10:00:00Z,66942.6
2025-08-07T11:00:00Z,69454.0
2025-08-07T12:00:00Z,68731.4
2025-08-07T13:00:00Z,68512.7
2025-08-07T14:00:00Z,67912.7
2025-08-07T15:00:00Z,65932.9
2025-08-07T16:00:00Z,64560.8
2025-08-07T17:00:00Z,62095.1
2025-08-07T18:00:00Z,60036.7
2025-08-07T19:00:00Z,55651.1
2025-08-07T20:00:00Z,54565.9
2025-08-07T21:00:00Z,51983.0
2025-08-07T22:00:00Z,52379.7
2025-08-07T23:00:00Z,50850.2
2025-08-08T00:00:00Z,49156.6
2025-08-08T01:00:00Z,50624.9
2025-08-08T02:00:00Z,49369.1
2025-08-08T03:00:00Z,51535.4
2025-08-08T04:00:00Z,54255.3
2025-08-08T05:00:00Z,57101.8
2025-08-08T06:00:00Z,58542.9
2025-08-08T07:00:00Z,62067.6
2025-08-08T08:00:00Z,65479.2
2025-08-08T09:00:00Z,65170.1
2025-08-08T10:00:00Z,66965.0
2025-08-08T11:00:00Z,67492.8
2025-08-08T12:00:00Z,70372.0
2025-08-08T13:00:00Z,68187.9
2025-08-08T14:00:00Z,67761.4
2025-08-08T15:00:00Z,65760.5
2025-08-08T16:00:00Z,64356.4
2025-08-08T17:00:00Z,61750.5
2025-08-08T18:00:00Z,59600.6
2025-08-08T19:00:00Z,57009.3
2025-08-08T20:00:00Z,55790.9
2025-08-08T21:00:00Z,51616.3
2025-08-08T22:00:00Z,50960.6
2025-08-08T23:00:00Z,49752.1
2025-08-09T00:00:00Z,46148.4
2025-08-09T01:00:00Z,47940.2
2025-08-09T02:00:00Z,49750.7
2025-08-09T03:00:00Z,48900.7
2025-08-09T04:00:00Z,53909.1
2025-08-09T05:00:00Z,54158.9
2025-08-09T06:00:00Z,56790.2
2025-08-09T07:00:00Z,57275.0
2025-08-09T08:00:00Z,61893.3
2025-08-09T09:00:00Z,63800.0
2025-08-09T10:00:00Z,65272.6
2025-08-09T11:00:00Z,67035.9
2025-08-09T12:00:00Z,66676.6
2025-08-09T13:00:00Z,66787.7
2025-08-09T14:00:00Z,64942.5
2025-08-09T15:00:00Z,62960.9
2025-08-09T16:00:00Z,61932.8
2025-08-09T17:00:00Z,59921.0
2025-08-09T18:00:00Z,57433.0
2025-08-09T19:00:00Z,54366.6
2025-08-09T20:00:00Z,51260.4
2025-08-09T21:00:00Z,49848.3
2025-08-09T22:00:00Z,48015.0
2025-08-09T23:00:00Z,46189.8
2025-08-10T00:00:00Z,47364.2
2025-08-10T01:00:00Z,47279.8
2025-08-10T02:00:00Z,47509.0
2025-08-10T03:00:00Z,49759.7
2025-08-10T04:00:00Z,52569.5
2025-08-10T05:00:00Z,55725.0
2025-08-10T06:00:00Z,55542.4
2025-08-10T07:00:00Z,59332.2
2025-08-10T08:00:00Z,62496.4
2025-08-10T09:00:00Z,65066.2
2025-08-10T10:00:00Z,66006.8
2025-08-10T11:00:00Z,65834.0
2025-08-10T12:00:00Z,66611.5
2025-08-10T13:00:00Z,66651.6
2025-08-10T14:00:00Z,65029.8
2025-08-10T15:00:00Z,63220.4
2025-08-10T16:00:00Z,60968.9
2025-08-10T17:00:00Z,61761.1
2025-08-10T18:00:00Z,57078.7
2025-08-10T19:00:00Z,54276.9
2025-08-10T20:00:00Z,52650.8
2025-08-10T21:00:00Z,50059.9
2025-08-10T22:00:00Z,48309.3
2025-08-10T23:00:00Z,47626.7
2025-08-11T00:00:00Z,49430.8
2025-08-11T01:00:00Z,50069.9
2025-08-11T02:00:00Z,52163.3
2025-08-11T03:00:00Z,53501.4
2025-08-11T04:00:00Z,54150.5
2025-08-11T05:00:00Z,58705.4
2025-08-11T06:00:00Z,59711.2
2025-08-11T07:00:00Z,61298.9
2025-08-11T08:00:00Z,65618.8
2025-08-11T09:00:00Z,67632.9
2025-08-11T10:00:00Z,68942.6
2025-08-11T11:00:00Z,68863.9
2025-08-11T12:00:00Z,71012.6
2025-08-11T13:00:00Z,70111.9
2025-08-11T14:00:00Z,68979.9
2025-08-11T15:00:00Z,67296.0
2025-08-11T16:00:00Z,65350.2
2025-08-11T17:00:00Z,64487.9
2025-08-11T18:00:00Z,59647.7
2025-08-11T19:00:00Z,57736.4
2025-08-11T20:00:00Z,56027.6
2025-08-11T21:00:00Z,53680.7
2025-08-11T22:00:00Z,50805.8
2025-08-11T23:00:00Z,50362.5
2025-08-12T00:00:00Z,49997.2
2025-08-12T01:00:00Z,49446.7
2025-08-12T02:00:00Z,51486.7
2025-08-12T03:00:00Z,54028.2
2025-08-12T04:00:00Z,55532.5
2025-08-12T05:00:00Z,58621.3
2025-08-12T06:00:00Z,60645.8
2025-08-12T07:00:00Z,62268.9
2025-08-12T08:00:00Z,65706.5
2025-08-12T09:00:00Z,65883.9
2025-08-12T10:00:00Z,69945.0
2025-08-12T11:00:00Z,69580.6
2025-08-12T12:00:00Z,71610.0
2025-08-12T13:00:00Z,68752.5
2025-08-12T14:00:00Z,68088.2
2025-08-12T15:00:00Z,66941.2
2025-08-12T16:00:00Z,65019.7
2025-08-12T17:00:00Z,61512.7
2025-08-12T18:00:00Z,59191.7
2025-08-12T19:00:00Z,58068.0
2025-08-12T20:00:00Z,54585.2
2025-08-12T21:00:00Z,53922.0
2025-08-12T22:00:00Z,52976.7
2025-08-12T23:00:00Z,49389.5
2025-08-13T00:00:00Z,50144.4
2025-08-13T01:00:00Z,52255.7
2025-08-13T02:00:00Z,52707.8
2025-08-13T03:00:00Z,52267.2
2025-08-13T04:00:00Z,55769.0
2025-08-13T05:00:00Z,59246.1
2025-08-13T06:00:00Z,58649.9
2025-08-13T07:00:00Z,63325.1
2025-08-13T08:00:00Z,66326.5
2025-08-13T09:00:00Z,67080.9
2025-08-13T10:00:00Z,68542.9
2025-08-13T11:00:00Z,70699.6
2025-08-13T12:00:00Z,69083.9
2025-08-13T13:00:00Z,70542.2
2025-08-13T14:00:00Z,70105.6
2025-08-13T15:00:00Z,67575.1
2025-08-13T16:00:00Z,64128.7
2025-08-13T17:00:00Z,64351.6
2025-08-13T18:00:00Z,60426.9
2025-08-13T19:00:00Z,58341.3
2025-08-13T20:00:00Z,54734.5
2025-08-13T21:00:00Z,53329.2
2025-08-13T22:00:00Z,52737.1
2025-08-13T23:00:00Z,49555.9
2025-08-14T00:00:00Z,49562.0
2025-08-14T01:00:00Z,49268.9
2025-08-14T02:00:00Z,52369.1
2025-08-14T03:00:00Z,53953.6
2025-08-14T04:00:00Z,54928.8
2025-08-14T05:00:00Z,58328.2
2025-08-14T06:00:00Z,60645.4
2025-08-14T07:00:00Z,64826.5
2025-08-14T08:00:00Z,64607.9
2025-08-14T09:00:00Z,67878.6
2025-08-14T10:00:00Z,68883.6
2025-08-14T11:00:00Z,71780.0
2025-08-14T12:00:00Z,70964.9
2025-08-14T13:00:00Z,69248.7
2025-08-14T14:00:00Z,69616.6
2025-08-14T15:00:00Z,67534.3
2025-08-14T16:00:00Z,64805.4
2025-08-14T17:00:00Z,63533.0
2025-08-14T18:00:00Z,60728.8
2025-08-14T19:00:00Z,57051.2
2025-08-14T20:00:00Z,55247.5
2025-08-14T21:00:00Z,54524.7
2025-08-14T22:00:00Z,52814.6
2025-08-14T23:00:00Z,50874.3
2025-08-15T00:00:00Z,50539.1
2025-08-15T01:00:00Z,51403.8
2025-08-15T02:00:00Z,52071.5
2025-08-15T03:00:00Z,52742.1
2025-08-15T04:00:00Z,56342.9
2025-08-15T05:00:00Z,57545.4
2025-08-15T06:00:00Z,62016.3
2025-08-15T07:00:00Z,63867.4
2025-08-15T08:00:00Z,66385.2
2025-08-15T09:00:00Z,67582.6
2025-08-15T10:00:00Z,69572.8
2025-08-15T11:00:00Z,69938.3
2025-08-15T12:00:00Z,70437.2
2025-08-15T13:00:00Z,69567.0
2025-08-15T14:00:00Z,70622.0
2025-08-15T15:00:00Z,66913.2
2025-08-15T16:00:00Z,67203.6
2025-08-15T17:00:00Z,64009.3
2025-08-15T18:00:00Z,60052.8
2025-08-15T19:00:00Z,59329.1
2025-08-15T20:00:00Z,56180.9
2025-08-15T21:00:00Z,53105.9
2025-08-15T22:00:00Z,52397.1
2025-08-15T23:00:00Z,50916.8
2025-08-16T00:00:00Z,47639.3
2025-08-16T01:00:00Z,48563.1
2025-08-16T02:00:00Z,49836.0
2025-08-16T03:00:00Z,50920.8
2025-08-16T04:00:00Z,53225.6
2025-08-16T05:00:00Z,56318.4
2025-08-16T06:00:00Z,58140.5
2025-08-16T07:00:00Z,60504.9
2025-08-16T08:00:00Z,62147.9
2025-08-16T09:00:00Z,65233.0
2025-08-16T10:00:00Z,66481.0
2025-08-16T11:00:00Z,67682.7
2025-08-16T12:00:00Z,68871.4
2025-08-16T13:00:00Z,68588.6
2025-08-16T14:00:00Z,66904.2
2025-08-16T15:00:00Z,64811.2
2025-08-16T16:00:00Z,63345.0
2025-08-16T17:00:00Z,61092.2
2025-08-16T18:00:00Z,58451.7
2025-08-16T19:00:00Z,54484.0
2025-08-16T20:00:00Z,53526.0
2025-08-16T21:00:00Z,50363.5
2025-08-16T22:00:00Z,49876.0
2025-08-16T23:00:00Z,48961.1
2025-08-17T00:00:00Z,48595.3
2025-08-17T01:00:00Z,49802.4
2025-08-17T02:00:00Z,49807.2
2025-08-17T03:00:00Z,51649.4
2025-08-17T04:00:00Z,52710.9
2025-08-17T05:00:00Z,55762.8
2025-08-17T06:00:00Z,58242.4
2025-08-17T07:00:00Z,61058.1
2025-08-17T08:00:00Z,63267.6
2025-08-17T09:00:00Z,63515.0
2025-08-17T10:00:00Z,67724.0
2025-08-17T11:00:00Z,68627.3
2025-08-17T12:00:00Z,66663.4
2025-08-17T13:00:00Z,68266.8
2025-08-17T14:00:00Z,67897.0
2025-08-17T15:00:00Z,66082.3
2025-08-17T16:00:00Z,64001.5
2025-08-17T17:00:00Z,60857.1
2025-08-17T18:00:00Z,58006.0
2025-08-17T19:00:00Z,57433.8
2025-08-17T20:00:00Z,53807.7
2025-08-17T21:00:00Z,52748.9
2025-08-17T22:00:00Z,49751.5
2025-08-17T23:00:00Z,49583.3
2025-08-18T00:00:00Z,52109.8
2025-08-18T01:00:00Z,52430.7
2025-08-18T02:00:00Z,51759.1
2025-08-18T03:00:00Z,56316.7
2025-08-18T04:00:00Z,56672.4
2025-08-18T05:00:00Z,58550.1
2025-08-18T06:00:00Z,61646.1
2025-08-18T07:00:00Z,62518.1
2025-08-18T08:00:00Z,67537.2
2025-08-18T09:00:00Z,68134.7
2025-08-18T10:00:00Z,70272.7
2025-08-18T11:00:00Z,71189.4
2025-08-18T12:00:00Z,69923.1
2025-08-18T13:00:00Z,70769.6
2025-08-18T14:00:00Z,71086.2
2025-08-18T15:00:00Z,67816.4
2025-08-18T16:00:00Z,66610.9
2025-08-18T17:00:00Z,64840.5
2025-08-18T18:00:00Z,62738.7
2025-08-18T19:00:00Z,58158.4
2025-08-18T20:00:00Z,57308.6
2025-08-18T21:00:00Z,54948.8
2025-08-18T22:00:00Z,53253.5
2025-08-18T23:00:00Z,52613.5
2025-08-19T00:00:00Z,52273.7
2025-08-19T01:00:00Z,51184.6
2025-08-19T02:00:00Z,53394.3
2025-08-19T03:00:00Z,54077.0
2025-08-19T04:00:00Z,56916.9
2025-08-19T05:00:00Z,58703.4
2025-08-19T06:00:00Z,62858.2
2025-08-19T07:00:00Z,64981.6
2025-08-19T08:00:00Z,67023.4
2025-08-19T09:00:00Z,68122.0
2025-08-19T10:00:00Z,70614.6
2025-08-19T11:00:00Z,70350.0
2025-08-19T12:00:00Z,70882.3
2025-08-19T13:00:00Z,69878.2
2025-08-19T14:00:00Z,70988.2
2025-08-19T15:00:00Z,68270.0
2025-08-19T16:00:00Z,67373.3
2025-08-19T17:00:00Z,65148.7
2025-08-19T18:00:00Z,62476.5
2025-08-19T19:00:00Z,58723.0
2025-08-19T20:00:00Z,57852.4
2025-08-19T21:00:00Z,55561.8
2025-08-19T22:00:00Z,51969.0
2025-08-19T23:00:00Z,52321.0
2025-08-20T00:00:00Z,51194.9
2025-08-20T01:00:00Z,52092.7
2025-08-20T02:00:00Z,54189.9
2025-08-20T03:00:00Z,55041.7
2025-08-20T04:00:00Z,58152.7
2025-08-20T05:00:00Z,59762.2
2025-08-20T06:00:00Z,62443.3
2025-08-20T07:00:00Z,65781.7
2025-08-20T08:00:00Z,67835.6
2025-08-20T09:00:00Z,69540.9
2025-08-20T10:00:00Z,71590.6
2025-08-20T11:00:00Z,72467.8
2025-08-20T12:00:00Z,70669.7
2025-08-20T13:00:00Z,70611.3
2025-08-20T14:00:00Z,70544.7
2025-08-20T15:00:00Z,69786.8
2025-08-20T16:00:00Z,66205.6
2025-08-20T17:00:00Z,63038.0
2025-08-20T18:00:00Z,61783.1
2025-08-20T19:00:00Z,58761.0
2025-08-20T20:00:00Z,58062.8
2025-08-20T21:00:00Z,52824.2
2025-08-20T22:00:00Z,53861.2
2025-08-20T23:00:00Z,52732.2
2025-08-21T00:00:00Z,49823.4
2025-08-21T01:00:00Z,51523.1
2025-08-21T02:00:00Z,53146.0
2025-08-21T03:00:00Z,55242.3
2025-08-21T04:00:00Z,57013.2
2025-08-21T05:00:00Z,59908.9
2025-08-21T06:00:00Z,62143.4
2025-08-21T07:00:00Z,63900.2
2025-08-21T08:00:00Z,68340.0
2025-08-21T09:00:00Z,69264.0
2025-08-21T10:00:00Z,69902.6
2025-08-21T11:00:00Z,72009.1
2025-08-21T12:00:00Z,71829.5
2025-08-21T13:00:00Z,71254.4
2025-08-21T14:00:00Z,70081.7
2025-08-21T15:00:00Z,67789.2
2025-08-21T16:00:00Z,66227.0
2025-08-21T17:00:00Z,63502.7
2025-08-21T18:00:00Z,60338.9
2025-08-21T19:00:00Z,59793.4
2025-08-21T20:00:00Z,57233.7
2025-08-21T21:00:00Z,54743.3
2025-08-21T22:00:00Z,52420.7
2025-08-21T23:00:00Z,51694.2
2025-08-22T00:00:00Z,53479.2
2025-08-22T01:00:00Z,51804.2
2025-08-22T02:00:00Z,54218.0
2025-08-22T03:00:00Z,55390.0
2025-08-22T04:00:00Z,57579.8
2025-08-22T05:00:00Z,59179.8
2025-08-22T06:00:00Z,61959.7
2025-08-22T07:00:00Z,64672.8
2025-08-22T08:00:00Z,66227.3
2025-08-22T09:00:00Z,70325.8
2025-08-22T10:00:00Z,70097.6
2025-08-22T11:00:00Z,71915.6
2025-08-22T12:00:00Z,73570.1
2025-08-22T13:00:00Z,72995.6
2025-08-22T14:00:00Z,70279.9
2025-08-22T15:00:00Z,69613.8
2025-08-22T16:00:00Z,67976.5
2025-08-22T17:00:00Z,63099.7
2025-08-22T18:00:00Z,63843.6
2025-08-22T19:00:00Z,60014.0
2025-08-22T20:00:00Z,56928.8
2025-08-22T21:00:00Z,55031.5
2025-08-22T22:00:00Z,51663.5
2025-08-22T23:00:00Z,53105.6
2025-08-23T00:00:00Z,50904.5
2025-08-23T01:00:00Z,49778.4
2025-08-23T02:00:00Z,52259.9
2025-08-23T03:00:00Z,53073.9
2025-08-23T04:00:00Z,53462.7
2025-08-23T05:00:00Z,57440.3
2025-08-23T06:00:00Z,57874.2
2025-08-23T07:00:00Z,60575.4
2025-08-23T08:00:00Z,65071.9
2025-08-23T09:00:00Z,67066.5
2025-08-23T10:00:00Z,68106.0
2025-08-23T11:00:00Z,69088.7
2025-08-23T12:00:00Z,68244.0
2025-08-23T13:00:00Z,70017.4
2025-08-23T14:00:00Z,68166.9
2025-08-23T15:00:00Z,66432.0
2025-08-23T16:00:00Z,67526.3
2025-08-23T17:00:00Z,62368.6
2025-08-23T18:00:00Z,59540.3
2025-08-23T19:00:00Z,58655.1
2025-08-23T20:00:00Z,54835.2
2025-08-23T21:00:00Z,52130.8
2025-08-23T22:00:00Z,52227.5
2025-08-23T23:00:00Z,49842.4
2025-08-24T00:00:00Z,49132.4
2025-08-24T01:00:00Z,49845.5
2025-08-24T02:00:00Z,51151.6
2025-08-24T03:00:00Z,53492.5
2025-08-24T04:00:00Z,55856.7
2025-08-24T05:00:00Z,56191.1
2025-08-24T06:00:00Z,60826.6
2025-08-24T07:00:00Z,61830.8
2025-08-24T08:00:00Z,64377.6
2025-08-24T09:00:00Z,64646.9
2025-08-24T10:00:00Z,69773.5
2025-08-24T11:00:00Z,69893.0
2025-08-24T12:00:00Z,69559.0
2025-08-24T13:00:00Z,69255.5
2025-08-24T14:00:00Z,69221.2
2025-08-24T15:00:00Z,66841.3
2025-08-24T16:00:00Z,62279.8
2025-08-24T17:00:00Z,62583.3
2025-08-24T18:00:00Z,59754.8
2025-08-24T19:00:00Z,57302.7
2025-08-24T20:00:00Z,54834.7
2025-08-24T21:00:00Z,53448.3
2025-08-24T22:00:00Z,50536.5
2025-08-24T23:00:00Z,52076.3
2025-08-25T00:00:00Z,52860.3
2025-08-25T01:00:00Z,52477.4
2025-08-25T02:00:00Z,54163.7
2025-08-25T03:00:00Z,54232.1
2025-08-25T04:00:00Z,57593.4
2025-08-25T05:00:00Z,59507.0
2025-08-25T06:00:00Z,61884.0
2025-08-25T07:00:00Z,65969.6
2025-08-25T08:00:00Z,67932.1
2025-08-25T09:00:00Z,68941.2
2025-08-25T10:00:00Z,70811.2
2025-08-25T11:00:00Z,72605.3
2025-08-25T12:00:00Z,74581.3
2025-08-25T13:00:00Z,72224.2
2025-08-25T14:00:00Z,71200.1
2025-08-25T15:00:00Z,70148.1
2025-08-25T16:00:00Z,66632.5
2025-08-25T17:00:00Z,65193.2
2025-08-25T18:00:00Z,63301.4
2025-08-25T19:00:00Z,60448.4
2025-08-25T20:00:00Z,58001.7
2025-08-25T21:00:00Z,54638.5
2025-08-25T22:00:00Z,54099.9
2025-08-25T23:00:00Z,54274.6
2025-08-26T00:00:00Z,55147.7
2025-08-26T01:00:00Z,54076.4
2025-08-26T02:00:00Z,53798.5
2025-08-26T03:00:00Z,55459.2
2025-08-26T04:00:00Z,57752.1
2025-08-26T05:00:00Z,62094.3
2025-08-26T06:00:00Z,61758.2
2025-08-26T07:00:00Z,65277.3
2025-08-26T08:00:00Z,66473.0
2025-08-26T09:00:00Z,69583.1
2025-08-26T10:00:00Z,71263.2
2025-08-26T11:00:00Z,73267.1
2025-08-26T12:00:00Z,73519.1
2025-08-26T13:00:00Z,72687.9
2025-08-26T14:00:00Z,71279.7
2025-08-26T15:00:00Z,69581.3
2025-08-26T16:00:00Z,69237.6
2025-08-26T17:00:00Z,65362.0
2025-08-26T18:00:00Z,61950.3
2025-08-26T19:00:00Z,59668.9
2025-08-26T20:00:00Z,57921.1
2025-08-26T21:00:00Z,55165.1
2025-08-26T22:00:00Z,52923.9
2025-08-26T23:00:00Z,54029.4
2025-08-27T00:00:00Z,52484.1
2025-08-27T01:00:00Z,53294.7
2025-08-27T02:00:00Z,54475.5
2025-08-27T03:00:00Z,55757.9
2025-08-27T04:00:00Z,57900.9
2025-08-27T05:00:00Z,58284.1
2025-08-27T06:00:00Z,63054.4
2025-08-27T07:00:00Z,65401.2
2025-08-27T08:00:00Z,67652.0
2025-08-27T09:00:00Z,70000.8
2025-08-27T10:00:00Z,73497.7
2025-08-27T11:00:00Z,74032.5
2025-08-27T12:00:00Z,73600.0
2025-08-27T13:00:00Z,73946.5
2025-08-27T14:00:00Z,71292.5
2025-08-27T15:00:00Z,70014.4
2025-08-27T16:00:00Z,68395.2
2025-08-27T17:00:00Z,66349.4
2025-08-27T18:00:00Z,63712.1
2025-08-27T19:00:00Z,61983.3
2025-08-27T20:00:00Z,57930.2
2025-08-27T21:00:00Z,57108.6
2025-08-27T22:00:00Z,53866.6
2025-08-27T23:00:00Z,53860.4
2025-08-28T00:00:00Z,52407.0
2025-08-28T01:00:00Z,54608.8
2025-08-28T02:00:00Z,54110.5
2025-08-28T03:00:00Z,57243.5
2025-08-28T04:00:00Z,56606.3
2025-08-28T05:00:00Z,62127.1
2025-08-28T06:00:00Z,63167.7
2025-08-28T07:00:00Z,66137.8
2025-08-28T08:00:00Z,68409.8
2025-08-28T09:00:00Z,68824.5
2025-08-28T10:00:00Z,71308.1
2025-08-28T11:00:00Z,72287.2
2025-08-28T12:00:00Z,73062.4
2025-08-28T13:00:00Z,71488.0
2025-08-28T14:00:00Z,71259.3
2025-08-28T15:00:00Z,70278.8
2025-08-28T16:00:00Z,69093.9
2025-08-28T17:00:00Z,66350.6
2025-08-28T18:00:00Z,62174.7
2025-08-28T19:00:00Z,61308.0
2025-08-28T20:00:00Z,59515.4
2025-08-28T21:00:00Z,56767.2
2025-08-28T22:00:00Z,54248.2
2025-08-28T23:00:00Z,52791.0
2025-08-29T00:00:00Z,53009.1
2025-08-29T01:00:00Z,55068.7
2025-08-29T02:00:00Z,53861.7
2025-08-29T03:00:00Z,54206.8
2025-08-29T04:00:00Z,59103.4
2025-08-29T05:00:00Z,60205.4
2025-08-29T06:00:00Z,63271.1
2025-08-29T07:00:00Z,65574.2
2025-08-29T08:00:00Z,69238.3
2025-08-29T09:00:00Z,70048.3
2025-08-29T10:00:00Z,71347.2
2025-08-29T11:00:00Z,72288.1
2025-08-29T12:00:00Z,74766.8
2025-08-29T13:00:00Z,74214.3
2025-08-29T14:00:00Z,71661.9
2025-08-29T15:00:00Z,69969.8
2025-08-29T16:00:00Z,68235.9
2025-08-29T17:00:00Z,66396.6
2025-08-29T18:00:00Z,62640.8
2025-08-29T19:00:00Z,62055.0
2025-08-29T20:00:00Z,58597.2
2025-08-29T21:00:00Z,54102.1
2025-08-29T22:00:00Z,53830.3
2025-08-29T23:00:00Z,53467.8
2025-08-30T00:00:00Z,52786.3
2025-08-30T01:00:00Z,52447.1
2025-08-30T02:00:00Z,52282.0
2025-08-30T03:00:00Z,52724.4
2025-08-30T04:00:00Z,55680.7
2025-08-30T05:00:00Z,58170.5
2025-08-30T06:00:00Z,60339.2
2025-08-30T07:00:00Z,63397.2
2025-08-30T08:00:00Z,66278.6
2025-08-30T09:00:00Z,67339.1
2025-08-30T10:00:00Z,68365.2
2025-08-30T11:00:00Z,70432.8
2025-08-30T12:00:00Z,69339.3
2025-08-30T13:00:00Z,69902.1
2025-08-30T14:00:00Z,70272.6
2025-08-30T15:00:00Z,67847.1
2025-08-30T16:00:00Z,64602.2
2025-08-30T17:00:00Z,63160.6
2025-08-30T18:00:00Z,60384.0
2025-08-30T19:00:00Z,58126.4
2025-08-30T20:00:00Z,56469.0
2025-08-30T21:00:00Z,53115.5
2025-08-30T22:00:00Z,50925.4
2025-08-30T23:00:00Z,52280.4
2025-08-31T00:00:00Z,50067.6
2025-08-31T01:00:00Z,51631.4
2025-08-31T02:00:00Z,52462.8
2025-08-31T03:00:00Z,53435.5
2025-08-31T04:00:00Z,56248.4
2025-08-31T05:00:00Z,58460.7
2025-08-31T06:00:00Z,60920.8
2025-08-31T07:00:00Z,63980.6
2025-08-31T08:00:00Z,65156.6
2025-08-31T09:00:00Z,68602.0
2025-08-31T10:00:00Z,68693.1
2025-08-31T11:00:00Z,71223.0
2025-08-31T12:00:00Z,71864.7
2025-08-31T13:00:00Z,69729.2
2025-08-31T14:00:00Z,71061.9
2025-08-31T15:00:00Z,67290.5
2025-08-31T16:00:00Z,65708.1
2025-08-31T17:00:00Z,62660.9
2025-08-31T18:00:00Z,60525.5
2025-08-31T19:00:00Z,58246.6
2025-08-31T20:00:00Z,55271.6
2025-08-31T21:00:00Z,54530.9
2025-08-31T22:00:00Z,51472.0
2025-08-31T23:00:00Z,51401.5
2025-09-01T00:00:00Z,52817.8
2025-09-01T01:00:00Z,53272.7
2025-09-01T02:00:00Z,55130.0
2025-09-01T03:00:00Z,56873.6
2025-09-01T04:00:00Z,58374.9
2025-09-01T05:00:00Z,61357.9
2025-09-01T06:00:00Z,64050.7
2025-09-01T07:00:00Z,65686.0
2025-09-01T08:00:00Z,68681.7
2025-09-01T09:00:00Z,69998.2
2025-09-01T10:00:00Z,71208.2
2025-09-01T11:00:00Z,72794.1
2025-09-01T12:00:00Z,73450.2
2025-09-01T13:00:00Z,74284.6
2025-09-01T14:00:00Z,72737.5
2025-09-01T15:00:00Z,70824.0
2025-09-01T16:00:00Z,66864.5
2025-09-01T17:00:00Z,65497.2
2025-09-01T18:00:00Z,64100.6
2025-09-01T19:00:00Z,61600.6
2025-09-01T20:00:00Z,58711.5
2025-09-01T21:00:00Z,55653.6
2025-09-01T22:00:00Z,53444.5
2025-09-01T23:00:00Z,52683.7
2025-09-02T00:00:00Z,54024.6
2025-09-02T01:00:00Z,54560.6
2025-09-02T02:00:00Z,56723.6
2025-09-02T03:00:00Z,56265.4
2025-09-02T04:00:00Z,59160.1
2025-09-02T05:00:00Z,60644.1
2025-09-02T06:00:00Z,63705.0
2025-09-02T07:00:00Z,66535.7
2025-09-02T08:00:00Z,68421.2
2025-09-02T09:00:00Z,72106.3
2025-09-02T10:00:00Z,71607.2
2025-09-02T11:00:00Z,74171.6
2025-09-02T12:00:00Z,73673.8
2025-09-02T13:00:00Z,73101.6
2025-09-02T14:00:00Z,73381.0
2025-09-02T15:00:00Z,70445.6
2025-09-02T16:00:00Z,69124.1
2025-09-02T17:00:00Z,66472.6
2025-09-02T18:00:00Z,64487.4
2025-09-02T19:00:00Z,60331.1
2025-09-02T20:00:00Z,59150.9
2025-09-02T21:00:00Z,57254.5
2025-09-02T22:00:00Z,54731.2
2025-09-02T23:00:00Z,53437.2
2025-09-03T00:00:00Z,53229.4
2025-09-03T01:00:00Z,54394.2
2025-09-03T02:00:00Z,54774.9
2025-09-03T03:00:00Z,57448.5
2025-09-03T04:00:00Z,58964.6
2025-09-03T05:00:00Z,61253.8
2025-09-03T06:00:00Z,64012.9
2025-09-03T07:00:00Z,66684.0
2025-09-03T08:00:00Z,69122.0
2025-09-03T09:00:00Z,71576.5
2025-09-03T10:00:00Z,73635.5
2025-09-03T11:00:00Z,74033.8
2025-09-03T12:00:00Z,74443.9
2025-09-03T13:00:00Z,74942.4
2025-09-03T14:00:00Z,73954.5
2025-09-03T15:00:00Z,71178.9
2025-09-03T16:00:00Z,68172.3
2025-09-03T17:00:00Z,67631.5
2025-09-03T18:00:00Z,63413.6
2025-09-03T19:00:00Z,60872.7
2025-09-03T20:00:00Z,58427.8
2025-09-03T21:00:00Z,56739.1
2025-09-03T22:00:00Z,53509.7
2025-09-03T23:00:00Z,54024.7
2025-09-04T00:00:00Z,55190.2
2025-09-04T01:00:00Z,56726.9
2025-09-04T02:00:00Z,55993.7
2025-09-04T03:00:00Z,57857.8
2025-09-04T04:00:00Z,59998.5
2025-09-04T05:00:00Z,61187.1
2025-09-04T06:00:00Z,63460.1
2025-09-04T07:00:00Z,67143.3
2025-09-04T08:00:00Z,70178.3
2025-09-04T09:00:00Z,71420.9
2025-09-04T10:00:00Z,73183.6
2025-09-04T11:00:00Z,73872.8
2025-09-04T12:00:00Z,74123.8
2025-09-04T13:00:00Z,73467.9
2025-09-04T14:00:00Z,73805.5
2025-09-04T15:00:00Z,72026.5
2025-09-04T16:00:00Z,69157.6
2025-09-04T17:00:00Z,67093.3
2025-09-04T18:00:00Z,64800.1
2025-09-04T19:00:00Z,62636.2
2025-09-04T20:00:00Z,60924.8
2025-09-04T21:00:00Z,58699.9
2025-09-04T22:00:00Z,55683.2
2025-09-04T23:00:00Z,54887.5
2025-09-05T00:00:00Z,54266.1
2025-09-05T01:00:00Z,55478.4
2025-09-05T02:00:00Z,56737.6
2025-09-05T03:00:00Z,56069.2
2025-09-05T04:00:00Z,59571.6
2025-09-05T05:00:00Z,63069.3
2025-09-05T06:00:00Z,63272.7
2025-09-05T07:00:00Z,68301.0
2025-09-05T08:00:00Z,70371.6
2025-09-05T09:00:00Z,71076.4
2025-09-05T10:00:00Z,72248.3
2025-09-05T11:00:00Z,75507.1
2025-09-05T12:00:00Z,74101.0
2025-09-05T13:00:00Z,73022.3
2025-09-05T14:00:00Z,73126.2
2025-09-05T15:00:00Z,70330.9
2025-09-05T16:00:00Z,68573.7
2025-09-05T17:00:00Z,68458.8
2025-09-05T18:00:00Z,64053.9
2025-09-05T19:00:00Z,61702.0
2025-09-05T20:00:00Z,58042.9
2025-09-05T21:00:00Z,56618.3
2025-09-05T22:00:00Z,56606.5
2025-09-05T23:00:00Z,55088.3
2025-09-06T00:00:00Z,52654.1
2025-09-06T01:00:00Z,52926.9
2025-09-06T02:00:00Z,53298.0
2025-09-06T03:00:00Z,54343.5
2025-09-06T04:00:00Z,54945.0
2025-09-06T05:00:00Z,60061.3
2025-09-06T06:00:00Z,61820.5
2025-09-06T07:00:00Z,66449.3
2025-09-06T08:00:00Z,66599.9
2025-09-06T09:00:00Z,68677.8
2025-09-06T10:00:00Z,69962.1
2025-09-06T11:00:00Z,70340.9
2025-09-06T12:00:00Z,71709.9
2025-09-06T13:00:00Z,71620.1
2025-09-06T14:00:00Z,70535.8
2025-09-06T15:00:00Z,68527.5
2025-09-06T16:00:00Z,66057.0
2025-09-06T17:00:00Z,65249.6
2025-09-06T18:00:00Z,62545.8
2025-09-06T19:00:00Z,58615.1
2025-09-06T20:00:00Z,55684.5
2025-09-06T21:00:00Z,54134.1
2025-09-06T22:00:00Z,52541.1
2025-09-06T23:00:00Z,52964.1
2025-09-07T00:00:00Z,51197.6
2025-09-07T01:00:00Z,52563.6
2025-09-07T02:00:00Z,52411.5
2025-09-07T03:00:00Z,54750.7
2025-09-07T04:00:00Z,59096.4
2025-09-07T05:00:00Z,58766.7
2025-09-07T06:00:00Z,62247.9
2025-09-07T07:00:00Z,64094.7
2025-09-07T08:00:00Z,67837.8
2025-09-07T09:00:00Z,69245.0
2025-09-07T10:00:00Z,70554.6
2025-09-07T11:00:00Z,72741.5
2025-09-07T12:00:00Z,72574.1
2025-09-07T13:00:00Z,72085.2
2025-09-07T14:00:00Z,69569.2
2025-09-07T15:00:00Z,68216.4
2025-09-07T16:00:00Z,68089.4
2025-09-07T17:00:00Z,63510.0
2025-09-07T18:00:00Z,63243.4
2025-09-07T19:00:00Z,60647.7
2025-09-07T20:00:00Z,56723.9
2025-09-07T21:00:00Z,54118.9
2025-09-07T22:00:00Z,52220.7
2025-09-07T23:00:00Z,52902.2
2025-09-08T00:00:00Z,55246.0
2025-09-08T01:00:00Z,54477.5
2025-09-08T02:00:00Z,55244.5
2025-09-08T03:00:00Z,58087.8
2025-09-08T04:00:00Z,59218.8
2025-09-08T05:00:00Z,62127.6
2025-09-08T06:00:00Z,63463.1
2025-09-08T07:00:00Z,67646.6
2025-09-08T08:00:00Z,69817.4
2025-09-08T09:00:00Z,71366.7
2025-09-08T10:00:00Z,72369.0
2025-09-08T11:00:00Z,74276.5
2025-09-08T12:00:00Z,74975.5
2025-09-08T13:00:00Z,74677.3
2025-09-08T14:00:00Z,73439.2
2025-09-08T15:00:00Z,71132.9
2025-09-08T16:00:00Z,70240.7
2025-09-08T17:00:00Z,68243.6
2025-09-08T18:00:00Z,64214.1
2025-09-08T19:00:00Z,61086.0
2025-09-08T20:00:00Z,60934.5
2025-09-08T21:00:00Z,57822.7
2025-09-08T22:00:00Z,54492.4
2025-09-08T23:00:00Z,55759.2
2025-09-09T00:00:00Z,55003.8
2025-09-09T01:00:00Z,54622.0
2025-09-09T02:00:00Z,56259.1
2025-09-09T03:00:00Z,56865.7
2025-09-09T04:00:00Z,59110.6
2025-09-09T05:00:00Z,60856.8
2025-09-09T06:00:00Z,65748.1
2025-09-09T07:00:00Z,66919.9
2025-09-09T08:00:00Z,69919.3
2025-09-09T09:00:00Z,72092.7
2025-09-09T10:00:00Z,71227.2
2025-09-09T11:00:00Z,74503.5
2025-09-09T12:00:00Z,73755.5
2025-09-09T13:00:00Z,75375.3
2025-09-09T14:00:00Z,72349.9
2025-09-09T15:00:00Z,72459.7
2025-09-09T16:00:00Z,71071.0
2025-09-09T17:00:00Z,67517.3
2025-09-09T18:00:00Z,65579.0
2025-09-09T19:00:00Z,63279.1
2025-09-09T20:00:00Z,59906.7
2025-09-09T21:00:00Z,57496.6
2025-09-09T22:00:00Z,54916.4
2025-09-09T23:00:00Z,56648.2
2025-09-10T00:00:00Z,55750.2
2025-09-10T01:00:00Z,55790.6
2025-09-10T02:00:00Z,54834.8
2025-09-10T03:00:00Z,58759.3
2025-09-10T04:00:00Z,59590.1
2025-09-10T05:00:00Z,62452.1
2025-09-10T06:00:00Z,65182.9
2025-09-10T07:00:00Z,68410.2
2025-09-10T08:00:00Z,69629.7
2025-09-10T09:00:00Z,71386.0
2025-09-10T10:00:00Z,74018.9
2025-09-10T11:00:00Z,74754.1
2025-09-10T12:00:00Z,74380.3
2025-09-10T13:00:00Z,76288.5
2025-09-10T14:00:00Z,74492.4
2025-09-10T15:00:00Z,70657.7
2025-09-10T16:00:00Z,68067.6
2025-09-10T17:00:00Z,65917.6
2025-09-10T18:00:00Z,64558.3
2025-09-10T19:00:00Z,62709.2
2025-09-10T20:00:00Z,61365.4
2025-09-10T21:00:00Z,58017.4
2025-09-10T22:00:00Z,55755.6
2025-09-10T23:00:00Z,55415.3
2025-09-11T00:00:00Z,55122.8
2025-09-11T01:00:00Z,54664.9
2025-09-11T02:00:00Z,56550.5
2025-09-11T03:00:00Z,56471.2
2025-09-11T04:00:00Z,59777.6
2025-09-11T05:00:00Z,62862.2
2025-09-11T06:00:00Z,64886.5
2025-09-11T07:00:00Z,68089.6
2025-09-11T08:00:00Z,70955.0
2025-09-11T09:00:00Z,72625.3
2025-09-11T10:00:00Z,74270.1
2025-09-11T11:00:00Z,75261.9
2025-09-11T12:00:00Z,74906.5
2025-09-11T13:00:00Z,75564.2
2025-09-11T14:00:00Z,73964.7
2025-09-11T15:00:00Z,71368.3
2025-09-11T16:00:00Z,70898.3
2025-09-11T17:00:00Z,67701.5
2025-09-11T18:00:00Z,62576.5
2025-09-11T19:00:00Z,63984.6
2025-09-11T20:00:00Z,60211.4
2025-09-11T21:00:00Z,57487.9
2025-09-11T22:00:00Z,57178.3
2025-09-11T23:00:00Z,55874.2
2025-09-12T00:00:00Z,55555.9
2025-09-12T01:00:00Z,57139.1
2025-09-12T02:00:00Z,57641.1
2025-09-12T03:00:00Z,58084.0
2025-09-12T04:00:00Z,59811.9
2025-09-12T05:00:00Z,61746.7
2025-09-12T06:00:00Z,65720.3
2025-09-12T07:00:00Z,68042.4
2025-09-12T08:00:00Z,71251.6
2025-09-12T09:00:00Z,72590.7
2025-09-12T10:00:00Z,74605.1
2025-09-12T11:00:00Z,76120.7
2025-09-12T12:00:00Z,74953.2
2025-09-12T13:00:00Z,74245.8
2025-09-12T14:00:00Z,74031.8
2025-09-12T15:00:00Z,71398.0
2025-09-12T16:00:00Z,70240.4
2025-09-12T17:00:00Z,67767.4
2025-09-12T18:00:00Z,66576.9
2025-09-12T19:00:00Z,62546.5
2025-09-12T20:00:00Z,61407.6
2025-09-12T21:00:00Z,58034.7
2025-09-12T22:00:00Z,56735.1
2025-09-12T23:00:00Z,55384.3
2025-09-13T00:00:00Z,52717.8
2025-09-13T01:00:00Z,52632.4
2025-09-13T02:00:00Z,53213.1
2025-09-13T03:00:00Z,54658.1
2025-09-13T04:00:00Z,58490.8
2025-09-13T05:00:00Z,60296.7
2025-09-13T06:00:00Z,64056.0
2025-09-13T07:00:00Z,66549.8
2025-09-13T08:00:00Z,66887.4
2025-09-13T09:00:00Z,71337.7
2025-09-13T10:00:00Z,70992.1
2025-09-13T11:00:00Z,71049.1
2025-09-13T12:00:00Z,71736.1
2025-09-13T13:00:00Z,71900.5
2025-09-13T14:00:00Z,69358.3
2025-09-13T15:00:00Z,70145.0
2025-09-13T16:00:00Z,67407.2
2025-09-13T17:00:00Z,65812.3
2025-09-13T18:00:00Z,62994.5
2025-09-13T19:00:00Z,60355.9
2025-09-13T20:00:00Z,58325.9
2025-09-13T21:00:00Z,56077.0
2025-09-13T22:00:00Z,52933.2
2025-09-13T23:00:00Z,54373.1
2025-09-14T00:00:00Z,52486.0
2025-09-14T01:00:00Z,53240.1
2025-09-14T02:00:00Z,54789.6
2025-09-14T03:00:00Z,55195.0
2025-09-14T04:00:00Z,57405.7
2025-09-14T05:00:00Z,58756.4
2025-09-14T06:00:00Z,63360.1
2025-09-14T07:00:00Z,65942.5
2025-09-14T08:00:00Z,67451.7
2025-09-14T09:00:00Z,69201.6
2025-09-14T10:00:00Z,69259.3
2025-09-14T11:00:00Z,72789.9
2025-09-14T12:00:00Z,71976.3
2025-09-14T13:00:00Z,71990.0
2025-09-14T14:00:00Z,71101.3
2025-09-14T15:00:00Z,69504.1
2025-09-14T16:00:00Z,67855.6
2025-09-14T17:00:00Z,65820.0
2025-09-14T18:00:00Z,62883.0
2025-09-14T19:00:00Z,59270.5
2025-09-14T20:00:00Z,57718.0
2025-09-14T21:00:00Z,55599.3
2025-09-14T22:00:00Z,53336.9
2025-09-14T23:00:00Z,52908.2
2025-09-15T00:00:00Z,56389.8
2025-09-15T01:00:00Z,56627.3
2025-09-15T02:00:00Z,57438.5
2025-09-15T03:00:00Z,59107.5
2025-09-15T04:00:00Z,59130.7
2025-09-15T05:00:00Z,63241.8
2025-09-15T06:00:00Z,66883.9
2025-09-15T07:00:00Z,67999.4
2025-09-15T08:00:00Z,70406.3
2025-09-15T09:00:00Z,72126.2
2025-09-15T10:00:00Z,74560.7
2025-09-15T11:00:00Z,75290.1
2025-09-15T12:00:00Z,74857.7
2025-09-15T13:00:00Z,75394.5
2025-09-15T14:00:00Z,74341.1
2025-09-15T15:00:00Z,73039.6
2025-09-15T16:00:00Z,71013.3
2025-09-15T17:00:00Z,67678.1
2025-09-15T18:00:00Z,66036.8
2025-09-15T19:00:00Z,63090.8
2025-09-15T20:00:00Z,60644.1
2025-09-15T21:00:00Z,58333.3
2025-09-15T22:00:00Z,57127.5
2025-09-15T23:00:00Z,55568.0
2025-09-16T00:00:00Z,54952.9
2025-09-16T01:00:00Z,57062.1
2025-09-16T02:00:00Z,56167.2
2025-09-16T03:00:00Z,58941.4
2025-09-16T04:00:00Z,61399.4
2025-09-16T05:00:00Z,63374.7
2025-09-16T06:00:00Z,65516.4
2025-09-16T07:00:00Z,68211.1
2025-09-16T08:00:00Z,69515.8
2025-09-16T09:00:00Z,73059.9
2025-09-16T10:00:00Z,73640.3
2025-09-16T11:00:00Z,75269.5
2025-09-16T12:00:00Z,74988.8
2025-09-16T13:00:00Z,76054.5
2025-09-16T14:00:00Z,74049.6
2025-09-16T15:00:00Z,72748.1
2025-09-16T16:00:00Z,71854.1
2025-09-16T17:00:00Z,67553.7
2025-09-16T18:00:00Z,65534.3
2025-09-16T19:00:00Z,61393.9
2025-09-16T20:00:00Z,60477.6
2025-09-16T21:00:00Z,58315.3
2025-09-16T22:00:00Z,56577.3
2025-09-16T23:00:00Z,56627.0
2025-09-17T00:00:00Z,57065.2
2025-09-17T01:00:00Z,56849.4
2025-09-17T02:00:00Z,57790.6
2025-09-17T03:00:00Z,59617.2
2025-09-17T04:00:00Z,60391.1
2025-09-17T05:00:00Z,62637.3
2025-09-17T06:00:00Z,66093.8
2025-09-17T07:00:00Z,69802.6
2025-09-17T08:00:00Z,70383.9
2025-09-17T09:00:00Z,71720.4
2025-09-17T10:00:00Z,74527.3
2025-09-17T11:00:00Z,76285.2
2025-09-17T12:00:00Z,76371.0
2025-09-17T13:00:00Z,75855.8
2025-09-17T14:00:00Z,74411.3
2025-09-17T15:00:00Z,73513.6
2025-09-17T16:00:00Z,70535.8
2025-09-17T17:00:00Z,69426.3
2025-09-17T18:00:00Z,66935.9
2025-09-17T19:00:00Z,63947.5
2025-09-17T20:00:00Z,62497.4
2025-09-17T21:00:00Z,60774.9
2025-09-17T22:00:00Z,56626.0
2025-09-17T23:00:00Z,56114.3
2025-09-18T00:00:00Z,55267.6
2025-09-18T01:00:00Z,55023.9
2025-09-18T02:00:00Z,56467.6
2025-09-18T03:00:00Z,58800.5
2025-09-18T04:00:00Z,61411.4
2025-09-18T05:00:00Z,63735.7
2025-09-18T06:00:00Z,63918.0
2025-09-18T07:00:00Z,68493.7
2025-09-18T08:00:00Z,70010.2
2025-09-18T09:00:00Z,73521.7
2025-09-18T10:00:00Z,73914.1
2025-09-18T11:00:00Z,76365.0
2025-09-18T12:00:00Z,77305.1
2025-09-18T13:00:00Z,77098.1
2025-09-18T14:00:00Z,74429.0
2025-09-18T15:00:00Z,73190.8
2025-09-18T16:00:00Z,70670.2
2025-09-18T17:00:00Z,68508.7
2025-09-18T18:00:00Z,67353.2
2025-09-18T19:00:00Z,61925.9
2025-09-18T20:00:00Z,60482.3
2025-09-18T21:00:00Z,58959.6
2025-09-18T22:00:00Z,56921.4
2025-09-18T23:00:00Z,55400.0
2025-09-19T00:00:00Z,56936.8
2025-09-19T01:00:00Z,56348.7
2025-09-19T02:00:00Z,57049.7
2025-09-19T03:00:00Z,57887.4
2025-09-19T04:00:00Z,60940.1
2025-09-19T05:00:00Z,64202.7
2025-09-19T06:00:00Z,65892.5
2025-09-19T07:00:00Z,69527.3
2025-09-19T08:00:00Z,70752.5
2025-09-19T09:00:00Z,72391.0
2025-09-19T10:00:00Z,74696.5
2025-09-19T11:00:00Z,74909.8
2025-09-19T12:00:00Z,74772.4
2025-09-19T13:00:00Z,76090.8
2025-09-19T14:00:00Z,75462.1
2025-09-19T15:00:00Z,74454.2
2025-09-19T16:00:00Z,69481.0
2025-09-19T17:00:00Z,69397.1
2025-09-19T18:00:00Z,66574.0
2025-09-19T19:00:00Z,63589.5
2025-09-19T20:00:00Z,61454.8
2025-09-19T21:00:00Z,59559.1
2025-09-19T22:00:00Z,57844.4
2025-09-19T23:00:00Z,56891.6
2025-09-20T00:00:00Z,53188.1
2025-09-20T01:00:00Z,55173.5
2025-09-20T02:00:00Z,54745.4
2025-09-20T03:00:00Z,57230.5
2025-09-20T04:00:00Z,58098.6
2025-09-20T05:00:00Z,60770.3
2025-09-20T06:00:00Z,63287.3
2025-09-20T07:00:00Z,66152.1
2025-09-20T08:00:00Z,69488.7
2025-09-20T09:00:00Z,69198.5
2025-09-20T10:00:00Z,73015.6
2025-09-20T11:00:00Z,72434.8
2025-09-20T12:00:00Z,75058.3
2025-09-20T13:00:00Z,72223.5
2025-09-20T14:00:00Z,72142.6
2025-09-20T15:00:00Z,70953.9
2025-09-20T16:00:00Z,67056.4
2025-09-20T17:00:00Z,65956.5
2025-09-20T18:00:00Z,63438.9
2025-09-20T19:00:00Z,61120.2
2025-09-20T20:00:00Z,58245.8
2025-09-20T21:00:00Z,55485.5
2025-09-20T22:00:00Z,53223.9
2025-09-20T23:00:00Z,53293.8
2025-09-21T00:00:00Z,53184.1
2025-09-21T01:00:00Z,53541.4
2025-09-21T02:00:00Z,55523.4
2025-09-21T03:00:00Z,56513.5
2025-09-21T04:00:00Z,57088.7
2025-09-21T05:00:00Z,60190.9
2025-09-21T06:00:00Z,64402.9
2025-09-21T07:00:00Z,66589.2
2025-09-21T08:00:00Z,68582.5
2025-09-21T09:00:00Z,70247.9
2025-09-21T10:00:00Z,72992.5
2025-09-21T11:00:00Z,72469.3
2025-09-21T12:00:00Z,72892.5
2025-09-21T13:00:00Z,74007.1
2025-09-21T14:00:00Z,70603.6
2025-09-21T15:00:00Z,71446.3
2025-09-21T16:00:00Z,68085.6
2025-09-21T17:00:00Z,66390.8
2025-09-21T18:00:00Z,63131.2
2025-09-21T19:00:00Z,59378.9
2025-09-21T20:00:00Z,58807.5
2025-09-21T21:00:00Z,55870.7
2025-09-21T22:00:00Z,54779.7
2025-09-21T23:00:00Z,54190.1
2025-09-22T00:00:00Z,56526.9
2025-09-22T01:00:00Z,56832.4
2025-09-22T02:00:00Z,58243.5
2025-09-22T03:00:00Z,58150.7
2025-09-22T04:00:00Z,63078.5
2025-09-22T05:00:00Z,62508.0
2025-09-22T06:00:00Z,66180.9
2025-09-22T07:00:00Z,68924.6
2025-09-22T08:00:00Z,70912.0
2025-09-22T09:00:00Z,74016.0
2025-09-22T10:00:00Z,74571.4
2025-09-22T11:00:00Z,76015.8
2025-09-22T12:00:00Z,78503.8
2025-09-22T13:00:00Z,75613.1
2025-09-22T14:00:00Z,76919.1
2025-09-22T15:00:00Z,72246.2
2025-09-22T16:00:00Z,71820.6
2025-09-22T17:00:00Z,69114.1
2025-09-22T18:00:00Z,66907.0
2025-09-22T19:00:00Z,61855.0
2025-09-22T20:00:00Z,59670.7
2025-09-22T21:00:00Z,59847.4
2025-09-22T22:00:00Z,58420.2
2025-09-22T23:00:00Z,57288.7
2025-09-23T00:00:00Z,56079.6
2025-09-23T01:00:00Z,57239.6
2025-09-23T02:00:00Z,58141.1
2025-09-23T03:00:00Z,58907.0
2025-09-23T04:00:00Z,63021.2
2025-09-23T05:00:00Z,63830.0
2025-09-23T06:00:00Z,66019.6
2025-09-23T07:00:00Z,69336.1
2025-09-23T08:00:00Z,71099.5
2025-09-23T09:00:00Z,73705.4
2025-09-23T10:00:00Z,74313.6
2025-09-23T11:00:00Z,75354.9
2025-09-23T12:00:00Z,75966.0
2025-09-23T13:00:00Z,76934.9
2025-09-23T14:00:00Z,74864.6
2025-09-23T15:00:00Z,74816.7
2025-09-23T16:00:00Z,72635.0
2025-09-23T17:00:00Z,68570.4
2025-09-23T18:00:00Z,66056.7
2025-09-23T19:00:00Z,64841.8
2025-09-23T20:00:00Z,61215.2
2025-09-23T21:00:00Z,59112.5
2025-09-23T22:00:00Z,59292.0
2025-09-23T23:00:00Z,57881.1
2025-09-24T00:00:00Z,57069.0
2025-09-24T01:00:00Z,55426.2
2025-09-24T02:00:00Z,58046.1
2025-09-24T03:00:00Z,58092.3
2025-09-24T04:00:00Z,61753.3
2025-09-24T05:00:00Z,64269.0
2025-09-24T06:00:00Z,68061.2
2025-09-24T07:00:00Z,68044.7
2025-09-24T08:00:00Z,71679.9
2025-09-24T09:00:00Z,73883.3
2025-09-24T10:00:00Z,75552.3
2025-09-24T11:00:00Z,76642.4
2025-09-24T12:00:00Z,77497.6
2025-09-24T13:00:00Z,76635.1
2025-09-24T14:00:00Z,74885.7
2025-09-24T15:00:00Z,73429.8
2025-09-24T16:00:00Z,72485.0
2025-09-24T17:00:00Z,68900.4
2025-09-24T18:00:00Z,64944.4
2025-09-24T19:00:00Z,62694.4
2025-09-24T20:00:00Z,60587.9
2025-09-24T21:00:00Z,58470.8
2025-09-24T22:00:00Z,58161.7
2025-09-24T23:00:00Z,57099.6
2025-09-25T00:00:00Z,55234.6
2025-09-25T01:00:00Z,56178.5
2025-09-25T02:00:00Z,58378.5
2025-09-25T03:00:00Z,59953.0
2025-09-25T04:00:00Z,61569.6
2025-09-25T05:00:00Z,65860.3
2025-09-25T06:00:00Z,65936.8
2025-09-25T07:00:00Z,70157.5
2025-09-25T08:00:00Z,71834.7
2025-09-25T09:00:00Z,71945.2
2025-09-25T10:00:00Z,74341.3
2025-09-25T11:00:00Z,76317.6
2025-09-25T12:00:00Z,75919.8
2025-09-25T13:00:00Z,75914.2
2025-09-25T14:00:00Z,75106.9
2025-09-25T15:00:00Z,73911.2
2025-09-25T16:00:00Z,71317.5
2025-09-25T17:00:00Z,69711.8
2025-09-25T18:00:00Z,66414.4
2025-09-25T19:00:00Z,63162.2
2025-09-25T20:00:00Z,61252.5
2025-09-25T21:00:00Z,58507.7
2025-09-25T22:00:00Z,58610.2
2025-09-25T23:00:00Z,55715.5
2025-09-26T00:00:00Z,56219.0
2025-09-26T01:00:00Z,56679.4
2025-09-26T02:00:00Z,58461.7
2025-09-26T03:00:00Z,60796.4
2025-09-26T04:00:00Z,60695.6
2025-09-26T05:00:00Z,63781.2
2025-09-26T06:00:00Z,66231.0
2025-09-26T07:00:00Z,68601.0
2025-09-26T08:00:00Z,70225.0
2025-09-26T09:00:00Z,73764.0
2025-09-26T10:00:00Z,73697.0
2025-09-26T11:00:00Z,77491.9
2025-09-26T12:00:00Z,77315.0
2025-09-26T13:00:00Z,77167.1
2025-09-26T14:00:00Z,76836.7
2025-09-26T15:00:00Z,73605.7
2025-09-26T16:00:00Z,71008.9
2025-09-26T17:00:00Z,67648.6
2025-09-26T18:00:00Z,67601.6
2025-09-26T19:00:00Z,64734.0
2025-09-26T20:00:00Z,61244.3
2025-09-26T21:00:00Z,58690.3
2025-09-26T22:00:00Z,58278.9
2025-09-26T23:00:00Z,57245.0
2025-09-27T00:00:00Z,53010.2
2025-09-27T01:00:00Z,55552.9
2025-09-27T02:00:00Z,54858.1
2025-09-27T03:00:00Z,57393.3
2025-09-27T04:00:00Z,57415.5
2025-09-27T05:00:00Z,60452.5
2025-09-27T06:00:00Z,64041.8
2025-09-27T07:00:00Z,65632.9
2025-09-27T08:00:00Z,70382.2
2025-09-27T09:00:00Z,69320.1
2025-09-27T10:00:00Z,72113.2
2025-09-27T11:00:00Z,71995.6
2025-09-27T12:00:00Z,73544.9
2025-09-27T13:00:00Z,74593.7
2025-09-27T14:00:00Z,72763.4
2025-09-27T15:00:00Z,70788.1
2025-09-27T16:00:00Z,69948.3
2025-09-27T17:00:00Z,65171.9
2025-09-27T18:00:00Z,62850.0
2025-09-27T19:00:00Z,59984.7
2025-09-27T20:00:00Z,59843.3
2025-09-27T21:00:00Z,55472.7
2025-09-27T22:00:00Z,56420.2
2025-09-27T23:00:00Z,53673.3
2025-09-28T00:00:00Z,53836.5
2025-09-28T01:00:00Z,54043.5
2025-09-28T02:00:00Z,56070.9
2025-09-28T03:00:00Z,56524.3
2025-09-28T04:00:00Z,58754.6
2025-09-28T05:00:00Z,61162.9
2025-09-28T06:00:00Z,63882.2
2025-09-28T07:00:00Z,65806.6
2025-09-28T08:00:00Z,68989.7
2025-09-28T09:00:00Z,70158.0
2025-09-28T10:00:00Z,73087.7
2025-09-28T11:00:00Z,73205.0
2025-09-28T12:00:00Z,75145.5
2025-09-28T13:00:00Z,72446.9
2025-09-28T14:00:00Z,72758.9
2025-09-28T15:00:00Z,70945.1
2025-09-28T16:00:00Z,70467.1
2025-09-28T17:00:00Z,67012.4
2025-09-28T18:00:00Z,63832.6
2025-09-28T19:00:00Z,61261.9
2025-09-28T20:00:00Z,58414.7
2025-09-28T21:00:00Z,58672.1
2025-09-28T22:00:00Z,57164.5
2025-09-28T23:00:00Z,54295.4
2025-09-29T00:00:00Z,56219.7
2025-09-29T01:00:00Z,57570.6
2025-09-29T02:00:00Z,58808.7
2025-09-29T03:00:00Z,58986.1
2025-09-29T04:00:00Z,61487.3
2025-09-29T05:00:00Z,63781.6
2025-09-29T06:00:00Z,66569.0
2025-09-29T07:00:00Z,69797.6
2025-09-29T08:00:00Z,70901.6
2025-09-29T09:00:00Z,72319.4
2025-09-29T10:00:00Z,77170.9
2025-09-29T11:00:00Z,76125.5
2025-09-29T12:00:00Z,77170.0
2025-09-29T13:00:00Z,76004.7
2025-09-29T14:00:00Z,75536.2
2025-09-29T15:00:00Z,74091.5
2025-09-29T16:00:00Z,71650.9
2025-09-29T17:00:00Z,71502.5
2025-09-29T18:00:00Z,67333.1
2025-09-29T19:00:00Z,63946.7
2025-09-29T20:00:00Z,61881.6
2025-09-29T21:00:00Z,59744.5
2025-09-29T22:00:00Z,57966.5
2025-09-29T23:00:00Z,58083.5
2025-09-30T00:00:00Z,57798.1
2025-09-30T01:00:00Z,57185.7
2025-09-30T02:00:00Z,58429.0
2025-09-30T03:00:00Z,58753.2
2025-09-30T04:00:00Z,62287.3
2025-09-30T05:00:00Z,64162.3
2025-09-30T06:00:00Z,66138.2
2025-09-30T07:00:00Z,69130.4
2025-09-30T08:00:00Z,73053.9
2025-09-30T09:00:00Z,73086.3
2025-09-30T10:00:00Z,74731.6
2025-09-30T11:00:00Z,76801.0
2025-09-30T12:00:00Z,77195.1
2025-09-30T13:00:00Z,76359.7
2025-09-30T14:00:00Z,74588.9
2025-09-30T15:00:00Z,73378.7
2025-09-30T16:00:00Z,73497.9
2025-09-30T17:00:00Z,68259.4
2025-09-30T18:00:00Z,67023.7
2025-09-30T19:00:00Z,65031.8
2025-09-30T20:00:00Z,62474.7
2025-09-30T21:00:00Z,61743.4
2025-09-30T22:00:00Z,58570.0
2025-09-30T23:00:00Z,56887.5
2025-10-01T00:00:00Z,56370.1
2025-10-01T01:00:00Z,57082.5
2025-10-01T02:00:00Z,59465.1
2025-10-01T03:00:00Z,58954.4
2025-10-01T04:00:00Z,62170.8
2025-10-01T05:00:00Z,63667.8
2025-10-01T06:00:00Z,66848.2
2025-10-01T07:00:00Z,71196.5
2025-10-01T08:00:00Z,72127.2
2025-10-01T09:00:00Z,74359.2
2025-10-01T10:00:00Z,75144.7
2025-10-01T11:00:00Z,75260.3
2025-10-01T12:00:00Z,76181.4
2025-10-01T13:00:00Z,76177.0
2025-10-01T14:00:00Z,75535.1
2025-10-01T15:00:00Z,72329.7
2025-10-01T16:00:00Z,71802.3
2025-10-01T17:00:00Z,70737.6
2025-10-01T18:00:00Z,66534.6
2025-10-01T19:00:00Z,65010.2
2025-10-01T20:00:00Z,62160.1
2025-10-01T21:00:00Z,59865.4
2025-10-01T22:00:00Z,58100.4
2025-10-01T23:00:00Z,57943.9
2025-10-02T00:00:00Z,58472.5
2025-10-02T01:00:00Z,55883.1
2025-10-02T02:00:00Z,59265.8
2025-10-02T03:00:00Z,59648.5
2025-10-02T04:00:00Z,62345.5
2025-10-02T05:00:00Z,65359.5
2025-10-02T06:00:00Z,67183.3
2025-10-02T07:00:00Z,71248.5
2025-10-02T08:00:00Z,72928.4
2025-10-02T09:00:00Z,73834.4
2025-10-02T10:00:00Z,76405.5
2025-10-02T11:00:00Z,75431.7
2025-10-02T12:00:00Z,77219.7
2025-10-02T13:00:00Z,76203.9
2025-10-02T14:00:00Z,74975.6
2025-10-02T15:00:00Z,74963.7
2025-10-02T16:00:00Z,72232.0
2025-10-02T17:00:00Z,69227.4
2025-10-02T18:00:00Z,67356.5
2025-10-02T19:00:00Z,64404.2
2025-10-02T20:00:00Z,61958.3
2025-10-02T21:00:00Z,58674.6
2025-10-02T22:00:00Z,57996.2
2025-10-02T23:00:00Z,57881.0
2025-10-03T00:00:00Z,57476.6
2025-10-03T01:00:00Z,57550.1
2025-10-03T02:00:00Z,57515.3
2025-10-03T03:00:00Z,59438.1
2025-10-03T04:00:00Z,60098.0
2025-10-03T05:00:00Z,63664.0
2025-10-03T06:00:00Z,68169.4
2025-10-03T07:00:00Z,71139.0
2025-10-03T08:00:00Z,72172.2
2025-10-03T09:00:00Z,74155.9
2025-10-03T10:00:00Z,74543.9
2025-10-03T11:00:00Z,76933.9
2025-10-03T12:00:00Z,76627.9
2025-10-03T13:00:00Z,78549.9
2025-10-03T14:00:00Z,76183.2
2025-10-03T15:00:00Z,74095.0
2025-10-03T16:00:00Z,70808.7
2025-10-03T17:00:00Z,70945.8
2025-10-03T18:00:00Z,67200.3
2025-10-03T19:00:00Z,66313.4
2025-10-03T20:00:00Z,62715.7
2025-10-03T21:00:00Z,59969.5
2025-10-03T22:00:00Z,59138.4
2025-10-03T23:00:00Z,58199.2
2025-10-04T00:00:00Z,54000.0
2025-10-04T01:00:00Z,55962.6
2025-10-04T02:00:00Z,57446.8
2025-10-04T03:00:00Z,56822.5
2025-10-04T04:00:00Z,57470.4
2025-10-04T05:00:00Z,62491.1
2025-10-04T06:00:00Z,64548.4
2025-10-04T07:00:00Z,67039.4
2025-10-04T08:00:00Z,68650.1
2025-10-04T09:00:00Z,72788.9
2025-10-04T10:00:00Z,71294.4
2025-10-04T11:00:00Z,75126.0
2025-10-04T12:00:00Z,73991.4
2025-10-04T13:00:00Z,72272.9
2025-10-04T14:00:00Z,72361.0
2025-10-04T15:00:00Z,71438.9
2025-10-04T16:00:00Z,71103.5
2025-10-04T17:00:00Z,67989.5
2025-10-04T18:00:00Z,64283.8
2025-10-04T19:00:00Z,61870.6
2025-10-04T20:00:00Z,60566.3
2025-10-04T21:00:00Z,58061.5
2025-10-04T22:00:00Z,57686.9
2025-10-04T23:00:00Z,54223.2
2025-10-05T00:00:00Z,54867.7
2025-10-05T01:00:00Z,54381.4
2025-10-05T02:00:00Z,55961.4
2025-10-05T03:00:00Z,56167.3
2025-10-05T04:00:00Z,59506.4
2025-10-05T05:00:00Z,60664.5
2025-10-05T06:00:00Z,64765.3
2025-10-05T07:00:00Z,68292.3
2025-10-05T08:00:00Z,69664.2
2025-10-05T09:00:00Z,71653.3
2025-10-05T10:00:00Z,72968.5
2025-10-05T11:00:00Z,72937.1
2025-10-05T12:00:00Z,73828.8
2025-10-05T13:00:00Z,73724.3
2025-10-05T14:00:00Z,72209.2
2025-10-05T15:00:00Z,72417.1
2025-10-05T16:00:00Z,67869.2
2025-10-05T17:00:00Z,66129.7
2025-10-05T18:00:00Z,63672.7
2025-10-05T19:00:00Z,61601.9
2025-10-05T20:00:00Z,58502.8
2025-10-05T21:00:00Z,56192.2
2025-10-05T22:00:00Z,54734.4
2025-10-05T23:00:00Z,54215.9
2025-10-06T00:00:00Z,56076.1
2025-10-06T01:00:00Z,58521.6
2025-10-06T02:00:00Z,58602.2
2025-10-06T03:00:00Z,61241.0
2025-10-06T04:00:00Z,61771.5
2025-10-06T05:00:00Z,65166.7
2025-10-06T06:00:00Z,67189.7
2025-10-06T07:00:00Z,69988.4
2025-10-06T08:00:00Z,73558.6
2025-10-06T09:00:00Z,74909.1
2025-10-06T10:00:00Z,76098.2
2025-10-06T11:00:00Z,76754.5
2025-10-06T12:00:00Z,75725.7
2025-10-06T13:00:00Z,76686.9
2025-10-06T14:00:00Z,75330.5
2025-10-06T15:00:00Z,75819.6
2025-10-06T16:00:00Z,71795.1
2025-10-06T17:00:00Z,69958.1
2025-10-06T18:00:00Z,67145.3
2025-10-06T19:00:00Z,64142.8
2025-10-06T20:00:00Z,63127.0
2025-10-06T21:00:00Z,59294.1
2025-10-06T22:00:00Z,59112.2
2025-10-06T23:00:00Z,56032.8
2025-10-07T00:00:00Z,56842.5
2025-10-07T01:00:00Z,59082.6
2025-10-07T02:00:00Z,58500.6
2025-10-07T03:00:00Z,60447.2
2025-10-07T04:00:00Z,62556.9
2025-10-07T05:00:00Z,64759.0
2025-10-07T06:00:00Z,65091.3
2025-10-07T07:00:00Z,68572.8
2025-10-07T08:00:00Z,73026.1
2025-10-07T09:00:00Z,74456.5
2025-10-07T10:00:00Z,74731.1
2025-10-07T11:00:00Z,75772.6
2025-10-07T12:00:00Z,78281.8
2025-10-07T13:00:00Z,76488.6
2025-10-07T14:00:00Z,75709.5
2025-10-07T15:00:00Z,73941.7
2025-10-07T16:00:00Z,71569.1
2025-10-07T17:00:00Z,70096.9
2025-10-07T18:00:00Z,67687.3
2025-10-07T19:00:00Z,64482.4
2025-10-07T20:00:00Z,62228.1
2025-10-07T21:00:00Z,59530.4
2025-10-07T22:00:00Z,59733.2
2025-10-07T23:00:00Z,56414.5
2025-10-08T00:00:00Z,57571.8
2025-10-08T01:00:00Z,58256.9
2025-10-08T02:00:00Z,59623.2
2025-10-08T03:00:00Z,60290.8
2025-10-08T04:00:00Z,62745.1
2025-10-08T05:00:00Z,64561.7
2025-10-08T06:00:00Z,66616.5
2025-10-08T07:00:00Z,69984.2
2025-10-08T08:00:00Z,73146.5
2025-10-08T09:00:00Z,74933.3
2025-10-08T10:00:00Z,74926.8
2025-10-08T11:00:00Z,76984.1
2025-10-08T12:00:00Z,78353.3
2025-10-08T13:00:00Z,77256.5
2025-10-08T14:00:00Z,77170.5
2025-10-08T15:00:00Z,74435.2
2025-10-08T16:00:00Z,72179.7
2025-10-08T17:00:00Z,67133.4
2025-10-08T18:00:00Z,68414.7
2025-10-08T19:00:00Z,63354.1
2025-10-08T20:00:00Z,61957.0
2025-10-08T21:00:00Z,59463.9
2025-10-08T22:00:00Z,58069.8
2025-10-08T23:00:00Z,58381.8
2025-10-09T00:00:00Z,56043.0
2025-10-09T01:00:00Z,57992.2
2025-10-09T02:00:00Z,57688.0
2025-10-09T03:00:00Z,60281.1
2025-10-09T04:00:00Z,62719.6
2025-10-09T05:00:00Z,64601.9
2025-10-09T06:00:00Z,67098.5
2025-10-09T07:00:00Z,69802.2
2025-10-09T08:00:00Z,72181.4
2025-10-09T09:00:00Z,74905.6
2025-10-09T10:00:00Z,76309.4
2025-10-09T11:00:00Z,76634.6
2025-10-09T12:00:00Z,79182.9
2025-10-09T13:00:00Z,76406.1
2025-10-09T14:00:00Z,77493.6
2025-10-09T15:00:00Z,74251.1
2025-10-09T16:00:00Z,73437.8
2025-10-09T17:00:00Z,70825.0
2025-10-09T18:00:00Z,67090.7
2025-10-09T19:00:00Z,65459.0
2025-10-09T20:00:00Z,64089.2
2025-10-09T21:00:00Z,59011.4
2025-10-09T22:00:00Z,57658.6
2025-10-09T23:00:00Z,57065.6
2025-10-10T00:00:00Z,58951.4
2025-10-10T01:00:00Z,58206.0
2025-10-10T02:00:00Z,58207.6
2025-10-10T03:00:00Z,60208.8
2025-10-10T04:00:00Z,62658.0
2025-10-10T05:00:00Z,64139.6
2025-10-10T06:00:00Z,67197.0
2025-10-10T07:00:00Z,70089.1
2025-10-10T08:00:00Z,72810.9
2025-10-10T09:00:00Z,75267.4
2025-10-10T10:00:00Z,75651.4
2025-10-10T11:00:00Z,76883.0
2025-10-10T12:00:00Z,76332.0
2025-10-10T13:00:00Z,76947.4
2025-10-10T14:00:00Z,76145.4
2025-10-10T15:00:00Z,74415.0
2025-10-10T16:00:00Z,72776.8
2025-10-10T17:00:00Z,69109.9
2025-10-10T18:00:00Z,68349.7
2025-10-10T19:00:00Z,64977.9
2025-10-10T20:00:00Z,63431.2
2025-10-10T21:00:00Z,59585.4
2025-10-10T22:00:00Z,58630.3
2025-10-10T23:00:00Z,57888.3
2025-10-11T00:00:00Z,54179.7
2025-10-11T01:00:00Z,55955.3
2025-10-11T02:00:00Z,56047.4
2025-10-11T03:00:00Z,56481.5
2025-10-11T04:00:00Z,60498.8
2025-10-11T05:00:00Z,61581.3
2025-10-11T06:00:00Z,64921.9
2025-10-11T07:00:00Z,67936.0
2025-10-11T08:00:00Z,68808.7
2025-10-11T09:00:00Z,72858.7
2025-10-11T10:00:00Z,73964.1
2025-10-11T11:00:00Z,73031.7
2025-10-11T12:00:00Z,75616.6
2025-10-11T13:00:00Z,73612.0
2025-10-11T14:00:00Z,72681.2
2025-10-11T15:00:00Z,73070.4
2025-10-11T16:00:00Z,68504.0
2025-10-11T17:00:00Z,65120.7
2025-10-11T18:00:00Z,64816.7
2025-10-11T19:00:00Z,61913.3
2025-10-11T20:00:00Z,58927.6
2025-10-11T21:00:00Z,58447.0
2025-10-11T22:00:00Z,54783.7
2025-10-11T23:00:00Z,54241.9
2025-10-12T00:00:00Z,55372.3
2025-10-12T01:00:00Z,54489.0
2025-10-12T02:00:00Z,55267.6
2025-10-12T03:00:00Z,57332.7
2025-10-12T04:00:00Z,58679.8
2025-10-12T05:00:00Z,61040.1
2025-10-12T06:00:00Z,64583.7
2025-10-12T07:00:00Z,66838.9
2025-10-12T08:00:00Z,69527.4
2025-10-12T09:00:00Z,71019.0
2025-10-12T10:00:00Z,73469.9
2025-10-12T11:00:00Z,74637.8
2025-10-12T12:00:00Z,75266.3
2025-10-12T13:00:00Z,73790.8
2025-10-12T14:00:00Z,72746.2
2025-10-12T15:00:00Z,70731.2
2025-10-12T16:00:00Z,69873.0
2025-10-12T17:00:00Z,67967.4
2025-10-12T18:00:00Z,65410.9
2025-10-12T19:00:00Z,62710.9
2025-10-12T20:00:00Z,60641.4
2025-10-12T21:00:00Z,59043.7
2025-10-12T22:00:00Z,56225.4
2025-10-12T23:00:00Z,55569.6
2025-10-13T00:00:00Z,56876.8
2025-10-13T01:00:00Z,58206.4
2025-10-13T02:00:00Z,59583.7
2025-10-13T03:00:00Z,59948.3
2025-10-13T04:00:00Z,64147.4
2025-10-13T05:00:00Z,65377.0
2025-10-13T06:00:00Z,68173.4
2025-10-13T07:00:00Z,70329.7
2025-10-13T08:00:00Z,74123.4
2025-10-13T09:00:00Z,74763.4
2025-10-13T10:00:00Z,76904.8
2025-10-13T11:00:00Z,77376.7
2025-10-13T12:00:00Z,77163.9
2025-10-13T13:00:00Z,77063.5
2025-10-13T14:00:00Z,75730.5
2025-10-13T15:00:00Z,74320.7
2025-10-13T16:00:00Z,73219.9
2025-10-13T17:00:00Z,69493.2
2025-10-13T18:00:00Z,67295.5
2025-10-13T19:00:00Z,65608.8
2025-10-13T20:00:00Z,63533.2
2025-10-13T21:00:00Z,60554.2
2025-10-13T22:00:00Z,58660.3
2025-10-13T23:00:00Z,56864.8
2025-10-14T00:00:00Z,58117.2
2025-10-14T01:00:00Z,57291.1
2025-10-14T02:00:00Z,58461.0
2025-10-14T03:00:00Z,61090.4
2025-10-14T04:00:00Z,62159.0
2025-10-14T05:00:00Z,65392.0
2025-10-14T06:00:00Z,67959.7
2025-10-14T07:00:00Z,69559.8
2025-10-14T08:00:00Z,72408.0
2025-10-14T09:00:00Z,75602.7
2025-10-14T10:00:00Z,76461.7
2025-10-14T11:00:00Z,77348.5
2025-10-14T12:00:00Z,76417.5
2025-10-14T13:00:00Z,77075.4
2025-10-14T14:00:00Z,77184.4
2025-10-14T15:00:00Z,74359.1
2025-10-14T16:00:00Z,72839.8
2025-10-14T17:00:00Z,70899.3
2025-10-14T18:00:00Z,69478.4
2025-10-14T19:00:00Z,63591.6
2025-10-14T20:00:00Z,63409.7
2025-10-14T21:00:00Z,61422.3
2025-10-14T22:00:00Z,58967.5
2025-10-14T23:00:00Z,59529.2
2025-10-15T00:00:00Z,56570.9
2025-10-15T01:00:00Z,56731.5
2025-10-15T02:00:00Z,58809.8
2025-10-15T03:00:00Z,61075.3
2025-10-15T04:00:00Z,61705.1
2025-10-15T05:00:00Z,64957.3
2025-10-15T06:00:00Z,67116.5
2025-10-15T07:00:00Z,71750.6
2025-10-15T08:00:00Z,72070.3
2025-10-15T09:00:00Z,75713.5
2025-10-15T10:00:00Z,74476.5
2025-10-15T11:00:00Z,77102.5
2025-10-15T12:00:00Z,77518.9
2025-10-15T13:00:00Z,76092.4
2025-10-15T14:00:00Z,75913.2
2025-10-15T15:00:00Z,74859.0
2025-10-15T16:00:00Z,72288.0
2025-10-15T17:00:00Z,69692.8
2025-10-15T18:00:00Z,67452.6
2025-10-15T19:00:00Z,65308.8
2025-10-15T20:00:00Z,62974.7
2025-10-15T21:00:00Z,59993.2
2025-10-15T22:00:00Z,59664.7
2025-10-15T23:00:00Z,57813.8
2025-10-16T00:00:00Z,59605.6
2025-10-16T01:00:00Z,57889.2
2025-10-16T02:00:00Z,59091.2
2025-10-16T03:00:00Z,59625.8
2025-10-16T04:00:00Z,63799.6
2025-10-16T05:00:00Z,64786.7
2025-10-16T06:00:00Z,67829.5
2025-10-16T07:00:00Z,70900.9
2025-10-16T08:00:00Z,72221.6
2025-10-16T09:00:00Z,74785.9
2025-10-16T10:00:00Z,75834.6
2025-10-16T11:00:00Z,76514.4
2025-10-16T12:00:00Z,76452.8
2025-10-16T13:00:00Z,75505.3
2025-10-16T14:00:00Z,75292.2
2025-10-16T15:00:00Z,72986.8
2025-10-16T16:00:00Z,73122.0
2025-10-16T17:00:00Z,69165.7
2025-10-16T18:00:00Z,69739.5
2025-10-16T19:00:00Z,64766.1
2025-10-16T20:00:00Z,61943.7
2025-10-16T21:00:00Z,61686.5
2025-10-16T22:00:00Z,59081.2
2025-10-16T23:00:00Z,57719.8
2025-10-17T00:00:00Z,57366.8
2025-10-17T01:00:00Z,59089.2
2025-10-17T02:00:00Z,58265.7
2025-10-17T03:00:00Z,59509.9
2025-10-17T04:00:00Z,62409.7
2025-10-17T05:00:00Z,65233.4
2025-10-17T06:00:00Z,65775.8
2025-10-17T07:00:00Z,68995.2
2025-10-17T08:00:00Z,71762.6
2025-10-17T09:00:00Z,74157.1
2025-10-17T10:00:00Z,76079.6
2025-10-17T11:00:00Z,75550.3
2025-10-17T12:00:00Z,77104.5
2025-10-17T13:00:00Z,75559.9
2025-10-17T14:00:00Z,76749.7
2025-10-17T15:00:00Z,74275.7
2025-10-17T16:00:00Z,73111.7
2025-10-17T17:00:00Z,71218.8
2025-10-17T18:00:00Z,67707.6
2025-10-17T19:00:00Z,65012.1
2025-10-17T20:00:00Z,61969.2
2025-10-17T21:00:00Z,60009.1
2025-10-17T22:00:00Z,59367.3
2025-10-17T23:00:00Z,58660.9
2025-10-18T00:00:00Z,56302.4
2025-10-18T01:00:00Z,54531.5
2025-10-18T02:00:00Z,55333.7
2025-10-18T03:00:00Z,59328.9
2025-10-18T04:00:00Z,59841.4
2025-10-18T05:00:00Z,61376.6
2025-10-18T06:00:00Z,65624.5
2025-10-18T07:00:00Z,67209.7
2025-10-18T08:00:00Z,69375.1
2025-10-18T09:00:00Z,70781.8
2025-10-18T10:00:00Z,74122.5
2025-10-18T11:00:00Z,75144.0
2025-10-18T12:00:00Z,76117.8
2025-10-18T13:00:00Z,74541.8
2025-10-18T14:00:00Z,73126.9
2025-10-18T15:00:00Z,71977.8
2025-10-18T16:00:00Z,69978.2
2025-10-18T17:00:00Z,67106.1
2025-10-18T18:00:00Z,63689.6
2025-10-18T19:00:00Z,61334.9
2025-10-18T20:00:00Z,59717.4
2025-10-18T21:00:00Z,57415.6
2025-10-18T22:00:00Z,57562.5
2025-10-18T23:00:00Z,55304.2
2025-10-19T00:00:00Z,54689.7
2025-10-19T01:00:00Z,54659.7
2025-10-19T02:00:00Z,56695.2
2025-10-19T03:00:00Z,57633.1
2025-10-19T04:00:00Z,60644.2
2025-10-19T05:00:00Z,62337.3
2025-10-19T06:00:00Z,65746.8
2025-10-19T07:00:00Z,67308.7
2025-10-19T08:00:00Z,70381.0
2025-10-19T09:00:00Z,72920.0
2025-10-19T10:00:00Z,73115.9
2025-10-19T11:00:00Z,75660.4
2025-10-19T12:00:00Z,74766.0
2025-10-19T13:00:00Z,76258.1
2025-10-19T14:00:00Z,74719.9
2025-10-19T15:00:00Z,72821.6
2025-10-19T16:00:00Z,70653.9
2025-10-19T17:00:00Z,68915.4
2025-10-19T18:00:00Z,64480.4
2025-10-19T19:00:00Z,63099.1
2025-10-19T20:00:00Z,59859.4
2025-10-19T21:00:00Z,58127.8
2025-10-19T22:00:00Z,56723.2
2025-10-19T23:00:00Z,56185.4
2025-10-20T00:00:00Z,57130.1
2025-10-20T01:00:00Z,57196.2
2025-10-20T02:00:00Z,57823.7
2025-10-20T03:00:00Z,61091.3
2025-10-20T04:00:00Z,62273.8
2025-10-20T05:00:00Z,65605.1
2025-10-20T06:00:00Z,68518.7
2025-10-20T07:00:00Z,71209.3
2025-10-20T08:00:00Z,71012.9
2025-10-20T09:00:00Z,74831.7
2025-10-20T10:00:00Z,76380.5
2025-10-20T11:00:00Z,76430.4
2025-10-20T12:00:00Z,76277.4
2025-10-20T13:00:00Z,77566.9
2025-10-20T14:00:00Z,78096.0
2025-10-20T15:00:00Z,73624.1
2025-10-20T16:00:00Z,72430.6
2025-10-20T17:00:00Z,70577.9
2025-10-20T18:00:00Z,65517.1
2025-10-20T19:00:00Z,66435.9
2025-10-20T20:00:00Z,61899.8
2025-10-20T21:00:00Z,61432.9
2025-10-20T22:00:00Z,61297.3
2025-10-20T23:00:00Z,58181.2
2025-10-21T00:00:00Z,56744.5
2025-10-21T01:00:00Z,57940.6
2025-10-21T02:00:00Z,58554.3
2025-10-21T03:00:00Z,61077.4
2025-10-21T04:00:00Z,61791.3
2025-10-21T05:00:00Z,65916.0
2025-10-21T06:00:00Z,67004.5
2025-10-21T07:00:00Z,72845.6
2025-10-21T08:00:00Z,71359.5
2025-10-21T09:00:00Z,75346.2
2025-10-21T10:00:00Z,75023.3
2025-10-21T11:00:00Z,78215.1
2025-10-21T12:00:00Z,77547.2
2025-10-21T13:00:00Z,75550.2
2025-10-21T14:00:00Z,75379.0
2025-10-21T15:00:00Z,74046.5
2025-10-21T16:00:00Z,71405.9
2025-10-21T17:00:00Z,70144.7
2025-10-21T18:00:00Z,66633.4
2025-10-21T19:00:00Z,64887.7
2025-10-21T20:00:00Z,62974.7
2025-10-21T21:00:00Z,60507.7
2025-10-21T22:00:00Z,58589.7
2025-10-21T23:00:00Z,57589.3
2025-10-22T00:00:00Z,57975.3
2025-10-22T01:00:00Z,57473.1
2025-10-22T02:00:00Z,58831.1
2025-10-22T03:00:00Z,58563.1
2025-10-22T04:00:00Z,61742.4
2025-10-22T05:00:00Z,65252.5
2025-10-22T06:00:00Z,67371.7
2025-10-22T07:00:00Z,70174.4
2025-10-22T08:00:00Z,72580.4
2025-10-22T09:00:00Z,75741.7
2025-10-22T10:00:00Z,75616.9
2025-10-22T11:00:00Z,75691.8
2025-10-22T12:00:00Z,78478.2
2025-10-22T13:00:00Z,77284.3
2025-10-22T14:00:00Z,75456.4
2025-10-22T15:00:00Z,73451.3
2025-10-22T16:00:00Z,70801.1
2025-10-22T17:00:00Z,69327.0
2025-10-22T18:00:00Z,67310.7
2025-10-22T19:00:00Z,65975.1
2025-10-22T20:00:00Z,62147.3
2025-10-22T21:00:00Z,60200.4
2025-10-22T22:00:00Z,58200.4
2025-10-22T23:00:00Z,56724.6
2025-10-23T00:00:00Z,57764.6
2025-10-23T01:00:00Z,57973.7
2025-10-23T02:00:00Z,58627.1
2025-10-23T03:00:00Z,61076.7
2025-10-23T04:00:00Z,61196.0
2025-10-23T05:00:00Z,64831.0
2025-10-23T06:00:00Z,67125.7
2025-10-23T07:00:00Z,70547.5
2025-10-23T08:00:00Z,71714.8
2025-10-23T09:00:00Z,74101.6
2025-10-23T10:00:00Z,75624.3
2025-10-23T11:00:00Z,77197.2
2025-10-23T12:00:00Z,77070.5
2025-10-23T13:00:00Z,76668.5
2025-10-23T14:00:00Z,75122.0
2025-10-23T15:00:00Z,73699.2
2025-10-23T16:00:00Z,72776.7
2025-10-23T17:00:00Z,69306.4
2025-10-23T18:00:00Z,68218.7
2025-10-23T19:00:00Z,66360.5
2025-10-23T20:00:00Z,63619.5
2025-10-23T21:00:00Z,60788.2
2025-10-23T22:00:00Z,59148.0
2025-10-23T23:00:00Z,58339.8
2025-10-24T00:00:00Z,57444.3
2025-10-24T01:00:00Z,57624.3
2025-10-24T02:00:00Z,58668.9
2025-10-24T03:00:00Z,59639.8
2025-10-24T04:00:00Z,61972.6
2025-10-24T05:00:00Z,66239.2
2025-10-24T06:00:00Z,66308.6
2025-10-24T07:00:00Z,68973.8
2025-10-24T08:00:00Z,70794.8
2025-10-24T09:00:00Z,75019.5
2025-10-24T10:00:00Z,77590.0
2025-10-24T11:00:00Z,77974.8
2025-10-24T12:00:00Z,77124.4
2025-10-24T13:00:00Z,77717.7
2025-10-24T14:00:00Z,76409.3
2025-10-24T15:00:00Z,75031.1
2025-10-24T16:00:00Z,71592.0
2025-10-24T17:00:00Z,70749.4
2025-10-24T18:00:00Z,66806.3
2025-10-24T19:00:00Z,65144.6
2025-10-24T20:00:00Z,63017.2
2025-10-24T21:00:00Z,61115.2
2025-10-24T22:00:00Z,60314.5
2025-10-24T23:00:00Z,59070.1
2025-10-25T00:00:00Z,54560.1
2025-10-25T01:00:00Z,56926.1
2025-10-25T02:00:00Z,54684.0
2025-10-25T03:00:00Z,57101.7
2025-10-25T04:00:00Z,59868.8
2025-10-25T05:00:00Z,62593.2
2025-10-25T06:00:00Z,64697.5
2025-10-25T07:00:00Z,67229.9
2025-10-25T08:00:00Z,70977.1
2025-10-25T09:00:00Z,70292.3
2025-10-25T10:00:00Z,73120.6
2025-10-25T11:00:00Z,73673.8
2025-10-25T12:00:00Z,74576.1
2025-10-25T13:00:00Z,73845.2
2025-10-25T14:00:00Z,73702.5
2025-10-25T15:00:00Z,72690.3
2025-10-25T16:00:00Z,71029.4
2025-10-25T17:00:00Z,65434.3
2025-10-25T18:00:00Z,64244.6
2025-10-25T19:00:00Z,63104.6
2025-10-25T20:00:00Z,59746.0
2025-10-25T21:00:00Z,57390.3
2025-10-25T22:00:00Z,55973.1
2025-10-25T23:00:00Z,55853.2
2025-10-26T00:00:00Z,54594.9
2025-10-26T01:00:00Z,55208.2
2025-10-26T02:00:00Z,55844.4
2025-10-26T03:00:00Z,57676.7
2025-10-26T04:00:00Z,59937.2
2025-10-26T05:00:00Z,63743.7
2025-10-26T06:00:00Z,65250.0
2025-10-26T07:00:00Z,67438.4
2025-10-26T08:00:00Z,70637.9
2025-10-26T09:00:00Z,70445.2
2025-10-26T10:00:00Z,73028.8
2025-10-26T11:00:00Z,74414.8
2025-10-26T12:00:00Z,73704.0
2025-10-26T13:00:00Z,74156.5
2025-10-26T14:00:00Z,73069.3
2025-10-26T15:00:00Z,71331.6
2025-10-26T16:00:00Z,69167.3
2025-10-26T17:00:00Z,67301.7
2025-10-26T18:00:00Z,65501.6
2025-10-26T19:00:00Z,61755.0
2025-10-26T20:00:00Z,59978.0
2025-10-26T21:00:00Z,58046.5
2025-10-26T22:00:00Z,55608.5
2025-10-26T23:00:00Z,54920.6
2025-10-27T00:00:00Z,58289.3
2025-10-27T01:00:00Z,56598.8
2025-10-27T02:00:00Z,58866.8
2025-10-27T03:00:00Z,60399.6
2025-10-27T04:00:00Z,61975.8
2025-10-27T05:00:00Z,63025.3
2025-10-27T06:00:00Z,68004.5
2025-10-27T07:00:00Z,71992.7
2025-10-27T08:00:00Z,72233.0
2025-10-27T09:00:00Z,75174.7
2025-10-27T10:00:00Z,76276.9
2025-10-27T11:00:00Z,77255.3
2025-10-27T12:00:00Z,77185.1
2025-10-27T13:00:00Z,77342.6
2025-10-27T14:00:00Z,75235.1
2025-10-27T15:00:00Z,74408.0
2025-10-27T16:00:00Z,72459.5
2025-10-27T17:00:00Z,70072.0
2025-10-27T18:00:00Z,66728.8
2025-10-27T19:00:00Z,65491.4
2025-10-27T20:00:00Z,61164.6
2025-10-27T21:00:00Z,59292.4
2025-10-27T22:00:00Z,58912.0
2025-10-27T23:00:00Z,56306.8
2025-10-28T00:00:00Z,59199.7
2025-10-28T01:00:00Z,56658.5
2025-10-28T02:00:00Z,58321.2
2025-10-28T03:00:00Z,61419.8
2025-10-28T04:00:00Z,61303.3
2025-10-28T05:00:00Z,66071.8
2025-10-28T06:00:00Z,68494.2
2025-10-28T07:00:00Z,70903.4
2025-10-28T08:00:00Z,72380.8
2025-10-28T09:00:00Z,75646.5
2025-10-28T10:00:00Z,75941.9
2025-10-28T11:00:00Z,77789.7
2025-10-28T12:00:00Z,76590.4
2025-10-28T13:00:00Z,77818.4
2025-10-28T14:00:00Z,76682.7
2025-10-28T15:00:00Z,74988.3
2025-10-28T16:00:00Z,73139.9
2025-10-28T17:00:00Z,69147.2
2025-10-28T18:00:00Z,68226.4
2025-10-28T19:00:00Z,64680.5
2025-10-28T20:00:00Z,62505.6
2025-10-28T21:00:00Z,60802.2
2025-10-28T22:00:00Z,58281.2
2025-10-28T23:00:00Z,58492.6
2025-10-29T00:00:00Z,57235.2
2025-10-29T01:00:00Z,58340.5
2025-10-29T02:00:00Z,58759.1
2025-10-29T03:00:00Z,59622.0
2025-10-29T04:00:00Z,63150.5
2025-10-29T05:00:00Z,64761.1
2025-10-29T06:00:00Z,67790.6
2025-10-29T07:00:00Z,69547.2
2025-10-29T08:00:00Z,71043.0
2025-10-29T09:00:00Z,75097.1
2025-10-29T10:00:00Z,74265.4
2025-10-29T11:00:00Z,76362.9
2025-10-29T12:00:00Z,75784.3
2025-10-29T13:00:00Z,77240.4
2025-10-29T14:00:00Z,74245.4
2025-10-29T15:00:00Z,74958.8
2025-10-29T16:00:00Z,74356.1
2025-10-29T17:00:00Z,69132.9
2025-10-29T18:00:00Z,68214.6
2025-10-29T19:00:00Z,66358.1
2025-10-29T20:00:00Z,61314.7
2025-10-29T21:00:00Z,60342.1
2025-10-29T22:00:00Z,58183.1
2025-10-29T23:00:00Z,57748.9
2025-10-30T00:00:00Z,57082.2
2025-10-30T01:00:00Z,59294.4
2025-10-30T02:00:00Z,58883.8
2025-10-30T03:00:00Z,62351.7
2025-10-30T04:00:00Z,64241.4
2025-10-30T05:00:00Z,65833.6
2025-10-30T06:00:00Z,67066.7
2025-10-30T07:00:00Z,69576.2
2025-10-30T08:00:00Z,71784.4
2025-10-30T09:00:00Z,75048.1
2025-10-30T10:00:00Z,76095.7
2025-10-30T11:00:00Z,77153.5
2025-10-30T12:00:00Z,77540.4
2025-10-30T13:00:00Z,78663.5
2025-10-30T14:00:00Z,75926.7
2025-10-30T15:00:00Z,74202.6
2025-10-30T16:00:00Z,72701.6
2025-10-30T17:00:00Z,70295.4
2025-10-30T18:00:00Z,68478.3
2025-10-30T19:00:00Z,65987.1
2025-10-30T20:00:00Z,61734.5
2025-10-30T21:00:00Z,60781.3
2025-10-30T22:00:00Z,58441.4
2025-10-30T23:00:00Z,58228.5
2025-10-31T00:00:00Z,57117.5
2025-10-31T01:00:00Z,57011.8
2025-10-31T02:00:00Z,58519.5
2025-10-31T03:00:00Z,60647.1
2025-10-31T04:00:00Z,61473.7
2025-10-31T05:00:00Z,65097.9
2025-10-31T06:00:00Z,67304.3
2025-10-31T07:00:00Z,69657.6
2025-10-31T08:00:00Z,72683.7
2025-10-31T09:00:00Z,74981.8
2025-10-31T10:00:00Z,75789.1
2025-10-31T11:00:00Z,74344.8
2025-10-31T12:00:00Z,76580.7
2025-10-31T13:00:00Z,77870.6
2025-10-31T14:00:00Z,74837.0
2025-10-31T15:00:00Z,74604.8
2025-10-31T16:00:00Z,70793.7
2025-10-31T17:00:00Z,71650.0
2025-10-31T18:00:00Z,66559.5
2025-10-31T19:00:00Z,65268.5
2025-10-31T20:00:00Z,61850.3
2025-10-31T21:00:00Z,60387.5
2025-10-31T22:00:00Z,59667.7
2025-10-31T23:00:00Z,57651.9
2025-11-01T00:00:00Z,53672.0
2025-11-01T01:00:00Z,56087.3
2025-11-01T02:00:00Z,55714.5
2025-11-01T03:00:00Z,58631.7
2025-11-01T04:00:00Z,58875.4
2025-11-01T05:00:00Z,61626.8
2025-11-01T06:00:00Z,65080.2
2025-11-01T07:00:00Z,67831.8
2025-11-01T08:00:00Z,70041.6
2025-11-01T09:00:00Z,70877.4
2025-11-01T10:00:00Z,73548.9
2025-11-01T11:00:00Z,72882.8
2025-11-01T12:00:00Z,75187.1
2025-11-01T13:00:00Z,74259.6
2025-11-01T14:00:00Z,73818.0
2025-11-01T15:00:00Z,71179.5
2025-11-01T16:00:00Z,69367.3
2025-11-01T17:00:00Z,67586.6
2025-11-01T18:00:00Z,63382.6
2025-11-01T19:00:00Z,61520.2
2025-11-01T20:00:00Z,60298.9
2025-11-01T21:00:00Z,58007.7
2025-11-01T22:00:00Z,55598.1
2025-11-01T23:00:00Z,54376.6
2025-11-02T00:00:00Z,53550.8
2025-11-02T01:00:00Z,54608.4
2025-11-02T02:00:00Z,56418.5
2025-11-02T03:00:00Z,57561.8
2025-11-02T04:00:00Z,58532.2
2025-11-02T05:00:00Z,61180.5
2025-11-02T06:00:00Z,65000.8
2025-11-02T07:00:00Z,65089.7
2025-11-02T08:00:00Z,70750.7
2025-11-02T09:00:00Z,69038.1
2025-11-02T10:00:00Z,73051.7
2025-11-02T11:00:00Z,73454.6
2025-11-02T12:00:00Z,73739.0
2025-11-02T13:00:00Z,73423.5
2025-11-02T14:00:00Z,73244.8
2025-11-02T15:00:00Z,71283.6
2025-11-02T16:00:00Z,69098.1
2025-11-02T17:00:00Z,68321.5
2025-11-02T18:00:00Z,64703.6
2025-11-02T19:00:00Z,61737.6
2025-11-02T20:00:00Z,58151.4
2025-11-02T21:00:00Z,57171.3
2025-11-02T22:00:00Z,55754.9
2025-11-02T23:00:00Z,55227.2
2025-11-03T00:00:00Z,57167.7
2025-11-03T01:00:00Z,57433.8
2025-11-03T02:00:00Z,58048.8
2025-11-03T03:00:00Z,60770.8
2025-11-03T04:00:00Z,60709.2
2025-11-03T05:00:00Z,64616.3
2025-11-03T06:00:00Z,68179.7
2025-11-03T07:00:00Z,67377.6
2025-11-03T08:00:00Z,73204.3
2025-11-03T09:00:00Z,74543.8
2025-11-03T10:00:00Z,76016.5
2025-11-03T11:00:00Z,76016.4
2025-11-03T12:00:00Z,76405.5
2025-11-03T13:00:00Z,75926.4
2025-11-03T14:00:00Z,78610.7
2025-11-03T15:00:00Z,73383.4
2025-11-03T16:00:00Z,73976.5
2025-11-03T17:00:00Z,69512.3
2025-11-03T18:00:00Z,66284.8
2025-11-03T19:00:00Z,65075.9
2025-11-03T20:00:00Z,61912.3
2025-11-03T21:00:00Z,59328.0
2025-11-03T22:00:00Z,58110.6
2025-11-03T23:00:00Z,58080.4
2025-11-04T00:00:00Z,56824.5
2025-11-04T01:00:00Z,56904.2
2025-11-04T02:00:00Z,58533.1
2025-11-04T03:00:00Z,60390.9
2025-11-04T04:00:00Z,60951.2
2025-11-04T05:00:00Z,65571.0
2025-11-04T06:00:00Z,66147.6
2025-11-04T07:00:00Z,69541.9
2025-11-04T08:00:00Z,72903.3
2025-11-04T09:00:00Z,74554.7
2025-11-04T10:00:00Z,75498.2
2025-11-04T11:00:00Z,76411.5
2025-11-04T12:00:00Z,77116.5
2025-11-04T13:00:00Z,77741.7
2025-11-04T14:00:00Z,75742.8
2025-11-04T15:00:00Z,75169.5
2025-11-04T16:00:00Z,72014.8
2025-11-04T17:00:00Z,71477.2
2025-11-04T18:00:00Z,67334.6
2025-11-04T19:00:00Z,65658.9
2025-11-04T20:00:00Z,61137.0
2025-11-04T21:00:00Z,60058.5
2025-11-04T22:00:00Z,59082.5
2025-11-04T23:00:00Z,55962.9
2025-11-05T00:00:00Z,56536.2
2025-11-05T01:00:00Z,56513.4
2025-11-05T02:00:00Z,58882.9
2025-11-05T03:00:00Z,59275.8
2025-11-05T04:00:00Z,62163.1
2025-11-05T05:00:00Z,64318.4
2025-11-05T06:00:00Z,66924.5
2025-11-05T07:00:00Z,68186.9
2025-11-05T08:00:00Z,72508.7
2025-11-05T09:00:00Z,72443.3
2025-11-05T10:00:00Z,76552.3
2025-11-05T11:00:00Z,76688.6
2025-11-05T12:00:00Z,76209.5
2025-11-05T13:00:00Z,76434.6
2025-11-05T14:00:00Z,74133.8
2025-11-05T15:00:00Z,73540.0
2025-11-05T16:00:00Z,71981.5
2025-11-05T17:00:00Z,71454.7
2025-11-05T18:00:00Z,65788.2
2025-11-05T19:00:00Z,64271.4
2025-11-05T20:00:00Z,61196.9
2025-11-05T21:00:00Z,60327.5
2025-11-05T22:00:00Z,59532.6
2025-11-05T23:00:00Z,56469.3
2025-11-06T00:00:00Z,57102.0
2025-11-06T01:00:00Z,58212.6
2025-11-06T02:00:00Z,57949.9
2025-11-06T03:00:00Z,59679.9
2025-11-06T04:00:00Z,61632.2
2025-11-06T05:00:00Z,64379.4
2025-11-06T06:00:00Z,67129.5
2025-11-06T07:00:00Z,68895.2
2025-11-06T08:00:00Z,71689.2
2025-11-06T09:00:00Z,73073.0
2025-11-06T10:00:00Z,75716.0
2025-11-06T11:00:00Z,76674.9
2025-11-06T12:00:00Z,77779.7
2025-11-06T13:00:00Z,76425.6
2025-11-06T14:00:00Z,75382.2
2025-11-06T15:00:00Z,72761.6
2025-11-06T16:00:00Z,72548.5
2025-11-06T17:00:00Z,69633.6
2025-11-06T18:00:00Z,66525.1
2025-11-06T19:00:00Z,64656.3
2025-11-06T20:00:00Z,62903.6
2025-11-06T21:00:00Z,60411.5
2025-11-06T22:00:00Z,58755.7
2025-11-06T23:00:00Z,57937.1
2025-11-07T00:00:00Z,56102.9
2025-11-07T01:00:00Z,57111.4
2025-11-07T02:00:00Z,58561.3
2025-11-07T03:00:00Z,58634.2
2025-11-07T04:00:00Z,61616.9
2025-11-07T05:00:00Z,65370.2
2025-11-07T06:00:00Z,65944.5
2025-11-07T07:00:00Z,69100.0
2025-11-07T08:00:00Z,71763.7
2025-11-07T09:00:00Z,74698.1
2025-11-07T10:00:00Z,74496.2
2025-11-07T11:00:00Z,77082.8
2025-11-07T12:00:00Z,78044.9
2025-11-07T13:00:00Z,76642.4
2025-11-07T14:00:00Z,74644.2
2025-11-07T15:00:00Z,75260.4
2025-11-07T16:00:00Z,72363.5
2025-11-07T17:00:00Z,69917.8
2025-11-07T18:00:00Z,68082.6
2025-11-07T19:00:00Z,64764.8
2025-11-07T20:00:00Z,61695.0
2025-11-07T21:00:00Z,58525.5
2025-11-07T22:00:00Z,59681.7
2025-11-07T23:00:00Z,57248.6
2025-11-08T00:00:00Z,53905.9
2025-11-08T01:00:00Z,54909.7
2025-11-08T02:00:00Z,56209.1
2025-11-08T03:00:00Z,56164.8
2025-11-08T04:00:00Z,59033.7
2025-11-08T05:00:00Z,60911.5
2025-11-08T06:00:00Z,63132.2
2025-11-08T07:00:00Z,66116.5
2025-11-08T08:00:00Z,68548.4
2025-11-08T09:00:00Z,70907.0
2025-11-08T10:00:00Z,71479.1
2025-11-08T11:00:00Z,72924.1
2025-11-08T12:00:00Z,74653.0
2025-11-08T13:00:00Z,72434.2
2025-11-08T14:00:00Z,72489.6
2025-11-08T15:00:00Z,69933.4
2025-11-08T16:00:00Z,68462.9
2025-11-08T17:00:00Z,66634.5
2025-11-08T18:00:00Z,64577.4
2025-11-08T19:00:00Z,62114.3
2025-11-08T20:00:00Z,58206.1
2025-11-08T21:00:00Z,58004.8
2025-11-08T22:00:00Z,54273.4
2025-11-08T23:00:00Z,55346.6
2025-11-09T00:00:00Z,52805.5
2025-11-09T01:00:00Z,53511.3
2025-11-09T02:00:00Z,55775.7
2025-11-09T03:00:00Z,56658.2
2025-11-09T04:00:00Z,59646.8
2025-11-09T05:00:00Z,61565.1
2025-11-09T06:00:00Z,64066.3
2025-11-09T07:00:00Z,67413.9
2025-11-09T08:00:00Z,68646.8
2025-11-09T09:00:00Z,70646.5
2025-11-09T10:00:00Z,72873.3
2025-11-09T11:00:00Z,73675.6
2025-11-09T12:00:00Z,74212.8
2025-11-09T13:00:00Z,74050.1
2025-11-09T14:00:00Z,73419.7
2025-11-09T15:00:00Z,70449.3
2025-11-09T16:00:00Z,67548.9
2025-11-09T17:00:00Z,66613.1
2025-11-09T18:00:00Z,64517.9
2025-11-09T19:00:00Z,61611.1
2025-11-09T20:00:00Z,57986.9
2025-11-09T21:00:00Z,55490.0
2025-11-09T22:00:00Z,53924.0
2025-11-09T23:00:00Z,54593.4
2025-11-10T00:00:00Z,56104.9
2025-11-10T01:00:00Z,57884.0
2025-11-10T02:00:00Z,59641.0
2025-11-10T03:00:00Z,60259.7
2025-11-10T04:00:00Z,61950.9
2025-11-10T05:00:00Z,64207.7
2025-11-10T06:00:00Z,67054.4
2025-11-10T07:00:00Z,70913.0
2025-11-10T08:00:00Z,71370.9
2025-11-10T09:00:00Z,72687.1
2025-11-10T10:00:00Z,75756.0
2025-11-10T11:00:00Z,77367.6
2025-11-10T12:00:00Z,75706.2
2025-11-10T13:00:00Z,75197.2
2025-11-10T14:00:00Z,73817.0
2025-11-10T15:00:00Z,73572.9
2025-11-10T16:00:00Z,70473.8
2025-11-10T17:00:00Z,70497.5
2025-11-10T18:00:00Z,65732.0
2025-11-10T19:00:00Z,65113.0
2025-11-10T20:00:00Z,61915.6
2025-11-10T21:00:00Z,57903.4
2025-11-10T22:00:00Z,58163.2
2025-11-10T23:00:00Z,58393.1
2025-11-11T00:00:00Z,57255.3
2025-11-11T01:00:00Z,56570.1
2025-11-11T02:00:00Z,57801.3
2025-11-11T03:00:00Z,59601.4
2025-11-11T04:00:00Z,61703.0
2025-11-11T05:00:00Z,63892.6
2025-11-11T06:00:00Z,65833.0
2025-11-11T07:00:00Z,68249.5
2025-11-11T08:00:00Z,69898.9
2025-11-11T09:00:00Z,73620.7
2025-11-11T10:00:00Z,75044.8
2025-11-11T11:00:00Z,75283.4
2025-11-11T12:00:00Z,77510.9
2025-11-11T13:00:00Z,75608.0
2025-11-11T14:00:00Z,76323.2
2025-11-11T15:00:00Z,73306.9
2025-11-11T16:00:00Z,71037.1
2025-11-11T17:00:00Z,69497.0
2025-11-11T18:00:00Z,65639.6
2025-11-11T19:00:00Z,65040.2
2025-11-11T20:00:00Z,62966.2
2025-11-11T21:00:00Z,59355.4
2025-11-11T22:00:00Z,58266.1
2025-11-11T23:00:00Z,56072.8
2025-11-12T00:00:00Z,56877.7
2025-11-12T01:00:00Z,57824.0
2025-11-12T02:00:00Z,57456.6
2025-11-12T03:00:00Z,59739.3
2025-11-12T04:00:00Z,61737.6
2025-11-12T05:00:00Z,63682.4
2025-11-12T06:00:00Z,67860.7
2025-11-12T07:00:00Z,71007.6
2025-11-12T08:00:00Z,70639.0
2025-11-12T09:00:00Z,74065.7
2025-11-12T10:00:00Z,73381.3
2025-11-12T11:00:00Z,76114.2
2025-11-12T12:00:00Z,76666.9
2025-11-12T13:00:00Z,75902.6
2025-11-12T14:00:00Z,75237.2
2025-11-12T15:00:00Z,73827.2
2025-11-12T16:00:00Z,72700.0
2025-11-12T17:00:00Z,69007.2
2025-11-12T18:00:00Z,65794.0
2025-11-12T19:00:00Z,64213.3
2025-11-12T20:00:00Z,63227.2
2025-11-12T21:00:00Z,59073.9
2025-11-12T22:00:00Z,59109.3
2025-11-12T23:00:00Z,57234.3
2025-11-13T00:00:00Z,55366.6
2025-11-13T01:00:00Z,56727.1
2025-11-13T02:00:00Z,57353.1
2025-11-13T03:00:00Z,59914.3
2025-11-13T04:00:00Z,60201.9
2025-11-13T05:00:00Z,64063.2
2025-11-13T06:00:00Z,66467.4
2025-11-13T07:00:00Z,67032.8
2025-11-13T08:00:00Z,71231.4
2025-11-13T09:00:00Z,72874.4
2025-11-13T10:00:00Z,75953.3
2025-11-13T11:00:00Z,76534.6
2025-11-13T12:00:00Z,77101.3
2025-11-13T13:00:00Z,76118.5
2025-11-13T14:00:00Z,74181.0
2025-11-13T15:00:00Z,74446.4
2025-11-13T16:00:00Z,72022.6
2025-11-13T17:00:00Z,68972.4
2025-11-13T18:00:00Z,66460.7
2025-11-13T19:00:00Z,64606.3
2025-11-13T20:00:00Z,62125.2
2025-11-13T21:00:00Z,59328.0
2025-11-13T22:00:00Z,57516.4
2025-11-13T23:00:00Z,57721.1
2025-11-14T00:00:00Z,56435.0
2025-11-14T01:00:00Z,56298.0
2025-11-14T02:00:00Z,57719.3
2025-11-14T03:00:00Z,58967.4
2025-11-14T04:00:00Z,61595.2
2025-11-14T05:00:00Z,63404.6
2025-11-14T06:00:00Z,66316.9
2025-11-14T07:00:00Z,69349.0
2025-11-14T08:00:00Z,70990.1
2025-11-14T09:00:00Z,72904.1
2025-11-14T10:00:00Z,75148.4
2025-11-14T11:00:00Z,75193.5
2025-11-14T12:00:00Z,76052.5
2025-11-14T13:00:00Z,75708.9
2025-11-14T14:00:00Z,75108.5
2025-11-14T15:00:00Z,73545.3
2025-11-14T16:00:00Z,71165.5
2025-11-14T17:00:00Z,70143.9
2025-11-14T18:00:00Z,65547.1
2025-11-14T19:00:00Z,63555.3
2025-11-14T20:00:00Z,62472.5
2025-11-14T21:00:00Z,58957.5
2025-11-14T22:00:00Z,57604.1
2025-11-14T23:00:00Z,55926.7
2025-11-15T00:00:00Z,53683.8
2025-11-15T01:00:00Z,55014.2
2025-11-15T02:00:00Z,54663.1
2025-11-15T03:00:00Z,55698.6
2025-11-15T04:00:00Z,58321.6
2025-11-15T05:00:00Z,59601.9
2025-11-15T06:00:00Z,62796.3
2025-11-15T07:00:00Z,67993.5
2025-11-15T08:00:00Z,67287.6
2025-11-15T09:00:00Z,69301.0
2025-11-15T10:00:00Z,71855.5
2025-11-15T11:00:00Z,72199.9
2025-11-15T12:00:00Z,73217.1
2025-11-15T13:00:00Z,74695.7
2025-11-15T14:00:00Z,72920.3
2025-11-15T15:00:00Z,69669.6
2025-11-15T16:00:00Z,69314.0
2025-11-15T17:00:00Z,66837.9
2025-11-15T18:00:00Z,64436.8
2025-11-15T19:00:00Z,60452.6
2025-11-15T20:00:00Z,58711.4
2025-11-15T21:00:00Z,56054.1
2025-11-15T22:00:00Z,55197.4
2025-11-15T23:00:00Z,54025.4
2025-11-16T00:00:00Z,54443.8
2025-11-16T01:00:00Z,54212.6
2025-11-16T02:00:00Z,54511.1
2025-11-16T03:00:00Z,54368.4
2025-11-16T04:00:00Z,58698.0
2025-11-16T05:00:00Z,61281.8
2025-11-16T06:00:00Z,64142.2
2025-11-16T07:00:00Z,66032.9
2025-11-16T08:00:00Z,68515.4
2025-11-16T09:00:00Z,70379.4
2025-11-16T10:00:00Z,71809.4
2025-11-16T11:00:00Z,71576.0
2025-11-16T12:00:00Z,72766.3
2025-11-16T13:00:00Z,72680.4
2025-11-16T14:00:00Z,70587.2
2025-11-16T15:00:00Z,70235.2
2025-11-16T16:00:00Z,67453.4
2025-11-16T17:00:00Z,66423.2
2025-11-16T18:00:00Z,63550.6
2025-11-16T19:00:00Z,59349.2
2025-11-16T20:00:00Z,56588.4
2025-11-16T21:00:00Z,56783.0
2025-11-16T22:00:00Z,55619.7
2025-11-16T23:00:00Z,54365.4
2025-11-17T00:00:00Z,54515.6
2025-11-17T01:00:00Z,57075.1
2025-11-17T02:00:00Z,57174.7
2025-11-17T03:00:00Z,59809.3
2025-11-17T04:00:00Z,61156.6
2025-11-17T05:00:00Z,63078.2
2025-11-17T06:00:00Z,65899.3
2025-11-17T07:00:00Z,69209.6
2025-11-17T08:00:00Z,71351.8
2025-11-17T09:00:00Z,71803.3
2025-11-17T10:00:00Z,74437.8
2025-11-17T11:00:00Z,76108.8
2025-11-17T12:00:00Z,76172.3
2025-11-17T13:00:00Z,75581.7
2025-11-17T14:00:00Z,74645.6
2025-11-17T15:00:00Z,71849.6
2025-11-17T16:00:00Z,69912.2
2025-11-17T17:00:00Z,68501.1
2025-11-17T18:00:00Z,65868.0
2025-11-17T19:00:00Z,63578.8
2025-11-17T20:00:00Z,60297.4
2025-11-17T21:00:00Z,58295.6
2025-11-17T22:00:00Z,56574.4
2025-11-17T23:00:00Z,56282.5
2025-11-18T00:00:00Z,55979.3
2025-11-18T01:00:00Z,56866.9
2025-11-18T02:00:00Z,57879.9
2025-11-18T03:00:00Z,59378.4
2025-11-18T04:00:00Z,61472.4
2025-11-18T05:00:00Z,64529.4
2025-11-18T06:00:00Z,66988.4
2025-11-18T07:00:00Z,68390.3
2025-11-18T08:00:00Z,69674.6
2025-11-18T09:00:00Z,72606.6
2025-11-18T10:00:00Z,74652.0
2025-11-18T11:00:00Z,75597.0
2025-11-18T12:00:00Z,75323.1
2025-11-18T13:00:00Z,76333.1
2025-11-18T14:00:00Z,73223.5
2025-11-18T15:00:00Z,72962.0
2025-11-18T16:00:00Z,70751.1
2025-11-18T17:00:00Z,69568.8
2025-11-18T18:00:00Z,66288.7
2025-11-18T19:00:00Z,62768.2
2025-11-18T20:00:00Z,59689.6
2025-11-18T21:00:00Z,58162.5
2025-11-18T22:00:00Z,57938.9
2025-11-18T23:00:00Z,55977.5
2025-11-19T00:00:00Z,56265.0
2025-11-19T01:00:00Z,56529.9
2025-11-19T02:00:00Z,57070.0
2025-11-19T03:00:00Z,59707.8
2025-11-19T04:00:00Z,60276.6
2025-11-19T05:00:00Z,63403.2
2025-11-19T06:00:00Z,66575.6
2025-11-19T07:00:00Z,68488.2
2025-11-19T08:00:00Z,70942.0
2025-11-19T09:00:00Z,72280.2
2025-11-19T10:00:00Z,73599.9
2025-11-19T11:00:00Z,75540.4
2025-11-19T12:00:00Z,75905.0
2025-11-19T13:00:00Z,74865.4
2025-11-19T14:00:00Z,74040.2
2025-11-19T15:00:00Z,72671.7
2025-11-19T16:00:00Z,71070.6
2025-11-19T17:00:00Z,69527.0
2025-11-19T18:00:00Z,66069.6
2025-11-19T19:00:00Z,63196.9
2025-11-19T20:00:00Z,62495.6
2025-11-19T21:00:00Z,57320.4
2025-11-19T22:00:00Z,57531.3
2025-11-19T23:00:00Z,55900.9
2025-11-20T00:00:00Z,55979.1
2025-11-20T01:00:00Z,57594.0
2025-11-20T02:00:00Z,56146.8
2025-11-20T03:00:00Z,57847.5
2025-11-20T04:00:00Z,60841.1
2025-11-20T05:00:00Z,64269.8
2025-11-20T06:00:00Z,65542.2
2025-11-20T07:00:00Z,68414.2
2025-11-20T08:00:00Z,70810.7
2025-11-20T09:00:00Z,71938.7
2025-11-20T10:00:00Z,74523.8
2025-11-20T11:00:00Z,74985.6
2025-11-20T12:00:00Z,75590.9
2025-11-20T13:00:00Z,75494.8
2025-11-20T14:00:00Z,73001.1
2025-11-20T15:00:00Z,72629.3
2025-11-20T16:00:00Z,70389.9
2025-11-20T17:00:00Z,68053.6
2025-11-20T18:00:00Z,65219.1
2025-11-20T19:00:00Z,63515.9
2025-11-20T20:00:00Z,62343.4
2025-11-20T21:00:00Z,58547.6
2025-11-20T22:00:00Z,58228.3
2025-11-20T23:00:00Z,55873.4
2025-11-21T00:00:00Z,55779.4
2025-11-21T01:00:00Z,56780.0
2025-11-21T02:00:00Z,56658.6
2025-11-21T03:00:00Z,58402.9
2025-11-21T04:00:00Z,59661.7
2025-11-21T05:00:00Z,64350.9
2025-11-21T06:00:00Z,64284.7
2025-11-21T07:00:00Z,68339.1
2025-11-21T08:00:00Z,70381.2
2025-11-21T09:00:00Z,72731.2
2025-11-21T10:00:00Z,73379.3
2025-11-21T11:00:00Z,75274.3
2025-11-21T12:00:00Z,75953.1
2025-11-21T13:00:00Z,74620.3
2025-11-21T14:00:00Z,73548.2
2025-11-21T15:00:00Z,73203.0
2025-11-21T16:00:00Z,71004.8
2025-11-21T17:00:00Z,68485.4
2025-11-21T18:00:00Z,66366.0
2025-11-21T19:00:00Z,63076.7
2025-11-21T20:00:00Z,60242.8
2025-11-21T21:00:00Z,58137.3
2025-11-21T22:00:00Z,57592.8
2025-11-21T23:00:00Z,55096.9
2025-11-22T00:00:00Z,52603.0
2025-11-22T01:00:00Z,51840.2
2025-11-22T02:00:00Z,53715.9
2025-11-22T03:00:00Z,56716.1
2025-11-22T04:00:00Z,58104.2
2025-11-22T05:00:00Z,59848.3
2025-11-22T06:00:00Z,61673.6
2025-11-22T07:00:00Z,64287.0
2025-11-22T08:00:00Z,66757.9
2025-11-22T09:00:00Z,69783.4
2025-11-22T10:00:00Z,70584.9
2025-11-22T11:00:00Z,72828.5
2025-11-22T12:00:00Z,71675.8
2025-11-22T13:00:00Z,74034.1
2025-11-22T14:00:00Z,71475.1
2025-11-22T15:00:00Z,70275.0
2025-11-22T16:00:00Z,68027.3
2025-11-22T17:00:00Z,64738.4
2025-11-22T18:00:00Z,62085.4
2025-11-22T19:00:00Z,59361.9
2025-11-22T20:00:00Z,57275.5
2025-11-22T21:00:00Z,57429.9
2025-11-22T22:00:00Z,54147.1
2025-11-22T23:00:00Z,53549.7
2025-11-23T00:00:00Z,51854.6
2025-11-23T01:00:00Z,52599.5
2025-11-23T02:00:00Z,53558.8
2025-11-23T03:00:00Z,53792.3
2025-11-23T04:00:00Z,55337.2
2025-11-23T05:00:00Z,59431.8
2025-11-23T06:00:00Z,61810.7
2025-11-23T07:00:00Z,63871.7
2025-11-23T08:00:00Z,68444.5
2025-11-23T09:00:00Z,70728.6
2025-11-23T10:00:00Z,69941.2
2025-11-23T11:00:00Z,73133.7
2025-11-23T12:00:00Z,72730.1
2025-11-23T13:00:00Z,71224.4
2025-11-23T14:00:00Z,69848.6
2025-11-23T15:00:00Z,69440.3
2025-11-23T16:00:00Z,66453.4
2025-11-23T17:00:00Z,65267.0
2025-11-23T18:00:00Z,63334.3
2025-11-23T19:00:00Z,60312.1
2025-11-23T20:00:00Z,59854.9
2025-11-23T21:00:00Z,56180.2
2025-11-23T22:00:00Z,54787.1
2025-11-23T23:00:00Z,53518.3
2025-11-24T00:00:00Z,55522.2
2025-11-24T01:00:00Z,55684.0
2025-11-24T02:00:00Z,56886.1
2025-11-24T03:00:00Z,57398.3
2025-11-24T04:00:00Z,61788.1
2025-11-24T05:00:00Z,61960.9
2025-11-24T06:00:00Z,66617.3
2025-11-24T07:00:00Z,68074.5
2025-11-24T08:00:00Z,71021.4
2025-11-24T09:00:00Z,71323.2
2025-11-24T10:00:00Z,72993.3
2025-11-24T11:00:00Z,76134.0
2025-11-24T12:00:00Z,75545.3
2025-11-24T13:00:00Z,74114.9
2025-11-24T14:00:00Z,72932.1
2025-11-24T15:00:00Z,71572.5
2025-11-24T16:00:00Z,69638.8
2025-11-24T17:00:00Z,68601.6
2025-11-24T18:00:00Z,66699.3
2025-11-24T19:00:00Z,63231.0
2025-11-24T20:00:00Z,61065.7
2025-11-24T21:00:00Z,58754.3
2025-11-24T22:00:00Z,55946.9
2025-11-24T23:00:00Z,55765.9
2025-11-25T00:00:00Z,55592.7
2025-11-25T01:00:00Z,56265.7
2025-11-25T02:00:00Z,56092.4
2025-11-25T03:00:00Z,58597.9
2025-11-25T04:00:00Z,61623.7
2025-11-25T05:00:00Z,64347.6
2025-11-25T06:00:00Z,65907.2
2025-11-25T07:00:00Z,66620.3
2025-11-25T08:00:00Z,69782.8
2025-11-25T09:00:00Z,72781.7
2025-11-25T10:00:00Z,73093.5
2025-11-25T11:00:00Z,74379.4
2025-11-25T12:00:00Z,75717.8
2025-11-25T13:00:00Z,73440.3
2025-11-25T14:00:00Z,75001.0
2025-11-25T15:00:00Z,72226.1
2025-11-25T16:00:00Z,69957.1
2025-11-25T17:00:00Z,67455.2
2025-11-25T18:00:00Z,64522.5
2025-11-25T19:00:00Z,63882.1
2025-11-25T20:00:00Z,60793.9
2025-11-25T21:00:00Z,57948.0
2025-11-25T22:00:00Z,57383.9
2025-11-25T23:00:00Z,55813.9
2025-11-26T00:00:00Z,54825.2
2025-11-26T01:00:00Z,54826.3
2025-11-26T02:00:00Z,57305.4
2025-11-26T03:00:00Z,57373.8
2025-11-26T04:00:00Z,59582.6
2025-11-26T05:00:00Z,61392.6
2025-11-26T06:00:00Z,64817.5
2025-11-26T07:00:00Z,66086.8
2025-11-26T08:00:00Z,69213.8
2025-11-26T09:00:00Z,72220.3
2025-11-26T10:00:00Z,74093.8
2025-11-26T11:00:00Z,76576.4
2025-11-26T12:00:00Z,74742.5
2025-11-26T13:00:00Z,74082.7
2025-11-26T14:00:00Z,73027.2
2025-11-26T15:00:00Z,72780.1
2025-11-26T16:00:00Z,69986.5
2025-11-26T17:00:00Z,66775.2
2025-11-26T18:00:00Z,65276.9
2025-11-26T19:00:00Z,62389.3
2025-11-26T20:00:00Z,60031.4
2025-11-26T21:00:00Z,57615.5
2025-11-26T22:00:00Z,57347.6
2025-11-26T23:00:00Z,55253.5
2025-11-27T00:00:00Z,55311.5
2025-11-27T01:00:00Z,55127.0
2025-11-27T02:00:00Z,57632.8
2025-11-27T03:00:00Z,57402.7
2025-11-27T04:00:00Z,60439.2
2025-11-27T05:00:00Z,60861.2
2025-11-27T06:00:00Z,66046.5
2025-11-27T07:00:00Z,66288.4
2025-11-27T08:00:00Z,69142.4
2025-11-27T09:00:00Z,71684.3
2025-11-27T10:00:00Z,73947.2
2025-11-27T11:00:00Z,73967.1
2025-11-27T12:00:00Z,75498.8
2025-11-27T13:00:00Z,74877.7
2025-11-27T14:00:00Z,74225.5
2025-11-27T15:00:00Z,70741.5
2025-11-27T16:00:00Z,69282.2
2025-11-27T17:00:00Z,66759.5
2025-11-27T18:00:00Z,64930.0
2025-11-27T19:00:00Z,62235.6
2025-11-27T20:00:00Z,60184.4
2025-11-27T21:00:00Z,58087.5
2025-11-27T22:00:00Z,57130.7
2025-11-27T23:00:00Z,54735.2
2025-11-28T00:00:00Z,53807.2
2025-11-28T01:00:00Z,55446.4
2025-11-28T02:00:00Z,56558.8
2025-11-28T03:00:00Z,58005.5
2025-11-28T04:00:00Z,59254.8
2025-11-28T05:00:00Z,59850.2
2025-11-28T06:00:00Z,65698.5
2025-11-28T07:00:00Z,67504.2
2025-11-28T08:00:00Z,71436.9
2025-11-28T09:00:00Z,71351.4
2025-11-28T10:00:00Z,72980.8
2025-11-28T11:00:00Z,72268.5
2025-11-28T12:00:00Z,73704.3
2025-11-28T13:00:00Z,74004.8
2025-11-28T14:00:00Z,73209.5
2025-11-28T15:00:00Z,73191.6
2025-11-28T16:00:00Z,71382.9
2025-11-28T17:00:00Z,66669.3
2025-11-28T18:00:00Z,65288.8
2025-11-28T19:00:00Z,63125.9
2025-11-28T20:00:00Z,60211.5
2025-11-28T21:00:00Z,58432.6
2025-11-28T22:00:00Z,58166.8
2025-11-28T23:00:00Z,55376.8
2025-11-29T00:00:00Z,52181.9
2025-11-29T01:00:00Z,52062.5
2025-11-29T02:00:00Z,53376.6
2025-11-29T03:00:00Z,54856.2
2025-11-29T04:00:00Z,56561.6
2025-11-29T05:00:00Z,59080.5
2025-11-29T06:00:00Z,61336.7
2025-11-29T07:00:00Z,63959.5
2025-11-29T08:00:00Z,65912.4
2025-11-29T09:00:00Z,69073.7
2025-11-29T10:00:00Z,70532.0
2025-11-29T11:00:00Z,69925.7
2025-11-29T12:00:00Z,72662.7
2025-11-29T13:00:00Z,72482.7
2025-11-29T14:00:00Z,71142.1
2025-11-29T15:00:00Z,69296.5
2025-11-29T16:00:00Z,67140.1
2025-11-29T17:00:00Z,64632.6
2025-11-29T18:00:00Z,61340.8
2025-11-29T19:00:00Z,59007.9
2025-11-29T20:00:00Z,56076.1
2025-11-29T21:00:00Z,54222.1
2025-11-29T22:00:00Z,51881.7
2025-11-29T23:00:00Z,52249.4
2025-11-30T00:00:00Z,51885.2
2025-11-30T01:00:00Z,53614.1
2025-11-30T02:00:00Z,53420.2
2025-11-30T03:00:00Z,55041.0
2025-11-30T04:00:00Z,56112.6
2025-11-30T05:00:00Z,59037.7
2025-11-30T06:00:00Z,60755.1
2025-11-30T07:00:00Z,64547.3
2025-11-30T08:00:00Z,69325.3
2025-11-30T09:00:00Z,68477.2
2025-11-30T10:00:00Z,68411.9
2025-11-30T11:00:00Z,72550.3
2025-11-30T12:00:00Z,72522.7
2025-11-30T13:00:00Z,70516.1
2025-11-30T14:00:00Z,70586.8
2025-11-30T15:00:00Z,68218.3
2025-11-30T16:00:00Z,67279.5
2025-11-30T17:00:00Z,63417.4
2025-11-30T18:00:00Z,61806.7
2025-11-30T19:00:00Z,60147.0
2025-11-30T20:00:00Z,56943.7
2025-11-30T21:00:00Z,55444.6
2025-11-30T22:00:00Z,53619.7
2025-11-30T23:00:00Z,51930.9
2025-12-01T00:00:00Z,54418.4
2025-12-01T01:00:00Z,54502.3
2025-12-01T02:00:00Z,56150.0
2025-12-01T03:00:00Z,57558.0
2025-12-01T04:00:00Z,60424.9
2025-12-01T05:00:00Z,62019.5
2025-12-01T06:00:00Z,64430.3
2025-12-01T07:00:00Z,66598.0
2025-12-01T08:00:00Z,69290.0
2025-12-01T09:00:00Z,71630.2
2025-12-01T10:00:00Z,74039.0
2025-12-01T11:00:00Z,74656.0
2025-12-01T12:00:00Z,75884.1
2025-12-01T13:00:00Z,73551.6
2025-12-01T14:00:00Z,72610.2
2025-12-01T15:00:00Z,70825.4
2025-12-01T16:00:00Z,69918.1
2025-12-01T17:00:00Z,66527.3
2025-12-01T18:00:00Z,65284.5
2025-12-01T19:00:00Z,62139.4
2025-12-01T20:00:00Z,57587.2
2025-12-01T21:00:00Z,59026.9
2025-12-01T22:00:00Z,55669.2
2025-12-01T23:00:00Z,54269.2
2025-12-02T00:00:00Z,54788.0
2025-12-02T01:00:00Z,53812.6
2025-12-02T02:00:00Z,55461.7
2025-12-02T03:00:00Z,56564.1
2025-12-02T04:00:00Z,58174.2
2025-12-02T05:00:00Z,60437.3
2025-12-02T06:00:00Z,64644.4
2025-12-02T07:00:00Z,66702.1
2025-12-02T08:00:00Z,69117.9
2025-12-02T09:00:00Z,70900.6
2025-12-02T10:00:00Z,71982.5
2025-12-02T11:00:00Z,73908.8
2025-12-02T12:00:00Z,73981.7
2025-12-02T13:00:00Z,74922.7
2025-12-02T14:00:00Z,72280.5
2025-12-02T15:00:00Z,71387.5
2025-12-02T16:00:00Z,68372.0
2025-12-02T17:00:00Z,66622.7
2025-12-02T18:00:00Z,63443.4
2025-12-02T19:00:00Z,63766.4
2025-12-02T20:00:00Z,60172.5
2025-12-02T21:00:00Z,57169.1
2025-12-02T22:00:00Z,56479.1
2025-12-02T23:00:00Z,55913.2
2025-12-03T00:00:00Z,54777.1
2025-12-03T01:00:00Z,52653.0
2025-12-03T02:00:00Z,56251.6
2025-12-03T03:00:00Z,56988.0
2025-12-03T04:00:00Z,58811.0
2025-12-03T05:00:00Z,62132.7
2025-12-03T06:00:00Z,64120.0
2025-12-03T07:00:00Z,65209.7
2025-12-03T08:00:00Z,68200.9
2025-12-03T09:00:00Z,70762.7
2025-12-03T10:00:00Z,73219.1
2025-12-03T11:00:00Z,73927.3
2025-12-03T12:00:00Z,72047.8
2025-12-03T13:00:00Z,73267.2
2025-12-03T14:00:00Z,71279.2
2025-12-03T15:00:00Z,69284.2
2025-12-03T16:00:00Z,67713.8
2025-12-03T17:00:00Z,65523.6
2025-12-03T18:00:00Z,63372.4
2025-12-03T19:00:00Z,61222.7
2025-12-03T20:00:00Z,60298.1
2025-12-03T21:00:00Z,57416.4
2025-12-03T22:00:00Z,55953.0
2025-12-03T23:00:00Z,54461.9
2025-12-04T00:00:00Z,54941.7
2025-12-04T01:00:00Z,56720.7
2025-12-04T02:00:00Z,56015.0
2025-12-04T03:00:00Z,56433.2
2025-12-04T04:00:00Z,58179.0
2025-12-04T05:00:00Z,61103.3
2025-12-04T06:00:00Z,64628.6
2025-12-04T07:00:00Z,65939.1
2025-12-04T08:00:00Z,67766.5
2025-12-04T09:00:00Z,71261.2
2025-12-04T10:00:00Z,74401.7
2025-12-04T11:00:00Z,73416.3
2025-12-04T12:00:00Z,74261.3
2025-12-04T13:00:00Z,73801.6
2025-12-04T14:00:00Z,72323.4
2025-12-04T15:00:00Z,71268.4
2025-12-04T16:00:00Z,70098.9
2025-12-04T17:00:00Z,65987.4
2025-12-04T18:00:00Z,64494.6
2025-12-04T19:00:00Z,62041.8
2025-12-04T20:00:00Z,59684.5
2025-12-04T21:00:00Z,56901.5
2025-12-04T22:00:00Z,53079.7
2025-12-04T23:00:00Z,54879.9
2025-12-05T00:00:00Z,54174.9
2025-12-05T01:00:00Z,54129.5
2025-12-05T02:00:00Z,54647.7
2025-12-05T03:00:00Z,55988.4
2025-12-05T04:00:00Z,59169.7
2025-12-05T05:00:00Z,61905.3
2025-12-05T06:00:00Z,63210.5
2025-12-05T07:00:00Z,65835.1
2025-12-05T08:00:00Z,68670.7
2025-12-05T09:00:00Z,70195.1
2025-12-05T10:00:00Z,72320.3
2025-12-05T11:00:00Z,74219.2
2025-12-05T12:00:00Z,73787.1
2025-12-05T13:00:00Z,73159.7
2025-12-05T14:00:00Z,72864.6
2025-12-05T15:00:00Z,69110.0
2025-12-05T16:00:00Z,67622.7
2025-12-05T17:00:00Z,66712.4
2025-12-05T18:00:00Z,64359.9
2025-12-05T19:00:00Z,60332.9
2025-12-05T20:00:00Z,60267.7
2025-12-05T21:00:00Z,58146.5
2025-12-05T22:00:00Z,55164.4
2025-12-05T23:00:00Z,55101.2
2025-12-06T00:00:00Z,51561.3
2025-12-06T01:00:00Z,50141.7
2025-12-06T02:00:00Z,52603.2
2025-12-06T03:00:00Z,53507.3
2025-12-06T04:00:00Z,55701.7
2025-12-06T05:00:00Z,58105.7
2025-12-06T06:00:00Z,59129.3
2025-12-06T07:00:00Z,63385.6
2025-12-06T08:00:00Z,67368.4
2025-12-06T09:00:00Z,67541.1
2025-12-06T10:00:00Z,70217.4
2025-12-06T11:00:00Z,68958.3
2025-12-06T12:00:00Z,71483.7
2025-12-06T13:00:00Z,69712.0
2025-12-06T14:00:00Z,69802.9
2025-12-06T15:00:00Z,68562.7
2025-12-06T16:00:00Z,64447.3
2025-12-06T17:00:00Z,63056.3
2025-12-06T18:00:00Z,61449.3
2025-12-06T19:00:00Z,58476.7
2025-12-06T20:00:00Z,54006.3
2025-12-06T21:00:00Z,53799.6
2025-12-06T22:00:00Z,50896.8
2025-12-06T23:00:00Z,51055.2
2025-12-07T00:00:00Z,49180.6
2025-12-07T01:00:00Z,49008.0
2025-12-07T02:00:00Z,52036.7
2025-12-07T03:00:00Z,52560.0
2025-12-07T04:00:00Z,56257.8
2025-12-07T05:00:00Z,58395.6
2025-12-07T06:00:00Z,60566.5
2025-12-07T07:00:00Z,63931.4
2025-12-07T08:00:00Z,65294.5
2025-12-07T09:00:00Z,68151.8
2025-12-07T10:00:00Z,69138.1
2025-12-07T11:00:00Z,68007.5
2025-12-07T12:00:00Z,70522.6
2025-12-07T13:00:00Z,68902.0
2025-12-07T14:00:00Z,68750.9
2025-12-07T15:00:00Z,68347.6
2025-12-07T16:00:00Z,64618.1
2025-12-07T17:00:00Z,63779.9
2025-12-07T18:00:00Z,61265.2
2025-12-07T19:00:00Z,59602.5
2025-12-07T20:00:00Z,56177.0
2025-12-07T21:00:00Z,52430.1
2025-12-07T22:00:00Z,51797.5
2025-12-07T23:00:00Z,49679.2
2025-12-08T00:00:00Z,53168.2
2025-12-08T01:00:00Z,53295.9
2025-12-08T02:00:00Z,55612.7
2025-12-08T03:00:00Z,55946.1
2025-12-08T04:00:00Z,57410.4
2025-12-08T05:00:00Z,59849.4
2025-12-08T06:00:00Z,62834.1
2025-12-08T07:00:00Z,64614.0
2025-12-08T08:00:00Z,67900.0
2025-12-08T09:00:00Z,69995.8
2025-12-08T10:00:00Z,71375.3
2025-12-08T11:00:00Z,71832.7
2025-12-08T12:00:00Z,72873.4
2025-12-08T13:00:00Z,72805.0
2025-12-08T14:00:00Z,72453.8
2025-12-08T15:00:00Z,70030.6
2025-12-08T16:00:00Z,68840.7
2025-12-08T17:00:00Z,64351.1
2025-12-08T18:00:00Z,63896.0
2025-12-08T19:00:00Z,58800.4
2025-12-08T20:00:00Z,57217.6
2025-12-08T21:00:00Z,56139.8
2025-12-08T22:00:00Z,54327.3
2025-12-08T23:00:00Z,54230.7
2025-12-09T00:00:00Z,53573.0
2025-12-09T01:00:00Z,53864.2
2025-12-09T02:00:00Z,54280.6
2025-12-09T03:00:00Z,55369.3
2025-12-09T04:00:00Z,58591.9
2025-12-09T05:00:00Z,60383.4
2025-12-09T06:00:00Z,63182.3
2025-12-09T07:00:00Z,65757.1
2025-12-09T08:00:00Z,68032.4
2025-12-09T09:00:00Z,70418.9
2025-12-09T10:00:00Z,71953.4
2025-12-09T11:00:00Z,72334.0
2025-12-09T12:00:00Z,71906.5
2025-12-09T13:00:00Z,72868.1
2025-12-09T14:00:00Z,71244.4
2025-12-09T15:00:00Z,69738.2
2025-12-09T16:00:00Z,68199.0
2025-12-09T17:00:00Z,64919.7
2025-12-09T18:00:00Z,62827.2
2025-12-09T19:00:00Z,60366.2
2025-12-09T20:00:00Z,58756.4
2025-12-09T21:00:00Z,57777.6
2025-12-09T22:00:00Z,54335.2
2025-12-09T23:00:00Z,53653.2
2025-12-10T00:00:00Z,52631.7
2025-12-10T01:00:00Z,54286.3
2025-12-10T02:00:00Z,54453.0
2025-12-10T03:00:00Z,56679.8
2025-12-10T04:00:00Z,59170.7
2025-12-10T05:00:00Z,62125.2
2025-12-10T06:00:00Z,62841.7
2025-12-10T07:00:00Z,64502.7
2025-12-10T08:00:00Z,67874.3
2025-12-10T09:00:00Z,68538.5
2025-12-10T10:00:00Z,74231.9
2025-12-10T11:00:00Z,72556.8
2025-12-10T12:00:00Z,72539.2
2025-12-10T13:00:00Z,73734.0
2025-12-10T14:00:00Z,71219.0
2025-12-10T15:00:00Z,70972.5
2025-12-10T16:00:00Z,66777.0
2025-12-10T17:00:00Z,64058.5
2025-12-10T18:00:00Z,63205.8
2025-12-10T19:00:00Z,59088.5
2025-12-10T20:00:00Z,56880.0
2025-12-10T21:00:00Z,56679.2
2025-12-10T22:00:00Z,53722.1
2025-12-10T23:00:00Z,53155.5
2025-12-11T00:00:00Z,52349.4
2025-12-11T01:00:00Z,53956.0
2025-12-11T02:00:00Z,54044.9
2025-12-11T03:00:00Z,55438.0
2025-12-11T04:00:00Z,57243.9
2025-12-11T05:00:00Z,60403.5
2025-12-11T06:00:00Z,63303.6
2025-12-11T07:00:00Z,64109.6
2025-12-11T08:00:00Z,68422.5
2025-12-11T09:00:00Z,69574.8
2025-12-11T10:00:00Z,71564.0
2025-12-11T11:00:00Z,72901.2
2025-12-11T12:00:00Z,72243.0
2025-12-11T13:00:00Z,70686.4
2025-12-11T14:00:00Z,69948.5
2025-12-11T15:00:00Z,70554.3
2025-12-11T16:00:00Z,68735.0
2025-12-11T17:00:00Z,67797.8
2025-12-11T18:00:00Z,62495.0
2025-12-11T19:00:00Z,60779.4
2025-12-11T20:00:00Z,57560.4
2025-12-11T21:00:00Z,54883.8
2025-12-11T22:00:00Z,54720.9
2025-12-11T23:00:00Z,53344.0
2025-12-12T00:00:00Z,52942.5
2025-12-12T01:00:00Z,53015.6
2025-12-12T02:00:00Z,54484.6
2025-12-12T03:00:00Z,55428.6
2025-12-12T04:00:00Z,58333.9
2025-12-12T05:00:00Z,59731.3
2025-12-12T06:00:00Z,62017.2
2025-12-12T07:00:00Z,66506.0
2025-12-12T08:00:00Z,69013.8
2025-12-12T09:00:00Z,70345.2
2025-12-12T10:00:00Z,70372.7
2025-12-12T11:00:00Z,71870.0
2025-12-12T12:00:00Z,70404.0
2025-12-12T13:00:00Z,70858.5
2025-12-12T14:00:00Z,73006.7
2025-12-12T15:00:00Z,67981.5
2025-12-12T16:00:00Z,67831.0
2025-12-12T17:00:00Z,65757.6
2025-12-12T18:00:00Z,61923.9
2025-12-12T19:00:00Z,60599.8
2025-12-12T20:00:00Z,57016.7
2025-12-12T21:00:00Z,56310.9
2025-12-12T22:00:00Z,54120.6
2025-12-12T23:00:00Z,52956.4
2025-12-13T00:00:00Z,49634.9
2025-12-13T01:00:00Z,51029.5
2025-12-13T02:00:00Z,49949.7
2025-12-13T03:00:00Z,52095.7
2025-12-13T04:00:00Z,53340.6
2025-12-13T05:00:00Z,56795.8
2025-12-13T06:00:00Z,59712.1
2025-12-13T07:00:00Z,61870.4
2025-12-13T08:00:00Z,64693.6
2025-12-13T09:00:00Z,66291.8
2025-12-13T10:00:00Z,69711.1
2025-12-13T11:00:00Z,69859.8
2025-12-13T12:00:00Z,69460.2
2025-12-13T13:00:00Z,69448.3
2025-12-13T14:00:00Z,67931.3
2025-12-13T15:00:00Z,67597.4
2025-12-13T16:00:00Z,63300.5
2025-12-13T17:00:00Z,60875.6
2025-12-13T18:00:00Z,58313.4
2025-12-13T19:00:00Z,57836.8
2025-12-13T20:00:00Z,56805.0
2025-12-13T21:00:00Z,53646.7
2025-12-13T22:00:00Z,50627.7
2025-12-13T23:00:00Z,50048.9
2025-12-14T00:00:00Z,49891.7
2025-12-14T01:00:00Z,49580.3
2025-12-14T02:00:00Z,50497.6
2025-12-14T03:00:00Z,52997.0
2025-12-14T04:00:00Z,53722.7
2025-12-14T05:00:00Z,54281.0
2025-12-14T06:00:00Z,61016.4
2025-12-14T07:00:00Z,62938.3
2025-12-14T08:00:00Z,63954.4
2025-12-14T09:00:00Z,67995.9
2025-12-14T10:00:00Z,67307.7
2025-12-14T11:00:00Z,69154.1
2025-12-14T12:00:00Z,69229.8
2025-12-14T13:00:00Z,69234.6
2025-12-14T14:00:00Z,67032.4
2025-12-14T15:00:00Z,66800.5
2025-12-14T16:00:00Z,65097.4
2025-12-14T17:00:00Z,61746.0
2025-12-14T18:00:00Z,59601.3
2025-12-14T19:00:00Z,57294.0
2025-12-14T20:00:00Z,55060.0
2025-12-14T21:00:00Z,52533.2
2025-12-14T22:00:00Z,51196.8
2025-12-14T23:00:00Z,49740.8
2025-12-15T00:00:00Z,51552.1
2025-12-15T01:00:00Z,50094.5
2025-12-15T02:00:00Z,54729.8
2025-12-15T03:00:00Z,54891.3
2025-12-15T04:00:00Z,57444.7
2025-12-15T05:00:00Z,60115.6
2025-12-15T06:00:00Z,61538.6
2025-12-15T07:00:00Z,65147.1
2025-12-15T08:00:00Z,66707.7
2025-12-15T09:00:00Z,69013.1
2025-12-15T10:00:00Z,69104.7
2025-12-15T11:00:00Z,72144.4
2025-12-15T12:00:00Z,72246.9
2025-12-15T13:00:00Z,70479.3
2025-12-15T14:00:00Z,71306.5
2025-12-15T15:00:00Z,69758.5
2025-12-15T16:00:00Z,66660.9
2025-12-15T17:00:00Z,63421.7
2025-12-15T18:00:00Z,62026.9
2025-12-15T19:00:00Z,58370.9
2025-12-15T20:00:00Z,57258.5
2025-12-15T21:00:00Z,55431.3
2025-12-15T22:00:00Z,52575.8
2025-12-15T23:00:00Z,53182.9
2025-12-16T00:00:00Z,50828.7
2025-12-16T01:00:00Z,53300.6
2025-12-16T02:00:00Z,53811.1
2025-12-16T03:00:00Z,54583.0
2025-12-16T04:00:00Z,57577.2
2025-12-16T05:00:00Z,59897.9
2025-12-16T06:00:00Z,63529.9
2025-12-16T07:00:00Z,64714.4
2025-12-16T08:00:00Z,66508.7
2025-12-16T09:00:00Z,70073.0
2025-12-16T10:00:00Z,69992.4
2025-12-16T11:00:00Z,70704.8
2025-12-16T12:00:00Z,71326.5
2025-12-16T13:00:00Z,70890.8
2025-12-16T14:00:00Z,69745.9
2025-12-16T15:00:00Z,66925.5
2025-12-16T16:00:00Z,68100.9
2025-12-16T17:00:00Z,64088.9
2025-12-16T18:00:00Z,62062.0
2025-12-16T19:00:00Z,59798.0
2025-12-16T20:00:00Z,57272.6
2025-12-16T21:00:00Z,53757.1
2025-12-16T22:00:00Z,52460.9
2025-12-16T23:00:00Z,53037.9
2025-12-17T00:00:00Z,51360.6
2025-12-17T01:00:00Z,51931.0
2025-12-17T02:00:00Z,53491.0
2025-12-17T03:00:00Z,54983.0
2025-12-17T04:00:00Z,56467.9
2025-12-17T05:00:00Z,59853.0
2025-12-17T06:00:00Z,60938.7
2025-12-17T07:00:00Z,62978.2
2025-12-17T08:00:00Z,66113.6
2025-12-17T09:00:00Z,69349.4
2025-12-17T10:00:00Z,70206.9
2025-12-17T11:00:00Z,70678.7
2025-12-17T12:00:00Z,71336.1
2025-12-17T13:00:00Z,70919.6
2025-12-17T14:00:00Z,71242.4
2025-12-17T15:00:00Z,68553.9
2025-12-17T16:00:00Z,67964.7
2025-12-17T17:00:00Z,63033.9
2025-12-17T18:00:00Z,61172.7
2025-12-17T19:00:00Z,59353.2
2025-12-17T20:00:00Z,56701.2
2025-12-17T21:00:00Z,53032.6
2025-12-17T22:00:00Z,54221.4
2025-12-17T23:00:00Z,52162.0
2025-12-18T00:00:00Z,50958.5
2025-12-18T01:00:00Z,50731.9
2025-12-18T02:00:00Z,52795.3
2025-12-18T03:00:00Z,54732.8
2025-12-18T04:00:00Z,56609.3
2025-12-18T05:00:00Z,58848.7
2025-12-18T06:00:00Z,60996.8
2025-12-18T07:00:00Z,64957.2
2025-12-18T08:00:00Z,66845.3
2025-12-18T09:00:00Z,68785.6
2025-12-18T10:00:00Z,70061.1
2025-12-18T11:00:00Z,71405.0
2025-12-18T12:00:00Z,72022.7
2025-12-18T13:00:00Z,72041.4
2025-12-18T14:00:00Z,69844.3
2025-12-18T15:00:00Z,68071.0
2025-12-18T16:00:00Z,65601.9
2025-12-18T17:00:00Z,63105.7
2025-12-18T18:00:00Z,62280.9
2025-12-18T19:00:00Z,60468.4
2025-12-18T20:00:00Z,56504.6
2025-12-18T21:00:00Z,54018.6
2025-12-18T22:00:00Z,53651.4
2025-12-18T23:00:00Z,53650.4
2025-12-19T00:00:00Z,50728.2
2025-12-19T01:00:00Z,51963.9
2025-12-19T02:00:00Z,52095.6
2025-12-19T03:00:00Z,54392.6
2025-12-19T04:00:00Z,55446.1
2025-12-19T05:00:00Z,57811.2
2025-12-19T06:00:00Z,60478.9
2025-12-19T07:00:00Z,64427.6
2025-12-19T08:00:00Z,66256.0
2025-12-19T09:00:00Z,68343.6
2025-12-19T10:00:00Z,69962.5
2025-12-19T11:00:00Z,70739.6
2025-12-19T12:00:00Z,71315.3
2025-12-19T13:00:00Z,70737.2
2025-12-19T14:00:00Z,71002.4
2025-12-19T15:00:00Z,69448.0
2025-12-19T16:00:00Z,66696.5
2025-12-19T17:00:00Z,64857.8
2025-12-19T18:00:00Z,61581.3
2025-12-19T19:00:00Z,58492.8
2025-12-19T20:00:00Z,56316.6
2025-12-19T21:00:00Z,54496.7
2025-12-19T22:00:00Z,52052.4
2025-12-19T23:00:00Z,50430.1
2025-12-20T00:00:00Z,48793.5
2025-12-20T01:00:00Z,49385.9
2025-12-20T02:00:00Z,48631.8
2025-12-20T03:00:00Z,52831.1
2025-12-20T04:00:00Z,52825.1
2025-12-20T05:00:00Z,55888.9
2025-12-20T06:00:00Z,57992.3
2025-12-20T07:00:00Z,60180.0
2025-12-20T08:00:00Z,63601.7
2025-12-20T09:00:00Z,64725.8
2025-12-20T10:00:00Z,67389.5
2025-12-20T11:00:00Z,68162.3
2025-12-20T12:00:00Z,68126.1
2025-12-20T13:00:00Z,68856.9
2025-12-20T14:00:00Z,67507.5
2025-12-20T15:00:00Z,65362.7
2025-12-20T16:00:00Z,63350.7
2025-12-20T17:00:00Z,60973.9
2025-12-20T18:00:00Z,58789.9
2025-12-20T19:00:00Z,55000.4
2025-12-20T20:00:00Z,52294.6
2025-12-20T21:00:00Z,51490.4
2025-12-20T22:00:00Z,49539.6
2025-12-20T23:00:00Z,49230.3
2025-12-21T00:00:00Z,48039.1
2025-12-21T01:00:00Z,48400.0
2025-12-21T02:00:00Z,49799.3
2025-12-21T03:00:00Z,51641.8
2025-12-21T04:00:00Z,53681.9
2025-12-21T05:00:00Z,55997.9
2025-12-21T06:00:00Z,58525.3
2025-12-21T07:00:00Z,59564.8
2025-12-21T08:00:00Z,64330.0
2025-12-21T09:00:00Z,65316.1
2025-12-21T10:00:00Z,66683.9
2025-12-21T11:00:00Z,66620.1
2025-12-21T12:00:00Z,68153.6
2025-12-21T13:00:00Z,68017.2
2025-12-21T14:00:00Z,67105.9
2025-12-21T15:00:00Z,65627.9
2025-12-21T16:00:00Z,61822.3
2025-12-21T17:00:00Z,59534.4
2025-12-21T18:00:00Z,60275.1
2025-12-21T19:00:00Z,54384.2
2025-12-21T20:00:00Z,53341.1
2025-12-21T21:00:00Z,51409.8
2025-12-21T22:00:00Z,49368.7
2025-12-21T23:00:00Z,46892.8
2025-12-22T00:00:00Z,50188.5
2025-12-22T01:00:00Z,51017.9
2025-12-22T02:00:00Z,49896.8
2025-12-22T03:00:00Z,54154.3
2025-12-22T04:00:00Z,55840.6
2025-12-22T05:00:00Z,57648.2
2025-12-22T06:00:00Z,59832.5
2025-12-22T07:00:00Z,62406.2
2025-12-22T08:00:00Z,66755.4
2025-12-22T09:00:00Z,68542.5
2025-12-22T10:00:00Z,69875.4
2025-12-22T11:00:00Z,70928.6
2025-12-22T12:00:00Z,69534.9
2025-12-22T13:00:00Z,70537.5
2025-12-22T14:00:00Z,69266.9
2025-12-22T15:00:00Z,67781.9
2025-12-22T16:00:00Z,64978.7
2025-12-22T17:00:00Z,63244.6
2025-12-22T18:00:00Z,59996.6
2025-12-22T19:00:00Z,58772.3
2025-12-22T20:00:00Z,55596.7
2025-12-22T21:00:00Z,54581.5
2025-12-22T22:00:00Z,52251.1
2025-12-22T23:00:00Z,50859.7
2025-12-23T00:00:00Z,51238.1
2025-12-23T01:00:00Z,51710.7
2025-12-23T02:00:00Z,51813.0
2025-12-23T03:00:00Z,53793.2
2025-12-23T04:00:00Z,55224.5
2025-12-23T05:00:00Z,58090.4
2025-12-23T06:00:00Z,60365.5
2025-12-23T07:00:00Z,63496.8
2025-12-23T08:00:00Z,64962.6
2025-12-23T09:00:00Z,66339.7
2025-12-23T10:00:00Z,69222.9
2025-12-23T11:00:00Z,69303.0
2025-12-23T12:00:00Z,69798.3
2025-12-23T13:00:00Z,68814.8
2025-12-23T14:00:00Z,70342.2
2025-12-23T15:00:00Z,67523.8
2025-12-23T16:00:00Z,65386.6
2025-12-23T17:00:00Z,62493.1
2025-12-23T18:00:00Z,60494.2
2025-12-23T19:00:00Z,57489.7
2025-12-23T20:00:00Z,55309.6
2025-12-23T21:00:00Z,54411.3
2025-12-23T22:00:00Z,53340.8
2025-12-23T23:00:00Z,48815.4
2025-12-24T00:00:00Z,49408.3
2025-12-24T01:00:00Z,50341.3
2025-12-24T02:00:00Z,50828.3
2025-12-24T03:00:00Z,52916.2
2025-12-24T04:00:00Z,55312.3
2025-12-24T05:00:00Z,57810.4
2025-12-24T06:00:00Z,59517.7
2025-12-24T07:00:00Z,61606.6
2025-12-24T08:00:00Z,63233.6
2025-12-24T09:00:00Z,67704.4
2025-12-24T10:00:00Z,69905.4
2025-12-24T11:00:00Z,71062.8
2025-12-24T12:00:00Z,70033.4
2025-12-24T13:00:00Z,68752.3
2025-12-24T14:00:00Z,67539.7
2025-12-24T15:00:00Z,68191.7
2025-12-24T16:00:00Z,65266.8
2025-12-24T17:00:00Z,64904.8
2025-12-24T18:00:00Z,60994.0
2025-12-24T19:00:00Z,57509.8
2025-12-24T20:00:00Z,56306.2
2025-12-24T21:00:00Z,53087.6
2025-12-24T22:00:00Z,51754.0
2025-12-24T23:00:00Z,50170.7
2025-12-25T00:00:00Z,50637.9
2025-12-25T01:00:00Z,49825.0
2025-12-25T02:00:00Z,51253.2
2025-12-25T03:00:00Z,52626.2
2025-12-25T04:00:00Z,55653.1
2025-12-25T05:00:00Z,58182.4
2025-12-25T06:00:00Z,59969.3
2025-12-25T07:00:00Z,63046.7
2025-12-25T08:00:00Z,63986.4
2025-12-25T09:00:00Z,66676.6
2025-12-25T10:00:00Z,68011.6
2025-12-25T11:00:00Z,67734.8
2025-12-25T12:00:00Z,68936.0
2025-12-25T13:00:00Z,69417.9
2025-12-25T14:00:00Z,68647.3
2025-12-25T15:00:00Z,67411.7
2025-12-25T16:00:00Z,66521.6
2025-12-25T17:00:00Z,62775.3
2025-12-25T18:00:00Z,61106.6
2025-12-25T19:00:00Z,57482.0
2025-12-25T20:00:00Z,54852.0
2025-12-25T21:00:00Z,53043.2
2025-12-25T22:00:00Z,50206.2
2025-12-25T23:00:00Z,49813.3
2025-12-26T00:00:00Z,49482.1
2025-12-26T01:00:00Z,50989.0
2025-12-26T02:00:00Z,51548.4
2025-12-26T03:00:00Z,53097.9
2025-12-26T04:00:00Z,54358.0
2025-12-26T05:00:00Z,57401.4
2025-12-26T06:00:00Z,59077.8
2025-12-26T07:00:00Z,64986.3
2025-12-26T08:00:00Z,64891.0
2025-12-26T09:00:00Z,65451.8
2025-12-26T10:00:00Z,69170.0
2025-12-26T11:00:00Z,69060.9
2025-12-26T12:00:00Z,70720.9
2025-12-26T13:00:00Z,69449.7
2025-12-26T14:00:00Z,67570.9
2025-12-26T15:00:00Z,67523.7
2025-12-26T16:00:00Z,64579.0
2025-12-26T17:00:00Z,64685.4
2025-12-26T18:00:00Z,61093.4
2025-12-26T19:00:00Z,56228.4
2025-12-26T20:00:00Z,55811.2
2025-12-26T21:00:00Z,51282.9
2025-12-26T22:00:00Z,51406.8
2025-12-26T23:00:00Z,50270.2
2025-12-27T00:00:00Z,47644.6
2025-12-27T01:00:00Z,46923.6
2025-12-27T02:00:00Z,47844.5
2025-12-27T03:00:00Z,49331.3
2025-12-27T04:00:00Z,52647.4
2025-12-27T05:00:00Z,54743.2
2025-12-27T06:00:00Z,57462.4
2025-12-27T07:00:00Z,59894.1
2025-12-27T08:00:00Z,61802.5
2025-12-27T09:00:00Z,65320.9
2025-12-27T10:00:00Z,65026.7
2025-12-27T11:00:00Z,67867.4
2025-12-27T12:00:00Z,67916.9
2025-12-27T13:00:00Z,65766.2
2025-12-27T14:00:00Z,66111.0
2025-12-27T15:00:00Z,64581.9
2025-12-27T16:00:00Z,62574.9
2025-12-27T17:00:00Z,58691.1
2025-12-27T18:00:00Z,57749.5
2025-12-27T19:00:00Z,54844.4
2025-12-27T20:00:00Z,50746.1
2025-12-27T21:00:00Z,49617.0
2025-12-27T22:00:00Z,49074.7
2025-12-27T23:00:00Z,47016.6
2025-12-28T00:00:00Z,47202.6
2025-12-28T01:00:00Z,46827.8
2025-12-28T02:00:00Z,47400.4
2025-12-28T03:00:00Z,49679.1
2025-12-28T04:00:00Z,52199.4
2025-12-28T05:00:00Z,53915.3
2025-12-28T06:00:00Z,55776.4
2025-12-28T07:00:00Z,57943.2
2025-12-28T08:00:00Z,62344.5
2025-12-28T09:00:00Z,64140.7
2025-12-28T10:00:00Z,66593.1
2025-12-28T11:00:00Z,66484.0
2025-12-28T12:00:00Z,67909.5
2025-12-28T13:00:00Z,65942.5
2025-12-28T14:00:00Z,66201.7
2025-12-28T15:00:00Z,62518.1
2025-12-28T16:00:00Z,59841.8
2025-12-28T17:00:00Z,59646.8
2025-12-28T18:00:00Z,56135.8
2025-12-28T19:00:00Z,54132.1
2025-12-28T20:00:00Z,51641.9
2025-12-28T21:00:00Z,48768.1
2025-12-28T22:00:00Z,47922.3
2025-12-28T23:00:00Z,46033.2
2025-12-29T00:00:00Z,49208.0
2025-12-29T01:00:00Z,48898.3
2025-12-29T02:00:00Z,50753.2
2025-12-29T03:00:00Z,52026.1
2025-12-29T04:00:00Z,55633.6
2025-12-29T05:00:00Z,56628.6
2025-12-29T06:00:00Z,60815.7
2025-12-29T07:00:00Z,61454.2
2025-12-29T08:00:00Z,65064.0
2025-12-29T09:00:00Z,67032.3
2025-12-29T10:00:00Z,67780.4
2025-12-29T11:00:00Z,69542.0
2025-12-29T12:00:00Z,68824.7
2025-12-29T13:00:00Z,68839.9
2025-12-29T14:00:00Z,68626.5
2025-12-29T15:00:00Z,66420.1
2025-12-29T16:00:00Z,62561.9
2025-12-29T17:00:00Z,61186.6
2025-12-29T18:00:00Z,60632.2
2025-12-29T19:00:00Z,57241.9
2025-12-29T20:00:00Z,54530.2
2025-12-29T21:00:00Z,51987.4
2025-12-29T22:00:00Z,50462.0
2025-12-29T23:00:00Z,48774.0
2025-12-30T00:00:00Z,49826.5
2025-12-30T01:00:00Z,49773.1
2025-12-30T02:00:00Z,51720.5
2025-12-30T03:00:00Z,53051.3
2025-12-30T04:00:00Z,54094.8
2025-12-30T05:00:00Z,56650.1
2025-12-30T06:00:00Z,59058.4
2025-12-30T07:00:00Z,62131.6
2025-12-30T08:00:00Z,63787.6
2025-12-30T09:00:00Z,64214.9
2025-12-30T10:00:00Z,67197.1
2025-12-30T11:00:00Z,68542.0
2025-12-30T12:00:00Z,70211.2
2025-12-30T13:00:00Z,68315.7
2025-12-30T14:00:00Z,67100.1
2025-12-30T15:00:00Z,65697.3
2025-12-30T16:00:00Z,63803.4
2025-12-30T17:00:00Z,62399.4
2025-12-30T18:00:00Z,57696.8
2025-12-30T19:00:00Z,58248.3
2025-12-30T20:00:00Z,54612.6
2025-12-30T21:00:00Z,53129.0
2025-12-30T22:00:00Z,50489.6
2025-12-30T23:00:00Z,49871.4
2025-12-31T00:00:00Z,47414.6
2025-12-31T01:00:00Z,49544.8
2025-12-31T02:00:00Z,50428.3
2025-12-31T03:00:00Z,52880.9
2025-12-31T04:00:00Z,54072.0
2025-12-31T05:00:00Z,56649.5
2025-12-31T06:00:00Z,59371.2
2025-12-31T07:00:00Z,60572.0
2025-12-31T08:00:00Z,64433.9
2025-12-31T09:00:00Z,68089.6
2025-12-31T10:00:00Z,67558.0
2025-12-31T11:00:00Z,69741.3
2025-12-31T12:00:00Z,68883.4
2025-12-31T13:00:00Z,70166.7
2025-12-31T14:00:00Z,69151.6
2025-12-31T15:00:00Z,65955.7
2025-12-31T16:00:00Z,63555.2
2025-12-31T17:00:00Z,61944.3
2025-12-31T18:00:00Z,59089.8
2025-12-31T19:00:00Z,55991.4
2025-12-31T20:00:00Z,53391.6
2025-12-31T21:00:00Z,50560.4
2025-12-31T22:00:00Z,49813.0
2025-12-31T23:00:00Z,49032.3
2026-01-01T00:00:00Z,50169.7
2026-01-01T01:00:00Z,49941.0
2026-01-01T02:00:00Z,49562.4
2026-01-01T03:00:00Z,51602.5
2026-01-01T04:00:00Z,53145.5
2026-01-01T05:00:00Z,57049.1
2026-01-01T06:00:00Z,60510.8
2026-01-01T07:00:00Z,61326.7
2026-01-01T08:00:00Z,63966.6
2026-01-01T09:00:00Z,66601.7
2026-01-01T10:00:00Z,66729.0
2026-01-01T11:00:00Z,69542.7
2026-01-01T12:00:00Z,69097.8
2026-01-01T13:00:00Z,67055.2
2026-01-01T14:00:00Z,66634.8
2026-01-01T15:00:00Z,65498.1
2026-01-01T16:00:00Z,63884.6
2026-01-01T17:00:00Z,61565.0
2026-01-01T18:00:00Z,58904.7
2026-01-01T19:00:00Z,56447.6
2026-01-01T20:00:00Z,54107.3
2026-01-01T21:00:00Z,52040.9
2026-01-01T22:00:00Z,50677.2
2026-01-01T23:00:00Z,50342.7
2026-01-02T00:00:00Z,49140.7
2026-01-02T01:00:00Z,49400.0
2026-01-02T02:00:00Z,48967.0
2026-01-02T03:00:00Z,51333.9
2026-01-02T04:00:00Z,53576.0
2026-01-02T05:00:00Z,56658.7
2026-01-02T06:00:00Z,58648.5
2026-01-02T07:00:00Z,60491.3
2026-01-02T08:00:00Z,64178.8
2026-01-02T09:00:00Z,66111.9
2026-01-02T10:00:00Z,67455.7
2026-01-02T11:00:00Z,66957.4
2026-01-02T12:00:00Z,68377.4
2026-01-02T13:00:00Z,67949.3
2026-01-02T14:00:00Z,66961.8
2026-01-02T15:00:00Z,66982.4
2026-01-02T16:00:00Z,62684.6
2026-01-02T17:00:00Z,59083.4
2026-01-02T18:00:00Z,58956.3
2026-01-02T19:00:00Z,55609.2
2026-01-02T20:00:00Z,53853.8
2026-01-02T21:00:00Z,52858.9
2026-01-02T22:00:00Z,50556.1
2026-01-02T23:00:00Z,47215.8
2026-01-03T00:00:00Z,45212.3
2026-01-03T01:00:00Z,45948.9
2026-01-03T02:00:00Z,46859.7
2026-01-03T03:00:00Z,47754.7
2026-01-03T04:00:00Z,49502.6
2026-01-03T05:00:00Z,54306.4
2026-01-03T06:00:00Z,55466.1
2026-01-03T07:00:00Z,57836.2
2026-01-03T08:00:00Z,61637.5
2026-01-03T09:00:00Z,61289.1
2026-01-03T10:00:00Z,62876.3
2026-01-03T11:00:00Z,66058.0
2026-01-03T12:00:00Z,65694.8
2026-01-03T13:00:00Z,65209.2
2026-01-03T14:00:00Z,64995.3
2026-01-03T15:00:00Z,61880.8
2026-01-03T16:00:00Z,61037.2
2026-01-03T17:00:00Z,58735.9
2026-01-03T18:00:00Z,55850.3
2026-01-03T19:00:00Z,53828.4
2026-01-03T20:00:00Z,50503.2
2026-01-03T21:00:00Z,46757.4
2026-01-03T22:00:00Z,48327.9
2026-01-03T23:00:00Z,46354.9
2026-01-04T00:00:00Z,45067.5
2026-01-04T01:00:00Z,44635.8
2026-01-04T02:00:00Z,45653.3
2026-01-04T03:00:00Z,47279.1
2026-01-04T04:00:00Z,49390.3
2026-01-04T05:00:00Z,53425.9
2026-01-04T06:00:00Z,55684.0
2026-01-04T07:00:00Z,58401.8
2026-01-04T08:00:00Z,60910.7
2026-01-04T09:00:00Z,62316.9
2026-01-04T10:00:00Z,64453.5
2026-01-04T11:00:00Z,64933.8
2026-01-04T12:00:00Z,65634.0
2026-01-04T13:00:00Z,65772.9
2026-01-04T14:00:00Z,63611.8
2026-01-04T15:00:00Z,61983.6
2026-01-04T16:00:00Z,60825.8
2026-01-04T17:00:00Z,57823.3
2026-01-04T18:00:00Z,56050.6
2026-01-04T19:00:00Z,52671.4
2026-01-04T20:00:00Z,50215.8
2026-01-04T21:00:00Z,47076.0
2026-01-04T22:00:00Z,46505.3
2026-01-04T23:00:00Z,45283.2
2026-01-05T00:00:00Z,48240.9
2026-01-05T01:00:00Z,47428.7
2026-01-05T02:00:00Z,48878.0
2026-01-05T03:00:00Z,50923.0
2026-01-05T04:00:00Z,54677.0
2026-01-05T05:00:00Z,55721.9
2026-01-05T06:00:00Z,58331.5
2026-01-05T07:00:00Z,60367.6
2026-01-05T08:00:00Z,62973.5
2026-01-05T09:00:00Z,64756.8
2026-01-05T10:00:00Z,66784.4
2026-01-05T11:00:00Z,69116.8
2026-01-05T12:00:00Z,67419.8
2026-01-05T13:00:00Z,66786.1
2026-01-05T14:00:00Z,65507.4
2026-01-05T15:00:00Z,65602.0
2026-01-05T16:00:00Z,62726.1
2026-01-05T17:00:00Z,60467.2
2026-01-05T18:00:00Z,59309.6
2026-01-05T19:00:00Z,57468.6
2026-01-05T20:00:00Z,53462.8
2026-01-05T21:00:00Z,50638.4
2026-01-05T22:00:00Z,50555.3
2026-01-05T23:00:00Z,48497.0
2026-01-06T00:00:00Z,48890.7
2026-01-06T01:00:00Z,48585.5
2026-01-06T02:00:00Z,48872.8
2026-01-06T03:00:00Z,49967.7
2026-01-06T04:00:00Z,53001.9
2026-01-06T05:00:00Z,55161.0
2026-01-06T06:00:00Z,59052.4
2026-01-06T07:00:00Z,59997.9
2026-01-06T08:00:00Z,62676.2
2026-01-06T09:00:00Z,63698.3
2026-01-06T10:00:00Z,65766.3
2026-01-06T11:00:00Z,67731.0
2026-01-06T12:00:00Z,67304.8
2026-01-06T13:00:00Z,67883.5
2026-01-06T14:00:00Z,65646.1
2026-01-06T15:00:00Z,64661.3
2026-01-06T16:00:00Z,63256.5
2026-01-06T17:00:00Z,61486.7
2026-01-06T18:00:00Z,57380.0
2026-01-06T19:00:00Z,53149.4
2026-01-06T20:00:00Z,53932.8
2026-01-06T21:00:00Z,51358.1
2026-01-06T22:00:00Z,48902.8
2026-01-06T23:00:00Z,49751.2
2026-01-07T00:00:00Z,47859.9
2026-01-07T01:00:00Z,48282.6
2026-01-07T02:00:00Z,48651.0
2026-01-07T03:00:00Z,50240.8
2026-01-07T04:00:00Z,52141.3
2026-01-07T05:00:00Z,54993.0
2026-01-07T06:00:00Z,58619.4
2026-01-07T07:00:00Z,60882.4
2026-01-07T08:00:00Z,62766.0
2026-01-07T09:00:00Z,65482.8
2026-01-07T10:00:00Z,66539.8
2026-01-07T11:00:00Z,66611.2
2026-01-07T12:00:00Z,66924.4
2026-01-07T13:00:00Z,64911.0
2026-01-07T14:00:00Z,66480.0
2026-01-07T15:00:00Z,65341.2
2026-01-07T16:00:00Z,62892.7
2026-01-07T17:00:00Z,61107.9
2026-01-07T18:00:00Z,58493.3
2026-01-07T19:00:00Z,55975.0
2026-01-07T20:00:00Z,51861.8
2026-01-07T21:00:00Z,50616.8
2026-01-07T22:00:00Z,49731.3
2026-01-07T23:00:00Z,47002.5
2026-01-08T00:00:00Z,46744.1
2026-01-08T01:00:00Z,47649.6
2026-01-08T02:00:00Z,48567.4
2026-01-08T03:00:00Z,50781.8
2026-01-08T04:00:00Z,53476.9
2026-01-08T05:00:00Z,55386.8
2026-01-08T06:00:00Z,56842.6
2026-01-08T07:00:00Z,60903.0
2026-01-08T08:00:00Z,62304.5
2026-01-08T09:00:00Z,65085.2
2026-01-08T10:00:00Z,66134.1
2026-01-08T11:00:00Z,67861.3
2026-01-08T12:00:00Z,66516.3
2026-01-08T13:00:00Z,67859.0
2026-01-08T14:00:00Z,68070.7
2026-01-08T15:00:00Z,64629.8
2026-01-08T16:00:00Z,61583.8
2026-01-08T17:00:00Z,59214.3
2026-01-08T18:00:00Z,58215.0
2026-01-08T19:00:00Z,54861.3
2026-01-08T20:00:00Z,52839.7
2026-01-08T21:00:00Z,50487.2
2026-01-08T22:00:00Z,48905.4
2026-01-08T23:00:00Z,49816.9
2026-01-09T00:00:00Z,44933.5
2026-01-09T01:00:00Z,47958.1
2026-01-09T02:00:00Z,49394.7
2026-01-09T03:00:00Z,50210.8
2026-01-09T04:00:00Z,50879.9
2026-01-09T05:00:00Z,54710.4
2026-01-09T06:00:00Z,56668.3
2026-01-09T07:00:00Z,59602.4
2026-01-09T08:00:00Z,62827.3
2026-01-09T09:00:00Z,63538.0
2026-01-09T10:00:00Z,65118.7
2026-01-09T11:00:00Z,67993.2
2026-01-09T12:00:00Z,66607.9
2026-01-09T13:00:00Z,66500.1
2026-01-09T14:00:00Z,66550.9
2026-01-09T15:00:00Z,63559.4
2026-01-09T16:00:00Z,62518.5
2026-01-09T17:00:00Z,59082.5
2026-01-09T18:00:00Z,56441.8
2026-01-09T19:00:00Z,53662.0
2026-01-09T20:00:00Z,51615.8
2026-01-09T21:00:00Z,51865.1
2026-01-09T22:00:00Z,48783.6
2026-01-09T23:00:00Z,46191.0
2026-01-10T00:00:00Z,43274.2
2026-01-10T01:00:00Z,44100.8
2026-01-10T02:00:00Z,45927.7
2026-01-10T03:00:00Z,46005.5
2026-01-10T04:00:00Z,49940.6
2026-01-10T05:00:00Z,50444.0
2026-01-10T06:00:00Z,52628.5
2026-01-10T07:00:00Z,56347.9
2026-01-10T08:00:00Z,58510.3
2026-01-10T09:00:00Z,59600.2
2026-01-10T10:00:00Z,62737.5
2026-01-10T11:00:00Z,63490.0
2026-01-10T12:00:00Z,64167.3
2026-01-10T13:00:00Z,63397.7
2026-01-10T14:00:00Z,62873.5
2026-01-10T15:00:00Z,62391.3
2026-01-10T16:00:00Z,58220.1
2026-01-10T17:00:00Z,56732.2
2026-01-10T18:00:00Z,53722.9
2026-01-10T19:00:00Z,51654.2
2026-01-10T20:00:00Z,49459.7
2026-01-10T21:00:00Z,46373.3
2026-01-10T22:00:00Z,46264.6
2026-01-10T23:00:00Z,44731.3
2026-01-11T00:00:00Z,43419.0
2026-01-11T01:00:00Z,44721.2
2026-01-11T02:00:00Z,44293.6
2026-01-11T03:00:00Z,49172.6
2026-01-11T04:00:00Z,48208.1
2026-01-11T05:00:00Z,52382.5
2026-01-11T06:00:00Z,54083.7
2026-01-11T07:00:00Z,56993.6
2026-01-11T08:00:00Z,59431.2
2026-01-11T09:00:00Z,60360.5
2026-01-11T10:00:00Z,61613.7
2026-01-11T11:00:00Z,64220.1
2026-01-11T12:00:00Z,63598.6
2026-01-11T13:00:00Z,62978.2
2026-01-11T14:00:00Z,63785.8
2026-01-11T15:00:00Z,62384.7
2026-01-11T16:00:00Z,58261.9
2026-01-11T17:00:00Z,57413.5
2026-01-11T18:00:00Z,54393.4
2026-01-11T19:00:00Z,51012.6
2026-01-11T20:00:00Z,49319.1
2026-01-11T21:00:00Z,44751.9
2026-01-11T22:00:00Z,46500.7
2026-01-11T23:00:00Z,45343.4
2026-01-12T00:00:00Z,47334.6
2026-01-12T01:00:00Z,46151.3
2026-01-12T02:00:00Z,48324.2
2026-01-12T03:00:00Z,49335.2
2026-01-12T04:00:00Z,50620.3
2026-01-12T05:00:00Z,53025.9
2026-01-12T06:00:00Z,56113.4
2026-01-12T07:00:00Z,58858.7
2026-01-12T08:00:00Z,60284.9
2026-01-12T09:00:00Z,63754.1
2026-01-12T10:00:00Z,65340.2
2026-01-12T11:00:00Z,67250.1
2026-01-12T12:00:00Z,66663.4
2026-01-12T13:00:00Z,66962.6
2026-01-12T14:00:00Z,66173.2
2026-01-12T15:00:00Z,62260.5
2026-01-12T16:00:00Z,62387.2
2026-01-12T17:00:00Z,58264.4
2026-01-12T18:00:00Z,57135.2
2026-01-12T19:00:00Z,54030.0
2026-01-12T20:00:00Z,50764.5
2026-01-12T21:00:00Z,50391.3
2026-01-12T22:00:00Z,47164.8
2026-01-12T23:00:00Z,46333.7
2026-01-13T00:00:00Z,45742.9
2026-01-13T01:00:00Z,44971.0
2026-01-13T02:00:00Z,48690.8
2026-01-13T03:00:00Z,50235.9
2026-01-13T04:00:00Z,52111.3
2026-01-13T05:00:00Z,54807.0
2026-01-13T06:00:00Z,56470.6
2026-01-13T07:00:00Z,58825.7
2026-01-13T08:00:00Z,60986.8
2026-01-13T09:00:00Z,61364.2
2026-01-13T10:00:00Z,64543.3
2026-01-13T11:00:00Z,64794.9
2026-01-13T12:00:00Z,66501.2
2026-01-13T13:00:00Z,65645.1
2026-01-13T14:00:00Z,64362.3
2026-01-13T15:00:00Z,65058.4
2026-01-13T16:00:00Z,62453.2
2026-01-13T17:00:00Z,57695.6
2026-01-13T18:00:00Z,55657.0
2026-01-13T19:00:00Z,52789.3
2026-01-13T20:00:00Z,51636.6
2026-01-13T21:00:00Z,50424.4
2026-01-13T22:00:00Z,47840.8
2026-01-13T23:00:00Z,47865.3
2026-01-14T00:00:00Z,45333.2
2026-01-14T01:00:00Z,45968.0
2026-01-14T02:00:00Z,47206.9
2026-01-14T03:00:00Z,50447.9
2026-01-14T04:00:00Z,51841.1
2026-01-14T05:00:00Z,52202.0
2026-01-14T06:00:00Z,54569.4
2026-01-14T07:00:00Z,58794.1
2026-01-14T08:00:00Z,63177.8
2026-01-14T09:00:00Z,63546.8
2026-01-14T10:00:00Z,63586.4
2026-01-14T11:00:00Z,66294.4
2026-01-14T12:00:00Z,65620.4
2026-01-14T13:00:00Z,65910.9
2026-01-14T14:00:00Z,64580.2
2026-01-14T15:00:00Z,62556.8
2026-01-14T16:00:00Z,59579.4
2026-01-14T17:00:00Z,59449.9
2026-01-14T18:00:00Z,56831.6
2026-01-14T19:00:00Z,53909.9
2026-01-14T20:00:00Z,50438.6
2026-01-14T21:00:00Z,49071.1
2026-01-14T22:00:00Z,47760.5
2026-01-14T23:00:00Z,47128.8
2026-01-15T00:00:00Z,45708.3
2026-01-15T01:00:00Z,45902.2
2026-01-15T02:00:00Z,47646.0
2026-01-15T03:00:00Z,49226.8
2026-01-15T04:00:00Z,50050.2
2026-01-15T05:00:00Z,54491.4
2026-01-15T06:00:00Z,55015.7
2026-01-15T07:00:00Z,59435.5
2026-01-15T08:00:00Z,60782.1
2026-01-15T09:00:00Z,64043.9
2026-01-15T10:00:00Z,63510.3
2026-01-15T11:00:00Z,65779.8
2026-01-15T12:00:00Z,65250.3
2026-01-15T13:00:00Z,64033.2
2026-01-15T14:00:00Z,64519.8
2026-01-15T15:00:00Z,61109.8
2026-01-15T16:00:00Z,61860.2
2026-01-15T17:00:00Z,59166.5
2026-01-15T18:00:00Z,55927.7
2026-01-15T19:00:00Z,52746.6
2026-01-15T20:00:00Z,50542.5
2026-01-15T21:00:00Z,49214.5
2026-01-15T22:00:00Z,46334.7
2026-01-15T23:00:00Z,44747.2
2026-01-16T00:00:00Z,46252.9
2026-01-16T01:00:00Z,46525.5
2026-01-16T02:00:00Z,45516.8
2026-01-16T03:00:00Z,48608.4
2026-01-16T04:00:00Z,51333.8
2026-01-16T05:00:00Z,53511.5
2026-01-16T06:00:00Z,55041.7
2026-01-16T07:00:00Z,59134.0
2026-01-16T08:00:00Z,62139.1
2026-01-16T09:00:00Z,62521.8
2026-01-16T10:00:00Z,64530.7
2026-01-16T11:00:00Z,65446.5
2026-01-16T12:00:00Z,65604.1
2026-01-16T13:00:00Z,65783.9
2026-01-16T14:00:00Z,64005.4
2026-01-16T15:00:00Z,62169.0
2026-01-16T16:00:00Z,61717.2
2026-01-16T17:00:00Z,57269.0
2026-01-16T18:00:00Z,55898.5
2026-01-16T19:00:00Z,52861.0
2026-01-16T20:00:00Z,50720.9
2026-01-16T21:00:00Z,50086.6
2026-01-16T22:00:00Z,46713.1
2026-01-16T23:00:00Z,46724.4
2026-01-17T00:00:00Z,42583.6
2026-01-17T01:00:00Z,42172.1
2026-01-17T02:00:00Z,44370.2
2026-01-17T03:00:00Z,44834.6
2026-01-17T04:00:00Z,46685.1
2026-01-17T05:00:00Z,49807.1
2026-01-17T06:00:00Z,52229.5
2026-01-17T07:00:00Z,54669.8
2026-01-17T08:00:00Z,58058.6
2026-01-17T09:00:00Z,59105.6
2026-01-17T10:00:00Z,62564.3
2026-01-17T11:00:00Z,61827.0
2026-01-17T12:00:00Z,63761.2
2026-01-17T13:00:00Z,62511.2
2026-01-17T14:00:00Z,60741.2
2026-01-17T15:00:00Z,59384.0
2026-01-17T16:00:00Z,57884.7
2026-01-17T17:00:00Z,55358.3
2026-01-17T18:00:00Z,52954.8
2026-01-17T19:00:00Z,50824.3
2026-01-17T20:00:00Z,46576.7
2026-01-17T21:00:00Z,46036.8
2026-01-17T22:00:00Z,44046.3
2026-01-17T23:00:00Z,43318.3
2026-01-18T00:00:00Z,43004.2
2026-01-18T01:00:00Z,43074.7
2026-01-18T02:00:00Z,43251.4
2026-01-18T03:00:00Z,44359.9
2026-01-18T04:00:00Z,47620.3
2026-01-18T05:00:00Z,50905.2
2026-01-18T06:00:00Z,51299.1
2026-01-18T07:00:00Z,54714.5
2026-01-18T08:00:00Z,56638.6
2026-01-18T09:00:00Z,58516.2
2026-01-18T10:00:00Z,61639.5
2026-01-18T11:00:00Z,63115.3
2026-01-18T12:00:00Z,62259.7
2026-01-18T13:00:00Z,62520.6
2026-01-18T14:00:00Z,61362.9
2026-01-18T15:00:00Z,59405.3
2026-01-18T16:00:00Z,58860.3
2026-01-18T17:00:00Z,56716.2
2026-01-18T18:00:00Z,52655.2
2026-01-18T19:00:00Z,48745.5
2026-01-18T20:00:00Z,46942.0
2026-01-18T21:00:00Z,45351.4
2026-01-18T22:00:00Z,43448.6
2026-01-18T23:00:00Z,43287.0
2026-01-19T00:00:00Z,45033.7
2026-01-19T01:00:00Z,44905.4
2026-01-19T02:00:00Z,45516.4
2026-01-19T03:00:00Z,48719.0
2026-01-19T04:00:00Z,49741.1
2026-01-19T05:00:00Z,52182.0
2026-01-19T06:00:00Z,55056.4
2026-01-19T07:00:00Z,57291.6
2026-01-19T08:00:00Z,61223.5
2026-01-19T09:00:00Z,61715.5
2026-01-19T10:00:00Z,65565.0
2026-01-19T11:00:00Z,64839.0
2026-01-19T12:00:00Z,64730.5
2026-01-19T13:00:00Z,64496.4
2026-01-19T14:00:00Z,64505.7
2026-01-19T15:00:00Z,62232.1
2026-01-19T16:00:00Z,59609.7
2026-01-19T17:00:00Z,56716.2
2026-01-19T18:00:00Z,53847.0
2026-01-19T19:00:00Z,53054.2
2026-01-19T20:00:00Z,50573.2
2026-01-19T21:00:00Z,45340.4
2026-01-19T22:00:00Z,47006.3
2026-01-19T23:00:00Z,45035.9
2026-01-20T00:00:00Z,45157.1
2026-01-20T01:00:00Z,45896.3
2026-01-20T02:00:00Z,46921.1
2026-01-20T03:00:00Z,47191.4
2026-01-20T04:00:00Z,49063.8
2026-01-20T05:00:00Z,51918.7
2026-01-20T06:00:00Z,54172.3
2026-01-20T07:00:00Z,56545.8
2026-01-20T08:00:00Z,59150.0
2026-01-20T09:00:00Z,61479.6
2026-01-20T10:00:00Z,62278.7
2026-01-20T11:00:00Z,65327.8
2026-01-20T12:00:00Z,64900.4
2026-01-20T13:00:00Z,65209.3
2026-01-20T14:00:00Z,62276.5
2026-01-20T15:00:00Z,61637.9
2026-01-20T16:00:00Z,59833.1
2026-01-20T17:00:00Z,56666.6
2026-01-20T18:00:00Z,57175.4
2026-01-20T19:00:00Z,52857.6
2026-01-20T20:00:00Z,51166.6
2026-01-20T21:00:00Z,48245.4
2026-01-20T22:00:00Z,47324.9
2026-01-20T23:00:00Z,46066.1
2026-01-21T00:00:00Z,45237.6
2026-01-21T01:00:00Z,46124.8
2026-01-21T02:00:00Z,47521.3
2026-01-21T03:00:00Z,47252.9
2026-01-21T04:00:00Z,49804.0
2026-01-21T05:00:00Z,51875.7
2026-01-21T06:00:00Z,53930.8
2026-01-21T07:00:00Z,56692.3
2026-01-21T08:00:00Z,59593.0
2026-01-21T09:00:00Z,62498.0
2026-01-21T10:00:00Z,64116.7
2026-01-21T11:00:00Z,65589.7
2026-01-21T12:00:00Z,63783.4
2026-01-21T13:00:00Z,63817.6
2026-01-21T14:00:00Z,63302.9
2026-01-21T15:00:00Z,61774.5
2026-01-21T16:00:00Z,62029.7
2026-01-21T17:00:00Z,57477.8
2026-01-21T18:00:00Z,54769.6
2026-01-21T19:00:00Z,52039.5
2026-01-21T20:00:00Z,48907.5
2026-01-21T21:00:00Z,47935.0
2026-01-21T22:00:00Z,45417.1
2026-01-21T23:00:00Z,46427.6
2026-01-22T00:00:00Z,43057.5
2026-01-22T01:00:00Z,45475.9
2026-01-22T02:00:00Z,45039.9
2026-01-22T03:00:00Z,48052.7
2026-01-22T04:00:00Z,48576.0
2026-01-22T05:00:00Z,52379.2
2026-01-22T06:00:00Z,54983.2
2026-01-22T07:00:00Z,57016.9
2026-01-22T08:00:00Z,58808.5
2026-01-22T09:00:00Z,61779.7
2026-01-22T10:00:00Z,62234.5
2026-01-22T11:00:00Z,64115.1
2026-01-22T12:00:00Z,63920.0
2026-01-22T13:00:00Z,65013.1
2026-01-22T14:00:00Z,63138.4
2026-01-22T15:00:00Z,61391.7
2026-01-22T16:00:00Z,58957.5
2026-01-22T17:00:00Z,56892.3
2026-01-22T18:00:00Z,55128.9
2026-01-22T19:00:00Z,52710.9
2026-01-22T20:00:00Z,49478.4
2026-01-22T21:00:00Z,47758.8
2026-01-22T22:00:00Z,45616.0
2026-01-22T23:00:00Z,43815.8
2026-01-23T00:00:00Z,44734.5
2026-01-23T01:00:00Z,44447.4
2026-01-23T02:00:00Z,45381.6
2026-01-23T03:00:00Z,48079.2
2026-01-23T04:00:00Z,49081.6
2026-01-23T05:00:00Z,52359.4
2026-01-23T06:00:00Z,53089.1
2026-01-23T07:00:00Z,58115.7
2026-01-23T08:00:00Z,60363.6
2026-01-23T09:00:00Z,61625.6
2026-01-23T10:00:00Z,64067.6
2026-01-23T11:00:00Z,63447.5
2026-01-23T12:00:00Z,65042.3
2026-01-23T13:00:00Z,63113.2
2026-01-23T14:00:00Z,62204.7
2026-01-23T15:00:00Z,60887.6
2026-01-23T16:00:00Z,59059.5
2026-01-23T17:00:00Z,55693.5
2026-01-23T18:00:00Z,54786.0
2026-01-23T19:00:00Z,51606.6
2026-01-23T20:00:00Z,48943.7
2026-01-23T21:00:00Z,47917.4
2026-01-23T22:00:00Z,44939.6
2026-01-23T23:00:00Z,43581.9
2026-01-24T00:00:00Z,40902.2
2026-01-24T01:00:00Z,42129.3
2026-01-24T02:00:00Z,42346.0
2026-01-24T03:00:00Z,44011.6
2026-01-24T04:00:00Z,47447.7
2026-01-24T05:00:00Z,47291.8
2026-01-24T06:00:00Z,52713.8
2026-01-24T07:00:00Z,54208.1
2026-01-24T08:00:00Z,56436.8
2026-01-24T09:00:00Z,57793.8
2026-01-24T10:00:00Z,59612.6
2026-01-24T11:00:00Z,59703.4
2026-01-24T12:00:00Z,61003.8
2026-01-24T13:00:00Z,59665.4
2026-01-24T14:00:00Z,59669.6
2026-01-24T15:00:00Z,59061.0
2026-01-24T16:00:00Z,55255.6
2026-01-24T17:00:00Z,54208.9
2026-01-24T18:00:00Z,51395.3
2026-01-24T19:00:00Z,48936.4
2026-01-24T20:00:00Z,46069.0
2026-01-24T21:00:00Z,43245.8
2026-01-24T22:00:00Z,40976.9
2026-01-24T23:00:00Z,40176.5
2026-01-25T00:00:00Z,39689.4
2026-01-25T01:00:00Z,42191.6
2026-01-25T02:00:00Z,42077.3
2026-01-25T03:00:00Z,43328.0
2026-01-25T04:00:00Z,46482.3
2026-01-25T05:00:00Z,48422.2
2026-01-25T06:00:00Z,51829.1
2026-01-25T07:00:00Z,53664.8
2026-01-25T08:00:00Z,54599.9
2026-01-25T09:00:00Z,58012.4
2026-01-25T10:00:00Z,58996.3
2026-01-25T11:00:00Z,61271.2
2026-01-25T12:00:00Z,60944.7
2026-01-25T13:00:00Z,60026.4
2026-01-25T14:00:00Z,60127.9
2026-01-25T15:00:00Z,57865.6
2026-01-25T16:00:00Z,56470.8
2026-01-25T17:00:00Z,53616.3
2026-01-25T18:00:00Z,49917.4
2026-01-25T19:00:00Z,48850.0
2026-01-25T20:00:00Z,48071.5
2026-01-25T21:00:00Z,42667.2
2026-01-25T22:00:00Z,41749.8
2026-01-25T23:00:00Z,41057.7
2026-01-26T00:00:00Z,43787.1
2026-01-26T01:00:00Z,45951.3
2026-01-26T02:00:00Z,44536.3
2026-01-26T03:00:00Z,45609.0
2026-01-26T04:00:00Z,47129.5
2026-01-26T05:00:00Z,49713.8
2026-01-26T06:00:00Z,54048.9
2026-01-26T07:00:00Z,55663.1
2026-01-26T08:00:00Z,57057.1
2026-01-26T09:00:00Z,59767.0
2026-01-26T10:00:00Z,61221.4
2026-01-26T11:00:00Z,63090.0
2026-01-26T12:00:00Z,64041.5
2026-01-26T13:00:00Z,63245.8
2026-01-26T14:00:00Z,60995.2
2026-01-26T15:00:00Z,60522.5
2026-01-26T16:00:00Z,60402.9
2026-01-26T17:00:00Z,54581.6
2026-01-26T18:00:00Z,54469.6
2026-01-26T19:00:00Z,52497.5
2026-01-26T20:00:00Z,47593.5
2026-01-26T21:00:00Z,45804.3
2026-01-26T22:00:00Z,45951.7
2026-01-26T23:00:00Z,44395.4
2026-01-27T00:00:00Z,43043.8
2026-01-27T01:00:00Z,44446.8
2026-01-27T02:00:00Z,44552.7
2026-01-27T03:00:00Z,46123.6
2026-01-27T04:00:00Z,48592.6
2026-01-27T05:00:00Z,50546.1
2026-01-27T06:00:00Z,52687.1
2026-01-27T07:00:00Z,55140.6
2026-01-27T08:00:00Z,58379.0
2026-01-27T09:00:00Z,60064.3
2026-01-27T10:00:00Z,61741.8
2026-01-27T11:00:00Z,62450.9
2026-01-27T12:00:00Z,63987.3
2026-01-27T13:00:00Z,64506.2
2026-01-27T14:00:00Z,63114.1
2026-01-27T15:00:00Z,60484.4
2026-01-27T16:00:00Z,57783.8
2026-01-27T17:00:00Z,56285.3
2026-01-27T18:00:00Z,54225.6
2026-01-27T19:00:00Z,50958.0
2026-01-27T20:00:00Z,47511.8
2026-01-27T21:00:00Z,45832.2
2026-01-27T22:00:00Z,45510.6
2026-01-27T23:00:00Z,43425.4
2026-01-28T00:00:00Z,40918.3
2026-01-28T01:00:00Z,43116.9
2026-01-28T02:00:00Z,43165.6
2026-01-28T03:00:00Z,46942.4
2026-01-28T04:00:00Z,48181.6
2026-01-28T05:00:00Z,50834.9
2026-01-28T06:00:00Z,53299.6
2026-01-28T07:00:00Z,56173.5
2026-01-28T08:00:00Z,57780.3
2026-01-28T09:00:00Z,60799.9
2026-01-28T10:00:00Z,63181.5
2026-01-28T11:00:00Z,62393.0
2026-01-28T12:00:00Z,62699.2
2026-01-28T13:00:00Z,61914.9
2026-01-28T14:00:00Z,61779.2
2026-01-28T15:00:00Z,59390.6
2026-01-28T16:00:00Z,59423.0
2026-01-28T17:00:00Z,56256.4
2026-01-28T18:00:00Z,53275.7
2026-01-28T19:00:00Z,50035.6
2026-01-28T20:00:00Z,49218.2
2026-01-28T21:00:00Z,44792.8
2026-01-28T22:00:00Z,45459.6
2026-01-28T23:00:00Z,43965.5
2026-01-29T00:00:00Z,42352.7
2026-01-29T01:00:00Z,42924.4
2026-01-29T02:00:00Z,43470.2
2026-01-29T03:00:00Z,46539.8
2026-01-29T04:00:00Z,47458.6
2026-01-29T05:00:00Z,49914.2
2026-01-29T06:00:00Z,51568.9
2026-01-29T07:00:00Z,57270.8
2026-01-29T08:00:00Z,57797.3
2026-01-29T09:00:00Z,59029.4
2026-01-29T10:00:00Z,62014.6
2026-01-29T11:00:00Z,62610.8
2026-01-29T12:00:00Z,61769.3
2026-01-29T13:00:00Z,63364.5
2026-01-29T14:00:00Z,61265.0
2026-01-29T15:00:00Z,60784.8
2026-01-29T16:00:00Z,57706.5
2026-01-29T17:00:00Z,54549.6
2026-01-29T18:00:00Z,51692.9
2026-01-29T19:00:00Z,50500.9
2026-01-29T20:00:00Z,47043.0
2026-01-29T21:00:00Z,46307.0
2026-01-29T22:00:00Z,45588.8
2026-01-29T23:00:00Z,42920.7
2026-01-30T00:00:00Z,42766.0
2026-01-30T01:00:00Z,44486.1
2026-01-30T02:00:00Z,44198.6
2026-01-30T03:00:00Z,46443.9
2026-01-30T04:00:00Z,47815.1
2026-01-30T05:00:00Z,51018.8
2026-01-30T06:00:00Z,51796.4
2026-01-30T07:00:00Z,54572.0
2026-01-30T08:00:00Z,58196.8
2026-01-30T09:00:00Z,58933.1
2026-01-30T10:00:00Z,59906.0
2026-01-30T11:00:00Z,61938.3
2026-01-30T12:00:00Z,63658.6
2026-01-30T13:00:00Z,62679.8
2026-01-30T14:00:00Z,61154.2
2026-01-30T15:00:00Z,60253.7
2026-01-30T16:00:00Z,58229.3
2026-01-30T17:00:00Z,55838.6
2026-01-30T18:00:00Z,52687.1
2026-01-30T19:00:00Z,50199.8
2026-01-30T20:00:00Z,47915.6
2026-01-30T21:00:00Z,45140.4
2026-01-30T22:00:00Z,44720.4
2026-01-30T23:00:00Z,44032.7
2026-01-31T00:00:00Z,40020.6
2026-01-31T01:00:00Z,40217.1
2026-01-31T02:00:00Z,40660.8
2026-01-31T03:00:00Z,41949.1
2026-01-31T04:00:00Z,44530.7
2026-01-31T05:00:00Z,46333.9
2026-01-31T06:00:00Z,49902.5
2026-01-31T07:00:00Z,52988.6
2026-01-31T08:00:00Z,53772.9
2026-01-31T09:00:00Z,57610.6
2026-01-31T10:00:00Z,58344.1
2026-01-31T11:00:00Z,59206.1
2026-01-31T12:00:00Z,59633.2
2026-01-31T13:00:00Z,58814.2
2026-01-31T14:00:00Z,58737.4
2026-01-31T15:00:00Z,58470.6
2026-01-31T16:00:00Z,54412.2
2026-01-31T17:00:00Z,51603.0
2026-01-31T18:00:00Z,50743.6
2026-01-31T19:00:00Z,47865.0
2026-01-31T20:00:00Z,44399.8
2026-01-31T21:00:00Z,42689.3
2026-01-31T22:00:00Z,40694.7
2026-01-31T23:00:00Z,39826.9
2026-02-01T00:00:00Z,40591.5
2026-02-01T01:00:00Z,39065.8
2026-02-01T02:00:00Z,40820.0
2026-02-01T03:00:00Z,44556.4
2026-02-01T04:00:00Z,45955.5
2026-02-01T05:00:00Z,45991.6
2026-02-01T06:00:00Z,48660.2
2026-02-01T07:00:00Z,50530.9
2026-02-01T08:00:00Z,55167.5
2026-02-01T09:00:00Z,57896.5
2026-02-01T10:00:00Z,57977.4
2026-02-01T11:00:00Z,59300.5
2026-02-01T12:00:00Z,59367.2
2026-02-01T13:00:00Z,59976.3
2026-02-01T14:00:00Z,59343.1
2026-02-01T15:00:00Z,56328.4
2026-02-01T16:00:00Z,54757.0
2026-02-01T17:00:00Z,53749.7
2026-02-01T18:00:00Z,48482.6
2026-02-01T19:00:00Z,47817.2
2026-02-01T20:00:00Z,45423.4
2026-02-01T21:00:00Z,42669.9
2026-02-01T22:00:00Z,41358.4
2026-02-01T23:00:00Z,39420.3
2026-02-02T00:00:00Z,42032.2
2026-02-02T01:00:00Z,43046.0
2026-02-02T02:00:00Z,43315.9
2026-02-02T03:00:00Z,45212.4
2026-02-02T04:00:00Z,48053.6
2026-02-02T05:00:00Z,50137.3
2026-02-02T06:00:00Z,53042.2
2026-02-02T07:00:00Z,55045.2
2026-02-02T08:00:00Z,57926.4
2026-02-02T09:00:00Z,60292.2
2026-02-02T10:00:00Z,60767.6
2026-02-02T11:00:00Z,60940.8
2026-02-02T12:00:00Z,62905.0
2026-02-02T13:00:00Z,61155.9
2026-02-02T14:00:00Z,60889.2
2026-02-02T15:00:00Z,59485.4
2026-02-02T16:00:00Z,58614.7
2026-02-02T17:00:00Z,54634.6
2026-02-02T18:00:00Z,53399.4
2026-02-02T19:00:00Z,50516.6
2026-02-02T20:00:00Z,47911.4
2026-02-02T21:00:00Z,44900.0
2026-02-02T22:00:00Z,43518.9
2026-02-02T23:00:00Z,44010.3
2026-02-03T00:00:00Z,42760.6
2026-02-03T01:00:00Z,41294.6
2026-02-03T02:00:00Z,41747.9
2026-02-03T03:00:00Z,43647.1
2026-02-03T04:00:00Z,47275.3
2026-02-03T05:00:00Z,49765.2
2026-02-03T06:00:00Z,52146.3
2026-02-03T07:00:00Z,53731.7
2026-02-03T08:00:00Z,56464.4
2026-02-03T09:00:00Z,58460.7
2026-02-03T10:00:00Z,60297.3
2026-02-03T11:00:00Z,62978.2
2026-02-03T12:00:00Z,61443.2
2026-02-03T13:00:00Z,61387.4
2026-02-03T14:00:00Z,60544.1
2026-02-03T15:00:00Z,60238.3
2026-02-03T16:00:00Z,56692.3
2026-02-03T17:00:00Z,53688.0
2026-02-03T18:00:00Z,50143.4
2026-02-03T19:00:00Z,51035.7
2026-02-03T20:00:00Z,45897.2
2026-02-03T21:00:00Z,45363.7
2026-02-03T22:00:00Z,43371.0
2026-02-03T23:00:00Z,41009.2
2026-02-04T00:00:00Z,42077.2
2026-02-04T01:00:00Z,41913.8
2026-02-04T02:00:00Z,43319.9
2026-02-04T03:00:00Z,43803.7
2026-02-04T04:00:00Z,47604.7
2026-02-04T05:00:00Z,50763.2
2026-02-04T06:00:00Z,49744.6
2026-02-04T07:00:00Z,54266.0
2026-02-04T08:00:00Z,57249.9
2026-02-04T09:00:00Z,58693.1
2026-02-04T10:00:00Z,60837.2
2026-02-04T11:00:00Z,60798.2
2026-02-04T12:00:00Z,61286.9
2026-02-04T13:00:00Z,59640.3
2026-02-04T14:00:00Z,59914.3
2026-02-04T15:00:00Z,58501.2
2026-02-04T16:00:00Z,56858.9
2026-02-04T17:00:00Z,54334.3
2026-02-04T18:00:00Z,52130.1
2026-02-04T19:00:00Z,49819.0
2026-02-04T20:00:00Z,47730.8
2026-02-04T21:00:00Z,45378.4
2026-02-04T22:00:00Z,42807.8
2026-02-04T23:00:00Z,40914.9
2026-02-05T00:00:00Z,40056.8
2026-02-05T01:00:00Z,42958.5
2026-02-05T02:00:00Z,42284.5
2026-02-05T03:00:00Z,45533.5
2026-02-05T04:00:00Z,46839.9
2026-02-05T05:00:00Z,48884.8
2026-02-05T06:00:00Z,52660.7
2026-02-05T07:00:00Z,54556.1
2026-02-05T08:00:00Z,57138.7
2026-02-05T09:00:00Z,59218.9
2026-02-05T10:00:00Z,60236.6
2026-02-05T11:00:00Z,61786.1
2026-02-05T12:00:00Z,59937.9
2026-02-05T13:00:00Z,61746.7
2026-02-05T14:00:00Z,60315.2
2026-02-05T15:00:00Z,58163.4
2026-02-05T16:00:00Z,57003.1
2026-02-05T17:00:00Z,54897.8
2026-02-05T18:00:00Z,52295.6
2026-02-05T19:00:00Z,49099.9
2026-02-05T20:00:00Z,46775.8
2026-02-05T21:00:00Z,44435.5
2026-02-05T22:00:00Z,41625.1
2026-02-05T23:00:00Z,42035.3
2026-02-06T00:00:00Z,41408.2
2026-02-06T01:00:00Z,42807.7
2026-02-06T02:00:00Z,41839.0
2026-02-06T03:00:00Z,46392.7
2026-02-06T04:00:00Z,45610.8
2026-02-06T05:00:00Z,48457.2
2026-02-06T06:00:00Z,49856.4
2026-02-06T07:00:00Z,54784.8
2026-02-06T08:00:00Z,55808.4
2026-02-06T09:00:00Z,58672.0
2026-02-06T10:00:00Z,60003.8
2026-02-06T11:00:00Z,61480.0
2026-02-06T12:00:00Z,60580.2
2026-02-06T13:00:00Z,60918.3
2026-02-06T14:00:00Z,59381.4
2026-02-06T15:00:00Z,58227.3
2026-02-06T16:00:00Z,54808.0
2026-02-06T17:00:00Z,54571.8
2026-02-06T18:00:00Z,51280.3
2026-02-06T19:00:00Z,48808.5
2026-02-06T20:00:00Z,45115.9
2026-02-06T21:00:00Z,44444.5
2026-02-06T22:00:00Z,42398.0
2026-02-06T23:00:00Z,42355.4
2026-02-07T00:00:00Z,38729.7
2026-02-07T01:00:00Z,39921.3
2026-02-07T02:00:00Z,39449.2
2026-02-07T03:00:00Z,40572.9
2026-02-07T04:00:00Z,44990.3
2026-02-07T05:00:00Z,45730.0
2026-02-07T06:00:00Z,48368.7
2026-02-07T07:00:00Z,52036.8
2026-02-07T08:00:00Z,54434.1
2026-02-07T09:00:00Z,55196.5
2026-02-07T10:00:00Z,55697.4
2026-02-07T11:00:00Z,59170.0
2026-02-07T12:00:00Z,57862.4
2026-02-07T13:00:00Z,57197.2
2026-02-07T14:00:00Z,57078.9
2026-02-07T15:00:00Z,56189.6
2026-02-07T16:00:00Z,53844.1
2026-02-07T17:00:00Z,51023.4
2026-02-07T18:00:00Z,50532.0
2026-02-07T19:00:00Z,47186.9
2026-02-07T20:00:00Z,43837.9
2026-02-07T21:00:00Z,41371.1
2026-02-07T22:00:00Z,38450.6
2026-02-07T23:00:00Z,39484.0
2026-02-08T00:00:00Z,37639.7
2026-02-08T01:00:00Z,39738.3
2026-02-08T02:00:00Z,41655.4
2026-02-08T03:00:00Z,39004.5
2026-02-08T04:00:00Z,43589.1
2026-02-08T05:00:00Z,46077.4
2026-02-08T06:00:00Z,47549.5
2026-02-08T07:00:00Z,51960.3
2026-02-08T08:00:00Z,52581.9
2026-02-08T09:00:00Z,54689.3
2026-02-08T10:00:00Z,55909.6
2026-02-08T11:00:00Z,57450.5
2026-02-08T12:00:00Z,56044.0
2026-02-08T13:00:00Z,58933.5
2026-02-08T14:00:00Z,56413.9
2026-02-08T15:00:00Z,55238.6
2026-02-08T16:00:00Z,53879.5
2026-02-08T17:00:00Z,50944.9
2026-02-08T18:00:00Z,48625.4
2026-02-08T19:00:00Z,46852.8
2026-02-08T20:00:00Z,41883.1
2026-02-08T21:00:00Z,42175.4
2026-02-08T22:00:00Z,38432.8
2026-02-08T23:00:00Z,37546.5
2026-02-09T00:00:00Z,40966.8
2026-02-09T01:00:00Z,41927.6
2026-02-09T02:00:00Z,40744.7
2026-02-09T03:00:00Z,44380.7
2026-02-09T04:00:00Z,45891.1
2026-02-09T05:00:00Z,48611.7
2026-02-09T06:00:00Z,50756.6
2026-02-09T07:00:00Z,53309.1
2026-02-09T08:00:00Z,56599.5
2026-02-09T09:00:00Z,57794.1
2026-02-09T10:00:00Z,59727.9
2026-02-09T11:00:00Z,61895.5
2026-02-09T12:00:00Z,61135.2
2026-02-09T13:00:00Z,60788.5
2026-02-09T14:00:00Z,59177.4
2026-02-09T15:00:00Z,57618.8
2026-02-09T16:00:00Z,57425.1
2026-02-09T17:00:00Z,54278.5
2026-02-09T18:00:00Z,51551.3
2026-02-09T19:00:00Z,47915.9
2026-02-09T20:00:00Z,45443.8
2026-02-09T21:00:00Z,43925.0
2026-02-09T22:00:00Z,43512.8
2026-02-09T23:00:00Z,40123.9
2026-02-10T00:00:00Z,40610.3
2026-02-10T01:00:00Z,40487.3
2026-02-10T02:00:00Z,41621.1
2026-02-10T03:00:00Z,42893.0
2026-02-10T04:00:00Z,45692.6
2026-02-10T05:00:00Z,48662.4
2026-02-10T06:00:00Z,50861.5
2026-02-10T07:00:00Z,52639.8
2026-02-10T08:00:00Z,55559.9
2026-02-10T09:00:00Z,58406.0
2026-02-10T10:00:00Z,58245.7
2026-02-10T11:00:00Z,59661.5
2026-02-10T12:00:00Z,60301.7
2026-02-10T13:00:00Z,61267.6
2026-02-10T14:00:00Z,57683.5
2026-02-10T15:00:00Z,58764.7
2026-02-10T16:00:00Z,54105.4
2026-02-10T17:00:00Z,54176.0
2026-02-10T18:00:00Z,49535.7
2026-02-10T19:00:00Z,47268.5
2026-02-10T20:00:00Z,46194.2
2026-02-10T21:00:00Z,44085.5
2026-02-10T22:00:00Z,41821.5
2026-02-10T23:00:00Z,40153.7
2026-02-11T00:00:00Z,41756.2
2026-02-11T01:00:00Z,41284.8
2026-02-11T02:00:00Z,42143.4
2026-02-11T03:00:00Z,43464.7
2026-02-11T04:00:00Z,45492.8
2026-02-11T05:00:00Z,47872.2
2026-02-11T06:00:00Z,51405.9
2026-02-11T07:00:00Z,51235.1
2026-02-11T08:00:00Z,55569.2
2026-02-11T09:00:00Z,58249.5
2026-02-11T10:00:00Z,57042.1
2026-02-11T11:00:00Z,60144.0
2026-02-11T12:00:00Z,59794.2
2026-02-11T13:00:00Z,62460.0
2026-02-11T14:00:00Z,59620.2
2026-02-11T15:00:00Z,56731.1
2026-02-11T16:00:00Z,55298.2
2026-02-11T17:00:00Z,53268.7
2026-02-11T18:00:00Z,49344.5
2026-02-11T19:00:00Z,47008.8
2026-02-11T20:00:00Z,45572.9
2026-02-11T21:00:00Z,44875.4
2026-02-11T22:00:00Z,40880.6
2026-02-11T23:00:00Z,43299.9
2026-02-12T00:00:00Z,39388.1
2026-02-12T01:00:00Z,40060.9
2026-02-12T02:00:00Z,41247.8
2026-02-12T03:00:00Z,43528.8
2026-02-12T04:00:00Z,45271.6
2026-02-12T05:00:00Z,48123.6
2026-02-12T06:00:00Z,49174.1
2026-02-12T07:00:00Z,51808.1
2026-02-12T08:00:00Z,55081.3
2026-02-12T09:00:00Z,57049.0
2026-02-12T10:00:00Z,57521.6
2026-02-12T11:00:00Z,59978.7
2026-02-12T12:00:00Z,59600.1
2026-02-12T13:00:00Z,60333.3
2026-02-12T14:00:00Z,58744.6
2026-02-12T15:00:00Z,56232.7
2026-02-12T16:00:00Z,56443.2
2026-02-12T17:00:00Z,53505.6
2026-02-12T18:00:00Z,51266.8
2026-02-12T19:00:00Z,46360.4
2026-02-12T20:00:00Z,46272.3
2026-02-12T21:00:00Z,41412.7
2026-02-12T22:00:00Z,41800.8
2026-02-12T23:00:00Z,39944.7
2026-02-13T00:00:00Z,39286.6
2026-02-13T01:00:00Z,40845.9
2026-02-13T02:00:00Z,42440.6
2026-02-13T03:00:00Z,42584.8
2026-02-13T04:00:00Z,45829.8
2026-02-13T05:00:00Z,46754.5
2026-02-13T06:00:00Z,50550.3
2026-02-13T07:00:00Z,51168.2
2026-02-13T08:00:00Z,55076.7
2026-02-13T09:00:00Z,55994.0
2026-02-13T10:00:00Z,58250.2
2026-02-13T11:00:00Z,60510.1
2026-02-13T12:00:00Z,61033.0
2026-02-13T13:00:00Z,59300.1
2026-02-13T14:00:00Z,59474.9
2026-02-13T15:00:00Z,56515.9
2026-02-13T16:00:00Z,55565.9
2026-02-13T17:00:00Z,53150.3
2026-02-13T18:00:00Z,49848.5
2026-02-13T19:00:00Z,48356.8
2026-02-13T20:00:00Z,45706.3
2026-02-13T21:00:00Z,44065.4
2026-02-13T22:00:00Z,42446.4
2026-02-13T23:00:00Z,40878.6
2026-02-14T00:00:00Z,37170.0
2026-02-14T01:00:00Z,37046.0
2026-02-14T02:00:00Z,36754.2
2026-02-14T03:00:00Z,39910.5
2026-02-14T04:00:00Z,42306.3
2026-02-14T05:00:00Z,43561.1
2026-02-14T06:00:00Z,46555.3
2026-02-14T07:00:00Z,47790.7
2026-02-14T08:00:00Z,51939.0
2026-02-14T09:00:00Z,52635.1
2026-02-14T10:00:00Z,55663.9
2026-02-14T11:00:00Z,56762.8
2026-02-14T12:00:00Z,57058.0
2026-02-14T13:00:00Z,55962.3
2026-02-14T14:00:00Z,56110.2
2026-02-14T15:00:00Z,53488.3
2026-02-14T16:00:00Z,51032.7
2026-02-14T17:00:00Z,49511.0
2026-02-14T18:00:00Z,48004.3
2026-02-14T19:00:00Z,45512.2
2026-02-14T20:00:00Z,41847.2
2026-02-14T21:00:00Z,39544.5
2026-02-14T22:00:00Z,38264.0
2026-02-14T23:00:00Z,39025.3
2026-02-15T00:00:00Z,36673.9
2026-02-15T01:00:00Z,38077.9
2026-02-15T02:00:00Z,38145.0
2026-02-15T03:00:00Z,38709.5
2026-02-15T04:00:00Z,42778.1
2026-02-15T05:00:00Z,43854.5
2026-02-15T06:00:00Z,48640.6
2026-02-15T07:00:00Z,47932.2
2026-02-15T08:00:00Z,53150.2
2026-02-15T09:00:00Z,53738.0
2026-02-15T10:00:00Z,54398.5
2026-02-15T11:00:00Z,55614.8
2026-02-15T12:00:00Z,56658.0
2026-02-15T13:00:00Z,57785.3
2026-02-15T14:00:00Z,55446.1
2026-02-15T15:00:00Z,54247.0
2026-02-15T16:00:00Z,51539.6
2026-02-15T17:00:00Z,50038.1
2026-02-15T18:00:00Z,47136.9
2026-02-15T19:00:00Z,43461.0
2026-02-15T20:00:00Z,40885.1
2026-02-15T21:00:00Z,40803.9
2026-02-15T22:00:00Z,37327.2
2026-02-15T23:00:00Z,38270.2
2026-02-16T00:00:00Z,39350.3
2026-02-16T01:00:00Z,39530.7
2026-02-16T02:00:00Z,41804.6
2026-02-16T03:00:00Z,43486.1
2026-02-16T04:00:00Z,45681.3
2026-02-16T05:00:00Z,47333.9
2026-02-16T06:00:00Z,50477.9
2026-02-16T07:00:00Z,53093.1
2026-02-16T08:00:00Z,56008.9
2026-02-16T09:00:00Z,57141.2
2026-02-16T10:00:00Z,58012.5
2026-02-16T11:00:00Z,59423.1
2026-02-16T12:00:00Z,60479.9
2026-02-16T13:00:00Z,57874.2
2026-02-16T14:00:00Z,57383.8
2026-02-16T15:00:00Z,57034.5
2026-02-16T16:00:00Z,54251.8
2026-02-16T17:00:00Z,50859.4
2026-02-16T18:00:00Z,51708.5
2026-02-16T19:00:00Z,46725.7
2026-02-16T20:00:00Z,44291.1
2026-02-16T21:00:00Z,42911.8
2026-02-16T22:00:00Z,41303.6
2026-02-16T23:00:00Z,39954.1
2026-02-17T00:00:00Z,39434.3
2026-02-17T01:00:00Z,38983.7
2026-02-17T02:00:00Z,40883.1
2026-02-17T03:00:00Z,40966.4
2026-02-17T04:00:00Z,42608.1
2026-02-17T05:00:00Z,45989.3
2026-02-17T06:00:00Z,50044.9
2026-02-17T07:00:00Z,51634.3
2026-02-17T08:00:00Z,54097.9
2026-02-17T09:00:00Z,57170.1
2026-02-17T10:00:00Z,56493.2
2026-02-17T11:00:00Z,59533.7
2026-02-17T12:00:00Z,58737.1
2026-02-17T13:00:00Z,58787.6
2026-02-17T14:00:00Z,58032.6
2026-02-17T15:00:00Z,54694.9
2026-02-17T16:00:00Z,54683.4
2026-02-17T17:00:00Z,52664.3
2026-02-17T18:00:00Z,49035.3
2026-02-17T19:00:00Z,47115.5
2026-02-17T20:00:00Z,43859.3
2026-02-17T21:00:00Z,43895.4
2026-02-17T22:00:00Z,40166.2
2026-02-17T23:00:00Z,38312.8
2026-02-18T00:00:00Z,38752.3
2026-02-18T01:00:00Z,40864.9
2026-02-18T02:00:00Z,39105.5
2026-02-18T03:00:00Z,43904.5
2026-02-18T04:00:00Z,44625.9
2026-02-18T05:00:00Z,46991.8
2026-02-18T06:00:00Z,49161.6
2026-02-18T07:00:00Z,50504.2
2026-02-18T08:00:00Z,54160.7
2026-02-18T09:00:00Z,55598.0
2026-02-18T10:00:00Z,58895.5
2026-02-18T11:00:00Z,58710.0
2026-02-18T12:00:00Z,58919.1
2026-02-18T13:00:00Z,58034.0
2026-02-18T14:00:00Z,57307.7
2026-02-18T15:00:00Z,57024.5
2026-02-18T16:00:00Z,53601.5
2026-02-18T17:00:00Z,51614.4
2026-02-18T18:00:00Z,48116.4
2026-02-18T19:00:00Z,47573.6
2026-02-18T20:00:00Z,44813.6
2026-02-18T21:00:00Z,40813.9
2026-02-18T22:00:00Z,41842.3
2026-02-18T23:00:00Z,39845.9
2026-02-19T00:00:00Z,37821.9
2026-02-19T01:00:00Z,39391.3
2026-02-19T02:00:00Z,41382.9
2026-02-19T03:00:00Z,42224.3
2026-02-19T04:00:00Z,44784.9
2026-02-19T05:00:00Z,46201.9
2026-02-19T06:00:00Z,48448.7
2026-02-19T07:00:00Z,52864.1
2026-02-19T08:00:00Z,54621.1
2026-02-19T09:00:00Z,56911.0
2026-02-19T10:00:00Z,58046.1
2026-02-19T11:00:00Z,57797.7
2026-02-19T12:00:00Z,58049.0
2026-02-19T13:00:00Z,58280.9
2026-02-19T14:00:00Z,56600.8
2026-02-19T15:00:00Z,56226.5
2026-02-19T16:00:00Z,52400.5
2026-02-19T17:00:00Z,50096.7
2026-02-19T18:00:00Z,49177.5
2026-02-19T19:00:00Z,46660.2
2026-02-19T20:00:00Z,44536.1
2026-02-19T21:00:00Z,42236.4
2026-02-19T22:00:00Z,39150.3
2026-02-19T23:00:00Z,39975.7
2026-02-20T00:00:00Z,40066.2
2026-02-20T01:00:00Z,39003.9
2026-02-20T02:00:00Z,38774.0
2026-02-20T03:00:00Z,43109.2
2026-02-20T04:00:00Z,44419.7
2026-02-20T05:00:00Z,44774.5
2026-02-20T06:00:00Z,49040.1
2026-02-20T07:00:00Z,52586.7
2026-02-20T08:00:00Z,53184.2
2026-02-20T09:00:00Z,56214.2
2026-02-20T10:00:00Z,55921.8
2026-02-20T11:00:00Z,58054.2
2026-02-20T12:00:00Z,58906.0
2026-02-20T13:00:00Z,59006.3
2026-02-20T14:00:00Z,58189.3
2026-02-20T15:00:00Z,56911.8
2026-02-20T16:00:00Z,53513.7
2026-02-20T17:00:00Z,52003.4
2026-02-20T18:00:00Z,47983.6
2026-02-20T19:00:00Z,46514.5
2026-02-20T20:00:00Z,45827.2
2026-02-20T21:00:00Z,42671.8
2026-02-20T22:00:00Z,39646.5
2026-02-20T23:00:00Z,39784.0
2026-02-21T00:00:00Z,36706.8
2026-02-21T01:00:00Z,37138.7
2026-02-21T02:00:00Z,38112.3
2026-02-21T03:00:00Z,39064.1
2026-02-21T04:00:00Z,40006.8
2026-02-21T05:00:00Z,43647.8
2026-02-21T06:00:00Z,45222.3
2026-02-21T07:00:00Z,48163.2
2026-02-21T08:00:00Z,49883.5
2026-02-21T09:00:00Z,52631.6
2026-02-21T10:00:00Z,56553.5
2026-02-21T11:00:00Z,55387.7
2026-02-21T12:00:00Z,56095.6
2026-02-21T13:00:00Z,55009.4
2026-02-21T14:00:00Z,54719.2
2026-02-21T15:00:00Z,53955.0
2026-02-21T16:00:00Z,51673.0
2026-02-21T17:00:00Z,48241.5
2026-02-21T18:00:00Z,45169.7
2026-02-21T19:00:00Z,42594.8
2026-02-21T20:00:00Z,40080.6
2026-02-21T21:00:00Z,38206.1
2026-02-21T22:00:00Z,38093.1
2026-02-21T23:00:00Z,35031.7
2026-02-22T00:00:00Z,35705.1
2026-02-22T01:00:00Z,35897.5
2026-02-22T02:00:00Z,37360.9
2026-02-22T03:00:00Z,38804.1
2026-02-22T04:00:00Z,41028.3
2026-02-22T05:00:00Z,42340.5
2026-02-22T06:00:00Z,46312.9
2026-02-22T07:00:00Z,45917.1
2026-02-22T08:00:00Z,51622.3
2026-02-22T09:00:00Z,52779.8
2026-02-22T10:00:00Z,53855.8
2026-02-22T11:00:00Z,55784.7
2026-02-22T12:00:00Z,55840.2
2026-02-22T13:00:00Z,55359.2
2026-02-22T14:00:00Z,53100.2
2026-02-22T15:00:00Z,51472.9
2026-02-22T16:00:00Z,50407.1
2026-02-22T17:00:00Z,48472.7
2026-02-22T18:00:00Z,44840.8
2026-02-22T19:00:00Z,43953.1
2026-02-22T20:00:00Z,41703.9
2026-02-22T21:00:00Z,38936.7
2026-02-22T22:00:00Z,37908.3
2026-02-22T23:00:00Z,35995.3
2026-02-23T00:00:00Z,37459.6
2026-02-23T01:00:00Z,37918.3
2026-02-23T02:00:00Z,39567.6
2026-02-23T03:00:00Z,41863.5
2026-02-23T04:00:00Z,43456.0
2026-02-23T05:00:00Z,46942.8
2026-02-23T06:00:00Z,47069.0
2026-02-23T07:00:00Z,50467.5
2026-02-23T08:00:00Z,52645.1
2026-02-23T09:00:00Z,55142.6
2026-02-23T10:00:00Z,56312.0
2026-02-23T11:00:00Z,58613.9
2026-02-23T12:00:00Z,57360.0
2026-02-23T13:00:00Z,59398.1
2026-02-23T14:00:00Z,56501.3
2026-02-23T15:00:00Z,56022.6
2026-02-23T16:00:00Z,54327.2
2026-02-23T17:00:00Z,49392.8
2026-02-23T18:00:00Z,48698.7
2026-02-23T19:00:00Z,45471.0
2026-02-23T20:00:00Z,43070.1
2026-02-23T21:00:00Z,41189.8
2026-02-23T22:00:00Z,40017.5
2026-02-23T23:00:00Z,38746.6
2026-02-24T00:00:00Z,37071.3
2026-02-24T01:00:00Z,38800.9
2026-02-24T02:00:00Z,40160.8
2026-02-24T03:00:00Z,41282.5
2026-02-24T04:00:00Z,41361.1
2026-02-24T05:00:00Z,44515.6
2026-02-24T06:00:00Z,48186.6
2026-02-24T07:00:00Z,50720.1
2026-02-24T08:00:00Z,53405.3
2026-02-24T09:00:00Z,54943.5
2026-02-24T10:00:00Z,56401.6
2026-02-24T11:00:00Z,57450.3
2026-02-24T12:00:00Z,57769.5
2026-02-24T13:00:00Z,57392.5
2026-02-24T14:00:00Z,55659.6
2026-02-24T15:00:00Z,55376.8
2026-02-24T16:00:00Z,52969.6
2026-02-24T17:00:00Z,51433.1
2026-02-24T18:00:00Z,47377.8
2026-02-24T19:00:00Z,45077.4
2026-02-24T20:00:00Z,43080.5
2026-02-24T21:00:00Z,41205.4
2026-02-24T22:00:00Z,39997.1
2026-02-24T23:00:00Z,37849.9
2026-02-25T00:00:00Z,39251.4
2026-02-25T01:00:00Z,38516.1
2026-02-25T02:00:00Z,38440.9
2026-02-25T03:00:00Z,40544.0
2026-02-25T04:00:00Z,42952.2
2026-02-25T05:00:00Z,45735.3
2026-02-25T06:00:00Z,48660.6
2026-02-25T07:00:00Z,50290.5
2026-02-25T08:00:00Z,52656.0
2026-02-25T09:00:00Z,52871.6
2026-02-25T10:00:00Z,55274.1
2026-02-25T11:00:00Z,55595.6
2026-02-25T12:00:00Z,56698.1
2026-02-25T13:00:00Z,58318.1
2026-02-25T14:00:00Z,56300.7
2026-02-25T15:00:00Z,53381.3
2026-02-25T16:00:00Z,51808.0
2026-02-25T17:00:00Z,51435.1
2026-02-25T18:00:00Z,46856.6
2026-02-25T19:00:00Z,43307.2
2026-02-25T20:00:00Z,41616.7
2026-02-25T21:00:00Z,40569.4
2026-02-25T22:00:00Z,39160.7
2026-02-25T23:00:00Z,39081.6
2026-02-26T00:00:00Z,37906.2
2026-02-26T01:00:00Z,38276.3
2026-02-26T02:00:00Z,38148.4
2026-02-26T03:00:00Z,40563.3
2026-02-26T04:00:00Z,41791.4
2026-02-26T05:00:00Z,44093.0
2026-02-26T06:00:00Z,46713.1
2026-02-26T07:00:00Z,50763.9
2026-02-26T08:00:00Z,53030.6
2026-02-26T09:00:00Z,54937.0
2026-02-26T10:00:00Z,55669.0
2026-02-26T11:00:00Z,59223.3
2026-02-26T12:00:00Z,57215.5
2026-02-26T13:00:00Z,57605.6
2026-02-26T14:00:00Z,56481.6
2026-02-26T15:00:00Z,55813.4
2026-02-26T16:00:00Z,52854.1
2026-02-26T17:00:00Z,50701.3
2026-02-26T18:00:00Z,47833.0
2026-02-26T19:00:00Z,44582.4
2026-02-26T20:00:00Z,42033.7
2026-02-26T21:00:00Z,40068.0
2026-02-26T22:00:00Z,39051.9
2026-02-26T23:00:00Z,38350.5
2026-02-27T00:00:00Z,36208.3
2026-02-27T01:00:00Z,38044.3
2026-02-27T02:00:00Z,38741.9
2026-02-27T03:00:00Z,39307.4
2026-02-27T04:00:00Z,42650.1
2026-02-27T05:00:00Z,44902.6
2026-02-27T06:00:00Z,46871.2
2026-02-27T07:00:00Z,49754.7
2026-02-27T08:00:00Z,53260.5
2026-02-27T09:00:00Z,54994.4
2026-02-27T10:00:00Z,56302.6
2026-02-27T11:00:00Z,56001.0
2026-02-27T12:00:00Z,57493.5
2026-02-27T13:00:00Z,57633.9
2026-02-27T14:00:00Z,56444.1
2026-02-27T15:00:00Z,56471.8
2026-02-27T16:00:00Z,52266.1
2026-02-27T17:00:00Z,51536.1
2026-02-27T18:00:00Z,48668.0
2026-02-27T19:00:00Z,44417.8
2026-02-27T20:00:00Z,41383.4
2026-02-27T21:00:00Z,42002.9
2026-02-27T22:00:00Z,39107.2
2026-02-27T23:00:00Z,37490.0
2026-02-28T00:00:00Z,36081.9
2026-02-28T01:00:00Z,34674.2
2026-02-28T02:00:00Z,35503.4
2026-02-28T03:00:00Z,37741.6
2026-02-28T04:00:00Z,40706.6
2026-02-28T05:00:00Z,40862.6
2026-02-28T06:00:00Z,43492.4
2026-02-28T07:00:00Z,46795.9
2026-02-28T08:00:00Z,49567.6
2026-02-28T09:00:00Z,49104.1
2026-02-28T10:00:00Z,53718.0
2026-02-28T11:00:00Z,52668.4
2026-02-28T12:00:00Z,53464.5
2026-02-28T13:00:00Z,55492.1
2026-02-28T14:00:00Z,52101.2
2026-02-28T15:00:00Z,51777.3
2026-02-28T16:00:00Z,49534.8
2026-02-28T17:00:00Z,47720.9
2026-02-28T18:00:00Z,44009.4
2026-02-28T19:00:00Z,42241.2
2026-02-28T20:00:00Z,39303.6
2026-02-28T21:00:00Z,37778.2
2026-02-28T22:00:00Z,35419.0
2026-02-28T23:00:00Z,35125.7
2026-03-01T00:00:00Z,34400.7
2026-03-01T01:00:00Z,34812.7
2026-03-01T02:00:00Z,35243.4
2026-03-01T03:00:00Z,36630.3
2026-03-01T04:00:00Z,40099.5
2026-03-01T05:00:00Z,41671.7
2026-03-01T06:00:00Z,44589.8
2026-03-01T07:00:00Z,47940.7
2026-03-01T08:00:00Z,48994.2
2026-03-01T09:00:00Z,52006.1
2026-03-01T10:00:00Z,53120.7
2026-03-01T11:00:00Z,54218.1
2026-03-01T12:00:00Z,55882.2
2026-03-01T13:00:00Z,54033.7
2026-03-01T14:00:00Z,53461.8
2026-03-01T15:00:00Z,51744.1
2026-03-01T16:00:00Z,50103.7
2026-03-01T17:00:00Z,46391.6
2026-03-01T18:00:00Z,45431.2
2026-03-01T19:00:00Z,39463.1
2026-03-01T20:00:00Z,37871.3
2026-03-01T21:00:00Z,35773.4
2026-03-01T22:00:00Z,35981.7
2026-03-01T23:00:00Z,35235.8
2026-03-02T00:00:00Z,36488.0
2026-03-02T01:00:00Z,38526.7
2026-03-02T02:00:00Z,38811.0
2026-03-02T03:00:00Z,38677.7
2026-03-02T04:00:00Z,40941.0
2026-03-02T05:00:00Z,43943.9
2026-03-02T06:00:00Z,46737.7
2026-03-02T07:00:00Z,49906.2
2026-03-02T08:00:00Z,51116.4
2026-03-02T09:00:00Z,54701.9
2026-03-02T10:00:00Z,55530.8
2026-03-02T11:00:00Z,55844.5
2026-03-02T12:00:00Z,58099.6
2026-03-02T13:00:00Z,58105.4
2026-03-02T14:00:00Z,55043.7
2026-03-02T15:00:00Z,53921.5
2026-03-02T16:00:00Z,52215.3
2026-03-02T17:00:00Z,49712.4
2026-03-02T18:00:00Z,46738.9
2026-03-02T19:00:00Z,44074.7
2026-03-02T20:00:00Z,42314.2
2026-03-02T21:00:00Z,41054.5
2026-03-02T22:00:00Z,37029.1
2026-03-02T23:00:00Z,36711.6
2026-03-03T00:00:00Z,38039.3
2026-03-03T01:00:00Z,37290.4
2026-03-03T02:00:00Z,37272.2
2026-03-03T03:00:00Z,39346.8
2026-03-03T04:00:00Z,42264.9
2026-03-03T05:00:00Z,44572.4
2026-03-03T06:00:00Z,47584.8
2026-03-03T07:00:00Z,49383.2
2026-03-03T08:00:00Z,51384.1
2026-03-03T09:00:00Z,52524.3
2026-03-03T10:00:00Z,55354.3
2026-03-03T11:00:00Z,56287.1
2026-03-03T12:00:00Z,58289.1
2026-03-03T13:00:00Z,57456.9
2026-03-03T14:00:00Z,55306.0
2026-03-03T15:00:00Z,52941.5
2026-03-03T16:00:00Z,50522.6
2026-03-03T17:00:00Z,47354.0
2026-03-03T18:00:00Z,47000.4
2026-03-03T19:00:00Z,45238.1
2026-03-03T20:00:00Z,41829.5
2026-03-03T21:00:00Z,40350.2
2026-03-03T22:00:00Z,37678.1
2026-03-03T23:00:00Z,38572.7
2026-03-04T00:00:00Z,39212.3
2026-03-04T01:00:00Z,37989.7
2026-03-04T02:00:00Z,38581.5
2026-03-04T03:00:00Z,40260.7
2026-03-04T04:00:00Z,41576.5
2026-03-04T05:00:00Z,43882.9
2026-03-04T06:00:00Z,46463.3
2026-03-04T07:00:00Z,49189.3
2026-03-04T08:00:00Z,51789.1
2026-03-04T09:00:00Z,54126.4
2026-03-04T10:00:00Z,55333.5
2026-03-04T11:00:00Z,57038.3
2026-03-04T12:00:00Z,55715.7
2026-03-04T13:00:00Z,56151.7
2026-03-04T14:00:00Z,55273.0
2026-03-04T15:00:00Z,54046.9
2026-03-04T16:00:00Z,51795.1
2026-03-04T17:00:00Z,49714.0
2026-03-04T18:00:00Z,46383.9
2026-03-04T19:00:00Z,43420.6
2026-03-04T20:00:00Z,41567.0
2026-03-04T21:00:00Z,39930.4
2026-03-04T22:00:00Z,38647.9
2026-03-04T23:00:00Z,38663.0
2026-03-05T00:00:00Z,36734.1
2026-03-05T01:00:00Z,36417.3
2026-03-05T02:00:00Z,38320.5
2026-03-05T03:00:00Z,39278.2
2026-03-05T04:00:00Z,42194.4
2026-03-05T05:00:00Z,45326.8
2026-03-05T06:00:00Z,46765.7
2026-03-05T07:00:00Z,50878.3
2026-03-05T08:00:00Z,51434.2
2026-03-05T09:00:00Z,53169.0
2026-03-05T10:00:00Z,53335.5
2026-03-05T11:00:00Z,56219.2
2026-03-05T12:00:00Z,55652.9
2026-03-05T13:00:00Z,55923.7
2026-03-05T14:00:00Z,55193.0
2026-03-05T15:00:00Z,52235.5
2026-03-05T16:00:00Z,49937.9
2026-03-05T17:00:00Z,49983.6
2026-03-05T18:00:00Z,46258.0
2026-03-05T19:00:00Z,45098.0
2026-03-05T20:00:00Z,40376.0
2026-03-05T21:00:00Z,38360.2
2026-03-05T22:00:00Z,38650.4
2026-03-05T23:00:00Z,38296.2
2026-03-06T00:00:00Z,35082.4
2026-03-06T01:00:00Z,37158.7
2026-03-06T02:00:00Z,39472.4
2026-03-06T03:00:00Z,40399.7
2026-03-06T04:00:00Z,42209.6
2026-03-06T05:00:00Z,43776.3
2026-03-06T06:00:00Z,45802.5
2026-03-06T07:00:00Z,49633.4
2026-03-06T08:00:00Z,51709.2
2026-03-06T09:00:00Z,52432.8
2026-03-06T10:00:00Z,53613.7
2026-03-06T11:00:00Z,54984.0
2026-03-06T12:00:00Z,56651.5
2026-03-06T13:00:00Z,56396.1
2026-03-06T14:00:00Z,54335.8
2026-03-06T15:00:00Z,54600.4
2026-03-06T16:00:00Z,51973.4
2026-03-06T17:00:00Z,49515.0
2026-03-06T18:00:00Z,46489.2
2026-03-06T19:00:00Z,43338.2
2026-03-06T20:00:00Z,40088.3
2026-03-06T21:00:00Z,38435.2
2026-03-06T22:00:00Z,37500.2
2026-03-06T23:00:00Z,37020.3
2026-03-07T00:00:00Z,33270.3
2026-03-07T01:00:00Z,33851.4
2026-03-07T02:00:00Z,34915.2
2026-03-07T03:00:00Z,36908.8
2026-03-07T04:00:00Z,39055.2
2026-03-07T05:00:00Z,40666.1
2026-03-07T06:00:00Z,43554.8
2026-03-07T07:00:00Z,45957.4
2026-03-07T08:00:00Z,47437.7
2026-03-07T09:00:00Z,52119.6
2026-03-07T10:00:00Z,51899.9
2026-03-07T11:00:00Z,52565.5
2026-03-07T12:00:00Z,52338.2
2026-03-07T13:00:00Z,53376.1
2026-03-07T14:00:00Z,51599.3
2026-03-07T15:00:00Z,50780.4
2026-03-07T16:00:00Z,48307.0
2026-03-07T17:00:00Z,46552.7
2026-03-07T18:00:00Z,43303.6
2026-03-07T19:00:00Z,40028.4
2026-03-07T20:00:00Z,38479.9
2026-03-07T21:00:00Z,37213.9
2026-03-07T22:00:00Z,35114.8
2026-03-07T23:00:00Z,33908.7
2026-03-08T00:00:00Z,34313.8
2026-03-08T01:00:00Z,34070.5
2026-03-08T02:00:00Z,35408.6
2026-03-08T03:00:00Z,35898.4
2026-03-08T04:00:00Z,38236.8
2026-03-08T05:00:00Z,40511.8
2026-03-08T06:00:00Z,44542.4
2026-03-08T07:00:00Z,47006.8
2026-03-08T08:00:00Z,50396.9
2026-03-08T09:00:00Z,51347.6
2026-03-08T10:00:00Z,50304.7
2026-03-08T11:00:00Z,52756.4
2026-03-08T12:00:00Z,53868.5
2026-03-08T13:00:00Z,55278.6
2026-03-08T14:00:00Z,51157.8
2026-03-08T15:00:00Z,51227.9
2026-03-08T16:00:00Z,48718.3
2026-03-08T17:00:00Z,44127.6
2026-03-08T18:00:00Z,43047.8
2026-03-08T19:00:00Z,41560.1
2026-03-08T20:00:00Z,38560.4
2026-03-08T21:00:00Z,35299.0
2026-03-08T22:00:00Z,34524.9
2026-03-08T23:00:00Z,33593.4
2026-03-09T00:00:00Z,37366.1
2026-03-09T01:00:00Z,37371.6
2026-03-09T02:00:00Z,39702.7
2026-03-09T03:00:00Z,39389.9
2026-03-09T04:00:00Z,41833.2
2026-03-09T05:00:00Z,41756.3
2026-03-09T06:00:00Z,45066.6
2026-03-09T07:00:00Z,48246.1
2026-03-09T08:00:00Z,50829.4
2026-03-09T09:00:00Z,51776.0
2026-03-09T10:00:00Z,54486.5
2026-03-09T11:00:00Z,55151.5
2026-03-09T12:00:00Z,56850.6
2026-03-09T13:00:00Z,56080.5
2026-03-09T14:00:00Z,54204.9
2026-03-09T15:00:00Z,53134.4
2026-03-09T16:00:00Z,52265.0
2026-03-09T17:00:00Z,47308.6
2026-03-09T18:00:00Z,47454.5
2026-03-09T19:00:00Z,41958.7
2026-03-09T20:00:00Z,40998.9
2026-03-09T21:00:00Z,38226.0
2026-03-09T22:00:00Z,37379.7
2026-03-09T23:00:00Z,36368.3
2026-03-10T00:00:00Z,34871.4
2026-03-10T01:00:00Z,36501.8
2026-03-10T02:00:00Z,36900.0
2026-03-10T03:00:00Z,38511.8
2026-03-10T04:00:00Z,40937.0
2026-03-10T05:00:00Z,43367.7
2026-03-10T06:00:00Z,45890.7
2026-03-10T07:00:00Z,48439.3
2026-03-10T08:00:00Z,50902.0
2026-03-10T09:00:00Z,52527.2
2026-03-10T10:00:00Z,53601.7
2026-03-10T11:00:00Z,56401.2
2026-03-10T12:00:00Z,54913.6
2026-03-10T13:00:00Z,55706.8
2026-03-10T14:00:00Z,55894.1
2026-03-10T15:00:00Z,52658.3
2026-03-10T16:00:00Z,50738.5
2026-03-10T17:00:00Z,48486.5
2026-03-10T18:00:00Z,46390.5
2026-03-10T19:00:00Z,43612.1
2026-03-10T20:00:00Z,43474.6
2026-03-10T21:00:00Z,37370.5
2026-03-10T22:00:00Z,36797.7
2026-03-10T23:00:00Z,36254.0
2026-03-11T00:00:00Z,36340.7
2026-03-11T01:00:00Z,36683.2
2026-03-11T02:00:00Z,37243.1
2026-03-11T03:00:00Z,39907.4
2026-03-11T04:00:00Z,40204.6
2026-03-11T05:00:00Z,43389.5
2026-03-11T06:00:00Z,46249.2
2026-03-11T07:00:00Z,46961.3
2026-03-11T08:00:00Z,50919.9
2026-03-11T09:00:00Z,52297.8
2026-03-11T10:00:00Z,55328.7
2026-03-11T11:00:00Z,56283.6
2026-03-11T12:00:00Z,53687.1
2026-03-11T13:00:00Z,55490.8
2026-03-11T14:00:00Z,55455.0
2026-03-11T15:00:00Z,52161.8
2026-03-11T16:00:00Z,50662.6
2026-03-11T17:00:00Z,48213.7
2026-03-11T18:00:00Z,45457.8
2026-03-11T19:00:00Z,41990.2
2026-03-11T20:00:00Z,39663.2
2026-03-11T21:00:00Z,37856.8
2026-03-11T22:00:00Z,38438.9
2026-03-11T23:00:00Z,35997.8
2026-03-12T00:00:00Z,34854.1
2026-03-12T01:00:00Z,35450.9
2026-03-12T02:00:00Z,36879.3
2026-03-12T03:00:00Z,39626.6
2026-03-12T04:00:00Z,40369.2
2026-03-12T05:00:00Z,43806.8
2026-03-12T06:00:00Z,46360.5
2026-03-12T07:00:00Z,48537.7
2026-03-12T08:00:00Z,50171.2
2026-03-12T09:00:00Z,53505.0
2026-03-12T10:00:00Z,52968.5
2026-03-12T11:00:00Z,55387.1
2026-03-12T12:00:00Z,54136.3
2026-03-12T13:00:00Z,53667.6
2026-03-12T14:00:00Z,54488.3
2026-03-12T15:00:00Z,52944.1
2026-03-12T16:00:00Z,51234.7
2026-03-12T17:00:00Z,48180.7
2026-03-12T18:00:00Z,47279.0
2026-03-12T19:00:00Z,43768.3
2026-03-12T20:00:00Z,39744.6
2026-03-12T21:00:00Z,39096.9
2026-03-12T22:00:00Z,35529.2
2026-03-12T23:00:00Z,36174.4
2026-03-13T00:00:00Z,35842.1
2026-03-13T01:00:00Z,35389.6
2026-03-13T02:00:00Z,37315.1
2026-03-13T03:00:00Z,39139.2
2026-03-13T04:00:00Z,40236.5
2026-03-13T05:00:00Z,43744.5
2026-03-13T06:00:00Z,45335.0
2026-03-13T07:00:00Z,48407.2
2026-03-13T08:00:00Z,49477.6
2026-03-13T09:00:00Z,53177.6
2026-03-13T10:00:00Z,53505.6
2026-03-13T11:00:00Z,55151.0
2026-03-13T12:00:00Z,56202.1
2026-03-13T13:00:00Z,55621.4
2026-03-13T14:00:00Z,54748.2
2026-03-13T15:00:00Z,51750.4
2026-03-13T16:00:00Z,51556.7
2026-03-13T17:00:00Z,47549.0
2026-03-13T18:00:00Z,45079.5
2026-03-13T19:00:00Z,43809.6
2026-03-13T20:00:00Z,40369.4
2026-03-13T21:00:00Z,38456.1
2026-03-13T22:00:00Z,36650.7
2026-03-13T23:00:00Z,34749.7
2026-03-14T00:00:00Z,32867.5
2026-03-14T01:00:00Z,33865.5
2026-03-14T02:00:00Z,33820.6
2026-03-14T03:00:00Z,36510.9
2026-03-14T04:00:00Z,37183.1
2026-03-14T05:00:00Z,39953.5
2026-03-14T06:00:00Z,42471.0
2026-03-14T07:00:00Z,45050.8
2026-03-14T08:00:00Z,47532.5
2026-03-14T09:00:00Z,48590.1
2026-03-14T10:00:00Z,50885.8
2026-03-14T11:00:00Z,52258.4
2026-03-14T12:00:00Z,51778.8
2026-03-14T13:00:00Z,51702.7
2026-03-14T14:00:00Z,51158.0
2026-03-14T15:00:00Z,49760.9
2026-03-14T16:00:00Z,49720.8
2026-03-14T17:00:00Z,44484.7
2026-03-14T18:00:00Z,43406.6
2026-03-14T19:00:00Z,39973.9
2026-03-14T20:00:00Z,38325.9
2026-03-14T21:00:00Z,36290.3
2026-03-14T22:00:00Z,33627.8
2026-03-14T23:00:00Z,33194.2
2026-03-15T00:00:00Z,32046.1
2026-03-15T01:00:00Z,32683.4
2026-03-15T02:00:00Z,32166.5
2026-03-15T03:00:00Z,35272.4
2026-03-15T04:00:00Z,37458.5
2026-03-15T05:00:00Z,39605.1
2026-03-15T06:00:00Z,44016.8
2026-03-15T07:00:00Z,44545.3
2026-03-15T08:00:00Z,47362.0
2026-03-15T09:00:00Z,49221.8
2026-03-15T10:00:00Z,49857.4
2026-03-15T11:00:00Z,52635.6
2026-03-15T12:00:00Z,51680.1
2026-03-15T13:00:00Z,51599.1
2026-03-15T14:00:00Z,50937.2
2026-03-15T15:00:00Z,49885.2
2026-03-15T16:00:00Z,48696.8
2026-03-15T17:00:00Z,46703.9
2026-03-15T18:00:00Z,43248.1
2026-03-15T19:00:00Z,40861.5
2026-03-15T20:00:00Z,36549.3
2026-03-15T21:00:00Z,34963.6
2026-03-15T22:00:00Z,33864.7
2026-03-15T23:00:00Z,33446.8
2026-03-16T00:00:00Z,35744.4
2026-03-16T01:00:00Z,36013.6
2026-03-16T02:00:00Z,37875.2
2026-03-16T03:00:00Z,38084.4
2026-03-16T04:00:00Z,40161.4
2026-03-16T05:00:00Z,44173.8
2026-03-16T06:00:00Z,46299.2
2026-03-16T07:00:00Z,47622.7
2026-03-16T08:00:00Z,49385.5
2026-03-16T09:00:00Z,52466.9
2026-03-16T10:00:00Z,53424.0
2026-03-16T11:00:00Z,55594.2
2026-03-16T12:00:00Z,55435.4
2026-03-16T13:00:00Z,56910.7
2026-03-16T14:00:00Z,54069.4
2026-03-16T15:00:00Z,53019.0
2026-03-16T16:00:00Z,50873.2
2026-03-16T17:00:00Z,47771.5
2026-03-16T18:00:00Z,45011.3
2026-03-16T19:00:00Z,42060.3
2026-03-16T20:00:00Z,39646.9
2026-03-16T21:00:00Z,37820.8
2026-03-16T22:00:00Z,36631.2
2026-03-16T23:00:00Z,35818.5
2026-03-17T00:00:00Z,35489.0
2026-03-17T01:00:00Z,34464.1
2026-03-17T02:00:00Z,37417.6
2026-03-17T03:00:00Z,38979.8
2026-03-17T04:00:00Z,40051.2
2026-03-17T05:00:00Z,43935.2
2026-03-17T06:00:00Z,45630.3
2026-03-17T07:00:00Z,46661.6
2026-03-17T08:00:00Z,51819.3
2026-03-17T09:00:00Z,51130.1
2026-03-17T10:00:00Z,54238.9
2026-03-17T11:00:00Z,54525.3
2026-03-17T12:00:00Z,55103.1
2026-03-17T13:00:00Z,53676.3
2026-03-17T14:00:00Z,52655.8
2026-03-17T15:00:00Z,50959.1
2026-03-17T16:00:00Z,49865.0
2026-03-17T17:00:00Z,46524.1
2026-03-17T18:00:00Z,44951.4
2026-03-17T19:00:00Z,42378.4
2026-03-17T20:00:00Z,40825.6
2026-03-17T21:00:00Z,39544.2
2026-03-17T22:00:00Z,35658.7
2026-03-17T23:00:00Z,35493.8
2026-03-18T00:00:00Z,33605.2
2026-03-18T01:00:00Z,35546.0
2026-03-18T02:00:00Z,37027.9
2026-03-18T03:00:00Z,38660.1
2026-03-18T04:00:00Z,40011.3
2026-03-18T05:00:00Z,42590.8
2026-03-18T06:00:00Z,44638.6
2026-03-18T07:00:00Z,46484.4
2026-03-18T08:00:00Z,50807.3
2026-03-18T09:00:00Z,53839.8
2026-03-18T10:00:00Z,53387.5
2026-03-18T11:00:00Z,53797.2
2026-03-18T12:00:00Z,54374.9
2026-03-18T13:00:00Z,54253.2
2026-03-18T14:00:00Z,55213.2
2026-03-18T15:00:00Z,52419.1
2026-03-18T16:00:00Z,50334.2
2026-03-18T17:00:00Z,48177.0
2026-03-18T18:00:00Z,44395.5
2026-03-18T19:00:00Z,42121.2
2026-03-18T20:00:00Z,38566.4
2026-03-18T21:00:00Z,38568.0
2026-03-18T22:00:00Z,35440.3
2026-03-18T23:00:00Z,35113.6
2026-03-19T00:00:00Z,34020.6
2026-03-19T01:00:00Z,35223.7
2026-03-19T02:00:00Z,36947.6
2026-03-19T03:00:00Z,38524.1
2026-03-19T04:00:00Z,39926.7
2026-03-19T05:00:00Z,42876.0
2026-03-19T06:00:00Z,43697.0
2026-03-19T07:00:00Z,47518.0
2026-03-19T08:00:00Z,49414.6
2026-03-19T09:00:00Z,51884.2
2026-03-19T10:00:00Z,52811.2
2026-03-19T11:00:00Z,53266.9
2026-03-19T12:00:00Z,54609.1
2026-03-19T13:00:00Z,54102.1
2026-03-19T14:00:00Z,52537.4
2026-03-19T15:00:00Z,49926.9
2026-03-19T16:00:00Z,51175.9
2026-03-19T17:00:00Z,47525.8
2026-03-19T18:00:00Z,45682.0
2026-03-19T19:00:00Z,44486.4
2026-03-19T20:00:00Z,38834.8
2026-03-19T21:00:00Z,38751.0
2026-03-19T22:00:00Z,35841.9
2026-03-19T23:00:00Z,36045.4
2026-03-20T00:00:00Z,34803.1
2026-03-20T01:00:00Z,35732.0
2026-03-20T02:00:00Z,37854.4
2026-03-20T03:00:00Z,39189.2
2026-03-20T04:00:00Z,40005.6
2026-03-20T05:00:00Z,41828.9
2026-03-20T06:00:00Z,45154.3
2026-03-20T07:00:00Z,46579.5
2026-03-20T08:00:00Z,50423.5
2026-03-20T09:00:00Z,53636.2
2026-03-20T10:00:00Z,52905.0
2026-03-20T11:00:00Z,54078.3
2026-03-20T12:00:00Z,55130.1
2026-03-20T13:00:00Z,53950.4
2026-03-20T14:00:00Z,53028.9
2026-03-20T15:00:00Z,52157.8
2026-03-20T16:00:00Z,50864.4
2026-03-20T17:00:00Z,47986.1
2026-03-20T18:00:00Z,44858.9
2026-03-20T19:00:00Z,41687.8
2026-03-20T20:00:00Z,40468.4
2026-03-20T21:00:00Z,38291.2
2026-03-20T22:00:00Z,37499.9
2026-03-20T23:00:00Z,35959.8
2026-03-21T00:00:00Z,31967.0
2026-03-21T01:00:00Z,33717.5
2026-03-21T02:00:00Z,34276.2
2026-03-21T03:00:00Z,34344.0
2026-03-21T04:00:00Z,37773.5
2026-03-21T05:00:00Z,40276.7
2026-03-21T06:00:00Z,42650.2
2026-03-21T07:00:00Z,43693.0
2026-03-21T08:00:00Z,47537.5
2026-03-21T09:00:00Z,49298.4
2026-03-21T10:00:00Z,50096.8
2026-03-21T11:00:00Z,51127.0
2026-03-21T12:00:00Z,50945.1
2026-03-21T13:00:00Z,52020.7
2026-03-21T14:00:00Z,49694.0
2026-03-21T15:00:00Z,49185.0
2026-03-21T16:00:00Z,47175.3
2026-03-21T17:00:00Z,43443.7
2026-03-21T18:00:00Z,40858.7
2026-03-21T19:00:00Z,38983.3
2026-03-21T20:00:00Z,36474.2
2026-03-21T21:00:00Z,33294.0
2026-03-21T22:00:00Z,33756.9
2026-03-21T23:00:00Z,32929.8
2026-03-22T00:00:00Z,32486.0
2026-03-22T01:00:00Z,32652.6
2026-03-22T02:00:00Z,31532.8
2026-03-22T03:00:00Z,32157.5
2026-03-22T04:00:00Z,36765.4
2026-03-22T05:00:00Z,38327.7
2026-03-22T06:00:00Z,42108.7
2026-03-22T07:00:00Z,43694.5
2026-03-22T08:00:00Z,46943.0
2026-03-22T09:00:00Z,49651.5
2026-03-22T10:00:00Z,49855.1
2026-03-22T11:00:00Z,51070.4
2026-03-22T12:00:00Z,52471.9
2026-03-22T13:00:00Z,50234.0
2026-03-22T14:00:00Z,50651.3
2026-03-22T15:00:00Z,47671.5
2026-03-22T16:00:00Z,45249.8
2026-03-22T17:00:00Z,44877.0
2026-03-22T18:00:00Z,40396.9
2026-03-22T19:00:00Z,41526.3
2026-03-22T20:00:00Z,36829.1
2026-03-22T21:00:00Z,35521.8
2026-03-22T22:00:00Z,33604.3
2026-03-22T23:00:00Z,31521.3
2026-03-23T00:00:00Z,34473.6
2026-03-23T01:00:00Z,33762.9
2026-03-23T02:00:00Z,34749.8
2026-03-23T03:00:00Z,36954.7
2026-03-23T04:00:00Z,39212.7
2026-03-23T05:00:00Z,43560.2
2026-03-23T06:00:00Z,44582.7
2026-03-23T07:00:00Z,47511.8
2026-03-23T08:00:00Z,49782.9
2026-03-23T09:00:00Z,51142.1
2026-03-23T10:00:00Z,53726.7
2026-03-23T11:00:00Z,53793.7
2026-03-23T12:00:00Z,54720.2
2026-03-23T13:00:00Z,53502.7
2026-03-23T14:00:00Z,53671.5
2026-03-23T15:00:00Z,49662.8
2026-03-23T16:00:00Z,49870.1
2026-03-23T17:00:00Z,48129.1
2026-03-23T18:00:00Z,44868.6
2026-03-23T19:00:00Z,41195.3
2026-03-23T20:00:00Z,40496.0
2026-03-23T21:00:00Z,36732.5
2026-03-23T22:00:00Z,36190.1
2026-03-23T23:00:00Z,34819.1
2026-03-24T00:00:00Z,34909.8
2026-03-24T01:00:00Z,35178.9
2026-03-24T02:00:00Z,36249.5
2026-03-24T03:00:00Z,38266.8
2026-03-24T04:00:00Z,38982.7
2026-03-24T05:00:00Z,43282.6
2026-03-24T06:00:00Z,44481.4
2026-03-24T07:00:00Z,47894.0
2026-03-24T08:00:00Z,49845.8
2026-03-24T09:00:00Z,51400.5
2026-03-24T10:00:00Z,53108.0
2026-03-24T11:00:00Z,54810.2
2026-03-24T12:00:00Z,54462.2
2026-03-24T13:00:00Z,55058.3
2026-03-24T14:00:00Z,52824.1
2026-03-24T15:00:00Z,50206.4
2026-03-24T16:00:00Z,49200.6
2026-03-24T17:00:00Z,47599.6
2026-03-24T18:00:00Z,43697.8
2026-03-24T19:00:00Z,41120.6
2026-03-24T20:00:00Z,39116.8
2026-03-24T21:00:00Z,36436.2
2026-03-24T22:00:00Z,35288.4
2026-03-24T23:00:00Z,35315.3
2026-03-25T00:00:00Z,35002.0
2026-03-25T01:00:00Z,34352.8
2026-03-25T02:00:00Z,35218.7
2026-03-25T03:00:00Z,37332.6
2026-03-25T04:00:00Z,39905.6
2026-03-25T05:00:00Z,42686.3
2026-03-25T06:00:00Z,44849.1
2026-03-25T07:00:00Z,48124.0
2026-03-25T08:00:00Z,49776.9
2026-03-25T09:00:00Z,51221.3
2026-03-25T10:00:00Z,53539.4
2026-03-25T11:00:00Z,53914.8
2026-03-25T12:00:00Z,52827.5
2026-03-25T13:00:00Z,52631.7
2026-03-25T14:00:00Z,54976.9
2026-03-25T15:00:00Z,51510.4
2026-03-25T16:00:00Z,48845.3
2026-03-25T17:00:00Z,45027.1
2026-03-25T18:00:00Z,45476.6
2026-03-25T19:00:00Z,42507.9
2026-03-25T20:00:00Z,39284.4
2026-03-25T21:00:00Z,35973.6
2026-03-25T22:00:00Z,35848.6
2026-03-25T23:00:00Z,35132.4
2026-03-26T00:00:00Z,33702.3
2026-03-26T01:00:00Z,34907.2
2026-03-26T02:00:00Z,36215.1
2026-03-26T03:00:00Z,37391.5
2026-03-26T04:00:00Z,39288.6
2026-03-26T05:00:00Z,41549.9
2026-03-26T06:00:00Z,44829.8
2026-03-26T07:00:00Z,44995.9
2026-03-26T08:00:00Z,47500.3
2026-03-26T09:00:00Z,49315.7
2026-03-26T10:00:00Z,51863.6
2026-03-26T11:00:00Z,53200.8
2026-03-26T12:00:00Z,52179.9
2026-03-26T13:00:00Z,52800.6
2026-03-26T14:00:00Z,52358.6
2026-03-26T15:00:00Z,51990.5
2026-03-26T16:00:00Z,48293.2
2026-03-26T17:00:00Z,46905.4
2026-03-26T18:00:00Z,43826.3
2026-03-26T19:00:00Z,41672.7
2026-03-26T20:00:00Z,38300.9
2026-03-26T21:00:00Z,36483.6
2026-03-26T22:00:00Z,35583.3
2026-03-26T23:00:00Z,34770.4
2026-03-27T00:00:00Z,34451.4
2026-03-27T01:00:00Z,35514.3
2026-03-27T02:00:00Z,37138.2
2026-03-27T03:00:00Z,38111.7
2026-03-27T04:00:00Z,39695.8
2026-03-27T05:00:00Z,40717.7
2026-03-27T06:00:00Z,43663.9
2026-03-27T07:00:00Z,47703.7
2026-03-27T08:00:00Z,49473.1
2026-03-27T09:00:00Z,50626.4
2026-03-27T10:00:00Z,54075.9
2026-03-27T11:00:00Z,55089.5
2026-03-27T12:00:00Z,54646.9
2026-03-27T13:00:00Z,54686.5
2026-03-27T14:00:00Z,53535.9
2026-03-27T15:00:00Z,50971.5
2026-03-27T16:00:00Z,49992.2
2026-03-27T17:00:00Z,46919.8
2026-03-27T18:00:00Z,45024.8
2026-03-27T19:00:00Z,42575.9
2026-03-27T20:00:00Z,38039.5
2026-03-27T21:00:00Z,37044.7
2026-03-27T22:00:00Z,35173.3
2026-03-27T23:00:00Z,34230.8
2026-03-28T00:00:00Z,30564.7
2026-03-28T01:00:00Z,31455.9
2026-03-28T02:00:00Z,32123.2
2026-03-28T03:00:00Z,32238.1
2026-03-28T04:00:00Z,37310.4
2026-03-28T05:00:00Z,38360.9
2026-03-28T06:00:00Z,40342.5
2026-03-28T07:00:00Z,43832.8
2026-03-28T08:00:00Z,44797.6
2026-03-28T09:00:00Z,47808.7
2026-03-28T10:00:00Z,48274.9
2026-03-28T11:00:00Z,51322.4
2026-03-28T12:00:00Z,50761.1
2026-03-28T13:00:00Z,52166.7
2026-03-28T14:00:00Z,50382.4
2026-03-28T15:00:00Z,49066.2
2026-03-28T16:00:00Z,47279.3
2026-03-28T17:00:00Z,43223.7
2026-03-28T18:00:00Z,40715.9
2026-03-28T19:00:00Z,37019.0
2026-03-28T20:00:00Z,33914.6
2026-03-28T21:00:00Z,33634.4
2026-03-28T22:00:00Z,32167.3
2026-03-28T23:00:00Z,31832.8
2026-03-29T00:00:00Z,30805.0
2026-03-29T01:00:00Z,29920.1
2026-03-29T02:00:00Z,33283.4
2026-03-29T03:00:00Z,33925.0
2026-03-29T04:00:00Z,36249.6
2026-03-29T05:00:00Z,38759.8
2026-03-29T06:00:00Z,40715.9
2026-03-29T07:00:00Z,42343.6
2026-03-29T08:00:00Z,44664.4
2026-03-29T09:00:00Z,48825.1
2026-03-29T10:00:00Z,48253.3
2026-03-29T11:00:00Z,50987.2
2026-03-29T12:00:00Z,53190.5
2026-03-29T13:00:00Z,49124.0
2026-03-29T14:00:00Z,50768.9
2026-03-29T15:00:00Z,47629.7
2026-03-29T16:00:00Z,45926.5
2026-03-29T17:00:00Z,43809.3
2026-03-29T18:00:00Z,42392.4
2026-03-29T19:00:00Z,38227.8
2026-03-29T20:00:00Z,35595.2
2026-03-29T21:00:00Z,35006.9
2026-03-29T22:00:00Z,32425.5
2026-03-29T23:00:00Z,30076.7
2026-03-30T00:00:00Z,33284.4
2026-03-30T01:00:00Z,35013.8
2026-03-30T02:00:00Z,34594.3
2026-03-30T03:00:00Z,37590.4
2026-03-30T04:00:00Z,37799.2
2026-03-30T05:00:00Z,42214.8
2026-03-30T06:00:00Z,42358.6
2026-03-30T07:00:00Z,46346.6
2026-03-30T08:00:00Z,49336.1
2026-03-30T09:00:00Z,49517.0
2026-03-30T10:00:00Z,52029.3
2026-03-30T11:00:00Z,56210.4
2026-03-30T12:00:00Z,54229.2
2026-03-30T13:00:00Z,53367.3
2026-03-30T14:00:00Z,52654.1
2026-03-30T15:00:00Z,49715.3
2026-03-30T16:00:00Z,49937.6
2026-03-30T17:00:00Z,45456.2
2026-03-30T18:00:00Z,44488.3
2026-03-30T19:00:00Z,41180.7
2026-03-30T20:00:00Z,38677.8
2026-03-30T21:00:00Z,36061.1
2026-03-30T22:00:00Z,35542.4
2026-03-30T23:00:00Z,33676.8
2026-03-31T00:00:00Z,33322.6
2026-03-31T01:00:00Z,34792.3
2026-03-31T02:00:00Z,33008.9
2026-03-31T03:00:00Z,38016.0
2026-03-31T04:00:00Z,37650.6
2026-03-31T05:00:00Z,41190.4
2026-03-31T06:00:00Z,44538.6
2026-03-31T07:00:00Z,45590.4
2026-03-31T08:00:00Z,50258.2
2026-03-31T09:00:00Z,50965.1
2026-03-31T10:00:00Z,51810.2
2026-03-31T11:00:00Z,53648.0
2026-03-31T12:00:00Z,53374.0
2026-03-31T13:00:00Z,51688.9
2026-03-31T14:00:00Z,52956.5
2026-03-31T15:00:00Z,50509.9
2026-03-31T16:00:00Z,48312.2
2026-03-31T17:00:00Z,47249.3
2026-03-31T18:00:00Z,41820.3
2026-03-31T19:00:00Z,39857.4
2026-03-31T20:00:00Z,38668.3
2026-03-31T21:00:00Z,35836.2
2026-03-31T22:00:00Z,34222.0
2026-03-31T23:00:00Z,34369.0
2026-04-01T00:00:00Z,34259.6
2026-04-01T01:00:00Z,33645.6
2026-04-01T02:00:00Z,36562.9
2026-04-01T03:00:00Z,37372.2
2026-04-01T04:00:00Z,38636.4
2026-04-01T05:00:00Z,41147.8
2026-04-01T06:00:00Z,44353.8
2026-04-01T07:00:00Z,45495.5
2026-04-01T08:00:00Z,48403.9
2026-04-01T09:00:00Z,50468.7
2026-04-01T10:00:00Z,51944.6
2026-04-01T11:00:00Z,52748.4
2026-04-01T12:00:00Z,53861.6
2026-04-01T13:00:00Z,53375.6
2026-04-01T14:00:00Z,53139.7
2026-04-01T15:00:00Z,52132.4
2026-04-01T16:00:00Z,48279.7
2026-04-01T17:00:00Z,46346.2
2026-04-01T18:00:00Z,44454.5
2026-04-01T19:00:00Z,40615.9
2026-04-01T20:00:00Z,39248.4
2026-04-01T21:00:00Z,35740.3
2026-04-01T22:00:00Z,35418.1
2026-04-01T23:00:00Z,33493.1
2026-04-02T00:00:00Z,34618.5
2026-04-02T01:00:00Z,34426.7
2026-04-02T02:00:00Z,35786.3
2026-04-02T03:00:00Z,36711.5
2026-04-02T04:00:00Z,38404.1
2026-04-02T05:00:00Z,42479.6
2026-04-02T06:00:00Z,43648.7
2026-04-02T07:00:00Z,45922.7
2026-04-02T08:00:00Z,48736.7
2026-04-02T09:00:00Z,50040.2
2026-04-02T10:00:00Z,52143.8
2026-04-02T11:00:00Z,53317.9
2026-04-02T12:00:00Z,53417.1
2026-04-02T13:00:00Z,54028.8
2026-04-02T14:00:00Z,52172.2
2026-04-02T15:00:00Z,51229.2
2026-04-02T16:00:00Z,48583.3
2026-04-02T17:00:00Z,45940.6
2026-04-02T18:00:00Z,42803.0
2026-04-02T19:00:00Z,41355.5
2026-04-02T20:00:00Z,38572.5
2026-04-02T21:00:00Z,36640.5
2026-04-02T22:00:00Z,34311.0
2026-04-02T23:00:00Z,33708.8
2026-04-03T00:00:00Z,32971.5
2026-04-03T01:00:00Z,32884.5
2026-04-03T02:00:00Z,33126.6
2026-04-03T03:00:00Z,36813.0
2026-04-03T04:00:00Z,39409.5
2026-04-03T05:00:00Z,42020.2
2026-04-03T06:00:00Z,44815.5
2026-04-03T07:00:00Z,45930.0
2026-04-03T08:00:00Z,48283.2
2026-04-03T09:00:00Z,51001.3
2026-04-03T10:00:00Z,52469.6
2026-04-03T11:00:00Z,51527.2
2026-04-03T12:00:00Z,53352.6
2026-04-03T13:00:00Z,53929.3
2026-04-03T14:00:00Z,52129.2
2026-04-03T15:00:00Z,51899.5
2026-04-03T16:00:00Z,47815.0
2026-04-03T17:00:00Z,47273.1
2026-04-03T18:00:00Z,43801.3
2026-04-03T19:00:00Z,40895.0
2026-04-03T20:00:00Z,39897.5
2026-04-03T21:00:00Z,37222.6
2026-04-03T22:00:00Z,35704.6
2026-04-03T23:00:00Z,33862.3
2026-04-04T00:00:00Z,29944.4
2026-04-04T01:00:00Z,31852.1
2026-04-04T02:00:00Z,30715.9
2026-04-04T03:00:00Z,33587.8
2026-04-04T04:00:00Z,36907.1
2026-04-04T05:00:00Z,37799.3
2026-04-04T06:00:00Z,41681.7
2026-04-04T07:00:00Z,45617.8
2026-04-04T08:00:00Z,45748.6
2026-04-04T09:00:00Z,46424.6
2026-04-04T10:00:00Z,47828.1
2026-04-04T11:00:00Z,50238.0
2026-04-04T12:00:00Z,50854.0
2026-04-04T13:00:00Z,51758.2
2026-04-04T14:00:00Z,51372.5
2026-04-04T15:00:00Z,48747.8
2026-04-04T16:00:00Z,45753.6
2026-04-04T17:00:00Z,43230.4
2026-04-04T18:00:00Z,41722.4
2026-04-04T19:00:00Z,37520.7
2026-04-04T20:00:00Z,36628.1
2026-04-04T21:00:00Z,33487.2
2026-04-04T22:00:00Z,32101.5
2026-04-04T23:00:00Z,31246.7
2026-04-05T00:00:00Z,31875.1
2026-04-05T01:00:00Z,30343.9
2026-04-05T02:00:00Z,31729.5
2026-04-05T03:00:00Z,33987.9
2026-04-05T04:00:00Z,35778.3
2026-04-05T05:00:00Z,38109.5
2026-04-05T06:00:00Z,40787.4
2026-04-05T07:00:00Z,43588.5
2026-04-05T08:00:00Z,46362.6
2026-04-05T09:00:00Z,47100.6
2026-04-05T10:00:00Z,47248.0
2026-04-05T11:00:00Z,51318.6
2026-04-05T12:00:00Z,50676.6
2026-04-05T13:00:00Z,49864.8
2026-04-05T14:00:00Z,48340.7
2026-04-05T15:00:00Z,47668.6
2026-04-05T16:00:00Z,45249.7
2026-04-05T17:00:00Z,43766.8
2026-04-05T18:00:00Z,41851.4
2026-04-05T19:00:00Z,37655.6
2026-04-05T20:00:00Z,36165.7
2026-04-05T21:00:00Z,32880.9
2026-04-05T22:00:00Z,30527.4
2026-04-05T23:00:00Z,30040.1
2026-04-06T00:00:00Z,32528.4
2026-04-06T01:00:00Z,34569.1
2026-04-06T02:00:00Z,34958.1
2026-04-06T03:00:00Z,36165.0
2026-04-06T04:00:00Z,37188.8
2026-04-06T05:00:00Z,39300.8
2026-04-06T06:00:00Z,42199.3
2026-04-06T07:00:00Z,45835.2
2026-04-06T08:00:00Z,48024.5
2026-04-06T09:00:00Z,49345.2
2026-04-06T10:00:00Z,52582.2
2026-04-06T11:00:00Z,53898.0
2026-04-06T12:00:00Z,53557.7
2026-04-06T13:00:00Z,52747.5
2026-04-06T14:00:00Z,51608.0
2026-04-06T15:00:00Z,50620.3
2026-04-06T16:00:00Z,47820.2
2026-04-06T17:00:00Z,46776.7
2026-04-06T18:00:00Z,43888.9
2026-04-06T19:00:00Z,41103.7
2026-04-06T20:00:00Z,38577.7
2026-04-06T21:00:00Z,36049.7
2026-04-06T22:00:00Z,35280.5
2026-04-06T23:00:00Z,33965.1
2026-04-07T00:00:00Z,33252.8
2026-04-07T01:00:00Z,33076.3
2026-04-07T02:00:00Z,35131.0
2026-04-07T03:00:00Z,36193.2
2026-04-07T04:00:00Z,38651.9
2026-04-07T05:00:00Z,40653.1
2026-04-07T06:00:00Z,44626.4
2026-04-07T07:00:00Z,45193.0
2026-04-07T08:00:00Z,47439.5
2026-04-07T09:00:00Z,50440.3
2026-04-07T10:00:00Z,51793.7
2026-04-07T11:00:00Z,54623.1
2026-04-07T12:00:00Z,54010.2
2026-04-07T13:00:00Z,53815.0
2026-04-07T14:00:00Z,53052.9
2026-04-07T15:00:00Z,49543.1
2026-04-07T16:00:00Z,48165.1
2026-04-07T17:00:00Z,45951.7
2026-04-07T18:00:00Z,43719.6
2026-04-07T19:00:00Z,42234.3
2026-04-07T20:00:00Z,38939.9
2026-04-07T21:00:00Z,35228.0
2026-04-07T22:00:00Z,36653.1
2026-04-07T23:00:00Z,34392.7
2026-04-08T00:00:00Z,32260.4
2026-04-08T01:00:00Z,34545.9
2026-04-08T02:00:00Z,35201.5
2026-04-08T03:00:00Z,35946.9
2026-04-08T04:00:00Z,38474.9
2026-04-08T05:00:00Z,41154.4
2026-04-08T06:00:00Z,41679.0
2026-04-08T07:00:00Z,46601.3
2026-04-08T08:00:00Z,48832.5
2026-04-08T09:00:00Z,50556.3
2026-04-08T10:00:00Z,51076.4
2026-04-08T11:00:00Z,53358.0
2026-04-08T12:00:00Z,53885.6
2026-04-08T13:00:00Z,53876.2
2026-04-08T14:00:00Z,50427.5
2026-04-08T15:00:00Z,50648.4
2026-04-08T16:00:00Z,47539.6
2026-04-08T17:00:00Z,46366.0
2026-04-08T18:00:00Z,42069.0
2026-04-08T19:00:00Z,40231.1
2026-04-08T20:00:00Z,36214.9
2026-04-08T21:00:00Z,35589.2
2026-04-08T22:00:00Z,35541.8
2026-04-08T23:00:00Z,33023.9
2026-04-09T00:00:00Z,32319.0
2026-04-09T01:00:00Z,32973.3
2026-04-09T02:00:00Z,34169.6
2026-04-09T03:00:00Z,35455.3
2026-04-09T04:00:00Z,38106.2
2026-04-09T05:00:00Z,40514.3
2026-04-09T06:00:00Z,43275.5
2026-04-09T07:00:00Z,47610.0
2026-04-09T08:00:00Z,47014.6
2026-04-09T09:00:00Z,51369.5
2026-04-09T10:00:00Z,52916.8
2026-04-09T11:00:00Z,51038.0
2026-04-09T12:00:00Z,54505.8
2026-04-09T13:00:00Z,54461.2
2026-04-09T14:00:00Z,52518.3
2026-04-09T15:00:00Z,49174.3
2026-04-09T16:00:00Z,47639.3
2026-04-09T17:00:00Z,45962.9
2026-04-09T18:00:00Z,44391.9
2026-04-09T19:00:00Z,40797.0
2026-04-09T20:00:00Z,37565.5
2026-04-09T21:00:00Z,37092.7
2026-04-09T22:00:00Z,35648.2
2026-04-09T23:00:00Z,34255.2
2026-04-10T00:00:00Z,33797.9
2026-04-10T01:00:00Z,33755.2
2026-04-10T02:00:00Z,34280.5
2026-04-10T03:00:00Z,35515.5
2026-04-10T04:00:00Z,38411.4
2026-04-10T05:00:00Z,42106.1
2026-04-10T06:00:00Z,45704.4
2026-04-10T07:00:00Z,45058.6
2026-04-10T08:00:00Z,47465.7
2026-04-10T09:00:00Z,50024.8
2026-04-10T10:00:00Z,51241.3
2026-04-10T11:00:00Z,51608.2
2026-04-10T12:00:00Z,54182.4
2026-04-10T13:00:00Z,52582.9
2026-04-10T14:00:00Z,50465.1
2026-04-10T15:00:00Z,50096.3
2026-04-10T16:00:00Z,49142.8
2026-04-10T17:00:00Z,46188.6
2026-04-10T18:00:00Z,42980.4
2026-04-10T19:00:00Z,40547.6
2026-04-10T20:00:00Z,38917.5
2026-04-10T21:00:00Z,37487.6
2026-04-10T22:00:00Z,35211.7
2026-04-10T23:00:00Z,34100.0
2026-04-11T00:00:00Z,30879.6
2026-04-11T01:00:00Z,30087.6
2026-04-11T02:00:00Z,32341.5
2026-04-11T03:00:00Z,33322.1
2026-04-11T04:00:00Z,35821.6
2026-04-11T05:00:00Z,37427.9
2026-04-11T06:00:00Z,40593.9
2026-04-11T07:00:00Z,42949.1
2026-04-11T08:00:00Z,43780.5
2026-04-11T09:00:00Z,47196.1
2026-04-11T10:00:00Z,49218.9
2026-04-11T11:00:00Z,49360.2
2026-04-11T12:00:00Z,48524.8
2026-04-11T13:00:00Z,49962.4
2026-04-11T14:00:00Z,49743.9
2026-04-11T15:00:00Z,47425.9
2026-04-11T16:00:00Z,46227.3
2026-04-11T17:00:00Z,41895.3
2026-04-11T18:00:00Z,40757.2
2026-04-11T19:00:00Z,37915.2
2026-04-11T20:00:00Z,33126.4
2026-04-11T21:00:00Z,33498.6
2026-04-11T22:00:00Z,32615.0
2026-04-11T23:00:00Z,30398.7
2026-04-12T00:00:00Z,29907.2
2026-04-12T01:00:00Z,29604.7
2026-04-12T02:00:00Z,32619.9
2026-04-12T03:00:00Z,33673.6
2026-04-12T04:00:00Z,34833.6
2026-04-12T05:00:00Z,38427.9
2026-04-12T06:00:00Z,40493.2
2026-04-12T07:00:00Z,44445.3
2026-04-12T08:00:00Z,46837.0
2026-04-12T09:00:00Z,47953.9
2026-04-12T10:00:00Z,48479.3
2026-04-12T11:00:00Z,51243.8
2026-04-12T12:00:00Z,50187.1
2026-04-12T13:00:00Z,50157.0
2026-04-12T14:00:00Z,49037.8
2026-04-12T15:00:00Z,47446.3
2026-04-12T16:00:00Z,45477.8
2026-04-12T17:00:00Z,42459.8
2026-04-12T18:00:00Z,40131.0
2026-04-12T19:00:00Z,37477.1
2026-04-12T20:00:00Z,34126.5
2026-04-12T21:00:00Z,31618.1
2026-04-12T22:00:00Z,31627.6
2026-04-12T23:00:00Z,30789.1
2026-04-13T00:00:00Z,33150.7
2026-04-13T01:00:00Z,33729.8
2026-04-13T02:00:00Z,34852.0
2026-04-13T03:00:00Z,36044.4
2026-04-13T04:00:00Z,37880.8
2026-04-13T05:00:00Z,40231.9
2026-04-13T06:00:00Z,43064.1
2026-04-13T07:00:00Z,45036.9
2026-04-13T08:00:00Z,47429.1
2026-04-13T09:00:00Z,49607.4
2026-04-13T10:00:00Z,51584.2
2026-04-13T11:00:00Z,52584.4
2026-04-13T12:00:00Z,53562.5
2026-04-13T13:00:00Z,52536.8
2026-04-13T14:00:00Z,51280.3
2026-04-13T15:00:00Z,49840.3
2026-04-13T16:00:00Z,49232.7
2026-04-13T17:00:00Z,46309.4
2026-04-13T18:00:00Z,44035.0
2026-04-13T19:00:00Z,40761.3
2026-04-13T20:00:00Z,38765.9
2026-04-13T21:00:00Z,36307.5
2026-04-13T22:00:00Z,34289.2
2026-04-13T23:00:00Z,32860.2
2026-04-14T00:00:00Z,32785.9
2026-04-14T01:00:00Z,32478.0
2026-04-14T02:00:00Z,34332.1
2026-04-14T03:00:00Z,35475.7
2026-04-14T04:00:00Z,38941.7
2026-04-14T05:00:00Z,41865.3
2026-04-14T06:00:00Z,43759.7
2026-04-14T07:00:00Z,45539.7
2026-04-14T08:00:00Z,48581.1
2026-04-14T09:00:00Z,48966.6
2026-04-14T10:00:00Z,51837.9
2026-04-14T11:00:00Z,51200.5
2026-04-14T12:00:00Z,51924.0
2026-04-14T13:00:00Z,53000.9
2026-04-14T14:00:00Z,52239.5
2026-04-14T15:00:00Z,51097.6
2026-04-14T16:00:00Z,47586.5
2026-04-14T17:00:00Z,46558.5
2026-04-14T18:00:00Z,42334.3
2026-04-14T19:00:00Z,40226.4
2026-04-14T20:00:00Z,38238.7
2026-04-14T21:00:00Z,36128.5
2026-04-14T22:00:00Z,35717.8
2026-04-14T23:00:00Z,33156.8
2026-04-15T00:00:00Z,33054.6
2026-04-15T01:00:00Z,33234.7
2026-04-15T02:00:00Z,34589.5
2026-04-15T03:00:00Z,35348.7
2026-04-15T04:00:00Z,37549.7
2026-04-15T05:00:00Z,39166.7
2026-04-15T06:00:00Z,43974.5
2026-04-15T07:00:00Z,45626.0
2026-04-15T08:00:00Z,49730.5
2026-04-15T09:00:00Z,49925.2
2026-04-15T10:00:00Z,53367.0
2026-04-15T11:00:00Z,52960.4
2026-04-15T12:00:00Z,52329.6
2026-04-15T13:00:00Z,52776.7
2026-04-15T14:00:00Z,52504.1
2026-04-15T15:00:00Z,50734.9
2026-04-15T16:00:00Z,49165.2
2026-04-15T17:00:00Z,45580.7
2026-04-15T18:00:00Z,44599.0
2026-04-15T19:00:00Z,41212.1
2026-04-15T20:00:00Z,38126.9
2026-04-15T21:00:00Z,35943.8
2026-04-15T22:00:00Z,34481.0
2026-04-15T23:00:00Z,33014.3
2026-04-16T00:00:00Z,34279.3
2026-04-16T01:00:00Z,33783.6
2026-04-16T02:00:00Z,33983.0
2026-04-16T03:00:00Z,36319.0
2026-04-16T04:00:00Z,37635.2
2026-04-16T05:00:00Z,40653.6
2026-04-16T06:00:00Z,43472.9
2026-04-16T07:00:00Z,46753.5
2026-04-16T08:00:00Z,48324.7
2026-04-16T09:00:00Z,50179.2
2026-04-16T10:00:00Z,51394.9
2026-04-16T11:00:00Z,52619.8
2026-04-16T12:00:00Z,52617.2
2026-04-16T13:00:00Z,52221.3
2026-04-16T14:00:00Z,51110.8
2026-04-16T15:00:00Z,50627.0
2026-04-16T16:00:00Z,49937.7
2026-04-16T17:00:00Z,44889.6
2026-04-16T18:00:00Z,43647.2
2026-04-16T19:00:00Z,40562.7
2026-04-16T20:00:00Z,38139.9
2026-04-16T21:00:00Z,36721.9
2026-04-16T22:00:00Z,36441.5
2026-04-16T23:00:00Z,35321.2
2026-04-17T00:00:00Z,32162.0
2026-04-17T01:00:00Z,34538.4
2026-04-17T02:00:00Z,34335.0
2026-04-17T03:00:00Z,36548.4
2026-04-17T04:00:00Z,37908.2
2026-04-17T05:00:00Z,41486.1
2026-04-17T06:00:00Z,42063.3
2026-04-17T07:00:00Z,45707.7
2026-04-17T08:00:00Z,48009.6
2026-04-17T09:00:00Z,49711.2
2026-04-17T10:00:00Z,51455.8
2026-04-17T11:00:00Z,53715.3
2026-04-17T12:00:00Z,52165.3
2026-04-17T13:00:00Z,53667.3
2026-04-17T14:00:00Z,52344.0
2026-04-17T15:00:00Z,50787.0
2026-04-17T16:00:00Z,48086.2
2026-04-17T17:00:00Z,45318.9
2026-04-17T18:00:00Z,42703.0
2026-04-17T19:00:00Z,40876.5
2026-04-17T20:00:00Z,39243.9
2026-04-17T21:00:00Z,36160.4
2026-04-17T22:00:00Z,35394.4
2026-04-17T23:00:00Z,33022.1
2026-04-18T00:00:00Z,30034.6
2026-04-18T01:00:00Z,30807.2
2026-04-18T02:00:00Z,31676.1
2026-04-18T03:00:00Z,34397.9
2026-04-18T04:00:00Z,35605.3
2026-04-18T05:00:00Z,37647.4
2026-04-18T06:00:00Z,40799.9
2026-04-18T07:00:00Z,44162.2
2026-04-18T08:00:00Z,46197.0
2026-04-18T09:00:00Z,49138.1
2026-04-18T10:00:00Z,49636.6
2026-04-18T11:00:00Z,48495.9
2026-04-18T12:00:00Z,50017.6
2026-04-18T13:00:00Z,49978.6
2026-04-18T14:00:00Z,49009.6
2026-04-18T15:00:00Z,48281.4
2026-04-18T16:00:00Z,45872.3
2026-04-18T17:00:00Z,43098.1
2026-04-18T18:00:00Z,41527.8
2026-04-18T19:00:00Z,37203.8
2026-04-18T20:00:00Z,35602.3
2026-04-18T21:00:00Z,32041.7
2026-04-18T22:00:00Z,33062.9
2026-04-18T23:00:00Z,29437.4
2026-04-19T00:00:00Z,31105.6
2026-04-19T01:00:00Z,30907.2
2026-04-19T02:00:00Z,31932.4
2026-04-19T03:00:00Z,33590.4
2026-04-19T04:00:00Z,35225.5
2026-04-19T05:00:00Z,39962.0
2026-04-19T06:00:00Z,40461.2
2026-04-19T07:00:00Z,42623.0
2026-04-19T08:00:00Z,47314.3
2026-04-19T09:00:00Z,48151.4
2026-04-19T10:00:00Z,48150.8
2026-04-19T11:00:00Z,50464.5
2026-04-19T12:00:00Z,50393.2
2026-04-19T13:00:00Z,50774.9
2026-04-19T14:00:00Z,48957.6
2026-04-19T15:00:00Z,47433.7
2026-04-19T16:00:00Z,45433.3
2026-04-19T17:00:00Z,42401.3
2026-04-19T18:00:00Z,41843.2
2026-04-19T19:00:00Z,38197.8
2026-04-19T20:00:00Z,35696.0
2026-04-19T21:00:00Z,33562.6
2026-04-19T22:00:00Z,31978.7
2026-04-19T23:00:00Z,30481.3
2026-04-20T00:00:00Z,34030.1
2026-04-20T01:00:00Z,33618.5
2026-04-20T02:00:00Z,33652.0
2026-04-20T03:00:00Z,36156.0
2026-04-20T04:00:00Z,38480.6
2026-04-20T05:00:00Z,41337.4
2026-04-20T06:00:00Z,42750.3
2026-04-20T07:00:00Z,44800.5
2026-04-20T08:00:00Z,48706.8
2026-04-20T09:00:00Z,50631.7
2026-04-20T10:00:00Z,52664.3
2026-04-20T11:00:00Z,53332.8
2026-04-20T12:00:00Z,53622.2
2026-04-20T13:00:00Z,52393.0
2026-04-20T14:00:00Z,52031.6
2026-04-20T15:00:00Z,49913.9
2026-04-20T16:00:00Z,48766.9
2026-04-20T17:00:00Z,45339.8
2026-04-20T18:00:00Z,43079.2
2026-04-20T19:00:00Z,40259.6
2026-04-20T20:00:00Z,37731.7
2026-04-20T21:00:00Z,35283.4
2026-04-20T22:00:00Z,36824.4
2026-04-20T23:00:00Z,33075.2
2026-04-21T00:00:00Z,32610.9
2026-04-21T01:00:00Z,33634.9
2026-04-21T02:00:00Z,34258.5
2026-04-21T03:00:00Z,35353.0
2026-04-21T04:00:00Z,39008.0
2026-04-21T05:00:00Z,40154.3
2026-04-21T06:00:00Z,42859.1
2026-04-21T07:00:00Z,46739.9
2026-04-21T08:00:00Z,48304.6
2026-04-21T09:00:00Z,50942.2
2026-04-21T10:00:00Z,52725.6
2026-04-21T11:00:00Z,52169.9
2026-04-21T12:00:00Z,53805.7
2026-04-21T13:00:00Z,53499.7
2026-04-21T14:00:00Z,52174.6
2026-04-21T15:00:00Z,50720.8
2026-04-21T16:00:00Z,47481.7
2026-04-21T17:00:00Z,45113.3
2026-04-21T18:00:00Z,42834.9
2026-04-21T19:00:00Z,40485.2
2026-04-21T20:00:00Z,37585.2
2026-04-21T21:00:00Z,38009.2
2026-04-21T22:00:00Z,34998.6
2026-04-21T23:00:00Z,34042.7
2026-04-22T00:00:00Z,34911.8
2026-04-22T01:00:00Z,34001.3
2026-04-22T02:00:00Z,34886.2
2026-04-22T03:00:00Z,35937.8
2026-04-22T04:00:00Z,36787.3
2026-04-22T05:00:00Z,41691.6
2026-04-22T06:00:00Z,43643.3
2026-04-22T07:00:00Z,45381.9
2026-04-22T08:00:00Z,48515.6
2026-04-22T09:00:00Z,49918.4
2026-04-22T10:00:00Z,50965.0
2026-04-22T11:00:00Z,52803.4
2026-04-22T12:00:00Z,52437.3
2026-04-22T13:00:00Z,51501.1
2026-04-22T14:00:00Z,50808.1
2026-04-22T15:00:00Z,49049.4
2026-04-22T16:00:00Z,48452.4
2026-04-22T17:00:00Z,45836.8
2026-04-22T18:00:00Z,42843.9
2026-04-22T19:00:00Z,39822.4
2026-04-22T20:00:00Z,37946.8
2026-04-22T21:00:00Z,37215.5
2026-04-22T22:00:00Z,34180.4
2026-04-22T23:00:00Z,33119.9
2026-04-23T00:00:00Z,32626.0
2026-04-23T01:00:00Z,33149.7
2026-04-23T02:00:00Z,33507.5
2026-04-23T03:00:00Z,38054.2
2026-04-23T04:00:00Z,38851.0
2026-04-23T05:00:00Z,40750.7
2026-04-23T06:00:00Z,43048.2
2026-04-23T07:00:00Z,45470.8
2026-04-23T08:00:00Z,47166.7
2026-04-23T09:00:00Z,49501.2
2026-04-23T10:00:00Z,50591.8
2026-04-23T11:00:00Z,54292.3
2026-04-23T12:00:00Z,52803.8
2026-04-23T13:00:00Z,53227.9
2026-04-23T14:00:00Z,51133.9
2026-04-23T15:00:00Z,50077.8
2026-04-23T16:00:00Z,48850.0
2026-04-23T17:00:00Z,44755.6
2026-04-23T18:00:00Z,42062.8
2026-04-23T19:00:00Z,40359.1
2026-04-23T20:00:00Z,38015.3
2026-04-23T21:00:00Z,35422.5
2026-04-23T22:00:00Z,33937.9
2026-04-23T23:00:00Z,32126.5
2026-04-24T00:00:00Z,33347.7
2026-04-24T01:00:00Z,33131.5
2026-04-24T02:00:00Z,35659.1
2026-04-24T03:00:00Z,36744.7
2026-04-24T04:00:00Z,38279.2
2026-04-24T05:00:00Z,40490.7
2026-04-24T06:00:00Z,43519.4
2026-04-24T07:00:00Z,47133.7
2026-04-24T08:00:00Z,49325.3
2026-04-24T09:00:00Z,49043.2
2026-04-24T10:00:00Z,51509.0
2026-04-24T11:00:00Z,53524.1
2026-04-24T12:00:00Z,52521.7
2026-04-24T13:00:00Z,54724.9
2026-04-24T14:00:00Z,50179.9
2026-04-24T15:00:00Z,51019.6
2026-04-24T16:00:00Z,49247.2
2026-04-24T17:00:00Z,45051.1
2026-04-24T18:00:00Z,42625.4
2026-04-24T19:00:00Z,40129.5
2026-04-24T20:00:00Z,39215.0
2026-04-24T21:00:00Z,36417.9
2026-04-24T22:00:00Z,35144.3
2026-04-24T23:00:00Z,33422.3
2026-04-25T00:00:00Z,31808.7
2026-04-25T01:00:00Z,32159.0
2026-04-25T02:00:00Z,32329.7
2026-04-25T03:00:00Z,32927.1
2026-04-25T04:00:00Z,36357.2
2026-04-25T05:00:00Z,37137.5
2026-04-25T06:00:00Z,40987.0
2026-04-25T07:00:00Z,42475.5
2026-04-25T08:00:00Z,45688.7
2026-04-25T09:00:00Z,47778.6
2026-04-25T10:00:00Z,48213.8
2026-04-25T11:00:00Z,48454.2
2026-04-25T12:00:00Z,51005.8
2026-04-25T13:00:00Z,49926.9
2026-04-25T14:00:00Z,49092.8
2026-04-25T15:00:00Z,46846.1
2026-04-25T16:00:00Z,45415.4
2026-04-25T17:00:00Z,42660.5
2026-04-25T18:00:00Z,40829.6
2026-04-25T19:00:00Z,36934.2
2026-04-25T20:00:00Z,35677.0
2026-04-25T21:00:00Z,33536.4
2026-04-25T22:00:00Z,33467.2
2026-04-25T23:00:00Z,31144.2
2026-04-26T00:00:00Z,29508.7
2026-04-26T01:00:00Z,29463.4
2026-04-26T02:00:00Z,31789.5
2026-04-26T03:00:00Z,33464.7
2026-04-26T04:00:00Z,35742.8
2026-04-26T05:00:00Z,36593.4
2026-04-26T06:00:00Z,40703.6
2026-04-26T07:00:00Z,43583.4
2026-04-26T08:00:00Z,46632.4
2026-04-26T09:00:00Z,46767.2
2026-04-26T10:00:00Z,48468.9
2026-04-26T11:00:00Z,49263.7
2026-04-26T12:00:00Z,49084.7
2026-04-26T13:00:00Z,49218.8
2026-04-26T14:00:00Z,49363.0
2026-04-26T15:00:00Z,47885.3
2026-04-26T16:00:00Z,44870.7
2026-04-26T17:00:00Z,43175.6
2026-04-26T18:00:00Z,40901.4
2026-04-26T19:00:00Z,36306.3
2026-04-26T20:00:00Z,36110.9
2026-04-26T21:00:00Z,33897.2
2026-04-26T22:00:00Z,33235.0
2026-04-26T23:00:00Z,30581.4
2026-04-27T00:00:00Z,32186.7
2026-04-27T01:00:00Z,33186.7
2026-04-27T02:00:00Z,34145.7
2026-04-27T03:00:00Z,36110.9
2026-04-27T04:00:00Z,38041.1
2026-04-27T05:00:00Z,41369.3
2026-04-27T06:00:00Z,44453.4
2026-04-27T07:00:00Z,44959.3
2026-04-27T08:00:00Z,47586.2
2026-04-27T09:00:00Z,50043.2
2026-04-27T10:00:00Z,51732.4
2026-04-27T11:00:00Z,52526.7
2026-04-27T12:00:00Z,53314.8
2026-04-27T13:00:00Z,54299.0
2026-04-27T14:00:00Z,52785.9
2026-04-27T15:00:00Z,50060.2
2026-04-27T16:00:00Z,48204.1
2026-04-27T17:00:00Z,45955.4
2026-04-27T18:00:00Z,42136.0
2026-04-27T19:00:00Z,39709.1
2026-04-27T20:00:00Z,37531.6
2026-04-27T21:00:00Z,36576.7
2026-04-27T22:00:00Z,33037.7
2026-04-27T23:00:00Z,34104.1
2026-04-28T00:00:00Z,31492.2
2026-04-28T01:00:00Z,34350.9
2026-04-28T02:00:00Z,35528.0
2026-04-28T03:00:00Z,36418.4
2026-04-28T04:00:00Z,38422.1
2026-04-28T05:00:00Z,41264.2
2026-04-28T06:00:00Z,42559.1
2026-04-28T07:00:00Z,46002.2
2026-04-28T08:00:00Z,48657.9
2026-04-28T09:00:00Z,49301.7
2026-04-28T10:00:00Z,52318.5
2026-04-28T11:00:00Z,54025.1
2026-04-28T12:00:00Z,52654.4
2026-04-28T13:00:00Z,52945.3
2026-04-28T14:00:00Z,51827.6
2026-04-28T15:00:00Z,50468.4
2026-04-28T16:00:00Z,48996.7
2026-04-28T17:00:00Z,45240.9
2026-04-28T18:00:00Z,42637.6
2026-04-28T19:00:00Z,40348.7
2026-04-28T20:00:00Z,37897.6
2026-04-28T21:00:00Z,36138.9
2026-04-28T22:00:00Z,33593.4
2026-04-28T23:00:00Z,33834.0
2026-04-29T00:00:00Z,32853.3
2026-04-29T01:00:00Z,32907.7
2026-04-29T02:00:00Z,34266.3
2026-04-29T03:00:00Z,35625.0
2026-04-29T04:00:00Z,37221.1
2026-04-29T05:00:00Z,40813.9
2026-04-29T06:00:00Z,42657.3
2026-04-29T07:00:00Z,45951.3
2026-04-29T08:00:00Z,46783.4
2026-04-29T09:00:00Z,51637.5
2026-04-29T10:00:00Z,53245.6
2026-04-29T11:00:00Z,53891.5
2026-04-29T12:00:00Z,53188.1
2026-04-29T13:00:00Z,52559.9
2026-04-29T14:00:00Z,50580.1
2026-04-29T15:00:00Z,50596.7
2026-04-29T16:00:00Z,47184.9
2026-04-29T17:00:00Z,45775.9
2026-04-29T18:00:00Z,42191.7
2026-04-29T19:00:00Z,41999.8
2026-04-29T20:00:00Z,36944.3
2026-04-29T21:00:00Z,35847.7
2026-04-29T22:00:00Z,35261.4
2026-04-29T23:00:00Z,34210.0
2026-04-30T00:00:00Z,33210.6
2026-04-30T01:00:00Z,32502.2
2026-04-30T02:00:00Z,35774.0
2026-04-30T03:00:00Z,36155.3
2026-04-30T04:00:00Z,38504.7
2026-04-30T05:00:00Z,42608.4
2026-04-30T06:00:00Z,42763.9
2026-04-30T07:00:00Z,46934.1
2026-04-30T08:00:00Z,47634.9
2026-04-30T09:00:00Z,50225.6
2026-04-30T10:00:00Z,52598.6
2026-04-30T11:00:00Z,52262.8
2026-04-30T12:00:00Z,54557.0
2026-04-30T13:00:00Z,54099.1
2026-04-30T14:00:00Z,52280.0
2026-04-30T15:00:00Z,50777.2
2026-04-30T16:00:00Z,47605.1
2026-04-30T17:00:00Z,45233.2
2026-04-30T18:00:00Z,42883.8
2026-04-30T19:00:00Z,41680.8
2026-04-30T20:00:00Z,38255.7
2026-04-30T21:00:00Z,35195.7
2026-04-30T22:00:00Z,35761.4
2026-04-30T23:00:00Z,32844.2
2026-05-01T00:00:00Z,33093.0
2026-05-01T01:00:00Z,32293.6
2026-05-01T02:00:00Z,34259.0
2026-05-01T03:00:00Z,34559.3
2026-05-01T04:00:00Z,38896.6
2026-05-01T05:00:00Z,41737.8
2026-05-01T06:00:00Z,44490.5
2026-05-01T07:00:00Z,46543.6
2026-05-01T08:00:00Z,48617.2
2026-05-01T09:00:00Z,50208.6
2026-05-01T10:00:00Z,52580.0
2026-05-01T11:00:00Z,54660.6
2026-05-01T12:00:00Z,54427.9
2026-05-01T13:00:00Z,53152.6
2026-05-01T14:00:00Z,51904.5
2026-05-01T15:00:00Z,49251.2
2026-05-01T16:00:00Z,47405.6
2026-05-01T17:00:00Z,45218.5
2026-05-01T18:00:00Z,44342.5
2026-05-01T19:00:00Z,42392.6
2026-05-01T20:00:00Z,40265.5
2026-05-01T21:00:00Z,36360.0
2026-05-01T22:00:00Z,35699.6
2026-05-01T23:00:00Z,33638.2
2026-05-02T00:00:00Z,30274.8
2026-05-02T01:00:00Z,31411.3
2026-05-02T02:00:00Z,32140.5
2026-05-02T03:00:00Z,34067.5
2026-05-02T04:00:00Z,35726.7
2026-05-02T05:00:00Z,38340.5
2026-05-02T06:00:00Z,40326.8
2026-05-02T07:00:00Z,43257.7
2026-05-02T08:00:00Z,45303.4
2026-05-02T09:00:00Z,47689.3
2026-05-02T10:00:00Z,49674.4
2026-05-02T11:00:00Z,50074.9
2026-05-02T12:00:00Z,51965.7
2026-05-02T13:00:00Z,48833.4
2026-05-02T14:00:00Z,50337.1
2026-05-02T15:00:00Z,47480.7
2026-05-02T16:00:00Z,46365.2
2026-05-02T17:00:00Z,43359.0
2026-05-02T18:00:00Z,40183.4
2026-05-02T19:00:00Z,38118.0
2026-05-02T20:00:00Z,34400.9
2026-05-02T21:00:00Z,33878.8
2026-05-02T22:00:00Z,33333.1
2026-05-02T23:00:00Z,29887.2
2026-05-03T00:00:00Z,31585.4
2026-05-03T01:00:00Z,31460.2
2026-05-03T02:00:00Z,32767.2
2026-05-03T03:00:00Z,33836.0
2026-05-03T04:00:00Z,36943.3
2026-05-03T05:00:00Z,37892.5
2026-05-03T06:00:00Z,40590.2
2026-05-03T07:00:00Z,42653.7
2026-05-03T08:00:00Z,47125.0
2026-05-03T09:00:00Z,47000.3
2026-05-03T10:00:00Z,48545.1
2026-05-03T11:00:00Z,50070.1
2026-05-03T12:00:00Z,51128.7
2026-05-03T13:00:00Z,49597.0
2026-05-03T14:00:00Z,48876.8
2026-05-03T15:00:00Z,47402.8
2026-05-03T16:00:00Z,45467.9
2026-05-03T17:00:00Z,42231.3
2026-05-03T18:00:00Z,40144.0
2026-05-03T19:00:00Z,37223.9
2026-05-03T20:00:00Z,35378.8
2026-05-03T21:00:00Z,33801.2
2026-05-03T22:00:00Z,33278.2
2026-05-03T23:00:00Z,29689.6
2026-05-04T00:00:00Z,33097.7
2026-05-04T01:00:00Z,33900.1
2026-05-04T02:00:00Z,34746.7
2026-05-04T03:00:00Z,36198.4
2026-05-04T04:00:00Z,36792.0
2026-05-04T05:00:00Z,40516.9
2026-05-04T06:00:00Z,43827.3
2026-05-04T07:00:00Z,44383.6
2026-05-04T08:00:00Z,47957.4
2026-05-04T09:00:00Z,51432.7
2026-05-04T10:00:00Z,52315.4
2026-05-04T11:00:00Z,52880.7
2026-05-04T12:00:00Z,53460.6
2026-05-04T13:00:00Z,52721.0
2026-05-04T14:00:00Z,52929.0
2026-05-04T15:00:00Z,50211.1
2026-05-04T16:00:00Z,47607.0
2026-05-04T17:00:00Z,46226.1
2026-05-04T18:00:00Z,43567.1
2026-05-04T19:00:00Z,39742.0
2026-05-04T20:00:00Z,39755.4
2026-05-04T21:00:00Z,36218.6
2026-05-04T22:00:00Z,34395.5
2026-05-04T23:00:00Z,35210.3
2026-05-05T00:00:00Z,33678.5
2026-05-05T01:00:00Z,32970.0
2026-05-05T02:00:00Z,35101.9
2026-05-05T03:00:00Z,35725.8
2026-05-05T04:00:00Z,38209.9
2026-05-05T05:00:00Z,42241.7
2026-05-05T06:00:00Z,43066.4
2026-05-05T07:00:00Z,47055.1
2026-05-05T08:00:00Z,49199.3
2026-05-05T09:00:00Z,50698.8
2026-05-05T10:00:00Z,52227.2
2026-05-05T11:00:00Z,52985.3
2026-05-05T12:00:00Z,54417.1
2026-05-05T13:00:00Z,54371.7
2026-05-05T14:00:00Z,51510.0
2026-05-05T15:00:00Z,50865.5
2026-05-05T16:00:00Z,49061.8
2026-05-05T17:00:00Z,46820.6
2026-05-05T18:00:00Z,43808.8
2026-05-05T19:00:00Z,41019.4
2026-05-05T20:00:00Z,40420.5
2026-05-05T21:00:00Z,36603.9
2026-05-05T22:00:00Z,34198.9
2026-05-05T23:00:00Z,33718.4
2026-05-06T00:00:00Z,33228.9
2026-05-06T01:00:00Z,32526.1
2026-05-06T02:00:00Z,33970.0
2026-05-06T03:00:00Z,37294.7
2026-05-06T04:00:00Z,38406.4
2026-05-06T05:00:00Z,41506.1
2026-05-06T06:00:00Z,45333.4
2026-05-06T07:00:00Z,47099.5
2026-05-06T08:00:00Z,48569.3
2026-05-06T09:00:00Z,50395.1
2026-05-06T10:00:00Z,52312.8
2026-05-06T11:00:00Z,53205.0
2026-05-06T12:00:00Z,53545.3
2026-05-06T13:00:00Z,55220.6
2026-05-06T14:00:00Z,51994.8
2026-05-06T15:00:00Z,50671.1
2026-05-06T16:00:00Z,49416.2
2026-05-06T17:00:00Z,45863.0
2026-05-06T18:00:00Z,43554.8
2026-05-06T19:00:00Z,41624.8
2026-05-06T20:00:00Z,38864.9
2026-05-06T21:00:00Z,37584.9
2026-05-06T22:00:00Z,35074.3
2026-05-06T23:00:00Z,33470.1
2026-05-07T00:00:00Z,34233.5
2026-05-07T01:00:00Z,33642.0
2026-05-07T02:00:00Z,35045.4
2026-05-07T03:00:00Z,36737.6
2026-05-07T04:00:00Z,39240.3
2026-05-07T05:00:00Z,41102.3
2026-05-07T06:00:00Z,44418.8
2026-05-07T07:00:00Z,45286.4
2026-05-07T08:00:00Z,49207.3
2026-05-07T09:00:00Z,50427.2
2026-05-07T10:00:00Z,54441.2
2026-05-07T11:00:00Z,52511.3
2026-05-07T12:00:00Z,53375.5
2026-05-07T13:00:00Z,54007.1
2026-05-07T14:00:00Z,52408.0
2026-05-07T15:00:00Z,50382.1
2026-05-07T16:00:00Z,48945.9
2026-05-07T17:00:00Z,45595.7
2026-05-07T18:00:00Z,45060.5
2026-05-07T19:00:00Z,40800.8
2026-05-07T20:00:00Z,37837.1
2026-05-07T21:00:00Z,35489.9
2026-05-07T22:00:00Z,36064.7
2026-05-07T23:00:00Z,34223.0
2026-05-08T00:00:00Z,33225.3
2026-05-08T01:00:00Z,35291.3
2026-05-08T02:00:00Z,33569.3
2026-05-08T03:00:00Z,36584.0
2026-05-08T04:00:00Z,37874.3
2026-05-08T05:00:00Z,41110.0
2026-05-08T06:00:00Z,43001.5
2026-05-08T07:00:00Z,46225.0
2026-05-08T08:00:00Z,50152.9
2026-05-08T09:00:00Z,50635.8
2026-05-08T10:00:00Z,54294.6
2026-05-08T11:00:00Z,52434.2
2026-05-08T12:00:00Z,54257.3
2026-05-08T13:00:00Z,55114.9
2026-05-08T14:00:00Z,52714.5
2026-05-08T15:00:00Z,51201.6
2026-05-08T16:00:00Z,48722.3
2026-05-08T17:00:00Z,45196.6
2026-05-08T18:00:00Z,43045.2
2026-05-08T19:00:00Z,40920.0
2026-05-08T20:00:00Z,37992.6
2026-05-08T21:00:00Z,35997.0
2026-05-08T22:00:00Z,35039.5
2026-05-08T23:00:00Z,33257.3
2026-05-09T00:00:00Z,31070.4
2026-05-09T01:00:00Z,31456.1
2026-05-09T02:00:00Z,32562.6
2026-05-09T03:00:00Z,33885.5
2026-05-09T04:00:00Z,34792.6
2026-05-09T05:00:00Z,37754.5
2026-05-09T06:00:00Z,40489.1
2026-05-09T07:00:00Z,43764.0
2026-05-09T08:00:00Z,45944.5
2026-05-09T09:00:00Z,48059.6
2026-05-09T10:00:00Z,50383.4
2026-05-09T11:00:00Z,50888.1
2026-05-09T12:00:00Z,51771.4
2026-05-09T13:00:00Z,51035.3
2026-05-09T14:00:00Z,50712.5
2026-05-09T15:00:00Z,48568.9
2026-05-09T16:00:00Z,45163.2
2026-05-09T17:00:00Z,43846.8
2026-05-09T18:00:00Z,41494.7
2026-05-09T19:00:00Z,38203.7
2026-05-09T20:00:00Z,35142.2
2026-05-09T21:00:00Z,34766.5
2026-05-09T22:00:00Z,32307.9
2026-05-09T23:00:00Z,31721.7
2026-05-10T00:00:00Z,32197.7
2026-05-10T01:00:00Z,30711.0
2026-05-10T02:00:00Z,33736.8
2026-05-10T03:00:00Z,34388.7
2026-05-10T04:00:00Z,35201.0
2026-05-10T05:00:00Z,39725.8
2026-05-10T06:00:00Z,42547.1
2026-05-10T07:00:00Z,44815.7
2026-05-10T08:00:00Z,46770.7
2026-05-10T09:00:00Z,50321.3
2026-05-10T10:00:00Z,49365.1
2026-05-10T11:00:00Z,50640.5
2026-05-10T12:00:00Z,51130.4
2026-05-10T13:00:00Z,51540.5
2026-05-10T14:00:00Z,49669.0
2026-05-10T15:00:00Z,48411.2
2026-05-10T16:00:00Z,46660.4
2026-05-10T17:00:00Z,44356.9
2026-05-10T18:00:00Z,40724.6
2026-05-10T19:00:00Z,38248.4
2026-05-10T20:00:00Z,35869.0
2026-05-10T21:00:00Z,32065.3
2026-05-10T22:00:00Z,32106.6
2026-05-10T23:00:00Z,33092.8
2026-05-11T00:00:00Z,34134.4
2026-05-11T01:00:00Z,34203.9
2026-05-11T02:00:00Z,35423.5
2026-05-11T03:00:00Z,37685.6
2026-05-11T04:00:00Z,38061.5
2026-05-11T05:00:00Z,42017.0
2026-05-11T06:00:00Z,44028.0
2026-05-11T07:00:00Z,47857.2
2026-05-11T08:00:00Z,47857.4
2026-05-11T09:00:00Z,52299.0
2026-05-11T10:00:00Z,52992.7
2026-05-11T11:00:00Z,53790.6
2026-05-11T12:00:00Z,54691.5
2026-05-11T13:00:00Z,52846.4
2026-05-11T14:00:00Z,51868.1
2026-05-11T15:00:00Z,50113.7
2026-05-11T16:00:00Z,49434.7
2026-05-11T17:00:00Z,46212.4
2026-05-11T18:00:00Z,45171.9
2026-05-11T19:00:00Z,41048.0
2026-05-11T20:00:00Z,39051.5
2026-05-11T21:00:00Z,38635.9
2026-05-11T22:00:00Z,34747.6
2026-05-11T23:00:00Z,36042.1
2026-05-12T00:00:00Z,33598.3
2026-05-12T01:00:00Z,33512.4
2026-05-12T02:00:00Z,34703.3
2026-05-12T03:00:00Z,36793.0
2026-05-12T04:00:00Z,39127.4
2026-05-12T05:00:00Z,41652.5
2026-05-12T06:00:00Z,44957.9
2026-05-12T07:00:00Z,46617.9
2026-05-12T08:00:00Z,51251.9
2026-05-12T09:00:00Z,51748.4
2026-05-12T10:00:00Z,52646.2
2026-05-12T11:00:00Z,53151.7
2026-05-12T12:00:00Z,55567.9
2026-05-12T13:00:00Z,51635.4
2026-05-12T14:00:00Z,53638.6
2026-05-12T15:00:00Z,51627.7
2026-05-12T16:00:00Z,48943.4
2026-05-12T17:00:00Z,45791.2
2026-05-12T18:00:00Z,44187.0
2026-05-12T19:00:00Z,41065.5
2026-05-12T20:00:00Z,39645.9
2026-05-12T21:00:00Z,37688.3
2026-05-12T22:00:00Z,36100.5
2026-05-12T23:00:00Z,35366.6
2026-05-13T00:00:00Z,34132.3
2026-05-13T01:00:00Z,35471.2
2026-05-13T02:00:00Z,36509.2
2026-05-13T03:00:00Z,37006.1
2026-05-13T04:00:00Z,39849.1
2026-05-13T05:00:00Z,42044.8
2026-05-13T06:00:00Z,44585.5
2026-05-13T07:00:00Z,46527.8
2026-05-13T08:00:00Z,48737.8
2026-05-13T09:00:00Z,50534.1
2026-05-13T10:00:00Z,52570.6
2026-05-13T11:00:00Z,55036.5
2026-05-13T12:00:00Z,53104.9
2026-05-13T13:00:00Z,53513.5
2026-05-13T14:00:00Z,53261.0
2026-05-13T15:00:00Z,51040.9
2026-05-13T16:00:00Z,48950.2
2026-05-13T17:00:00Z,47573.4
2026-05-13T18:00:00Z,44959.9
2026-05-13T19:00:00Z,40001.6
2026-05-13T20:00:00Z,38076.3
2026-05-13T21:00:00Z,36275.7
2026-05-13T22:00:00Z,36626.1
2026-05-13T23:00:00Z,35013.9
2026-05-14T00:00:00Z,34070.7
2026-05-14T01:00:00Z,34653.8
2026-05-14T02:00:00Z,36856.1
2026-05-14T03:00:00Z,36969.6
2026-05-14T04:00:00Z,39373.7
2026-05-14T05:00:00Z,41490.7
2026-05-14T06:00:00Z,43900.2
2026-05-14T07:00:00Z,46660.5
2026-05-14T08:00:00Z,47257.9
2026-05-14T09:00:00Z,50931.2
2026-05-14T10:00:00Z,51393.0
2026-05-14T11:00:00Z,55151.9
2026-05-14T12:00:00Z,52660.4
2026-05-14T13:00:00Z,53027.7
2026-05-14T14:00:00Z,52633.4
2026-05-14T15:00:00Z,52253.0
2026-05-14T16:00:00Z,47938.5
2026-05-14T17:00:00Z,47426.1
2026-05-14T18:00:00Z,45570.4
2026-05-14T19:00:00Z,40983.0
2026-05-14T20:00:00Z,40398.7
2026-05-14T21:00:00Z,36807.4
2026-05-14T22:00:00Z,34332.1
2026-05-14T23:00:00Z,35241.8
2026-05-15T00:00:00Z,34083.0
2026-05-15T01:00:00Z,33711.9
2026-05-15T02:00:00Z,35559.1
2026-05-15T03:00:00Z,37627.0
2026-05-15T04:00:00Z,39015.8
2026-05-15T05:00:00Z,41639.1
2026-05-15T06:00:00Z,44527.5
2026-05-15T07:00:00Z,46796.9
2026-05-15T08:00:00Z,49324.0
2026-05-15T09:00:00Z,51199.1
2026-05-15T10:00:00Z,52319.5
2026-05-15T11:00:00Z,55114.3
2026-05-15T12:00:00Z,54235.1
2026-05-15T13:00:00Z,54841.4
2026-05-15T14:00:00Z,52405.9
2026-05-15T15:00:00Z,51574.7
2026-05-15T16:00:00Z,50395.1
2026-05-15T17:00:00Z,47028.6
2026-05-15T18:00:00Z,44601.1
2026-05-15T19:00:00Z,42947.7
2026-05-15T20:00:00Z,38754.2
2026-05-15T21:00:00Z,36826.3
2026-05-15T22:00:00Z,37242.1
2026-05-15T23:00:00Z,35491.0
2026-05-16T00:00:00Z,31060.5
2026-05-16T01:00:00Z,33068.0
2026-05-16T02:00:00Z,32656.6
2026-05-16T03:00:00Z,35165.3
2026-05-16T04:00:00Z,35572.9
2026-05-16T05:00:00Z,39694.6
2026-05-16T06:00:00Z,40084.8
2026-05-16T07:00:00Z,42727.7
2026-05-16T08:00:00Z,46537.8
2026-05-16T09:00:00Z,48831.3
2026-05-16T10:00:00Z,50642.1
2026-05-16T11:00:00Z,52412.3
2026-05-16T12:00:00Z,51861.7
2026-05-16T13:00:00Z,51314.9
2026-05-16T14:00:00Z,50920.3
2026-05-16T15:00:00Z,49698.6
2026-05-16T16:00:00Z,46887.9
2026-05-16T17:00:00Z,42824.7
2026-05-16T18:00:00Z,41778.1
2026-05-16T19:00:00Z,37163.4
2026-05-16T20:00:00Z,37229.4
2026-05-16T21:00:00Z,34779.7
2026-05-16T22:00:00Z,33411.8
2026-05-16T23:00:00Z,33130.9
2026-05-17T00:00:00Z,31455.5
2026-05-17T01:00:00Z,30036.9
2026-05-17T02:00:00Z,34023.4
2026-05-17T03:00:00Z,33888.7
2026-05-17T04:00:00Z,38245.5
2026-05-17T05:00:00Z,39152.7
2026-05-17T06:00:00Z,44063.0
2026-05-17T07:00:00Z,44004.1
2026-05-17T08:00:00Z,47684.2
2026-05-17T09:00:00Z,49953.3
2026-05-17T10:00:00Z,50908.5
2026-05-17T11:00:00Z,51273.6
2026-05-17T12:00:00Z,52645.6
2026-05-17T13:00:00Z,51307.4
2026-05-17T14:00:00Z,51020.3
2026-05-17T15:00:00Z,47399.0
2026-05-17T16:00:00Z,46303.3
2026-05-17T17:00:00Z,43741.4
2026-05-17T18:00:00Z,42959.9
2026-05-17T19:00:00Z,39011.0
2026-05-17T20:00:00Z,37762.5
2026-05-17T21:00:00Z,34786.2
2026-05-17T22:00:00Z,32645.2
2026-05-17T23:00:00Z,30965.0
2026-05-18T00:00:00Z,35515.6
2026-05-18T01:00:00Z,35546.1
2026-05-18T02:00:00Z,37124.2
2026-05-18T03:00:00Z,36840.6
2026-05-18T04:00:00Z,39535.0
2026-05-18T05:00:00Z,41900.4
2026-05-18T06:00:00Z,45149.5
2026-05-18T07:00:00Z,47649.8
2026-05-18T08:00:00Z,48893.7
2026-05-18T09:00:00Z,52166.6
2026-05-18T10:00:00Z,53714.5
2026-05-18T11:00:00Z,53526.5
2026-05-18T12:00:00Z,53782.8
2026-05-18T13:00:00Z,54443.6
2026-05-18T14:00:00Z,53474.5
2026-05-18T15:00:00Z,52887.4
2026-05-18T16:00:00Z,50031.5
2026-05-18T17:00:00Z,46949.5
2026-05-18T18:00:00Z,44607.0
2026-05-18T19:00:00Z,42877.5
2026-05-18T20:00:00Z,40664.5
2026-05-18T21:00:00Z,37081.0
2026-05-18T22:00:00Z,36019.3
2026-05-18T23:00:00Z,34716.1
2026-05-19T00:00:00Z,35461.1
2026-05-19T01:00:00Z,35788.8
2026-05-19T02:00:00Z,36140.4
2026-05-19T03:00:00Z,38086.7
2026-05-19T04:00:00Z,39683.5
2026-05-19T05:00:00Z,40845.1
2026-05-19T06:00:00Z,45446.7
2026-05-19T07:00:00Z,46621.2
2026-05-19T08:00:00Z,51209.8
2026-05-19T09:00:00Z,50898.4
2026-05-19T10:00:00Z,53366.3
2026-05-19T11:00:00Z,54025.4
2026-05-19T12:00:00Z,54076.0
2026-05-19T13:00:00Z,54164.0
2026-05-19T14:00:00Z,53382.9
2026-05-19T15:00:00Z,51499.5
2026-05-19T16:00:00Z,50186.4
2026-05-19T17:00:00Z,47210.4
2026-05-19T18:00:00Z,44040.0
2026-05-19T19:00:00Z,43313.6
2026-05-19T20:00:00Z,39816.3
2026-05-19T21:00:00Z,38114.0
2026-05-19T22:00:00Z,36858.9
2026-05-19T23:00:00Z,36120.2
2026-05-20T00:00:00Z,35026.7
2026-05-20T01:00:00Z,35837.3
2026-05-20T02:00:00Z,35119.8
2026-05-20T03:00:00Z,37282.7
2026-05-20T04:00:00Z,41904.6
2026-05-20T05:00:00Z,43601.6
2026-05-20T06:00:00Z,44790.5
2026-05-20T07:00:00Z,46704.1
2026-05-20T08:00:00Z,49629.4
2026-05-20T09:00:00Z,52203.7
2026-05-20T10:00:00Z,54129.8
2026-05-20T11:00:00Z,53453.4
2026-05-20T12:00:00Z,55031.8
2026-05-20T13:00:00Z,52634.2
2026-05-20T14:00:00Z,53600.2
2026-05-20T15:00:00Z,52728.5
2026-05-20T16:00:00Z,50472.8
2026-05-20T17:00:00Z,48479.6
2026-05-20T18:00:00Z,45224.9
2026-05-20T19:00:00Z,42381.4
2026-05-20T20:00:00Z,40114.5
2026-05-20T21:00:00Z,37967.2
2026-05-20T22:00:00Z,38736.5
2026-05-20T23:00:00Z,37009.5
2026-05-21T00:00:00Z,35283.4
2026-05-21T01:00:00Z,35344.3
2026-05-21T02:00:00Z,35714.6
2026-05-21T03:00:00Z,39146.0
2026-05-21T04:00:00Z,41460.9
2026-05-21T05:00:00Z,43146.0
2026-05-21T06:00:00Z,43415.1
2026-05-21T07:00:00Z,48342.8
2026-05-21T08:00:00Z,49859.3
2026-05-21T09:00:00Z,52574.5
2026-05-21T10:00:00Z,53719.8
2026-05-21T11:00:00Z,54143.2
2026-05-21T12:00:00Z,54259.3
2026-05-21T13:00:00Z,54835.0
2026-05-21T14:00:00Z,52928.9
2026-05-21T15:00:00Z,51499.0
2026-05-21T16:00:00Z,49788.3
2026-05-21T17:00:00Z,47743.7
2026-05-21T18:00:00Z,45041.4
2026-05-21T19:00:00Z,43841.4
2026-05-21T20:00:00Z,39533.5
2026-05-21T21:00:00Z,38022.0
2026-05-21T22:00:00Z,35072.9
2026-05-21T23:00:00Z,35789.3
2026-05-22T00:00:00Z,35841.8
2026-05-22T01:00:00Z,34540.4
2026-05-22T02:00:00Z,37082.2
2026-05-22T03:00:00Z,38029.8
2026-05-22T04:00:00Z,40501.2
2026-05-22T05:00:00Z,41898.1
2026-05-22T06:00:00Z,45067.1
2026-05-22T07:00:00Z,49727.8
2026-05-22T08:00:00Z,49576.0
2026-05-22T09:00:00Z,53291.3
2026-05-22T10:00:00Z,53459.3
2026-05-22T11:00:00Z,55566.4
2026-05-22T12:00:00Z,55153.9
2026-05-22T13:00:00Z,54489.0
2026-05-22T14:00:00Z,53540.5
2026-05-22T15:00:00Z,51370.6
2026-05-22T16:00:00Z,50765.5
2026-05-22T17:00:00Z,48037.5
2026-05-22T18:00:00Z,44905.1
2026-05-22T19:00:00Z,42381.1
2026-05-22T20:00:00Z,40092.6
2026-05-22T21:00:00Z,39109.1
2026-05-22T22:00:00Z,35108.2
2026-05-22T23:00:00Z,36098.3
2026-05-23T00:00:00Z,32479.0
2026-05-23T01:00:00Z,33260.2
2026-05-23T02:00:00Z,32537.8
2026-05-23T03:00:00Z,34777.0
2026-05-23T04:00:00Z,37152.1
2026-05-23T05:00:00Z,41065.5
2026-05-23T06:00:00Z,41229.8
2026-05-23T07:00:00Z,45866.8
2026-05-23T08:00:00Z,46474.8
2026-05-23T09:00:00Z,50356.8
2026-05-23T10:00:00Z,50125.4
2026-05-23T11:00:00Z,53622.0
2026-05-23T12:00:00Z,52366.7
2026-05-23T13:00:00Z,52424.2
2026-05-23T14:00:00Z,51150.3
2026-05-23T15:00:00Z,49671.3
2026-05-23T16:00:00Z,48425.7
2026-05-23T17:00:00Z,44554.9
2026-05-23T18:00:00Z,42961.8
2026-05-23T19:00:00Z,39802.1
2026-05-23T20:00:00Z,37516.8
2026-05-23T21:00:00Z,35182.2
2026-05-23T22:00:00Z,33994.1
2026-05-23T23:00:00Z,31839.9
2026-05-24T00:00:00Z,32595.1
2026-05-24T01:00:00Z,34116.3
2026-05-24T02:00:00Z,33709.8
2026-05-24T03:00:00Z,34975.8
2026-05-24T04:00:00Z,36830.1
2026-05-24T05:00:00Z,39495.2
2026-05-24T06:00:00Z,41797.2
2026-05-24T07:00:00Z,45593.4
2026-05-24T08:00:00Z,47495.7
2026-05-24T09:00:00Z,49672.9
2026-05-24T10:00:00Z,52276.5
2026-05-24T11:00:00Z,52638.4
2026-05-24T12:00:00Z,52454.8
2026-05-24T13:00:00Z,52048.1
2026-05-24T14:00:00Z,51782.7
2026-05-24T15:00:00Z,49920.9
2026-05-24T16:00:00Z,47414.4
2026-05-24T17:00:00Z,45207.3
2026-05-24T18:00:00Z,44069.3
2026-05-24T19:00:00Z,40467.1
2026-05-24T20:00:00Z,38330.1
2026-05-24T21:00:00Z,34862.0
2026-05-24T22:00:00Z,35388.2
2026-05-24T23:00:00Z,34366.2
2026-05-25T00:00:00Z,34768.0
2026-05-25T01:00:00Z,34399.1
2026-05-25T02:00:00Z,35998.1
2026-05-25T03:00:00Z,37954.7
2026-05-25T04:00:00Z,39210.0
2026-05-25T05:00:00Z,42481.5
2026-05-25T06:00:00Z,45514.2
2026-05-25T07:00:00Z,48779.1
2026-05-25T08:00:00Z,50923.8
2026-05-25T09:00:00Z,52908.4
2026-05-25T10:00:00Z,52189.1
2026-05-25T11:00:00Z,55607.7
2026-05-25T12:00:00Z,54684.2
2026-05-25T13:00:00Z,55043.7
2026-05-25T14:00:00Z,52363.7
2026-05-25T15:00:00Z,52705.9
2026-05-25T16:00:00Z,51081.2
2026-05-25T17:00:00Z,48872.8
2026-05-25T18:00:00Z,44831.6
2026-05-25T19:00:00Z,44670.1
2026-05-25T20:00:00Z,39219.0
2026-05-25T21:00:00Z,38444.0
2026-05-25T22:00:00Z,35965.4
2026-05-25T23:00:00Z,37318.5
2026-05-26T00:00:00Z,34730.7
2026-05-26T01:00:00Z,35336.9
2026-05-26T02:00:00Z,37302.2
2026-05-26T03:00:00Z,38270.9
2026-05-26T04:00:00Z,40705.3
2026-05-26T05:00:00Z,42338.5
2026-05-26T06:00:00Z,45459.5
2026-05-26T07:00:00Z,48131.8
2026-05-26T08:00:00Z,49798.1
2026-05-26T09:00:00Z,53537.3
2026-05-26T10:00:00Z,55462.3
2026-05-26T11:00:00Z,54804.9
2026-05-26T12:00:00Z,56293.1
2026-05-26T13:00:00Z,57174.8
2026-05-26T14:00:00Z,53299.0
2026-05-26T15:00:00Z,53226.0
2026-05-26T16:00:00Z,51195.1
2026-05-26T17:00:00Z,47498.9
2026-05-26T18:00:00Z,45857.1
2026-05-26T19:00:00Z,42512.8
2026-05-26T20:00:00Z,39532.6
2026-05-26T21:00:00Z,38221.2
2026-05-26T22:00:00Z,37367.3
2026-05-26T23:00:00Z,36479.7
2026-05-27T00:00:00Z,34355.9
2026-05-27T01:00:00Z,37079.3
2026-05-27T02:00:00Z,37789.8
2026-05-27T03:00:00Z,40555.8
2026-05-27T04:00:00Z,42052.7
2026-05-27T05:00:00Z,42662.7
2026-05-27T06:00:00Z,46190.9
2026-05-27T07:00:00Z,47408.8
2026-05-27T08:00:00Z,50790.8
2026-05-27T09:00:00Z,51972.1
2026-05-27T10:00:00Z,55228.5
2026-05-27T11:00:00Z,55725.1
2026-05-27T12:00:00Z,54471.4
2026-05-27T13:00:00Z,54683.1
2026-05-27T14:00:00Z,54445.5
2026-05-27T15:00:00Z,52972.2
2026-05-27T16:00:00Z,52020.7
2026-05-27T17:00:00Z,48455.5
2026-05-27T18:00:00Z,45751.2
2026-05-27T19:00:00Z,42887.5
2026-05-27T20:00:00Z,41386.8
2026-05-27T21:00:00Z,38507.0
2026-05-27T22:00:00Z,35881.7
2026-05-27T23:00:00Z,36122.2
2026-05-28T00:00:00Z,35455.8
2026-05-28T01:00:00Z,35773.4
2026-05-28T02:00:00Z,35324.2
2026-05-28T03:00:00Z,39007.8
2026-05-28T04:00:00Z,40427.8
2026-05-28T05:00:00Z,42535.8
2026-05-28T06:00:00Z,46358.6
2026-05-28T07:00:00Z,48410.5
2026-05-28T08:00:00Z,51829.8
2026-05-28T09:00:00Z,53043.7
2026-05-28T10:00:00Z,53317.9
2026-05-28T11:00:00Z,55193.9
2026-05-28T12:00:00Z,54685.0
2026-05-28T13:00:00Z,56729.5
2026-05-28T14:00:00Z,55875.7
2026-05-28T15:00:00Z,53126.9
2026-05-28T16:00:00Z,52533.0
2026-05-28T17:00:00Z,49678.2
2026-05-28T18:00:00Z,46824.5
2026-05-28T19:00:00Z,43395.8
2026-05-28T20:00:00Z,40809.9
2026-05-28T21:00:00Z,38501.8
2026-05-28T22:00:00Z,36972.6
2026-05-28T23:00:00Z,35978.4
2026-05-29T00:00:00Z,36878.7
2026-05-29T01:00:00Z,36435.3
2026-05-29T02:00:00Z,35176.1
2026-05-29T03:00:00Z,38924.5
2026-05-29T04:00:00Z,41352.3
2026-05-29T05:00:00Z,43568.5
2026-05-29T06:00:00Z,45674.5
2026-05-29T07:00:00Z,48065.6
2026-05-29T08:00:00Z,49721.2
2026-05-29T09:00:00Z,51103.9
2026-05-29T10:00:00Z,54336.5
2026-05-29T11:00:00Z,55496.7
2026-05-29T12:00:00Z,55484.3
2026-05-29T13:00:00Z,56644.8
2026-05-29T14:00:00Z,53309.8
2026-05-29T15:00:00Z,52621.6
2026-05-29T16:00:00Z,51657.8
2026-05-29T17:00:00Z,47107.8
2026-05-29T18:00:00Z,45811.4
2026-05-29T19:00:00Z,43631.8
2026-05-29T20:00:00Z,42079.8
2026-05-29T21:00:00Z,40195.0
2026-05-29T22:00:00Z,39864.4
2026-05-29T23:00:00Z,35468.5
2026-05-30T00:00:00Z,32705.3
2026-05-30T01:00:00Z,34786.9
2026-05-30T02:00:00Z,36948.1
2026-05-30T03:00:00Z,36960.7
2026-05-30T04:00:00Z,38232.9
2026-05-30T05:00:00Z,41869.7
2026-05-30T06:00:00Z,43410.9
2026-05-30T07:00:00Z,45201.5
2026-05-30T08:00:00Z,50124.1
2026-05-30T09:00:00Z,50403.1
2026-05-30T10:00:00Z,50313.2
2026-05-30T11:00:00Z,52477.1
2026-05-30T12:00:00Z,54071.4
2026-05-30T13:00:00Z,54422.4
2026-05-30T14:00:00Z,53700.1
2026-05-30T15:00:00Z,49620.3
2026-05-30T16:00:00Z,47994.1
2026-05-30T17:00:00Z,45262.4
2026-05-30T18:00:00Z,43561.8
2026-05-30T19:00:00Z,40762.6
2026-05-30T20:00:00Z,37644.1
2026-05-30T21:00:00Z,34959.9
2026-05-30T22:00:00Z,34988.5
2026-05-30T23:00:00Z,32705.1
2026-05-31T00:00:00Z,33614.0
2026-05-31T01:00:00Z,33738.6
2026-05-31T02:00:00Z,35928.1
2026-05-31T03:00:00Z,35832.3
2026-05-31T04:00:00Z,38137.5
2026-05-31T05:00:00Z,39614.5
2026-05-31T06:00:00Z,43763.5
2026-05-31T07:00:00Z,46968.7
2026-05-31T08:00:00Z,47373.1
2026-05-31T09:00:00Z,51049.7
2026-05-31T10:00:00Z,52209.0
2026-05-31T11:00:00Z,53901.5
2026-05-31T12:00:00Z,52245.2
2026-05-31T13:00:00Z,52838.8
2026-05-31T14:00:00Z,51568.8
2026-05-31T15:00:00Z,50948.7
2026-05-31T16:00:00Z,49247.3
2026-05-31T17:00:00Z,46328.4
2026-05-31T18:00:00Z,44489.4
2026-05-31T19:00:00Z,40728.4
2026-05-31T20:00:00Z,38558.8
2026-05-31T21:00:00Z,36578.0
2026-05-31T22:00:00Z,34117.6
2026-05-31T23:00:00Z,34042.1
2026-06-01T00:00:00Z,37656.3
2026-06-01T01:00:00Z,35652.4
2026-06-01T02:00:00Z,36680.4
2026-06-01T03:00:00Z,37873.0
2026-06-01T04:00:00Z,40943.2
2026-06-01T05:00:00Z,43018.6
2026-06-01T06:00:00Z,45863.1
2026-06-01T07:00:00Z,50112.8
2026-06-01T08:00:00Z,52946.2
2026-06-01T09:00:00Z,54036.1
2026-06-01T10:00:00Z,56256.4
2026-06-01T11:00:00Z,55694.6
2026-06-01T12:00:00Z,55666.7
2026-06-01T13:00:00Z,55317.8
2026-06-01T14:00:00Z,53691.5
2026-06-01T15:00:00Z,52419.4
2026-06-01T16:00:00Z,52556.8
2026-06-01T17:00:00Z,49278.1
2026-06-01T18:00:00Z,48474.4
2026-06-01T19:00:00Z,43727.8
2026-06-01T20:00:00Z,41150.6
2026-06-01T21:00:00Z,39459.2
2026-06-01T22:00:00Z,38634.2
2026-06-01T23:00:00Z,36255.1
2026-06-02T00:00:00Z,36567.8
2026-06-02T01:00:00Z,36463.3
2026-06-02T02:00:00Z,37483.0
2026-06-02T03:00:00Z,38059.6
2026-06-02T04:00:00Z,42228.5
2026-06-02T05:00:00Z,43552.5
2026-06-02T06:00:00Z,45571.0
2026-06-02T07:00:00Z,50299.8
2026-06-02T08:00:00Z,52434.8
2026-06-02T09:00:00Z,53341.2
2026-06-02T10:00:00Z,53922.4
2026-06-02T11:00:00Z,56010.9
2026-06-02T12:00:00Z,57301.3
2026-06-02T13:00:00Z,56503.3
2026-06-02T14:00:00Z,54454.7
2026-06-02T15:00:00Z,52576.6
2026-06-02T16:00:00Z,50073.8
2026-06-02T17:00:00Z,49549.4
2026-06-02T18:00:00Z,46744.2
2026-06-02T19:00:00Z,44122.9
2026-06-02T20:00:00Z,41027.0
2026-06-02T21:00:00Z,41187.8
2026-06-02T22:00:00Z,39095.3
2026-06-02T23:00:00Z,36800.7
2026-06-03T00:00:00Z,36345.7
2026-06-03T01:00:00Z,37321.1
2026-06-03T02:00:00Z,38309.6
2026-06-03T03:00:00Z,40096.4
2026-06-03T04:00:00Z,41608.2
2026-06-03T05:00:00Z,45140.9
2026-06-03T06:00:00Z,48291.7
2026-06-03T07:00:00Z,47908.4
2026-06-03T08:00:00Z,52072.6
2026-06-03T09:00:00Z,55867.2
2026-06-03T10:00:00Z,54234.6
2026-06-03T11:00:00Z,56512.6
2026-06-03T12:00:00Z,55358.0
2026-06-03T13:00:00Z,57884.7
2026-06-03T14:00:00Z,55039.8
2026-06-03T15:00:00Z,53382.9
2026-06-03T16:00:00Z,51654.6
2026-06-03T17:00:00Z,49920.8
2026-06-03T18:00:00Z,46952.4
2026-06-03T19:00:00Z,43539.7
2026-06-03T20:00:00Z,40773.5
2026-06-03T21:00:00Z,39560.1
2026-06-03T22:00:00Z,37977.3
2026-06-03T23:00:00Z,36808.3
2026-06-04T00:00:00Z,37763.9
2026-06-04T01:00:00Z,37035.0
2026-06-04T02:00:00Z,36875.5
2026-06-04T03:00:00Z,40105.9
2026-06-04T04:00:00Z,41454.9
2026-06-04T05:00:00Z,44710.3
2026-06-04T06:00:00Z,47333.3
2026-06-04T07:00:00Z,48277.4
2026-06-04T08:00:00Z,52731.7
2026-06-04T09:00:00Z,54373.3
2026-06-04T10:00:00Z,55633.8
2026-06-04T11:00:00Z,56274.1
2026-06-04T12:00:00Z,57089.2
2026-06-04T13:00:00Z,56736.4
2026-06-04T14:00:00Z,54994.9
2026-06-04T15:00:00Z,53355.7
2026-06-04T16:00:00Z,51045.9
2026-06-04T17:00:00Z,50792.3
2026-06-04T18:00:00Z,46711.4
2026-06-04T19:00:00Z,43403.8
2026-06-04T20:00:00Z,41069.9
2026-06-04T21:00:00Z,41689.9
2026-06-04T22:00:00Z,37819.8
2026-06-04T23:00:00Z,37385.9
2026-06-05T00:00:00Z,36530.9
2026-06-05T01:00:00Z,38773.7
2026-06-05T02:00:00Z,39199.2
2026-06-05T03:00:00Z,39977.4
2026-06-05T04:00:00Z,40866.2
2026-06-05T05:00:00Z,44468.1
2026-06-05T06:00:00Z,45405.5
2026-06-05T07:00:00Z,48426.5
2026-06-05T08:00:00Z,52574.4
2026-06-05T09:00:00Z,53483.5
2026-06-05T10:00:00Z,56269.2
2026-06-05T11:00:00Z,55767.7
2026-06-05T12:00:00Z,56559.9
2026-06-05T13:00:00Z,57239.5
2026-06-05T14:00:00Z,56200.1
2026-06-05T15:00:00Z,52971.9
2026-06-05T16:00:00Z,52673.5
2026-06-05T17:00:00Z,49207.1
2026-06-05T18:00:00Z,47636.0
2026-06-05T19:00:00Z,45114.4
2026-06-05T20:00:00Z,42139.6
2026-06-05T21:00:00Z,39966.7
2026-06-05T22:00:00Z,38234.4
2026-06-05T23:00:00Z,37322.0
2026-06-06T00:00:00Z,35057.5
2026-06-06T01:00:00Z,34595.6
2026-06-06T02:00:00Z,34438.8
2026-06-06T03:00:00Z,36294.8
2026-06-06T04:00:00Z,39482.5
2026-06-06T05:00:00Z,41025.4
2026-06-06T06:00:00Z,45582.4
2026-06-06T07:00:00Z,45728.9
2026-06-06T08:00:00Z,48137.4
2026-06-06T09:00:00Z,51526.1
2026-06-06T10:00:00Z,53516.8
2026-06-06T11:00:00Z,54440.3
2026-06-06T12:00:00Z,54494.2
2026-06-06T13:00:00Z,54463.4
2026-06-06T14:00:00Z,53391.9
2026-06-06T15:00:00Z,50722.9
2026-06-06T16:00:00Z,49832.1
2026-06-06T17:00:00Z,44831.7
2026-06-06T18:00:00Z,45724.5
2026-06-06T19:00:00Z,40225.2
2026-06-06T20:00:00Z,39574.1
2026-06-06T21:00:00Z,37724.2
2026-06-06T22:00:00Z,36847.4
2026-06-06T23:00:00Z,33546.9
2026-06-07T00:00:00Z,34954.7
2026-06-07T01:00:00Z,35918.1
2026-06-07T02:00:00Z,33387.6
2026-06-07T03:00:00Z,37724.4
2026-06-07T04:00:00Z,39202.6
2026-06-07T05:00:00Z,42543.8
2026-06-07T06:00:00Z,44923.9
2026-06-07T07:00:00Z,47256.8
2026-06-07T08:00:00Z,48974.5
2026-06-07T09:00:00Z,51079.4
2026-06-07T10:00:00Z,52607.0
2026-06-07T11:00:00Z,54350.7
2026-06-07T12:00:00Z,55288.3
2026-06-07T13:00:00Z,52997.6
2026-06-07T14:00:00Z,52016.7
2026-06-07T15:00:00Z,52304.5
2026-06-07T16:00:00Z,49271.7
2026-06-07T17:00:00Z,46512.1
2026-06-07T18:00:00Z,43953.2
2026-06-07T19:00:00Z,41446.2
2026-06-07T20:00:00Z,39309.4
2026-06-07T21:00:00Z,37880.7
2026-06-07T22:00:00Z,35061.1
2026-06-07T23:00:00Z,33098.3
2026-06-08T00:00:00Z,37364.0
2026-06-08T01:00:00Z,37099.4
2026-06-08T02:00:00Z,38486.7
2026-06-08T03:00:00Z,40454.1
2026-06-08T04:00:00Z,42330.3
2026-06-08T05:00:00Z,45261.6
2026-06-08T06:00:00Z,47347.1
2026-06-08T07:00:00Z,49882.4
2026-06-08T08:00:00Z,51848.0
2026-06-08T09:00:00Z,55178.0
2026-06-08T10:00:00Z,53424.9
2026-06-08T11:00:00Z,57475.0
2026-06-08T12:00:00Z,56884.4
2026-06-08T13:00:00Z,58092.0
2026-06-08T14:00:00Z,55014.7
2026-06-08T15:00:00Z,54861.1
2026-06-08T16:00:00Z,49511.0
2026-06-08T17:00:00Z,50065.7
2026-06-08T18:00:00Z,47718.1
2026-06-08T19:00:00Z,44667.9
2026-06-08T20:00:00Z,41693.3
2026-06-08T21:00:00Z,40565.6
2026-06-08T22:00:00Z,38418.1
2026-06-08T23:00:00Z,38197.6
2026-06-09T00:00:00Z,36797.2
2026-06-09T01:00:00Z,35856.1
2026-06-09T02:00:00Z,38718.2
2026-06-09T03:00:00Z,40951.6
2026-06-09T04:00:00Z,43106.6
2026-06-09T05:00:00Z,46103.6
2026-06-09T06:00:00Z,47932.7
2026-06-09T07:00:00Z,50408.2
2026-06-09T08:00:00Z,52358.6
2026-06-09T09:00:00Z,55787.5
2026-06-09T10:00:00Z,55950.8
2026-06-09T11:00:00Z,56760.6
2026-06-09T12:00:00Z,56638.3
2026-06-09T13:00:00Z,55657.0
2026-06-09T14:00:00Z,56426.4
2026-06-09T15:00:00Z,54552.6
2026-06-09T16:00:00Z,51948.4
2026-06-09T17:00:00Z,49008.0
2026-06-09T18:00:00Z,47775.1
2026-06-09T19:00:00Z,45003.9
2026-06-09T20:00:00Z,43680.5
2026-06-09T21:00:00Z,39828.0
2026-06-09T22:00:00Z,37668.9
2026-06-09T23:00:00Z,40195.7
2026-06-10T00:00:00Z,37249.1
2026-06-10T01:00:00Z,37955.6
2026-06-10T02:00:00Z,40030.1
2026-06-10T03:00:00Z,40102.4
2026-06-10T04:00:00Z,42037.9
2026-06-10T05:00:00Z,46049.8
2026-06-10T06:00:00Z,47957.0
2026-06-10T07:00:00Z,49442.8
2026-06-10T08:00:00Z,51607.2
2026-06-10T09:00:00Z,55542.9
2026-06-10T10:00:00Z,55531.3
2026-06-10T11:00:00Z,58526.1
2026-06-10T12:00:00Z,57989.4
2026-06-10T13:00:00Z,57134.7
2026-06-10T14:00:00Z,55130.1
2026-06-10T15:00:00Z,54082.0
2026-06-10T16:00:00Z,53190.0
2026-06-10T17:00:00Z,49662.4
2026-06-10T18:00:00Z,48477.7
2026-06-10T19:00:00Z,44757.5
2026-06-10T20:00:00Z,42697.5
2026-06-10T21:00:00Z,41123.3
2026-06-10T22:00:00Z,37814.5
2026-06-10T23:00:00Z,38030.3
2026-06-11T00:00:00Z,35894.7
2026-06-11T01:00:00Z,38020.7
2026-06-11T02:00:00Z,39421.8
2026-06-11T03:00:00Z,40714.1
2026-06-11T04:00:00Z,42397.0
2026-06-11T05:00:00Z,46147.0
2026-06-11T06:00:00Z,46972.6
2026-06-11T07:00:00Z,50815.5
2026-06-11T08:00:00Z,51778.9
2026-06-11T09:00:00Z,56031.3
2026-06-11T10:00:00Z,56655.6
2026-06-11T11:00:00Z,57958.1
2026-06-11T12:00:00Z,57721.4
2026-06-11T13:00:00Z,57465.7
2026-06-11T14:00:00Z,55671.7
2026-06-11T15:00:00Z,55954.5
2026-06-11T16:00:00Z,53558.3
2026-06-11T17:00:00Z,49588.0
2026-06-11T18:00:00Z,47301.9
2026-06-11T19:00:00Z,45535.0
2026-06-11T20:00:00Z,43119.4
2026-06-11T21:00:00Z,41398.0
2026-06-11T22:00:00Z,40009.6
2026-06-11T23:00:00Z,39089.7
2026-06-12T00:00:00Z,38373.9
2026-06-12T01:00:00Z,37931.0
2026-06-12T02:00:00Z,38505.1
2026-06-12T03:00:00Z,41498.0
2026-06-12T04:00:00Z,42665.5
2026-06-12T05:00:00Z,45185.0
2026-06-12T06:00:00Z,49314.4
2026-06-12T07:00:00Z,49580.3
2026-06-12T08:00:00Z,52283.4
2026-06-12T09:00:00Z,55910.5
2026-06-12T10:00:00Z,56509.1
2026-06-12T11:00:00Z,58319.6
2026-06-12T12:00:00Z,58489.5
2026-06-12T13:00:00Z,56363.1
2026-06-12T14:00:00Z,57773.7
2026-06-12T15:00:00Z,54770.9
2026-06-12T16:00:00Z,52681.8
2026-06-12T17:00:00Z,49451.7
2026-06-12T18:00:00Z,49302.2
2026-06-12T19:00:00Z,45692.9
2026-06-12T20:00:00Z,42046.8
2026-06-12T21:00:00Z,41198.4
2026-06-12T22:00:00Z,37533.1
2026-06-12T23:00:00Z,38459.5
2026-06-13T00:00:00Z,35403.3
2026-06-13T01:00:00Z,35486.1
2026-06-13T02:00:00Z,37365.7
2026-06-13T03:00:00Z,38329.1
2026-06-13T04:00:00Z,40252.7
2026-06-13T05:00:00Z,43358.0
2026-06-13T06:00:00Z,46087.0
2026-06-13T07:00:00Z,47183.4
2026-06-13T08:00:00Z,50623.4
2026-06-13T09:00:00Z,52840.8
2026-06-13T10:00:00Z,54295.3
2026-06-13T11:00:00Z,53944.9
2026-06-13T12:00:00Z,56144.3
2026-06-13T13:00:00Z,55524.9
2026-06-13T14:00:00Z,55051.4
2026-06-13T15:00:00Z,53486.9
2026-06-13T16:00:00Z,51097.6
2026-06-13T17:00:00Z,46700.3
2026-06-13T18:00:00Z,45371.6
2026-06-13T19:00:00Z,43336.9
2026-06-13T20:00:00Z,41060.7
2026-06-13T21:00:00Z,38396.0
2026-06-13T22:00:00Z,38301.2
2026-06-13T23:00:00Z,34835.0
2026-06-14T00:00:00Z,37661.2
2026-06-14T01:00:00Z,35078.0
2026-06-14T02:00:00Z,36526.1
2026-06-14T03:00:00Z,37034.1
2026-06-14T04:00:00Z,39295.2
2026-06-14T05:00:00Z,42935.8
2026-06-14T06:00:00Z,46075.5
2026-06-14T07:00:00Z,49191.5
2026-06-14T08:00:00Z,50641.4
2026-06-14T09:00:00Z,52618.9
2026-06-14T10:00:00Z,55849.0
2026-06-14T11:00:00Z,55572.4
2026-06-14T12:00:00Z,55287.8
2026-06-14T13:00:00Z,54612.5
2026-06-14T14:00:00Z,53793.3
2026-06-14T15:00:00Z,52839.4
2026-06-14T16:00:00Z,49737.7
2026-06-14T17:00:00Z,47981.6
2026-06-14T18:00:00Z,44486.4
2026-06-14T19:00:00Z,43964.8
2026-06-14T20:00:00Z,39511.5
2026-06-14T21:00:00Z,39817.2
2026-06-14T22:00:00Z,38022.1
2026-06-14T23:00:00Z,36330.3
2026-06-15T00:00:00Z,38227.5
2026-06-15T01:00:00Z,38659.9
2026-06-15T02:00:00Z,40203.1
2026-06-15T03:00:00Z,41007.7
2026-06-15T04:00:00Z,43755.4
2026-06-15T05:00:00Z,44230.5
2026-06-15T06:00:00Z,48966.8
2026-06-15T07:00:00Z,51363.9
2026-06-15T08:00:00Z,54660.9
2026-06-15T09:00:00Z,56306.7
2026-06-15T10:00:00Z,56832.7
2026-06-15T11:00:00Z,59378.9
2026-06-15T12:00:00Z,58132.3
2026-06-15T13:00:00Z,56935.0
2026-06-15T14:00:00Z,59664.1
2026-06-15T15:00:00Z,55279.2
2026-06-15T16:00:00Z,53308.7
2026-06-15T17:00:00Z,50287.2
2026-06-15T18:00:00Z,48324.8
2026-06-15T19:00:00Z,45023.3
2026-06-15T20:00:00Z,43820.0
2026-06-15T21:00:00Z,42350.5
2026-06-15T22:00:00Z,40005.3
2026-06-15T23:00:00Z,38932.3
2026-06-16T00:00:00Z,40276.6
2026-06-16T01:00:00Z,38818.8
2026-06-16T02:00:00Z,41820.2
2026-06-16T03:00:00Z,42269.1
2026-06-16T04:00:00Z,44855.7
2026-06-16T05:00:00Z,46092.0
2026-06-16T06:00:00Z,48992.4
2026-06-16T07:00:00Z,52026.1
2026-06-16T08:00:00Z,53460.0
2026-06-16T09:00:00Z,55526.3
2026-06-16T10:00:00Z,56999.6
2026-06-16T11:00:00Z,57696.3
2026-06-16T12:00:00Z,58299.6
2026-06-16T13:00:00Z,59327.6
2026-06-16T14:00:00Z,57679.5
2026-06-16T15:00:00Z,57072.2
2026-06-16T16:00:00Z,53140.7
2026-06-16T17:00:00Z,51693.3
2026-06-16T18:00:00Z,50143.3
2026-06-16T19:00:00Z,45824.3
2026-06-16T20:00:00Z,43812.9
2026-06-16T21:00:00Z,42775.6
2026-06-16T22:00:00Z,39574.2
2026-06-16T23:00:00Z,40003.9
2026-06-17T00:00:00Z,40779.9
2026-06-17T01:00:00Z,38647.5
2026-06-17T02:00:00Z,39304.5
2026-06-17T03:00:00Z,42679.3
2026-06-17T04:00:00Z,43585.5
2026-06-17T05:00:00Z,46523.8
2026-06-17T06:00:00Z,48570.2
2026-06-17T07:00:00Z,52632.0
2026-06-17T08:00:00Z,53370.1
2026-06-17T09:00:00Z,55653.7
2026-06-17T10:00:00Z,59272.3
2026-06-17T11:00:00Z,57615.6
2026-06-17T12:00:00Z,59000.2
2026-06-17T13:00:00Z,59543.4
2026-06-17T14:00:00Z,57840.1
2026-06-17T15:00:00Z,55960.5
2026-06-17T16:00:00Z,54205.7
2026-06-17T17:00:00Z,51094.6
2026-06-17T18:00:00Z,49961.7
2026-06-17T19:00:00Z,47174.5
2026-06-17T20:00:00Z,44602.4
2026-06-17T21:00:00Z,40373.2
2026-06-17T22:00:00Z,41605.8
2026-06-17T23:00:00Z,40014.6
2026-06-18T00:00:00Z,39457.3
2026-06-18T01:00:00Z,41902.7
2026-06-18T02:00:00Z,41912.9
2026-06-18T03:00:00Z,41336.1
2026-06-18T04:00:00Z,44648.3
2026-06-18T05:00:00Z,46252.5
2026-06-18T06:00:00Z,48799.0
2026-06-18T07:00:00Z,50904.0
2026-06-18T08:00:00Z,52664.8
2026-06-18T09:00:00Z,54701.2
2026-06-18T10:00:00Z,58107.0
2026-06-18T11:00:00Z,56718.5
2026-06-18T12:00:00Z,59875.0
2026-06-18T13:00:00Z,59564.8
2026-06-18T14:00:00Z,58828.1
2026-06-18T15:00:00Z,55877.8
2026-06-18T16:00:00Z,53432.3
2026-06-18T17:00:00Z,52460.4
2026-06-18T18:00:00Z,48336.2
2026-06-18T19:00:00Z,45791.8
2026-06-18T20:00:00Z,45500.5
2026-06-18T21:00:00Z,41107.0
2026-06-18T22:00:00Z,41215.1
2026-06-18T23:00:00Z,38935.9
2026-06-19T00:00:00Z,38903.0
2026-06-19T01:00:00Z,39917.8
2026-06-19T02:00:00Z,40873.6
2026-06-19T03:00:00Z,41999.4
2026-06-19T04:00:00Z,45047.0
2026-06-19T05:00:00Z,46126.7
2026-06-19T06:00:00Z,50818.6
2026-06-19T07:00:00Z,52251.6
2026-06-19T08:00:00Z,54231.2
2026-06-19T09:00:00Z,56420.7
2026-06-19T10:00:00Z,58252.3
2026-06-19T11:00:00Z,59245.3
2026-06-19T12:00:00Z,59999.7
2026-06-19T13:00:00Z,58188.8
2026-06-19T14:00:00Z,57501.2
2026-06-19T15:00:00Z,56789.2
2026-06-19T16:00:00Z,54385.6
2026-06-19T17:00:00Z,50729.7
2026-06-19T18:00:00Z,49918.9
2026-06-19T19:00:00Z,45148.0
2026-06-19T20:00:00Z,44362.3
2026-06-19T21:00:00Z,42695.5
2026-06-19T22:00:00Z,41119.7
2026-06-19T23:00:00Z,38893.5
2026-06-20T00:00:00Z,36533.0
2026-06-20T01:00:00Z,37405.5
2026-06-20T02:00:00Z,38477.5
2026-06-20T03:00:00Z,40809.4
2026-06-20T04:00:00Z,42322.3
2026-06-20T05:00:00Z,43764.9
2026-06-20T06:00:00Z,46946.6
2026-06-20T07:00:00Z,50128.4
2026-06-20T08:00:00Z,51851.9
2026-06-20T09:00:00Z,55311.4
2026-06-20T10:00:00Z,54563.2
2026-06-20T11:00:00Z,56805.8
2026-06-20T12:00:00Z,56072.1
2026-06-20T13:00:00Z,56541.3
2026-06-20T14:00:00Z,54751.7
2026-06-20T15:00:00Z,53612.3
2026-06-20T16:00:00Z,52371.4
2026-06-20T17:00:00Z,49759.3
2026-06-20T18:00:00Z,46670.3
2026-06-20T19:00:00Z,44120.7
2026-06-20T20:00:00Z,42884.2
2026-06-20T21:00:00Z,38301.6
2026-06-20T22:00:00Z,36881.0
2026-06-20T23:00:00Z,36906.1
2026-06-21T00:00:00Z,37943.7
2026-06-21T01:00:00Z,37480.8
2026-06-21T02:00:00Z,37984.7
2026-06-21T03:00:00Z,40747.8
2026-06-21T04:00:00Z,42763.0
2026-06-21T05:00:00Z,44092.6
2026-06-21T06:00:00Z,46030.6
2026-06-21T07:00:00Z,48743.0
2026-06-21T08:00:00Z,51979.6
2026-06-21T09:00:00Z,53567.5
2026-06-21T10:00:00Z,54724.9
2026-06-21T11:00:00Z,55726.8
2026-06-21T12:00:00Z,57347.2
2026-06-21T13:00:00Z,56087.4
2026-06-21T14:00:00Z,55473.3
2026-06-21T15:00:00Z,52649.2
2026-06-21T16:00:00Z,52418.1
2026-06-21T17:00:00Z,48613.8
2026-06-21T18:00:00Z,45049.5
2026-06-21T19:00:00Z,44029.5
2026-06-21T20:00:00Z,42104.6
2026-06-21T21:00:00Z,39432.7
2026-06-21T22:00:00Z,37862.0
2026-06-21T23:00:00Z,35777.4
2026-06-22T00:00:00Z,40641.3
2026-06-22T01:00:00Z,41562.6
2026-06-22T02:00:00Z,40359.2
2026-06-22T03:00:00Z,41119.3
2026-06-22T04:00:00Z,44260.7
2026-06-22T05:00:00Z,47325.2
2026-06-22T06:00:00Z,46828.9
2026-06-22T07:00:00Z,53032.2
2026-06-22T08:00:00Z,54555.8
2026-06-22T09:00:00Z,57797.8
2026-06-22T10:00:00Z,59087.4
2026-06-22T11:00:00Z,59980.6
2026-06-22T12:00:00Z,60731.0
2026-06-22T13:00:00Z,60968.6
2026-06-22T14:00:00Z,58603.9
2026-06-22T15:00:00Z,57947.0
2026-06-22T16:00:00Z,55089.0
2026-06-22T17:00:00Z,52404.0
2026-06-22T18:00:00Z,50477.5
2026-06-22T19:00:00Z,47724.4
2026-06-22T20:00:00Z,45125.8
2026-06-22T21:00:00Z,43337.8
2026-06-22T22:00:00Z,41888.3
2026-06-22T23:00:00Z,40454.7
2026-06-23T00:00:00Z,39048.7
2026-06-23T01:00:00Z,40150.3
2026-06-23T02:00:00Z,40719.2
2026-06-23T03:00:00Z,43555.2
2026-06-23T04:00:00Z,46363.4
2026-06-23T05:00:00Z,48324.3
2026-06-23T06:00:00Z,49849.3
2026-06-23T07:00:00Z,51845.8
2026-06-23T08:00:00Z,55817.6
2026-06-23T09:00:00Z,58022.6
2026-06-23T10:00:00Z,58429.5
2026-06-23T11:00:00Z,58968.0
2026-06-23T12:00:00Z,60049.2
2026-06-23T13:00:00Z,61099.2
2026-06-23T14:00:00Z,58607.1
2026-06-23T15:00:00Z,57058.0
2026-06-23T16:00:00Z,54810.5
2026-06-23T17:00:00Z,52864.6
2026-06-23T18:00:00Z,50356.7
2026-06-23T19:00:00Z,46437.0
2026-06-23T20:00:00Z,43935.3
2026-06-23T21:00:00Z,41268.2
2026-06-23T22:00:00Z,40195.7
2026-06-23T23:00:00Z,39300.8
2026-06-24T00:00:00Z,40831.5
2026-06-24T01:00:00Z,40796.6
2026-06-24T02:00:00Z,41697.9
2026-06-24T03:00:00Z,42876.6
2026-06-24T04:00:00Z,45689.0
2026-06-24T05:00:00Z,47142.8
2026-06-24T06:00:00Z,51092.8
2026-06-24T07:00:00Z,53987.9
2026-06-24T08:00:00Z,55381.2
2026-06-24T09:00:00Z,55427.2
2026-06-24T10:00:00Z,59406.8
2026-06-24T11:00:00Z,58711.5
2026-06-24T12:00:00Z,60794.2
2026-06-24T13:00:00Z,59962.7
2026-06-24T14:00:00Z,57368.7
2026-06-24T15:00:00Z,57743.1
2026-06-24T16:00:00Z,55946.6
2026-06-24T17:00:00Z,53832.6
2026-06-24T18:00:00Z,50232.1
2026-06-24T19:00:00Z,47281.7
2026-06-24T20:00:00Z,44730.2
2026-06-24T21:00:00Z,42751.7
2026-06-24T22:00:00Z,41999.0
2026-06-24T23:00:00Z,40717.9
2026-06-25T00:00:00Z,39810.1
2026-06-25T01:00:00Z,41678.8
2026-06-25T02:00:00Z,42807.7
2026-06-25T03:00:00Z,42897.7
2026-06-25T04:00:00Z,45472.8
2026-06-25T05:00:00Z,48056.6
2026-06-25T06:00:00Z,51606.8
2026-06-25T07:00:00Z,52486.1
2026-06-25T08:00:00Z,55581.8
2026-06-25T09:00:00Z,58169.5
2026-06-25T10:00:00Z,57781.1
2026-06-25T11:00:00Z,59428.9
2026-06-25T12:00:00Z,61630.5
2026-06-25T13:00:00Z,61970.9
2026-06-25T14:00:00Z,60673.3
2026-06-25T15:00:00Z,57141.4
2026-06-25T16:00:00Z,54870.9
2026-06-25T17:00:00Z,53193.1
2026-06-25T18:00:00Z,50542.8
2026-06-25T19:00:00Z,47945.4
2026-06-25T20:00:00Z,46335.6
2026-06-25T21:00:00Z,41988.2
2026-06-25T22:00:00Z,42386.6
2026-06-25T23:00:00Z,42218.2
2026-06-26T00:00:00Z,40265.5
2026-06-26T01:00:00Z,41821.6
2026-06-26T02:00:00Z,40581.2
2026-06-26T03:00:00Z,43595.9
2026-06-26T04:00:00Z,45427.6
2026-06-26T05:00:00Z,48172.0
2026-06-26T06:00:00Z,49594.3
2026-06-26T07:00:00Z,53367.1
2026-06-26T08:00:00Z,54446.9
2026-06-26T09:00:00Z,57582.6
2026-06-26T10:00:00Z,59910.6
2026-06-26T11:00:00Z,61590.1
2026-06-26T12:00:00Z,59230.5
2026-06-26T13:00:00Z,60712.6
2026-06-26T14:00:00Z,58514.6
2026-06-26T15:00:00Z,56970.3
2026-06-26T16:00:00Z,56723.6
2026-06-26T17:00:00Z,53266.1
2026-06-26T18:00:00Z,51003.5
2026-06-26T19:00:00Z,48581.0
2026-06-26T20:00:00Z,45154.2
2026-06-26T21:00:00Z,43577.2
2026-06-26T22:00:00Z,42747.9
2026-06-26T23:00:00Z,41393.4
2026-06-27T00:00:00Z,36561.9
2026-06-27T01:00:00Z,37366.7
2026-06-27T02:00:00Z,38362.2
2026-06-27T03:00:00Z,40006.6
2026-06-27T04:00:00Z,42637.2
2026-06-27T05:00:00Z,44279.2
2026-06-27T06:00:00Z,47036.2
2026-06-27T07:00:00Z,50963.9
2026-06-27T08:00:00Z,53268.7
2026-06-27T09:00:00Z,55791.9
2026-06-27T10:00:00Z,56141.0
2026-06-27T11:00:00Z,58113.9
2026-06-27T12:00:00Z,58035.5
2026-06-27T13:00:00Z,58241.6
2026-06-27T14:00:00Z,57608.4
2026-06-27T15:00:00Z,54485.7
2026-06-27T16:00:00Z,51754.0
2026-06-27T17:00:00Z,50410.1
2026-06-27T18:00:00Z,47977.2
2026-06-27T19:00:00Z,44655.4
2026-06-27T20:00:00Z,42990.8
2026-06-27T21:00:00Z,42476.0
2026-06-27T22:00:00Z,38828.2
2026-06-27T23:00:00Z,38588.5
2026-06-28T00:00:00Z,37393.3
2026-06-28T01:00:00Z,37917.9
2026-06-28T02:00:00Z,41030.0
2026-06-28T03:00:00Z,41393.8
2026-06-28T04:00:00Z,43865.2
2026-06-28T05:00:00Z,45814.9
2026-06-28T06:00:00Z,48116.2
2026-06-28T07:00:00Z,51343.5
2026-06-28T08:00:00Z,53431.9
2026-06-28T09:00:00Z,55074.3
2026-06-28T10:00:00Z,56250.9
2026-06-28T11:00:00Z,58024.7
2026-06-28T12:00:00Z,56762.7
2026-06-28T13:00:00Z,59367.8
2026-06-28T14:00:00Z,57944.5
2026-06-28T15:00:00Z,55146.8
2026-06-28T16:00:00Z,54395.8
2026-06-28T17:00:00Z,52595.6
2026-06-28T18:00:00Z,47797.1
2026-06-28T19:00:00Z,45897.9
2026-06-28T20:00:00Z,44092.6
2026-06-28T21:00:00Z,41142.9
2026-06-28T22:00:00Z,39915.5
2026-06-28T23:00:00Z,37623.9
2026-06-29T00:00:00Z,41407.2
2026-06-29T01:00:00Z,40482.1
2026-06-29T02:00:00Z,42249.1
2026-06-29T03:00:00Z,44131.7
2026-06-29T04:00:00Z,47224.9
2026-06-29T05:00:00Z,49843.9
2026-06-29T06:00:00Z,52774.7
2026-06-29T07:00:00Z,53143.9
2026-06-29T08:00:00Z,57555.6
2026-06-29T09:00:00Z,58759.6
2026-06-29T10:00:00Z,58310.3
2026-06-29T11:00:00Z,59588.7
2026-06-29T12:00:00Z,61068.9
2026-06-29T13:00:00Z,62063.6
2026-06-29T14:00:00Z,61342.7
2026-06-29T15:00:00Z,57505.0
2026-06-29T16:00:00Z,56328.4
2026-06-29T17:00:00Z,52968.2
2026-06-29T18:00:00Z,52582.6
2026-06-29T19:00:00Z,50059.6
2026-06-29T20:00:00Z,46850.8
2026-06-29T21:00:00Z,42525.9
2026-06-29T22:00:00Z,42919.2
2026-06-29T23:00:00Z,41827.7
2026-06-30T00:00:00Z,40915.2
2026-06-30T01:00:00Z,43049.0
2026-06-30T02:00:00Z,41960.7
2026-06-30T03:00:00Z,43048.4
2026-06-30T04:00:00Z,46725.6
2026-06-30T05:00:00Z,48851.2
2026-06-30T06:00:00Z,52900.9
2026-06-30T07:00:00Z,55213.1
2026-06-30T08:00:00Z,55905.8
2026-06-30T09:00:00Z,57719.1
2026-06-30T10:00:00Z,60707.6
2026-06-30T11:00:00Z,62589.1
2026-06-30T12:00:00Z,61644.7
2026-06-30T13:00:00Z,60856.9
2026-06-30T14:00:00Z,58342.4
2026-06-30T15:00:00Z,59295.2
2026-06-30T16:00:00Z,55462.7
2026-06-30T17:00:00Z,53662.4
2026-06-30T18:00:00Z,51351.4
2026-06-30T19:00:00Z,49542.6
2026-06-30T20:00:00Z,48126.4
2026-06-30T21:00:00Z,43970.2
2026-06-30T22:00:00Z,42729.5
2026-06-30T23:00:00Z,41131.3
2026-07-01T00:00:00Z,42484.6
2026-07-01T01:00:00Z,43030.2
2026-07-01T02:00:00Z,44829.4
2026-07-01T03:00:00Z,44777.9
2026-07-01T04:00:00Z,45748.9
2026-07-01T05:00:00Z,48696.0
2026-07-01T06:00:00Z,52979.7
2026-07-01T07:00:00Z,53176.3
2026-07-01T08:00:00Z,57896.5
2026-07-01T09:00:00Z,58166.6
2026-07-01T10:00:00Z,61997.4
2026-07-01T11:00:00Z,61238.5
2026-07-01T12:00:00Z,61504.3
2026-07-01T13:00:00Z,62375.7
2026-07-01T14:00:00Z,60022.0
2026-07-01T15:00:00Z,57810.8
2026-07-01T16:00:00Z,56998.2
2026-07-01T17:00:00Z,54448.8
2026-07-01T18:00:00Z,51409.9
2026-07-01T19:00:00Z,47968.3
2026-07-01T20:00:00Z,46823.4
2026-07-01T21:00:00Z,45601.9
2026-07-01T22:00:00Z,42298.4
2026-07-01T23:00:00Z,42113.3
2026-07-02T00:00:00Z,41987.8
2026-07-02T01:00:00Z,43822.4
2026-07-02T02:00:00Z,44076.8
2026-07-02T03:00:00Z,42933.0
2026-07-02T04:00:00Z,47294.0
2026-07-02T05:00:00Z,48979.7
2026-07-02T06:00:00Z,52078.8
2026-07-02T07:00:00Z,54854.0
2026-07-02T08:00:00Z,56313.5
2026-07-02T09:00:00Z,59233.4
2026-07-02T10:00:00Z,60718.7
2026-07-02T11:00:00Z,60685.7
2026-07-02T12:00:00Z,60216.2
2026-07-02T13:00:00Z,60412.2
2026-07-02T14:00:00Z,60182.8
2026-07-02T15:00:00Z,57992.3
2026-07-02T16:00:00Z,55644.4
2026-07-02T17:00:00Z,55207.3
2026-07-02T18:00:00Z,50968.3
2026-07-02T19:00:00Z,49457.2
2026-07-02T20:00:00Z,46897.7
2026-07-02T21:00:00Z,43613.3
2026-07-02T22:00:00Z,42624.8
2026-07-02T23:00:00Z,42998.7
2026-07-03T00:00:00Z,42331.3
2026-07-03T01:00:00Z,40682.0
2026-07-03T02:00:00Z,43649.4
2026-07-03T03:00:00Z,46629.6
2026-07-03T04:00:00Z,48424.6
2026-07-03T05:00:00Z,50081.4
2026-07-03T06:00:00Z,51201.8
2026-07-03T07:00:00Z,54013.5
2026-07-03T08:00:00Z,57704.7
2026-07-03T09:00:00Z,58740.7
2026-07-03T10:00:00Z,60189.6
2026-07-03T11:00:00Z,59924.7
2026-07-03T12:00:00Z,62512.8
2026-07-03T13:00:00Z,62968.1
2026-07-03T14:00:00Z,60721.5
2026-07-03T15:00:00Z,58669.7
2026-07-03T16:00:00Z,57752.9
2026-07-03T17:00:00Z,55771.1
2026-07-03T18:00:00Z,53671.5
2026-07-03T19:00:00Z,49765.0
2026-07-03T20:00:00Z,45284.3
2026-07-03T21:00:00Z,44743.1
2026-07-03T22:00:00Z,42125.4
2026-07-03T23:00:00Z,42899.5
2026-07-04T00:00:00Z,40915.0
2026-07-04T01:00:00Z,40009.4
2026-07-04T02:00:00Z,40778.9
2026-07-04T03:00:00Z,41407.2
2026-07-04T04:00:00Z,43869.3
2026-07-04T05:00:00Z,48007.9
2026-07-04T06:00:00Z,49871.9
2026-07-04T07:00:00Z,50873.6
2026-07-04T08:00:00Z,53940.8
2026-07-04T09:00:00Z,57904.8
2026-07-04T10:00:00Z,56993.1
2026-07-04T11:00:00Z,59343.7
2026-07-04T12:00:00Z,60249.9
2026-07-04T13:00:00Z,57824.9
2026-07-04T14:00:00Z,58625.5
2026-07-04T15:00:00Z,56582.7
2026-07-04T16:00:00Z,53998.8
2026-07-04T17:00:00Z,51958.6
2026-07-04T18:00:00Z,49577.9
2026-07-04T19:00:00Z,46786.5
2026-07-04T20:00:00Z,45297.0
2026-07-04T21:00:00Z,41707.8
2026-07-04T22:00:00Z,41198.9
2026-07-04T23:00:00Z,40194.7
2026-07-05T00:00:00Z,41792.0
2026-07-05T01:00:00Z,40855.8
2026-07-05T02:00:00Z,39971.9
2026-07-05T03:00:00Z,42836.0
2026-07-05T04:00:00Z,44830.6
2026-07-05T05:00:00Z,47211.4
2026-07-05T06:00:00Z,49440.3
2026-07-05T07:00:00Z,52785.7
2026-07-05T08:00:00Z,54588.4
2026-07-05T09:00:00Z,57187.6
2026-07-05T10:00:00Z,58404.8
2026-07-05T11:00:00Z,58068.7
2026-07-05T12:00:00Z,60563.0
2026-07-05T13:00:00Z,60358.8
2026-07-05T14:00:00Z,58240.2
2026-07-05T15:00:00Z,57082.8
2026-07-05T16:00:00Z,54355.0
2026-07-05T17:00:00Z,52826.5
2026-07-05T18:00:00Z,50994.2
2026-07-05T19:00:00Z,47693.0
2026-07-05T20:00:00Z,44052.8
2026-07-05T21:00:00Z,40992.6
2026-07-05T22:00:00Z,40470.1
2026-07-05T23:00:00Z,40554.9
2026-07-06T00:00:00Z,43844.9
2026-07-06T01:00:00Z,43113.3
2026-07-06T02:00:00Z,42117.6
2026-07-06T03:00:00Z,46128.1
2026-07-06T04:00:00Z,46602.0
2026-07-06T05:00:00Z,49451.9
2026-07-06T06:00:00Z,54285.8
2026-07-06T07:00:00Z,54735.5
2026-07-06T08:00:00Z,57398.5
2026-07-06T09:00:00Z,61212.6
2026-07-06T10:00:00Z,62228.4
2026-07-06T11:00:00Z,61454.7
2026-07-06T12:00:00Z,63163.7
2026-07-06T13:00:00Z,60900.2
2026-07-06T14:00:00Z,60317.8
2026-07-06T15:00:00Z,60508.7
2026-07-06T16:00:00Z,56972.4
2026-07-06T17:00:00Z,54566.7
2026-07-06T18:00:00Z,53629.3
2026-07-06T19:00:00Z,50053.3
2026-07-06T20:00:00Z,48325.2
2026-07-06T21:00:00Z,44219.3
2026-07-06T22:00:00Z,42755.5
2026-07-06T23:00:00Z,42247.2
2026-07-07T00:00:00Z,43550.3
2026-07-07T01:00:00Z,43475.5
2026-07-07T02:00:00Z,44583.9
2026-07-07T03:00:00Z,46738.6
2026-07-07T04:00:00Z,48254.9
2026-07-07T05:00:00Z,51076.3
2026-07-07T06:00:00Z,52956.2
2026-07-07T07:00:00Z,54791.9
2026-07-07T08:00:00Z,58572.7
2026-07-07T09:00:00Z,59394.0
2026-07-07T10:00:00Z,61270.4
2026-07-07T11:00:00Z,62628.8
2026-07-07T12:00:00Z,63017.0
2026-07-07T13:00:00Z,62533.7
2026-07-07T14:00:00Z,62055.9
2026-07-07T15:00:00Z,59123.8
2026-07-07T16:00:00Z,58976.0
2026-07-07T17:00:00Z,56626.2
2026-07-07T18:00:00Z,52287.6
2026-07-07T19:00:00Z,49245.9
2026-07-07T20:00:00Z,46729.6
2026-07-07T21:00:00Z,44120.1
2026-07-07T22:00:00Z,44709.7
2026-07-07T23:00:00Z,45318.4
2026-07-08T00:00:00Z,42456.3
2026-07-08T01:00:00Z,43403.7
2026-07-08T02:00:00Z,44291.8
2026-07-08T03:00:00Z,47857.1
2026-07-08T04:00:00Z,47265.0
2026-07-08T05:00:00Z,48846.9
2026-07-08T06:00:00Z,52688.2
2026-07-08T07:00:00Z,55844.9
2026-07-08T08:00:00Z,58645.8
2026-07-08T09:00:00Z,60812.0
2026-07-08T10:00:00Z,61727.9
2026-07-08T11:00:00Z,62819.1
2026-07-08T12:00:00Z,64094.2
2026-07-08T13:00:00Z,61256.3
2026-07-08T14:00:00Z,60363.2
2026-07-08T15:00:00Z,60856.4
2026-07-08T16:00:00Z,55921.1
2026-07-08T17:00:00Z,55510.7
2026-07-08T18:00:00Z,53456.1
2026-07-08T19:00:00Z,52526.9
2026-07-08T20:00:00Z,47745.7
2026-07-08T21:00:00Z,45425.9
2026-07-08T22:00:00Z,43397.6
2026-07-08T23:00:00Z,42671.0
2026-07-09T00:00:00Z,41973.5
2026-07-09T01:00:00Z,44993.5
2026-07-09T02:00:00Z,43892.9
2026-07-09T03:00:00Z,44518.3
2026-07-09T04:00:00Z,49251.6
2026-07-09T05:00:00Z,49583.2
2026-07-09T06:00:00Z,53239.2
2026-07-09T07:00:00Z,55484.5
2026-07-09T08:00:00Z,58102.5
2026-07-09T09:00:00Z,58866.7
2026-07-09T10:00:00Z,60862.3
2026-07-09T11:00:00Z,63212.8
2026-07-09T12:00:00Z,62459.7
2026-07-09T13:00:00Z,61531.7
2026-07-09T14:00:00Z,63566.0
2026-07-09T15:00:00Z,60469.3
2026-07-09T16:00:00Z,58987.4
2026-07-09T17:00:00Z,55202.3
2026-07-09T18:00:00Z,53085.5
2026-07-09T19:00:00Z,49755.2
2026-07-09T20:00:00Z,48306.2
2026-07-09T21:00:00Z,44931.3
2026-07-09T22:00:00Z,44852.1
2026-07-09T23:00:00Z,44280.9
2026-07-10T00:00:00Z,43656.4
2026-07-10T01:00:00Z,43562.1
2026-07-10T02:00:00Z,45582.4
2026-07-10T03:00:00Z,45697.3
2026-07-10T04:00:00Z,48173.2
2026-07-10T05:00:00Z,52420.4
2026-07-10T06:00:00Z,53144.3
2026-07-10T07:00:00Z,58032.6
2026-07-10T08:00:00Z,58146.5
2026-07-10T09:00:00Z,59549.9
2026-07-10T10:00:00Z,61294.8
2026-07-10T11:00:00Z,61972.4
2026-07-10T12:00:00Z,63568.6
2026-07-10T13:00:00Z,61658.0
2026-07-10T14:00:00Z,61958.7
2026-07-10T15:00:00Z,61113.6
2026-07-10T16:00:00Z,57806.5
2026-07-10T17:00:00Z,56419.1
2026-07-10T18:00:00Z,53794.7
2026-07-10T19:00:00Z,51733.1
2026-07-10T20:00:00Z,48349.8
2026-07-10T21:00:00Z,47452.7
2026-07-10T22:00:00Z,44668.2
2026-07-10T23:00:00Z,42649.4
2026-07-11T00:00:00Z,40087.3
2026-07-11T01:00:00Z,41407.9
2026-07-11T02:00:00Z,43439.3
2026-07-11T03:00:00Z,43084.5
2026-07-11T04:00:00Z,45073.9
2026-07-11T05:00:00Z,47727.5
2026-07-11T06:00:00Z,50737.0
2026-07-11T07:00:00Z,55149.2
2026-07-11T08:00:00Z,55258.4
2026-07-11T09:00:00Z,57518.2
2026-07-11T10:00:00Z,60002.0
2026-07-11T11:00:00Z,60018.1
2026-07-11T12:00:00Z,60507.4
2026-07-11T13:00:00Z,60523.6
2026-07-11T14:00:00Z,58919.9
2026-07-11T15:00:00Z,57767.5
2026-07-11T16:00:00Z,54708.6
2026-07-11T17:00:00Z,53417.0
2026-07-11T18:00:00Z,50444.6
2026-07-11T19:00:00Z,48677.4
2026-07-11T20:00:00Z,46488.3
2026-07-11T21:00:00Z,44229.1
2026-07-11T22:00:00Z,42160.2
2026-07-11T23:00:00Z,40209.8
2026-07-12T00:00:00Z,40526.7
2026-07-12T01:00:00Z,42207.8
2026-07-12T02:00:00Z,42197.5
2026-07-12T03:00:00Z,43872.4
2026-07-12T04:00:00Z,48215.3
2026-07-12T05:00:00Z,48870.4
2026-07-12T06:00:00Z,51183.9
2026-07-12T07:00:00Z,53181.3
2026-07-12T08:00:00Z,57190.2
2026-07-12T09:00:00Z,57841.4
2026-07-12T10:00:00Z,59869.5
2026-07-12T11:00:00Z,59870.6
2026-07-12T12:00:00Z,61269.0
2026-07-12T13:00:00Z,61793.4
2026-07-12T14:00:00Z,60010.1
2026-07-12T15:00:00Z,59927.1
2026-07-12T16:00:00Z,57291.4
2026-07-12T17:00:00Z,52780.2
2026-07-12T18:00:00Z,53256.0
2026-07-12T19:00:00Z,48920.6
2026-07-12T20:00:00Z,46476.3
2026-07-12T21:00:00Z,43461.5
2026-07-12T22:00:00Z,42650.7
2026-07-12T23:00:00Z,42768.8
2026-07-13T00:00:00Z,44283.6
2026-07-13T01:00:00Z,43630.9
2026-07-13T02:00:00Z,44753.0
2026-07-13T03:00:00Z,48678.9
2026-07-13T04:00:00Z,48825.9
2026-07-13T05:00:00Z,49685.1
2026-07-13T06:00:00Z,52773.4
2026-07-13T07:00:00Z,55902.8
2026-07-13T08:00:00Z,60268.1
2026-07-13T09:00:00Z,60857.9
2026-07-13T10:00:00Z,63088.1
2026-07-13T11:00:00Z,62507.9
2026-07-13T12:00:00Z,63906.3
2026-07-13T13:00:00Z,64415.8
2026-07-13T14:00:00Z,62458.7
2026-07-13T15:00:00Z,62115.1
2026-07-13T16:00:00Z,58775.6
2026-07-13T17:00:00Z,56359.7
2026-07-13T18:00:00Z,53941.9
2026-07-13T19:00:00Z,53073.0
2026-07-13T20:00:00Z,48123.2
2026-07-13T21:00:00Z,47017.7
2026-07-13T22:00:00Z,46142.4
2026-07-13T23:00:00Z,44452.5
2026-07-14T00:00:00Z,44926.6
2026-07-14T01:00:00Z,45128.6
2026-07-14T02:00:00Z,46506.9
2026-07-14T03:00:00Z,49136.0
2026-07-14T04:00:00Z,48860.8
2026-07-14T05:00:00Z,51535.7
2026-07-14T06:00:00Z,53167.0
2026-07-14T07:00:00Z,57776.4
2026-07-14T08:00:00Z,57886.5
2026-07-14T09:00:00Z,58813.9
2026-07-14T10:00:00Z,61690.7
2026-07-14T11:00:00Z,64682.2
2026-07-14T12:00:00Z,63790.8
2026-07-14T13:00:00Z,65586.5
2026-07-14T14:00:00Z,62336.0
2026-07-14T15:00:00Z,60599.0
2026-07-14T16:00:00Z,60663.0
2026-07-14T17:00:00Z,57970.6
2026-07-14T18:00:00Z,53389.6
2026-07-14T19:00:00Z,51571.5
2026-07-14T20:00:00Z,48351.7
2026-07-14T21:00:00Z,47268.8
2026-07-14T22:00:00Z,46014.1
2026-07-14T23:00:00Z,44407.4
2026-07-15T00:00:00Z,44124.8
2026-07-15T01:00:00Z,43443.0
2026-07-15T02:00:00Z,45945.3
2026-07-15T03:00:00Z,47335.8
2026-07-15T04:00:00Z,49050.8
2026-07-15T05:00:00Z,51319.1
2026-07-15T06:00:00Z,55942.5
2026-07-15T07:00:00Z,56415.9
2026-07-15T08:00:00Z,58265.6
2026-07-15T09:00:00Z,61722.2
2026-07-15T10:00:00Z,63702.4
2026-07-15T11:00:00Z,63413.5
2026-07-15T12:00:00Z,66194.6
2026-07-15T13:00:00Z,64828.6
2026-07-15T14:00:00Z,63641.3
2026-07-15T15:00:00Z,61674.3
2026-07-15T16:00:00Z,60353.2
2026-07-15T17:00:00Z,56713.7
2026-07-15T18:00:00Z,55735.4
2026-07-15T19:00:00Z,51011.7
2026-07-15T20:00:00Z,50934.4
2026-07-15T21:00:00Z,48223.4
2026-07-15T22:00:00Z,45922.9
2026-07-15T23:00:00Z,46300.9
2026-07-16T00:00:00Z,44209.7
2026-07-16T01:00:00Z,45656.3
2026-07-16T02:00:00Z,45654.9
2026-07-16T03:00:00Z,47736.7
2026-07-16T04:00:00Z,51616.5
2026-07-16T05:00:00Z,53118.7
2026-07-16T06:00:00Z,54911.5
2026-07-16T07:00:00Z,57371.3
2026-07-16T08:00:00Z,60268.5
2026-07-16T09:00:00Z,62463.7
2026-07-16T10:00:00Z,62587.5
2026-07-16T11:00:00Z,65913.2
2026-07-16T12:00:00Z,64448.6
2026-07-16T13:00:00Z,64864.4
2026-07-16T14:00:00Z,63865.8
2026-07-16T15:00:00Z,61083.4
2026-07-16T16:00:00Z,60194.8
2026-07-16T17:00:00Z,57764.1
2026-07-16T18:00:00Z,54798.4
2026-07-16T19:00:00Z,53220.4
2026-07-16T20:00:00Z,50441.0
2026-07-16T21:00:00Z,48321.5
2026-07-16T22:00:00Z,46399.3
2026-07-16T23:00:00Z,42841.2
2026-07-17T00:00:00Z,45547.5
2026-07-17T01:00:00Z,47060.5
2026-07-17T02:00:00Z,45623.4
2026-07-17T03:00:00Z,48033.9
2026-07-17T04:00:00Z,49348.4
2026-07-17T05:00:00Z,52221.7
2026-07-17T06:00:00Z,54699.9
2026-07-17T07:00:00Z,58648.7
2026-07-17T08:00:00Z,60162.6
2026-07-17T09:00:00Z,61040.5
2026-07-17T10:00:00Z,63124.4
2026-07-17T11:00:00Z,67493.0
2026-07-17T12:00:00Z,65436.5
2026-07-17T13:00:00Z,63945.6
2026-07-17T14:00:00Z,62668.8
2026-07-17T15:00:00Z,62674.8
2026-07-17T16:00:00Z,60219.8
2026-07-17T17:00:00Z,58306.5
2026-07-17T18:00:00Z,54057.3
2026-07-17T19:00:00Z,51841.6
2026-07-17T20:00:00Z,51166.5
2026-07-17T21:00:00Z,47716.4
2026-07-17T22:00:00Z,46020.2
2026-07-17T23:00:00Z,45657.4
2026-07-18T00:00:00Z,44353.1
2026-07-18T01:00:00Z,41908.5
2026-07-18T02:00:00Z,44582.1
2026-07-18T03:00:00Z,45601.0
2026-07-18T04:00:00Z,48633.7
2026-07-18T05:00:00Z,49367.9
2026-07-18T06:00:00Z,51982.1
2026-07-18T07:00:00Z,56184.3
2026-07-18T08:00:00Z,56931.0
2026-07-18T09:00:00Z,61456.6
2026-07-18T10:00:00Z,60922.2
2026-07-18T11:00:00Z,63055.5
2026-07-18T12:00:00Z,63448.0
2026-07-18T13:00:00Z,62220.5
2026-07-18T14:00:00Z,62156.1
2026-07-18T15:00:00Z,58372.4
2026-07-18T16:00:00Z,56901.3
2026-07-18T17:00:00Z,53789.2
2026-07-18T18:00:00Z,52648.0
2026-07-18T19:00:00Z,49236.4
2026-07-18T20:00:00Z,46887.2
2026-07-18T21:00:00Z,44624.3
2026-07-18T22:00:00Z,44140.8
2026-07-18T23:00:00Z,41972.6
2026-07-19T00:00:00Z,43464.3
2026-07-19T01:00:00Z,43135.8
2026-07-19T02:00:00Z,43280.7
2026-07-19T03:00:00Z,45415.7
2026-07-19T04:00:00Z,48075.9
2026-07-19T05:00:00Z,49907.0
2026-07-19T06:00:00Z,53067.8
2026-07-19T07:00:00Z,55815.1
2026-07-19T08:00:00Z,60190.1
2026-07-19T09:00:00Z,60820.5
2026-07-19T10:00:00Z,62024.7
2026-07-19T11:00:00Z,62265.8
2026-07-19T12:00:00Z,63085.5
2026-07-19T13:00:00Z,61522.3
2026-07-19T14:00:00Z,60994.7
2026-07-19T15:00:00Z,59408.6
2026-07-19T16:00:00Z,57540.4
2026-07-19T17:00:00Z,54626.9
2026-07-19T18:00:00Z,52160.4
2026-07-19T19:00:00Z,49033.7
2026-07-19T20:00:00Z,49488.9
2026-07-19T21:00:00Z,44883.1
2026-07-19T22:00:00Z,44963.6
2026-07-19T23:00:00Z,42403.9
2026-07-20T00:00:00Z,44821.8
2026-07-20T01:00:00Z,45522.3
2026-07-20T02:00:00Z,45987.0
2026-07-20T03:00:00Z,48663.4
2026-07-20T04:00:00Z,50491.6
2026-07-20T05:00:00Z,52010.3
2026-07-20T06:00:00Z,56189.9
2026-07-20T07:00:00Z,58497.5
2026-07-20T08:00:00Z,61761.7
2026-07-20T09:00:00Z,61744.5
2026-07-20T10:00:00Z,64231.4
2026-07-20T11:00:00Z,66507.3
2026-07-20T12:00:00Z,65611.2
2026-07-20T13:00:00Z,65296.2
2026-07-20T14:00:00Z,63214.9
2026-07-20T15:00:00Z,62623.5
2026-07-20T16:00:00Z,61445.6
2026-07-20T17:00:00Z,58290.7
2026-07-20T18:00:00Z,56446.2
2026-07-20T19:00:00Z,52722.7
2026-07-20T20:00:00Z,50611.5
2026-07-20T21:00:00Z,47735.1
2026-07-20T22:00:00Z,46459.2
2026-07-20T23:00:00Z,45624.7
2026-07-21T00:00:00Z,45265.3
2026-07-21T01:00:00Z,47398.7
2026-07-21T02:00:00Z,46589.1
2026-07-21T03:00:00Z,49726.7
2026-07-21T04:00:00Z,49994.6
2026-07-21T05:00:00Z,52447.8
2026-07-21T06:00:00Z,55658.1
2026-07-21T07:00:00Z,58416.1
2026-07-21T08:00:00Z,61589.4
2026-07-21T09:00:00Z,63874.2
2026-07-21T10:00:00Z,62260.3
2026-07-21T11:00:00Z,66186.9
2026-07-21T12:00:00Z,66274.6
2026-07-21T13:00:00Z,65665.7
2026-07-21T14:00:00Z,63932.0
2026-07-21T15:00:00Z,62639.0
2026-07-21T16:00:00Z,61021.4
2026-07-21T17:00:00Z,58148.0
2026-07-21T18:00:00Z,55271.7
2026-07-21T19:00:00Z,53663.4
2026-07-21T20:00:00Z,50508.1
2026-07-21T21:00:00Z,49832.8
2026-07-21T22:00:00Z,46920.2
2026-07-21T23:00:00Z,45097.7
2026-07-22T00:00:00Z,44796.8
2026-07-22T01:00:00Z,44603.5
2026-07-22T02:00:00Z,46014.2
2026-07-22T03:00:00Z,49752.2
2026-07-22T04:00:00Z,49951.3
2026-07-22T05:00:00Z,53731.9
2026-07-22T06:00:00Z,54888.8
2026-07-22T07:00:00Z,58598.9
2026-07-22T08:00:00Z,60112.5
2026-07-22T09:00:00Z,62320.5
2026-07-22T10:00:00Z,65832.0
2026-07-22T11:00:00Z,65575.7
2026-07-22T12:00:00Z,66356.4
2026-07-22T13:00:00Z,66314.4
2026-07-22T14:00:00Z,64674.8
2026-07-22T15:00:00Z,65006.9
2026-07-22T16:00:00Z,60654.0
2026-07-22T17:00:00Z,59375.8
2026-07-22T18:00:00Z,54465.0
2026-07-22T19:00:00Z,52850.5
2026-07-22T20:00:00Z,50777.1
2026-07-22T21:00:00Z,48897.6
2026-07-22T22:00:00Z,46710.2
2026-07-22T23:00:00Z,45806.7
2026-07-23T00:00:00Z,45686.7
2026-07-23T01:00:00Z,46550.5
2026-07-23T02:00:00Z,48523.7
2026-07-23T03:00:00Z,49386.6
2026-07-23T04:00:00Z,51200.0
2026-07-23T05:00:00Z,53550.9
2026-07-23T06:00:00Z,55660.0
2026-07-23T07:00:00Z,57945.4
2026-07-23T08:00:00Z,61809.8
2026-07-23T09:00:00Z,61853.5
2026-07-23T10:00:00Z,65045.4
2026-07-23T11:00:00Z,66246.1
2026-07-23T12:00:00Z,64761.6
2026-07-23T13:00:00Z,65919.4
2026-07-23T14:00:00Z,64182.3
2026-07-23T15:00:00Z,63043.2
2026-07-23T16:00:00Z,62098.9
2026-07-23T17:00:00Z,58236.6
2026-07-23T18:00:00Z,54858.8
2026-07-23T19:00:00Z,53501.4
2026-07-23T20:00:00Z,49887.0
2026-07-23T21:00:00Z,48652.4
2026-07-23T22:00:00Z,48388.9
2026-07-23T23:00:00Z,45458.2
2026-07-24T00:00:00Z,47474.7
2026-07-24T01:00:00Z,47162.9
2026-07-24T02:00:00Z,47744.2
2026-07-24T03:00:00Z,47877.2
2026-07-24T04:00:00Z,52321.6
2026-07-24T05:00:00Z,54419.0
2026-07-24T06:00:00Z,55646.1
2026-07-24T07:00:00Z,59238.1
2026-07-24T08:00:00Z,60829.7
2026-07-24T09:00:00Z,64331.0
2026-07-24T10:00:00Z,64761.8
2026-07-24T11:00:00Z,67257.6
2026-07-24T12:00:00Z,66065.9
2026-07-24T13:00:00Z,65804.5
2026-07-24T14:00:00Z,63811.1
2026-07-24T15:00:00Z,62858.4
2026-07-24T16:00:00Z,61175.4
2026-07-24T17:00:00Z,58481.9
2026-07-24T18:00:00Z,56532.7
2026-07-24T19:00:00Z,56033.4
2026-07-24T20:00:00Z,50763.4
2026-07-24T21:00:00Z,48561.8
2026-07-24T22:00:00Z,48317.3
2026-07-24T23:00:00Z,46239.7
2026-07-25T00:00:00Z,43479.5
2026-07-25T01:00:00Z,44800.0
2026-07-25T02:00:00Z,45019.1
2026-07-25T03:00:00Z,45522.0
2026-07-25T04:00:00Z,48458.0
2026-07-25T05:00:00Z,51484.4
2026-07-25T06:00:00Z,52895.7
2026-07-25T07:00:00Z,55611.2
2026-07-25T08:00:00Z,57819.4
2026-07-25T09:00:00Z,59345.0
2026-07-25T10:00:00Z,62134.5
2026-07-25T11:00:00Z,62160.4
2026-07-25T12:00:00Z,65057.6
2026-07-25T13:00:00Z,65012.8
2026-07-25T14:00:00Z,61833.2
2026-07-25T15:00:00Z,62176.0
2026-07-25T16:00:00Z,57328.5
2026-07-25T17:00:00Z,56893.6
2026-07-25T18:00:00Z,54070.8
2026-07-25T19:00:00Z,52336.3
2026-07-25T20:00:00Z,49505.1
2026-07-25T21:00:00Z,46340.4
2026-07-25T22:00:00Z,41596.6
2026-07-25T23:00:00Z,43922.7
2026-07-26T00:00:00Z,44179.9
2026-07-26T01:00:00Z,44398.6
2026-07-26T02:00:00Z,46112.8
2026-07-26T03:00:00Z,47340.8
2026-07-26T04:00:00Z,47678.3
2026-07-26T05:00:00Z,51519.7
2026-07-26T06:00:00Z,54010.9
2026-07-26T07:00:00Z,57557.6
2026-07-26T08:00:00Z,58888.5
2026-07-26T09:00:00Z,60869.8
2026-07-26T10:00:00Z,62781.7
2026-07-26T11:00:00Z,64161.0
2026-07-26T12:00:00Z,64422.2
2026-07-26T13:00:00Z,62117.2
2026-07-26T14:00:00Z,63711.2
2026-07-26T15:00:00Z,60102.1
2026-07-26T16:00:00Z,57820.7
2026-07-26T17:00:00Z,57048.8
2026-07-26T18:00:00Z,54155.8
2026-07-26T19:00:00Z,51759.0
2026-07-26T20:00:00Z,48209.2
2026-07-26T21:00:00Z,47262.2
2026-07-26T22:00:00Z,45672.4
2026-07-26T23:00:00Z,43737.2
2026-07-27T00:00:00Z,45864.0
2026-07-27T01:00:00Z,48106.8
2026-07-27T02:00:00Z,48592.8
2026-07-27T03:00:00Z,49365.6
2026-07-27T04:00:00Z,52624.7
2026-07-27T05:00:00Z,54564.4
2026-07-27T06:00:00Z,55589.7
2026-07-27T07:00:00Z,57539.5
2026-07-27T08:00:00Z,62904.6
2026-07-27T09:00:00Z,63531.6
2026-07-27T10:00:00Z,65531.6
2026-07-27T11:00:00Z,67638.2
2026-07-27T12:00:00Z,65959.9
2026-07-27T13:00:00Z,67046.2
2026-07-27T14:00:00Z,65452.2
2026-07-27T15:00:00Z,64722.5
2026-07-27T16:00:00Z,62172.8
2026-07-27T17:00:00Z,59330.4
2026-07-27T18:00:00Z,56262.1
2026-07-27T19:00:00Z,53873.4
2026-07-27T20:00:00Z,52133.0
2026-07-27T21:00:00Z,50014.5
2026-07-27T22:00:00Z,49211.3
2026-07-27T23:00:00Z,46489.1
2026-07-28T00:00:00Z,47704.8
2026-07-28T01:00:00Z,47047.0
2026-07-28T02:00:00Z,47811.4
2026-07-28T03:00:00Z,51274.8
2026-07-28T04:00:00Z,52202.9
2026-07-28T05:00:00Z,56504.6
2026-07-28T06:00:00Z,58061.6
2026-07-28T07:00:00Z,58876.5
2026-07-28T08:00:00Z,62645.1
2026-07-28T09:00:00Z,63611.7
2026-07-28T10:00:00Z,65925.0
2026-07-28T11:00:00Z,66475.6
2026-07-28T12:00:00Z,68135.3
