timestamp,demand_mwh
2025-06-23T13:00:00Z,23764.6
2025-06-23T14:00:00Z,21902.3
2025-06-23T15:00:00Z,22245.1
2025-06-23T16:00:00Z,21129.6
2025-06-23T17:00:00Z,20236.5
2025-06-23T18:00:00Z,19314.6
2025-06-23T19:00:00Z,17736.7
2025-06-23T20:00:00Z,17381.3
2025-06-23T21:00:00Z,16379.1
2025-06-23T22:00:00Z,17112.2
2025-06-23T23:00:00Z,15731.6
2025-06-24T00:00:00Z,15487.8
2025-06-24T01:00:00Z,15642.1
2025-06-24T02:00:00Z,15903.1
2025-06-24T03:00:00Z,16391.5
2025-06-24T04:00:00Z,17403.6
2025-06-24T05:00:00Z,18614.2
2025-06-24T06:00:00Z,19380.7
2025-06-24T07:00:00Z,20763.2
2025-06-24T08:00:00Z,21321.3
2025-06-24T09:00:00Z,22192.0
2025-06-24T10:00:00Z,23293.7
2025-06-24T11:00:00Z,23357.4
2025-06-24T12:00:00Z,23151.3
2025-06-24T13:00:00Z,23123.5
2025-06-24T14:00:00Z,22970.7
2025-06-24T15:00:00Z,22806.0
2025-06-24T16:00:00Z,21298.9
2025-06-24T17:00:00Z,20377.2
2025-06-24T18:00:00Z,19779.5
2025-06-24T19:00:00Z,18174.4
2025-06-24T20:00:00Z,17435.5
2025-06-24T21:00:00Z,17014.2
2025-06-24T22:00:00Z,16304.2
2025-06-24T23:00:00Z,15761.9
2025-06-25T00:00:00Z,15890.5
2025-06-25T01:00:00Z,14897.7
2025-06-25T02:00:00Z,16520.0
2025-06-25T03:00:00Z,16496.2
2025-06-25T04:00:00Z,17067.0
2025-06-25T05:00:00Z,18622.2
2025-06-25T06:00:00Z,19756.5
2025-06-25T07:00:00Z,20386.5
2025-06-25T08:00:00Z,21113.6
2025-06-25T09:00:00Z,22266.6
2025-06-25T10:00:00Z,22854.1
2025-06-25T11:00:00Z,23708.0
2025-06-25T12:00:00Z,23627.8
2025-06-25T13:00:00Z,23318.5
2025-06-25T14:00:00Z,23228.2
2025-06-25T15:00:00Z,22192.1
2025-06-25T16:00:00Z,21162.0
2025-06-25T17:00:00Z,20717.2
2025-06-25T18:00:00Z,19718.6
2025-06-25T19:00:00Z,18464.3
2025-06-25T20:00:00Z,17351.7
2025-06-25T21:00:00Z,16878.2
2025-06-25T22:00:00Z,15390.3
2025-06-25T23:00:00Z,16028.3
2025-06-26T00:00:00Z,15907.6
2025-06-26T01:00:00Z,15354.5
2025-06-26T02:00:00Z,16286.1
2025-06-26T03:00:00Z,16569.4
2025-06-26T04:00:00Z,17921.2
2025-06-26T05:00:00Z,17954.2
2025-06-26T06:00:00Z,19312.1
2025-06-26T07:00:00Z,20832.1
2025-06-26T08:00:00Z,21905.7
2025-06-26T09:00:00Z,21639.3
2025-06-26T10:00:00Z,22785.5
2025-06-26T11:00:00Z,23436.3
2025-06-26T12:00:00Z,23266.5
2025-06-26T13:00:00Z,23842.0
2025-06-26T14:00:00Z,22562.8
2025-06-26T15:00:00Z,22446.7
2025-06-26T16:00:00Z,21197.2
2025-06-26T17:00:00Z,21055.9
2025-06-26T18:00:00Z,19599.0
2025-06-26T19:00:00Z,18488.3
2025-06-26T20:00:00Z,17125.7
2025-06-26T21:00:00Z,17419.6
2025-06-26T22:00:00Z,16508.3
2025-06-26T23:00:00Z,16123.3
2025-06-27T00:00:00Z,16190.5
2025-06-27T01:00:00Z,16068.5
2025-06-27T02:00:00Z,16136.0
2025-06-27T03:00:00Z,16697.1
2025-06-27T04:00:00Z,17495.8
2025-06-27T05:00:00Z,19123.3
2025-06-27T06:00:00Z,19211.8
2025-06-27T07:00:00Z,20487.5
2025-06-27T08:00:00Z,21506.0
2025-06-27T09:00:00Z,22480.1
2025-06-27T10:00:00Z,23205.6
2025-06-27T11:00:00Z,23004.6
2025-06-27T12:00:00Z,22981.4
2025-06-27T13:00:00Z,23404.5
2025-06-27T14:00:00Z,23410.7
2025-06-27T15:00:00Z,22651.2
2025-06-27T16:00:00Z,21678.5
2025-06-27T17:00:00Z,20577.3
2025-06-27T18:00:00Z,19775.3
2025-06-27T19:00:00Z,18604.8
2025-06-27T20:00:00Z,18015.6
2025-06-27T21:00:00Z,16699.0
2025-06-27T22:00:00Z,16384.6
2025-06-27T23:00:00Z,15920.6
2025-06-28T00:00:00Z,15003.9
2025-06-28T01:00:00Z,15032.9
2025-06-28T02:00:00Z,16165.4
2025-06-28T03:00:00Z,16440.4
2025-06-28T04:00:00Z,17238.4
2025-06-28T05:00:00Z,17032.1
2025-06-28T06:00:00Z,18576.2
2025-06-28T07:00:00Z,19488.0
2025-06-28T08:00:00Z,20784.9
2025-06-28T09:00:00Z,20680.0
2025-06-28T10:00:00Z,22402.6
2025-06-28T11:00:00Z,22753.3
2025-06-28T12:00:00Z,22123.4
2025-06-28T13:00:00Z,22096.0
2025-06-28T14:00:00Z,21767.7
2025-06-28T15:00:00Z,21426.3
2025-06-28T16:00:00Z,20819.7
2025-06-28T17:00:00Z,20341.7
2025-06-28T18:00:00Z,18622.1
2025-06-28T19:00:00Z,17934.1
2025-06-28T20:00:00Z,16807.4
2025-06-28T21:00:00Z,16524.3
2025-06-28T22:00:00Z,15584.4
2025-06-28T23:00:00Z,15400.5
2025-06-29T00:00:00Z,14559.1
2025-06-29T01:00:00Z,14975.0
2025-06-29T02:00:00Z,15160.6
2025-06-29T03:00:00Z,16518.5
2025-06-29T04:00:00Z,17044.9
2025-06-29T05:00:00Z,17665.6
2025-06-29T06:00:00Z,18616.3
2025-06-29T07:00:00Z,19915.5
2025-06-29T08:00:00Z,20464.4
2025-06-29T09:00:00Z,21189.4
2025-06-29T10:00:00Z,22256.0
2025-06-29T11:00:00Z,23278.1
2025-06-29T12:00:00Z,22538.9
2025-06-29T13:00:00Z,22307.9
2025-06-29T14:00:00Z,21725.0
2025-06-29T15:00:00Z,21059.5
2025-06-29T16:00:00Z,20858.5
2025-06-29T17:00:00Z,20033.2
2025-06-29T18:00:00Z,18764.6
2025-06-29T19:00:00Z,17870.5
2025-06-29T20:00:00Z,16870.8
2025-06-29T21:00:00Z,16079.5
2025-06-29T22:00:00Z,14931.6
2025-06-29T23:00:00Z,14889.6
2025-06-30T00:00:00Z,16089.0
2025-06-30T01:00:00Z,15932.9
2025-06-30T02:00:00Z,16416.8
2025-06-30T03:00:00Z,16919.5
2025-06-30T04:00:00Z,17874.2
2025-06-30T05:00:00Z,19185.6
2025-06-30T06:00:00Z,19778.8
2025-06-30T07:00:00Z,20858.1
2025-06-30T08:00:00Z,22099.1
2025-06-30T09:00:00Z,22843.5
2025-06-30T10:00:00Z,23793.9
2025-06-30T11:00:00Z,22962.6
2025-06-30T12:00:00Z,24041.1
2025-06-30T13:00:00Z,23479.4
2025-06-30T14:00:00Z,23292.4
2025-06-30T15:00:00Z,22905.5
2025-06-30T16:00:00Z,22185.7
2025-06-30T17:00:00Z,21241.6
2025-06-30T18:00:00Z,19959.3
2025-06-30T19:00:00Z,19428.7
2025-06-30T20:00:00Z,17890.4
2025-06-30T21:00:00Z,17137.4
2025-06-30T22:00:00Z,16826.7
2025-06-30T23:00:00Z,16007.4
2025-07-01T00:00:00Z,16824.7
2025-07-01T01:00:00Z,16589.2
2025-07-01T02:00:00Z,17346.0
2025-07-01T03:00:00Z,17251.2
2025-07-01T04:00:00Z,17935.3
2025-07-01T05:00:00Z,19042.1
2025-07-01T06:00:00Z,20222.6
2025-07-01T07:00:00Z,20795.8
2025-07-01T08:00:00Z,22036.7
2025-07-01T09:00:00Z,22707.9
2025-07-01T10:00:00Z,23845.4
2025-07-01T11:00:00Z,23498.4
2025-07-01T12:00:00Z,24179.0
2025-07-01T13:00:00Z,23504.5
2025-07-01T14:00:00Z,23017.4
2025-07-01T15:00:00Z,22485.1
2025-07-01T16:00:00Z,21532.2
2025-07-01T17:00:00Z,21031.6
2025-07-01T18:00:00Z,20317.9
2025-07-01T19:00:00Z,19041.3
2025-07-01T20:00:00Z,18259.0
2025-07-01T21:00:00Z,17784.2
2025-07-01T22:00:00Z,16733.7
2025-07-01T23:00:00Z,16324.4
2025-07-02T00:00:00Z,16119.4
2025-07-02T01:00:00Z,15822.3
2025-07-02T02:00:00Z,16968.5
2025-07-02T03:00:00Z,16772.8
2025-07-02T04:00:00Z,18345.6
2025-07-02T05:00:00Z,19061.3
2025-07-02T06:00:00Z,20426.1
2025-07-02T07:00:00Z,21040.3
2025-07-02T08:00:00Z,21727.6
2025-07-02T09:00:00Z,22905.8
2025-07-02T10:00:00Z,23223.6
2025-07-02T11:00:00Z,23730.7
2025-07-02T12:00:00Z,23933.7
2025-07-02T13:00:00Z,23745.6
2025-07-02T14:00:00Z,23343.0
2025-07-02T15:00:00Z,22523.3
2025-07-02T16:00:00Z,21931.4
2025-07-02T17:00:00Z,20374.9
2025-07-02T18:00:00Z,20013.4
2025-07-02T19:00:00Z,18680.9
2025-07-02T20:00:00Z,18495.9
2025-07-02T21:00:00Z,17745.3
2025-07-02T22:00:00Z,16097.4
2025-07-02T23:00:00Z,16385.7
2025-07-03T00:00:00Z,16245.0
2025-07-03T01:00:00Z,16080.7
2025-07-03T02:00:00Z,16973.1
2025-07-03T03:00:00Z,17266.7
2025-07-03T04:00:00Z,17645.7
2025-07-03T05:00:00Z,19058.1
2025-07-03T06:00:00Z,20094.2
2025-07-03T07:00:00Z,21174.2
2025-07-03T08:00:00Z,21674.4
2025-07-03T09:00:00Z,23066.5
2025-07-03T10:00:00Z,23717.9
2025-07-03T11:00:00Z,23498.5
2025-07-03T12:00:00Z,23786.4
2025-07-03T13:00:00Z,23840.9
2025-07-03T14:00:00Z,23299.7
2025-07-03T15:00:00Z,23429.0
2025-07-03T16:00:00Z,22137.0
2025-07-03T17:00:00Z,20815.2
2025-07-03T18:00:00Z,19888.6
2025-07-03T19:00:00Z,19125.3
2025-07-03T20:00:00Z,18951.5
2025-07-03T21:00:00Z,17357.8
2025-07-03T22:00:00Z,16843.2
2025-07-03T23:00:00Z,16582.2
2025-07-04T00:00:00Z,16351.0
2025-07-04T01:00:00Z,17228.2
2025-07-04T02:00:00Z,16709.7
2025-07-04T03:00:00Z,17732.5
2025-07-04T04:00:00Z,18343.6
2025-07-04T05:00:00Z,19421.7
2025-07-04T06:00:00Z,19842.0
2025-07-04T07:00:00Z,21786.4
2025-07-04T08:00:00Z,22109.2
2025-07-04T09:00:00Z,22957.9
2025-07-04T10:00:00Z,23259.3
2025-07-04T11:00:00Z,23710.5
2025-07-04T12:00:00Z,24257.7
2025-07-04T13:00:00Z,24262.0
2025-07-04T14:00:00Z,23801.8
2025-07-04T15:00:00Z,23335.5
2025-07-04T16:00:00Z,22377.9
2025-07-04T17:00:00Z,21227.4
2025-07-04T18:00:00Z,20489.0
2025-07-04T19:00:00Z,19412.8
2025-07-04T20:00:00Z,18259.7
2025-07-04T21:00:00Z,17726.7
2025-07-04T22:00:00Z,17293.7
2025-07-04T23:00:00Z,16570.7
2025-07-05T00:00:00Z,15256.9
2025-07-05T01:00:00Z,15733.7
2025-07-05T02:00:00Z,16498.8
2025-07-05T03:00:00Z,16433.1
2025-07-05T04:00:00Z,17269.8
2025-07-05T05:00:00Z,18185.7
2025-07-05T06:00:00Z,19620.6
2025-07-05T07:00:00Z,19635.3
2025-07-05T08:00:00Z,21273.3
2025-07-05T09:00:00Z,22337.5
2025-07-05T10:00:00Z,22305.8
2025-07-05T11:00:00Z,23430.9
2025-07-05T12:00:00Z,23255.9
2025-07-05T13:00:00Z,22776.0
2025-07-05T14:00:00Z,22632.8
2025-07-05T15:00:00Z,21461.3
2025-07-05T16:00:00Z,20974.0
2025-07-05T17:00:00Z,20812.7
2025-07-05T18:00:00Z,18940.4
2025-07-05T19:00:00Z,18822.3
2025-07-05T20:00:00Z,17273.2
2025-07-05T21:00:00Z,16820.4
2025-07-05T22:00:00Z,15902.1
2025-07-05T23:00:00Z,14782.4
2025-07-06T00:00:00Z,15266.3
2025-07-06T01:00:00Z,15642.7
2025-07-06T02:00:00Z,15597.1
2025-07-06T03:00:00Z,16146.8
2025-07-06T04:00:00Z,17496.1
2025-07-06T05:00:00Z,18099.8
2025-07-06T06:00:00Z,18761.6
2025-07-06T07:00:00Z,20084.8
2025-07-06T08:00:00Z,21511.3
2025-07-06T09:00:00Z,21881.1
2025-07-06T10:00:00Z,22946.6
2025-07-06T11:00:00Z,23522.2
2025-07-06T12:00:00Z,23173.3
2025-07-06T13:00:00Z,22668.4
2025-07-06T14:00:00Z,22227.9
2025-07-06T15:00:00Z,22024.9
2025-07-06T16:00:00Z,21517.8
2025-07-06T17:00:00Z,20391.1
2025-07-06T18:00:00Z,19482.4
2025-07-06T19:00:00Z,18166.0
2025-07-06T20:00:00Z,17475.0
2025-07-06T21:00:00Z,16428.3
2025-07-06T22:00:00Z,15862.3
2025-07-06T23:00:00Z,15166.4
2025-07-07T00:00:00Z,16095.5
2025-07-07T01:00:00Z,16577.2
2025-07-07T02:00:00Z,16761.4
2025-07-07T03:00:00Z,17422.1
2025-07-07T04:00:00Z,18744.5
2025-07-07T05:00:00Z,19424.5
2025-07-07T06:00:00Z,21393.5
2025-07-07T07:00:00Z,21752.7
2025-07-07T08:00:00Z,22181.6
2025-07-07T09:00:00Z,23433.8
2025-07-07T10:00:00Z,23911.3
2025-07-07T11:00:00Z,23961.5
2025-07-07T12:00:00Z,24667.6
2025-07-07T13:00:00Z,23932.7
2025-07-07T14:00:00Z,22813.8
2025-07-07T15:00:00Z,23439.0
2025-07-07T16:00:00Z,22186.8
2025-07-07T17:00:00Z,21932.6
2025-07-07T18:00:00Z,20248.2
2025-07-07T19:00:00Z,19079.3
2025-07-07T20:00:00Z,19026.5
2025-07-07T21:00:00Z,17384.6
2025-07-07T22:00:00Z,17182.7
2025-07-07T23:00:00Z,17198.0
2025-07-08T00:00:00Z,16717.1
2025-07-08T01:00:00Z,16785.8
2025-07-08T02:00:00Z,17229.8
2025-07-08T03:00:00Z,18079.4
2025-07-08T04:00:00Z,18349.1
2025-07-08T05:00:00Z,19734.7
2025-07-08T06:00:00Z,20722.0
2025-07-08T07:00:00Z,22284.2
2025-07-08T08:00:00Z,22356.5
2025-07-08T09:00:00Z,22969.3
2025-07-08T10:00:00Z,24112.6
2025-07-08T11:00:00Z,24133.8
2025-07-08T12:00:00Z,24485.7
2025-07-08T13:00:00Z,24304.0
2025-07-08T14:00:00Z,24251.6
2025-07-08T15:00:00Z,23052.2
2025-07-08T16:00:00Z,22435.0
2025-07-08T17:00:00Z,20714.5
2025-07-08T18:00:00Z,20250.5
2025-07-08T19:00:00Z,20032.2
2025-07-08T20:00:00Z,18389.4
2025-07-08T21:00:00Z,17584.3
2025-07-08T22:00:00Z,16805.5
2025-07-08T23:00:00Z,16998.0
2025-07-09T00:00:00Z,16817.3
2025-07-09T01:00:00Z,16510.1
2025-07-09T02:00:00Z,17491.2
2025-07-09T03:00:00Z,17973.1
2025-07-09T04:00:00Z,18930.5
2025-07-09T05:00:00Z,19412.1
2025-07-09T06:00:00Z,21174.9
2025-07-09T07:00:00Z,21746.1
2025-07-09T08:00:00Z,22506.9
2025-07-09T09:00:00Z,23176.4
2025-07-09T10:00:00Z,23877.3
2025-07-09T11:00:00Z,24617.2
2025-07-09T12:00:00Z,24386.2
2025-07-09T13:00:00Z,24687.7
2025-07-09T14:00:00Z,24142.6
2025-07-09T15:00:00Z,23775.8
2025-07-09T16:00:00Z,22806.1
2025-07-09T17:00:00Z,21594.2
2025-07-09T18:00:00Z,20002.8
2025-07-09T19:00:00Z,19714.2
2025-07-09T20:00:00Z,18941.8
2025-07-09T21:00:00Z,17941.9
2025-07-09T22:00:00Z,17455.5
2025-07-09T23:00:00Z,16739.9
2025-07-10T00:00:00Z,16717.9
2025-07-10T01:00:00Z,16668.7
2025-07-10T02:00:00Z,17794.4
2025-07-10T03:00:00Z,18020.5
2025-07-10T04:00:00Z,18610.0
2025-07-10T05:00:00Z,19270.3
2025-07-10T06:00:00Z,20647.1
2025-07-10T07:00:00Z,22158.1
2025-07-10T08:00:00Z,22773.0
2025-07-10T09:00:00Z,23190.4
2025-07-10T10:00:00Z,24495.4
2025-07-10T11:00:00Z,24880.3
2025-07-10T12:00:00Z,24867.8
2025-07-10T13:00:00Z,24674.8
2025-07-10T14:00:00Z,24407.4
2025-07-10T15:00:00Z,23597.8
2025-07-10T16:00:00Z,22873.6
2025-07-10T17:00:00Z,21443.8
2025-07-10T18:00:00Z,21178.3
2025-07-10T19:00:00Z,19772.6
2025-07-10T20:00:00Z,19418.8
2025-07-10T21:00:00Z,17313.3
2025-07-10T22:00:00Z,17583.5
2025-07-10T23:00:00Z,17286.9
2025-07-11T00:00:00Z,16810.2
2025-07-11T01:00:00Z,17197.2
2025-07-11T02:00:00Z,17677.5
2025-07-11T03:00:00Z,18235.4
2025-07-11T04:00:00Z,18675.1
2025-07-11T05:00:00Z,19733.0
2025-07-11T06:00:00Z,21104.1
2025-07-11T07:00:00Z,22185.2
2025-07-11T08:00:00Z,22736.6
2025-07-11T09:00:00Z,23528.2
2025-07-11T10:00:00Z,24180.7
2025-07-11T11:00:00Z,24835.0
2025-07-11T12:00:00Z,24294.2
2025-07-11T13:00:00Z,24074.4
2025-07-11T14:00:00Z,24156.2
2025-07-11T15:00:00Z,23147.9
2025-07-11T16:00:00Z,22516.1
2025-07-11T17:00:00Z,21802.5
2025-07-11T18:00:00Z,20931.7
2025-07-11T19:00:00Z,19434.1
2025-07-11T20:00:00Z,19106.1
2025-07-11T21:00:00Z,17479.9
2025-07-11T22:00:00Z,17612.3
2025-07-11T23:00:00Z,16544.8
2025-07-12T00:00:00Z,15520.0
2025-07-12T01:00:00Z,16267.5
2025-07-12T02:00:00Z,16315.7
2025-07-12T03:00:00Z,16803.5
2025-07-12T04:00:00Z,17714.9
2025-07-12T05:00:00Z,18937.3
2025-07-12T06:00:00Z,19768.6
2025-07-12T07:00:00Z,20774.6
2025-07-12T08:00:00Z,22053.0
2025-07-12T09:00:00Z,22282.5
2025-07-12T10:00:00Z,22973.9
2025-07-12T11:00:00Z,23342.9
2025-07-12T12:00:00Z,24017.8
2025-07-12T13:00:00Z,23829.4
2025-07-12T14:00:00Z,23539.2
2025-07-12T15:00:00Z,22501.9
2025-07-12T16:00:00Z,21663.7
2025-07-12T17:00:00Z,21058.1
2025-07-12T18:00:00Z,19659.2
2025-07-12T19:00:00Z,19054.8
2025-07-12T20:00:00Z,18090.6
2025-07-12T21:00:00Z,16834.7
2025-07-12T22:00:00Z,16419.6
2025-07-12T23:00:00Z,16022.8
2025-07-13T00:00:00Z,16567.3
2025-07-13T01:00:00Z,16973.3
2025-07-13T02:00:00Z,16494.8
2025-07-13T03:00:00Z,17144.3
2025-07-13T04:00:00Z,17205.2
2025-07-13T05:00:00Z,18936.5
2025-07-13T06:00:00Z,19864.3
2025-07-13T07:00:00Z,20519.9
2025-07-13T08:00:00Z,22047.1
2025-07-13T09:00:00Z,22090.2
2025-07-13T10:00:00Z,23137.1
2025-07-13T11:00:00Z,23636.1
2025-07-13T12:00:00Z,23321.5
2025-07-13T13:00:00Z,23866.7
2025-07-13T14:00:00Z,23545.4
2025-07-13T15:00:00Z,22147.8
2025-07-13T16:00:00Z,21342.3
2025-07-13T17:00:00Z,21058.2
2025-07-13T18:00:00Z,19856.8
2025-07-13T19:00:00Z,18479.2
2025-07-13T20:00:00Z,17843.6
2025-07-13T21:00:00Z,17105.2
2025-07-13T22:00:00Z,16481.0
2025-07-13T23:00:00Z,16407.6
2025-07-14T00:00:00Z,17285.7
2025-07-14T01:00:00Z,17862.3
2025-07-14T02:00:00Z,18120.6
2025-07-14T03:00:00Z,18509.8
2025-07-14T04:00:00Z,19436.5
2025-07-14T05:00:00Z,20445.9
2025-07-14T06:00:00Z,21245.4
2025-07-14T07:00:00Z,21622.7
2025-07-14T08:00:00Z,23222.8
2025-07-14T09:00:00Z,23768.5
2025-07-14T10:00:00Z,24878.4
2025-07-14T11:00:00Z,24773.4
2025-07-14T12:00:00Z,25043.8
2025-07-14T13:00:00Z,24849.3
2025-07-14T14:00:00Z,24898.4
2025-07-14T15:00:00Z,23802.2
2025-07-14T16:00:00Z,22860.0
2025-07-14T17:00:00Z,22115.9
2025-07-14T18:00:00Z,20877.3
2025-07-14T19:00:00Z,20072.5
2025-07-14T20:00:00Z,19088.0
2025-07-14T21:00:00Z,18379.0
2025-07-14T22:00:00Z,18297.0
2025-07-14T23:00:00Z,17163.3
2025-07-15T00:00:00Z,17255.0
2025-07-15T01:00:00Z,17310.4
2025-07-15T02:00:00Z,17975.9
2025-07-15T03:00:00Z,17992.9
2025-07-15T04:00:00Z,18948.7
2025-07-15T05:00:00Z,20088.6
2025-07-15T06:00:00Z,21274.9
2025-07-15T07:00:00Z,22082.6
2025-07-15T08:00:00Z,22866.8
2025-07-15T09:00:00Z,23547.6
2025-07-15T10:00:00Z,24603.5
2025-07-15T11:00:00Z,25287.7
2025-07-15T12:00:00Z,25059.4
2025-07-15T13:00:00Z,24884.7
2025-07-15T14:00:00Z,24581.7
2025-07-15T15:00:00Z,23523.3
2025-07-15T16:00:00Z,22927.4
2025-07-15T17:00:00Z,22011.4
2025-07-15T18:00:00Z,21194.3
2025-07-15T19:00:00Z,20091.0
2025-07-15T20:00:00Z,18780.4
2025-07-15T21:00:00Z,18734.2
2025-07-15T22:00:00Z,18303.6
2025-07-15T23:00:00Z,17290.0
2025-07-16T00:00:00Z,17452.3
2025-07-16T01:00:00Z,17541.4
2025-07-16T02:00:00Z,18092.9
2025-07-16T03:00:00Z,17978.1
2025-07-16T04:00:00Z,19770.6
2025-07-16T05:00:00Z,20032.0
2025-07-16T06:00:00Z,21586.7
2025-07-16T07:00:00Z,22204.4
2025-07-16T08:00:00Z,22983.3
2025-07-16T09:00:00Z,23862.0
2025-07-16T10:00:00Z,24808.3
2025-07-16T11:00:00Z,24627.8
2025-07-16T12:00:00Z,24916.1
2025-07-16T13:00:00Z,24750.3
2025-07-16T14:00:00Z,23968.7
2025-07-16T15:00:00Z,24325.1
2025-07-16T16:00:00Z,23294.6
2025-07-16T17:00:00Z,22171.6
2025-07-16T18:00:00Z,21554.3
2025-07-16T19:00:00Z,19875.0
2025-07-16T20:00:00Z,19228.7
2025-07-16T21:00:00Z,19008.1
2025-07-16T22:00:00Z,18155.6
2025-07-16T23:00:00Z,16740.4
2025-07-17T00:00:00Z,16334.4
2025-07-17T01:00:00Z,17203.1
2025-07-17T02:00:00Z,18262.9
2025-07-17T03:00:00Z,18382.8
2025-07-17T04:00:00Z,19263.3
2025-07-17T05:00:00Z,20458.8
2025-07-17T06:00:00Z,20977.0
2025-07-17T07:00:00Z,22327.9
2025-07-17T08:00:00Z,23444.1
2025-07-17T09:00:00Z,24138.3
2025-07-17T10:00:00Z,24728.3
2025-07-17T11:00:00Z,24792.8
2025-07-17T12:00:00Z,25283.0
2025-07-17T13:00:00Z,24848.9
2025-07-17T14:00:00Z,25020.4
2025-07-17T15:00:00Z,24814.2
2025-07-17T16:00:00Z,22951.8
2025-07-17T17:00:00Z,21560.7
2025-07-17T18:00:00Z,21124.7
2025-07-17T19:00:00Z,20384.5
2025-07-17T20:00:00Z,19670.8
2025-07-17T21:00:00Z,18881.4
2025-07-17T22:00:00Z,17669.9
2025-07-17T23:00:00Z,17281.7
2025-07-18T00:00:00Z,17893.5
2025-07-18T01:00:00Z,17266.6
2025-07-18T02:00:00Z,18353.3
2025-07-18T03:00:00Z,18542.9
2025-07-18T04:00:00Z,19660.7
2025-07-18T05:00:00Z,20571.4
2025-07-18T06:00:00Z,21592.1
2025-07-18T07:00:00Z,22604.3
2025-07-18T08:00:00Z,22952.7
2025-07-18T09:00:00Z,24165.0
2025-07-18T10:00:00Z,24686.7
2025-07-18T11:00:00Z,25166.5
2025-07-18T12:00:00Z,25595.1
2025-07-18T13:00:00Z,24980.3
2025-07-18T14:00:00Z,24453.4
2025-07-18T15:00:00Z,23835.4
2025-07-18T16:00:00Z,23170.8
2025-07-18T17:00:00Z,22582.5
2025-07-18T18:00:00Z,21080.7
2025-07-18T19:00:00Z,20717.0
2025-07-18T20:00:00Z,19507.8
2025-07-18T21:00:00Z,18543.1
2025-07-18T22:00:00Z,17575.0
2025-07-18T23:00:00Z,17696.4
2025-07-19T00:00:00Z,16718.4
2025-07-19T01:00:00Z,16060.2
2025-07-19T02:00:00Z,17395.9
2025-07-19T03:00:00Z,18155.2
2025-07-19T04:00:00Z,18533.2
2025-07-19T05:00:00Z,19512.5
2025-07-19T06:00:00Z,21128.2
2025-07-19T07:00:00Z,21746.5
2025-07-19T08:00:00Z,21992.1
2025-07-19T09:00:00Z,23073.9
2025-07-19T10:00:00Z,23641.7
2025-07-19T11:00:00Z,24028.9
2025-07-19T12:00:00Z,23449.0
2025-07-19T13:00:00Z,24320.6
2025-07-19T14:00:00Z,23487.5
2025-07-19T15:00:00Z,23131.9
2025-07-19T16:00:00Z,22236.9
2025-07-19T17:00:00Z,21630.5
2025-07-19T18:00:00Z,20257.4
2025-07-19T19:00:00Z,19098.8
2025-07-19T20:00:00Z,18595.5
2025-07-19T21:00:00Z,18077.2
2025-07-19T22:00:00Z,16910.1
2025-07-19T23:00:00Z,17067.9
2025-07-20T00:00:00Z,16661.6
2025-07-20T01:00:00Z,16537.6
2025-07-20T02:00:00Z,17584.1
2025-07-20T03:00:00Z,17443.8
2025-07-20T04:00:00Z,18831.4
2025-07-20T05:00:00Z,19275.5
2025-07-20T06:00:00Z,20578.3
2025-07-20T07:00:00Z,21035.1
2025-07-20T08:00:00Z,22092.6
2025-07-20T09:00:00Z,23502.7
2025-07-20T10:00:00Z,23833.7
2025-07-20T11:00:00Z,24170.8
2025-07-20T12:00:00Z,24148.6
2025-07-20T13:00:00Z,24302.0
2025-07-20T14:00:00Z,23324.2
2025-07-20T15:00:00Z,22800.5
2025-07-20T16:00:00Z,22311.1
2025-07-20T17:00:00Z,21163.6
2025-07-20T18:00:00Z,20208.5
2025-07-20T19:00:00Z,19412.6
2025-07-20T20:00:00Z,18461.3
2025-07-20T21:00:00Z,17635.3
2025-07-20T22:00:00Z,17629.2
2025-07-20T23:00:00Z,17033.7
2025-07-21T00:00:00Z,18124.8
2025-07-21T01:00:00Z,17852.0
2025-07-21T02:00:00Z,18084.1
2025-07-21T03:00:00Z,18391.9
2025-07-21T04:00:00Z,19545.9
2025-07-21T05:00:00Z,19917.5
2025-07-21T06:00:00Z,21398.3
2025-07-21T07:00:00Z,22829.6
2025-07-21T08:00:00Z,24035.1
2025-07-21T09:00:00Z,24623.0
2025-07-21T10:00:00Z,24648.7
2025-07-21T11:00:00Z,25469.1
2025-07-21T12:00:00Z,25188.6
2025-07-21T13:00:00Z,25575.3
2025-07-21T14:00:00Z,24889.8
2025-07-21T15:00:00Z,24588.5
2025-07-21T16:00:00Z,24340.9
2025-07-21T17:00:00Z,22880.5
2025-07-21T18:00:00Z,22335.5
2025-07-21T19:00:00Z,20644.9
2025-07-21T20:00:00Z,19551.8
2025-07-21T21:00:00Z,19287.7
2025-07-21T22:00:00Z,18800.4
2025-07-21T23:00:00Z,17682.7
2025-07-22T00:00:00Z,17835.3
2025-07-22T01:00:00Z,17481.1
2025-07-22T02:00:00Z,18263.1
2025-07-22T03:00:00Z,19225.7
2025-07-22T04:00:00Z,19711.1
2025-07-22T05:00:00Z,20486.0
2025-07-22T06:00:00Z,21214.8
2025-07-22T07:00:00Z,22783.4
2025-07-22T08:00:00Z,23851.4
2025-07-22T09:00:00Z,24585.5
2025-07-22T10:00:00Z,25088.7
2025-07-22T11:00:00Z,24982.4
2025-07-22T12:00:00Z,26089.4
2025-07-22T13:00:00Z,25373.7
2025-07-22T14:00:00Z,24960.1
2025-07-22T15:00:00Z,24629.3
2025-07-22T16:00:00Z,22900.0
2025-07-22T17:00:00Z,22644.3
2025-07-22T18:00:00Z,21623.0
2025-07-22T19:00:00Z,20788.5
2025-07-22T20:00:00Z,20171.8
2025-07-22T21:00:00Z,19091.9
2025-07-22T22:00:00Z,17738.6
2025-07-22T23:00:00Z,17833.2
2025-07-23T00:00:00Z,17957.8
2025-07-23T01:00:00Z,18070.4
2025-07-23T02:00:00Z,17996.6
2025-07-23T03:00:00Z,18486.5
2025-07-23T04:00:00Z,19996.3
2025-07-23T05:00:00Z,20860.3
2025-07-23T06:00:00Z,21741.1
2025-07-23T07:00:00Z,22191.6
2025-07-23T08:00:00Z,24246.2
2025-07-23T09:00:00Z,23542.8
2025-07-23T10:00:00Z,24970.6
2025-07-23T11:00:00Z,26144.8
2025-07-23T12:00:00Z,25553.6
2025-07-23T13:00:00Z,25547.4
2025-07-23T14:00:00Z,24708.7
2025-07-23T15:00:00Z,24911.4
2025-07-23T16:00:00Z,23260.7
2025-07-23T17:00:00Z,22827.8
2025-07-23T18:00:00Z,21791.3
2025-07-23T19:00:00Z,20412.2
2025-07-23T20:00:00Z,20104.9
2025-07-23T21:00:00Z,18566.2
2025-07-23T22:00:00Z,18188.7
2025-07-23T23:00:00Z,18013.9
2025-07-24T00:00:00Z,17840.0
2025-07-24T01:00:00Z,18254.3
2025-07-24T02:00:00Z,18786.2
2025-07-24T03:00:00Z,19007.7
2025-07-24T04:00:00Z,19726.7
2025-07-24T05:00:00Z,20664.6
2025-07-24T06:00:00Z,21711.4
2025-07-24T07:00:00Z,23087.1
2025-07-24T08:00:00Z,23687.1
2025-07-24T09:00:00Z,24686.6
2025-07-24T10:00:00Z,25139.2
2025-07-24T11:00:00Z,25282.3
2025-07-24T12:00:00Z,25962.7
2025-07-24T13:00:00Z,25220.1
2025-07-24T14:00:00Z,25170.5
2025-07-24T15:00:00Z,25033.5
2025-07-24T16:00:00Z,23405.7
2025-07-24T17:00:00Z,22809.2
2025-07-24T18:00:00Z,21319.6
2025-07-24T19:00:00Z,20667.1
2025-07-24T20:00:00Z,19420.4
2025-07-24T21:00:00Z,18985.9
2025-07-24T22:00:00Z,18316.3
2025-07-24T23:00:00Z,18146.4
2025-07-25T00:00:00Z,18562.5
2025-07-25T01:00:00Z,18275.7
2025-07-25T02:00:00Z,18781.5
2025-07-25T03:00:00Z,19166.5
2025-07-25T04:00:00Z,19902.9
2025-07-25T05:00:00Z,20643.5
2025-07-25T06:00:00Z,21330.9
2025-07-25T07:00:00Z,22929.8
2025-07-25T08:00:00Z,24361.3
2025-07-25T09:00:00Z,24789.5
2025-07-25T10:00:00Z,25077.6
2025-07-25T11:00:00Z,26164.5
2025-07-25T12:00:00Z,25626.9
2025-07-25T13:00:00Z,25435.6
2025-07-25T14:00:00Z,24859.5
2025-07-25T15:00:00Z,24327.3
2025-07-25T16:00:00Z,23758.6
2025-07-25T17:00:00Z,23550.1
2025-07-25T18:00:00Z,21843.4
2025-07-25T19:00:00Z,20580.1
2025-07-25T20:00:00Z,19786.9
2025-07-25T21:00:00Z,19111.2
2025-07-25T22:00:00Z,18019.9
2025-07-25T23:00:00Z,18225.5
2025-07-26T00:00:00Z,17288.0
2025-07-26T01:00:00Z,17297.3
2025-07-26T02:00:00Z,17772.5
2025-07-26T03:00:00Z,17777.9
2025-07-26T04:00:00Z,18445.1
2025-07-26T05:00:00Z,20334.1
2025-07-26T06:00:00Z,21270.7
2025-07-26T07:00:00Z,21422.2
2025-07-26T08:00:00Z,22913.5
2025-07-26T09:00:00Z,23654.1
2025-07-26T10:00:00Z,24433.8
2025-07-26T11:00:00Z,24711.0
2025-07-26T12:00:00Z,24614.0
2025-07-26T13:00:00Z,24706.7
2025-07-26T14:00:00Z,24309.2
2025-07-26T15:00:00Z,23630.2
2025-07-26T16:00:00Z,22251.9
2025-07-26T17:00:00Z,20954.6
2025-07-26T18:00:00Z,20665.1
2025-07-26T19:00:00Z,19395.7
2025-07-26T20:00:00Z,19072.1
2025-07-26T21:00:00Z,18422.4
2025-07-26T22:00:00Z,17664.0
2025-07-26T23:00:00Z,17075.5
2025-07-27T00:00:00Z,17165.9
2025-07-27T01:00:00Z,17649.8
2025-07-27T02:00:00Z,17425.7
2025-07-27T03:00:00Z,18569.1
2025-07-27T04:00:00Z,19298.8
2025-07-27T05:00:00Z,20085.5
2025-07-27T06:00:00Z,21466.1
2025-07-27T07:00:00Z,21766.9
2025-07-27T08:00:00Z,23230.5
2025-07-27T09:00:00Z,23427.8
2025-07-27T10:00:00Z,24092.7
2025-07-27T11:00:00Z,24383.8
2025-07-27T12:00:00Z,24999.1
2025-07-27T13:00:00Z,24422.4
2025-07-27T14:00:00Z,24355.9
2025-07-27T15:00:00Z,23361.0
2025-07-27T16:00:00Z,23270.3
2025-07-27T17:00:00Z,22587.7
2025-07-27T18:00:00Z,21072.2
2025-07-27T19:00:00Z,20529.6
2025-07-27T20:00:00Z,19251.6
2025-07-27T21:00:00Z,18969.9
2025-07-27T22:00:00Z,17691.9
2025-07-27T23:00:00Z,16770.0
2025-07-28T00:00:00Z,18773.7
2025-07-28T01:00:00Z,18385.5
2025-07-28T02:00:00Z,18478.5
2025-07-28T03:00:00Z,19213.3
2025-07-28T04:00:00Z,19700.2
2025-07-28T05:00:00Z,21099.0
2025-07-28T06:00:00Z,21806.7
2025-07-28T07:00:00Z,23626.0
2025-07-28T08:00:00Z,24292.6
2025-07-28T09:00:00Z,24344.2
2025-07-28T10:00:00Z,25005.6
2025-07-28T11:00:00Z,25693.6
2025-07-28T12:00:00Z,25388.6
2025-07-28T13:00:00Z,25840.6
2025-07-28T14:00:00Z,25476.6
2025-07-28T15:00:00Z,24629.4
2025-07-28T16:00:00Z,23903.5
2025-07-28T17:00:00Z,23309.4
2025-07-28T18:00:00Z,22607.8
2025-07-28T19:00:00Z,21633.5
2025-07-28T20:00:00Z,20233.9
2025-07-28T21:00:00Z,19699.2
2025-07-28T22:00:00Z,18574.1
2025-07-28T23:00:00Z,18558.5
2025-07-29T00:00:00Z,18066.4
2025-07-29T01:00:00Z,18740.6
2025-07-29T02:00:00Z,18493.4
2025-07-29T03:00:00Z,19194.1
2025-07-29T04:00:00Z,20300.2
2025-07-29T05:00:00Z,21411.9
2025-07-29T06:00:00Z,21768.9
2025-07-29T07:00:00Z,23056.7
2025-07-29T08:00:00Z,24202.6
2025-07-29T09:00:00Z,25031.4
2025-07-29T10:00:00Z,25301.1
2025-07-29T11:00:00Z,25987.0
2025-07-29T12:00:00Z,26001.4
2025-07-29T13:00:00Z,26407.0
2025-07-29T14:00:00Z,25749.6
2025-07-29T15:00:00Z,24532.3
2025-07-29T16:00:00Z,23451.7
2025-07-29T17:00:00Z,23261.2
2025-07-29T18:00:00Z,22610.9
2025-07-29T19:00:00Z,21288.8
2025-07-29T20:00:00Z,20586.4
2025-07-29T21:00:00Z,19348.5
2025-07-29T22:00:00Z,18453.1
2025-07-29T23:00:00Z,18746.7
2025-07-30T00:00:00Z,18486.4
2025-07-30T01:00:00Z,18805.7
2025-07-30T02:00:00Z,18527.2
2025-07-30T03:00:00Z,19642.4
2025-07-30T04:00:00Z,20181.7
2025-07-30T05:00:00Z,21572.0
2025-07-30T06:00:00Z,22124.2
2025-07-30T07:00:00Z,23113.7
2025-07-30T08:00:00Z,24050.7
2025-07-30T09:00:00Z,25443.7
2025-07-30T10:00:00Z,25659.7
2025-07-30T11:00:00Z,25791.5
2025-07-30T12:00:00Z,25838.5
2025-07-30T13:00:00Z,25700.2
2025-07-30T14:00:00Z,26120.5
2025-07-30T15:00:00Z,24454.4
2025-07-30T16:00:00Z,23965.7
2025-07-30T17:00:00Z,23513.9
2025-07-30T18:00:00Z,22689.6
2025-07-30T19:00:00Z,21265.1
2025-07-30T20:00:00Z,20635.1
2025-07-30T21:00:00Z,19828.2
2025-07-30T22:00:00Z,19288.1
2025-07-30T23:00:00Z,18600.9
2025-07-31T00:00:00Z,19066.0
2025-07-31T01:00:00Z,18735.0
2025-07-31T02:00:00Z,19548.3
2025-07-31T03:00:00Z,19315.6
2025-07-31T04:00:00Z,20771.0
2025-07-31T05:00:00Z,20995.4
2025-07-31T06:00:00Z,21916.2
2025-07-31T07:00:00Z,23557.3
2025-07-31T08:00:00Z,24061.5
2025-07-31T09:00:00Z,25270.5
2025-07-31T10:00:00Z,25396.0
2025-07-31T11:00:00Z,26642.4
2025-07-31T12:00:00Z,26261.2
2025-07-31T13:00:00Z,25763.6
2025-07-31T14:00:00Z,25799.3
2025-07-31T15:00:00Z,25414.1
2025-07-31T16:00:00Z,24084.9
2025-07-31T17:00:00Z,23569.0
2025-07-31T18:00:00Z,23063.1
2025-07-31T19:00:00Z,21686.5
2025-07-31T20:00:00Z,20474.9
2025-07-31T21:00:00Z,19496.6
2025-07-31T22:00:00Z,19252.9
2025-07-31T23:00:00Z,18194.9
2025-08-01T00:00:00Z,17653.7
2025-08-01T01:00:00Z,18547.7
2025-08-01T02:00:00Z,18799.5
2025-08-01T03:00:00Z,20321.2
2025-08-01T04:00:00Z,20604.5
2025-08-01T05:00:00Z,21173.2
2025-08-01T06:00:00Z,22114.5
2025-08-01T07:00:00Z,23647.1
2025-08-01T08:00:00Z,24149.9
2025-08-01T09:00:00Z,25028.6
2025-08-01T10:00:00Z,25799.5
2025-08-01T11:00:00Z,26242.8
2025-08-01T12:00:00Z,26377.5
2025-08-01T13:00:00Z,26252.2
2025-08-01T14:00:00Z,26248.8
2025-08-01T15:00:00Z,25764.8
2025-08-01T16:00:00Z,23888.5
2025-08-01T17:00:00Z,24318.1
2025-08-01T18:00:00Z,22533.6
2025-08-01T19:00:00Z,21894.1
2025-08-01T20:00:00Z,20326.8
2025-08-01T21:00:00Z,19870.5
2025-08-01T22:00:00Z,19222.4
2025-08-01T23:00:00Z,18804.6
2025-08-02T00:00:00Z,17918.6
2025-08-02T01:00:00Z,17979.3
2025-08-02T02:00:00Z,17838.5
2025-08-02T03:00:00Z,18736.7
2025-08-02T04:00:00Z,19807.5
2025-08-02T05:00:00Z,20724.2
2025-08-02T06:00:00Z,21393.6
2025-08-02T07:00:00Z,22409.4
2025-08-02T08:00:00Z,23380.3
2025-08-02T09:00:00Z,23873.5
2025-08-02T10:00:00Z,24427.5
2025-08-02T11:00:00Z,25730.8
2025-08-02T12:00:00Z,25230.9
2025-08-02T13:00:00Z,25257.1
2025-08-02T14:00:00Z,24600.9
2025-08-02T15:00:00Z,24645.4
2025-08-02T16:00:00Z,23992.9
2025-08-02T17:00:00Z,22429.0
2025-08-02T18:00:00Z,21666.9
2025-08-02T19:00:00Z,20260.9
2025-08-02T20:00:00Z,20140.7
2025-08-02T21:00:00Z,19072.4
2025-08-02T22:00:00Z,17892.1
2025-08-02T23:00:00Z,18177.8
2025-08-03T00:00:00Z,17839.6
2025-08-03T01:00:00Z,17988.2
2025-08-03T02:00:00Z,18355.3
2025-08-03T03:00:00Z,18638.3
2025-08-03T04:00:00Z,19478.8
2025-08-03T05:00:00Z,20781.7
2025-08-03T06:00:00Z,21563.6
2025-08-03T07:00:00Z,22272.7
2025-08-03T08:00:00Z,24160.1
2025-08-03T09:00:00Z,24238.4
2025-08-03T10:00:00Z,24738.7
2025-08-03T11:00:00Z,25079.4
2025-08-03T12:00:00Z,25656.7
2025-08-03T13:00:00Z,25616.6
2025-08-03T14:00:00Z,24997.0
2025-08-03T15:00:00Z,24584.4
2025-08-03T16:00:00Z,23024.6
2025-08-03T17:00:00Z,22456.7
2025-08-03T18:00:00Z,21426.7
2025-08-03T19:00:00Z,20581.3
2025-08-03T20:00:00Z,19806.4
2025-08-03T21:00:00Z,18195.1
2025-08-03T22:00:00Z,19241.9
2025-08-03T23:00:00Z,17573.2
2025-08-04T00:00:00Z,18980.5
2025-08-04T01:00:00Z,19266.8
2025-08-04T02:00:00Z,19659.3
2025-08-04T03:00:00Z,20075.6
2025-08-04T04:00:00Z,19861.2
2025-08-04T05:00:00Z,21376.6
2025-08-04T06:00:00Z,22967.4
2025-08-04T07:00:00Z,23424.9
2025-08-04T08:00:00Z,24311.2
2025-08-04T09:00:00Z,24691.6
2025-08-04T10:00:00Z,26452.1
2025-08-04T11:00:00Z,26609.2
2025-08-04T12:00:00Z,26288.9
2025-08-04T13:00:00Z,26401.1
2025-08-04T14:00:00Z,26025.5
2025-08-04T15:00:00Z,25085.5
2025-08-04T16:00:00Z,24556.8
2025-08-04T17:00:00Z,23795.9
2025-08-04T18:00:00Z,22893.1
2025-08-04T19:00:00Z,22123.8
2025-08-04T20:00:00Z,20795.7
2025-08-04T21:00:00Z,19838.7
2025-08-04T22:00:00Z,19503.4
2025-08-04T23:00:00Z,18786.1
2025-08-05T00:00:00Z,18532.3
2025-08-05T01:00:00Z,19433.1
2025-08-05T02:00:00Z,19328.2
2025-08-05T03:00:00Z,20102.2
2025-08-05T04:00:00Z,21070.6
2025-08-05T05:00:00Z,21435.8
2025-08-05T06:00:00Z,22995.8
2025-08-05T07:00:00Z,23932.5
2025-08-05T08:00:00Z,24686.2
2025-08-05T09:00:00Z,25643.1
2025-08-05T10:00:00Z,25886.0
2025-08-05T11:00:00Z,25805.5
2025-08-05T12:00:00Z,26554.7
2025-08-05T13:00:00Z,26221.4
2025-08-05T14:00:00Z,26408.0
2025-08-05T15:00:00Z,25601.0
2025-08-05T16:00:00Z,24547.1
2025-08-05T17:00:00Z,23802.5
2025-08-05T18:00:00Z,23224.0
2025-08-05T19:00:00Z,22155.8
2025-08-05T20:00:00Z,20979.6
2025-08-05T21:00:00Z,20200.7
2025-08-05T22:00:00Z,19360.1
2025-08-05T23:00:00Z,19022.2
2025-08-06T00:00:00Z,19199.5
2025-08-06T01:00:00Z,19103.1
2025-08-06T02:00:00Z,19622.8
2025-08-06T03:00:00Z,19780.9
2025-08-06T04:00:00Z,20401.7
2025-08-06T05:00:00Z,21322.0
2025-08-06T06:00:00Z,22725.5
2025-08-06T07:00:00Z,24290.9
2025-08-06T08:00:00Z,25174.5
2025-08-06T09:00:00Z,25272.2
2025-08-06T10:00:00Z,25705.3
2025-08-06T11:00:00Z,26845.7
2025-08-06T12:00:00Z,26871.0
2025-08-06T13:00:00Z,26150.8
2025-08-06T14:00:00Z,26545.5
2025-08-06T15:00:00Z,25648.8
2025-08-06T16:00:00Z,25219.4
2025-08-06T17:00:00Z,23974.0
2025-08-06T18:00:00Z,23152.0
2025-08-06T19:00:00Z,21971.0
2025-08-06T20:00:00Z,20631.4
2025-08-06T21:00:00Z,20064.0
2025-08-06T22:00:00Z,19308.2
2025-08-06T23:00:00Z,19407.6
2025-08-07T00:00:00Z,18766.1
2025-08-07T01:00:00Z,18724.8
2025-08-07T02:00:00Z,19822.2
2025-08-07T03:00:00Z,20584.2
2025-08-07T04:00:00Z,21478.9
2025-08-07T05:00:00Z,22295.5
2025-08-07T06:00:00Z,22457.6
2025-08-07T07:00:00Z,23716.2
2025-08-07T08:00:00Z,24693.9
2025-08-07T09:00:00Z,25661.5
2025-08-07T10:00:00Z,25589.2
2025-08-07T11:00:00Z,26663.6
2025-08-07T12:00:00Z,26887.0
2025-08-07T13:00:00Z,26361.0
2025-08-07T14:00:00Z,26319.2
2025-08-07T15:00:00Z,26051.3
2025-08-07T16:00:00Z,24884.5
2025-08-07T17:00:00Z,24279.3
2025-08-07T18:00:00Z,23267.4
2025-08-07T19:00:00Z,22075.3
2025-08-07T20:00:00Z,21136.7
2025-08-07T21:00:00Z,20095.3
2025-08-07T22:00:00Z,20000.8
2025-08-07T23:00:00Z,19065.3
2025-08-08T00:00:00Z,18937.8
2025-08-08T01:00:00Z,19520.2
2025-08-08T02:00:00Z,19445.2
2025-08-08T03:00:00Z,20428.3
2025-08-08T04:00:00Z,21429.8
2025-08-08T05:00:00Z,22046.1
2025-08-08T06:00:00Z,23052.3
2025-08-08T07:00:00Z,24311.7
2025-08-08T08:00:00Z,25188.9
2025-08-08T09:00:00Z,25250.4
2025-08-08T10:00:00Z,25937.1
2025-08-08T11:00:00Z,27171.6
2025-08-08T12:00:00Z,27000.6
2025-08-08T13:00:00Z,26075.1
2025-08-08T14:00:00Z,25925.4
2025-08-08T15:00:00Z,25754.2
2025-08-08T16:00:00Z,24632.7
2025-08-08T17:00:00Z,24168.5
2025-08-08T18:00:00Z,23045.1
2025-08-08T19:00:00Z,22179.6
2025-08-08T20:00:00Z,20716.6
2025-08-08T21:00:00Z,20493.2
2025-08-08T22:00:00Z,20310.6
2025-08-08T23:00:00Z,19040.3
2025-08-09T00:00:00Z,18591.8
2025-08-09T01:00:00Z,18616.6
2025-08-09T02:00:00Z,18893.5
2025-08-09T03:00:00Z,19278.3
2025-08-09T04:00:00Z,19724.8
2025-08-09T05:00:00Z,20746.2
2025-08-09T06:00:00Z,22272.1
2025-08-09T07:00:00Z,23339.4
2025-08-09T08:00:00Z,24347.9
2025-08-09T09:00:00Z,25062.3
2025-08-09T10:00:00Z,25656.8
2025-08-09T11:00:00Z,25612.2
2025-08-09T12:00:00Z,25495.1
2025-08-09T13:00:00Z,25817.5
2025-08-09T14:00:00Z,25527.5
2025-08-09T15:00:00Z,24781.5
2025-08-09T16:00:00Z,23466.7
2025-08-09T17:00:00Z,22858.1
2025-08-09T18:00:00Z,21552.5
2025-08-09T19:00:00Z,21076.0
2025-08-09T20:00:00Z,19761.7
2025-08-09T21:00:00Z,19246.9
2025-08-09T22:00:00Z,18791.4
2025-08-09T23:00:00Z,18346.7
2025-08-10T00:00:00Z,18686.7
2025-08-10T01:00:00Z,18023.3
2025-08-10T02:00:00Z,18062.0
2025-08-10T03:00:00Z,19680.3
2025-08-10T04:00:00Z,20626.0
2025-08-10T05:00:00Z,21565.8
2025-08-10T06:00:00Z,22195.3
2025-08-10T07:00:00Z,23275.3
2025-08-10T08:00:00Z,24071.6
2025-08-10T09:00:00Z,24414.8
2025-08-10T10:00:00Z,25260.4
2025-08-10T11:00:00Z,25988.9
2025-08-10T12:00:00Z,25775.3
2025-08-10T13:00:00Z,26442.5
2025-08-10T14:00:00Z,24949.2
2025-08-10T15:00:00Z,24692.1
2025-08-10T16:00:00Z,24389.7
2025-08-10T17:00:00Z,22907.7
2025-08-10T18:00:00Z,21741.0
2025-08-10T19:00:00Z,20670.0
2025-08-10T20:00:00Z,19943.2
2025-08-10T21:00:00Z,19863.5
2025-08-10T22:00:00Z,18896.9
2025-08-10T23:00:00Z,18546.3
2025-08-11T00:00:00Z,19228.4
2025-08-11T01:00:00Z,19798.1
2025-08-11T02:00:00Z,19946.4
2025-08-11T03:00:00Z,20229.0
2025-08-11T04:00:00Z,21178.3
2025-08-11T05:00:00Z,22318.9
2025-08-11T06:00:00Z,23628.1
2025-08-11T07:00:00Z,24231.3
2025-08-11T08:00:00Z,25340.8
2025-08-11T09:00:00Z,26627.9
2025-08-11T10:00:00Z,26335.1
2025-08-11T11:00:00Z,26578.3
2025-08-11T12:00:00Z,27424.5
2025-08-11T13:00:00Z,27118.0
2025-08-11T14:00:00Z,26560.4
2025-08-11T15:00:00Z,26064.0
2025-08-11T16:00:00Z,25074.7
2025-08-11T17:00:00Z,24416.4
2025-08-11T18:00:00Z,23144.6
2025-08-11T19:00:00Z,22511.5
2025-08-11T20:00:00Z,20948.3
2025-08-11T21:00:00Z,20263.4
2025-08-11T22:00:00Z,19950.5
2025-08-11T23:00:00Z,19376.9
2025-08-12T00:00:00Z,19694.7
2025-08-12T01:00:00Z,19589.0
2025-08-12T02:00:00Z,19813.6
2025-08-12T03:00:00Z,20668.2
2025-08-12T04:00:00Z,21229.9
2025-08-12T05:00:00Z,21829.2
2025-08-12T06:00:00Z,22962.8
2025-08-12T07:00:00Z,24068.5
2025-08-12T08:00:00Z,25105.3
2025-08-12T09:00:00Z,26086.5
2025-08-12T10:00:00Z,26960.9
2025-08-12T11:00:00Z,27230.9
2025-08-12T12:00:00Z,27757.3
2025-08-12T13:00:00Z,27463.8
2025-08-12T14:00:00Z,26608.5
2025-08-12T15:00:00Z,26587.0
2025-08-12T16:00:00Z,25637.5
2025-08-12T17:00:00Z,24182.4
2025-08-12T18:00:00Z,23430.2
2025-08-12T19:00:00Z,22683.9
2025-08-12T20:00:00Z,21480.0
2025-08-12T21:00:00Z,20930.3
2025-08-12T22:00:00Z,20118.1
2025-08-12T23:00:00Z,19831.9
2025-08-13T00:00:00Z,19446.3
2025-08-13T01:00:00Z,19801.8
2025-08-13T02:00:00Z,19948.4
2025-08-13T03:00:00Z,20895.4
2025-08-13T04:00:00Z,20934.2
2025-08-13T05:00:00Z,22514.6
2025-08-13T06:00:00Z,23806.9
2025-08-13T07:00:00Z,24589.7
2025-08-13T08:00:00Z,25325.1
2025-08-13T09:00:00Z,26305.2
2025-08-13T10:00:00Z,26473.0
2025-08-13T11:00:00Z,26862.8
2025-08-13T12:00:00Z,27146.1
2025-08-13T13:00:00Z,27082.5
2025-08-13T14:00:00Z,27055.2
2025-08-13T15:00:00Z,25844.6
2025-08-13T16:00:00Z,25654.8
2025-08-13T17:00:00Z,23897.7
2025-08-13T18:00:00Z,23152.2
2025-08-13T19:00:00Z,22395.2
2025-08-13T20:00:00Z,21849.0
2025-08-13T21:00:00Z,20481.0
2025-08-13T22:00:00Z,19376.6
2025-08-13T23:00:00Z,19815.1
2025-08-14T00:00:00Z,19612.8
2025-08-14T01:00:00Z,19405.8
2025-08-14T02:00:00Z,19803.3
2025-08-14T03:00:00Z,20528.0
2025-08-14T04:00:00Z,21581.8
2025-08-14T05:00:00Z,22693.5
2025-08-14T06:00:00Z,23003.2
2025-08-14T07:00:00Z,25211.9
2025-08-14T08:00:00Z,25394.2
2025-08-14T09:00:00Z,26085.2
2025-08-14T10:00:00Z,27034.0
2025-08-14T11:00:00Z,27238.0
2025-08-14T12:00:00Z,28085.1
2025-08-14T13:00:00Z,27555.1
2025-08-14T14:00:00Z,26699.2
2025-08-14T15:00:00Z,26079.2
2025-08-14T16:00:00Z,25246.0
2025-08-14T17:00:00Z,24366.1
2025-08-14T18:00:00Z,23694.0
2025-08-14T19:00:00Z,22272.1
2025-08-14T20:00:00Z,22067.9
2025-08-14T21:00:00Z,20724.5
2025-08-14T22:00:00Z,20091.2
2025-08-14T23:00:00Z,20057.6
2025-08-15T00:00:00Z,19058.0
2025-08-15T01:00:00Z,19524.6
2025-08-15T02:00:00Z,20403.0
2025-08-15T03:00:00Z,20827.0
2025-08-15T04:00:00Z,21618.1
2025-08-15T05:00:00Z,22679.5
2025-08-15T06:00:00Z,23356.9
2025-08-15T07:00:00Z,24493.1
2025-08-15T08:00:00Z,25040.6
2025-08-15T09:00:00Z,25674.0
2025-08-15T10:00:00Z,27295.8
2025-08-15T11:00:00Z,26974.8
2025-08-15T12:00:00Z,27175.7
2025-08-15T13:00:00Z,27723.2
2025-08-15T14:00:00Z,27229.6
2025-08-15T15:00:00Z,26107.0
2025-08-15T16:00:00Z,25306.8
2025-08-15T17:00:00Z,24521.0
2025-08-15T18:00:00Z,23242.2
2025-08-15T19:00:00Z,22727.2
2025-08-15T20:00:00Z,21667.5
2025-08-15T21:00:00Z,20863.8
2025-08-15T22:00:00Z,20451.4
2025-08-15T23:00:00Z,20054.9
2025-08-16T00:00:00Z,19285.5
2025-08-16T01:00:00Z,19312.4
2025-08-16T02:00:00Z,18660.6
2025-08-16T03:00:00Z,20111.5
2025-08-16T04:00:00Z,20262.2
2025-08-16T05:00:00Z,21092.7
2025-08-16T06:00:00Z,22778.2
2025-08-16T07:00:00Z,23322.1
2025-08-16T08:00:00Z,24376.3
2025-08-16T09:00:00Z,25620.3
2025-08-16T10:00:00Z,25676.1
2025-08-16T11:00:00Z,25986.8
2025-08-16T12:00:00Z,26510.9
2025-08-16T13:00:00Z,26667.6
2025-08-16T14:00:00Z,26059.2
2025-08-16T15:00:00Z,24777.2
2025-08-16T16:00:00Z,24268.6
2025-08-16T17:00:00Z,23498.8
2025-08-16T18:00:00Z,23170.0
2025-08-16T19:00:00Z,21838.7
2025-08-16T20:00:00Z,20895.1
2025-08-16T21:00:00Z,20209.4
2025-08-16T22:00:00Z,19110.7
2025-08-16T23:00:00Z,18979.0
2025-08-17T00:00:00Z,18922.5
2025-08-17T01:00:00Z,18582.4
2025-08-17T02:00:00Z,19276.2
2025-08-17T03:00:00Z,20075.7
2025-08-17T04:00:00Z,20346.1
2025-08-17T05:00:00Z,21882.9
2025-08-17T06:00:00Z,22865.1
2025-08-17T07:00:00Z,23951.5
2025-08-17T08:00:00Z,24300.4
2025-08-17T09:00:00Z,25382.5
2025-08-17T10:00:00Z,26427.9
2025-08-17T11:00:00Z,26600.8
2025-08-17T12:00:00Z,26224.1
2025-08-17T13:00:00Z,26418.4
2025-08-17T14:00:00Z,26417.2
2025-08-17T15:00:00Z,25323.3
2025-08-17T16:00:00Z,24671.6
2025-08-17T17:00:00Z,24444.5
2025-08-17T18:00:00Z,22609.0
2025-08-17T19:00:00Z,21588.0
2025-08-17T20:00:00Z,20369.3
2025-08-17T21:00:00Z,19682.0
2025-08-17T22:00:00Z,19758.1
2025-08-17T23:00:00Z,18850.5
2025-08-18T00:00:00Z,19524.5
2025-08-18T01:00:00Z,19737.6
2025-08-18T02:00:00Z,20423.9
2025-08-18T03:00:00Z,21280.5
2025-08-18T04:00:00Z,21593.9
2025-08-18T05:00:00Z,22992.1
2025-08-18T06:00:00Z,23603.7
2025-08-18T07:00:00Z,24872.7
2025-08-18T08:00:00Z,25854.9
2025-08-18T09:00:00Z,26681.4
2025-08-18T10:00:00Z,26959.9
2025-08-18T11:00:00Z,27429.1
2025-08-18T12:00:00Z,27777.0
2025-08-18T13:00:00Z,27066.7
2025-08-18T14:00:00Z,27152.0
2025-08-18T15:00:00Z,26648.3
2025-08-18T16:00:00Z,26019.5
2025-08-18T17:00:00Z,24741.5
2025-08-18T18:00:00Z,23695.7
2025-08-18T19:00:00Z,22801.9
2025-08-18T20:00:00Z,21590.4
2025-08-18T21:00:00Z,20959.7
2025-08-18T22:00:00Z,20545.0
2025-08-18T23:00:00Z,20118.4
2025-08-19T00:00:00Z,19630.9
2025-08-19T01:00:00Z,19992.6
2025-08-19T02:00:00Z,19802.9
2025-08-19T03:00:00Z,21352.0
2025-08-19T04:00:00Z,21721.9
2025-08-19T05:00:00Z,22899.4
2025-08-19T06:00:00Z,23467.0
2025-08-19T07:00:00Z,24790.6
2025-08-19T08:00:00Z,25890.6
2025-08-19T09:00:00Z,26860.9
2025-08-19T10:00:00Z,26720.6
2025-08-19T11:00:00Z,27813.6
2025-08-19T12:00:00Z,27620.9
2025-08-19T13:00:00Z,27293.0
2025-08-19T14:00:00Z,27309.7
2025-08-19T15:00:00Z,26448.9
2025-08-19T16:00:00Z,25649.4
2025-08-19T17:00:00Z,24588.2
2025-08-19T18:00:00Z,23887.7
2025-08-19T19:00:00Z,22829.5
2025-08-19T20:00:00Z,21831.6
2025-08-19T21:00:00Z,20781.7
2025-08-19T22:00:00Z,20311.2
2025-08-19T23:00:00Z,20219.5
2025-08-20T00:00:00Z,20439.1
2025-08-20T01:00:00Z,20151.0
2025-08-20T02:00:00Z,20998.9
2025-08-20T03:00:00Z,21154.1
2025-08-20T04:00:00Z,21605.9
2025-08-20T05:00:00Z,23089.0
2025-08-20T06:00:00Z,23574.1
2025-08-20T07:00:00Z,25011.5
2025-08-20T08:00:00Z,26156.2
2025-08-20T09:00:00Z,26512.1
2025-08-20T10:00:00Z,27195.6
2025-08-20T11:00:00Z,28401.6
2025-08-20T12:00:00Z,27817.5
2025-08-20T13:00:00Z,27694.1
2025-08-20T14:00:00Z,27474.9
2025-08-20T15:00:00Z,26579.8
2025-08-20T16:00:00Z,25784.3
2025-08-20T17:00:00Z,25005.0
2025-08-20T18:00:00Z,23116.7
2025-08-20T19:00:00Z,23341.0
2025-08-20T20:00:00Z,21614.0
2025-08-20T21:00:00Z,20811.8
2025-08-20T22:00:00Z,20718.2
2025-08-20T23:00:00Z,20168.6
2025-08-21T00:00:00Z,19696.2
2025-08-21T01:00:00Z,20296.8
2025-08-21T02:00:00Z,20248.1
2025-08-21T03:00:00Z,21003.4
2025-08-21T04:00:00Z,21543.2
2025-08-21T05:00:00Z,22690.3
2025-08-21T06:00:00Z,24081.2
2025-08-21T07:00:00Z,24991.3
2025-08-21T08:00:00Z,25981.1
2025-08-21T09:00:00Z,26976.3
2025-08-21T10:00:00Z,27279.6
2025-08-21T11:00:00Z,27466.8
2025-08-21T12:00:00Z,27720.2
2025-08-21T13:00:00Z,28207.3
2025-08-21T14:00:00Z,27304.0
2025-08-21T15:00:00Z,26782.9
2025-08-21T16:00:00Z,25850.9
2025-08-21T17:00:00Z,25030.4
2025-08-21T18:00:00Z,24092.0
2025-08-21T19:00:00Z,22952.6
2025-08-21T20:00:00Z,21975.8
2025-08-21T21:00:00Z,20976.1
2025-08-21T22:00:00Z,20342.6
2025-08-21T23:00:00Z,20359.2
2025-08-22T00:00:00Z,20405.3
2025-08-22T01:00:00Z,20592.8
2025-08-22T02:00:00Z,20699.2
2025-08-22T03:00:00Z,21030.2
2025-08-22T04:00:00Z,22295.5
2025-08-22T05:00:00Z,23220.9
2025-08-22T06:00:00Z,23539.7
2025-08-22T07:00:00Z,25277.1
2025-08-22T08:00:00Z,26136.5
2025-08-22T09:00:00Z,27282.7
2025-08-22T10:00:00Z,26999.9
2025-08-22T11:00:00Z,27336.1
2025-08-22T12:00:00Z,28130.2
2025-08-22T13:00:00Z,27171.0
2025-08-22T14:00:00Z,27127.3
2025-08-22T15:00:00Z,26398.8
2025-08-22T16:00:00Z,25625.6
2025-08-22T17:00:00Z,24409.2
2025-08-22T18:00:00Z,23946.1
2025-08-22T19:00:00Z,23336.9
2025-08-22T20:00:00Z,22236.0
2025-08-22T21:00:00Z,21438.7
2025-08-22T22:00:00Z,20568.7
2025-08-22T23:00:00Z,20761.7
2025-08-23T00:00:00Z,19332.1
2025-08-23T01:00:00Z,19631.3
2025-08-23T02:00:00Z,19183.3
2025-08-23T03:00:00Z,20403.5
2025-08-23T04:00:00Z,20725.6
2025-08-23T05:00:00Z,22134.0
2025-08-23T06:00:00Z,23084.0
2025-08-23T07:00:00Z,23657.8
2025-08-23T08:00:00Z,25005.6
2025-08-23T09:00:00Z,26119.8
2025-08-23T10:00:00Z,26521.7
2025-08-23T11:00:00Z,26936.0
2025-08-23T12:00:00Z,26602.0
2025-08-23T13:00:00Z,26529.6
2025-08-23T14:00:00Z,26005.8
2025-08-23T15:00:00Z,25791.7
2025-08-23T16:00:00Z,25331.7
2025-08-23T17:00:00Z,24160.3
2025-08-23T18:00:00Z,23022.4
2025-08-23T19:00:00Z,21666.6
2025-08-23T20:00:00Z,21237.3
2025-08-23T21:00:00Z,20220.3
2025-08-23T22:00:00Z,19074.0
2025-08-23T23:00:00Z,18745.3
2025-08-24T00:00:00Z,19125.1
2025-08-24T01:00:00Z,19078.8
2025-08-24T02:00:00Z,20279.3
2025-08-24T03:00:00Z,20374.7
2025-08-24T04:00:00Z,20830.0
2025-08-24T05:00:00Z,21936.2
2025-08-24T06:00:00Z,23600.3
2025-08-24T07:00:00Z,23785.3
2025-08-24T08:00:00Z,25265.4
2025-08-24T09:00:00Z,25957.8
2025-08-24T10:00:00Z,26900.4
2025-08-24T11:00:00Z,26985.7
2025-08-24T12:00:00Z,26818.6
2025-08-24T13:00:00Z,26984.7
2025-08-24T14:00:00Z,26452.2
2025-08-24T15:00:00Z,26129.8
2025-08-24T16:00:00Z,24999.8
2025-08-24T17:00:00Z,24722.7
2025-08-24T18:00:00Z,23059.4
2025-08-24T19:00:00Z,22234.8
2025-08-24T20:00:00Z,20954.2
2025-08-24T21:00:00Z,20406.1
2025-08-24T22:00:00Z,19762.0
2025-08-24T23:00:00Z,19422.7
2025-08-25T00:00:00Z,20662.0
2025-08-25T01:00:00Z,20333.5
2025-08-25T02:00:00Z,20619.9
2025-08-25T03:00:00Z,21858.3
2025-08-25T04:00:00Z,22211.1
2025-08-25T05:00:00Z,23018.7
2025-08-25T06:00:00Z,24600.0
2025-08-25T07:00:00Z,25477.9
2025-08-25T08:00:00Z,25313.5
2025-08-25T09:00:00Z,26837.3
2025-08-25T10:00:00Z,27822.3
2025-08-25T11:00:00Z,28223.5
2025-08-25T12:00:00Z,27924.1
2025-08-25T13:00:00Z,28457.1
2025-08-25T14:00:00Z,27318.6
2025-08-25T15:00:00Z,26885.4
2025-08-25T16:00:00Z,26201.9
2025-08-25T17:00:00Z,25229.4
2025-08-25T18:00:00Z,24491.0
2025-08-25T19:00:00Z,23561.7
2025-08-25T20:00:00Z,22291.2
2025-08-25T21:00:00Z,21954.0
2025-08-25T22:00:00Z,20675.3
2025-08-25T23:00:00Z,20441.0
2025-08-26T00:00:00Z,20992.8
2025-08-26T01:00:00Z,20605.7
2025-08-26T02:00:00Z,21301.3
2025-08-26T03:00:00Z,21435.3
2025-08-26T04:00:00Z,22287.2
2025-08-26T05:00:00Z,23268.4
2025-08-26T06:00:00Z,24355.4
2025-08-26T07:00:00Z,25190.6
2025-08-26T08:00:00Z,26234.4
2025-08-26T09:00:00Z,27242.0
2025-08-26T10:00:00Z,28026.3
2025-08-26T11:00:00Z,28061.2
2025-08-26T12:00:00Z,28365.3
2025-08-26T13:00:00Z,28318.2
2025-08-26T14:00:00Z,27297.3
2025-08-26T15:00:00Z,26525.9
2025-08-26T16:00:00Z,26747.0
2025-08-26T17:00:00Z,25722.0
2025-08-26T18:00:00Z,24320.6
2025-08-26T19:00:00Z,23416.5
2025-08-26T20:00:00Z,22073.0
2025-08-26T21:00:00Z,21133.3
2025-08-26T22:00:00Z,21063.6
2025-08-26T23:00:00Z,20102.2
2025-08-27T00:00:00Z,20801.9
2025-08-27T01:00:00Z,20423.8
2025-08-27T02:00:00Z,21119.3
2025-08-27T03:00:00Z,22257.7
2025-08-27T04:00:00Z,23041.3
2025-08-27T05:00:00Z,23280.8
2025-08-27T06:00:00Z,24707.0
2025-08-27T07:00:00Z,25034.0
2025-08-27T08:00:00Z,26106.4
2025-08-27T09:00:00Z,27210.6
2025-08-27T10:00:00Z,28148.5
2025-08-27T11:00:00Z,27906.4
2025-08-27T12:00:00Z,28394.6
2025-08-27T13:00:00Z,28122.4
2025-08-27T14:00:00Z,27300.4
2025-08-27T15:00:00Z,27048.6
2025-08-27T16:00:00Z,26772.5
2025-08-27T17:00:00Z,25333.1
2025-08-27T18:00:00Z,24525.1
2025-08-27T19:00:00Z,23631.5
2025-08-27T20:00:00Z,22200.5
2025-08-27T21:00:00Z,22031.5
2025-08-27T22:00:00Z,21505.7
2025-08-27T23:00:00Z,21150.6
2025-08-28T00:00:00Z,20991.2
2025-08-28T01:00:00Z,20553.3
2025-08-28T02:00:00Z,20899.7
2025-08-28T03:00:00Z,21448.5
2025-08-28T04:00:00Z,22208.0
2025-08-28T05:00:00Z,23173.7
2025-08-28T06:00:00Z,24743.9
2025-08-28T07:00:00Z,25892.6
2025-08-28T08:00:00Z,26149.0
2025-08-28T09:00:00Z,27412.3
2025-08-28T10:00:00Z,27360.0
2025-08-28T11:00:00Z,28045.9
2025-08-28T12:00:00Z,27962.5
2025-08-28T13:00:00Z,27628.2
2025-08-28T14:00:00Z,27781.7
2025-08-28T15:00:00Z,27176.4
2025-08-28T16:00:00Z,26221.9
2025-08-28T17:00:00Z,25254.5
2025-08-28T18:00:00Z,24107.9
2025-08-28T19:00:00Z,23383.1
2025-08-28T20:00:00Z,22302.8
2025-08-28T21:00:00Z,21773.5
2025-08-28T22:00:00Z,20696.8
2025-08-28T23:00:00Z,20770.8
2025-08-29T00:00:00Z,20792.5
2025-08-29T01:00:00Z,21158.4
2025-08-29T02:00:00Z,21481.9
2025-08-29T03:00:00Z,21818.8
2025-08-29T04:00:00Z,22337.1
2025-08-29T05:00:00Z,22898.9
2025-08-29T06:00:00Z,24481.7
2025-08-29T07:00:00Z,25935.5
2025-08-29T08:00:00Z,26944.0
2025-08-29T09:00:00Z,26394.8
2025-08-29T10:00:00Z,27580.3
2025-08-29T11:00:00Z,28095.8
2025-08-29T12:00:00Z,28005.5
2025-08-29T13:00:00Z,28268.0
2025-08-29T14:00:00Z,27835.2
2025-08-29T15:00:00Z,27044.0
2025-08-29T16:00:00Z,26399.7
2025-08-29T17:00:00Z,24970.0
2025-08-29T18:00:00Z,24171.1
2025-08-29T19:00:00Z,23197.3
2025-08-29T20:00:00Z,22842.8
2025-08-29T21:00:00Z,21233.7
2025-08-29T22:00:00Z,21074.8
2025-08-29T23:00:00Z,21007.8
2025-08-30T00:00:00Z,19599.3
2025-08-30T01:00:00Z,20008.6
2025-08-30T02:00:00Z,19923.7
2025-08-30T03:00:00Z,20885.9
2025-08-30T04:00:00Z,21835.1
2025-08-30T05:00:00Z,23191.9
2025-08-30T06:00:00Z,23706.7
2025-08-30T07:00:00Z,24929.9
2025-08-30T08:00:00Z,25405.3
2025-08-30T09:00:00Z,26232.1
2025-08-30T10:00:00Z,27317.5
2025-08-30T11:00:00Z,27386.3
2025-08-30T12:00:00Z,27786.3
2025-08-30T13:00:00Z,27427.4
2025-08-30T14:00:00Z,27495.9
2025-08-30T15:00:00Z,26967.3
2025-08-30T16:00:00Z,25134.9
2025-08-30T17:00:00Z,25071.0
2025-08-30T18:00:00Z,23615.6
2025-08-30T19:00:00Z,22631.5
2025-08-30T20:00:00Z,21511.4
2025-08-30T21:00:00Z,20981.1
2025-08-30T22:00:00Z,19780.5
2025-08-30T23:00:00Z,19519.1
2025-08-31T00:00:00Z,19436.3
2025-08-31T01:00:00Z,19906.7
2025-08-31T02:00:00Z,20495.2
2025-08-31T03:00:00Z,21049.1
2025-08-31T04:00:00Z,21729.7
2025-08-31T05:00:00Z,22351.1
2025-08-31T06:00:00Z,22974.3
2025-08-31T07:00:00Z,24667.9
2025-08-31T08:00:00Z,25515.2
2025-08-31T09:00:00Z,26382.0
2025-08-31T10:00:00Z,27338.8
2025-08-31T11:00:00Z,27206.9
2025-08-31T12:00:00Z,27332.0
2025-08-31T13:00:00Z,26521.3
2025-08-31T14:00:00Z,27060.1
2025-08-31T15:00:00Z,26251.9
2025-08-31T16:00:00Z,25231.4
2025-08-31T17:00:00Z,24662.8
2025-08-31T18:00:00Z,23205.2
2025-08-31T19:00:00Z,22368.6
2025-08-31T20:00:00Z,22243.3
2025-08-31T21:00:00Z,21055.5
2025-08-31T22:00:00Z,20498.5
2025-08-31T23:00:00Z,20056.3
2025-09-01T00:00:00Z,21021.3
2025-09-01T01:00:00Z,21008.3
2025-09-01T02:00:00Z,22065.6
2025-09-01T03:00:00Z,21920.1
2025-09-01T04:00:00Z,22978.6
2025-09-01T05:00:00Z,23601.9
2025-09-01T06:00:00Z,24557.2
2025-09-01T07:00:00Z,24884.5
2025-09-01T08:00:00Z,25979.7
2025-09-01T09:00:00Z,27893.8
2025-09-01T10:00:00Z,28487.4
2025-09-01T11:00:00Z,28253.6
2025-09-01T12:00:00Z,28514.7
2025-09-01T13:00:00Z,28590.5
2025-09-01T14:00:00Z,27688.5
2025-09-01T15:00:00Z,27963.7
2025-09-01T16:00:00Z,26261.9
2025-09-01T17:00:00Z,25434.4
2025-09-01T18:00:00Z,23779.6
2025-09-01T19:00:00Z,24156.2
2025-09-01T20:00:00Z,22757.8
2025-09-01T21:00:00Z,22462.0
2025-09-01T22:00:00Z,21005.4
2025-09-01T23:00:00Z,21050.8
2025-09-02T00:00:00Z,20893.1
2025-09-02T01:00:00Z,21064.3
2025-09-02T02:00:00Z,22052.3
2025-09-02T03:00:00Z,22726.5
2025-09-02T04:00:00Z,23240.0
2025-09-02T05:00:00Z,23597.9
2025-09-02T06:00:00Z,25011.8
2025-09-02T07:00:00Z,26155.1
2025-09-02T08:00:00Z,26832.1
2025-09-02T09:00:00Z,27634.3
2025-09-02T10:00:00Z,28218.9
2025-09-02T11:00:00Z,28159.6
2025-09-02T12:00:00Z,28659.3
2025-09-02T13:00:00Z,28964.4
2025-09-02T14:00:00Z,27743.7
2025-09-02T15:00:00Z,27477.1
2025-09-02T16:00:00Z,26920.4
2025-09-02T17:00:00Z,25283.4
2025-09-02T18:00:00Z,24679.5
2025-09-02T19:00:00Z,23180.2
2025-09-02T20:00:00Z,22600.5
2025-09-02T21:00:00Z,21544.3
2025-09-02T22:00:00Z,21095.5
2025-09-02T23:00:00Z,20840.6
2025-09-03T00:00:00Z,20834.9
2025-09-03T01:00:00Z,20989.2
2025-09-03T02:00:00Z,20666.6
2025-09-03T03:00:00Z,22563.0
2025-09-03T04:00:00Z,22762.5
2025-09-03T05:00:00Z,23428.4
2025-09-03T06:00:00Z,24576.5
2025-09-03T07:00:00Z,25876.1
2025-09-03T08:00:00Z,26384.3
2025-09-03T09:00:00Z,27371.8
2025-09-03T10:00:00Z,27966.5
2025-09-03T11:00:00Z,28676.2
2025-09-03T12:00:00Z,28393.6
2025-09-03T13:00:00Z,28648.5
2025-09-03T14:00:00Z,28229.7
2025-09-03T15:00:00Z,27457.0
2025-09-03T16:00:00Z,27104.8
2025-09-03T17:00:00Z,25782.5
2025-09-03T18:00:00Z,24399.4
2025-09-03T19:00:00Z,23875.5
2025-09-03T20:00:00Z,22889.3
2025-09-03T21:00:00Z,22038.1
2025-09-03T22:00:00Z,21512.9
2025-09-03T23:00:00Z,21808.1
2025-09-04T00:00:00Z,21053.2
2025-09-04T01:00:00Z,21256.6
2025-09-04T02:00:00Z,21415.6
2025-09-04T03:00:00Z,22528.7
2025-09-04T04:00:00Z,22888.1
2025-09-04T05:00:00Z,23578.5
2025-09-04T06:00:00Z,24441.5
2025-09-04T07:00:00Z,26001.8
2025-09-04T08:00:00Z,27001.7
2025-09-04T09:00:00Z,27050.7
2025-09-04T10:00:00Z,27941.4
2025-09-04T11:00:00Z,28765.4
2025-09-04T12:00:00Z,29020.7
2025-09-04T13:00:00Z,28134.7
2025-09-04T14:00:00Z,28042.7
2025-09-04T15:00:00Z,27828.5
2025-09-04T16:00:00Z,26590.6
2025-09-04T17:00:00Z,25687.3
2025-09-04T18:00:00Z,24660.3
2025-09-04T19:00:00Z,23415.9
2025-09-04T20:00:00Z,22920.8
2025-09-04T21:00:00Z,22204.9
2025-09-04T22:00:00Z,21043.7
2025-09-04T23:00:00Z,21141.2
2025-09-05T00:00:00Z,21389.0
2025-09-05T01:00:00Z,21231.1
2025-09-05T02:00:00Z,21854.0
2025-09-05T03:00:00Z,21985.9
2025-09-05T04:00:00Z,23401.1
2025-09-05T05:00:00Z,23638.5
2025-09-05T06:00:00Z,25495.1
2025-09-05T07:00:00Z,25743.0
2025-09-05T08:00:00Z,26586.4
2025-09-05T09:00:00Z,27329.0
2025-09-05T10:00:00Z,28096.1
2025-09-05T11:00:00Z,28455.5
2025-09-05T12:00:00Z,28523.8
2025-09-05T13:00:00Z,28508.1
2025-09-05T14:00:00Z,28442.2
2025-09-05T15:00:00Z,27899.4
2025-09-05T16:00:00Z,26708.7
2025-09-05T17:00:00Z,26283.9
2025-09-05T18:00:00Z,24568.3
2025-09-05T19:00:00Z,23560.4
2025-09-05T20:00:00Z,22597.4
2025-09-05T21:00:00Z,22355.4
2025-09-05T22:00:00Z,21050.9
2025-09-05T23:00:00Z,20715.2
2025-09-06T00:00:00Z,20426.6
2025-09-06T01:00:00Z,20697.4
2025-09-06T02:00:00Z,20963.8
2025-09-06T03:00:00Z,20665.5
2025-09-06T04:00:00Z,21947.1
2025-09-06T05:00:00Z,23140.6
2025-09-06T06:00:00Z,23902.3
2025-09-06T07:00:00Z,24349.3
2025-09-06T08:00:00Z,25689.2
2025-09-06T09:00:00Z,26052.0
2025-09-06T10:00:00Z,26814.5
2025-09-06T11:00:00Z,28287.4
2025-09-06T12:00:00Z,27945.3
2025-09-06T13:00:00Z,27124.0
2025-09-06T14:00:00Z,26728.0
2025-09-06T15:00:00Z,26743.9
2025-09-06T16:00:00Z,25602.7
2025-09-06T17:00:00Z,25054.0
2025-09-06T18:00:00Z,23662.2
2025-09-06T19:00:00Z,22807.8
2025-09-06T20:00:00Z,22018.6
2025-09-06T21:00:00Z,20811.3
2025-09-06T22:00:00Z,19913.2
2025-09-06T23:00:00Z,19761.2
2025-09-07T00:00:00Z,19842.5
2025-09-07T01:00:00Z,20132.6
2025-09-07T02:00:00Z,20564.2
2025-09-07T03:00:00Z,21174.3
2025-09-07T04:00:00Z,22159.7
2025-09-07T05:00:00Z,22637.6
2025-09-07T06:00:00Z,24370.7
2025-09-07T07:00:00Z,25563.6
2025-09-07T08:00:00Z,25967.8
2025-09-07T09:00:00Z,26709.2
2025-09-07T10:00:00Z,27662.5
2025-09-07T11:00:00Z,27855.1
2025-09-07T12:00:00Z,27838.4
2025-09-07T13:00:00Z,27592.7
2025-09-07T14:00:00Z,27023.9
2025-09-07T15:00:00Z,26272.7
2025-09-07T16:00:00Z,26063.6
2025-09-07T17:00:00Z,25301.3
2025-09-07T18:00:00Z,23581.9
2025-09-07T19:00:00Z,22900.2
2025-09-07T20:00:00Z,22063.4
2025-09-07T21:00:00Z,21057.9
2025-09-07T22:00:00Z,20337.1
2025-09-07T23:00:00Z,20070.3
2025-09-08T00:00:00Z,20555.4
2025-09-08T01:00:00Z,21300.4
2025-09-08T02:00:00Z,21610.7
2025-09-08T03:00:00Z,22998.2
2025-09-08T04:00:00Z,23417.5
2025-09-08T05:00:00Z,23935.6
2025-09-08T06:00:00Z,25042.1
2025-09-08T07:00:00Z,26594.1
2025-09-08T08:00:00Z,27488.8
2025-09-08T09:00:00Z,27830.7
2025-09-08T10:00:00Z,28342.9
2025-09-08T11:00:00Z,28305.0
2025-09-08T12:00:00Z,28795.7
2025-09-08T13:00:00Z,28715.1
2025-09-08T14:00:00Z,28147.7
2025-09-08T15:00:00Z,28327.2
2025-09-08T16:00:00Z,26369.9
2025-09-08T17:00:00Z,25999.0
2025-09-08T18:00:00Z,25175.3
2025-09-08T19:00:00Z,24186.8
2025-09-08T20:00:00Z,23658.3
2025-09-08T21:00:00Z,21868.2
2025-09-08T22:00:00Z,21464.5
2025-09-08T23:00:00Z,21350.8
2025-09-09T00:00:00Z,21282.0
2025-09-09T01:00:00Z,21246.9
2025-09-09T02:00:00Z,21510.5
2025-09-09T03:00:00Z,22713.7
2025-09-09T04:00:00Z,22830.1
2025-09-09T05:00:00Z,23912.8
2025-09-09T06:00:00Z,25557.6
2025-09-09T07:00:00Z,26650.9
2025-09-09T08:00:00Z,27303.9
2025-09-09T09:00:00Z,27545.9
2025-09-09T10:00:00Z,28161.1
2025-09-09T11:00:00Z,28531.5
2025-09-09T12:00:00Z,28587.3
2025-09-09T13:00:00Z,28686.8
2025-09-09T14:00:00Z,28843.5
2025-09-09T15:00:00Z,27893.7
2025-09-09T16:00:00Z,26780.6
2025-09-09T17:00:00Z,25843.3
2025-09-09T18:00:00Z,24717.3
2025-09-09T19:00:00Z,24484.6
2025-09-09T20:00:00Z,22517.5
2025-09-09T21:00:00Z,22455.5
2025-09-09T22:00:00Z,21291.8
2025-09-09T23:00:00Z,21028.6
2025-09-10T00:00:00Z,20809.1
2025-09-10T01:00:00Z,21728.1
2025-09-10T02:00:00Z,21777.3
2025-09-10T03:00:00Z,23297.7
2025-09-10T04:00:00Z,22881.2
2025-09-10T05:00:00Z,23792.5
2025-09-10T06:00:00Z,25331.9
2025-09-10T07:00:00Z,26320.7
2025-09-10T08:00:00Z,26979.2
2025-09-10T09:00:00Z,27218.7
2025-09-10T10:00:00Z,28944.8
2025-09-10T11:00:00Z,29048.2
2025-09-10T12:00:00Z,29124.7
2025-09-10T13:00:00Z,28674.1
2025-09-10T14:00:00Z,28685.1
2025-09-10T15:00:00Z,27685.8
2025-09-10T16:00:00Z,27080.6
2025-09-10T17:00:00Z,26075.6
2025-09-10T18:00:00Z,25542.1
2025-09-10T19:00:00Z,23988.3
2025-09-10T20:00:00Z,23098.0
2025-09-10T21:00:00Z,22765.2
2025-09-10T22:00:00Z,21869.8
2025-09-10T23:00:00Z,21405.0
2025-09-11T00:00:00Z,21251.2
2025-09-11T01:00:00Z,21765.4
2025-09-11T02:00:00Z,21635.7
2025-09-11T03:00:00Z,22608.8
2025-09-11T04:00:00Z,23908.4
2025-09-11T05:00:00Z,24314.0
2025-09-11T06:00:00Z,24930.9
2025-09-11T07:00:00Z,25794.8
2025-09-11T08:00:00Z,27158.2
2025-09-11T09:00:00Z,27514.8
2025-09-11T10:00:00Z,28009.5
2025-09-11T11:00:00Z,28662.7
2025-09-11T12:00:00Z,28685.8
2025-09-11T13:00:00Z,29187.5
2025-09-11T14:00:00Z,28054.1
2025-09-11T15:00:00Z,28416.1
2025-09-11T16:00:00Z,26866.8
2025-09-11T17:00:00Z,26216.3
2025-09-11T18:00:00Z,25395.9
2025-09-11T19:00:00Z,24253.4
2025-09-11T20:00:00Z,23483.1
2025-09-11T21:00:00Z,22135.1
2025-09-11T22:00:00Z,21108.7
2025-09-11T23:00:00Z,21388.8
2025-09-12T00:00:00Z,20829.1
2025-09-12T01:00:00Z,21314.1
2025-09-12T02:00:00Z,22189.3
2025-09-12T03:00:00Z,22434.6
2025-09-12T04:00:00Z,23105.8
2025-09-12T05:00:00Z,23863.1
2025-09-12T06:00:00Z,25130.2
2025-09-12T07:00:00Z,26166.1
2025-09-12T08:00:00Z,26643.0
2025-09-12T09:00:00Z,28044.8
2025-09-12T10:00:00Z,28216.9
2025-09-12T11:00:00Z,29018.0
2025-09-12T12:00:00Z,28933.8
2025-09-12T13:00:00Z,29265.8
2025-09-12T14:00:00Z,28837.6
2025-09-12T15:00:00Z,27952.3
2025-09-12T16:00:00Z,27115.9
2025-09-12T17:00:00Z,26362.0
2025-09-12T18:00:00Z,25668.2
2025-09-12T19:00:00Z,24569.0
2025-09-12T20:00:00Z,23349.0
2025-09-12T21:00:00Z,22602.0
2025-09-12T22:00:00Z,22396.1
2025-09-12T23:00:00Z,20978.9
2025-09-13T00:00:00Z,20523.9
2025-09-13T01:00:00Z,20192.0
2025-09-13T02:00:00Z,21303.7
2025-09-13T03:00:00Z,21322.8
2025-09-13T04:00:00Z,22245.4
2025-09-13T05:00:00Z,22862.9
2025-09-13T06:00:00Z,24216.5
2025-09-13T07:00:00Z,25465.6
2025-09-13T08:00:00Z,26679.3
2025-09-13T09:00:00Z,26534.8
2025-09-13T10:00:00Z,27412.9
2025-09-13T11:00:00Z,29198.1
2025-09-13T12:00:00Z,28376.8
2025-09-13T13:00:00Z,27940.9
2025-09-13T14:00:00Z,27726.9
2025-09-13T15:00:00Z,26089.2
2025-09-13T16:00:00Z,26667.7
2025-09-13T17:00:00Z,25269.8
2025-09-13T18:00:00Z,23759.7
2025-09-13T19:00:00Z,23599.7
2025-09-13T20:00:00Z,22091.4
2025-09-13T21:00:00Z,21165.2
2025-09-13T22:00:00Z,21051.6
2025-09-13T23:00:00Z,20627.6
2025-09-14T00:00:00Z,20265.2
2025-09-14T01:00:00Z,20520.8
2025-09-14T02:00:00Z,20497.6
2025-09-14T03:00:00Z,21077.8
2025-09-14T04:00:00Z,22630.8
2025-09-14T05:00:00Z,23695.2
2025-09-14T06:00:00Z,24408.6
2025-09-14T07:00:00Z,25388.1
2025-09-14T08:00:00Z,26070.8
2025-09-14T09:00:00Z,26954.9
2025-09-14T10:00:00Z,27308.4
2025-09-14T11:00:00Z,28559.9
2025-09-14T12:00:00Z,27943.7
2025-09-14T13:00:00Z,28126.8
2025-09-14T14:00:00Z,27609.7
2025-09-14T15:00:00Z,26546.8
2025-09-14T16:00:00Z,26821.3
2025-09-14T17:00:00Z,25147.3
2025-09-14T18:00:00Z,24023.0
2025-09-14T19:00:00Z,23308.8
2025-09-14T20:00:00Z,22053.2
2025-09-14T21:00:00Z,21552.7
2025-09-14T22:00:00Z,20621.8
2025-09-14T23:00:00Z,20726.8
2025-09-15T00:00:00Z,21547.3
2025-09-15T01:00:00Z,21221.1
2025-09-15T02:00:00Z,22379.5
2025-09-15T03:00:00Z,22721.4
2025-09-15T04:00:00Z,23103.1
2025-09-15T05:00:00Z,24503.8
2025-09-15T06:00:00Z,25524.9
2025-09-15T07:00:00Z,26983.3
2025-09-15T08:00:00Z,27037.4
2025-09-15T09:00:00Z,28389.2
2025-09-15T10:00:00Z,28696.8
2025-09-15T11:00:00Z,29310.9
2025-09-15T12:00:00Z,29159.8
2025-09-15T13:00:00Z,29094.3
2025-09-15T14:00:00Z,28887.9
2025-09-15T15:00:00Z,27732.0
2025-09-15T16:00:00Z,26639.4
2025-09-15T17:00:00Z,26383.7
2025-09-15T18:00:00Z,25245.3
2025-09-15T19:00:00Z,24419.2
2025-09-15T20:00:00Z,23668.3
2025-09-15T21:00:00Z,22593.6
2025-09-15T22:00:00Z,22435.3
2025-09-15T23:00:00Z,21653.1
2025-09-16T00:00:00Z,21615.3
2025-09-16T01:00:00Z,21979.0
2025-09-16T02:00:00Z,22286.0
2025-09-16T03:00:00Z,22681.5
2025-09-16T04:00:00Z,23549.6
2025-09-16T05:00:00Z,24195.6
2025-09-16T06:00:00Z,25239.9
2025-09-16T07:00:00Z,26469.3
2025-09-16T08:00:00Z,27629.1
2025-09-16T09:00:00Z,28025.4
2025-09-16T10:00:00Z,29049.4
2025-09-16T11:00:00Z,29790.0
2025-09-16T12:00:00Z,29988.4
2025-09-16T13:00:00Z,29174.3
2025-09-16T14:00:00Z,29120.9
2025-09-16T15:00:00Z,28365.6
2025-09-16T16:00:00Z,27624.1
2025-09-16T17:00:00Z,26711.3
2025-09-16T18:00:00Z,25612.3
2025-09-16T19:00:00Z,24712.3
2025-09-16T20:00:00Z,23578.3
2025-09-16T21:00:00Z,22634.8
2025-09-16T22:00:00Z,22187.7
2025-09-16T23:00:00Z,21880.0
2025-09-17T00:00:00Z,22026.4
2025-09-17T01:00:00Z,21883.4
2025-09-17T02:00:00Z,22388.4
2025-09-17T03:00:00Z,23221.1
2025-09-17T04:00:00Z,23260.3
2025-09-17T05:00:00Z,24406.5
2025-09-17T06:00:00Z,25663.0
2025-09-17T07:00:00Z,26495.5
2025-09-17T08:00:00Z,27090.7
2025-09-17T09:00:00Z,28534.3
2025-09-17T10:00:00Z,28805.7
2025-09-17T11:00:00Z,28891.3
2025-09-17T12:00:00Z,29955.1
2025-09-17T13:00:00Z,28800.1
2025-09-17T14:00:00Z,28823.3
2025-09-17T15:00:00Z,27998.5
2025-09-17T16:00:00Z,27451.1
2025-09-17T17:00:00Z,26667.3
2025-09-17T18:00:00Z,25224.2
2025-09-17T19:00:00Z,24455.6
2025-09-17T20:00:00Z,23516.7
2025-09-17T21:00:00Z,22436.9
2025-09-17T22:00:00Z,22522.6
2025-09-17T23:00:00Z,21817.1
2025-09-18T00:00:00Z,21578.1
2025-09-18T01:00:00Z,21587.8
2025-09-18T02:00:00Z,22079.7
2025-09-18T03:00:00Z,22845.9
2025-09-18T04:00:00Z,23449.9
2025-09-18T05:00:00Z,24930.9
2025-09-18T06:00:00Z,24707.1
2025-09-18T07:00:00Z,25834.5
2025-09-18T08:00:00Z,27371.9
2025-09-18T09:00:00Z,27659.1
2025-09-18T10:00:00Z,28844.0
2025-09-18T11:00:00Z,29039.2
2025-09-18T12:00:00Z,29569.6
2025-09-18T13:00:00Z,29384.5
2025-09-18T14:00:00Z,29287.3
2025-09-18T15:00:00Z,28549.6
2025-09-18T16:00:00Z,27858.4
2025-09-18T17:00:00Z,26695.2
2025-09-18T18:00:00Z,25870.5
2025-09-18T19:00:00Z,24690.0
2025-09-18T20:00:00Z,23408.4
2025-09-18T21:00:00Z,22397.2
2025-09-18T22:00:00Z,21797.3
2025-09-18T23:00:00Z,21957.3
2025-09-19T00:00:00Z,20942.3
2025-09-19T01:00:00Z,21898.2
2025-09-19T02:00:00Z,21984.6
2025-09-19T03:00:00Z,23076.3
2025-09-19T04:00:00Z,23702.6
2025-09-19T05:00:00Z,24326.9
2025-09-19T06:00:00Z,25570.9
2025-09-19T07:00:00Z,25832.3
2025-09-19T08:00:00Z,27581.4
2025-09-19T09:00:00Z,28443.3
2025-09-19T10:00:00Z,28314.2
2025-09-19T11:00:00Z,29567.7
2025-09-19T12:00:00Z,29384.6
2025-09-19T13:00:00Z,29347.2
2025-09-19T14:00:00Z,28449.3
2025-09-19T15:00:00Z,28488.6
2025-09-19T16:00:00Z,27682.6
2025-09-19T17:00:00Z,26560.8
2025-09-19T18:00:00Z,25250.8
2025-09-19T19:00:00Z,24815.3
2025-09-19T20:00:00Z,24041.3
2025-09-19T21:00:00Z,22970.6
2025-09-19T22:00:00Z,22551.6
2025-09-19T23:00:00Z,21656.5
2025-09-20T00:00:00Z,20731.3
2025-09-20T01:00:00Z,20934.5
2025-09-20T02:00:00Z,21246.1
2025-09-20T03:00:00Z,22720.1
2025-09-20T04:00:00Z,22747.7
2025-09-20T05:00:00Z,23362.9
2025-09-20T06:00:00Z,24808.7
2025-09-20T07:00:00Z,25191.6
2025-09-20T08:00:00Z,26590.3
2025-09-20T09:00:00Z,27518.9
2025-09-20T10:00:00Z,27726.4
2025-09-20T11:00:00Z,28167.6
2025-09-20T12:00:00Z,28100.7
2025-09-20T13:00:00Z,28314.2
2025-09-20T14:00:00Z,27669.9
2025-09-20T15:00:00Z,27833.0
2025-09-20T16:00:00Z,26685.2
2025-09-20T17:00:00Z,25475.6
2025-09-20T18:00:00Z,24094.4
2025-09-20T19:00:00Z,24207.0
2025-09-20T20:00:00Z,23041.9
2025-09-20T21:00:00Z,21976.8
2025-09-20T22:00:00Z,21275.8
2025-09-20T23:00:00Z,20882.7
2025-09-21T00:00:00Z,20582.9
2025-09-21T01:00:00Z,21470.0
2025-09-21T02:00:00Z,21316.4
2025-09-21T03:00:00Z,21400.5
2025-09-21T04:00:00Z,22450.7
2025-09-21T05:00:00Z,22761.8
2025-09-21T06:00:00Z,24802.1
2025-09-21T07:00:00Z,25834.0
2025-09-21T08:00:00Z,27087.8
2025-09-21T09:00:00Z,27991.8
2025-09-21T10:00:00Z,27678.1
2025-09-21T11:00:00Z,28459.3
2025-09-21T12:00:00Z,28766.4
2025-09-21T13:00:00Z,28569.4
2025-09-21T14:00:00Z,27765.1
2025-09-21T15:00:00Z,27574.2
2025-09-21T16:00:00Z,26676.2
2025-09-21T17:00:00Z,26024.5
2025-09-21T18:00:00Z,24578.9
2025-09-21T19:00:00Z,23512.9
2025-09-21T20:00:00Z,22495.2
2025-09-21T21:00:00Z,21738.6
2025-09-21T22:00:00Z,21000.6
2025-09-21T23:00:00Z,20751.8
2025-09-22T00:00:00Z,21998.3
2025-09-22T01:00:00Z,22115.5
2025-09-22T02:00:00Z,22776.9
2025-09-22T03:00:00Z,23317.0
2025-09-22T04:00:00Z,23964.6
2025-09-22T05:00:00Z,24322.3
2025-09-22T06:00:00Z,25873.6
2025-09-22T07:00:00Z,27062.4
2025-09-22T08:00:00Z,27198.3
2025-09-22T09:00:00Z,28056.5
2025-09-22T10:00:00Z,28720.8
2025-09-22T11:00:00Z,29077.9
2025-09-22T12:00:00Z,29449.8
2025-09-22T13:00:00Z,29109.9
2025-09-22T14:00:00Z,29149.5
2025-09-22T15:00:00Z,28021.5
2025-09-22T16:00:00Z,27571.2
2025-09-22T17:00:00Z,26521.1
2025-09-22T18:00:00Z,25371.5
2025-09-22T19:00:00Z,25017.6
2025-09-22T20:00:00Z,23763.6
2025-09-22T21:00:00Z,23129.9
2025-09-22T22:00:00Z,22235.6
2025-09-22T23:00:00Z,22183.6
2025-09-23T00:00:00Z,22058.4
2025-09-23T01:00:00Z,21943.1
2025-09-23T02:00:00Z,21807.0
2025-09-23T03:00:00Z,23253.9
2025-09-23T04:00:00Z,24011.4
2025-09-23T05:00:00Z,24777.1
2025-09-23T06:00:00Z,25795.0
2025-09-23T07:00:00Z,26754.9
2025-09-23T08:00:00Z,27707.1
2025-09-23T09:00:00Z,28120.8
2025-09-23T10:00:00Z,29038.8
2025-09-23T11:00:00Z,29544.3
2025-09-23T12:00:00Z,29376.6
2025-09-23T13:00:00Z,29130.1
2025-09-23T14:00:00Z,29654.4
2025-09-23T15:00:00Z,28639.2
2025-09-23T16:00:00Z,27546.8
2025-09-23T17:00:00Z,26557.1
2025-09-23T18:00:00Z,24867.9
2025-09-23T19:00:00Z,24261.1
2025-09-23T20:00:00Z,23709.0
2025-09-23T21:00:00Z,23404.6
2025-09-23T22:00:00Z,21716.4
2025-09-23T23:00:00Z,21767.6
2025-09-24T00:00:00Z,22510.0
2025-09-24T01:00:00Z,22241.4
2025-09-24T02:00:00Z,22544.7
2025-09-24T03:00:00Z,23408.4
2025-09-24T04:00:00Z,23784.5
2025-09-24T05:00:00Z,24696.1
2025-09-24T06:00:00Z,25981.0
2025-09-24T07:00:00Z,27023.0
2025-09-24T08:00:00Z,27336.6
2025-09-24T09:00:00Z,28969.3
2025-09-24T10:00:00Z,28530.7
2025-09-24T11:00:00Z,29253.1
2025-09-24T12:00:00Z,30596.1
2025-09-24T13:00:00Z,29312.2
2025-09-24T14:00:00Z,29302.3
2025-09-24T15:00:00Z,28156.7
2025-09-24T16:00:00Z,27577.1
2025-09-24T17:00:00Z,26518.7
2025-09-24T18:00:00Z,25624.0
2025-09-24T19:00:00Z,24965.1
2025-09-24T20:00:00Z,24386.3
2025-09-24T21:00:00Z,23306.4
2025-09-24T22:00:00Z,22913.2
2025-09-24T23:00:00Z,21864.7
2025-09-25T00:00:00Z,22399.6
2025-09-25T01:00:00Z,22241.2
2025-09-25T02:00:00Z,22886.0
2025-09-25T03:00:00Z,22923.4
2025-09-25T04:00:00Z,23781.5
2025-09-25T05:00:00Z,25225.4
2025-09-25T06:00:00Z,25980.0
2025-09-25T07:00:00Z,26816.0
2025-09-25T08:00:00Z,27491.1
2025-09-25T09:00:00Z,28477.1
2025-09-25T10:00:00Z,29277.5
2025-09-25T11:00:00Z,29738.4
2025-09-25T12:00:00Z,29458.8
2025-09-25T13:00:00Z,29395.6
2025-09-25T14:00:00Z,29257.0
2025-09-25T15:00:00Z,28149.5
2025-09-25T16:00:00Z,28007.4
2025-09-25T17:00:00Z,26772.1
2025-09-25T18:00:00Z,25731.5
2025-09-25T19:00:00Z,23999.5
2025-09-25T20:00:00Z,23330.6
2025-09-25T21:00:00Z,22709.3
2025-09-25T22:00:00Z,22241.1
2025-09-25T23:00:00Z,21689.6
2025-09-26T00:00:00Z,22060.7
2025-09-26T01:00:00Z,22114.3
2025-09-26T02:00:00Z,22370.2
2025-09-26T03:00:00Z,22414.8
2025-09-26T04:00:00Z,24316.5
2025-09-26T05:00:00Z,24707.7
2025-09-26T06:00:00Z,25985.1
2025-09-26T07:00:00Z,26577.8
2025-09-26T08:00:00Z,27722.6
2025-09-26T09:00:00Z,28745.3
2025-09-26T10:00:00Z,29210.0
2025-09-26T11:00:00Z,29828.5
2025-09-26T12:00:00Z,29592.4
2025-09-26T13:00:00Z,30159.2
2025-09-26T14:00:00Z,28525.2
2025-09-26T15:00:00Z,28343.4
2025-09-26T16:00:00Z,28036.7
2025-09-26T17:00:00Z,26710.9
2025-09-26T18:00:00Z,25650.9
2025-09-26T19:00:00Z,24224.6
2025-09-26T20:00:00Z,24249.9
2025-09-26T21:00:00Z,22455.9
2025-09-26T22:00:00Z,22615.8
2025-09-26T23:00:00Z,22129.8
2025-09-27T00:00:00Z,21175.2
2025-09-27T01:00:00Z,21494.0
2025-09-27T02:00:00Z,21184.2
2025-09-27T03:00:00Z,21762.3
2025-09-27T04:00:00Z,22718.8
2025-09-27T05:00:00Z,23198.2
2025-09-27T06:00:00Z,25012.0
2025-09-27T07:00:00Z,25618.0
2025-09-27T08:00:00Z,26726.4
2025-09-27T09:00:00Z,27110.4
2025-09-27T10:00:00Z,28088.8
2025-09-27T11:00:00Z,28270.5
2025-09-27T12:00:00Z,28576.9
2025-09-27T13:00:00Z,28118.0
2025-09-27T14:00:00Z,28413.0
2025-09-27T15:00:00Z,27261.3
2025-09-27T16:00:00Z,25850.4
2025-09-27T17:00:00Z,25948.0
2025-09-27T18:00:00Z,24645.9
2025-09-27T19:00:00Z,23459.7
2025-09-27T20:00:00Z,23618.6
2025-09-27T21:00:00Z,21997.7
2025-09-27T22:00:00Z,20971.2
2025-09-27T23:00:00Z,20818.3
2025-09-28T00:00:00Z,21034.8
2025-09-28T01:00:00Z,20971.2
2025-09-28T02:00:00Z,21828.0
2025-09-28T03:00:00Z,22383.8
2025-09-28T04:00:00Z,22586.1
2025-09-28T05:00:00Z,23782.7
2025-09-28T06:00:00Z,24974.8
2025-09-28T07:00:00Z,25634.0
2025-09-28T08:00:00Z,26547.7
2025-09-28T09:00:00Z,27778.0
2025-09-28T10:00:00Z,28253.1
2025-09-28T11:00:00Z,28042.8
2025-09-28T12:00:00Z,28448.5
2025-09-28T13:00:00Z,28360.7
2025-09-28T14:00:00Z,28070.3
2025-09-28T15:00:00Z,27264.8
2025-09-28T16:00:00Z,27128.2
2025-09-28T17:00:00Z,25455.2
2025-09-28T18:00:00Z,24419.8
2025-09-28T19:00:00Z,23838.4
2025-09-28T20:00:00Z,22116.6
2025-09-28T21:00:00Z,21710.8
2025-09-28T22:00:00Z,21630.6
2025-09-28T23:00:00Z,20618.4
2025-09-29T00:00:00Z,21739.8
2025-09-29T01:00:00Z,22491.9
2025-09-29T02:00:00Z,22675.1
2025-09-29T03:00:00Z,23159.8
2025-09-29T04:00:00Z,24018.8
2025-09-29T05:00:00Z,24653.2
2025-09-29T06:00:00Z,25968.6
2025-09-29T07:00:00Z,26802.4
2025-09-29T08:00:00Z,28601.3
2025-09-29T09:00:00Z,28770.1
2025-09-29T10:00:00Z,29101.6
2025-09-29T11:00:00Z,29578.7
2025-09-29T12:00:00Z,29744.6
2025-09-29T13:00:00Z,29152.7
2025-09-29T14:00:00Z,28946.4
2025-09-29T15:00:00Z,29089.2
2025-09-29T16:00:00Z,27348.8
2025-09-29T17:00:00Z,26683.5
2025-09-29T18:00:00Z,26201.3
2025-09-29T19:00:00Z,25360.3
2025-09-29T20:00:00Z,23615.8
2025-09-29T21:00:00Z,23616.5
2025-09-29T22:00:00Z,22417.3
2025-09-29T23:00:00Z,22681.3
2025-09-30T00:00:00Z,22204.7
2025-09-30T01:00:00Z,22084.5
2025-09-30T02:00:00Z,22795.2
2025-09-30T03:00:00Z,23354.1
2025-09-30T04:00:00Z,23724.5
2025-09-30T05:00:00Z,25593.6
2025-09-30T06:00:00Z,25790.7
2025-09-30T07:00:00Z,27270.1
2025-09-30T08:00:00Z,27673.7
2025-09-30T09:00:00Z,28041.3
2025-09-30T10:00:00Z,28880.6
2025-09-30T11:00:00Z,29594.3
2025-09-30T12:00:00Z,29977.5
2025-09-30T13:00:00Z,30192.9
2025-09-30T14:00:00Z,29267.7
2025-09-30T15:00:00Z,28538.0
2025-09-30T16:00:00Z,27434.7
2025-09-30T17:00:00Z,26885.1
2025-09-30T18:00:00Z,25998.4
2025-09-30T19:00:00Z,24192.2
2025-09-30T20:00:00Z,24393.1
2025-09-30T21:00:00Z,23540.6
2025-09-30T22:00:00Z,23294.0
2025-09-30T23:00:00Z,21884.0
2025-10-01T00:00:00Z,22082.2
2025-10-01T01:00:00Z,22205.8
2025-10-01T02:00:00Z,22159.3
2025-10-01T03:00:00Z,22925.1
2025-10-01T04:00:00Z,23680.2
2025-10-01T05:00:00Z,25092.4
2025-10-01T06:00:00Z,26063.6
2025-10-01T07:00:00Z,27356.6
2025-10-01T08:00:00Z,27723.1
2025-10-01T09:00:00Z,28201.6
2025-10-01T10:00:00Z,29405.1
2025-10-01T11:00:00Z,29768.0
2025-10-01T12:00:00Z,29994.6
2025-10-01T13:00:00Z,30049.8
2025-10-01T14:00:00Z,29075.3
2025-10-01T15:00:00Z,28907.6
2025-10-01T16:00:00Z,27528.9
2025-10-01T17:00:00Z,26972.3
2025-10-01T18:00:00Z,26145.8
2025-10-01T19:00:00Z,24888.5
2025-10-01T20:00:00Z,24065.6
2025-10-01T21:00:00Z,22748.6
2025-10-01T22:00:00Z,22374.8
2025-10-01T23:00:00Z,22246.8
2025-10-02T00:00:00Z,21703.2
2025-10-02T01:00:00Z,21946.8
2025-10-02T02:00:00Z,23389.3
2025-10-02T03:00:00Z,23302.0
2025-10-02T04:00:00Z,23751.8
2025-10-02T05:00:00Z,24614.1
2025-10-02T06:00:00Z,26387.5
2025-10-02T07:00:00Z,26038.3
2025-10-02T08:00:00Z,27750.8
2025-10-02T09:00:00Z,28855.2
2025-10-02T10:00:00Z,29082.6
2025-10-02T11:00:00Z,29815.2
2025-10-02T12:00:00Z,29439.3
2025-10-02T13:00:00Z,29639.2
2025-10-02T14:00:00Z,29271.0
2025-10-02T15:00:00Z,28648.0
2025-10-02T16:00:00Z,27891.2
2025-10-02T17:00:00Z,26926.0
2025-10-02T18:00:00Z,26275.5
2025-10-02T19:00:00Z,24831.8
2025-10-02T20:00:00Z,23796.5
2025-10-02T21:00:00Z,23096.1
2025-10-02T22:00:00Z,22475.6
2025-10-02T23:00:00Z,21697.8
2025-10-03T00:00:00Z,21463.0
2025-10-03T01:00:00Z,21773.7
2025-10-03T02:00:00Z,22685.0
2025-10-03T03:00:00Z,22991.7
2025-10-03T04:00:00Z,23872.3
2025-10-03T05:00:00Z,25857.1
2025-10-03T06:00:00Z,26294.6
2025-10-03T07:00:00Z,26863.2
2025-10-03T08:00:00Z,27657.7
2025-10-03T09:00:00Z,29101.9
2025-10-03T10:00:00Z,29020.9
2025-10-03T11:00:00Z,30055.2
2025-10-03T12:00:00Z,29977.9
2025-10-03T13:00:00Z,30102.9
2025-10-03T14:00:00Z,29038.9
2025-10-03T15:00:00Z,28949.9
2025-10-03T16:00:00Z,27277.5
2025-10-03T17:00:00Z,26874.4
2025-10-03T18:00:00Z,26279.2
2025-10-03T19:00:00Z,25157.6
2025-10-03T20:00:00Z,23413.1
2025-10-03T21:00:00Z,23425.2
2025-10-03T22:00:00Z,22737.9
2025-10-03T23:00:00Z,22185.5
2025-10-04T00:00:00Z,20791.2
2025-10-04T01:00:00Z,21064.6
2025-10-04T02:00:00Z,21355.6
2025-10-04T03:00:00Z,22457.5
2025-10-04T04:00:00Z,23101.6
2025-10-04T05:00:00Z,24225.5
2025-10-04T06:00:00Z,25101.5
2025-10-04T07:00:00Z,25465.6
2025-10-04T08:00:00Z,26851.6
2025-10-04T09:00:00Z,28295.8
2025-10-04T10:00:00Z,27862.2
2025-10-04T11:00:00Z,28694.7
2025-10-04T12:00:00Z,28484.7
2025-10-04T13:00:00Z,28318.3
2025-10-04T14:00:00Z,28287.1
2025-10-04T15:00:00Z,27901.7
2025-10-04T16:00:00Z,27054.5
2025-10-04T17:00:00Z,26026.1
2025-10-04T18:00:00Z,25185.0
2025-10-04T19:00:00Z,23357.2
2025-10-04T20:00:00Z,23213.9
2025-10-04T21:00:00Z,22282.2
2025-10-04T22:00:00Z,21480.3
2025-10-04T23:00:00Z,21150.6
2025-10-05T00:00:00Z,20767.2
2025-10-05T01:00:00Z,21547.5
2025-10-05T02:00:00Z,21315.8
2025-10-05T03:00:00Z,21696.3
2025-10-05T04:00:00Z,22967.5
2025-10-05T05:00:00Z,23713.2
2025-10-05T06:00:00Z,24875.1
2025-10-05T07:00:00Z,26382.3
2025-10-05T08:00:00Z,26781.7
2025-10-05T09:00:00Z,27664.5
2025-10-05T10:00:00Z,28967.0
2025-10-05T11:00:00Z,28171.5
2025-10-05T12:00:00Z,28873.1
2025-10-05T13:00:00Z,28999.5
2025-10-05T14:00:00Z,28726.4
2025-10-05T15:00:00Z,28349.2
2025-10-05T16:00:00Z,26615.7
2025-10-05T17:00:00Z,26094.4
2025-10-05T18:00:00Z,24869.5
2025-10-05T19:00:00Z,23756.1
2025-10-05T20:00:00Z,22738.7
2025-10-05T21:00:00Z,21702.5
2025-10-05T22:00:00Z,21668.9
2025-10-05T23:00:00Z,21418.9
2025-10-06T00:00:00Z,21791.1
2025-10-06T01:00:00Z,22510.7
2025-10-06T02:00:00Z,22472.2
2025-10-06T03:00:00Z,22936.4
2025-10-06T04:00:00Z,23215.7
2025-10-06T05:00:00Z,25348.7
2025-10-06T06:00:00Z,26222.1
2025-10-06T07:00:00Z,26888.1
2025-10-06T08:00:00Z,27794.1
2025-10-06T09:00:00Z,28297.7
2025-10-06T10:00:00Z,29498.0
2025-10-06T11:00:00Z,29695.9
2025-10-06T12:00:00Z,30022.8
2025-10-06T13:00:00Z,29774.6
2025-10-06T14:00:00Z,28877.3
2025-10-06T15:00:00Z,28216.5
2025-10-06T16:00:00Z,28057.0
2025-10-06T17:00:00Z,26445.3
2025-10-06T18:00:00Z,26083.0
2025-10-06T19:00:00Z,25290.5
2025-10-06T20:00:00Z,23652.7
2025-10-06T21:00:00Z,23488.7
2025-10-06T22:00:00Z,22673.2
2025-10-06T23:00:00Z,22448.0
2025-10-07T00:00:00Z,21956.3
2025-10-07T01:00:00Z,22289.0
2025-10-07T02:00:00Z,22818.6
2025-10-07T03:00:00Z,23886.4
2025-10-07T04:00:00Z,24332.3
2025-10-07T05:00:00Z,25187.0
2025-10-07T06:00:00Z,25605.2
2025-10-07T07:00:00Z,27131.7
2025-10-07T08:00:00Z,27734.3
2025-10-07T09:00:00Z,28731.9
2025-10-07T10:00:00Z,29455.0
2025-10-07T11:00:00Z,30068.0
2025-10-07T12:00:00Z,30078.4
2025-10-07T13:00:00Z,29816.8
2025-10-07T14:00:00Z,29352.5
2025-10-07T15:00:00Z,29197.8
2025-10-07T16:00:00Z,27674.0
2025-10-07T17:00:00Z,27043.9
2025-10-07T18:00:00Z,26479.0
2025-10-07T19:00:00Z,24973.1
2025-10-07T20:00:00Z,24374.8
2025-10-07T21:00:00Z,23596.1
2025-10-07T22:00:00Z,23335.8
2025-10-07T23:00:00Z,22676.1
2025-10-08T00:00:00Z,21659.3
2025-10-08T01:00:00Z,22324.7
2025-10-08T02:00:00Z,22804.2
2025-10-08T03:00:00Z,23589.3
2025-10-08T04:00:00Z,24244.9
2025-10-08T05:00:00Z,25659.3
2025-10-08T06:00:00Z,26402.7
2025-10-08T07:00:00Z,26660.7
2025-10-08T08:00:00Z,27766.7
2025-10-08T09:00:00Z,28100.9
2025-10-08T10:00:00Z,29941.2
2025-10-08T11:00:00Z,29723.1
2025-10-08T12:00:00Z,29847.2
2025-10-08T13:00:00Z,29247.3
2025-10-08T14:00:00Z,29229.1
2025-10-08T15:00:00Z,28894.9
2025-10-08T16:00:00Z,27823.5
2025-10-08T17:00:00Z,26894.9
2025-10-08T18:00:00Z,25821.5
2025-10-08T19:00:00Z,25665.7
2025-10-08T20:00:00Z,23912.0
2025-10-08T21:00:00Z,22818.4
2025-10-08T22:00:00Z,22506.9
2025-10-08T23:00:00Z,22173.8
2025-10-09T00:00:00Z,22137.3
2025-10-09T01:00:00Z,22217.9
2025-10-09T02:00:00Z,22317.4
2025-10-09T03:00:00Z,23227.4
2025-10-09T04:00:00Z,24215.7
2025-10-09T05:00:00Z,24563.1
2025-10-09T06:00:00Z,26660.4
2025-10-09T07:00:00Z,27567.7
2025-10-09T08:00:00Z,27352.9
2025-10-09T09:00:00Z,28622.5
2025-10-09T10:00:00Z,29683.7
2025-10-09T11:00:00Z,30177.6
2025-10-09T12:00:00Z,30453.6
2025-10-09T13:00:00Z,29138.2
2025-10-09T14:00:00Z,28993.0
2025-10-09T15:00:00Z,28574.8
2025-10-09T16:00:00Z,28123.3
2025-10-09T17:00:00Z,26663.8
2025-10-09T18:00:00Z,26158.4
2025-10-09T19:00:00Z,25167.7
2025-10-09T20:00:00Z,24325.7
2025-10-09T21:00:00Z,22872.5
2025-10-09T22:00:00Z,22745.4
2025-10-09T23:00:00Z,22320.6
2025-10-10T00:00:00Z,22042.8
2025-10-10T01:00:00Z,22737.2
2025-10-10T02:00:00Z,22602.9
2025-10-10T03:00:00Z,23785.4
2025-10-10T04:00:00Z,23918.2
2025-10-10T05:00:00Z,25600.4
2025-10-10T06:00:00Z,26581.6
2025-10-10T07:00:00Z,26774.3
2025-10-10T08:00:00Z,28084.4
2025-10-10T09:00:00Z,28876.7
2025-10-10T10:00:00Z,29069.4
2025-10-10T11:00:00Z,30031.2
2025-10-10T12:00:00Z,30101.7
2025-10-10T13:00:00Z,29492.9
2025-10-10T14:00:00Z,29425.5
2025-10-10T15:00:00Z,29072.4
2025-10-10T16:00:00Z,27932.1
2025-10-10T17:00:00Z,26821.6
2025-10-10T18:00:00Z,26593.3
2025-10-10T19:00:00Z,24740.4
2025-10-10T20:00:00Z,24243.6
2025-10-10T21:00:00Z,23701.5
2025-10-10T22:00:00Z,22981.5
2025-10-10T23:00:00Z,21738.9
2025-10-11T00:00:00Z,21041.6
2025-10-11T01:00:00Z,21237.8
2025-10-11T02:00:00Z,21598.5
2025-10-11T03:00:00Z,22486.3
2025-10-11T04:00:00Z,23259.0
2025-10-11T05:00:00Z,24056.9
2025-10-11T06:00:00Z,25099.3
2025-10-11T07:00:00Z,26342.5
2025-10-11T08:00:00Z,27350.5
2025-10-11T09:00:00Z,27124.4
2025-10-11T10:00:00Z,29069.0
2025-10-11T11:00:00Z,28562.5
2025-10-11T12:00:00Z,29130.3
2025-10-11T13:00:00Z,28213.2
2025-10-11T14:00:00Z,28191.9
2025-10-11T15:00:00Z,27337.4
2025-10-11T16:00:00Z,27304.3
2025-10-11T17:00:00Z,26309.7
2025-10-11T18:00:00Z,25024.5
2025-10-11T19:00:00Z,23969.4
2025-10-11T20:00:00Z,23221.2
2025-10-11T21:00:00Z,21990.0
2025-10-11T22:00:00Z,21485.6
2025-10-11T23:00:00Z,21049.0
2025-10-12T00:00:00Z,21444.1
2025-10-12T01:00:00Z,21316.8
2025-10-12T02:00:00Z,21277.8
2025-10-12T03:00:00Z,22419.0
2025-10-12T04:00:00Z,23276.9
2025-10-12T05:00:00Z,24488.0
2025-10-12T06:00:00Z,24852.1
2025-10-12T07:00:00Z,26163.7
2025-10-12T08:00:00Z,27640.8
2025-10-12T09:00:00Z,27654.2
2025-10-12T10:00:00Z,28254.6
2025-10-12T11:00:00Z,28924.6
2025-10-12T12:00:00Z,28726.1
2025-10-12T13:00:00Z,28758.7
2025-10-12T14:00:00Z,28208.4
2025-10-12T15:00:00Z,27504.1
2025-10-12T16:00:00Z,27247.4
2025-10-12T17:00:00Z,25908.2
2025-10-12T18:00:00Z,24704.5
2025-10-12T19:00:00Z,23940.3
2025-10-12T20:00:00Z,23057.4
2025-10-12T21:00:00Z,22402.4
2025-10-12T22:00:00Z,21996.7
2025-10-12T23:00:00Z,21883.5
2025-10-13T00:00:00Z,21854.2
2025-10-13T01:00:00Z,22304.2
2025-10-13T02:00:00Z,22176.0
2025-10-13T03:00:00Z,23453.2
2025-10-13T04:00:00Z,24349.7
2025-10-13T05:00:00Z,24895.7
2025-10-13T06:00:00Z,25807.9
2025-10-13T07:00:00Z,26779.9
2025-10-13T08:00:00Z,27544.4
2025-10-13T09:00:00Z,29035.6
2025-10-13T10:00:00Z,30064.0
2025-10-13T11:00:00Z,29455.9
2025-10-13T12:00:00Z,30489.1
2025-10-13T13:00:00Z,29788.1
2025-10-13T14:00:00Z,28986.2
2025-10-13T15:00:00Z,29009.0
2025-10-13T16:00:00Z,28273.3
2025-10-13T17:00:00Z,27223.8
2025-10-13T18:00:00Z,26011.9
2025-10-13T19:00:00Z,25641.8
2025-10-13T20:00:00Z,24075.2
2025-10-13T21:00:00Z,23575.4
2025-10-13T22:00:00Z,22966.8
2025-10-13T23:00:00Z,22077.9
2025-10-14T00:00:00Z,21641.6
2025-10-14T01:00:00Z,21811.3
2025-10-14T02:00:00Z,22630.3
2025-10-14T03:00:00Z,23488.1
2025-10-14T04:00:00Z,23590.4
2025-10-14T05:00:00Z,24864.8
2025-10-14T06:00:00Z,26596.8
2025-10-14T07:00:00Z,26509.9
2025-10-14T08:00:00Z,28175.3
2025-10-14T09:00:00Z,28937.5
2025-10-14T10:00:00Z,29692.2
2025-10-14T11:00:00Z,29340.8
2025-10-14T12:00:00Z,30061.1
2025-10-14T13:00:00Z,29366.1
2025-10-14T14:00:00Z,29868.6
2025-10-14T15:00:00Z,28539.0
2025-10-14T16:00:00Z,28145.6
2025-10-14T17:00:00Z,26830.8
2025-10-14T18:00:00Z,26138.2
2025-10-14T19:00:00Z,24594.7
2025-10-14T20:00:00Z,24257.1
2025-10-14T21:00:00Z,23562.3
2025-10-14T22:00:00Z,22749.3
2025-10-14T23:00:00Z,22894.1
2025-10-15T00:00:00Z,22361.6
2025-10-15T01:00:00Z,22628.8
2025-10-15T02:00:00Z,22923.0
2025-10-15T03:00:00Z,23982.3
2025-10-15T04:00:00Z,23955.5
2025-10-15T05:00:00Z,25011.8
2025-10-15T06:00:00Z,26026.9
2025-10-15T07:00:00Z,27298.2
2025-10-15T08:00:00Z,28112.4
2025-10-15T09:00:00Z,29098.6
2025-10-15T10:00:00Z,29536.1
2025-10-15T11:00:00Z,29656.9
2025-10-15T12:00:00Z,29936.7
2025-10-15T13:00:00Z,29968.7
2025-10-15T14:00:00Z,28695.0
2025-10-15T15:00:00Z,29282.9
2025-10-15T16:00:00Z,27846.0
2025-10-15T17:00:00Z,26985.6
2025-10-15T18:00:00Z,26189.4
2025-10-15T19:00:00Z,25025.2
2025-10-15T20:00:00Z,23702.8
2025-10-15T21:00:00Z,23304.8
2025-10-15T22:00:00Z,23220.8
2025-10-15T23:00:00Z,22725.5
2025-10-16T00:00:00Z,22660.4
2025-10-16T01:00:00Z,22208.2
2025-10-16T02:00:00Z,22704.0
2025-10-16T03:00:00Z,23732.7
2025-10-16T04:00:00Z,24673.6
2025-10-16T05:00:00Z,25129.2
2025-10-16T06:00:00Z,25800.8
2025-10-16T07:00:00Z,26484.2
2025-10-16T08:00:00Z,28512.4
2025-10-16T09:00:00Z,28348.1
2025-10-16T10:00:00Z,29601.8
2025-10-16T11:00:00Z,30139.0
2025-10-16T12:00:00Z,31048.1
2025-10-16T13:00:00Z,29911.5
2025-10-16T14:00:00Z,29427.1
2025-10-16T15:00:00Z,29004.0
2025-10-16T16:00:00Z,28222.9
2025-10-16T17:00:00Z,27567.2
2025-10-16T18:00:00Z,26354.9
2025-10-16T19:00:00Z,24879.1
2025-10-16T20:00:00Z,23506.2
2025-10-16T21:00:00Z,23500.8
2025-10-16T22:00:00Z,22567.5
2025-10-16T23:00:00Z,22871.0
2025-10-17T00:00:00Z,21843.7
2025-10-17T01:00:00Z,22475.4
2025-10-17T02:00:00Z,22553.1
2025-10-17T03:00:00Z,23117.9
2025-10-17T04:00:00Z,24757.5
2025-10-17T05:00:00Z,25192.9
2025-10-17T06:00:00Z,26075.3
2025-10-17T07:00:00Z,27378.3
2025-10-17T08:00:00Z,27803.7
2025-10-17T09:00:00Z,28740.6
2025-10-17T10:00:00Z,29264.0
2025-10-17T11:00:00Z,30517.0
2025-10-17T12:00:00Z,30101.3
2025-10-17T13:00:00Z,30068.9
2025-10-17T14:00:00Z,29845.1
2025-10-17T15:00:00Z,28800.8
2025-10-17T16:00:00Z,28012.4
2025-10-17T17:00:00Z,26590.5
2025-10-17T18:00:00Z,26294.3
2025-10-17T19:00:00Z,25223.1
2025-10-17T20:00:00Z,24070.3
2025-10-17T21:00:00Z,23808.1
2025-10-17T22:00:00Z,22202.0
2025-10-17T23:00:00Z,22549.4
2025-10-18T00:00:00Z,20750.6
2025-10-18T01:00:00Z,20959.7
2025-10-18T02:00:00Z,21654.8
2025-10-18T03:00:00Z,22780.6
2025-10-18T04:00:00Z,22740.8
2025-10-18T05:00:00Z,23733.9
2025-10-18T06:00:00Z,24661.4
2025-10-18T07:00:00Z,26731.9
2025-10-18T08:00:00Z,27166.3
2025-10-18T09:00:00Z,27925.9
2025-10-18T10:00:00Z,29091.1
2025-10-18T11:00:00Z,28872.2
2025-10-18T12:00:00Z,28220.4
2025-10-18T13:00:00Z,28620.8
2025-10-18T14:00:00Z,28005.3
2025-10-18T15:00:00Z,28465.8
2025-10-18T16:00:00Z,26520.5
2025-10-18T17:00:00Z,26163.4
2025-10-18T18:00:00Z,24892.3
2025-10-18T19:00:00Z,23918.8
2025-10-18T20:00:00Z,23142.7
2025-10-18T21:00:00Z,22292.1
2025-10-18T22:00:00Z,21495.8
2025-10-18T23:00:00Z,20926.5
2025-10-19T00:00:00Z,20989.6
2025-10-19T01:00:00Z,20989.9
2025-10-19T02:00:00Z,21420.5
2025-10-19T03:00:00Z,22375.5
2025-10-19T04:00:00Z,23083.5
2025-10-19T05:00:00Z,24224.0
2025-10-19T06:00:00Z,24982.9
2025-10-19T07:00:00Z,26702.2
2025-10-19T08:00:00Z,26746.1
2025-10-19T09:00:00Z,27454.9
2025-10-19T10:00:00Z,28743.6
2025-10-19T11:00:00Z,28550.9
2025-10-19T12:00:00Z,28959.4
2025-10-19T13:00:00Z,29113.2
2025-10-19T14:00:00Z,28368.2
2025-10-19T15:00:00Z,27669.5
2025-10-19T16:00:00Z,27312.8
2025-10-19T17:00:00Z,26170.2
2025-10-19T18:00:00Z,24883.4
2025-10-19T19:00:00Z,23662.6
2025-10-19T20:00:00Z,23006.1
2025-10-19T21:00:00Z,21780.0
2025-10-19T22:00:00Z,21429.3
2025-10-19T23:00:00Z,20969.4
2025-10-20T00:00:00Z,22371.5
2025-10-20T01:00:00Z,22659.2
2025-10-20T02:00:00Z,22572.0
2025-10-20T03:00:00Z,23255.0
2025-10-20T04:00:00Z,23832.7
2025-10-20T05:00:00Z,24668.8
2025-10-20T06:00:00Z,25983.7
2025-10-20T07:00:00Z,27314.3
2025-10-20T08:00:00Z,28212.6
2025-10-20T09:00:00Z,29051.2
2025-10-20T10:00:00Z,29376.0
2025-10-20T11:00:00Z,28940.3
2025-10-20T12:00:00Z,30293.7
2025-10-20T13:00:00Z,30294.0
2025-10-20T14:00:00Z,29772.2
2025-10-20T15:00:00Z,29156.8
2025-10-20T16:00:00Z,28423.3
2025-10-20T17:00:00Z,28022.9
2025-10-20T18:00:00Z,26237.9
2025-10-20T19:00:00Z,25652.4
2025-10-20T20:00:00Z,24473.9
2025-10-20T21:00:00Z,23632.0
2025-10-20T22:00:00Z,22749.2
2025-10-20T23:00:00Z,22293.3
2025-10-21T00:00:00Z,21898.1
2025-10-21T01:00:00Z,22601.0
2025-10-21T02:00:00Z,22686.3
2025-10-21T03:00:00Z,23002.8
2025-10-21T04:00:00Z,23948.6
2025-10-21T05:00:00Z,24735.9
2025-10-21T06:00:00Z,26664.4
2025-10-21T07:00:00Z,27046.5
2025-10-21T08:00:00Z,28094.3
2025-10-21T09:00:00Z,28452.5
2025-10-21T10:00:00Z,29124.9
2025-10-21T11:00:00Z,30205.3
2025-10-21T12:00:00Z,29908.1
2025-10-21T13:00:00Z,29929.4
2025-10-21T14:00:00Z,30083.0
2025-10-21T15:00:00Z,29555.2
2025-10-21T16:00:00Z,28289.0
2025-10-21T17:00:00Z,27291.7
2025-10-21T18:00:00Z,26209.9
2025-10-21T19:00:00Z,25037.7
2025-10-21T20:00:00Z,24879.0
2025-10-21T21:00:00Z,22998.7
2025-10-21T22:00:00Z,22761.6
2025-10-21T23:00:00Z,21764.2
2025-10-22T00:00:00Z,21847.9
2025-10-22T01:00:00Z,22536.5
2025-10-22T02:00:00Z,22939.7
2025-10-22T03:00:00Z,23512.6
2025-10-22T04:00:00Z,24090.5
2025-10-22T05:00:00Z,24892.7
2025-10-22T06:00:00Z,25946.9
2025-10-22T07:00:00Z,26997.1
2025-10-22T08:00:00Z,28420.5
2025-10-22T09:00:00Z,29340.7
2025-10-22T10:00:00Z,29614.3
2025-10-22T11:00:00Z,29672.0
2025-10-22T12:00:00Z,29670.4
2025-10-22T13:00:00Z,29953.5
2025-10-22T14:00:00Z,29390.3
2025-10-22T15:00:00Z,28244.6
2025-10-22T16:00:00Z,28512.9
2025-10-22T17:00:00Z,27122.4
2025-10-22T18:00:00Z,26020.6
2025-10-22T19:00:00Z,24838.3
2025-10-22T20:00:00Z,23907.0
2025-10-22T21:00:00Z,23700.5
2025-10-22T22:00:00Z,22472.2
2025-10-22T23:00:00Z,22434.2
2025-10-23T00:00:00Z,22476.8
2025-10-23T01:00:00Z,23012.1
2025-10-23T02:00:00Z,22983.4
2025-10-23T03:00:00Z,23382.9
2025-10-23T04:00:00Z,24046.1
2025-10-23T05:00:00Z,25408.9
2025-10-23T06:00:00Z,26456.6
2025-10-23T07:00:00Z,26977.0
2025-10-23T08:00:00Z,28245.5
2025-10-23T09:00:00Z,28801.8
2025-10-23T10:00:00Z,28918.8
2025-10-23T11:00:00Z,29509.7
2025-10-23T12:00:00Z,30247.7
2025-10-23T13:00:00Z,30327.6
2025-10-23T14:00:00Z,29687.5
2025-10-23T15:00:00Z,28780.4
2025-10-23T16:00:00Z,27810.0
2025-10-23T17:00:00Z,27298.5
2025-10-23T18:00:00Z,26231.7
2025-10-23T19:00:00Z,24582.8
2025-10-23T20:00:00Z,24410.6
2025-10-23T21:00:00Z,23158.2
2025-10-23T22:00:00Z,23005.9
2025-10-23T23:00:00Z,22575.7
2025-10-24T00:00:00Z,22500.1
2025-10-24T01:00:00Z,22747.0
2025-10-24T02:00:00Z,23009.7
2025-10-24T03:00:00Z,23036.7
2025-10-24T04:00:00Z,23845.7
2025-10-24T05:00:00Z,25463.2
2025-10-24T06:00:00Z,26273.4
2025-10-24T07:00:00Z,26587.3
2025-10-24T08:00:00Z,27371.9
2025-10-24T09:00:00Z,29139.5
2025-10-24T10:00:00Z,30196.9
2025-10-24T11:00:00Z,30115.7
2025-10-24T12:00:00Z,29891.6
2025-10-24T13:00:00Z,29928.8
2025-10-24T14:00:00Z,28544.6
2025-10-24T15:00:00Z,28508.1
2025-10-24T16:00:00Z,28381.5
2025-10-24T17:00:00Z,27400.5
2025-10-24T18:00:00Z,25404.3
2025-10-24T19:00:00Z,25511.8
2025-10-24T20:00:00Z,24365.4
2025-10-24T21:00:00Z,23701.0
2025-10-24T22:00:00Z,22707.7
2025-10-24T23:00:00Z,22391.4
2025-10-25T00:00:00Z,20818.7
2025-10-25T01:00:00Z,21417.3
2025-10-25T02:00:00Z,21994.7
2025-10-25T03:00:00Z,21994.1
2025-10-25T04:00:00Z,23229.3
2025-10-25T05:00:00Z,23859.4
2025-10-25T06:00:00Z,25383.3
2025-10-25T07:00:00Z,26360.6
2025-10-25T08:00:00Z,26174.7
2025-10-25T09:00:00Z,27913.1
2025-10-25T10:00:00Z,28713.8
2025-10-25T11:00:00Z,28572.7
2025-10-25T12:00:00Z,28819.1
2025-10-25T13:00:00Z,28709.2
2025-10-25T14:00:00Z,27991.9
2025-10-25T15:00:00Z,27722.8
2025-10-25T16:00:00Z,27482.7
2025-10-25T17:00:00Z,26192.4
2025-10-25T18:00:00Z,25543.8
2025-10-25T19:00:00Z,24368.5
2025-10-25T20:00:00Z,23508.1
2025-10-25T21:00:00Z,22349.2
2025-10-25T22:00:00Z,21954.6
2025-10-25T23:00:00Z,21984.0
2025-10-26T00:00:00Z,21660.8
2025-10-26T01:00:00Z,21408.3
2025-10-26T02:00:00Z,21452.3
2025-10-26T03:00:00Z,21990.2
2025-10-26T04:00:00Z,23177.2
2025-10-26T05:00:00Z,24173.6
2025-10-26T06:00:00Z,24411.8
2025-10-26T07:00:00Z,26096.5
2025-10-26T08:00:00Z,27069.3
2025-10-26T09:00:00Z,27852.9
2025-10-26T10:00:00Z,28181.3
2025-10-26T11:00:00Z,29519.4
2025-10-26T12:00:00Z,29172.8
2025-10-26T13:00:00Z,28291.5
2025-10-26T14:00:00Z,28125.5
2025-10-26T15:00:00Z,28018.6
2025-10-26T16:00:00Z,27123.2
2025-10-26T17:00:00Z,26064.3
2025-10-26T18:00:00Z,25012.8
2025-10-26T19:00:00Z,23953.0
2025-10-26T20:00:00Z,22944.2
2025-10-26T21:00:00Z,21952.3
2025-10-26T22:00:00Z,21873.2
2025-10-26T23:00:00Z,20367.5
2025-10-27T00:00:00Z,21978.5
2025-10-27T01:00:00Z,22766.0
2025-10-27T02:00:00Z,22475.2
2025-10-27T03:00:00Z,22950.8
2025-10-27T04:00:00Z,24778.6
2025-10-27T05:00:00Z,25423.1
2025-10-27T06:00:00Z,26023.9
2025-10-27T07:00:00Z,26876.1
2025-10-27T08:00:00Z,27923.3
2025-10-27T09:00:00Z,28682.8
2025-10-27T10:00:00Z,29330.4
2025-10-27T11:00:00Z,29549.7
2025-10-27T12:00:00Z,30107.4
2025-10-27T13:00:00Z,29609.4
2025-10-27T14:00:00Z,28805.1
2025-10-27T15:00:00Z,28364.9
2025-10-27T16:00:00Z,27996.7
2025-10-27T17:00:00Z,26726.2
2025-10-27T18:00:00Z,25242.4
2025-10-27T19:00:00Z,25567.9
2025-10-27T20:00:00Z,24302.8
2025-10-27T21:00:00Z,23179.9
2025-10-27T22:00:00Z,22550.6
2025-10-27T23:00:00Z,22509.4
2025-10-28T00:00:00Z,22651.0
2025-10-28T01:00:00Z,22117.4
2025-10-28T02:00:00Z,22846.5
2025-10-28T03:00:00Z,23114.1
2025-10-28T04:00:00Z,24228.8
2025-10-28T05:00:00Z,24671.2
2025-10-28T06:00:00Z,25438.8
2025-10-28T07:00:00Z,27074.4
2025-10-28T08:00:00Z,27954.0
2025-10-28T09:00:00Z,29014.4
2025-10-28T10:00:00Z,29164.2
2025-10-28T11:00:00Z,30228.7
2025-10-28T12:00:00Z,29934.9
2025-10-28T13:00:00Z,30285.3
2025-10-28T14:00:00Z,29273.1
2025-10-28T15:00:00Z,29275.7
2025-10-28T16:00:00Z,27953.6
2025-10-28T17:00:00Z,27092.1
2025-10-28T18:00:00Z,26368.0
2025-10-28T19:00:00Z,24460.1
2025-10-28T20:00:00Z,23764.1
2025-10-28T21:00:00Z,23930.8
2025-10-28T22:00:00Z,22205.8
2025-10-28T23:00:00Z,22156.3
2025-10-29T00:00:00Z,22357.6
2025-10-29T01:00:00Z,22794.7
2025-10-29T02:00:00Z,22525.0
2025-10-29T03:00:00Z,23349.9
2025-10-29T04:00:00Z,23729.3
2025-10-29T05:00:00Z,24907.8
2025-10-29T06:00:00Z,26375.1
2025-10-29T07:00:00Z,27141.2
2025-10-29T08:00:00Z,27952.3
2025-10-29T09:00:00Z,28903.3
2025-10-29T10:00:00Z,29420.9
2025-10-29T11:00:00Z,29817.1
2025-10-29T12:00:00Z,29775.0
2025-10-29T13:00:00Z,29435.8
2025-10-29T14:00:00Z,29601.1
2025-10-29T15:00:00Z,28380.6
2025-10-29T16:00:00Z,28304.4
2025-10-29T17:00:00Z,27743.1
2025-10-29T18:00:00Z,26541.9
2025-10-29T19:00:00Z,25810.9
2025-10-29T20:00:00Z,23764.7
2025-10-29T21:00:00Z,23393.6
2025-10-29T22:00:00Z,22425.2
2025-10-29T23:00:00Z,22069.8
2025-10-30T00:00:00Z,21598.6
2025-10-30T01:00:00Z,21897.4
2025-10-30T02:00:00Z,22971.1
2025-10-30T03:00:00Z,23532.3
2025-10-30T04:00:00Z,24499.4
2025-10-30T05:00:00Z,25404.6
2025-10-30T06:00:00Z,26289.3
2025-10-30T07:00:00Z,26761.1
2025-10-30T08:00:00Z,27920.7
2025-10-30T09:00:00Z,29001.9
2025-10-30T10:00:00Z,29786.2
2025-10-30T11:00:00Z,29633.3
2025-10-30T12:00:00Z,29725.8
2025-10-30T13:00:00Z,29613.8
2025-10-30T14:00:00Z,29903.1
2025-10-30T15:00:00Z,28949.5
2025-10-30T16:00:00Z,27858.9
2025-10-30T17:00:00Z,26779.7
2025-10-30T18:00:00Z,26181.3
2025-10-30T19:00:00Z,24481.9
2025-10-30T20:00:00Z,24033.8
2025-10-30T21:00:00Z,23122.1
2025-10-30T22:00:00Z,22504.8
2025-10-30T23:00:00Z,22380.7
2025-10-31T00:00:00Z,22303.1
2025-10-31T01:00:00Z,23304.6
2025-10-31T02:00:00Z,22717.5
2025-10-31T03:00:00Z,23527.5
2025-10-31T04:00:00Z,23829.2
2025-10-31T05:00:00Z,24477.9
2025-10-31T06:00:00Z,26403.0
2025-10-31T07:00:00Z,27673.0
2025-10-31T08:00:00Z,27623.5
2025-10-31T09:00:00Z,28729.1
2025-10-31T10:00:00Z,29734.4
2025-10-31T11:00:00Z,29783.4
2025-10-31T12:00:00Z,29091.1
2025-10-31T13:00:00Z,30087.2
2025-10-31T14:00:00Z,29320.7
2025-10-31T15:00:00Z,28995.3
2025-10-31T16:00:00Z,27637.6
2025-10-31T17:00:00Z,27318.8
2025-10-31T18:00:00Z,26372.4
2025-10-31T19:00:00Z,24791.9
2025-10-31T20:00:00Z,24263.8
2025-10-31T21:00:00Z,23091.9
2025-10-31T22:00:00Z,22522.6
2025-10-31T23:00:00Z,22004.0
2025-11-01T00:00:00Z,20939.9
2025-11-01T01:00:00Z,20990.5
2025-11-01T02:00:00Z,21987.2
2025-11-01T03:00:00Z,22137.9
2025-11-01T04:00:00Z,22639.1
2025-11-01T05:00:00Z,24394.2
2025-11-01T06:00:00Z,25119.1
2025-11-01T07:00:00Z,26265.0
2025-11-01T08:00:00Z,26847.1
2025-11-01T09:00:00Z,27897.7
2025-11-01T10:00:00Z,28248.1
2025-11-01T11:00:00Z,28350.7
2025-11-01T12:00:00Z,28832.9
2025-11-01T13:00:00Z,28714.4
2025-11-01T14:00:00Z,28326.6
2025-11-01T15:00:00Z,27947.0
2025-11-01T16:00:00Z,26298.7
2025-11-01T17:00:00Z,26038.8
2025-11-01T18:00:00Z,24679.9
2025-11-01T19:00:00Z,23853.0
2025-11-01T20:00:00Z,23163.3
2025-11-01T21:00:00Z,22239.4
2025-11-01T22:00:00Z,21384.1
2025-11-01T23:00:00Z,21470.7
2025-11-02T00:00:00Z,21051.9
2025-11-02T01:00:00Z,21510.8
2025-11-02T02:00:00Z,21995.2
2025-11-02T03:00:00Z,22084.3
2025-11-02T04:00:00Z,22639.4
2025-11-02T05:00:00Z,23958.4
2025-11-02T06:00:00Z,25198.6
2025-11-02T07:00:00Z,26033.8
2025-11-02T08:00:00Z,26474.2
2025-11-02T09:00:00Z,27099.7
2025-11-02T10:00:00Z,27961.3
2025-11-02T11:00:00Z,28343.9
2025-11-02T12:00:00Z,28992.9
2025-11-02T13:00:00Z,28677.6
2025-11-02T14:00:00Z,28559.6
2025-11-02T15:00:00Z,27631.5
2025-11-02T16:00:00Z,27411.5
2025-11-02T17:00:00Z,25935.4
2025-11-02T18:00:00Z,25115.9
2025-11-02T19:00:00Z,23801.5
2025-11-02T20:00:00Z,23153.5
2025-11-02T21:00:00Z,22565.3
2025-11-02T22:00:00Z,21850.3
2025-11-02T23:00:00Z,21630.2
2025-11-03T00:00:00Z,21931.0
2025-11-03T01:00:00Z,22411.4
2025-11-03T02:00:00Z,23207.7
2025-11-03T03:00:00Z,23343.2
2025-11-03T04:00:00Z,24005.4
2025-11-03T05:00:00Z,24913.9
2025-11-03T06:00:00Z,25815.3
2025-11-03T07:00:00Z,27033.3
2025-11-03T08:00:00Z,28371.8
2025-11-03T09:00:00Z,28863.0
2025-11-03T10:00:00Z,29319.2
2025-11-03T11:00:00Z,29452.4
2025-11-03T12:00:00Z,29471.4
2025-11-03T13:00:00Z,30493.3
2025-11-03T14:00:00Z,29173.1
2025-11-03T15:00:00Z,28746.2
2025-11-03T16:00:00Z,27756.0
2025-11-03T17:00:00Z,27039.2
2025-11-03T18:00:00Z,25845.9
2025-11-03T19:00:00Z,25022.0
2025-11-03T20:00:00Z,24530.8
2025-11-03T21:00:00Z,23016.0
2025-11-03T22:00:00Z,22816.8
2025-11-03T23:00:00Z,22236.0
2025-11-04T00:00:00Z,22339.0
2025-11-04T01:00:00Z,22012.4
2025-11-04T02:00:00Z,22751.9
2025-11-04T03:00:00Z,22910.8
2025-11-04T04:00:00Z,23433.6
2025-11-04T05:00:00Z,24528.2
2025-11-04T06:00:00Z,25643.7
2025-11-04T07:00:00Z,26584.1
2025-11-04T08:00:00Z,27773.2
2025-11-04T09:00:00Z,29036.3
2025-11-04T10:00:00Z,28917.3
2025-11-04T11:00:00Z,29818.6
2025-11-04T12:00:00Z,29852.4
2025-11-04T13:00:00Z,29440.9
2025-11-04T14:00:00Z,28981.2
2025-11-04T15:00:00Z,28811.1
2025-11-04T16:00:00Z,28029.0
2025-11-04T17:00:00Z,26829.3
2025-11-04T18:00:00Z,25895.1
2025-11-04T19:00:00Z,24942.5
2025-11-04T20:00:00Z,23588.4
2025-11-04T21:00:00Z,23251.5
2025-11-04T22:00:00Z,22702.8
2025-11-04T23:00:00Z,22788.7
2025-11-05T00:00:00Z,21648.9
2025-11-05T01:00:00Z,21911.8
2025-11-05T02:00:00Z,22606.6
2025-11-05T03:00:00Z,23001.7
2025-11-05T04:00:00Z,23858.9
2025-11-05T05:00:00Z,24923.0
2025-11-05T06:00:00Z,25823.3
2025-11-05T07:00:00Z,26905.8
2025-11-05T08:00:00Z,27989.4
2025-11-05T09:00:00Z,28120.4
2025-11-05T10:00:00Z,29440.2
2025-11-05T11:00:00Z,28915.4
2025-11-05T12:00:00Z,30326.9
2025-11-05T13:00:00Z,29944.1
2025-11-05T14:00:00Z,29062.2
2025-11-05T15:00:00Z,28976.2
2025-11-05T16:00:00Z,27800.5
2025-11-05T17:00:00Z,27058.8
2025-11-05T18:00:00Z,26165.3
2025-11-05T19:00:00Z,25035.5
2025-11-05T20:00:00Z,23993.8
2025-11-05T21:00:00Z,23395.8
2025-11-05T22:00:00Z,22520.8
2025-11-05T23:00:00Z,22075.6
2025-11-06T00:00:00Z,21734.9
2025-11-06T01:00:00Z,21588.8
2025-11-06T02:00:00Z,23069.9
2025-11-06T03:00:00Z,23423.2
2025-11-06T04:00:00Z,23517.8
2025-11-06T05:00:00Z,25028.2
2025-11-06T06:00:00Z,25965.7
2025-11-06T07:00:00Z,26186.4
2025-11-06T08:00:00Z,27558.1
2025-11-06T09:00:00Z,28592.1
2025-11-06T10:00:00Z,29793.3
2025-11-06T11:00:00Z,29977.8
2025-11-06T12:00:00Z,30162.1
2025-11-06T13:00:00Z,29727.1
2025-11-06T14:00:00Z,29562.1
2025-11-06T15:00:00Z,28248.7
2025-11-06T16:00:00Z,28027.8
2025-11-06T17:00:00Z,27134.4
2025-11-06T18:00:00Z,25493.7
2025-11-06T19:00:00Z,24984.8
2025-11-06T20:00:00Z,24464.9
2025-11-06T21:00:00Z,23796.9
2025-11-06T22:00:00Z,23020.1
2025-11-06T23:00:00Z,21951.3
2025-11-07T00:00:00Z,21992.2
2025-11-07T01:00:00Z,21986.6
2025-11-07T02:00:00Z,22935.5
2025-11-07T03:00:00Z,22879.9
2025-11-07T04:00:00Z,23613.2
2025-11-07T05:00:00Z,24359.0
2025-11-07T06:00:00Z,25942.9
2025-11-07T07:00:00Z,27018.0
2025-11-07T08:00:00Z,27615.0
2025-11-07T09:00:00Z,28363.1
2025-11-07T10:00:00Z,29159.8
2025-11-07T11:00:00Z,30038.4
2025-11-07T12:00:00Z,29303.9
2025-11-07T13:00:00Z,29592.4
2025-11-07T14:00:00Z,29288.4
2025-11-07T15:00:00Z,28728.9
2025-11-07T16:00:00Z,28214.8
2025-11-07T17:00:00Z,27147.4
2025-11-07T18:00:00Z,25970.7
2025-11-07T19:00:00Z,25355.6
2025-11-07T20:00:00Z,24322.6
2025-11-07T21:00:00Z,23249.6
2025-11-07T22:00:00Z,22619.8
2025-11-07T23:00:00Z,21777.2
2025-11-08T00:00:00Z,20970.0
2025-11-08T01:00:00Z,20807.1
2025-11-08T02:00:00Z,21077.7
2025-11-08T03:00:00Z,21968.6
2025-11-08T04:00:00Z,22300.0
2025-11-08T05:00:00Z,23498.6
2025-11-08T06:00:00Z,24616.8
2025-11-08T07:00:00Z,25887.7
2025-11-08T08:00:00Z,26606.0
2025-11-08T09:00:00Z,27634.2
2025-11-08T10:00:00Z,28628.9
2025-11-08T11:00:00Z,28767.7
2025-11-08T12:00:00Z,28262.9
2025-11-08T13:00:00Z,27930.0
2025-11-08T14:00:00Z,27820.6
2025-11-08T15:00:00Z,27215.7
2025-11-08T16:00:00Z,26063.9
2025-11-08T17:00:00Z,25216.7
2025-11-08T18:00:00Z,24218.3
2025-11-08T19:00:00Z,23576.6
2025-11-08T20:00:00Z,23297.7
2025-11-08T21:00:00Z,22587.8
2025-11-08T22:00:00Z,21094.6
2025-11-08T23:00:00Z,20888.4
2025-11-09T00:00:00Z,20432.1
2025-11-09T01:00:00Z,20478.3
2025-11-09T02:00:00Z,21362.0
2025-11-09T03:00:00Z,22011.0
2025-11-09T04:00:00Z,22588.9
2025-11-09T05:00:00Z,23923.5
2025-11-09T06:00:00Z,24609.8
2025-11-09T07:00:00Z,26064.2
2025-11-09T08:00:00Z,26481.5
2025-11-09T09:00:00Z,27715.4
2025-11-09T10:00:00Z,27987.6
2025-11-09T11:00:00Z,28477.2
2025-11-09T12:00:00Z,28768.5
2025-11-09T13:00:00Z,28006.4
2025-11-09T14:00:00Z,27812.2
2025-11-09T15:00:00Z,27414.7
2025-11-09T16:00:00Z,26548.8
2025-11-09T17:00:00Z,25791.2
2025-11-09T18:00:00Z,24449.6
2025-11-09T19:00:00Z,23284.2
2025-11-09T20:00:00Z,22746.9
2025-11-09T21:00:00Z,22075.0
2025-11-09T22:00:00Z,21110.4
2025-11-09T23:00:00Z,21375.1
2025-11-10T00:00:00Z,22117.6
2025-11-10T01:00:00Z,22299.7
2025-11-10T02:00:00Z,22664.9
2025-11-10T03:00:00Z,22751.3
2025-11-10T04:00:00Z,24510.6
2025-11-10T05:00:00Z,24531.5
2025-11-10T06:00:00Z,25882.4
2025-11-10T07:00:00Z,26995.4
2025-11-10T08:00:00Z,27802.3
2025-11-10T09:00:00Z,28556.7
2025-11-10T10:00:00Z,28850.9
2025-11-10T11:00:00Z,29371.5
2025-11-10T12:00:00Z,29643.4
2025-11-10T13:00:00Z,29921.8
2025-11-10T14:00:00Z,28908.3
2025-11-10T15:00:00Z,28730.6
2025-11-10T16:00:00Z,27853.4
2025-11-10T17:00:00Z,26812.7
2025-11-10T18:00:00Z,25612.3
2025-11-10T19:00:00Z,24748.2
2025-11-10T20:00:00Z,23309.8
2025-11-10T21:00:00Z,23103.1
2025-11-10T22:00:00Z,22562.5
2025-11-10T23:00:00Z,21908.7
2025-11-11T00:00:00Z,22082.6
2025-11-11T01:00:00Z,22148.1
2025-11-11T02:00:00Z,22199.8
2025-11-11T03:00:00Z,23316.7
2025-11-11T04:00:00Z,23676.1
2025-11-11T05:00:00Z,25552.2
2025-11-11T06:00:00Z,25446.5
2025-11-11T07:00:00Z,26515.3
2025-11-11T08:00:00Z,27500.9
2025-11-11T09:00:00Z,28580.4
2025-11-11T10:00:00Z,29489.7
2025-11-11T11:00:00Z,29531.5
2025-11-11T12:00:00Z,29504.7
2025-11-11T13:00:00Z,30112.5
2025-11-11T14:00:00Z,29444.1
2025-11-11T15:00:00Z,28413.0
2025-11-11T16:00:00Z,27667.6
2025-11-11T17:00:00Z,26281.2
2025-11-11T18:00:00Z,25786.7
2025-11-11T19:00:00Z,25328.3
2025-11-11T20:00:00Z,23471.1
2025-11-11T21:00:00Z,22590.9
2025-11-11T22:00:00Z,22475.0
2025-11-11T23:00:00Z,21277.8
2025-11-12T00:00:00Z,22327.9
2025-11-12T01:00:00Z,21525.7
2025-11-12T02:00:00Z,22163.3
2025-11-12T03:00:00Z,22955.6
2025-11-12T04:00:00Z,24189.5
2025-11-12T05:00:00Z,24859.4
2025-11-12T06:00:00Z,25119.7
2025-11-12T07:00:00Z,26183.2
2025-11-12T08:00:00Z,27719.0
2025-11-12T09:00:00Z,27777.8
2025-11-12T10:00:00Z,28966.7
2025-11-12T11:00:00Z,29179.4
2025-11-12T12:00:00Z,29831.4
2025-11-12T13:00:00Z,29828.6
2025-11-12T14:00:00Z,28247.9
2025-11-12T15:00:00Z,28578.9
2025-11-12T16:00:00Z,27846.9
2025-11-12T17:00:00Z,26464.0
2025-11-12T18:00:00Z,25518.5
2025-11-12T19:00:00Z,24326.4
2025-11-12T20:00:00Z,23669.9
2025-11-12T21:00:00Z,23111.8
2025-11-12T22:00:00Z,22798.0
2025-11-12T23:00:00Z,22444.3
2025-11-13T00:00:00Z,21724.1
2025-11-13T01:00:00Z,21679.3
2025-11-13T02:00:00Z,22652.2
2025-11-13T03:00:00Z,22056.4
2025-11-13T04:00:00Z,23291.4
2025-11-13T05:00:00Z,24877.5
2025-11-13T06:00:00Z,26385.1
2025-11-13T07:00:00Z,26415.3
2025-11-13T08:00:00Z,27629.8
2025-11-13T09:00:00Z,28037.1
2025-11-13T10:00:00Z,28984.9
2025-11-13T11:00:00Z,29369.4
2025-11-13T12:00:00Z,29282.8
2025-11-13T13:00:00Z,29520.8
2025-11-13T14:00:00Z,28955.4
2025-11-13T15:00:00Z,28560.5
2025-11-13T16:00:00Z,27534.9
2025-11-13T17:00:00Z,26282.7
2025-11-13T18:00:00Z,25717.9
2025-11-13T19:00:00Z,24950.6
2025-11-13T20:00:00Z,23492.6
2025-11-13T21:00:00Z,23378.5
2025-11-13T22:00:00Z,22480.1
2025-11-13T23:00:00Z,21834.8
2025-11-14T00:00:00Z,21795.3
2025-11-14T01:00:00Z,21780.8
2025-11-14T02:00:00Z,22011.7
2025-11-14T03:00:00Z,23209.9
2025-11-14T04:00:00Z,24004.0
2025-11-14T05:00:00Z,24498.7
2025-11-14T06:00:00Z,25583.3
2025-11-14T07:00:00Z,26573.2
2025-11-14T08:00:00Z,27794.7
2025-11-14T09:00:00Z,28841.0
2025-11-14T10:00:00Z,28770.9
2025-11-14T11:00:00Z,29467.8
2025-11-14T12:00:00Z,29493.8
2025-11-14T13:00:00Z,29549.3
2025-11-14T14:00:00Z,29448.7
2025-11-14T15:00:00Z,28091.1
2025-11-14T16:00:00Z,26911.6
2025-11-14T17:00:00Z,26589.9
2025-11-14T18:00:00Z,25131.4
2025-11-14T19:00:00Z,25186.7
2025-11-14T20:00:00Z,23494.9
2025-11-14T21:00:00Z,22830.2
2025-11-14T22:00:00Z,22386.6
2025-11-14T23:00:00Z,21990.4
2025-11-15T00:00:00Z,20549.0
2025-11-15T01:00:00Z,20816.1
2025-11-15T02:00:00Z,21506.5
2025-11-15T03:00:00Z,21715.7
2025-11-15T04:00:00Z,23209.7
2025-11-15T05:00:00Z,23658.9
2025-11-15T06:00:00Z,23785.9
2025-11-15T07:00:00Z,25828.1
2025-11-15T08:00:00Z,25906.6
2025-11-15T09:00:00Z,27379.2
2025-11-15T10:00:00Z,28610.4
2025-11-15T11:00:00Z,28616.5
2025-11-15T12:00:00Z,28036.9
2025-11-15T13:00:00Z,28008.3
2025-11-15T14:00:00Z,27891.5
2025-11-15T15:00:00Z,27739.8
2025-11-15T16:00:00Z,26238.5
2025-11-15T17:00:00Z,25900.5
2025-11-15T18:00:00Z,24645.5
2025-11-15T19:00:00Z,23516.0
2025-11-15T20:00:00Z,22565.3
2025-11-15T21:00:00Z,22360.9
2025-11-15T22:00:00Z,20722.5
2025-11-15T23:00:00Z,20456.6
2025-11-16T00:00:00Z,20941.7
2025-11-16T01:00:00Z,21103.3
2025-11-16T02:00:00Z,20750.7
2025-11-16T03:00:00Z,21485.9
2025-11-16T04:00:00Z,22209.4
2025-11-16T05:00:00Z,23687.5
2025-11-16T06:00:00Z,24297.0
2025-11-16T07:00:00Z,25964.7
2025-11-16T08:00:00Z,26684.3
2025-11-16T09:00:00Z,27320.8
2025-11-16T10:00:00Z,27912.7
2025-11-16T11:00:00Z,28407.6
2025-11-16T12:00:00Z,28636.2
2025-11-16T13:00:00Z,28236.8
2025-11-16T14:00:00Z,27930.1
2025-11-16T15:00:00Z,27487.9
2025-11-16T16:00:00Z,26413.4
2025-11-16T17:00:00Z,25827.2
2025-11-16T18:00:00Z,24463.0
2025-11-16T19:00:00Z,23261.8
2025-11-16T20:00:00Z,22639.4
2025-11-16T21:00:00Z,22312.6
2025-11-16T22:00:00Z,21649.0
2025-11-16T23:00:00Z,20266.9
2025-11-17T00:00:00Z,21780.5
2025-11-17T01:00:00Z,21653.0
2025-11-17T02:00:00Z,22092.4
2025-11-17T03:00:00Z,22698.6
2025-11-17T04:00:00Z,23533.6
2025-11-17T05:00:00Z,24368.4
2025-11-17T06:00:00Z,25445.5
2025-11-17T07:00:00Z,26603.9
2025-11-17T08:00:00Z,27074.6
2025-11-17T09:00:00Z,27863.2
2025-11-17T10:00:00Z,28512.5
2025-11-17T11:00:00Z,28893.0
2025-11-17T12:00:00Z,29580.2
2025-11-17T13:00:00Z,28901.5
2025-11-17T14:00:00Z,28846.1
2025-11-17T15:00:00Z,28279.3
2025-11-17T16:00:00Z,27690.2
2025-11-17T17:00:00Z,26539.0
2025-11-17T18:00:00Z,25871.4
2025-11-17T19:00:00Z,24515.2
2025-11-17T20:00:00Z,23684.1
2025-11-17T21:00:00Z,23049.5
2025-11-17T22:00:00Z,21723.3
2025-11-17T23:00:00Z,21932.3
2025-11-18T00:00:00Z,22121.4
2025-11-18T01:00:00Z,21802.8
2025-11-18T02:00:00Z,22074.0
2025-11-18T03:00:00Z,23376.6
2025-11-18T04:00:00Z,23597.6
2025-11-18T05:00:00Z,24890.4
2025-11-18T06:00:00Z,24728.2
2025-11-18T07:00:00Z,26523.7
2025-11-18T08:00:00Z,27258.5
2025-11-18T09:00:00Z,28342.2
2025-11-18T10:00:00Z,29212.0
2025-11-18T11:00:00Z,29169.0
2025-11-18T12:00:00Z,29276.2
2025-11-18T13:00:00Z,28310.3
2025-11-18T14:00:00Z,29084.9
2025-11-18T15:00:00Z,28646.4
2025-11-18T16:00:00Z,27468.7
2025-11-18T17:00:00Z,26337.2
2025-11-18T18:00:00Z,25609.9
2025-11-18T19:00:00Z,24826.9
2025-11-18T20:00:00Z,23772.2
2025-11-18T21:00:00Z,23434.4
2025-11-18T22:00:00Z,21973.2
2025-11-18T23:00:00Z,21330.9
2025-11-19T00:00:00Z,21752.5
2025-11-19T01:00:00Z,22134.4
2025-11-19T02:00:00Z,21964.7
2025-11-19T03:00:00Z,22726.1
2025-11-19T04:00:00Z,23316.4
2025-11-19T05:00:00Z,24049.0
2025-11-19T06:00:00Z,25214.5
2025-11-19T07:00:00Z,25784.1
2025-11-19T08:00:00Z,27465.9
2025-11-19T09:00:00Z,28325.6
2025-11-19T10:00:00Z,29074.6
2025-11-19T11:00:00Z,28908.5
2025-11-19T12:00:00Z,29100.5
2025-11-19T13:00:00Z,28634.1
2025-11-19T14:00:00Z,28320.1
2025-11-19T15:00:00Z,28461.5
2025-11-19T16:00:00Z,28284.1
2025-11-19T17:00:00Z,26106.8
2025-11-19T18:00:00Z,25321.1
2025-11-19T19:00:00Z,24749.4
2025-11-19T20:00:00Z,23296.1
2025-11-19T21:00:00Z,22908.7
2025-11-19T22:00:00Z,22011.3
2025-11-19T23:00:00Z,21626.8
2025-11-20T00:00:00Z,21840.2
2025-11-20T01:00:00Z,21598.7
2025-11-20T02:00:00Z,21658.1
2025-11-20T03:00:00Z,22943.3
2025-11-20T04:00:00Z,23485.4
2025-11-20T05:00:00Z,24229.3
2025-11-20T06:00:00Z,25147.0
2025-11-20T07:00:00Z,26590.0
2025-11-20T08:00:00Z,27102.3
2025-11-20T09:00:00Z,28171.3
2025-11-20T10:00:00Z,29067.5
2025-11-20T11:00:00Z,29095.7
2025-11-20T12:00:00Z,29612.5
2025-11-20T13:00:00Z,28687.4
2025-11-20T14:00:00Z,28941.1
2025-11-20T15:00:00Z,28303.9
2025-11-20T16:00:00Z,27936.6
2025-11-20T17:00:00Z,26411.0
2025-11-20T18:00:00Z,25694.1
2025-11-20T19:00:00Z,24357.2
2025-11-20T20:00:00Z,23137.1
2025-11-20T21:00:00Z,22397.1
2025-11-20T22:00:00Z,21839.7
2025-11-20T23:00:00Z,21931.7
2025-11-21T00:00:00Z,21255.9
2025-11-21T01:00:00Z,21651.3
2025-11-21T02:00:00Z,22312.5
2025-11-21T03:00:00Z,23035.5
2025-11-21T04:00:00Z,23736.4
2025-11-21T05:00:00Z,24844.8
2025-11-21T06:00:00Z,24998.8
2025-11-21T07:00:00Z,26204.4
2025-11-21T08:00:00Z,27393.6
2025-11-21T09:00:00Z,28448.6
2025-11-21T10:00:00Z,28864.8
2025-11-21T11:00:00Z,28841.8
2025-11-21T12:00:00Z,29158.7
2025-11-21T13:00:00Z,28557.7
2025-11-21T14:00:00Z,28962.7
2025-11-21T15:00:00Z,27516.2
2025-11-21T16:00:00Z,27361.0
2025-11-21T17:00:00Z,26707.7
2025-11-21T18:00:00Z,25654.0
2025-11-21T19:00:00Z,23847.4
2025-11-21T20:00:00Z,23504.3
2025-11-21T21:00:00Z,22525.1
2025-11-21T22:00:00Z,21928.5
2025-11-21T23:00:00Z,22166.6
2025-11-22T00:00:00Z,20483.3
2025-11-22T01:00:00Z,20062.1
2025-11-22T02:00:00Z,20560.7
2025-11-22T03:00:00Z,21748.6
2025-11-22T04:00:00Z,22391.4
2025-11-22T05:00:00Z,22884.2
2025-11-22T06:00:00Z,23707.8
2025-11-22T07:00:00Z,25066.3
2025-11-22T08:00:00Z,26032.7
2025-11-22T09:00:00Z,27235.1
2025-11-22T10:00:00Z,27388.4
2025-11-22T11:00:00Z,28184.5
2025-11-22T12:00:00Z,28490.0
2025-11-22T13:00:00Z,27453.6
2025-11-22T14:00:00Z,27394.7
2025-11-22T15:00:00Z,27468.6
2025-11-22T16:00:00Z,26027.3
2025-11-22T17:00:00Z,25235.3
2025-11-22T18:00:00Z,24552.0
2025-11-22T19:00:00Z,22998.7
2025-11-22T20:00:00Z,22179.1
2025-11-22T21:00:00Z,20981.4
2025-11-22T22:00:00Z,21077.9
2025-11-22T23:00:00Z,20356.6
2025-11-23T00:00:00Z,20216.3
2025-11-23T01:00:00Z,19638.5
2025-11-23T02:00:00Z,21161.8
2025-11-23T03:00:00Z,21685.7
2025-11-23T04:00:00Z,22005.0
2025-11-23T05:00:00Z,23584.6
2025-11-23T06:00:00Z,23399.1
2025-11-23T07:00:00Z,25162.7
2025-11-23T08:00:00Z,25572.1
2025-11-23T09:00:00Z,27788.8
2025-11-23T10:00:00Z,26683.2
2025-11-23T11:00:00Z,27516.4
2025-11-23T12:00:00Z,27795.4
2025-11-23T13:00:00Z,28166.3
2025-11-23T14:00:00Z,27788.9
2025-11-23T15:00:00Z,27032.9
2025-11-23T16:00:00Z,26028.8
2025-11-23T17:00:00Z,25867.4
2025-11-23T18:00:00Z,23947.9
2025-11-23T19:00:00Z,23282.2
2025-11-23T20:00:00Z,22814.8
2025-11-23T21:00:00Z,21054.7
2025-11-23T22:00:00Z,20578.3
2025-11-23T23:00:00Z,20809.0
2025-11-24T00:00:00Z,21492.6
2025-11-24T01:00:00Z,21054.1
2025-11-24T02:00:00Z,21872.6
2025-11-24T03:00:00Z,23094.8
2025-11-24T04:00:00Z,23190.5
2025-11-24T05:00:00Z,24462.8
2025-11-24T06:00:00Z,25242.0
2025-11-24T07:00:00Z,25976.7
2025-11-24T08:00:00Z,27648.9
2025-11-24T09:00:00Z,28240.0
2025-11-24T10:00:00Z,28926.0
2025-11-24T11:00:00Z,28876.3
2025-11-24T12:00:00Z,29089.1
2025-11-24T13:00:00Z,28997.0
2025-11-24T14:00:00Z,28683.3
2025-11-24T15:00:00Z,27814.3
2025-11-24T16:00:00Z,26964.6
2025-11-24T17:00:00Z,26619.7
2025-11-24T18:00:00Z,24843.2
2025-11-24T19:00:00Z,24057.0
2025-11-24T20:00:00Z,23147.6
2025-11-24T21:00:00Z,22305.0
2025-11-24T22:00:00Z,21467.9
2025-11-24T23:00:00Z,21224.4
2025-11-25T00:00:00Z,21550.9
2025-11-25T01:00:00Z,21307.0
2025-11-25T02:00:00Z,21569.9
2025-11-25T03:00:00Z,22959.6
2025-11-25T04:00:00Z,22789.2
2025-11-25T05:00:00Z,24484.3
2025-11-25T06:00:00Z,25261.8
2025-11-25T07:00:00Z,25709.1
2025-11-25T08:00:00Z,26946.0
2025-11-25T09:00:00Z,27749.0
2025-11-25T10:00:00Z,28904.5
2025-11-25T11:00:00Z,29168.3
2025-11-25T12:00:00Z,28913.6
2025-11-25T13:00:00Z,28492.5
2025-11-25T14:00:00Z,27940.5
2025-11-25T15:00:00Z,27819.0
2025-11-25T16:00:00Z,26622.7
2025-11-25T17:00:00Z,26087.7
2025-11-25T18:00:00Z,25080.5
2025-11-25T19:00:00Z,24270.2
2025-11-25T20:00:00Z,23541.5
2025-11-25T21:00:00Z,22455.2
2025-11-25T22:00:00Z,21959.3
2025-11-25T23:00:00Z,21366.5
2025-11-26T00:00:00Z,21576.6
2025-11-26T01:00:00Z,21635.5
2025-11-26T02:00:00Z,22272.2
2025-11-26T03:00:00Z,22815.2
2025-11-26T04:00:00Z,22933.9
2025-11-26T05:00:00Z,23627.9
2025-11-26T06:00:00Z,25304.7
2025-11-26T07:00:00Z,26465.0
2025-11-26T08:00:00Z,26808.8
2025-11-26T09:00:00Z,28308.3
2025-11-26T10:00:00Z,28468.4
2025-11-26T11:00:00Z,28793.5
2025-11-26T12:00:00Z,29068.2
2025-11-26T13:00:00Z,28367.9
2025-11-26T14:00:00Z,27904.5
2025-11-26T15:00:00Z,27710.0
2025-11-26T16:00:00Z,26643.2
2025-11-26T17:00:00Z,26085.5
2025-11-26T18:00:00Z,25090.7
2025-11-26T19:00:00Z,23264.9
2025-11-26T20:00:00Z,22903.1
2025-11-26T21:00:00Z,22532.4
2025-11-26T22:00:00Z,20999.4
2025-11-26T23:00:00Z,21254.3
2025-11-27T00:00:00Z,20744.1
2025-11-27T01:00:00Z,20678.1
2025-11-27T02:00:00Z,22055.6
2025-11-27T03:00:00Z,22655.8
2025-11-27T04:00:00Z,22970.3
2025-11-27T05:00:00Z,23874.9
2025-11-27T06:00:00Z,25481.5
2025-11-27T07:00:00Z,26418.4
2025-11-27T08:00:00Z,26958.1
2025-11-27T09:00:00Z,28039.7
2025-11-27T10:00:00Z,28406.0
2025-11-27T11:00:00Z,28656.7
2025-11-27T12:00:00Z,29087.8
2025-11-27T13:00:00Z,28619.2
2025-11-27T14:00:00Z,28561.7
2025-11-27T15:00:00Z,27679.0
2025-11-27T16:00:00Z,26812.3
2025-11-27T17:00:00Z,25845.9
2025-11-27T18:00:00Z,25177.8
2025-11-27T19:00:00Z,24334.8
2025-11-27T20:00:00Z,23240.9
2025-11-27T21:00:00Z,22024.6
2025-11-27T22:00:00Z,21890.2
2025-11-27T23:00:00Z,21017.3
2025-11-28T00:00:00Z,20760.9
2025-11-28T01:00:00Z,21190.3
2025-11-28T02:00:00Z,21900.7
2025-11-28T03:00:00Z,22475.1
2025-11-28T04:00:00Z,23233.3
2025-11-28T05:00:00Z,24426.6
2025-11-28T06:00:00Z,25260.1
2025-11-28T07:00:00Z,25866.2
2025-11-28T08:00:00Z,27164.0
2025-11-28T09:00:00Z,27624.9
2025-11-28T10:00:00Z,28452.3
2025-11-28T11:00:00Z,28900.9
2025-11-28T12:00:00Z,28820.9
2025-11-28T13:00:00Z,28236.0
2025-11-28T14:00:00Z,28282.7
2025-11-28T15:00:00Z,27618.4
2025-11-28T16:00:00Z,26884.9
2025-11-28T17:00:00Z,25855.6
2025-11-28T18:00:00Z,24632.6
2025-11-28T19:00:00Z,23481.4
2025-11-28T20:00:00Z,23279.6
2025-11-28T21:00:00Z,22521.4
2025-11-28T22:00:00Z,21777.1
2025-11-28T23:00:00Z,21257.9
2025-11-29T00:00:00Z,20644.3
2025-11-29T01:00:00Z,20362.5
2025-11-29T02:00:00Z,20541.6
2025-11-29T03:00:00Z,21414.2
2025-11-29T04:00:00Z,21925.6
2025-11-29T05:00:00Z,23103.3
2025-11-29T06:00:00Z,23967.2
2025-11-29T07:00:00Z,25048.3
2025-11-29T08:00:00Z,25827.1
2025-11-29T09:00:00Z,26461.8
2025-11-29T10:00:00Z,27382.3
2025-11-29T11:00:00Z,27964.2
2025-11-29T12:00:00Z,27445.5
2025-11-29T13:00:00Z,27437.5
2025-11-29T14:00:00Z,26873.8
2025-11-29T15:00:00Z,26889.2
2025-11-29T16:00:00Z,25741.0
2025-11-29T17:00:00Z,25165.3
2025-11-29T18:00:00Z,23631.0
2025-11-29T19:00:00Z,23149.4
2025-11-29T20:00:00Z,21773.3
2025-11-29T21:00:00Z,21010.5
2025-11-29T22:00:00Z,20717.1
2025-11-29T23:00:00Z,20036.1
2025-11-30T00:00:00Z,19785.1
2025-11-30T01:00:00Z,20391.7
2025-11-30T02:00:00Z,20471.5
2025-11-30T03:00:00Z,21500.9
2025-11-30T04:00:00Z,22711.1
2025-11-30T05:00:00Z,22655.5
2025-11-30T06:00:00Z,23724.7
2025-11-30T07:00:00Z,24346.3
2025-11-30T08:00:00Z,25384.6
2025-11-30T09:00:00Z,26751.2
2025-11-30T10:00:00Z,27268.5
2025-11-30T11:00:00Z,27646.8
2025-11-30T12:00:00Z,27836.4
2025-11-30T13:00:00Z,27290.1
2025-11-30T14:00:00Z,26636.8
2025-11-30T15:00:00Z,26905.5
2025-11-30T16:00:00Z,25841.0
2025-11-30T17:00:00Z,25193.3
2025-11-30T18:00:00Z,23824.7
2025-11-30T19:00:00Z,23077.8
2025-11-30T20:00:00Z,21739.1
2025-11-30T21:00:00Z,21106.6
2025-11-30T22:00:00Z,20443.4
2025-11-30T23:00:00Z,20228.8
2025-12-01T00:00:00Z,21440.0
2025-12-01T01:00:00Z,21332.2
2025-12-01T02:00:00Z,20592.4
2025-12-01T03:00:00Z,22091.9
2025-12-01T04:00:00Z,22926.4
2025-12-01T05:00:00Z,24109.9
2025-12-01T06:00:00Z,24897.0
2025-12-01T07:00:00Z,25627.3
2025-12-01T08:00:00Z,26530.8
2025-12-01T09:00:00Z,27472.2
2025-12-01T10:00:00Z,27967.0
2025-12-01T11:00:00Z,29029.9
2025-12-01T12:00:00Z,28900.7
2025-12-01T13:00:00Z,28595.4
2025-12-01T14:00:00Z,28501.0
2025-12-01T15:00:00Z,28265.0
2025-12-01T16:00:00Z,26715.6
2025-12-01T17:00:00Z,25842.5
2025-12-01T18:00:00Z,24758.7
2025-12-01T19:00:00Z,23465.5
2025-12-01T20:00:00Z,22725.6
2025-12-01T21:00:00Z,21830.7
2025-12-01T22:00:00Z,21667.4
2025-12-01T23:00:00Z,21273.1
2025-12-02T00:00:00Z,21220.0
2025-12-02T01:00:00Z,20828.2
2025-12-02T02:00:00Z,21774.7
2025-12-02T03:00:00Z,21762.4
2025-12-02T04:00:00Z,22813.2
2025-12-02T05:00:00Z,24211.2
2025-12-02T06:00:00Z,25192.1
2025-12-02T07:00:00Z,26144.2
2025-12-02T08:00:00Z,27398.7
2025-12-02T09:00:00Z,27860.2
2025-12-02T10:00:00Z,28062.5
2025-12-02T11:00:00Z,28457.7
2025-12-02T12:00:00Z,28413.1
2025-12-02T13:00:00Z,28602.6
2025-12-02T14:00:00Z,27903.8
2025-12-02T15:00:00Z,27333.2
2025-12-02T16:00:00Z,26419.9
2025-12-02T17:00:00Z,25265.0
2025-12-02T18:00:00Z,25593.3
2025-12-02T19:00:00Z,24089.0
2025-12-02T20:00:00Z,22216.9
2025-12-02T21:00:00Z,22219.1
2025-12-02T22:00:00Z,21287.2
2025-12-02T23:00:00Z,20399.6
2025-12-03T00:00:00Z,20823.7
2025-12-03T01:00:00Z,21090.5
2025-12-03T02:00:00Z,21592.1
2025-12-03T03:00:00Z,22372.4
2025-12-03T04:00:00Z,22550.3
2025-12-03T05:00:00Z,23734.2
2025-12-03T06:00:00Z,24960.2
2025-12-03T07:00:00Z,25919.3
2025-12-03T08:00:00Z,26800.5
2025-12-03T09:00:00Z,27507.2
2025-12-03T10:00:00Z,28481.4
2025-12-03T11:00:00Z,28073.8
2025-12-03T12:00:00Z,28130.9
2025-12-03T13:00:00Z,29027.7
2025-12-03T14:00:00Z,28224.2
2025-12-03T15:00:00Z,27831.4
2025-12-03T16:00:00Z,26752.0
2025-12-03T17:00:00Z,25634.2
2025-12-03T18:00:00Z,24607.1
2025-12-03T19:00:00Z,23799.9
2025-12-03T20:00:00Z,22676.2
2025-12-03T21:00:00Z,22005.7
2025-12-03T22:00:00Z,21389.6
2025-12-03T23:00:00Z,21291.8
2025-12-04T00:00:00Z,21094.7
2025-12-04T01:00:00Z,21482.3
2025-12-04T02:00:00Z,21135.2
2025-12-04T03:00:00Z,21961.5
2025-12-04T04:00:00Z,23079.2
2025-12-04T05:00:00Z,23816.4
2025-12-04T06:00:00Z,23929.2
2025-12-04T07:00:00Z,25818.2
2025-12-04T08:00:00Z,26631.2
2025-12-04T09:00:00Z,27282.3
2025-12-04T10:00:00Z,27914.6
2025-12-04T11:00:00Z,28204.3
2025-12-04T12:00:00Z,28934.6
2025-12-04T13:00:00Z,28652.5
2025-12-04T14:00:00Z,28117.9
2025-12-04T15:00:00Z,27793.1
2025-12-04T16:00:00Z,26937.3
2025-12-04T17:00:00Z,25450.4
2025-12-04T18:00:00Z,24380.7
2025-12-04T19:00:00Z,23396.7
2025-12-04T20:00:00Z,23025.9
2025-12-04T21:00:00Z,21984.6
2025-12-04T22:00:00Z,21762.4
2025-12-04T23:00:00Z,21159.9
2025-12-05T00:00:00Z,20741.0
2025-12-05T01:00:00Z,20538.7
2025-12-05T02:00:00Z,21239.7
2025-12-05T03:00:00Z,22642.7
2025-12-05T04:00:00Z,22517.6
2025-12-05T05:00:00Z,23405.7
2025-12-05T06:00:00Z,24595.0
2025-12-05T07:00:00Z,26092.4
2025-12-05T08:00:00Z,26580.2
2025-12-05T09:00:00Z,27042.4
2025-12-05T10:00:00Z,27811.7
2025-12-05T11:00:00Z,28346.8
2025-12-05T12:00:00Z,28546.7
2025-12-05T13:00:00Z,28711.5
2025-12-05T14:00:00Z,28793.0
2025-12-05T15:00:00Z,27822.9
2025-12-05T16:00:00Z,26795.1
2025-12-05T17:00:00Z,25656.6
2025-12-05T18:00:00Z,24411.8
2025-12-05T19:00:00Z,23850.1
2025-12-05T20:00:00Z,23141.8
2025-12-05T21:00:00Z,22199.3
2025-12-05T22:00:00Z,21285.4
2025-12-05T23:00:00Z,21151.7
2025-12-06T00:00:00Z,19607.9
2025-12-06T01:00:00Z,19758.7
2025-12-06T02:00:00Z,20121.2
2025-12-06T03:00:00Z,20830.0
2025-12-06T04:00:00Z,21579.2
2025-12-06T05:00:00Z,22853.7
2025-12-06T06:00:00Z,23532.4
2025-12-06T07:00:00Z,24498.7
2025-12-06T08:00:00Z,25787.5
2025-12-06T09:00:00Z,26474.2
2025-12-06T10:00:00Z,27225.1
2025-12-06T11:00:00Z,27013.8
2025-12-06T12:00:00Z,27798.3
2025-12-06T13:00:00Z,27250.6
2025-12-06T14:00:00Z,26536.1
2025-12-06T15:00:00Z,26203.6
2025-12-06T16:00:00Z,25065.5
2025-12-06T17:00:00Z,24209.1
2025-12-06T18:00:00Z,23393.6
2025-12-06T19:00:00Z,22824.3
2025-12-06T20:00:00Z,21172.6
2025-12-06T21:00:00Z,20884.0
2025-12-06T22:00:00Z,20098.2
2025-12-06T23:00:00Z,20283.6
2025-12-07T00:00:00Z,19663.4
2025-12-07T01:00:00Z,19922.2
2025-12-07T02:00:00Z,20559.4
2025-12-07T03:00:00Z,20387.3
2025-12-07T04:00:00Z,21421.6
2025-12-07T05:00:00Z,21991.1
2025-12-07T06:00:00Z,23192.1
2025-12-07T07:00:00Z,24553.7
2025-12-07T08:00:00Z,25329.4
2025-12-07T09:00:00Z,26306.4
2025-12-07T10:00:00Z,26666.1
2025-12-07T11:00:00Z,26959.8
2025-12-07T12:00:00Z,27262.9
2025-12-07T13:00:00Z,26898.7
2025-12-07T14:00:00Z,26438.9
2025-12-07T15:00:00Z,25675.9
2025-12-07T16:00:00Z,25332.2
2025-12-07T17:00:00Z,24576.6
2025-12-07T18:00:00Z,23057.1
2025-12-07T19:00:00Z,22293.6
2025-12-07T20:00:00Z,20789.4
2025-12-07T21:00:00Z,20333.3
2025-12-07T22:00:00Z,20111.0
2025-12-07T23:00:00Z,19297.5
2025-12-08T00:00:00Z,20716.2
2025-12-08T01:00:00Z,20584.6
2025-12-08T02:00:00Z,21209.0
2025-12-08T03:00:00Z,21534.2
2025-12-08T04:00:00Z,22060.9
2025-12-08T05:00:00Z,23427.9
2025-12-08T06:00:00Z,24656.1
2025-12-08T07:00:00Z,25266.3
2025-12-08T08:00:00Z,26478.9
2025-12-08T09:00:00Z,26936.5
2025-12-08T10:00:00Z,27662.2
2025-12-08T11:00:00Z,28543.2
2025-12-08T12:00:00Z,28279.5
2025-12-08T13:00:00Z,27862.9
2025-12-08T14:00:00Z,27941.0
2025-12-08T15:00:00Z,27172.4
2025-12-08T16:00:00Z,26193.2
2025-12-08T17:00:00Z,25643.6
2025-12-08T18:00:00Z,23526.8
2025-12-08T19:00:00Z,23611.2
2025-12-08T20:00:00Z,23094.4
2025-12-08T21:00:00Z,21797.0
2025-12-08T22:00:00Z,20503.7
2025-12-08T23:00:00Z,21129.4
2025-12-09T00:00:00Z,21296.0
2025-12-09T01:00:00Z,20824.3
2025-12-09T02:00:00Z,20700.1
2025-12-09T03:00:00Z,21435.0
2025-12-09T04:00:00Z,22403.5
2025-12-09T05:00:00Z,23433.6
2025-12-09T06:00:00Z,24738.6
2025-12-09T07:00:00Z,25546.9
2025-12-09T08:00:00Z,25601.1
2025-12-09T09:00:00Z,27006.4
2025-12-09T10:00:00Z,27668.9
2025-12-09T11:00:00Z,28678.1
2025-12-09T12:00:00Z,28051.0
2025-12-09T13:00:00Z,27667.2
2025-12-09T14:00:00Z,27619.6
2025-12-09T15:00:00Z,27185.7
2025-12-09T16:00:00Z,25731.2
2025-12-09T17:00:00Z,25711.3
2025-12-09T18:00:00Z,24333.2
2025-12-09T19:00:00Z,23633.7
2025-12-09T20:00:00Z,22661.0
2025-12-09T21:00:00Z,21815.1
2025-12-09T22:00:00Z,21471.9
2025-12-09T23:00:00Z,21169.6
2025-12-10T00:00:00Z,20329.9
2025-12-10T01:00:00Z,20566.1
2025-12-10T02:00:00Z,21297.8
2025-12-10T03:00:00Z,21636.3
2025-12-10T04:00:00Z,22200.3
2025-12-10T05:00:00Z,23346.9
2025-12-10T06:00:00Z,24048.3
2025-12-10T07:00:00Z,25156.1
2025-12-10T08:00:00Z,25172.4
2025-12-10T09:00:00Z,27084.2
2025-12-10T10:00:00Z,28229.5
2025-12-10T11:00:00Z,28268.3
2025-12-10T12:00:00Z,28389.0
2025-12-10T13:00:00Z,28099.1
2025-12-10T14:00:00Z,27420.7
2025-12-10T15:00:00Z,27199.8
2025-12-10T16:00:00Z,26264.7
2025-12-10T17:00:00Z,25275.7
2025-12-10T18:00:00Z,24395.6
2025-12-10T19:00:00Z,23144.5
2025-12-10T20:00:00Z,22433.1
2025-12-10T21:00:00Z,21796.8
2025-12-10T22:00:00Z,21292.2
2025-12-10T23:00:00Z,20640.2
2025-12-11T00:00:00Z,20654.9
2025-12-11T01:00:00Z,20588.0
2025-12-11T02:00:00Z,20208.8
2025-12-11T03:00:00Z,20924.9
2025-12-11T04:00:00Z,22264.8
2025-12-11T05:00:00Z,22909.4
2025-12-11T06:00:00Z,24434.2
2025-12-11T07:00:00Z,24843.0
2025-12-11T08:00:00Z,26055.6
2025-12-11T09:00:00Z,26811.6
2025-12-11T10:00:00Z,27364.2
2025-12-11T11:00:00Z,27798.7
2025-12-11T12:00:00Z,28105.0
2025-12-11T13:00:00Z,28010.3
2025-12-11T14:00:00Z,27430.9
2025-12-11T15:00:00Z,27037.2
2025-12-11T16:00:00Z,26352.8
2025-12-11T17:00:00Z,25194.0
2025-12-11T18:00:00Z,24042.0
2025-12-11T19:00:00Z,23047.6
2025-12-11T20:00:00Z,22179.5
2025-12-11T21:00:00Z,21363.9
2025-12-11T22:00:00Z,20943.4
2025-12-11T23:00:00Z,21375.2
2025-12-12T00:00:00Z,20689.0
2025-12-12T01:00:00Z,20480.4
2025-12-12T02:00:00Z,21041.5
2025-12-12T03:00:00Z,21652.9
2025-12-12T04:00:00Z,22664.0
2025-12-12T05:00:00Z,23644.8
2025-12-12T06:00:00Z,23896.0
2025-12-12T07:00:00Z,25895.4
2025-12-12T08:00:00Z,25859.4
2025-12-12T09:00:00Z,26955.8
2025-12-12T10:00:00Z,27280.2
2025-12-12T11:00:00Z,27393.0
2025-12-12T12:00:00Z,27498.0
2025-12-12T13:00:00Z,28545.9
2025-12-12T14:00:00Z,28008.0
2025-12-12T15:00:00Z,26621.3
2025-12-12T16:00:00Z,25782.3
2025-12-12T17:00:00Z,25668.8
2025-12-12T18:00:00Z,23902.7
2025-12-12T19:00:00Z,23350.8
2025-12-12T20:00:00Z,22916.0
2025-12-12T21:00:00Z,21718.0
2025-12-12T22:00:00Z,21333.6
2025-12-12T23:00:00Z,20550.4
2025-12-13T00:00:00Z,18678.9
2025-12-13T01:00:00Z,19087.4
2025-12-13T02:00:00Z,19167.4
2025-12-13T03:00:00Z,20441.7
2025-12-13T04:00:00Z,20726.0
2025-12-13T05:00:00Z,22107.1
2025-12-13T06:00:00Z,22908.1
2025-12-13T07:00:00Z,23843.8
2025-12-13T08:00:00Z,25153.3
2025-12-13T09:00:00Z,25641.7
2025-12-13T10:00:00Z,26141.1
2025-12-13T11:00:00Z,27100.9
2025-12-13T12:00:00Z,26906.0
2025-12-13T13:00:00Z,26321.4
2025-12-13T14:00:00Z,26774.5
2025-12-13T15:00:00Z,25342.4
2025-12-13T16:00:00Z,25061.0
2025-12-13T17:00:00Z,24223.7
2025-12-13T18:00:00Z,22976.3
2025-12-13T19:00:00Z,21799.9
2025-12-13T20:00:00Z,21027.8
2025-12-13T21:00:00Z,20221.4
2025-12-13T22:00:00Z,19370.3
2025-12-13T23:00:00Z,19602.4
2025-12-14T00:00:00Z,18944.2
2025-12-14T01:00:00Z,19036.8
2025-12-14T02:00:00Z,20084.2
2025-12-14T03:00:00Z,20030.5
2025-12-14T04:00:00Z,20578.0
2025-12-14T05:00:00Z,21970.0
2025-12-14T06:00:00Z,22992.3
2025-12-14T07:00:00Z,23997.2
2025-12-14T08:00:00Z,25576.1
2025-12-14T09:00:00Z,25539.5
2025-12-14T10:00:00Z,26754.6
2025-12-14T11:00:00Z,26994.2
2025-12-14T12:00:00Z,27306.8
2025-12-14T13:00:00Z,26686.1
2025-12-14T14:00:00Z,26231.6
2025-12-14T15:00:00Z,25656.4
2025-12-14T16:00:00Z,25021.1
2025-12-14T17:00:00Z,24297.5
2025-12-14T18:00:00Z,23518.1
2025-12-14T19:00:00Z,21438.7
2025-12-14T20:00:00Z,21407.1
2025-12-14T21:00:00Z,20389.1
2025-12-14T22:00:00Z,19673.7
2025-12-14T23:00:00Z,18945.7
2025-12-15T00:00:00Z,20254.9
2025-12-15T01:00:00Z,19702.5
2025-12-15T02:00:00Z,21057.6
2025-12-15T03:00:00Z,20981.0
2025-12-15T04:00:00Z,22037.2
2025-12-15T05:00:00Z,22952.3
2025-12-15T06:00:00Z,24185.7
2025-12-15T07:00:00Z,24579.5
2025-12-15T08:00:00Z,26195.0
2025-12-15T09:00:00Z,26861.0
2025-12-15T10:00:00Z,27834.4
2025-12-15T11:00:00Z,27823.8
2025-12-15T12:00:00Z,27818.8
2025-12-15T13:00:00Z,27128.4
2025-12-15T14:00:00Z,27226.0
2025-12-15T15:00:00Z,27252.6
2025-12-15T16:00:00Z,25786.6
2025-12-15T17:00:00Z,24844.1
2025-12-15T18:00:00Z,23957.9
2025-12-15T19:00:00Z,23275.2
2025-12-15T20:00:00Z,21515.5
2025-12-15T21:00:00Z,21849.3
2025-12-15T22:00:00Z,20850.5
2025-12-15T23:00:00Z,20506.4
2025-12-16T00:00:00Z,20075.3
2025-12-16T01:00:00Z,20834.3
2025-12-16T02:00:00Z,20456.7
2025-12-16T03:00:00Z,21466.6
2025-12-16T04:00:00Z,22039.9
2025-12-16T05:00:00Z,22536.9
2025-12-16T06:00:00Z,23891.9
2025-12-16T07:00:00Z,25160.2
2025-12-16T08:00:00Z,25774.9
2025-12-16T09:00:00Z,26533.0
2025-12-16T10:00:00Z,27269.0
2025-12-16T11:00:00Z,27384.6
2025-12-16T12:00:00Z,27439.7
2025-12-16T13:00:00Z,27682.6
2025-12-16T14:00:00Z,26977.2
2025-12-16T15:00:00Z,26842.7
2025-12-16T16:00:00Z,26089.4
2025-12-16T17:00:00Z,25342.2
2025-12-16T18:00:00Z,24244.5
2025-12-16T19:00:00Z,22849.9
2025-12-16T20:00:00Z,22139.5
2025-12-16T21:00:00Z,20845.1
2025-12-16T22:00:00Z,20731.9
2025-12-16T23:00:00Z,20053.1
2025-12-17T00:00:00Z,20439.6
2025-12-17T01:00:00Z,19920.3
2025-12-17T02:00:00Z,20581.1
2025-12-17T03:00:00Z,20896.7
2025-12-17T04:00:00Z,22135.6
2025-12-17T05:00:00Z,23069.5
2025-12-17T06:00:00Z,23548.6
2025-12-17T07:00:00Z,25485.2
2025-12-17T08:00:00Z,25951.2
2025-12-17T09:00:00Z,26142.0
2025-12-17T10:00:00Z,26918.7
2025-12-17T11:00:00Z,27011.5
2025-12-17T12:00:00Z,27085.9
2025-12-17T13:00:00Z,27544.3
2025-12-17T14:00:00Z,26543.3
2025-12-17T15:00:00Z,26711.9
2025-12-17T16:00:00Z,25274.1
2025-12-17T17:00:00Z,24740.6
2025-12-17T18:00:00Z,24406.7
2025-12-17T19:00:00Z,22751.9
2025-12-17T20:00:00Z,21923.9
2025-12-17T21:00:00Z,21529.5
2025-12-17T22:00:00Z,20423.1
2025-12-17T23:00:00Z,20307.7
2025-12-18T00:00:00Z,19679.0
2025-12-18T01:00:00Z,19947.6
2025-12-18T02:00:00Z,20493.9
2025-12-18T03:00:00Z,21068.7
2025-12-18T04:00:00Z,21620.7
2025-12-18T05:00:00Z,22864.8
2025-12-18T06:00:00Z,23982.7
2025-12-18T07:00:00Z,24992.0
2025-12-18T08:00:00Z,25731.4
2025-12-18T09:00:00Z,26217.8
2025-12-18T10:00:00Z,27347.5
2025-12-18T11:00:00Z,27785.9
2025-12-18T12:00:00Z,27333.6
2025-12-18T13:00:00Z,26784.0
2025-12-18T14:00:00Z,27068.4
2025-12-18T15:00:00Z,26838.4
2025-12-18T16:00:00Z,25992.2
2025-12-18T17:00:00Z,24411.5
2025-12-18T18:00:00Z,24208.0
2025-12-18T19:00:00Z,22504.6
2025-12-18T20:00:00Z,22151.3
2025-12-18T21:00:00Z,20924.1
2025-12-18T22:00:00Z,20753.3
2025-12-18T23:00:00Z,20219.8
2025-12-19T00:00:00Z,19784.4
2025-12-19T01:00:00Z,20213.7
2025-12-19T02:00:00Z,20163.5
2025-12-19T03:00:00Z,20864.4
2025-12-19T04:00:00Z,21682.8
2025-12-19T05:00:00Z,22441.6
2025-12-19T06:00:00Z,24005.8
2025-12-19T07:00:00Z,25004.7
2025-12-19T08:00:00Z,25638.9
2025-12-19T09:00:00Z,26129.4
2025-12-19T10:00:00Z,27196.0
2025-12-19T11:00:00Z,27523.3
2025-12-19T12:00:00Z,27765.5
2025-12-19T13:00:00Z,27429.3
2025-12-19T14:00:00Z,26976.2
2025-12-19T15:00:00Z,26876.0
2025-12-19T16:00:00Z,25441.8
2025-12-19T17:00:00Z,24644.1
2025-12-19T18:00:00Z,23139.9
2025-12-19T19:00:00Z,22587.9
2025-12-19T20:00:00Z,21624.0
2025-12-19T21:00:00Z,20870.0
2025-12-19T22:00:00Z,20549.1
2025-12-19T23:00:00Z,19785.9
2025-12-20T00:00:00Z,18837.3
2025-12-20T01:00:00Z,18715.0
2025-12-20T02:00:00Z,19077.9
2025-12-20T03:00:00Z,19243.4
2025-12-20T04:00:00Z,20758.1
2025-12-20T05:00:00Z,21756.4
2025-12-20T06:00:00Z,22243.4
2025-12-20T07:00:00Z,23362.8
2025-12-20T08:00:00Z,23906.1
2025-12-20T09:00:00Z,25161.9
2025-12-20T10:00:00Z,25538.3
2025-12-20T11:00:00Z,26391.5
2025-12-20T12:00:00Z,26362.6
2025-12-20T13:00:00Z,26458.9
2025-12-20T14:00:00Z,25616.8
2025-12-20T15:00:00Z,24729.2
2025-12-20T16:00:00Z,24443.2
2025-12-20T17:00:00Z,23350.5
2025-12-20T18:00:00Z,23118.7
2025-12-20T19:00:00Z,21615.2
2025-12-20T20:00:00Z,21065.0
2025-12-20T21:00:00Z,19978.9
2025-12-20T22:00:00Z,19097.6
2025-12-20T23:00:00Z,18331.0
2025-12-21T00:00:00Z,18536.9
2025-12-21T01:00:00Z,18938.9
2025-12-21T02:00:00Z,19153.7
2025-12-21T03:00:00Z,19845.7
2025-12-21T04:00:00Z,20636.9
2025-12-21T05:00:00Z,21048.4
2025-12-21T06:00:00Z,22565.1
2025-12-21T07:00:00Z,23212.7
2025-12-21T08:00:00Z,24383.2
2025-12-21T09:00:00Z,25626.8
2025-12-21T10:00:00Z,25182.4
2025-12-21T11:00:00Z,26111.5
2025-12-21T12:00:00Z,26434.6
2025-12-21T13:00:00Z,26535.3
2025-12-21T14:00:00Z,25830.9
2025-12-21T15:00:00Z,24934.2
2025-12-21T16:00:00Z,24645.9
2025-12-21T17:00:00Z,23650.1
2025-12-21T18:00:00Z,21912.1
2025-12-21T19:00:00Z,21494.0
2025-12-21T20:00:00Z,20002.2
2025-12-21T21:00:00Z,18911.4
2025-12-21T22:00:00Z,18817.1
2025-12-21T23:00:00Z,18451.7
2025-12-22T00:00:00Z,18940.4
2025-12-22T01:00:00Z,20341.2
2025-12-22T02:00:00Z,19718.5
2025-12-22T03:00:00Z,20867.8
2025-12-22T04:00:00Z,21778.8
2025-12-22T05:00:00Z,23173.5
2025-12-22T06:00:00Z,23373.7
2025-12-22T07:00:00Z,24993.2
2025-12-22T08:00:00Z,25051.6
2025-12-22T09:00:00Z,26202.5
2025-12-22T10:00:00Z,26700.4
2025-12-22T11:00:00Z,26896.2
2025-12-22T12:00:00Z,27454.2
2025-12-22T13:00:00Z,27823.8
2025-12-22T14:00:00Z,27505.6
2025-12-22T15:00:00Z,26435.8
2025-12-22T16:00:00Z,25060.4
2025-12-22T17:00:00Z,24233.8
2025-12-22T18:00:00Z,23686.4
2025-12-22T19:00:00Z,22679.1
2025-12-22T20:00:00Z,21745.8
2025-12-22T21:00:00Z,20680.2
2025-12-22T22:00:00Z,19865.2
2025-12-22T23:00:00Z,19914.6
2025-12-23T00:00:00Z,19557.7
2025-12-23T01:00:00Z,20149.0
2025-12-23T02:00:00Z,19860.5
2025-12-23T03:00:00Z,20966.8
2025-12-23T04:00:00Z,21928.2
2025-12-23T05:00:00Z,23057.4
2025-12-23T06:00:00Z,24050.3
2025-12-23T07:00:00Z,24092.6
2025-12-23T08:00:00Z,24974.8
2025-12-23T09:00:00Z,26198.2
2025-12-23T10:00:00Z,26485.7
2025-12-23T11:00:00Z,26388.0
2025-12-23T12:00:00Z,27753.5
2025-12-23T13:00:00Z,27309.8
2025-12-23T14:00:00Z,27095.1
2025-12-23T15:00:00Z,26212.8
2025-12-23T16:00:00Z,25729.9
2025-12-23T17:00:00Z,24510.5
2025-12-23T18:00:00Z,23473.9
2025-12-23T19:00:00Z,23045.0
2025-12-23T20:00:00Z,21129.1
2025-12-23T21:00:00Z,20874.2
2025-12-23T22:00:00Z,19580.8
2025-12-23T23:00:00Z,20183.3
2025-12-24T00:00:00Z,19424.9
2025-12-24T01:00:00Z,19241.4
2025-12-24T02:00:00Z,19430.7
2025-12-24T03:00:00Z,20555.5
2025-12-24T04:00:00Z,22057.3
2025-12-24T05:00:00Z,22513.5
2025-12-24T06:00:00Z,22850.9
2025-12-24T07:00:00Z,23693.7
2025-12-24T08:00:00Z,26190.4
2025-12-24T09:00:00Z,25893.0
2025-12-24T10:00:00Z,26215.9
2025-12-24T11:00:00Z,27119.9
2025-12-24T12:00:00Z,27393.2
2025-12-24T13:00:00Z,27584.0
2025-12-24T14:00:00Z,26624.5
2025-12-24T15:00:00Z,25845.3
2025-12-24T16:00:00Z,25495.6
2025-12-24T17:00:00Z,24086.9
2025-12-24T18:00:00Z,23464.8
2025-12-24T19:00:00Z,22407.7
2025-12-24T20:00:00Z,21737.2
2025-12-24T21:00:00Z,20393.9
2025-12-24T22:00:00Z,19789.1
2025-12-24T23:00:00Z,19715.8
2025-12-25T00:00:00Z,19567.6
2025-12-25T01:00:00Z,19073.9
2025-12-25T02:00:00Z,19671.6
2025-12-25T03:00:00Z,20600.8
2025-12-25T04:00:00Z,21222.7
2025-12-25T05:00:00Z,23010.9
2025-12-25T06:00:00Z,23503.6
2025-12-25T07:00:00Z,24674.3
2025-12-25T08:00:00Z,25174.8
2025-12-25T09:00:00Z,26025.8
2025-12-25T10:00:00Z,26650.4
2025-12-25T11:00:00Z,27340.6
2025-12-25T12:00:00Z,27022.2
2025-12-25T13:00:00Z,27506.3
2025-12-25T14:00:00Z,26373.8
2025-12-25T15:00:00Z,26322.6
2025-12-25T16:00:00Z,25286.9
2025-12-25T17:00:00Z,24153.0
2025-12-25T18:00:00Z,23786.0
2025-12-25T19:00:00Z,22592.3
2025-12-25T20:00:00Z,21286.0
2025-12-25T21:00:00Z,20297.7
2025-12-25T22:00:00Z,20202.3
2025-12-25T23:00:00Z,19288.4
2025-12-26T00:00:00Z,19519.4
2025-12-26T01:00:00Z,19182.5
2025-12-26T02:00:00Z,19893.3
2025-12-26T03:00:00Z,20192.3
2025-12-26T04:00:00Z,21207.4
2025-12-26T05:00:00Z,22735.2
2025-12-26T06:00:00Z,23760.3
2025-12-26T07:00:00Z,24043.0
2025-12-26T08:00:00Z,25039.1
2025-12-26T09:00:00Z,25383.9
2025-12-26T10:00:00Z,26634.4
2025-12-26T11:00:00Z,27289.0
2025-12-26T12:00:00Z,26780.0
2025-12-26T13:00:00Z,26628.6
2025-12-26T14:00:00Z,26653.5
2025-12-26T15:00:00Z,25741.4
2025-12-26T16:00:00Z,25188.5
2025-12-26T17:00:00Z,24699.0
2025-12-26T18:00:00Z,23349.3
2025-12-26T19:00:00Z,22420.7
2025-12-26T20:00:00Z,21881.5
2025-12-26T21:00:00Z,20552.9
2025-12-26T22:00:00Z,20085.5
2025-12-26T23:00:00Z,19497.4
2025-12-27T00:00:00Z,17954.7
2025-12-27T01:00:00Z,18849.5
2025-12-27T02:00:00Z,18266.4
2025-12-27T03:00:00Z,19355.3
2025-12-27T04:00:00Z,19752.8
2025-12-27T05:00:00Z,20791.1
2025-12-27T06:00:00Z,21639.1
2025-12-27T07:00:00Z,22970.3
2025-12-27T08:00:00Z,24134.0
2025-12-27T09:00:00Z,25202.5
2025-12-27T10:00:00Z,24786.8
2025-12-27T11:00:00Z,25854.0
2025-12-27T12:00:00Z,25782.9
2025-12-27T13:00:00Z,25579.9
2025-12-27T14:00:00Z,25358.0
2025-12-27T15:00:00Z,24847.0
2025-12-27T16:00:00Z,23949.7
2025-12-27T17:00:00Z,23054.7
2025-12-27T18:00:00Z,22762.0
2025-12-27T19:00:00Z,21092.8
2025-12-27T20:00:00Z,20238.4
2025-12-27T21:00:00Z,18960.9
2025-12-27T22:00:00Z,19069.2
2025-12-27T23:00:00Z,18164.0
2025-12-28T00:00:00Z,18094.3
2025-12-28T01:00:00Z,18007.5
2025-12-28T02:00:00Z,18611.6
2025-12-28T03:00:00Z,18954.8
2025-12-28T04:00:00Z,19637.1
2025-12-28T05:00:00Z,20534.0
2025-12-28T06:00:00Z,21857.7
2025-12-28T07:00:00Z,22984.0
2025-12-28T08:00:00Z,24141.3
2025-12-28T09:00:00Z,25241.3
2025-12-28T10:00:00Z,25919.4
2025-12-28T11:00:00Z,25502.8
2025-12-28T12:00:00Z,25610.1
2025-12-28T13:00:00Z,25950.0
2025-12-28T14:00:00Z,25039.6
2025-12-28T15:00:00Z,25072.1
2025-12-28T16:00:00Z,24248.5
2025-12-28T17:00:00Z,22676.8
2025-12-28T18:00:00Z,22229.2
2025-12-28T19:00:00Z,21452.8
2025-12-28T20:00:00Z,20207.8
2025-12-28T21:00:00Z,19172.0
2025-12-28T22:00:00Z,18598.5
2025-12-28T23:00:00Z,18420.2
2025-12-29T00:00:00Z,18894.7
2025-12-29T01:00:00Z,19372.3
2025-12-29T02:00:00Z,19574.2
2025-12-29T03:00:00Z,20025.4
2025-12-29T04:00:00Z,20748.6
2025-12-29T05:00:00Z,22170.4
2025-12-29T06:00:00Z,22700.0
2025-12-29T07:00:00Z,24059.3
2025-12-29T08:00:00Z,24326.2
2025-12-29T09:00:00Z,25653.8
2025-12-29T10:00:00Z,26364.7
2025-12-29T11:00:00Z,26827.8
2025-12-29T12:00:00Z,27148.2
2025-12-29T13:00:00Z,26882.5
2025-12-29T14:00:00Z,26508.9
2025-12-29T15:00:00Z,25630.9
2025-12-29T16:00:00Z,24587.2
2025-12-29T17:00:00Z,23617.0
2025-12-29T18:00:00Z,22746.4
2025-12-29T19:00:00Z,22070.8
2025-12-29T20:00:00Z,21385.5
2025-12-29T21:00:00Z,20375.8
2025-12-29T22:00:00Z,19716.7
2025-12-29T23:00:00Z,19508.5
2025-12-30T00:00:00Z,18953.6
2025-12-30T01:00:00Z,19246.0
2025-12-30T02:00:00Z,19540.1
2025-12-30T03:00:00Z,20254.4
2025-12-30T04:00:00Z,20916.6
2025-12-30T05:00:00Z,21504.0
2025-12-30T06:00:00Z,22792.5
2025-12-30T07:00:00Z,23653.0
2025-12-30T08:00:00Z,25393.7
2025-12-30T09:00:00Z,26096.6
2025-12-30T10:00:00Z,26054.3
2025-12-30T11:00:00Z,26364.1
2025-12-30T12:00:00Z,26774.8
2025-12-30T13:00:00Z,26158.5
2025-12-30T14:00:00Z,26647.6
2025-12-30T15:00:00Z,25620.2
2025-12-30T16:00:00Z,24687.9
2025-12-30T17:00:00Z,24241.3
2025-12-30T18:00:00Z,23317.2
2025-12-30T19:00:00Z,21958.2
2025-12-30T20:00:00Z,21300.4
2025-12-30T21:00:00Z,19650.6
2025-12-30T22:00:00Z,19325.0
2025-12-30T23:00:00Z,18912.8
2025-12-31T00:00:00Z,18455.3
2025-12-31T01:00:00Z,19378.7
2025-12-31T02:00:00Z,20252.3
2025-12-31T03:00:00Z,19680.2
2025-12-31T04:00:00Z,20718.8
2025-12-31T05:00:00Z,22167.2
2025-12-31T06:00:00Z,22731.9
2025-12-31T07:00:00Z,23819.8
2025-12-31T08:00:00Z,24497.3
2025-12-31T09:00:00Z,25656.6
2025-12-31T10:00:00Z,25853.8
2025-12-31T11:00:00Z,26789.0
2025-12-31T12:00:00Z,26845.9
2025-12-31T13:00:00Z,26667.5
2025-12-31T14:00:00Z,25919.1
2025-12-31T15:00:00Z,25481.6
2025-12-31T16:00:00Z,24900.4
2025-12-31T17:00:00Z,23536.6
2025-12-31T18:00:00Z,22510.9
2025-12-31T19:00:00Z,21102.0
2025-12-31T20:00:00Z,20723.2
2025-12-31T21:00:00Z,20046.7
2025-12-31T22:00:00Z,19783.8
2025-12-31T23:00:00Z,18713.2
2026-01-01T00:00:00Z,18426.7
2026-01-01T01:00:00Z,19401.4
2026-01-01T02:00:00Z,19751.1
2026-01-01T03:00:00Z,19653.9
2026-01-01T04:00:00Z,20656.3
2026-01-01T05:00:00Z,21164.4
2026-01-01T06:00:00Z,22720.7
2026-01-01T07:00:00Z,24150.7
2026-01-01T08:00:00Z,24921.5
2026-01-01T09:00:00Z,25133.3
2026-01-01T10:00:00Z,26170.9
2026-01-01T11:00:00Z,26238.7
2026-01-01T12:00:00Z,26699.6
2026-01-01T13:00:00Z,26293.6
2026-01-01T14:00:00Z,26282.5
2026-01-01T15:00:00Z,25870.8
2026-01-01T16:00:00Z,24774.3
2026-01-01T17:00:00Z,23856.4
2026-01-01T18:00:00Z,22869.1
2026-01-01T19:00:00Z,22024.4
2026-01-01T20:00:00Z,20684.2
2026-01-01T21:00:00Z,19964.1
2026-01-01T22:00:00Z,19356.8
2026-01-01T23:00:00Z,19439.2
2026-01-02T00:00:00Z,18862.6
2026-01-02T01:00:00Z,19123.8
2026-01-02T02:00:00Z,19212.0
2026-01-02T03:00:00Z,19511.0
2026-01-02T04:00:00Z,20643.2
2026-01-02T05:00:00Z,21822.4
2026-01-02T06:00:00Z,22570.2
2026-01-02T07:00:00Z,23486.5
2026-01-02T08:00:00Z,24479.1
2026-01-02T09:00:00Z,25561.1
2026-01-02T10:00:00Z,26145.0
2026-01-02T11:00:00Z,26394.3
2026-01-02T12:00:00Z,26225.9
2026-01-02T13:00:00Z,26178.2
2026-01-02T14:00:00Z,27153.4
2026-01-02T15:00:00Z,25341.9
2026-01-02T16:00:00Z,24793.2
2026-01-02T17:00:00Z,23764.1
2026-01-02T18:00:00Z,22230.8
2026-01-02T19:00:00Z,22090.0
2026-01-02T20:00:00Z,20766.6
2026-01-02T21:00:00Z,19658.4
2026-01-02T22:00:00Z,19569.9
2026-01-02T23:00:00Z,18764.3
2026-01-03T00:00:00Z,17763.0
2026-01-03T01:00:00Z,17373.8
2026-01-03T02:00:00Z,18121.7
2026-01-03T03:00:00Z,19002.2
2026-01-03T04:00:00Z,19435.2
2026-01-03T05:00:00Z,20074.0
2026-01-03T06:00:00Z,21258.2
2026-01-03T07:00:00Z,22728.2
2026-01-03T08:00:00Z,22942.3
2026-01-03T09:00:00Z,23803.4
2026-01-03T10:00:00Z,25099.9
2026-01-03T11:00:00Z,25275.8
2026-01-03T12:00:00Z,25356.2
2026-01-03T13:00:00Z,25098.1
2026-01-03T14:00:00Z,24978.3
2026-01-03T15:00:00Z,24503.5
2026-01-03T16:00:00Z,23583.8
2026-01-03T17:00:00Z,21958.2
2026-01-03T18:00:00Z,21713.7
2026-01-03T19:00:00Z,19992.8
2026-01-03T20:00:00Z,20129.5
2026-01-03T21:00:00Z,18646.1
2026-01-03T22:00:00Z,18366.3
2026-01-03T23:00:00Z,17893.9
2026-01-04T00:00:00Z,17376.8
2026-01-04T01:00:00Z,18090.2
2026-01-04T02:00:00Z,18168.1
2026-01-04T03:00:00Z,19384.0
2026-01-04T04:00:00Z,19721.1
2026-01-04T05:00:00Z,20549.6
2026-01-04T06:00:00Z,22239.0
2026-01-04T07:00:00Z,22884.1
2026-01-04T08:00:00Z,23379.3
2026-01-04T09:00:00Z,23921.6
2026-01-04T10:00:00Z,25399.1
2026-01-04T11:00:00Z,25564.5
2026-01-04T12:00:00Z,25695.7
2026-01-04T13:00:00Z,25074.3
2026-01-04T14:00:00Z,24599.0
2026-01-04T15:00:00Z,23896.2
2026-01-04T16:00:00Z,23743.7
2026-01-04T17:00:00Z,22401.0
2026-01-04T18:00:00Z,21662.0
2026-01-04T19:00:00Z,19763.6
2026-01-04T20:00:00Z,19851.1
2026-01-04T21:00:00Z,18495.6
2026-01-04T22:00:00Z,17245.3
2026-01-04T23:00:00Z,17315.4
2026-01-05T00:00:00Z,18713.9
2026-01-05T01:00:00Z,19197.2
2026-01-05T02:00:00Z,18219.4
2026-01-05T03:00:00Z,19271.2
2026-01-05T04:00:00Z,20546.6
2026-01-05T05:00:00Z,20936.9
2026-01-05T06:00:00Z,22291.1
2026-01-05T07:00:00Z,23096.2
2026-01-05T08:00:00Z,24383.9
2026-01-05T09:00:00Z,24678.5
2026-01-05T10:00:00Z,25652.4
2026-01-05T11:00:00Z,25876.9
2026-01-05T12:00:00Z,26319.3
2026-01-05T13:00:00Z,26124.0
2026-01-05T14:00:00Z,26081.7
2026-01-05T15:00:00Z,25222.6
2026-01-05T16:00:00Z,24914.1
2026-01-05T17:00:00Z,22908.2
2026-01-05T18:00:00Z,22340.5
2026-01-05T19:00:00Z,21673.2
2026-01-05T20:00:00Z,20529.9
2026-01-05T21:00:00Z,18852.9
2026-01-05T22:00:00Z,19187.9
2026-01-05T23:00:00Z,18542.2
2026-01-06T00:00:00Z,19278.3
2026-01-06T01:00:00Z,18587.9
2026-01-06T02:00:00Z,19225.6
2026-01-06T03:00:00Z,19314.2
2026-01-06T04:00:00Z,20641.5
2026-01-06T05:00:00Z,20454.1
2026-01-06T06:00:00Z,22019.8
2026-01-06T07:00:00Z,23223.1
2026-01-06T08:00:00Z,23760.9
2026-01-06T09:00:00Z,25390.1
2026-01-06T10:00:00Z,25692.5
2026-01-06T11:00:00Z,26605.8
2026-01-06T12:00:00Z,25749.4
2026-01-06T13:00:00Z,25805.7
2026-01-06T14:00:00Z,25899.2
2026-01-06T15:00:00Z,24912.8
2026-01-06T16:00:00Z,24546.1
2026-01-06T17:00:00Z,23556.4
2026-01-06T18:00:00Z,22108.8
2026-01-06T19:00:00Z,21392.1
2026-01-06T20:00:00Z,20596.5
2026-01-06T21:00:00Z,19703.5
2026-01-06T22:00:00Z,18945.6
2026-01-06T23:00:00Z,18470.1
2026-01-07T00:00:00Z,18343.4
2026-01-07T01:00:00Z,18865.3
2026-01-07T02:00:00Z,19600.0
2026-01-07T03:00:00Z,19089.1
2026-01-07T04:00:00Z,20019.6
2026-01-07T05:00:00Z,21222.6
2026-01-07T06:00:00Z,22743.7
2026-01-07T07:00:00Z,22995.3
2026-01-07T08:00:00Z,24954.8
2026-01-07T09:00:00Z,25739.5
2026-01-07T10:00:00Z,24845.2
2026-01-07T11:00:00Z,26221.6
2026-01-07T12:00:00Z,26329.1
2026-01-07T13:00:00Z,25866.3
2026-01-07T14:00:00Z,25017.7
2026-01-07T15:00:00Z,25094.9
2026-01-07T16:00:00Z,24080.4
2026-01-07T17:00:00Z,23660.6
2026-01-07T18:00:00Z,22466.2
2026-01-07T19:00:00Z,20980.1
2026-01-07T20:00:00Z,20989.8
2026-01-07T21:00:00Z,20152.3
2026-01-07T22:00:00Z,19430.7
2026-01-07T23:00:00Z,18583.0
2026-01-08T00:00:00Z,18654.3
2026-01-08T01:00:00Z,18519.4
2026-01-08T02:00:00Z,18694.1
2026-01-08T03:00:00Z,18878.1
2026-01-08T04:00:00Z,20373.4
2026-01-08T05:00:00Z,20571.7
2026-01-08T06:00:00Z,22441.8
2026-01-08T07:00:00Z,22768.7
2026-01-08T08:00:00Z,24210.7
2026-01-08T09:00:00Z,24847.0
2026-01-08T10:00:00Z,25181.2
2026-01-08T11:00:00Z,25601.9
2026-01-08T12:00:00Z,25881.0
2026-01-08T13:00:00Z,26422.0
2026-01-08T14:00:00Z,25674.9
2026-01-08T15:00:00Z,24850.5
2026-01-08T16:00:00Z,24406.8
2026-01-08T17:00:00Z,22828.5
2026-01-08T18:00:00Z,21715.5
2026-01-08T19:00:00Z,20919.1
2026-01-08T20:00:00Z,20614.5
2026-01-08T21:00:00Z,19382.5
2026-01-08T22:00:00Z,18900.6
2026-01-08T23:00:00Z,18514.4
2026-01-09T00:00:00Z,18126.9
2026-01-09T01:00:00Z,18799.0
2026-01-09T02:00:00Z,19011.8
2026-01-09T03:00:00Z,19111.4
2026-01-09T04:00:00Z,19853.5
2026-01-09T05:00:00Z,21102.9
2026-01-09T06:00:00Z,21815.7
2026-01-09T07:00:00Z,23108.8
2026-01-09T08:00:00Z,24280.3
2026-01-09T09:00:00Z,24857.6
2026-01-09T10:00:00Z,25513.2
2026-01-09T11:00:00Z,25674.2
2026-01-09T12:00:00Z,25704.1
2026-01-09T13:00:00Z,25501.3
2026-01-09T14:00:00Z,25873.7
2026-01-09T15:00:00Z,24586.3
2026-01-09T16:00:00Z,24065.2
2026-01-09T17:00:00Z,23143.9
2026-01-09T18:00:00Z,22255.0
2026-01-09T19:00:00Z,21002.7
2026-01-09T20:00:00Z,19656.6
2026-01-09T21:00:00Z,20066.0
2026-01-09T22:00:00Z,18420.4
2026-01-09T23:00:00Z,18581.4
2026-01-10T00:00:00Z,16749.3
2026-01-10T01:00:00Z,17451.3
2026-01-10T02:00:00Z,17269.0
2026-01-10T03:00:00Z,18786.6
2026-01-10T04:00:00Z,19182.0
2026-01-10T05:00:00Z,19441.1
2026-01-10T06:00:00Z,21510.8
2026-01-10T07:00:00Z,21336.1
2026-01-10T08:00:00Z,22775.1
2026-01-10T09:00:00Z,24048.9
2026-01-10T10:00:00Z,24169.4
2026-01-10T11:00:00Z,25103.9
2026-01-10T12:00:00Z,24827.4
2026-01-10T13:00:00Z,24486.8
2026-01-10T14:00:00Z,24707.7
2026-01-10T15:00:00Z,23697.8
2026-01-10T16:00:00Z,22728.0
2026-01-10T17:00:00Z,22264.9
2026-01-10T18:00:00Z,20871.5
2026-01-10T19:00:00Z,19504.6
2026-01-10T20:00:00Z,18786.8
2026-01-10T21:00:00Z,19040.9
2026-01-10T22:00:00Z,18368.0
2026-01-10T23:00:00Z,16715.7
2026-01-11T00:00:00Z,17279.6
2026-01-11T01:00:00Z,17556.5
2026-01-11T02:00:00Z,17441.7
2026-01-11T03:00:00Z,18370.3
2026-01-11T04:00:00Z,18608.1
2026-01-11T05:00:00Z,19764.2
2026-01-11T06:00:00Z,21217.4
2026-01-11T07:00:00Z,21848.6
2026-01-11T08:00:00Z,22745.9
2026-01-11T09:00:00Z,23513.6
2026-01-11T10:00:00Z,23764.6
2026-01-11T11:00:00Z,24257.1
2026-01-11T12:00:00Z,24547.4
2026-01-11T13:00:00Z,24548.0
2026-01-11T14:00:00Z,23918.8
2026-01-11T15:00:00Z,24216.1
2026-01-11T16:00:00Z,22212.6
2026-01-11T17:00:00Z,21506.0
2026-01-11T18:00:00Z,20651.1
2026-01-11T19:00:00Z,20040.9
2026-01-11T20:00:00Z,18459.3
2026-01-11T21:00:00Z,18222.8
2026-01-11T22:00:00Z,17243.3
2026-01-11T23:00:00Z,16877.6
2026-01-12T00:00:00Z,18141.3
2026-01-12T01:00:00Z,18404.2
2026-01-12T02:00:00Z,18857.8
2026-01-12T03:00:00Z,18740.7
2026-01-12T04:00:00Z,20269.9
2026-01-12T05:00:00Z,21206.3
2026-01-12T06:00:00Z,21968.0
2026-01-12T07:00:00Z,23008.4
2026-01-12T08:00:00Z,23802.2
2026-01-12T09:00:00Z,24539.3
2026-01-12T10:00:00Z,25487.5
2026-01-12T11:00:00Z,26142.5
2026-01-12T12:00:00Z,25637.1
2026-01-12T13:00:00Z,25709.3
2026-01-12T14:00:00Z,25516.0
2026-01-12T15:00:00Z,24133.1
2026-01-12T16:00:00Z,24338.9
2026-01-12T17:00:00Z,22989.8
2026-01-12T18:00:00Z,22351.6
2026-01-12T19:00:00Z,20779.7
2026-01-12T20:00:00Z,19654.7
2026-01-12T21:00:00Z,19098.4
2026-01-12T22:00:00Z,18634.4
2026-01-12T23:00:00Z,17841.7
2026-01-13T00:00:00Z,18239.8
2026-01-13T01:00:00Z,18159.2
2026-01-13T02:00:00Z,18103.6
2026-01-13T03:00:00Z,19226.0
2026-01-13T04:00:00Z,19818.3
2026-01-13T05:00:00Z,20810.4
2026-01-13T06:00:00Z,21666.4
2026-01-13T07:00:00Z,22559.5
2026-01-13T08:00:00Z,23323.8
2026-01-13T09:00:00Z,24564.9
2026-01-13T10:00:00Z,25155.3
2026-01-13T11:00:00Z,25686.9
2026-01-13T12:00:00Z,25422.9
2026-01-13T13:00:00Z,25672.3
2026-01-13T14:00:00Z,25420.3
2026-01-13T15:00:00Z,24143.1
2026-01-13T16:00:00Z,23795.6
2026-01-13T17:00:00Z,23531.8
2026-01-13T18:00:00Z,21632.9
2026-01-13T19:00:00Z,20696.9
2026-01-13T20:00:00Z,19854.8
2026-01-13T21:00:00Z,18896.7
2026-01-13T22:00:00Z,18742.5
2026-01-13T23:00:00Z,18042.5
2026-01-14T00:00:00Z,17821.8
2026-01-14T01:00:00Z,17729.0
2026-01-14T02:00:00Z,18551.9
2026-01-14T03:00:00Z,18953.4
2026-01-14T04:00:00Z,19649.3
2026-01-14T05:00:00Z,20608.5
2026-01-14T06:00:00Z,22234.3
2026-01-14T07:00:00Z,22707.9
2026-01-14T08:00:00Z,23727.2
2026-01-14T09:00:00Z,24881.4
2026-01-14T10:00:00Z,25016.2
2026-01-14T11:00:00Z,25751.4
2026-01-14T12:00:00Z,25233.9
2026-01-14T13:00:00Z,25651.6
2026-01-14T14:00:00Z,24351.7
2026-01-14T15:00:00Z,24485.2
2026-01-14T16:00:00Z,23496.0
2026-01-14T17:00:00Z,22472.1
2026-01-14T18:00:00Z,22064.6
2026-01-14T19:00:00Z,20953.8
2026-01-14T20:00:00Z,20063.6
2026-01-14T21:00:00Z,19476.6
2026-01-14T22:00:00Z,18543.2
2026-01-14T23:00:00Z,18173.8
2026-01-15T00:00:00Z,17752.4
2026-01-15T01:00:00Z,18522.3
2026-01-15T02:00:00Z,18581.1
2026-01-15T03:00:00Z,18645.2
2026-01-15T04:00:00Z,19415.2
2026-01-15T05:00:00Z,20385.4
2026-01-15T06:00:00Z,21384.3
2026-01-15T07:00:00Z,23048.4
2026-01-15T08:00:00Z,23652.9
2026-01-15T09:00:00Z,24701.2
2026-01-15T10:00:00Z,24715.9
2026-01-15T11:00:00Z,25098.5
2026-01-15T12:00:00Z,25881.6
2026-01-15T13:00:00Z,24691.9
2026-01-15T14:00:00Z,24571.7
2026-01-15T15:00:00Z,23658.4
2026-01-15T16:00:00Z,23330.0
2026-01-15T17:00:00Z,23465.9
2026-01-15T18:00:00Z,21370.8
2026-01-15T19:00:00Z,20967.4
2026-01-15T20:00:00Z,20231.3
2026-01-15T21:00:00Z,18677.9
2026-01-15T22:00:00Z,18049.4
2026-01-15T23:00:00Z,18006.2
2026-01-16T00:00:00Z,17904.8
2026-01-16T01:00:00Z,17301.3
2026-01-16T02:00:00Z,17935.6
2026-01-16T03:00:00Z,19353.0
2026-01-16T04:00:00Z,19347.5
2026-01-16T05:00:00Z,20665.5
2026-01-16T06:00:00Z,21878.8
2026-01-16T07:00:00Z,22430.2
2026-01-16T08:00:00Z,23412.0
2026-01-16T09:00:00Z,24087.3
2026-01-16T10:00:00Z,24666.1
2026-01-16T11:00:00Z,25066.9
2026-01-16T12:00:00Z,24863.4
2026-01-16T13:00:00Z,25101.5
2026-01-16T14:00:00Z,24808.8
2026-01-16T15:00:00Z,24501.3
2026-01-16T16:00:00Z,23332.1
2026-01-16T17:00:00Z,22323.3
2026-01-16T18:00:00Z,22159.2
2026-01-16T19:00:00Z,20538.7
2026-01-16T20:00:00Z,19538.3
2026-01-16T21:00:00Z,18643.5
2026-01-16T22:00:00Z,18199.9
2026-01-16T23:00:00Z,17533.8
2026-01-17T00:00:00Z,16365.4
2026-01-17T01:00:00Z,16385.1
2026-01-17T02:00:00Z,16652.8
2026-01-17T03:00:00Z,17515.9
2026-01-17T04:00:00Z,18010.5
2026-01-17T05:00:00Z,19953.9
2026-01-17T06:00:00Z,20011.1
2026-01-17T07:00:00Z,21960.6
2026-01-17T08:00:00Z,22421.6
2026-01-17T09:00:00Z,23404.0
2026-01-17T10:00:00Z,24203.9
2026-01-17T11:00:00Z,23577.2
2026-01-17T12:00:00Z,24780.8
2026-01-17T13:00:00Z,24276.3
2026-01-17T14:00:00Z,23574.8
2026-01-17T15:00:00Z,22874.7
2026-01-17T16:00:00Z,22438.3
2026-01-17T17:00:00Z,20871.3
2026-01-17T18:00:00Z,20977.7
2026-01-17T19:00:00Z,19346.1
2026-01-17T20:00:00Z,18725.9
2026-01-17T21:00:00Z,17713.6
2026-01-17T22:00:00Z,16925.5
2026-01-17T23:00:00Z,16556.0
2026-01-18T00:00:00Z,16186.8
2026-01-18T01:00:00Z,17009.3
2026-01-18T02:00:00Z,16983.5
2026-01-18T03:00:00Z,17768.5
2026-01-18T04:00:00Z,18553.8
2026-01-18T05:00:00Z,19551.4
2026-01-18T06:00:00Z,20476.5
2026-01-18T07:00:00Z,21741.0
2026-01-18T08:00:00Z,22052.1
2026-01-18T09:00:00Z,22736.6
2026-01-18T10:00:00Z,23634.7
2026-01-18T11:00:00Z,23951.2
2026-01-18T12:00:00Z,24209.4
2026-01-18T13:00:00Z,24439.4
2026-01-18T14:00:00Z,23988.2
2026-01-18T15:00:00Z,23246.2
2026-01-18T16:00:00Z,22012.7
2026-01-18T17:00:00Z,21499.9
2026-01-18T18:00:00Z,20396.2
2026-01-18T19:00:00Z,19583.9
2026-01-18T20:00:00Z,18407.9
2026-01-18T21:00:00Z,17483.4
2026-01-18T22:00:00Z,17040.2
2026-01-18T23:00:00Z,16379.9
2026-01-19T00:00:00Z,17186.9
2026-01-19T01:00:00Z,17678.4
2026-01-19T02:00:00Z,17990.3
2026-01-19T03:00:00Z,18923.3
2026-01-19T04:00:00Z,19449.0
2026-01-19T05:00:00Z,19951.6
2026-01-19T06:00:00Z,21769.6
2026-01-19T07:00:00Z,22850.5
2026-01-19T08:00:00Z,22902.0
2026-01-19T09:00:00Z,23859.4
2026-01-19T10:00:00Z,24981.8
2026-01-19T11:00:00Z,25111.0
2026-01-19T12:00:00Z,24707.0
2026-01-19T13:00:00Z,25414.1
2026-01-19T14:00:00Z,24692.3
2026-01-19T15:00:00Z,24155.3
2026-01-19T16:00:00Z,23627.2
2026-01-19T17:00:00Z,22106.7
2026-01-19T18:00:00Z,21087.3
2026-01-19T19:00:00Z,20534.0
2026-01-19T20:00:00Z,19689.9
2026-01-19T21:00:00Z,18628.3
2026-01-19T22:00:00Z,18350.6
2026-01-19T23:00:00Z,17729.6
2026-01-20T00:00:00Z,17730.7
2026-01-20T01:00:00Z,17250.3
2026-01-20T02:00:00Z,17829.3
2026-01-20T03:00:00Z,18849.1
2026-01-20T04:00:00Z,19034.0
2026-01-20T05:00:00Z,19981.4
2026-01-20T06:00:00Z,21277.0
2026-01-20T07:00:00Z,22143.1
2026-01-20T08:00:00Z,22859.1
2026-01-20T09:00:00Z,23434.3
2026-01-20T10:00:00Z,25005.5
2026-01-20T11:00:00Z,24973.4
2026-01-20T12:00:00Z,25541.2
2026-01-20T13:00:00Z,24671.9
2026-01-20T14:00:00Z,24591.6
2026-01-20T15:00:00Z,23905.8
2026-01-20T16:00:00Z,23187.3
2026-01-20T17:00:00Z,21723.8
2026-01-20T18:00:00Z,21618.5
2026-01-20T19:00:00Z,20138.7
2026-01-20T20:00:00Z,19367.6
2026-01-20T21:00:00Z,18183.1
2026-01-20T22:00:00Z,18375.9
2026-01-20T23:00:00Z,17014.0
2026-01-21T00:00:00Z,17891.1
2026-01-21T01:00:00Z,17288.5
2026-01-21T02:00:00Z,17690.5
2026-01-21T03:00:00Z,18197.1
2026-01-21T04:00:00Z,19658.7
2026-01-21T05:00:00Z,19868.4
2026-01-21T06:00:00Z,20860.4
2026-01-21T07:00:00Z,21834.6
2026-01-21T08:00:00Z,23222.3
2026-01-21T09:00:00Z,24037.0
2026-01-21T10:00:00Z,24247.5
2026-01-21T11:00:00Z,25027.4
2026-01-21T12:00:00Z,25485.1
2026-01-21T13:00:00Z,25084.0
2026-01-21T14:00:00Z,24599.8
2026-01-21T15:00:00Z,23540.3
2026-01-21T16:00:00Z,23561.5
2026-01-21T17:00:00Z,22352.0
2026-01-21T18:00:00Z,20683.0
2026-01-21T19:00:00Z,19902.2
2026-01-21T20:00:00Z,18328.1
2026-01-21T21:00:00Z,18571.0
2026-01-21T22:00:00Z,17398.6
2026-01-21T23:00:00Z,17324.1
2026-01-22T00:00:00Z,17637.0
2026-01-22T01:00:00Z,16871.2
2026-01-22T02:00:00Z,17984.4
2026-01-22T03:00:00Z,18223.7
2026-01-22T04:00:00Z,18771.6
2026-01-22T05:00:00Z,20458.3
2026-01-22T06:00:00Z,21176.3
2026-01-22T07:00:00Z,21822.2
2026-01-22T08:00:00Z,23139.7
2026-01-22T09:00:00Z,23580.0
2026-01-22T10:00:00Z,24106.8
2026-01-22T11:00:00Z,24647.2
2026-01-22T12:00:00Z,25215.9
2026-01-22T13:00:00Z,24257.1
2026-01-22T14:00:00Z,23964.0
2026-01-22T15:00:00Z,24049.4
2026-01-22T16:00:00Z,22521.0
2026-01-22T17:00:00Z,21972.7
2026-01-22T18:00:00Z,20941.0
2026-01-22T19:00:00Z,19628.1
2026-01-22T20:00:00Z,18871.3
2026-01-22T21:00:00Z,18270.8
2026-01-22T22:00:00Z,17671.8
2026-01-22T23:00:00Z,17515.0
2026-01-23T00:00:00Z,17170.9
2026-01-23T01:00:00Z,17524.7
2026-01-23T02:00:00Z,17684.4
2026-01-23T03:00:00Z,18093.2
2026-01-23T04:00:00Z,19231.6
2026-01-23T05:00:00Z,20101.5
2026-01-23T06:00:00Z,21234.1
2026-01-23T07:00:00Z,21908.9
2026-01-23T08:00:00Z,22845.1
2026-01-23T09:00:00Z,23648.4
2026-01-23T10:00:00Z,23824.5
2026-01-23T11:00:00Z,24829.4
2026-01-23T12:00:00Z,24605.3
2026-01-23T13:00:00Z,24443.1
2026-01-23T14:00:00Z,24183.1
2026-01-23T15:00:00Z,24352.3
2026-01-23T16:00:00Z,22636.7
2026-01-23T17:00:00Z,22439.0
2026-01-23T18:00:00Z,20292.0
2026-01-23T19:00:00Z,19872.7
2026-01-23T20:00:00Z,19646.4
2026-01-23T21:00:00Z,18293.1
2026-01-23T22:00:00Z,17745.1
2026-01-23T23:00:00Z,17059.1
2026-01-24T00:00:00Z,15330.6
2026-01-24T01:00:00Z,16252.8
2026-01-24T02:00:00Z,16771.3
2026-01-24T03:00:00Z,17428.3
2026-01-24T04:00:00Z,18501.7
2026-01-24T05:00:00Z,18794.5
2026-01-24T06:00:00Z,19986.6
2026-01-24T07:00:00Z,20135.2
2026-01-24T08:00:00Z,21638.6
2026-01-24T09:00:00Z,22593.4
2026-01-24T10:00:00Z,23566.9
2026-01-24T11:00:00Z,24137.1
2026-01-24T12:00:00Z,24194.3
2026-01-24T13:00:00Z,23694.1
2026-01-24T14:00:00Z,23119.5
2026-01-24T15:00:00Z,22526.0
2026-01-24T16:00:00Z,21736.4
2026-01-24T17:00:00Z,20867.5
2026-01-24T18:00:00Z,20201.2
2026-01-24T19:00:00Z,18764.7
2026-01-24T20:00:00Z,17364.8
2026-01-24T21:00:00Z,16715.3
2026-01-24T22:00:00Z,17423.8
2026-01-24T23:00:00Z,16530.0
2026-01-25T00:00:00Z,15728.8
2026-01-25T01:00:00Z,15934.3
2026-01-25T02:00:00Z,16636.4
2026-01-25T03:00:00Z,17114.4
2026-01-25T04:00:00Z,17918.8
2026-01-25T05:00:00Z,18115.8
2026-01-25T06:00:00Z,19302.6
2026-01-25T07:00:00Z,20789.9
2026-01-25T08:00:00Z,21896.9
2026-01-25T09:00:00Z,22573.7
2026-01-25T10:00:00Z,23589.8
2026-01-25T11:00:00Z,23488.1
2026-01-25T12:00:00Z,23684.8
2026-01-25T13:00:00Z,23492.0
2026-01-25T14:00:00Z,23399.0
2026-01-25T15:00:00Z,22278.9
2026-01-25T16:00:00Z,22328.8
2026-01-25T17:00:00Z,20403.2
2026-01-25T18:00:00Z,19997.9
2026-01-25T19:00:00Z,18981.3
2026-01-25T20:00:00Z,18328.2
2026-01-25T21:00:00Z,16660.5
2026-01-25T22:00:00Z,16117.3
2026-01-25T23:00:00Z,15931.7
2026-01-26T00:00:00Z,17113.6
2026-01-26T01:00:00Z,17288.5
2026-01-26T02:00:00Z,16571.3
2026-01-26T03:00:00Z,17910.5
2026-01-26T04:00:00Z,18888.2
2026-01-26T05:00:00Z,19850.1
2026-01-26T06:00:00Z,20851.4
2026-01-26T07:00:00Z,21688.0
2026-01-26T08:00:00Z,22699.5
2026-01-26T09:00:00Z,22860.3
2026-01-26T10:00:00Z,24354.0
2026-01-26T11:00:00Z,23682.4
2026-01-26T12:00:00Z,24530.6
2026-01-26T13:00:00Z,24161.4
2026-01-26T14:00:00Z,24174.8
2026-01-26T15:00:00Z,23139.1
2026-01-26T16:00:00Z,22936.2
2026-01-26T17:00:00Z,21834.7
2026-01-26T18:00:00Z,20924.3
2026-01-26T19:00:00Z,20073.2
2026-01-26T20:00:00Z,19163.0
2026-01-26T21:00:00Z,17936.1
2026-01-26T22:00:00Z,17645.6
2026-01-26T23:00:00Z,17153.7
2026-01-27T00:00:00Z,17032.4
2026-01-27T01:00:00Z,16967.6
2026-01-27T02:00:00Z,16491.2
2026-01-27T03:00:00Z,17834.1
2026-01-27T04:00:00Z,18706.1
2026-01-27T05:00:00Z,19482.6
2026-01-27T06:00:00Z,20413.4
2026-01-27T07:00:00Z,21684.8
2026-01-27T08:00:00Z,22346.6
2026-01-27T09:00:00Z,23573.9
2026-01-27T10:00:00Z,24378.2
2026-01-27T11:00:00Z,24366.6
2026-01-27T12:00:00Z,24766.9
2026-01-27T13:00:00Z,23985.1
2026-01-27T14:00:00Z,23659.5
2026-01-27T15:00:00Z,23263.9
2026-01-27T16:00:00Z,22260.6
2026-01-27T17:00:00Z,21652.3
2026-01-27T18:00:00Z,20664.3
2026-01-27T19:00:00Z,20149.0
2026-01-27T20:00:00Z,18544.8
2026-01-27T21:00:00Z,18316.0
2026-01-27T22:00:00Z,16979.0
2026-01-27T23:00:00Z,16843.2
2026-01-28T00:00:00Z,16969.8
2026-01-28T01:00:00Z,16943.4
2026-01-28T02:00:00Z,16449.2
2026-01-28T03:00:00Z,17821.9
2026-01-28T04:00:00Z,18783.5
2026-01-28T05:00:00Z,19086.8
2026-01-28T06:00:00Z,20420.2
2026-01-28T07:00:00Z,21464.6
2026-01-28T08:00:00Z,22619.4
2026-01-28T09:00:00Z,23694.2
2026-01-28T10:00:00Z,23473.6
2026-01-28T11:00:00Z,24004.8
2026-01-28T12:00:00Z,24919.6
2026-01-28T13:00:00Z,24669.2
2026-01-28T14:00:00Z,24450.2
2026-01-28T15:00:00Z,23286.3
2026-01-28T16:00:00Z,22821.7
2026-01-28T17:00:00Z,20804.0
2026-01-28T18:00:00Z,20712.0
2026-01-28T19:00:00Z,19266.0
2026-01-28T20:00:00Z,18194.5
2026-01-28T21:00:00Z,17497.6
2026-01-28T22:00:00Z,17546.2
2026-01-28T23:00:00Z,17315.9
2026-01-29T00:00:00Z,16477.4
2026-01-29T01:00:00Z,16652.0
2026-01-29T02:00:00Z,17524.2
2026-01-29T03:00:00Z,17548.6
2026-01-29T04:00:00Z,18642.9
2026-01-29T05:00:00Z,19688.6
2026-01-29T06:00:00Z,20869.6
2026-01-29T07:00:00Z,21401.6
2026-01-29T08:00:00Z,21531.3
2026-01-29T09:00:00Z,23154.0
2026-01-29T10:00:00Z,24050.2
2026-01-29T11:00:00Z,24067.4
2026-01-29T12:00:00Z,24165.1
2026-01-29T13:00:00Z,23913.5
2026-01-29T14:00:00Z,23967.3
2026-01-29T15:00:00Z,23269.9
2026-01-29T16:00:00Z,22506.4
2026-01-29T17:00:00Z,21489.9
2026-01-29T18:00:00Z,20895.7
2026-01-29T19:00:00Z,19598.4
2026-01-29T20:00:00Z,18542.3
2026-01-29T21:00:00Z,17410.9
2026-01-29T22:00:00Z,17022.9
2026-01-29T23:00:00Z,16766.1
2026-01-30T00:00:00Z,17024.7
2026-01-30T01:00:00Z,16840.3
2026-01-30T02:00:00Z,16969.2
2026-01-30T03:00:00Z,17925.5
2026-01-30T04:00:00Z,18685.9
2026-01-30T05:00:00Z,19273.6
2026-01-30T06:00:00Z,20561.6
2026-01-30T07:00:00Z,21068.1
2026-01-30T08:00:00Z,22376.0
2026-01-30T09:00:00Z,23781.1
2026-01-30T10:00:00Z,24065.2
2026-01-30T11:00:00Z,24340.1
2026-01-30T12:00:00Z,24550.2
2026-01-30T13:00:00Z,24365.6
2026-01-30T14:00:00Z,23388.0
2026-01-30T15:00:00Z,23000.3
2026-01-30T16:00:00Z,22128.7
2026-01-30T17:00:00Z,21563.9
2026-01-30T18:00:00Z,20708.5
2026-01-30T19:00:00Z,20065.1
2026-01-30T20:00:00Z,18445.0
2026-01-30T21:00:00Z,17335.6
2026-01-30T22:00:00Z,17172.3
2026-01-30T23:00:00Z,16684.3
2026-01-31T00:00:00Z,15496.9
2026-01-31T01:00:00Z,15551.9
2026-01-31T02:00:00Z,16090.0
2026-01-31T03:00:00Z,16362.0
2026-01-31T04:00:00Z,17438.2
2026-01-31T05:00:00Z,18584.0
2026-01-31T06:00:00Z,19328.7
2026-01-31T07:00:00Z,20443.6
2026-01-31T08:00:00Z,20999.1
2026-01-31T09:00:00Z,22272.0
2026-01-31T10:00:00Z,22580.0
2026-01-31T11:00:00Z,22789.1
2026-01-31T12:00:00Z,23059.6
2026-01-31T13:00:00Z,22876.3
2026-01-31T14:00:00Z,22559.4
2026-01-31T15:00:00Z,21825.6
2026-01-31T16:00:00Z,21736.7
2026-01-31T17:00:00Z,20554.4
2026-01-31T18:00:00Z,19419.7
2026-01-31T19:00:00Z,18418.8
2026-01-31T20:00:00Z,17313.9
2026-01-31T21:00:00Z,16801.0
2026-01-31T22:00:00Z,15857.8
2026-01-31T23:00:00Z,15521.9
2026-02-01T00:00:00Z,15091.8
2026-02-01T01:00:00Z,15845.9
2026-02-01T02:00:00Z,16221.3
2026-02-01T03:00:00Z,16806.6
2026-02-01T04:00:00Z,17612.1
2026-02-01T05:00:00Z,17447.2
2026-02-01T06:00:00Z,19219.4
2026-02-01T07:00:00Z,20507.2
2026-02-01T08:00:00Z,21273.8
2026-02-01T09:00:00Z,21420.3
2026-02-01T10:00:00Z,22620.6
2026-02-01T11:00:00Z,23125.5
2026-02-01T12:00:00Z,22871.4
2026-02-01T13:00:00Z,22547.3
2026-02-01T14:00:00Z,22333.5
2026-02-01T15:00:00Z,20976.1
2026-02-01T16:00:00Z,21188.3
2026-02-01T17:00:00Z,19909.6
2026-02-01T18:00:00Z,19076.4
2026-02-01T19:00:00Z,18123.3
2026-02-01T20:00:00Z,17217.6
2026-02-01T21:00:00Z,16942.4
2026-02-01T22:00:00Z,15566.3
2026-02-01T23:00:00Z,15372.2
2026-02-02T00:00:00Z,15636.6
2026-02-02T01:00:00Z,16223.2
2026-02-02T02:00:00Z,16212.5
2026-02-02T03:00:00Z,17670.5
2026-02-02T04:00:00Z,18221.1
2026-02-02T05:00:00Z,18965.4
2026-02-02T06:00:00Z,20431.2
2026-02-02T07:00:00Z,20830.1
2026-02-02T08:00:00Z,22027.3
2026-02-02T09:00:00Z,22623.4
2026-02-02T10:00:00Z,23201.0
2026-02-02T11:00:00Z,23806.7
2026-02-02T12:00:00Z,23820.4
2026-02-02T13:00:00Z,23835.8
2026-02-02T14:00:00Z,23148.1
2026-02-02T15:00:00Z,22391.3
2026-02-02T16:00:00Z,22513.6
2026-02-02T17:00:00Z,21274.8
2026-02-02T18:00:00Z,20042.7
2026-02-02T19:00:00Z,19228.5
2026-02-02T20:00:00Z,17916.3
2026-02-02T21:00:00Z,17553.0
2026-02-02T22:00:00Z,16362.3
2026-02-02T23:00:00Z,16583.7
2026-02-03T00:00:00Z,16344.5
2026-02-03T01:00:00Z,16340.6
2026-02-03T02:00:00Z,16972.8
2026-02-03T03:00:00Z,17336.5
2026-02-03T04:00:00Z,18689.6
2026-02-03T05:00:00Z,19289.9
2026-02-03T06:00:00Z,19607.9
2026-02-03T07:00:00Z,20772.7
2026-02-03T08:00:00Z,22538.5
2026-02-03T09:00:00Z,22644.9
2026-02-03T10:00:00Z,23542.0
2026-02-03T11:00:00Z,23645.0
2026-02-03T12:00:00Z,24426.2
2026-02-03T13:00:00Z,24164.6
2026-02-03T14:00:00Z,23689.1
2026-02-03T15:00:00Z,22693.8
2026-02-03T16:00:00Z,21930.4
2026-02-03T17:00:00Z,21533.1
2026-02-03T18:00:00Z,19925.5
2026-02-03T19:00:00Z,18426.0
2026-02-03T20:00:00Z,18665.0
2026-02-03T21:00:00Z,17683.8
2026-02-03T22:00:00Z,16350.4
2026-02-03T23:00:00Z,16466.6
2026-02-04T00:00:00Z,16361.0
2026-02-04T01:00:00Z,16370.4
2026-02-04T02:00:00Z,17211.8
2026-02-04T03:00:00Z,17696.1
2026-02-04T04:00:00Z,17854.0
2026-02-04T05:00:00Z,18986.3
2026-02-04T06:00:00Z,20323.5
2026-02-04T07:00:00Z,21327.8
2026-02-04T08:00:00Z,21852.2
2026-02-04T09:00:00Z,23116.7
2026-02-04T10:00:00Z,23109.3
2026-02-04T11:00:00Z,24019.0
2026-02-04T12:00:00Z,23330.1
2026-02-04T13:00:00Z,23907.8
2026-02-04T14:00:00Z,24020.3
2026-02-04T15:00:00Z,23238.0
2026-02-04T16:00:00Z,21700.6
2026-02-04T17:00:00Z,20092.6
2026-02-04T18:00:00Z,20119.2
2026-02-04T19:00:00Z,19372.1
2026-02-04T20:00:00Z,18136.7
2026-02-04T21:00:00Z,17379.1
2026-02-04T22:00:00Z,16251.7
2026-02-04T23:00:00Z,16131.7
2026-02-05T00:00:00Z,15686.9
2026-02-05T01:00:00Z,15811.8
2026-02-05T02:00:00Z,16430.2
2026-02-05T03:00:00Z,17666.2
2026-02-05T04:00:00Z,18131.0
2026-02-05T05:00:00Z,18696.2
2026-02-05T06:00:00Z,19887.9
2026-02-05T07:00:00Z,20636.1
2026-02-05T08:00:00Z,21682.5
2026-02-05T09:00:00Z,22722.2
2026-02-05T10:00:00Z,22796.9
2026-02-05T11:00:00Z,23750.2
2026-02-05T12:00:00Z,23588.7
2026-02-05T13:00:00Z,24001.6
2026-02-05T14:00:00Z,22974.3
2026-02-05T15:00:00Z,22725.1
2026-02-05T16:00:00Z,21587.0
2026-02-05T17:00:00Z,21092.7
2026-02-05T18:00:00Z,19375.1
2026-02-05T19:00:00Z,18763.2
2026-02-05T20:00:00Z,17726.1
2026-02-05T21:00:00Z,16697.8
2026-02-05T22:00:00Z,16472.0
2026-02-05T23:00:00Z,16143.1
2026-02-06T00:00:00Z,15806.2
2026-02-06T01:00:00Z,15803.2
2026-02-06T02:00:00Z,16292.6
2026-02-06T03:00:00Z,16894.8
2026-02-06T04:00:00Z,18255.9
2026-02-06T05:00:00Z,19022.4
2026-02-06T06:00:00Z,20273.1
2026-02-06T07:00:00Z,21153.3
2026-02-06T08:00:00Z,22362.0
2026-02-06T09:00:00Z,22607.9
2026-02-06T10:00:00Z,23299.7
2026-02-06T11:00:00Z,23628.3
2026-02-06T12:00:00Z,23611.0
2026-02-06T13:00:00Z,23813.4
2026-02-06T14:00:00Z,23343.9
2026-02-06T15:00:00Z,22765.6
2026-02-06T16:00:00Z,21896.9
2026-02-06T17:00:00Z,21214.6
2026-02-06T18:00:00Z,19446.4
2026-02-06T19:00:00Z,19073.3
2026-02-06T20:00:00Z,17950.3
2026-02-06T21:00:00Z,16966.8
2026-02-06T22:00:00Z,16448.3
2026-02-06T23:00:00Z,16324.5
2026-02-07T00:00:00Z,15147.5
2026-02-07T01:00:00Z,14950.4
2026-02-07T02:00:00Z,15631.5
2026-02-07T03:00:00Z,16137.1
2026-02-07T04:00:00Z,17143.6
2026-02-07T05:00:00Z,18071.1
2026-02-07T06:00:00Z,18991.3
2026-02-07T07:00:00Z,19636.7
2026-02-07T08:00:00Z,20326.6
2026-02-07T09:00:00Z,21911.3
2026-02-07T10:00:00Z,21832.6
2026-02-07T11:00:00Z,22734.4
2026-02-07T12:00:00Z,22630.6
2026-02-07T13:00:00Z,22992.0
2026-02-07T14:00:00Z,22056.0
2026-02-07T15:00:00Z,21382.1
2026-02-07T16:00:00Z,20033.6
2026-02-07T17:00:00Z,19943.2
2026-02-07T18:00:00Z,18747.4
2026-02-07T19:00:00Z,17564.2
2026-02-07T20:00:00Z,16700.2
2026-02-07T21:00:00Z,16425.7
2026-02-07T22:00:00Z,15537.7
2026-02-07T23:00:00Z,15294.0
2026-02-08T00:00:00Z,14747.0
2026-02-08T01:00:00Z,15052.5
2026-02-08T02:00:00Z,15636.5
2026-02-08T03:00:00Z,15868.7
2026-02-08T04:00:00Z,17158.8
2026-02-08T05:00:00Z,17610.4
2026-02-08T06:00:00Z,19288.2
2026-02-08T07:00:00Z,19511.4
2026-02-08T08:00:00Z,20475.6
2026-02-08T09:00:00Z,21456.0
2026-02-08T10:00:00Z,21923.4
2026-02-08T11:00:00Z,22385.3
2026-02-08T12:00:00Z,22540.9
2026-02-08T13:00:00Z,22800.7
2026-02-08T14:00:00Z,21880.9
2026-02-08T15:00:00Z,21787.1
2026-02-08T16:00:00Z,20895.4
2026-02-08T17:00:00Z,19737.5
2026-02-08T18:00:00Z,18632.4
2026-02-08T19:00:00Z,18290.2
2026-02-08T20:00:00Z,15974.0
2026-02-08T21:00:00Z,15822.3
2026-02-08T22:00:00Z,15315.6
2026-02-08T23:00:00Z,15136.6
2026-02-09T00:00:00Z,15847.5
2026-02-09T01:00:00Z,16254.1
2026-02-09T02:00:00Z,16524.5
2026-02-09T03:00:00Z,17305.0
2026-02-09T04:00:00Z,17574.9
2026-02-09T05:00:00Z,18841.5
2026-02-09T06:00:00Z,20212.4
2026-02-09T07:00:00Z,20487.5
2026-02-09T08:00:00Z,21682.3
2026-02-09T09:00:00Z,21977.6
2026-02-09T10:00:00Z,23157.1
2026-02-09T11:00:00Z,23171.2
2026-02-09T12:00:00Z,23741.2
2026-02-09T13:00:00Z,23052.2
2026-02-09T14:00:00Z,23039.1
2026-02-09T15:00:00Z,22090.1
2026-02-09T16:00:00Z,21602.3
2026-02-09T17:00:00Z,20812.4
2026-02-09T18:00:00Z,20403.2
2026-02-09T19:00:00Z,18817.0
2026-02-09T20:00:00Z,17904.4
2026-02-09T21:00:00Z,17534.4
2026-02-09T22:00:00Z,16679.6
2026-02-09T23:00:00Z,15625.2
2026-02-10T00:00:00Z,15916.6
2026-02-10T01:00:00Z,15917.1
2026-02-10T02:00:00Z,16522.7
2026-02-10T03:00:00Z,17041.2
2026-02-10T04:00:00Z,17115.8
2026-02-10T05:00:00Z,18423.1
2026-02-10T06:00:00Z,20165.1
2026-02-10T07:00:00Z,20862.4
2026-02-10T08:00:00Z,21247.3
2026-02-10T09:00:00Z,22162.3
2026-02-10T10:00:00Z,22838.9
2026-02-10T11:00:00Z,22881.2
2026-02-10T12:00:00Z,22384.0
2026-02-10T13:00:00Z,23460.9
2026-02-10T14:00:00Z,22572.6
2026-02-10T15:00:00Z,22068.7
2026-02-10T16:00:00Z,21245.2
2026-02-10T17:00:00Z,20428.9
2026-02-10T18:00:00Z,19413.3
2026-02-10T19:00:00Z,19049.3
2026-02-10T20:00:00Z,17525.1
2026-02-10T21:00:00Z,17016.5
2026-02-10T22:00:00Z,16205.1
2026-02-10T23:00:00Z,16239.7
2026-02-11T00:00:00Z,15660.0
2026-02-11T01:00:00Z,15111.4
2026-02-11T02:00:00Z,16720.4
2026-02-11T03:00:00Z,17288.0
2026-02-11T04:00:00Z,17768.3
2026-02-11T05:00:00Z,17971.6
2026-02-11T06:00:00Z,19903.0
2026-02-11T07:00:00Z,20588.8
2026-02-11T08:00:00Z,21141.8
2026-02-11T09:00:00Z,22024.3
2026-02-11T10:00:00Z,23191.2
2026-02-11T11:00:00Z,22996.5
2026-02-11T12:00:00Z,23278.9
2026-02-11T13:00:00Z,22957.2
2026-02-11T14:00:00Z,22983.9
2026-02-11T15:00:00Z,21916.8
2026-02-11T16:00:00Z,21589.6
2026-02-11T17:00:00Z,20375.4
2026-02-11T18:00:00Z,20136.8
2026-02-11T19:00:00Z,18332.3
2026-02-11T20:00:00Z,17580.2
2026-02-11T21:00:00Z,17064.9
2026-02-11T22:00:00Z,16421.1
2026-02-11T23:00:00Z,15265.3
2026-02-12T00:00:00Z,15611.6
2026-02-12T01:00:00Z,15815.7
2026-02-12T02:00:00Z,16292.6
2026-02-12T03:00:00Z,16632.8
2026-02-12T04:00:00Z,17968.2
2026-02-12T05:00:00Z,18864.1
2026-02-12T06:00:00Z,19299.5
2026-02-12T07:00:00Z,20069.5
2026-02-12T08:00:00Z,21326.1
2026-02-12T09:00:00Z,22335.6
2026-02-12T10:00:00Z,23118.4
2026-02-12T11:00:00Z,22782.1
2026-02-12T12:00:00Z,23078.0
2026-02-12T13:00:00Z,22529.5
2026-02-12T14:00:00Z,22462.9
2026-02-12T15:00:00Z,22524.6
2026-02-12T16:00:00Z,22049.8
2026-02-12T17:00:00Z,20685.9
2026-02-12T18:00:00Z,19407.9
2026-02-12T19:00:00Z,18370.2
2026-02-12T20:00:00Z,18158.3
2026-02-12T21:00:00Z,17123.7
2026-02-12T22:00:00Z,16190.9
2026-02-12T23:00:00Z,15566.7
2026-02-13T00:00:00Z,15287.3
2026-02-13T01:00:00Z,15664.9
2026-02-13T02:00:00Z,16633.9
2026-02-13T03:00:00Z,16590.7
2026-02-13T04:00:00Z,17351.8
2026-02-13T05:00:00Z,18480.6
2026-02-13T06:00:00Z,19305.2
2026-02-13T07:00:00Z,20691.5
2026-02-13T08:00:00Z,20987.1
2026-02-13T09:00:00Z,22141.1
2026-02-13T10:00:00Z,22498.6
2026-02-13T11:00:00Z,23376.8
2026-02-13T12:00:00Z,23283.9
2026-02-13T13:00:00Z,22858.0
2026-02-13T14:00:00Z,22538.3
2026-02-13T15:00:00Z,22078.3
2026-02-13T16:00:00Z,21761.2
2026-02-13T17:00:00Z,20535.0
2026-02-13T18:00:00Z,19453.2
2026-02-13T19:00:00Z,18036.4
2026-02-13T20:00:00Z,16934.8
2026-02-13T21:00:00Z,16121.4
2026-02-13T22:00:00Z,15808.2
2026-02-13T23:00:00Z,15746.0
2026-02-14T00:00:00Z,14356.3
2026-02-14T01:00:00Z,14837.1
2026-02-14T02:00:00Z,14504.2
2026-02-14T03:00:00Z,15401.2
2026-02-14T04:00:00Z,16183.6
2026-02-14T05:00:00Z,16877.2
2026-02-14T06:00:00Z,17493.6
2026-02-14T07:00:00Z,18928.7
2026-02-14T08:00:00Z,20417.4
2026-02-14T09:00:00Z,20356.8
2026-02-14T10:00:00Z,21806.1
2026-02-14T11:00:00Z,22200.0
2026-02-14T12:00:00Z,21998.1
2026-02-14T13:00:00Z,22006.7
2026-02-14T14:00:00Z,21488.9
2026-02-14T15:00:00Z,20922.7
2026-02-14T16:00:00Z,20584.8
2026-02-14T17:00:00Z,19560.3
2026-02-14T18:00:00Z,18514.5
2026-02-14T19:00:00Z,17280.1
2026-02-14T20:00:00Z,16228.1
2026-02-14T21:00:00Z,15551.8
2026-02-14T22:00:00Z,14443.0
2026-02-14T23:00:00Z,14188.4
2026-02-15T00:00:00Z,14290.8
2026-02-15T01:00:00Z,13822.3
2026-02-15T02:00:00Z,14782.1
2026-02-15T03:00:00Z,15349.4
2026-02-15T04:00:00Z,16132.3
2026-02-15T05:00:00Z,17076.5
2026-02-15T06:00:00Z,17902.3
2026-02-15T07:00:00Z,19782.9
2026-02-15T08:00:00Z,19421.4
2026-02-15T09:00:00Z,20602.4
2026-02-15T10:00:00Z,20876.5
2026-02-15T11:00:00Z,21939.3
2026-02-15T12:00:00Z,22253.7
2026-02-15T13:00:00Z,22408.6
2026-02-15T14:00:00Z,21209.8
2026-02-15T15:00:00Z,21044.6
2026-02-15T16:00:00Z,19742.5
2026-02-15T17:00:00Z,19077.0
2026-02-15T18:00:00Z,18312.8
2026-02-15T19:00:00Z,16626.1
2026-02-15T20:00:00Z,16116.7
2026-02-15T21:00:00Z,15169.3
2026-02-15T22:00:00Z,14880.1
2026-02-15T23:00:00Z,14636.4
2026-02-16T00:00:00Z,14769.9
2026-02-16T01:00:00Z,15336.9
2026-02-16T02:00:00Z,15313.5
2026-02-16T03:00:00Z,15629.8
2026-02-16T04:00:00Z,16814.2
2026-02-16T05:00:00Z,17887.5
2026-02-16T06:00:00Z,18706.9
2026-02-16T07:00:00Z,19736.2
2026-02-16T08:00:00Z,21441.6
2026-02-16T09:00:00Z,21861.0
2026-02-16T10:00:00Z,22788.5
2026-02-16T11:00:00Z,23287.4
2026-02-16T12:00:00Z,23014.5
2026-02-16T13:00:00Z,23662.2
2026-02-16T14:00:00Z,22594.3
2026-02-16T15:00:00Z,21884.4
2026-02-16T16:00:00Z,20780.3
2026-02-16T17:00:00Z,20002.3
2026-02-16T18:00:00Z,19233.9
2026-02-16T19:00:00Z,18147.4
2026-02-16T20:00:00Z,17266.6
2026-02-16T21:00:00Z,16502.6
2026-02-16T22:00:00Z,15338.2
2026-02-16T23:00:00Z,15135.6
2026-02-17T00:00:00Z,15059.6
2026-02-17T01:00:00Z,15144.6
2026-02-17T02:00:00Z,15270.7
2026-02-17T03:00:00Z,16285.7
2026-02-17T04:00:00Z,16828.5
2026-02-17T05:00:00Z,18361.8
2026-02-17T06:00:00Z,18778.2
2026-02-17T07:00:00Z,20110.9
2026-02-17T08:00:00Z,20323.1
2026-02-17T09:00:00Z,21709.6
2026-02-17T10:00:00Z,22694.6
2026-02-17T11:00:00Z,22774.1
2026-02-17T12:00:00Z,23099.8
2026-02-17T13:00:00Z,22825.6
2026-02-17T14:00:00Z,22275.1
2026-02-17T15:00:00Z,21920.4
2026-02-17T16:00:00Z,21094.4
2026-02-17T17:00:00Z,20157.3
2026-02-17T18:00:00Z,18844.1
2026-02-17T19:00:00Z,17877.4
2026-02-17T20:00:00Z,16218.5
2026-02-17T21:00:00Z,16334.5
2026-02-17T22:00:00Z,15349.9
2026-02-17T23:00:00Z,15061.3
2026-02-18T00:00:00Z,15366.5
2026-02-18T01:00:00Z,15294.0
2026-02-18T02:00:00Z,15744.3
2026-02-18T03:00:00Z,15998.6
2026-02-18T04:00:00Z,17184.0
2026-02-18T05:00:00Z,17968.0
2026-02-18T06:00:00Z,19021.8
2026-02-18T07:00:00Z,19920.9
2026-02-18T08:00:00Z,21416.2
2026-02-18T09:00:00Z,21326.2
2026-02-18T10:00:00Z,22377.7
2026-02-18T11:00:00Z,22777.3
2026-02-18T12:00:00Z,23120.8
2026-02-18T13:00:00Z,22855.0
2026-02-18T14:00:00Z,22152.2
2026-02-18T15:00:00Z,21744.6
2026-02-18T16:00:00Z,21385.6
2026-02-18T17:00:00Z,20313.2
2026-02-18T18:00:00Z,18844.6
2026-02-18T19:00:00Z,18035.3
2026-02-18T20:00:00Z,17004.9
2026-02-18T21:00:00Z,16673.9
2026-02-18T22:00:00Z,15500.4
2026-02-18T23:00:00Z,15674.3
2026-02-19T00:00:00Z,15581.6
2026-02-19T01:00:00Z,15144.2
2026-02-19T02:00:00Z,16294.3
2026-02-19T03:00:00Z,16112.4
2026-02-19T04:00:00Z,16923.4
2026-02-19T05:00:00Z,18156.1
2026-02-19T06:00:00Z,18751.0
2026-02-19T07:00:00Z,19946.4
2026-02-19T08:00:00Z,20467.4
2026-02-19T09:00:00Z,21512.8
2026-02-19T10:00:00Z,22283.5
2026-02-19T11:00:00Z,22208.7
2026-02-19T12:00:00Z,23001.0
2026-02-19T13:00:00Z,22881.2
2026-02-19T14:00:00Z,22221.5
2026-02-19T15:00:00Z,21854.5
2026-02-19T16:00:00Z,21057.1
2026-02-19T17:00:00Z,19659.2
2026-02-19T18:00:00Z,19091.0
2026-02-19T19:00:00Z,17987.5
2026-02-19T20:00:00Z,16777.8
2026-02-19T21:00:00Z,16310.9
2026-02-19T22:00:00Z,15234.7
2026-02-19T23:00:00Z,14285.8
2026-02-20T00:00:00Z,15133.2
2026-02-20T01:00:00Z,15201.7
2026-02-20T02:00:00Z,16090.4
2026-02-20T03:00:00Z,16023.5
2026-02-20T04:00:00Z,17208.1
2026-02-20T05:00:00Z,17574.9
2026-02-20T06:00:00Z,18492.1
2026-02-20T07:00:00Z,19753.9
2026-02-20T08:00:00Z,20857.4
2026-02-20T09:00:00Z,21577.3
2026-02-20T10:00:00Z,22558.8
2026-02-20T11:00:00Z,22969.3
2026-02-20T12:00:00Z,22319.5
2026-02-20T13:00:00Z,22432.6
2026-02-20T14:00:00Z,22795.3
2026-02-20T15:00:00Z,22041.5
2026-02-20T16:00:00Z,20438.7
2026-02-20T17:00:00Z,19643.9
2026-02-20T18:00:00Z,19527.3
2026-02-20T19:00:00Z,17588.5
2026-02-20T20:00:00Z,17366.9
2026-02-20T21:00:00Z,15530.4
2026-02-20T22:00:00Z,15494.1
2026-02-20T23:00:00Z,14847.2
2026-02-21T00:00:00Z,14016.7
2026-02-21T01:00:00Z,14450.0
2026-02-21T02:00:00Z,14577.0
2026-02-21T03:00:00Z,15367.4
2026-02-21T04:00:00Z,16218.1
2026-02-21T05:00:00Z,17305.2
2026-02-21T06:00:00Z,17873.7
2026-02-21T07:00:00Z,18140.5
2026-02-21T08:00:00Z,19187.7
2026-02-21T09:00:00Z,20780.2
2026-02-21T10:00:00Z,21303.1
2026-02-21T11:00:00Z,21836.6
2026-02-21T12:00:00Z,21509.1
2026-02-21T13:00:00Z,21323.7
2026-02-21T14:00:00Z,20487.7
2026-02-21T15:00:00Z,20104.8
2026-02-21T16:00:00Z,19615.7
2026-02-21T17:00:00Z,18508.2
2026-02-21T18:00:00Z,17196.1
2026-02-21T19:00:00Z,17191.5
2026-02-21T20:00:00Z,15796.5
2026-02-21T21:00:00Z,15073.9
2026-02-21T22:00:00Z,14411.0
2026-02-21T23:00:00Z,13980.9
2026-02-22T00:00:00Z,13448.0
2026-02-22T01:00:00Z,14197.9
2026-02-22T02:00:00Z,14122.2
2026-02-22T03:00:00Z,14589.5
2026-02-22T04:00:00Z,16117.9
2026-02-22T05:00:00Z,16678.9
2026-02-22T06:00:00Z,17840.4
2026-02-22T07:00:00Z,18030.6
2026-02-22T08:00:00Z,20136.8
2026-02-22T09:00:00Z,20101.3
2026-02-22T10:00:00Z,20615.2
2026-02-22T11:00:00Z,21237.5
2026-02-22T12:00:00Z,21187.5
2026-02-22T13:00:00Z,21082.4
2026-02-22T14:00:00Z,21141.0
2026-02-22T15:00:00Z,20840.7
2026-02-22T16:00:00Z,19495.6
2026-02-22T17:00:00Z,18648.0
2026-02-22T18:00:00Z,17669.8
2026-02-22T19:00:00Z,16711.2
2026-02-22T20:00:00Z,15313.9
2026-02-22T21:00:00Z,15465.0
2026-02-22T22:00:00Z,13847.1
2026-02-22T23:00:00Z,13712.7
2026-02-23T00:00:00Z,15460.7
2026-02-23T01:00:00Z,14891.0
2026-02-23T02:00:00Z,14989.7
2026-02-23T03:00:00Z,15965.7
2026-02-23T04:00:00Z,17483.8
2026-02-23T05:00:00Z,17682.3
2026-02-23T06:00:00Z,18297.2
2026-02-23T07:00:00Z,19732.2
2026-02-23T08:00:00Z,20687.9
2026-02-23T09:00:00Z,21116.8
2026-02-23T10:00:00Z,22078.8
2026-02-23T11:00:00Z,21659.6
2026-02-23T12:00:00Z,22666.7
2026-02-23T13:00:00Z,22459.0
2026-02-23T14:00:00Z,22035.1
2026-02-23T15:00:00Z,21184.5
2026-02-23T16:00:00Z,21035.9
2026-02-23T17:00:00Z,19884.5
2026-02-23T18:00:00Z,19107.3
2026-02-23T19:00:00Z,17475.4
2026-02-23T20:00:00Z,16988.5
2026-02-23T21:00:00Z,16506.5
2026-02-23T22:00:00Z,15792.3
2026-02-23T23:00:00Z,14644.2
2026-02-24T00:00:00Z,14736.7
2026-02-24T01:00:00Z,14667.8
2026-02-24T02:00:00Z,15168.8
2026-02-24T03:00:00Z,15873.1
2026-02-24T04:00:00Z,17243.4
2026-02-24T05:00:00Z,18096.2
2026-02-24T06:00:00Z,18555.6
2026-02-24T07:00:00Z,19886.8
2026-02-24T08:00:00Z,20334.9
2026-02-24T09:00:00Z,20920.2
2026-02-24T10:00:00Z,21325.2
2026-02-24T11:00:00Z,22044.9
2026-02-24T12:00:00Z,23102.2
2026-02-24T13:00:00Z,22386.6
2026-02-24T14:00:00Z,22112.9
2026-02-24T15:00:00Z,21667.1
2026-02-24T16:00:00Z,19887.6
2026-02-24T17:00:00Z,19516.8
2026-02-24T18:00:00Z,18604.3
2026-02-24T19:00:00Z,18010.3
2026-02-24T20:00:00Z,16800.5
2026-02-24T21:00:00Z,15321.0
2026-02-24T22:00:00Z,14694.5
2026-02-24T23:00:00Z,14967.7
2026-02-25T00:00:00Z,14738.4
2026-02-25T01:00:00Z,14344.1
2026-02-25T02:00:00Z,14734.0
2026-02-25T03:00:00Z,15826.0
2026-02-25T04:00:00Z,16169.5
2026-02-25T05:00:00Z,17643.0
2026-02-25T06:00:00Z,18445.6
2026-02-25T07:00:00Z,19431.8
2026-02-25T08:00:00Z,21088.4
2026-02-25T09:00:00Z,20981.1
2026-02-25T10:00:00Z,21495.7
2026-02-25T11:00:00Z,22076.9
2026-02-25T12:00:00Z,21597.5
2026-02-25T13:00:00Z,22497.5
2026-02-25T14:00:00Z,22070.8
2026-02-25T15:00:00Z,21274.6
2026-02-25T16:00:00Z,20437.0
2026-02-25T17:00:00Z,19489.7
2026-02-25T18:00:00Z,18012.3
2026-02-25T19:00:00Z,17463.9
2026-02-25T20:00:00Z,16572.3
2026-02-25T21:00:00Z,16053.9
2026-02-25T22:00:00Z,15266.9
2026-02-25T23:00:00Z,15118.0
2026-02-26T00:00:00Z,14813.4
2026-02-26T01:00:00Z,14073.0
2026-02-26T02:00:00Z,14863.2
2026-02-26T03:00:00Z,15927.8
2026-02-26T04:00:00Z,16384.1
2026-02-26T05:00:00Z,17447.2
2026-02-26T06:00:00Z,18725.5
2026-02-26T07:00:00Z,19125.6
2026-02-26T08:00:00Z,20438.3
2026-02-26T09:00:00Z,21707.7
2026-02-26T10:00:00Z,21807.2
2026-02-26T11:00:00Z,21947.6
2026-02-26T12:00:00Z,22314.0
2026-02-26T13:00:00Z,22058.0
2026-02-26T14:00:00Z,21389.5
2026-02-26T15:00:00Z,21389.6
2026-02-26T16:00:00Z,20389.7
2026-02-26T17:00:00Z,18847.2
2026-02-26T18:00:00Z,18845.4
2026-02-26T19:00:00Z,17152.5
2026-02-26T20:00:00Z,16550.3
2026-02-26T21:00:00Z,15876.5
2026-02-26T22:00:00Z,15074.7
2026-02-26T23:00:00Z,14321.1
2026-02-27T00:00:00Z,13776.6
2026-02-27T01:00:00Z,14486.5
2026-02-27T02:00:00Z,15126.6
2026-02-27T03:00:00Z,15270.5
2026-02-27T04:00:00Z,16332.5
2026-02-27T05:00:00Z,17809.6
2026-02-27T06:00:00Z,18068.7
2026-02-27T07:00:00Z,20692.9
2026-02-27T08:00:00Z,20443.4
2026-02-27T09:00:00Z,20731.3
2026-02-27T10:00:00Z,21870.2
2026-02-27T11:00:00Z,22042.4
2026-02-27T12:00:00Z,22679.5
2026-02-27T13:00:00Z,21709.4
2026-02-27T14:00:00Z,21958.5
2026-02-27T15:00:00Z,20762.9
2026-02-27T16:00:00Z,20433.8
2026-02-27T17:00:00Z,19886.6
2026-02-27T18:00:00Z,18442.8
2026-02-27T19:00:00Z,17838.4
2026-02-27T20:00:00Z,16370.0
2026-02-27T21:00:00Z,15974.0
2026-02-27T22:00:00Z,14844.4
2026-02-27T23:00:00Z,14588.7
2026-02-28T00:00:00Z,13413.5
2026-02-28T01:00:00Z,13054.6
2026-02-28T02:00:00Z,13620.9
2026-02-28T03:00:00Z,14340.6
2026-02-28T04:00:00Z,15891.6
2026-02-28T05:00:00Z,16312.8
2026-02-28T06:00:00Z,16884.4
2026-02-28T07:00:00Z,17862.0
2026-02-28T08:00:00Z,19154.8
2026-02-28T09:00:00Z,19613.2
2026-02-28T10:00:00Z,20660.1
2026-02-28T11:00:00Z,20623.0
2026-02-28T12:00:00Z,20769.6
2026-02-28T13:00:00Z,21253.0
2026-02-28T14:00:00Z,19987.3
2026-02-28T15:00:00Z,20731.8
2026-02-28T16:00:00Z,18938.8
2026-02-28T17:00:00Z,17773.4
2026-02-28T18:00:00Z,17454.1
2026-02-28T19:00:00Z,16616.4
2026-02-28T20:00:00Z,15759.0
2026-02-28T21:00:00Z,14708.3
2026-02-28T22:00:00Z,13694.0
2026-02-28T23:00:00Z,13483.1
2026-03-01T00:00:00Z,13391.0
2026-03-01T01:00:00Z,13761.9
2026-03-01T02:00:00Z,14179.7
2026-03-01T03:00:00Z,14706.2
2026-03-01T04:00:00Z,15557.1
2026-03-01T05:00:00Z,15474.0
2026-03-01T06:00:00Z,17023.6
2026-03-01T07:00:00Z,18583.4
2026-03-01T08:00:00Z,18979.6
2026-03-01T09:00:00Z,19905.8
2026-03-01T10:00:00Z,20307.8
2026-03-01T11:00:00Z,20885.6
2026-03-01T12:00:00Z,20841.7
2026-03-01T13:00:00Z,20260.5
2026-03-01T14:00:00Z,20667.2
2026-03-01T15:00:00Z,20069.0
2026-03-01T16:00:00Z,18838.3
2026-03-01T17:00:00Z,17523.6
2026-03-01T18:00:00Z,17087.1
2026-03-01T19:00:00Z,15784.5
2026-03-01T20:00:00Z,15593.3
2026-03-01T21:00:00Z,14378.8
2026-03-01T22:00:00Z,13320.9
2026-03-01T23:00:00Z,13228.6
2026-03-02T00:00:00Z,14937.3
2026-03-02T01:00:00Z,14402.2
2026-03-02T02:00:00Z,14577.6
2026-03-02T03:00:00Z,15369.4
2026-03-02T04:00:00Z,15871.3
2026-03-02T05:00:00Z,17469.1
2026-03-02T06:00:00Z,17721.0
2026-03-02T07:00:00Z,19378.3
2026-03-02T08:00:00Z,20457.2
2026-03-02T09:00:00Z,21221.5
2026-03-02T10:00:00Z,21491.9
2026-03-02T11:00:00Z,21781.4
2026-03-02T12:00:00Z,22064.4
2026-03-02T13:00:00Z,22005.8
2026-03-02T14:00:00Z,21724.3
2026-03-02T15:00:00Z,20925.6
2026-03-02T16:00:00Z,20212.3
2026-03-02T17:00:00Z,19049.8
2026-03-02T18:00:00Z,17937.6
2026-03-02T19:00:00Z,17572.0
2026-03-02T20:00:00Z,16416.8
2026-03-02T21:00:00Z,15714.8
2026-03-02T22:00:00Z,15415.1
2026-03-02T23:00:00Z,14247.8
2026-03-03T00:00:00Z,14091.6
2026-03-03T01:00:00Z,14298.6
2026-03-03T02:00:00Z,15096.5
2026-03-03T03:00:00Z,14954.1
2026-03-03T04:00:00Z,15999.4
2026-03-03T05:00:00Z,17413.8
2026-03-03T06:00:00Z,17635.2
2026-03-03T07:00:00Z,19379.0
2026-03-03T08:00:00Z,20603.1
2026-03-03T09:00:00Z,21015.7
2026-03-03T10:00:00Z,21215.9
2026-03-03T11:00:00Z,21731.1
2026-03-03T12:00:00Z,21684.4
2026-03-03T13:00:00Z,21853.9
2026-03-03T14:00:00Z,21804.0
2026-03-03T15:00:00Z,21213.8
2026-03-03T16:00:00Z,19345.8
2026-03-03T17:00:00Z,18898.9
2026-03-03T18:00:00Z,18262.8
2026-03-03T19:00:00Z,17041.8
2026-03-03T20:00:00Z,15422.7
2026-03-03T21:00:00Z,15497.3
2026-03-03T22:00:00Z,14992.9
2026-03-03T23:00:00Z,14429.0
2026-03-04T00:00:00Z,14217.7
2026-03-04T01:00:00Z,14678.9
2026-03-04T02:00:00Z,14290.9
2026-03-04T03:00:00Z,15272.3
2026-03-04T04:00:00Z,16301.2
2026-03-04T05:00:00Z,18220.0
2026-03-04T06:00:00Z,17857.6
2026-03-04T07:00:00Z,19353.1
2026-03-04T08:00:00Z,20594.3
2026-03-04T09:00:00Z,21077.2
2026-03-04T10:00:00Z,21723.4
2026-03-04T11:00:00Z,22236.5
2026-03-04T12:00:00Z,21370.7
2026-03-04T13:00:00Z,21991.7
2026-03-04T14:00:00Z,21292.2
2026-03-04T15:00:00Z,21332.2
2026-03-04T16:00:00Z,20170.6
2026-03-04T17:00:00Z,19184.8
2026-03-04T18:00:00Z,18162.7
2026-03-04T19:00:00Z,16690.6
2026-03-04T20:00:00Z,16477.5
2026-03-04T21:00:00Z,14842.9
2026-03-04T22:00:00Z,14697.3
2026-03-04T23:00:00Z,14260.6
2026-03-05T00:00:00Z,14514.4
2026-03-05T01:00:00Z,14323.9
2026-03-05T02:00:00Z,14426.2
2026-03-05T03:00:00Z,15542.7
2026-03-05T04:00:00Z,16689.0
2026-03-05T05:00:00Z,16710.9
2026-03-05T06:00:00Z,18504.0
2026-03-05T07:00:00Z,18825.4
2026-03-05T08:00:00Z,19900.9
2026-03-05T09:00:00Z,20708.4
2026-03-05T10:00:00Z,21043.4
2026-03-05T11:00:00Z,22307.6
2026-03-05T12:00:00Z,22163.5
2026-03-05T13:00:00Z,21974.3
2026-03-05T14:00:00Z,20938.8
2026-03-05T15:00:00Z,20994.8
2026-03-05T16:00:00Z,19682.0
2026-03-05T17:00:00Z,19501.3
2026-03-05T18:00:00Z,17463.3
2026-03-05T19:00:00Z,17290.3
2026-03-05T20:00:00Z,15603.5
2026-03-05T21:00:00Z,14833.5
2026-03-05T22:00:00Z,14781.3
2026-03-05T23:00:00Z,14607.0
2026-03-06T00:00:00Z,14505.7
2026-03-06T01:00:00Z,14134.9
2026-03-06T02:00:00Z,14470.6
2026-03-06T03:00:00Z,15571.2
2026-03-06T04:00:00Z,15680.2
2026-03-06T05:00:00Z,16621.6
2026-03-06T06:00:00Z,18167.0
2026-03-06T07:00:00Z,19141.9
2026-03-06T08:00:00Z,19949.0
2026-03-06T09:00:00Z,21132.2
2026-03-06T10:00:00Z,20788.2
2026-03-06T11:00:00Z,21874.1
2026-03-06T12:00:00Z,22578.1
2026-03-06T13:00:00Z,21581.8
2026-03-06T14:00:00Z,20914.0
2026-03-06T15:00:00Z,21134.3
2026-03-06T16:00:00Z,20108.7
2026-03-06T17:00:00Z,19398.1
2026-03-06T18:00:00Z,18231.8
2026-03-06T19:00:00Z,16850.9
2026-03-06T20:00:00Z,16000.1
2026-03-06T21:00:00Z,14881.1
2026-03-06T22:00:00Z,15527.9
2026-03-06T23:00:00Z,13967.1
2026-03-07T00:00:00Z,12902.7
2026-03-07T01:00:00Z,12923.8
2026-03-07T02:00:00Z,13682.3
2026-03-07T03:00:00Z,14620.5
2026-03-07T04:00:00Z,14778.6
2026-03-07T05:00:00Z,16026.1
2026-03-07T06:00:00Z,17119.8
2026-03-07T07:00:00Z,18601.7
2026-03-07T08:00:00Z,18729.7
2026-03-07T09:00:00Z,19692.0
2026-03-07T10:00:00Z,20762.4
2026-03-07T11:00:00Z,20123.9
2026-03-07T12:00:00Z,20728.5
2026-03-07T13:00:00Z,20629.7
2026-03-07T14:00:00Z,19845.1
2026-03-07T15:00:00Z,19534.5
2026-03-07T16:00:00Z,18875.0
2026-03-07T17:00:00Z,18245.3
2026-03-07T18:00:00Z,17179.9
2026-03-07T19:00:00Z,15696.7
2026-03-07T20:00:00Z,14637.4
2026-03-07T21:00:00Z,14464.3
2026-03-07T22:00:00Z,13033.4
2026-03-07T23:00:00Z,12970.0
2026-03-08T00:00:00Z,12589.1
2026-03-08T01:00:00Z,12570.9
2026-03-08T02:00:00Z,13564.0
2026-03-08T03:00:00Z,13620.6
2026-03-08T04:00:00Z,14680.6
2026-03-08T05:00:00Z,16228.4
2026-03-08T06:00:00Z,17328.3
2026-03-08T07:00:00Z,17366.8
2026-03-08T08:00:00Z,18435.9
2026-03-08T09:00:00Z,19252.4
2026-03-08T10:00:00Z,19711.0
2026-03-08T11:00:00Z,20970.9
2026-03-08T12:00:00Z,20959.3
2026-03-08T13:00:00Z,20697.4
2026-03-08T14:00:00Z,19827.9
2026-03-08T15:00:00Z,19785.5
2026-03-08T16:00:00Z,18800.9
2026-03-08T17:00:00Z,17798.1
2026-03-08T18:00:00Z,16999.7
2026-03-08T19:00:00Z,16258.5
2026-03-08T20:00:00Z,14860.0
2026-03-08T21:00:00Z,13947.9
2026-03-08T22:00:00Z,13132.6
2026-03-08T23:00:00Z,13545.9
2026-03-09T00:00:00Z,14131.3
2026-03-09T01:00:00Z,13310.7
2026-03-09T02:00:00Z,14532.8
2026-03-09T03:00:00Z,15365.3
2026-03-09T04:00:00Z,15377.9
2026-03-09T05:00:00Z,16341.0
2026-03-09T06:00:00Z,18168.0
2026-03-09T07:00:00Z,18729.4
2026-03-09T08:00:00Z,19271.4
2026-03-09T09:00:00Z,20562.1
2026-03-09T10:00:00Z,21280.8
2026-03-09T11:00:00Z,21236.1
2026-03-09T12:00:00Z,21417.8
2026-03-09T13:00:00Z,21559.4
2026-03-09T14:00:00Z,21141.2
2026-03-09T15:00:00Z,21129.2
2026-03-09T16:00:00Z,20184.9
2026-03-09T17:00:00Z,18988.8
2026-03-09T18:00:00Z,17604.0
2026-03-09T19:00:00Z,16623.7
2026-03-09T20:00:00Z,15162.1
2026-03-09T21:00:00Z,15070.5
2026-03-09T22:00:00Z,14348.7
2026-03-09T23:00:00Z,13878.7
2026-03-10T00:00:00Z,14150.7
2026-03-10T01:00:00Z,14454.9
2026-03-10T02:00:00Z,13824.7
2026-03-10T03:00:00Z,15175.1
2026-03-10T04:00:00Z,15986.8
2026-03-10T05:00:00Z,16567.3
2026-03-10T06:00:00Z,17533.9
2026-03-10T07:00:00Z,19328.6
2026-03-10T08:00:00Z,19937.6
2026-03-10T09:00:00Z,21191.3
2026-03-10T10:00:00Z,20856.9
2026-03-10T11:00:00Z,21147.6
2026-03-10T12:00:00Z,21537.4
2026-03-10T13:00:00Z,21777.2
2026-03-10T14:00:00Z,21539.1
2026-03-10T15:00:00Z,21137.4
2026-03-10T16:00:00Z,19487.1
2026-03-10T17:00:00Z,18296.3
2026-03-10T18:00:00Z,18094.7
2026-03-10T19:00:00Z,17067.3
2026-03-10T20:00:00Z,16030.3
2026-03-10T21:00:00Z,15518.0
2026-03-10T22:00:00Z,14167.2
2026-03-10T23:00:00Z,13514.8
2026-03-11T00:00:00Z,14537.2
2026-03-11T01:00:00Z,14095.9
2026-03-11T02:00:00Z,14283.0
2026-03-11T03:00:00Z,15257.7
2026-03-11T04:00:00Z,16522.0
2026-03-11T05:00:00Z,16784.6
2026-03-11T06:00:00Z,18292.4
2026-03-11T07:00:00Z,18751.4
2026-03-11T08:00:00Z,20281.5
2026-03-11T09:00:00Z,20513.6
2026-03-11T10:00:00Z,21458.6
2026-03-11T11:00:00Z,21443.8
2026-03-11T12:00:00Z,21778.6
2026-03-11T13:00:00Z,21523.4
2026-03-11T14:00:00Z,20926.7
2026-03-11T15:00:00Z,20486.3
2026-03-11T16:00:00Z,19883.7
2026-03-11T17:00:00Z,18685.0
2026-03-11T18:00:00Z,17547.6
2026-03-11T19:00:00Z,16863.5
2026-03-11T20:00:00Z,16271.4
2026-03-11T21:00:00Z,14968.9
2026-03-11T22:00:00Z,14054.6
2026-03-11T23:00:00Z,13709.9
2026-03-12T00:00:00Z,13825.3
2026-03-12T01:00:00Z,14487.7
2026-03-12T02:00:00Z,13992.3
2026-03-12T03:00:00Z,15320.0
2026-03-12T04:00:00Z,15681.5
2026-03-12T05:00:00Z,16452.4
2026-03-12T06:00:00Z,17497.1
2026-03-12T07:00:00Z,19048.4
2026-03-12T08:00:00Z,19446.3
2026-03-12T09:00:00Z,20844.8
2026-03-12T10:00:00Z,21677.9
2026-03-12T11:00:00Z,21111.9
2026-03-12T12:00:00Z,21103.1
2026-03-12T13:00:00Z,20819.0
2026-03-12T14:00:00Z,21185.0
2026-03-12T15:00:00Z,20104.2
2026-03-12T16:00:00Z,19389.8
2026-03-12T17:00:00Z,18407.3
2026-03-12T18:00:00Z,18111.7
2026-03-12T19:00:00Z,16887.6
2026-03-12T20:00:00Z,15937.3
2026-03-12T21:00:00Z,14370.0
2026-03-12T22:00:00Z,14047.9
2026-03-12T23:00:00Z,13921.8
2026-03-13T00:00:00Z,13720.5
2026-03-13T01:00:00Z,13992.4
2026-03-13T02:00:00Z,14802.4
2026-03-13T03:00:00Z,15111.9
2026-03-13T04:00:00Z,15949.1
2026-03-13T05:00:00Z,16573.2
2026-03-13T06:00:00Z,17479.2
2026-03-13T07:00:00Z,18455.7
2026-03-13T08:00:00Z,19506.6
2026-03-13T09:00:00Z,19800.1
2026-03-13T10:00:00Z,20762.5
2026-03-13T11:00:00Z,21344.4
2026-03-13T12:00:00Z,21309.7
2026-03-13T13:00:00Z,21320.9
2026-03-13T14:00:00Z,20346.8
2026-03-13T15:00:00Z,20155.9
2026-03-13T16:00:00Z,19541.9
2026-03-13T17:00:00Z,18987.7
2026-03-13T18:00:00Z,17648.7
2026-03-13T19:00:00Z,16538.2
2026-03-13T20:00:00Z,15492.6
2026-03-13T21:00:00Z,14895.5
2026-03-13T22:00:00Z,14101.6
2026-03-13T23:00:00Z,14122.2
2026-03-14T00:00:00Z,12456.0
2026-03-14T01:00:00Z,12981.0
2026-03-14T02:00:00Z,12937.1
2026-03-14T03:00:00Z,13275.5
2026-03-14T04:00:00Z,14085.5
2026-03-14T05:00:00Z,15787.0
2026-03-14T06:00:00Z,16297.7
2026-03-14T07:00:00Z,17324.2
2026-03-14T08:00:00Z,19245.7
2026-03-14T09:00:00Z,18829.6
2026-03-14T10:00:00Z,19811.6
2026-03-14T11:00:00Z,19763.4
2026-03-14T12:00:00Z,20135.4
2026-03-14T13:00:00Z,20379.3
2026-03-14T14:00:00Z,19723.5
2026-03-14T15:00:00Z,19828.6
2026-03-14T16:00:00Z,18103.8
2026-03-14T17:00:00Z,17254.0
2026-03-14T18:00:00Z,16024.4
2026-03-14T19:00:00Z,15490.1
2026-03-14T20:00:00Z,14301.3
2026-03-14T21:00:00Z,13708.6
2026-03-14T22:00:00Z,12876.8
2026-03-14T23:00:00Z,12905.3
2026-03-15T00:00:00Z,12367.8
2026-03-15T01:00:00Z,12740.7
2026-03-15T02:00:00Z,13057.5
2026-03-15T03:00:00Z,13467.4
2026-03-15T04:00:00Z,14512.2
2026-03-15T05:00:00Z,15439.2
2026-03-15T06:00:00Z,16608.8
2026-03-15T07:00:00Z,16794.1
2026-03-15T08:00:00Z,18852.8
2026-03-15T09:00:00Z,19209.5
2026-03-15T10:00:00Z,19921.4
2026-03-15T11:00:00Z,20340.6
2026-03-15T12:00:00Z,19854.2
2026-03-15T13:00:00Z,20408.3
2026-03-15T14:00:00Z,19880.2
2026-03-15T15:00:00Z,19012.6
2026-03-15T16:00:00Z,18640.2
2026-03-15T17:00:00Z,17361.7
2026-03-15T18:00:00Z,16119.5
2026-03-15T19:00:00Z,15735.2
2026-03-15T20:00:00Z,14774.2
2026-03-15T21:00:00Z,13830.0
2026-03-15T22:00:00Z,13067.6
2026-03-15T23:00:00Z,13243.9
2026-03-16T00:00:00Z,13434.6
2026-03-16T01:00:00Z,13825.5
2026-03-16T02:00:00Z,14082.0
2026-03-16T03:00:00Z,14690.9
2026-03-16T04:00:00Z,15707.2
2026-03-16T05:00:00Z,16166.4
2026-03-16T06:00:00Z,17644.8
2026-03-16T07:00:00Z,18569.2
2026-03-16T08:00:00Z,19301.8
2026-03-16T09:00:00Z,19976.0
2026-03-16T10:00:00Z,20378.1
2026-03-16T11:00:00Z,21235.7
2026-03-16T12:00:00Z,21886.7
2026-03-16T13:00:00Z,21004.5
2026-03-16T14:00:00Z,20523.1
2026-03-16T15:00:00Z,19992.7
2026-03-16T16:00:00Z,19497.8
2026-03-16T17:00:00Z,18642.7
2026-03-16T18:00:00Z,17597.5
2026-03-16T19:00:00Z,16469.1
2026-03-16T20:00:00Z,15160.4
2026-03-16T21:00:00Z,15087.8
2026-03-16T22:00:00Z,14036.7
2026-03-16T23:00:00Z,13886.0
2026-03-17T00:00:00Z,13612.8
2026-03-17T01:00:00Z,13717.8
2026-03-17T02:00:00Z,14362.8
2026-03-17T03:00:00Z,14761.9
2026-03-17T04:00:00Z,16186.4
2026-03-17T05:00:00Z,16919.0
2026-03-17T06:00:00Z,17737.5
2026-03-17T07:00:00Z,18357.6
2026-03-17T08:00:00Z,19636.9
2026-03-17T09:00:00Z,20287.2
2026-03-17T10:00:00Z,21020.6
2026-03-17T11:00:00Z,21200.9
2026-03-17T12:00:00Z,20979.0
2026-03-17T13:00:00Z,20866.3
2026-03-17T14:00:00Z,20768.4
2026-03-17T15:00:00Z,20455.0
2026-03-17T16:00:00Z,19356.5
2026-03-17T17:00:00Z,18256.8
2026-03-17T18:00:00Z,17393.5
2026-03-17T19:00:00Z,16667.2
2026-03-17T20:00:00Z,15368.3
2026-03-17T21:00:00Z,14556.6
2026-03-17T22:00:00Z,14145.6
2026-03-17T23:00:00Z,13937.0
2026-03-18T00:00:00Z,13162.5
2026-03-18T01:00:00Z,13556.4
2026-03-18T02:00:00Z,14063.0
2026-03-18T03:00:00Z,14539.7
2026-03-18T04:00:00Z,15642.6
2026-03-18T05:00:00Z,16680.8
2026-03-18T06:00:00Z,17166.9
2026-03-18T07:00:00Z,19175.8
2026-03-18T08:00:00Z,19460.0
2026-03-18T09:00:00Z,20642.2
2026-03-18T10:00:00Z,20989.1
2026-03-18T11:00:00Z,20546.0
2026-03-18T12:00:00Z,20856.9
2026-03-18T13:00:00Z,21216.3
2026-03-18T14:00:00Z,20913.9
2026-03-18T15:00:00Z,20329.1
2026-03-18T16:00:00Z,18701.9
2026-03-18T17:00:00Z,18199.2
2026-03-18T18:00:00Z,17558.9
2026-03-18T19:00:00Z,16815.0
2026-03-18T20:00:00Z,15645.7
2026-03-18T21:00:00Z,14233.8
2026-03-18T22:00:00Z,13887.4
2026-03-18T23:00:00Z,13572.6
2026-03-19T00:00:00Z,13369.2
2026-03-19T01:00:00Z,13969.7
2026-03-19T02:00:00Z,14398.1
2026-03-19T03:00:00Z,15047.6
2026-03-19T04:00:00Z,15080.1
2026-03-19T05:00:00Z,15957.8
2026-03-19T06:00:00Z,16874.7
2026-03-19T07:00:00Z,18276.0
2026-03-19T08:00:00Z,19318.5
2026-03-19T09:00:00Z,19644.0
2026-03-19T10:00:00Z,20783.2
2026-03-19T11:00:00Z,21162.0
2026-03-19T12:00:00Z,21148.7
2026-03-19T13:00:00Z,21228.6
2026-03-19T14:00:00Z,20379.0
2026-03-19T15:00:00Z,19740.1
2026-03-19T16:00:00Z,19754.5
2026-03-19T17:00:00Z,18235.7
2026-03-19T18:00:00Z,17671.5
2026-03-19T19:00:00Z,16148.9
2026-03-19T20:00:00Z,14700.4
2026-03-19T21:00:00Z,14803.3
2026-03-19T22:00:00Z,13620.2
2026-03-19T23:00:00Z,13351.8
2026-03-20T00:00:00Z,13741.5
2026-03-20T01:00:00Z,13100.3
2026-03-20T02:00:00Z,13890.2
2026-03-20T03:00:00Z,14956.3
2026-03-20T04:00:00Z,16038.2
2026-03-20T05:00:00Z,16002.9
2026-03-20T06:00:00Z,17368.9
2026-03-20T07:00:00Z,18102.0
2026-03-20T08:00:00Z,19639.3
2026-03-20T09:00:00Z,19886.2
2026-03-20T10:00:00Z,21085.1
2026-03-20T11:00:00Z,20640.8
2026-03-20T12:00:00Z,21424.8
2026-03-20T13:00:00Z,21519.6
2026-03-20T14:00:00Z,20870.6
2026-03-20T15:00:00Z,20049.3
2026-03-20T16:00:00Z,19085.8
2026-03-20T17:00:00Z,17889.6
2026-03-20T18:00:00Z,17623.0
2026-03-20T19:00:00Z,16619.9
2026-03-20T20:00:00Z,15499.4
2026-03-20T21:00:00Z,14182.2
2026-03-20T22:00:00Z,13685.1
2026-03-20T23:00:00Z,13543.8
2026-03-21T00:00:00Z,12896.5
2026-03-21T01:00:00Z,13080.3
2026-03-21T02:00:00Z,13175.9
2026-03-21T03:00:00Z,13018.2
2026-03-21T04:00:00Z,13608.8
2026-03-21T05:00:00Z,15208.3
2026-03-21T06:00:00Z,16342.5
2026-03-21T07:00:00Z,17724.9
2026-03-21T08:00:00Z,17834.4
2026-03-21T09:00:00Z,19277.5
2026-03-21T10:00:00Z,19420.8
2026-03-21T11:00:00Z,20096.8
2026-03-21T12:00:00Z,19859.8
2026-03-21T13:00:00Z,19747.8
2026-03-21T14:00:00Z,19327.4
2026-03-21T15:00:00Z,18840.9
2026-03-21T16:00:00Z,17792.2
2026-03-21T17:00:00Z,16906.0
2026-03-21T18:00:00Z,16265.2
2026-03-21T19:00:00Z,14775.7
2026-03-21T20:00:00Z,14129.2
2026-03-21T21:00:00Z,13259.1
2026-03-21T22:00:00Z,12755.7
2026-03-21T23:00:00Z,12841.9
2026-03-22T00:00:00Z,12049.9
2026-03-22T01:00:00Z,12950.9
2026-03-22T02:00:00Z,12205.7
2026-03-22T03:00:00Z,13125.3
2026-03-22T04:00:00Z,14449.0
2026-03-22T05:00:00Z,14363.8
2026-03-22T06:00:00Z,16071.5
2026-03-22T07:00:00Z,17291.4
2026-03-22T08:00:00Z,17617.7
2026-03-22T09:00:00Z,19359.6
2026-03-22T10:00:00Z,20097.2
2026-03-22T11:00:00Z,19905.0
2026-03-22T12:00:00Z,20023.7
2026-03-22T13:00:00Z,20149.6
2026-03-22T14:00:00Z,19822.0
2026-03-22T15:00:00Z,18746.5
2026-03-22T16:00:00Z,17961.7
2026-03-22T17:00:00Z,17827.6
2026-03-22T18:00:00Z,16245.7
2026-03-22T19:00:00Z,15116.3
2026-03-22T20:00:00Z,13958.3
2026-03-22T21:00:00Z,12485.4
2026-03-22T22:00:00Z,12777.9
2026-03-22T23:00:00Z,12460.7
2026-03-23T00:00:00Z,13321.0
2026-03-23T01:00:00Z,13412.9
2026-03-23T02:00:00Z,14125.0
2026-03-23T03:00:00Z,14567.0
2026-03-23T04:00:00Z,15335.6
2026-03-23T05:00:00Z,16141.7
2026-03-23T06:00:00Z,17088.6
2026-03-23T07:00:00Z,18234.9
2026-03-23T08:00:00Z,18902.5
2026-03-23T09:00:00Z,20298.4
2026-03-23T10:00:00Z,20629.8
2026-03-23T11:00:00Z,20927.7
2026-03-23T12:00:00Z,21717.9
2026-03-23T13:00:00Z,21189.8
2026-03-23T14:00:00Z,20168.4
2026-03-23T15:00:00Z,19651.0
2026-03-23T16:00:00Z,19103.2
2026-03-23T17:00:00Z,18039.8
2026-03-23T18:00:00Z,17628.4
2026-03-23T19:00:00Z,16452.0
2026-03-23T20:00:00Z,15565.4
2026-03-23T21:00:00Z,14825.9
2026-03-23T22:00:00Z,14160.9
2026-03-23T23:00:00Z,12895.3
2026-03-24T00:00:00Z,12863.9
2026-03-24T01:00:00Z,13115.5
2026-03-24T02:00:00Z,13996.8
2026-03-24T03:00:00Z,14513.9
2026-03-24T04:00:00Z,15837.2
2026-03-24T05:00:00Z,16588.6
2026-03-24T06:00:00Z,17607.7
2026-03-24T07:00:00Z,17952.2
2026-03-24T08:00:00Z,19074.6
2026-03-24T09:00:00Z,20218.1
2026-03-24T10:00:00Z,20152.2
2026-03-24T11:00:00Z,20674.8
2026-03-24T12:00:00Z,21613.2
2026-03-24T13:00:00Z,21585.4
2026-03-24T14:00:00Z,19935.7
2026-03-24T15:00:00Z,19874.1
2026-03-24T16:00:00Z,18701.3
2026-03-24T17:00:00Z,17513.1
2026-03-24T18:00:00Z,16888.8
2026-03-24T19:00:00Z,16340.1
2026-03-24T20:00:00Z,15441.6
2026-03-24T21:00:00Z,14519.2
2026-03-24T22:00:00Z,14242.9
2026-03-24T23:00:00Z,13161.0
2026-03-25T00:00:00Z,13181.6
2026-03-25T01:00:00Z,13887.0
2026-03-25T02:00:00Z,14028.7
2026-03-25T03:00:00Z,14136.2
2026-03-25T04:00:00Z,14791.9
2026-03-25T05:00:00Z,16136.3
2026-03-25T06:00:00Z,17183.0
2026-03-25T07:00:00Z,18221.6
2026-03-25T08:00:00Z,18994.4
2026-03-25T09:00:00Z,19881.8
2026-03-25T10:00:00Z,20253.6
2026-03-25T11:00:00Z,20823.2
2026-03-25T12:00:00Z,20761.5
2026-03-25T13:00:00Z,20429.9
2026-03-25T14:00:00Z,20494.7
2026-03-25T15:00:00Z,19581.3
2026-03-25T16:00:00Z,18784.0
2026-03-25T17:00:00Z,18299.1
2026-03-25T18:00:00Z,17228.3
2026-03-25T19:00:00Z,16732.6
2026-03-25T20:00:00Z,15746.0
2026-03-25T21:00:00Z,14272.4
2026-03-25T22:00:00Z,13688.2
2026-03-25T23:00:00Z,13178.0
2026-03-26T00:00:00Z,12781.7
2026-03-26T01:00:00Z,13867.6
2026-03-26T02:00:00Z,13965.7
2026-03-26T03:00:00Z,14174.6
2026-03-26T04:00:00Z,15741.4
2026-03-26T05:00:00Z,16312.5
2026-03-26T06:00:00Z,17339.3
2026-03-26T07:00:00Z,17940.1
2026-03-26T08:00:00Z,18237.7
2026-03-26T09:00:00Z,20028.6
2026-03-26T10:00:00Z,20182.9
2026-03-26T11:00:00Z,20328.1
2026-03-26T12:00:00Z,21125.5
2026-03-26T13:00:00Z,21004.6
2026-03-26T14:00:00Z,20118.8
2026-03-26T15:00:00Z,19801.4
2026-03-26T16:00:00Z,19175.0
2026-03-26T17:00:00Z,18095.8
2026-03-26T18:00:00Z,16899.9
2026-03-26T19:00:00Z,16579.2
2026-03-26T20:00:00Z,15066.1
2026-03-26T21:00:00Z,14742.7
2026-03-26T22:00:00Z,13725.0
2026-03-26T23:00:00Z,13265.8
2026-03-27T00:00:00Z,13618.7
2026-03-27T01:00:00Z,13125.3
2026-03-27T02:00:00Z,13837.3
2026-03-27T03:00:00Z,14504.8
2026-03-27T04:00:00Z,15504.0
2026-03-27T05:00:00Z,16043.8
2026-03-27T06:00:00Z,16553.0
2026-03-27T07:00:00Z,17498.1
2026-03-27T08:00:00Z,18404.3
2026-03-27T09:00:00Z,19407.2
2026-03-27T10:00:00Z,20352.2
2026-03-27T11:00:00Z,20674.9
2026-03-27T12:00:00Z,20747.0
2026-03-27T13:00:00Z,20740.8
2026-03-27T14:00:00Z,20148.1
2026-03-27T15:00:00Z,19759.9
2026-03-27T16:00:00Z,19010.8
2026-03-27T17:00:00Z,18751.9
2026-03-27T18:00:00Z,16966.4
2026-03-27T19:00:00Z,15975.0
2026-03-27T20:00:00Z,15025.2
2026-03-27T21:00:00Z,14055.3
2026-03-27T22:00:00Z,13977.7
2026-03-27T23:00:00Z,12902.5
2026-03-28T00:00:00Z,12759.2
2026-03-28T01:00:00Z,11704.7
2026-03-28T02:00:00Z,12590.1
2026-03-28T03:00:00Z,13554.1
2026-03-28T04:00:00Z,14200.4
2026-03-28T05:00:00Z,15201.7
2026-03-28T06:00:00Z,15458.0
2026-03-28T07:00:00Z,17243.6
2026-03-28T08:00:00Z,18073.6
2026-03-28T09:00:00Z,19200.2
2026-03-28T10:00:00Z,19293.8
2026-03-28T11:00:00Z,19716.3
2026-03-28T12:00:00Z,19290.0
2026-03-28T13:00:00Z,19866.7
2026-03-28T14:00:00Z,18952.2
2026-03-28T15:00:00Z,18814.4
2026-03-28T16:00:00Z,18477.6
2026-03-28T17:00:00Z,16668.0
2026-03-28T18:00:00Z,16043.7
2026-03-28T19:00:00Z,14792.6
2026-03-28T20:00:00Z,13841.5
2026-03-28T21:00:00Z,12610.3
2026-03-28T22:00:00Z,12484.9
2026-03-28T23:00:00Z,12346.1
2026-03-29T00:00:00Z,12497.4
2026-03-29T01:00:00Z,12722.8
2026-03-29T02:00:00Z,12546.6
2026-03-29T03:00:00Z,13513.5
2026-03-29T04:00:00Z,13974.8
2026-03-29T05:00:00Z,14639.7
2026-03-29T06:00:00Z,15780.1
2026-03-29T07:00:00Z,17215.9
2026-03-29T08:00:00Z,18088.8
2026-03-29T09:00:00Z,18097.2
2026-03-29T10:00:00Z,19447.0
2026-03-29T11:00:00Z,19551.6
2026-03-29T12:00:00Z,19993.6
2026-03-29T13:00:00Z,19712.7
2026-03-29T14:00:00Z,18858.5
2026-03-29T15:00:00Z,18213.0
2026-03-29T16:00:00Z,17833.8
2026-03-29T17:00:00Z,16933.5
2026-03-29T18:00:00Z,15972.9
2026-03-29T19:00:00Z,14549.7
2026-03-29T20:00:00Z,14461.4
2026-03-29T21:00:00Z,12427.0
2026-03-29T22:00:00Z,13027.9
2026-03-29T23:00:00Z,12145.0
2026-03-30T00:00:00Z,12944.5
2026-03-30T01:00:00Z,13805.4
2026-03-30T02:00:00Z,13596.3
2026-03-30T03:00:00Z,14266.2
2026-03-30T04:00:00Z,14873.3
2026-03-30T05:00:00Z,16152.9
2026-03-30T06:00:00Z,17156.4
2026-03-30T07:00:00Z,18463.3
2026-03-30T08:00:00Z,19289.6
2026-03-30T09:00:00Z,19708.8
2026-03-30T10:00:00Z,20112.4
2026-03-30T11:00:00Z,20566.7
2026-03-30T12:00:00Z,20587.3
2026-03-30T13:00:00Z,20559.0
2026-03-30T14:00:00Z,20128.5
2026-03-30T15:00:00Z,19810.2
2026-03-30T16:00:00Z,18948.1
2026-03-30T17:00:00Z,17736.3
2026-03-30T18:00:00Z,17064.4
2026-03-30T19:00:00Z,15251.2
2026-03-30T20:00:00Z,15013.5
2026-03-30T21:00:00Z,13486.8
2026-03-30T22:00:00Z,13504.0
2026-03-30T23:00:00Z,13450.8
2026-03-31T00:00:00Z,13148.8
2026-03-31T01:00:00Z,12851.2
2026-03-31T02:00:00Z,13533.1
2026-03-31T03:00:00Z,14161.4
2026-03-31T04:00:00Z,14815.2
2026-03-31T05:00:00Z,15980.0
2026-03-31T06:00:00Z,16715.9
2026-03-31T07:00:00Z,17653.0
2026-03-31T08:00:00Z,18536.6
2026-03-31T09:00:00Z,19803.0
2026-03-31T10:00:00Z,19964.3
2026-03-31T11:00:00Z,20162.5
2026-03-31T12:00:00Z,21045.8
2026-03-31T13:00:00Z,20405.8
2026-03-31T14:00:00Z,19791.4
2026-03-31T15:00:00Z,19854.3
2026-03-31T16:00:00Z,18647.2
2026-03-31T17:00:00Z,17730.0
2026-03-31T18:00:00Z,16644.8
2026-03-31T19:00:00Z,16132.0
2026-03-31T20:00:00Z,15212.7
2026-03-31T21:00:00Z,14516.3
2026-03-31T22:00:00Z,13355.6
2026-03-31T23:00:00Z,13968.1
2026-04-01T00:00:00Z,12837.6
2026-04-01T01:00:00Z,12798.9
2026-04-01T02:00:00Z,13445.6
2026-04-01T03:00:00Z,13582.8
2026-04-01T04:00:00Z,14709.0
2026-04-01T05:00:00Z,15758.4
2026-04-01T06:00:00Z,16952.1
2026-04-01T07:00:00Z,18332.9
2026-04-01T08:00:00Z,18979.2
2026-04-01T09:00:00Z,19546.7
2026-04-01T10:00:00Z,20268.6
2026-04-01T11:00:00Z,20252.5
2026-04-01T12:00:00Z,21246.4
2026-04-01T13:00:00Z,20710.5
2026-04-01T14:00:00Z,20407.2
2026-04-01T15:00:00Z,19469.0
2026-04-01T16:00:00Z,18574.2
2026-04-01T17:00:00Z,17590.7
2026-04-01T18:00:00Z,16634.2
2026-04-01T19:00:00Z,15728.6
2026-04-01T20:00:00Z,15257.5
2026-04-01T21:00:00Z,13957.4
2026-04-01T22:00:00Z,13766.8
2026-04-01T23:00:00Z,13462.7
2026-04-02T00:00:00Z,13158.0
2026-04-02T01:00:00Z,13446.6
2026-04-02T02:00:00Z,12811.9
2026-04-02T03:00:00Z,14255.6
2026-04-02T04:00:00Z,14822.1
2026-04-02T05:00:00Z,16336.8
2026-04-02T06:00:00Z,17014.9
2026-04-02T07:00:00Z,17792.1
2026-04-02T08:00:00Z,18842.9
2026-04-02T09:00:00Z,19699.0
2026-04-02T10:00:00Z,20811.8
2026-04-02T11:00:00Z,20501.2
2026-04-02T12:00:00Z,20854.3
2026-04-02T13:00:00Z,20452.4
2026-04-02T14:00:00Z,20334.5
2026-04-02T15:00:00Z,19752.1
2026-04-02T16:00:00Z,18898.4
2026-04-02T17:00:00Z,17857.2
2026-04-02T18:00:00Z,17405.3
2026-04-02T19:00:00Z,16264.3
2026-04-02T20:00:00Z,15144.7
2026-04-02T21:00:00Z,13999.9
2026-04-02T22:00:00Z,13721.4
2026-04-02T23:00:00Z,13238.3
2026-04-03T00:00:00Z,13341.2
2026-04-03T01:00:00Z,13354.8
2026-04-03T02:00:00Z,13349.5
2026-04-03T03:00:00Z,14363.0
2026-04-03T04:00:00Z,15572.4
2026-04-03T05:00:00Z,16083.8
2026-04-03T06:00:00Z,16551.0
2026-04-03T07:00:00Z,17762.6
2026-04-03T08:00:00Z,19147.1
2026-04-03T09:00:00Z,20038.2
2026-04-03T10:00:00Z,19761.7
2026-04-03T11:00:00Z,20982.6
2026-04-03T12:00:00Z,21316.3
2026-04-03T13:00:00Z,21118.5
2026-04-03T14:00:00Z,19837.7
2026-04-03T15:00:00Z,19655.9
2026-04-03T16:00:00Z,19287.2
2026-04-03T17:00:00Z,18172.2
2026-04-03T18:00:00Z,16805.7
2026-04-03T19:00:00Z,15618.0
2026-04-03T20:00:00Z,14979.5
2026-04-03T21:00:00Z,14372.6
2026-04-03T22:00:00Z,13262.6
2026-04-03T23:00:00Z,13146.7
2026-04-04T00:00:00Z,12386.1
2026-04-04T01:00:00Z,12534.6
2026-04-04T02:00:00Z,12553.9
2026-04-04T03:00:00Z,13547.5
2026-04-04T04:00:00Z,13858.4
2026-04-04T05:00:00Z,14627.7
2026-04-04T06:00:00Z,15614.2
2026-04-04T07:00:00Z,16479.6
2026-04-04T08:00:00Z,17602.7
2026-04-04T09:00:00Z,18439.7
2026-04-04T10:00:00Z,19849.8
2026-04-04T11:00:00Z,19871.0
2026-04-04T12:00:00Z,20411.1
2026-04-04T13:00:00Z,19223.3
2026-04-04T14:00:00Z,19392.1
2026-04-04T15:00:00Z,18400.6
2026-04-04T16:00:00Z,17285.0
2026-04-04T17:00:00Z,17009.8
2026-04-04T18:00:00Z,15603.9
2026-04-04T19:00:00Z,15067.2
2026-04-04T20:00:00Z,14730.8
2026-04-04T21:00:00Z,13124.1
2026-04-04T22:00:00Z,12443.2
2026-04-04T23:00:00Z,11868.6
2026-04-05T00:00:00Z,11450.2
2026-04-05T01:00:00Z,11991.7
2026-04-05T02:00:00Z,12185.4
2026-04-05T03:00:00Z,13120.6
2026-04-05T04:00:00Z,13753.0
2026-04-05T05:00:00Z,14896.6
2026-04-05T06:00:00Z,15952.4
2026-04-05T07:00:00Z,17175.6
2026-04-05T08:00:00Z,17354.4
2026-04-05T09:00:00Z,18259.3
2026-04-05T10:00:00Z,19594.3
2026-04-05T11:00:00Z,19807.3
2026-04-05T12:00:00Z,19416.6
2026-04-05T13:00:00Z,20333.1
2026-04-05T14:00:00Z,18216.0
2026-04-05T15:00:00Z,18382.9
2026-04-05T16:00:00Z,17608.2
2026-04-05T17:00:00Z,16938.0
2026-04-05T18:00:00Z,15347.3
2026-04-05T19:00:00Z,14783.5
2026-04-05T20:00:00Z,13921.7
2026-04-05T21:00:00Z,13430.7
2026-04-05T22:00:00Z,11821.5
2026-04-05T23:00:00Z,11831.1
2026-04-06T00:00:00Z,12769.0
2026-04-06T01:00:00Z,13421.4
2026-04-06T02:00:00Z,14112.8
2026-04-06T03:00:00Z,14650.6
2026-04-06T04:00:00Z,14665.5
2026-04-06T05:00:00Z,15896.1
2026-04-06T06:00:00Z,16765.4
2026-04-06T07:00:00Z,17808.1
2026-04-06T08:00:00Z,18518.5
2026-04-06T09:00:00Z,19607.1
2026-04-06T10:00:00Z,20129.8
2026-04-06T11:00:00Z,20730.3
2026-04-06T12:00:00Z,20623.5
2026-04-06T13:00:00Z,21371.0
2026-04-06T14:00:00Z,19624.5
2026-04-06T15:00:00Z,19357.3
2026-04-06T16:00:00Z,18565.7
2026-04-06T17:00:00Z,17878.0
2026-04-06T18:00:00Z,17122.6
2026-04-06T19:00:00Z,15809.1
2026-04-06T20:00:00Z,15876.0
2026-04-06T21:00:00Z,14221.1
2026-04-06T22:00:00Z,13959.5
2026-04-06T23:00:00Z,13084.4
2026-04-07T00:00:00Z,12720.4
2026-04-07T01:00:00Z,13893.2
2026-04-07T02:00:00Z,13202.7
2026-04-07T03:00:00Z,13599.6
2026-04-07T04:00:00Z,14653.4
2026-04-07T05:00:00Z,15879.4
2026-04-07T06:00:00Z,17269.7
2026-04-07T07:00:00Z,17725.2
2026-04-07T08:00:00Z,18660.0
2026-04-07T09:00:00Z,19630.4
2026-04-07T10:00:00Z,20411.7
2026-04-07T11:00:00Z,20274.1
2026-04-07T12:00:00Z,20769.2
2026-04-07T13:00:00Z,20359.4
2026-04-07T14:00:00Z,20296.8
2026-04-07T15:00:00Z,19707.6
2026-04-07T16:00:00Z,19077.6
2026-04-07T17:00:00Z,18404.7
2026-04-07T18:00:00Z,16654.3
2026-04-07T19:00:00Z,15533.3
2026-04-07T20:00:00Z,14944.4
2026-04-07T21:00:00Z,14118.1
2026-04-07T22:00:00Z,13504.9
2026-04-07T23:00:00Z,13374.4
2026-04-08T00:00:00Z,13012.7
2026-04-08T01:00:00Z,13377.6
2026-04-08T02:00:00Z,13501.4
2026-04-08T03:00:00Z,14061.6
2026-04-08T04:00:00Z,14625.0
2026-04-08T05:00:00Z,16045.1
2026-04-08T06:00:00Z,16839.1
2026-04-08T07:00:00Z,18214.9
2026-04-08T08:00:00Z,18956.0
2026-04-08T09:00:00Z,19380.4
2026-04-08T10:00:00Z,20234.8
2026-04-08T11:00:00Z,20513.7
2026-04-08T12:00:00Z,20630.9
2026-04-08T13:00:00Z,20102.6
2026-04-08T14:00:00Z,20223.7
2026-04-08T15:00:00Z,19569.1
2026-04-08T16:00:00Z,18355.6
2026-04-08T17:00:00Z,17906.1
2026-04-08T18:00:00Z,16930.7
2026-04-08T19:00:00Z,15452.6
2026-04-08T20:00:00Z,14524.3
2026-04-08T21:00:00Z,14165.8
2026-04-08T22:00:00Z,13711.4
2026-04-08T23:00:00Z,13178.0
2026-04-09T00:00:00Z,12369.6
2026-04-09T01:00:00Z,12718.6
2026-04-09T02:00:00Z,13622.8
2026-04-09T03:00:00Z,13740.1
2026-04-09T04:00:00Z,15197.4
2026-04-09T05:00:00Z,16145.9
2026-04-09T06:00:00Z,16524.6
2026-04-09T07:00:00Z,17864.1
2026-04-09T08:00:00Z,18940.8
2026-04-09T09:00:00Z,19665.6
2026-04-09T10:00:00Z,19982.3
2026-04-09T11:00:00Z,20447.2
2026-04-09T12:00:00Z,20615.9
2026-04-09T13:00:00Z,21018.2
2026-04-09T14:00:00Z,20334.4
2026-04-09T15:00:00Z,19882.9
2026-04-09T16:00:00Z,18794.3
2026-04-09T17:00:00Z,17959.0
2026-04-09T18:00:00Z,17063.5
2026-04-09T19:00:00Z,15734.4
2026-04-09T20:00:00Z,14625.6
2026-04-09T21:00:00Z,14185.6
2026-04-09T22:00:00Z,13318.0
2026-04-09T23:00:00Z,12886.5
2026-04-10T00:00:00Z,12673.2
2026-04-10T01:00:00Z,12607.0
2026-04-10T02:00:00Z,13472.6
2026-04-10T03:00:00Z,13746.2
2026-04-10T04:00:00Z,14594.3
2026-04-10T05:00:00Z,15673.2
2026-04-10T06:00:00Z,16383.2
2026-04-10T07:00:00Z,17934.1
2026-04-10T08:00:00Z,18974.5
2026-04-10T09:00:00Z,19141.0
2026-04-10T10:00:00Z,19993.2
2026-04-10T11:00:00Z,20421.2
2026-04-10T12:00:00Z,20546.5
2026-04-10T13:00:00Z,20517.9
2026-04-10T14:00:00Z,20217.3
2026-04-10T15:00:00Z,19292.4
2026-04-10T16:00:00Z,18926.9
2026-04-10T17:00:00Z,17158.2
2026-04-10T18:00:00Z,16441.3
2026-04-10T19:00:00Z,16062.6
2026-04-10T20:00:00Z,14706.0
2026-04-10T21:00:00Z,14150.6
2026-04-10T22:00:00Z,13799.8
2026-04-10T23:00:00Z,13583.8
2026-04-11T00:00:00Z,11481.6
2026-04-11T01:00:00Z,11723.0
2026-04-11T02:00:00Z,12112.6
2026-04-11T03:00:00Z,12733.3
2026-04-11T04:00:00Z,13844.8
2026-04-11T05:00:00Z,14076.3
2026-04-11T06:00:00Z,15817.1
2026-04-11T07:00:00Z,16667.0
2026-04-11T08:00:00Z,18075.6
2026-04-11T09:00:00Z,17925.5
2026-04-11T10:00:00Z,19223.2
2026-04-11T11:00:00Z,19283.1
2026-04-11T12:00:00Z,19315.5
2026-04-11T13:00:00Z,19678.0
2026-04-11T14:00:00Z,19296.1
2026-04-11T15:00:00Z,17977.9
2026-04-11T16:00:00Z,17871.0
2026-04-11T17:00:00Z,16592.8
2026-04-11T18:00:00Z,15558.2
2026-04-11T19:00:00Z,14529.8
2026-04-11T20:00:00Z,13726.9
2026-04-11T21:00:00Z,12764.3
2026-04-11T22:00:00Z,12371.3
2026-04-11T23:00:00Z,11187.3
2026-04-12T00:00:00Z,12102.5
2026-04-12T01:00:00Z,12035.1
2026-04-12T02:00:00Z,12151.6
2026-04-12T03:00:00Z,13061.6
2026-04-12T04:00:00Z,13673.1
2026-04-12T05:00:00Z,14857.1
2026-04-12T06:00:00Z,16000.2
2026-04-12T07:00:00Z,16812.6
2026-04-12T08:00:00Z,16637.2
2026-04-12T09:00:00Z,18808.4
2026-04-12T10:00:00Z,19028.3
2026-04-12T11:00:00Z,19605.1
2026-04-12T12:00:00Z,19273.1
2026-04-12T13:00:00Z,19339.7
2026-04-12T14:00:00Z,18933.4
2026-04-12T15:00:00Z,18568.5
2026-04-12T16:00:00Z,17821.0
2026-04-12T17:00:00Z,16775.6
2026-04-12T18:00:00Z,15745.9
2026-04-12T19:00:00Z,14942.2
2026-04-12T20:00:00Z,14087.1
2026-04-12T21:00:00Z,13150.0
2026-04-12T22:00:00Z,12216.5
2026-04-12T23:00:00Z,12200.5
2026-04-13T00:00:00Z,12679.5
2026-04-13T01:00:00Z,13078.7
2026-04-13T02:00:00Z,13845.4
2026-04-13T03:00:00Z,13537.3
2026-04-13T04:00:00Z,14434.9
2026-04-13T05:00:00Z,15018.9
2026-04-13T06:00:00Z,17311.1
2026-04-13T07:00:00Z,17761.6
2026-04-13T08:00:00Z,18786.5
2026-04-13T09:00:00Z,19519.2
2026-04-13T10:00:00Z,20006.5
2026-04-13T11:00:00Z,20158.1
2026-04-13T12:00:00Z,20633.6
2026-04-13T13:00:00Z,20131.8
2026-04-13T14:00:00Z,20243.1
2026-04-13T15:00:00Z,19926.8
2026-04-13T16:00:00Z,19347.5
2026-04-13T17:00:00Z,17419.0
2026-04-13T18:00:00Z,16578.1
2026-04-13T19:00:00Z,15422.7
2026-04-13T20:00:00Z,14239.4
2026-04-13T21:00:00Z,13600.0
2026-04-13T22:00:00Z,13310.6
2026-04-13T23:00:00Z,13280.8
2026-04-14T00:00:00Z,13216.9
2026-04-14T01:00:00Z,12683.1
2026-04-14T02:00:00Z,13557.2
2026-04-14T03:00:00Z,13898.5
2026-04-14T04:00:00Z,14837.2
2026-04-14T05:00:00Z,16017.7
2026-04-14T06:00:00Z,17003.4
2026-04-14T07:00:00Z,17990.6
2026-04-14T08:00:00Z,18724.4
2026-04-14T09:00:00Z,19514.4
2026-04-14T10:00:00Z,20124.3
2026-04-14T11:00:00Z,20616.2
2026-04-14T12:00:00Z,20534.0
2026-04-14T13:00:00Z,20572.5
2026-04-14T14:00:00Z,20090.9
2026-04-14T15:00:00Z,19863.2
2026-04-14T16:00:00Z,18334.2
2026-04-14T17:00:00Z,17583.1
2026-04-14T18:00:00Z,16735.8
2026-04-14T19:00:00Z,15684.0
2026-04-14T20:00:00Z,14081.1
2026-04-14T21:00:00Z,14319.1
2026-04-14T22:00:00Z,13832.6
2026-04-14T23:00:00Z,12459.2
2026-04-15T00:00:00Z,12420.7
2026-04-15T01:00:00Z,13388.5
2026-04-15T02:00:00Z,12891.3
2026-04-15T03:00:00Z,14009.6
2026-04-15T04:00:00Z,14742.9
2026-04-15T05:00:00Z,15573.4
2026-04-15T06:00:00Z,16813.2
2026-04-15T07:00:00Z,17359.8
2026-04-15T08:00:00Z,18122.5
2026-04-15T09:00:00Z,19239.4
2026-04-15T10:00:00Z,19979.5
2026-04-15T11:00:00Z,20487.4
2026-04-15T12:00:00Z,20808.6
2026-04-15T13:00:00Z,20888.3
2026-04-15T14:00:00Z,20201.1
2026-04-15T15:00:00Z,19405.1
2026-04-15T16:00:00Z,18774.0
2026-04-15T17:00:00Z,17318.2
2026-04-15T18:00:00Z,16470.6
2026-04-15T19:00:00Z,15457.5
2026-04-15T20:00:00Z,14278.1
2026-04-15T21:00:00Z,14210.9
2026-04-15T22:00:00Z,13025.6
2026-04-15T23:00:00Z,12522.6
2026-04-16T00:00:00Z,12518.7
2026-04-16T01:00:00Z,13426.5
2026-04-16T02:00:00Z,13741.3
2026-04-16T03:00:00Z,14041.4
2026-04-16T04:00:00Z,14964.6
2026-04-16T05:00:00Z,15111.5
2026-04-16T06:00:00Z,16399.9
2026-04-16T07:00:00Z,17774.1
2026-04-16T08:00:00Z,18282.2
2026-04-16T09:00:00Z,18962.3
2026-04-16T10:00:00Z,19787.6
2026-04-16T11:00:00Z,20646.5
2026-04-16T12:00:00Z,20997.0
2026-04-16T13:00:00Z,20080.9
2026-04-16T14:00:00Z,20444.8
2026-04-16T15:00:00Z,19010.5
2026-04-16T16:00:00Z,18644.5
2026-04-16T17:00:00Z,17662.3
2026-04-16T18:00:00Z,16563.2
2026-04-16T19:00:00Z,16215.1
2026-04-16T20:00:00Z,15002.0
2026-04-16T21:00:00Z,13970.8
2026-04-16T22:00:00Z,13674.0
2026-04-16T23:00:00Z,12746.8
2026-04-17T00:00:00Z,12956.9
2026-04-17T01:00:00Z,13408.9
2026-04-17T02:00:00Z,13474.7
2026-04-17T03:00:00Z,14568.1
2026-04-17T04:00:00Z,14419.8
2026-04-17T05:00:00Z,15303.5
2026-04-17T06:00:00Z,16599.5
2026-04-17T07:00:00Z,17618.9
2026-04-17T08:00:00Z,18453.8
2026-04-17T09:00:00Z,19862.9
2026-04-17T10:00:00Z,20141.9
2026-04-17T11:00:00Z,20105.5
2026-04-17T12:00:00Z,20333.0
2026-04-17T13:00:00Z,20551.8
2026-04-17T14:00:00Z,19642.8
2026-04-17T15:00:00Z,19534.1
2026-04-17T16:00:00Z,18295.5
2026-04-17T17:00:00Z,17670.3
2026-04-17T18:00:00Z,16766.0
2026-04-17T19:00:00Z,15229.6
2026-04-17T20:00:00Z,14615.1
2026-04-17T21:00:00Z,13835.2
2026-04-17T22:00:00Z,13383.7
2026-04-17T23:00:00Z,13194.1
2026-04-18T00:00:00Z,11731.4
2026-04-18T01:00:00Z,11457.7
2026-04-18T02:00:00Z,12141.5
2026-04-18T03:00:00Z,12601.6
2026-04-18T04:00:00Z,13617.4
2026-04-18T05:00:00Z,14918.0
2026-04-18T06:00:00Z,15894.0
2026-04-18T07:00:00Z,16972.0
2026-04-18T08:00:00Z,17282.7
2026-04-18T09:00:00Z,17808.9
2026-04-18T10:00:00Z,18653.6
2026-04-18T11:00:00Z,19330.6
2026-04-18T12:00:00Z,19282.0
2026-04-18T13:00:00Z,18962.6
2026-04-18T14:00:00Z,18930.8
2026-04-18T15:00:00Z,18725.0
2026-04-18T16:00:00Z,17444.9
2026-04-18T17:00:00Z,16738.6
2026-04-18T18:00:00Z,16264.6
2026-04-18T19:00:00Z,14443.0
2026-04-18T20:00:00Z,13943.3
2026-04-18T21:00:00Z,12433.0
2026-04-18T22:00:00Z,12015.5
2026-04-18T23:00:00Z,11842.4
2026-04-19T00:00:00Z,12108.0
2026-04-19T01:00:00Z,11943.2
2026-04-19T02:00:00Z,12131.5
2026-04-19T03:00:00Z,13100.6
2026-04-19T04:00:00Z,14174.8
2026-04-19T05:00:00Z,15092.2
2026-04-19T06:00:00Z,15358.9
2026-04-19T07:00:00Z,16825.9
2026-04-19T08:00:00Z,17381.6
2026-04-19T09:00:00Z,18580.2
2026-04-19T10:00:00Z,19315.4
2026-04-19T11:00:00Z,19003.8
2026-04-19T12:00:00Z,20164.2
2026-04-19T13:00:00Z,18756.0
2026-04-19T14:00:00Z,19022.8
2026-04-19T15:00:00Z,17804.3
2026-04-19T16:00:00Z,17397.3
2026-04-19T17:00:00Z,17119.9
2026-04-19T18:00:00Z,16045.5
2026-04-19T19:00:00Z,15236.8
2026-04-19T20:00:00Z,13602.9
2026-04-19T21:00:00Z,12598.5
2026-04-19T22:00:00Z,11985.9
2026-04-19T23:00:00Z,12832.9
2026-04-20T00:00:00Z,13169.8
2026-04-20T01:00:00Z,12678.3
2026-04-20T02:00:00Z,13371.2
2026-04-20T03:00:00Z,13952.6
2026-04-20T04:00:00Z,15080.8
2026-04-20T05:00:00Z,15517.9
2026-04-20T06:00:00Z,16148.0
2026-04-20T07:00:00Z,17459.1
2026-04-20T08:00:00Z,18808.2
2026-04-20T09:00:00Z,19456.2
2026-04-20T10:00:00Z,19864.3
2026-04-20T11:00:00Z,20024.2
2026-04-20T12:00:00Z,20945.7
2026-04-20T13:00:00Z,20622.2
2026-04-20T14:00:00Z,19769.3
2026-04-20T15:00:00Z,19255.0
2026-04-20T16:00:00Z,19215.3
2026-04-20T17:00:00Z,17610.9
2026-04-20T18:00:00Z,17131.1
2026-04-20T19:00:00Z,15659.3
2026-04-20T20:00:00Z,14729.2
2026-04-20T21:00:00Z,13831.9
2026-04-20T22:00:00Z,13558.1
2026-04-20T23:00:00Z,13137.7
2026-04-21T00:00:00Z,12576.1
2026-04-21T01:00:00Z,13536.0
2026-04-21T02:00:00Z,13243.6
2026-04-21T03:00:00Z,13811.3
2026-04-21T04:00:00Z,15157.9
2026-04-21T05:00:00Z,15475.2
2026-04-21T06:00:00Z,16650.9
2026-04-21T07:00:00Z,17795.1
2026-04-21T08:00:00Z,18932.8
2026-04-21T09:00:00Z,18927.0
2026-04-21T10:00:00Z,19749.2
2026-04-21T11:00:00Z,19671.4
2026-04-21T12:00:00Z,20738.9
2026-04-21T13:00:00Z,20519.9
2026-04-21T14:00:00Z,20230.0
2026-04-21T15:00:00Z,19528.0
2026-04-21T16:00:00Z,18428.9
2026-04-21T17:00:00Z,17889.3
2026-04-21T18:00:00Z,16365.3
2026-04-21T19:00:00Z,15406.1
2026-04-21T20:00:00Z,14666.5
2026-04-21T21:00:00Z,14293.6
2026-04-21T22:00:00Z,12946.2
2026-04-21T23:00:00Z,13923.4
2026-04-22T00:00:00Z,12612.9
2026-04-22T01:00:00Z,12478.9
2026-04-22T02:00:00Z,13409.4
2026-04-22T03:00:00Z,13698.5
2026-04-22T04:00:00Z,14982.7
2026-04-22T05:00:00Z,15975.8
2026-04-22T06:00:00Z,16376.3
2026-04-22T07:00:00Z,17855.8
2026-04-22T08:00:00Z,18448.1
2026-04-22T09:00:00Z,19507.8
2026-04-22T10:00:00Z,19878.4
2026-04-22T11:00:00Z,20378.3
2026-04-22T12:00:00Z,20656.8
2026-04-22T13:00:00Z,20877.7
2026-04-22T14:00:00Z,19903.0
2026-04-22T15:00:00Z,19667.3
2026-04-22T16:00:00Z,19118.3
2026-04-22T17:00:00Z,17438.0
2026-04-22T18:00:00Z,17044.2
2026-04-22T19:00:00Z,15600.0
2026-04-22T20:00:00Z,14878.9
2026-04-22T21:00:00Z,14119.1
2026-04-22T22:00:00Z,13275.0
2026-04-22T23:00:00Z,13445.5
2026-04-23T00:00:00Z,13250.2
2026-04-23T01:00:00Z,13024.2
2026-04-23T02:00:00Z,13353.3
2026-04-23T03:00:00Z,13999.4
2026-04-23T04:00:00Z,14955.3
2026-04-23T05:00:00Z,15881.7
2026-04-23T06:00:00Z,16267.5
2026-04-23T07:00:00Z,17920.2
2026-04-23T08:00:00Z,18791.3
2026-04-23T09:00:00Z,19320.5
2026-04-23T10:00:00Z,19801.7
2026-04-23T11:00:00Z,19893.7
2026-04-23T12:00:00Z,20664.1
2026-04-23T13:00:00Z,20216.8
2026-04-23T14:00:00Z,19907.7
2026-04-23T15:00:00Z,20248.5
2026-04-23T16:00:00Z,18167.3
2026-04-23T17:00:00Z,17080.5
2026-04-23T18:00:00Z,16935.6
2026-04-23T19:00:00Z,15132.6
2026-04-23T20:00:00Z,14590.2
2026-04-23T21:00:00Z,13971.7
2026-04-23T22:00:00Z,13048.1
2026-04-23T23:00:00Z,13335.9
2026-04-24T00:00:00Z,12845.8
2026-04-24T01:00:00Z,13015.7
2026-04-24T02:00:00Z,13128.3
2026-04-24T03:00:00Z,13633.4
2026-04-24T04:00:00Z,14686.2
2026-04-24T05:00:00Z,16290.1
2026-04-24T06:00:00Z,16663.9
2026-04-24T07:00:00Z,17862.9
2026-04-24T08:00:00Z,18765.2
2026-04-24T09:00:00Z,19128.9
2026-04-24T10:00:00Z,20269.2
2026-04-24T11:00:00Z,20245.6
2026-04-24T12:00:00Z,19988.1
2026-04-24T13:00:00Z,19823.4
2026-04-24T14:00:00Z,20233.1
2026-04-24T15:00:00Z,20022.9
2026-04-24T16:00:00Z,18826.6
2026-04-24T17:00:00Z,18040.0
2026-04-24T18:00:00Z,16325.8
2026-04-24T19:00:00Z,14763.2
2026-04-24T20:00:00Z,15327.9
2026-04-24T21:00:00Z,14275.0
2026-04-24T22:00:00Z,12836.6
2026-04-24T23:00:00Z,13045.3
2026-04-25T00:00:00Z,11764.3
2026-04-25T01:00:00Z,11863.4
2026-04-25T02:00:00Z,11951.7
2026-04-25T03:00:00Z,13032.9
2026-04-25T04:00:00Z,13928.0
2026-04-25T05:00:00Z,14200.4
2026-04-25T06:00:00Z,15751.6
2026-04-25T07:00:00Z,16158.5
2026-04-25T08:00:00Z,17776.7
2026-04-25T09:00:00Z,18290.3
2026-04-25T10:00:00Z,19263.8
2026-04-25T11:00:00Z,19507.7
2026-04-25T12:00:00Z,18970.8
2026-04-25T13:00:00Z,19020.1
2026-04-25T14:00:00Z,18998.2
2026-04-25T15:00:00Z,18547.3
2026-04-25T16:00:00Z,17950.3
2026-04-25T17:00:00Z,16255.1
2026-04-25T18:00:00Z,15590.9
2026-04-25T19:00:00Z,15403.2
2026-04-25T20:00:00Z,13742.5
2026-04-25T21:00:00Z,12614.2
2026-04-25T22:00:00Z,11731.4
2026-04-25T23:00:00Z,12053.5
2026-04-26T00:00:00Z,12085.1
2026-04-26T01:00:00Z,11678.6
2026-04-26T02:00:00Z,12581.3
2026-04-26T03:00:00Z,13281.9
2026-04-26T04:00:00Z,14183.1
2026-04-26T05:00:00Z,14876.0
2026-04-26T06:00:00Z,15572.6
2026-04-26T07:00:00Z,16421.5
2026-04-26T08:00:00Z,17879.5
2026-04-26T09:00:00Z,17949.1
2026-04-26T10:00:00Z,19487.7
2026-04-26T11:00:00Z,19586.8
2026-04-26T12:00:00Z,19425.2
2026-04-26T13:00:00Z,18797.7
2026-04-26T14:00:00Z,18721.9
2026-04-26T15:00:00Z,17900.3
2026-04-26T16:00:00Z,17239.9
2026-04-26T17:00:00Z,16804.7
2026-04-26T18:00:00Z,16372.5
2026-04-26T19:00:00Z,14318.6
2026-04-26T20:00:00Z,13460.0
2026-04-26T21:00:00Z,13592.2
2026-04-26T22:00:00Z,12341.6
2026-04-26T23:00:00Z,12039.9
2026-04-27T00:00:00Z,12653.8
2026-04-27T01:00:00Z,13516.5
2026-04-27T02:00:00Z,13424.2
2026-04-27T03:00:00Z,14254.0
2026-04-27T04:00:00Z,15075.2
2026-04-27T05:00:00Z,16237.5
2026-04-27T06:00:00Z,16869.4
2026-04-27T07:00:00Z,17547.3
2026-04-27T08:00:00Z,18843.5
2026-04-27T09:00:00Z,19441.4
2026-04-27T10:00:00Z,19515.3
2026-04-27T11:00:00Z,20267.1
2026-04-27T12:00:00Z,20103.4
2026-04-27T13:00:00Z,20408.2
2026-04-27T14:00:00Z,19921.5
2026-04-27T15:00:00Z,19346.3
2026-04-27T16:00:00Z,18131.9
2026-04-27T17:00:00Z,17904.8
2026-04-27T18:00:00Z,16789.9
2026-04-27T19:00:00Z,16075.6
2026-04-27T20:00:00Z,14419.0
2026-04-27T21:00:00Z,13843.5
2026-04-27T22:00:00Z,13176.5
2026-04-27T23:00:00Z,13150.1
2026-04-28T00:00:00Z,12661.1
2026-04-28T01:00:00Z,13190.1
2026-04-28T02:00:00Z,13046.7
2026-04-28T03:00:00Z,14155.3
2026-04-28T04:00:00Z,14859.9
2026-04-28T05:00:00Z,15726.7
2026-04-28T06:00:00Z,16682.3
2026-04-28T07:00:00Z,17705.8
2026-04-28T08:00:00Z,18973.5
2026-04-28T09:00:00Z,19794.6
2026-04-28T10:00:00Z,20369.5
2026-04-28T11:00:00Z,20510.7
2026-04-28T12:00:00Z,20432.5
2026-04-28T13:00:00Z,20271.3
2026-04-28T14:00:00Z,19999.4
2026-04-28T15:00:00Z,19443.9
2026-04-28T16:00:00Z,18483.0
2026-04-28T17:00:00Z,17354.0
2026-04-28T18:00:00Z,16404.6
2026-04-28T19:00:00Z,15981.7
2026-04-28T20:00:00Z,14589.6
2026-04-28T21:00:00Z,13996.0
2026-04-28T22:00:00Z,13259.5
2026-04-28T23:00:00Z,13102.9
2026-04-29T00:00:00Z,12810.2
2026-04-29T01:00:00Z,13382.6
2026-04-29T02:00:00Z,13470.6
2026-04-29T03:00:00Z,13660.4
2026-04-29T04:00:00Z,14820.8
2026-04-29T05:00:00Z,15397.4
2026-04-29T06:00:00Z,16623.6
2026-04-29T07:00:00Z,18028.0
2026-04-29T08:00:00Z,18231.2
2026-04-29T09:00:00Z,19645.5
2026-04-29T10:00:00Z,20060.3
2026-04-29T11:00:00Z,20795.9
2026-04-29T12:00:00Z,20604.2
2026-04-29T13:00:00Z,20767.2
2026-04-29T14:00:00Z,20119.3
2026-04-29T15:00:00Z,19846.3
2026-04-29T16:00:00Z,18749.2
2026-04-29T17:00:00Z,17507.0
2026-04-29T18:00:00Z,16802.0
2026-04-29T19:00:00Z,15758.7
2026-04-29T20:00:00Z,15374.7
2026-04-29T21:00:00Z,13769.2
2026-04-29T22:00:00Z,12919.3
2026-04-29T23:00:00Z,13420.1
2026-04-30T00:00:00Z,12704.0
2026-04-30T01:00:00Z,12500.0
2026-04-30T02:00:00Z,13126.2
2026-04-30T03:00:00Z,13792.2
2026-04-30T04:00:00Z,14699.9
2026-04-30T05:00:00Z,16458.1
2026-04-30T06:00:00Z,16682.7
2026-04-30T07:00:00Z,17954.4
2026-04-30T08:00:00Z,18839.2
2026-04-30T09:00:00Z,19300.7
2026-04-30T10:00:00Z,19542.6
2026-04-30T11:00:00Z,21073.8
2026-04-30T12:00:00Z,20457.9
2026-04-30T13:00:00Z,20216.2
2026-04-30T14:00:00Z,20273.7
2026-04-30T15:00:00Z,19209.1
2026-04-30T16:00:00Z,18510.5
2026-04-30T17:00:00Z,18060.1
2026-04-30T18:00:00Z,16604.3
2026-04-30T19:00:00Z,15821.7
2026-04-30T20:00:00Z,14709.6
2026-04-30T21:00:00Z,14504.8
2026-04-30T22:00:00Z,12908.9
2026-04-30T23:00:00Z,12148.2
2026-05-01T00:00:00Z,12947.5
2026-05-01T01:00:00Z,12943.3
2026-05-01T02:00:00Z,14332.7
2026-05-01T03:00:00Z,14075.5
2026-05-01T04:00:00Z,14879.7
2026-05-01T05:00:00Z,16024.2
2026-05-01T06:00:00Z,16869.2
2026-05-01T07:00:00Z,17970.1
2026-05-01T08:00:00Z,18416.0
2026-05-01T09:00:00Z,19403.7
2026-05-01T10:00:00Z,20579.9
2026-05-01T11:00:00Z,20123.2
2026-05-01T12:00:00Z,20512.4
2026-05-01T13:00:00Z,20621.7
2026-05-01T14:00:00Z,20355.7
2026-05-01T15:00:00Z,19521.8
2026-05-01T16:00:00Z,18913.5
2026-05-01T17:00:00Z,18039.1
2026-05-01T18:00:00Z,16818.1
2026-05-01T19:00:00Z,15552.3
2026-05-01T20:00:00Z,15005.8
2026-05-01T21:00:00Z,13876.3
2026-05-01T22:00:00Z,13270.3
2026-05-01T23:00:00Z,13458.5
2026-05-02T00:00:00Z,12027.4
2026-05-02T01:00:00Z,11655.5
2026-05-02T02:00:00Z,11834.4
2026-05-02T03:00:00Z,12747.8
2026-05-02T04:00:00Z,13883.1
2026-05-02T05:00:00Z,14923.2
2026-05-02T06:00:00Z,15722.0
2026-05-02T07:00:00Z,17369.0
2026-05-02T08:00:00Z,17622.2
2026-05-02T09:00:00Z,18140.5
2026-05-02T10:00:00Z,19037.8
2026-05-02T11:00:00Z,19751.3
2026-05-02T12:00:00Z,19727.9
2026-05-02T13:00:00Z,19565.7
2026-05-02T14:00:00Z,19489.2
2026-05-02T15:00:00Z,18794.5
2026-05-02T16:00:00Z,18159.1
2026-05-02T17:00:00Z,16601.9
2026-05-02T18:00:00Z,15869.3
2026-05-02T19:00:00Z,14828.2
2026-05-02T20:00:00Z,13868.0
2026-05-02T21:00:00Z,13622.2
2026-05-02T22:00:00Z,12577.4
2026-05-02T23:00:00Z,12193.3
2026-05-03T00:00:00Z,11557.8
2026-05-03T01:00:00Z,11969.7
2026-05-03T02:00:00Z,12615.9
2026-05-03T03:00:00Z,13108.9
2026-05-03T04:00:00Z,13555.2
2026-05-03T05:00:00Z,14992.5
2026-05-03T06:00:00Z,15781.8
2026-05-03T07:00:00Z,17127.9
2026-05-03T08:00:00Z,17936.0
2026-05-03T09:00:00Z,18843.7
2026-05-03T10:00:00Z,18866.4
2026-05-03T11:00:00Z,19323.4
2026-05-03T12:00:00Z,19946.3
2026-05-03T13:00:00Z,20465.7
2026-05-03T14:00:00Z,19383.0
2026-05-03T15:00:00Z,18738.4
2026-05-03T16:00:00Z,17639.1
2026-05-03T17:00:00Z,17484.7
2026-05-03T18:00:00Z,15936.9
2026-05-03T19:00:00Z,14836.7
2026-05-03T20:00:00Z,14041.7
2026-05-03T21:00:00Z,12961.7
2026-05-03T22:00:00Z,12716.3
2026-05-03T23:00:00Z,12166.8
2026-05-04T00:00:00Z,13026.6
2026-05-04T01:00:00Z,12759.8
2026-05-04T02:00:00Z,13236.8
2026-05-04T03:00:00Z,14084.6
2026-05-04T04:00:00Z,14287.0
2026-05-04T05:00:00Z,15641.2
2026-05-04T06:00:00Z,16905.2
2026-05-04T07:00:00Z,17894.4
2026-05-04T08:00:00Z,19516.8
2026-05-04T09:00:00Z,18990.0
2026-05-04T10:00:00Z,20171.0
2026-05-04T11:00:00Z,20492.3
2026-05-04T12:00:00Z,20841.3
2026-05-04T13:00:00Z,20527.8
2026-05-04T14:00:00Z,19982.9
2026-05-04T15:00:00Z,19673.6
2026-05-04T16:00:00Z,18725.6
2026-05-04T17:00:00Z,18561.6
2026-05-04T18:00:00Z,16775.6
2026-05-04T19:00:00Z,16035.6
2026-05-04T20:00:00Z,15251.5
2026-05-04T21:00:00Z,14296.9
2026-05-04T22:00:00Z,13492.8
2026-05-04T23:00:00Z,13139.3
2026-05-05T00:00:00Z,12990.0
2026-05-05T01:00:00Z,12911.0
2026-05-05T02:00:00Z,13594.0
2026-05-05T03:00:00Z,14700.2
2026-05-05T04:00:00Z,15445.3
2026-05-05T05:00:00Z,15639.0
2026-05-05T06:00:00Z,17180.1
2026-05-05T07:00:00Z,17905.8
2026-05-05T08:00:00Z,18794.3
2026-05-05T09:00:00Z,19555.0
2026-05-05T10:00:00Z,20523.1
2026-05-05T11:00:00Z,20350.0
2026-05-05T12:00:00Z,20488.6
2026-05-05T13:00:00Z,21024.8
2026-05-05T14:00:00Z,19694.2
2026-05-05T15:00:00Z,19473.3
2026-05-05T16:00:00Z,18976.9
2026-05-05T17:00:00Z,17888.1
2026-05-05T18:00:00Z,16818.0
2026-05-05T19:00:00Z,16504.1
2026-05-05T20:00:00Z,15404.3
2026-05-05T21:00:00Z,14299.4
2026-05-05T22:00:00Z,13897.6
2026-05-05T23:00:00Z,13175.3
2026-05-06T00:00:00Z,12981.6
2026-05-06T01:00:00Z,13601.4
2026-05-06T02:00:00Z,14038.8
2026-05-06T03:00:00Z,13845.4
2026-05-06T04:00:00Z,15504.0
2026-05-06T05:00:00Z,16606.5
2026-05-06T06:00:00Z,17254.5
2026-05-06T07:00:00Z,17590.2
2026-05-06T08:00:00Z,19116.3
2026-05-06T09:00:00Z,19482.4
2026-05-06T10:00:00Z,20683.7
2026-05-06T11:00:00Z,20675.8
2026-05-06T12:00:00Z,20782.9
2026-05-06T13:00:00Z,20402.1
2026-05-06T14:00:00Z,20270.1
2026-05-06T15:00:00Z,19731.8
2026-05-06T16:00:00Z,18443.4
2026-05-06T17:00:00Z,17757.6
2026-05-06T18:00:00Z,16633.7
2026-05-06T19:00:00Z,16279.8
2026-05-06T20:00:00Z,15071.1
2026-05-06T21:00:00Z,14061.8
2026-05-06T22:00:00Z,13939.1
2026-05-06T23:00:00Z,13255.3
2026-05-07T00:00:00Z,13039.6
2026-05-07T01:00:00Z,13114.5
2026-05-07T02:00:00Z,13997.6
2026-05-07T03:00:00Z,14275.4
2026-05-07T04:00:00Z,14486.9
2026-05-07T05:00:00Z,15768.9
2026-05-07T06:00:00Z,16876.0
2026-05-07T07:00:00Z,17221.3
2026-05-07T08:00:00Z,19191.1
2026-05-07T09:00:00Z,20095.4
2026-05-07T10:00:00Z,20013.0
2026-05-07T11:00:00Z,21022.0
2026-05-07T12:00:00Z,20979.2
2026-05-07T13:00:00Z,20761.7
2026-05-07T14:00:00Z,20025.3
2026-05-07T15:00:00Z,20275.1
2026-05-07T16:00:00Z,19003.1
2026-05-07T17:00:00Z,17730.5
2026-05-07T18:00:00Z,17217.9
2026-05-07T19:00:00Z,16003.1
2026-05-07T20:00:00Z,14759.8
2026-05-07T21:00:00Z,14466.3
2026-05-07T22:00:00Z,13742.6
2026-05-07T23:00:00Z,12620.8
2026-05-08T00:00:00Z,13119.3
2026-05-08T01:00:00Z,13392.8
2026-05-08T02:00:00Z,13932.3
2026-05-08T03:00:00Z,14622.6
2026-05-08T04:00:00Z,15106.2
2026-05-08T05:00:00Z,16081.3
2026-05-08T06:00:00Z,16631.2
2026-05-08T07:00:00Z,17945.9
2026-05-08T08:00:00Z,18689.7
2026-05-08T09:00:00Z,19978.9
2026-05-08T10:00:00Z,20709.1
2026-05-08T11:00:00Z,20530.9
2026-05-08T12:00:00Z,20146.9
2026-05-08T13:00:00Z,20811.7
2026-05-08T14:00:00Z,20650.5
2026-05-08T15:00:00Z,19630.5
2026-05-08T16:00:00Z,18460.6
2026-05-08T17:00:00Z,18193.7
2026-05-08T18:00:00Z,16719.4
2026-05-08T19:00:00Z,16008.8
2026-05-08T20:00:00Z,14994.7
2026-05-08T21:00:00Z,14487.8
2026-05-08T22:00:00Z,13210.2
2026-05-08T23:00:00Z,13647.6
2026-05-09T00:00:00Z,12183.3
2026-05-09T01:00:00Z,12899.0
2026-05-09T02:00:00Z,12271.3
2026-05-09T03:00:00Z,12521.0
2026-05-09T04:00:00Z,13970.1
2026-05-09T05:00:00Z,14480.9
2026-05-09T06:00:00Z,15939.9
2026-05-09T07:00:00Z,16298.5
2026-05-09T08:00:00Z,18118.7
2026-05-09T09:00:00Z,18684.3
2026-05-09T10:00:00Z,19492.3
2026-05-09T11:00:00Z,19619.1
2026-05-09T12:00:00Z,19353.6
2026-05-09T13:00:00Z,19996.8
2026-05-09T14:00:00Z,19673.2
2026-05-09T15:00:00Z,19147.4
2026-05-09T16:00:00Z,17700.1
2026-05-09T17:00:00Z,16981.7
2026-05-09T18:00:00Z,16118.0
2026-05-09T19:00:00Z,14762.5
2026-05-09T20:00:00Z,14017.7
2026-05-09T21:00:00Z,13247.7
2026-05-09T22:00:00Z,12887.8
2026-05-09T23:00:00Z,11622.2
2026-05-10T00:00:00Z,12589.4
2026-05-10T01:00:00Z,12263.6
2026-05-10T02:00:00Z,12662.6
2026-05-10T03:00:00Z,13072.9
2026-05-10T04:00:00Z,14384.4
2026-05-10T05:00:00Z,15195.5
2026-05-10T06:00:00Z,16008.8
2026-05-10T07:00:00Z,17291.6
2026-05-10T08:00:00Z,17725.5
2026-05-10T09:00:00Z,18967.6
2026-05-10T10:00:00Z,19048.4
2026-05-10T11:00:00Z,19592.5
2026-05-10T12:00:00Z,20417.0
2026-05-10T13:00:00Z,19506.4
2026-05-10T14:00:00Z,19081.5
2026-05-10T15:00:00Z,18646.9
2026-05-10T16:00:00Z,17977.2
2026-05-10T17:00:00Z,17156.1
2026-05-10T18:00:00Z,16022.2
2026-05-10T19:00:00Z,14995.7
2026-05-10T20:00:00Z,14080.0
2026-05-10T21:00:00Z,14090.5
2026-05-10T22:00:00Z,12145.0
2026-05-10T23:00:00Z,12372.8
2026-05-11T00:00:00Z,13518.9
2026-05-11T01:00:00Z,13076.5
2026-05-11T02:00:00Z,13957.2
2026-05-11T03:00:00Z,14564.3
2026-05-11T04:00:00Z,14321.7
2026-05-11T05:00:00Z,16734.1
2026-05-11T06:00:00Z,17440.5
2026-05-11T07:00:00Z,18267.0
2026-05-11T08:00:00Z,18778.5
2026-05-11T09:00:00Z,19781.9
2026-05-11T10:00:00Z,20229.0
2026-05-11T11:00:00Z,20604.0
2026-05-11T12:00:00Z,21304.3
2026-05-11T13:00:00Z,20143.1
2026-05-11T14:00:00Z,19722.1
2026-05-11T15:00:00Z,19634.4
2026-05-11T16:00:00Z,19271.0
2026-05-11T17:00:00Z,17773.0
2026-05-11T18:00:00Z,17340.8
2026-05-11T19:00:00Z,15888.2
2026-05-11T20:00:00Z,15137.8
2026-05-11T21:00:00Z,14354.0
2026-05-11T22:00:00Z,13872.0
2026-05-11T23:00:00Z,13559.5
2026-05-12T00:00:00Z,13215.4
2026-05-12T01:00:00Z,13095.9
2026-05-12T02:00:00Z,13332.9
2026-05-12T03:00:00Z,14798.4
2026-05-12T04:00:00Z,15324.3
2026-05-12T05:00:00Z,16476.0
2026-05-12T06:00:00Z,16914.4
2026-05-12T07:00:00Z,18329.2
2026-05-12T08:00:00Z,19359.2
2026-05-12T09:00:00Z,20269.6
2026-05-12T10:00:00Z,20462.2
2026-05-12T11:00:00Z,21285.7
2026-05-12T12:00:00Z,20576.3
2026-05-12T13:00:00Z,20787.3
2026-05-12T14:00:00Z,20157.2
2026-05-12T15:00:00Z,19443.7
2026-05-12T16:00:00Z,19096.6
2026-05-12T17:00:00Z,18439.8
2026-05-12T18:00:00Z,16894.9
2026-05-12T19:00:00Z,15973.9
2026-05-12T20:00:00Z,15018.7
2026-05-12T21:00:00Z,14228.6
2026-05-12T22:00:00Z,14058.1
2026-05-12T23:00:00Z,13736.7
2026-05-13T00:00:00Z,12828.2
2026-05-13T01:00:00Z,13594.0
2026-05-13T02:00:00Z,13961.0
2026-05-13T03:00:00Z,14278.3
2026-05-13T04:00:00Z,14678.9
2026-05-13T05:00:00Z,16094.3
2026-05-13T06:00:00Z,16756.3
2026-05-13T07:00:00Z,18286.2
2026-05-13T08:00:00Z,19208.0
2026-05-13T09:00:00Z,20340.0
2026-05-13T10:00:00Z,20320.9
2026-05-13T11:00:00Z,20944.1
2026-05-13T12:00:00Z,20906.8
2026-05-13T13:00:00Z,21025.0
2026-05-13T14:00:00Z,20301.1
2026-05-13T15:00:00Z,19723.9
2026-05-13T16:00:00Z,18731.4
2026-05-13T17:00:00Z,18166.5
2026-05-13T18:00:00Z,17190.9
2026-05-13T19:00:00Z,16711.3
2026-05-13T20:00:00Z,15352.5
2026-05-13T21:00:00Z,14352.3
2026-05-13T22:00:00Z,14148.2
2026-05-13T23:00:00Z,13743.3
2026-05-14T00:00:00Z,13193.9
2026-05-14T01:00:00Z,13522.9
2026-05-14T02:00:00Z,13745.5
2026-05-14T03:00:00Z,14382.1
2026-05-14T04:00:00Z,15279.9
2026-05-14T05:00:00Z,16116.8
2026-05-14T06:00:00Z,16972.6
2026-05-14T07:00:00Z,18302.4
2026-05-14T08:00:00Z,18937.1
2026-05-14T09:00:00Z,19302.7
2026-05-14T10:00:00Z,20309.5
2026-05-14T11:00:00Z,21238.4
2026-05-14T12:00:00Z,21130.2
2026-05-14T13:00:00Z,21081.0
2026-05-14T14:00:00Z,20574.2
2026-05-14T15:00:00Z,19631.5
2026-05-14T16:00:00Z,18608.1
2026-05-14T17:00:00Z,17722.1
2026-05-14T18:00:00Z,17157.3
2026-05-14T19:00:00Z,16066.7
2026-05-14T20:00:00Z,15275.2
2026-05-14T21:00:00Z,14239.4
2026-05-14T22:00:00Z,14540.4
2026-05-14T23:00:00Z,13172.9
2026-05-15T00:00:00Z,13781.3
2026-05-15T01:00:00Z,13351.9
2026-05-15T02:00:00Z,14283.8
2026-05-15T03:00:00Z,15090.9
2026-05-15T04:00:00Z,15851.3
2026-05-15T05:00:00Z,16686.2
2026-05-15T06:00:00Z,17384.1
2026-05-15T07:00:00Z,17717.5
2026-05-15T08:00:00Z,18594.8
2026-05-15T09:00:00Z,20010.4
2026-05-15T10:00:00Z,20843.1
2026-05-15T11:00:00Z,20490.8
2026-05-15T12:00:00Z,21442.5
2026-05-15T13:00:00Z,20944.6
2026-05-15T14:00:00Z,20194.0
2026-05-15T15:00:00Z,20005.9
2026-05-15T16:00:00Z,19881.6
2026-05-15T17:00:00Z,18010.6
2026-05-15T18:00:00Z,17307.5
2026-05-15T19:00:00Z,16326.1
2026-05-15T20:00:00Z,15153.7
2026-05-15T21:00:00Z,14850.7
2026-05-15T22:00:00Z,14346.3
2026-05-15T23:00:00Z,13692.5
2026-05-16T00:00:00Z,12816.8
2026-05-16T01:00:00Z,12503.8
2026-05-16T02:00:00Z,13090.3
2026-05-16T03:00:00Z,13103.8
2026-05-16T04:00:00Z,14616.4
2026-05-16T05:00:00Z,15127.4
2026-05-16T06:00:00Z,15596.8
2026-05-16T07:00:00Z,17138.9
2026-05-16T08:00:00Z,17611.1
2026-05-16T09:00:00Z,18522.3
2026-05-16T10:00:00Z,19742.1
2026-05-16T11:00:00Z,20116.2
2026-05-16T12:00:00Z,19658.7
2026-05-16T13:00:00Z,19111.9
2026-05-16T14:00:00Z,19665.1
2026-05-16T15:00:00Z,18453.4
2026-05-16T16:00:00Z,18292.4
2026-05-16T17:00:00Z,17365.1
2026-05-16T18:00:00Z,16262.8
2026-05-16T19:00:00Z,15804.4
2026-05-16T20:00:00Z,14442.9
2026-05-16T21:00:00Z,13355.9
2026-05-16T22:00:00Z,12632.8
2026-05-16T23:00:00Z,12395.4
2026-05-17T00:00:00Z,12413.8
2026-05-17T01:00:00Z,12002.7
2026-05-17T02:00:00Z,12718.4
2026-05-17T03:00:00Z,13436.7
2026-05-17T04:00:00Z,13721.3
2026-05-17T05:00:00Z,14718.0
2026-05-17T06:00:00Z,16251.2
2026-05-17T07:00:00Z,16676.1
2026-05-17T08:00:00Z,18482.0
2026-05-17T09:00:00Z,19051.9
2026-05-17T10:00:00Z,19591.4
2026-05-17T11:00:00Z,19661.0
2026-05-17T12:00:00Z,19668.7
2026-05-17T13:00:00Z,19946.3
2026-05-17T14:00:00Z,19618.2
2026-05-17T15:00:00Z,19215.1
2026-05-17T16:00:00Z,17200.2
2026-05-17T17:00:00Z,17316.2
2026-05-17T18:00:00Z,16413.9
2026-05-17T19:00:00Z,14950.8
2026-05-17T20:00:00Z,14352.5
2026-05-17T21:00:00Z,13238.5
2026-05-17T22:00:00Z,12654.3
2026-05-17T23:00:00Z,11960.0
2026-05-18T00:00:00Z,13651.4
2026-05-18T01:00:00Z,13575.2
2026-05-18T02:00:00Z,13810.8
2026-05-18T03:00:00Z,14423.6
2026-05-18T04:00:00Z,15448.7
2026-05-18T05:00:00Z,16749.2
2026-05-18T06:00:00Z,17749.7
2026-05-18T07:00:00Z,18325.9
2026-05-18T08:00:00Z,18931.8
2026-05-18T09:00:00Z,20196.8
2026-05-18T10:00:00Z,20062.7
2026-05-18T11:00:00Z,21507.5
2026-05-18T12:00:00Z,21389.4
2026-05-18T13:00:00Z,20831.6
2026-05-18T14:00:00Z,20552.7
2026-05-18T15:00:00Z,19767.0
2026-05-18T16:00:00Z,19332.7
2026-05-18T17:00:00Z,17975.3
2026-05-18T18:00:00Z,17296.8
2026-05-18T19:00:00Z,16064.3
2026-05-18T20:00:00Z,14756.4
2026-05-18T21:00:00Z,14540.9
2026-05-18T22:00:00Z,13797.1
2026-05-18T23:00:00Z,13252.5
2026-05-19T00:00:00Z,13034.3
2026-05-19T01:00:00Z,13412.1
2026-05-19T02:00:00Z,13812.5
2026-05-19T03:00:00Z,14315.2
2026-05-19T04:00:00Z,15166.0
2026-05-19T05:00:00Z,16214.6
2026-05-19T06:00:00Z,17004.7
2026-05-19T07:00:00Z,18573.5
2026-05-19T08:00:00Z,19337.1
2026-05-19T09:00:00Z,20238.4
2026-05-19T10:00:00Z,20357.1
2026-05-19T11:00:00Z,20884.6
2026-05-19T12:00:00Z,21215.5
2026-05-19T13:00:00Z,21019.2
2026-05-19T14:00:00Z,20436.5
2026-05-19T15:00:00Z,19840.0
2026-05-19T16:00:00Z,19429.4
2026-05-19T17:00:00Z,18608.5
2026-05-19T18:00:00Z,17827.4
2026-05-19T19:00:00Z,16230.2
2026-05-19T20:00:00Z,15627.1
2026-05-19T21:00:00Z,14857.9
2026-05-19T22:00:00Z,14072.4
2026-05-19T23:00:00Z,13646.3
2026-05-20T00:00:00Z,13513.9
2026-05-20T01:00:00Z,13920.9
2026-05-20T02:00:00Z,14308.6
2026-05-20T03:00:00Z,14376.6
2026-05-20T04:00:00Z,15340.4
2026-05-20T05:00:00Z,16100.4
2026-05-20T06:00:00Z,17429.0
2026-05-20T07:00:00Z,18209.1
2026-05-20T08:00:00Z,19410.6
2026-05-20T09:00:00Z,20543.5
2026-05-20T10:00:00Z,20551.7
2026-05-20T11:00:00Z,21442.3
2026-05-20T12:00:00Z,21302.6
2026-05-20T13:00:00Z,21046.9
2026-05-20T14:00:00Z,20667.5
2026-05-20T15:00:00Z,20064.6
2026-05-20T16:00:00Z,19525.7
2026-05-20T17:00:00Z,18978.0
2026-05-20T18:00:00Z,17411.3
2026-05-20T19:00:00Z,16280.5
2026-05-20T20:00:00Z,15833.4
2026-05-20T21:00:00Z,14873.2
2026-05-20T22:00:00Z,13802.1
2026-05-20T23:00:00Z,13927.8
2026-05-21T00:00:00Z,13466.7
2026-05-21T01:00:00Z,13778.4
2026-05-21T02:00:00Z,14316.0
2026-05-21T03:00:00Z,14521.4
2026-05-21T04:00:00Z,15437.2
2026-05-21T05:00:00Z,16572.8
2026-05-21T06:00:00Z,16953.9
2026-05-21T07:00:00Z,18295.9
2026-05-21T08:00:00Z,18763.4
2026-05-21T09:00:00Z,20210.5
2026-05-21T10:00:00Z,20696.3
2026-05-21T11:00:00Z,20803.5
2026-05-21T12:00:00Z,21032.9
2026-05-21T13:00:00Z,20576.5
2026-05-21T14:00:00Z,20705.7
2026-05-21T15:00:00Z,19845.1
2026-05-21T16:00:00Z,19344.8
2026-05-21T17:00:00Z,18680.0
2026-05-21T18:00:00Z,17245.4
2026-05-21T19:00:00Z,16057.2
2026-05-21T20:00:00Z,15876.1
2026-05-21T21:00:00Z,14475.4
2026-05-21T22:00:00Z,14419.4
2026-05-21T23:00:00Z,13822.0
2026-05-22T00:00:00Z,13964.4
2026-05-22T01:00:00Z,13575.1
2026-05-22T02:00:00Z,13571.0
2026-05-22T03:00:00Z,14553.8
2026-05-22T04:00:00Z,15560.2
2026-05-22T05:00:00Z,17020.4
2026-05-22T06:00:00Z,17177.5
2026-05-22T07:00:00Z,18602.8
2026-05-22T08:00:00Z,18953.8
2026-05-22T09:00:00Z,20062.7
2026-05-22T10:00:00Z,21136.1
2026-05-22T11:00:00Z,21487.0
2026-05-22T12:00:00Z,21449.7
2026-05-22T13:00:00Z,21204.8
2026-05-22T14:00:00Z,20944.7
2026-05-22T15:00:00Z,20483.1
2026-05-22T16:00:00Z,19336.4
2026-05-22T17:00:00Z,18406.9
2026-05-22T18:00:00Z,17504.3
2026-05-22T19:00:00Z,16557.2
2026-05-22T20:00:00Z,14966.5
2026-05-22T21:00:00Z,14642.7
2026-05-22T22:00:00Z,14000.1
2026-05-22T23:00:00Z,13701.4
2026-05-23T00:00:00Z,12354.9
2026-05-23T01:00:00Z,13024.8
2026-05-23T02:00:00Z,13324.0
2026-05-23T03:00:00Z,13723.7
2026-05-23T04:00:00Z,15457.3
2026-05-23T05:00:00Z,15687.6
2026-05-23T06:00:00Z,16841.8
2026-05-23T07:00:00Z,17539.4
2026-05-23T08:00:00Z,18554.7
2026-05-23T09:00:00Z,19496.2
2026-05-23T10:00:00Z,19552.1
2026-05-23T11:00:00Z,19689.7
2026-05-23T12:00:00Z,20938.1
2026-05-23T13:00:00Z,19628.9
2026-05-23T14:00:00Z,19343.4
2026-05-23T15:00:00Z,19079.8
2026-05-23T16:00:00Z,18161.1
2026-05-23T17:00:00Z,17468.1
2026-05-23T18:00:00Z,16937.6
2026-05-23T19:00:00Z,15695.5
2026-05-23T20:00:00Z,13838.1
2026-05-23T21:00:00Z,13513.6
2026-05-23T22:00:00Z,13160.8
2026-05-23T23:00:00Z,12655.8
2026-05-24T00:00:00Z,11980.0
2026-05-24T01:00:00Z,12549.6
2026-05-24T02:00:00Z,13482.7
2026-05-24T03:00:00Z,13744.2
2026-05-24T04:00:00Z,14367.8
2026-05-24T05:00:00Z,15046.7
2026-05-24T06:00:00Z,16791.4
2026-05-24T07:00:00Z,18263.4
2026-05-24T08:00:00Z,18151.5
2026-05-24T09:00:00Z,19522.9
2026-05-24T10:00:00Z,19839.4
2026-05-24T11:00:00Z,19856.2
2026-05-24T12:00:00Z,19868.9
2026-05-24T13:00:00Z,20315.4
2026-05-24T14:00:00Z,19782.6
2026-05-24T15:00:00Z,18976.0
2026-05-24T16:00:00Z,18488.1
2026-05-24T17:00:00Z,17624.3
2026-05-24T18:00:00Z,17301.1
2026-05-24T19:00:00Z,15446.3
2026-05-24T20:00:00Z,14317.3
2026-05-24T21:00:00Z,13428.9
2026-05-24T22:00:00Z,13308.3
2026-05-24T23:00:00Z,13020.9
2026-05-25T00:00:00Z,13691.5
2026-05-25T01:00:00Z,14193.6
2026-05-25T02:00:00Z,14304.3
2026-05-25T03:00:00Z,14806.5
2026-05-25T04:00:00Z,15523.3
2026-05-25T05:00:00Z,16625.6
2026-05-25T06:00:00Z,17687.5
2026-05-25T07:00:00Z,18495.8
2026-05-25T08:00:00Z,19202.4
2026-05-25T09:00:00Z,19992.3
2026-05-25T10:00:00Z,21320.0
2026-05-25T11:00:00Z,21151.8
2026-05-25T12:00:00Z,22051.0
2026-05-25T13:00:00Z,20892.9
2026-05-25T14:00:00Z,20922.5
2026-05-25T15:00:00Z,20234.8
2026-05-25T16:00:00Z,19111.7
2026-05-25T17:00:00Z,18031.6
2026-05-25T18:00:00Z,17322.2
2026-05-25T19:00:00Z,16982.6
2026-05-25T20:00:00Z,15380.7
2026-05-25T21:00:00Z,14968.9
2026-05-25T22:00:00Z,14379.6
2026-05-25T23:00:00Z,14059.4
2026-05-26T00:00:00Z,13032.0
2026-05-26T01:00:00Z,13696.6
2026-05-26T02:00:00Z,13632.1
2026-05-26T03:00:00Z,15045.0
2026-05-26T04:00:00Z,15931.2
2026-05-26T05:00:00Z,16981.6
2026-05-26T06:00:00Z,17868.3
2026-05-26T07:00:00Z,19022.3
2026-05-26T08:00:00Z,19893.7
2026-05-26T09:00:00Z,20495.5
2026-05-26T10:00:00Z,21266.6
2026-05-26T11:00:00Z,21084.3
2026-05-26T12:00:00Z,21563.0
2026-05-26T13:00:00Z,21035.3
2026-05-26T14:00:00Z,20776.6
2026-05-26T15:00:00Z,20414.7
2026-05-26T16:00:00Z,20016.3
2026-05-26T17:00:00Z,18575.7
2026-05-26T18:00:00Z,17850.6
2026-05-26T19:00:00Z,16664.5
2026-05-26T20:00:00Z,16145.9
2026-05-26T21:00:00Z,15144.8
2026-05-26T22:00:00Z,14141.9
2026-05-26T23:00:00Z,14235.5
2026-05-27T00:00:00Z,13941.4
2026-05-27T01:00:00Z,13933.2
2026-05-27T02:00:00Z,14904.8
2026-05-27T03:00:00Z,14972.7
2026-05-27T04:00:00Z,15563.6
2026-05-27T05:00:00Z,16001.0
2026-05-27T06:00:00Z,17206.1
2026-05-27T07:00:00Z,18979.0
2026-05-27T08:00:00Z,18557.6
2026-05-27T09:00:00Z,20737.1
2026-05-27T10:00:00Z,20651.1
2026-05-27T11:00:00Z,21032.1
2026-05-27T12:00:00Z,21852.4
2026-05-27T13:00:00Z,20842.4
2026-05-27T14:00:00Z,20826.1
2026-05-27T15:00:00Z,20113.9
2026-05-27T16:00:00Z,19530.0
2026-05-27T17:00:00Z,19049.5
2026-05-27T18:00:00Z,18281.6
2026-05-27T19:00:00Z,16146.8
2026-05-27T20:00:00Z,15421.0
2026-05-27T21:00:00Z,15783.4
2026-05-27T22:00:00Z,14599.3
2026-05-27T23:00:00Z,14626.2
2026-05-28T00:00:00Z,14510.4
2026-05-28T01:00:00Z,14055.7
2026-05-28T02:00:00Z,14159.8
2026-05-28T03:00:00Z,15321.9
2026-05-28T04:00:00Z,15967.4
2026-05-28T05:00:00Z,17262.7
2026-05-28T06:00:00Z,17908.5
2026-05-28T07:00:00Z,19552.5
2026-05-28T08:00:00Z,19161.1
2026-05-28T09:00:00Z,19935.7
2026-05-28T10:00:00Z,20933.8
2026-05-28T11:00:00Z,21106.9
2026-05-28T12:00:00Z,21644.9
2026-05-28T13:00:00Z,21247.8
2026-05-28T14:00:00Z,21517.1
2026-05-28T15:00:00Z,20529.7
2026-05-28T16:00:00Z,19823.8
2026-05-28T17:00:00Z,18574.7
2026-05-28T18:00:00Z,17749.0
2026-05-28T19:00:00Z,16630.8
2026-05-28T20:00:00Z,15520.4
2026-05-28T21:00:00Z,15113.0
2026-05-28T22:00:00Z,13769.6
2026-05-28T23:00:00Z,13869.4
2026-05-29T00:00:00Z,13733.4
2026-05-29T01:00:00Z,14459.3
2026-05-29T02:00:00Z,14354.7
2026-05-29T03:00:00Z,14495.2
2026-05-29T04:00:00Z,15816.3
2026-05-29T05:00:00Z,16910.9
2026-05-29T06:00:00Z,17943.9
2026-05-29T07:00:00Z,19074.4
2026-05-29T08:00:00Z,19977.0
2026-05-29T09:00:00Z,20685.0
2026-05-29T10:00:00Z,21585.3
2026-05-29T11:00:00Z,21412.2
2026-05-29T12:00:00Z,21832.8
2026-05-29T13:00:00Z,21588.6
2026-05-29T14:00:00Z,21271.1
2026-05-29T15:00:00Z,20690.1
2026-05-29T16:00:00Z,19631.1
2026-05-29T17:00:00Z,18720.1
2026-05-29T18:00:00Z,17814.5
2026-05-29T19:00:00Z,16075.3
2026-05-29T20:00:00Z,15987.6
2026-05-29T21:00:00Z,15382.2
2026-05-29T22:00:00Z,14394.5
2026-05-29T23:00:00Z,13946.2
2026-05-30T00:00:00Z,12849.2
2026-05-30T01:00:00Z,13413.3
2026-05-30T02:00:00Z,13271.1
2026-05-30T03:00:00Z,14381.1
2026-05-30T04:00:00Z,14381.9
2026-05-30T05:00:00Z,15577.6
2026-05-30T06:00:00Z,17270.2
2026-05-30T07:00:00Z,17595.6
2026-05-30T08:00:00Z,18236.5
2026-05-30T09:00:00Z,19591.7
2026-05-30T10:00:00Z,19961.2
2026-05-30T11:00:00Z,20475.5
2026-05-30T12:00:00Z,20807.0
2026-05-30T13:00:00Z,20344.0
2026-05-30T14:00:00Z,20258.4
2026-05-30T15:00:00Z,19415.7
2026-05-30T16:00:00Z,18715.3
2026-05-30T17:00:00Z,17685.7
2026-05-30T18:00:00Z,16333.7
2026-05-30T19:00:00Z,15494.3
2026-05-30T20:00:00Z,14630.4
2026-05-30T21:00:00Z,14292.8
2026-05-30T22:00:00Z,13163.5
2026-05-30T23:00:00Z,12719.3
2026-05-31T00:00:00Z,13022.1
2026-05-31T01:00:00Z,13333.2
2026-05-31T02:00:00Z,13520.2
2026-05-31T03:00:00Z,13994.5
2026-05-31T04:00:00Z,14401.7
2026-05-31T05:00:00Z,15967.3
2026-05-31T06:00:00Z,17180.4
2026-05-31T07:00:00Z,17739.6
2026-05-31T08:00:00Z,18827.0
2026-05-31T09:00:00Z,19282.6
2026-05-31T10:00:00Z,19951.1
2026-05-31T11:00:00Z,20597.4
2026-05-31T12:00:00Z,20636.4
2026-05-31T13:00:00Z,20715.6
2026-05-31T14:00:00Z,20230.3
2026-05-31T15:00:00Z,19403.7
2026-05-31T16:00:00Z,18557.2
2026-05-31T17:00:00Z,17997.1
2026-05-31T18:00:00Z,16443.7
2026-05-31T19:00:00Z,15990.4
2026-05-31T20:00:00Z,14782.4
2026-05-31T21:00:00Z,13650.1
2026-05-31T22:00:00Z,13181.4
2026-05-31T23:00:00Z,12975.7
2026-06-01T00:00:00Z,14885.0
2026-06-01T01:00:00Z,14176.0
2026-06-01T02:00:00Z,14200.6
2026-06-01T03:00:00Z,15524.9
2026-06-01T04:00:00Z,15678.9
2026-06-01T05:00:00Z,16509.5
2026-06-01T06:00:00Z,18060.7
2026-06-01T07:00:00Z,19265.8
2026-06-01T08:00:00Z,20518.4
2026-06-01T09:00:00Z,20786.3
2026-06-01T10:00:00Z,21034.9
2026-06-01T11:00:00Z,21690.3
2026-06-01T12:00:00Z,22240.5
2026-06-01T13:00:00Z,22197.6
2026-06-01T14:00:00Z,21023.2
2026-06-01T15:00:00Z,21221.2
2026-06-01T16:00:00Z,19811.3
2026-06-01T17:00:00Z,18571.7
2026-06-01T18:00:00Z,18171.3
2026-06-01T19:00:00Z,17001.4
2026-06-01T20:00:00Z,15551.8
2026-06-01T21:00:00Z,14913.8
2026-06-01T22:00:00Z,14623.7
2026-06-01T23:00:00Z,14374.1
2026-06-02T00:00:00Z,13789.5
2026-06-02T01:00:00Z,14641.4
2026-06-02T02:00:00Z,14389.0
2026-06-02T03:00:00Z,14972.1
2026-06-02T04:00:00Z,16306.6
2026-06-02T05:00:00Z,17405.0
2026-06-02T06:00:00Z,17904.6
2026-06-02T07:00:00Z,18936.4
2026-06-02T08:00:00Z,20048.7
2026-06-02T09:00:00Z,21095.7
2026-06-02T10:00:00Z,21210.1
2026-06-02T11:00:00Z,21671.4
2026-06-02T12:00:00Z,21665.2
2026-06-02T13:00:00Z,21192.5
2026-06-02T14:00:00Z,21561.0
2026-06-02T15:00:00Z,20599.8
2026-06-02T16:00:00Z,20255.6
2026-06-02T17:00:00Z,18845.5
2026-06-02T18:00:00Z,18436.0
2026-06-02T19:00:00Z,17082.4
2026-06-02T20:00:00Z,16406.5
2026-06-02T21:00:00Z,14867.6
2026-06-02T22:00:00Z,14448.5
2026-06-02T23:00:00Z,14098.9
2026-06-03T00:00:00Z,14810.1
2026-06-03T01:00:00Z,14479.3
2026-06-03T02:00:00Z,14562.0
2026-06-03T03:00:00Z,14617.4
2026-06-03T04:00:00Z,15820.1
2026-06-03T05:00:00Z,17495.4
2026-06-03T06:00:00Z,17903.2
2026-06-03T07:00:00Z,19253.8
2026-06-03T08:00:00Z,19453.7
2026-06-03T09:00:00Z,20915.7
2026-06-03T10:00:00Z,21740.4
2026-06-03T11:00:00Z,21926.6
2026-06-03T12:00:00Z,21598.6
2026-06-03T13:00:00Z,21437.7
2026-06-03T14:00:00Z,21589.2
2026-06-03T15:00:00Z,20443.8
2026-06-03T16:00:00Z,19526.0
2026-06-03T17:00:00Z,19105.1
2026-06-03T18:00:00Z,17699.0
2026-06-03T19:00:00Z,16683.4
2026-06-03T20:00:00Z,16062.2
2026-06-03T21:00:00Z,15290.5
2026-06-03T22:00:00Z,14272.0
2026-06-03T23:00:00Z,14333.4
2026-06-04T00:00:00Z,14652.5
2026-06-04T01:00:00Z,14614.3
2026-06-04T02:00:00Z,15111.0
2026-06-04T03:00:00Z,15701.9
2026-06-04T04:00:00Z,16205.8
2026-06-04T05:00:00Z,17194.7
2026-06-04T06:00:00Z,17796.9
2026-06-04T07:00:00Z,18817.3
2026-06-04T08:00:00Z,19793.6
2026-06-04T09:00:00Z,20465.0
2026-06-04T10:00:00Z,22085.8
2026-06-04T11:00:00Z,22265.8
2026-06-04T12:00:00Z,21466.9
2026-06-04T13:00:00Z,22043.3
2026-06-04T14:00:00Z,21482.2
2026-06-04T15:00:00Z,20978.3
2026-06-04T16:00:00Z,20174.0
2026-06-04T17:00:00Z,19418.3
2026-06-04T18:00:00Z,17733.0
2026-06-04T19:00:00Z,16806.2
2026-06-04T20:00:00Z,16046.5
2026-06-04T21:00:00Z,15686.5
2026-06-04T22:00:00Z,14786.1
2026-06-04T23:00:00Z,14371.5
2026-06-05T00:00:00Z,14245.1
2026-06-05T01:00:00Z,14702.4
2026-06-05T02:00:00Z,14958.9
2026-06-05T03:00:00Z,15907.8
2026-06-05T04:00:00Z,16868.8
2026-06-05T05:00:00Z,17393.5
2026-06-05T06:00:00Z,17906.6
2026-06-05T07:00:00Z,18788.4
2026-06-05T08:00:00Z,20074.1
2026-06-05T09:00:00Z,20983.2
2026-06-05T10:00:00Z,21540.2
2026-06-05T11:00:00Z,22011.5
2026-06-05T12:00:00Z,22056.8
2026-06-05T13:00:00Z,22345.8
2026-06-05T14:00:00Z,21516.2
2026-06-05T15:00:00Z,21314.5
2026-06-05T16:00:00Z,20185.9
2026-06-05T17:00:00Z,19075.0
2026-06-05T18:00:00Z,18221.8
2026-06-05T19:00:00Z,17019.7
2026-06-05T20:00:00Z,16298.2
2026-06-05T21:00:00Z,14760.1
2026-06-05T22:00:00Z,14868.8
2026-06-05T23:00:00Z,14770.4
2026-06-06T00:00:00Z,13676.3
2026-06-06T01:00:00Z,13219.7
2026-06-06T02:00:00Z,13490.5
2026-06-06T03:00:00Z,14837.3
2026-06-06T04:00:00Z,14800.2
2026-06-06T05:00:00Z,16144.0
2026-06-06T06:00:00Z,17068.8
2026-06-06T07:00:00Z,18257.4
2026-06-06T08:00:00Z,19387.8
2026-06-06T09:00:00Z,20330.0
2026-06-06T10:00:00Z,19882.1
2026-06-06T11:00:00Z,20775.4
2026-06-06T12:00:00Z,20361.8
2026-06-06T13:00:00Z,20659.5
2026-06-06T14:00:00Z,20004.3
2026-06-06T15:00:00Z,19788.6
2026-06-06T16:00:00Z,18906.9
2026-06-06T17:00:00Z,18237.5
2026-06-06T18:00:00Z,17331.1
2026-06-06T19:00:00Z,16185.4
2026-06-06T20:00:00Z,15446.4
2026-06-06T21:00:00Z,14774.8
2026-06-06T22:00:00Z,13762.9
2026-06-06T23:00:00Z,13410.0
2026-06-07T00:00:00Z,13102.2
2026-06-07T01:00:00Z,13185.1
2026-06-07T02:00:00Z,14090.0
2026-06-07T03:00:00Z,14977.1
2026-06-07T04:00:00Z,15326.9
2026-06-07T05:00:00Z,15727.4
2026-06-07T06:00:00Z,16963.5
2026-06-07T07:00:00Z,18278.4
2026-06-07T08:00:00Z,19165.8
2026-06-07T09:00:00Z,19639.3
2026-06-07T10:00:00Z,20595.4
2026-06-07T11:00:00Z,20964.9
2026-06-07T12:00:00Z,20605.5
2026-06-07T13:00:00Z,20612.7
2026-06-07T14:00:00Z,20737.9
2026-06-07T15:00:00Z,19641.0
2026-06-07T16:00:00Z,19065.8
2026-06-07T17:00:00Z,18595.7
2026-06-07T18:00:00Z,17467.8
2026-06-07T19:00:00Z,16427.6
2026-06-07T20:00:00Z,14884.7
2026-06-07T21:00:00Z,14243.2
2026-06-07T22:00:00Z,13857.2
2026-06-07T23:00:00Z,13466.4
2026-06-08T00:00:00Z,14728.8
2026-06-08T01:00:00Z,14848.5
2026-06-08T02:00:00Z,15342.8
2026-06-08T03:00:00Z,16087.5
2026-06-08T04:00:00Z,16387.0
2026-06-08T05:00:00Z,17033.4
2026-06-08T06:00:00Z,18638.8
2026-06-08T07:00:00Z,19403.6
2026-06-08T08:00:00Z,20342.5
2026-06-08T09:00:00Z,20930.2
2026-06-08T10:00:00Z,21647.7
2026-06-08T11:00:00Z,22833.5
2026-06-08T12:00:00Z,21623.3
2026-06-08T13:00:00Z,22312.5
2026-06-08T14:00:00Z,21799.0
2026-06-08T15:00:00Z,21303.2
2026-06-08T16:00:00Z,20133.9
2026-06-08T17:00:00Z,19366.0
2026-06-08T18:00:00Z,18217.5
2026-06-08T19:00:00Z,17280.1
2026-06-08T20:00:00Z,16295.5
2026-06-08T21:00:00Z,16165.9
2026-06-08T22:00:00Z,15366.1
2026-06-08T23:00:00Z,14827.2
2026-06-09T00:00:00Z,14710.3
2026-06-09T01:00:00Z,14524.5
2026-06-09T02:00:00Z,14613.1
2026-06-09T03:00:00Z,15810.7
2026-06-09T04:00:00Z,16200.5
2026-06-09T05:00:00Z,17244.0
2026-06-09T06:00:00Z,18123.1
2026-06-09T07:00:00Z,19269.0
2026-06-09T08:00:00Z,20179.2
2026-06-09T09:00:00Z,21561.8
2026-06-09T10:00:00Z,22233.2
2026-06-09T11:00:00Z,22146.8
2026-06-09T12:00:00Z,22459.0
2026-06-09T13:00:00Z,22133.9
2026-06-09T14:00:00Z,21854.0
2026-06-09T15:00:00Z,21008.3
2026-06-09T16:00:00Z,20472.9
2026-06-09T17:00:00Z,18914.8
2026-06-09T18:00:00Z,17622.0
2026-06-09T19:00:00Z,18016.7
2026-06-09T20:00:00Z,16542.7
2026-06-09T21:00:00Z,15700.3
2026-06-09T22:00:00Z,15256.7
2026-06-09T23:00:00Z,14747.7
2026-06-10T00:00:00Z,14886.0
2026-06-10T01:00:00Z,14404.2
2026-06-10T02:00:00Z,14933.8
2026-06-10T03:00:00Z,16168.8
2026-06-10T04:00:00Z,16641.9
2026-06-10T05:00:00Z,17251.4
2026-06-10T06:00:00Z,18045.4
2026-06-10T07:00:00Z,20058.2
2026-06-10T08:00:00Z,20745.7
2026-06-10T09:00:00Z,21394.6
2026-06-10T10:00:00Z,21354.8
2026-06-10T11:00:00Z,22003.4
2026-06-10T12:00:00Z,21963.3
2026-06-10T13:00:00Z,21588.1
2026-06-10T14:00:00Z,21632.7
2026-06-10T15:00:00Z,21073.7
2026-06-10T16:00:00Z,21082.7
2026-06-10T17:00:00Z,19042.6
2026-06-10T18:00:00Z,18797.7
2026-06-10T19:00:00Z,17589.0
2026-06-10T20:00:00Z,16777.4
2026-06-10T21:00:00Z,15796.0
2026-06-10T22:00:00Z,15455.5
2026-06-10T23:00:00Z,14724.6
2026-06-11T00:00:00Z,15064.7
2026-06-11T01:00:00Z,15056.3
2026-06-11T02:00:00Z,14898.5
2026-06-11T03:00:00Z,15753.6
2026-06-11T04:00:00Z,17206.4
2026-06-11T05:00:00Z,18109.3
2026-06-11T06:00:00Z,18278.6
2026-06-11T07:00:00Z,19661.8
2026-06-11T08:00:00Z,21022.6
2026-06-11T09:00:00Z,21445.5
2026-06-11T10:00:00Z,21690.8
2026-06-11T11:00:00Z,22493.0
2026-06-11T12:00:00Z,22468.7
2026-06-11T13:00:00Z,21745.8
2026-06-11T14:00:00Z,22056.6
2026-06-11T15:00:00Z,21345.5
2026-06-11T16:00:00Z,20697.7
2026-06-11T17:00:00Z,20141.8
2026-06-11T18:00:00Z,19146.3
2026-06-11T19:00:00Z,18074.3
2026-06-11T20:00:00Z,17169.6
2026-06-11T21:00:00Z,15526.2
2026-06-11T22:00:00Z,14883.0
2026-06-11T23:00:00Z,14956.0
2026-06-12T00:00:00Z,14767.5
2026-06-12T01:00:00Z,15046.4
2026-06-12T02:00:00Z,15137.2
2026-06-12T03:00:00Z,16091.4
2026-06-12T04:00:00Z,17217.3
2026-06-12T05:00:00Z,17590.9
2026-06-12T06:00:00Z,18594.9
2026-06-12T07:00:00Z,19457.9
2026-06-12T08:00:00Z,19884.0
2026-06-12T09:00:00Z,21280.6
2026-06-12T10:00:00Z,21893.0
2026-06-12T11:00:00Z,22431.7
2026-06-12T12:00:00Z,22254.2
2026-06-12T13:00:00Z,22799.6
2026-06-12T14:00:00Z,22304.2
2026-06-12T15:00:00Z,21968.6
2026-06-12T16:00:00Z,19683.9
2026-06-12T17:00:00Z,19441.3
2026-06-12T18:00:00Z,18848.9
2026-06-12T19:00:00Z,17780.8
2026-06-12T20:00:00Z,16836.6
2026-06-12T21:00:00Z,15904.3
2026-06-12T22:00:00Z,15641.6
2026-06-12T23:00:00Z,14808.0
2026-06-13T00:00:00Z,13722.0
2026-06-13T01:00:00Z,14722.4
2026-06-13T02:00:00Z,14209.7
2026-06-13T03:00:00Z,15230.0
2026-06-13T04:00:00Z,15766.9
2026-06-13T05:00:00Z,16902.7
2026-06-13T06:00:00Z,17658.0
2026-06-13T07:00:00Z,18955.7
2026-06-13T08:00:00Z,19958.0
2026-06-13T09:00:00Z,20332.1
2026-06-13T10:00:00Z,20823.6
2026-06-13T11:00:00Z,21174.7
2026-06-13T12:00:00Z,21215.4
2026-06-13T13:00:00Z,21857.9
2026-06-13T14:00:00Z,21577.8
2026-06-13T15:00:00Z,19782.9
2026-06-13T16:00:00Z,19315.9
2026-06-13T17:00:00Z,18688.8
2026-06-13T18:00:00Z,17936.4
2026-06-13T19:00:00Z,16261.7
2026-06-13T20:00:00Z,15538.5
2026-06-13T21:00:00Z,14960.6
2026-06-13T22:00:00Z,14584.7
2026-06-13T23:00:00Z,13629.7
2026-06-14T00:00:00Z,14181.8
2026-06-14T01:00:00Z,13701.3
2026-06-14T02:00:00Z,14667.4
2026-06-14T03:00:00Z,14775.5
2026-06-14T04:00:00Z,15665.3
2026-06-14T05:00:00Z,16960.0
2026-06-14T06:00:00Z,17838.6
2026-06-14T07:00:00Z,18944.0
2026-06-14T08:00:00Z,19583.8
2026-06-14T09:00:00Z,20346.2
2026-06-14T10:00:00Z,21442.5
2026-06-14T11:00:00Z,22039.0
2026-06-14T12:00:00Z,21700.2
2026-06-14T13:00:00Z,21567.8
2026-06-14T14:00:00Z,20795.4
2026-06-14T15:00:00Z,21030.6
2026-06-14T16:00:00Z,19512.5
2026-06-14T17:00:00Z,18833.5
2026-06-14T18:00:00Z,18146.0
2026-06-14T19:00:00Z,15797.6
2026-06-14T20:00:00Z,15664.0
2026-06-14T21:00:00Z,14530.6
2026-06-14T22:00:00Z,14211.0
2026-06-14T23:00:00Z,13970.6
2026-06-15T00:00:00Z,14501.1
2026-06-15T01:00:00Z,15470.2
2026-06-15T02:00:00Z,16255.1
2026-06-15T03:00:00Z,16005.3
2026-06-15T04:00:00Z,16898.8
2026-06-15T05:00:00Z,18387.0
2026-06-15T06:00:00Z,18958.0
2026-06-15T07:00:00Z,19468.4
2026-06-15T08:00:00Z,20944.9
2026-06-15T09:00:00Z,21354.4
2026-06-15T10:00:00Z,22593.4
2026-06-15T11:00:00Z,22340.7
2026-06-15T12:00:00Z,23156.6
2026-06-15T13:00:00Z,22144.8
2026-06-15T14:00:00Z,22104.2
2026-06-15T15:00:00Z,20873.1
2026-06-15T16:00:00Z,21590.7
2026-06-15T17:00:00Z,19842.6
2026-06-15T18:00:00Z,18732.5
2026-06-15T19:00:00Z,17970.5
2026-06-15T20:00:00Z,16953.8
2026-06-15T21:00:00Z,16264.3
2026-06-15T22:00:00Z,16239.1
2026-06-15T23:00:00Z,15641.3
2026-06-16T00:00:00Z,14902.7
2026-06-16T01:00:00Z,15285.7
2026-06-16T02:00:00Z,15537.7
2026-06-16T03:00:00Z,16341.2
2026-06-16T04:00:00Z,16638.8
2026-06-16T05:00:00Z,17784.4
2026-06-16T06:00:00Z,18403.3
2026-06-16T07:00:00Z,20080.0
2026-06-16T08:00:00Z,20613.2
2026-06-16T09:00:00Z,22015.8
2026-06-16T10:00:00Z,22297.4
2026-06-16T11:00:00Z,22162.7
2026-06-16T12:00:00Z,23323.6
2026-06-16T13:00:00Z,21962.2
2026-06-16T14:00:00Z,23186.5
2026-06-16T15:00:00Z,22198.2
2026-06-16T16:00:00Z,21383.2
2026-06-16T17:00:00Z,20491.4
2026-06-16T18:00:00Z,19311.3
2026-06-16T19:00:00Z,17885.5
2026-06-16T20:00:00Z,16751.8
2026-06-16T21:00:00Z,16227.9
2026-06-16T22:00:00Z,14760.4
2026-06-16T23:00:00Z,15317.7
2026-06-17T00:00:00Z,15094.2
2026-06-17T01:00:00Z,15320.1
2026-06-17T02:00:00Z,15477.0
2026-06-17T03:00:00Z,15755.3
2026-06-17T04:00:00Z,17064.8
2026-06-17T05:00:00Z,17825.1
2026-06-17T06:00:00Z,18826.6
2026-06-17T07:00:00Z,19977.0
2026-06-17T08:00:00Z,21169.6
2026-06-17T09:00:00Z,22115.5
2026-06-17T10:00:00Z,21905.8
2026-06-17T11:00:00Z,22744.8
2026-06-17T12:00:00Z,22169.4
2026-06-17T13:00:00Z,22297.7
2026-06-17T14:00:00Z,21925.7
2026-06-17T15:00:00Z,21592.4
2026-06-17T16:00:00Z,20856.6
2026-06-17T17:00:00Z,20050.3
2026-06-17T18:00:00Z,18961.6
2026-06-17T19:00:00Z,17915.3
2026-06-17T20:00:00Z,16569.2
2026-06-17T21:00:00Z,16376.9
2026-06-17T22:00:00Z,15282.1
2026-06-17T23:00:00Z,15429.4
2026-06-18T00:00:00Z,15050.2
2026-06-18T01:00:00Z,15948.0
2026-06-18T02:00:00Z,15345.9
2026-06-18T03:00:00Z,16452.3
2026-06-18T04:00:00Z,17446.7
2026-06-18T05:00:00Z,17868.7
2026-06-18T06:00:00Z,18916.4
2026-06-18T07:00:00Z,20573.7
2026-06-18T08:00:00Z,21270.4
2026-06-18T09:00:00Z,21864.0
2026-06-18T10:00:00Z,22188.9
2026-06-18T11:00:00Z,22580.4
2026-06-18T12:00:00Z,22361.5
2026-06-18T13:00:00Z,23303.3
2026-06-18T14:00:00Z,22393.9
2026-06-18T15:00:00Z,21973.5
2026-06-18T16:00:00Z,21420.1
2026-06-18T17:00:00Z,20302.3
2026-06-18T18:00:00Z,18999.4
2026-06-18T19:00:00Z,18506.6
2026-06-18T20:00:00Z,16519.2
2026-06-18T21:00:00Z,16744.4
2026-06-18T22:00:00Z,15875.3
2026-06-18T23:00:00Z,15305.2
2026-06-19T00:00:00Z,15490.5
2026-06-19T01:00:00Z,15772.8
2026-06-19T02:00:00Z,15568.5
2026-06-19T03:00:00Z,16501.5
2026-06-19T04:00:00Z,17083.1
2026-06-19T05:00:00Z,18098.7
2026-06-19T06:00:00Z,19407.8
2026-06-19T07:00:00Z,19995.9
2026-06-19T08:00:00Z,20728.4
2026-06-19T09:00:00Z,21770.2
2026-06-19T10:00:00Z,22992.2
2026-06-19T11:00:00Z,23300.2
2026-06-19T12:00:00Z,23257.8
2026-06-19T13:00:00Z,23382.6
2026-06-19T14:00:00Z,22426.0
2026-06-19T15:00:00Z,21661.9
2026-06-19T16:00:00Z,20803.6
2026-06-19T17:00:00Z,20269.9
2026-06-19T18:00:00Z,19293.5
2026-06-19T19:00:00Z,17745.5
2026-06-19T20:00:00Z,18007.4
2026-06-19T21:00:00Z,16678.7
2026-06-19T22:00:00Z,15284.7
2026-06-19T23:00:00Z,14806.5
2026-06-20T00:00:00Z,14328.6
2026-06-20T01:00:00Z,14441.1
2026-06-20T02:00:00Z,14382.4
2026-06-20T03:00:00Z,15363.4
2026-06-20T04:00:00Z,16145.0
2026-06-20T05:00:00Z,17035.0
2026-06-20T06:00:00Z,18487.9
2026-06-20T07:00:00Z,18651.1
2026-06-20T08:00:00Z,19964.7
2026-06-20T09:00:00Z,20381.9
2026-06-20T10:00:00Z,21438.9
2026-06-20T11:00:00Z,21863.0
2026-06-20T12:00:00Z,22650.1
2026-06-20T13:00:00Z,21487.2
2026-06-20T14:00:00Z,21479.7
2026-06-20T15:00:00Z,20747.1
2026-06-20T16:00:00Z,20024.1
2026-06-20T17:00:00Z,18837.6
2026-06-20T18:00:00Z,17676.3
2026-06-20T19:00:00Z,16851.1
2026-06-20T20:00:00Z,15880.0
2026-06-20T21:00:00Z,15658.5
2026-06-20T22:00:00Z,14668.3
2026-06-20T23:00:00Z,14819.7
2026-06-21T00:00:00Z,13994.1
2026-06-21T01:00:00Z,13828.0
2026-06-21T02:00:00Z,14611.7
2026-06-21T03:00:00Z,15294.7
2026-06-21T04:00:00Z,16899.2
2026-06-21T05:00:00Z,16778.9
2026-06-21T06:00:00Z,18419.6
2026-06-21T07:00:00Z,19035.8
2026-06-21T08:00:00Z,19869.0
2026-06-21T09:00:00Z,21188.8
2026-06-21T10:00:00Z,21293.3
2026-06-21T11:00:00Z,22498.8
2026-06-21T12:00:00Z,22233.4
2026-06-21T13:00:00Z,22153.4
2026-06-21T14:00:00Z,21438.3
2026-06-21T15:00:00Z,21032.5
2026-06-21T16:00:00Z,20425.1
2026-06-21T17:00:00Z,18922.5
2026-06-21T18:00:00Z,18148.0
2026-06-21T19:00:00Z,16880.9
2026-06-21T20:00:00Z,16136.3
2026-06-21T21:00:00Z,15498.3
2026-06-21T22:00:00Z,14211.4
2026-06-21T23:00:00Z,14447.0
2026-06-22T00:00:00Z,15243.5
2026-06-22T01:00:00Z,15844.6
2026-06-22T02:00:00Z,15574.8
2026-06-22T03:00:00Z,16450.1
2026-06-22T04:00:00Z,17285.4
2026-06-22T05:00:00Z,18666.1
2026-06-22T06:00:00Z,19295.8
2026-06-22T07:00:00Z,20805.7
2026-06-22T08:00:00Z,21504.9
2026-06-22T09:00:00Z,21718.8
2026-06-22T10:00:00Z,22200.3
2026-06-22T11:00:00Z,22941.7
2026-06-22T12:00:00Z,23339.1
2026-06-22T13:00:00Z,22952.1
2026-06-22T14:00:00Z,22279.5
2026-06-22T15:00:00Z,22160.1
2026-06-22T16:00:00Z,21105.9
2026-06-22T17:00:00Z,19994.4
2026-06-22T18:00:00Z,19351.0
2026-06-22T19:00:00Z,18207.7
2026-06-22T20:00:00Z,16814.4
2026-06-22T21:00:00Z,16496.2
2026-06-22T22:00:00Z,16064.9
2026-06-22T23:00:00Z,15278.5
2026-06-23T00:00:00Z,14998.6
2026-06-23T01:00:00Z,15823.0
2026-06-23T02:00:00Z,16336.7
2026-06-23T03:00:00Z,16538.2
2026-06-23T04:00:00Z,17466.9
2026-06-23T05:00:00Z,18082.5
2026-06-23T06:00:00Z,19346.6
2026-06-23T07:00:00Z,19868.6
2026-06-23T08:00:00Z,21141.6
2026-06-23T09:00:00Z,22120.3
2026-06-23T10:00:00Z,22455.9
2026-06-23T11:00:00Z,23003.0
2026-06-23T12:00:00Z,23203.6
2026-06-23T13:00:00Z,23467.0
2026-06-23T14:00:00Z,22493.5
2026-06-23T15:00:00Z,21596.8
2026-06-23T16:00:00Z,21007.0
2026-06-23T17:00:00Z,20081.1
2026-06-23T18:00:00Z,19470.4
2026-06-23T19:00:00Z,18734.7
2026-06-23T20:00:00Z,16990.7
2026-06-23T21:00:00Z,16629.2
2026-06-23T22:00:00Z,16136.2
2026-06-23T23:00:00Z,15496.5
2026-06-24T00:00:00Z,15478.7
2026-06-24T01:00:00Z,15393.0
2026-06-24T02:00:00Z,16434.3
2026-06-24T03:00:00Z,16868.3
2026-06-24T04:00:00Z,17113.2
2026-06-24T05:00:00Z,18462.7
2026-06-24T06:00:00Z,18969.9
2026-06-24T07:00:00Z,20517.4
2026-06-24T08:00:00Z,21609.5
2026-06-24T09:00:00Z,21492.3
2026-06-24T10:00:00Z,22611.3
2026-06-24T11:00:00Z,23039.4
2026-06-24T12:00:00Z,23941.6
2026-06-24T13:00:00Z,23309.2
2026-06-24T14:00:00Z,22960.3
2026-06-24T15:00:00Z,22089.3
2026-06-24T16:00:00Z,21385.8
2026-06-24T17:00:00Z,20623.6
2026-06-24T18:00:00Z,19466.3
2026-06-24T19:00:00Z,18610.1
2026-06-24T20:00:00Z,17447.5
2026-06-24T21:00:00Z,16292.0
2026-06-24T22:00:00Z,16169.1
2026-06-24T23:00:00Z,15721.6
2026-06-25T00:00:00Z,15165.5
2026-06-25T01:00:00Z,15440.7
2026-06-25T02:00:00Z,15969.7
2026-06-25T03:00:00Z,17225.8
2026-06-25T04:00:00Z,17754.6
2026-06-25T05:00:00Z,19012.9
2026-06-25T06:00:00Z,18773.1
2026-06-25T07:00:00Z,20608.7
2026-06-25T08:00:00Z,21912.8
2026-06-25T09:00:00Z,22073.8
2026-06-25T10:00:00Z,22977.6
2026-06-25T11:00:00Z,22926.0
2026-06-25T12:00:00Z,23471.9
2026-06-25T13:00:00Z,23205.7
2026-06-25T14:00:00Z,22367.0
2026-06-25T15:00:00Z,22586.3
2026-06-25T16:00:00Z,21448.3
2026-06-25T17:00:00Z,20642.9
2026-06-25T18:00:00Z,18962.9
2026-06-25T19:00:00Z,18779.4
2026-06-25T20:00:00Z,17394.0
2026-06-25T21:00:00Z,17025.0
2026-06-25T22:00:00Z,15816.7
2026-06-25T23:00:00Z,16175.6
2026-06-26T00:00:00Z,15629.7
2026-06-26T01:00:00Z,15893.9
2026-06-26T02:00:00Z,16091.9
2026-06-26T03:00:00Z,16332.2
2026-06-26T04:00:00Z,17605.0
2026-06-26T05:00:00Z,18982.9
2026-06-26T06:00:00Z,19998.4
2026-06-26T07:00:00Z,20484.4
2026-06-26T08:00:00Z,21943.1
2026-06-26T09:00:00Z,22287.8
2026-06-26T10:00:00Z,22567.3
2026-06-26T11:00:00Z,23300.4
2026-06-26T12:00:00Z,23475.8
2026-06-26T13:00:00Z,23661.5
2026-06-26T14:00:00Z,22248.5
2026-06-26T15:00:00Z,22719.6
2026-06-26T16:00:00Z,21809.7
2026-06-26T17:00:00Z,20801.4
2026-06-26T18:00:00Z,19165.4
2026-06-26T19:00:00Z,18112.9
2026-06-26T20:00:00Z,18004.7
2026-06-26T21:00:00Z,16786.0
2026-06-26T22:00:00Z,16586.6
2026-06-26T23:00:00Z,15503.1
2026-06-27T00:00:00Z,14963.5
2026-06-27T01:00:00Z,15054.1
2026-06-27T02:00:00Z,14841.8
2026-06-27T03:00:00Z,15786.4
2026-06-27T04:00:00Z,17252.7
2026-06-27T05:00:00Z,17364.0
2026-06-27T06:00:00Z,18964.4
2026-06-27T07:00:00Z,19605.0
2026-06-27T08:00:00Z,20230.7
2026-06-27T09:00:00Z,21155.6
2026-06-27T10:00:00Z,21611.1
2026-06-27T11:00:00Z,22892.9
2026-06-27T12:00:00Z,21960.1
2026-06-27T13:00:00Z,21941.2
2026-06-27T14:00:00Z,21946.7
2026-06-27T15:00:00Z,21644.8
2026-06-27T16:00:00Z,20106.8
2026-06-27T17:00:00Z,19316.9
2026-06-27T18:00:00Z,18524.3
2026-06-27T19:00:00Z,17488.6
2026-06-27T20:00:00Z,16686.2
2026-06-27T21:00:00Z,15662.9
2026-06-27T22:00:00Z,15248.3
2026-06-27T23:00:00Z,15105.1
2026-06-28T00:00:00Z,14445.5
2026-06-28T01:00:00Z,14429.0
2026-06-28T02:00:00Z,15090.9
2026-06-28T03:00:00Z,15984.1
2026-06-28T04:00:00Z,17588.1
2026-06-28T05:00:00Z,17945.5
2026-06-28T06:00:00Z,18836.6
2026-06-28T07:00:00Z,18729.7
2026-06-28T08:00:00Z,19993.7
2026-06-28T09:00:00Z,21604.7
2026-06-28T10:00:00Z,21822.2
2026-06-28T11:00:00Z,22163.4
2026-06-28T12:00:00Z,22781.3
2026-06-28T13:00:00Z,22779.2
2026-06-28T14:00:00Z,22191.9
2026-06-28T15:00:00Z,21455.3
2026-06-28T16:00:00Z,20013.2
2026-06-28T17:00:00Z,19597.4
2026-06-28T18:00:00Z,18943.4
2026-06-28T19:00:00Z,17605.9
2026-06-28T20:00:00Z,16261.5
2026-06-28T21:00:00Z,15161.6
2026-06-28T22:00:00Z,15214.0
2026-06-28T23:00:00Z,15123.9
2026-06-29T00:00:00Z,15719.9
2026-06-29T01:00:00Z,16023.9
2026-06-29T02:00:00Z,16611.1
2026-06-29T03:00:00Z,16925.1
2026-06-29T04:00:00Z,17848.4
2026-06-29T05:00:00Z,18615.8
2026-06-29T06:00:00Z,19579.8
2026-06-29T07:00:00Z,20971.1
2026-06-29T08:00:00Z,21928.7
2026-06-29T09:00:00Z,22474.7
2026-06-29T10:00:00Z,22697.2
2026-06-29T11:00:00Z,23678.5
2026-06-29T12:00:00Z,23937.3
2026-06-29T13:00:00Z,23780.4
2026-06-29T14:00:00Z,23389.6
2026-06-29T15:00:00Z,22551.9
2026-06-29T16:00:00Z,21677.1
2026-06-29T17:00:00Z,20997.8
2026-06-29T18:00:00Z,20024.7
2026-06-29T19:00:00Z,19024.4
2026-06-29T20:00:00Z,17624.0
2026-06-29T21:00:00Z,16516.5
2026-06-29T22:00:00Z,16607.0
2026-06-29T23:00:00Z,16211.3
2026-06-30T00:00:00Z,16136.3
2026-06-30T01:00:00Z,16349.5
2026-06-30T02:00:00Z,16073.3
2026-06-30T03:00:00Z,16975.9
2026-06-30T04:00:00Z,18182.4
2026-06-30T05:00:00Z,18754.3
2026-06-30T06:00:00Z,19850.0
2026-06-30T07:00:00Z,21362.1
2026-06-30T08:00:00Z,22074.7
2026-06-30T09:00:00Z,22473.6
2026-06-30T10:00:00Z,23339.3
2026-06-30T11:00:00Z,23400.6
2026-06-30T12:00:00Z,23902.1
2026-06-30T13:00:00Z,23204.7
2026-06-30T14:00:00Z,22719.7
2026-06-30T15:00:00Z,23120.9
2026-06-30T16:00:00Z,22158.6
2026-06-30T17:00:00Z,20619.8
2026-06-30T18:00:00Z,20063.1
2026-06-30T19:00:00Z,18142.3
2026-06-30T20:00:00Z,17998.4
2026-06-30T21:00:00Z,17543.6
2026-06-30T22:00:00Z,16813.6
2026-06-30T23:00:00Z,16239.4
2026-07-01T00:00:00Z,16114.8
2026-07-01T01:00:00Z,16338.7
2026-07-01T02:00:00Z,17311.8
2026-07-01T03:00:00Z,17120.5
2026-07-01T04:00:00Z,18138.2
2026-07-01T05:00:00Z,19240.1
2026-07-01T06:00:00Z,19717.0
2026-07-01T07:00:00Z,21476.0
2026-07-01T08:00:00Z,21311.6
2026-07-01T09:00:00Z,22648.7
2026-07-01T10:00:00Z,23191.8
2026-07-01T11:00:00Z,23694.5
2026-07-01T12:00:00Z,23438.6
2026-07-01T13:00:00Z,23595.6
2026-07-01T14:00:00Z,23424.4
2026-07-01T15:00:00Z,22457.2
2026-07-01T16:00:00Z,22201.0
2026-07-01T17:00:00Z,20360.0
2026-07-01T18:00:00Z,19939.8
2026-07-01T19:00:00Z,19503.3
2026-07-01T20:00:00Z,17762.4
2026-07-01T21:00:00Z,17287.5
2026-07-01T22:00:00Z,16533.9
2026-07-01T23:00:00Z,16084.3
2026-07-02T00:00:00Z,16418.6
2026-07-02T01:00:00Z,15921.8
2026-07-02T02:00:00Z,16892.1
2026-07-02T03:00:00Z,16895.6
2026-07-02T04:00:00Z,18053.4
2026-07-02T05:00:00Z,19313.4
2026-07-02T06:00:00Z,19878.7
2026-07-02T07:00:00Z,21073.4
2026-07-02T08:00:00Z,22704.5
2026-07-02T09:00:00Z,22840.4
2026-07-02T10:00:00Z,23491.5
2026-07-02T11:00:00Z,23996.1
2026-07-02T12:00:00Z,24103.9
2026-07-02T13:00:00Z,23788.5
2026-07-02T14:00:00Z,23318.2
2026-07-02T15:00:00Z,22864.4
2026-07-02T16:00:00Z,22102.7
2026-07-02T17:00:00Z,21485.7
2026-07-02T18:00:00Z,20088.5
2026-07-02T19:00:00Z,19318.9
2026-07-02T20:00:00Z,18757.6
2026-07-02T21:00:00Z,16813.2
2026-07-02T22:00:00Z,16652.8
2026-07-02T23:00:00Z,16255.2
2026-07-03T00:00:00Z,16231.5
2026-07-03T01:00:00Z,16862.0
2026-07-03T02:00:00Z,16710.8
2026-07-03T03:00:00Z,17472.0
2026-07-03T04:00:00Z,18739.6
2026-07-03T05:00:00Z,18464.1
2026-07-03T06:00:00Z,19735.6
2026-07-03T07:00:00Z,20767.9
2026-07-03T08:00:00Z,22073.6
2026-07-03T09:00:00Z,23032.8
2026-07-03T10:00:00Z,23200.1
2026-07-03T11:00:00Z,24303.9
2026-07-03T12:00:00Z,24510.5
2026-07-03T13:00:00Z,23613.6
2026-07-03T14:00:00Z,23303.7
2026-07-03T15:00:00Z,22540.9
2026-07-03T16:00:00Z,22270.0
2026-07-03T17:00:00Z,20995.7
2026-07-03T18:00:00Z,20439.2
2026-07-03T19:00:00Z,19495.4
2026-07-03T20:00:00Z,18217.5
2026-07-03T21:00:00Z,17145.5
2026-07-03T22:00:00Z,15996.6
2026-07-03T23:00:00Z,16518.6
2026-07-04T00:00:00Z,15453.1
2026-07-04T01:00:00Z,15439.6
2026-07-04T02:00:00Z,15539.2
2026-07-04T03:00:00Z,16761.4
2026-07-04T04:00:00Z,17200.0
2026-07-04T05:00:00Z,18362.1
2026-07-04T06:00:00Z,19401.0
2026-07-04T07:00:00Z,20459.9
2026-07-04T08:00:00Z,21289.1
2026-07-04T09:00:00Z,21369.0
2026-07-04T10:00:00Z,22603.4
2026-07-04T11:00:00Z,22842.5
2026-07-04T12:00:00Z,22833.5
2026-07-04T13:00:00Z,22586.6
2026-07-04T14:00:00Z,22179.9
2026-07-04T15:00:00Z,21720.7
2026-07-04T16:00:00Z,20980.5
2026-07-04T17:00:00Z,20162.0
2026-07-04T18:00:00Z,18541.6
2026-07-04T19:00:00Z,17860.4
2026-07-04T20:00:00Z,17430.3
2026-07-04T21:00:00Z,16765.6
2026-07-04T22:00:00Z,15714.9
2026-07-04T23:00:00Z,15264.5
2026-07-05T00:00:00Z,15963.7
2026-07-05T01:00:00Z,15169.7
2026-07-05T02:00:00Z,16213.7
2026-07-05T03:00:00Z,16765.3
2026-07-05T04:00:00Z,17413.7
2026-07-05T05:00:00Z,18566.1
2026-07-05T06:00:00Z,19439.1
2026-07-05T07:00:00Z,20175.7
2026-07-05T08:00:00Z,21386.9
2026-07-05T09:00:00Z,22755.2
2026-07-05T10:00:00Z,22628.2
2026-07-05T11:00:00Z,23278.2
2026-07-05T12:00:00Z,23695.3
2026-07-05T13:00:00Z,22664.7
2026-07-05T14:00:00Z,22564.1
2026-07-05T15:00:00Z,21651.2
2026-07-05T16:00:00Z,21199.7
2026-07-05T17:00:00Z,20066.3
2026-07-05T18:00:00Z,19606.7
2026-07-05T19:00:00Z,18147.4
2026-07-05T20:00:00Z,17525.7
2026-07-05T21:00:00Z,16568.3
2026-07-05T22:00:00Z,16035.8
2026-07-05T23:00:00Z,15220.0
2026-07-06T00:00:00Z,16834.6
2026-07-06T01:00:00Z,16627.4
2026-07-06T02:00:00Z,16977.8
2026-07-06T03:00:00Z,17405.7
2026-07-06T04:00:00Z,18602.9
2026-07-06T05:00:00Z,19227.3
2026-07-06T06:00:00Z,20148.7
2026-07-06T07:00:00Z,21367.1
2026-07-06T08:00:00Z,21590.8
2026-07-06T09:00:00Z,23483.3
2026-07-06T10:00:00Z,23572.7
2026-07-06T11:00:00Z,24414.1
2026-07-06T12:00:00Z,23845.7
2026-07-06T13:00:00Z,23454.6
2026-07-06T14:00:00Z,23419.9
2026-07-06T15:00:00Z,23227.8
2026-07-06T16:00:00Z,22711.9
2026-07-06T17:00:00Z,21817.4
2026-07-06T18:00:00Z,20735.7
2026-07-06T19:00:00Z,19138.0
2026-07-06T20:00:00Z,18279.5
2026-07-06T21:00:00Z,17771.5
2026-07-06T22:00:00Z,17273.0
2026-07-06T23:00:00Z,16349.4
2026-07-07T00:00:00Z,16294.4
2026-07-07T01:00:00Z,16307.0
2026-07-07T02:00:00Z,17498.6
2026-07-07T03:00:00Z,17432.8
2026-07-07T04:00:00Z,18622.0
2026-07-07T05:00:00Z,19482.0
2026-07-07T06:00:00Z,20610.3
2026-07-07T07:00:00Z,20964.8
2026-07-07T08:00:00Z,22401.4
2026-07-07T09:00:00Z,23469.1
2026-07-07T10:00:00Z,23992.3
2026-07-07T11:00:00Z,24065.0
2026-07-07T12:00:00Z,24556.6
2026-07-07T13:00:00Z,24263.1
2026-07-07T14:00:00Z,23695.9
2026-07-07T15:00:00Z,23211.9
2026-07-07T16:00:00Z,23116.3
2026-07-07T17:00:00Z,21307.0
2026-07-07T18:00:00Z,19975.6
2026-07-07T19:00:00Z,19684.7
2026-07-07T20:00:00Z,18787.1
2026-07-07T21:00:00Z,17902.3
2026-07-07T22:00:00Z,17087.5
2026-07-07T23:00:00Z,17060.4
2026-07-08T00:00:00Z,17317.8
2026-07-08T01:00:00Z,17288.6
2026-07-08T02:00:00Z,16542.6
2026-07-08T03:00:00Z,17548.6
2026-07-08T04:00:00Z,18696.6
2026-07-08T05:00:00Z,18855.4
2026-07-08T06:00:00Z,21114.7
2026-07-08T07:00:00Z,21801.0
2026-07-08T08:00:00Z,22224.6
2026-07-08T09:00:00Z,22950.5
2026-07-08T10:00:00Z,24258.6
2026-07-08T11:00:00Z,24168.4
2026-07-08T12:00:00Z,24503.1
2026-07-08T13:00:00Z,23933.5
2026-07-08T14:00:00Z,23532.4
2026-07-08T15:00:00Z,23127.8
2026-07-08T16:00:00Z,22487.7
2026-07-08T17:00:00Z,21807.5
2026-07-08T18:00:00Z,20381.5
2026-07-08T19:00:00Z,19798.7
2026-07-08T20:00:00Z,18470.6
2026-07-08T21:00:00Z,17539.3
2026-07-08T22:00:00Z,17069.3
2026-07-08T23:00:00Z,16668.1
2026-07-09T00:00:00Z,16369.1
2026-07-09T01:00:00Z,16302.1
2026-07-09T02:00:00Z,17447.4
2026-07-09T03:00:00Z,17963.7
2026-07-09T04:00:00Z,18928.9
2026-07-09T05:00:00Z,19118.5
2026-07-09T06:00:00Z,20509.0
2026-07-09T07:00:00Z,21185.5
2026-07-09T08:00:00Z,22969.8
2026-07-09T09:00:00Z,23886.1
2026-07-09T10:00:00Z,24157.9
2026-07-09T11:00:00Z,24797.4
2026-07-09T12:00:00Z,24011.8
2026-07-09T13:00:00Z,24300.3
2026-07-09T14:00:00Z,24032.5
2026-07-09T15:00:00Z,23527.8
2026-07-09T16:00:00Z,22583.0
2026-07-09T17:00:00Z,21852.4
2026-07-09T18:00:00Z,20721.0
2026-07-09T19:00:00Z,19534.9
2026-07-09T20:00:00Z,19098.6
2026-07-09T21:00:00Z,17769.2
2026-07-09T22:00:00Z,17525.3
2026-07-09T23:00:00Z,17097.0
2026-07-10T00:00:00Z,16507.5
2026-07-10T01:00:00Z,16854.1
2026-07-10T02:00:00Z,18046.3
2026-07-10T03:00:00Z,18006.0
2026-07-10T04:00:00Z,19015.6
2026-07-10T05:00:00Z,19588.5
2026-07-10T06:00:00Z,21080.0
2026-07-10T07:00:00Z,21752.2
2026-07-10T08:00:00Z,22976.8
2026-07-10T09:00:00Z,23748.6
2026-07-10T10:00:00Z,23807.0
2026-07-10T11:00:00Z,24464.9
2026-07-10T12:00:00Z,24802.9
2026-07-10T13:00:00Z,24144.6
2026-07-10T14:00:00Z,24099.2
2026-07-10T15:00:00Z,23394.3
2026-07-10T16:00:00Z,22875.5
2026-07-10T17:00:00Z,21404.7
2026-07-10T18:00:00Z,20878.8
2026-07-10T19:00:00Z,20027.7
2026-07-10T20:00:00Z,18650.0
2026-07-10T21:00:00Z,17881.6
2026-07-10T22:00:00Z,17632.1
2026-07-10T23:00:00Z,16852.2
2026-07-11T00:00:00Z,16052.6
2026-07-11T01:00:00Z,16406.4
2026-07-11T02:00:00Z,15986.4
2026-07-11T03:00:00Z,17168.1
2026-07-11T04:00:00Z,18208.7
2026-07-11T05:00:00Z,18290.9
2026-07-11T06:00:00Z,19811.7
2026-07-11T07:00:00Z,20895.3
2026-07-11T08:00:00Z,21549.6
2026-07-11T09:00:00Z,22552.7
2026-07-11T10:00:00Z,22751.8
2026-07-11T11:00:00Z,23479.1
2026-07-11T12:00:00Z,23361.6
2026-07-11T13:00:00Z,23690.3
2026-07-11T14:00:00Z,23086.2
2026-07-11T15:00:00Z,22485.2
2026-07-11T16:00:00Z,21972.0
2026-07-11T17:00:00Z,20862.1
2026-07-11T18:00:00Z,19543.8
2026-07-11T19:00:00Z,18665.4
2026-07-11T20:00:00Z,17589.4
2026-07-11T21:00:00Z,17185.3
2026-07-11T22:00:00Z,16811.4
2026-07-11T23:00:00Z,16630.1
2026-07-12T00:00:00Z,16227.2
2026-07-12T01:00:00Z,15862.5
2026-07-12T02:00:00Z,16722.4
2026-07-12T03:00:00Z,16766.3
2026-07-12T04:00:00Z,17456.8
2026-07-12T05:00:00Z,18498.4
2026-07-12T06:00:00Z,19938.6
2026-07-12T07:00:00Z,20300.2
2026-07-12T08:00:00Z,21917.9
2026-07-12T09:00:00Z,22508.3
2026-07-12T10:00:00Z,23696.4
2026-07-12T11:00:00Z,23542.1
2026-07-12T12:00:00Z,23550.4
2026-07-12T13:00:00Z,23193.3
2026-07-12T14:00:00Z,22894.3
2026-07-12T15:00:00Z,22616.4
2026-07-12T16:00:00Z,21302.0
2026-07-12T17:00:00Z,19974.5
2026-07-12T18:00:00Z,19634.7
2026-07-12T19:00:00Z,18758.4
2026-07-12T20:00:00Z,17802.2
2026-07-12T21:00:00Z,16962.5
2026-07-12T22:00:00Z,16188.6
2026-07-12T23:00:00Z,15594.1
2026-07-13T00:00:00Z,17558.2
2026-07-13T01:00:00Z,17461.7
2026-07-13T02:00:00Z,17729.5
2026-07-13T03:00:00Z,18075.3
2026-07-13T04:00:00Z,18777.2
2026-07-13T05:00:00Z,19878.6
2026-07-13T06:00:00Z,21152.7
2026-07-13T07:00:00Z,21980.7
2026-07-13T08:00:00Z,22875.8
2026-07-13T09:00:00Z,23865.8
2026-07-13T10:00:00Z,24082.6
2026-07-13T11:00:00Z,24402.9
2026-07-13T12:00:00Z,24688.1
2026-07-13T13:00:00Z,24615.0
2026-07-13T14:00:00Z,24849.6
2026-07-13T15:00:00Z,24396.9
2026-07-13T16:00:00Z,22536.7
2026-07-13T17:00:00Z,21693.4
2026-07-13T18:00:00Z,20946.9
2026-07-13T19:00:00Z,19330.9
2026-07-13T20:00:00Z,18822.3
2026-07-13T21:00:00Z,18639.4
2026-07-13T22:00:00Z,17363.5
2026-07-13T23:00:00Z,17065.7
2026-07-14T00:00:00Z,17505.8
2026-07-14T01:00:00Z,17861.2
2026-07-14T02:00:00Z,17611.5
2026-07-14T03:00:00Z,18289.4
2026-07-14T04:00:00Z,19188.0
2026-07-14T05:00:00Z,20313.2
2026-07-14T06:00:00Z,20468.6
2026-07-14T07:00:00Z,22118.8
2026-07-14T08:00:00Z,22817.9
2026-07-14T09:00:00Z,23841.4
2026-07-14T10:00:00Z,24563.5
2026-07-14T11:00:00Z,23999.7
2026-07-14T12:00:00Z,25201.7
2026-07-14T13:00:00Z,24775.7
2026-07-14T14:00:00Z,24256.3
2026-07-14T15:00:00Z,23917.3
2026-07-14T16:00:00Z,23118.8
2026-07-14T17:00:00Z,22684.2
2026-07-14T18:00:00Z,21272.7
2026-07-14T19:00:00Z,20301.7
2026-07-14T20:00:00Z,19187.7
2026-07-14T21:00:00Z,18530.3
2026-07-14T22:00:00Z,17416.1
2026-07-14T23:00:00Z,17554.9
2026-07-15T00:00:00Z,17323.8
2026-07-15T01:00:00Z,17653.5
2026-07-15T02:00:00Z,18055.9
2026-07-15T03:00:00Z,17937.9
2026-07-15T04:00:00Z,19326.8
2026-07-15T05:00:00Z,20342.6
2026-07-15T06:00:00Z,21439.9
2026-07-15T07:00:00Z,21488.8
2026-07-15T08:00:00Z,23164.7
2026-07-15T09:00:00Z,23407.6
2026-07-15T10:00:00Z,24219.0
2026-07-15T11:00:00Z,24938.8
2026-07-15T12:00:00Z,25141.3
2026-07-15T13:00:00Z,24862.6
2026-07-15T14:00:00Z,24339.7
2026-07-15T15:00:00Z,23700.2
2026-07-15T16:00:00Z,23275.5
2026-07-15T17:00:00Z,22366.8
2026-07-15T18:00:00Z,21147.2
2026-07-15T19:00:00Z,19552.2
2026-07-15T20:00:00Z,18457.5
2026-07-15T21:00:00Z,17874.1
2026-07-15T22:00:00Z,17608.9
2026-07-15T23:00:00Z,17616.5
2026-07-16T00:00:00Z,17200.5
2026-07-16T01:00:00Z,17282.4
2026-07-16T02:00:00Z,17786.8
2026-07-16T03:00:00Z,18363.2
2026-07-16T04:00:00Z,19100.0
2026-07-16T05:00:00Z,19921.1
2026-07-16T06:00:00Z,20945.3
2026-07-16T07:00:00Z,22104.5
2026-07-16T08:00:00Z,23100.9
2026-07-16T09:00:00Z,23715.1
2026-07-16T10:00:00Z,24780.4
2026-07-16T11:00:00Z,24550.1
2026-07-16T12:00:00Z,25178.0
2026-07-16T13:00:00Z,24671.6
2026-07-16T14:00:00Z,24705.7
2026-07-16T15:00:00Z,23575.6
2026-07-16T16:00:00Z,23095.7
2026-07-16T17:00:00Z,22472.8
2026-07-16T18:00:00Z,21427.2
2026-07-16T19:00:00Z,19906.6
2026-07-16T20:00:00Z,19050.2
2026-07-16T21:00:00Z,18071.6
2026-07-16T22:00:00Z,17717.3
2026-07-16T23:00:00Z,16948.1
2026-07-17T00:00:00Z,17263.9
2026-07-17T01:00:00Z,17255.4
2026-07-17T02:00:00Z,17871.5
2026-07-17T03:00:00Z,18438.7
2026-07-17T04:00:00Z,19290.9
2026-07-17T05:00:00Z,20250.0
2026-07-17T06:00:00Z,21544.2
2026-07-17T07:00:00Z,22162.0
2026-07-17T08:00:00Z,23004.0
2026-07-17T09:00:00Z,24313.8
2026-07-17T10:00:00Z,23605.8
2026-07-17T11:00:00Z,24658.6
2026-07-17T12:00:00Z,24778.0
2026-07-17T13:00:00Z,25463.5
2026-07-17T14:00:00Z,24788.1
2026-07-17T15:00:00Z,24151.6
2026-07-17T16:00:00Z,23183.3
2026-07-17T17:00:00Z,22367.5
2026-07-17T18:00:00Z,21701.3
2026-07-17T19:00:00Z,19719.0
2026-07-17T20:00:00Z,19042.0
2026-07-17T21:00:00Z,18672.3
2026-07-17T22:00:00Z,17650.9
2026-07-17T23:00:00Z,17778.1
2026-07-18T00:00:00Z,16665.1
2026-07-18T01:00:00Z,16900.6
2026-07-18T02:00:00Z,16407.1
2026-07-18T03:00:00Z,17597.7
2026-07-18T04:00:00Z,18680.3
2026-07-18T05:00:00Z,19139.0
2026-07-18T06:00:00Z,20595.2
2026-07-18T07:00:00Z,21183.6
2026-07-18T08:00:00Z,21830.2
2026-07-18T09:00:00Z,23537.0
2026-07-18T10:00:00Z,23154.9
2026-07-18T11:00:00Z,24032.3
2026-07-18T12:00:00Z,24086.0
2026-07-18T13:00:00Z,23805.8
2026-07-18T14:00:00Z,23423.5
2026-07-18T15:00:00Z,22443.4
2026-07-18T16:00:00Z,22281.7
2026-07-18T17:00:00Z,20921.4
2026-07-18T18:00:00Z,20862.7
2026-07-18T19:00:00Z,19138.4
2026-07-18T20:00:00Z,17816.5
2026-07-18T21:00:00Z,17656.3
2026-07-18T22:00:00Z,17204.0
2026-07-18T23:00:00Z,16912.5
2026-07-19T00:00:00Z,16383.2
2026-07-19T01:00:00Z,16605.4
2026-07-19T02:00:00Z,16962.4
2026-07-19T03:00:00Z,17810.6
2026-07-19T04:00:00Z,18864.3
2026-07-19T05:00:00Z,19664.3
2026-07-19T06:00:00Z,20229.9
2026-07-19T07:00:00Z,21295.0
2026-07-19T08:00:00Z,22251.3
2026-07-19T09:00:00Z,22890.1
2026-07-19T10:00:00Z,23351.1
2026-07-19T11:00:00Z,23933.7
2026-07-19T12:00:00Z,24368.2
2026-07-19T13:00:00Z,24235.3
2026-07-19T14:00:00Z,23349.7
2026-07-19T15:00:00Z,23172.9
2026-07-19T16:00:00Z,22202.2
2026-07-19T17:00:00Z,21441.6
2026-07-19T18:00:00Z,20567.0
2026-07-19T19:00:00Z,19496.0
2026-07-19T20:00:00Z,18711.2
2026-07-19T21:00:00Z,17839.8
2026-07-19T22:00:00Z,17267.5
2026-07-19T23:00:00Z,16577.7
2026-07-20T00:00:00Z,17101.3
2026-07-20T01:00:00Z,17062.4
2026-07-20T02:00:00Z,18095.6
2026-07-20T03:00:00Z,18684.7
2026-07-20T04:00:00Z,19058.9
2026-07-20T05:00:00Z,20033.9
2026-07-20T06:00:00Z,20772.2
2026-07-20T07:00:00Z,22859.4
2026-07-20T08:00:00Z,22663.7
2026-07-20T09:00:00Z,23524.1
2026-07-20T10:00:00Z,24997.1
2026-07-20T11:00:00Z,25476.1
2026-07-20T12:00:00Z,25149.1
2026-07-20T13:00:00Z,25360.3
2026-07-20T14:00:00Z,25000.5
2026-07-20T15:00:00Z,24030.0
2026-07-20T16:00:00Z,24254.5
2026-07-20T17:00:00Z,22667.5
2026-07-20T18:00:00Z,21636.3
2026-07-20T19:00:00Z,20513.3
2026-07-20T20:00:00Z,19723.0
2026-07-20T21:00:00Z,18483.0
2026-07-20T22:00:00Z,18143.9
2026-07-20T23:00:00Z,17833.5
2026-07-21T00:00:00Z,17838.6
2026-07-21T01:00:00Z,17748.6
2026-07-21T02:00:00Z,18325.3
2026-07-21T03:00:00Z,18703.1
2026-07-21T04:00:00Z,20106.6
2026-07-21T05:00:00Z,20224.6
2026-07-21T06:00:00Z,21133.4
2026-07-21T07:00:00Z,22573.3
2026-07-21T08:00:00Z,23738.1
2026-07-21T09:00:00Z,24137.6
2026-07-21T10:00:00Z,24944.0
2026-07-21T11:00:00Z,25310.0
2026-07-21T12:00:00Z,25539.6
2026-07-21T13:00:00Z,25781.5
2026-07-21T14:00:00Z,24582.0
2026-07-21T15:00:00Z,24078.8
2026-07-21T16:00:00Z,23507.2
2026-07-21T17:00:00Z,22479.1
2026-07-21T18:00:00Z,21686.3
2026-07-21T19:00:00Z,21115.5
2026-07-21T20:00:00Z,19863.4
2026-07-21T21:00:00Z,18716.9
2026-07-21T22:00:00Z,18495.8
2026-07-21T23:00:00Z,18060.4
2026-07-22T00:00:00Z,18459.0
2026-07-22T01:00:00Z,17642.8
2026-07-22T02:00:00Z,18441.4
2026-07-22T03:00:00Z,19280.1
2026-07-22T04:00:00Z,20015.9
2026-07-22T05:00:00Z,20751.0
2026-07-22T06:00:00Z,21466.1
2026-07-22T07:00:00Z,22389.9
2026-07-22T08:00:00Z,23288.8
2026-07-22T09:00:00Z,24468.6
2026-07-22T10:00:00Z,25167.3
2026-07-22T11:00:00Z,25307.3
2026-07-22T12:00:00Z,25326.6
2026-07-22T13:00:00Z,25452.8
2026-07-22T14:00:00Z,24524.1
2026-07-22T15:00:00Z,25173.3
2026-07-22T16:00:00Z,23364.6
2026-07-22T17:00:00Z,22758.7
2026-07-22T18:00:00Z,21678.1
2026-07-22T19:00:00Z,20679.8
2026-07-22T20:00:00Z,19856.4
2026-07-22T21:00:00Z,18615.8
2026-07-22T22:00:00Z,18958.7
2026-07-22T23:00:00Z,18045.7
2026-07-23T00:00:00Z,17424.6
2026-07-23T01:00:00Z,18508.3
2026-07-23T02:00:00Z,18656.5
2026-07-23T03:00:00Z,19025.5
2026-07-23T04:00:00Z,19917.9
2026-07-23T05:00:00Z,20515.4
2026-07-23T06:00:00Z,22447.0
2026-07-23T07:00:00Z,22832.0
2026-07-23T08:00:00Z,23541.3
2026-07-23T09:00:00Z,24004.1
2026-07-23T10:00:00Z,24800.9
2026-07-23T11:00:00Z,24901.0
2026-07-23T12:00:00Z,25567.6
2026-07-23T13:00:00Z,25324.1
2026-07-23T14:00:00Z,24813.3
2026-07-23T15:00:00Z,24397.1
2026-07-23T16:00:00Z,23781.2
2026-07-23T17:00:00Z,22742.0
2026-07-23T18:00:00Z,21566.5
2026-07-23T19:00:00Z,20947.1
2026-07-23T20:00:00Z,19761.4
2026-07-23T21:00:00Z,19092.0
2026-07-23T22:00:00Z,18352.0
2026-07-23T23:00:00Z,17884.5
2026-07-24T00:00:00Z,18573.2
2026-07-24T01:00:00Z,17830.3
2026-07-24T02:00:00Z,17896.0
2026-07-24T03:00:00Z,18608.1
2026-07-24T04:00:00Z,19542.4
2026-07-24T05:00:00Z,21438.7
2026-07-24T06:00:00Z,22789.1
2026-07-24T07:00:00Z,22198.9
2026-07-24T08:00:00Z,24064.2
2026-07-24T09:00:00Z,24544.7
2026-07-24T10:00:00Z,25810.6
2026-07-24T11:00:00Z,25703.5
2026-07-24T12:00:00Z,25521.8
2026-07-24T13:00:00Z,25876.1
2026-07-24T14:00:00Z,25245.6
2026-07-24T15:00:00Z,24620.1
2026-07-24T16:00:00Z,23206.0
2026-07-24T17:00:00Z,22946.9
2026-07-24T18:00:00Z,21918.2
2026-07-24T19:00:00Z,20878.7
2026-07-24T20:00:00Z,19845.3
2026-07-24T21:00:00Z,19265.0
2026-07-24T22:00:00Z,18459.3
2026-07-24T23:00:00Z,17707.8
2026-07-25T00:00:00Z,17112.6
2026-07-25T01:00:00Z,16667.9
2026-07-25T02:00:00Z,17598.5
2026-07-25T03:00:00Z,18183.5
2026-07-25T04:00:00Z,19506.5
2026-07-25T05:00:00Z,20160.2
2026-07-25T06:00:00Z,21232.7
2026-07-25T07:00:00Z,22181.0
2026-07-25T08:00:00Z,22662.2
2026-07-25T09:00:00Z,23844.0
2026-07-25T10:00:00Z,24489.1
2026-07-25T11:00:00Z,24215.6
2026-07-25T12:00:00Z,24556.6
2026-07-25T13:00:00Z,25074.5
2026-07-25T14:00:00Z,24738.2
2026-07-25T15:00:00Z,24185.7
2026-07-25T16:00:00Z,23211.4
2026-07-25T17:00:00Z,21204.2
2026-07-25T18:00:00Z,20597.7
2026-07-25T19:00:00Z,19300.3
2026-07-25T20:00:00Z,18446.6
2026-07-25T21:00:00Z,18329.0
2026-07-25T22:00:00Z,17340.3
2026-07-25T23:00:00Z,16873.4
2026-07-26T00:00:00Z,16796.9
2026-07-26T01:00:00Z,16962.7
2026-07-26T02:00:00Z,17217.9
2026-07-26T03:00:00Z,17778.5
2026-07-26T04:00:00Z,19299.8
2026-07-26T05:00:00Z,19903.1
2026-07-26T06:00:00Z,20363.1
2026-07-26T07:00:00Z,21731.1
2026-07-26T08:00:00Z,22836.7
2026-07-26T09:00:00Z,23376.4
2026-07-26T10:00:00Z,24417.9
2026-07-26T11:00:00Z,24462.7
2026-07-26T12:00:00Z,24881.0
2026-07-26T13:00:00Z,24836.6
2026-07-26T14:00:00Z,24291.2
2026-07-26T15:00:00Z,23535.5
2026-07-26T16:00:00Z,23034.5
2026-07-26T17:00:00Z,22223.8
2026-07-26T18:00:00Z,21377.1
2026-07-26T19:00:00Z,20069.4
2026-07-26T20:00:00Z,18521.9
2026-07-26T21:00:00Z,18658.3
2026-07-26T22:00:00Z,17091.3
2026-07-26T23:00:00Z,16856.0
2026-07-27T00:00:00Z,18924.8
2026-07-27T01:00:00Z,18461.7
2026-07-27T02:00:00Z,19415.8
2026-07-27T03:00:00Z,19373.3
2026-07-27T04:00:00Z,20122.8
2026-07-27T05:00:00Z,20356.8
2026-07-27T06:00:00Z,22061.5
2026-07-27T07:00:00Z,23286.4
2026-07-27T08:00:00Z,24117.8
2026-07-27T09:00:00Z,25613.2
2026-07-27T10:00:00Z,25704.8
2026-07-27T11:00:00Z,25990.7
2026-07-27T12:00:00Z,26297.8
2026-07-27T13:00:00Z,25979.3
2026-07-27T14:00:00Z,25630.4
2026-07-27T15:00:00Z,24590.9
2026-07-27T16:00:00Z,23425.8
2026-07-27T17:00:00Z,23012.9
2026-07-27T18:00:00Z,21960.2
2026-07-27T19:00:00Z,21167.8
2026-07-27T20:00:00Z,20408.7
2026-07-27T21:00:00Z,19348.4
2026-07-27T22:00:00Z,18321.9
2026-07-27T23:00:00Z,18429.5
2026-07-28T00:00:00Z,18591.9
2026-07-28T01:00:00Z,18087.2
2026-07-28T02:00:00Z,19102.3
2026-07-28T03:00:00Z,19212.7
2026-07-28T04:00:00Z,20068.1
2026-07-28T05:00:00Z,21618.5
2026-07-28T06:00:00Z,22125.1
2026-07-28T07:00:00Z,23453.4
2026-07-28T08:00:00Z,24341.7
2026-07-28T09:00:00Z,24989.6
2026-07-28T10:00:00Z,26116.5
2026-07-28T11:00:00Z,26123.4
2026-07-28T12:00:00Z,26382.6
