timestamp,demand_mwh
2025-06-23T13:00:00Z,85840.5
2025-06-23T14:00:00Z,83534.2
2025-06-23T15:00:00Z,80259.3
2025-06-23T16:00:00Z,76490.5
2025-06-23T17:00:00Z,72342.0
2025-06-23T18:00:00Z,70939.9
2025-06-23T19:00:00Z,66313.4
2025-06-23T20:00:00Z,62838.3
2025-06-23T21:00:00Z,60680.7
2025-06-23T22:00:00Z,58638.7
2025-06-23T23:00:00Z,54613.3
2025-06-24T00:00:00Z,58165.8
2025-06-24T01:00:00Z,55175.9
2025-06-24T02:00:00Z,61154.7
2025-06-24T03:00:00Z,61904.7
2025-06-24T04:00:00Z,63577.6
2025-06-24T05:00:00Z,69114.1
2025-06-24T06:00:00Z,71211.1
2025-06-24T07:00:00Z,75650.5
2025-06-24T08:00:00Z,78367.0
2025-06-24T09:00:00Z,82452.1
2025-06-24T10:00:00Z,84652.9
2025-06-24T11:00:00Z,83747.6
2025-06-24T12:00:00Z,84575.0
2025-06-24T13:00:00Z,85217.9
2025-06-24T14:00:00Z,83158.1
2025-06-24T15:00:00Z,78476.5
2025-06-24T16:00:00Z,80623.0
2025-06-24T17:00:00Z,72281.0
2025-06-24T18:00:00Z,68739.3
2025-06-24T19:00:00Z,66034.7
2025-06-24T20:00:00Z,64796.5
2025-06-24T21:00:00Z,63322.0
2025-06-24T22:00:00Z,58691.5
2025-06-24T23:00:00Z,57099.1
2025-06-25T00:00:00Z,57553.4
2025-06-25T01:00:00Z,57398.4
2025-06-25T02:00:00Z,59336.0
2025-06-25T03:00:00Z,60141.0
2025-06-25T04:00:00Z,64918.5
2025-06-25T05:00:00Z,68267.5
2025-06-25T06:00:00Z,68594.1
2025-06-25T07:00:00Z,74979.4
2025-06-25T08:00:00Z,78703.3
2025-06-25T09:00:00Z,82093.5
2025-06-25T10:00:00Z,82716.3
2025-06-25T11:00:00Z,83523.8
2025-06-25T12:00:00Z,84448.2
2025-06-25T13:00:00Z,85729.6
2025-06-25T14:00:00Z,82674.3
2025-06-25T15:00:00Z,80535.3
2025-06-25T16:00:00Z,79856.4
2025-06-25T17:00:00Z,74184.7
2025-06-25T18:00:00Z,70400.9
2025-06-25T19:00:00Z,67698.6
2025-06-25T20:00:00Z,64636.7
2025-06-25T21:00:00Z,62701.2
2025-06-25T22:00:00Z,58205.3
2025-06-25T23:00:00Z,55986.0
2025-06-26T00:00:00Z,57477.8
2025-06-26T01:00:00Z,58859.3
2025-06-26T02:00:00Z,57770.2
2025-06-26T03:00:00Z,61181.2
2025-06-26T04:00:00Z,65036.1
2025-06-26T05:00:00Z,68350.4
2025-06-26T06:00:00Z,71828.3
2025-06-26T07:00:00Z,75079.9
2025-06-26T08:00:00Z,77844.8
2025-06-26T09:00:00Z,80615.3
2025-06-26T10:00:00Z,85308.1
2025-06-26T11:00:00Z,84044.6
2025-06-26T12:00:00Z,87282.6
2025-06-26T13:00:00Z,83812.0
2025-06-26T14:00:00Z,87362.4
2025-06-26T15:00:00Z,79663.0
2025-06-26T16:00:00Z,80670.7
2025-06-26T17:00:00Z,74327.2
2025-06-26T18:00:00Z,71594.4
2025-06-26T19:00:00Z,68001.7
2025-06-26T20:00:00Z,63909.3
2025-06-26T21:00:00Z,64374.1
2025-06-26T22:00:00Z,59623.6
2025-06-26T23:00:00Z,56549.4
2025-06-27T00:00:00Z,58656.8
2025-06-27T01:00:00Z,59215.0
2025-06-27T02:00:00Z,58437.7
2025-06-27T03:00:00Z,62658.7
2025-06-27T04:00:00Z,65032.0
2025-06-27T05:00:00Z,69318.1
2025-06-27T06:00:00Z,72842.5
2025-06-27T07:00:00Z,75646.8
2025-06-27T08:00:00Z,78579.4
2025-06-27T09:00:00Z,83051.7
2025-06-27T10:00:00Z,84591.7
2025-06-27T11:00:00Z,83882.0
2025-06-27T12:00:00Z,85473.1
2025-06-27T13:00:00Z,85064.7
2025-06-27T14:00:00Z,83915.3
2025-06-27T15:00:00Z,84667.1
2025-06-27T16:00:00Z,78615.9
2025-06-27T17:00:00Z,76217.9
2025-06-27T18:00:00Z,73951.4
2025-06-27T19:00:00Z,68945.8
2025-06-27T20:00:00Z,65458.7
2025-06-27T21:00:00Z,63555.0
2025-06-27T22:00:00Z,60018.8
2025-06-27T23:00:00Z,58596.1
2025-06-28T00:00:00Z,55064.1
2025-06-28T01:00:00Z,55219.6
2025-06-28T02:00:00Z,55344.7
2025-06-28T03:00:00Z,57015.9
2025-06-28T04:00:00Z,61175.3
2025-06-28T05:00:00Z,66355.0
2025-06-28T06:00:00Z,68096.7
2025-06-28T07:00:00Z,73364.7
2025-06-28T08:00:00Z,75902.2
2025-06-28T09:00:00Z,77975.9
2025-06-28T10:00:00Z,77485.1
2025-06-28T11:00:00Z,82251.8
2025-06-28T12:00:00Z,82145.8
2025-06-28T13:00:00Z,80108.9
2025-06-28T14:00:00Z,81186.1
2025-06-28T15:00:00Z,78309.2
2025-06-28T16:00:00Z,75858.1
2025-06-28T17:00:00Z,71303.8
2025-06-28T18:00:00Z,68600.4
2025-06-28T19:00:00Z,64154.9
2025-06-28T20:00:00Z,62560.7
2025-06-28T21:00:00Z,58532.8
2025-06-28T22:00:00Z,54495.6
2025-06-28T23:00:00Z,54987.1
2025-06-29T00:00:00Z,54612.4
2025-06-29T01:00:00Z,54774.5
2025-06-29T02:00:00Z,54836.3
2025-06-29T03:00:00Z,59910.9
2025-06-29T04:00:00Z,60727.0
2025-06-29T05:00:00Z,66850.6
2025-06-29T06:00:00Z,67865.5
2025-06-29T07:00:00Z,72331.2
2025-06-29T08:00:00Z,75643.0
2025-06-29T09:00:00Z,78795.4
2025-06-29T10:00:00Z,83967.6
2025-06-29T11:00:00Z,81683.4
2025-06-29T12:00:00Z,85183.0
2025-06-29T13:00:00Z,83002.2
2025-06-29T14:00:00Z,80042.6
2025-06-29T15:00:00Z,80093.8
2025-06-29T16:00:00Z,76684.2
2025-06-29T17:00:00Z,73415.1
2025-06-29T18:00:00Z,67073.0
2025-06-29T19:00:00Z,65581.0
2025-06-29T20:00:00Z,61113.9
2025-06-29T21:00:00Z,58498.1
2025-06-29T22:00:00Z,56268.5
2025-06-29T23:00:00Z,55061.5
2025-06-30T00:00:00Z,60602.1
2025-06-30T01:00:00Z,59657.9
2025-06-30T02:00:00Z,58453.5
2025-06-30T03:00:00Z,64330.5
2025-06-30T04:00:00Z,65889.5
2025-06-30T05:00:00Z,69343.8
2025-06-30T06:00:00Z,70693.1
2025-06-30T07:00:00Z,76962.3
2025-06-30T08:00:00Z,79308.3
2025-06-30T09:00:00Z,83940.5
2025-06-30T10:00:00Z,85595.4
2025-06-30T11:00:00Z,87441.7
2025-06-30T12:00:00Z,86510.6
2025-06-30T13:00:00Z,84317.7
2025-06-30T14:00:00Z,86198.1
2025-06-30T15:00:00Z,83311.2
2025-06-30T16:00:00Z,79506.3
2025-06-30T17:00:00Z,75837.3
2025-06-30T18:00:00Z,71799.5
2025-06-30T19:00:00Z,67116.9
2025-06-30T20:00:00Z,64402.4
2025-06-30T21:00:00Z,62782.1
2025-06-30T22:00:00Z,62514.7
2025-06-30T23:00:00Z,59745.7
2025-07-01T00:00:00Z,60900.9
2025-07-01T01:00:00Z,58307.6
2025-07-01T02:00:00Z,62381.8
2025-07-01T03:00:00Z,62657.2
2025-07-01T04:00:00Z,67792.4
2025-07-01T05:00:00Z,70915.3
2025-07-01T06:00:00Z,73164.2
2025-07-01T07:00:00Z,76932.3
2025-07-01T08:00:00Z,81608.2
2025-07-01T09:00:00Z,82163.3
2025-07-01T10:00:00Z,82798.0
2025-07-01T11:00:00Z,87710.9
2025-07-01T12:00:00Z,89793.2
2025-07-01T13:00:00Z,84521.0
2025-07-01T14:00:00Z,85587.4
2025-07-01T15:00:00Z,81709.0
2025-07-01T16:00:00Z,79835.9
2025-07-01T17:00:00Z,75598.4
2025-07-01T18:00:00Z,74151.3
2025-07-01T19:00:00Z,68830.1
2025-07-01T20:00:00Z,65841.6
2025-07-01T21:00:00Z,61872.2
2025-07-01T22:00:00Z,61766.0
2025-07-01T23:00:00Z,58895.4
2025-07-02T00:00:00Z,58852.7
2025-07-02T01:00:00Z,59689.4
2025-07-02T02:00:00Z,59480.9
2025-07-02T03:00:00Z,63405.4
2025-07-02T04:00:00Z,64456.7
2025-07-02T05:00:00Z,69498.1
2025-07-02T06:00:00Z,73147.7
2025-07-02T07:00:00Z,76586.9
2025-07-02T08:00:00Z,80225.4
2025-07-02T09:00:00Z,82589.4
2025-07-02T10:00:00Z,86224.9
2025-07-02T11:00:00Z,87029.9
2025-07-02T12:00:00Z,86960.3
2025-07-02T13:00:00Z,86764.4
2025-07-02T14:00:00Z,84828.4
2025-07-02T15:00:00Z,83232.4
2025-07-02T16:00:00Z,80091.9
2025-07-02T17:00:00Z,74939.4
2025-07-02T18:00:00Z,75343.1
2025-07-02T19:00:00Z,69231.4
2025-07-02T20:00:00Z,65562.4
2025-07-02T21:00:00Z,63783.1
2025-07-02T22:00:00Z,58731.4
2025-07-02T23:00:00Z,59310.6
2025-07-03T00:00:00Z,59942.7
2025-07-03T01:00:00Z,59752.0
2025-07-03T02:00:00Z,61547.7
2025-07-03T03:00:00Z,63192.2
2025-07-03T04:00:00Z,66203.4
2025-07-03T05:00:00Z,69991.4
2025-07-03T06:00:00Z,73869.2
2025-07-03T07:00:00Z,76054.9
2025-07-03T08:00:00Z,81073.1
2025-07-03T09:00:00Z,84016.8
2025-07-03T10:00:00Z,85181.8
2025-07-03T11:00:00Z,86645.1
2025-07-03T12:00:00Z,87936.9
2025-07-03T13:00:00Z,88686.0
2025-07-03T14:00:00Z,87187.9
2025-07-03T15:00:00Z,82688.8
2025-07-03T16:00:00Z,80108.0
2025-07-03T17:00:00Z,76681.2
2025-07-03T18:00:00Z,74138.3
2025-07-03T19:00:00Z,69849.5
2025-07-03T20:00:00Z,67009.6
2025-07-03T21:00:00Z,65176.3
2025-07-03T22:00:00Z,61719.0
2025-07-03T23:00:00Z,60524.7
2025-07-04T00:00:00Z,60259.1
2025-07-04T01:00:00Z,59429.1
2025-07-04T02:00:00Z,61550.9
2025-07-04T03:00:00Z,63695.1
2025-07-04T04:00:00Z,66288.7
2025-07-04T05:00:00Z,72064.8
2025-07-04T06:00:00Z,74598.1
2025-07-04T07:00:00Z,74426.9
2025-07-04T08:00:00Z,80026.5
2025-07-04T09:00:00Z,83791.2
2025-07-04T10:00:00Z,86143.0
2025-07-04T11:00:00Z,86586.4
2025-07-04T12:00:00Z,87649.6
2025-07-04T13:00:00Z,87091.3
2025-07-04T14:00:00Z,85591.0
2025-07-04T15:00:00Z,84644.3
2025-07-04T16:00:00Z,80920.0
2025-07-04T17:00:00Z,76910.0
2025-07-04T18:00:00Z,73579.6
2025-07-04T19:00:00Z,70270.6
2025-07-04T20:00:00Z,65579.8
2025-07-04T21:00:00Z,63304.3
2025-07-04T22:00:00Z,62421.9
2025-07-04T23:00:00Z,61475.4
2025-07-05T00:00:00Z,53426.8
2025-07-05T01:00:00Z,59563.6
2025-07-05T02:00:00Z,57363.0
2025-07-05T03:00:00Z,61293.1
2025-07-05T04:00:00Z,61671.6
2025-07-05T05:00:00Z,67506.7
2025-07-05T06:00:00Z,70376.1
2025-07-05T07:00:00Z,73903.4
2025-07-05T08:00:00Z,77047.4
2025-07-05T09:00:00Z,80024.9
2025-07-05T10:00:00Z,83430.5
2025-07-05T11:00:00Z,83086.4
2025-07-05T12:00:00Z,84154.6
2025-07-05T13:00:00Z,83509.5
2025-07-05T14:00:00Z,80641.7
2025-07-05T15:00:00Z,80432.1
2025-07-05T16:00:00Z,77354.5
2025-07-05T17:00:00Z,73431.9
2025-07-05T18:00:00Z,68737.6
2025-07-05T19:00:00Z,66283.5
2025-07-05T20:00:00Z,63099.9
2025-07-05T21:00:00Z,60357.8
2025-07-05T22:00:00Z,58188.1
2025-07-05T23:00:00Z,55307.6
2025-07-06T00:00:00Z,57727.8
2025-07-06T01:00:00Z,57939.8
2025-07-06T02:00:00Z,59345.0
2025-07-06T03:00:00Z,61208.0
2025-07-06T04:00:00Z,65129.5
2025-07-06T05:00:00Z,67844.1
2025-07-06T06:00:00Z,71961.7
2025-07-06T07:00:00Z,74671.1
2025-07-06T08:00:00Z,77860.7
2025-07-06T09:00:00Z,81356.7
2025-07-06T10:00:00Z,82027.4
2025-07-06T11:00:00Z,83996.9
2025-07-06T12:00:00Z,84987.4
2025-07-06T13:00:00Z,83571.2
2025-07-06T14:00:00Z,79978.6
2025-07-06T15:00:00Z,79924.8
2025-07-06T16:00:00Z,76815.7
2025-07-06T17:00:00Z,75297.8
2025-07-06T18:00:00Z,68391.0
2025-07-06T19:00:00Z,66077.8
2025-07-06T20:00:00Z,65450.8
2025-07-06T21:00:00Z,57875.9
2025-07-06T22:00:00Z,58091.0
2025-07-06T23:00:00Z,56245.9
2025-07-07T00:00:00Z,58709.5
2025-07-07T01:00:00Z,61217.1
2025-07-07T02:00:00Z,61574.9
2025-07-07T03:00:00Z,61678.0
2025-07-07T04:00:00Z,67063.3
2025-07-07T05:00:00Z,69595.7
2025-07-07T06:00:00Z,76103.0
2025-07-07T07:00:00Z,78500.2
2025-07-07T08:00:00Z,80584.4
2025-07-07T09:00:00Z,85048.0
2025-07-07T10:00:00Z,89291.3
2025-07-07T11:00:00Z,86942.4
2025-07-07T12:00:00Z,87753.5
2025-07-07T13:00:00Z,88336.1
2025-07-07T14:00:00Z,87102.7
2025-07-07T15:00:00Z,85000.1
2025-07-07T16:00:00Z,80109.4
2025-07-07T17:00:00Z,78601.5
2025-07-07T18:00:00Z,73447.1
2025-07-07T19:00:00Z,70255.0
2025-07-07T20:00:00Z,68838.1
2025-07-07T21:00:00Z,63990.1
2025-07-07T22:00:00Z,63306.2
2025-07-07T23:00:00Z,60801.8
2025-07-08T00:00:00Z,61193.8
2025-07-08T01:00:00Z,61661.5
2025-07-08T02:00:00Z,63642.2
2025-07-08T03:00:00Z,65994.4
2025-07-08T04:00:00Z,67188.2
2025-07-08T05:00:00Z,73410.2
2025-07-08T06:00:00Z,75824.4
2025-07-08T07:00:00Z,79889.6
2025-07-08T08:00:00Z,83341.1
2025-07-08T09:00:00Z,84542.4
2025-07-08T10:00:00Z,87271.0
2025-07-08T11:00:00Z,88853.3
2025-07-08T12:00:00Z,89572.9
2025-07-08T13:00:00Z,90753.3
2025-07-08T14:00:00Z,89531.2
2025-07-08T15:00:00Z,89172.8
2025-07-08T16:00:00Z,84348.3
2025-07-08T17:00:00Z,80770.9
2025-07-08T18:00:00Z,75059.2
2025-07-08T19:00:00Z,70506.1
2025-07-08T20:00:00Z,68110.8
2025-07-08T21:00:00Z,64836.0
2025-07-08T22:00:00Z,61740.4
2025-07-08T23:00:00Z,61230.1
2025-07-09T00:00:00Z,61835.9
2025-07-09T01:00:00Z,61866.6
2025-07-09T02:00:00Z,64279.4
2025-07-09T03:00:00Z,66187.9
2025-07-09T04:00:00Z,68892.9
2025-07-09T05:00:00Z,73274.8
2025-07-09T06:00:00Z,75315.8
2025-07-09T07:00:00Z,79185.1
2025-07-09T08:00:00Z,84215.1
2025-07-09T09:00:00Z,86549.1
2025-07-09T10:00:00Z,85895.4
2025-07-09T11:00:00Z,89219.5
2025-07-09T12:00:00Z,91368.8
2025-07-09T13:00:00Z,89641.1
2025-07-09T14:00:00Z,89113.9
2025-07-09T15:00:00Z,83654.8
2025-07-09T16:00:00Z,83036.9
2025-07-09T17:00:00Z,76744.8
2025-07-09T18:00:00Z,76297.6
2025-07-09T19:00:00Z,70378.4
2025-07-09T20:00:00Z,70074.2
2025-07-09T21:00:00Z,64690.2
2025-07-09T22:00:00Z,63397.2
2025-07-09T23:00:00Z,62168.4
2025-07-10T00:00:00Z,61636.6
2025-07-10T01:00:00Z,60326.7
2025-07-10T02:00:00Z,64398.5
2025-07-10T03:00:00Z,65199.6
2025-07-10T04:00:00Z,71589.2
2025-07-10T05:00:00Z,71801.7
2025-07-10T06:00:00Z,76024.1
2025-07-10T07:00:00Z,79029.6
2025-07-10T08:00:00Z,84847.5
2025-07-10T09:00:00Z,87506.8
2025-07-10T10:00:00Z,88707.6
2025-07-10T11:00:00Z,90619.1
2025-07-10T12:00:00Z,88839.3
2025-07-10T13:00:00Z,88278.2
2025-07-10T14:00:00Z,89510.8
2025-07-10T15:00:00Z,84728.8
2025-07-10T16:00:00Z,82461.7
2025-07-10T17:00:00Z,77588.3
2025-07-10T18:00:00Z,75303.0
2025-07-10T19:00:00Z,72594.3
2025-07-10T20:00:00Z,68609.7
2025-07-10T21:00:00Z,63987.9
2025-07-10T22:00:00Z,64471.7
2025-07-10T23:00:00Z,62325.0
2025-07-11T00:00:00Z,58934.8
2025-07-11T01:00:00Z,61122.4
2025-07-11T02:00:00Z,63408.0
2025-07-11T03:00:00Z,65427.0
2025-07-11T04:00:00Z,69164.7
2025-07-11T05:00:00Z,73644.8
2025-07-11T06:00:00Z,75932.7
2025-07-11T07:00:00Z,79570.2
2025-07-11T08:00:00Z,84677.4
2025-07-11T09:00:00Z,87889.0
2025-07-11T10:00:00Z,87877.5
2025-07-11T11:00:00Z,91558.8
2025-07-11T12:00:00Z,88070.3
2025-07-11T13:00:00Z,91495.0
2025-07-11T14:00:00Z,88809.5
2025-07-11T15:00:00Z,85006.0
2025-07-11T16:00:00Z,82489.4
2025-07-11T17:00:00Z,79829.8
2025-07-11T18:00:00Z,77591.4
2025-07-11T19:00:00Z,73397.7
2025-07-11T20:00:00Z,69319.0
2025-07-11T21:00:00Z,65594.9
2025-07-11T22:00:00Z,63913.0
2025-07-11T23:00:00Z,60969.4
2025-07-12T00:00:00Z,57809.1
2025-07-12T01:00:00Z,57756.9
2025-07-12T02:00:00Z,59745.5
2025-07-12T03:00:00Z,62930.1
2025-07-12T04:00:00Z,64947.4
2025-07-12T05:00:00Z,66642.5
2025-07-12T06:00:00Z,73650.9
2025-07-12T07:00:00Z,76007.0
2025-07-12T08:00:00Z,79927.3
2025-07-12T09:00:00Z,81511.4
2025-07-12T10:00:00Z,84284.4
2025-07-12T11:00:00Z,85647.1
2025-07-12T12:00:00Z,88143.9
2025-07-12T13:00:00Z,84540.1
2025-07-12T14:00:00Z,85614.7
2025-07-12T15:00:00Z,82233.4
2025-07-12T16:00:00Z,80233.8
2025-07-12T17:00:00Z,75275.9
2025-07-12T18:00:00Z,70397.5
2025-07-12T19:00:00Z,69771.7
2025-07-12T20:00:00Z,64848.3
2025-07-12T21:00:00Z,62927.1
2025-07-12T22:00:00Z,60951.8
2025-07-12T23:00:00Z,56676.7
2025-07-13T00:00:00Z,57938.6
2025-07-13T01:00:00Z,58772.6
2025-07-13T02:00:00Z,61094.1
2025-07-13T03:00:00Z,63374.3
2025-07-13T04:00:00Z,66508.2
2025-07-13T05:00:00Z,68737.9
2025-07-13T06:00:00Z,74242.0
2025-07-13T07:00:00Z,76352.0
2025-07-13T08:00:00Z,79639.2
2025-07-13T09:00:00Z,82064.1
2025-07-13T10:00:00Z,83553.4
2025-07-13T11:00:00Z,86270.8
2025-07-13T12:00:00Z,87084.1
2025-07-13T13:00:00Z,86622.0
2025-07-13T14:00:00Z,87445.6
2025-07-13T15:00:00Z,83003.5
2025-07-13T16:00:00Z,80163.2
2025-07-13T17:00:00Z,74793.2
2025-07-13T18:00:00Z,72374.6
2025-07-13T19:00:00Z,69052.8
2025-07-13T20:00:00Z,66173.0
2025-07-13T21:00:00Z,62455.6
2025-07-13T22:00:00Z,60853.7
2025-07-13T23:00:00Z,57875.3
2025-07-14T00:00:00Z,64100.2
2025-07-14T01:00:00Z,64460.8
2025-07-14T02:00:00Z,63322.7
2025-07-14T03:00:00Z,65128.6
2025-07-14T04:00:00Z,69030.6
2025-07-14T05:00:00Z,73405.3
2025-07-14T06:00:00Z,75830.7
2025-07-14T07:00:00Z,80709.3
2025-07-14T08:00:00Z,84802.0
2025-07-14T09:00:00Z,87985.0
2025-07-14T10:00:00Z,90386.2
2025-07-14T11:00:00Z,88769.5
2025-07-14T12:00:00Z,88631.2
2025-07-14T13:00:00Z,91068.8
2025-07-14T14:00:00Z,88167.7
2025-07-14T15:00:00Z,85933.9
2025-07-14T16:00:00Z,82634.4
2025-07-14T17:00:00Z,79740.9
2025-07-14T18:00:00Z,77474.9
2025-07-14T19:00:00Z,71473.8
2025-07-14T20:00:00Z,68174.1
2025-07-14T21:00:00Z,68030.3
2025-07-14T22:00:00Z,65335.8
2025-07-14T23:00:00Z,61192.8
2025-07-15T00:00:00Z,60821.0
2025-07-15T01:00:00Z,63880.8
2025-07-15T02:00:00Z,65845.5
2025-07-15T03:00:00Z,69499.6
2025-07-15T04:00:00Z,70781.1
2025-07-15T05:00:00Z,74160.5
2025-07-15T06:00:00Z,76754.8
2025-07-15T07:00:00Z,80764.9
2025-07-15T08:00:00Z,83604.5
2025-07-15T09:00:00Z,88389.8
2025-07-15T10:00:00Z,89700.4
2025-07-15T11:00:00Z,91912.0
2025-07-15T12:00:00Z,91509.8
2025-07-15T13:00:00Z,89564.4
2025-07-15T14:00:00Z,89227.3
2025-07-15T15:00:00Z,88267.8
2025-07-15T16:00:00Z,84521.6
2025-07-15T17:00:00Z,78655.3
2025-07-15T18:00:00Z,78274.1
2025-07-15T19:00:00Z,72860.7
2025-07-15T20:00:00Z,71587.6
2025-07-15T21:00:00Z,66678.0
2025-07-15T22:00:00Z,63814.0
2025-07-15T23:00:00Z,64379.3
2025-07-16T00:00:00Z,61857.5
2025-07-16T01:00:00Z,65096.3
2025-07-16T02:00:00Z,64545.5
2025-07-16T03:00:00Z,68086.5
2025-07-16T04:00:00Z,68622.6
2025-07-16T05:00:00Z,73736.2
2025-07-16T06:00:00Z,76735.5
2025-07-16T07:00:00Z,82885.9
2025-07-16T08:00:00Z,83512.7
2025-07-16T09:00:00Z,87137.5
2025-07-16T10:00:00Z,88631.8
2025-07-16T11:00:00Z,91004.4
2025-07-16T12:00:00Z,91658.1
2025-07-16T13:00:00Z,92350.0
2025-07-16T14:00:00Z,90427.6
2025-07-16T15:00:00Z,85583.8
2025-07-16T16:00:00Z,86643.2
2025-07-16T17:00:00Z,81210.7
2025-07-16T18:00:00Z,78740.6
2025-07-16T19:00:00Z,73373.8
2025-07-16T20:00:00Z,71258.5
2025-07-16T21:00:00Z,67325.2
2025-07-16T22:00:00Z,64854.5
2025-07-16T23:00:00Z,63662.9
2025-07-17T00:00:00Z,62615.4
2025-07-17T01:00:00Z,64643.2
2025-07-17T02:00:00Z,65956.2
2025-07-17T03:00:00Z,68545.6
2025-07-17T04:00:00Z,72146.8
2025-07-17T05:00:00Z,75287.6
2025-07-17T06:00:00Z,78262.2
2025-07-17T07:00:00Z,82623.3
2025-07-17T08:00:00Z,85026.1
2025-07-17T09:00:00Z,88858.8
2025-07-17T10:00:00Z,89890.6
2025-07-17T11:00:00Z,89311.6
2025-07-17T12:00:00Z,91053.6
2025-07-17T13:00:00Z,90292.0
2025-07-17T14:00:00Z,89454.0
2025-07-17T15:00:00Z,87588.2
2025-07-17T16:00:00Z,84964.0
2025-07-17T17:00:00Z,82061.9
2025-07-17T18:00:00Z,76570.6
2025-07-17T19:00:00Z,73615.3
2025-07-17T20:00:00Z,71533.7
2025-07-17T21:00:00Z,68530.9
2025-07-17T22:00:00Z,67034.6
2025-07-17T23:00:00Z,63883.7
2025-07-18T00:00:00Z,66598.3
2025-07-18T01:00:00Z,63695.2
2025-07-18T02:00:00Z,64107.7
2025-07-18T03:00:00Z,67704.4
2025-07-18T04:00:00Z,69461.5
2025-07-18T05:00:00Z,75170.0
2025-07-18T06:00:00Z,77943.8
2025-07-18T07:00:00Z,79953.4
2025-07-18T08:00:00Z,85313.6
2025-07-18T09:00:00Z,89187.6
2025-07-18T10:00:00Z,89577.8
2025-07-18T11:00:00Z,91211.7
2025-07-18T12:00:00Z,91265.6
2025-07-18T13:00:00Z,90980.7
2025-07-18T14:00:00Z,88662.6
2025-07-18T15:00:00Z,87721.1
2025-07-18T16:00:00Z,83848.7
2025-07-18T17:00:00Z,81845.1
2025-07-18T18:00:00Z,79326.1
2025-07-18T19:00:00Z,75242.5
2025-07-18T20:00:00Z,71277.7
2025-07-18T21:00:00Z,69326.8
2025-07-18T22:00:00Z,66532.1
2025-07-18T23:00:00Z,63695.1
2025-07-19T00:00:00Z,60748.2
2025-07-19T01:00:00Z,61500.1
2025-07-19T02:00:00Z,61889.3
2025-07-19T03:00:00Z,65104.2
2025-07-19T04:00:00Z,66356.4
2025-07-19T05:00:00Z,71192.2
2025-07-19T06:00:00Z,75082.7
2025-07-19T07:00:00Z,78248.5
2025-07-19T08:00:00Z,81125.4
2025-07-19T09:00:00Z,84696.9
2025-07-19T10:00:00Z,85639.7
2025-07-19T11:00:00Z,87377.3
2025-07-19T12:00:00Z,89156.8
2025-07-19T13:00:00Z,89199.4
2025-07-19T14:00:00Z,87609.3
2025-07-19T15:00:00Z,84344.8
2025-07-19T16:00:00Z,82009.6
2025-07-19T17:00:00Z,77367.2
2025-07-19T18:00:00Z,74696.9
2025-07-19T19:00:00Z,70060.9
2025-07-19T20:00:00Z,65992.6
2025-07-19T21:00:00Z,64831.3
2025-07-19T22:00:00Z,61837.4
2025-07-19T23:00:00Z,60582.3
2025-07-20T00:00:00Z,59666.1
2025-07-20T01:00:00Z,62881.0
2025-07-20T02:00:00Z,63055.3
2025-07-20T03:00:00Z,63827.2
2025-07-20T04:00:00Z,68431.6
2025-07-20T05:00:00Z,71148.8
2025-07-20T06:00:00Z,73878.8
2025-07-20T07:00:00Z,77492.4
2025-07-20T08:00:00Z,82901.5
2025-07-20T09:00:00Z,84355.3
2025-07-20T10:00:00Z,87428.6
2025-07-20T11:00:00Z,87652.3
2025-07-20T12:00:00Z,89424.3
2025-07-20T13:00:00Z,88903.4
2025-07-20T14:00:00Z,87527.8
2025-07-20T15:00:00Z,85199.9
2025-07-20T16:00:00Z,82982.3
2025-07-20T17:00:00Z,79297.3
2025-07-20T18:00:00Z,74097.5
2025-07-20T19:00:00Z,73046.2
2025-07-20T20:00:00Z,67174.6
2025-07-20T21:00:00Z,64096.1
2025-07-20T22:00:00Z,62562.5
2025-07-20T23:00:00Z,62102.3
2025-07-21T00:00:00Z,65427.2
2025-07-21T01:00:00Z,64099.7
2025-07-21T02:00:00Z,66224.4
2025-07-21T03:00:00Z,70114.4
2025-07-21T04:00:00Z,72223.6
2025-07-21T05:00:00Z,75607.2
2025-07-21T06:00:00Z,77174.0
2025-07-21T07:00:00Z,82660.3
2025-07-21T08:00:00Z,86347.4
2025-07-21T09:00:00Z,87724.2
2025-07-21T10:00:00Z,89047.7
2025-07-21T11:00:00Z,92859.4
2025-07-21T12:00:00Z,94009.8
2025-07-21T13:00:00Z,91074.2
2025-07-21T14:00:00Z,90814.5
2025-07-21T15:00:00Z,90517.0
2025-07-21T16:00:00Z,87882.4
2025-07-21T17:00:00Z,82754.9
2025-07-21T18:00:00Z,76358.4
2025-07-21T19:00:00Z,75524.5
2025-07-21T20:00:00Z,72997.3
2025-07-21T21:00:00Z,71959.0
2025-07-21T22:00:00Z,67959.9
2025-07-21T23:00:00Z,66253.7
2025-07-22T00:00:00Z,64878.0
2025-07-22T01:00:00Z,63986.4
2025-07-22T02:00:00Z,66160.1
2025-07-22T03:00:00Z,68313.5
2025-07-22T04:00:00Z,71560.1
2025-07-22T05:00:00Z,76507.6
2025-07-22T06:00:00Z,79416.4
2025-07-22T07:00:00Z,80604.2
2025-07-22T08:00:00Z,85959.8
2025-07-22T09:00:00Z,90652.8
2025-07-22T10:00:00Z,92469.2
2025-07-22T11:00:00Z,94677.5
2025-07-22T12:00:00Z,92144.1
2025-07-22T13:00:00Z,93365.4
2025-07-22T14:00:00Z,91110.9
2025-07-22T15:00:00Z,88014.2
2025-07-22T16:00:00Z,85525.1
2025-07-22T17:00:00Z,80863.5
2025-07-22T18:00:00Z,77352.7
2025-07-22T19:00:00Z,75814.2
2025-07-22T20:00:00Z,72001.2
2025-07-22T21:00:00Z,68776.3
2025-07-22T22:00:00Z,68522.2
2025-07-22T23:00:00Z,65220.4
2025-07-23T00:00:00Z,66128.2
2025-07-23T01:00:00Z,64680.4
2025-07-23T02:00:00Z,65965.7
2025-07-23T03:00:00Z,69064.1
2025-07-23T04:00:00Z,71862.4
2025-07-23T05:00:00Z,75553.9
2025-07-23T06:00:00Z,79609.2
2025-07-23T07:00:00Z,85176.0
2025-07-23T08:00:00Z,85555.0
2025-07-23T09:00:00Z,88064.7
2025-07-23T10:00:00Z,92366.7
2025-07-23T11:00:00Z,94632.6
2025-07-23T12:00:00Z,95718.8
2025-07-23T13:00:00Z,91949.0
2025-07-23T14:00:00Z,92385.0
2025-07-23T15:00:00Z,87446.3
2025-07-23T16:00:00Z,86547.7
2025-07-23T17:00:00Z,81962.0
2025-07-23T18:00:00Z,78926.7
2025-07-23T19:00:00Z,74196.0
2025-07-23T20:00:00Z,73978.5
2025-07-23T21:00:00Z,70697.5
2025-07-23T22:00:00Z,67900.6
2025-07-23T23:00:00Z,64839.2
2025-07-24T00:00:00Z,67717.2
2025-07-24T01:00:00Z,67480.0
2025-07-24T02:00:00Z,67359.5
2025-07-24T03:00:00Z,71170.5
2025-07-24T04:00:00Z,73404.0
2025-07-24T05:00:00Z,76950.3
2025-07-24T06:00:00Z,80809.9
2025-07-24T07:00:00Z,84432.9
2025-07-24T08:00:00Z,86943.1
2025-07-24T09:00:00Z,88329.2
2025-07-24T10:00:00Z,90888.8
2025-07-24T11:00:00Z,94024.6
2025-07-24T12:00:00Z,93492.4
2025-07-24T13:00:00Z,93897.8
2025-07-24T14:00:00Z,89942.5
2025-07-24T15:00:00Z,89357.4
2025-07-24T16:00:00Z,86450.7
2025-07-24T17:00:00Z,85303.6
2025-07-24T18:00:00Z,79536.9
2025-07-24T19:00:00Z,75499.3
2025-07-24T20:00:00Z,72949.0
2025-07-24T21:00:00Z,71297.0
2025-07-24T22:00:00Z,70642.2
2025-07-24T23:00:00Z,64665.7
2025-07-25T00:00:00Z,68108.2
2025-07-25T01:00:00Z,64268.8
2025-07-25T02:00:00Z,69539.7
2025-07-25T03:00:00Z,71897.4
2025-07-25T04:00:00Z,74432.4
2025-07-25T05:00:00Z,73885.6
2025-07-25T06:00:00Z,79057.3
2025-07-25T07:00:00Z,85921.3
2025-07-25T08:00:00Z,87762.6
2025-07-25T09:00:00Z,91387.0
2025-07-25T10:00:00Z,92457.5
2025-07-25T11:00:00Z,94160.0
2025-07-25T12:00:00Z,94681.8
2025-07-25T13:00:00Z,93076.1
2025-07-25T14:00:00Z,93536.7
2025-07-25T15:00:00Z,92867.5
2025-07-25T16:00:00Z,85963.4
2025-07-25T17:00:00Z,82688.2
2025-07-25T18:00:00Z,79041.7
2025-07-25T19:00:00Z,75558.6
2025-07-25T20:00:00Z,73295.2
2025-07-25T21:00:00Z,70748.6
2025-07-25T22:00:00Z,68589.1
2025-07-25T23:00:00Z,66829.2
2025-07-26T00:00:00Z,61011.8
2025-07-26T01:00:00Z,62730.9
2025-07-26T02:00:00Z,63111.9
2025-07-26T03:00:00Z,66412.3
2025-07-26T04:00:00Z,70068.0
2025-07-26T05:00:00Z,72962.3
2025-07-26T06:00:00Z,78077.5
2025-07-26T07:00:00Z,80346.5
2025-07-26T08:00:00Z,84837.9
2025-07-26T09:00:00Z,89905.1
2025-07-26T10:00:00Z,89726.6
2025-07-26T11:00:00Z,88361.7
2025-07-26T12:00:00Z,89246.4
2025-07-26T13:00:00Z,90005.5
2025-07-26T14:00:00Z,89679.9
2025-07-26T15:00:00Z,86087.2
2025-07-26T16:00:00Z,84321.9
2025-07-26T17:00:00Z,79667.3
2025-07-26T18:00:00Z,76239.0
2025-07-26T19:00:00Z,72592.4
2025-07-26T20:00:00Z,71802.9
2025-07-26T21:00:00Z,67678.9
2025-07-26T22:00:00Z,62728.6
2025-07-26T23:00:00Z,62781.7
2025-07-27T00:00:00Z,64670.0
2025-07-27T01:00:00Z,63365.1
2025-07-27T02:00:00Z,67339.3
2025-07-27T03:00:00Z,67193.8
2025-07-27T04:00:00Z,70085.8
2025-07-27T05:00:00Z,72862.3
2025-07-27T06:00:00Z,76648.8
2025-07-27T07:00:00Z,80312.1
2025-07-27T08:00:00Z,84617.8
2025-07-27T09:00:00Z,88235.1
2025-07-27T10:00:00Z,88703.3
2025-07-27T11:00:00Z,91175.4
2025-07-27T12:00:00Z,89473.2
2025-07-27T13:00:00Z,90606.0
2025-07-27T14:00:00Z,89783.7
2025-07-27T15:00:00Z,86747.1
2025-07-27T16:00:00Z,83002.1
2025-07-27T17:00:00Z,81243.0
2025-07-27T18:00:00Z,78063.8
2025-07-27T19:00:00Z,74647.0
2025-07-27T20:00:00Z,70477.5
2025-07-27T21:00:00Z,68994.6
2025-07-27T22:00:00Z,64327.5
2025-07-27T23:00:00Z,63904.1
2025-07-28T00:00:00Z,65136.2
2025-07-28T01:00:00Z,67439.4
2025-07-28T02:00:00Z,68950.1
2025-07-28T03:00:00Z,73613.0
2025-07-28T04:00:00Z,75538.1
2025-07-28T05:00:00Z,78856.5
2025-07-28T06:00:00Z,79949.4
2025-07-28T07:00:00Z,84397.2
2025-07-28T08:00:00Z,88316.2
2025-07-28T09:00:00Z,89568.2
2025-07-28T10:00:00Z,92806.0
2025-07-28T11:00:00Z,95571.2
2025-07-28T12:00:00Z,95113.5
2025-07-28T13:00:00Z,93645.7
2025-07-28T14:00:00Z,95527.4
2025-07-28T15:00:00Z,91592.4
2025-07-28T16:00:00Z,88110.1
2025-07-28T17:00:00Z,83221.9
2025-07-28T18:00:00Z,82117.4
2025-07-28T19:00:00Z,77105.7
2025-07-28T20:00:00Z,73476.2
2025-07-28T21:00:00Z,70317.8
2025-07-28T22:00:00Z,70315.3
2025-07-28T23:00:00Z,65243.6
2025-07-29T00:00:00Z,66030.4
2025-07-29T01:00:00Z,68655.0
2025-07-29T02:00:00Z,69536.8
2025-07-29T03:00:00Z,71954.1
2025-07-29T04:00:00Z,73927.2
2025-07-29T05:00:00Z,78236.3
2025-07-29T06:00:00Z,80506.8
2025-07-29T07:00:00Z,84234.0
2025-07-29T08:00:00Z,88158.1
2025-07-29T09:00:00Z,90715.9
2025-07-29T10:00:00Z,94086.1
2025-07-29T11:00:00Z,94985.8
2025-07-29T12:00:00Z,94655.5
2025-07-29T13:00:00Z,93566.2
2025-07-29T14:00:00Z,95630.4
2025-07-29T15:00:00Z,90150.7
2025-07-29T16:00:00Z,88537.1
2025-07-29T17:00:00Z,83318.3
2025-07-29T18:00:00Z,79868.8
2025-07-29T19:00:00Z,77987.2
2025-07-29T20:00:00Z,76219.1
2025-07-29T21:00:00Z,73203.8
2025-07-29T22:00:00Z,68597.4
2025-07-29T23:00:00Z,66655.8
2025-07-30T00:00:00Z,68425.3
2025-07-30T01:00:00Z,69598.3
2025-07-30T02:00:00Z,68518.7
2025-07-30T03:00:00Z,70839.6
2025-07-30T04:00:00Z,76350.4
2025-07-30T05:00:00Z,77007.8
2025-07-30T06:00:00Z,82625.7
2025-07-30T07:00:00Z,84442.2
2025-07-30T08:00:00Z,89193.1
2025-07-30T09:00:00Z,90048.3
2025-07-30T10:00:00Z,94420.2
2025-07-30T11:00:00Z,94038.8
2025-07-30T12:00:00Z,94331.6
2025-07-30T13:00:00Z,94651.2
2025-07-30T14:00:00Z,95326.7
2025-07-30T15:00:00Z,92009.5
2025-07-30T16:00:00Z,88751.5
2025-07-30T17:00:00Z,86210.6
2025-07-30T18:00:00Z,80915.7
2025-07-30T19:00:00Z,79316.1
2025-07-30T20:00:00Z,73036.4
2025-07-30T21:00:00Z,74054.4
2025-07-30T22:00:00Z,69998.0
2025-07-30T23:00:00Z,68263.0
2025-07-31T00:00:00Z,65092.3
2025-07-31T01:00:00Z,68346.5
2025-07-31T02:00:00Z,69695.6
2025-07-31T03:00:00Z,72810.1
2025-07-31T04:00:00Z,73587.8
2025-07-31T05:00:00Z,80288.9
2025-07-31T06:00:00Z,81741.4
2025-07-31T07:00:00Z,85993.9
2025-07-31T08:00:00Z,88327.0
2025-07-31T09:00:00Z,94858.1
2025-07-31T10:00:00Z,93501.4
2025-07-31T11:00:00Z,95735.9
2025-07-31T12:00:00Z,97232.3
2025-07-31T13:00:00Z,98379.4
2025-07-31T14:00:00Z,94249.1
2025-07-31T15:00:00Z,91366.5
2025-07-31T16:00:00Z,88709.7
2025-07-31T17:00:00Z,85745.2
2025-07-31T18:00:00Z,82739.7
2025-07-31T19:00:00Z,78417.4
2025-07-31T20:00:00Z,73673.5
2025-07-31T21:00:00Z,72097.8
2025-07-31T22:00:00Z,69987.1
2025-07-31T23:00:00Z,67734.0
2025-08-01T00:00:00Z,69288.0
2025-08-01T01:00:00Z,70179.3
2025-08-01T02:00:00Z,67295.1
2025-08-01T03:00:00Z,73031.2
2025-08-01T04:00:00Z,76032.0
2025-08-01T05:00:00Z,80470.0
2025-08-01T06:00:00Z,83264.8
2025-08-01T07:00:00Z,87891.6
2025-08-01T08:00:00Z,90712.1
2025-08-01T09:00:00Z,91169.7
2025-08-01T10:00:00Z,93898.2
2025-08-01T11:00:00Z,95109.8
2025-08-01T12:00:00Z,97090.8
2025-08-01T13:00:00Z,95469.9
2025-08-01T14:00:00Z,93407.1
2025-08-01T15:00:00Z,92838.0
2025-08-01T16:00:00Z,91050.3
2025-08-01T17:00:00Z,86018.0
2025-08-01T18:00:00Z,81617.8
2025-08-01T19:00:00Z,77730.4
2025-08-01T20:00:00Z,74994.5
2025-08-01T21:00:00Z,72333.8
2025-08-01T22:00:00Z,70325.4
2025-08-01T23:00:00Z,69515.9
2025-08-02T00:00:00Z,64726.0
2025-08-02T01:00:00Z,62731.3
2025-08-02T02:00:00Z,67612.1
2025-08-02T03:00:00Z,72327.5
2025-08-02T04:00:00Z,70625.3
2025-08-02T05:00:00Z,73425.8
2025-08-02T06:00:00Z,80238.0
2025-08-02T07:00:00Z,84355.4
2025-08-02T08:00:00Z,86038.3
2025-08-02T09:00:00Z,91082.8
2025-08-02T10:00:00Z,93052.1
2025-08-02T11:00:00Z,93403.7
2025-08-02T12:00:00Z,95747.2
2025-08-02T13:00:00Z,90107.8
2025-08-02T14:00:00Z,92172.9
2025-08-02T15:00:00Z,87257.2
2025-08-02T16:00:00Z,84802.7
2025-08-02T17:00:00Z,81994.4
2025-08-02T18:00:00Z,78185.0
2025-08-02T19:00:00Z,74903.1
2025-08-02T20:00:00Z,74252.4
2025-08-02T21:00:00Z,69075.1
2025-08-02T22:00:00Z,65871.7
2025-08-02T23:00:00Z,64333.3
2025-08-03T00:00:00Z,64550.0
2025-08-03T01:00:00Z,63252.7
2025-08-03T02:00:00Z,69071.3
2025-08-03T03:00:00Z,68025.7
2025-08-03T04:00:00Z,74071.1
2025-08-03T05:00:00Z,73583.0
2025-08-03T06:00:00Z,77873.1
2025-08-03T07:00:00Z,81652.5
2025-08-03T08:00:00Z,86502.3
2025-08-03T09:00:00Z,89795.4
2025-08-03T10:00:00Z,89643.7
2025-08-03T11:00:00Z,90701.3
2025-08-03T12:00:00Z,92818.3
2025-08-03T13:00:00Z,92832.0
2025-08-03T14:00:00Z,91650.3
2025-08-03T15:00:00Z,86464.7
2025-08-03T16:00:00Z,87668.3
2025-08-03T17:00:00Z,82430.2
2025-08-03T18:00:00Z,79351.4
2025-08-03T19:00:00Z,75850.7
2025-08-03T20:00:00Z,70725.5
2025-08-03T21:00:00Z,70077.0
2025-08-03T22:00:00Z,68740.6
2025-08-03T23:00:00Z,65784.8
2025-08-04T00:00:00Z,68074.7
2025-08-04T01:00:00Z,68862.0
2025-08-04T02:00:00Z,71122.1
2025-08-04T03:00:00Z,73325.1
2025-08-04T04:00:00Z,77316.9
2025-08-04T05:00:00Z,78476.4
2025-08-04T06:00:00Z,82816.7
2025-08-04T07:00:00Z,87187.9
2025-08-04T08:00:00Z,90257.2
2025-08-04T09:00:00Z,92856.1
2025-08-04T10:00:00Z,94250.8
2025-08-04T11:00:00Z,96174.5
2025-08-04T12:00:00Z,97181.4
2025-08-04T13:00:00Z,98082.0
2025-08-04T14:00:00Z,95181.7
2025-08-04T15:00:00Z,94778.7
2025-08-04T16:00:00Z,91046.0
2025-08-04T17:00:00Z,87094.3
2025-08-04T18:00:00Z,83588.1
2025-08-04T19:00:00Z,79654.1
2025-08-04T20:00:00Z,75610.5
2025-08-04T21:00:00Z,72362.5
2025-08-04T22:00:00Z,72462.5
2025-08-04T23:00:00Z,68648.2
2025-08-05T00:00:00Z,70532.7
2025-08-05T01:00:00Z,68917.3
2025-08-05T02:00:00Z,71400.6
2025-08-05T03:00:00Z,74278.6
2025-08-05T04:00:00Z,77887.4
2025-08-05T05:00:00Z,80180.0
2025-08-05T06:00:00Z,82369.2
2025-08-05T07:00:00Z,85650.4
2025-08-05T08:00:00Z,89577.2
2025-08-05T09:00:00Z,94300.2
2025-08-05T10:00:00Z,94360.4
2025-08-05T11:00:00Z,98080.3
2025-08-05T12:00:00Z,97444.5
2025-08-05T13:00:00Z,94974.0
2025-08-05T14:00:00Z,94788.8
2025-08-05T15:00:00Z,93862.5
2025-08-05T16:00:00Z,89351.8
2025-08-05T17:00:00Z,87293.9
2025-08-05T18:00:00Z,83894.3
2025-08-05T19:00:00Z,77048.4
2025-08-05T20:00:00Z,73730.3
2025-08-05T21:00:00Z,72281.4
2025-08-05T22:00:00Z,69225.2
2025-08-05T23:00:00Z,70155.0
2025-08-06T00:00:00Z,69375.2
2025-08-06T01:00:00Z,69089.5
2025-08-06T02:00:00Z,71622.7
2025-08-06T03:00:00Z,74151.5
2025-08-06T04:00:00Z,74184.8
2025-08-06T05:00:00Z,78808.7
2025-08-06T06:00:00Z,83161.3
2025-08-06T07:00:00Z,89137.2
2025-08-06T08:00:00Z,90397.7
2025-08-06T09:00:00Z,95124.3
2025-08-06T10:00:00Z,94256.8
2025-08-06T11:00:00Z,95828.1
2025-08-06T12:00:00Z,98389.1
2025-08-06T13:00:00Z,96640.1
2025-08-06T14:00:00Z,97506.2
2025-08-06T15:00:00Z,94589.4
2025-08-06T16:00:00Z,89456.7
2025-08-06T17:00:00Z,85697.6
2025-08-06T18:00:00Z,84731.7
2025-08-06T19:00:00Z,80423.9
2025-08-06T20:00:00Z,77053.7
2025-08-06T21:00:00Z,72299.5
2025-08-06T22:00:00Z,71786.7
2025-08-06T23:00:00Z,68296.7
2025-08-07T00:00:00Z,70253.2
2025-08-07T01:00:00Z,70918.0
2025-08-07T02:00:00Z,70804.6
2025-08-07T03:00:00Z,73153.4
2025-08-07T04:00:00Z,80767.8
2025-08-07T05:00:00Z,80571.5
2025-08-07T06:00:00Z,84023.3
2025-08-07T07:00:00Z,86287.0
2025-08-07T08:00:00Z,91711.1
2025-08-07T09:00:00Z,94121.9
2025-08-07T10:00:00Z,96502.1
2025-08-07T11:00:00Z,99008.9
2025-08-07T12:00:00Z,98732.8
2025-08-07T13:00:00Z,100644.9
2025-08-07T14:00:00Z,95544.3
2025-08-07T15:00:00Z,93044.9
2025-08-07T16:00:00Z,92085.4
2025-08-07T17:00:00Z,86588.6
2025-08-07T18:00:00Z,84977.1
2025-08-07T19:00:00Z,78871.4
2025-08-07T20:00:00Z,76996.4
2025-08-07T21:00:00Z,76481.7
2025-08-07T22:00:00Z,71844.6
2025-08-07T23:00:00Z,70841.9
2025-08-08T00:00:00Z,72451.1
2025-08-08T01:00:00Z,71289.7
2025-08-08T02:00:00Z,71488.7
2025-08-08T03:00:00Z,74087.5
2025-08-08T04:00:00Z,79204.6
2025-08-08T05:00:00Z,82495.2
2025-08-08T06:00:00Z,85998.9
2025-08-08T07:00:00Z,88024.3
2025-08-08T08:00:00Z,90522.4
2025-08-08T09:00:00Z,94638.6
2025-08-08T10:00:00Z,94589.6
2025-08-08T11:00:00Z,96161.3
2025-08-08T12:00:00Z,97471.3
2025-08-08T13:00:00Z,97772.6
2025-08-08T14:00:00Z,97097.7
2025-08-08T15:00:00Z,91469.4
2025-08-08T16:00:00Z,93417.0
2025-08-08T17:00:00Z,87740.9
2025-08-08T18:00:00Z,85188.0
2025-08-08T19:00:00Z,82606.0
2025-08-08T20:00:00Z,77820.9
2025-08-08T21:00:00Z,76514.1
2025-08-08T22:00:00Z,71596.5
2025-08-08T23:00:00Z,69323.3
2025-08-09T00:00:00Z,66525.9
2025-08-09T01:00:00Z,65947.7
2025-08-09T02:00:00Z,70231.5
2025-08-09T03:00:00Z,68268.7
2025-08-09T04:00:00Z,74151.9
2025-08-09T05:00:00Z,77305.2
2025-08-09T06:00:00Z,81097.7
2025-08-09T07:00:00Z,83775.2
2025-08-09T08:00:00Z,86655.0
2025-08-09T09:00:00Z,90365.1
2025-08-09T10:00:00Z,90733.8
2025-08-09T11:00:00Z,92799.1
2025-08-09T12:00:00Z,94081.2
2025-08-09T13:00:00Z,92942.2
2025-08-09T14:00:00Z,91974.4
2025-08-09T15:00:00Z,91096.5
2025-08-09T16:00:00Z,84678.0
2025-08-09T17:00:00Z,83160.3
2025-08-09T18:00:00Z,78573.0
2025-08-09T19:00:00Z,77260.0
2025-08-09T20:00:00Z,74555.4
2025-08-09T21:00:00Z,70698.5
2025-08-09T22:00:00Z,66425.4
2025-08-09T23:00:00Z,66144.5
2025-08-10T00:00:00Z,65818.4
2025-08-10T01:00:00Z,67291.0
2025-08-10T02:00:00Z,69945.3
2025-08-10T03:00:00Z,70229.0
2025-08-10T04:00:00Z,75852.1
2025-08-10T05:00:00Z,77770.3
2025-08-10T06:00:00Z,82494.0
2025-08-10T07:00:00Z,84095.7
2025-08-10T08:00:00Z,86181.7
2025-08-10T09:00:00Z,94197.5
2025-08-10T10:00:00Z,93205.9
2025-08-10T11:00:00Z,93611.9
2025-08-10T12:00:00Z,93232.5
2025-08-10T13:00:00Z,91830.1
2025-08-10T14:00:00Z,94830.5
2025-08-10T15:00:00Z,91129.3
2025-08-10T16:00:00Z,88022.2
2025-08-10T17:00:00Z,83638.7
2025-08-10T18:00:00Z,81385.5
2025-08-10T19:00:00Z,78580.2
2025-08-10T20:00:00Z,72700.6
2025-08-10T21:00:00Z,70360.0
2025-08-10T22:00:00Z,66644.7
2025-08-10T23:00:00Z,65527.5
2025-08-11T00:00:00Z,70217.0
2025-08-11T01:00:00Z,71630.6
2025-08-11T02:00:00Z,75423.5
2025-08-11T03:00:00Z,75720.8
2025-08-11T04:00:00Z,78418.7
2025-08-11T05:00:00Z,81502.9
2025-08-11T06:00:00Z,86275.7
2025-08-11T07:00:00Z,88411.3
2025-08-11T08:00:00Z,90887.1
2025-08-11T09:00:00Z,94190.6
2025-08-11T10:00:00Z,97326.0
2025-08-11T11:00:00Z,99431.6
2025-08-11T12:00:00Z,99908.9
2025-08-11T13:00:00Z,99031.1
2025-08-11T14:00:00Z,97143.8
2025-08-11T15:00:00Z,95931.6
2025-08-11T16:00:00Z,92581.3
2025-08-11T17:00:00Z,90571.2
2025-08-11T18:00:00Z,84462.4
2025-08-11T19:00:00Z,81800.2
2025-08-11T20:00:00Z,77746.8
2025-08-11T21:00:00Z,74518.5
2025-08-11T22:00:00Z,74154.2
2025-08-11T23:00:00Z,72000.2
2025-08-12T00:00:00Z,70854.6
2025-08-12T01:00:00Z,71507.9
2025-08-12T02:00:00Z,72466.3
2025-08-12T03:00:00Z,76379.0
2025-08-12T04:00:00Z,78653.5
2025-08-12T05:00:00Z,82399.9
2025-08-12T06:00:00Z,85517.5
2025-08-12T07:00:00Z,90278.3
2025-08-12T08:00:00Z,94179.2
2025-08-12T09:00:00Z,94604.4
2025-08-12T10:00:00Z,96913.6
2025-08-12T11:00:00Z,98913.8
2025-08-12T12:00:00Z,98644.9
2025-08-12T13:00:00Z,98796.3
2025-08-12T14:00:00Z,98772.5
2025-08-12T15:00:00Z,94622.2
2025-08-12T16:00:00Z,91270.6
2025-08-12T17:00:00Z,89105.6
2025-08-12T18:00:00Z,86377.2
2025-08-12T19:00:00Z,81627.6
2025-08-12T20:00:00Z,77098.4
2025-08-12T21:00:00Z,75856.9
2025-08-12T22:00:00Z,72986.2
2025-08-12T23:00:00Z,71199.6
2025-08-13T00:00:00Z,71648.9
2025-08-13T01:00:00Z,72662.9
2025-08-13T02:00:00Z,72729.7
2025-08-13T03:00:00Z,75796.3
2025-08-13T04:00:00Z,79133.0
2025-08-13T05:00:00Z,80906.4
2025-08-13T06:00:00Z,85602.9
2025-08-13T07:00:00Z,88799.5
2025-08-13T08:00:00Z,92459.4
2025-08-13T09:00:00Z,96514.5
2025-08-13T10:00:00Z,99013.8
2025-08-13T11:00:00Z,99549.2
2025-08-13T12:00:00Z,101259.3
2025-08-13T13:00:00Z,98102.1
2025-08-13T14:00:00Z,98731.0
2025-08-13T15:00:00Z,94961.2
2025-08-13T16:00:00Z,92093.1
2025-08-13T17:00:00Z,91070.1
2025-08-13T18:00:00Z,86738.4
2025-08-13T19:00:00Z,83622.9
2025-08-13T20:00:00Z,80432.7
2025-08-13T21:00:00Z,73021.0
2025-08-13T22:00:00Z,74516.7
2025-08-13T23:00:00Z,70803.6
2025-08-14T00:00:00Z,72899.6
2025-08-14T01:00:00Z,75250.7
2025-08-14T02:00:00Z,73679.4
2025-08-14T03:00:00Z,73578.9
2025-08-14T04:00:00Z,79313.9
2025-08-14T05:00:00Z,82212.6
2025-08-14T06:00:00Z,87784.4
2025-08-14T07:00:00Z,92228.6
2025-08-14T08:00:00Z,92895.9
2025-08-14T09:00:00Z,94434.9
2025-08-14T10:00:00Z,96935.2
2025-08-14T11:00:00Z,97875.3
2025-08-14T12:00:00Z,98294.7
2025-08-14T13:00:00Z,98971.9
2025-08-14T14:00:00Z,98595.0
2025-08-14T15:00:00Z,94531.0
2025-08-14T16:00:00Z,92714.8
2025-08-14T17:00:00Z,93005.7
2025-08-14T18:00:00Z,83793.1
2025-08-14T19:00:00Z,83005.0
2025-08-14T20:00:00Z,79063.9
2025-08-14T21:00:00Z,75653.0
2025-08-14T22:00:00Z,74351.7
2025-08-14T23:00:00Z,71795.5
2025-08-15T00:00:00Z,70902.1
2025-08-15T01:00:00Z,72794.7
2025-08-15T02:00:00Z,73801.0
2025-08-15T03:00:00Z,76829.4
2025-08-15T04:00:00Z,77796.6
2025-08-15T05:00:00Z,81135.4
2025-08-15T06:00:00Z,88093.2
2025-08-15T07:00:00Z,89737.9
2025-08-15T08:00:00Z,93917.4
2025-08-15T09:00:00Z,95417.7
2025-08-15T10:00:00Z,98436.5
2025-08-15T11:00:00Z,99796.9
2025-08-15T12:00:00Z,99216.5
2025-08-15T13:00:00Z,100515.9
2025-08-15T14:00:00Z,99855.2
2025-08-15T15:00:00Z,96519.2
2025-08-15T16:00:00Z,94489.5
2025-08-15T17:00:00Z,90690.2
2025-08-15T18:00:00Z,85982.3
2025-08-15T19:00:00Z,82647.6
2025-08-15T20:00:00Z,77828.2
2025-08-15T21:00:00Z,76428.1
2025-08-15T22:00:00Z,73979.6
2025-08-15T23:00:00Z,74108.0
2025-08-16T00:00:00Z,67057.3
2025-08-16T01:00:00Z,67374.9
2025-08-16T02:00:00Z,70957.3
2025-08-16T03:00:00Z,70380.5
2025-08-16T04:00:00Z,75552.3
2025-08-16T05:00:00Z,79791.3
2025-08-16T06:00:00Z,80663.3
2025-08-16T07:00:00Z,86698.2
2025-08-16T08:00:00Z,89799.5
2025-08-16T09:00:00Z,93796.0
2025-08-16T10:00:00Z,93637.4
2025-08-16T11:00:00Z,95424.2
2025-08-16T12:00:00Z,95652.5
2025-08-16T13:00:00Z,94997.9
2025-08-16T14:00:00Z,95724.0
2025-08-16T15:00:00Z,93410.9
2025-08-16T16:00:00Z,91699.0
2025-08-16T17:00:00Z,87688.1
2025-08-16T18:00:00Z,80909.0
2025-08-16T19:00:00Z,78889.3
2025-08-16T20:00:00Z,76186.8
2025-08-16T21:00:00Z,73962.5
2025-08-16T22:00:00Z,69895.9
2025-08-16T23:00:00Z,66966.4
2025-08-17T00:00:00Z,67934.9
2025-08-17T01:00:00Z,67972.7
2025-08-17T02:00:00Z,70719.5
2025-08-17T03:00:00Z,73887.5
2025-08-17T04:00:00Z,77195.1
2025-08-17T05:00:00Z,79291.9
2025-08-17T06:00:00Z,83117.1
2025-08-17T07:00:00Z,87026.6
2025-08-17T08:00:00Z,89375.4
2025-08-17T09:00:00Z,93582.9
2025-08-17T10:00:00Z,97208.5
2025-08-17T11:00:00Z,95226.7
2025-08-17T12:00:00Z,98312.2
2025-08-17T13:00:00Z,97471.7
2025-08-17T14:00:00Z,96249.8
2025-08-17T15:00:00Z,94201.8
2025-08-17T16:00:00Z,94055.6
2025-08-17T17:00:00Z,86318.4
2025-08-17T18:00:00Z,82990.5
2025-08-17T19:00:00Z,77746.7
2025-08-17T20:00:00Z,75708.6
2025-08-17T21:00:00Z,73794.7
2025-08-17T22:00:00Z,69958.4
2025-08-17T23:00:00Z,68141.1
2025-08-18T00:00:00Z,71998.4
2025-08-18T01:00:00Z,71540.3
2025-08-18T02:00:00Z,77647.6
2025-08-18T03:00:00Z,77466.2
2025-08-18T04:00:00Z,78516.5
2025-08-18T05:00:00Z,83185.9
2025-08-18T06:00:00Z,87415.6
2025-08-18T07:00:00Z,90290.1
2025-08-18T08:00:00Z,93590.6
2025-08-18T09:00:00Z,97380.8
2025-08-18T10:00:00Z,97995.7
2025-08-18T11:00:00Z,100653.5
2025-08-18T12:00:00Z,100022.9
2025-08-18T13:00:00Z,99332.7
2025-08-18T14:00:00Z,99714.1
2025-08-18T15:00:00Z,95823.2
2025-08-18T16:00:00Z,93341.0
2025-08-18T17:00:00Z,90618.4
2025-08-18T18:00:00Z,88188.2
2025-08-18T19:00:00Z,82987.9
2025-08-18T20:00:00Z,80646.8
2025-08-18T21:00:00Z,75254.5
2025-08-18T22:00:00Z,73477.9
2025-08-18T23:00:00Z,75283.8
2025-08-19T00:00:00Z,73242.9
2025-08-19T01:00:00Z,73189.1
2025-08-19T02:00:00Z,73668.2
2025-08-19T03:00:00Z,76727.2
2025-08-19T04:00:00Z,80501.5
2025-08-19T05:00:00Z,83300.3
2025-08-19T06:00:00Z,87727.1
2025-08-19T07:00:00Z,90517.8
2025-08-19T08:00:00Z,93236.9
2025-08-19T09:00:00Z,100258.4
2025-08-19T10:00:00Z,99228.8
2025-08-19T11:00:00Z,100758.3
2025-08-19T12:00:00Z,101752.1
2025-08-19T13:00:00Z,100763.4
2025-08-19T14:00:00Z,102260.9
2025-08-19T15:00:00Z,97587.6
2025-08-19T16:00:00Z,95296.0
2025-08-19T17:00:00Z,91145.3
2025-08-19T18:00:00Z,89138.3
2025-08-19T19:00:00Z,85473.6
2025-08-19T20:00:00Z,80204.6
2025-08-19T21:00:00Z,75845.6
2025-08-19T22:00:00Z,75627.9
2025-08-19T23:00:00Z,71286.5
2025-08-20T00:00:00Z,73476.0
2025-08-20T01:00:00Z,75098.6
2025-08-20T02:00:00Z,75474.3
2025-08-20T03:00:00Z,76446.1
2025-08-20T04:00:00Z,82969.5
2025-08-20T05:00:00Z,84743.2
2025-08-20T06:00:00Z,86338.4
2025-08-20T07:00:00Z,89133.8
2025-08-20T08:00:00Z,93193.6
2025-08-20T09:00:00Z,98670.8
2025-08-20T10:00:00Z,99396.3
2025-08-20T11:00:00Z,101842.2
2025-08-20T12:00:00Z,101619.0
2025-08-20T13:00:00Z,101718.6
2025-08-20T14:00:00Z,98902.9
2025-08-20T15:00:00Z,99278.4
2025-08-20T16:00:00Z,94110.5
2025-08-20T17:00:00Z,90955.5
2025-08-20T18:00:00Z,87868.6
2025-08-20T19:00:00Z,84693.5
2025-08-20T20:00:00Z,80211.6
2025-08-20T21:00:00Z,76901.5
2025-08-20T22:00:00Z,75099.5
2025-08-20T23:00:00Z,76596.8
2025-08-21T00:00:00Z,71268.5
2025-08-21T01:00:00Z,74736.2
2025-08-21T02:00:00Z,75736.4
2025-08-21T03:00:00Z,76431.6
2025-08-21T04:00:00Z,79218.6
2025-08-21T05:00:00Z,83232.1
2025-08-21T06:00:00Z,86187.0
2025-08-21T07:00:00Z,90995.4
2025-08-21T08:00:00Z,95056.3
2025-08-21T09:00:00Z,97877.1
2025-08-21T10:00:00Z,97851.1
2025-08-21T11:00:00Z,99687.6
2025-08-21T12:00:00Z,103891.5
2025-08-21T13:00:00Z,99853.3
2025-08-21T14:00:00Z,99036.6
2025-08-21T15:00:00Z,99380.7
2025-08-21T16:00:00Z,93868.2
2025-08-21T17:00:00Z,91238.7
2025-08-21T18:00:00Z,88951.5
2025-08-21T19:00:00Z,85668.9
2025-08-21T20:00:00Z,81348.1
2025-08-21T21:00:00Z,77062.2
2025-08-21T22:00:00Z,72860.1
2025-08-21T23:00:00Z,73381.1
2025-08-22T00:00:00Z,74173.0
2025-08-22T01:00:00Z,73873.8
2025-08-22T02:00:00Z,75306.9
2025-08-22T03:00:00Z,78575.0
2025-08-22T04:00:00Z,80153.9
2025-08-22T05:00:00Z,82534.8
2025-08-22T06:00:00Z,87489.7
2025-08-22T07:00:00Z,91686.6
2025-08-22T08:00:00Z,95697.8
2025-08-22T09:00:00Z,97673.1
2025-08-22T10:00:00Z,100162.2
2025-08-22T11:00:00Z,100332.2
2025-08-22T12:00:00Z,101448.7
2025-08-22T13:00:00Z,100837.3
2025-08-22T14:00:00Z,99126.6
2025-08-22T15:00:00Z,97493.1
2025-08-22T16:00:00Z,96664.2
2025-08-22T17:00:00Z,91023.8
2025-08-22T18:00:00Z,87891.7
2025-08-22T19:00:00Z,82042.1
2025-08-22T20:00:00Z,81217.2
2025-08-22T21:00:00Z,79463.6
2025-08-22T22:00:00Z,75805.2
2025-08-22T23:00:00Z,74793.9
2025-08-23T00:00:00Z,70735.5
2025-08-23T01:00:00Z,72008.9
2025-08-23T02:00:00Z,71892.4
2025-08-23T03:00:00Z,74157.5
2025-08-23T04:00:00Z,78253.0
2025-08-23T05:00:00Z,80023.3
2025-08-23T06:00:00Z,83775.1
2025-08-23T07:00:00Z,87452.1
2025-08-23T08:00:00Z,91529.0
2025-08-23T09:00:00Z,93867.0
2025-08-23T10:00:00Z,98084.5
2025-08-23T11:00:00Z,97701.3
2025-08-23T12:00:00Z,97514.7
2025-08-23T13:00:00Z,99477.3
2025-08-23T14:00:00Z,97752.6
2025-08-23T15:00:00Z,96404.4
2025-08-23T16:00:00Z,92282.6
2025-08-23T17:00:00Z,86656.2
2025-08-23T18:00:00Z,86231.8
2025-08-23T19:00:00Z,81738.5
2025-08-23T20:00:00Z,76046.4
2025-08-23T21:00:00Z,73826.3
2025-08-23T22:00:00Z,70352.4
2025-08-23T23:00:00Z,70843.7
2025-08-24T00:00:00Z,69092.6
2025-08-24T01:00:00Z,71407.8
2025-08-24T02:00:00Z,69521.9
2025-08-24T03:00:00Z,75760.2
2025-08-24T04:00:00Z,79230.9
2025-08-24T05:00:00Z,81111.2
2025-08-24T06:00:00Z,82904.3
2025-08-24T07:00:00Z,86993.1
2025-08-24T08:00:00Z,92320.4
2025-08-24T09:00:00Z,91247.6
2025-08-24T10:00:00Z,97434.6
2025-08-24T11:00:00Z,96241.5
2025-08-24T12:00:00Z,97908.1
2025-08-24T13:00:00Z,97322.3
2025-08-24T14:00:00Z,96559.3
2025-08-24T15:00:00Z,94937.5
2025-08-24T16:00:00Z,90809.5
2025-08-24T17:00:00Z,88235.2
2025-08-24T18:00:00Z,82643.9
2025-08-24T19:00:00Z,80737.6
2025-08-24T20:00:00Z,75808.0
2025-08-24T21:00:00Z,74333.6
2025-08-24T22:00:00Z,72000.8
2025-08-24T23:00:00Z,70843.8
2025-08-25T00:00:00Z,74492.2
2025-08-25T01:00:00Z,74670.4
2025-08-25T02:00:00Z,77172.0
2025-08-25T03:00:00Z,77713.2
2025-08-25T04:00:00Z,81445.4
2025-08-25T05:00:00Z,84730.9
2025-08-25T06:00:00Z,89453.2
2025-08-25T07:00:00Z,91986.9
2025-08-25T08:00:00Z,94995.2
2025-08-25T09:00:00Z,100374.4
2025-08-25T10:00:00Z,100224.3
2025-08-25T11:00:00Z,100494.9
2025-08-25T12:00:00Z,104638.6
2025-08-25T13:00:00Z,101754.9
2025-08-25T14:00:00Z,100785.3
2025-08-25T15:00:00Z,98393.4
2025-08-25T16:00:00Z,95486.5
2025-08-25T17:00:00Z,91795.9
2025-08-25T18:00:00Z,86529.6
2025-08-25T19:00:00Z,85095.0
2025-08-25T20:00:00Z,84142.8
2025-08-25T21:00:00Z,79596.4
2025-08-25T22:00:00Z,76709.6
2025-08-25T23:00:00Z,74468.1
2025-08-26T00:00:00Z,73368.3
2025-08-26T01:00:00Z,74185.1
2025-08-26T02:00:00Z,75610.6
2025-08-26T03:00:00Z,77396.2
2025-08-26T04:00:00Z,83475.6
2025-08-26T05:00:00Z,85197.1
2025-08-26T06:00:00Z,87977.1
2025-08-26T07:00:00Z,92343.0
2025-08-26T08:00:00Z,97751.5
2025-08-26T09:00:00Z,99646.6
2025-08-26T10:00:00Z,102421.0
2025-08-26T11:00:00Z,101634.0
2025-08-26T12:00:00Z,101357.3
2025-08-26T13:00:00Z,102681.5
2025-08-26T14:00:00Z,101495.2
2025-08-26T15:00:00Z,99885.9
2025-08-26T16:00:00Z,94358.4
2025-08-26T17:00:00Z,92172.1
2025-08-26T18:00:00Z,90827.6
2025-08-26T19:00:00Z,83504.4
2025-08-26T20:00:00Z,81357.1
2025-08-26T21:00:00Z,78560.7
2025-08-26T22:00:00Z,75340.4
2025-08-26T23:00:00Z,76380.2
2025-08-27T00:00:00Z,74786.5
2025-08-27T01:00:00Z,73887.4
2025-08-27T02:00:00Z,75882.7
2025-08-27T03:00:00Z,78235.8
2025-08-27T04:00:00Z,84101.8
2025-08-27T05:00:00Z,85039.1
2025-08-27T06:00:00Z,88321.9
2025-08-27T07:00:00Z,94397.5
2025-08-27T08:00:00Z,96533.7
2025-08-27T09:00:00Z,101823.9
2025-08-27T10:00:00Z,100741.3
2025-08-27T11:00:00Z,100600.2
2025-08-27T12:00:00Z,104928.9
2025-08-27T13:00:00Z,102178.5
2025-08-27T14:00:00Z,101354.9
2025-08-27T15:00:00Z,98922.5
2025-08-27T16:00:00Z,95425.2
2025-08-27T17:00:00Z,93662.9
2025-08-27T18:00:00Z,88248.0
2025-08-27T19:00:00Z,85996.4
2025-08-27T20:00:00Z,81747.7
2025-08-27T21:00:00Z,79884.9
2025-08-27T22:00:00Z,79124.1
2025-08-27T23:00:00Z,75717.2
2025-08-28T00:00:00Z,74866.5
2025-08-28T01:00:00Z,78962.6
2025-08-28T02:00:00Z,79373.3
2025-08-28T03:00:00Z,79233.2
2025-08-28T04:00:00Z,83425.2
2025-08-28T05:00:00Z,86249.0
2025-08-28T06:00:00Z,89144.4
2025-08-28T07:00:00Z,92026.0
2025-08-28T08:00:00Z,96602.8
2025-08-28T09:00:00Z,97998.4
2025-08-28T10:00:00Z,103435.9
2025-08-28T11:00:00Z,105003.7
2025-08-28T12:00:00Z,102563.3
2025-08-28T13:00:00Z,102249.5
2025-08-28T14:00:00Z,100151.7
2025-08-28T15:00:00Z,100901.5
2025-08-28T16:00:00Z,96543.0
2025-08-28T17:00:00Z,91738.1
2025-08-28T18:00:00Z,88980.3
2025-08-28T19:00:00Z,86913.7
2025-08-28T20:00:00Z,82714.5
2025-08-28T21:00:00Z,80767.0
2025-08-28T22:00:00Z,74567.6
2025-08-28T23:00:00Z,76161.6
2025-08-29T00:00:00Z,76049.3
2025-08-29T01:00:00Z,76419.7
2025-08-29T02:00:00Z,77739.4
2025-08-29T03:00:00Z,79021.7
2025-08-29T04:00:00Z,82320.4
2025-08-29T05:00:00Z,85037.9
2025-08-29T06:00:00Z,88015.2
2025-08-29T07:00:00Z,95126.1
2025-08-29T08:00:00Z,95712.0
2025-08-29T09:00:00Z,98894.8
2025-08-29T10:00:00Z,98198.6
2025-08-29T11:00:00Z,103998.3
2025-08-29T12:00:00Z,103408.3
2025-08-29T13:00:00Z,102545.4
2025-08-29T14:00:00Z,101495.3
2025-08-29T15:00:00Z,99189.3
2025-08-29T16:00:00Z,95736.1
2025-08-29T17:00:00Z,92380.9
2025-08-29T18:00:00Z,90113.9
2025-08-29T19:00:00Z,87059.1
2025-08-29T20:00:00Z,83819.7
2025-08-29T21:00:00Z,79685.1
2025-08-29T22:00:00Z,78827.6
2025-08-29T23:00:00Z,77287.0
2025-08-30T00:00:00Z,73349.5
2025-08-30T01:00:00Z,73443.6
2025-08-30T02:00:00Z,71987.7
2025-08-30T03:00:00Z,76037.8
2025-08-30T04:00:00Z,79360.1
2025-08-30T05:00:00Z,84102.0
2025-08-30T06:00:00Z,85391.2
2025-08-30T07:00:00Z,90154.3
2025-08-30T08:00:00Z,93208.7
2025-08-30T09:00:00Z,94076.6
2025-08-30T10:00:00Z,97522.2
2025-08-30T11:00:00Z,98284.3
2025-08-30T12:00:00Z,102485.6
2025-08-30T13:00:00Z,100095.2
2025-08-30T14:00:00Z,99582.5
2025-08-30T15:00:00Z,96435.9
2025-08-30T16:00:00Z,93686.4
2025-08-30T17:00:00Z,91009.1
2025-08-30T18:00:00Z,85349.1
2025-08-30T19:00:00Z,81065.0
2025-08-30T20:00:00Z,77893.6
2025-08-30T21:00:00Z,77221.2
2025-08-30T22:00:00Z,73792.2
2025-08-30T23:00:00Z,71345.0
2025-08-31T00:00:00Z,70523.2
2025-08-31T01:00:00Z,71827.3
2025-08-31T02:00:00Z,74375.7
2025-08-31T03:00:00Z,76166.4
2025-08-31T04:00:00Z,78390.9
2025-08-31T05:00:00Z,81282.6
2025-08-31T06:00:00Z,85587.1
2025-08-31T07:00:00Z,91571.8
2025-08-31T08:00:00Z,96052.9
2025-08-31T09:00:00Z,96409.8
2025-08-31T10:00:00Z,100244.3
2025-08-31T11:00:00Z,99939.7
2025-08-31T12:00:00Z,98760.0
2025-08-31T13:00:00Z,99394.0
2025-08-31T14:00:00Z,96901.5
2025-08-31T15:00:00Z,96527.0
2025-08-31T16:00:00Z,93289.0
2025-08-31T17:00:00Z,87317.9
2025-08-31T18:00:00Z,84934.9
2025-08-31T19:00:00Z,84553.9
2025-08-31T20:00:00Z,78383.4
2025-08-31T21:00:00Z,76305.3
2025-08-31T22:00:00Z,73436.4
2025-08-31T23:00:00Z,71485.9
2025-09-01T00:00:00Z,76445.3
2025-09-01T01:00:00Z,75993.3
2025-09-01T02:00:00Z,77209.4
2025-09-01T03:00:00Z,80088.1
2025-09-01T04:00:00Z,80814.8
2025-09-01T05:00:00Z,84448.8
2025-09-01T06:00:00Z,87942.0
2025-09-01T07:00:00Z,95177.0
2025-09-01T08:00:00Z,97810.1
2025-09-01T09:00:00Z,100166.8
2025-09-01T10:00:00Z,102937.7
2025-09-01T11:00:00Z,104691.3
2025-09-01T12:00:00Z,101376.9
2025-09-01T13:00:00Z,101597.0
2025-09-01T14:00:00Z,102570.6
2025-09-01T15:00:00Z,101340.3
2025-09-01T16:00:00Z,98029.3
2025-09-01T17:00:00Z,92123.8
2025-09-01T18:00:00Z,90123.0
2025-09-01T19:00:00Z,87562.7
2025-09-01T20:00:00Z,83046.0
2025-09-01T21:00:00Z,79373.0
2025-09-01T22:00:00Z,77250.2
2025-09-01T23:00:00Z,77813.9
2025-09-02T00:00:00Z,74639.1
2025-09-02T01:00:00Z,76001.3
2025-09-02T02:00:00Z,79296.5
2025-09-02T03:00:00Z,79498.7
2025-09-02T04:00:00Z,79980.1
2025-09-02T05:00:00Z,87180.3
2025-09-02T06:00:00Z,89961.0
2025-09-02T07:00:00Z,92197.6
2025-09-02T08:00:00Z,95820.1
2025-09-02T09:00:00Z,101011.7
2025-09-02T10:00:00Z,103589.3
2025-09-02T11:00:00Z,102660.7
2025-09-02T12:00:00Z,105059.2
2025-09-02T13:00:00Z,103629.3
2025-09-02T14:00:00Z,102643.3
2025-09-02T15:00:00Z,101330.2
2025-09-02T16:00:00Z,95601.7
2025-09-02T17:00:00Z,93353.7
2025-09-02T18:00:00Z,94062.8
2025-09-02T19:00:00Z,85233.7
2025-09-02T20:00:00Z,83586.4
2025-09-02T21:00:00Z,79100.6
2025-09-02T22:00:00Z,79209.2
2025-09-02T23:00:00Z,77317.6
2025-09-03T00:00:00Z,75621.5
2025-09-03T01:00:00Z,76962.0
2025-09-03T02:00:00Z,79040.4
2025-09-03T03:00:00Z,82139.5
2025-09-03T04:00:00Z,84146.9
2025-09-03T05:00:00Z,88583.8
2025-09-03T06:00:00Z,90969.7
2025-09-03T07:00:00Z,95673.0
2025-09-03T08:00:00Z,98233.4
2025-09-03T09:00:00Z,100855.7
2025-09-03T10:00:00Z,103538.5
2025-09-03T11:00:00Z,104953.5
2025-09-03T12:00:00Z,104916.5
2025-09-03T13:00:00Z,103101.3
2025-09-03T14:00:00Z,102575.2
2025-09-03T15:00:00Z,102055.7
2025-09-03T16:00:00Z,97816.6
2025-09-03T17:00:00Z,93367.3
2025-09-03T18:00:00Z,90167.9
2025-09-03T19:00:00Z,88449.9
2025-09-03T20:00:00Z,81939.4
2025-09-03T21:00:00Z,78809.6
2025-09-03T22:00:00Z,77574.9
2025-09-03T23:00:00Z,75931.3
2025-09-04T00:00:00Z,77841.7
2025-09-04T01:00:00Z,77511.0
2025-09-04T02:00:00Z,79373.3
2025-09-04T03:00:00Z,80441.1
2025-09-04T04:00:00Z,84665.9
2025-09-04T05:00:00Z,87015.4
2025-09-04T06:00:00Z,89690.2
2025-09-04T07:00:00Z,93499.9
2025-09-04T08:00:00Z,98618.6
2025-09-04T09:00:00Z,101454.0
2025-09-04T10:00:00Z,102325.4
2025-09-04T11:00:00Z,105619.5
2025-09-04T12:00:00Z,105489.8
2025-09-04T13:00:00Z,104086.3
2025-09-04T14:00:00Z,101645.2
2025-09-04T15:00:00Z,102462.5
2025-09-04T16:00:00Z,98295.3
2025-09-04T17:00:00Z,95481.9
2025-09-04T18:00:00Z,89792.1
2025-09-04T19:00:00Z,87525.9
2025-09-04T20:00:00Z,84829.9
2025-09-04T21:00:00Z,81131.3
2025-09-04T22:00:00Z,78617.2
2025-09-04T23:00:00Z,75817.5
2025-09-05T00:00:00Z,78437.6
2025-09-05T01:00:00Z,78329.7
2025-09-05T02:00:00Z,78059.2
2025-09-05T03:00:00Z,78974.9
2025-09-05T04:00:00Z,85266.2
2025-09-05T05:00:00Z,86153.8
2025-09-05T06:00:00Z,90722.7
2025-09-05T07:00:00Z,94521.2
2025-09-05T08:00:00Z,100704.5
2025-09-05T09:00:00Z,101554.3
2025-09-05T10:00:00Z,105274.2
2025-09-05T11:00:00Z,105111.1
2025-09-05T12:00:00Z,104274.7
2025-09-05T13:00:00Z,106104.8
2025-09-05T14:00:00Z,105723.0
2025-09-05T15:00:00Z,100515.6
2025-09-05T16:00:00Z,97589.3
2025-09-05T17:00:00Z,96123.0
2025-09-05T18:00:00Z,93362.3
2025-09-05T19:00:00Z,87020.4
2025-09-05T20:00:00Z,83286.7
2025-09-05T21:00:00Z,80888.3
2025-09-05T22:00:00Z,78494.6
2025-09-05T23:00:00Z,76651.2
2025-09-06T00:00:00Z,73824.5
2025-09-06T01:00:00Z,73568.6
2025-09-06T02:00:00Z,74582.5
2025-09-06T03:00:00Z,78197.3
2025-09-06T04:00:00Z,78339.6
2025-09-06T05:00:00Z,85485.1
2025-09-06T06:00:00Z,89319.8
2025-09-06T07:00:00Z,91724.9
2025-09-06T08:00:00Z,93829.1
2025-09-06T09:00:00Z,96247.2
2025-09-06T10:00:00Z,98588.6
2025-09-06T11:00:00Z,101604.3
2025-09-06T12:00:00Z,100956.5
2025-09-06T13:00:00Z,101909.1
2025-09-06T14:00:00Z,99450.8
2025-09-06T15:00:00Z,97805.8
2025-09-06T16:00:00Z,95971.7
2025-09-06T17:00:00Z,91397.7
2025-09-06T18:00:00Z,86147.5
2025-09-06T19:00:00Z,83417.5
2025-09-06T20:00:00Z,77812.9
2025-09-06T21:00:00Z,77653.6
2025-09-06T22:00:00Z,72441.4
2025-09-06T23:00:00Z,73083.0
2025-09-07T00:00:00Z,72481.9
2025-09-07T01:00:00Z,73465.4
2025-09-07T02:00:00Z,76568.3
2025-09-07T03:00:00Z,77302.4
2025-09-07T04:00:00Z,80416.5
2025-09-07T05:00:00Z,82027.0
2025-09-07T06:00:00Z,87644.1
2025-09-07T07:00:00Z,92077.4
2025-09-07T08:00:00Z,93072.2
2025-09-07T09:00:00Z,96721.4
2025-09-07T10:00:00Z,96649.5
2025-09-07T11:00:00Z,102280.7
2025-09-07T12:00:00Z,101888.8
2025-09-07T13:00:00Z,99014.7
2025-09-07T14:00:00Z,100512.7
2025-09-07T15:00:00Z,96729.8
2025-09-07T16:00:00Z,93308.2
2025-09-07T17:00:00Z,93396.1
2025-09-07T18:00:00Z,87583.2
2025-09-07T19:00:00Z,82792.4
2025-09-07T20:00:00Z,78175.9
2025-09-07T21:00:00Z,78290.5
2025-09-07T22:00:00Z,74883.2
2025-09-07T23:00:00Z,72165.8
2025-09-08T00:00:00Z,77414.1
2025-09-08T01:00:00Z,76816.0
2025-09-08T02:00:00Z,79930.3
2025-09-08T03:00:00Z,82722.7
2025-09-08T04:00:00Z,84400.5
2025-09-08T05:00:00Z,88537.9
2025-09-08T06:00:00Z,92300.2
2025-09-08T07:00:00Z,96951.4
2025-09-08T08:00:00Z,99143.8
2025-09-08T09:00:00Z,100217.6
2025-09-08T10:00:00Z,105291.6
2025-09-08T11:00:00Z,104796.3
2025-09-08T12:00:00Z,105456.5
2025-09-08T13:00:00Z,105562.1
2025-09-08T14:00:00Z,104361.8
2025-09-08T15:00:00Z,101046.4
2025-09-08T16:00:00Z,98453.9
2025-09-08T17:00:00Z,95457.8
2025-09-08T18:00:00Z,90374.7
2025-09-08T19:00:00Z,85982.2
2025-09-08T20:00:00Z,84556.0
2025-09-08T21:00:00Z,81770.2
2025-09-08T22:00:00Z,78728.8
2025-09-08T23:00:00Z,77196.5
2025-09-09T00:00:00Z,77405.8
2025-09-09T01:00:00Z,78013.0
2025-09-09T02:00:00Z,79115.5
2025-09-09T03:00:00Z,81594.0
2025-09-09T04:00:00Z,84581.4
2025-09-09T05:00:00Z,87081.6
2025-09-09T06:00:00Z,89126.6
2025-09-09T07:00:00Z,94635.3
2025-09-09T08:00:00Z,98932.1
2025-09-09T09:00:00Z,98636.8
2025-09-09T10:00:00Z,102627.1
2025-09-09T11:00:00Z,102933.9
2025-09-09T12:00:00Z,105261.7
2025-09-09T13:00:00Z,105896.0
2025-09-09T14:00:00Z,104446.4
2025-09-09T15:00:00Z,102427.4
2025-09-09T16:00:00Z,100596.3
2025-09-09T17:00:00Z,95327.2
2025-09-09T18:00:00Z,92680.7
2025-09-09T19:00:00Z,89320.2
2025-09-09T20:00:00Z,83148.7
2025-09-09T21:00:00Z,82998.8
2025-09-09T22:00:00Z,80527.4
2025-09-09T23:00:00Z,78113.9
2025-09-10T00:00:00Z,78957.8
2025-09-10T01:00:00Z,79167.7
2025-09-10T02:00:00Z,79892.6
2025-09-10T03:00:00Z,82418.9
2025-09-10T04:00:00Z,85942.3
2025-09-10T05:00:00Z,89138.0
2025-09-10T06:00:00Z,90391.7
2025-09-10T07:00:00Z,96670.5
2025-09-10T08:00:00Z,100255.9
2025-09-10T09:00:00Z,102942.1
2025-09-10T10:00:00Z,104104.5
2025-09-10T11:00:00Z,106171.9
2025-09-10T12:00:00Z,105300.1
2025-09-10T13:00:00Z,105536.8
2025-09-10T14:00:00Z,104395.7
2025-09-10T15:00:00Z,102986.2
2025-09-10T16:00:00Z,97866.4
2025-09-10T17:00:00Z,94659.5
2025-09-10T18:00:00Z,91586.5
2025-09-10T19:00:00Z,89230.6
2025-09-10T20:00:00Z,85260.2
2025-09-10T21:00:00Z,83455.6
2025-09-10T22:00:00Z,80659.5
2025-09-10T23:00:00Z,77668.5
2025-09-11T00:00:00Z,76422.5
2025-09-11T01:00:00Z,76885.4
2025-09-11T02:00:00Z,79092.4
2025-09-11T03:00:00Z,83708.0
2025-09-11T04:00:00Z,85168.6
2025-09-11T05:00:00Z,89314.8
2025-09-11T06:00:00Z,90610.9
2025-09-11T07:00:00Z,94943.2
2025-09-11T08:00:00Z,98193.3
2025-09-11T09:00:00Z,101186.4
2025-09-11T10:00:00Z,104366.8
2025-09-11T11:00:00Z,105561.0
2025-09-11T12:00:00Z,105253.9
2025-09-11T13:00:00Z,104928.2
2025-09-11T14:00:00Z,104265.2
2025-09-11T15:00:00Z,100583.5
2025-09-11T16:00:00Z,100905.2
2025-09-11T17:00:00Z,95295.4
2025-09-11T18:00:00Z,91479.3
2025-09-11T19:00:00Z,88910.3
2025-09-11T20:00:00Z,86337.6
2025-09-11T21:00:00Z,82460.1
2025-09-11T22:00:00Z,80187.2
2025-09-11T23:00:00Z,79419.4
2025-09-12T00:00:00Z,77669.3
2025-09-12T01:00:00Z,77957.1
2025-09-12T02:00:00Z,79629.1
2025-09-12T03:00:00Z,81620.3
2025-09-12T04:00:00Z,83981.3
2025-09-12T05:00:00Z,90665.5
2025-09-12T06:00:00Z,93648.1
2025-09-12T07:00:00Z,96051.4
2025-09-12T08:00:00Z,100817.3
2025-09-12T09:00:00Z,100539.0
2025-09-12T10:00:00Z,104044.1
2025-09-12T11:00:00Z,107719.0
2025-09-12T12:00:00Z,107400.4
2025-09-12T13:00:00Z,105710.7
2025-09-12T14:00:00Z,102910.2
2025-09-12T15:00:00Z,103904.6
2025-09-12T16:00:00Z,98086.5
2025-09-12T17:00:00Z,95127.2
2025-09-12T18:00:00Z,92316.2
2025-09-12T19:00:00Z,88698.1
2025-09-12T20:00:00Z,85543.9
2025-09-12T21:00:00Z,82818.3
2025-09-12T22:00:00Z,80627.1
2025-09-12T23:00:00Z,81740.5
2025-09-13T00:00:00Z,75062.4
2025-09-13T01:00:00Z,75018.1
2025-09-13T02:00:00Z,73999.1
2025-09-13T03:00:00Z,79828.0
2025-09-13T04:00:00Z,80969.2
2025-09-13T05:00:00Z,85970.7
2025-09-13T06:00:00Z,88762.5
2025-09-13T07:00:00Z,93396.1
2025-09-13T08:00:00Z,97105.7
2025-09-13T09:00:00Z,100794.8
2025-09-13T10:00:00Z,100671.4
2025-09-13T11:00:00Z,100918.5
2025-09-13T12:00:00Z,102793.7
2025-09-13T13:00:00Z,99990.7
2025-09-13T14:00:00Z,100465.6
2025-09-13T15:00:00Z,98595.2
2025-09-13T16:00:00Z,92756.6
2025-09-13T17:00:00Z,93533.2
2025-09-13T18:00:00Z,87423.2
2025-09-13T19:00:00Z,84488.5
2025-09-13T20:00:00Z,81842.8
2025-09-13T21:00:00Z,78576.3
2025-09-13T22:00:00Z,76906.7
2025-09-13T23:00:00Z,74943.1
2025-09-14T00:00:00Z,74999.5
2025-09-14T01:00:00Z,73937.8
2025-09-14T02:00:00Z,77534.6
2025-09-14T03:00:00Z,77912.9
2025-09-14T04:00:00Z,80272.1
2025-09-14T05:00:00Z,84857.8
2025-09-14T06:00:00Z,87412.9
2025-09-14T07:00:00Z,88750.5
2025-09-14T08:00:00Z,97813.3
2025-09-14T09:00:00Z,97749.1
2025-09-14T10:00:00Z,100857.5
2025-09-14T11:00:00Z,104893.8
2025-09-14T12:00:00Z,101529.9
2025-09-14T13:00:00Z,102175.0
2025-09-14T14:00:00Z,101487.7
2025-09-14T15:00:00Z,99986.4
2025-09-14T16:00:00Z,94341.5
2025-09-14T17:00:00Z,90805.1
2025-09-14T18:00:00Z,90007.5
2025-09-14T19:00:00Z,85304.7
2025-09-14T20:00:00Z,80235.7
2025-09-14T21:00:00Z,76968.9
2025-09-14T22:00:00Z,77661.8
2025-09-14T23:00:00Z,76725.8
2025-09-15T00:00:00Z,78560.4
2025-09-15T01:00:00Z,79013.7
2025-09-15T02:00:00Z,80037.3
2025-09-15T03:00:00Z,79786.2
2025-09-15T04:00:00Z,87372.3
2025-09-15T05:00:00Z,89258.2
2025-09-15T06:00:00Z,94359.8
2025-09-15T07:00:00Z,95771.8
2025-09-15T08:00:00Z,99534.3
2025-09-15T09:00:00Z,102762.0
2025-09-15T10:00:00Z,105019.7
2025-09-15T11:00:00Z,106060.1
2025-09-15T12:00:00Z,108567.1
2025-09-15T13:00:00Z,108053.9
2025-09-15T14:00:00Z,106404.6
2025-09-15T15:00:00Z,102243.0
2025-09-15T16:00:00Z,99796.7
2025-09-15T17:00:00Z,95345.1
2025-09-15T18:00:00Z,95978.7
2025-09-15T19:00:00Z,88693.3
2025-09-15T20:00:00Z,86118.8
2025-09-15T21:00:00Z,81879.2
2025-09-15T22:00:00Z,81385.4
2025-09-15T23:00:00Z,80342.1
2025-09-16T00:00:00Z,77850.9
2025-09-16T01:00:00Z,80177.2
2025-09-16T02:00:00Z,79890.6
2025-09-16T03:00:00Z,82470.0
2025-09-16T04:00:00Z,85883.9
2025-09-16T05:00:00Z,88566.8
2025-09-16T06:00:00Z,94225.4
2025-09-16T07:00:00Z,96316.8
2025-09-16T08:00:00Z,100211.9
2025-09-16T09:00:00Z,103664.0
2025-09-16T10:00:00Z,104301.5
2025-09-16T11:00:00Z,106305.2
2025-09-16T12:00:00Z,106888.5
2025-09-16T13:00:00Z,104512.1
2025-09-16T14:00:00Z,107309.1
2025-09-16T15:00:00Z,103870.5
2025-09-16T16:00:00Z,100617.5
2025-09-16T17:00:00Z,97538.2
2025-09-16T18:00:00Z,91576.9
2025-09-16T19:00:00Z,89143.2
2025-09-16T20:00:00Z,87471.9
2025-09-16T21:00:00Z,82468.0
2025-09-16T22:00:00Z,81089.7
2025-09-16T23:00:00Z,79862.7
2025-09-17T00:00:00Z,77213.5
2025-09-17T01:00:00Z,78878.7
2025-09-17T02:00:00Z,81651.8
2025-09-17T03:00:00Z,83364.6
2025-09-17T04:00:00Z,88667.3
2025-09-17T05:00:00Z,90076.5
2025-09-17T06:00:00Z,90583.8
2025-09-17T07:00:00Z,98744.0
2025-09-17T08:00:00Z,98587.1
2025-09-17T09:00:00Z,103654.9
2025-09-17T10:00:00Z,105780.9
2025-09-17T11:00:00Z,107158.2
2025-09-17T12:00:00Z,107558.8
2025-09-17T13:00:00Z,105810.4
2025-09-17T14:00:00Z,106223.8
2025-09-17T15:00:00Z,103465.6
2025-09-17T16:00:00Z,99697.6
2025-09-17T17:00:00Z,97683.0
2025-09-17T18:00:00Z,96021.1
2025-09-17T19:00:00Z,88158.4
2025-09-17T20:00:00Z,85424.0
2025-09-17T21:00:00Z,83069.4
2025-09-17T22:00:00Z,79825.4
2025-09-17T23:00:00Z,79516.3
2025-09-18T00:00:00Z,78104.8
2025-09-18T01:00:00Z,79752.6
2025-09-18T02:00:00Z,82265.6
2025-09-18T03:00:00Z,83662.8
2025-09-18T04:00:00Z,85918.0
2025-09-18T05:00:00Z,90204.6
2025-09-18T06:00:00Z,93607.3
2025-09-18T07:00:00Z,97838.1
2025-09-18T08:00:00Z,100227.0
2025-09-18T09:00:00Z,101671.2
2025-09-18T10:00:00Z,106421.3
2025-09-18T11:00:00Z,106561.4
2025-09-18T12:00:00Z,107116.9
2025-09-18T13:00:00Z,108027.6
2025-09-18T14:00:00Z,105973.5
2025-09-18T15:00:00Z,102798.3
2025-09-18T16:00:00Z,103212.8
2025-09-18T17:00:00Z,99024.7
2025-09-18T18:00:00Z,92793.4
2025-09-18T19:00:00Z,87618.7
2025-09-18T20:00:00Z,87566.0
2025-09-18T21:00:00Z,83869.6
2025-09-18T22:00:00Z,81129.3
2025-09-18T23:00:00Z,80091.0
2025-09-19T00:00:00Z,79241.6
2025-09-19T01:00:00Z,80610.2
2025-09-19T02:00:00Z,81411.0
2025-09-19T03:00:00Z,84649.0
2025-09-19T04:00:00Z,87761.4
2025-09-19T05:00:00Z,89804.2
2025-09-19T06:00:00Z,94065.3
2025-09-19T07:00:00Z,97845.6
2025-09-19T08:00:00Z,100563.8
2025-09-19T09:00:00Z,104226.3
2025-09-19T10:00:00Z,105613.8
2025-09-19T11:00:00Z,108260.0
2025-09-19T12:00:00Z,106960.0
2025-09-19T13:00:00Z,106896.8
2025-09-19T14:00:00Z,103767.3
2025-09-19T15:00:00Z,101773.1
2025-09-19T16:00:00Z,100969.2
2025-09-19T17:00:00Z,97025.6
2025-09-19T18:00:00Z,93516.5
2025-09-19T19:00:00Z,91618.1
2025-09-19T20:00:00Z,86471.6
2025-09-19T21:00:00Z,86218.4
2025-09-19T22:00:00Z,79188.8
2025-09-19T23:00:00Z,80063.2
2025-09-20T00:00:00Z,77033.3
2025-09-20T01:00:00Z,76585.2
2025-09-20T02:00:00Z,78280.2
2025-09-20T03:00:00Z,79033.5
2025-09-20T04:00:00Z,80676.9
2025-09-20T05:00:00Z,85936.7
2025-09-20T06:00:00Z,90736.4
2025-09-20T07:00:00Z,93856.1
2025-09-20T08:00:00Z,95532.7
2025-09-20T09:00:00Z,100535.3
2025-09-20T10:00:00Z,101826.2
2025-09-20T11:00:00Z,103187.0
2025-09-20T12:00:00Z,104407.0
2025-09-20T13:00:00Z,102214.9
2025-09-20T14:00:00Z,103221.9
2025-09-20T15:00:00Z,102036.7
2025-09-20T16:00:00Z,95370.6
2025-09-20T17:00:00Z,93522.4
2025-09-20T18:00:00Z,88288.2
2025-09-20T19:00:00Z,86419.5
2025-09-20T20:00:00Z,83405.2
2025-09-20T21:00:00Z,81799.5
2025-09-20T22:00:00Z,76461.1
2025-09-20T23:00:00Z,75515.0
2025-09-21T00:00:00Z,76579.1
2025-09-21T01:00:00Z,76109.8
2025-09-21T02:00:00Z,78196.7
2025-09-21T03:00:00Z,81942.8
2025-09-21T04:00:00Z,83661.1
2025-09-21T05:00:00Z,84744.5
2025-09-21T06:00:00Z,91896.7
2025-09-21T07:00:00Z,91961.3
2025-09-21T08:00:00Z,97843.7
2025-09-21T09:00:00Z,100012.7
2025-09-21T10:00:00Z,102645.8
2025-09-21T11:00:00Z,103633.6
2025-09-21T12:00:00Z,104502.7
2025-09-21T13:00:00Z,101177.5
2025-09-21T14:00:00Z,102477.1
2025-09-21T15:00:00Z,98777.9
2025-09-21T16:00:00Z,95934.8
2025-09-21T17:00:00Z,93533.1
2025-09-21T18:00:00Z,89958.6
2025-09-21T19:00:00Z,85779.1
2025-09-21T20:00:00Z,84956.0
2025-09-21T21:00:00Z,80808.4
2025-09-21T22:00:00Z,75266.9
2025-09-21T23:00:00Z,75597.3
2025-09-22T00:00:00Z,78540.6
2025-09-22T01:00:00Z,79523.0
2025-09-22T02:00:00Z,83748.9
2025-09-22T03:00:00Z,83965.9
2025-09-22T04:00:00Z,87887.5
2025-09-22T05:00:00Z,91015.0
2025-09-22T06:00:00Z,92399.3
2025-09-22T07:00:00Z,96253.2
2025-09-22T08:00:00Z,100674.8
2025-09-22T09:00:00Z,104180.1
2025-09-22T10:00:00Z,105155.3
2025-09-22T11:00:00Z,108003.3
2025-09-22T12:00:00Z,108050.4
2025-09-22T13:00:00Z,107893.0
2025-09-22T14:00:00Z,107618.1
2025-09-22T15:00:00Z,104632.2
2025-09-22T16:00:00Z,103134.3
2025-09-22T17:00:00Z,97066.4
2025-09-22T18:00:00Z,94049.4
2025-09-22T19:00:00Z,87870.2
2025-09-22T20:00:00Z,86658.4
2025-09-22T21:00:00Z,84931.3
2025-09-22T22:00:00Z,79769.4
2025-09-22T23:00:00Z,79194.6
2025-09-23T00:00:00Z,80632.4
2025-09-23T01:00:00Z,79499.0
2025-09-23T02:00:00Z,82513.7
2025-09-23T03:00:00Z,86198.9
2025-09-23T04:00:00Z,88270.2
2025-09-23T05:00:00Z,88744.8
2025-09-23T06:00:00Z,93854.7
2025-09-23T07:00:00Z,97966.8
2025-09-23T08:00:00Z,100558.5
2025-09-23T09:00:00Z,103823.5
2025-09-23T10:00:00Z,106037.9
2025-09-23T11:00:00Z,105416.0
2025-09-23T12:00:00Z,108939.8
2025-09-23T13:00:00Z,108657.8
2025-09-23T14:00:00Z,107964.6
2025-09-23T15:00:00Z,101876.7
2025-09-23T16:00:00Z,101447.0
2025-09-23T17:00:00Z,98838.7
2025-09-23T18:00:00Z,94094.3
2025-09-23T19:00:00Z,89264.1
2025-09-23T20:00:00Z,85274.9
2025-09-23T21:00:00Z,85451.7
2025-09-23T22:00:00Z,80320.3
2025-09-23T23:00:00Z,79192.7
2025-09-24T00:00:00Z,81973.8
2025-09-24T01:00:00Z,78445.1
2025-09-24T02:00:00Z,82631.6
2025-09-24T03:00:00Z,84653.6
2025-09-24T04:00:00Z,87128.7
2025-09-24T05:00:00Z,90975.8
2025-09-24T06:00:00Z,92490.0
2025-09-24T07:00:00Z,97782.5
2025-09-24T08:00:00Z,102159.9
2025-09-24T09:00:00Z,104533.0
2025-09-24T10:00:00Z,106310.2
2025-09-24T11:00:00Z,105917.1
2025-09-24T12:00:00Z,107759.2
2025-09-24T13:00:00Z,109507.8
2025-09-24T14:00:00Z,107577.5
2025-09-24T15:00:00Z,104802.1
2025-09-24T16:00:00Z,101372.3
2025-09-24T17:00:00Z,98918.8
2025-09-24T18:00:00Z,94783.7
2025-09-24T19:00:00Z,89388.6
2025-09-24T20:00:00Z,87766.1
2025-09-24T21:00:00Z,85089.6
2025-09-24T22:00:00Z,80446.3
2025-09-24T23:00:00Z,81708.2
2025-09-25T00:00:00Z,79114.5
2025-09-25T01:00:00Z,81650.9
2025-09-25T02:00:00Z,82061.8
2025-09-25T03:00:00Z,84646.4
2025-09-25T04:00:00Z,85818.6
2025-09-25T05:00:00Z,91804.6
2025-09-25T06:00:00Z,94027.6
2025-09-25T07:00:00Z,97360.6
2025-09-25T08:00:00Z,102726.4
2025-09-25T09:00:00Z,103591.0
2025-09-25T10:00:00Z,106769.9
2025-09-25T11:00:00Z,109696.8
2025-09-25T12:00:00Z,107702.6
2025-09-25T13:00:00Z,106689.1
2025-09-25T14:00:00Z,106569.3
2025-09-25T15:00:00Z,103634.1
2025-09-25T16:00:00Z,101073.7
2025-09-25T17:00:00Z,97003.6
2025-09-25T18:00:00Z,93352.0
2025-09-25T19:00:00Z,88159.9
2025-09-25T20:00:00Z,85547.7
2025-09-25T21:00:00Z,84473.0
2025-09-25T22:00:00Z,82098.0
2025-09-25T23:00:00Z,81171.0
2025-09-26T00:00:00Z,81687.1
2025-09-26T01:00:00Z,79666.8
2025-09-26T02:00:00Z,82082.5
2025-09-26T03:00:00Z,83732.0
2025-09-26T04:00:00Z,87901.2
2025-09-26T05:00:00Z,89818.4
2025-09-26T06:00:00Z,95013.2
2025-09-26T07:00:00Z,96554.3
2025-09-26T08:00:00Z,101700.1
2025-09-26T09:00:00Z,104694.2
2025-09-26T10:00:00Z,107932.3
2025-09-26T11:00:00Z,108655.4
2025-09-26T12:00:00Z,109561.1
2025-09-26T13:00:00Z,108294.1
2025-09-26T14:00:00Z,105798.8
2025-09-26T15:00:00Z,103354.9
2025-09-26T16:00:00Z,101672.4
2025-09-26T17:00:00Z,97183.8
2025-09-26T18:00:00Z,93118.3
2025-09-26T19:00:00Z,88193.6
2025-09-26T20:00:00Z,86137.8
2025-09-26T21:00:00Z,83228.2
2025-09-26T22:00:00Z,80410.9
2025-09-26T23:00:00Z,81660.9
2025-09-27T00:00:00Z,74547.5
2025-09-27T01:00:00Z,77060.0
2025-09-27T02:00:00Z,78540.1
2025-09-27T03:00:00Z,79913.7
2025-09-27T04:00:00Z,82527.9
2025-09-27T05:00:00Z,86552.3
2025-09-27T06:00:00Z,91532.9
2025-09-27T07:00:00Z,95108.0
2025-09-27T08:00:00Z,97185.7
2025-09-27T09:00:00Z,100217.2
2025-09-27T10:00:00Z,104208.9
2025-09-27T11:00:00Z,103102.7
2025-09-27T12:00:00Z,104714.7
2025-09-27T13:00:00Z,105225.3
2025-09-27T14:00:00Z,104230.1
2025-09-27T15:00:00Z,99359.9
2025-09-27T16:00:00Z,98171.3
2025-09-27T17:00:00Z,94255.3
2025-09-27T18:00:00Z,88531.7
2025-09-27T19:00:00Z,85811.9
2025-09-27T20:00:00Z,84205.1
2025-09-27T21:00:00Z,80554.1
2025-09-27T22:00:00Z,78363.9
2025-09-27T23:00:00Z,75568.3
2025-09-28T00:00:00Z,76279.9
2025-09-28T01:00:00Z,77742.9
2025-09-28T02:00:00Z,79618.8
2025-09-28T03:00:00Z,81381.1
2025-09-28T04:00:00Z,84016.2
2025-09-28T05:00:00Z,86388.7
2025-09-28T06:00:00Z,93561.2
2025-09-28T07:00:00Z,95274.1
2025-09-28T08:00:00Z,95422.5
2025-09-28T09:00:00Z,99591.3
2025-09-28T10:00:00Z,103106.0
2025-09-28T11:00:00Z,103117.7
2025-09-28T12:00:00Z,105971.4
2025-09-28T13:00:00Z,104641.9
2025-09-28T14:00:00Z,103243.8
2025-09-28T15:00:00Z,100223.9
2025-09-28T16:00:00Z,99874.0
2025-09-28T17:00:00Z,94452.5
2025-09-28T18:00:00Z,89582.4
2025-09-28T19:00:00Z,85094.5
2025-09-28T20:00:00Z,83983.6
2025-09-28T21:00:00Z,80435.8
2025-09-28T22:00:00Z,77115.3
2025-09-28T23:00:00Z,77480.2
2025-09-29T00:00:00Z,79672.3
2025-09-29T01:00:00Z,79821.1
2025-09-29T02:00:00Z,82356.4
2025-09-29T03:00:00Z,83442.5
2025-09-29T04:00:00Z,87594.7
2025-09-29T05:00:00Z,89574.9
2025-09-29T06:00:00Z,93742.8
2025-09-29T07:00:00Z,100862.5
2025-09-29T08:00:00Z,100671.7
2025-09-29T09:00:00Z,104845.8
2025-09-29T10:00:00Z,109956.0
2025-09-29T11:00:00Z,108261.3
2025-09-29T12:00:00Z,108394.7
2025-09-29T13:00:00Z,106524.4
2025-09-29T14:00:00Z,107776.2
2025-09-29T15:00:00Z,101968.2
2025-09-29T16:00:00Z,100027.6
2025-09-29T17:00:00Z,98113.5
2025-09-29T18:00:00Z,96452.2
2025-09-29T19:00:00Z,93281.6
2025-09-29T20:00:00Z,88997.5
2025-09-29T21:00:00Z,84916.3
2025-09-29T22:00:00Z,81764.0
2025-09-29T23:00:00Z,81555.0
2025-09-30T00:00:00Z,82207.3
2025-09-30T01:00:00Z,80892.1
2025-09-30T02:00:00Z,83809.7
2025-09-30T03:00:00Z,83286.1
2025-09-30T04:00:00Z,87723.2
2025-09-30T05:00:00Z,90731.2
2025-09-30T06:00:00Z,95247.8
2025-09-30T07:00:00Z,97868.5
2025-09-30T08:00:00Z,101075.7
2025-09-30T09:00:00Z,104678.4
2025-09-30T10:00:00Z,106463.1
2025-09-30T11:00:00Z,107249.8
2025-09-30T12:00:00Z,106202.0
2025-09-30T13:00:00Z,110304.0
2025-09-30T14:00:00Z,104775.7
2025-09-30T15:00:00Z,104358.9
2025-09-30T16:00:00Z,101782.7
2025-09-30T17:00:00Z,100076.9
2025-09-30T18:00:00Z,94398.8
2025-09-30T19:00:00Z,91219.8
2025-09-30T20:00:00Z,87753.8
2025-09-30T21:00:00Z,85446.2
2025-09-30T22:00:00Z,83961.1
2025-09-30T23:00:00Z,80319.7
2025-10-01T00:00:00Z,80596.1
2025-10-01T01:00:00Z,79245.5
2025-10-01T02:00:00Z,80758.5
2025-10-01T03:00:00Z,83329.4
2025-10-01T04:00:00Z,85867.7
2025-10-01T05:00:00Z,91958.5
2025-10-01T06:00:00Z,94954.4
2025-10-01T07:00:00Z,97417.6
2025-10-01T08:00:00Z,104587.3
2025-10-01T09:00:00Z,105078.1
2025-10-01T10:00:00Z,108316.0
2025-10-01T11:00:00Z,109133.1
2025-10-01T12:00:00Z,108417.2
2025-10-01T13:00:00Z,107984.4
2025-10-01T14:00:00Z,107829.6
2025-10-01T15:00:00Z,104961.3
2025-10-01T16:00:00Z,103937.5
2025-10-01T17:00:00Z,99393.2
2025-10-01T18:00:00Z,95602.4
2025-10-01T19:00:00Z,90364.9
2025-10-01T20:00:00Z,86697.6
2025-10-01T21:00:00Z,83909.9
2025-10-01T22:00:00Z,85105.2
2025-10-01T23:00:00Z,80055.5
2025-10-02T00:00:00Z,79522.7
2025-10-02T01:00:00Z,82077.0
2025-10-02T02:00:00Z,81981.7
2025-10-02T03:00:00Z,84834.6
2025-10-02T04:00:00Z,85170.7
2025-10-02T05:00:00Z,91262.6
2025-10-02T06:00:00Z,94897.7
2025-10-02T07:00:00Z,97958.2
2025-10-02T08:00:00Z,101572.7
2025-10-02T09:00:00Z,104781.8
2025-10-02T10:00:00Z,107744.4
2025-10-02T11:00:00Z,107872.6
2025-10-02T12:00:00Z,109907.4
2025-10-02T13:00:00Z,109662.1
2025-10-02T14:00:00Z,106456.2
2025-10-02T15:00:00Z,104896.6
2025-10-02T16:00:00Z,102594.0
2025-10-02T17:00:00Z,96294.3
2025-10-02T18:00:00Z,94291.2
2025-10-02T19:00:00Z,93590.3
2025-10-02T20:00:00Z,86314.8
2025-10-02T21:00:00Z,84302.4
2025-10-02T22:00:00Z,83193.9
2025-10-02T23:00:00Z,81771.6
2025-10-03T00:00:00Z,81044.1
2025-10-03T01:00:00Z,81050.2
2025-10-03T02:00:00Z,82540.4
2025-10-03T03:00:00Z,85309.7
2025-10-03T04:00:00Z,88883.9
2025-10-03T05:00:00Z,90790.5
2025-10-03T06:00:00Z,93462.2
2025-10-03T07:00:00Z,98354.5
2025-10-03T08:00:00Z,104351.0
2025-10-03T09:00:00Z,105381.5
2025-10-03T10:00:00Z,107340.5
2025-10-03T11:00:00Z,107560.2
2025-10-03T12:00:00Z,107693.6
2025-10-03T13:00:00Z,108924.0
2025-10-03T14:00:00Z,107507.4
2025-10-03T15:00:00Z,105346.7
2025-10-03T16:00:00Z,101026.1
2025-10-03T17:00:00Z,98187.5
2025-10-03T18:00:00Z,94606.4
2025-10-03T19:00:00Z,90641.7
2025-10-03T20:00:00Z,87219.0
2025-10-03T21:00:00Z,84367.8
2025-10-03T22:00:00Z,80801.0
2025-10-03T23:00:00Z,80581.4
2025-10-04T00:00:00Z,74945.3
2025-10-04T01:00:00Z,76891.2
2025-10-04T02:00:00Z,80624.9
2025-10-04T03:00:00Z,79677.8
2025-10-04T04:00:00Z,85285.7
2025-10-04T05:00:00Z,85051.0
2025-10-04T06:00:00Z,91633.4
2025-10-04T07:00:00Z,92927.6
2025-10-04T08:00:00Z,97126.0
2025-10-04T09:00:00Z,101290.8
2025-10-04T10:00:00Z,103854.7
2025-10-04T11:00:00Z,104199.1
2025-10-04T12:00:00Z,107021.0
2025-10-04T13:00:00Z,102270.9
2025-10-04T14:00:00Z,103353.7
2025-10-04T15:00:00Z,101865.5
2025-10-04T16:00:00Z,97958.9
2025-10-04T17:00:00Z,95308.1
2025-10-04T18:00:00Z,91206.1
2025-10-04T19:00:00Z,88281.5
2025-10-04T20:00:00Z,84092.7
2025-10-04T21:00:00Z,82384.6
2025-10-04T22:00:00Z,79517.5
2025-10-04T23:00:00Z,77221.4
2025-10-05T00:00:00Z,76998.9
2025-10-05T01:00:00Z,77632.8
2025-10-05T02:00:00Z,78933.6
2025-10-05T03:00:00Z,83923.9
2025-10-05T04:00:00Z,83515.5
2025-10-05T05:00:00Z,87345.0
2025-10-05T06:00:00Z,92108.6
2025-10-05T07:00:00Z,95834.6
2025-10-05T08:00:00Z,99296.8
2025-10-05T09:00:00Z,101478.9
2025-10-05T10:00:00Z,104210.5
2025-10-05T11:00:00Z,107126.0
2025-10-05T12:00:00Z,106666.5
2025-10-05T13:00:00Z,104734.9
2025-10-05T14:00:00Z,104712.5
2025-10-05T15:00:00Z,102634.0
2025-10-05T16:00:00Z,100379.4
2025-10-05T17:00:00Z,96206.7
2025-10-05T18:00:00Z,90388.8
2025-10-05T19:00:00Z,88208.6
2025-10-05T20:00:00Z,84239.1
2025-10-05T21:00:00Z,81309.0
2025-10-05T22:00:00Z,78808.2
2025-10-05T23:00:00Z,77846.4
2025-10-06T00:00:00Z,81805.4
2025-10-06T01:00:00Z,81551.5
2025-10-06T02:00:00Z,83471.2
2025-10-06T03:00:00Z,84093.8
2025-10-06T04:00:00Z,87602.9
2025-10-06T05:00:00Z,90918.9
2025-10-06T06:00:00Z,95848.7
2025-10-06T07:00:00Z,99546.6
2025-10-06T08:00:00Z,101630.3
2025-10-06T09:00:00Z,105451.4
2025-10-06T10:00:00Z,107583.8
2025-10-06T11:00:00Z,106398.5
2025-10-06T12:00:00Z,108328.2
2025-10-06T13:00:00Z,109376.0
2025-10-06T14:00:00Z,108610.3
2025-10-06T15:00:00Z,104910.0
2025-10-06T16:00:00Z,102597.2
2025-10-06T17:00:00Z,100434.9
2025-10-06T18:00:00Z,95920.5
2025-10-06T19:00:00Z,91568.1
2025-10-06T20:00:00Z,89542.1
2025-10-06T21:00:00Z,85337.9
2025-10-06T22:00:00Z,84510.3
2025-10-06T23:00:00Z,82143.5
2025-10-07T00:00:00Z,80873.4
2025-10-07T01:00:00Z,81844.0
2025-10-07T02:00:00Z,83623.1
2025-10-07T03:00:00Z,84536.3
2025-10-07T04:00:00Z,87662.1
2025-10-07T05:00:00Z,92100.3
2025-10-07T06:00:00Z,95499.2
2025-10-07T07:00:00Z,96429.7
2025-10-07T08:00:00Z,105923.1
2025-10-07T09:00:00Z,105568.8
2025-10-07T10:00:00Z,108264.9
2025-10-07T11:00:00Z,110482.3
2025-10-07T12:00:00Z,111005.7
2025-10-07T13:00:00Z,109453.6
2025-10-07T14:00:00Z,109790.5
2025-10-07T15:00:00Z,104284.5
2025-10-07T16:00:00Z,101981.7
2025-10-07T17:00:00Z,97816.0
2025-10-07T18:00:00Z,96918.7
2025-10-07T19:00:00Z,90951.5
2025-10-07T20:00:00Z,88005.5
2025-10-07T21:00:00Z,85089.0
2025-10-07T22:00:00Z,87186.4
2025-10-07T23:00:00Z,80260.3
2025-10-08T00:00:00Z,82959.2
2025-10-08T01:00:00Z,82715.3
2025-10-08T02:00:00Z,82454.9
2025-10-08T03:00:00Z,85966.7
2025-10-08T04:00:00Z,88673.4
2025-10-08T05:00:00Z,91913.9
2025-10-08T06:00:00Z,93941.5
2025-10-08T07:00:00Z,99884.7
2025-10-08T08:00:00Z,102231.9
2025-10-08T09:00:00Z,104347.2
2025-10-08T10:00:00Z,108937.2
2025-10-08T11:00:00Z,109790.8
2025-10-08T12:00:00Z,110538.8
2025-10-08T13:00:00Z,109636.6
2025-10-08T14:00:00Z,105839.9
2025-10-08T15:00:00Z,104768.9
2025-10-08T16:00:00Z,102226.7
2025-10-08T17:00:00Z,97807.5
2025-10-08T18:00:00Z,93653.5
2025-10-08T19:00:00Z,90976.1
2025-10-08T20:00:00Z,89773.0
2025-10-08T21:00:00Z,83988.0
2025-10-08T22:00:00Z,83394.3
2025-10-08T23:00:00Z,83293.3
2025-10-09T00:00:00Z,81410.7
2025-10-09T01:00:00Z,81421.4
2025-10-09T02:00:00Z,81915.1
2025-10-09T03:00:00Z,84700.4
2025-10-09T04:00:00Z,88268.0
2025-10-09T05:00:00Z,89374.6
2025-10-09T06:00:00Z,95550.9
2025-10-09T07:00:00Z,101453.2
2025-10-09T08:00:00Z,101247.9
2025-10-09T09:00:00Z,107137.5
2025-10-09T10:00:00Z,106997.7
2025-10-09T11:00:00Z,110254.1
2025-10-09T12:00:00Z,111045.2
2025-10-09T13:00:00Z,109164.6
2025-10-09T14:00:00Z,106613.5
2025-10-09T15:00:00Z,104951.0
2025-10-09T16:00:00Z,101473.9
2025-10-09T17:00:00Z,98571.2
2025-10-09T18:00:00Z,96753.8
2025-10-09T19:00:00Z,90617.3
2025-10-09T20:00:00Z,89139.6
2025-10-09T21:00:00Z,84797.1
2025-10-09T22:00:00Z,81987.5
2025-10-09T23:00:00Z,80511.7
2025-10-10T00:00:00Z,82759.6
2025-10-10T01:00:00Z,82938.3
2025-10-10T02:00:00Z,82951.4
2025-10-10T03:00:00Z,84911.8
2025-10-10T04:00:00Z,85941.5
2025-10-10T05:00:00Z,90206.6
2025-10-10T06:00:00Z,94876.7
2025-10-10T07:00:00Z,99424.2
2025-10-10T08:00:00Z,101183.8
2025-10-10T09:00:00Z,105004.7
2025-10-10T10:00:00Z,106509.4
2025-10-10T11:00:00Z,108766.2
2025-10-10T12:00:00Z,110306.5
2025-10-10T13:00:00Z,110586.2
2025-10-10T14:00:00Z,106649.3
2025-10-10T15:00:00Z,105733.7
2025-10-10T16:00:00Z,102709.5
2025-10-10T17:00:00Z,101495.6
2025-10-10T18:00:00Z,95187.9
2025-10-10T19:00:00Z,92611.4
2025-10-10T20:00:00Z,87632.2
2025-10-10T21:00:00Z,84327.2
2025-10-10T22:00:00Z,83080.6
2025-10-10T23:00:00Z,81345.4
2025-10-11T00:00:00Z,77227.1
2025-10-11T01:00:00Z,78721.4
2025-10-11T02:00:00Z,80141.1
2025-10-11T03:00:00Z,80796.1
2025-10-11T04:00:00Z,83704.6
2025-10-11T05:00:00Z,86915.7
2025-10-11T06:00:00Z,92330.3
2025-10-11T07:00:00Z,95487.2
2025-10-11T08:00:00Z,98731.4
2025-10-11T09:00:00Z,100538.1
2025-10-11T10:00:00Z,104004.7
2025-10-11T11:00:00Z,104522.1
2025-10-11T12:00:00Z,106234.4
2025-10-11T13:00:00Z,104446.6
2025-10-11T14:00:00Z,103734.0
2025-10-11T15:00:00Z,101464.4
2025-10-11T16:00:00Z,100144.9
2025-10-11T17:00:00Z,96241.5
2025-10-11T18:00:00Z,92346.2
2025-10-11T19:00:00Z,88889.1
2025-10-11T20:00:00Z,87406.3
2025-10-11T21:00:00Z,81604.9
2025-10-11T22:00:00Z,79780.8
2025-10-11T23:00:00Z,77512.6
2025-10-12T00:00:00Z,78023.2
2025-10-12T01:00:00Z,77106.6
2025-10-12T02:00:00Z,80263.3
2025-10-12T03:00:00Z,79755.4
2025-10-12T04:00:00Z,85621.7
2025-10-12T05:00:00Z,84480.8
2025-10-12T06:00:00Z,92264.1
2025-10-12T07:00:00Z,93436.6
2025-10-12T08:00:00Z,96312.6
2025-10-12T09:00:00Z,102407.7
2025-10-12T10:00:00Z,105131.3
2025-10-12T11:00:00Z,106226.2
2025-10-12T12:00:00Z,104822.5
2025-10-12T13:00:00Z,107002.5
2025-10-12T14:00:00Z,103822.7
2025-10-12T15:00:00Z,101950.0
2025-10-12T16:00:00Z,95456.0
2025-10-12T17:00:00Z,95031.5
2025-10-12T18:00:00Z,92073.2
2025-10-12T19:00:00Z,87572.3
2025-10-12T20:00:00Z,85503.4
2025-10-12T21:00:00Z,82789.2
2025-10-12T22:00:00Z,81484.0
2025-10-12T23:00:00Z,76912.8
2025-10-13T00:00:00Z,80791.6
2025-10-13T01:00:00Z,82272.6
2025-10-13T02:00:00Z,84577.6
2025-10-13T03:00:00Z,83351.0
2025-10-13T04:00:00Z,88886.3
2025-10-13T05:00:00Z,91894.9
2025-10-13T06:00:00Z,96920.7
2025-10-13T07:00:00Z,98096.3
2025-10-13T08:00:00Z,103590.5
2025-10-13T09:00:00Z,105244.8
2025-10-13T10:00:00Z,109730.1
2025-10-13T11:00:00Z,109521.6
2025-10-13T12:00:00Z,110287.5
2025-10-13T13:00:00Z,109737.4
2025-10-13T14:00:00Z,106966.9
2025-10-13T15:00:00Z,104727.1
2025-10-13T16:00:00Z,101834.6
2025-10-13T17:00:00Z,96404.3
2025-10-13T18:00:00Z,93311.0
2025-10-13T19:00:00Z,91459.3
2025-10-13T20:00:00Z,90336.7
2025-10-13T21:00:00Z,85742.5
2025-10-13T22:00:00Z,82558.3
2025-10-13T23:00:00Z,82779.2
2025-10-14T00:00:00Z,82107.9
2025-10-14T01:00:00Z,80807.6
2025-10-14T02:00:00Z,82864.6
2025-10-14T03:00:00Z,83695.2
2025-10-14T04:00:00Z,86995.6
2025-10-14T05:00:00Z,91493.9
2025-10-14T06:00:00Z,96959.6
2025-10-14T07:00:00Z,99918.2
2025-10-14T08:00:00Z,104366.4
2025-10-14T09:00:00Z,105112.7
2025-10-14T10:00:00Z,108818.7
2025-10-14T11:00:00Z,107726.8
2025-10-14T12:00:00Z,110246.8
2025-10-14T13:00:00Z,107620.5
2025-10-14T14:00:00Z,108934.8
2025-10-14T15:00:00Z,104187.5
2025-10-14T16:00:00Z,103818.7
2025-10-14T17:00:00Z,98116.5
2025-10-14T18:00:00Z,95601.3
2025-10-14T19:00:00Z,91521.9
2025-10-14T20:00:00Z,87008.6
2025-10-14T21:00:00Z,86891.0
2025-10-14T22:00:00Z,84293.2
2025-10-14T23:00:00Z,81806.7
2025-10-15T00:00:00Z,81426.2
2025-10-15T01:00:00Z,81981.8
2025-10-15T02:00:00Z,84273.9
2025-10-15T03:00:00Z,85893.5
2025-10-15T04:00:00Z,88588.6
2025-10-15T05:00:00Z,91759.9
2025-10-15T06:00:00Z,97152.1
2025-10-15T07:00:00Z,100639.7
2025-10-15T08:00:00Z,102619.8
2025-10-15T09:00:00Z,106739.3
2025-10-15T10:00:00Z,106128.3
2025-10-15T11:00:00Z,107973.2
2025-10-15T12:00:00Z,110225.1
2025-10-15T13:00:00Z,108242.6
2025-10-15T14:00:00Z,106488.6
2025-10-15T15:00:00Z,105551.5
2025-10-15T16:00:00Z,102563.4
2025-10-15T17:00:00Z,99904.2
2025-10-15T18:00:00Z,96468.0
2025-10-15T19:00:00Z,91400.8
2025-10-15T20:00:00Z,89278.1
2025-10-15T21:00:00Z,84740.0
2025-10-15T22:00:00Z,82677.4
2025-10-15T23:00:00Z,79420.4
2025-10-16T00:00:00Z,83965.3
2025-10-16T01:00:00Z,82494.9
2025-10-16T02:00:00Z,81868.2
2025-10-16T03:00:00Z,86861.2
2025-10-16T04:00:00Z,87858.7
2025-10-16T05:00:00Z,92024.3
2025-10-16T06:00:00Z,95129.5
2025-10-16T07:00:00Z,97850.6
2025-10-16T08:00:00Z,103222.4
2025-10-16T09:00:00Z,105481.6
2025-10-16T10:00:00Z,106353.4
2025-10-16T11:00:00Z,108742.1
2025-10-16T12:00:00Z,109808.5
2025-10-16T13:00:00Z,110238.3
2025-10-16T14:00:00Z,107851.3
2025-10-16T15:00:00Z,105789.8
2025-10-16T16:00:00Z,103281.4
2025-10-16T17:00:00Z,98483.3
2025-10-16T18:00:00Z,96346.7
2025-10-16T19:00:00Z,91019.8
2025-10-16T20:00:00Z,90444.3
2025-10-16T21:00:00Z,85254.7
2025-10-16T22:00:00Z,83602.2
2025-10-16T23:00:00Z,82528.6
2025-10-17T00:00:00Z,79709.1
2025-10-17T01:00:00Z,81086.8
2025-10-17T02:00:00Z,84722.5
2025-10-17T03:00:00Z,87008.4
2025-10-17T04:00:00Z,86694.5
2025-10-17T05:00:00Z,90760.0
2025-10-17T06:00:00Z,96705.4
2025-10-17T07:00:00Z,100687.2
2025-10-17T08:00:00Z,101362.6
2025-10-17T09:00:00Z,105047.3
2025-10-17T10:00:00Z,107189.4
2025-10-17T11:00:00Z,109823.5
2025-10-17T12:00:00Z,107238.5
2025-10-17T13:00:00Z,108731.1
2025-10-17T14:00:00Z,105448.4
2025-10-17T15:00:00Z,104847.4
2025-10-17T16:00:00Z,103465.9
2025-10-17T17:00:00Z,98443.6
2025-10-17T18:00:00Z,96092.2
2025-10-17T19:00:00Z,94609.7
2025-10-17T20:00:00Z,86715.0
2025-10-17T21:00:00Z,86128.4
2025-10-17T22:00:00Z,85276.7
2025-10-17T23:00:00Z,81760.2
2025-10-18T00:00:00Z,76467.0
2025-10-18T01:00:00Z,76669.8
2025-10-18T02:00:00Z,79637.7
2025-10-18T03:00:00Z,81971.2
2025-10-18T04:00:00Z,84591.6
2025-10-18T05:00:00Z,88113.3
2025-10-18T06:00:00Z,91265.6
2025-10-18T07:00:00Z,97358.8
2025-10-18T08:00:00Z,96696.7
2025-10-18T09:00:00Z,103959.3
2025-10-18T10:00:00Z,105527.9
2025-10-18T11:00:00Z,105472.6
2025-10-18T12:00:00Z,106879.0
2025-10-18T13:00:00Z,107034.0
2025-10-18T14:00:00Z,103326.8
2025-10-18T15:00:00Z,99857.7
2025-10-18T16:00:00Z,97756.8
2025-10-18T17:00:00Z,95295.8
2025-10-18T18:00:00Z,93819.2
2025-10-18T19:00:00Z,87096.3
2025-10-18T20:00:00Z,83934.1
2025-10-18T21:00:00Z,79949.7
2025-10-18T22:00:00Z,79349.3
2025-10-18T23:00:00Z,79005.9
2025-10-19T00:00:00Z,77098.7
2025-10-19T01:00:00Z,76069.9
2025-10-19T02:00:00Z,79302.1
2025-10-19T03:00:00Z,82086.2
2025-10-19T04:00:00Z,85600.6
2025-10-19T05:00:00Z,85095.3
2025-10-19T06:00:00Z,90551.5
2025-10-19T07:00:00Z,96047.5
2025-10-19T08:00:00Z,99137.2
2025-10-19T09:00:00Z,103402.4
2025-10-19T10:00:00Z,103651.3
2025-10-19T11:00:00Z,105381.7
2025-10-19T12:00:00Z,106000.9
2025-10-19T13:00:00Z,105653.5
2025-10-19T14:00:00Z,104988.6
2025-10-19T15:00:00Z,101603.9
2025-10-19T16:00:00Z,98452.3
2025-10-19T17:00:00Z,96476.1
2025-10-19T18:00:00Z,92876.4
2025-10-19T19:00:00Z,89194.4
2025-10-19T20:00:00Z,85280.6
2025-10-19T21:00:00Z,81137.9
2025-10-19T22:00:00Z,80567.7
2025-10-19T23:00:00Z,80404.3
2025-10-20T00:00:00Z,84304.0
2025-10-20T01:00:00Z,81969.4
2025-10-20T02:00:00Z,83175.3
2025-10-20T03:00:00Z,85183.0
2025-10-20T04:00:00Z,89251.1
2025-10-20T05:00:00Z,92584.0
2025-10-20T06:00:00Z,96703.7
2025-10-20T07:00:00Z,99765.7
2025-10-20T08:00:00Z,102698.7
2025-10-20T09:00:00Z,107095.4
2025-10-20T10:00:00Z,107422.1
2025-10-20T11:00:00Z,108504.2
2025-10-20T12:00:00Z,109990.7
2025-10-20T13:00:00Z,109919.5
2025-10-20T14:00:00Z,108791.2
2025-10-20T15:00:00Z,107458.6
2025-10-20T16:00:00Z,103258.2
2025-10-20T17:00:00Z,98212.8
2025-10-20T18:00:00Z,95713.2
2025-10-20T19:00:00Z,94124.2
2025-10-20T20:00:00Z,87480.9
2025-10-20T21:00:00Z,85153.6
2025-10-20T22:00:00Z,84490.8
2025-10-20T23:00:00Z,77921.3
2025-10-21T00:00:00Z,81965.2
2025-10-21T01:00:00Z,82967.0
2025-10-21T02:00:00Z,84568.0
2025-10-21T03:00:00Z,86102.6
2025-10-21T04:00:00Z,89162.1
2025-10-21T05:00:00Z,91414.0
2025-10-21T06:00:00Z,95555.1
2025-10-21T07:00:00Z,99344.9
2025-10-21T08:00:00Z,103852.0
2025-10-21T09:00:00Z,106217.7
2025-10-21T10:00:00Z,107615.7
2025-10-21T11:00:00Z,110255.6
2025-10-21T12:00:00Z,109193.8
2025-10-21T13:00:00Z,107381.7
2025-10-21T14:00:00Z,107602.0
2025-10-21T15:00:00Z,107029.3
2025-10-21T16:00:00Z,103405.3
2025-10-21T17:00:00Z,98954.3
2025-10-21T18:00:00Z,96917.0
2025-10-21T19:00:00Z,92831.1
2025-10-21T20:00:00Z,88833.7
2025-10-21T21:00:00Z,86166.2
2025-10-21T22:00:00Z,83363.1
2025-10-21T23:00:00Z,82449.6
2025-10-22T00:00:00Z,80014.3
2025-10-22T01:00:00Z,81589.5
2025-10-22T02:00:00Z,82603.5
2025-10-22T03:00:00Z,86226.7
2025-10-22T04:00:00Z,88445.8
2025-10-22T05:00:00Z,90432.7
2025-10-22T06:00:00Z,96177.8
2025-10-22T07:00:00Z,99230.2
2025-10-22T08:00:00Z,102825.8
2025-10-22T09:00:00Z,104744.1
2025-10-22T10:00:00Z,107120.0
2025-10-22T11:00:00Z,111710.2
2025-10-22T12:00:00Z,108029.0
2025-10-22T13:00:00Z,109414.8
2025-10-22T14:00:00Z,106778.2
2025-10-22T15:00:00Z,107627.0
2025-10-22T16:00:00Z,104577.9
2025-10-22T17:00:00Z,102041.3
2025-10-22T18:00:00Z,97588.9
2025-10-22T19:00:00Z,90273.7
2025-10-22T20:00:00Z,87550.0
2025-10-22T21:00:00Z,85740.1
2025-10-22T22:00:00Z,82961.6
2025-10-22T23:00:00Z,80174.9
2025-10-23T00:00:00Z,81145.4
2025-10-23T01:00:00Z,81799.6
2025-10-23T02:00:00Z,82710.6
2025-10-23T03:00:00Z,86690.5
2025-10-23T04:00:00Z,88804.2
2025-10-23T05:00:00Z,92205.0
2025-10-23T06:00:00Z,94479.5
2025-10-23T07:00:00Z,99912.4
2025-10-23T08:00:00Z,101023.3
2025-10-23T09:00:00Z,104893.8
2025-10-23T10:00:00Z,106611.7
2025-10-23T11:00:00Z,108623.8
2025-10-23T12:00:00Z,108906.3
2025-10-23T13:00:00Z,109261.4
2025-10-23T14:00:00Z,107380.0
2025-10-23T15:00:00Z,105241.3
2025-10-23T16:00:00Z,102115.6
2025-10-23T17:00:00Z,100308.6
2025-10-23T18:00:00Z,96026.1
2025-10-23T19:00:00Z,93001.2
2025-10-23T20:00:00Z,87934.9
2025-10-23T21:00:00Z,85995.6
2025-10-23T22:00:00Z,82066.4
2025-10-23T23:00:00Z,84394.4
2025-10-24T00:00:00Z,81701.5
2025-10-24T01:00:00Z,81980.2
2025-10-24T02:00:00Z,83885.7
2025-10-24T03:00:00Z,84217.2
2025-10-24T04:00:00Z,89279.1
2025-10-24T05:00:00Z,90879.6
2025-10-24T06:00:00Z,96811.9
2025-10-24T07:00:00Z,100764.6
2025-10-24T08:00:00Z,104206.9
2025-10-24T09:00:00Z,104164.6
2025-10-24T10:00:00Z,109978.6
2025-10-24T11:00:00Z,107707.2
2025-10-24T12:00:00Z,109265.8
2025-10-24T13:00:00Z,108298.6
2025-10-24T14:00:00Z,105382.8
2025-10-24T15:00:00Z,104395.5
2025-10-24T16:00:00Z,103054.5
2025-10-24T17:00:00Z,99396.9
2025-10-24T18:00:00Z,95336.6
2025-10-24T19:00:00Z,91356.3
2025-10-24T20:00:00Z,87479.4
2025-10-24T21:00:00Z,87344.4
2025-10-24T22:00:00Z,83177.2
2025-10-24T23:00:00Z,80780.3
2025-10-25T00:00:00Z,77242.6
2025-10-25T01:00:00Z,79990.0
2025-10-25T02:00:00Z,78646.3
2025-10-25T03:00:00Z,79763.0
2025-10-25T04:00:00Z,86727.2
2025-10-25T05:00:00Z,87393.4
2025-10-25T06:00:00Z,91981.5
2025-10-25T07:00:00Z,96599.0
2025-10-25T08:00:00Z,97945.9
2025-10-25T09:00:00Z,102391.3
2025-10-25T10:00:00Z,106833.3
2025-10-25T11:00:00Z,106380.1
2025-10-25T12:00:00Z,105318.7
2025-10-25T13:00:00Z,106682.9
2025-10-25T14:00:00Z,106170.9
2025-10-25T15:00:00Z,100023.7
2025-10-25T16:00:00Z,98938.3
2025-10-25T17:00:00Z,96448.6
2025-10-25T18:00:00Z,91133.2
2025-10-25T19:00:00Z,87659.6
2025-10-25T20:00:00Z,84746.8
2025-10-25T21:00:00Z,82699.6
2025-10-25T22:00:00Z,79026.7
2025-10-25T23:00:00Z,76910.4
2025-10-26T00:00:00Z,74426.3
2025-10-26T01:00:00Z,77876.6
2025-10-26T02:00:00Z,80683.2
2025-10-26T03:00:00Z,80674.7
2025-10-26T04:00:00Z,86403.1
2025-10-26T05:00:00Z,86525.5
2025-10-26T06:00:00Z,90487.7
2025-10-26T07:00:00Z,95498.0
2025-10-26T08:00:00Z,98263.1
2025-10-26T09:00:00Z,103010.0
2025-10-26T10:00:00Z,102945.4
2025-10-26T11:00:00Z,103936.2
2025-10-26T12:00:00Z,103872.0
2025-10-26T13:00:00Z,106439.1
2025-10-26T14:00:00Z,105856.2
2025-10-26T15:00:00Z,100978.4
2025-10-26T16:00:00Z,99559.5
2025-10-26T17:00:00Z,95445.3
2025-10-26T18:00:00Z,93471.3
2025-10-26T19:00:00Z,88491.2
2025-10-26T20:00:00Z,84712.6
2025-10-26T21:00:00Z,79067.3
2025-10-26T22:00:00Z,80059.4
2025-10-26T23:00:00Z,75622.8
2025-10-27T00:00:00Z,80405.4
2025-10-27T01:00:00Z,81945.0
2025-10-27T02:00:00Z,84342.4
2025-10-27T03:00:00Z,85237.1
2025-10-27T04:00:00Z,90142.2
2025-10-27T05:00:00Z,92232.6
2025-10-27T06:00:00Z,95510.5
2025-10-27T07:00:00Z,99416.9
2025-10-27T08:00:00Z,103687.7
2025-10-27T09:00:00Z,106178.3
2025-10-27T10:00:00Z,108296.4
2025-10-27T11:00:00Z,108881.9
2025-10-27T12:00:00Z,107986.6
2025-10-27T13:00:00Z,108360.6
2025-10-27T14:00:00Z,107981.5
2025-10-27T15:00:00Z,104464.2
2025-10-27T16:00:00Z,101933.1
2025-10-27T17:00:00Z,98889.1
2025-10-27T18:00:00Z,97521.7
2025-10-27T19:00:00Z,91958.1
2025-10-27T20:00:00Z,89790.8
2025-10-27T21:00:00Z,85723.7
2025-10-27T22:00:00Z,83618.0
2025-10-27T23:00:00Z,80555.8
2025-10-28T00:00:00Z,83175.6
2025-10-28T01:00:00Z,80195.9
2025-10-28T02:00:00Z,82878.2
2025-10-28T03:00:00Z,83853.1
2025-10-28T04:00:00Z,88217.6
2025-10-28T05:00:00Z,91893.6
2025-10-28T06:00:00Z,95627.9
2025-10-28T07:00:00Z,101464.5
2025-10-28T08:00:00Z,103830.7
2025-10-28T09:00:00Z,106132.5
2025-10-28T10:00:00Z,106562.4
2025-10-28T11:00:00Z,106902.2
2025-10-28T12:00:00Z,109058.1
2025-10-28T13:00:00Z,110462.5
2025-10-28T14:00:00Z,107596.8
2025-10-28T15:00:00Z,105531.3
2025-10-28T16:00:00Z,101967.1
2025-10-28T17:00:00Z,98651.6
2025-10-28T18:00:00Z,94308.4
2025-10-28T19:00:00Z,92342.5
2025-10-28T20:00:00Z,90733.8
2025-10-28T21:00:00Z,85571.2
2025-10-28T22:00:00Z,82770.0
2025-10-28T23:00:00Z,82014.2
2025-10-29T00:00:00Z,83120.0
2025-10-29T01:00:00Z,81235.2
2025-10-29T02:00:00Z,84308.7
2025-10-29T03:00:00Z,87791.9
2025-10-29T04:00:00Z,87703.0
2025-10-29T05:00:00Z,91989.8
2025-10-29T06:00:00Z,96227.4
2025-10-29T07:00:00Z,100207.5
2025-10-29T08:00:00Z,104085.8
2025-10-29T09:00:00Z,104682.4
2025-10-29T10:00:00Z,109274.3
2025-10-29T11:00:00Z,107332.0
2025-10-29T12:00:00Z,107891.6
2025-10-29T13:00:00Z,110650.7
2025-10-29T14:00:00Z,108390.0
2025-10-29T15:00:00Z,105510.8
2025-10-29T16:00:00Z,100139.1
2025-10-29T17:00:00Z,97840.6
2025-10-29T18:00:00Z,95944.4
2025-10-29T19:00:00Z,92172.8
2025-10-29T20:00:00Z,89176.2
2025-10-29T21:00:00Z,85590.1
2025-10-29T22:00:00Z,84208.4
2025-10-29T23:00:00Z,82376.6
2025-10-30T00:00:00Z,82670.6
2025-10-30T01:00:00Z,80795.7
2025-10-30T02:00:00Z,85168.1
2025-10-30T03:00:00Z,83720.8
2025-10-30T04:00:00Z,87524.6
2025-10-30T05:00:00Z,90432.2
2025-10-30T06:00:00Z,95354.3
2025-10-30T07:00:00Z,99582.2
2025-10-30T08:00:00Z,101770.0
2025-10-30T09:00:00Z,106983.0
2025-10-30T10:00:00Z,105467.4
2025-10-30T11:00:00Z,111607.5
2025-10-30T12:00:00Z,109489.2
2025-10-30T13:00:00Z,110412.7
2025-10-30T14:00:00Z,107281.4
2025-10-30T15:00:00Z,104337.3
2025-10-30T16:00:00Z,103262.7
2025-10-30T17:00:00Z,98612.1
2025-10-30T18:00:00Z,94333.1
2025-10-30T19:00:00Z,92704.8
2025-10-30T20:00:00Z,90330.5
2025-10-30T21:00:00Z,85049.1
2025-10-30T22:00:00Z,86208.6
2025-10-30T23:00:00Z,80817.1
2025-10-31T00:00:00Z,78900.7
2025-10-31T01:00:00Z,79766.9
2025-10-31T02:00:00Z,86461.1
2025-10-31T03:00:00Z,84614.8
2025-10-31T04:00:00Z,88851.1
2025-10-31T05:00:00Z,88674.8
2025-10-31T06:00:00Z,96433.4
2025-10-31T07:00:00Z,98300.2
2025-10-31T08:00:00Z,101148.2
2025-10-31T09:00:00Z,105559.5
2025-10-31T10:00:00Z,104204.7
2025-10-31T11:00:00Z,108837.7
2025-10-31T12:00:00Z,109598.9
2025-10-31T13:00:00Z,108927.8
2025-10-31T14:00:00Z,107058.1
2025-10-31T15:00:00Z,102500.0
2025-10-31T16:00:00Z,102009.2
2025-10-31T17:00:00Z,99796.2
2025-10-31T18:00:00Z,94730.4
2025-10-31T19:00:00Z,92203.5
2025-10-31T20:00:00Z,86657.8
2025-10-31T21:00:00Z,85054.8
2025-10-31T22:00:00Z,82580.1
2025-10-31T23:00:00Z,82008.7
2025-11-01T00:00:00Z,77652.6
2025-11-01T01:00:00Z,78671.2
2025-11-01T02:00:00Z,79925.8
2025-11-01T03:00:00Z,82257.3
2025-11-01T04:00:00Z,86595.7
2025-11-01T05:00:00Z,87583.6
2025-11-01T06:00:00Z,90979.3
2025-11-01T07:00:00Z,95864.4
2025-11-01T08:00:00Z,100663.3
2025-11-01T09:00:00Z,102083.2
2025-11-01T10:00:00Z,102396.5
2025-11-01T11:00:00Z,106062.5
2025-11-01T12:00:00Z,108047.4
2025-11-01T13:00:00Z,105164.3
2025-11-01T14:00:00Z,101040.6
2025-11-01T15:00:00Z,99285.2
2025-11-01T16:00:00Z,96452.9
2025-11-01T17:00:00Z,94759.3
2025-11-01T18:00:00Z,90324.8
2025-11-01T19:00:00Z,87770.3
2025-11-01T20:00:00Z,85203.2
2025-11-01T21:00:00Z,79575.9
2025-11-01T22:00:00Z,76589.6
2025-11-01T23:00:00Z,78256.5
2025-11-02T00:00:00Z,78199.2
2025-11-02T01:00:00Z,77315.4
2025-11-02T02:00:00Z,79115.4
2025-11-02T03:00:00Z,79625.9
2025-11-02T04:00:00Z,83536.3
2025-11-02T05:00:00Z,86687.3
2025-11-02T06:00:00Z,91226.4
2025-11-02T07:00:00Z,93156.1
2025-11-02T08:00:00Z,96804.2
2025-11-02T09:00:00Z,100631.9
2025-11-02T10:00:00Z,102536.1
2025-11-02T11:00:00Z,105954.3
2025-11-02T12:00:00Z,103760.8
2025-11-02T13:00:00Z,102773.5
2025-11-02T14:00:00Z,102843.1
2025-11-02T15:00:00Z,101527.4
2025-11-02T16:00:00Z,97629.0
2025-11-02T17:00:00Z,93058.3
2025-11-02T18:00:00Z,92107.3
2025-11-02T19:00:00Z,87817.2
2025-11-02T20:00:00Z,86946.4
2025-11-02T21:00:00Z,82770.6
2025-11-02T22:00:00Z,78525.2
2025-11-02T23:00:00Z,78156.0
2025-11-03T00:00:00Z,82278.1
2025-11-03T01:00:00Z,80087.7
2025-11-03T02:00:00Z,83576.7
2025-11-03T03:00:00Z,85393.4
2025-11-03T04:00:00Z,88117.2
2025-11-03T05:00:00Z,93002.1
2025-11-03T06:00:00Z,94542.9
2025-11-03T07:00:00Z,97891.6
2025-11-03T08:00:00Z,101889.5
2025-11-03T09:00:00Z,105402.0
2025-11-03T10:00:00Z,106874.2
2025-11-03T11:00:00Z,108389.1
2025-11-03T12:00:00Z,110753.6
2025-11-03T13:00:00Z,109594.9
2025-11-03T14:00:00Z,108232.1
2025-11-03T15:00:00Z,103927.8
2025-11-03T16:00:00Z,101528.3
2025-11-03T17:00:00Z,99926.5
2025-11-03T18:00:00Z,95690.6
2025-11-03T19:00:00Z,90576.2
2025-11-03T20:00:00Z,87169.4
2025-11-03T21:00:00Z,85809.9
2025-11-03T22:00:00Z,82641.7
2025-11-03T23:00:00Z,81562.2
2025-11-04T00:00:00Z,79809.8
2025-11-04T01:00:00Z,80051.4
2025-11-04T02:00:00Z,84289.5
2025-11-04T03:00:00Z,84973.6
2025-11-04T04:00:00Z,87002.2
2025-11-04T05:00:00Z,90972.0
2025-11-04T06:00:00Z,93468.6
2025-11-04T07:00:00Z,99305.9
2025-11-04T08:00:00Z,101408.7
2025-11-04T09:00:00Z,106043.7
2025-11-04T10:00:00Z,106805.9
2025-11-04T11:00:00Z,108333.7
2025-11-04T12:00:00Z,107607.9
2025-11-04T13:00:00Z,110079.6
2025-11-04T14:00:00Z,107041.4
2025-11-04T15:00:00Z,106682.6
2025-11-04T16:00:00Z,102229.8
2025-11-04T17:00:00Z,98494.7
2025-11-04T18:00:00Z,95225.8
2025-11-04T19:00:00Z,90395.9
2025-11-04T20:00:00Z,89339.3
2025-11-04T21:00:00Z,84554.1
2025-11-04T22:00:00Z,82808.6
2025-11-04T23:00:00Z,80975.3
2025-11-05T00:00:00Z,81287.7
2025-11-05T01:00:00Z,82924.6
2025-11-05T02:00:00Z,82314.0
2025-11-05T03:00:00Z,85733.3
2025-11-05T04:00:00Z,88889.2
2025-11-05T05:00:00Z,91374.3
2025-11-05T06:00:00Z,95225.0
2025-11-05T07:00:00Z,97041.3
2025-11-05T08:00:00Z,101508.2
2025-11-05T09:00:00Z,105944.2
2025-11-05T10:00:00Z,106103.9
2025-11-05T11:00:00Z,108469.2
2025-11-05T12:00:00Z,105862.0
2025-11-05T13:00:00Z,108750.5
2025-11-05T14:00:00Z,107439.5
2025-11-05T15:00:00Z,105229.9
2025-11-05T16:00:00Z,101348.5
2025-11-05T17:00:00Z,101069.7
2025-11-05T18:00:00Z,96126.4
2025-11-05T19:00:00Z,92304.3
2025-11-05T20:00:00Z,87790.2
2025-11-05T21:00:00Z,82777.0
2025-11-05T22:00:00Z,82467.5
2025-11-05T23:00:00Z,80960.3
2025-11-06T00:00:00Z,81632.3
2025-11-06T01:00:00Z,80251.5
2025-11-06T02:00:00Z,84252.8
2025-11-06T03:00:00Z,84694.1
2025-11-06T04:00:00Z,86739.0
2025-11-06T05:00:00Z,91891.9
2025-11-06T06:00:00Z,96844.7
2025-11-06T07:00:00Z,97362.9
2025-11-06T08:00:00Z,102048.5
2025-11-06T09:00:00Z,106720.3
2025-11-06T10:00:00Z,106632.0
2025-11-06T11:00:00Z,109967.6
2025-11-06T12:00:00Z,109811.3
2025-11-06T13:00:00Z,107462.4
2025-11-06T14:00:00Z,107034.9
2025-11-06T15:00:00Z,104988.7
2025-11-06T16:00:00Z,100218.4
2025-11-06T17:00:00Z,98223.9
2025-11-06T18:00:00Z,95531.5
2025-11-06T19:00:00Z,89282.6
2025-11-06T20:00:00Z,89047.4
2025-11-06T21:00:00Z,83044.1
2025-11-06T22:00:00Z,83972.7
2025-11-06T23:00:00Z,78576.3
2025-11-07T00:00:00Z,82370.2
2025-11-07T01:00:00Z,79675.7
2025-11-07T02:00:00Z,82307.7
2025-11-07T03:00:00Z,86032.9
2025-11-07T04:00:00Z,87122.5
2025-11-07T05:00:00Z,89228.6
2025-11-07T06:00:00Z,94800.2
2025-11-07T07:00:00Z,96967.8
2025-11-07T08:00:00Z,99632.9
2025-11-07T09:00:00Z,102768.8
2025-11-07T10:00:00Z,107678.4
2025-11-07T11:00:00Z,106551.5
2025-11-07T12:00:00Z,107985.6
2025-11-07T13:00:00Z,109051.2
2025-11-07T14:00:00Z,107623.6
2025-11-07T15:00:00Z,105775.1
2025-11-07T16:00:00Z,102420.6
2025-11-07T17:00:00Z,98438.0
2025-11-07T18:00:00Z,95395.5
2025-11-07T19:00:00Z,91193.9
2025-11-07T20:00:00Z,87015.5
2025-11-07T21:00:00Z,83539.0
2025-11-07T22:00:00Z,82224.8
2025-11-07T23:00:00Z,82243.8
2025-11-08T00:00:00Z,75163.1
2025-11-08T01:00:00Z,76482.2
2025-11-08T02:00:00Z,78503.5
2025-11-08T03:00:00Z,80372.8
2025-11-08T04:00:00Z,83256.1
2025-11-08T05:00:00Z,85901.9
2025-11-08T06:00:00Z,90732.0
2025-11-08T07:00:00Z,94763.9
2025-11-08T08:00:00Z,98686.8
2025-11-08T09:00:00Z,102590.1
2025-11-08T10:00:00Z,101791.4
2025-11-08T11:00:00Z,104269.5
2025-11-08T12:00:00Z,106078.9
2025-11-08T13:00:00Z,102660.0
2025-11-08T14:00:00Z,103377.4
2025-11-08T15:00:00Z,101315.5
2025-11-08T16:00:00Z,98132.9
2025-11-08T17:00:00Z,92613.6
2025-11-08T18:00:00Z,92466.4
2025-11-08T19:00:00Z,87118.9
2025-11-08T20:00:00Z,84872.2
2025-11-08T21:00:00Z,80745.4
2025-11-08T22:00:00Z,79056.9
2025-11-08T23:00:00Z,76879.5
2025-11-09T00:00:00Z,76724.3
2025-11-09T01:00:00Z,77611.1
2025-11-09T02:00:00Z,78813.4
2025-11-09T03:00:00Z,79732.5
2025-11-09T04:00:00Z,84992.7
2025-11-09T05:00:00Z,88498.4
2025-11-09T06:00:00Z,93016.3
2025-11-09T07:00:00Z,94358.2
2025-11-09T08:00:00Z,97473.1
2025-11-09T09:00:00Z,99181.9
2025-11-09T10:00:00Z,102801.6
2025-11-09T11:00:00Z,104009.7
2025-11-09T12:00:00Z,103711.1
2025-11-09T13:00:00Z,105222.3
2025-11-09T14:00:00Z,102176.5
2025-11-09T15:00:00Z,100086.5
2025-11-09T16:00:00Z,97584.5
2025-11-09T17:00:00Z,93867.2
2025-11-09T18:00:00Z,91993.7
2025-11-09T19:00:00Z,86749.7
2025-11-09T20:00:00Z,82673.8
2025-11-09T21:00:00Z,81297.4
2025-11-09T22:00:00Z,78748.2
2025-11-09T23:00:00Z,80183.1
2025-11-10T00:00:00Z,81347.4
2025-11-10T01:00:00Z,80276.8
2025-11-10T02:00:00Z,83801.3
2025-11-10T03:00:00Z,85591.3
2025-11-10T04:00:00Z,86424.1
2025-11-10T05:00:00Z,91255.1
2025-11-10T06:00:00Z,95186.1
2025-11-10T07:00:00Z,96533.2
2025-11-10T08:00:00Z,101110.3
2025-11-10T09:00:00Z,107308.9
2025-11-10T10:00:00Z,106182.2
2025-11-10T11:00:00Z,107083.7
2025-11-10T12:00:00Z,109317.9
2025-11-10T13:00:00Z,106839.0
2025-11-10T14:00:00Z,106583.0
2025-11-10T15:00:00Z,105814.8
2025-11-10T16:00:00Z,102400.4
2025-11-10T17:00:00Z,94470.4
2025-11-10T18:00:00Z,93284.8
2025-11-10T19:00:00Z,89620.0
2025-11-10T20:00:00Z,86604.9
2025-11-10T21:00:00Z,82210.5
2025-11-10T22:00:00Z,81498.2
2025-11-10T23:00:00Z,79679.2
2025-11-11T00:00:00Z,81346.2
2025-11-11T01:00:00Z,81521.6
2025-11-11T02:00:00Z,80507.7
2025-11-11T03:00:00Z,82874.9
2025-11-11T04:00:00Z,86495.7
2025-11-11T05:00:00Z,90598.7
2025-11-11T06:00:00Z,93033.9
2025-11-11T07:00:00Z,100364.5
2025-11-11T08:00:00Z,100543.1
2025-11-11T09:00:00Z,105697.4
2025-11-11T10:00:00Z,106587.9
2025-11-11T11:00:00Z,107666.3
2025-11-11T12:00:00Z,109151.2
2025-11-11T13:00:00Z,109270.0
2025-11-11T14:00:00Z,106121.4
2025-11-11T15:00:00Z,101758.1
2025-11-11T16:00:00Z,100255.5
2025-11-11T17:00:00Z,97060.1
2025-11-11T18:00:00Z,94070.3
2025-11-11T19:00:00Z,90472.1
2025-11-11T20:00:00Z,88163.7
2025-11-11T21:00:00Z,83396.5
2025-11-11T22:00:00Z,80467.6
2025-11-11T23:00:00Z,80946.2
2025-11-12T00:00:00Z,78821.1
2025-11-12T01:00:00Z,79083.3
2025-11-12T02:00:00Z,81813.5
2025-11-12T03:00:00Z,82746.7
2025-11-12T04:00:00Z,88938.7
2025-11-12T05:00:00Z,90019.7
2025-11-12T06:00:00Z,95035.4
2025-11-12T07:00:00Z,97776.1
2025-11-12T08:00:00Z,100446.1
2025-11-12T09:00:00Z,101654.5
2025-11-12T10:00:00Z,107316.6
2025-11-12T11:00:00Z,106150.1
2025-11-12T12:00:00Z,109061.3
2025-11-12T13:00:00Z,107063.0
2025-11-12T14:00:00Z,106124.4
2025-11-12T15:00:00Z,101814.2
2025-11-12T16:00:00Z,101575.6
2025-11-12T17:00:00Z,96248.4
2025-11-12T18:00:00Z,94424.9
2025-11-12T19:00:00Z,91619.5
2025-11-12T20:00:00Z,87280.8
2025-11-12T21:00:00Z,82408.9
2025-11-12T22:00:00Z,80450.6
2025-11-12T23:00:00Z,80415.7
2025-11-13T00:00:00Z,78731.9
2025-11-13T01:00:00Z,80292.4
2025-11-13T02:00:00Z,83575.0
2025-11-13T03:00:00Z,83366.7
2025-11-13T04:00:00Z,86776.5
2025-11-13T05:00:00Z,90410.6
2025-11-13T06:00:00Z,93402.7
2025-11-13T07:00:00Z,98982.9
2025-11-13T08:00:00Z,99968.8
2025-11-13T09:00:00Z,105391.0
2025-11-13T10:00:00Z,105118.1
2025-11-13T11:00:00Z,106485.6
2025-11-13T12:00:00Z,105543.8
2025-11-13T13:00:00Z,108061.7
2025-11-13T14:00:00Z,106121.6
2025-11-13T15:00:00Z,106327.8
2025-11-13T16:00:00Z,101683.2
2025-11-13T17:00:00Z,96414.7
2025-11-13T18:00:00Z,95685.5
2025-11-13T19:00:00Z,88023.4
2025-11-13T20:00:00Z,87183.1
2025-11-13T21:00:00Z,84054.0
2025-11-13T22:00:00Z,81778.5
2025-11-13T23:00:00Z,81140.1
2025-11-14T00:00:00Z,80244.2
2025-11-14T01:00:00Z,80970.7
2025-11-14T02:00:00Z,81568.7
2025-11-14T03:00:00Z,85114.7
2025-11-14T04:00:00Z,87764.1
2025-11-14T05:00:00Z,91145.3
2025-11-14T06:00:00Z,94446.0
2025-11-14T07:00:00Z,98083.1
2025-11-14T08:00:00Z,100852.9
2025-11-14T09:00:00Z,104974.1
2025-11-14T10:00:00Z,106663.9
2025-11-14T11:00:00Z,106774.8
2025-11-14T12:00:00Z,107147.6
2025-11-14T13:00:00Z,108465.8
2025-11-14T14:00:00Z,104888.3
2025-11-14T15:00:00Z,103407.5
2025-11-14T16:00:00Z,102143.0
2025-11-14T17:00:00Z,96911.5
2025-11-14T18:00:00Z,94036.0
2025-11-14T19:00:00Z,88469.7
2025-11-14T20:00:00Z,85393.0
2025-11-14T21:00:00Z,83718.7
2025-11-14T22:00:00Z,82457.5
2025-11-14T23:00:00Z,80570.0
2025-11-15T00:00:00Z,74315.7
2025-11-15T01:00:00Z,76552.3
2025-11-15T02:00:00Z,79149.1
2025-11-15T03:00:00Z,81124.2
2025-11-15T04:00:00Z,83806.0
2025-11-15T05:00:00Z,86885.8
2025-11-15T06:00:00Z,91273.3
2025-11-15T07:00:00Z,93646.3
2025-11-15T08:00:00Z,95268.0
2025-11-15T09:00:00Z,100520.5
2025-11-15T10:00:00Z,103122.3
2025-11-15T11:00:00Z,103792.8
2025-11-15T12:00:00Z,104375.9
2025-11-15T13:00:00Z,101744.3
2025-11-15T14:00:00Z,103698.6
2025-11-15T15:00:00Z,97368.4
2025-11-15T16:00:00Z,97690.0
2025-11-15T17:00:00Z,94943.0
2025-11-15T18:00:00Z,89364.1
2025-11-15T19:00:00Z,88182.0
2025-11-15T20:00:00Z,81521.2
2025-11-15T21:00:00Z,80782.1
2025-11-15T22:00:00Z,75865.1
2025-11-15T23:00:00Z,75323.3
2025-11-16T00:00:00Z,75259.1
2025-11-16T01:00:00Z,75303.8
2025-11-16T02:00:00Z,77002.1
2025-11-16T03:00:00Z,80385.6
2025-11-16T04:00:00Z,82175.3
2025-11-16T05:00:00Z,85515.2
2025-11-16T06:00:00Z,89678.8
2025-11-16T07:00:00Z,93947.8
2025-11-16T08:00:00Z,95469.6
2025-11-16T09:00:00Z,99550.0
2025-11-16T10:00:00Z,101700.7
2025-11-16T11:00:00Z,104117.7
2025-11-16T12:00:00Z,103185.6
2025-11-16T13:00:00Z,106385.3
2025-11-16T14:00:00Z,102428.7
2025-11-16T15:00:00Z,101678.8
2025-11-16T16:00:00Z,95797.2
2025-11-16T17:00:00Z,92945.4
2025-11-16T18:00:00Z,90198.9
2025-11-16T19:00:00Z,83882.1
2025-11-16T20:00:00Z,80820.4
2025-11-16T21:00:00Z,79274.6
2025-11-16T22:00:00Z,76406.8
2025-11-16T23:00:00Z,76898.8
2025-11-17T00:00:00Z,79322.9
2025-11-17T01:00:00Z,81059.7
2025-11-17T02:00:00Z,81092.5
2025-11-17T03:00:00Z,81762.7
2025-11-17T04:00:00Z,85603.6
2025-11-17T05:00:00Z,89598.3
2025-11-17T06:00:00Z,94754.1
2025-11-17T07:00:00Z,96173.4
2025-11-17T08:00:00Z,99679.4
2025-11-17T09:00:00Z,105393.2
2025-11-17T10:00:00Z,105909.9
2025-11-17T11:00:00Z,107149.5
2025-11-17T12:00:00Z,109438.9
2025-11-17T13:00:00Z,108256.1
2025-11-17T14:00:00Z,105816.6
2025-11-17T15:00:00Z,103388.6
2025-11-17T16:00:00Z,100994.4
2025-11-17T17:00:00Z,98671.9
2025-11-17T18:00:00Z,94351.1
2025-11-17T19:00:00Z,88411.6
2025-11-17T20:00:00Z,86358.1
2025-11-17T21:00:00Z,83982.8
2025-11-17T22:00:00Z,82868.0
2025-11-17T23:00:00Z,79960.4
2025-11-18T00:00:00Z,79482.9
2025-11-18T01:00:00Z,80348.6
2025-11-18T02:00:00Z,79956.3
2025-11-18T03:00:00Z,83423.8
2025-11-18T04:00:00Z,88485.4
2025-11-18T05:00:00Z,89185.4
2025-11-18T06:00:00Z,91722.7
2025-11-18T07:00:00Z,97477.6
2025-11-18T08:00:00Z,100634.9
2025-11-18T09:00:00Z,102221.6
2025-11-18T10:00:00Z,104655.8
2025-11-18T11:00:00Z,106593.3
2025-11-18T12:00:00Z,107901.4
2025-11-18T13:00:00Z,106707.1
2025-11-18T14:00:00Z,105842.1
2025-11-18T15:00:00Z,104866.3
2025-11-18T16:00:00Z,102007.3
2025-11-18T17:00:00Z,97173.0
2025-11-18T18:00:00Z,92843.5
2025-11-18T19:00:00Z,90385.8
2025-11-18T20:00:00Z,87592.7
2025-11-18T21:00:00Z,83112.4
2025-11-18T22:00:00Z,82178.1
2025-11-18T23:00:00Z,78004.7
2025-11-19T00:00:00Z,78526.0
2025-11-19T01:00:00Z,79817.1
2025-11-19T02:00:00Z,81741.6
2025-11-19T03:00:00Z,81303.4
2025-11-19T04:00:00Z,84903.1
2025-11-19T05:00:00Z,88038.5
2025-11-19T06:00:00Z,93774.7
2025-11-19T07:00:00Z,97975.2
2025-11-19T08:00:00Z,99788.6
2025-11-19T09:00:00Z,103823.4
2025-11-19T10:00:00Z,104905.6
2025-11-19T11:00:00Z,107167.9
2025-11-19T12:00:00Z,105367.0
2025-11-19T13:00:00Z,108286.7
2025-11-19T14:00:00Z,105452.7
2025-11-19T15:00:00Z,101160.8
2025-11-19T16:00:00Z,101143.9
2025-11-19T17:00:00Z,94783.2
2025-11-19T18:00:00Z,93378.9
2025-11-19T19:00:00Z,89230.1
2025-11-19T20:00:00Z,87269.8
2025-11-19T21:00:00Z,82150.6
2025-11-19T22:00:00Z,79836.6
2025-11-19T23:00:00Z,77452.8
2025-11-20T00:00:00Z,78814.9
2025-11-20T01:00:00Z,78823.4
2025-11-20T02:00:00Z,79808.1
2025-11-20T03:00:00Z,81328.4
2025-11-20T04:00:00Z,86701.9
2025-11-20T05:00:00Z,88568.3
2025-11-20T06:00:00Z,94727.9
2025-11-20T07:00:00Z,95837.8
2025-11-20T08:00:00Z,102257.7
2025-11-20T09:00:00Z,103374.9
2025-11-20T10:00:00Z,104624.3
2025-11-20T11:00:00Z,106534.6
2025-11-20T12:00:00Z,107196.2
2025-11-20T13:00:00Z,108955.5
2025-11-20T14:00:00Z,104167.4
2025-11-20T15:00:00Z,101550.0
2025-11-20T16:00:00Z,99297.2
2025-11-20T17:00:00Z,96671.0
2025-11-20T18:00:00Z,94607.6
2025-11-20T19:00:00Z,91291.7
2025-11-20T20:00:00Z,82988.3
2025-11-20T21:00:00Z,84716.0
2025-11-20T22:00:00Z,82620.8
2025-11-20T23:00:00Z,77370.6
2025-11-21T00:00:00Z,79320.3
2025-11-21T01:00:00Z,80807.9
2025-11-21T02:00:00Z,80842.1
2025-11-21T03:00:00Z,83213.8
2025-11-21T04:00:00Z,84746.6
2025-11-21T05:00:00Z,89935.1
2025-11-21T06:00:00Z,92905.7
2025-11-21T07:00:00Z,95708.7
2025-11-21T08:00:00Z,100117.3
2025-11-21T09:00:00Z,103790.0
2025-11-21T10:00:00Z,103589.5
2025-11-21T11:00:00Z,107211.5
2025-11-21T12:00:00Z,105661.8
2025-11-21T13:00:00Z,103832.7
2025-11-21T14:00:00Z,105721.7
2025-11-21T15:00:00Z,102192.5
2025-11-21T16:00:00Z,102413.5
2025-11-21T17:00:00Z,98306.2
2025-11-21T18:00:00Z,95006.7
2025-11-21T19:00:00Z,90061.5
2025-11-21T20:00:00Z,85123.1
2025-11-21T21:00:00Z,82687.2
2025-11-21T22:00:00Z,81209.6
2025-11-21T23:00:00Z,80139.4
2025-11-22T00:00:00Z,76541.1
2025-11-22T01:00:00Z,76764.8
2025-11-22T02:00:00Z,76370.2
2025-11-22T03:00:00Z,80801.9
2025-11-22T04:00:00Z,80201.4
2025-11-22T05:00:00Z,83862.4
2025-11-22T06:00:00Z,89274.7
2025-11-22T07:00:00Z,92181.2
2025-11-22T08:00:00Z,95617.8
2025-11-22T09:00:00Z,99753.4
2025-11-22T10:00:00Z,99659.6
2025-11-22T11:00:00Z,103586.9
2025-11-22T12:00:00Z,102184.8
2025-11-22T13:00:00Z,101577.9
2025-11-22T14:00:00Z,103137.8
2025-11-22T15:00:00Z,100349.2
2025-11-22T16:00:00Z,94725.0
2025-11-22T17:00:00Z,94061.8
2025-11-22T18:00:00Z,88622.3
2025-11-22T19:00:00Z,83495.2
2025-11-22T20:00:00Z,81942.3
2025-11-22T21:00:00Z,78395.7
2025-11-22T22:00:00Z,77933.8
2025-11-22T23:00:00Z,76230.9
2025-11-23T00:00:00Z,75472.5
2025-11-23T01:00:00Z,73878.8
2025-11-23T02:00:00Z,77430.3
2025-11-23T03:00:00Z,79438.0
2025-11-23T04:00:00Z,82951.0
2025-11-23T05:00:00Z,86950.7
2025-11-23T06:00:00Z,88294.1
2025-11-23T07:00:00Z,91600.8
2025-11-23T08:00:00Z,95529.2
2025-11-23T09:00:00Z,97874.6
2025-11-23T10:00:00Z,100882.4
2025-11-23T11:00:00Z,102189.2
2025-11-23T12:00:00Z,103572.3
2025-11-23T13:00:00Z,102660.3
2025-11-23T14:00:00Z,101279.9
2025-11-23T15:00:00Z,100060.1
2025-11-23T16:00:00Z,97004.3
2025-11-23T17:00:00Z,92749.7
2025-11-23T18:00:00Z,88030.5
2025-11-23T19:00:00Z,83754.5
2025-11-23T20:00:00Z,80335.9
2025-11-23T21:00:00Z,78148.7
2025-11-23T22:00:00Z,75950.1
2025-11-23T23:00:00Z,74583.5
2025-11-24T00:00:00Z,78647.6
2025-11-24T01:00:00Z,78965.0
2025-11-24T02:00:00Z,79661.2
2025-11-24T03:00:00Z,81261.7
2025-11-24T04:00:00Z,84987.6
2025-11-24T05:00:00Z,89065.6
2025-11-24T06:00:00Z,92184.6
2025-11-24T07:00:00Z,97133.2
2025-11-24T08:00:00Z,99693.7
2025-11-24T09:00:00Z,102334.4
2025-11-24T10:00:00Z,103890.3
2025-11-24T11:00:00Z,106034.9
2025-11-24T12:00:00Z,106613.2
2025-11-24T13:00:00Z,104739.3
2025-11-24T14:00:00Z,102563.3
2025-11-24T15:00:00Z,101871.7
2025-11-24T16:00:00Z,101041.0
2025-11-24T17:00:00Z,97694.5
2025-11-24T18:00:00Z,92864.0
2025-11-24T19:00:00Z,89367.0
2025-11-24T20:00:00Z,85557.5
2025-11-24T21:00:00Z,81042.0
2025-11-24T22:00:00Z,79095.9
2025-11-24T23:00:00Z,80187.4
2025-11-25T00:00:00Z,77145.9
2025-11-25T01:00:00Z,78002.8
2025-11-25T02:00:00Z,78367.0
2025-11-25T03:00:00Z,81290.7
2025-11-25T04:00:00Z,84958.9
2025-11-25T05:00:00Z,87824.5
2025-11-25T06:00:00Z,91712.8
2025-11-25T07:00:00Z,96246.1
2025-11-25T08:00:00Z,97701.8
2025-11-25T09:00:00Z,103013.4
2025-11-25T10:00:00Z,103272.2
2025-11-25T11:00:00Z,105341.2
2025-11-25T12:00:00Z,107986.8
2025-11-25T13:00:00Z,106514.7
2025-11-25T14:00:00Z,104171.5
2025-11-25T15:00:00Z,102385.2
2025-11-25T16:00:00Z,98303.3
2025-11-25T17:00:00Z,93523.7
2025-11-25T18:00:00Z,93598.6
2025-11-25T19:00:00Z,88493.0
2025-11-25T20:00:00Z,83632.0
2025-11-25T21:00:00Z,80888.4
2025-11-25T22:00:00Z,80133.2
2025-11-25T23:00:00Z,78364.1
2025-11-26T00:00:00Z,79373.1
2025-11-26T01:00:00Z,79090.5
2025-11-26T02:00:00Z,79604.2
2025-11-26T03:00:00Z,81937.4
2025-11-26T04:00:00Z,86086.1
2025-11-26T05:00:00Z,85850.2
2025-11-26T06:00:00Z,92745.3
2025-11-26T07:00:00Z,97486.7
2025-11-26T08:00:00Z,96673.5
2025-11-26T09:00:00Z,101065.2
2025-11-26T10:00:00Z,103852.0
2025-11-26T11:00:00Z,106188.6
2025-11-26T12:00:00Z,103740.1
2025-11-26T13:00:00Z,105396.8
2025-11-26T14:00:00Z,103988.6
2025-11-26T15:00:00Z,102468.8
2025-11-26T16:00:00Z,98110.8
2025-11-26T17:00:00Z,95150.1
2025-11-26T18:00:00Z,92068.2
2025-11-26T19:00:00Z,88929.7
2025-11-26T20:00:00Z,84340.2
2025-11-26T21:00:00Z,83110.5
2025-11-26T22:00:00Z,77977.4
2025-11-26T23:00:00Z,77828.6
2025-11-27T00:00:00Z,79753.5
2025-11-27T01:00:00Z,79519.6
2025-11-27T02:00:00Z,78092.1
2025-11-27T03:00:00Z,82638.7
2025-11-27T04:00:00Z,83821.8
2025-11-27T05:00:00Z,87501.4
2025-11-27T06:00:00Z,93157.9
2025-11-27T07:00:00Z,94439.1
2025-11-27T08:00:00Z,98276.0
2025-11-27T09:00:00Z,102339.3
2025-11-27T10:00:00Z,104689.0
2025-11-27T11:00:00Z,107086.3
2025-11-27T12:00:00Z,105209.0
2025-11-27T13:00:00Z,105099.2
2025-11-27T14:00:00Z,104542.2
2025-11-27T15:00:00Z,102132.4
2025-11-27T16:00:00Z,96614.9
2025-11-27T17:00:00Z,95184.3
2025-11-27T18:00:00Z,91911.4
2025-11-27T19:00:00Z,87413.4
2025-11-27T20:00:00Z,86768.0
2025-11-27T21:00:00Z,81940.9
2025-11-27T22:00:00Z,80680.8
2025-11-27T23:00:00Z,78731.1
2025-11-28T00:00:00Z,77322.7
2025-11-28T01:00:00Z,77574.9
2025-11-28T02:00:00Z,76625.7
2025-11-28T03:00:00Z,80381.2
2025-11-28T04:00:00Z,84209.9
2025-11-28T05:00:00Z,89146.8
2025-11-28T06:00:00Z,92719.4
2025-11-28T07:00:00Z,96117.4
2025-11-28T08:00:00Z,99605.3
2025-11-28T09:00:00Z,102715.5
2025-11-28T10:00:00Z,104722.1
2025-11-28T11:00:00Z,105470.7
2025-11-28T12:00:00Z,105916.7
2025-11-28T13:00:00Z,105216.8
2025-11-28T14:00:00Z,104108.7
2025-11-28T15:00:00Z,103184.0
2025-11-28T16:00:00Z,97473.0
2025-11-28T17:00:00Z,94215.5
2025-11-28T18:00:00Z,92047.2
2025-11-28T19:00:00Z,88889.8
2025-11-28T20:00:00Z,84222.2
2025-11-28T21:00:00Z,80677.9
2025-11-28T22:00:00Z,78432.9
2025-11-28T23:00:00Z,76598.0
2025-11-29T00:00:00Z,72245.5
2025-11-29T01:00:00Z,74118.2
2025-11-29T02:00:00Z,75265.5
2025-11-29T03:00:00Z,75116.3
2025-11-29T04:00:00Z,81387.8
2025-11-29T05:00:00Z,84811.6
2025-11-29T06:00:00Z,86920.7
2025-11-29T07:00:00Z,91246.0
2025-11-29T08:00:00Z,94273.9
2025-11-29T09:00:00Z,98146.1
2025-11-29T10:00:00Z,98506.1
2025-11-29T11:00:00Z,99928.9
2025-11-29T12:00:00Z,101575.2
2025-11-29T13:00:00Z,103406.4
2025-11-29T14:00:00Z,100344.3
2025-11-29T15:00:00Z,98322.5
2025-11-29T16:00:00Z,93323.5
2025-11-29T17:00:00Z,91848.0
2025-11-29T18:00:00Z,86686.1
2025-11-29T19:00:00Z,82814.9
2025-11-29T20:00:00Z,79421.2
2025-11-29T21:00:00Z,77268.0
2025-11-29T22:00:00Z,74998.7
2025-11-29T23:00:00Z,75942.6
2025-11-30T00:00:00Z,72724.1
2025-11-30T01:00:00Z,72719.6
2025-11-30T02:00:00Z,77044.3
2025-11-30T03:00:00Z,77616.8
2025-11-30T04:00:00Z,79372.6
2025-11-30T05:00:00Z,84783.3
2025-11-30T06:00:00Z,85534.1
2025-11-30T07:00:00Z,91531.3
2025-11-30T08:00:00Z,95881.7
2025-11-30T09:00:00Z,96221.0
2025-11-30T10:00:00Z,99656.5
2025-11-30T11:00:00Z,102052.5
2025-11-30T12:00:00Z,100890.5
2025-11-30T13:00:00Z,101966.6
2025-11-30T14:00:00Z,96604.8
2025-11-30T15:00:00Z,98030.2
2025-11-30T16:00:00Z,92435.4
2025-11-30T17:00:00Z,93075.0
2025-11-30T18:00:00Z,88304.8
2025-11-30T19:00:00Z,81819.5
2025-11-30T20:00:00Z,79890.6
2025-11-30T21:00:00Z,77027.0
2025-11-30T22:00:00Z,77385.5
2025-11-30T23:00:00Z,74326.7
2025-12-01T00:00:00Z,76403.2
2025-12-01T01:00:00Z,79197.8
2025-12-01T02:00:00Z,79728.7
2025-12-01T03:00:00Z,81660.0
2025-12-01T04:00:00Z,84542.8
2025-12-01T05:00:00Z,85980.5
2025-12-01T06:00:00Z,90735.8
2025-12-01T07:00:00Z,94005.3
2025-12-01T08:00:00Z,97671.4
2025-12-01T09:00:00Z,100741.8
2025-12-01T10:00:00Z,104275.3
2025-12-01T11:00:00Z,105174.8
2025-12-01T12:00:00Z,104276.5
2025-12-01T13:00:00Z,106323.0
2025-12-01T14:00:00Z,104093.3
2025-12-01T15:00:00Z,99380.2
2025-12-01T16:00:00Z,95940.8
2025-12-01T17:00:00Z,93124.6
2025-12-01T18:00:00Z,92777.8
2025-12-01T19:00:00Z,88189.3
2025-12-01T20:00:00Z,83302.8
2025-12-01T21:00:00Z,78848.8
2025-12-01T22:00:00Z,78742.7
2025-12-01T23:00:00Z,75909.4
2025-12-02T00:00:00Z,78190.4
2025-12-02T01:00:00Z,76455.5
2025-12-02T02:00:00Z,77957.4
2025-12-02T03:00:00Z,80658.6
2025-12-02T04:00:00Z,84636.0
2025-12-02T05:00:00Z,87202.7
2025-12-02T06:00:00Z,91684.0
2025-12-02T07:00:00Z,92173.0
2025-12-02T08:00:00Z,99126.3
2025-12-02T09:00:00Z,99747.0
2025-12-02T10:00:00Z,102539.8
2025-12-02T11:00:00Z,103228.4
2025-12-02T12:00:00Z,102042.6
2025-12-02T13:00:00Z,102402.8
2025-12-02T14:00:00Z,103224.0
2025-12-02T15:00:00Z,99441.6
2025-12-02T16:00:00Z,98943.5
2025-12-02T17:00:00Z,94775.2
2025-12-02T18:00:00Z,91783.5
2025-12-02T19:00:00Z,87744.3
2025-12-02T20:00:00Z,83555.0
2025-12-02T21:00:00Z,82994.9
2025-12-02T22:00:00Z,78995.0
2025-12-02T23:00:00Z,77312.6
2025-12-03T00:00:00Z,75366.9
2025-12-03T01:00:00Z,76736.2
2025-12-03T02:00:00Z,78275.5
2025-12-03T03:00:00Z,81327.5
2025-12-03T04:00:00Z,83951.9
2025-12-03T05:00:00Z,85073.5
2025-12-03T06:00:00Z,89187.4
2025-12-03T07:00:00Z,95386.8
2025-12-03T08:00:00Z,97525.4
2025-12-03T09:00:00Z,100204.2
2025-12-03T10:00:00Z,104033.9
2025-12-03T11:00:00Z,105169.1
2025-12-03T12:00:00Z,105319.6
2025-12-03T13:00:00Z,102126.1
2025-12-03T14:00:00Z,101228.8
2025-12-03T15:00:00Z,100654.8
2025-12-03T16:00:00Z,98314.6
2025-12-03T17:00:00Z,95078.5
2025-12-03T18:00:00Z,89867.3
2025-12-03T19:00:00Z,88128.5
2025-12-03T20:00:00Z,83278.6
2025-12-03T21:00:00Z,81023.0
2025-12-03T22:00:00Z,78229.9
2025-12-03T23:00:00Z,75097.7
2025-12-04T00:00:00Z,76403.3
2025-12-04T01:00:00Z,77052.5
2025-12-04T02:00:00Z,77947.1
2025-12-04T03:00:00Z,78847.4
2025-12-04T04:00:00Z,83474.0
2025-12-04T05:00:00Z,87151.2
2025-12-04T06:00:00Z,92254.7
2025-12-04T07:00:00Z,93485.3
2025-12-04T08:00:00Z,96299.6
2025-12-04T09:00:00Z,101145.2
2025-12-04T10:00:00Z,102798.6
2025-12-04T11:00:00Z,104006.8
2025-12-04T12:00:00Z,105807.1
2025-12-04T13:00:00Z,102983.6
2025-12-04T14:00:00Z,103571.0
2025-12-04T15:00:00Z,100889.8
2025-12-04T16:00:00Z,97666.9
2025-12-04T17:00:00Z,93980.7
2025-12-04T18:00:00Z,89125.3
2025-12-04T19:00:00Z,83332.7
2025-12-04T20:00:00Z,81911.1
2025-12-04T21:00:00Z,80530.1
2025-12-04T22:00:00Z,79913.1
2025-12-04T23:00:00Z,79411.4
2025-12-05T00:00:00Z,74873.0
2025-12-05T01:00:00Z,77681.3
2025-12-05T02:00:00Z,80517.1
2025-12-05T03:00:00Z,80035.2
2025-12-05T04:00:00Z,84565.2
2025-12-05T05:00:00Z,86541.3
2025-12-05T06:00:00Z,89621.7
2025-12-05T07:00:00Z,93137.0
2025-12-05T08:00:00Z,96164.0
2025-12-05T09:00:00Z,99082.6
2025-12-05T10:00:00Z,101159.7
2025-12-05T11:00:00Z,104719.3
2025-12-05T12:00:00Z,104992.8
2025-12-05T13:00:00Z,102897.8
2025-12-05T14:00:00Z,102031.4
2025-12-05T15:00:00Z,101182.1
2025-12-05T16:00:00Z,96518.8
2025-12-05T17:00:00Z,93532.0
2025-12-05T18:00:00Z,90110.1
2025-12-05T19:00:00Z,87130.9
2025-12-05T20:00:00Z,82789.1
2025-12-05T21:00:00Z,78754.0
2025-12-05T22:00:00Z,75351.0
2025-12-05T23:00:00Z,74697.7
2025-12-06T00:00:00Z,69890.3
2025-12-06T01:00:00Z,73353.2
2025-12-06T02:00:00Z,74369.8
2025-12-06T03:00:00Z,75443.2
2025-12-06T04:00:00Z,78860.2
2025-12-06T05:00:00Z,81256.3
2025-12-06T06:00:00Z,86400.1
2025-12-06T07:00:00Z,89455.3
2025-12-06T08:00:00Z,94013.3
2025-12-06T09:00:00Z,94854.3
2025-12-06T10:00:00Z,98454.3
2025-12-06T11:00:00Z,99495.8
2025-12-06T12:00:00Z,99640.5
2025-12-06T13:00:00Z,97725.9
2025-12-06T14:00:00Z,98902.4
2025-12-06T15:00:00Z,95526.8
2025-12-06T16:00:00Z,93982.1
2025-12-06T17:00:00Z,88377.2
2025-12-06T18:00:00Z,84227.2
2025-12-06T19:00:00Z,79258.7
2025-12-06T20:00:00Z,79552.5
2025-12-06T21:00:00Z,75099.7
2025-12-06T22:00:00Z,74613.1
2025-12-06T23:00:00Z,70656.8
2025-12-07T00:00:00Z,72471.7
2025-12-07T01:00:00Z,71856.3
2025-12-07T02:00:00Z,72516.8
2025-12-07T03:00:00Z,74831.6
2025-12-07T04:00:00Z,79767.8
2025-12-07T05:00:00Z,81555.2
2025-12-07T06:00:00Z,83414.7
2025-12-07T07:00:00Z,90127.2
2025-12-07T08:00:00Z,93445.4
2025-12-07T09:00:00Z,97696.3
2025-12-07T10:00:00Z,98793.1
2025-12-07T11:00:00Z,102000.2
2025-12-07T12:00:00Z,100592.6
2025-12-07T13:00:00Z,97830.5
2025-12-07T14:00:00Z,96902.4
2025-12-07T15:00:00Z,95991.9
2025-12-07T16:00:00Z,91031.4
2025-12-07T17:00:00Z,90051.4
2025-12-07T18:00:00Z,86071.4
2025-12-07T19:00:00Z,82879.1
2025-12-07T20:00:00Z,79259.4
2025-12-07T21:00:00Z,76266.5
2025-12-07T22:00:00Z,74511.4
2025-12-07T23:00:00Z,72197.7
2025-12-08T00:00:00Z,75341.2
2025-12-08T01:00:00Z,74127.2
2025-12-08T02:00:00Z,76787.6
2025-12-08T03:00:00Z,80799.6
2025-12-08T04:00:00Z,81362.7
2025-12-08T05:00:00Z,83862.8
2025-12-08T06:00:00Z,89714.4
2025-12-08T07:00:00Z,92028.8
2025-12-08T08:00:00Z,98579.2
2025-12-08T09:00:00Z,99866.2
2025-12-08T10:00:00Z,100734.9
2025-12-08T11:00:00Z,104589.0
2025-12-08T12:00:00Z,105172.5
2025-12-08T13:00:00Z,104309.4
2025-12-08T14:00:00Z,103259.8
2025-12-08T15:00:00Z,99449.7
2025-12-08T16:00:00Z,95575.7
2025-12-08T17:00:00Z,94173.1
2025-12-08T18:00:00Z,89949.8
2025-12-08T19:00:00Z,85180.9
2025-12-08T20:00:00Z,82288.0
2025-12-08T21:00:00Z,80412.5
2025-12-08T22:00:00Z,76797.0
2025-12-08T23:00:00Z,75258.9
2025-12-09T00:00:00Z,77441.1
2025-12-09T01:00:00Z,75156.6
2025-12-09T02:00:00Z,75852.8
2025-12-09T03:00:00Z,80075.2
2025-12-09T04:00:00Z,81054.2
2025-12-09T05:00:00Z,87566.4
2025-12-09T06:00:00Z,90023.0
2025-12-09T07:00:00Z,93599.1
2025-12-09T08:00:00Z,97613.7
2025-12-09T09:00:00Z,100727.2
2025-12-09T10:00:00Z,101231.7
2025-12-09T11:00:00Z,101617.9
2025-12-09T12:00:00Z,101763.9
2025-12-09T13:00:00Z,104143.2
2025-12-09T14:00:00Z,103822.5
2025-12-09T15:00:00Z,97286.6
2025-12-09T16:00:00Z,96648.9
2025-12-09T17:00:00Z,92256.3
2025-12-09T18:00:00Z,90685.0
2025-12-09T19:00:00Z,85278.3
2025-12-09T20:00:00Z,81143.9
2025-12-09T21:00:00Z,79019.4
2025-12-09T22:00:00Z,75657.8
2025-12-09T23:00:00Z,76412.6
2025-12-10T00:00:00Z,76559.6
2025-12-10T01:00:00Z,76474.8
2025-12-10T02:00:00Z,75949.0
2025-12-10T03:00:00Z,82593.0
2025-12-10T04:00:00Z,83498.3
2025-12-10T05:00:00Z,87103.1
2025-12-10T06:00:00Z,87517.7
2025-12-10T07:00:00Z,91983.5
2025-12-10T08:00:00Z,97912.5
2025-12-10T09:00:00Z,101531.4
2025-12-10T10:00:00Z,101471.9
2025-12-10T11:00:00Z,101925.7
2025-12-10T12:00:00Z,102237.8
2025-12-10T13:00:00Z,103630.6
2025-12-10T14:00:00Z,102287.3
2025-12-10T15:00:00Z,100394.3
2025-12-10T16:00:00Z,93595.0
2025-12-10T17:00:00Z,94291.8
2025-12-10T18:00:00Z,87763.3
2025-12-10T19:00:00Z,86394.1
2025-12-10T20:00:00Z,82385.2
2025-12-10T21:00:00Z,79302.1
2025-12-10T22:00:00Z,76852.0
2025-12-10T23:00:00Z,75273.2
2025-12-11T00:00:00Z,75593.1
2025-12-11T01:00:00Z,76519.9
2025-12-11T02:00:00Z,79044.2
2025-12-11T03:00:00Z,78643.7
2025-12-11T04:00:00Z,81598.4
2025-12-11T05:00:00Z,86143.5
2025-12-11T06:00:00Z,88333.0
2025-12-11T07:00:00Z,91179.6
2025-12-11T08:00:00Z,95094.1
2025-12-11T09:00:00Z,98878.4
2025-12-11T10:00:00Z,101994.3
2025-12-11T11:00:00Z,103952.8
2025-12-11T12:00:00Z,100453.1
2025-12-11T13:00:00Z,103489.7
2025-12-11T14:00:00Z,99084.5
2025-12-11T15:00:00Z,97508.7
2025-12-11T16:00:00Z,96398.6
2025-12-11T17:00:00Z,92021.3
2025-12-11T18:00:00Z,89578.3
2025-12-11T19:00:00Z,82783.4
2025-12-11T20:00:00Z,81781.4
2025-12-11T21:00:00Z,81713.8
2025-12-11T22:00:00Z,74578.7
2025-12-11T23:00:00Z,76887.3
2025-12-12T00:00:00Z,73595.7
2025-12-12T01:00:00Z,75912.8
2025-12-12T02:00:00Z,75383.5
2025-12-12T03:00:00Z,74185.6
2025-12-12T04:00:00Z,80554.9
2025-12-12T05:00:00Z,87170.1
2025-12-12T06:00:00Z,87485.9
2025-12-12T07:00:00Z,94145.4
2025-12-12T08:00:00Z,94188.0
2025-12-12T09:00:00Z,98844.8
2025-12-12T10:00:00Z,101962.2
2025-12-12T11:00:00Z,99277.8
2025-12-12T12:00:00Z,102777.3
2025-12-12T13:00:00Z,102258.3
2025-12-12T14:00:00Z,101126.0
2025-12-12T15:00:00Z,97987.6
2025-12-12T16:00:00Z,95034.1
2025-12-12T17:00:00Z,92846.9
2025-12-12T18:00:00Z,87801.0
2025-12-12T19:00:00Z,87051.2
2025-12-12T20:00:00Z,81764.1
2025-12-12T21:00:00Z,77791.7
2025-12-12T22:00:00Z,76675.2
2025-12-12T23:00:00Z,74644.9
2025-12-13T00:00:00Z,70683.6
2025-12-13T01:00:00Z,68872.3
2025-12-13T02:00:00Z,71827.4
2025-12-13T03:00:00Z,76041.6
2025-12-13T04:00:00Z,75431.5
2025-12-13T05:00:00Z,80978.5
2025-12-13T06:00:00Z,83144.5
2025-12-13T07:00:00Z,90593.1
2025-12-13T08:00:00Z,90293.6
2025-12-13T09:00:00Z,94640.5
2025-12-13T10:00:00Z,96989.0
2025-12-13T11:00:00Z,98164.9
2025-12-13T12:00:00Z,99224.6
2025-12-13T13:00:00Z,98043.6
2025-12-13T14:00:00Z,97089.7
2025-12-13T15:00:00Z,94608.0
2025-12-13T16:00:00Z,90894.1
2025-12-13T17:00:00Z,86472.0
2025-12-13T18:00:00Z,83337.0
2025-12-13T19:00:00Z,81701.3
2025-12-13T20:00:00Z,78708.9
2025-12-13T21:00:00Z,75692.7
2025-12-13T22:00:00Z,72820.8
2025-12-13T23:00:00Z,69721.8
2025-12-14T00:00:00Z,70233.2
2025-12-14T01:00:00Z,70523.5
2025-12-14T02:00:00Z,69696.2
2025-12-14T03:00:00Z,74490.5
2025-12-14T04:00:00Z,78766.7
2025-12-14T05:00:00Z,79959.1
2025-12-14T06:00:00Z,84120.1
2025-12-14T07:00:00Z,89448.6
2025-12-14T08:00:00Z,92536.8
2025-12-14T09:00:00Z,95386.0
2025-12-14T10:00:00Z,96612.0
2025-12-14T11:00:00Z,97982.1
2025-12-14T12:00:00Z,98326.4
2025-12-14T13:00:00Z,97370.8
2025-12-14T14:00:00Z,97563.4
2025-12-14T15:00:00Z,96352.2
2025-12-14T16:00:00Z,91948.1
2025-12-14T17:00:00Z,87209.0
2025-12-14T18:00:00Z,83089.4
2025-12-14T19:00:00Z,81466.6
2025-12-14T20:00:00Z,77156.8
2025-12-14T21:00:00Z,73696.7
2025-12-14T22:00:00Z,70255.6
2025-12-14T23:00:00Z,69172.7
2025-12-15T00:00:00Z,72475.4
2025-12-15T01:00:00Z,73908.9
2025-12-15T02:00:00Z,74391.2
2025-12-15T03:00:00Z,79190.3
2025-12-15T04:00:00Z,79710.4
2025-12-15T05:00:00Z,83325.5
2025-12-15T06:00:00Z,87918.3
2025-12-15T07:00:00Z,92047.4
2025-12-15T08:00:00Z,94880.3
2025-12-15T09:00:00Z,96047.6
2025-12-15T10:00:00Z,101406.4
2025-12-15T11:00:00Z,103966.6
2025-12-15T12:00:00Z,103040.8
2025-12-15T13:00:00Z,100059.5
2025-12-15T14:00:00Z,100852.8
2025-12-15T15:00:00Z,99487.7
2025-12-15T16:00:00Z,91348.4
2025-12-15T17:00:00Z,90276.0
2025-12-15T18:00:00Z,88660.0
2025-12-15T19:00:00Z,83225.4
2025-12-15T20:00:00Z,79284.8
2025-12-15T21:00:00Z,78962.4
2025-12-15T22:00:00Z,75685.3
2025-12-15T23:00:00Z,74142.4
2025-12-16T00:00:00Z,75569.7
2025-12-16T01:00:00Z,74150.8
2025-12-16T02:00:00Z,77381.1
2025-12-16T03:00:00Z,77649.4
2025-12-16T04:00:00Z,79768.0
2025-12-16T05:00:00Z,82780.9
2025-12-16T06:00:00Z,86234.9
2025-12-16T07:00:00Z,92876.5
2025-12-16T08:00:00Z,94688.2
2025-12-16T09:00:00Z,98252.7
2025-12-16T10:00:00Z,100105.7
2025-12-16T11:00:00Z,101843.2
2025-12-16T12:00:00Z,99589.6
2025-12-16T13:00:00Z,103212.9
2025-12-16T14:00:00Z,100249.9
2025-12-16T15:00:00Z,99763.6
2025-12-16T16:00:00Z,95238.9
2025-12-16T17:00:00Z,89257.3
2025-12-16T18:00:00Z,87247.0
2025-12-16T19:00:00Z,82719.2
2025-12-16T20:00:00Z,80020.5
2025-12-16T21:00:00Z,78629.8
2025-12-16T22:00:00Z,75592.8
2025-12-16T23:00:00Z,72949.7
2025-12-17T00:00:00Z,71447.3
2025-12-17T01:00:00Z,74524.8
2025-12-17T02:00:00Z,75559.1
2025-12-17T03:00:00Z,79058.0
2025-12-17T04:00:00Z,81283.9
2025-12-17T05:00:00Z,83363.4
2025-12-17T06:00:00Z,86234.7
2025-12-17T07:00:00Z,91763.5
2025-12-17T08:00:00Z,94505.0
2025-12-17T09:00:00Z,98294.8
2025-12-17T10:00:00Z,101023.0
2025-12-17T11:00:00Z,100454.4
2025-12-17T12:00:00Z,101334.3
2025-12-17T13:00:00Z,100351.9
2025-12-17T14:00:00Z,99855.8
2025-12-17T15:00:00Z,97002.7
2025-12-17T16:00:00Z,96601.2
2025-12-17T17:00:00Z,88783.7
2025-12-17T18:00:00Z,88234.3
2025-12-17T19:00:00Z,86414.3
2025-12-17T20:00:00Z,80082.8
2025-12-17T21:00:00Z,76350.5
2025-12-17T22:00:00Z,76284.0
2025-12-17T23:00:00Z,73108.0
2025-12-18T00:00:00Z,72760.4
2025-12-18T01:00:00Z,74303.6
2025-12-18T02:00:00Z,74738.2
2025-12-18T03:00:00Z,76759.7
2025-12-18T04:00:00Z,80421.5
2025-12-18T05:00:00Z,83222.2
2025-12-18T06:00:00Z,86950.0
2025-12-18T07:00:00Z,91195.4
2025-12-18T08:00:00Z,95048.0
2025-12-18T09:00:00Z,98077.5
2025-12-18T10:00:00Z,102212.9
2025-12-18T11:00:00Z,99526.1
2025-12-18T12:00:00Z,99929.9
2025-12-18T13:00:00Z,100653.9
2025-12-18T14:00:00Z,100177.6
2025-12-18T15:00:00Z,98510.1
2025-12-18T16:00:00Z,93946.7
2025-12-18T17:00:00Z,90935.3
2025-12-18T18:00:00Z,87858.4
2025-12-18T19:00:00Z,84541.8
2025-12-18T20:00:00Z,78845.2
2025-12-18T21:00:00Z,79677.0
2025-12-18T22:00:00Z,77310.4
2025-12-18T23:00:00Z,74603.7
2025-12-19T00:00:00Z,73347.0
2025-12-19T01:00:00Z,74543.3
2025-12-19T02:00:00Z,75378.7
2025-12-19T03:00:00Z,77935.4
2025-12-19T04:00:00Z,77959.2
2025-12-19T05:00:00Z,85687.2
2025-12-19T06:00:00Z,87346.8
2025-12-19T07:00:00Z,93209.0
2025-12-19T08:00:00Z,93149.8
2025-12-19T09:00:00Z,98501.7
2025-12-19T10:00:00Z,100821.4
2025-12-19T11:00:00Z,100120.9
2025-12-19T12:00:00Z,101198.4
2025-12-19T13:00:00Z,101447.9
2025-12-19T14:00:00Z,99368.0
2025-12-19T15:00:00Z,97451.7
2025-12-19T16:00:00Z,93853.0
2025-12-19T17:00:00Z,91334.6
2025-12-19T18:00:00Z,85083.1
2025-12-19T19:00:00Z,84221.6
2025-12-19T20:00:00Z,80255.9
2025-12-19T21:00:00Z,75677.6
2025-12-19T22:00:00Z,73423.3
2025-12-19T23:00:00Z,73533.3
2025-12-20T00:00:00Z,68389.2
2025-12-20T01:00:00Z,69339.6
2025-12-20T02:00:00Z,71503.5
2025-12-20T03:00:00Z,72683.8
2025-12-20T04:00:00Z,74814.2
2025-12-20T05:00:00Z,80235.8
2025-12-20T06:00:00Z,83230.7
2025-12-20T07:00:00Z,87501.0
2025-12-20T08:00:00Z,89392.5
2025-12-20T09:00:00Z,92112.8
2025-12-20T10:00:00Z,95225.3
2025-12-20T11:00:00Z,96312.8
2025-12-20T12:00:00Z,96645.4
2025-12-20T13:00:00Z,93982.7
2025-12-20T14:00:00Z,95796.9
2025-12-20T15:00:00Z,94762.2
2025-12-20T16:00:00Z,90484.3
2025-12-20T17:00:00Z,86655.8
2025-12-20T18:00:00Z,82561.6
2025-12-20T19:00:00Z,79473.3
2025-12-20T20:00:00Z,74463.4
2025-12-20T21:00:00Z,73031.9
2025-12-20T22:00:00Z,69461.4
2025-12-20T23:00:00Z,67860.0
2025-12-21T00:00:00Z,68892.9
2025-12-21T01:00:00Z,67625.1
2025-12-21T02:00:00Z,69048.1
2025-12-21T03:00:00Z,73482.7
2025-12-21T04:00:00Z,73812.6
2025-12-21T05:00:00Z,79891.2
2025-12-21T06:00:00Z,83555.6
2025-12-21T07:00:00Z,87158.3
2025-12-21T08:00:00Z,88029.6
2025-12-21T09:00:00Z,93251.7
2025-12-21T10:00:00Z,95779.2
2025-12-21T11:00:00Z,96874.5
2025-12-21T12:00:00Z,95704.5
2025-12-21T13:00:00Z,97112.4
2025-12-21T14:00:00Z,92809.1
2025-12-21T15:00:00Z,92141.9
2025-12-21T16:00:00Z,88725.3
2025-12-21T17:00:00Z,87686.9
2025-12-21T18:00:00Z,81977.2
2025-12-21T19:00:00Z,77894.3
2025-12-21T20:00:00Z,75932.9
2025-12-21T21:00:00Z,70664.0
2025-12-21T22:00:00Z,69338.2
2025-12-21T23:00:00Z,66936.9
2025-12-22T00:00:00Z,72118.3
2025-12-22T01:00:00Z,70898.1
2025-12-22T02:00:00Z,72504.6
2025-12-22T03:00:00Z,75585.2
2025-12-22T04:00:00Z,78032.7
2025-12-22T05:00:00Z,83215.7
2025-12-22T06:00:00Z,87992.0
2025-12-22T07:00:00Z,90746.6
2025-12-22T08:00:00Z,94363.2
2025-12-22T09:00:00Z,93911.9
2025-12-22T10:00:00Z,97830.3
2025-12-22T11:00:00Z,100647.6
2025-12-22T12:00:00Z,100793.5
2025-12-22T13:00:00Z,100137.8
2025-12-22T14:00:00Z,96358.6
2025-12-22T15:00:00Z,96988.3
2025-12-22T16:00:00Z,95710.3
2025-12-22T17:00:00Z,88899.3
2025-12-22T18:00:00Z,84931.9
2025-12-22T19:00:00Z,82724.6
2025-12-22T20:00:00Z,79131.6
2025-12-22T21:00:00Z,76109.8
2025-12-22T22:00:00Z,74767.6
2025-12-22T23:00:00Z,70973.9
2025-12-23T00:00:00Z,72758.7
2025-12-23T01:00:00Z,70661.9
2025-12-23T02:00:00Z,71481.9
2025-12-23T03:00:00Z,77263.4
2025-12-23T04:00:00Z,79901.2
2025-12-23T05:00:00Z,82658.2
2025-12-23T06:00:00Z,86579.5
2025-12-23T07:00:00Z,90885.8
2025-12-23T08:00:00Z,93719.6
2025-12-23T09:00:00Z,95183.3
2025-12-23T10:00:00Z,98987.0
2025-12-23T11:00:00Z,98216.2
2025-12-23T12:00:00Z,100278.7
2025-12-23T13:00:00Z,97219.0
2025-12-23T14:00:00Z,98212.6
2025-12-23T15:00:00Z,95988.7
2025-12-23T16:00:00Z,92614.3
2025-12-23T17:00:00Z,87777.4
2025-12-23T18:00:00Z,83601.1
2025-12-23T19:00:00Z,82975.6
2025-12-23T20:00:00Z,77904.5
2025-12-23T21:00:00Z,76726.3
2025-12-23T22:00:00Z,73279.4
2025-12-23T23:00:00Z,71787.0
2025-12-24T00:00:00Z,68790.8
2025-12-24T01:00:00Z,72677.4
2025-12-24T02:00:00Z,73339.8
2025-12-24T03:00:00Z,74792.6
2025-12-24T04:00:00Z,77390.0
2025-12-24T05:00:00Z,79755.4
2025-12-24T06:00:00Z,84174.6
2025-12-24T07:00:00Z,90613.8
2025-12-24T08:00:00Z,92858.7
2025-12-24T09:00:00Z,97133.2
2025-12-24T10:00:00Z,98523.2
2025-12-24T11:00:00Z,98487.5
2025-12-24T12:00:00Z,99998.2
2025-12-24T13:00:00Z,96939.3
2025-12-24T14:00:00Z,99035.8
2025-12-24T15:00:00Z,95180.6
2025-12-24T16:00:00Z,92486.8
2025-12-24T17:00:00Z,89341.8
2025-12-24T18:00:00Z,85614.0
2025-12-24T19:00:00Z,81972.8
2025-12-24T20:00:00Z,78308.6
2025-12-24T21:00:00Z,74609.9
2025-12-24T22:00:00Z,72771.7
2025-12-24T23:00:00Z,69829.5
2025-12-25T00:00:00Z,71402.3
2025-12-25T01:00:00Z,69666.5
2025-12-25T02:00:00Z,73684.7
2025-12-25T03:00:00Z,74446.2
2025-12-25T04:00:00Z,77466.5
2025-12-25T05:00:00Z,79113.4
2025-12-25T06:00:00Z,85145.4
2025-12-25T07:00:00Z,87728.8
2025-12-25T08:00:00Z,92518.2
2025-12-25T09:00:00Z,95096.6
2025-12-25T10:00:00Z,97186.4
2025-12-25T11:00:00Z,99496.5
2025-12-25T12:00:00Z,98654.6
2025-12-25T13:00:00Z,98206.6
2025-12-25T14:00:00Z,96563.1
2025-12-25T15:00:00Z,94794.2
2025-12-25T16:00:00Z,91700.9
2025-12-25T17:00:00Z,89556.5
2025-12-25T18:00:00Z,85807.4
2025-12-25T19:00:00Z,81017.0
2025-12-25T20:00:00Z,77217.1
2025-12-25T21:00:00Z,74640.0
2025-12-25T22:00:00Z,73556.6
2025-12-25T23:00:00Z,71170.3
2025-12-26T00:00:00Z,70419.3
2025-12-26T01:00:00Z,69750.8
2025-12-26T02:00:00Z,73917.6
2025-12-26T03:00:00Z,74314.3
2025-12-26T04:00:00Z,77806.7
2025-12-26T05:00:00Z,82428.8
2025-12-26T06:00:00Z,82720.9
2025-12-26T07:00:00Z,88137.7
2025-12-26T08:00:00Z,92989.3
2025-12-26T09:00:00Z,93358.0
2025-12-26T10:00:00Z,96117.4
2025-12-26T11:00:00Z,98159.2
2025-12-26T12:00:00Z,98767.8
2025-12-26T13:00:00Z,98097.5
2025-12-26T14:00:00Z,96994.9
2025-12-26T15:00:00Z,93588.4
2025-12-26T16:00:00Z,90925.1
2025-12-26T17:00:00Z,88105.7
2025-12-26T18:00:00Z,84322.8
2025-12-26T19:00:00Z,82659.7
2025-12-26T20:00:00Z,77490.9
2025-12-26T21:00:00Z,75367.9
2025-12-26T22:00:00Z,74268.6
2025-12-26T23:00:00Z,71146.4
2025-12-27T00:00:00Z,66591.2
2025-12-27T01:00:00Z,66416.7
2025-12-27T02:00:00Z,68496.8
2025-12-27T03:00:00Z,69714.5
2025-12-27T04:00:00Z,73678.0
2025-12-27T05:00:00Z,78158.5
2025-12-27T06:00:00Z,79567.1
2025-12-27T07:00:00Z,84929.3
2025-12-27T08:00:00Z,88712.5
2025-12-27T09:00:00Z,89573.3
2025-12-27T10:00:00Z,94430.1
2025-12-27T11:00:00Z,94284.0
2025-12-27T12:00:00Z,95542.0
2025-12-27T13:00:00Z,95051.5
2025-12-27T14:00:00Z,93635.2
2025-12-27T15:00:00Z,90925.2
2025-12-27T16:00:00Z,88188.1
2025-12-27T17:00:00Z,84820.3
2025-12-27T18:00:00Z,79674.1
2025-12-27T19:00:00Z,78528.0
2025-12-27T20:00:00Z,73005.6
2025-12-27T21:00:00Z,70776.3
2025-12-27T22:00:00Z,67631.0
2025-12-27T23:00:00Z,68898.7
2025-12-28T00:00:00Z,67759.3
2025-12-28T01:00:00Z,67168.0
2025-12-28T02:00:00Z,69403.8
2025-12-28T03:00:00Z,72945.9
2025-12-28T04:00:00Z,73594.0
2025-12-28T05:00:00Z,78245.4
2025-12-28T06:00:00Z,80943.0
2025-12-28T07:00:00Z,82279.9
2025-12-28T08:00:00Z,87076.5
2025-12-28T09:00:00Z,92338.9
2025-12-28T10:00:00Z,92685.8
2025-12-28T11:00:00Z,95418.1
2025-12-28T12:00:00Z,94196.2
2025-12-28T13:00:00Z,93686.6
2025-12-28T14:00:00Z,93784.1
2025-12-28T15:00:00Z,91883.8
2025-12-28T16:00:00Z,87522.7
2025-12-28T17:00:00Z,82604.1
2025-12-28T18:00:00Z,78861.4
2025-12-28T19:00:00Z,77981.3
2025-12-28T20:00:00Z,73611.3
2025-12-28T21:00:00Z,69948.9
2025-12-28T22:00:00Z,68905.2
2025-12-28T23:00:00Z,67537.7
2025-12-29T00:00:00Z,71294.5
2025-12-29T01:00:00Z,70673.6
2025-12-29T02:00:00Z,73651.7
2025-12-29T03:00:00Z,76221.5
2025-12-29T04:00:00Z,76830.0
2025-12-29T05:00:00Z,80120.5
2025-12-29T06:00:00Z,85709.6
2025-12-29T07:00:00Z,88950.4
2025-12-29T08:00:00Z,91148.2
2025-12-29T09:00:00Z,91195.4
2025-12-29T10:00:00Z,96403.7
2025-12-29T11:00:00Z,97884.3
2025-12-29T12:00:00Z,98801.9
2025-12-29T13:00:00Z,97117.2
2025-12-29T14:00:00Z,96036.3
2025-12-29T15:00:00Z,94739.2
2025-12-29T16:00:00Z,90317.0
2025-12-29T17:00:00Z,86990.0
2025-12-29T18:00:00Z,84691.8
2025-12-29T19:00:00Z,80007.1
2025-12-29T20:00:00Z,76557.0
2025-12-29T21:00:00Z,74041.1
2025-12-29T22:00:00Z,71046.2
2025-12-29T23:00:00Z,69875.0
2025-12-30T00:00:00Z,67676.7
2025-12-30T01:00:00Z,68993.2
2025-12-30T02:00:00Z,72655.7
2025-12-30T03:00:00Z,72585.1
2025-12-30T04:00:00Z,77053.2
2025-12-30T05:00:00Z,79737.9
2025-12-30T06:00:00Z,82641.6
2025-12-30T07:00:00Z,87406.6
2025-12-30T08:00:00Z,90199.6
2025-12-30T09:00:00Z,93878.1
2025-12-30T10:00:00Z,96427.6
2025-12-30T11:00:00Z,97224.5
2025-12-30T12:00:00Z,97806.2
2025-12-30T13:00:00Z,97053.8
2025-12-30T14:00:00Z,94958.8
2025-12-30T15:00:00Z,90693.9
2025-12-30T16:00:00Z,90000.0
2025-12-30T17:00:00Z,86259.7
2025-12-30T18:00:00Z,84892.6
2025-12-30T19:00:00Z,79478.2
2025-12-30T20:00:00Z,75738.3
2025-12-30T21:00:00Z,74256.1
2025-12-30T22:00:00Z,72842.0
2025-12-30T23:00:00Z,68055.8
2025-12-31T00:00:00Z,70429.6
2025-12-31T01:00:00Z,71520.5
2025-12-31T02:00:00Z,70209.1
2025-12-31T03:00:00Z,72127.9
2025-12-31T04:00:00Z,75793.5
2025-12-31T05:00:00Z,82070.3
2025-12-31T06:00:00Z,85489.5
2025-12-31T07:00:00Z,86844.0
2025-12-31T08:00:00Z,89568.3
2025-12-31T09:00:00Z,94576.1
2025-12-31T10:00:00Z,95906.2
2025-12-31T11:00:00Z,97939.1
2025-12-31T12:00:00Z,97386.5
2025-12-31T13:00:00Z,95542.9
2025-12-31T14:00:00Z,96247.8
2025-12-31T15:00:00Z,91155.6
2025-12-31T16:00:00Z,90740.1
2025-12-31T17:00:00Z,87973.7
2025-12-31T18:00:00Z,84566.9
2025-12-31T19:00:00Z,80454.9
2025-12-31T20:00:00Z,76124.0
2025-12-31T21:00:00Z,73891.4
2025-12-31T22:00:00Z,69915.8
2025-12-31T23:00:00Z,71527.7
2026-01-01T00:00:00Z,69310.2
2026-01-01T01:00:00Z,68882.0
2026-01-01T02:00:00Z,72131.4
2026-01-01T03:00:00Z,71951.0
2026-01-01T04:00:00Z,76193.2
2026-01-01T05:00:00Z,78556.5
2026-01-01T06:00:00Z,80891.2
2026-01-01T07:00:00Z,86784.7
2026-01-01T08:00:00Z,90583.6
2026-01-01T09:00:00Z,92096.3
2026-01-01T10:00:00Z,96588.5
2026-01-01T11:00:00Z,96872.7
2026-01-01T12:00:00Z,98253.2
2026-01-01T13:00:00Z,96296.3
2026-01-01T14:00:00Z,96828.8
2026-01-01T15:00:00Z,92584.5
2026-01-01T16:00:00Z,90286.9
2026-01-01T17:00:00Z,87242.1
2026-01-01T18:00:00Z,82570.0
2026-01-01T19:00:00Z,78933.0
2026-01-01T20:00:00Z,76884.9
2026-01-01T21:00:00Z,72521.9
2026-01-01T22:00:00Z,72292.5
2026-01-01T23:00:00Z,69709.4
2026-01-02T00:00:00Z,67691.4
2026-01-02T01:00:00Z,69965.9
2026-01-02T02:00:00Z,71981.9
2026-01-02T03:00:00Z,73656.8
2026-01-02T04:00:00Z,76798.0
2026-01-02T05:00:00Z,79705.8
2026-01-02T06:00:00Z,83302.6
2026-01-02T07:00:00Z,88351.7
2026-01-02T08:00:00Z,89194.8
2026-01-02T09:00:00Z,91930.3
2026-01-02T10:00:00Z,95390.3
2026-01-02T11:00:00Z,95597.2
2026-01-02T12:00:00Z,96612.2
2026-01-02T13:00:00Z,95590.4
2026-01-02T14:00:00Z,94776.2
2026-01-02T15:00:00Z,92260.6
2026-01-02T16:00:00Z,90154.3
2026-01-02T17:00:00Z,86394.9
2026-01-02T18:00:00Z,83530.3
2026-01-02T19:00:00Z,78600.7
2026-01-02T20:00:00Z,75744.2
2026-01-02T21:00:00Z,75106.9
2026-01-02T22:00:00Z,71739.8
2026-01-02T23:00:00Z,67905.3
2026-01-03T00:00:00Z,62383.5
2026-01-03T01:00:00Z,64209.4
2026-01-03T02:00:00Z,67417.3
2026-01-03T03:00:00Z,68226.4
2026-01-03T04:00:00Z,70444.2
2026-01-03T05:00:00Z,75566.6
2026-01-03T06:00:00Z,77791.1
2026-01-03T07:00:00Z,83112.6
2026-01-03T08:00:00Z,84538.6
2026-01-03T09:00:00Z,88773.1
2026-01-03T10:00:00Z,92108.2
2026-01-03T11:00:00Z,94874.8
2026-01-03T12:00:00Z,92543.1
2026-01-03T13:00:00Z,92467.4
2026-01-03T14:00:00Z,93390.4
2026-01-03T15:00:00Z,89891.3
2026-01-03T16:00:00Z,87041.1
2026-01-03T17:00:00Z,81561.7
2026-01-03T18:00:00Z,79412.4
2026-01-03T19:00:00Z,77893.7
2026-01-03T20:00:00Z,71447.6
2026-01-03T21:00:00Z,68094.9
2026-01-03T22:00:00Z,66709.1
2026-01-03T23:00:00Z,64954.0
2026-01-04T00:00:00Z,65018.0
2026-01-04T01:00:00Z,64889.5
2026-01-04T02:00:00Z,67974.4
2026-01-04T03:00:00Z,69496.4
2026-01-04T04:00:00Z,73375.7
2026-01-04T05:00:00Z,75241.3
2026-01-04T06:00:00Z,79546.8
2026-01-04T07:00:00Z,81243.6
2026-01-04T08:00:00Z,86584.1
2026-01-04T09:00:00Z,90321.0
2026-01-04T10:00:00Z,90810.7
2026-01-04T11:00:00Z,91210.9
2026-01-04T12:00:00Z,91120.5
2026-01-04T13:00:00Z,92516.8
2026-01-04T14:00:00Z,91160.5
2026-01-04T15:00:00Z,89444.5
2026-01-04T16:00:00Z,85507.9
2026-01-04T17:00:00Z,80556.7
2026-01-04T18:00:00Z,78159.5
2026-01-04T19:00:00Z,72424.3
2026-01-04T20:00:00Z,72972.5
2026-01-04T21:00:00Z,68504.2
2026-01-04T22:00:00Z,66043.7
2026-01-04T23:00:00Z,65694.1
2026-01-05T00:00:00Z,67022.2
2026-01-05T01:00:00Z,68002.2
2026-01-05T02:00:00Z,70807.0
2026-01-05T03:00:00Z,71116.2
2026-01-05T04:00:00Z,75539.9
2026-01-05T05:00:00Z,78251.3
2026-01-05T06:00:00Z,83138.1
2026-01-05T07:00:00Z,88224.6
2026-01-05T08:00:00Z,89300.3
2026-01-05T09:00:00Z,93852.8
2026-01-05T10:00:00Z,94267.6
2026-01-05T11:00:00Z,96014.5
2026-01-05T12:00:00Z,96784.3
2026-01-05T13:00:00Z,94464.4
2026-01-05T14:00:00Z,95533.3
2026-01-05T15:00:00Z,91479.5
2026-01-05T16:00:00Z,89741.2
2026-01-05T17:00:00Z,83952.7
2026-01-05T18:00:00Z,82152.3
2026-01-05T19:00:00Z,79020.9
2026-01-05T20:00:00Z,75350.8
2026-01-05T21:00:00Z,74494.1
2026-01-05T22:00:00Z,71620.8
2026-01-05T23:00:00Z,69313.8
2026-01-06T00:00:00Z,67069.8
2026-01-06T01:00:00Z,67759.0
2026-01-06T02:00:00Z,69149.4
2026-01-06T03:00:00Z,70369.3
2026-01-06T04:00:00Z,74476.4
2026-01-06T05:00:00Z,79611.9
2026-01-06T06:00:00Z,82984.6
2026-01-06T07:00:00Z,86816.3
2026-01-06T08:00:00Z,88318.3
2026-01-06T09:00:00Z,93829.9
2026-01-06T10:00:00Z,95775.9
2026-01-06T11:00:00Z,95461.4
2026-01-06T12:00:00Z,96201.2
2026-01-06T13:00:00Z,96064.6
2026-01-06T14:00:00Z,94747.5
2026-01-06T15:00:00Z,92449.0
2026-01-06T16:00:00Z,88930.4
2026-01-06T17:00:00Z,84585.2
2026-01-06T18:00:00Z,81784.9
2026-01-06T19:00:00Z,78443.8
2026-01-06T20:00:00Z,72841.2
2026-01-06T21:00:00Z,74093.5
2026-01-06T22:00:00Z,69890.6
2026-01-06T23:00:00Z,68921.6
2026-01-07T00:00:00Z,66945.4
2026-01-07T01:00:00Z,67779.4
2026-01-07T02:00:00Z,68132.2
2026-01-07T03:00:00Z,70867.0
2026-01-07T04:00:00Z,73278.6
2026-01-07T05:00:00Z,78939.1
2026-01-07T06:00:00Z,78916.7
2026-01-07T07:00:00Z,85372.7
2026-01-07T08:00:00Z,89499.7
2026-01-07T09:00:00Z,92483.4
2026-01-07T10:00:00Z,92613.7
2026-01-07T11:00:00Z,94098.5
2026-01-07T12:00:00Z,95983.3
2026-01-07T13:00:00Z,94784.7
2026-01-07T14:00:00Z,92945.2
2026-01-07T15:00:00Z,92117.8
2026-01-07T16:00:00Z,88946.4
2026-01-07T17:00:00Z,84622.4
2026-01-07T18:00:00Z,80145.4
2026-01-07T19:00:00Z,79599.1
2026-01-07T20:00:00Z,75409.9
2026-01-07T21:00:00Z,71636.4
2026-01-07T22:00:00Z,69265.6
2026-01-07T23:00:00Z,66703.4
2026-01-08T00:00:00Z,66248.3
2026-01-08T01:00:00Z,67814.9
2026-01-08T02:00:00Z,67865.1
2026-01-08T03:00:00Z,72680.9
2026-01-08T04:00:00Z,76181.2
2026-01-08T05:00:00Z,79836.3
2026-01-08T06:00:00Z,81341.3
2026-01-08T07:00:00Z,84631.7
2026-01-08T08:00:00Z,88136.9
2026-01-08T09:00:00Z,90406.6
2026-01-08T10:00:00Z,92485.0
2026-01-08T11:00:00Z,95245.1
2026-01-08T12:00:00Z,95841.8
2026-01-08T13:00:00Z,93597.3
2026-01-08T14:00:00Z,93985.2
2026-01-08T15:00:00Z,90884.7
2026-01-08T16:00:00Z,89246.9
2026-01-08T17:00:00Z,83993.2
2026-01-08T18:00:00Z,82026.3
2026-01-08T19:00:00Z,77562.6
2026-01-08T20:00:00Z,72422.8
2026-01-08T21:00:00Z,70737.7
2026-01-08T22:00:00Z,66906.4
2026-01-08T23:00:00Z,68041.3
2026-01-09T00:00:00Z,66605.0
2026-01-09T01:00:00Z,65576.5
2026-01-09T02:00:00Z,67610.8
2026-01-09T03:00:00Z,68674.3
2026-01-09T04:00:00Z,74368.2
2026-01-09T05:00:00Z,78615.3
2026-01-09T06:00:00Z,81773.9
2026-01-09T07:00:00Z,85563.9
2026-01-09T08:00:00Z,89005.0
2026-01-09T09:00:00Z,90950.4
2026-01-09T10:00:00Z,93327.4
2026-01-09T11:00:00Z,92955.2
2026-01-09T12:00:00Z,96663.2
2026-01-09T13:00:00Z,95694.6
2026-01-09T14:00:00Z,92945.0
2026-01-09T15:00:00Z,90273.1
2026-01-09T16:00:00Z,88747.7
2026-01-09T17:00:00Z,83576.4
2026-01-09T18:00:00Z,82201.0
2026-01-09T19:00:00Z,77417.4
2026-01-09T20:00:00Z,72553.1
2026-01-09T21:00:00Z,72522.5
2026-01-09T22:00:00Z,69169.0
2026-01-09T23:00:00Z,67954.0
2026-01-10T00:00:00Z,64463.3
2026-01-10T01:00:00Z,62645.8
2026-01-10T02:00:00Z,63226.4
2026-01-10T03:00:00Z,68062.5
2026-01-10T04:00:00Z,67879.5
2026-01-10T05:00:00Z,74138.8
2026-01-10T06:00:00Z,75692.5
2026-01-10T07:00:00Z,81896.9
2026-01-10T08:00:00Z,82568.5
2026-01-10T09:00:00Z,84866.4
2026-01-10T10:00:00Z,90223.7
2026-01-10T11:00:00Z,90541.8
2026-01-10T12:00:00Z,91269.7
2026-01-10T13:00:00Z,89672.7
2026-01-10T14:00:00Z,86353.1
2026-01-10T15:00:00Z,87538.3
2026-01-10T16:00:00Z,82690.0
2026-01-10T17:00:00Z,80298.0
2026-01-10T18:00:00Z,74444.8
2026-01-10T19:00:00Z,72805.0
2026-01-10T20:00:00Z,68757.8
2026-01-10T21:00:00Z,67477.2
2026-01-10T22:00:00Z,63904.2
2026-01-10T23:00:00Z,64702.8
2026-01-11T00:00:00Z,60287.4
2026-01-11T01:00:00Z,64498.9
2026-01-11T02:00:00Z,65629.3
2026-01-11T03:00:00Z,68327.5
2026-01-11T04:00:00Z,70715.7
2026-01-11T05:00:00Z,72605.7
2026-01-11T06:00:00Z,76549.1
2026-01-11T07:00:00Z,79328.5
2026-01-11T08:00:00Z,83908.9
2026-01-11T09:00:00Z,85706.9
2026-01-11T10:00:00Z,88092.5
2026-01-11T11:00:00Z,90076.0
2026-01-11T12:00:00Z,88652.2
2026-01-11T13:00:00Z,92223.7
2026-01-11T14:00:00Z,88782.5
2026-01-11T15:00:00Z,88253.0
2026-01-11T16:00:00Z,82376.5
2026-01-11T17:00:00Z,81555.7
2026-01-11T18:00:00Z,77917.1
2026-01-11T19:00:00Z,70825.6
2026-01-11T20:00:00Z,69422.2
2026-01-11T21:00:00Z,66982.9
2026-01-11T22:00:00Z,64690.4
2026-01-11T23:00:00Z,63889.9
2026-01-12T00:00:00Z,66833.5
2026-01-12T01:00:00Z,66119.0
2026-01-12T02:00:00Z,69273.5
2026-01-12T03:00:00Z,70777.4
2026-01-12T04:00:00Z,73457.1
2026-01-12T05:00:00Z,78106.1
2026-01-12T06:00:00Z,78704.0
2026-01-12T07:00:00Z,84240.2
2026-01-12T08:00:00Z,86885.0
2026-01-12T09:00:00Z,90865.0
2026-01-12T10:00:00Z,92096.5
2026-01-12T11:00:00Z,95598.4
2026-01-12T12:00:00Z,94405.7
2026-01-12T13:00:00Z,94578.7
2026-01-12T14:00:00Z,92439.8
2026-01-12T15:00:00Z,89380.3
2026-01-12T16:00:00Z,86992.6
2026-01-12T17:00:00Z,83198.1
2026-01-12T18:00:00Z,79861.9
2026-01-12T19:00:00Z,76648.0
2026-01-12T20:00:00Z,72995.4
2026-01-12T21:00:00Z,72054.6
2026-01-12T22:00:00Z,65922.8
2026-01-12T23:00:00Z,66866.0
2026-01-13T00:00:00Z,65484.3
2026-01-13T01:00:00Z,66102.6
2026-01-13T02:00:00Z,69822.7
2026-01-13T03:00:00Z,70390.7
2026-01-13T04:00:00Z,72485.7
2026-01-13T05:00:00Z,75995.5
2026-01-13T06:00:00Z,79179.9
2026-01-13T07:00:00Z,81563.2
2026-01-13T08:00:00Z,89007.1
2026-01-13T09:00:00Z,91491.5
2026-01-13T10:00:00Z,91194.1
2026-01-13T11:00:00Z,91901.0
2026-01-13T12:00:00Z,93005.2
2026-01-13T13:00:00Z,93066.5
2026-01-13T14:00:00Z,93578.9
2026-01-13T15:00:00Z,90986.0
2026-01-13T16:00:00Z,87192.6
2026-01-13T17:00:00Z,83714.8
2026-01-13T18:00:00Z,78552.9
2026-01-13T19:00:00Z,75920.8
2026-01-13T20:00:00Z,73411.5
2026-01-13T21:00:00Z,69240.2
2026-01-13T22:00:00Z,67296.4
2026-01-13T23:00:00Z,67723.9
2026-01-14T00:00:00Z,66293.9
2026-01-14T01:00:00Z,66057.8
2026-01-14T02:00:00Z,65635.6
2026-01-14T03:00:00Z,69671.5
2026-01-14T04:00:00Z,70088.0
2026-01-14T05:00:00Z,74001.2
2026-01-14T06:00:00Z,78422.1
2026-01-14T07:00:00Z,83911.1
2026-01-14T08:00:00Z,85211.4
2026-01-14T09:00:00Z,89488.3
2026-01-14T10:00:00Z,92779.4
2026-01-14T11:00:00Z,92138.1
2026-01-14T12:00:00Z,94437.3
2026-01-14T13:00:00Z,92437.1
2026-01-14T14:00:00Z,90583.0
2026-01-14T15:00:00Z,89771.5
2026-01-14T16:00:00Z,85719.9
2026-01-14T17:00:00Z,83123.0
2026-01-14T18:00:00Z,82138.3
2026-01-14T19:00:00Z,74192.9
2026-01-14T20:00:00Z,75041.9
2026-01-14T21:00:00Z,67749.0
2026-01-14T22:00:00Z,63829.5
2026-01-14T23:00:00Z,65951.6
2026-01-15T00:00:00Z,65126.4
2026-01-15T01:00:00Z,65266.8
2026-01-15T02:00:00Z,68294.7
2026-01-15T03:00:00Z,69623.7
2026-01-15T04:00:00Z,70986.8
2026-01-15T05:00:00Z,75445.0
2026-01-15T06:00:00Z,80553.6
2026-01-15T07:00:00Z,83614.7
2026-01-15T08:00:00Z,86219.9
2026-01-15T09:00:00Z,90020.4
2026-01-15T10:00:00Z,92681.7
2026-01-15T11:00:00Z,91224.7
2026-01-15T12:00:00Z,91230.2
2026-01-15T13:00:00Z,93243.5
2026-01-15T14:00:00Z,93076.4
2026-01-15T15:00:00Z,90000.8
2026-01-15T16:00:00Z,86714.1
2026-01-15T17:00:00Z,82118.6
2026-01-15T18:00:00Z,77014.1
2026-01-15T19:00:00Z,76239.3
2026-01-15T20:00:00Z,71607.0
2026-01-15T21:00:00Z,68951.2
2026-01-15T22:00:00Z,66198.6
2026-01-15T23:00:00Z,62975.4
2026-01-16T00:00:00Z,64305.2
2026-01-16T01:00:00Z,66726.8
2026-01-16T02:00:00Z,66602.7
2026-01-16T03:00:00Z,69102.5
2026-01-16T04:00:00Z,72262.9
2026-01-16T05:00:00Z,74907.4
2026-01-16T06:00:00Z,77716.3
2026-01-16T07:00:00Z,83653.0
2026-01-16T08:00:00Z,86240.4
2026-01-16T09:00:00Z,90243.3
2026-01-16T10:00:00Z,91215.2
2026-01-16T11:00:00Z,92123.6
2026-01-16T12:00:00Z,93645.6
2026-01-16T13:00:00Z,90029.3
2026-01-16T14:00:00Z,90381.1
2026-01-16T15:00:00Z,89979.0
2026-01-16T16:00:00Z,86340.8
2026-01-16T17:00:00Z,82620.9
2026-01-16T18:00:00Z,76466.5
2026-01-16T19:00:00Z,75060.2
2026-01-16T20:00:00Z,71476.9
2026-01-16T21:00:00Z,68721.9
2026-01-16T22:00:00Z,67389.3
2026-01-16T23:00:00Z,65416.7
2026-01-17T00:00:00Z,61693.7
2026-01-17T01:00:00Z,59147.3
2026-01-17T02:00:00Z,62074.7
2026-01-17T03:00:00Z,65543.1
2026-01-17T04:00:00Z,66736.6
2026-01-17T05:00:00Z,71095.8
2026-01-17T06:00:00Z,75083.5
2026-01-17T07:00:00Z,80572.4
2026-01-17T08:00:00Z,82117.7
2026-01-17T09:00:00Z,83149.8
2026-01-17T10:00:00Z,85420.5
2026-01-17T11:00:00Z,88296.1
2026-01-17T12:00:00Z,89664.7
2026-01-17T13:00:00Z,87947.3
2026-01-17T14:00:00Z,88294.2
2026-01-17T15:00:00Z,84770.5
2026-01-17T16:00:00Z,80693.0
2026-01-17T17:00:00Z,80277.9
2026-01-17T18:00:00Z,74739.9
2026-01-17T19:00:00Z,72067.4
2026-01-17T20:00:00Z,66998.0
2026-01-17T21:00:00Z,64694.2
2026-01-17T22:00:00Z,62903.5
2026-01-17T23:00:00Z,60574.2
2026-01-18T00:00:00Z,59882.5
2026-01-18T01:00:00Z,61536.1
2026-01-18T02:00:00Z,61593.2
2026-01-18T03:00:00Z,63525.5
2026-01-18T04:00:00Z,66793.6
2026-01-18T05:00:00Z,71485.2
2026-01-18T06:00:00Z,75667.4
2026-01-18T07:00:00Z,77789.4
2026-01-18T08:00:00Z,78768.1
2026-01-18T09:00:00Z,83497.6
2026-01-18T10:00:00Z,86487.2
2026-01-18T11:00:00Z,88517.6
2026-01-18T12:00:00Z,90084.9
2026-01-18T13:00:00Z,85892.4
2026-01-18T14:00:00Z,84625.7
2026-01-18T15:00:00Z,84364.5
2026-01-18T16:00:00Z,82607.4
2026-01-18T17:00:00Z,79336.4
2026-01-18T18:00:00Z,71022.6
2026-01-18T19:00:00Z,74287.3
2026-01-18T20:00:00Z,67011.5
2026-01-18T21:00:00Z,64479.3
2026-01-18T22:00:00Z,63425.5
2026-01-18T23:00:00Z,62529.9
2026-01-19T00:00:00Z,63584.6
2026-01-19T01:00:00Z,63824.8
2026-01-19T02:00:00Z,66960.8
2026-01-19T03:00:00Z,69672.0
2026-01-19T04:00:00Z,70922.2
2026-01-19T05:00:00Z,75831.2
2026-01-19T06:00:00Z,77855.0
2026-01-19T07:00:00Z,80702.3
2026-01-19T08:00:00Z,83866.2
2026-01-19T09:00:00Z,87260.3
2026-01-19T10:00:00Z,89659.3
2026-01-19T11:00:00Z,93271.6
2026-01-19T12:00:00Z,92638.7
2026-01-19T13:00:00Z,91715.6
2026-01-19T14:00:00Z,90961.6
2026-01-19T15:00:00Z,91042.7
2026-01-19T16:00:00Z,84630.2
2026-01-19T17:00:00Z,83076.4
2026-01-19T18:00:00Z,75854.4
2026-01-19T19:00:00Z,73051.6
2026-01-19T20:00:00Z,70474.6
2026-01-19T21:00:00Z,67333.7
2026-01-19T22:00:00Z,65229.2
2026-01-19T23:00:00Z,64452.1
2026-01-20T00:00:00Z,62462.7
2026-01-20T01:00:00Z,63428.7
2026-01-20T02:00:00Z,64058.5
2026-01-20T03:00:00Z,67837.2
2026-01-20T04:00:00Z,72054.8
2026-01-20T05:00:00Z,74015.7
2026-01-20T06:00:00Z,78611.8
2026-01-20T07:00:00Z,80260.7
2026-01-20T08:00:00Z,84244.3
2026-01-20T09:00:00Z,88038.2
2026-01-20T10:00:00Z,88182.1
2026-01-20T11:00:00Z,90744.1
2026-01-20T12:00:00Z,90273.1
2026-01-20T13:00:00Z,90901.7
2026-01-20T14:00:00Z,90459.7
2026-01-20T15:00:00Z,87510.5
2026-01-20T16:00:00Z,83711.5
2026-01-20T17:00:00Z,82939.2
2026-01-20T18:00:00Z,77796.3
2026-01-20T19:00:00Z,73711.1
2026-01-20T20:00:00Z,70731.0
2026-01-20T21:00:00Z,66791.1
2026-01-20T22:00:00Z,65329.5
2026-01-20T23:00:00Z,64708.1
2026-01-21T00:00:00Z,61378.5
2026-01-21T01:00:00Z,63906.9
2026-01-21T02:00:00Z,64545.7
2026-01-21T03:00:00Z,66605.6
2026-01-21T04:00:00Z,70320.8
2026-01-21T05:00:00Z,74525.2
2026-01-21T06:00:00Z,80046.5
2026-01-21T07:00:00Z,81377.1
2026-01-21T08:00:00Z,85490.6
2026-01-21T09:00:00Z,86950.7
2026-01-21T10:00:00Z,92521.6
2026-01-21T11:00:00Z,92874.5
2026-01-21T12:00:00Z,91091.3
2026-01-21T13:00:00Z,91166.9
2026-01-21T14:00:00Z,90248.7
2026-01-21T15:00:00Z,86544.7
2026-01-21T16:00:00Z,85024.9
2026-01-21T17:00:00Z,81381.0
2026-01-21T18:00:00Z,77521.6
2026-01-21T19:00:00Z,74251.3
2026-01-21T20:00:00Z,70556.5
2026-01-21T21:00:00Z,65711.5
2026-01-21T22:00:00Z,66425.1
2026-01-21T23:00:00Z,61896.0
2026-01-22T00:00:00Z,63873.0
2026-01-22T01:00:00Z,63273.3
2026-01-22T02:00:00Z,66622.5
2026-01-22T03:00:00Z,67290.0
2026-01-22T04:00:00Z,69862.4
2026-01-22T05:00:00Z,74191.1
2026-01-22T06:00:00Z,76538.3
2026-01-22T07:00:00Z,81469.9
2026-01-22T08:00:00Z,82989.0
2026-01-22T09:00:00Z,86236.8
2026-01-22T10:00:00Z,89172.4
2026-01-22T11:00:00Z,89938.0
2026-01-22T12:00:00Z,90811.4
2026-01-22T13:00:00Z,90392.7
2026-01-22T14:00:00Z,87980.7
2026-01-22T15:00:00Z,85618.3
2026-01-22T16:00:00Z,84843.7
2026-01-22T17:00:00Z,81188.0
2026-01-22T18:00:00Z,78079.2
2026-01-22T19:00:00Z,73236.0
2026-01-22T20:00:00Z,71232.7
2026-01-22T21:00:00Z,66359.1
2026-01-22T22:00:00Z,65585.8
2026-01-22T23:00:00Z,65438.5
2026-01-23T00:00:00Z,63257.3
2026-01-23T01:00:00Z,62670.5
2026-01-23T02:00:00Z,64084.9
2026-01-23T03:00:00Z,68172.9
2026-01-23T04:00:00Z,70688.1
2026-01-23T05:00:00Z,72972.9
2026-01-23T06:00:00Z,76506.4
2026-01-23T07:00:00Z,80387.8
2026-01-23T08:00:00Z,83442.6
2026-01-23T09:00:00Z,86040.3
2026-01-23T10:00:00Z,88999.8
2026-01-23T11:00:00Z,91788.7
2026-01-23T12:00:00Z,91646.7
2026-01-23T13:00:00Z,89343.4
2026-01-23T14:00:00Z,87729.0
2026-01-23T15:00:00Z,88792.0
2026-01-23T16:00:00Z,83857.9
2026-01-23T17:00:00Z,80186.5
2026-01-23T18:00:00Z,78720.0
2026-01-23T19:00:00Z,71104.0
2026-01-23T20:00:00Z,70563.1
2026-01-23T21:00:00Z,65759.1
2026-01-23T22:00:00Z,65757.1
2026-01-23T23:00:00Z,62355.3
2026-01-24T00:00:00Z,58875.3
2026-01-24T01:00:00Z,60607.0
2026-01-24T02:00:00Z,59738.2
2026-01-24T03:00:00Z,60918.9
2026-01-24T04:00:00Z,65914.5
2026-01-24T05:00:00Z,70109.0
2026-01-24T06:00:00Z,73838.1
2026-01-24T07:00:00Z,75567.7
2026-01-24T08:00:00Z,78535.2
2026-01-24T09:00:00Z,83171.4
2026-01-24T10:00:00Z,83777.2
2026-01-24T11:00:00Z,84826.7
2026-01-24T12:00:00Z,88217.7
2026-01-24T13:00:00Z,86461.2
2026-01-24T14:00:00Z,83887.9
2026-01-24T15:00:00Z,85148.4
2026-01-24T16:00:00Z,79730.3
2026-01-24T17:00:00Z,78287.4
2026-01-24T18:00:00Z,74539.2
2026-01-24T19:00:00Z,69781.7
2026-01-24T20:00:00Z,65979.8
2026-01-24T21:00:00Z,61143.6
2026-01-24T22:00:00Z,59435.2
2026-01-24T23:00:00Z,57028.4
2026-01-25T00:00:00Z,58271.9
2026-01-25T01:00:00Z,57584.9
2026-01-25T02:00:00Z,60628.7
2026-01-25T03:00:00Z,61825.1
2026-01-25T04:00:00Z,65641.1
2026-01-25T05:00:00Z,68193.6
2026-01-25T06:00:00Z,73210.2
2026-01-25T07:00:00Z,74870.5
2026-01-25T08:00:00Z,78035.5
2026-01-25T09:00:00Z,83523.7
2026-01-25T10:00:00Z,84302.8
2026-01-25T11:00:00Z,87089.0
2026-01-25T12:00:00Z,85961.0
2026-01-25T13:00:00Z,86157.2
2026-01-25T14:00:00Z,85965.2
2026-01-25T15:00:00Z,81218.6
2026-01-25T16:00:00Z,78531.9
2026-01-25T17:00:00Z,75842.9
2026-01-25T18:00:00Z,73035.1
2026-01-25T19:00:00Z,69784.4
2026-01-25T20:00:00Z,65661.1
2026-01-25T21:00:00Z,64131.6
2026-01-25T22:00:00Z,58823.8
2026-01-25T23:00:00Z,58347.5
2026-01-26T00:00:00Z,62768.9
2026-01-26T01:00:00Z,63993.2
2026-01-26T02:00:00Z,65194.5
2026-01-26T03:00:00Z,66957.5
2026-01-26T04:00:00Z,68945.3
2026-01-26T05:00:00Z,73354.0
2026-01-26T06:00:00Z,76002.9
2026-01-26T07:00:00Z,79845.7
2026-01-26T08:00:00Z,83979.1
2026-01-26T09:00:00Z,85655.9
2026-01-26T10:00:00Z,87620.2
2026-01-26T11:00:00Z,90170.4
2026-01-26T12:00:00Z,89101.4
2026-01-26T13:00:00Z,90078.2
2026-01-26T14:00:00Z,89364.9
2026-01-26T15:00:00Z,83973.6
2026-01-26T16:00:00Z,85044.7
2026-01-26T17:00:00Z,79170.6
2026-01-26T18:00:00Z,76024.4
2026-01-26T19:00:00Z,72581.1
2026-01-26T20:00:00Z,68740.9
2026-01-26T21:00:00Z,65112.2
2026-01-26T22:00:00Z,62579.8
2026-01-26T23:00:00Z,62871.2
2026-01-27T00:00:00Z,61423.2
2026-01-27T01:00:00Z,61849.5
2026-01-27T02:00:00Z,63279.9
2026-01-27T03:00:00Z,65760.0
2026-01-27T04:00:00Z,67576.3
2026-01-27T05:00:00Z,70514.6
2026-01-27T06:00:00Z,74372.9
2026-01-27T07:00:00Z,80407.3
2026-01-27T08:00:00Z,81937.8
2026-01-27T09:00:00Z,81986.2
2026-01-27T10:00:00Z,87636.7
2026-01-27T11:00:00Z,90620.6
2026-01-27T12:00:00Z,88971.4
2026-01-27T13:00:00Z,90670.3
2026-01-27T14:00:00Z,90427.8
2026-01-27T15:00:00Z,84720.1
2026-01-27T16:00:00Z,82082.8
2026-01-27T17:00:00Z,78960.9
2026-01-27T18:00:00Z,73660.9
2026-01-27T19:00:00Z,71267.6
2026-01-27T20:00:00Z,68288.3
2026-01-27T21:00:00Z,66119.2
2026-01-27T22:00:00Z,63711.9
2026-01-27T23:00:00Z,61156.2
2026-01-28T00:00:00Z,61489.9
2026-01-28T01:00:00Z,61932.6
2026-01-28T02:00:00Z,63564.9
2026-01-28T03:00:00Z,64469.1
2026-01-28T04:00:00Z,69692.3
2026-01-28T05:00:00Z,71661.3
2026-01-28T06:00:00Z,76143.3
2026-01-28T07:00:00Z,79755.9
2026-01-28T08:00:00Z,81288.8
2026-01-28T09:00:00Z,86424.5
2026-01-28T10:00:00Z,86308.6
2026-01-28T11:00:00Z,89785.8
2026-01-28T12:00:00Z,89717.7
2026-01-28T13:00:00Z,90028.0
2026-01-28T14:00:00Z,87673.1
2026-01-28T15:00:00Z,84366.0
2026-01-28T16:00:00Z,83965.8
2026-01-28T17:00:00Z,77290.6
2026-01-28T18:00:00Z,76065.8
2026-01-28T19:00:00Z,72153.5
2026-01-28T20:00:00Z,70692.9
2026-01-28T21:00:00Z,64477.4
2026-01-28T22:00:00Z,63830.7
2026-01-28T23:00:00Z,61565.1
2026-01-29T00:00:00Z,61086.7
2026-01-29T01:00:00Z,61494.2
2026-01-29T02:00:00Z,61662.7
2026-01-29T03:00:00Z,65279.2
2026-01-29T04:00:00Z,67141.4
2026-01-29T05:00:00Z,71613.2
2026-01-29T06:00:00Z,71654.6
2026-01-29T07:00:00Z,79236.6
2026-01-29T08:00:00Z,82837.0
2026-01-29T09:00:00Z,85841.0
2026-01-29T10:00:00Z,86235.2
2026-01-29T11:00:00Z,87672.5
2026-01-29T12:00:00Z,91856.8
2026-01-29T13:00:00Z,91637.4
2026-01-29T14:00:00Z,86181.2
2026-01-29T15:00:00Z,85859.0
2026-01-29T16:00:00Z,82225.6
2026-01-29T17:00:00Z,79898.2
2026-01-29T18:00:00Z,74871.7
2026-01-29T19:00:00Z,70441.3
2026-01-29T20:00:00Z,69960.4
2026-01-29T21:00:00Z,64263.6
2026-01-29T22:00:00Z,61873.9
2026-01-29T23:00:00Z,60877.1
2026-01-30T00:00:00Z,61297.9
2026-01-30T01:00:00Z,60896.7
2026-01-30T02:00:00Z,61329.3
2026-01-30T03:00:00Z,66259.7
2026-01-30T04:00:00Z,68999.5
2026-01-30T05:00:00Z,71543.8
2026-01-30T06:00:00Z,73236.5
2026-01-30T07:00:00Z,80327.8
2026-01-30T08:00:00Z,80784.2
2026-01-30T09:00:00Z,84515.5
2026-01-30T10:00:00Z,85383.8
2026-01-30T11:00:00Z,86894.7
2026-01-30T12:00:00Z,89214.6
2026-01-30T13:00:00Z,88509.7
2026-01-30T14:00:00Z,88231.1
2026-01-30T15:00:00Z,84022.5
2026-01-30T16:00:00Z,78601.1
2026-01-30T17:00:00Z,80555.0
2026-01-30T18:00:00Z,75381.0
2026-01-30T19:00:00Z,69456.4
2026-01-30T20:00:00Z,67326.1
2026-01-30T21:00:00Z,64979.1
2026-01-30T22:00:00Z,61839.5
2026-01-30T23:00:00Z,60579.3
2026-01-31T00:00:00Z,55506.8
2026-01-31T01:00:00Z,56503.5
2026-01-31T02:00:00Z,57382.8
2026-01-31T03:00:00Z,61273.4
2026-01-31T04:00:00Z,65197.4
2026-01-31T05:00:00Z,66786.5
2026-01-31T06:00:00Z,69116.8
2026-01-31T07:00:00Z,72868.7
2026-01-31T08:00:00Z,76484.4
2026-01-31T09:00:00Z,82525.6
2026-01-31T10:00:00Z,83791.2
2026-01-31T11:00:00Z,85358.0
2026-01-31T12:00:00Z,85080.8
2026-01-31T13:00:00Z,83758.3
2026-01-31T14:00:00Z,83242.6
2026-01-31T15:00:00Z,78799.2
2026-01-31T16:00:00Z,77502.3
2026-01-31T17:00:00Z,74494.9
2026-01-31T18:00:00Z,69685.7
2026-01-31T19:00:00Z,65721.9
2026-01-31T20:00:00Z,63163.9
2026-01-31T21:00:00Z,61220.3
2026-01-31T22:00:00Z,58472.0
2026-01-31T23:00:00Z,58053.6
2026-02-01T00:00:00Z,54513.3
2026-02-01T01:00:00Z,55729.4
2026-02-01T02:00:00Z,57821.0
2026-02-01T03:00:00Z,61777.8
2026-02-01T04:00:00Z,61803.9
2026-02-01T05:00:00Z,65063.4
2026-02-01T06:00:00Z,69581.0
2026-02-01T07:00:00Z,75244.7
2026-02-01T08:00:00Z,78340.8
2026-02-01T09:00:00Z,79513.7
2026-02-01T10:00:00Z,83380.5
2026-02-01T11:00:00Z,84358.2
2026-02-01T12:00:00Z,83595.4
2026-02-01T13:00:00Z,83862.1
2026-02-01T14:00:00Z,83149.2
2026-02-01T15:00:00Z,81185.5
2026-02-01T16:00:00Z,77686.0
2026-02-01T17:00:00Z,72599.3
2026-02-01T18:00:00Z,70634.2
2026-02-01T19:00:00Z,67428.9
2026-02-01T20:00:00Z,62302.4
2026-02-01T21:00:00Z,60792.9
2026-02-01T22:00:00Z,57676.7
2026-02-01T23:00:00Z,59732.2
2026-02-02T00:00:00Z,61974.8
2026-02-02T01:00:00Z,58054.1
2026-02-02T02:00:00Z,62523.7
2026-02-02T03:00:00Z,64623.6
2026-02-02T04:00:00Z,66958.4
2026-02-02T05:00:00Z,67989.0
2026-02-02T06:00:00Z,72551.4
2026-02-02T07:00:00Z,77743.8
2026-02-02T08:00:00Z,79375.1
2026-02-02T09:00:00Z,81590.9
2026-02-02T10:00:00Z,86742.2
2026-02-02T11:00:00Z,87639.4
2026-02-02T12:00:00Z,87070.7
2026-02-02T13:00:00Z,88581.4
2026-02-02T14:00:00Z,85727.2
2026-02-02T15:00:00Z,82758.1
2026-02-02T16:00:00Z,82083.0
2026-02-02T17:00:00Z,76172.0
2026-02-02T18:00:00Z,75309.9
2026-02-02T19:00:00Z,69357.0
2026-02-02T20:00:00Z,69099.0
2026-02-02T21:00:00Z,64385.1
2026-02-02T22:00:00Z,63634.3
2026-02-02T23:00:00Z,61180.4
2026-02-03T00:00:00Z,57063.8
2026-02-03T01:00:00Z,59536.7
2026-02-03T02:00:00Z,62939.5
2026-02-03T03:00:00Z,63362.1
2026-02-03T04:00:00Z,65343.2
2026-02-03T05:00:00Z,67329.1
2026-02-03T06:00:00Z,73099.6
2026-02-03T07:00:00Z,77749.4
2026-02-03T08:00:00Z,79342.7
2026-02-03T09:00:00Z,82712.2
2026-02-03T10:00:00Z,87518.2
2026-02-03T11:00:00Z,85276.6
2026-02-03T12:00:00Z,86671.9
2026-02-03T13:00:00Z,87731.5
2026-02-03T14:00:00Z,86199.5
2026-02-03T15:00:00Z,83951.1
2026-02-03T16:00:00Z,80572.0
2026-02-03T17:00:00Z,78924.5
2026-02-03T18:00:00Z,73934.8
2026-02-03T19:00:00Z,70453.5
2026-02-03T20:00:00Z,66754.3
2026-02-03T21:00:00Z,64502.6
2026-02-03T22:00:00Z,61629.7
2026-02-03T23:00:00Z,61125.1
2026-02-04T00:00:00Z,59794.4
2026-02-04T01:00:00Z,59424.4
2026-02-04T02:00:00Z,62331.1
2026-02-04T03:00:00Z,61583.2
2026-02-04T04:00:00Z,66777.5
2026-02-04T05:00:00Z,70668.8
2026-02-04T06:00:00Z,72729.9
2026-02-04T07:00:00Z,79002.0
2026-02-04T08:00:00Z,79020.5
2026-02-04T09:00:00Z,83664.2
2026-02-04T10:00:00Z,85086.7
2026-02-04T11:00:00Z,86441.4
2026-02-04T12:00:00Z,87210.7
2026-02-04T13:00:00Z,85943.4
2026-02-04T14:00:00Z,87147.1
2026-02-04T15:00:00Z,83190.0
2026-02-04T16:00:00Z,77735.7
2026-02-04T17:00:00Z,78075.9
2026-02-04T18:00:00Z,73434.5
2026-02-04T19:00:00Z,68428.3
2026-02-04T20:00:00Z,64293.8
2026-02-04T21:00:00Z,62472.0
2026-02-04T22:00:00Z,61054.5
2026-02-04T23:00:00Z,59833.2
2026-02-05T00:00:00Z,59810.5
2026-02-05T01:00:00Z,59109.8
2026-02-05T02:00:00Z,61333.4
2026-02-05T03:00:00Z,61698.4
2026-02-05T04:00:00Z,64858.5
2026-02-05T05:00:00Z,69168.6
2026-02-05T06:00:00Z,72260.0
2026-02-05T07:00:00Z,75883.7
2026-02-05T08:00:00Z,80226.2
2026-02-05T09:00:00Z,80408.2
2026-02-05T10:00:00Z,84836.5
2026-02-05T11:00:00Z,87937.4
2026-02-05T12:00:00Z,88581.5
2026-02-05T13:00:00Z,85823.1
2026-02-05T14:00:00Z,84715.8
2026-02-05T15:00:00Z,83176.2
2026-02-05T16:00:00Z,78609.7
2026-02-05T17:00:00Z,76500.2
2026-02-05T18:00:00Z,72754.9
2026-02-05T19:00:00Z,68306.6
2026-02-05T20:00:00Z,67429.8
2026-02-05T21:00:00Z,63486.2
2026-02-05T22:00:00Z,60053.1
2026-02-05T23:00:00Z,58115.1
2026-02-06T00:00:00Z,57307.1
2026-02-06T01:00:00Z,61587.4
2026-02-06T02:00:00Z,58397.1
2026-02-06T03:00:00Z,62314.0
2026-02-06T04:00:00Z,64220.1
2026-02-06T05:00:00Z,69896.8
2026-02-06T06:00:00Z,71577.3
2026-02-06T07:00:00Z,74941.0
2026-02-06T08:00:00Z,81714.2
2026-02-06T09:00:00Z,82119.6
2026-02-06T10:00:00Z,83827.1
2026-02-06T11:00:00Z,86138.5
2026-02-06T12:00:00Z,87264.9
2026-02-06T13:00:00Z,86114.9
2026-02-06T14:00:00Z,85446.6
2026-02-06T15:00:00Z,82638.9
2026-02-06T16:00:00Z,79248.7
2026-02-06T17:00:00Z,76591.1
2026-02-06T18:00:00Z,71705.5
2026-02-06T19:00:00Z,69682.8
2026-02-06T20:00:00Z,67428.7
2026-02-06T21:00:00Z,64600.5
2026-02-06T22:00:00Z,60544.1
2026-02-06T23:00:00Z,59068.4
2026-02-07T00:00:00Z,54430.6
2026-02-07T01:00:00Z,54881.1
2026-02-07T02:00:00Z,56041.5
2026-02-07T03:00:00Z,57980.7
2026-02-07T04:00:00Z,62080.2
2026-02-07T05:00:00Z,63539.2
2026-02-07T06:00:00Z,69174.3
2026-02-07T07:00:00Z,71294.4
2026-02-07T08:00:00Z,75419.0
2026-02-07T09:00:00Z,77201.6
2026-02-07T10:00:00Z,81708.6
2026-02-07T11:00:00Z,82141.2
2026-02-07T12:00:00Z,83131.9
2026-02-07T13:00:00Z,82337.4
2026-02-07T14:00:00Z,81391.4
2026-02-07T15:00:00Z,79975.4
2026-02-07T16:00:00Z,76001.5
2026-02-07T17:00:00Z,69709.5
2026-02-07T18:00:00Z,69028.8
2026-02-07T19:00:00Z,62748.3
2026-02-07T20:00:00Z,60503.1
2026-02-07T21:00:00Z,59863.3
2026-02-07T22:00:00Z,57960.9
2026-02-07T23:00:00Z,57358.4
2026-02-08T00:00:00Z,53741.9
2026-02-08T01:00:00Z,53538.7
2026-02-08T02:00:00Z,54773.5
2026-02-08T03:00:00Z,58229.0
2026-02-08T04:00:00Z,62983.5
2026-02-08T05:00:00Z,63180.2
2026-02-08T06:00:00Z,67309.8
2026-02-08T07:00:00Z,71780.4
2026-02-08T08:00:00Z,76293.8
2026-02-08T09:00:00Z,74500.2
2026-02-08T10:00:00Z,79968.9
2026-02-08T11:00:00Z,82096.8
2026-02-08T12:00:00Z,82703.1
2026-02-08T13:00:00Z,82579.6
2026-02-08T14:00:00Z,79976.2
2026-02-08T15:00:00Z,80951.2
2026-02-08T16:00:00Z,74203.2
2026-02-08T17:00:00Z,71853.4
2026-02-08T18:00:00Z,68299.0
2026-02-08T19:00:00Z,64038.8
2026-02-08T20:00:00Z,59163.4
2026-02-08T21:00:00Z,57900.8
2026-02-08T22:00:00Z,57816.3
2026-02-08T23:00:00Z,54267.6
2026-02-09T00:00:00Z,58611.5
2026-02-09T01:00:00Z,60610.3
2026-02-09T02:00:00Z,60743.6
2026-02-09T03:00:00Z,62348.8
2026-02-09T04:00:00Z,65727.0
2026-02-09T05:00:00Z,68831.7
2026-02-09T06:00:00Z,71502.3
2026-02-09T07:00:00Z,74311.8
2026-02-09T08:00:00Z,78940.4
2026-02-09T09:00:00Z,82214.0
2026-02-09T10:00:00Z,83550.9
2026-02-09T11:00:00Z,86621.9
2026-02-09T12:00:00Z,85463.2
2026-02-09T13:00:00Z,83860.1
2026-02-09T14:00:00Z,83153.1
2026-02-09T15:00:00Z,83028.9
2026-02-09T16:00:00Z,77492.1
2026-02-09T17:00:00Z,75824.6
2026-02-09T18:00:00Z,70518.3
2026-02-09T19:00:00Z,68168.2
2026-02-09T20:00:00Z,64270.9
2026-02-09T21:00:00Z,61230.1
2026-02-09T22:00:00Z,59634.8
2026-02-09T23:00:00Z,58938.3
2026-02-10T00:00:00Z,57825.7
2026-02-10T01:00:00Z,57816.6
2026-02-10T02:00:00Z,57828.0
2026-02-10T03:00:00Z,60457.8
2026-02-10T04:00:00Z,65199.0
2026-02-10T05:00:00Z,69388.5
2026-02-10T06:00:00Z,71762.7
2026-02-10T07:00:00Z,76234.7
2026-02-10T08:00:00Z,78805.8
2026-02-10T09:00:00Z,78830.6
2026-02-10T10:00:00Z,82361.9
2026-02-10T11:00:00Z,86638.6
2026-02-10T12:00:00Z,86139.0
2026-02-10T13:00:00Z,88929.6
2026-02-10T14:00:00Z,84135.6
2026-02-10T15:00:00Z,83319.0
2026-02-10T16:00:00Z,76541.0
2026-02-10T17:00:00Z,76630.4
2026-02-10T18:00:00Z,71370.6
2026-02-10T19:00:00Z,67731.8
2026-02-10T20:00:00Z,66203.2
2026-02-10T21:00:00Z,60110.0
2026-02-10T22:00:00Z,59156.7
2026-02-10T23:00:00Z,58514.7
2026-02-11T00:00:00Z,57150.3
2026-02-11T01:00:00Z,58407.3
2026-02-11T02:00:00Z,57229.9
2026-02-11T03:00:00Z,61296.6
2026-02-11T04:00:00Z,62490.4
2026-02-11T05:00:00Z,68914.7
2026-02-11T06:00:00Z,70014.2
2026-02-11T07:00:00Z,76561.6
2026-02-11T08:00:00Z,78057.6
2026-02-11T09:00:00Z,80458.8
2026-02-11T10:00:00Z,84922.1
2026-02-11T11:00:00Z,84269.6
2026-02-11T12:00:00Z,86474.2
2026-02-11T13:00:00Z,84555.3
2026-02-11T14:00:00Z,84006.3
2026-02-11T15:00:00Z,82188.2
2026-02-11T16:00:00Z,78987.2
2026-02-11T17:00:00Z,73708.6
2026-02-11T18:00:00Z,72659.8
2026-02-11T19:00:00Z,68711.9
2026-02-11T20:00:00Z,63451.5
2026-02-11T21:00:00Z,60635.9
2026-02-11T22:00:00Z,60654.4
2026-02-11T23:00:00Z,56778.6
2026-02-12T00:00:00Z,58469.9
2026-02-12T01:00:00Z,58630.6
2026-02-12T02:00:00Z,61107.1
2026-02-12T03:00:00Z,60670.3
2026-02-12T04:00:00Z,64233.6
2026-02-12T05:00:00Z,66869.3
2026-02-12T06:00:00Z,73413.4
2026-02-12T07:00:00Z,75796.4
2026-02-12T08:00:00Z,78115.8
2026-02-12T09:00:00Z,81414.4
2026-02-12T10:00:00Z,83061.2
2026-02-12T11:00:00Z,85671.7
2026-02-12T12:00:00Z,85619.4
2026-02-12T13:00:00Z,85207.8
2026-02-12T14:00:00Z,83305.3
2026-02-12T15:00:00Z,83206.8
2026-02-12T16:00:00Z,77648.7
2026-02-12T17:00:00Z,75034.2
2026-02-12T18:00:00Z,72351.0
2026-02-12T19:00:00Z,67882.9
2026-02-12T20:00:00Z,63470.6
2026-02-12T21:00:00Z,62571.5
2026-02-12T22:00:00Z,59218.4
2026-02-12T23:00:00Z,58416.7
2026-02-13T00:00:00Z,56269.1
2026-02-13T01:00:00Z,57502.4
2026-02-13T02:00:00Z,59323.2
2026-02-13T03:00:00Z,60000.3
2026-02-13T04:00:00Z,62854.5
2026-02-13T05:00:00Z,65499.8
2026-02-13T06:00:00Z,71300.2
2026-02-13T07:00:00Z,72825.3
2026-02-13T08:00:00Z,77507.5
2026-02-13T09:00:00Z,80120.9
2026-02-13T10:00:00Z,81896.4
2026-02-13T11:00:00Z,82739.6
2026-02-13T12:00:00Z,85068.5
2026-02-13T13:00:00Z,86365.8
2026-02-13T14:00:00Z,81447.0
2026-02-13T15:00:00Z,80594.9
2026-02-13T16:00:00Z,76818.4
2026-02-13T17:00:00Z,74013.1
2026-02-13T18:00:00Z,71180.8
2026-02-13T19:00:00Z,65708.7
2026-02-13T20:00:00Z,62093.3
2026-02-13T21:00:00Z,62038.3
2026-02-13T22:00:00Z,57505.5
2026-02-13T23:00:00Z,57938.8
2026-02-14T00:00:00Z,52603.4
2026-02-14T01:00:00Z,52773.0
2026-02-14T02:00:00Z,55527.2
2026-02-14T03:00:00Z,55020.5
2026-02-14T04:00:00Z,60508.7
2026-02-14T05:00:00Z,62312.2
2026-02-14T06:00:00Z,65027.2
2026-02-14T07:00:00Z,74466.0
2026-02-14T08:00:00Z,76455.9
2026-02-14T09:00:00Z,78771.3
2026-02-14T10:00:00Z,80951.3
2026-02-14T11:00:00Z,79027.8
2026-02-14T12:00:00Z,77868.8
2026-02-14T13:00:00Z,80431.2
2026-02-14T14:00:00Z,79867.3
2026-02-14T15:00:00Z,75668.9
2026-02-14T16:00:00Z,74167.5
2026-02-14T17:00:00Z,70896.4
2026-02-14T18:00:00Z,68285.2
2026-02-14T19:00:00Z,64162.1
2026-02-14T20:00:00Z,59282.4
2026-02-14T21:00:00Z,56198.4
2026-02-14T22:00:00Z,56009.9
2026-02-14T23:00:00Z,53408.9
2026-02-15T00:00:00Z,52976.1
2026-02-15T01:00:00Z,50401.0
2026-02-15T02:00:00Z,51693.8
2026-02-15T03:00:00Z,54588.4
2026-02-15T04:00:00Z,60805.8
2026-02-15T05:00:00Z,62215.7
2026-02-15T06:00:00Z,66128.4
2026-02-15T07:00:00Z,69051.1
2026-02-15T08:00:00Z,73227.4
2026-02-15T09:00:00Z,75409.7
2026-02-15T10:00:00Z,79920.0
2026-02-15T11:00:00Z,82537.8
2026-02-15T12:00:00Z,79452.3
2026-02-15T13:00:00Z,78853.6
2026-02-15T14:00:00Z,77425.3
2026-02-15T15:00:00Z,77000.6
2026-02-15T16:00:00Z,73110.7
2026-02-15T17:00:00Z,68470.6
2026-02-15T18:00:00Z,67595.1
2026-02-15T19:00:00Z,59250.9
2026-02-15T20:00:00Z,59632.7
2026-02-15T21:00:00Z,57514.6
2026-02-15T22:00:00Z,52930.9
2026-02-15T23:00:00Z,54747.8
2026-02-16T00:00:00Z,56034.0
2026-02-16T01:00:00Z,56046.8
2026-02-16T02:00:00Z,57473.3
2026-02-16T03:00:00Z,59439.5
2026-02-16T04:00:00Z,62632.0
2026-02-16T05:00:00Z,65833.2
2026-02-16T06:00:00Z,67622.8
2026-02-16T07:00:00Z,74962.5
2026-02-16T08:00:00Z,77800.4
2026-02-16T09:00:00Z,79073.7
2026-02-16T10:00:00Z,83478.1
2026-02-16T11:00:00Z,85132.9
2026-02-16T12:00:00Z,84439.0
2026-02-16T13:00:00Z,83441.1
2026-02-16T14:00:00Z,80507.5
2026-02-16T15:00:00Z,78222.2
2026-02-16T16:00:00Z,77262.0
2026-02-16T17:00:00Z,72417.3
2026-02-16T18:00:00Z,69777.8
2026-02-16T19:00:00Z,67977.9
2026-02-16T20:00:00Z,61494.8
2026-02-16T21:00:00Z,60245.1
2026-02-16T22:00:00Z,57949.5
2026-02-16T23:00:00Z,56420.3
2026-02-17T00:00:00Z,54672.7
2026-02-17T01:00:00Z,56908.0
2026-02-17T02:00:00Z,57468.3
2026-02-17T03:00:00Z,56265.0
2026-02-17T04:00:00Z,61898.2
2026-02-17T05:00:00Z,64901.8
2026-02-17T06:00:00Z,69794.8
2026-02-17T07:00:00Z,71350.1
2026-02-17T08:00:00Z,76875.8
2026-02-17T09:00:00Z,80537.7
2026-02-17T10:00:00Z,80167.3
2026-02-17T11:00:00Z,83018.7
2026-02-17T12:00:00Z,84014.0
2026-02-17T13:00:00Z,82497.7
2026-02-17T14:00:00Z,83720.1
2026-02-17T15:00:00Z,81156.5
2026-02-17T16:00:00Z,77625.5
2026-02-17T17:00:00Z,72026.2
2026-02-17T18:00:00Z,68993.3
2026-02-17T19:00:00Z,66512.5
2026-02-17T20:00:00Z,62275.3
2026-02-17T21:00:00Z,59222.1
2026-02-17T22:00:00Z,58559.7
2026-02-17T23:00:00Z,55656.7
2026-02-18T00:00:00Z,53464.2
2026-02-18T01:00:00Z,55876.2
2026-02-18T02:00:00Z,57345.8
2026-02-18T03:00:00Z,59569.8
2026-02-18T04:00:00Z,62490.3
2026-02-18T05:00:00Z,64106.3
2026-02-18T06:00:00Z,69753.7
2026-02-18T07:00:00Z,73463.3
2026-02-18T08:00:00Z,75663.4
2026-02-18T09:00:00Z,78014.8
2026-02-18T10:00:00Z,80534.6
2026-02-18T11:00:00Z,83035.3
2026-02-18T12:00:00Z,83965.0
2026-02-18T13:00:00Z,82255.0
2026-02-18T14:00:00Z,82175.4
2026-02-18T15:00:00Z,79765.0
2026-02-18T16:00:00Z,75653.9
2026-02-18T17:00:00Z,72907.9
2026-02-18T18:00:00Z,69057.7
2026-02-18T19:00:00Z,64702.8
2026-02-18T20:00:00Z,63317.6
2026-02-18T21:00:00Z,59782.5
2026-02-18T22:00:00Z,56177.1
2026-02-18T23:00:00Z,56646.9
2026-02-19T00:00:00Z,54131.8
2026-02-19T01:00:00Z,55832.1
2026-02-19T02:00:00Z,55783.4
2026-02-19T03:00:00Z,59567.8
2026-02-19T04:00:00Z,62383.9
2026-02-19T05:00:00Z,66751.6
2026-02-19T06:00:00Z,68599.8
2026-02-19T07:00:00Z,73604.4
2026-02-19T08:00:00Z,76666.4
2026-02-19T09:00:00Z,78660.6
2026-02-19T10:00:00Z,83020.1
2026-02-19T11:00:00Z,84590.1
2026-02-19T12:00:00Z,82791.9
2026-02-19T13:00:00Z,81778.7
2026-02-19T14:00:00Z,81676.0
2026-02-19T15:00:00Z,79443.4
2026-02-19T16:00:00Z,75734.2
2026-02-19T17:00:00Z,70790.3
2026-02-19T18:00:00Z,69594.2
2026-02-19T19:00:00Z,64818.3
2026-02-19T20:00:00Z,62470.2
2026-02-19T21:00:00Z,59165.8
2026-02-19T22:00:00Z,56605.7
2026-02-19T23:00:00Z,55814.1
2026-02-20T00:00:00Z,54549.3
2026-02-20T01:00:00Z,57444.7
2026-02-20T02:00:00Z,57648.3
2026-02-20T03:00:00Z,58862.8
2026-02-20T04:00:00Z,60789.5
2026-02-20T05:00:00Z,66629.5
2026-02-20T06:00:00Z,68527.0
2026-02-20T07:00:00Z,72209.1
2026-02-20T08:00:00Z,75959.6
2026-02-20T09:00:00Z,76600.4
2026-02-20T10:00:00Z,81664.6
2026-02-20T11:00:00Z,82904.3
2026-02-20T12:00:00Z,84139.4
2026-02-20T13:00:00Z,82735.0
2026-02-20T14:00:00Z,79843.6
2026-02-20T15:00:00Z,78874.7
2026-02-20T16:00:00Z,72796.6
2026-02-20T17:00:00Z,73138.0
2026-02-20T18:00:00Z,70884.4
2026-02-20T19:00:00Z,64127.1
2026-02-20T20:00:00Z,60597.9
2026-02-20T21:00:00Z,58712.3
2026-02-20T22:00:00Z,57233.2
2026-02-20T23:00:00Z,54052.8
2026-02-21T00:00:00Z,48478.1
2026-02-21T01:00:00Z,51355.2
2026-02-21T02:00:00Z,51873.3
2026-02-21T03:00:00Z,55472.1
2026-02-21T04:00:00Z,58905.5
2026-02-21T05:00:00Z,60960.9
2026-02-21T06:00:00Z,63030.2
2026-02-21T07:00:00Z,67617.3
2026-02-21T08:00:00Z,72909.7
2026-02-21T09:00:00Z,74371.7
2026-02-21T10:00:00Z,76819.3
2026-02-21T11:00:00Z,80413.6
2026-02-21T12:00:00Z,78565.9
2026-02-21T13:00:00Z,79290.9
2026-02-21T14:00:00Z,74726.6
2026-02-21T15:00:00Z,75260.9
2026-02-21T16:00:00Z,70945.3
2026-02-21T17:00:00Z,67883.7
2026-02-21T18:00:00Z,63577.7
2026-02-21T19:00:00Z,63105.3
2026-02-21T20:00:00Z,57264.2
2026-02-21T21:00:00Z,54124.4
2026-02-21T22:00:00Z,51955.8
2026-02-21T23:00:00Z,50641.0
2026-02-22T00:00:00Z,51207.1
2026-02-22T01:00:00Z,50835.3
2026-02-22T02:00:00Z,52598.9
2026-02-22T03:00:00Z,52343.1
2026-02-22T04:00:00Z,58851.6
2026-02-22T05:00:00Z,60531.9
2026-02-22T06:00:00Z,62812.3
2026-02-22T07:00:00Z,66649.7
2026-02-22T08:00:00Z,71057.8
2026-02-22T09:00:00Z,76652.2
2026-02-22T10:00:00Z,75959.5
2026-02-22T11:00:00Z,77927.3
2026-02-22T12:00:00Z,81007.4
2026-02-22T13:00:00Z,81164.4
2026-02-22T14:00:00Z,77715.4
2026-02-22T15:00:00Z,74970.6
2026-02-22T16:00:00Z,71436.9
2026-02-22T17:00:00Z,68938.2
2026-02-22T18:00:00Z,65053.0
2026-02-22T19:00:00Z,58127.5
2026-02-22T20:00:00Z,56485.2
2026-02-22T21:00:00Z,56473.9
2026-02-22T22:00:00Z,53535.8
2026-02-22T23:00:00Z,50857.8
2026-02-23T00:00:00Z,54727.9
2026-02-23T01:00:00Z,55384.7
2026-02-23T02:00:00Z,55275.9
2026-02-23T03:00:00Z,58436.1
2026-02-23T04:00:00Z,58355.2
2026-02-23T05:00:00Z,66732.6
2026-02-23T06:00:00Z,71300.1
2026-02-23T07:00:00Z,73631.6
2026-02-23T08:00:00Z,73915.2
2026-02-23T09:00:00Z,76138.7
2026-02-23T10:00:00Z,80523.5
2026-02-23T11:00:00Z,82567.6
2026-02-23T12:00:00Z,82612.5
2026-02-23T13:00:00Z,82191.2
2026-02-23T14:00:00Z,78599.8
2026-02-23T15:00:00Z,77057.2
2026-02-23T16:00:00Z,75651.1
2026-02-23T17:00:00Z,70375.5
2026-02-23T18:00:00Z,69625.4
2026-02-23T19:00:00Z,63294.8
2026-02-23T20:00:00Z,60283.8
2026-02-23T21:00:00Z,58449.2
2026-02-23T22:00:00Z,54998.0
2026-02-23T23:00:00Z,54745.7
2026-02-24T00:00:00Z,53954.3
2026-02-24T01:00:00Z,54852.7
2026-02-24T02:00:00Z,55711.5
2026-02-24T03:00:00Z,56791.8
2026-02-24T04:00:00Z,63594.7
2026-02-24T05:00:00Z,65678.8
2026-02-24T06:00:00Z,68119.6
2026-02-24T07:00:00Z,70703.1
2026-02-24T08:00:00Z,74538.9
2026-02-24T09:00:00Z,80456.9
2026-02-24T10:00:00Z,78885.5
2026-02-24T11:00:00Z,83040.2
2026-02-24T12:00:00Z,81058.5
2026-02-24T13:00:00Z,81914.7
2026-02-24T14:00:00Z,80951.6
2026-02-24T15:00:00Z,78080.1
2026-02-24T16:00:00Z,74013.1
2026-02-24T17:00:00Z,72628.5
2026-02-24T18:00:00Z,67009.9
2026-02-24T19:00:00Z,64500.9
2026-02-24T20:00:00Z,61994.2
2026-02-24T21:00:00Z,59432.8
2026-02-24T22:00:00Z,57145.7
2026-02-24T23:00:00Z,53267.0
2026-02-25T00:00:00Z,53003.3
2026-02-25T01:00:00Z,54722.4
2026-02-25T02:00:00Z,54849.5
2026-02-25T03:00:00Z,58906.5
2026-02-25T04:00:00Z,60115.9
2026-02-25T05:00:00Z,63503.5
2026-02-25T06:00:00Z,67125.4
2026-02-25T07:00:00Z,71344.9
2026-02-25T08:00:00Z,73806.0
2026-02-25T09:00:00Z,78218.0
2026-02-25T10:00:00Z,79737.1
2026-02-25T11:00:00Z,83309.0
2026-02-25T12:00:00Z,80788.9
2026-02-25T13:00:00Z,80354.0
2026-02-25T14:00:00Z,81036.4
2026-02-25T15:00:00Z,77672.2
2026-02-25T16:00:00Z,74925.9
2026-02-25T17:00:00Z,70644.9
2026-02-25T18:00:00Z,68331.1
2026-02-25T19:00:00Z,64435.7
2026-02-25T20:00:00Z,59423.4
2026-02-25T21:00:00Z,60604.1
2026-02-25T22:00:00Z,57740.4
2026-02-25T23:00:00Z,53905.4
2026-02-26T00:00:00Z,54162.3
2026-02-26T01:00:00Z,52881.2
2026-02-26T02:00:00Z,56642.0
2026-02-26T03:00:00Z,56445.7
2026-02-26T04:00:00Z,62246.4
2026-02-26T05:00:00Z,63039.7
2026-02-26T06:00:00Z,66980.4
2026-02-26T07:00:00Z,71254.9
2026-02-26T08:00:00Z,74938.7
2026-02-26T09:00:00Z,78242.0
2026-02-26T10:00:00Z,82100.8
2026-02-26T11:00:00Z,78427.4
2026-02-26T12:00:00Z,81477.6
2026-02-26T13:00:00Z,78515.2
2026-02-26T14:00:00Z,80751.3
2026-02-26T15:00:00Z,77505.2
2026-02-26T16:00:00Z,76437.6
2026-02-26T17:00:00Z,70684.1
2026-02-26T18:00:00Z,67555.1
2026-02-26T19:00:00Z,62427.3
2026-02-26T20:00:00Z,58608.8
2026-02-26T21:00:00Z,56194.6
2026-02-26T22:00:00Z,56001.2
2026-02-26T23:00:00Z,52220.2
2026-02-27T00:00:00Z,53874.8
2026-02-27T01:00:00Z,55687.0
2026-02-27T02:00:00Z,54846.2
2026-02-27T03:00:00Z,56701.2
2026-02-27T04:00:00Z,59721.1
2026-02-27T05:00:00Z,64925.7
2026-02-27T06:00:00Z,66319.3
2026-02-27T07:00:00Z,70555.4
2026-02-27T08:00:00Z,72072.7
2026-02-27T09:00:00Z,75904.9
2026-02-27T10:00:00Z,76596.7
2026-02-27T11:00:00Z,79282.5
2026-02-27T12:00:00Z,80686.8
2026-02-27T13:00:00Z,77950.0
2026-02-27T14:00:00Z,79417.2
2026-02-27T15:00:00Z,76986.9
2026-02-27T16:00:00Z,74373.9
2026-02-27T17:00:00Z,70007.7
2026-02-27T18:00:00Z,70065.0
2026-02-27T19:00:00Z,64839.4
2026-02-27T20:00:00Z,59728.6
2026-02-27T21:00:00Z,56233.0
2026-02-27T22:00:00Z,56086.7
2026-02-27T23:00:00Z,53600.7
2026-02-28T00:00:00Z,49879.4
2026-02-28T01:00:00Z,51327.0
2026-02-28T02:00:00Z,50035.6
2026-02-28T03:00:00Z,54371.0
2026-02-28T04:00:00Z,56518.7
2026-02-28T05:00:00Z,57497.6
2026-02-28T06:00:00Z,62091.3
2026-02-28T07:00:00Z,66756.1
2026-02-28T08:00:00Z,69014.8
2026-02-28T09:00:00Z,70734.9
2026-02-28T10:00:00Z,75585.7
2026-02-28T11:00:00Z,77492.3
2026-02-28T12:00:00Z,76276.2
2026-02-28T13:00:00Z,76009.2
2026-02-28T14:00:00Z,74838.7
2026-02-28T15:00:00Z,71677.3
2026-02-28T16:00:00Z,69746.4
2026-02-28T17:00:00Z,65813.1
2026-02-28T18:00:00Z,61402.8
2026-02-28T19:00:00Z,59455.7
2026-02-28T20:00:00Z,57636.1
2026-02-28T21:00:00Z,53066.1
2026-02-28T22:00:00Z,50216.0
2026-02-28T23:00:00Z,49940.9
2026-03-01T00:00:00Z,47243.4
2026-03-01T01:00:00Z,50989.7
2026-03-01T02:00:00Z,50256.4
2026-03-01T03:00:00Z,51925.6
2026-03-01T04:00:00Z,54831.1
2026-03-01T05:00:00Z,57983.4
2026-03-01T06:00:00Z,63645.1
2026-03-01T07:00:00Z,65823.4
2026-03-01T08:00:00Z,69983.4
2026-03-01T09:00:00Z,72865.5
2026-03-01T10:00:00Z,75616.3
2026-03-01T11:00:00Z,77308.3
2026-03-01T12:00:00Z,77264.0
2026-03-01T13:00:00Z,78097.1
2026-03-01T14:00:00Z,75335.8
2026-03-01T15:00:00Z,73058.4
2026-03-01T16:00:00Z,69891.2
2026-03-01T17:00:00Z,67135.6
2026-03-01T18:00:00Z,64080.7
2026-03-01T19:00:00Z,61055.4
2026-03-01T20:00:00Z,54883.4
2026-03-01T21:00:00Z,51846.4
2026-03-01T22:00:00Z,49554.9
2026-03-01T23:00:00Z,49225.7
2026-03-02T00:00:00Z,53171.3
2026-03-02T01:00:00Z,53422.7
2026-03-02T02:00:00Z,52693.9
2026-03-02T03:00:00Z,55810.8
2026-03-02T04:00:00Z,61621.2
2026-03-02T05:00:00Z,62996.0
2026-03-02T06:00:00Z,65943.9
2026-03-02T07:00:00Z,71247.2
2026-03-02T08:00:00Z,73529.6
2026-03-02T09:00:00Z,75617.7
2026-03-02T10:00:00Z,78990.3
2026-03-02T11:00:00Z,78847.2
2026-03-02T12:00:00Z,80266.5
2026-03-02T13:00:00Z,81044.4
2026-03-02T14:00:00Z,78357.5
2026-03-02T15:00:00Z,77580.6
2026-03-02T16:00:00Z,72618.1
2026-03-02T17:00:00Z,68994.2
2026-03-02T18:00:00Z,66431.5
2026-03-02T19:00:00Z,62616.1
2026-03-02T20:00:00Z,60185.3
2026-03-02T21:00:00Z,55194.4
2026-03-02T22:00:00Z,56664.7
2026-03-02T23:00:00Z,55525.7
2026-03-03T00:00:00Z,51876.5
2026-03-03T01:00:00Z,55265.2
2026-03-03T02:00:00Z,54530.3
2026-03-03T03:00:00Z,56360.5
2026-03-03T04:00:00Z,61822.2
2026-03-03T05:00:00Z,63411.6
2026-03-03T06:00:00Z,65858.3
2026-03-03T07:00:00Z,72321.3
2026-03-03T08:00:00Z,71156.7
2026-03-03T09:00:00Z,74445.2
2026-03-03T10:00:00Z,77514.8
2026-03-03T11:00:00Z,78151.8
2026-03-03T12:00:00Z,79841.4
2026-03-03T13:00:00Z,81248.6
2026-03-03T14:00:00Z,79467.2
2026-03-03T15:00:00Z,75203.0
2026-03-03T16:00:00Z,71594.0
2026-03-03T17:00:00Z,70580.7
2026-03-03T18:00:00Z,65379.1
2026-03-03T19:00:00Z,64371.6
2026-03-03T20:00:00Z,58697.5
2026-03-03T21:00:00Z,56702.4
2026-03-03T22:00:00Z,53424.9
2026-03-03T23:00:00Z,52907.1
2026-03-04T00:00:00Z,53549.2
2026-03-04T01:00:00Z,53479.6
2026-03-04T02:00:00Z,54028.5
2026-03-04T03:00:00Z,57884.6
2026-03-04T04:00:00Z,59692.0
2026-03-04T05:00:00Z,60809.5
2026-03-04T06:00:00Z,67596.9
2026-03-04T07:00:00Z,67952.7
2026-03-04T08:00:00Z,73426.3
2026-03-04T09:00:00Z,76337.5
2026-03-04T10:00:00Z,78535.2
2026-03-04T11:00:00Z,81708.1
2026-03-04T12:00:00Z,80866.1
2026-03-04T13:00:00Z,79675.1
2026-03-04T14:00:00Z,78020.7
2026-03-04T15:00:00Z,77360.1
2026-03-04T16:00:00Z,72483.3
2026-03-04T17:00:00Z,72551.1
2026-03-04T18:00:00Z,67903.2
2026-03-04T19:00:00Z,62973.3
2026-03-04T20:00:00Z,58323.6
2026-03-04T21:00:00Z,57104.7
2026-03-04T22:00:00Z,53268.2
2026-03-04T23:00:00Z,53179.2
2026-03-05T00:00:00Z,52778.9
2026-03-05T01:00:00Z,52274.0
2026-03-05T02:00:00Z,53484.4
2026-03-05T03:00:00Z,57215.0
2026-03-05T04:00:00Z,60294.9
2026-03-05T05:00:00Z,61495.7
2026-03-05T06:00:00Z,65307.5
2026-03-05T07:00:00Z,71205.3
2026-03-05T08:00:00Z,71167.9
2026-03-05T09:00:00Z,77494.3
2026-03-05T10:00:00Z,77474.0
2026-03-05T11:00:00Z,78780.9
2026-03-05T12:00:00Z,80259.9
2026-03-05T13:00:00Z,78688.4
2026-03-05T14:00:00Z,77821.2
2026-03-05T15:00:00Z,76010.0
2026-03-05T16:00:00Z,72651.1
2026-03-05T17:00:00Z,70308.2
2026-03-05T18:00:00Z,67514.0
2026-03-05T19:00:00Z,60474.5
2026-03-05T20:00:00Z,58441.0
2026-03-05T21:00:00Z,53152.4
2026-03-05T22:00:00Z,54471.3
2026-03-05T23:00:00Z,51455.9
2026-03-06T00:00:00Z,52064.1
2026-03-06T01:00:00Z,52008.9
2026-03-06T02:00:00Z,55181.5
2026-03-06T03:00:00Z,55315.4
2026-03-06T04:00:00Z,59798.2
2026-03-06T05:00:00Z,65264.3
2026-03-06T06:00:00Z,65748.9
2026-03-06T07:00:00Z,70561.6
2026-03-06T08:00:00Z,74181.6
2026-03-06T09:00:00Z,75339.4
2026-03-06T10:00:00Z,76382.5
2026-03-06T11:00:00Z,79203.5
2026-03-06T12:00:00Z,80966.4
2026-03-06T13:00:00Z,80174.6
2026-03-06T14:00:00Z,77525.2
2026-03-06T15:00:00Z,76766.2
2026-03-06T16:00:00Z,73704.5
2026-03-06T17:00:00Z,69162.8
2026-03-06T18:00:00Z,66784.2
2026-03-06T19:00:00Z,61692.1
2026-03-06T20:00:00Z,58872.3
2026-03-06T21:00:00Z,57499.6
2026-03-06T22:00:00Z,52988.9
2026-03-06T23:00:00Z,53988.1
2026-03-07T00:00:00Z,48242.3
2026-03-07T01:00:00Z,49732.8
2026-03-07T02:00:00Z,48322.6
2026-03-07T03:00:00Z,51666.4
2026-03-07T04:00:00Z,56031.8
2026-03-07T05:00:00Z,58052.8
2026-03-07T06:00:00Z,62978.6
2026-03-07T07:00:00Z,63486.7
2026-03-07T08:00:00Z,69053.7
2026-03-07T09:00:00Z,72607.8
2026-03-07T10:00:00Z,73892.3
2026-03-07T11:00:00Z,75172.8
2026-03-07T12:00:00Z,76129.1
2026-03-07T13:00:00Z,74564.9
2026-03-07T14:00:00Z,75140.3
2026-03-07T15:00:00Z,74344.4
2026-03-07T16:00:00Z,70479.7
2026-03-07T17:00:00Z,65961.3
2026-03-07T18:00:00Z,61029.4
2026-03-07T19:00:00Z,58507.9
2026-03-07T20:00:00Z,54652.1
2026-03-07T21:00:00Z,52702.5
2026-03-07T22:00:00Z,51230.0
2026-03-07T23:00:00Z,50128.4
2026-03-08T00:00:00Z,47660.1
2026-03-08T01:00:00Z,46152.8
2026-03-08T02:00:00Z,49263.6
2026-03-08T03:00:00Z,51717.9
2026-03-08T04:00:00Z,56070.5
2026-03-08T05:00:00Z,57519.4
2026-03-08T06:00:00Z,62958.2
2026-03-08T07:00:00Z,65743.1
2026-03-08T08:00:00Z,70324.5
2026-03-08T09:00:00Z,72458.4
2026-03-08T10:00:00Z,74145.1
2026-03-08T11:00:00Z,76348.5
2026-03-08T12:00:00Z,76247.5
2026-03-08T13:00:00Z,75337.9
2026-03-08T14:00:00Z,72364.2
2026-03-08T15:00:00Z,73116.4
2026-03-08T16:00:00Z,67588.5
2026-03-08T17:00:00Z,64103.8
2026-03-08T18:00:00Z,61634.5
2026-03-08T19:00:00Z,59960.9
2026-03-08T20:00:00Z,55030.6
2026-03-08T21:00:00Z,49589.6
2026-03-08T22:00:00Z,48585.2
2026-03-08T23:00:00Z,47277.7
2026-03-09T00:00:00Z,52057.4
2026-03-09T01:00:00Z,52370.1
2026-03-09T02:00:00Z,51603.7
2026-03-09T03:00:00Z,54786.6
2026-03-09T04:00:00Z,59442.2
2026-03-09T05:00:00Z,61432.1
2026-03-09T06:00:00Z,64249.5
2026-03-09T07:00:00Z,68730.2
2026-03-09T08:00:00Z,70960.5
2026-03-09T09:00:00Z,77622.9
2026-03-09T10:00:00Z,77644.0
2026-03-09T11:00:00Z,78128.3
2026-03-09T12:00:00Z,78936.5
2026-03-09T13:00:00Z,78202.0
2026-03-09T14:00:00Z,79459.1
2026-03-09T15:00:00Z,73571.5
2026-03-09T16:00:00Z,72531.1
2026-03-09T17:00:00Z,69121.4
2026-03-09T18:00:00Z,64034.4
2026-03-09T19:00:00Z,62470.3
2026-03-09T20:00:00Z,59291.0
2026-03-09T21:00:00Z,54456.2
2026-03-09T22:00:00Z,49413.8
2026-03-09T23:00:00Z,52397.4
2026-03-10T00:00:00Z,50546.5
2026-03-10T01:00:00Z,51510.3
2026-03-10T02:00:00Z,52179.3
2026-03-10T03:00:00Z,55055.9
2026-03-10T04:00:00Z,57231.8
2026-03-10T05:00:00Z,59318.7
2026-03-10T06:00:00Z,65028.1
2026-03-10T07:00:00Z,67974.1
2026-03-10T08:00:00Z,71427.2
2026-03-10T09:00:00Z,75029.2
2026-03-10T10:00:00Z,77088.5
2026-03-10T11:00:00Z,79786.0
2026-03-10T12:00:00Z,83704.0
2026-03-10T13:00:00Z,78174.7
2026-03-10T14:00:00Z,76546.5
2026-03-10T15:00:00Z,75605.2
2026-03-10T16:00:00Z,74016.3
2026-03-10T17:00:00Z,69055.6
2026-03-10T18:00:00Z,64241.0
2026-03-10T19:00:00Z,62347.0
2026-03-10T20:00:00Z,58180.6
2026-03-10T21:00:00Z,54165.5
2026-03-10T22:00:00Z,52462.0
2026-03-10T23:00:00Z,51852.0
2026-03-11T00:00:00Z,52386.0
2026-03-11T01:00:00Z,53242.3
2026-03-11T02:00:00Z,52145.1
2026-03-11T03:00:00Z,53258.5
2026-03-11T04:00:00Z,57648.7
2026-03-11T05:00:00Z,63789.1
2026-03-11T06:00:00Z,65666.1
2026-03-11T07:00:00Z,70541.2
2026-03-11T08:00:00Z,71875.0
2026-03-11T09:00:00Z,75110.1
2026-03-11T10:00:00Z,77782.8
2026-03-11T11:00:00Z,80278.6
2026-03-11T12:00:00Z,80100.8
2026-03-11T13:00:00Z,80666.9
2026-03-11T14:00:00Z,78411.1
2026-03-11T15:00:00Z,76860.3
2026-03-11T16:00:00Z,71305.4
2026-03-11T17:00:00Z,70334.9
2026-03-11T18:00:00Z,65361.1
2026-03-11T19:00:00Z,61075.0
2026-03-11T20:00:00Z,56980.2
2026-03-11T21:00:00Z,54978.5
2026-03-11T22:00:00Z,54072.2
2026-03-11T23:00:00Z,50563.8
2026-03-12T00:00:00Z,52129.7
2026-03-12T01:00:00Z,50390.4
2026-03-12T02:00:00Z,52328.3
2026-03-12T03:00:00Z,55578.6
2026-03-12T04:00:00Z,54887.9
2026-03-12T05:00:00Z,61092.6
2026-03-12T06:00:00Z,64333.3
2026-03-12T07:00:00Z,67092.7
2026-03-12T08:00:00Z,69877.8
2026-03-12T09:00:00Z,75052.2
2026-03-12T10:00:00Z,75829.1
2026-03-12T11:00:00Z,78449.1
2026-03-12T12:00:00Z,77359.9
2026-03-12T13:00:00Z,80202.4
2026-03-12T14:00:00Z,76198.6
2026-03-12T15:00:00Z,75561.1
2026-03-12T16:00:00Z,72917.0
2026-03-12T17:00:00Z,66231.0
2026-03-12T18:00:00Z,64063.5
2026-03-12T19:00:00Z,60950.3
2026-03-12T20:00:00Z,57222.1
2026-03-12T21:00:00Z,55638.3
2026-03-12T22:00:00Z,49798.5
2026-03-12T23:00:00Z,50921.2
2026-03-13T00:00:00Z,51828.3
2026-03-13T01:00:00Z,50198.2
2026-03-13T02:00:00Z,50626.4
2026-03-13T03:00:00Z,52479.0
2026-03-13T04:00:00Z,55593.3
2026-03-13T05:00:00Z,61374.8
2026-03-13T06:00:00Z,63251.9
2026-03-13T07:00:00Z,68979.7
2026-03-13T08:00:00Z,70616.4
2026-03-13T09:00:00Z,74011.7
2026-03-13T10:00:00Z,76871.3
2026-03-13T11:00:00Z,75805.4
2026-03-13T12:00:00Z,77816.7
2026-03-13T13:00:00Z,77669.8
2026-03-13T14:00:00Z,77224.6
2026-03-13T15:00:00Z,73766.9
2026-03-13T16:00:00Z,72184.7
2026-03-13T17:00:00Z,67881.6
2026-03-13T18:00:00Z,63426.3
2026-03-13T19:00:00Z,60588.3
2026-03-13T20:00:00Z,59471.7
2026-03-13T21:00:00Z,55255.6
2026-03-13T22:00:00Z,52818.1
2026-03-13T23:00:00Z,51036.6
2026-03-14T00:00:00Z,46073.3
2026-03-14T01:00:00Z,47779.0
2026-03-14T02:00:00Z,47663.3
2026-03-14T03:00:00Z,49480.1
2026-03-14T04:00:00Z,51881.9
2026-03-14T05:00:00Z,56157.2
2026-03-14T06:00:00Z,61583.5
2026-03-14T07:00:00Z,63626.2
2026-03-14T08:00:00Z,67262.6
2026-03-14T09:00:00Z,70931.4
2026-03-14T10:00:00Z,72090.5
2026-03-14T11:00:00Z,73917.4
2026-03-14T12:00:00Z,73474.7
2026-03-14T13:00:00Z,72789.4
2026-03-14T14:00:00Z,74043.7
2026-03-14T15:00:00Z,71001.8
2026-03-14T16:00:00Z,69908.0
2026-03-14T17:00:00Z,63831.9
2026-03-14T18:00:00Z,59759.4
2026-03-14T19:00:00Z,56214.8
2026-03-14T20:00:00Z,52413.7
2026-03-14T21:00:00Z,47503.5
2026-03-14T22:00:00Z,48590.9
2026-03-14T23:00:00Z,48517.9
2026-03-15T00:00:00Z,46675.2
2026-03-15T01:00:00Z,44488.6
2026-03-15T02:00:00Z,48379.3
2026-03-15T03:00:00Z,50125.6
2026-03-15T04:00:00Z,53084.1
2026-03-15T05:00:00Z,56645.8
2026-03-15T06:00:00Z,58210.9
2026-03-15T07:00:00Z,62770.9
2026-03-15T08:00:00Z,66400.5
2026-03-15T09:00:00Z,69997.3
2026-03-15T10:00:00Z,70595.7
2026-03-15T11:00:00Z,73881.4
2026-03-15T12:00:00Z,72883.5
2026-03-15T13:00:00Z,75738.2
2026-03-15T14:00:00Z,72952.8
2026-03-15T15:00:00Z,68775.5
2026-03-15T16:00:00Z,68180.0
2026-03-15T17:00:00Z,64917.4
2026-03-15T18:00:00Z,59074.2
2026-03-15T19:00:00Z,56373.0
2026-03-15T20:00:00Z,50698.6
2026-03-15T21:00:00Z,49910.1
2026-03-15T22:00:00Z,48440.5
2026-03-15T23:00:00Z,45079.3
2026-03-16T00:00:00Z,50784.8
2026-03-16T01:00:00Z,49310.2
2026-03-16T02:00:00Z,51492.2
2026-03-16T03:00:00Z,52396.9
2026-03-16T04:00:00Z,56936.2
2026-03-16T05:00:00Z,61430.5
2026-03-16T06:00:00Z,62876.9
2026-03-16T07:00:00Z,67293.4
2026-03-16T08:00:00Z,71901.8
2026-03-16T09:00:00Z,75421.5
2026-03-16T10:00:00Z,77753.6
2026-03-16T11:00:00Z,76440.0
2026-03-16T12:00:00Z,76448.3
2026-03-16T13:00:00Z,78210.2
2026-03-16T14:00:00Z,75283.0
2026-03-16T15:00:00Z,75453.6
2026-03-16T16:00:00Z,71763.8
2026-03-16T17:00:00Z,67299.6
2026-03-16T18:00:00Z,64695.0
2026-03-16T19:00:00Z,59679.7
2026-03-16T20:00:00Z,59161.1
2026-03-16T21:00:00Z,52563.2
2026-03-16T22:00:00Z,51931.6
2026-03-16T23:00:00Z,50892.2
2026-03-17T00:00:00Z,50986.2
2026-03-17T01:00:00Z,48931.6
2026-03-17T02:00:00Z,53646.6
2026-03-17T03:00:00Z,52560.3
2026-03-17T04:00:00Z,57834.8
2026-03-17T05:00:00Z,60856.8
2026-03-17T06:00:00Z,62980.5
2026-03-17T07:00:00Z,68457.4
2026-03-17T08:00:00Z,71148.5
2026-03-17T09:00:00Z,73623.8
2026-03-17T10:00:00Z,77368.7
2026-03-17T11:00:00Z,77744.7
2026-03-17T12:00:00Z,78581.1
2026-03-17T13:00:00Z,77927.2
2026-03-17T14:00:00Z,76889.4
2026-03-17T15:00:00Z,73759.5
2026-03-17T16:00:00Z,69775.7
2026-03-17T17:00:00Z,65786.1
2026-03-17T18:00:00Z,65681.9
2026-03-17T19:00:00Z,59038.5
2026-03-17T20:00:00Z,58668.8
2026-03-17T21:00:00Z,54077.2
2026-03-17T22:00:00Z,51742.6
2026-03-17T23:00:00Z,51856.5
2026-03-18T00:00:00Z,48321.4
2026-03-18T01:00:00Z,51012.9
2026-03-18T02:00:00Z,51845.5
2026-03-18T03:00:00Z,53475.3
2026-03-18T04:00:00Z,56166.0
2026-03-18T05:00:00Z,58390.8
2026-03-18T06:00:00Z,63330.4
2026-03-18T07:00:00Z,65278.9
2026-03-18T08:00:00Z,68811.6
2026-03-18T09:00:00Z,72430.4
2026-03-18T10:00:00Z,74716.1
2026-03-18T11:00:00Z,75435.2
2026-03-18T12:00:00Z,76503.2
2026-03-18T13:00:00Z,78853.0
2026-03-18T14:00:00Z,77858.4
2026-03-18T15:00:00Z,74211.6
2026-03-18T16:00:00Z,73514.9
2026-03-18T17:00:00Z,66418.2
2026-03-18T18:00:00Z,63174.9
2026-03-18T19:00:00Z,59888.5
2026-03-18T20:00:00Z,56209.1
2026-03-18T21:00:00Z,52843.8
2026-03-18T22:00:00Z,49877.4
2026-03-18T23:00:00Z,49758.1
2026-03-19T00:00:00Z,47784.3
2026-03-19T01:00:00Z,51706.1
2026-03-19T02:00:00Z,50697.3
2026-03-19T03:00:00Z,52877.0
2026-03-19T04:00:00Z,54595.0
2026-03-19T05:00:00Z,59369.9
2026-03-19T06:00:00Z,63823.2
2026-03-19T07:00:00Z,67341.3
2026-03-19T08:00:00Z,70161.4
2026-03-19T09:00:00Z,71748.6
2026-03-19T10:00:00Z,76778.8
2026-03-19T11:00:00Z,76214.6
2026-03-19T12:00:00Z,76261.6
2026-03-19T13:00:00Z,76458.0
2026-03-19T14:00:00Z,75612.0
2026-03-19T15:00:00Z,70249.9
2026-03-19T16:00:00Z,70920.8
2026-03-19T17:00:00Z,68077.9
2026-03-19T18:00:00Z,61915.7
2026-03-19T19:00:00Z,59653.6
2026-03-19T20:00:00Z,58088.5
2026-03-19T21:00:00Z,55069.6
2026-03-19T22:00:00Z,50711.9
2026-03-19T23:00:00Z,48854.8
2026-03-20T00:00:00Z,47762.0
2026-03-20T01:00:00Z,50310.2
2026-03-20T02:00:00Z,51063.7
2026-03-20T03:00:00Z,54437.4
2026-03-20T04:00:00Z,57031.8
2026-03-20T05:00:00Z,60446.4
2026-03-20T06:00:00Z,62838.4
2026-03-20T07:00:00Z,67914.3
2026-03-20T08:00:00Z,66573.4
2026-03-20T09:00:00Z,74195.4
2026-03-20T10:00:00Z,77206.3
2026-03-20T11:00:00Z,75093.6
2026-03-20T12:00:00Z,75780.3
2026-03-20T13:00:00Z,77837.5
2026-03-20T14:00:00Z,72948.5
2026-03-20T15:00:00Z,72383.7
2026-03-20T16:00:00Z,69682.7
2026-03-20T17:00:00Z,63951.8
2026-03-20T18:00:00Z,62608.5
2026-03-20T19:00:00Z,60240.9
2026-03-20T20:00:00Z,57345.2
2026-03-20T21:00:00Z,55343.5
2026-03-20T22:00:00Z,53273.7
2026-03-20T23:00:00Z,49955.9
2026-03-21T00:00:00Z,43869.9
2026-03-21T01:00:00Z,46008.9
2026-03-21T02:00:00Z,45648.9
2026-03-21T03:00:00Z,48348.4
2026-03-21T04:00:00Z,53013.1
2026-03-21T05:00:00Z,54794.1
2026-03-21T06:00:00Z,58708.5
2026-03-21T07:00:00Z,64003.5
2026-03-21T08:00:00Z,64500.3
2026-03-21T09:00:00Z,68779.7
2026-03-21T10:00:00Z,72955.4
2026-03-21T11:00:00Z,72222.7
2026-03-21T12:00:00Z,71641.6
2026-03-21T13:00:00Z,72750.6
2026-03-21T14:00:00Z,71385.6
2026-03-21T15:00:00Z,68392.5
2026-03-21T16:00:00Z,66590.5
2026-03-21T17:00:00Z,61256.0
2026-03-21T18:00:00Z,56644.9
2026-03-21T19:00:00Z,55687.6
2026-03-21T20:00:00Z,52529.5
2026-03-21T21:00:00Z,48725.7
2026-03-21T22:00:00Z,47113.6
2026-03-21T23:00:00Z,44362.4
2026-03-22T00:00:00Z,45172.3
2026-03-22T01:00:00Z,46374.4
2026-03-22T02:00:00Z,46690.8
2026-03-22T03:00:00Z,48928.4
2026-03-22T04:00:00Z,52295.6
2026-03-22T05:00:00Z,54382.9
2026-03-22T06:00:00Z,58516.6
2026-03-22T07:00:00Z,60603.1
2026-03-22T08:00:00Z,67388.1
2026-03-22T09:00:00Z,69010.1
2026-03-22T10:00:00Z,70992.6
2026-03-22T11:00:00Z,71645.4
2026-03-22T12:00:00Z,73021.8
2026-03-22T13:00:00Z,74522.6
2026-03-22T14:00:00Z,73276.9
2026-03-22T15:00:00Z,69157.8
2026-03-22T16:00:00Z,68148.1
2026-03-22T17:00:00Z,61734.2
2026-03-22T18:00:00Z,59851.9
2026-03-22T19:00:00Z,56033.9
2026-03-22T20:00:00Z,51685.3
2026-03-22T21:00:00Z,49495.5
2026-03-22T22:00:00Z,44651.5
2026-03-22T23:00:00Z,45326.1
2026-03-23T00:00:00Z,47712.0
2026-03-23T01:00:00Z,50492.9
2026-03-23T02:00:00Z,51945.7
2026-03-23T03:00:00Z,51859.0
2026-03-23T04:00:00Z,56344.3
2026-03-23T05:00:00Z,60540.2
2026-03-23T06:00:00Z,62183.9
2026-03-23T07:00:00Z,65066.3
2026-03-23T08:00:00Z,70701.4
2026-03-23T09:00:00Z,73009.4
2026-03-23T10:00:00Z,74753.6
2026-03-23T11:00:00Z,75544.1
2026-03-23T12:00:00Z,77420.9
2026-03-23T13:00:00Z,76960.7
2026-03-23T14:00:00Z,76423.8
2026-03-23T15:00:00Z,72761.3
2026-03-23T16:00:00Z,68561.0
2026-03-23T17:00:00Z,65403.9
2026-03-23T18:00:00Z,60678.1
2026-03-23T19:00:00Z,58171.3
2026-03-23T20:00:00Z,56478.4
2026-03-23T21:00:00Z,53209.4
2026-03-23T22:00:00Z,51768.3
2026-03-23T23:00:00Z,48854.8
2026-03-24T00:00:00Z,49075.1
2026-03-24T01:00:00Z,49353.4
2026-03-24T02:00:00Z,49756.0
2026-03-24T03:00:00Z,51794.8
2026-03-24T04:00:00Z,55217.8
2026-03-24T05:00:00Z,58365.2
2026-03-24T06:00:00Z,63890.4
2026-03-24T07:00:00Z,66733.8
2026-03-24T08:00:00Z,70118.0
2026-03-24T09:00:00Z,72864.2
2026-03-24T10:00:00Z,73521.1
2026-03-24T11:00:00Z,76850.4
2026-03-24T12:00:00Z,78591.6
2026-03-24T13:00:00Z,74592.4
2026-03-24T14:00:00Z,72827.0
2026-03-24T15:00:00Z,72011.9
2026-03-24T16:00:00Z,68854.6
2026-03-24T17:00:00Z,65788.8
2026-03-24T18:00:00Z,65104.4
2026-03-24T19:00:00Z,58822.4
2026-03-24T20:00:00Z,54775.4
2026-03-24T21:00:00Z,53621.5
2026-03-24T22:00:00Z,50550.3
2026-03-24T23:00:00Z,49043.4
2026-03-25T00:00:00Z,48767.7
2026-03-25T01:00:00Z,49330.6
2026-03-25T02:00:00Z,48270.6
2026-03-25T03:00:00Z,52796.5
2026-03-25T04:00:00Z,56030.4
2026-03-25T05:00:00Z,58110.5
2026-03-25T06:00:00Z,64100.1
2026-03-25T07:00:00Z,66652.8
2026-03-25T08:00:00Z,69479.8
2026-03-25T09:00:00Z,72971.7
2026-03-25T10:00:00Z,75756.0
2026-03-25T11:00:00Z,77729.4
2026-03-25T12:00:00Z,77254.7
2026-03-25T13:00:00Z,76433.0
2026-03-25T14:00:00Z,77761.5
2026-03-25T15:00:00Z,71892.9
2026-03-25T16:00:00Z,69628.9
2026-03-25T17:00:00Z,67021.3
2026-03-25T18:00:00Z,63536.5
2026-03-25T19:00:00Z,58458.9
2026-03-25T20:00:00Z,57235.1
2026-03-25T21:00:00Z,52286.8
2026-03-25T22:00:00Z,49322.6
2026-03-25T23:00:00Z,49025.3
2026-03-26T00:00:00Z,48591.1
2026-03-26T01:00:00Z,49980.5
2026-03-26T02:00:00Z,50168.3
2026-03-26T03:00:00Z,52250.6
2026-03-26T04:00:00Z,54643.5
2026-03-26T05:00:00Z,57561.1
2026-03-26T06:00:00Z,63908.5
2026-03-26T07:00:00Z,66415.0
2026-03-26T08:00:00Z,71582.6
2026-03-26T09:00:00Z,72732.6
2026-03-26T10:00:00Z,73576.5
2026-03-26T11:00:00Z,75681.9
2026-03-26T12:00:00Z,77679.8
2026-03-26T13:00:00Z,76564.1
2026-03-26T14:00:00Z,77020.6
2026-03-26T15:00:00Z,72347.6
2026-03-26T16:00:00Z,69558.5
2026-03-26T17:00:00Z,64844.2
2026-03-26T18:00:00Z,60976.2
2026-03-26T19:00:00Z,59664.8
2026-03-26T20:00:00Z,56954.0
2026-03-26T21:00:00Z,51761.6
2026-03-26T22:00:00Z,48955.0
2026-03-26T23:00:00Z,49797.8
2026-03-27T00:00:00Z,49108.8
2026-03-27T01:00:00Z,49040.9
2026-03-27T02:00:00Z,51161.4
2026-03-27T03:00:00Z,54595.2
2026-03-27T04:00:00Z,55153.9
2026-03-27T05:00:00Z,57971.7
2026-03-27T06:00:00Z,61527.7
2026-03-27T07:00:00Z,67706.9
2026-03-27T08:00:00Z,69371.1
2026-03-27T09:00:00Z,71586.4
2026-03-27T10:00:00Z,76544.2
2026-03-27T11:00:00Z,74114.4
2026-03-27T12:00:00Z,77769.5
2026-03-27T13:00:00Z,75457.6
2026-03-27T14:00:00Z,74872.9
2026-03-27T15:00:00Z,70713.2
2026-03-27T16:00:00Z,67867.9
2026-03-27T17:00:00Z,65772.0
2026-03-27T18:00:00Z,64520.5
2026-03-27T19:00:00Z,61122.1
2026-03-27T20:00:00Z,56785.1
2026-03-27T21:00:00Z,52684.5
2026-03-27T22:00:00Z,49107.9
2026-03-27T23:00:00Z,49404.6
2026-03-28T00:00:00Z,44944.9
2026-03-28T01:00:00Z,47051.3
2026-03-28T02:00:00Z,45714.9
2026-03-28T03:00:00Z,47905.0
2026-03-28T04:00:00Z,51790.4
2026-03-28T05:00:00Z,53405.4
2026-03-28T06:00:00Z,58831.7
2026-03-28T07:00:00Z,63493.3
2026-03-28T08:00:00Z,65512.7
2026-03-28T09:00:00Z,69392.3
2026-03-28T10:00:00Z,72020.1
2026-03-28T11:00:00Z,72404.4
2026-03-28T12:00:00Z,72511.9
2026-03-28T13:00:00Z,72183.2
2026-03-28T14:00:00Z,69999.3
2026-03-28T15:00:00Z,70235.9
2026-03-28T16:00:00Z,65705.7
2026-03-28T17:00:00Z,63319.4
2026-03-28T18:00:00Z,59024.8
2026-03-28T19:00:00Z,54488.6
2026-03-28T20:00:00Z,50442.0
2026-03-28T21:00:00Z,47866.9
2026-03-28T22:00:00Z,43811.8
2026-03-28T23:00:00Z,44666.8
2026-03-29T00:00:00Z,43978.9
2026-03-29T01:00:00Z,44559.8
2026-03-29T02:00:00Z,46073.3
2026-03-29T03:00:00Z,50189.4
2026-03-29T04:00:00Z,50650.5
2026-03-29T05:00:00Z,55053.7
2026-03-29T06:00:00Z,59842.9
2026-03-29T07:00:00Z,61447.3
2026-03-29T08:00:00Z,64941.7
2026-03-29T09:00:00Z,65993.1
2026-03-29T10:00:00Z,70680.2
2026-03-29T11:00:00Z,71680.5
2026-03-29T12:00:00Z,72759.2
2026-03-29T13:00:00Z,72524.5
2026-03-29T14:00:00Z,72025.3
2026-03-29T15:00:00Z,69122.2
2026-03-29T16:00:00Z,64945.1
2026-03-29T17:00:00Z,62601.3
2026-03-29T18:00:00Z,57325.1
2026-03-29T19:00:00Z,53752.8
2026-03-29T20:00:00Z,51409.9
2026-03-29T21:00:00Z,51462.4
2026-03-29T22:00:00Z,47596.6
2026-03-29T23:00:00Z,44914.9
2026-03-30T00:00:00Z,46562.4
2026-03-30T01:00:00Z,51743.9
2026-03-30T02:00:00Z,48350.7
2026-03-30T03:00:00Z,51917.0
2026-03-30T04:00:00Z,54927.0
2026-03-30T05:00:00Z,59097.9
2026-03-30T06:00:00Z,61261.0
2026-03-30T07:00:00Z,64856.4
2026-03-30T08:00:00Z,67589.8
2026-03-30T09:00:00Z,71726.3
2026-03-30T10:00:00Z,73240.1
2026-03-30T11:00:00Z,74764.9
2026-03-30T12:00:00Z,74217.8
2026-03-30T13:00:00Z,77252.1
2026-03-30T14:00:00Z,72778.9
2026-03-30T15:00:00Z,72160.8
2026-03-30T16:00:00Z,69074.1
2026-03-30T17:00:00Z,65886.5
2026-03-30T18:00:00Z,61933.7
2026-03-30T19:00:00Z,61520.6
2026-03-30T20:00:00Z,55143.1
2026-03-30T21:00:00Z,48159.0
2026-03-30T22:00:00Z,50863.6
2026-03-30T23:00:00Z,47555.8
2026-03-31T00:00:00Z,46856.4
2026-03-31T01:00:00Z,48540.6
2026-03-31T02:00:00Z,52088.0
2026-03-31T03:00:00Z,52028.5
2026-03-31T04:00:00Z,55074.1
2026-03-31T05:00:00Z,57517.0
2026-03-31T06:00:00Z,60352.2
2026-03-31T07:00:00Z,65089.7
2026-03-31T08:00:00Z,69764.7
2026-03-31T09:00:00Z,72321.0
2026-03-31T10:00:00Z,73012.0
2026-03-31T11:00:00Z,74307.0
2026-03-31T12:00:00Z,75757.2
2026-03-31T13:00:00Z,77249.7
2026-03-31T14:00:00Z,73438.0
2026-03-31T15:00:00Z,71214.1
2026-03-31T16:00:00Z,69179.7
2026-03-31T17:00:00Z,68144.3
2026-03-31T18:00:00Z,62149.1
2026-03-31T19:00:00Z,57151.1
2026-03-31T20:00:00Z,53873.3
2026-03-31T21:00:00Z,51751.1
2026-03-31T22:00:00Z,50755.0
2026-03-31T23:00:00Z,50047.7
2026-04-01T00:00:00Z,47572.0
2026-04-01T01:00:00Z,50062.8
2026-04-01T02:00:00Z,49406.6
2026-04-01T03:00:00Z,52434.3
2026-04-01T04:00:00Z,55573.5
2026-04-01T05:00:00Z,60248.0
2026-04-01T06:00:00Z,61511.2
2026-04-01T07:00:00Z,66734.0
2026-04-01T08:00:00Z,69872.5
2026-04-01T09:00:00Z,71345.4
2026-04-01T10:00:00Z,75602.8
2026-04-01T11:00:00Z,77268.1
2026-04-01T12:00:00Z,76064.0
2026-04-01T13:00:00Z,74617.3
2026-04-01T14:00:00Z,74462.3
2026-04-01T15:00:00Z,72035.8
2026-04-01T16:00:00Z,67953.8
2026-04-01T17:00:00Z,66107.0
2026-04-01T18:00:00Z,61673.5
2026-04-01T19:00:00Z,58930.0
2026-04-01T20:00:00Z,54072.2
2026-04-01T21:00:00Z,52822.6
2026-04-01T22:00:00Z,52064.4
2026-04-01T23:00:00Z,46622.5
2026-04-02T00:00:00Z,45470.7
2026-04-02T01:00:00Z,48357.6
2026-04-02T02:00:00Z,50658.9
2026-04-02T03:00:00Z,52671.9
2026-04-02T04:00:00Z,55199.0
2026-04-02T05:00:00Z,58615.0
2026-04-02T06:00:00Z,62649.3
2026-04-02T07:00:00Z,66166.5
2026-04-02T08:00:00Z,71116.8
2026-04-02T09:00:00Z,70775.4
2026-04-02T10:00:00Z,73980.3
2026-04-02T11:00:00Z,74383.1
2026-04-02T12:00:00Z,76309.7
2026-04-02T13:00:00Z,75454.8
2026-04-02T14:00:00Z,74828.1
2026-04-02T15:00:00Z,71497.6
2026-04-02T16:00:00Z,69509.0
2026-04-02T17:00:00Z,63301.2
2026-04-02T18:00:00Z,60859.1
2026-04-02T19:00:00Z,59083.7
2026-04-02T20:00:00Z,54468.8
2026-04-02T21:00:00Z,53035.4
2026-04-02T22:00:00Z,49082.0
2026-04-02T23:00:00Z,47788.2
2026-04-03T00:00:00Z,49374.4
2026-04-03T01:00:00Z,49633.4
2026-04-03T02:00:00Z,49578.3
2026-04-03T03:00:00Z,51691.4
2026-04-03T04:00:00Z,55094.4
2026-04-03T05:00:00Z,58382.2
2026-04-03T06:00:00Z,59323.5
2026-04-03T07:00:00Z,65877.7
2026-04-03T08:00:00Z,66777.9
2026-04-03T09:00:00Z,72829.9
2026-04-03T10:00:00Z,73524.0
2026-04-03T11:00:00Z,72603.8
2026-04-03T12:00:00Z,76553.2
2026-04-03T13:00:00Z,75481.7
2026-04-03T14:00:00Z,73882.1
2026-04-03T15:00:00Z,72283.2
2026-04-03T16:00:00Z,66338.2
2026-04-03T17:00:00Z,64221.7
2026-04-03T18:00:00Z,60810.9
2026-04-03T19:00:00Z,58867.8
2026-04-03T20:00:00Z,53104.3
2026-04-03T21:00:00Z,51517.9
2026-04-03T22:00:00Z,49065.0
2026-04-03T23:00:00Z,50002.2
2026-04-04T00:00:00Z,42040.7
2026-04-04T01:00:00Z,43838.5
2026-04-04T02:00:00Z,46013.4
2026-04-04T03:00:00Z,47544.4
2026-04-04T04:00:00Z,52642.3
2026-04-04T05:00:00Z,53808.7
2026-04-04T06:00:00Z,56984.2
2026-04-04T07:00:00Z,61872.6
2026-04-04T08:00:00Z,64260.9
2026-04-04T09:00:00Z,66564.4
2026-04-04T10:00:00Z,70522.9
2026-04-04T11:00:00Z,70033.7
2026-04-04T12:00:00Z,71436.3
2026-04-04T13:00:00Z,70598.9
2026-04-04T14:00:00Z,70514.2
2026-04-04T15:00:00Z,65615.5
2026-04-04T16:00:00Z,64383.1
2026-04-04T17:00:00Z,60522.8
2026-04-04T18:00:00Z,54103.3
2026-04-04T19:00:00Z,53566.1
2026-04-04T20:00:00Z,49605.0
2026-04-04T21:00:00Z,49927.7
2026-04-04T22:00:00Z,44336.5
2026-04-04T23:00:00Z,43975.9
2026-04-05T00:00:00Z,44255.2
2026-04-05T01:00:00Z,42391.0
2026-04-05T02:00:00Z,46933.0
2026-04-05T03:00:00Z,48478.9
2026-04-05T04:00:00Z,50646.8
2026-04-05T05:00:00Z,53593.1
2026-04-05T06:00:00Z,57408.8
2026-04-05T07:00:00Z,61574.4
2026-04-05T08:00:00Z,64118.4
2026-04-05T09:00:00Z,68356.6
2026-04-05T10:00:00Z,70877.1
2026-04-05T11:00:00Z,71985.6
2026-04-05T12:00:00Z,71428.1
2026-04-05T13:00:00Z,71126.4
2026-04-05T14:00:00Z,69800.1
2026-04-05T15:00:00Z,69534.0
2026-04-05T16:00:00Z,66930.8
2026-04-05T17:00:00Z,61455.3
2026-04-05T18:00:00Z,57206.9
2026-04-05T19:00:00Z,52656.8
2026-04-05T20:00:00Z,50616.6
2026-04-05T21:00:00Z,50096.7
2026-04-05T22:00:00Z,45363.1
2026-04-05T23:00:00Z,42682.0
2026-04-06T00:00:00Z,46675.6
2026-04-06T01:00:00Z,48261.3
2026-04-06T02:00:00Z,49300.1
2026-04-06T03:00:00Z,52260.2
2026-04-06T04:00:00Z,55264.5
2026-04-06T05:00:00Z,57152.8
2026-04-06T06:00:00Z,62483.0
2026-04-06T07:00:00Z,64261.8
2026-04-06T08:00:00Z,67987.0
2026-04-06T09:00:00Z,72329.8
2026-04-06T10:00:00Z,72960.4
2026-04-06T11:00:00Z,74856.9
2026-04-06T12:00:00Z,76905.2
2026-04-06T13:00:00Z,75328.3
2026-04-06T14:00:00Z,73901.3
2026-04-06T15:00:00Z,71754.3
2026-04-06T16:00:00Z,70909.7
2026-04-06T17:00:00Z,66049.3
2026-04-06T18:00:00Z,62009.2
2026-04-06T19:00:00Z,58438.7
2026-04-06T20:00:00Z,54846.8
2026-04-06T21:00:00Z,52348.7
2026-04-06T22:00:00Z,49873.1
2026-04-06T23:00:00Z,48604.0
2026-04-07T00:00:00Z,46785.3
2026-04-07T01:00:00Z,47979.1
2026-04-07T02:00:00Z,49253.7
2026-04-07T03:00:00Z,52920.0
2026-04-07T04:00:00Z,56463.8
2026-04-07T05:00:00Z,57093.3
2026-04-07T06:00:00Z,61350.4
2026-04-07T07:00:00Z,65080.3
2026-04-07T08:00:00Z,68579.6
2026-04-07T09:00:00Z,68931.0
2026-04-07T10:00:00Z,71738.8
2026-04-07T11:00:00Z,73912.7
2026-04-07T12:00:00Z,75150.5
2026-04-07T13:00:00Z,74793.7
2026-04-07T14:00:00Z,74743.2
2026-04-07T15:00:00Z,71462.3
2026-04-07T16:00:00Z,68433.1
2026-04-07T17:00:00Z,64695.2
2026-04-07T18:00:00Z,61141.6
2026-04-07T19:00:00Z,58986.9
2026-04-07T20:00:00Z,54226.2
2026-04-07T21:00:00Z,49897.0
2026-04-07T22:00:00Z,47982.9
2026-04-07T23:00:00Z,47852.2
2026-04-08T00:00:00Z,47560.7
2026-04-08T01:00:00Z,46722.6
2026-04-08T02:00:00Z,47466.8
2026-04-08T03:00:00Z,49404.4
2026-04-08T04:00:00Z,52661.7
2026-04-08T05:00:00Z,59275.6
2026-04-08T06:00:00Z,60881.0
2026-04-08T07:00:00Z,64838.8
2026-04-08T08:00:00Z,68031.6
2026-04-08T09:00:00Z,69574.4
2026-04-08T10:00:00Z,72090.6
2026-04-08T11:00:00Z,73655.0
2026-04-08T12:00:00Z,73399.8
2026-04-08T13:00:00Z,74600.1
2026-04-08T14:00:00Z,72220.1
2026-04-08T15:00:00Z,71619.6
2026-04-08T16:00:00Z,68465.0
2026-04-08T17:00:00Z,66694.7
2026-04-08T18:00:00Z,60099.7
2026-04-08T19:00:00Z,58596.3
2026-04-08T20:00:00Z,52249.0
2026-04-08T21:00:00Z,50491.8
2026-04-08T22:00:00Z,49488.6
2026-04-08T23:00:00Z,48034.9
2026-04-09T00:00:00Z,45315.3
2026-04-09T01:00:00Z,47368.3
2026-04-09T02:00:00Z,50340.2
2026-04-09T03:00:00Z,52183.7
2026-04-09T04:00:00Z,55150.0
2026-04-09T05:00:00Z,57730.8
2026-04-09T06:00:00Z,62237.5
2026-04-09T07:00:00Z,65586.7
2026-04-09T08:00:00Z,67965.9
2026-04-09T09:00:00Z,72554.2
2026-04-09T10:00:00Z,73495.9
2026-04-09T11:00:00Z,75106.3
2026-04-09T12:00:00Z,73555.7
2026-04-09T13:00:00Z,75838.0
2026-04-09T14:00:00Z,72388.1
2026-04-09T15:00:00Z,71511.4
2026-04-09T16:00:00Z,68615.7
2026-04-09T17:00:00Z,64462.0
2026-04-09T18:00:00Z,61636.4
2026-04-09T19:00:00Z,58845.3
2026-04-09T20:00:00Z,52716.0
2026-04-09T21:00:00Z,50931.9
2026-04-09T22:00:00Z,47849.0
2026-04-09T23:00:00Z,49076.3
2026-04-10T00:00:00Z,47600.4
2026-04-10T01:00:00Z,48652.2
2026-04-10T02:00:00Z,47659.3
2026-04-10T03:00:00Z,51121.6
2026-04-10T04:00:00Z,54536.2
2026-04-10T05:00:00Z,55821.9
2026-04-10T06:00:00Z,62423.5
2026-04-10T07:00:00Z,63786.0
2026-04-10T08:00:00Z,68373.6
2026-04-10T09:00:00Z,71930.2
2026-04-10T10:00:00Z,75302.4
2026-04-10T11:00:00Z,73964.1
2026-04-10T12:00:00Z,74976.4
2026-04-10T13:00:00Z,74948.0
2026-04-10T14:00:00Z,72128.7
2026-04-10T15:00:00Z,71127.8
2026-04-10T16:00:00Z,66565.8
2026-04-10T17:00:00Z,65725.7
2026-04-10T18:00:00Z,62697.4
2026-04-10T19:00:00Z,56754.7
2026-04-10T20:00:00Z,55908.9
2026-04-10T21:00:00Z,51797.6
2026-04-10T22:00:00Z,48529.7
2026-04-10T23:00:00Z,48506.0
2026-04-11T00:00:00Z,43176.8
2026-04-11T01:00:00Z,44209.2
2026-04-11T02:00:00Z,44549.2
2026-04-11T03:00:00Z,47762.4
2026-04-11T04:00:00Z,48726.6
2026-04-11T05:00:00Z,54988.3
2026-04-11T06:00:00Z,57783.3
2026-04-11T07:00:00Z,61276.1
2026-04-11T08:00:00Z,64259.4
2026-04-11T09:00:00Z,66614.5
2026-04-11T10:00:00Z,71495.4
2026-04-11T11:00:00Z,72467.3
2026-04-11T12:00:00Z,70840.0
2026-04-11T13:00:00Z,71341.4
2026-04-11T14:00:00Z,68835.5
2026-04-11T15:00:00Z,67237.6
2026-04-11T16:00:00Z,64280.1
2026-04-11T17:00:00Z,60223.5
2026-04-11T18:00:00Z,56669.3
2026-04-11T19:00:00Z,52736.4
2026-04-11T20:00:00Z,49256.6
2026-04-11T21:00:00Z,45681.1
2026-04-11T22:00:00Z,44955.1
2026-04-11T23:00:00Z,42903.7
2026-04-12T00:00:00Z,43529.7
2026-04-12T01:00:00Z,42456.2
2026-04-12T02:00:00Z,45124.3
2026-04-12T03:00:00Z,46507.9
2026-04-12T04:00:00Z,50018.6
2026-04-12T05:00:00Z,53545.9
2026-04-12T06:00:00Z,58429.5
2026-04-12T07:00:00Z,61966.9
2026-04-12T08:00:00Z,65819.4
2026-04-12T09:00:00Z,67407.6
2026-04-12T10:00:00Z,70359.5
2026-04-12T11:00:00Z,71972.5
2026-04-12T12:00:00Z,70867.8
2026-04-12T13:00:00Z,70231.3
2026-04-12T14:00:00Z,67528.6
2026-04-12T15:00:00Z,67151.6
2026-04-12T16:00:00Z,62532.8
2026-04-12T17:00:00Z,59955.0
2026-04-12T18:00:00Z,56269.4
2026-04-12T19:00:00Z,52141.1
2026-04-12T20:00:00Z,50624.8
2026-04-12T21:00:00Z,47433.9
2026-04-12T22:00:00Z,45918.1
2026-04-12T23:00:00Z,44219.6
2026-04-13T00:00:00Z,48847.9
2026-04-13T01:00:00Z,46109.5
2026-04-13T02:00:00Z,48741.0
2026-04-13T03:00:00Z,52667.5
2026-04-13T04:00:00Z,53602.7
2026-04-13T05:00:00Z,59399.1
2026-04-13T06:00:00Z,62237.6
2026-04-13T07:00:00Z,64603.8
2026-04-13T08:00:00Z,70005.2
2026-04-13T09:00:00Z,70954.2
2026-04-13T10:00:00Z,74840.0
2026-04-13T11:00:00Z,75003.3
2026-04-13T12:00:00Z,74741.4
2026-04-13T13:00:00Z,75720.3
2026-04-13T14:00:00Z,74244.4
2026-04-13T15:00:00Z,71789.8
2026-04-13T16:00:00Z,68807.6
2026-04-13T17:00:00Z,65770.6
2026-04-13T18:00:00Z,61117.6
2026-04-13T19:00:00Z,57365.8
2026-04-13T20:00:00Z,54176.7
2026-04-13T21:00:00Z,50169.1
2026-04-13T22:00:00Z,49090.1
2026-04-13T23:00:00Z,49217.7
2026-04-14T00:00:00Z,48232.8
2026-04-14T01:00:00Z,45763.7
2026-04-14T02:00:00Z,48579.8
2026-04-14T03:00:00Z,50273.5
2026-04-14T04:00:00Z,52010.6
2026-04-14T05:00:00Z,56222.4
2026-04-14T06:00:00Z,60520.1
2026-04-14T07:00:00Z,63821.3
2026-04-14T08:00:00Z,67019.4
2026-04-14T09:00:00Z,72235.9
2026-04-14T10:00:00Z,73206.1
2026-04-14T11:00:00Z,74883.7
2026-04-14T12:00:00Z,75254.7
2026-04-14T13:00:00Z,75417.1
2026-04-14T14:00:00Z,73714.2
2026-04-14T15:00:00Z,70528.9
2026-04-14T16:00:00Z,68503.9
2026-04-14T17:00:00Z,64349.8
2026-04-14T18:00:00Z,61414.2
2026-04-14T19:00:00Z,57090.2
2026-04-14T20:00:00Z,55619.0
2026-04-14T21:00:00Z,51806.8
2026-04-14T22:00:00Z,47748.5
2026-04-14T23:00:00Z,46842.2
2026-04-15T00:00:00Z,46876.1
2026-04-15T01:00:00Z,46569.3
2026-04-15T02:00:00Z,48925.9
2026-04-15T03:00:00Z,51690.5
2026-04-15T04:00:00Z,54798.6
2026-04-15T05:00:00Z,58079.8
2026-04-15T06:00:00Z,58931.7
2026-04-15T07:00:00Z,63536.5
2026-04-15T08:00:00Z,69036.4
2026-04-15T09:00:00Z,70555.2
2026-04-15T10:00:00Z,71948.2
2026-04-15T11:00:00Z,75827.8
2026-04-15T12:00:00Z,74887.0
2026-04-15T13:00:00Z,77010.3
2026-04-15T14:00:00Z,73442.5
2026-04-15T15:00:00Z,70670.8
2026-04-15T16:00:00Z,68259.1
2026-04-15T17:00:00Z,66388.5
2026-04-15T18:00:00Z,58583.3
2026-04-15T19:00:00Z,56514.8
2026-04-15T20:00:00Z,54574.2
2026-04-15T21:00:00Z,49875.3
2026-04-15T22:00:00Z,48327.5
2026-04-15T23:00:00Z,46106.8
2026-04-16T00:00:00Z,46749.5
2026-04-16T01:00:00Z,46415.4
2026-04-16T02:00:00Z,47828.6
2026-04-16T03:00:00Z,49781.0
2026-04-16T04:00:00Z,54679.6
2026-04-16T05:00:00Z,58505.6
2026-04-16T06:00:00Z,61297.5
2026-04-16T07:00:00Z,64153.2
2026-04-16T08:00:00Z,68396.3
2026-04-16T09:00:00Z,69690.4
2026-04-16T10:00:00Z,73084.8
2026-04-16T11:00:00Z,75615.0
2026-04-16T12:00:00Z,75066.0
2026-04-16T13:00:00Z,74780.1
2026-04-16T14:00:00Z,73585.1
2026-04-16T15:00:00Z,69337.8
2026-04-16T16:00:00Z,68705.0
2026-04-16T17:00:00Z,65508.7
2026-04-16T18:00:00Z,61693.7
2026-04-16T19:00:00Z,59470.4
2026-04-16T20:00:00Z,51539.6
2026-04-16T21:00:00Z,53091.8
2026-04-16T22:00:00Z,48610.1
2026-04-16T23:00:00Z,47245.7
2026-04-17T00:00:00Z,50285.6
2026-04-17T01:00:00Z,47244.5
2026-04-17T02:00:00Z,47548.9
2026-04-17T03:00:00Z,51223.8
2026-04-17T04:00:00Z,56201.5
2026-04-17T05:00:00Z,57980.5
2026-04-17T06:00:00Z,63476.1
2026-04-17T07:00:00Z,64714.5
2026-04-17T08:00:00Z,67298.4
2026-04-17T09:00:00Z,70230.6
2026-04-17T10:00:00Z,71336.3
2026-04-17T11:00:00Z,76730.6
2026-04-17T12:00:00Z,75144.5
2026-04-17T13:00:00Z,74325.9
2026-04-17T14:00:00Z,73131.6
2026-04-17T15:00:00Z,72409.1
2026-04-17T16:00:00Z,66713.2
2026-04-17T17:00:00Z,65756.8
2026-04-17T18:00:00Z,62613.1
2026-04-17T19:00:00Z,57789.6
2026-04-17T20:00:00Z,52287.1
2026-04-17T21:00:00Z,50706.9
2026-04-17T22:00:00Z,48370.9
2026-04-17T23:00:00Z,45622.8
2026-04-18T00:00:00Z,43930.9
2026-04-18T01:00:00Z,43125.7
2026-04-18T02:00:00Z,45093.5
2026-04-18T03:00:00Z,45387.5
2026-04-18T04:00:00Z,50340.1
2026-04-18T05:00:00Z,53244.6
2026-04-18T06:00:00Z,57121.7
2026-04-18T07:00:00Z,61161.5
2026-04-18T08:00:00Z,64040.7
2026-04-18T09:00:00Z,67531.5
2026-04-18T10:00:00Z,67636.7
2026-04-18T11:00:00Z,71772.2
2026-04-18T12:00:00Z,73256.9
2026-04-18T13:00:00Z,71150.7
2026-04-18T14:00:00Z,69548.3
2026-04-18T15:00:00Z,68744.9
2026-04-18T16:00:00Z,64050.1
2026-04-18T17:00:00Z,60452.6
2026-04-18T18:00:00Z,57626.6
2026-04-18T19:00:00Z,53111.9
2026-04-18T20:00:00Z,49675.1
2026-04-18T21:00:00Z,47280.9
2026-04-18T22:00:00Z,44621.6
2026-04-18T23:00:00Z,43996.4
2026-04-19T00:00:00Z,43301.0
2026-04-19T01:00:00Z,42975.2
2026-04-19T02:00:00Z,46081.8
2026-04-19T03:00:00Z,47406.1
2026-04-19T04:00:00Z,52958.6
2026-04-19T05:00:00Z,49599.3
2026-04-19T06:00:00Z,55617.2
2026-04-19T07:00:00Z,60055.7
2026-04-19T08:00:00Z,63129.1
2026-04-19T09:00:00Z,67306.7
2026-04-19T10:00:00Z,71265.7
2026-04-19T11:00:00Z,72453.8
2026-04-19T12:00:00Z,70865.8
2026-04-19T13:00:00Z,71955.3
2026-04-19T14:00:00Z,71475.4
2026-04-19T15:00:00Z,68111.5
2026-04-19T16:00:00Z,64184.2
2026-04-19T17:00:00Z,62207.0
2026-04-19T18:00:00Z,56360.8
2026-04-19T19:00:00Z,52910.8
2026-04-19T20:00:00Z,48767.8
2026-04-19T21:00:00Z,46854.5
2026-04-19T22:00:00Z,46412.8
2026-04-19T23:00:00Z,44914.8
2026-04-20T00:00:00Z,45899.7
2026-04-20T01:00:00Z,46982.9
2026-04-20T02:00:00Z,48289.8
2026-04-20T03:00:00Z,50820.9
2026-04-20T04:00:00Z,53161.1
2026-04-20T05:00:00Z,56083.2
2026-04-20T06:00:00Z,61969.2
2026-04-20T07:00:00Z,65210.7
2026-04-20T08:00:00Z,68710.7
2026-04-20T09:00:00Z,71462.3
2026-04-20T10:00:00Z,72969.6
2026-04-20T11:00:00Z,77158.3
2026-04-20T12:00:00Z,75234.5
2026-04-20T13:00:00Z,74767.8
2026-04-20T14:00:00Z,73775.0
2026-04-20T15:00:00Z,71066.9
2026-04-20T16:00:00Z,69587.7
2026-04-20T17:00:00Z,62644.7
2026-04-20T18:00:00Z,60606.8
2026-04-20T19:00:00Z,57243.9
2026-04-20T20:00:00Z,52353.4
2026-04-20T21:00:00Z,50312.9
2026-04-20T22:00:00Z,46680.9
2026-04-20T23:00:00Z,48688.1
2026-04-21T00:00:00Z,47164.5
2026-04-21T01:00:00Z,48308.3
2026-04-21T02:00:00Z,50422.9
2026-04-21T03:00:00Z,51456.6
2026-04-21T04:00:00Z,53989.5
2026-04-21T05:00:00Z,59306.9
2026-04-21T06:00:00Z,59303.9
2026-04-21T07:00:00Z,67266.8
2026-04-21T08:00:00Z,66511.7
2026-04-21T09:00:00Z,71166.7
2026-04-21T10:00:00Z,73765.4
2026-04-21T11:00:00Z,75524.4
2026-04-21T12:00:00Z,74451.2
2026-04-21T13:00:00Z,74547.9
2026-04-21T14:00:00Z,73595.6
2026-04-21T15:00:00Z,70370.1
2026-04-21T16:00:00Z,67443.9
2026-04-21T17:00:00Z,65253.0
2026-04-21T18:00:00Z,61862.3
2026-04-21T19:00:00Z,56037.2
2026-04-21T20:00:00Z,55192.0
2026-04-21T21:00:00Z,51558.5
2026-04-21T22:00:00Z,47001.5
2026-04-21T23:00:00Z,48557.5
2026-04-22T00:00:00Z,46241.9
2026-04-22T01:00:00Z,49000.9
2026-04-22T02:00:00Z,49276.1
2026-04-22T03:00:00Z,51834.4
2026-04-22T04:00:00Z,55816.1
2026-04-22T05:00:00Z,57601.5
2026-04-22T06:00:00Z,61740.2
2026-04-22T07:00:00Z,63552.8
2026-04-22T08:00:00Z,67363.7
2026-04-22T09:00:00Z,73713.7
2026-04-22T10:00:00Z,72234.0
2026-04-22T11:00:00Z,74816.6
2026-04-22T12:00:00Z,74099.7
2026-04-22T13:00:00Z,74289.1
2026-04-22T14:00:00Z,73711.4
2026-04-22T15:00:00Z,72137.1
2026-04-22T16:00:00Z,67452.8
2026-04-22T17:00:00Z,65727.2
2026-04-22T18:00:00Z,61262.4
2026-04-22T19:00:00Z,59971.1
2026-04-22T20:00:00Z,51834.0
2026-04-22T21:00:00Z,50114.6
2026-04-22T22:00:00Z,49363.1
2026-04-22T23:00:00Z,45002.4
2026-04-23T00:00:00Z,47261.2
2026-04-23T01:00:00Z,48519.8
2026-04-23T02:00:00Z,51050.2
2026-04-23T03:00:00Z,49870.9
2026-04-23T04:00:00Z,52412.9
2026-04-23T05:00:00Z,56506.1
2026-04-23T06:00:00Z,61676.5
2026-04-23T07:00:00Z,65665.6
2026-04-23T08:00:00Z,68799.5
2026-04-23T09:00:00Z,70938.4
2026-04-23T10:00:00Z,73128.0
2026-04-23T11:00:00Z,74211.5
2026-04-23T12:00:00Z,73784.0
2026-04-23T13:00:00Z,73772.4
2026-04-23T14:00:00Z,71135.8
2026-04-23T15:00:00Z,71272.9
2026-04-23T16:00:00Z,69495.7
2026-04-23T17:00:00Z,63962.5
2026-04-23T18:00:00Z,60377.1
2026-04-23T19:00:00Z,56286.5
2026-04-23T20:00:00Z,54679.4
2026-04-23T21:00:00Z,49848.5
2026-04-23T22:00:00Z,50863.5
2026-04-23T23:00:00Z,45220.2
2026-04-24T00:00:00Z,48082.9
2026-04-24T01:00:00Z,46805.7
2026-04-24T02:00:00Z,48147.8
2026-04-24T03:00:00Z,53280.2
2026-04-24T04:00:00Z,52690.0
2026-04-24T05:00:00Z,58121.1
2026-04-24T06:00:00Z,61609.5
2026-04-24T07:00:00Z,66175.3
2026-04-24T08:00:00Z,68835.9
2026-04-24T09:00:00Z,71278.4
2026-04-24T10:00:00Z,71604.2
2026-04-24T11:00:00Z,74774.5
2026-04-24T12:00:00Z,77532.6
2026-04-24T13:00:00Z,75967.2
2026-04-24T14:00:00Z,72250.9
2026-04-24T15:00:00Z,72556.9
2026-04-24T16:00:00Z,67693.2
2026-04-24T17:00:00Z,64181.8
2026-04-24T18:00:00Z,60570.4
2026-04-24T19:00:00Z,58298.9
2026-04-24T20:00:00Z,53640.4
2026-04-24T21:00:00Z,51553.4
2026-04-24T22:00:00Z,48918.7
2026-04-24T23:00:00Z,47079.3
2026-04-25T00:00:00Z,42962.6
2026-04-25T01:00:00Z,42437.7
2026-04-25T02:00:00Z,45840.0
2026-04-25T03:00:00Z,46560.8
2026-04-25T04:00:00Z,50947.7
2026-04-25T05:00:00Z,52521.1
2026-04-25T06:00:00Z,56833.5
2026-04-25T07:00:00Z,58633.8
2026-04-25T08:00:00Z,64840.3
2026-04-25T09:00:00Z,69032.2
2026-04-25T10:00:00Z,69566.0
2026-04-25T11:00:00Z,71261.4
2026-04-25T12:00:00Z,70393.7
2026-04-25T13:00:00Z,70006.3
2026-04-25T14:00:00Z,70070.9
2026-04-25T15:00:00Z,65864.7
2026-04-25T16:00:00Z,62916.5
2026-04-25T17:00:00Z,62397.7
2026-04-25T18:00:00Z,57606.1
2026-04-25T19:00:00Z,54892.6
2026-04-25T20:00:00Z,49913.4
2026-04-25T21:00:00Z,45629.1
2026-04-25T22:00:00Z,45213.2
2026-04-25T23:00:00Z,43881.8
2026-04-26T00:00:00Z,44665.2
2026-04-26T01:00:00Z,41521.7
2026-04-26T02:00:00Z,44040.7
2026-04-26T03:00:00Z,49815.7
2026-04-26T04:00:00Z,50587.3
2026-04-26T05:00:00Z,54058.0
2026-04-26T06:00:00Z,58092.8
2026-04-26T07:00:00Z,60437.4
2026-04-26T08:00:00Z,63917.0
2026-04-26T09:00:00Z,66838.8
2026-04-26T10:00:00Z,68044.1
2026-04-26T11:00:00Z,70537.4
2026-04-26T12:00:00Z,70016.7
2026-04-26T13:00:00Z,70286.7
2026-04-26T14:00:00Z,68508.6
2026-04-26T15:00:00Z,66383.2
2026-04-26T16:00:00Z,65410.8
2026-04-26T17:00:00Z,62049.0
2026-04-26T18:00:00Z,58479.5
2026-04-26T19:00:00Z,55909.0
2026-04-26T20:00:00Z,50876.9
2026-04-26T21:00:00Z,46043.4
2026-04-26T22:00:00Z,45357.0
2026-04-26T23:00:00Z,43226.1
2026-04-27T00:00:00Z,47433.2
2026-04-27T01:00:00Z,46873.8
2026-04-27T02:00:00Z,49089.8
2026-04-27T03:00:00Z,50093.7
2026-04-27T04:00:00Z,52825.4
2026-04-27T05:00:00Z,59001.5
2026-04-27T06:00:00Z,60811.5
2026-04-27T07:00:00Z,63907.5
2026-04-27T08:00:00Z,68109.3
2026-04-27T09:00:00Z,71978.6
2026-04-27T10:00:00Z,73634.9
2026-04-27T11:00:00Z,73819.7
2026-04-27T12:00:00Z,74853.6
2026-04-27T13:00:00Z,74095.3
2026-04-27T14:00:00Z,71476.2
2026-04-27T15:00:00Z,68782.5
2026-04-27T16:00:00Z,65887.9
2026-04-27T17:00:00Z,66444.3
2026-04-27T18:00:00Z,60296.4
2026-04-27T19:00:00Z,55341.4
2026-04-27T20:00:00Z,55506.4
2026-04-27T21:00:00Z,51518.0
2026-04-27T22:00:00Z,48221.3
2026-04-27T23:00:00Z,46184.1
2026-04-28T00:00:00Z,47468.1
2026-04-28T01:00:00Z,47470.2
2026-04-28T02:00:00Z,48360.2
2026-04-28T03:00:00Z,51874.1
2026-04-28T04:00:00Z,54285.2
2026-04-28T05:00:00Z,57292.3
2026-04-28T06:00:00Z,60257.0
2026-04-28T07:00:00Z,65100.4
2026-04-28T08:00:00Z,68419.6
2026-04-28T09:00:00Z,70491.5
2026-04-28T10:00:00Z,74397.5
2026-04-28T11:00:00Z,74876.4
2026-04-28T12:00:00Z,73987.9
2026-04-28T13:00:00Z,75338.7
2026-04-28T14:00:00Z,73745.4
2026-04-28T15:00:00Z,71796.6
2026-04-28T16:00:00Z,65611.4
2026-04-28T17:00:00Z,64932.9
2026-04-28T18:00:00Z,62288.5
2026-04-28T19:00:00Z,56574.0
2026-04-28T20:00:00Z,55235.6
2026-04-28T21:00:00Z,52415.8
2026-04-28T22:00:00Z,49701.7
2026-04-28T23:00:00Z,50653.5
2026-04-29T00:00:00Z,48017.2
2026-04-29T01:00:00Z,46158.3
2026-04-29T02:00:00Z,49454.2
2026-04-29T03:00:00Z,51502.8
2026-04-29T04:00:00Z,56265.9
2026-04-29T05:00:00Z,58474.8
2026-04-29T06:00:00Z,62590.7
2026-04-29T07:00:00Z,64392.1
2026-04-29T08:00:00Z,69208.0
2026-04-29T09:00:00Z,70098.1
2026-04-29T10:00:00Z,72318.9
2026-04-29T11:00:00Z,75396.9
2026-04-29T12:00:00Z,73660.0
2026-04-29T13:00:00Z,73894.0
2026-04-29T14:00:00Z,72839.2
2026-04-29T15:00:00Z,71108.7
2026-04-29T16:00:00Z,68169.9
2026-04-29T17:00:00Z,63931.0
2026-04-29T18:00:00Z,61079.0
2026-04-29T19:00:00Z,58199.1
2026-04-29T20:00:00Z,55006.7
2026-04-29T21:00:00Z,50967.8
2026-04-29T22:00:00Z,48866.4
2026-04-29T23:00:00Z,47733.0
2026-04-30T00:00:00Z,45035.4
2026-04-30T01:00:00Z,46466.2
2026-04-30T02:00:00Z,48977.5
2026-04-30T03:00:00Z,52901.5
2026-04-30T04:00:00Z,55501.9
2026-04-30T05:00:00Z,56962.5
2026-04-30T06:00:00Z,60750.4
2026-04-30T07:00:00Z,64030.0
2026-04-30T08:00:00Z,68164.2
2026-04-30T09:00:00Z,71877.7
2026-04-30T10:00:00Z,72316.4
2026-04-30T11:00:00Z,75289.0
2026-04-30T12:00:00Z,76042.6
2026-04-30T13:00:00Z,77018.0
2026-04-30T14:00:00Z,74365.3
2026-04-30T15:00:00Z,72047.3
2026-04-30T16:00:00Z,68100.0
2026-04-30T17:00:00Z,64254.1
2026-04-30T18:00:00Z,59912.9
2026-04-30T19:00:00Z,58927.1
2026-04-30T20:00:00Z,54956.7
2026-04-30T21:00:00Z,53175.4
2026-04-30T22:00:00Z,50660.6
2026-04-30T23:00:00Z,47410.6
2026-05-01T00:00:00Z,46588.6
2026-05-01T01:00:00Z,47146.1
2026-05-01T02:00:00Z,50516.1
2026-05-01T03:00:00Z,53712.2
2026-05-01T04:00:00Z,57320.2
2026-05-01T05:00:00Z,59015.4
2026-05-01T06:00:00Z,62862.6
2026-05-01T07:00:00Z,66787.8
2026-05-01T08:00:00Z,70016.4
2026-05-01T09:00:00Z,72606.0
2026-05-01T10:00:00Z,73745.4
2026-05-01T11:00:00Z,76657.8
2026-05-01T12:00:00Z,76180.1
2026-05-01T13:00:00Z,75809.4
2026-05-01T14:00:00Z,73690.1
2026-05-01T15:00:00Z,72360.0
2026-05-01T16:00:00Z,68335.7
2026-05-01T17:00:00Z,62982.5
2026-05-01T18:00:00Z,61885.4
2026-05-01T19:00:00Z,57783.5
2026-05-01T20:00:00Z,55018.3
2026-05-01T21:00:00Z,49808.5
2026-05-01T22:00:00Z,50898.0
2026-05-01T23:00:00Z,47514.8
2026-05-02T00:00:00Z,41346.1
2026-05-02T01:00:00Z,45764.2
2026-05-02T02:00:00Z,42835.8
2026-05-02T03:00:00Z,47202.5
2026-05-02T04:00:00Z,51431.9
2026-05-02T05:00:00Z,54197.6
2026-05-02T06:00:00Z,56914.5
2026-05-02T07:00:00Z,62471.0
2026-05-02T08:00:00Z,66298.2
2026-05-02T09:00:00Z,68456.9
2026-05-02T10:00:00Z,69706.1
2026-05-02T11:00:00Z,71912.9
2026-05-02T12:00:00Z,73924.9
2026-05-02T13:00:00Z,71398.6
2026-05-02T14:00:00Z,68204.2
2026-05-02T15:00:00Z,66254.6
2026-05-02T16:00:00Z,64183.0
2026-05-02T17:00:00Z,62216.6
2026-05-02T18:00:00Z,54931.9
2026-05-02T19:00:00Z,55089.8
2026-05-02T20:00:00Z,49426.1
2026-05-02T21:00:00Z,47738.5
2026-05-02T22:00:00Z,43451.9
2026-05-02T23:00:00Z,45490.5
2026-05-03T00:00:00Z,43763.1
2026-05-03T01:00:00Z,45272.3
2026-05-03T02:00:00Z,48919.3
2026-05-03T03:00:00Z,49049.2
2026-05-03T04:00:00Z,52288.0
2026-05-03T05:00:00Z,55211.5
2026-05-03T06:00:00Z,58264.0
2026-05-03T07:00:00Z,59170.8
2026-05-03T08:00:00Z,64574.0
2026-05-03T09:00:00Z,66824.4
2026-05-03T10:00:00Z,69351.9
2026-05-03T11:00:00Z,69146.2
2026-05-03T12:00:00Z,72154.3
2026-05-03T13:00:00Z,71278.9
2026-05-03T14:00:00Z,69171.4
2026-05-03T15:00:00Z,67320.7
2026-05-03T16:00:00Z,65161.3
2026-05-03T17:00:00Z,59112.7
2026-05-03T18:00:00Z,56743.2
2026-05-03T19:00:00Z,53059.8
2026-05-03T20:00:00Z,50476.4
2026-05-03T21:00:00Z,46677.6
2026-05-03T22:00:00Z,44819.9
2026-05-03T23:00:00Z,44504.1
2026-05-04T00:00:00Z,49647.8
2026-05-04T01:00:00Z,48177.6
2026-05-04T02:00:00Z,49042.4
2026-05-04T03:00:00Z,52326.1
2026-05-04T04:00:00Z,54334.1
2026-05-04T05:00:00Z,57582.4
2026-05-04T06:00:00Z,59538.7
2026-05-04T07:00:00Z,64919.1
2026-05-04T08:00:00Z,68712.9
2026-05-04T09:00:00Z,69971.5
2026-05-04T10:00:00Z,73489.2
2026-05-04T11:00:00Z,73993.7
2026-05-04T12:00:00Z,76910.8
2026-05-04T13:00:00Z,76789.4
2026-05-04T14:00:00Z,76940.0
2026-05-04T15:00:00Z,72079.5
2026-05-04T16:00:00Z,70674.2
2026-05-04T17:00:00Z,63901.2
2026-05-04T18:00:00Z,62427.5
2026-05-04T19:00:00Z,59169.0
2026-05-04T20:00:00Z,55840.5
2026-05-04T21:00:00Z,51781.9
2026-05-04T22:00:00Z,48015.0
2026-05-04T23:00:00Z,47756.8
2026-05-05T00:00:00Z,45981.0
2026-05-05T01:00:00Z,50153.8
2026-05-05T02:00:00Z,50183.4
2026-05-05T03:00:00Z,52577.1
2026-05-05T04:00:00Z,53439.5
2026-05-05T05:00:00Z,59177.4
2026-05-05T06:00:00Z,60788.8
2026-05-05T07:00:00Z,65619.9
2026-05-05T08:00:00Z,68847.5
2026-05-05T09:00:00Z,71677.7
2026-05-05T10:00:00Z,74569.1
2026-05-05T11:00:00Z,74520.0
2026-05-05T12:00:00Z,74730.8
2026-05-05T13:00:00Z,76283.0
2026-05-05T14:00:00Z,74876.4
2026-05-05T15:00:00Z,73068.8
2026-05-05T16:00:00Z,69753.7
2026-05-05T17:00:00Z,68062.1
2026-05-05T18:00:00Z,65025.8
2026-05-05T19:00:00Z,58765.9
2026-05-05T20:00:00Z,54950.5
2026-05-05T21:00:00Z,50530.7
2026-05-05T22:00:00Z,50253.8
2026-05-05T23:00:00Z,47787.1
2026-05-06T00:00:00Z,46318.3
2026-05-06T01:00:00Z,48642.2
2026-05-06T02:00:00Z,49244.9
2026-05-06T03:00:00Z,51554.2
2026-05-06T04:00:00Z,55070.0
2026-05-06T05:00:00Z,56888.2
2026-05-06T06:00:00Z,61648.5
2026-05-06T07:00:00Z,66437.0
2026-05-06T08:00:00Z,68674.4
2026-05-06T09:00:00Z,71200.5
2026-05-06T10:00:00Z,72785.9
2026-05-06T11:00:00Z,75715.4
2026-05-06T12:00:00Z,76592.6
2026-05-06T13:00:00Z,77671.2
2026-05-06T14:00:00Z,72669.7
2026-05-06T15:00:00Z,71519.7
2026-05-06T16:00:00Z,70408.2
2026-05-06T17:00:00Z,64078.2
2026-05-06T18:00:00Z,63585.0
2026-05-06T19:00:00Z,56959.0
2026-05-06T20:00:00Z,56031.6
2026-05-06T21:00:00Z,52609.3
2026-05-06T22:00:00Z,49889.5
2026-05-06T23:00:00Z,48169.5
2026-05-07T00:00:00Z,46028.1
2026-05-07T01:00:00Z,49973.3
2026-05-07T02:00:00Z,49215.2
2026-05-07T03:00:00Z,50877.9
2026-05-07T04:00:00Z,55611.6
2026-05-07T05:00:00Z,58546.7
2026-05-07T06:00:00Z,62713.2
2026-05-07T07:00:00Z,63559.9
2026-05-07T08:00:00Z,67891.1
2026-05-07T09:00:00Z,71475.0
2026-05-07T10:00:00Z,73076.7
2026-05-07T11:00:00Z,76830.6
2026-05-07T12:00:00Z,75676.9
2026-05-07T13:00:00Z,76022.5
2026-05-07T14:00:00Z,74720.4
2026-05-07T15:00:00Z,72649.5
2026-05-07T16:00:00Z,69356.6
2026-05-07T17:00:00Z,65587.6
2026-05-07T18:00:00Z,60995.9
2026-05-07T19:00:00Z,58396.0
2026-05-07T20:00:00Z,55775.5
2026-05-07T21:00:00Z,52782.1
2026-05-07T22:00:00Z,50459.6
2026-05-07T23:00:00Z,48451.7
2026-05-08T00:00:00Z,48399.7
2026-05-08T01:00:00Z,47210.2
2026-05-08T02:00:00Z,49707.7
2026-05-08T03:00:00Z,52542.7
2026-05-08T04:00:00Z,54151.5
2026-05-08T05:00:00Z,59077.9
2026-05-08T06:00:00Z,61863.9
2026-05-08T07:00:00Z,64654.7
2026-05-08T08:00:00Z,71732.1
2026-05-08T09:00:00Z,71260.1
2026-05-08T10:00:00Z,73257.5
2026-05-08T11:00:00Z,76615.5
2026-05-08T12:00:00Z,75964.0
2026-05-08T13:00:00Z,76614.8
2026-05-08T14:00:00Z,73159.2
2026-05-08T15:00:00Z,71802.1
2026-05-08T16:00:00Z,70066.1
2026-05-08T17:00:00Z,66804.8
2026-05-08T18:00:00Z,62561.4
2026-05-08T19:00:00Z,57917.8
2026-05-08T20:00:00Z,54025.0
2026-05-08T21:00:00Z,52404.6
2026-05-08T22:00:00Z,50429.9
2026-05-08T23:00:00Z,46828.0
2026-05-09T00:00:00Z,45752.5
2026-05-09T01:00:00Z,43188.5
2026-05-09T02:00:00Z,46832.3
2026-05-09T03:00:00Z,47466.4
2026-05-09T04:00:00Z,50203.3
2026-05-09T05:00:00Z,54601.0
2026-05-09T06:00:00Z,57252.9
2026-05-09T07:00:00Z,62739.1
2026-05-09T08:00:00Z,64658.2
2026-05-09T09:00:00Z,68251.0
2026-05-09T10:00:00Z,72282.5
2026-05-09T11:00:00Z,71086.7
2026-05-09T12:00:00Z,71769.3
2026-05-09T13:00:00Z,73112.7
2026-05-09T14:00:00Z,70659.9
2026-05-09T15:00:00Z,68394.2
2026-05-09T16:00:00Z,65128.6
2026-05-09T17:00:00Z,62885.8
2026-05-09T18:00:00Z,59009.6
2026-05-09T19:00:00Z,55858.9
2026-05-09T20:00:00Z,48185.2
2026-05-09T21:00:00Z,48601.2
2026-05-09T22:00:00Z,48689.4
2026-05-09T23:00:00Z,43189.8
2026-05-10T00:00:00Z,44732.7
2026-05-10T01:00:00Z,45616.4
2026-05-10T02:00:00Z,47648.6
2026-05-10T03:00:00Z,47201.7
2026-05-10T04:00:00Z,51556.8
2026-05-10T05:00:00Z,54740.6
2026-05-10T06:00:00Z,56957.7
2026-05-10T07:00:00Z,59901.2
2026-05-10T08:00:00Z,65189.2
2026-05-10T09:00:00Z,69542.4
2026-05-10T10:00:00Z,71206.9
2026-05-10T11:00:00Z,72297.8
2026-05-10T12:00:00Z,71741.8
2026-05-10T13:00:00Z,72731.3
2026-05-10T14:00:00Z,71250.0
2026-05-10T15:00:00Z,68987.7
2026-05-10T16:00:00Z,65520.3
2026-05-10T17:00:00Z,61225.7
2026-05-10T18:00:00Z,58213.2
2026-05-10T19:00:00Z,52699.2
2026-05-10T20:00:00Z,53602.2
2026-05-10T21:00:00Z,49755.7
2026-05-10T22:00:00Z,47756.8
2026-05-10T23:00:00Z,44432.4
2026-05-11T00:00:00Z,48668.4
2026-05-11T01:00:00Z,50295.9
2026-05-11T02:00:00Z,49509.9
2026-05-11T03:00:00Z,51660.7
2026-05-11T04:00:00Z,54383.9
2026-05-11T05:00:00Z,56988.8
2026-05-11T06:00:00Z,60432.8
2026-05-11T07:00:00Z,67718.9
2026-05-11T08:00:00Z,67792.2
2026-05-11T09:00:00Z,71854.7
2026-05-11T10:00:00Z,75541.2
2026-05-11T11:00:00Z,76395.2
2026-05-11T12:00:00Z,76808.3
2026-05-11T13:00:00Z,77113.1
2026-05-11T14:00:00Z,75921.5
2026-05-11T15:00:00Z,72192.0
2026-05-11T16:00:00Z,67706.7
2026-05-11T17:00:00Z,65205.0
2026-05-11T18:00:00Z,63133.2
2026-05-11T19:00:00Z,59806.3
2026-05-11T20:00:00Z,54002.9
2026-05-11T21:00:00Z,52862.5
2026-05-11T22:00:00Z,50439.2
2026-05-11T23:00:00Z,48377.8
2026-05-12T00:00:00Z,47668.0
2026-05-12T01:00:00Z,48495.0
2026-05-12T02:00:00Z,48273.3
2026-05-12T03:00:00Z,52514.7
2026-05-12T04:00:00Z,55151.6
2026-05-12T05:00:00Z,58480.3
2026-05-12T06:00:00Z,62712.3
2026-05-12T07:00:00Z,68790.3
2026-05-12T08:00:00Z,70931.4
2026-05-12T09:00:00Z,71278.7
2026-05-12T10:00:00Z,75246.1
2026-05-12T11:00:00Z,75693.2
2026-05-12T12:00:00Z,76879.0
2026-05-12T13:00:00Z,76980.2
2026-05-12T14:00:00Z,74444.1
2026-05-12T15:00:00Z,71971.1
2026-05-12T16:00:00Z,67525.6
2026-05-12T17:00:00Z,66236.0
2026-05-12T18:00:00Z,62442.1
2026-05-12T19:00:00Z,58091.6
2026-05-12T20:00:00Z,57719.7
2026-05-12T21:00:00Z,52647.0
2026-05-12T22:00:00Z,50551.5
2026-05-12T23:00:00Z,49164.7
2026-05-13T00:00:00Z,50802.6
2026-05-13T01:00:00Z,49536.7
2026-05-13T02:00:00Z,49701.0
2026-05-13T03:00:00Z,51366.8
2026-05-13T04:00:00Z,54320.2
2026-05-13T05:00:00Z,60173.0
2026-05-13T06:00:00Z,63518.4
2026-05-13T07:00:00Z,66881.9
2026-05-13T08:00:00Z,71307.1
2026-05-13T09:00:00Z,75105.3
2026-05-13T10:00:00Z,73082.6
2026-05-13T11:00:00Z,76442.2
2026-05-13T12:00:00Z,74114.4
2026-05-13T13:00:00Z,75645.3
2026-05-13T14:00:00Z,75976.5
2026-05-13T15:00:00Z,74355.8
2026-05-13T16:00:00Z,70032.4
2026-05-13T17:00:00Z,67448.7
2026-05-13T18:00:00Z,61993.5
2026-05-13T19:00:00Z,58931.1
2026-05-13T20:00:00Z,56675.4
2026-05-13T21:00:00Z,52379.8
2026-05-13T22:00:00Z,50217.7
2026-05-13T23:00:00Z,50531.6
2026-05-14T00:00:00Z,50845.4
2026-05-14T01:00:00Z,47779.8
2026-05-14T02:00:00Z,50913.8
2026-05-14T03:00:00Z,52853.8
2026-05-14T04:00:00Z,55009.4
2026-05-14T05:00:00Z,60855.7
2026-05-14T06:00:00Z,63540.9
2026-05-14T07:00:00Z,65877.8
2026-05-14T08:00:00Z,70585.3
2026-05-14T09:00:00Z,71765.1
2026-05-14T10:00:00Z,75587.0
2026-05-14T11:00:00Z,76682.7
2026-05-14T12:00:00Z,77054.8
2026-05-14T13:00:00Z,76761.9
2026-05-14T14:00:00Z,74788.2
2026-05-14T15:00:00Z,73145.2
2026-05-14T16:00:00Z,70969.2
2026-05-14T17:00:00Z,64894.1
2026-05-14T18:00:00Z,64976.5
2026-05-14T19:00:00Z,58972.5
2026-05-14T20:00:00Z,55272.6
2026-05-14T21:00:00Z,52909.9
2026-05-14T22:00:00Z,50382.3
2026-05-14T23:00:00Z,48031.6
2026-05-15T00:00:00Z,49147.9
2026-05-15T01:00:00Z,48638.9
2026-05-15T02:00:00Z,49399.9
2026-05-15T03:00:00Z,55555.4
2026-05-15T04:00:00Z,55966.8
2026-05-15T05:00:00Z,60897.2
2026-05-15T06:00:00Z,63511.2
2026-05-15T07:00:00Z,66485.8
2026-05-15T08:00:00Z,70589.8
2026-05-15T09:00:00Z,72551.4
2026-05-15T10:00:00Z,75927.5
2026-05-15T11:00:00Z,74365.7
2026-05-15T12:00:00Z,77176.4
2026-05-15T13:00:00Z,75312.2
2026-05-15T14:00:00Z,75076.4
2026-05-15T15:00:00Z,71253.4
2026-05-15T16:00:00Z,69280.1
2026-05-15T17:00:00Z,67974.1
2026-05-15T18:00:00Z,63623.9
2026-05-15T19:00:00Z,57889.6
2026-05-15T20:00:00Z,54422.7
2026-05-15T21:00:00Z,53275.3
2026-05-15T22:00:00Z,49677.0
2026-05-15T23:00:00Z,50466.1
2026-05-16T00:00:00Z,44124.6
2026-05-16T01:00:00Z,44986.9
2026-05-16T02:00:00Z,45250.0
2026-05-16T03:00:00Z,50765.5
2026-05-16T04:00:00Z,54638.4
2026-05-16T05:00:00Z,55164.6
2026-05-16T06:00:00Z,59383.6
2026-05-16T07:00:00Z,61929.4
2026-05-16T08:00:00Z,67032.8
2026-05-16T09:00:00Z,68349.8
2026-05-16T10:00:00Z,70068.9
2026-05-16T11:00:00Z,74342.5
2026-05-16T12:00:00Z,74518.6
2026-05-16T13:00:00Z,73332.1
2026-05-16T14:00:00Z,71802.4
2026-05-16T15:00:00Z,69195.1
2026-05-16T16:00:00Z,66171.0
2026-05-16T17:00:00Z,63521.9
2026-05-16T18:00:00Z,60577.1
2026-05-16T19:00:00Z,56319.3
2026-05-16T20:00:00Z,53922.0
2026-05-16T21:00:00Z,49234.3
2026-05-16T22:00:00Z,48752.9
2026-05-16T23:00:00Z,43825.0
2026-05-17T00:00:00Z,43941.9
2026-05-17T01:00:00Z,45753.6
2026-05-17T02:00:00Z,45968.3
2026-05-17T03:00:00Z,48306.9
2026-05-17T04:00:00Z,51597.7
2026-05-17T05:00:00Z,57487.7
2026-05-17T06:00:00Z,61887.5
2026-05-17T07:00:00Z,61380.8
2026-05-17T08:00:00Z,64322.5
2026-05-17T09:00:00Z,69313.4
2026-05-17T10:00:00Z,72018.8
2026-05-17T11:00:00Z,72180.2
2026-05-17T12:00:00Z,72856.8
2026-05-17T13:00:00Z,72351.0
2026-05-17T14:00:00Z,70290.7
2026-05-17T15:00:00Z,70280.4
2026-05-17T16:00:00Z,67411.4
2026-05-17T17:00:00Z,62669.4
2026-05-17T18:00:00Z,57984.8
2026-05-17T19:00:00Z,55590.8
2026-05-17T20:00:00Z,50181.8
2026-05-17T21:00:00Z,47482.7
2026-05-17T22:00:00Z,46786.7
2026-05-17T23:00:00Z,44854.5
2026-05-18T00:00:00Z,50311.3
2026-05-18T01:00:00Z,49387.6
2026-05-18T02:00:00Z,49852.5
2026-05-18T03:00:00Z,53119.3
2026-05-18T04:00:00Z,56414.0
2026-05-18T05:00:00Z,61453.8
2026-05-18T06:00:00Z,63735.5
2026-05-18T07:00:00Z,68797.0
2026-05-18T08:00:00Z,68526.4
2026-05-18T09:00:00Z,75565.7
2026-05-18T10:00:00Z,75217.7
2026-05-18T11:00:00Z,76542.5
2026-05-18T12:00:00Z,76183.8
2026-05-18T13:00:00Z,77544.2
2026-05-18T14:00:00Z,75552.4
2026-05-18T15:00:00Z,74073.9
2026-05-18T16:00:00Z,68594.9
2026-05-18T17:00:00Z,66262.1
2026-05-18T18:00:00Z,63519.4
2026-05-18T19:00:00Z,58725.8
2026-05-18T20:00:00Z,54818.8
2026-05-18T21:00:00Z,51180.7
2026-05-18T22:00:00Z,49936.0
2026-05-18T23:00:00Z,47301.3
2026-05-19T00:00:00Z,50275.0
2026-05-19T01:00:00Z,51407.5
2026-05-19T02:00:00Z,49589.8
2026-05-19T03:00:00Z,52399.4
2026-05-19T04:00:00Z,55147.7
2026-05-19T05:00:00Z,59143.4
2026-05-19T06:00:00Z,62019.3
2026-05-19T07:00:00Z,66350.2
2026-05-19T08:00:00Z,68679.7
2026-05-19T09:00:00Z,74169.7
2026-05-19T10:00:00Z,73273.0
2026-05-19T11:00:00Z,76954.9
2026-05-19T12:00:00Z,76997.6
2026-05-19T13:00:00Z,76263.0
2026-05-19T14:00:00Z,74732.2
2026-05-19T15:00:00Z,74269.3
2026-05-19T16:00:00Z,67379.0
2026-05-19T17:00:00Z,67147.1
2026-05-19T18:00:00Z,62344.4
2026-05-19T19:00:00Z,59538.3
2026-05-19T20:00:00Z,55678.0
2026-05-19T21:00:00Z,52286.0
2026-05-19T22:00:00Z,51654.6
2026-05-19T23:00:00Z,50000.8
2026-05-20T00:00:00Z,48392.4
2026-05-20T01:00:00Z,50077.6
2026-05-20T02:00:00Z,52451.2
2026-05-20T03:00:00Z,53777.8
2026-05-20T04:00:00Z,54935.8
2026-05-20T05:00:00Z,59108.2
2026-05-20T06:00:00Z,64283.0
2026-05-20T07:00:00Z,67238.7
2026-05-20T08:00:00Z,70917.6
2026-05-20T09:00:00Z,74383.9
2026-05-20T10:00:00Z,77273.8
2026-05-20T11:00:00Z,77546.4
2026-05-20T12:00:00Z,78022.7
2026-05-20T13:00:00Z,77210.7
2026-05-20T14:00:00Z,77710.2
2026-05-20T15:00:00Z,75626.4
2026-05-20T16:00:00Z,70864.6
2026-05-20T17:00:00Z,66641.3
2026-05-20T18:00:00Z,63555.6
2026-05-20T19:00:00Z,58802.1
2026-05-20T20:00:00Z,56947.1
2026-05-20T21:00:00Z,52677.2
2026-05-20T22:00:00Z,49598.8
2026-05-20T23:00:00Z,48784.7
2026-05-21T00:00:00Z,50099.0
2026-05-21T01:00:00Z,49880.9
2026-05-21T02:00:00Z,51079.9
2026-05-21T03:00:00Z,52722.4
2026-05-21T04:00:00Z,56634.4
2026-05-21T05:00:00Z,59202.6
2026-05-21T06:00:00Z,63827.1
2026-05-21T07:00:00Z,67023.0
2026-05-21T08:00:00Z,70924.1
2026-05-21T09:00:00Z,72031.5
2026-05-21T10:00:00Z,77584.1
2026-05-21T11:00:00Z,77240.6
2026-05-21T12:00:00Z,78890.6
2026-05-21T13:00:00Z,76580.9
2026-05-21T14:00:00Z,75318.6
2026-05-21T15:00:00Z,73089.2
2026-05-21T16:00:00Z,69762.7
2026-05-21T17:00:00Z,67454.3
2026-05-21T18:00:00Z,64090.3
2026-05-21T19:00:00Z,60667.7
2026-05-21T20:00:00Z,57777.3
2026-05-21T21:00:00Z,53773.0
2026-05-21T22:00:00Z,50674.7
2026-05-21T23:00:00Z,48602.8
2026-05-22T00:00:00Z,49351.1
2026-05-22T01:00:00Z,49052.7
2026-05-22T02:00:00Z,49967.2
2026-05-22T03:00:00Z,55724.0
2026-05-22T04:00:00Z,57346.9
2026-05-22T05:00:00Z,62322.2
2026-05-22T06:00:00Z,64157.7
2026-05-22T07:00:00Z,66520.3
2026-05-22T08:00:00Z,69318.4
2026-05-22T09:00:00Z,73919.9
2026-05-22T10:00:00Z,76584.3
2026-05-22T11:00:00Z,75641.3
2026-05-22T12:00:00Z,78976.5
2026-05-22T13:00:00Z,75939.6
2026-05-22T14:00:00Z,74308.1
2026-05-22T15:00:00Z,75711.1
2026-05-22T16:00:00Z,70023.4
2026-05-22T17:00:00Z,67604.2
2026-05-22T18:00:00Z,61866.3
2026-05-22T19:00:00Z,59527.1
2026-05-22T20:00:00Z,56783.2
2026-05-22T21:00:00Z,54837.7
2026-05-22T22:00:00Z,52669.5
2026-05-22T23:00:00Z,49690.1
2026-05-23T00:00:00Z,46410.1
2026-05-23T01:00:00Z,45285.6
2026-05-23T02:00:00Z,49016.8
2026-05-23T03:00:00Z,51621.3
2026-05-23T04:00:00Z,52302.9
2026-05-23T05:00:00Z,56387.6
2026-05-23T06:00:00Z,58642.5
2026-05-23T07:00:00Z,64894.8
2026-05-23T08:00:00Z,66466.0
2026-05-23T09:00:00Z,69314.3
2026-05-23T10:00:00Z,72829.4
2026-05-23T11:00:00Z,74320.1
2026-05-23T12:00:00Z,73786.8
2026-05-23T13:00:00Z,76042.5
2026-05-23T14:00:00Z,72189.9
2026-05-23T15:00:00Z,68966.5
2026-05-23T16:00:00Z,66607.2
2026-05-23T17:00:00Z,64759.2
2026-05-23T18:00:00Z,59176.0
2026-05-23T19:00:00Z,56251.2
2026-05-23T20:00:00Z,53409.4
2026-05-23T21:00:00Z,50811.1
2026-05-23T22:00:00Z,47447.8
2026-05-23T23:00:00Z,46126.4
2026-05-24T00:00:00Z,47765.2
2026-05-24T01:00:00Z,46458.5
2026-05-24T02:00:00Z,50423.2
2026-05-24T03:00:00Z,52361.4
2026-05-24T04:00:00Z,52326.7
2026-05-24T05:00:00Z,56154.8
2026-05-24T06:00:00Z,59085.2
2026-05-24T07:00:00Z,65018.3
2026-05-24T08:00:00Z,67076.6
2026-05-24T09:00:00Z,71244.8
2026-05-24T10:00:00Z,71308.6
2026-05-24T11:00:00Z,73985.0
2026-05-24T12:00:00Z,75413.7
2026-05-24T13:00:00Z,73461.7
2026-05-24T14:00:00Z,70850.6
2026-05-24T15:00:00Z,70082.3
2026-05-24T16:00:00Z,68656.7
2026-05-24T17:00:00Z,62268.0
2026-05-24T18:00:00Z,62143.1
2026-05-24T19:00:00Z,57672.6
2026-05-24T20:00:00Z,53947.2
2026-05-24T21:00:00Z,49100.4
2026-05-24T22:00:00Z,47623.4
2026-05-24T23:00:00Z,46990.3
2026-05-25T00:00:00Z,48312.7
2026-05-25T01:00:00Z,49696.8
2026-05-25T02:00:00Z,50974.0
2026-05-25T03:00:00Z,54959.9
2026-05-25T04:00:00Z,57243.2
2026-05-25T05:00:00Z,61108.8
2026-05-25T06:00:00Z,64298.6
2026-05-25T07:00:00Z,66610.6
2026-05-25T08:00:00Z,69225.5
2026-05-25T09:00:00Z,75846.0
2026-05-25T10:00:00Z,76701.1
2026-05-25T11:00:00Z,76012.5
2026-05-25T12:00:00Z,78137.5
2026-05-25T13:00:00Z,75879.0
2026-05-25T14:00:00Z,77086.4
2026-05-25T15:00:00Z,74108.2
2026-05-25T16:00:00Z,72058.6
2026-05-25T17:00:00Z,68702.7
2026-05-25T18:00:00Z,64863.7
2026-05-25T19:00:00Z,62167.7
2026-05-25T20:00:00Z,57275.1
2026-05-25T21:00:00Z,56467.1
2026-05-25T22:00:00Z,51215.9
2026-05-25T23:00:00Z,50562.2
2026-05-26T00:00:00Z,49535.5
2026-05-26T01:00:00Z,51974.0
2026-05-26T02:00:00Z,52599.6
2026-05-26T03:00:00Z,53707.2
2026-05-26T04:00:00Z,54864.5
2026-05-26T05:00:00Z,61392.4
2026-05-26T06:00:00Z,64266.5
2026-05-26T07:00:00Z,67795.8
2026-05-26T08:00:00Z,71324.7
2026-05-26T09:00:00Z,74863.6
2026-05-26T10:00:00Z,75891.6
2026-05-26T11:00:00Z,78805.3
2026-05-26T12:00:00Z,77000.9
2026-05-26T13:00:00Z,77893.5
2026-05-26T14:00:00Z,77362.4
2026-05-26T15:00:00Z,72744.3
2026-05-26T16:00:00Z,72853.3
2026-05-26T17:00:00Z,68559.6
2026-05-26T18:00:00Z,63061.8
2026-05-26T19:00:00Z,62211.3
2026-05-26T20:00:00Z,58384.9
2026-05-26T21:00:00Z,56488.8
2026-05-26T22:00:00Z,53418.0
2026-05-26T23:00:00Z,52821.7
2026-05-27T00:00:00Z,50543.6
2026-05-27T01:00:00Z,52533.7
2026-05-27T02:00:00Z,54230.2
2026-05-27T03:00:00Z,56818.2
2026-05-27T04:00:00Z,56954.1
2026-05-27T05:00:00Z,61600.7
2026-05-27T06:00:00Z,66238.7
2026-05-27T07:00:00Z,69687.5
2026-05-27T08:00:00Z,71468.7
2026-05-27T09:00:00Z,74371.3
2026-05-27T10:00:00Z,76737.4
2026-05-27T11:00:00Z,78405.6
2026-05-27T12:00:00Z,79033.7
2026-05-27T13:00:00Z,78438.3
2026-05-27T14:00:00Z,76099.5
2026-05-27T15:00:00Z,73624.3
2026-05-27T16:00:00Z,72603.2
2026-05-27T17:00:00Z,68406.6
2026-05-27T18:00:00Z,65593.5
2026-05-27T19:00:00Z,61626.0
2026-05-27T20:00:00Z,58223.7
2026-05-27T21:00:00Z,55814.6
2026-05-27T22:00:00Z,53493.8
2026-05-27T23:00:00Z,50662.1
2026-05-28T00:00:00Z,51365.8
2026-05-28T01:00:00Z,50782.7
2026-05-28T02:00:00Z,51604.2
2026-05-28T03:00:00Z,54184.4
2026-05-28T04:00:00Z,59183.0
2026-05-28T05:00:00Z,60081.3
2026-05-28T06:00:00Z,64537.5
2026-05-28T07:00:00Z,68089.7
2026-05-28T08:00:00Z,73707.9
2026-05-28T09:00:00Z,75330.9
2026-05-28T10:00:00Z,75837.5
2026-05-28T11:00:00Z,78867.3
2026-05-28T12:00:00Z,79663.8
2026-05-28T13:00:00Z,79965.3
2026-05-28T14:00:00Z,74537.3
2026-05-28T15:00:00Z,73611.9
2026-05-28T16:00:00Z,73317.7
2026-05-28T17:00:00Z,68474.4
2026-05-28T18:00:00Z,65494.6
2026-05-28T19:00:00Z,62433.0
2026-05-28T20:00:00Z,58214.3
2026-05-28T21:00:00Z,54955.7
2026-05-28T22:00:00Z,52197.1
2026-05-28T23:00:00Z,50352.3
2026-05-29T00:00:00Z,50149.1
2026-05-29T01:00:00Z,52851.5
2026-05-29T02:00:00Z,52939.2
2026-05-29T03:00:00Z,55866.3
2026-05-29T04:00:00Z,57331.5
2026-05-29T05:00:00Z,59402.3
2026-05-29T06:00:00Z,65436.9
2026-05-29T07:00:00Z,69711.2
2026-05-29T08:00:00Z,74284.0
2026-05-29T09:00:00Z,76887.7
2026-05-29T10:00:00Z,75710.3
2026-05-29T11:00:00Z,78282.4
2026-05-29T12:00:00Z,79484.8
2026-05-29T13:00:00Z,80733.2
2026-05-29T14:00:00Z,76641.2
2026-05-29T15:00:00Z,73771.1
2026-05-29T16:00:00Z,71148.4
2026-05-29T17:00:00Z,69027.3
2026-05-29T18:00:00Z,64637.1
2026-05-29T19:00:00Z,62473.0
2026-05-29T20:00:00Z,58919.8
2026-05-29T21:00:00Z,56015.6
2026-05-29T22:00:00Z,52369.9
2026-05-29T23:00:00Z,52061.8
2026-05-30T00:00:00Z,45973.0
2026-05-30T01:00:00Z,48077.9
2026-05-30T02:00:00Z,49407.2
2026-05-30T03:00:00Z,51489.3
2026-05-30T04:00:00Z,54945.2
2026-05-30T05:00:00Z,57265.4
2026-05-30T06:00:00Z,60777.7
2026-05-30T07:00:00Z,65475.9
2026-05-30T08:00:00Z,69535.8
2026-05-30T09:00:00Z,71553.2
2026-05-30T10:00:00Z,73930.1
2026-05-30T11:00:00Z,76433.1
2026-05-30T12:00:00Z,74099.4
2026-05-30T13:00:00Z,75582.5
2026-05-30T14:00:00Z,72172.9
2026-05-30T15:00:00Z,72083.2
2026-05-30T16:00:00Z,68392.6
2026-05-30T17:00:00Z,64226.7
2026-05-30T18:00:00Z,60788.7
2026-05-30T19:00:00Z,58857.9
2026-05-30T20:00:00Z,54078.6
2026-05-30T21:00:00Z,51386.4
2026-05-30T22:00:00Z,49237.7
2026-05-30T23:00:00Z,46826.7
2026-05-31T00:00:00Z,47013.6
2026-05-31T01:00:00Z,48139.4
2026-05-31T02:00:00Z,46272.5
2026-05-31T03:00:00Z,53502.6
2026-05-31T04:00:00Z,56002.9
2026-05-31T05:00:00Z,57075.9
2026-05-31T06:00:00Z,60879.9
2026-05-31T07:00:00Z,66594.6
2026-05-31T08:00:00Z,69979.9
2026-05-31T09:00:00Z,72496.3
2026-05-31T10:00:00Z,73312.8
2026-05-31T11:00:00Z,75752.0
2026-05-31T12:00:00Z,76044.4
2026-05-31T13:00:00Z,74228.3
2026-05-31T14:00:00Z,72665.2
2026-05-31T15:00:00Z,73817.4
2026-05-31T16:00:00Z,69269.3
2026-05-31T17:00:00Z,63707.5
2026-05-31T18:00:00Z,59633.1
2026-05-31T19:00:00Z,56939.2
2026-05-31T20:00:00Z,54968.3
2026-05-31T21:00:00Z,54358.0
2026-05-31T22:00:00Z,49117.3
2026-05-31T23:00:00Z,48373.4
2026-06-01T00:00:00Z,50331.4
2026-06-01T01:00:00Z,52802.8
2026-06-01T02:00:00Z,52885.7
2026-06-01T03:00:00Z,55743.4
2026-06-01T04:00:00Z,59780.0
2026-06-01T05:00:00Z,59435.0
2026-06-01T06:00:00Z,64492.7
2026-06-01T07:00:00Z,70584.6
2026-06-01T08:00:00Z,71646.8
2026-06-01T09:00:00Z,76380.4
2026-06-01T10:00:00Z,77393.7
2026-06-01T11:00:00Z,80425.9
2026-06-01T12:00:00Z,80054.3
2026-06-01T13:00:00Z,77652.8
2026-06-01T14:00:00Z,78666.5
2026-06-01T15:00:00Z,75684.4
2026-06-01T16:00:00Z,71768.6
2026-06-01T17:00:00Z,67567.6
2026-06-01T18:00:00Z,65257.8
2026-06-01T19:00:00Z,62628.0
2026-06-01T20:00:00Z,57774.3
2026-06-01T21:00:00Z,56498.3
2026-06-01T22:00:00Z,53526.9
2026-06-01T23:00:00Z,52710.9
2026-06-02T00:00:00Z,51064.8
2026-06-02T01:00:00Z,50945.2
2026-06-02T02:00:00Z,55033.5
2026-06-02T03:00:00Z,57079.8
2026-06-02T04:00:00Z,60242.5
2026-06-02T05:00:00Z,61973.0
2026-06-02T06:00:00Z,67360.8
2026-06-02T07:00:00Z,70282.2
2026-06-02T08:00:00Z,72308.9
2026-06-02T09:00:00Z,76073.3
2026-06-02T10:00:00Z,76346.5
2026-06-02T11:00:00Z,78728.2
2026-06-02T12:00:00Z,79357.6
2026-06-02T13:00:00Z,80282.7
2026-06-02T14:00:00Z,79105.3
2026-06-02T15:00:00Z,74607.0
2026-06-02T16:00:00Z,72377.1
2026-06-02T17:00:00Z,70249.2
2026-06-02T18:00:00Z,63720.7
2026-06-02T19:00:00Z,60344.3
2026-06-02T20:00:00Z,58234.5
2026-06-02T21:00:00Z,55723.7
2026-06-02T22:00:00Z,52205.2
2026-06-02T23:00:00Z,52578.7
2026-06-03T00:00:00Z,53061.7
2026-06-03T01:00:00Z,52252.7
2026-06-03T02:00:00Z,54184.2
2026-06-03T03:00:00Z,56324.9
2026-06-03T04:00:00Z,57390.4
2026-06-03T05:00:00Z,63824.3
2026-06-03T06:00:00Z,64642.9
2026-06-03T07:00:00Z,70418.6
2026-06-03T08:00:00Z,72992.0
2026-06-03T09:00:00Z,74795.9
2026-06-03T10:00:00Z,80138.5
2026-06-03T11:00:00Z,80295.8
2026-06-03T12:00:00Z,81164.0
2026-06-03T13:00:00Z,80101.4
2026-06-03T14:00:00Z,78395.0
2026-06-03T15:00:00Z,76476.4
2026-06-03T16:00:00Z,73534.5
2026-06-03T17:00:00Z,71702.4
2026-06-03T18:00:00Z,64487.8
2026-06-03T19:00:00Z,61650.5
2026-06-03T20:00:00Z,59331.8
2026-06-03T21:00:00Z,55210.8
2026-06-03T22:00:00Z,55269.8
2026-06-03T23:00:00Z,50549.1
2026-06-04T00:00:00Z,52907.6
2026-06-04T01:00:00Z,53480.6
2026-06-04T02:00:00Z,52692.8
2026-06-04T03:00:00Z,55291.1
2026-06-04T04:00:00Z,59618.5
2026-06-04T05:00:00Z,63288.8
2026-06-04T06:00:00Z,66995.3
2026-06-04T07:00:00Z,69088.8
2026-06-04T08:00:00Z,74059.9
2026-06-04T09:00:00Z,78121.1
2026-06-04T10:00:00Z,78434.8
2026-06-04T11:00:00Z,79859.3
2026-06-04T12:00:00Z,81925.9
2026-06-04T13:00:00Z,80453.6
2026-06-04T14:00:00Z,79529.8
2026-06-04T15:00:00Z,76597.4
2026-06-04T16:00:00Z,71846.8
2026-06-04T17:00:00Z,68179.8
2026-06-04T18:00:00Z,66400.1
2026-06-04T19:00:00Z,61023.4
2026-06-04T20:00:00Z,59814.7
2026-06-04T21:00:00Z,56646.3
2026-06-04T22:00:00Z,55587.8
2026-06-04T23:00:00Z,51246.2
2026-06-05T00:00:00Z,54684.3
2026-06-05T01:00:00Z,52755.7
2026-06-05T02:00:00Z,53830.7
2026-06-05T03:00:00Z,57131.0
2026-06-05T04:00:00Z,56174.6
2026-06-05T05:00:00Z,63299.5
2026-06-05T06:00:00Z,66478.8
2026-06-05T07:00:00Z,68007.4
2026-06-05T08:00:00Z,73975.7
2026-06-05T09:00:00Z,77665.7
2026-06-05T10:00:00Z,80109.0
2026-06-05T11:00:00Z,79556.6
2026-06-05T12:00:00Z,81646.8
2026-06-05T13:00:00Z,79055.3
2026-06-05T14:00:00Z,80038.4
2026-06-05T15:00:00Z,76485.3
2026-06-05T16:00:00Z,74085.5
2026-06-05T17:00:00Z,68248.6
2026-06-05T18:00:00Z,64703.6
2026-06-05T19:00:00Z,63357.1
2026-06-05T20:00:00Z,58915.3
2026-06-05T21:00:00Z,56670.3
2026-06-05T22:00:00Z,55687.4
2026-06-05T23:00:00Z,51693.6
2026-06-06T00:00:00Z,46999.7
2026-06-06T01:00:00Z,49886.5
2026-06-06T02:00:00Z,50187.6
2026-06-06T03:00:00Z,52831.2
2026-06-06T04:00:00Z,57727.7
2026-06-06T05:00:00Z,59602.6
2026-06-06T06:00:00Z,63026.8
2026-06-06T07:00:00Z,66467.7
2026-06-06T08:00:00Z,67831.6
2026-06-06T09:00:00Z,73026.8
2026-06-06T10:00:00Z,73901.8
2026-06-06T11:00:00Z,77671.9
2026-06-06T12:00:00Z,75903.4
2026-06-06T13:00:00Z,76009.8
2026-06-06T14:00:00Z,74480.6
2026-06-06T15:00:00Z,72726.3
2026-06-06T16:00:00Z,68675.6
2026-06-06T17:00:00Z,66131.1
2026-06-06T18:00:00Z,63625.9
2026-06-06T19:00:00Z,58995.2
2026-06-06T20:00:00Z,55726.0
2026-06-06T21:00:00Z,52831.1
2026-06-06T22:00:00Z,50413.4
2026-06-06T23:00:00Z,49850.4
2026-06-07T00:00:00Z,49236.5
2026-06-07T01:00:00Z,51403.2
2026-06-07T02:00:00Z,51817.5
2026-06-07T03:00:00Z,52010.5
2026-06-07T04:00:00Z,57277.5
2026-06-07T05:00:00Z,59469.5
2026-06-07T06:00:00Z,62131.2
2026-06-07T07:00:00Z,66175.4
2026-06-07T08:00:00Z,70962.0
2026-06-07T09:00:00Z,73484.4
2026-06-07T10:00:00Z,77141.1
2026-06-07T11:00:00Z,77486.1
2026-06-07T12:00:00Z,77499.9
2026-06-07T13:00:00Z,76574.8
2026-06-07T14:00:00Z,72097.3
2026-06-07T15:00:00Z,72335.2
2026-06-07T16:00:00Z,70102.3
2026-06-07T17:00:00Z,65685.9
2026-06-07T18:00:00Z,63789.6
2026-06-07T19:00:00Z,58959.8
2026-06-07T20:00:00Z,55485.3
2026-06-07T21:00:00Z,52363.8
2026-06-07T22:00:00Z,51773.8
2026-06-07T23:00:00Z,50310.4
2026-06-08T00:00:00Z,53929.4
2026-06-08T01:00:00Z,54045.4
2026-06-08T02:00:00Z,52962.0
2026-06-08T03:00:00Z,57244.9
2026-06-08T04:00:00Z,59082.0
2026-06-08T05:00:00Z,63748.7
2026-06-08T06:00:00Z,64804.0
2026-06-08T07:00:00Z,72522.5
2026-06-08T08:00:00Z,73697.9
2026-06-08T09:00:00Z,76693.3
2026-06-08T10:00:00Z,78925.0
2026-06-08T11:00:00Z,80811.2
2026-06-08T12:00:00Z,80798.1
2026-06-08T13:00:00Z,78853.9
2026-06-08T14:00:00Z,80045.9
2026-06-08T15:00:00Z,77287.4
2026-06-08T16:00:00Z,72847.8
2026-06-08T17:00:00Z,71034.3
2026-06-08T18:00:00Z,65693.8
2026-06-08T19:00:00Z,63107.0
2026-06-08T20:00:00Z,60244.0
2026-06-08T21:00:00Z,56646.2
2026-06-08T22:00:00Z,51918.7
2026-06-08T23:00:00Z,53843.8
2026-06-09T00:00:00Z,52115.5
2026-06-09T01:00:00Z,52790.3
2026-06-09T02:00:00Z,55117.1
2026-06-09T03:00:00Z,57885.9
2026-06-09T04:00:00Z,61734.6
2026-06-09T05:00:00Z,65407.7
2026-06-09T06:00:00Z,66590.1
2026-06-09T07:00:00Z,71359.7
2026-06-09T08:00:00Z,72780.4
2026-06-09T09:00:00Z,77886.5
2026-06-09T10:00:00Z,80413.4
2026-06-09T11:00:00Z,80653.0
2026-06-09T12:00:00Z,82014.4
2026-06-09T13:00:00Z,81924.7
2026-06-09T14:00:00Z,78955.4
2026-06-09T15:00:00Z,78784.8
2026-06-09T16:00:00Z,74259.4
2026-06-09T17:00:00Z,69643.4
2026-06-09T18:00:00Z,69413.5
2026-06-09T19:00:00Z,63791.3
2026-06-09T20:00:00Z,60374.8
2026-06-09T21:00:00Z,58592.9
2026-06-09T22:00:00Z,54829.4
2026-06-09T23:00:00Z,51991.4
2026-06-10T00:00:00Z,51726.5
2026-06-10T01:00:00Z,55523.7
2026-06-10T02:00:00Z,56492.0
2026-06-10T03:00:00Z,57833.7
2026-06-10T04:00:00Z,61161.8
2026-06-10T05:00:00Z,63918.7
2026-06-10T06:00:00Z,68699.9
2026-06-10T07:00:00Z,73038.8
2026-06-10T08:00:00Z,73150.7
2026-06-10T09:00:00Z,78074.8
2026-06-10T10:00:00Z,79871.9
2026-06-10T11:00:00Z,82769.2
2026-06-10T12:00:00Z,80814.1
2026-06-10T13:00:00Z,83033.1
2026-06-10T14:00:00Z,81461.4
2026-06-10T15:00:00Z,79586.4
2026-06-10T16:00:00Z,76605.4
2026-06-10T17:00:00Z,71420.6
2026-06-10T18:00:00Z,67004.6
2026-06-10T19:00:00Z,63701.3
2026-06-10T20:00:00Z,60013.2
2026-06-10T21:00:00Z,57776.4
2026-06-10T22:00:00Z,55195.1
2026-06-10T23:00:00Z,53452.6
2026-06-11T00:00:00Z,54712.9
2026-06-11T01:00:00Z,51786.1
2026-06-11T02:00:00Z,55738.9
2026-06-11T03:00:00Z,58436.1
2026-06-11T04:00:00Z,60493.0
2026-06-11T05:00:00Z,66179.4
2026-06-11T06:00:00Z,68919.8
2026-06-11T07:00:00Z,69367.9
2026-06-11T08:00:00Z,75912.1
2026-06-11T09:00:00Z,79034.1
2026-06-11T10:00:00Z,81245.5
2026-06-11T11:00:00Z,83562.0
2026-06-11T12:00:00Z,80826.7
2026-06-11T13:00:00Z,80438.1
2026-06-11T14:00:00Z,79887.0
2026-06-11T15:00:00Z,80477.6
2026-06-11T16:00:00Z,75709.0
2026-06-11T17:00:00Z,71572.6
2026-06-11T18:00:00Z,67044.7
2026-06-11T19:00:00Z,65237.3
2026-06-11T20:00:00Z,60076.1
2026-06-11T21:00:00Z,58801.1
2026-06-11T22:00:00Z,56038.1
2026-06-11T23:00:00Z,55728.8
2026-06-12T00:00:00Z,54129.4
2026-06-12T01:00:00Z,54139.7
2026-06-12T02:00:00Z,56191.1
2026-06-12T03:00:00Z,58684.3
2026-06-12T04:00:00Z,61010.6
2026-06-12T05:00:00Z,64668.3
2026-06-12T06:00:00Z,66133.7
2026-06-12T07:00:00Z,72012.7
2026-06-12T08:00:00Z,75759.5
2026-06-12T09:00:00Z,77030.1
2026-06-12T10:00:00Z,81649.1
2026-06-12T11:00:00Z,82236.0
2026-06-12T12:00:00Z,82288.0
2026-06-12T13:00:00Z,81842.1
2026-06-12T14:00:00Z,80773.2
2026-06-12T15:00:00Z,78491.4
2026-06-12T16:00:00Z,73274.0
2026-06-12T17:00:00Z,73848.6
2026-06-12T18:00:00Z,70928.0
2026-06-12T19:00:00Z,63940.8
2026-06-12T20:00:00Z,60403.0
2026-06-12T21:00:00Z,57810.9
2026-06-12T22:00:00Z,53939.2
2026-06-12T23:00:00Z,54759.1
2026-06-13T00:00:00Z,49526.6
2026-06-13T01:00:00Z,50131.1
2026-06-13T02:00:00Z,50746.4
2026-06-13T03:00:00Z,56774.5
2026-06-13T04:00:00Z,56531.8
2026-06-13T05:00:00Z,62944.9
2026-06-13T06:00:00Z,65007.6
2026-06-13T07:00:00Z,68846.1
2026-06-13T08:00:00Z,72239.8
2026-06-13T09:00:00Z,73067.8
2026-06-13T10:00:00Z,76498.2
2026-06-13T11:00:00Z,78601.9
2026-06-13T12:00:00Z,78763.3
2026-06-13T13:00:00Z,77718.3
2026-06-13T14:00:00Z,76868.4
2026-06-13T15:00:00Z,73513.5
2026-06-13T16:00:00Z,73352.2
2026-06-13T17:00:00Z,66948.8
2026-06-13T18:00:00Z,65579.7
2026-06-13T19:00:00Z,59595.9
2026-06-13T20:00:00Z,56947.9
2026-06-13T21:00:00Z,56391.8
2026-06-13T22:00:00Z,53062.1
2026-06-13T23:00:00Z,51035.6
2026-06-14T00:00:00Z,50032.1
2026-06-14T01:00:00Z,51812.3
2026-06-14T02:00:00Z,51049.4
2026-06-14T03:00:00Z,54706.2
2026-06-14T04:00:00Z,57929.1
2026-06-14T05:00:00Z,62978.5
2026-06-14T06:00:00Z,63532.6
2026-06-14T07:00:00Z,68781.5
2026-06-14T08:00:00Z,71434.9
2026-06-14T09:00:00Z,74768.7
2026-06-14T10:00:00Z,78083.7
2026-06-14T11:00:00Z,76779.1
2026-06-14T12:00:00Z,79522.3
2026-06-14T13:00:00Z,75358.5
2026-06-14T14:00:00Z,75846.3
2026-06-14T15:00:00Z,75395.6
2026-06-14T16:00:00Z,73598.0
2026-06-14T17:00:00Z,67071.3
2026-06-14T18:00:00Z,65141.2
2026-06-14T19:00:00Z,60717.6
2026-06-14T20:00:00Z,57859.0
2026-06-14T21:00:00Z,55649.7
2026-06-14T22:00:00Z,53077.6
2026-06-14T23:00:00Z,51679.2
2026-06-15T00:00:00Z,54566.1
2026-06-15T01:00:00Z,54976.7
2026-06-15T02:00:00Z,57446.6
2026-06-15T03:00:00Z,58312.2
2026-06-15T04:00:00Z,62517.6
2026-06-15T05:00:00Z,63974.0
2026-06-15T06:00:00Z,69087.6
2026-06-15T07:00:00Z,72178.5
2026-06-15T08:00:00Z,74875.8
2026-06-15T09:00:00Z,79481.7
2026-06-15T10:00:00Z,84355.4
2026-06-15T11:00:00Z,82429.4
2026-06-15T12:00:00Z,83005.5
2026-06-15T13:00:00Z,80490.7
2026-06-15T14:00:00Z,80820.3
2026-06-15T15:00:00Z,77013.6
2026-06-15T16:00:00Z,74913.9
2026-06-15T17:00:00Z,73159.5
2026-06-15T18:00:00Z,70114.0
2026-06-15T19:00:00Z,63441.4
2026-06-15T20:00:00Z,63460.2
2026-06-15T21:00:00Z,59296.7
2026-06-15T22:00:00Z,58480.2
2026-06-15T23:00:00Z,55676.3
2026-06-16T00:00:00Z,57750.8
2026-06-16T01:00:00Z,55722.1
2026-06-16T02:00:00Z,57742.2
2026-06-16T03:00:00Z,57008.4
2026-06-16T04:00:00Z,59669.7
2026-06-16T05:00:00Z,65579.0
2026-06-16T06:00:00Z,66843.4
2026-06-16T07:00:00Z,73219.1
2026-06-16T08:00:00Z,76088.4
2026-06-16T09:00:00Z,79777.5
2026-06-16T10:00:00Z,81693.6
2026-06-16T11:00:00Z,84109.0
2026-06-16T12:00:00Z,83537.6
2026-06-16T13:00:00Z,80581.9
2026-06-16T14:00:00Z,80958.3
2026-06-16T15:00:00Z,78226.4
2026-06-16T16:00:00Z,77306.5
2026-06-16T17:00:00Z,72174.5
2026-06-16T18:00:00Z,68633.3
2026-06-16T19:00:00Z,65315.1
2026-06-16T20:00:00Z,63332.2
2026-06-16T21:00:00Z,60082.2
2026-06-16T22:00:00Z,56939.7
2026-06-16T23:00:00Z,54463.4
2026-06-17T00:00:00Z,55196.4
2026-06-17T01:00:00Z,57048.3
2026-06-17T02:00:00Z,58604.2
2026-06-17T03:00:00Z,58584.8
2026-06-17T04:00:00Z,61874.8
2026-06-17T05:00:00Z,62731.0
2026-06-17T06:00:00Z,68430.6
2026-06-17T07:00:00Z,73373.1
2026-06-17T08:00:00Z,75272.1
2026-06-17T09:00:00Z,78720.6
2026-06-17T10:00:00Z,81723.9
2026-06-17T11:00:00Z,83329.9
2026-06-17T12:00:00Z,83352.0
2026-06-17T13:00:00Z,83502.3
2026-06-17T14:00:00Z,81229.6
2026-06-17T15:00:00Z,80393.4
2026-06-17T16:00:00Z,75179.8
2026-06-17T17:00:00Z,74244.3
2026-06-17T18:00:00Z,69027.7
2026-06-17T19:00:00Z,67399.2
2026-06-17T20:00:00Z,63964.4
2026-06-17T21:00:00Z,60022.0
2026-06-17T22:00:00Z,56374.1
2026-06-17T23:00:00Z,54518.4
2026-06-18T00:00:00Z,56855.7
2026-06-18T01:00:00Z,54197.2
2026-06-18T02:00:00Z,57693.4
2026-06-18T03:00:00Z,58842.6
2026-06-18T04:00:00Z,60432.7
2026-06-18T05:00:00Z,65805.7
2026-06-18T06:00:00Z,70355.7
2026-06-18T07:00:00Z,73858.9
2026-06-18T08:00:00Z,74484.5
2026-06-18T09:00:00Z,77986.2
2026-06-18T10:00:00Z,82501.6
2026-06-18T11:00:00Z,84591.9
2026-06-18T12:00:00Z,83124.8
2026-06-18T13:00:00Z,85568.3
2026-06-18T14:00:00Z,82169.3
2026-06-18T15:00:00Z,81203.7
2026-06-18T16:00:00Z,78925.3
2026-06-18T17:00:00Z,74169.3
2026-06-18T18:00:00Z,68434.1
2026-06-18T19:00:00Z,67829.3
2026-06-18T20:00:00Z,60714.5
2026-06-18T21:00:00Z,60277.4
2026-06-18T22:00:00Z,55277.5
2026-06-18T23:00:00Z,54724.6
2026-06-19T00:00:00Z,55194.2
2026-06-19T01:00:00Z,53300.1
2026-06-19T02:00:00Z,56530.6
2026-06-19T03:00:00Z,58094.1
2026-06-19T04:00:00Z,62090.6
2026-06-19T05:00:00Z,66155.2
2026-06-19T06:00:00Z,71888.4
2026-06-19T07:00:00Z,74279.5
2026-06-19T08:00:00Z,78577.0
2026-06-19T09:00:00Z,79613.1
2026-06-19T10:00:00Z,83199.2
2026-06-19T11:00:00Z,83146.9
2026-06-19T12:00:00Z,85668.5
2026-06-19T13:00:00Z,81555.4
2026-06-19T14:00:00Z,81002.9
2026-06-19T15:00:00Z,80265.0
2026-06-19T16:00:00Z,76230.2
2026-06-19T17:00:00Z,71770.3
2026-06-19T18:00:00Z,71872.3
2026-06-19T19:00:00Z,65934.6
2026-06-19T20:00:00Z,63067.2
2026-06-19T21:00:00Z,59810.3
2026-06-19T22:00:00Z,55977.5
2026-06-19T23:00:00Z,57134.9
2026-06-20T00:00:00Z,53873.4
2026-06-20T01:00:00Z,52968.9
2026-06-20T02:00:00Z,55310.7
2026-06-20T03:00:00Z,55953.2
2026-06-20T04:00:00Z,61142.7
2026-06-20T05:00:00Z,63124.9
2026-06-20T06:00:00Z,66465.9
2026-06-20T07:00:00Z,68240.8
2026-06-20T08:00:00Z,73009.8
2026-06-20T09:00:00Z,76015.9
2026-06-20T10:00:00Z,79486.3
2026-06-20T11:00:00Z,79895.8
2026-06-20T12:00:00Z,82299.5
2026-06-20T13:00:00Z,80949.9
2026-06-20T14:00:00Z,76886.6
2026-06-20T15:00:00Z,74007.5
2026-06-20T16:00:00Z,74642.1
2026-06-20T17:00:00Z,69646.4
2026-06-20T18:00:00Z,65382.8
2026-06-20T19:00:00Z,62943.0
2026-06-20T20:00:00Z,59445.9
2026-06-20T21:00:00Z,55919.9
2026-06-20T22:00:00Z,52895.1
2026-06-20T23:00:00Z,53468.3
2026-06-21T00:00:00Z,51524.5
2026-06-21T01:00:00Z,52476.6
2026-06-21T02:00:00Z,54202.4
2026-06-21T03:00:00Z,55562.0
2026-06-21T04:00:00Z,57953.0
2026-06-21T05:00:00Z,62909.1
2026-06-21T06:00:00Z,66304.5
2026-06-21T07:00:00Z,69660.4
2026-06-21T08:00:00Z,73953.2
2026-06-21T09:00:00Z,76933.7
2026-06-21T10:00:00Z,78265.0
2026-06-21T11:00:00Z,78800.3
2026-06-21T12:00:00Z,79462.5
2026-06-21T13:00:00Z,82561.5
2026-06-21T14:00:00Z,76515.9
2026-06-21T15:00:00Z,77635.4
2026-06-21T16:00:00Z,75477.9
2026-06-21T17:00:00Z,71345.8
2026-06-21T18:00:00Z,65807.1
2026-06-21T19:00:00Z,61497.5
2026-06-21T20:00:00Z,59426.0
2026-06-21T21:00:00Z,56005.2
2026-06-21T22:00:00Z,54639.8
2026-06-21T23:00:00Z,52486.0
2026-06-22T00:00:00Z,54259.4
2026-06-22T01:00:00Z,55072.2
2026-06-22T02:00:00Z,57898.7
2026-06-22T03:00:00Z,60146.3
2026-06-22T04:00:00Z,64626.0
2026-06-22T05:00:00Z,66748.4
2026-06-22T06:00:00Z,70054.3
2026-06-22T07:00:00Z,75912.9
2026-06-22T08:00:00Z,75153.2
2026-06-22T09:00:00Z,79142.8
2026-06-22T10:00:00Z,82656.9
2026-06-22T11:00:00Z,82608.4
2026-06-22T12:00:00Z,85275.6
2026-06-22T13:00:00Z,84698.9
2026-06-22T14:00:00Z,81180.4
2026-06-22T15:00:00Z,79626.5
2026-06-22T16:00:00Z,77831.7
2026-06-22T17:00:00Z,71789.6
2026-06-22T18:00:00Z,71148.7
2026-06-22T19:00:00Z,66227.2
2026-06-22T20:00:00Z,62307.4
2026-06-22T21:00:00Z,59884.1
2026-06-22T22:00:00Z,59279.0
2026-06-22T23:00:00Z,57891.1
2026-06-23T00:00:00Z,56969.1
2026-06-23T01:00:00Z,58024.0
2026-06-23T02:00:00Z,58746.5
2026-06-23T03:00:00Z,59799.2
2026-06-23T04:00:00Z,61580.3
2026-06-23T05:00:00Z,66674.8
2026-06-23T06:00:00Z,70868.1
2026-06-23T07:00:00Z,74113.3
2026-06-23T08:00:00Z,79676.1
2026-06-23T09:00:00Z,80787.9
2026-06-23T10:00:00Z,83254.7
2026-06-23T11:00:00Z,87185.7
2026-06-23T12:00:00Z,84850.3
2026-06-23T13:00:00Z,83524.2
2026-06-23T14:00:00Z,84804.4
2026-06-23T15:00:00Z,81312.0
2026-06-23T16:00:00Z,79047.3
2026-06-23T17:00:00Z,74017.1
2026-06-23T18:00:00Z,72463.0
2026-06-23T19:00:00Z,68503.1
2026-06-23T20:00:00Z,64809.6
2026-06-23T21:00:00Z,58564.9
2026-06-23T22:00:00Z,60024.3
2026-06-23T23:00:00Z,55896.0
2026-06-24T00:00:00Z,58825.5
2026-06-24T01:00:00Z,58056.5
2026-06-24T02:00:00Z,58887.7
2026-06-24T03:00:00Z,61524.7
2026-06-24T04:00:00Z,62062.4
2026-06-24T05:00:00Z,66120.9
2026-06-24T06:00:00Z,73315.4
2026-06-24T07:00:00Z,74302.2
2026-06-24T08:00:00Z,80706.2
2026-06-24T09:00:00Z,81007.1
2026-06-24T10:00:00Z,84532.8
2026-06-24T11:00:00Z,83294.3
2026-06-24T12:00:00Z,88287.7
2026-06-24T13:00:00Z,83687.7
2026-06-24T14:00:00Z,80821.7
2026-06-24T15:00:00Z,82514.4
2026-06-24T16:00:00Z,80117.2
2026-06-24T17:00:00Z,74678.0
2026-06-24T18:00:00Z,70662.8
2026-06-24T19:00:00Z,66295.4
2026-06-24T20:00:00Z,64134.8
2026-06-24T21:00:00Z,62661.4
2026-06-24T22:00:00Z,60430.4
2026-06-24T23:00:00Z,56926.8
2026-06-25T00:00:00Z,57658.7
2026-06-25T01:00:00Z,57661.3
2026-06-25T02:00:00Z,59029.7
2026-06-25T03:00:00Z,63185.2
2026-06-25T04:00:00Z,64173.7
2026-06-25T05:00:00Z,69218.3
2026-06-25T06:00:00Z,71070.2
2026-06-25T07:00:00Z,74652.4
2026-06-25T08:00:00Z,78259.3
2026-06-25T09:00:00Z,83951.4
2026-06-25T10:00:00Z,82640.2
2026-06-25T11:00:00Z,86775.5
2026-06-25T12:00:00Z,85272.3
2026-06-25T13:00:00Z,84911.3
2026-06-25T14:00:00Z,81374.5
2026-06-25T15:00:00Z,81418.0
2026-06-25T16:00:00Z,79313.4
2026-06-25T17:00:00Z,75984.6
2026-06-25T18:00:00Z,70278.3
2026-06-25T19:00:00Z,69295.5
2026-06-25T20:00:00Z,64140.0
2026-06-25T21:00:00Z,60581.8
2026-06-25T22:00:00Z,59175.3
2026-06-25T23:00:00Z,60490.6
2026-06-26T00:00:00Z,57003.7
2026-06-26T01:00:00Z,58838.5
2026-06-26T02:00:00Z,58332.4
2026-06-26T03:00:00Z,62166.0
2026-06-26T04:00:00Z,65185.6
2026-06-26T05:00:00Z,65516.5
2026-06-26T06:00:00Z,71015.0
2026-06-26T07:00:00Z,76146.3
2026-06-26T08:00:00Z,77907.1
2026-06-26T09:00:00Z,83143.0
2026-06-26T10:00:00Z,84193.0
2026-06-26T11:00:00Z,85740.0
2026-06-26T12:00:00Z,84977.6
2026-06-26T13:00:00Z,85220.8
2026-06-26T14:00:00Z,82725.3
2026-06-26T15:00:00Z,80867.4
2026-06-26T16:00:00Z,80205.0
2026-06-26T17:00:00Z,75441.8
2026-06-26T18:00:00Z,74945.7
2026-06-26T19:00:00Z,67075.2
2026-06-26T20:00:00Z,64901.3
2026-06-26T21:00:00Z,63462.2
2026-06-26T22:00:00Z,58882.4
2026-06-26T23:00:00Z,57353.6
2026-06-27T00:00:00Z,53862.8
2026-06-27T01:00:00Z,54621.5
2026-06-27T02:00:00Z,56619.5
2026-06-27T03:00:00Z,58101.4
2026-06-27T04:00:00Z,61882.4
2026-06-27T05:00:00Z,63623.8
2026-06-27T06:00:00Z,67227.7
2026-06-27T07:00:00Z,72714.8
2026-06-27T08:00:00Z,74918.2
2026-06-27T09:00:00Z,79228.3
2026-06-27T10:00:00Z,79073.9
2026-06-27T11:00:00Z,82047.9
2026-06-27T12:00:00Z,83736.4
2026-06-27T13:00:00Z,81222.9
2026-06-27T14:00:00Z,79160.3
2026-06-27T15:00:00Z,77650.8
2026-06-27T16:00:00Z,74695.2
2026-06-27T17:00:00Z,72230.9
2026-06-27T18:00:00Z,67529.5
2026-06-27T19:00:00Z,64065.0
2026-06-27T20:00:00Z,60324.4
2026-06-27T21:00:00Z,58120.9
2026-06-27T22:00:00Z,56044.7
2026-06-27T23:00:00Z,53254.1
2026-06-28T00:00:00Z,54480.7
2026-06-28T01:00:00Z,55322.0
2026-06-28T02:00:00Z,56479.7
2026-06-28T03:00:00Z,57702.1
2026-06-28T04:00:00Z,60232.7
2026-06-28T05:00:00Z,63729.2
2026-06-28T06:00:00Z,69278.8
2026-06-28T07:00:00Z,73287.0
2026-06-28T08:00:00Z,74278.8
2026-06-28T09:00:00Z,79839.6
2026-06-28T10:00:00Z,80916.7
2026-06-28T11:00:00Z,82909.1
2026-06-28T12:00:00Z,83663.8
2026-06-28T13:00:00Z,83699.4
2026-06-28T14:00:00Z,81877.6
2026-06-28T15:00:00Z,79031.8
2026-06-28T16:00:00Z,74949.5
2026-06-28T17:00:00Z,71435.9
2026-06-28T18:00:00Z,70259.9
2026-06-28T19:00:00Z,63658.0
2026-06-28T20:00:00Z,62302.9
2026-06-28T21:00:00Z,58251.8
2026-06-28T22:00:00Z,56798.2
2026-06-28T23:00:00Z,55137.1
2026-06-29T00:00:00Z,58572.5
2026-06-29T01:00:00Z,60304.3
2026-06-29T02:00:00Z,60997.7
2026-06-29T03:00:00Z,63375.8
2026-06-29T04:00:00Z,65581.0
2026-06-29T05:00:00Z,67993.1
2026-06-29T06:00:00Z,71604.6
2026-06-29T07:00:00Z,75822.6
2026-06-29T08:00:00Z,79755.5
2026-06-29T09:00:00Z,82559.7
2026-06-29T10:00:00Z,84880.6
2026-06-29T11:00:00Z,85282.6
2026-06-29T12:00:00Z,86990.5
2026-06-29T13:00:00Z,87203.7
2026-06-29T14:00:00Z,84836.8
2026-06-29T15:00:00Z,81798.9
2026-06-29T16:00:00Z,80890.0
2026-06-29T17:00:00Z,76649.1
2026-06-29T18:00:00Z,72303.1
2026-06-29T19:00:00Z,68225.7
2026-06-29T20:00:00Z,65336.1
2026-06-29T21:00:00Z,60889.8
2026-06-29T22:00:00Z,62229.4
2026-06-29T23:00:00Z,61657.1
2026-06-30T00:00:00Z,60028.4
2026-06-30T01:00:00Z,60809.6
2026-06-30T02:00:00Z,61926.2
2026-06-30T03:00:00Z,63067.6
2026-06-30T04:00:00Z,64831.5
2026-06-30T05:00:00Z,68499.5
2026-06-30T06:00:00Z,72073.4
2026-06-30T07:00:00Z,74908.3
2026-06-30T08:00:00Z,80006.1
2026-06-30T09:00:00Z,81818.2
2026-06-30T10:00:00Z,86191.7
2026-06-30T11:00:00Z,86429.1
2026-06-30T12:00:00Z,86311.1
2026-06-30T13:00:00Z,86673.4
2026-06-30T14:00:00Z,85791.4
2026-06-30T15:00:00Z,81871.6
2026-06-30T16:00:00Z,78600.5
2026-06-30T17:00:00Z,78043.7
2026-06-30T18:00:00Z,70224.3
2026-06-30T19:00:00Z,70284.1
2026-06-30T20:00:00Z,66577.2
2026-06-30T21:00:00Z,63071.2
2026-06-30T22:00:00Z,60536.9
2026-06-30T23:00:00Z,59270.9
2026-07-01T00:00:00Z,59934.5
2026-07-01T01:00:00Z,58006.3
2026-07-01T02:00:00Z,59098.9
2026-07-01T03:00:00Z,62343.4
2026-07-01T04:00:00Z,65884.0
2026-07-01T05:00:00Z,70067.5
2026-07-01T06:00:00Z,73544.8
2026-07-01T07:00:00Z,75897.4
2026-07-01T08:00:00Z,78972.7
2026-07-01T09:00:00Z,83675.0
2026-07-01T10:00:00Z,87208.6
2026-07-01T11:00:00Z,89504.5
2026-07-01T12:00:00Z,85926.1
2026-07-01T13:00:00Z,88220.0
2026-07-01T14:00:00Z,83969.3
2026-07-01T15:00:00Z,82998.7
2026-07-01T16:00:00Z,79852.2
2026-07-01T17:00:00Z,75828.2
2026-07-01T18:00:00Z,73586.9
2026-07-01T19:00:00Z,69336.6
2026-07-01T20:00:00Z,65543.1
2026-07-01T21:00:00Z,61981.0
2026-07-01T22:00:00Z,60527.9
2026-07-01T23:00:00Z,61220.4
2026-07-02T00:00:00Z,60441.6
2026-07-02T01:00:00Z,60918.4
2026-07-02T02:00:00Z,59338.2
2026-07-02T03:00:00Z,64517.3
2026-07-02T04:00:00Z,65670.3
2026-07-02T05:00:00Z,69023.5
2026-07-02T06:00:00Z,73087.3
2026-07-02T07:00:00Z,75148.1
2026-07-02T08:00:00Z,82176.8
2026-07-02T09:00:00Z,83464.2
2026-07-02T10:00:00Z,83934.4
2026-07-02T11:00:00Z,87602.2
2026-07-02T12:00:00Z,86079.3
2026-07-02T13:00:00Z,86874.4
2026-07-02T14:00:00Z,84652.4
2026-07-02T15:00:00Z,86848.1
2026-07-02T16:00:00Z,79582.0
2026-07-02T17:00:00Z,77179.9
2026-07-02T18:00:00Z,71286.1
2026-07-02T19:00:00Z,70337.3
2026-07-02T20:00:00Z,66133.6
2026-07-02T21:00:00Z,63120.3
2026-07-02T22:00:00Z,61475.3
2026-07-02T23:00:00Z,59860.1
2026-07-03T00:00:00Z,59175.7
2026-07-03T01:00:00Z,59406.9
2026-07-03T02:00:00Z,58951.5
2026-07-03T03:00:00Z,61875.8
2026-07-03T04:00:00Z,63963.8
2026-07-03T05:00:00Z,70800.5
2026-07-03T06:00:00Z,74807.8
2026-07-03T07:00:00Z,76542.8
2026-07-03T08:00:00Z,81127.7
2026-07-03T09:00:00Z,82299.7
2026-07-03T10:00:00Z,85503.7
2026-07-03T11:00:00Z,86220.2
2026-07-03T12:00:00Z,87357.4
2026-07-03T13:00:00Z,90293.4
2026-07-03T14:00:00Z,86400.8
2026-07-03T15:00:00Z,83938.8
2026-07-03T16:00:00Z,80797.7
2026-07-03T17:00:00Z,75176.0
2026-07-03T18:00:00Z,74416.4
2026-07-03T19:00:00Z,70691.9
2026-07-03T20:00:00Z,68403.2
2026-07-03T21:00:00Z,63912.7
2026-07-03T22:00:00Z,58932.1
2026-07-03T23:00:00Z,58534.1
2026-07-04T00:00:00Z,58374.9
2026-07-04T01:00:00Z,57101.6
2026-07-04T02:00:00Z,56329.0
2026-07-04T03:00:00Z,62424.9
2026-07-04T04:00:00Z,62501.0
2026-07-04T05:00:00Z,65498.1
2026-07-04T06:00:00Z,68366.5
2026-07-04T07:00:00Z,72444.5
2026-07-04T08:00:00Z,76655.7
2026-07-04T09:00:00Z,79085.7
2026-07-04T10:00:00Z,79122.1
2026-07-04T11:00:00Z,82269.2
2026-07-04T12:00:00Z,87462.9
2026-07-04T13:00:00Z,83926.9
2026-07-04T14:00:00Z,81503.9
2026-07-04T15:00:00Z,80402.9
2026-07-04T16:00:00Z,79108.2
2026-07-04T17:00:00Z,72594.4
2026-07-04T18:00:00Z,69317.3
2026-07-04T19:00:00Z,65129.5
2026-07-04T20:00:00Z,64474.2
2026-07-04T21:00:00Z,62090.3
2026-07-04T22:00:00Z,57849.0
2026-07-04T23:00:00Z,56768.9
2026-07-05T00:00:00Z,55374.1
2026-07-05T01:00:00Z,57016.5
2026-07-05T02:00:00Z,56686.9
2026-07-05T03:00:00Z,61079.8
2026-07-05T04:00:00Z,65158.7
2026-07-05T05:00:00Z,67550.9
2026-07-05T06:00:00Z,71381.3
2026-07-05T07:00:00Z,73316.2
2026-07-05T08:00:00Z,75926.8
2026-07-05T09:00:00Z,82247.1
2026-07-05T10:00:00Z,81430.4
2026-07-05T11:00:00Z,84695.4
2026-07-05T12:00:00Z,85571.0
2026-07-05T13:00:00Z,83669.9
2026-07-05T14:00:00Z,82830.5
2026-07-05T15:00:00Z,79696.9
2026-07-05T16:00:00Z,78663.6
2026-07-05T17:00:00Z,74790.0
2026-07-05T18:00:00Z,70824.5
2026-07-05T19:00:00Z,69077.1
2026-07-05T20:00:00Z,62705.7
2026-07-05T21:00:00Z,60291.5
2026-07-05T22:00:00Z,56730.3
2026-07-05T23:00:00Z,57818.0
2026-07-06T00:00:00Z,62674.8
2026-07-06T01:00:00Z,60873.8
2026-07-06T02:00:00Z,62665.0
2026-07-06T03:00:00Z,65114.4
2026-07-06T04:00:00Z,67606.6
2026-07-06T05:00:00Z,71504.1
2026-07-06T06:00:00Z,74382.4
2026-07-06T07:00:00Z,79976.8
2026-07-06T08:00:00Z,81531.1
2026-07-06T09:00:00Z,84749.6
2026-07-06T10:00:00Z,85865.9
2026-07-06T11:00:00Z,88139.1
2026-07-06T12:00:00Z,86136.1
2026-07-06T13:00:00Z,91471.9
2026-07-06T14:00:00Z,87269.3
2026-07-06T15:00:00Z,85626.4
2026-07-06T16:00:00Z,82456.2
2026-07-06T17:00:00Z,78092.7
2026-07-06T18:00:00Z,74254.1
2026-07-06T19:00:00Z,70238.8
2026-07-06T20:00:00Z,68877.5
2026-07-06T21:00:00Z,64100.1
2026-07-06T22:00:00Z,61248.9
2026-07-06T23:00:00Z,61256.4
2026-07-07T00:00:00Z,59161.2
2026-07-07T01:00:00Z,60226.2
2026-07-07T02:00:00Z,63642.3
2026-07-07T03:00:00Z,65415.8
2026-07-07T04:00:00Z,68432.0
2026-07-07T05:00:00Z,72734.5
2026-07-07T06:00:00Z,73521.6
2026-07-07T07:00:00Z,77083.0
2026-07-07T08:00:00Z,83457.7
2026-07-07T09:00:00Z,84746.6
2026-07-07T10:00:00Z,88062.5
2026-07-07T11:00:00Z,88624.9
2026-07-07T12:00:00Z,88720.5
2026-07-07T13:00:00Z,88108.3
2026-07-07T14:00:00Z,87423.5
2026-07-07T15:00:00Z,83611.2
2026-07-07T16:00:00Z,82802.6
2026-07-07T17:00:00Z,79374.1
2026-07-07T18:00:00Z,75352.2
2026-07-07T19:00:00Z,68849.1
2026-07-07T20:00:00Z,67195.3
2026-07-07T21:00:00Z,65991.6
2026-07-07T22:00:00Z,62775.1
2026-07-07T23:00:00Z,62079.4
2026-07-08T00:00:00Z,60748.8
2026-07-08T01:00:00Z,59888.5
2026-07-08T02:00:00Z,62189.7
2026-07-08T03:00:00Z,64827.9
2026-07-08T04:00:00Z,68364.4
2026-07-08T05:00:00Z,71600.1
2026-07-08T06:00:00Z,75883.1
2026-07-08T07:00:00Z,78834.8
2026-07-08T08:00:00Z,82085.6
2026-07-08T09:00:00Z,85183.0
2026-07-08T10:00:00Z,84382.7
2026-07-08T11:00:00Z,88366.5
2026-07-08T12:00:00Z,88790.7
2026-07-08T13:00:00Z,89947.5
2026-07-08T14:00:00Z,86950.1
2026-07-08T15:00:00Z,86344.8
2026-07-08T16:00:00Z,82995.6
2026-07-08T17:00:00Z,77275.1
2026-07-08T18:00:00Z,75816.9
2026-07-08T19:00:00Z,72227.0
2026-07-08T20:00:00Z,68668.9
2026-07-08T21:00:00Z,64613.1
2026-07-08T22:00:00Z,64710.0
2026-07-08T23:00:00Z,59568.9
2026-07-09T00:00:00Z,62802.5
2026-07-09T01:00:00Z,62239.0
2026-07-09T02:00:00Z,63454.2
2026-07-09T03:00:00Z,66380.7
2026-07-09T04:00:00Z,68118.2
2026-07-09T05:00:00Z,69548.3
2026-07-09T06:00:00Z,74602.1
2026-07-09T07:00:00Z,79281.2
2026-07-09T08:00:00Z,81868.4
2026-07-09T09:00:00Z,85065.4
2026-07-09T10:00:00Z,87853.1
2026-07-09T11:00:00Z,87519.8
2026-07-09T12:00:00Z,90655.4
2026-07-09T13:00:00Z,88660.4
2026-07-09T14:00:00Z,87549.5
2026-07-09T15:00:00Z,85399.4
2026-07-09T16:00:00Z,83435.4
2026-07-09T17:00:00Z,76566.2
2026-07-09T18:00:00Z,76852.6
2026-07-09T19:00:00Z,73203.9
2026-07-09T20:00:00Z,66773.5
2026-07-09T21:00:00Z,67850.2
2026-07-09T22:00:00Z,63796.9
2026-07-09T23:00:00Z,61935.7
2026-07-10T00:00:00Z,61133.7
2026-07-10T01:00:00Z,61068.5
2026-07-10T02:00:00Z,63918.8
2026-07-10T03:00:00Z,64424.6
2026-07-10T04:00:00Z,68229.3
2026-07-10T05:00:00Z,70239.7
2026-07-10T06:00:00Z,74701.0
2026-07-10T07:00:00Z,80544.2
2026-07-10T08:00:00Z,83521.4
2026-07-10T09:00:00Z,85382.0
2026-07-10T10:00:00Z,88090.6
2026-07-10T11:00:00Z,91371.2
2026-07-10T12:00:00Z,89552.6
2026-07-10T13:00:00Z,89814.0
2026-07-10T14:00:00Z,88143.1
2026-07-10T15:00:00Z,86406.3
2026-07-10T16:00:00Z,83577.2
2026-07-10T17:00:00Z,75894.8
2026-07-10T18:00:00Z,74965.1
2026-07-10T19:00:00Z,75102.9
2026-07-10T20:00:00Z,68456.9
2026-07-10T21:00:00Z,63733.1
2026-07-10T22:00:00Z,64060.6
2026-07-10T23:00:00Z,62071.6
2026-07-11T00:00:00Z,57674.6
2026-07-11T01:00:00Z,57334.1
2026-07-11T02:00:00Z,61900.1
2026-07-11T03:00:00Z,61368.0
2026-07-11T04:00:00Z,64754.3
2026-07-11T05:00:00Z,67120.8
2026-07-11T06:00:00Z,72112.3
2026-07-11T07:00:00Z,76442.0
2026-07-11T08:00:00Z,80848.5
2026-07-11T09:00:00Z,83348.6
2026-07-11T10:00:00Z,82748.4
2026-07-11T11:00:00Z,82769.2
2026-07-11T12:00:00Z,86931.0
2026-07-11T13:00:00Z,83696.2
2026-07-11T14:00:00Z,86011.1
2026-07-11T15:00:00Z,82213.7
2026-07-11T16:00:00Z,78723.0
2026-07-11T17:00:00Z,74782.7
2026-07-11T18:00:00Z,72215.3
2026-07-11T19:00:00Z,67091.5
2026-07-11T20:00:00Z,64502.4
2026-07-11T21:00:00Z,61871.1
2026-07-11T22:00:00Z,57638.2
2026-07-11T23:00:00Z,58888.0
2026-07-12T00:00:00Z,58809.7
2026-07-12T01:00:00Z,56768.6
2026-07-12T02:00:00Z,62409.0
2026-07-12T03:00:00Z,62496.0
2026-07-12T04:00:00Z,66289.3
2026-07-12T05:00:00Z,68162.5
2026-07-12T06:00:00Z,73392.0
2026-07-12T07:00:00Z,76345.1
2026-07-12T08:00:00Z,82912.1
2026-07-12T09:00:00Z,81931.0
2026-07-12T10:00:00Z,84739.1
2026-07-12T11:00:00Z,83484.3
2026-07-12T12:00:00Z,85722.6
2026-07-12T13:00:00Z,83443.4
2026-07-12T14:00:00Z,85082.7
2026-07-12T15:00:00Z,82244.1
2026-07-12T16:00:00Z,79092.5
2026-07-12T17:00:00Z,76211.5
2026-07-12T18:00:00Z,72532.1
2026-07-12T19:00:00Z,68803.6
2026-07-12T20:00:00Z,65484.2
2026-07-12T21:00:00Z,62469.9
2026-07-12T22:00:00Z,60387.2
2026-07-12T23:00:00Z,58405.3
2026-07-13T00:00:00Z,62329.8
2026-07-13T01:00:00Z,62518.8
2026-07-13T02:00:00Z,62797.3
2026-07-13T03:00:00Z,65463.2
2026-07-13T04:00:00Z,68377.9
2026-07-13T05:00:00Z,73391.5
2026-07-13T06:00:00Z,76412.9
2026-07-13T07:00:00Z,80921.9
2026-07-13T08:00:00Z,84307.1
2026-07-13T09:00:00Z,86990.5
2026-07-13T10:00:00Z,90705.9
2026-07-13T11:00:00Z,92072.0
2026-07-13T12:00:00Z,89891.3
2026-07-13T13:00:00Z,90201.0
2026-07-13T14:00:00Z,88466.5
2026-07-13T15:00:00Z,87008.3
2026-07-13T16:00:00Z,82812.5
2026-07-13T17:00:00Z,81466.2
2026-07-13T18:00:00Z,76559.4
2026-07-13T19:00:00Z,74968.3
2026-07-13T20:00:00Z,69553.6
2026-07-13T21:00:00Z,67760.8
2026-07-13T22:00:00Z,64581.1
2026-07-13T23:00:00Z,62952.4
2026-07-14T00:00:00Z,63237.0
2026-07-14T01:00:00Z,63500.1
2026-07-14T02:00:00Z,62835.7
2026-07-14T03:00:00Z,66765.1
2026-07-14T04:00:00Z,69389.4
2026-07-14T05:00:00Z,72639.9
2026-07-14T06:00:00Z,76656.4
2026-07-14T07:00:00Z,81249.9
2026-07-14T08:00:00Z,84631.1
2026-07-14T09:00:00Z,87286.4
2026-07-14T10:00:00Z,90244.1
2026-07-14T11:00:00Z,93184.0
2026-07-14T12:00:00Z,91514.0
2026-07-14T13:00:00Z,91662.8
2026-07-14T14:00:00Z,90353.6
2026-07-14T15:00:00Z,86413.6
2026-07-14T16:00:00Z,83817.4
2026-07-14T17:00:00Z,82053.4
2026-07-14T18:00:00Z,76061.8
2026-07-14T19:00:00Z,72543.9
2026-07-14T20:00:00Z,69275.4
2026-07-14T21:00:00Z,67350.8
2026-07-14T22:00:00Z,66413.6
2026-07-14T23:00:00Z,65744.8
2026-07-15T00:00:00Z,65039.1
2026-07-15T01:00:00Z,63536.1
2026-07-15T02:00:00Z,64578.3
2026-07-15T03:00:00Z,66053.2
2026-07-15T04:00:00Z,67860.3
2026-07-15T05:00:00Z,73332.4
2026-07-15T06:00:00Z,75241.6
2026-07-15T07:00:00Z,80992.9
2026-07-15T08:00:00Z,84732.4
2026-07-15T09:00:00Z,86828.7
2026-07-15T10:00:00Z,91537.3
2026-07-15T11:00:00Z,91271.5
2026-07-15T12:00:00Z,90709.9
2026-07-15T13:00:00Z,91390.0
2026-07-15T14:00:00Z,87255.4
2026-07-15T15:00:00Z,86548.1
2026-07-15T16:00:00Z,84269.7
2026-07-15T17:00:00Z,79826.1
2026-07-15T18:00:00Z,77305.0
2026-07-15T19:00:00Z,74299.4
2026-07-15T20:00:00Z,69860.3
2026-07-15T21:00:00Z,66397.8
2026-07-15T22:00:00Z,65209.8
2026-07-15T23:00:00Z,64042.9
2026-07-16T00:00:00Z,65103.0
2026-07-16T01:00:00Z,61915.5
2026-07-16T02:00:00Z,68325.4
2026-07-16T03:00:00Z,67886.5
2026-07-16T04:00:00Z,68650.5
2026-07-16T05:00:00Z,74690.4
2026-07-16T06:00:00Z,78703.4
2026-07-16T07:00:00Z,80129.3
2026-07-16T08:00:00Z,84231.1
2026-07-16T09:00:00Z,86331.3
2026-07-16T10:00:00Z,89204.1
2026-07-16T11:00:00Z,91654.9
2026-07-16T12:00:00Z,92266.4
2026-07-16T13:00:00Z,91097.1
2026-07-16T14:00:00Z,88725.4
2026-07-16T15:00:00Z,87141.8
2026-07-16T16:00:00Z,84827.4
2026-07-16T17:00:00Z,79848.5
2026-07-16T18:00:00Z,76179.4
2026-07-16T19:00:00Z,74682.9
2026-07-16T20:00:00Z,71123.7
2026-07-16T21:00:00Z,68776.0
2026-07-16T22:00:00Z,63097.6
2026-07-16T23:00:00Z,66215.3
2026-07-17T00:00:00Z,65487.5
2026-07-17T01:00:00Z,62580.7
2026-07-17T02:00:00Z,65679.5
2026-07-17T03:00:00Z,67254.2
2026-07-17T04:00:00Z,69974.5
2026-07-17T05:00:00Z,74278.9
2026-07-17T06:00:00Z,75725.8
2026-07-17T07:00:00Z,80854.7
2026-07-17T08:00:00Z,86518.5
2026-07-17T09:00:00Z,87777.1
2026-07-17T10:00:00Z,89238.9
2026-07-17T11:00:00Z,91082.5
2026-07-17T12:00:00Z,90619.8
2026-07-17T13:00:00Z,94004.4
2026-07-17T14:00:00Z,89166.7
2026-07-17T15:00:00Z,88216.5
2026-07-17T16:00:00Z,85441.3
2026-07-17T17:00:00Z,81972.0
2026-07-17T18:00:00Z,77193.0
2026-07-17T19:00:00Z,72719.2
2026-07-17T20:00:00Z,71675.0
2026-07-17T21:00:00Z,68096.6
2026-07-17T22:00:00Z,64017.6
2026-07-17T23:00:00Z,65134.2
2026-07-18T00:00:00Z,61344.3
2026-07-18T01:00:00Z,62470.2
2026-07-18T02:00:00Z,61278.4
2026-07-18T03:00:00Z,62145.4
2026-07-18T04:00:00Z,66388.7
2026-07-18T05:00:00Z,70639.1
2026-07-18T06:00:00Z,75150.7
2026-07-18T07:00:00Z,78811.7
2026-07-18T08:00:00Z,81237.3
2026-07-18T09:00:00Z,82906.3
2026-07-18T10:00:00Z,87425.2
2026-07-18T11:00:00Z,88982.7
2026-07-18T12:00:00Z,89916.5
2026-07-18T13:00:00Z,87514.6
2026-07-18T14:00:00Z,86555.4
2026-07-18T15:00:00Z,84352.2
2026-07-18T16:00:00Z,84130.4
2026-07-18T17:00:00Z,75164.0
2026-07-18T18:00:00Z,74483.1
2026-07-18T19:00:00Z,67427.9
2026-07-18T20:00:00Z,66430.3
2026-07-18T21:00:00Z,63254.0
2026-07-18T22:00:00Z,62777.7
2026-07-18T23:00:00Z,61772.9
2026-07-19T00:00:00Z,59135.2
2026-07-19T01:00:00Z,62670.6
2026-07-19T02:00:00Z,64051.5
2026-07-19T03:00:00Z,64438.5
2026-07-19T04:00:00Z,66611.5
2026-07-19T05:00:00Z,70677.9
2026-07-19T06:00:00Z,72579.3
2026-07-19T07:00:00Z,79234.4
2026-07-19T08:00:00Z,78604.4
2026-07-19T09:00:00Z,85130.5
2026-07-19T10:00:00Z,87862.9
2026-07-19T11:00:00Z,88782.2
2026-07-19T12:00:00Z,88709.1
2026-07-19T13:00:00Z,87391.7
2026-07-19T14:00:00Z,85681.7
2026-07-19T15:00:00Z,84194.8
2026-07-19T16:00:00Z,80645.9
2026-07-19T17:00:00Z,77192.0
2026-07-19T18:00:00Z,76676.3
2026-07-19T19:00:00Z,71112.4
2026-07-19T20:00:00Z,68682.5
2026-07-19T21:00:00Z,65347.4
2026-07-19T22:00:00Z,64197.5
2026-07-19T23:00:00Z,60255.5
2026-07-20T00:00:00Z,63243.6
2026-07-20T01:00:00Z,64370.1
2026-07-20T02:00:00Z,68016.2
2026-07-20T03:00:00Z,67171.9
2026-07-20T04:00:00Z,69908.4
2026-07-20T05:00:00Z,74675.5
2026-07-20T06:00:00Z,78120.1
2026-07-20T07:00:00Z,81403.2
2026-07-20T08:00:00Z,87171.0
2026-07-20T09:00:00Z,89279.8
2026-07-20T10:00:00Z,90901.7
2026-07-20T11:00:00Z,94404.8
2026-07-20T12:00:00Z,93889.3
2026-07-20T13:00:00Z,92453.4
2026-07-20T14:00:00Z,90866.7
2026-07-20T15:00:00Z,88147.1
2026-07-20T16:00:00Z,87248.6
2026-07-20T17:00:00Z,81591.9
2026-07-20T18:00:00Z,77758.8
2026-07-20T19:00:00Z,76063.7
2026-07-20T20:00:00Z,72592.2
2026-07-20T21:00:00Z,67332.6
2026-07-20T22:00:00Z,68488.8
2026-07-20T23:00:00Z,64508.6
2026-07-21T00:00:00Z,66738.9
2026-07-21T01:00:00Z,63263.1
2026-07-21T02:00:00Z,65796.2
2026-07-21T03:00:00Z,66571.6
2026-07-21T04:00:00Z,70782.4
2026-07-21T05:00:00Z,75373.2
2026-07-21T06:00:00Z,79529.6
2026-07-21T07:00:00Z,83574.0
2026-07-21T08:00:00Z,86210.8
2026-07-21T09:00:00Z,89398.0
2026-07-21T10:00:00Z,90248.5
2026-07-21T11:00:00Z,93723.9
2026-07-21T12:00:00Z,93073.2
2026-07-21T13:00:00Z,91804.7
2026-07-21T14:00:00Z,90930.3
2026-07-21T15:00:00Z,87205.2
2026-07-21T16:00:00Z,84684.4
2026-07-21T17:00:00Z,81592.4
2026-07-21T18:00:00Z,77176.1
2026-07-21T19:00:00Z,77148.6
2026-07-21T20:00:00Z,70800.5
2026-07-21T21:00:00Z,70153.1
2026-07-21T22:00:00Z,68633.2
2026-07-21T23:00:00Z,64567.4
2026-07-22T00:00:00Z,64421.1
2026-07-22T01:00:00Z,67588.0
2026-07-22T02:00:00Z,69426.9
2026-07-22T03:00:00Z,69536.3
2026-07-22T04:00:00Z,73787.5
2026-07-22T05:00:00Z,74388.2
2026-07-22T06:00:00Z,80428.9
2026-07-22T07:00:00Z,80862.8
2026-07-22T08:00:00Z,84820.0
2026-07-22T09:00:00Z,90512.9
2026-07-22T10:00:00Z,88939.3
2026-07-22T11:00:00Z,94290.8
2026-07-22T12:00:00Z,92329.4
2026-07-22T13:00:00Z,92459.6
2026-07-22T14:00:00Z,91948.5
2026-07-22T15:00:00Z,88950.4
2026-07-22T16:00:00Z,85144.7
2026-07-22T17:00:00Z,81388.2
2026-07-22T18:00:00Z,80566.7
2026-07-22T19:00:00Z,77273.6
2026-07-22T20:00:00Z,71750.8
2026-07-22T21:00:00Z,68675.7
2026-07-22T22:00:00Z,64748.3
2026-07-22T23:00:00Z,66841.5
2026-07-23T00:00:00Z,65822.7
2026-07-23T01:00:00Z,66614.3
2026-07-23T02:00:00Z,68220.4
2026-07-23T03:00:00Z,68377.6
2026-07-23T04:00:00Z,72674.5
2026-07-23T05:00:00Z,75345.4
2026-07-23T06:00:00Z,81140.0
2026-07-23T07:00:00Z,83126.1
2026-07-23T08:00:00Z,88093.2
2026-07-23T09:00:00Z,90714.1
2026-07-23T10:00:00Z,92559.6
2026-07-23T11:00:00Z,92274.1
2026-07-23T12:00:00Z,93390.8
2026-07-23T13:00:00Z,94582.4
2026-07-23T14:00:00Z,93016.0
2026-07-23T15:00:00Z,90313.8
2026-07-23T16:00:00Z,85697.1
2026-07-23T17:00:00Z,83511.3
2026-07-23T18:00:00Z,79667.6
2026-07-23T19:00:00Z,76224.4
2026-07-23T20:00:00Z,72636.9
2026-07-23T21:00:00Z,70612.8
2026-07-23T22:00:00Z,66830.6
2026-07-23T23:00:00Z,66794.4
2026-07-24T00:00:00Z,66063.7
2026-07-24T01:00:00Z,65692.6
2026-07-24T02:00:00Z,66687.4
2026-07-24T03:00:00Z,71384.8
2026-07-24T04:00:00Z,72416.3
2026-07-24T05:00:00Z,76572.2
2026-07-24T06:00:00Z,82449.3
2026-07-24T07:00:00Z,83241.8
2026-07-24T08:00:00Z,88552.8
2026-07-24T09:00:00Z,89955.3
2026-07-24T10:00:00Z,92472.6
2026-07-24T11:00:00Z,93373.5
2026-07-24T12:00:00Z,95073.4
2026-07-24T13:00:00Z,92587.1
2026-07-24T14:00:00Z,91641.3
2026-07-24T15:00:00Z,91042.6
2026-07-24T16:00:00Z,89974.5
2026-07-24T17:00:00Z,83282.2
2026-07-24T18:00:00Z,77827.7
2026-07-24T19:00:00Z,76480.5
2026-07-24T20:00:00Z,72246.0
2026-07-24T21:00:00Z,71010.0
2026-07-24T22:00:00Z,68559.4
2026-07-24T23:00:00Z,63185.9
2026-07-25T00:00:00Z,62878.0
2026-07-25T01:00:00Z,61587.9
2026-07-25T02:00:00Z,64695.5
2026-07-25T03:00:00Z,66435.1
2026-07-25T04:00:00Z,70338.8
2026-07-25T05:00:00Z,72292.4
2026-07-25T06:00:00Z,77344.2
2026-07-25T07:00:00Z,80940.5
2026-07-25T08:00:00Z,84400.2
2026-07-25T09:00:00Z,86657.2
2026-07-25T10:00:00Z,88030.2
2026-07-25T11:00:00Z,89828.6
2026-07-25T12:00:00Z,90621.5
2026-07-25T13:00:00Z,89752.3
2026-07-25T14:00:00Z,88205.2
2026-07-25T15:00:00Z,85232.3
2026-07-25T16:00:00Z,84106.9
2026-07-25T17:00:00Z,81398.2
2026-07-25T18:00:00Z,74525.4
2026-07-25T19:00:00Z,73009.2
2026-07-25T20:00:00Z,70113.5
2026-07-25T21:00:00Z,66358.2
2026-07-25T22:00:00Z,63890.9
2026-07-25T23:00:00Z,63817.8
2026-07-26T00:00:00Z,63180.9
2026-07-26T01:00:00Z,62233.8
2026-07-26T02:00:00Z,62246.4
2026-07-26T03:00:00Z,64924.1
2026-07-26T04:00:00Z,67727.5
2026-07-26T05:00:00Z,73605.3
2026-07-26T06:00:00Z,76533.4
2026-07-26T07:00:00Z,80418.7
2026-07-26T08:00:00Z,83790.5
2026-07-26T09:00:00Z,86646.9
2026-07-26T10:00:00Z,88067.9
2026-07-26T11:00:00Z,89220.0
2026-07-26T12:00:00Z,92536.6
2026-07-26T13:00:00Z,91121.6
2026-07-26T14:00:00Z,88999.6
2026-07-26T15:00:00Z,87876.3
2026-07-26T16:00:00Z,82124.2
2026-07-26T17:00:00Z,81235.5
2026-07-26T18:00:00Z,76565.4
2026-07-26T19:00:00Z,71227.1
2026-07-26T20:00:00Z,69075.7
2026-07-26T21:00:00Z,67375.2
2026-07-26T22:00:00Z,65061.5
2026-07-26T23:00:00Z,63790.1
2026-07-27T00:00:00Z,65035.4
2026-07-27T01:00:00Z,66894.4
2026-07-27T02:00:00Z,68800.5
2026-07-27T03:00:00Z,70544.9
2026-07-27T04:00:00Z,74318.6
2026-07-27T05:00:00Z,75824.8
2026-07-27T06:00:00Z,79871.6
2026-07-27T07:00:00Z,85559.5
2026-07-27T08:00:00Z,88409.1
2026-07-27T09:00:00Z,90940.4
2026-07-27T10:00:00Z,92831.1
2026-07-27T11:00:00Z,95550.4
2026-07-27T12:00:00Z,93798.2
2026-07-27T13:00:00Z,95906.6
2026-07-27T14:00:00Z,91844.8
2026-07-27T15:00:00Z,90704.4
2026-07-27T16:00:00Z,89180.6
2026-07-27T17:00:00Z,84789.1
2026-07-27T18:00:00Z,79966.6
2026-07-27T19:00:00Z,77928.1
2026-07-27T20:00:00Z,76899.0
2026-07-27T21:00:00Z,71978.3
2026-07-27T22:00:00Z,67444.8
2026-07-27T23:00:00Z,65970.6
2026-07-28T00:00:00Z,65716.7
2026-07-28T01:00:00Z,67203.4
2026-07-28T02:00:00Z,68200.9
2026-07-28T03:00:00Z,67161.2
2026-07-28T04:00:00Z,73576.5
2026-07-28T05:00:00Z,76752.8
2026-07-28T06:00:00Z,80380.6
2026-07-28T07:00:00Z,85410.3
2026-07-28T08:00:00Z,89216.7
2026-07-28T09:00:00Z,92665.7
2026-07-28T10:00:00Z,92803.8
2026-07-28T11:00:00Z,93586.5
2026-07-28T12:00:00Z,96152.4
