timestamp,demand_mwh
2025-06-23T13:00:00Z,80397.2
2025-06-23T14:00:00Z,78451.2
2025-06-23T15:00:00Z,77511.6
2025-06-23T16:00:00Z,75457.8
2025-06-23T17:00:00Z,72994.7
2025-06-23T18:00:00Z,68322.7
2025-06-23T19:00:00Z,64062.3
2025-06-23T20:00:00Z,60527.6
2025-06-23T21:00:00Z,59451.6
2025-06-23T22:00:00Z,58297.2
2025-06-23T23:00:00Z,55401.9
2025-06-24T00:00:00Z,53495.1
2025-06-24T01:00:00Z,54268.4
2025-06-24T02:00:00Z,58516.3
2025-06-24T03:00:00Z,59092.8
2025-06-24T04:00:00Z,59714.9
2025-06-24T05:00:00Z,64850.9
2025-06-24T06:00:00Z,67141.9
2025-06-24T07:00:00Z,71257.1
2025-06-24T08:00:00Z,74689.1
2025-06-24T09:00:00Z,77244.3
2025-06-24T10:00:00Z,80832.6
2025-06-24T11:00:00Z,81491.0
2025-06-24T12:00:00Z,81358.2
2025-06-24T13:00:00Z,82025.5
2025-06-24T14:00:00Z,81145.2
2025-06-24T15:00:00Z,76193.1
2025-06-24T16:00:00Z,74950.6
2025-06-24T17:00:00Z,70859.8
2025-06-24T18:00:00Z,68261.3
2025-06-24T19:00:00Z,63487.7
2025-06-24T20:00:00Z,61696.7
2025-06-24T21:00:00Z,58820.6
2025-06-24T22:00:00Z,56363.2
2025-06-24T23:00:00Z,54167.0
2025-06-25T00:00:00Z,54702.0
2025-06-25T01:00:00Z,54378.4
2025-06-25T02:00:00Z,55435.5
2025-06-25T03:00:00Z,59378.0
2025-06-25T04:00:00Z,60679.5
2025-06-25T05:00:00Z,66529.2
2025-06-25T06:00:00Z,69527.7
2025-06-25T07:00:00Z,69970.3
2025-06-25T08:00:00Z,75809.0
2025-06-25T09:00:00Z,77065.6
2025-06-25T10:00:00Z,80504.7
2025-06-25T11:00:00Z,81872.1
2025-06-25T12:00:00Z,80036.9
2025-06-25T13:00:00Z,81558.8
2025-06-25T14:00:00Z,80178.2
2025-06-25T15:00:00Z,79398.9
2025-06-25T16:00:00Z,74165.5
2025-06-25T17:00:00Z,73063.5
2025-06-25T18:00:00Z,67475.0
2025-06-25T19:00:00Z,64831.4
2025-06-25T20:00:00Z,60983.5
2025-06-25T21:00:00Z,60761.8
2025-06-25T22:00:00Z,57610.1
2025-06-25T23:00:00Z,58361.7
2025-06-26T00:00:00Z,56138.2
2025-06-26T01:00:00Z,56830.1
2025-06-26T02:00:00Z,58180.6
2025-06-26T03:00:00Z,58700.4
2025-06-26T04:00:00Z,62117.0
2025-06-26T05:00:00Z,66995.2
2025-06-26T06:00:00Z,68531.6
2025-06-26T07:00:00Z,72704.9
2025-06-26T08:00:00Z,75739.7
2025-06-26T09:00:00Z,79262.4
2025-06-26T10:00:00Z,80317.2
2025-06-26T11:00:00Z,81912.9
2025-06-26T12:00:00Z,82821.5
2025-06-26T13:00:00Z,82201.7
2025-06-26T14:00:00Z,79751.8
2025-06-26T15:00:00Z,79586.4
2025-06-26T16:00:00Z,74295.6
2025-06-26T17:00:00Z,71133.5
2025-06-26T18:00:00Z,67529.9
2025-06-26T19:00:00Z,66561.7
2025-06-26T20:00:00Z,61788.5
2025-06-26T21:00:00Z,58288.4
2025-06-26T22:00:00Z,55945.7
2025-06-26T23:00:00Z,56350.8
2025-06-27T00:00:00Z,54484.1
2025-06-27T01:00:00Z,54700.8
2025-06-27T02:00:00Z,58188.6
2025-06-27T03:00:00Z,58297.5
2025-06-27T04:00:00Z,62095.9
2025-06-27T05:00:00Z,65725.1
2025-06-27T06:00:00Z,68740.7
2025-06-27T07:00:00Z,72694.6
2025-06-27T08:00:00Z,77541.7
2025-06-27T09:00:00Z,78253.5
2025-06-27T10:00:00Z,79570.3
2025-06-27T11:00:00Z,80272.8
2025-06-27T12:00:00Z,82580.3
2025-06-27T13:00:00Z,81951.2
2025-06-27T14:00:00Z,81293.8
2025-06-27T15:00:00Z,78313.1
2025-06-27T16:00:00Z,75486.9
2025-06-27T17:00:00Z,71940.2
2025-06-27T18:00:00Z,68656.6
2025-06-27T19:00:00Z,65913.9
2025-06-27T20:00:00Z,62030.4
2025-06-27T21:00:00Z,59764.1
2025-06-27T22:00:00Z,59643.9
2025-06-27T23:00:00Z,56680.7
2025-06-28T00:00:00Z,50392.1
2025-06-28T01:00:00Z,54596.3
2025-06-28T02:00:00Z,54385.0
2025-06-28T03:00:00Z,55083.5
2025-06-28T04:00:00Z,59983.4
2025-06-28T05:00:00Z,62250.0
2025-06-28T06:00:00Z,65046.0
2025-06-28T07:00:00Z,68536.9
2025-06-28T08:00:00Z,71402.2
2025-06-28T09:00:00Z,75389.7
2025-06-28T10:00:00Z,78699.9
2025-06-28T11:00:00Z,78479.3
2025-06-28T12:00:00Z,79784.9
2025-06-28T13:00:00Z,80967.5
2025-06-28T14:00:00Z,76118.2
2025-06-28T15:00:00Z,75626.5
2025-06-28T16:00:00Z,72178.9
2025-06-28T17:00:00Z,68055.5
2025-06-28T18:00:00Z,64581.8
2025-06-28T19:00:00Z,62212.8
2025-06-28T20:00:00Z,59448.4
2025-06-28T21:00:00Z,55546.9
2025-06-28T22:00:00Z,54053.3
2025-06-28T23:00:00Z,53452.9
2025-06-29T00:00:00Z,52777.2
2025-06-29T01:00:00Z,53886.4
2025-06-29T02:00:00Z,54781.3
2025-06-29T03:00:00Z,56967.5
2025-06-29T04:00:00Z,61290.9
2025-06-29T05:00:00Z,63202.5
2025-06-29T06:00:00Z,66155.9
2025-06-29T07:00:00Z,70323.7
2025-06-29T08:00:00Z,71754.1
2025-06-29T09:00:00Z,75221.3
2025-06-29T10:00:00Z,78656.1
2025-06-29T11:00:00Z,79827.9
2025-06-29T12:00:00Z,81327.6
2025-06-29T13:00:00Z,79126.5
2025-06-29T14:00:00Z,76106.0
2025-06-29T15:00:00Z,77804.8
2025-06-29T16:00:00Z,74028.9
2025-06-29T17:00:00Z,68324.0
2025-06-29T18:00:00Z,67565.0
2025-06-29T19:00:00Z,62534.6
2025-06-29T20:00:00Z,57174.8
2025-06-29T21:00:00Z,55940.5
2025-06-29T22:00:00Z,53684.3
2025-06-29T23:00:00Z,54702.9
2025-06-30T00:00:00Z,55584.7
2025-06-30T01:00:00Z,56655.8
2025-06-30T02:00:00Z,57985.0
2025-06-30T03:00:00Z,60025.6
2025-06-30T04:00:00Z,62230.5
2025-06-30T05:00:00Z,66783.9
2025-06-30T06:00:00Z,71265.2
2025-06-30T07:00:00Z,74264.8
2025-06-30T08:00:00Z,75782.9
2025-06-30T09:00:00Z,78341.4
2025-06-30T10:00:00Z,81932.1
2025-06-30T11:00:00Z,82354.1
2025-06-30T12:00:00Z,82902.8
2025-06-30T13:00:00Z,81253.9
2025-06-30T14:00:00Z,84002.9
2025-06-30T15:00:00Z,80677.8
2025-06-30T16:00:00Z,75730.4
2025-06-30T17:00:00Z,74586.1
2025-06-30T18:00:00Z,71565.6
2025-06-30T19:00:00Z,63834.5
2025-06-30T20:00:00Z,62643.3
2025-06-30T21:00:00Z,60015.4
2025-06-30T22:00:00Z,59030.9
2025-06-30T23:00:00Z,56805.2
2025-07-01T00:00:00Z,56490.8
2025-07-01T01:00:00Z,57147.6
2025-07-01T02:00:00Z,60664.4
2025-07-01T03:00:00Z,63167.3
2025-07-01T04:00:00Z,62941.7
2025-07-01T05:00:00Z,65760.1
2025-07-01T06:00:00Z,73363.1
2025-07-01T07:00:00Z,72722.7
2025-07-01T08:00:00Z,76454.3
2025-07-01T09:00:00Z,79953.9
2025-07-01T10:00:00Z,82615.1
2025-07-01T11:00:00Z,84587.5
2025-07-01T12:00:00Z,84328.4
2025-07-01T13:00:00Z,82437.7
2025-07-01T14:00:00Z,82641.2
2025-07-01T15:00:00Z,80195.1
2025-07-01T16:00:00Z,79224.7
2025-07-01T17:00:00Z,73813.4
2025-07-01T18:00:00Z,68807.2
2025-07-01T19:00:00Z,65625.8
2025-07-01T20:00:00Z,65174.7
2025-07-01T21:00:00Z,60114.5
2025-07-01T22:00:00Z,56189.6
2025-07-01T23:00:00Z,56557.1
2025-07-02T00:00:00Z,57023.9
2025-07-02T01:00:00Z,58830.3
2025-07-02T02:00:00Z,57694.6
2025-07-02T03:00:00Z,61751.5
2025-07-02T04:00:00Z,64706.9
2025-07-02T05:00:00Z,66289.2
2025-07-02T06:00:00Z,70379.4
2025-07-02T07:00:00Z,76103.6
2025-07-02T08:00:00Z,79320.4
2025-07-02T09:00:00Z,81152.4
2025-07-02T10:00:00Z,82716.6
2025-07-02T11:00:00Z,84983.7
2025-07-02T12:00:00Z,83999.9
2025-07-02T13:00:00Z,83589.2
2025-07-02T14:00:00Z,81368.5
2025-07-02T15:00:00Z,80191.4
2025-07-02T16:00:00Z,77282.5
2025-07-02T17:00:00Z,77238.9
2025-07-02T18:00:00Z,70373.4
2025-07-02T19:00:00Z,68516.7
2025-07-02T20:00:00Z,65300.7
2025-07-02T21:00:00Z,60786.9
2025-07-02T22:00:00Z,60163.8
2025-07-02T23:00:00Z,55025.0
2025-07-03T00:00:00Z,57405.2
2025-07-03T01:00:00Z,58729.5
2025-07-03T02:00:00Z,56404.5
2025-07-03T03:00:00Z,59961.2
2025-07-03T04:00:00Z,65275.7
2025-07-03T05:00:00Z,67063.3
2025-07-03T06:00:00Z,69623.8
2025-07-03T07:00:00Z,73954.6
2025-07-03T08:00:00Z,77035.8
2025-07-03T09:00:00Z,81278.2
2025-07-03T10:00:00Z,83128.5
2025-07-03T11:00:00Z,83653.9
2025-07-03T12:00:00Z,83680.7
2025-07-03T13:00:00Z,83909.8
2025-07-03T14:00:00Z,84113.6
2025-07-03T15:00:00Z,80853.8
2025-07-03T16:00:00Z,78371.6
2025-07-03T17:00:00Z,74206.6
2025-07-03T18:00:00Z,69404.9
2025-07-03T19:00:00Z,66550.2
2025-07-03T20:00:00Z,64818.0
2025-07-03T21:00:00Z,61388.5
2025-07-03T22:00:00Z,58093.7
2025-07-03T23:00:00Z,55931.0
2025-07-04T00:00:00Z,57698.4
2025-07-04T01:00:00Z,57651.7
2025-07-04T02:00:00Z,58994.7
2025-07-04T03:00:00Z,61174.6
2025-07-04T04:00:00Z,64678.0
2025-07-04T05:00:00Z,67962.2
2025-07-04T06:00:00Z,72228.6
2025-07-04T07:00:00Z,75702.0
2025-07-04T08:00:00Z,79430.7
2025-07-04T09:00:00Z,81646.2
2025-07-04T10:00:00Z,82511.2
2025-07-04T11:00:00Z,84184.7
2025-07-04T12:00:00Z,85267.1
2025-07-04T13:00:00Z,83895.2
2025-07-04T14:00:00Z,83511.9
2025-07-04T15:00:00Z,82038.8
2025-07-04T16:00:00Z,77018.7
2025-07-04T17:00:00Z,72650.7
2025-07-04T18:00:00Z,72490.4
2025-07-04T19:00:00Z,67649.4
2025-07-04T20:00:00Z,65158.3
2025-07-04T21:00:00Z,60040.8
2025-07-04T22:00:00Z,61350.3
2025-07-04T23:00:00Z,58870.7
2025-07-05T00:00:00Z,53938.6
2025-07-05T01:00:00Z,54145.5
2025-07-05T02:00:00Z,56027.6
2025-07-05T03:00:00Z,57866.4
2025-07-05T04:00:00Z,60549.8
2025-07-05T05:00:00Z,62871.3
2025-07-05T06:00:00Z,69076.4
2025-07-05T07:00:00Z,71115.4
2025-07-05T08:00:00Z,74516.8
2025-07-05T09:00:00Z,77347.4
2025-07-05T10:00:00Z,76732.2
2025-07-05T11:00:00Z,81349.9
2025-07-05T12:00:00Z,80844.0
2025-07-05T13:00:00Z,80426.9
2025-07-05T14:00:00Z,79477.4
2025-07-05T15:00:00Z,76142.8
2025-07-05T16:00:00Z,75386.0
2025-07-05T17:00:00Z,70373.4
2025-07-05T18:00:00Z,66627.0
2025-07-05T19:00:00Z,63162.3
2025-07-05T20:00:00Z,61044.4
2025-07-05T21:00:00Z,58898.2
2025-07-05T22:00:00Z,55226.0
2025-07-05T23:00:00Z,52836.0
2025-07-06T00:00:00Z,55560.2
2025-07-06T01:00:00Z,53617.0
2025-07-06T02:00:00Z,57527.5
2025-07-06T03:00:00Z,58271.3
2025-07-06T04:00:00Z,60353.1
2025-07-06T05:00:00Z,63691.2
2025-07-06T06:00:00Z,68448.6
2025-07-06T07:00:00Z,72443.5
2025-07-06T08:00:00Z,74486.1
2025-07-06T09:00:00Z,78590.8
2025-07-06T10:00:00Z,82035.9
2025-07-06T11:00:00Z,80796.2
2025-07-06T12:00:00Z,80194.4
2025-07-06T13:00:00Z,79839.5
2025-07-06T14:00:00Z,78104.3
2025-07-06T15:00:00Z,76796.9
2025-07-06T16:00:00Z,73891.9
2025-07-06T17:00:00Z,69939.8
2025-07-06T18:00:00Z,68525.9
2025-07-06T19:00:00Z,61462.4
2025-07-06T20:00:00Z,59649.3
2025-07-06T21:00:00Z,60611.2
2025-07-06T22:00:00Z,57350.0
2025-07-06T23:00:00Z,55412.3
2025-07-07T00:00:00Z,58923.5
2025-07-07T01:00:00Z,60871.1
2025-07-07T02:00:00Z,60829.8
2025-07-07T03:00:00Z,62468.1
2025-07-07T04:00:00Z,63799.4
2025-07-07T05:00:00Z,68379.2
2025-07-07T06:00:00Z,71144.3
2025-07-07T07:00:00Z,74687.2
2025-07-07T08:00:00Z,77950.3
2025-07-07T09:00:00Z,81517.3
2025-07-07T10:00:00Z,83351.1
2025-07-07T11:00:00Z,86064.2
2025-07-07T12:00:00Z,84042.2
2025-07-07T13:00:00Z,84887.7
2025-07-07T14:00:00Z,85826.3
2025-07-07T15:00:00Z,81611.7
2025-07-07T16:00:00Z,80113.0
2025-07-07T17:00:00Z,76771.0
2025-07-07T18:00:00Z,73462.7
2025-07-07T19:00:00Z,69297.1
2025-07-07T20:00:00Z,63629.5
2025-07-07T21:00:00Z,62078.0
2025-07-07T22:00:00Z,59794.2
2025-07-07T23:00:00Z,57117.6
2025-07-08T00:00:00Z,58161.9
2025-07-08T01:00:00Z,57735.3
2025-07-08T02:00:00Z,58621.0
2025-07-08T03:00:00Z,62898.7
2025-07-08T04:00:00Z,65420.9
2025-07-08T05:00:00Z,67964.7
2025-07-08T06:00:00Z,71179.2
2025-07-08T07:00:00Z,75153.5
2025-07-08T08:00:00Z,78592.1
2025-07-08T09:00:00Z,81386.2
2025-07-08T10:00:00Z,83944.2
2025-07-08T11:00:00Z,84866.7
2025-07-08T12:00:00Z,86259.0
2025-07-08T13:00:00Z,85950.4
2025-07-08T14:00:00Z,84408.4
2025-07-08T15:00:00Z,81097.9
2025-07-08T16:00:00Z,78340.7
2025-07-08T17:00:00Z,76257.1
2025-07-08T18:00:00Z,72031.2
2025-07-08T19:00:00Z,68693.6
2025-07-08T20:00:00Z,62652.7
2025-07-08T21:00:00Z,59607.4
2025-07-08T22:00:00Z,60885.3
2025-07-08T23:00:00Z,59521.3
2025-07-09T00:00:00Z,60542.7
2025-07-09T01:00:00Z,60244.9
2025-07-09T02:00:00Z,61035.6
2025-07-09T03:00:00Z,62959.5
2025-07-09T04:00:00Z,64137.9
2025-07-09T05:00:00Z,70021.7
2025-07-09T06:00:00Z,71852.3
2025-07-09T07:00:00Z,76614.4
2025-07-09T08:00:00Z,79544.7
2025-07-09T09:00:00Z,82436.1
2025-07-09T10:00:00Z,85293.9
2025-07-09T11:00:00Z,85086.1
2025-07-09T12:00:00Z,85664.5
2025-07-09T13:00:00Z,84672.3
2025-07-09T14:00:00Z,83858.2
2025-07-09T15:00:00Z,84012.0
2025-07-09T16:00:00Z,78907.7
2025-07-09T17:00:00Z,77386.8
2025-07-09T18:00:00Z,73468.7
2025-07-09T19:00:00Z,69847.8
2025-07-09T20:00:00Z,66658.9
2025-07-09T21:00:00Z,61794.3
2025-07-09T22:00:00Z,61207.1
2025-07-09T23:00:00Z,61225.4
2025-07-10T00:00:00Z,58462.2
2025-07-10T01:00:00Z,59657.9
2025-07-10T02:00:00Z,60287.4
2025-07-10T03:00:00Z,63581.1
2025-07-10T04:00:00Z,64813.2
2025-07-10T05:00:00Z,71124.8
2025-07-10T06:00:00Z,72390.3
2025-07-10T07:00:00Z,74583.7
2025-07-10T08:00:00Z,81624.9
2025-07-10T09:00:00Z,83507.4
2025-07-10T10:00:00Z,85152.5
2025-07-10T11:00:00Z,86523.8
2025-07-10T12:00:00Z,85979.4
2025-07-10T13:00:00Z,85669.2
2025-07-10T14:00:00Z,85384.8
2025-07-10T15:00:00Z,83447.6
2025-07-10T16:00:00Z,80654.6
2025-07-10T17:00:00Z,76568.2
2025-07-10T18:00:00Z,72289.1
2025-07-10T19:00:00Z,69087.7
2025-07-10T20:00:00Z,67287.2
2025-07-10T21:00:00Z,64850.7
2025-07-10T22:00:00Z,60680.7
2025-07-10T23:00:00Z,59171.5
2025-07-11T00:00:00Z,60941.8
2025-07-11T01:00:00Z,60811.7
2025-07-11T02:00:00Z,62137.3
2025-07-11T03:00:00Z,62021.3
2025-07-11T04:00:00Z,65892.4
2025-07-11T05:00:00Z,69005.0
2025-07-11T06:00:00Z,73333.9
2025-07-11T07:00:00Z,74705.3
2025-07-11T08:00:00Z,81320.4
2025-07-11T09:00:00Z,83031.8
2025-07-11T10:00:00Z,85340.3
2025-07-11T11:00:00Z,84865.2
2025-07-11T12:00:00Z,86636.5
2025-07-11T13:00:00Z,87713.0
2025-07-11T14:00:00Z,83073.9
2025-07-11T15:00:00Z,83038.2
2025-07-11T16:00:00Z,80672.6
2025-07-11T17:00:00Z,75828.0
2025-07-11T18:00:00Z,74020.0
2025-07-11T19:00:00Z,69214.1
2025-07-11T20:00:00Z,67705.4
2025-07-11T21:00:00Z,64101.5
2025-07-11T22:00:00Z,61602.6
2025-07-11T23:00:00Z,62264.9
2025-07-12T00:00:00Z,56986.1
2025-07-12T01:00:00Z,57987.4
2025-07-12T02:00:00Z,56518.4
2025-07-12T03:00:00Z,59288.3
2025-07-12T04:00:00Z,63775.2
2025-07-12T05:00:00Z,67125.5
2025-07-12T06:00:00Z,69550.1
2025-07-12T07:00:00Z,74006.2
2025-07-12T08:00:00Z,75200.3
2025-07-12T09:00:00Z,79448.6
2025-07-12T10:00:00Z,80065.8
2025-07-12T11:00:00Z,83103.4
2025-07-12T12:00:00Z,82631.0
2025-07-12T13:00:00Z,81993.6
2025-07-12T14:00:00Z,81426.6
2025-07-12T15:00:00Z,81261.7
2025-07-12T16:00:00Z,75252.9
2025-07-12T17:00:00Z,72444.3
2025-07-12T18:00:00Z,70820.2
2025-07-12T19:00:00Z,65622.7
2025-07-12T20:00:00Z,64829.7
2025-07-12T21:00:00Z,60271.0
2025-07-12T22:00:00Z,57965.7
2025-07-12T23:00:00Z,56911.4
2025-07-13T00:00:00Z,58297.9
2025-07-13T01:00:00Z,57532.5
2025-07-13T02:00:00Z,58731.1
2025-07-13T03:00:00Z,60587.8
2025-07-13T04:00:00Z,61346.5
2025-07-13T05:00:00Z,65384.3
2025-07-13T06:00:00Z,71573.9
2025-07-13T07:00:00Z,74337.5
2025-07-13T08:00:00Z,77252.7
2025-07-13T09:00:00Z,80210.7
2025-07-13T10:00:00Z,81032.0
2025-07-13T11:00:00Z,83384.1
2025-07-13T12:00:00Z,82445.8
2025-07-13T13:00:00Z,83444.5
2025-07-13T14:00:00Z,80839.2
2025-07-13T15:00:00Z,79248.7
2025-07-13T16:00:00Z,77193.2
2025-07-13T17:00:00Z,73038.8
2025-07-13T18:00:00Z,70628.9
2025-07-13T19:00:00Z,66900.8
2025-07-13T20:00:00Z,63519.4
2025-07-13T21:00:00Z,61800.5
2025-07-13T22:00:00Z,56480.5
2025-07-13T23:00:00Z,54986.7
2025-07-14T00:00:00Z,61078.9
2025-07-14T01:00:00Z,61908.2
2025-07-14T02:00:00Z,64474.3
2025-07-14T03:00:00Z,65211.1
2025-07-14T04:00:00Z,68104.6
2025-07-14T05:00:00Z,69439.7
2025-07-14T06:00:00Z,74800.6
2025-07-14T07:00:00Z,78223.1
2025-07-14T08:00:00Z,79539.7
2025-07-14T09:00:00Z,82530.0
2025-07-14T10:00:00Z,85574.0
2025-07-14T11:00:00Z,87380.8
2025-07-14T12:00:00Z,84187.8
2025-07-14T13:00:00Z,87134.4
2025-07-14T14:00:00Z,85960.5
2025-07-14T15:00:00Z,83343.5
2025-07-14T16:00:00Z,81035.2
2025-07-14T17:00:00Z,77976.7
2025-07-14T18:00:00Z,72805.9
2025-07-14T19:00:00Z,70908.7
2025-07-14T20:00:00Z,66881.8
2025-07-14T21:00:00Z,63286.6
2025-07-14T22:00:00Z,62436.3
2025-07-14T23:00:00Z,62526.4
2025-07-15T00:00:00Z,59015.9
2025-07-15T01:00:00Z,59260.0
2025-07-15T02:00:00Z,60615.3
2025-07-15T03:00:00Z,66876.2
2025-07-15T04:00:00Z,67166.1
2025-07-15T05:00:00Z,70655.5
2025-07-15T06:00:00Z,73345.0
2025-07-15T07:00:00Z,76682.5
2025-07-15T08:00:00Z,78726.4
2025-07-15T09:00:00Z,84020.7
2025-07-15T10:00:00Z,86277.6
2025-07-15T11:00:00Z,85104.8
2025-07-15T12:00:00Z,86622.4
2025-07-15T13:00:00Z,86498.2
2025-07-15T14:00:00Z,85954.7
2025-07-15T15:00:00Z,84104.0
2025-07-15T16:00:00Z,82290.9
2025-07-15T17:00:00Z,79288.5
2025-07-15T18:00:00Z,75442.3
2025-07-15T19:00:00Z,72239.5
2025-07-15T20:00:00Z,66131.7
2025-07-15T21:00:00Z,64013.7
2025-07-15T22:00:00Z,63777.5
2025-07-15T23:00:00Z,61455.4
2025-07-16T00:00:00Z,60972.9
2025-07-16T01:00:00Z,59176.5
2025-07-16T02:00:00Z,60667.3
2025-07-16T03:00:00Z,65751.9
2025-07-16T04:00:00Z,68121.7
2025-07-16T05:00:00Z,70673.0
2025-07-16T06:00:00Z,74052.3
2025-07-16T07:00:00Z,76079.2
2025-07-16T08:00:00Z,81722.7
2025-07-16T09:00:00Z,85282.5
2025-07-16T10:00:00Z,88125.8
2025-07-16T11:00:00Z,87680.0
2025-07-16T12:00:00Z,87855.9
2025-07-16T13:00:00Z,86385.3
2025-07-16T14:00:00Z,87652.1
2025-07-16T15:00:00Z,86042.8
2025-07-16T16:00:00Z,80609.7
2025-07-16T17:00:00Z,78359.5
2025-07-16T18:00:00Z,74621.7
2025-07-16T19:00:00Z,70358.9
2025-07-16T20:00:00Z,64911.8
2025-07-16T21:00:00Z,64511.7
2025-07-16T22:00:00Z,63456.2
2025-07-16T23:00:00Z,59782.2
2025-07-17T00:00:00Z,60288.4
2025-07-17T01:00:00Z,57986.7
2025-07-17T02:00:00Z,64506.9
2025-07-17T03:00:00Z,65776.3
2025-07-17T04:00:00Z,68072.1
2025-07-17T05:00:00Z,70987.1
2025-07-17T06:00:00Z,74083.9
2025-07-17T07:00:00Z,78226.9
2025-07-17T08:00:00Z,81237.3
2025-07-17T09:00:00Z,84117.3
2025-07-17T10:00:00Z,86516.0
2025-07-17T11:00:00Z,88051.7
2025-07-17T12:00:00Z,90123.3
2025-07-17T13:00:00Z,86270.9
2025-07-17T14:00:00Z,86850.4
2025-07-17T15:00:00Z,83692.0
2025-07-17T16:00:00Z,80299.9
2025-07-17T17:00:00Z,75638.4
2025-07-17T18:00:00Z,75490.6
2025-07-17T19:00:00Z,70173.1
2025-07-17T20:00:00Z,67161.7
2025-07-17T21:00:00Z,65730.7
2025-07-17T22:00:00Z,61818.3
2025-07-17T23:00:00Z,61717.3
2025-07-18T00:00:00Z,61426.3
2025-07-18T01:00:00Z,62879.8
2025-07-18T02:00:00Z,64471.3
2025-07-18T03:00:00Z,64504.7
2025-07-18T04:00:00Z,69331.7
2025-07-18T05:00:00Z,71457.6
2025-07-18T06:00:00Z,75217.3
2025-07-18T07:00:00Z,78349.7
2025-07-18T08:00:00Z,82739.1
2025-07-18T09:00:00Z,83301.6
2025-07-18T10:00:00Z,87122.4
2025-07-18T11:00:00Z,89513.1
2025-07-18T12:00:00Z,88325.3
2025-07-18T13:00:00Z,90476.4
2025-07-18T14:00:00Z,85996.3
2025-07-18T15:00:00Z,84913.8
2025-07-18T16:00:00Z,81316.6
2025-07-18T17:00:00Z,77890.4
2025-07-18T18:00:00Z,73816.9
2025-07-18T19:00:00Z,70956.3
2025-07-18T20:00:00Z,68235.6
2025-07-18T21:00:00Z,64576.8
2025-07-18T22:00:00Z,64326.3
2025-07-18T23:00:00Z,63692.2
2025-07-19T00:00:00Z,56299.0
2025-07-19T01:00:00Z,59433.8
2025-07-19T02:00:00Z,60057.9
2025-07-19T03:00:00Z,62276.6
2025-07-19T04:00:00Z,67593.3
2025-07-19T05:00:00Z,69445.3
2025-07-19T06:00:00Z,71973.1
2025-07-19T07:00:00Z,75313.7
2025-07-19T08:00:00Z,75941.6
2025-07-19T09:00:00Z,82073.4
2025-07-19T10:00:00Z,82509.8
2025-07-19T11:00:00Z,84910.4
2025-07-19T12:00:00Z,85284.4
2025-07-19T13:00:00Z,85797.5
2025-07-19T14:00:00Z,85652.0
2025-07-19T15:00:00Z,82312.2
2025-07-19T16:00:00Z,79829.5
2025-07-19T17:00:00Z,74852.8
2025-07-19T18:00:00Z,72121.8
2025-07-19T19:00:00Z,68964.7
2025-07-19T20:00:00Z,63195.0
2025-07-19T21:00:00Z,64321.0
2025-07-19T22:00:00Z,59048.4
2025-07-19T23:00:00Z,57056.8
2025-07-20T00:00:00Z,60171.9
2025-07-20T01:00:00Z,61181.8
2025-07-20T02:00:00Z,59347.1
2025-07-20T03:00:00Z,61604.8
2025-07-20T04:00:00Z,68626.5
2025-07-20T05:00:00Z,68507.7
2025-07-20T06:00:00Z,69648.7
2025-07-20T07:00:00Z,74711.2
2025-07-20T08:00:00Z,80939.3
2025-07-20T09:00:00Z,82230.8
2025-07-20T10:00:00Z,84492.1
2025-07-20T11:00:00Z,86381.7
2025-07-20T12:00:00Z,86223.5
2025-07-20T13:00:00Z,84620.4
2025-07-20T14:00:00Z,81839.2
2025-07-20T15:00:00Z,81990.3
2025-07-20T16:00:00Z,77413.8
2025-07-20T17:00:00Z,75339.9
2025-07-20T18:00:00Z,73880.6
2025-07-20T19:00:00Z,68991.6
2025-07-20T20:00:00Z,65175.4
2025-07-20T21:00:00Z,62372.5
2025-07-20T22:00:00Z,60968.3
2025-07-20T23:00:00Z,59828.2
2025-07-21T00:00:00Z,60889.7
2025-07-21T01:00:00Z,63050.5
2025-07-21T02:00:00Z,66135.9
2025-07-21T03:00:00Z,67205.2
2025-07-21T04:00:00Z,68297.2
2025-07-21T05:00:00Z,71666.1
2025-07-21T06:00:00Z,73614.7
2025-07-21T07:00:00Z,78560.5
2025-07-21T08:00:00Z,84546.7
2025-07-21T09:00:00Z,85461.1
2025-07-21T10:00:00Z,86729.2
2025-07-21T11:00:00Z,88399.9
2025-07-21T12:00:00Z,89388.3
2025-07-21T13:00:00Z,88930.8
2025-07-21T14:00:00Z,87295.6
2025-07-21T15:00:00Z,84670.2
2025-07-21T16:00:00Z,83449.5
2025-07-21T17:00:00Z,81197.1
2025-07-21T18:00:00Z,75303.9
2025-07-21T19:00:00Z,71822.5
2025-07-21T20:00:00Z,70507.0
2025-07-21T21:00:00Z,64697.4
2025-07-21T22:00:00Z,63527.5
2025-07-21T23:00:00Z,62413.3
2025-07-22T00:00:00Z,62853.4
2025-07-22T01:00:00Z,62815.1
2025-07-22T02:00:00Z,63479.0
2025-07-22T03:00:00Z,66988.6
2025-07-22T04:00:00Z,68104.6
2025-07-22T05:00:00Z,70749.5
2025-07-22T06:00:00Z,73938.0
2025-07-22T07:00:00Z,80589.2
2025-07-22T08:00:00Z,81051.2
2025-07-22T09:00:00Z,86330.4
2025-07-22T10:00:00Z,88739.4
2025-07-22T11:00:00Z,90248.7
2025-07-22T12:00:00Z,89601.2
2025-07-22T13:00:00Z,88716.6
2025-07-22T14:00:00Z,88077.9
2025-07-22T15:00:00Z,85153.6
2025-07-22T16:00:00Z,81560.8
2025-07-22T17:00:00Z,81162.2
2025-07-22T18:00:00Z,75219.9
2025-07-22T19:00:00Z,74750.2
2025-07-22T20:00:00Z,70029.4
2025-07-22T21:00:00Z,66123.6
2025-07-22T22:00:00Z,64976.2
2025-07-22T23:00:00Z,64516.8
2025-07-23T00:00:00Z,61390.1
2025-07-23T01:00:00Z,62363.1
2025-07-23T02:00:00Z,63580.0
2025-07-23T03:00:00Z,67109.0
2025-07-23T04:00:00Z,70189.4
2025-07-23T05:00:00Z,73037.4
2025-07-23T06:00:00Z,75692.8
2025-07-23T07:00:00Z,79430.2
2025-07-23T08:00:00Z,84642.0
2025-07-23T09:00:00Z,87372.7
2025-07-23T10:00:00Z,88414.5
2025-07-23T11:00:00Z,88139.6
2025-07-23T12:00:00Z,90793.9
2025-07-23T13:00:00Z,89946.6
2025-07-23T14:00:00Z,88551.7
2025-07-23T15:00:00Z,88065.9
2025-07-23T16:00:00Z,84227.6
2025-07-23T17:00:00Z,78925.9
2025-07-23T18:00:00Z,75425.4
2025-07-23T19:00:00Z,74565.2
2025-07-23T20:00:00Z,69965.0
2025-07-23T21:00:00Z,67925.4
2025-07-23T22:00:00Z,64646.0
2025-07-23T23:00:00Z,62337.4
2025-07-24T00:00:00Z,63599.7
2025-07-24T01:00:00Z,65525.9
2025-07-24T02:00:00Z,65502.2
2025-07-24T03:00:00Z,66002.3
2025-07-24T04:00:00Z,69739.0
2025-07-24T05:00:00Z,72804.8
2025-07-24T06:00:00Z,77080.4
2025-07-24T07:00:00Z,81553.8
2025-07-24T08:00:00Z,85907.1
2025-07-24T09:00:00Z,86750.0
2025-07-24T10:00:00Z,88170.1
2025-07-24T11:00:00Z,90100.0
2025-07-24T12:00:00Z,90493.6
2025-07-24T13:00:00Z,89533.1
2025-07-24T14:00:00Z,88684.7
2025-07-24T15:00:00Z,86502.2
2025-07-24T16:00:00Z,82362.8
2025-07-24T17:00:00Z,81040.2
2025-07-24T18:00:00Z,76499.2
2025-07-24T19:00:00Z,72285.5
2025-07-24T20:00:00Z,70679.5
2025-07-24T21:00:00Z,66764.3
2025-07-24T22:00:00Z,67129.3
2025-07-24T23:00:00Z,64341.0
2025-07-25T00:00:00Z,63708.0
2025-07-25T01:00:00Z,63226.9
2025-07-25T02:00:00Z,64975.1
2025-07-25T03:00:00Z,68548.9
2025-07-25T04:00:00Z,69620.0
2025-07-25T05:00:00Z,74527.2
2025-07-25T06:00:00Z,74803.3
2025-07-25T07:00:00Z,80913.5
2025-07-25T08:00:00Z,84880.9
2025-07-25T09:00:00Z,87149.3
2025-07-25T10:00:00Z,88917.0
2025-07-25T11:00:00Z,91418.4
2025-07-25T12:00:00Z,89771.4
2025-07-25T13:00:00Z,89163.6
2025-07-25T14:00:00Z,89038.5
2025-07-25T15:00:00Z,88123.1
2025-07-25T16:00:00Z,84441.3
2025-07-25T17:00:00Z,80461.5
2025-07-25T18:00:00Z,77509.0
2025-07-25T19:00:00Z,74158.1
2025-07-25T20:00:00Z,68977.8
2025-07-25T21:00:00Z,64396.6
2025-07-25T22:00:00Z,64260.3
2025-07-25T23:00:00Z,62374.5
2025-07-26T00:00:00Z,59461.3
2025-07-26T01:00:00Z,59219.8
2025-07-26T02:00:00Z,60955.4
2025-07-26T03:00:00Z,64581.4
2025-07-26T04:00:00Z,67012.2
2025-07-26T05:00:00Z,70148.6
2025-07-26T06:00:00Z,75567.2
2025-07-26T07:00:00Z,76683.4
2025-07-26T08:00:00Z,80047.9
2025-07-26T09:00:00Z,84721.2
2025-07-26T10:00:00Z,84190.4
2025-07-26T11:00:00Z,84961.0
2025-07-26T12:00:00Z,88747.2
2025-07-26T13:00:00Z,87189.5
2025-07-26T14:00:00Z,86134.2
2025-07-26T15:00:00Z,84021.6
2025-07-26T16:00:00Z,81514.8
2025-07-26T17:00:00Z,76689.2
2025-07-26T18:00:00Z,73627.8
2025-07-26T19:00:00Z,68945.7
2025-07-26T20:00:00Z,67090.7
2025-07-26T21:00:00Z,64387.7
2025-07-26T22:00:00Z,61458.3
2025-07-26T23:00:00Z,61372.6
2025-07-27T00:00:00Z,63780.3
2025-07-27T01:00:00Z,59602.3
2025-07-27T02:00:00Z,63201.5
2025-07-27T03:00:00Z,65488.7
2025-07-27T04:00:00Z,68440.7
2025-07-27T05:00:00Z,69600.8
2025-07-27T06:00:00Z,75376.9
2025-07-27T07:00:00Z,78278.0
2025-07-27T08:00:00Z,80672.0
2025-07-27T09:00:00Z,83238.9
2025-07-27T10:00:00Z,86062.6
2025-07-27T11:00:00Z,88199.6
2025-07-27T12:00:00Z,88608.4
2025-07-27T13:00:00Z,89738.8
2025-07-27T14:00:00Z,85399.3
2025-07-27T15:00:00Z,84347.2
2025-07-27T16:00:00Z,80353.0
2025-07-27T17:00:00Z,78452.9
2025-07-27T18:00:00Z,74206.6
2025-07-27T19:00:00Z,69871.2
2025-07-27T20:00:00Z,65775.5
2025-07-27T21:00:00Z,63596.0
2025-07-27T22:00:00Z,62582.1
2025-07-27T23:00:00Z,62617.1
2025-07-28T00:00:00Z,65418.9
2025-07-28T01:00:00Z,63651.4
2025-07-28T02:00:00Z,65807.0
2025-07-28T03:00:00Z,68548.5
2025-07-28T04:00:00Z,71163.1
2025-07-28T05:00:00Z,74637.5
2025-07-28T06:00:00Z,78941.8
2025-07-28T07:00:00Z,81800.5
2025-07-28T08:00:00Z,84038.1
2025-07-28T09:00:00Z,85442.1
2025-07-28T10:00:00Z,89383.5
2025-07-28T11:00:00Z,89215.9
2025-07-28T12:00:00Z,91383.5
2025-07-28T13:00:00Z,91450.2
2025-07-28T14:00:00Z,88214.2
2025-07-28T15:00:00Z,87396.8
2025-07-28T16:00:00Z,84347.9
2025-07-28T17:00:00Z,83600.7
2025-07-28T18:00:00Z,78441.4
2025-07-28T19:00:00Z,72273.4
2025-07-28T20:00:00Z,71625.7
2025-07-28T21:00:00Z,68777.1
2025-07-28T22:00:00Z,65918.6
2025-07-28T23:00:00Z,64361.0
2025-07-29T00:00:00Z,65275.1
2025-07-29T01:00:00Z,65804.5
2025-07-29T02:00:00Z,66897.8
2025-07-29T03:00:00Z,67432.4
2025-07-29T04:00:00Z,71076.7
2025-07-29T05:00:00Z,72866.4
2025-07-29T06:00:00Z,76444.1
2025-07-29T07:00:00Z,81009.5
2025-07-29T08:00:00Z,83718.9
2025-07-29T09:00:00Z,87249.0
2025-07-29T10:00:00Z,92670.9
2025-07-29T11:00:00Z,91776.1
2025-07-29T12:00:00Z,90674.2
2025-07-29T13:00:00Z,88764.1
2025-07-29T14:00:00Z,88899.5
2025-07-29T15:00:00Z,86064.4
2025-07-29T16:00:00Z,82386.0
2025-07-29T17:00:00Z,82411.3
2025-07-29T18:00:00Z,77534.4
2025-07-29T19:00:00Z,75061.9
2025-07-29T20:00:00Z,74785.6
2025-07-29T21:00:00Z,68787.7
2025-07-29T22:00:00Z,66457.5
2025-07-29T23:00:00Z,65363.9
2025-07-30T00:00:00Z,64486.3
2025-07-30T01:00:00Z,64314.9
2025-07-30T02:00:00Z,66365.1
2025-07-30T03:00:00Z,70054.0
2025-07-30T04:00:00Z,71268.0
2025-07-30T05:00:00Z,73298.0
2025-07-30T06:00:00Z,76949.2
2025-07-30T07:00:00Z,80708.1
2025-07-30T08:00:00Z,85159.1
2025-07-30T09:00:00Z,88503.7
2025-07-30T10:00:00Z,90662.8
2025-07-30T11:00:00Z,92824.0
2025-07-30T12:00:00Z,91717.3
2025-07-30T13:00:00Z,92437.7
2025-07-30T14:00:00Z,90514.1
2025-07-30T15:00:00Z,88796.2
2025-07-30T16:00:00Z,83114.3
2025-07-30T17:00:00Z,83341.2
2025-07-30T18:00:00Z,76680.8
2025-07-30T19:00:00Z,73649.5
2025-07-30T20:00:00Z,72536.4
2025-07-30T21:00:00Z,68414.8
2025-07-30T22:00:00Z,68701.5
2025-07-30T23:00:00Z,65534.9
2025-07-31T00:00:00Z,64013.4
2025-07-31T01:00:00Z,65816.3
2025-07-31T02:00:00Z,66544.9
2025-07-31T03:00:00Z,70912.6
2025-07-31T04:00:00Z,73812.0
2025-07-31T05:00:00Z,76079.0
2025-07-31T06:00:00Z,78298.7
2025-07-31T07:00:00Z,82366.3
2025-07-31T08:00:00Z,86730.6
2025-07-31T09:00:00Z,87450.1
2025-07-31T10:00:00Z,89614.1
2025-07-31T11:00:00Z,92829.8
2025-07-31T12:00:00Z,93164.7
2025-07-31T13:00:00Z,91608.0
2025-07-31T14:00:00Z,90211.6
2025-07-31T15:00:00Z,86152.8
2025-07-31T16:00:00Z,86887.1
2025-07-31T17:00:00Z,82145.3
2025-07-31T18:00:00Z,77152.5
2025-07-31T19:00:00Z,73981.5
2025-07-31T20:00:00Z,70974.7
2025-07-31T21:00:00Z,71101.3
2025-07-31T22:00:00Z,67801.1
2025-07-31T23:00:00Z,64154.5
2025-08-01T00:00:00Z,67580.8
2025-08-01T01:00:00Z,67459.6
2025-08-01T02:00:00Z,66105.5
2025-08-01T03:00:00Z,66453.0
2025-08-01T04:00:00Z,73358.6
2025-08-01T05:00:00Z,74862.2
2025-08-01T06:00:00Z,78901.2
2025-08-01T07:00:00Z,81973.3
2025-08-01T08:00:00Z,87262.8
2025-08-01T09:00:00Z,90321.1
2025-08-01T10:00:00Z,91721.0
2025-08-01T11:00:00Z,91990.2
2025-08-01T12:00:00Z,92918.8
2025-08-01T13:00:00Z,92862.8
2025-08-01T14:00:00Z,89024.7
2025-08-01T15:00:00Z,90054.7
2025-08-01T16:00:00Z,85478.7
2025-08-01T17:00:00Z,82864.2
2025-08-01T18:00:00Z,79213.5
2025-08-01T19:00:00Z,76570.7
2025-08-01T20:00:00Z,73482.9
2025-08-01T21:00:00Z,71963.9
2025-08-01T22:00:00Z,66912.5
2025-08-01T23:00:00Z,64936.3
2025-08-02T00:00:00Z,62160.5
2025-08-02T01:00:00Z,61733.4
2025-08-02T02:00:00Z,64803.8
2025-08-02T03:00:00Z,65076.3
2025-08-02T04:00:00Z,68950.5
2025-08-02T05:00:00Z,73136.8
2025-08-02T06:00:00Z,76733.7
2025-08-02T07:00:00Z,79331.8
2025-08-02T08:00:00Z,83969.5
2025-08-02T09:00:00Z,86640.1
2025-08-02T10:00:00Z,85420.3
2025-08-02T11:00:00Z,89105.1
2025-08-02T12:00:00Z,89366.6
2025-08-02T13:00:00Z,88364.4
2025-08-02T14:00:00Z,86627.5
2025-08-02T15:00:00Z,85242.8
2025-08-02T16:00:00Z,82821.5
2025-08-02T17:00:00Z,79424.8
2025-08-02T18:00:00Z,77147.0
2025-08-02T19:00:00Z,73215.1
2025-08-02T20:00:00Z,68155.0
2025-08-02T21:00:00Z,65153.7
2025-08-02T22:00:00Z,64814.2
2025-08-02T23:00:00Z,61712.9
2025-08-03T00:00:00Z,62503.7
2025-08-03T01:00:00Z,63316.4
2025-08-03T02:00:00Z,65298.4
2025-08-03T03:00:00Z,66874.5
2025-08-03T04:00:00Z,70734.5
2025-08-03T05:00:00Z,71854.6
2025-08-03T06:00:00Z,76643.7
2025-08-03T07:00:00Z,78653.8
2025-08-03T08:00:00Z,82881.1
2025-08-03T09:00:00Z,85620.5
2025-08-03T10:00:00Z,86586.8
2025-08-03T11:00:00Z,86048.0
2025-08-03T12:00:00Z,90535.7
2025-08-03T13:00:00Z,89403.1
2025-08-03T14:00:00Z,87796.7
2025-08-03T15:00:00Z,84689.3
2025-08-03T16:00:00Z,82295.1
2025-08-03T17:00:00Z,79914.2
2025-08-03T18:00:00Z,75910.5
2025-08-03T19:00:00Z,73687.0
2025-08-03T20:00:00Z,69236.0
2025-08-03T21:00:00Z,65364.9
2025-08-03T22:00:00Z,64826.6
2025-08-03T23:00:00Z,62064.5
2025-08-04T00:00:00Z,66606.3
2025-08-04T01:00:00Z,64776.0
2025-08-04T02:00:00Z,67781.8
2025-08-04T03:00:00Z,70961.8
2025-08-04T04:00:00Z,72403.9
2025-08-04T05:00:00Z,76379.7
2025-08-04T06:00:00Z,80587.7
2025-08-04T07:00:00Z,83507.5
2025-08-04T08:00:00Z,88721.7
2025-08-04T09:00:00Z,89219.0
2025-08-04T10:00:00Z,91464.5
2025-08-04T11:00:00Z,92840.8
2025-08-04T12:00:00Z,91249.5
2025-08-04T13:00:00Z,91287.7
2025-08-04T14:00:00Z,92268.7
2025-08-04T15:00:00Z,89137.5
2025-08-04T16:00:00Z,88269.9
2025-08-04T17:00:00Z,83339.0
2025-08-04T18:00:00Z,79723.4
2025-08-04T19:00:00Z,77567.1
2025-08-04T20:00:00Z,73444.4
2025-08-04T21:00:00Z,72135.2
2025-08-04T22:00:00Z,66970.7
2025-08-04T23:00:00Z,67308.1
2025-08-05T00:00:00Z,67391.3
2025-08-05T01:00:00Z,67714.6
2025-08-05T02:00:00Z,69745.0
2025-08-05T03:00:00Z,71764.6
2025-08-05T04:00:00Z,73454.5
2025-08-05T05:00:00Z,76057.6
2025-08-05T06:00:00Z,81311.6
2025-08-05T07:00:00Z,83775.6
2025-08-05T08:00:00Z,88080.4
2025-08-05T09:00:00Z,91340.5
2025-08-05T10:00:00Z,92201.1
2025-08-05T11:00:00Z,92315.5
2025-08-05T12:00:00Z,93513.2
2025-08-05T13:00:00Z,94234.0
2025-08-05T14:00:00Z,91723.7
2025-08-05T15:00:00Z,91172.0
2025-08-05T16:00:00Z,87080.7
2025-08-05T17:00:00Z,83917.5
2025-08-05T18:00:00Z,79552.1
2025-08-05T19:00:00Z,76638.3
2025-08-05T20:00:00Z,74716.5
2025-08-05T21:00:00Z,70281.8
2025-08-05T22:00:00Z,68134.2
2025-08-05T23:00:00Z,66272.6
2025-08-06T00:00:00Z,67843.4
2025-08-06T01:00:00Z,65700.4
2025-08-06T02:00:00Z,68033.7
2025-08-06T03:00:00Z,71954.4
2025-08-06T04:00:00Z,75340.7
2025-08-06T05:00:00Z,76750.9
2025-08-06T06:00:00Z,81600.6
2025-08-06T07:00:00Z,81778.0
2025-08-06T08:00:00Z,88146.8
2025-08-06T09:00:00Z,90429.2
2025-08-06T10:00:00Z,90870.7
2025-08-06T11:00:00Z,91595.8
2025-08-06T12:00:00Z,93497.7
2025-08-06T13:00:00Z,93898.8
2025-08-06T14:00:00Z,92666.0
2025-08-06T15:00:00Z,90217.9
2025-08-06T16:00:00Z,88153.8
2025-08-06T17:00:00Z,84801.5
2025-08-06T18:00:00Z,78933.3
2025-08-06T19:00:00Z,76551.8
2025-08-06T20:00:00Z,73133.7
2025-08-06T21:00:00Z,72061.9
2025-08-06T22:00:00Z,68187.9
2025-08-06T23:00:00Z,68525.7
2025-08-07T00:00:00Z,67301.2
2025-08-07T01:00:00Z,70311.5
2025-08-07T02:00:00Z,68959.4
2025-08-07T03:00:00Z,71176.3
2025-08-07T04:00:00Z,73854.7
2025-08-07T05:00:00Z,77419.3
2025-08-07T06:00:00Z,83509.9
2025-08-07T07:00:00Z,83705.9
2025-08-07T08:00:00Z,86561.4
2025-08-07T09:00:00Z,90132.5
2025-08-07T10:00:00Z,93270.7
2025-08-07T11:00:00Z,92748.6
2025-08-07T12:00:00Z,95226.8
2025-08-07T13:00:00Z,94726.8
2025-08-07T14:00:00Z,92320.4
2025-08-07T15:00:00Z,90064.7
2025-08-07T16:00:00Z,86647.9
2025-08-07T17:00:00Z,83955.5
2025-08-07T18:00:00Z,79849.2
2025-08-07T19:00:00Z,78645.6
2025-08-07T20:00:00Z,75806.3
2025-08-07T21:00:00Z,70835.8
2025-08-07T22:00:00Z,68953.3
2025-08-07T23:00:00Z,65497.0
2025-08-08T00:00:00Z,66851.5
2025-08-08T01:00:00Z,68293.4
2025-08-08T02:00:00Z,69573.2
2025-08-08T03:00:00Z,71559.1
2025-08-08T04:00:00Z,75184.5
2025-08-08T05:00:00Z,77603.7
2025-08-08T06:00:00Z,80573.3
2025-08-08T07:00:00Z,86331.5
2025-08-08T08:00:00Z,85627.7
2025-08-08T09:00:00Z,89296.1
2025-08-08T10:00:00Z,91923.8
2025-08-08T11:00:00Z,93287.2
2025-08-08T12:00:00Z,93696.9
2025-08-08T13:00:00Z,93852.9
2025-08-08T14:00:00Z,91944.6
2025-08-08T15:00:00Z,90526.8
2025-08-08T16:00:00Z,88445.3
2025-08-08T17:00:00Z,84536.6
2025-08-08T18:00:00Z,81141.6
2025-08-08T19:00:00Z,76423.0
2025-08-08T20:00:00Z,72923.9
2025-08-08T21:00:00Z,71064.3
2025-08-08T22:00:00Z,70280.8
2025-08-08T23:00:00Z,68304.5
2025-08-09T00:00:00Z,65142.0
2025-08-09T01:00:00Z,65498.0
2025-08-09T02:00:00Z,66999.3
2025-08-09T03:00:00Z,66980.7
2025-08-09T04:00:00Z,72094.7
2025-08-09T05:00:00Z,74825.1
2025-08-09T06:00:00Z,79819.9
2025-08-09T07:00:00Z,81658.6
2025-08-09T08:00:00Z,84634.4
2025-08-09T09:00:00Z,86932.2
2025-08-09T10:00:00Z,89419.6
2025-08-09T11:00:00Z,88730.7
2025-08-09T12:00:00Z,90771.1
2025-08-09T13:00:00Z,90547.1
2025-08-09T14:00:00Z,90347.8
2025-08-09T15:00:00Z,86340.8
2025-08-09T16:00:00Z,84417.6
2025-08-09T17:00:00Z,83049.1
2025-08-09T18:00:00Z,76890.1
2025-08-09T19:00:00Z,74920.7
2025-08-09T20:00:00Z,70101.8
2025-08-09T21:00:00Z,67779.0
2025-08-09T22:00:00Z,66252.9
2025-08-09T23:00:00Z,65371.4
2025-08-10T00:00:00Z,63630.8
2025-08-10T01:00:00Z,63499.2
2025-08-10T02:00:00Z,67704.9
2025-08-10T03:00:00Z,68367.6
2025-08-10T04:00:00Z,71858.5
2025-08-10T05:00:00Z,75264.5
2025-08-10T06:00:00Z,78601.6
2025-08-10T07:00:00Z,80970.7
2025-08-10T08:00:00Z,84383.4
2025-08-10T09:00:00Z,85604.1
2025-08-10T10:00:00Z,89703.6
2025-08-10T11:00:00Z,90331.7
2025-08-10T12:00:00Z,91294.1
2025-08-10T13:00:00Z,92949.9
2025-08-10T14:00:00Z,90271.6
2025-08-10T15:00:00Z,87405.2
2025-08-10T16:00:00Z,83014.4
2025-08-10T17:00:00Z,82078.5
2025-08-10T18:00:00Z,79453.9
2025-08-10T19:00:00Z,73320.9
2025-08-10T20:00:00Z,71442.7
2025-08-10T21:00:00Z,67580.6
2025-08-10T22:00:00Z,65833.1
2025-08-10T23:00:00Z,64238.8
2025-08-11T00:00:00Z,66420.6
2025-08-11T01:00:00Z,68107.8
2025-08-11T02:00:00Z,68228.3
2025-08-11T03:00:00Z,73735.1
2025-08-11T04:00:00Z,76161.3
2025-08-11T05:00:00Z,78321.2
2025-08-11T06:00:00Z,82094.7
2025-08-11T07:00:00Z,85359.7
2025-08-11T08:00:00Z,88789.0
2025-08-11T09:00:00Z,91595.9
2025-08-11T10:00:00Z,93267.5
2025-08-11T11:00:00Z,94704.0
2025-08-11T12:00:00Z,93856.4
2025-08-11T13:00:00Z,93775.6
2025-08-11T14:00:00Z,92860.2
2025-08-11T15:00:00Z,91608.9
2025-08-11T16:00:00Z,88154.8
2025-08-11T17:00:00Z,87414.3
2025-08-11T18:00:00Z,81574.1
2025-08-11T19:00:00Z,77877.0
2025-08-11T20:00:00Z,75481.9
2025-08-11T21:00:00Z,73335.2
2025-08-11T22:00:00Z,72093.5
2025-08-11T23:00:00Z,69763.0
2025-08-12T00:00:00Z,67828.4
2025-08-12T01:00:00Z,68755.8
2025-08-12T02:00:00Z,71466.6
2025-08-12T03:00:00Z,72743.4
2025-08-12T04:00:00Z,76155.3
2025-08-12T05:00:00Z,78458.2
2025-08-12T06:00:00Z,83828.6
2025-08-12T07:00:00Z,87169.9
2025-08-12T08:00:00Z,90086.6
2025-08-12T09:00:00Z,91823.7
2025-08-12T10:00:00Z,92022.3
2025-08-12T11:00:00Z,93669.4
2025-08-12T12:00:00Z,95987.6
2025-08-12T13:00:00Z,95888.7
2025-08-12T14:00:00Z,90587.3
2025-08-12T15:00:00Z,91130.1
2025-08-12T16:00:00Z,90119.4
2025-08-12T17:00:00Z,86629.8
2025-08-12T18:00:00Z,81513.0
2025-08-12T19:00:00Z,79256.4
2025-08-12T20:00:00Z,75313.8
2025-08-12T21:00:00Z,72229.4
2025-08-12T22:00:00Z,71553.3
2025-08-12T23:00:00Z,70220.0
2025-08-13T00:00:00Z,68179.2
2025-08-13T01:00:00Z,68177.5
2025-08-13T02:00:00Z,69132.8
2025-08-13T03:00:00Z,71163.3
2025-08-13T04:00:00Z,77018.9
2025-08-13T05:00:00Z,80890.2
2025-08-13T06:00:00Z,82565.3
2025-08-13T07:00:00Z,87006.7
2025-08-13T08:00:00Z,88361.5
2025-08-13T09:00:00Z,91851.2
2025-08-13T10:00:00Z,95096.2
2025-08-13T11:00:00Z,95788.6
2025-08-13T12:00:00Z,95863.8
2025-08-13T13:00:00Z,93605.1
2025-08-13T14:00:00Z,92482.0
2025-08-13T15:00:00Z,91472.8
2025-08-13T16:00:00Z,88509.3
2025-08-13T17:00:00Z,85766.5
2025-08-13T18:00:00Z,81632.8
2025-08-13T19:00:00Z,78585.0
2025-08-13T20:00:00Z,75620.0
2025-08-13T21:00:00Z,73311.3
2025-08-13T22:00:00Z,70659.2
2025-08-13T23:00:00Z,68626.2
2025-08-14T00:00:00Z,68720.1
2025-08-14T01:00:00Z,70485.9
2025-08-14T02:00:00Z,70616.4
2025-08-14T03:00:00Z,71933.6
2025-08-14T04:00:00Z,74698.3
2025-08-14T05:00:00Z,79392.0
2025-08-14T06:00:00Z,83207.2
2025-08-14T07:00:00Z,87449.8
2025-08-14T08:00:00Z,89019.3
2025-08-14T09:00:00Z,93698.4
2025-08-14T10:00:00Z,93955.6
2025-08-14T11:00:00Z,95436.9
2025-08-14T12:00:00Z,95529.4
2025-08-14T13:00:00Z,96268.8
2025-08-14T14:00:00Z,95488.9
2025-08-14T15:00:00Z,92151.1
2025-08-14T16:00:00Z,88817.0
2025-08-14T17:00:00Z,84397.9
2025-08-14T18:00:00Z,82746.4
2025-08-14T19:00:00Z,78693.8
2025-08-14T20:00:00Z,75576.9
2025-08-14T21:00:00Z,72293.8
2025-08-14T22:00:00Z,69868.5
2025-08-14T23:00:00Z,69002.6
2025-08-15T00:00:00Z,69760.0
2025-08-15T01:00:00Z,70782.1
2025-08-15T02:00:00Z,71070.9
2025-08-15T03:00:00Z,73594.3
2025-08-15T04:00:00Z,75832.0
2025-08-15T05:00:00Z,79183.6
2025-08-15T06:00:00Z,81330.2
2025-08-15T07:00:00Z,87312.2
2025-08-15T08:00:00Z,90269.3
2025-08-15T09:00:00Z,94023.5
2025-08-15T10:00:00Z,93908.2
2025-08-15T11:00:00Z,96076.8
2025-08-15T12:00:00Z,95385.2
2025-08-15T13:00:00Z,96200.4
2025-08-15T14:00:00Z,94445.9
2025-08-15T15:00:00Z,93166.9
2025-08-15T16:00:00Z,89455.6
2025-08-15T17:00:00Z,87048.8
2025-08-15T18:00:00Z,82294.0
2025-08-15T19:00:00Z,79972.8
2025-08-15T20:00:00Z,75717.1
2025-08-15T21:00:00Z,72759.9
2025-08-15T22:00:00Z,71179.3
2025-08-15T23:00:00Z,70131.3
2025-08-16T00:00:00Z,64205.8
2025-08-16T01:00:00Z,64551.8
2025-08-16T02:00:00Z,67776.0
2025-08-16T03:00:00Z,69663.3
2025-08-16T04:00:00Z,70308.2
2025-08-16T05:00:00Z,73941.9
2025-08-16T06:00:00Z,78478.3
2025-08-16T07:00:00Z,83181.8
2025-08-16T08:00:00Z,86327.4
2025-08-16T09:00:00Z,90017.4
2025-08-16T10:00:00Z,92353.9
2025-08-16T11:00:00Z,95021.6
2025-08-16T12:00:00Z,91309.2
2025-08-16T13:00:00Z,92383.0
2025-08-16T14:00:00Z,92238.5
2025-08-16T15:00:00Z,87539.9
2025-08-16T16:00:00Z,84561.3
2025-08-16T17:00:00Z,83050.0
2025-08-16T18:00:00Z,80523.1
2025-08-16T19:00:00Z,77184.5
2025-08-16T20:00:00Z,70589.9
2025-08-16T21:00:00Z,68397.3
2025-08-16T22:00:00Z,67467.3
2025-08-16T23:00:00Z,65637.7
2025-08-17T00:00:00Z,66361.3
2025-08-17T01:00:00Z,66617.1
2025-08-17T02:00:00Z,69757.9
2025-08-17T03:00:00Z,69913.6
2025-08-17T04:00:00Z,72993.1
2025-08-17T05:00:00Z,76148.8
2025-08-17T06:00:00Z,80790.6
2025-08-17T07:00:00Z,81869.9
2025-08-17T08:00:00Z,86785.4
2025-08-17T09:00:00Z,88325.1
2025-08-17T10:00:00Z,89773.8
2025-08-17T11:00:00Z,93980.3
2025-08-17T12:00:00Z,93726.2
2025-08-17T13:00:00Z,94222.4
2025-08-17T14:00:00Z,91614.6
2025-08-17T15:00:00Z,89893.0
2025-08-17T16:00:00Z,86520.4
2025-08-17T17:00:00Z,83725.7
2025-08-17T18:00:00Z,79137.0
2025-08-17T19:00:00Z,77957.4
2025-08-17T20:00:00Z,71834.0
2025-08-17T21:00:00Z,71880.0
2025-08-17T22:00:00Z,67627.3
2025-08-17T23:00:00Z,67448.6
2025-08-18T00:00:00Z,70200.2
2025-08-18T01:00:00Z,71003.3
2025-08-18T02:00:00Z,73508.3
2025-08-18T03:00:00Z,74183.0
2025-08-18T04:00:00Z,75796.0
2025-08-18T05:00:00Z,80373.7
2025-08-18T06:00:00Z,84337.7
2025-08-18T07:00:00Z,84425.0
2025-08-18T08:00:00Z,91483.9
2025-08-18T09:00:00Z,94421.7
2025-08-18T10:00:00Z,93418.4
2025-08-18T11:00:00Z,96557.9
2025-08-18T12:00:00Z,98098.9
2025-08-18T13:00:00Z,95448.3
2025-08-18T14:00:00Z,94907.4
2025-08-18T15:00:00Z,92841.0
2025-08-18T16:00:00Z,91025.9
2025-08-18T17:00:00Z,88367.8
2025-08-18T18:00:00Z,83589.2
2025-08-18T19:00:00Z,80182.2
2025-08-18T20:00:00Z,77867.1
2025-08-18T21:00:00Z,74631.4
2025-08-18T22:00:00Z,71752.4
2025-08-18T23:00:00Z,71994.0
2025-08-19T00:00:00Z,68733.0
2025-08-19T01:00:00Z,70933.5
2025-08-19T02:00:00Z,71653.0
2025-08-19T03:00:00Z,73716.3
2025-08-19T04:00:00Z,77305.0
2025-08-19T05:00:00Z,80400.0
2025-08-19T06:00:00Z,86599.4
2025-08-19T07:00:00Z,88095.6
2025-08-19T08:00:00Z,91042.9
2025-08-19T09:00:00Z,95297.4
2025-08-19T10:00:00Z,96746.6
2025-08-19T11:00:00Z,94901.6
2025-08-19T12:00:00Z,97570.5
2025-08-19T13:00:00Z,97799.5
2025-08-19T14:00:00Z,94943.0
2025-08-19T15:00:00Z,93788.3
2025-08-19T16:00:00Z,90140.0
2025-08-19T17:00:00Z,87792.3
2025-08-19T18:00:00Z,82049.2
2025-08-19T19:00:00Z,78179.7
2025-08-19T20:00:00Z,76464.2
2025-08-19T21:00:00Z,74516.1
2025-08-19T22:00:00Z,73590.3
2025-08-19T23:00:00Z,70442.3
2025-08-20T00:00:00Z,69697.9
2025-08-20T01:00:00Z,72014.6
2025-08-20T02:00:00Z,72387.3
2025-08-20T03:00:00Z,76513.6
2025-08-20T04:00:00Z,77213.6
2025-08-20T05:00:00Z,78412.6
2025-08-20T06:00:00Z,83205.5
2025-08-20T07:00:00Z,86543.0
2025-08-20T08:00:00Z,89323.6
2025-08-20T09:00:00Z,92820.3
2025-08-20T10:00:00Z,95071.2
2025-08-20T11:00:00Z,96876.8
2025-08-20T12:00:00Z,97043.8
2025-08-20T13:00:00Z,97647.9
2025-08-20T14:00:00Z,96297.5
2025-08-20T15:00:00Z,93877.1
2025-08-20T16:00:00Z,91089.8
2025-08-20T17:00:00Z,85492.5
2025-08-20T18:00:00Z,82221.5
2025-08-20T19:00:00Z,79589.3
2025-08-20T20:00:00Z,77583.9
2025-08-20T21:00:00Z,72853.8
2025-08-20T22:00:00Z,71862.4
2025-08-20T23:00:00Z,71254.5
2025-08-21T00:00:00Z,72975.4
2025-08-21T01:00:00Z,71510.1
2025-08-21T02:00:00Z,71974.9
2025-08-21T03:00:00Z,75949.4
2025-08-21T04:00:00Z,77766.6
2025-08-21T05:00:00Z,80473.5
2025-08-21T06:00:00Z,85562.8
2025-08-21T07:00:00Z,86801.2
2025-08-21T08:00:00Z,91312.8
2025-08-21T09:00:00Z,93996.4
2025-08-21T10:00:00Z,97072.3
2025-08-21T11:00:00Z,96130.9
2025-08-21T12:00:00Z,96425.1
2025-08-21T13:00:00Z,96974.2
2025-08-21T14:00:00Z,95745.4
2025-08-21T15:00:00Z,93942.0
2025-08-21T16:00:00Z,90663.5
2025-08-21T17:00:00Z,88293.4
2025-08-21T18:00:00Z,85070.7
2025-08-21T19:00:00Z,81035.3
2025-08-21T20:00:00Z,76329.8
2025-08-21T21:00:00Z,75993.3
2025-08-21T22:00:00Z,70823.7
2025-08-21T23:00:00Z,70955.2
2025-08-22T00:00:00Z,71960.5
2025-08-22T01:00:00Z,70731.8
2025-08-22T02:00:00Z,74227.4
2025-08-22T03:00:00Z,77080.1
2025-08-22T04:00:00Z,79510.6
2025-08-22T05:00:00Z,81502.9
2025-08-22T06:00:00Z,85627.1
2025-08-22T07:00:00Z,87461.4
2025-08-22T08:00:00Z,91758.8
2025-08-22T09:00:00Z,94630.7
2025-08-22T10:00:00Z,96380.2
2025-08-22T11:00:00Z,97804.5
2025-08-22T12:00:00Z,97860.3
2025-08-22T13:00:00Z,95427.6
2025-08-22T14:00:00Z,96724.7
2025-08-22T15:00:00Z,94471.4
2025-08-22T16:00:00Z,93614.2
2025-08-22T17:00:00Z,88836.4
2025-08-22T18:00:00Z,84601.7
2025-08-22T19:00:00Z,81996.2
2025-08-22T20:00:00Z,78441.8
2025-08-22T21:00:00Z,74913.4
2025-08-22T22:00:00Z,72348.2
2025-08-22T23:00:00Z,69771.0
2025-08-23T00:00:00Z,67564.5
2025-08-23T01:00:00Z,69716.0
2025-08-23T02:00:00Z,67146.9
2025-08-23T03:00:00Z,70331.9
2025-08-23T04:00:00Z,75060.4
2025-08-23T05:00:00Z,77699.9
2025-08-23T06:00:00Z,81466.7
2025-08-23T07:00:00Z,82414.9
2025-08-23T08:00:00Z,87115.3
2025-08-23T09:00:00Z,91156.7
2025-08-23T10:00:00Z,93407.0
2025-08-23T11:00:00Z,94432.2
2025-08-23T12:00:00Z,93569.5
2025-08-23T13:00:00Z,94707.2
2025-08-23T14:00:00Z,91400.5
2025-08-23T15:00:00Z,89530.2
2025-08-23T16:00:00Z,86467.3
2025-08-23T17:00:00Z,86127.6
2025-08-23T18:00:00Z,80529.6
2025-08-23T19:00:00Z,77544.3
2025-08-23T20:00:00Z,71734.4
2025-08-23T21:00:00Z,72632.7
2025-08-23T22:00:00Z,69765.2
2025-08-23T23:00:00Z,66024.0
2025-08-24T00:00:00Z,65850.0
2025-08-24T01:00:00Z,69989.9
2025-08-24T02:00:00Z,68412.3
2025-08-24T03:00:00Z,73706.2
2025-08-24T04:00:00Z,73913.5
2025-08-24T05:00:00Z,74915.5
2025-08-24T06:00:00Z,82473.8
2025-08-24T07:00:00Z,85302.6
2025-08-24T08:00:00Z,88776.8
2025-08-24T09:00:00Z,90244.6
2025-08-24T10:00:00Z,92732.7
2025-08-24T11:00:00Z,95408.1
2025-08-24T12:00:00Z,93863.4
2025-08-24T13:00:00Z,92109.6
2025-08-24T14:00:00Z,93996.4
2025-08-24T15:00:00Z,90116.5
2025-08-24T16:00:00Z,89443.6
2025-08-24T17:00:00Z,84188.8
2025-08-24T18:00:00Z,80739.3
2025-08-24T19:00:00Z,77425.2
2025-08-24T20:00:00Z,71778.4
2025-08-24T21:00:00Z,72953.9
2025-08-24T22:00:00Z,68760.5
2025-08-24T23:00:00Z,67894.1
2025-08-25T00:00:00Z,73305.4
2025-08-25T01:00:00Z,72245.1
2025-08-25T02:00:00Z,74481.4
2025-08-25T03:00:00Z,76005.7
2025-08-25T04:00:00Z,79309.1
2025-08-25T05:00:00Z,82022.3
2025-08-25T06:00:00Z,86524.9
2025-08-25T07:00:00Z,88495.4
2025-08-25T08:00:00Z,92525.9
2025-08-25T09:00:00Z,94015.3
2025-08-25T10:00:00Z,98311.5
2025-08-25T11:00:00Z,95862.2
2025-08-25T12:00:00Z,99000.2
2025-08-25T13:00:00Z,98735.9
2025-08-25T14:00:00Z,97359.2
2025-08-25T15:00:00Z,94808.6
2025-08-25T16:00:00Z,93520.3
2025-08-25T17:00:00Z,91124.8
2025-08-25T18:00:00Z,84550.6
2025-08-25T19:00:00Z,79554.9
2025-08-25T20:00:00Z,77210.8
2025-08-25T21:00:00Z,74711.5
2025-08-25T22:00:00Z,73320.0
2025-08-25T23:00:00Z,72055.6
2025-08-26T00:00:00Z,73102.4
2025-08-26T01:00:00Z,71863.4
2025-08-26T02:00:00Z,73659.4
2025-08-26T03:00:00Z,75981.4
2025-08-26T04:00:00Z,77674.5
2025-08-26T05:00:00Z,81580.3
2025-08-26T06:00:00Z,88566.2
2025-08-26T07:00:00Z,88858.0
2025-08-26T08:00:00Z,91146.4
2025-08-26T09:00:00Z,92582.7
2025-08-26T10:00:00Z,98373.1
2025-08-26T11:00:00Z,98191.1
2025-08-26T12:00:00Z,98300.8
2025-08-26T13:00:00Z,101318.9
2025-08-26T14:00:00Z,98818.7
2025-08-26T15:00:00Z,93108.3
2025-08-26T16:00:00Z,91840.5
2025-08-26T17:00:00Z,90089.2
2025-08-26T18:00:00Z,86393.3
2025-08-26T19:00:00Z,80679.4
2025-08-26T20:00:00Z,80673.8
2025-08-26T21:00:00Z,77947.2
2025-08-26T22:00:00Z,72446.1
2025-08-26T23:00:00Z,70347.2
2025-08-27T00:00:00Z,70533.5
2025-08-27T01:00:00Z,73320.9
2025-08-27T02:00:00Z,75141.4
2025-08-27T03:00:00Z,76285.9
2025-08-27T04:00:00Z,78213.5
2025-08-27T05:00:00Z,82053.1
2025-08-27T06:00:00Z,86306.8
2025-08-27T07:00:00Z,87808.2
2025-08-27T08:00:00Z,90533.0
2025-08-27T09:00:00Z,95164.6
2025-08-27T10:00:00Z,98812.0
2025-08-27T11:00:00Z,98987.6
2025-08-27T12:00:00Z,99453.1
2025-08-27T13:00:00Z,98008.4
2025-08-27T14:00:00Z,98455.2
2025-08-27T15:00:00Z,93327.8
2025-08-27T16:00:00Z,92374.1
2025-08-27T17:00:00Z,88503.9
2025-08-27T18:00:00Z,85488.3
2025-08-27T19:00:00Z,81102.2
2025-08-27T20:00:00Z,79723.6
2025-08-27T21:00:00Z,75978.4
2025-08-27T22:00:00Z,73234.5
2025-08-27T23:00:00Z,73128.3
2025-08-28T00:00:00Z,72252.5
2025-08-28T01:00:00Z,72185.1
2025-08-28T02:00:00Z,73459.8
2025-08-28T03:00:00Z,77162.3
2025-08-28T04:00:00Z,78029.6
2025-08-28T05:00:00Z,82111.7
2025-08-28T06:00:00Z,85570.3
2025-08-28T07:00:00Z,89739.1
2025-08-28T08:00:00Z,92437.8
2025-08-28T09:00:00Z,97904.3
2025-08-28T10:00:00Z,95647.0
2025-08-28T11:00:00Z,99646.5
2025-08-28T12:00:00Z,99401.8
2025-08-28T13:00:00Z,100229.5
2025-08-28T14:00:00Z,95783.6
2025-08-28T15:00:00Z,96839.3
2025-08-28T16:00:00Z,91090.1
2025-08-28T17:00:00Z,90161.8
2025-08-28T18:00:00Z,86447.1
2025-08-28T19:00:00Z,82391.9
2025-08-28T20:00:00Z,78251.2
2025-08-28T21:00:00Z,75351.4
2025-08-28T22:00:00Z,74228.7
2025-08-28T23:00:00Z,71913.3
2025-08-29T00:00:00Z,70313.2
2025-08-29T01:00:00Z,70937.6
2025-08-29T02:00:00Z,75241.4
2025-08-29T03:00:00Z,77425.6
2025-08-29T04:00:00Z,79888.6
2025-08-29T05:00:00Z,82633.5
2025-08-29T06:00:00Z,86522.6
2025-08-29T07:00:00Z,90165.2
2025-08-29T08:00:00Z,93163.5
2025-08-29T09:00:00Z,94794.9
2025-08-29T10:00:00Z,97018.5
2025-08-29T11:00:00Z,97901.5
2025-08-29T12:00:00Z,99838.5
2025-08-29T13:00:00Z,98085.0
2025-08-29T14:00:00Z,97671.6
2025-08-29T15:00:00Z,97182.9
2025-08-29T16:00:00Z,92461.8
2025-08-29T17:00:00Z,90714.2
2025-08-29T18:00:00Z,87868.5
2025-08-29T19:00:00Z,80532.2
2025-08-29T20:00:00Z,77702.3
2025-08-29T21:00:00Z,77050.3
2025-08-29T22:00:00Z,73558.7
2025-08-29T23:00:00Z,73611.0
2025-08-30T00:00:00Z,69791.6
2025-08-30T01:00:00Z,68874.7
2025-08-30T02:00:00Z,71746.7
2025-08-30T03:00:00Z,74941.3
2025-08-30T04:00:00Z,76862.1
2025-08-30T05:00:00Z,78065.6
2025-08-30T06:00:00Z,82403.2
2025-08-30T07:00:00Z,85473.8
2025-08-30T08:00:00Z,91127.1
2025-08-30T09:00:00Z,91947.2
2025-08-30T10:00:00Z,93542.7
2025-08-30T11:00:00Z,95732.7
2025-08-30T12:00:00Z,96725.0
2025-08-30T13:00:00Z,95257.8
2025-08-30T14:00:00Z,94448.9
2025-08-30T15:00:00Z,92174.6
2025-08-30T16:00:00Z,90200.3
2025-08-30T17:00:00Z,87195.2
2025-08-30T18:00:00Z,82894.3
2025-08-30T19:00:00Z,78546.0
2025-08-30T20:00:00Z,76262.3
2025-08-30T21:00:00Z,71986.5
2025-08-30T22:00:00Z,72054.7
2025-08-30T23:00:00Z,69880.2
2025-08-31T00:00:00Z,69514.0
2025-08-31T01:00:00Z,66960.1
2025-08-31T02:00:00Z,73736.2
2025-08-31T03:00:00Z,74860.1
2025-08-31T04:00:00Z,77463.5
2025-08-31T05:00:00Z,79445.2
2025-08-31T06:00:00Z,83574.9
2025-08-31T07:00:00Z,89559.6
2025-08-31T08:00:00Z,88832.5
2025-08-31T09:00:00Z,93261.4
2025-08-31T10:00:00Z,95257.4
2025-08-31T11:00:00Z,96095.2
2025-08-31T12:00:00Z,96800.6
2025-08-31T13:00:00Z,94833.9
2025-08-31T14:00:00Z,95322.2
2025-08-31T15:00:00Z,90956.0
2025-08-31T16:00:00Z,91702.3
2025-08-31T17:00:00Z,87265.4
2025-08-31T18:00:00Z,81889.6
2025-08-31T19:00:00Z,76976.6
2025-08-31T20:00:00Z,76191.5
2025-08-31T21:00:00Z,73839.0
2025-08-31T22:00:00Z,69986.0
2025-08-31T23:00:00Z,71654.2
2025-09-01T00:00:00Z,73584.1
2025-09-01T01:00:00Z,73216.8
2025-09-01T02:00:00Z,73520.1
2025-09-01T03:00:00Z,77121.1
2025-09-01T04:00:00Z,79843.9
2025-09-01T05:00:00Z,84077.7
2025-09-01T06:00:00Z,88041.2
2025-09-01T07:00:00Z,90402.0
2025-09-01T08:00:00Z,94161.4
2025-09-01T09:00:00Z,98061.4
2025-09-01T10:00:00Z,99305.9
2025-09-01T11:00:00Z,99671.1
2025-09-01T12:00:00Z,101125.4
2025-09-01T13:00:00Z,99373.4
2025-09-01T14:00:00Z,99118.8
2025-09-01T15:00:00Z,96509.4
2025-09-01T16:00:00Z,92400.2
2025-09-01T17:00:00Z,91052.1
2025-09-01T18:00:00Z,86952.9
2025-09-01T19:00:00Z,84173.3
2025-09-01T20:00:00Z,78572.8
2025-09-01T21:00:00Z,78515.7
2025-09-01T22:00:00Z,76407.8
2025-09-01T23:00:00Z,73353.1
2025-09-02T00:00:00Z,73381.1
2025-09-02T01:00:00Z,74007.3
2025-09-02T02:00:00Z,75283.5
2025-09-02T03:00:00Z,78406.2
2025-09-02T04:00:00Z,79463.2
2025-09-02T05:00:00Z,82240.4
2025-09-02T06:00:00Z,86775.0
2025-09-02T07:00:00Z,92704.9
2025-09-02T08:00:00Z,93387.4
2025-09-02T09:00:00Z,95504.3
2025-09-02T10:00:00Z,97748.8
2025-09-02T11:00:00Z,100329.0
2025-09-02T12:00:00Z,101930.2
2025-09-02T13:00:00Z,99303.4
2025-09-02T14:00:00Z,98975.2
2025-09-02T15:00:00Z,96862.2
2025-09-02T16:00:00Z,94335.5
2025-09-02T17:00:00Z,90699.2
2025-09-02T18:00:00Z,88211.1
2025-09-02T19:00:00Z,84287.6
2025-09-02T20:00:00Z,79542.0
2025-09-02T21:00:00Z,80169.9
2025-09-02T22:00:00Z,73729.7
2025-09-02T23:00:00Z,72424.7
2025-09-03T00:00:00Z,74824.8
2025-09-03T01:00:00Z,74326.6
2025-09-03T02:00:00Z,75190.2
2025-09-03T03:00:00Z,77853.4
2025-09-03T04:00:00Z,81211.7
2025-09-03T05:00:00Z,83228.9
2025-09-03T06:00:00Z,86499.8
2025-09-03T07:00:00Z,89543.0
2025-09-03T08:00:00Z,93025.5
2025-09-03T09:00:00Z,95904.0
2025-09-03T10:00:00Z,100259.0
2025-09-03T11:00:00Z,100633.8
2025-09-03T12:00:00Z,101394.7
2025-09-03T13:00:00Z,99680.0
2025-09-03T14:00:00Z,100146.1
2025-09-03T15:00:00Z,95039.2
2025-09-03T16:00:00Z,94529.6
2025-09-03T17:00:00Z,91505.8
2025-09-03T18:00:00Z,86553.1
2025-09-03T19:00:00Z,82535.3
2025-09-03T20:00:00Z,81010.6
2025-09-03T21:00:00Z,76808.8
2025-09-03T22:00:00Z,74442.5
2025-09-03T23:00:00Z,74073.3
2025-09-04T00:00:00Z,72568.7
2025-09-04T01:00:00Z,74141.0
2025-09-04T02:00:00Z,77942.0
2025-09-04T03:00:00Z,77312.3
2025-09-04T04:00:00Z,81642.6
2025-09-04T05:00:00Z,82697.6
2025-09-04T06:00:00Z,87494.2
2025-09-04T07:00:00Z,90604.6
2025-09-04T08:00:00Z,93994.2
2025-09-04T09:00:00Z,97848.7
2025-09-04T10:00:00Z,101578.2
2025-09-04T11:00:00Z,100360.1
2025-09-04T12:00:00Z,102440.4
2025-09-04T13:00:00Z,100899.1
2025-09-04T14:00:00Z,99980.2
2025-09-04T15:00:00Z,96461.5
2025-09-04T16:00:00Z,93381.9
2025-09-04T17:00:00Z,90681.3
2025-09-04T18:00:00Z,86523.0
2025-09-04T19:00:00Z,83873.9
2025-09-04T20:00:00Z,79418.2
2025-09-04T21:00:00Z,77807.6
2025-09-04T22:00:00Z,75845.3
2025-09-04T23:00:00Z,76343.3
2025-09-05T00:00:00Z,75972.3
2025-09-05T01:00:00Z,75062.4
2025-09-05T02:00:00Z,75273.6
2025-09-05T03:00:00Z,78685.3
2025-09-05T04:00:00Z,81731.6
2025-09-05T05:00:00Z,83859.0
2025-09-05T06:00:00Z,86632.6
2025-09-05T07:00:00Z,89079.2
2025-09-05T08:00:00Z,94332.6
2025-09-05T09:00:00Z,99359.3
2025-09-05T10:00:00Z,99109.1
2025-09-05T11:00:00Z,101134.2
2025-09-05T12:00:00Z,101573.9
2025-09-05T13:00:00Z,101246.7
2025-09-05T14:00:00Z,100218.5
2025-09-05T15:00:00Z,94921.2
2025-09-05T16:00:00Z,94208.5
2025-09-05T17:00:00Z,91532.8
2025-09-05T18:00:00Z,87494.5
2025-09-05T19:00:00Z,85459.3
2025-09-05T20:00:00Z,80393.0
2025-09-05T21:00:00Z,79047.3
2025-09-05T22:00:00Z,77846.6
2025-09-05T23:00:00Z,74210.2
2025-09-06T00:00:00Z,70490.9
2025-09-06T01:00:00Z,70591.3
2025-09-06T02:00:00Z,73145.0
2025-09-06T03:00:00Z,72016.1
2025-09-06T04:00:00Z,75592.0
2025-09-06T05:00:00Z,80187.6
2025-09-06T06:00:00Z,85019.2
2025-09-06T07:00:00Z,88214.5
2025-09-06T08:00:00Z,89893.0
2025-09-06T09:00:00Z,95446.5
2025-09-06T10:00:00Z,95913.5
2025-09-06T11:00:00Z,96436.9
2025-09-06T12:00:00Z,98207.9
2025-09-06T13:00:00Z,98621.9
2025-09-06T14:00:00Z,95715.2
2025-09-06T15:00:00Z,91918.1
2025-09-06T16:00:00Z,90202.8
2025-09-06T17:00:00Z,87660.8
2025-09-06T18:00:00Z,85108.2
2025-09-06T19:00:00Z,79398.4
2025-09-06T20:00:00Z,77558.5
2025-09-06T21:00:00Z,73111.2
2025-09-06T22:00:00Z,72382.7
2025-09-06T23:00:00Z,69433.0
2025-09-07T00:00:00Z,70142.6
2025-09-07T01:00:00Z,69405.3
2025-09-07T02:00:00Z,71376.5
2025-09-07T03:00:00Z,72840.8
2025-09-07T04:00:00Z,75222.5
2025-09-07T05:00:00Z,82109.9
2025-09-07T06:00:00Z,85570.3
2025-09-07T07:00:00Z,88291.9
2025-09-07T08:00:00Z,90617.8
2025-09-07T09:00:00Z,95496.0
2025-09-07T10:00:00Z,95671.1
2025-09-07T11:00:00Z,97829.1
2025-09-07T12:00:00Z,99095.6
2025-09-07T13:00:00Z,97601.8
2025-09-07T14:00:00Z,97668.5
2025-09-07T15:00:00Z,93676.9
2025-09-07T16:00:00Z,90857.6
2025-09-07T17:00:00Z,87909.4
2025-09-07T18:00:00Z,82942.0
2025-09-07T19:00:00Z,79522.4
2025-09-07T20:00:00Z,78346.5
2025-09-07T21:00:00Z,72703.1
2025-09-07T22:00:00Z,73782.5
2025-09-07T23:00:00Z,71459.2
2025-09-08T00:00:00Z,75982.0
2025-09-08T01:00:00Z,75968.7
2025-09-08T02:00:00Z,77139.5
2025-09-08T03:00:00Z,80590.4
2025-09-08T04:00:00Z,81342.8
2025-09-08T05:00:00Z,84584.2
2025-09-08T06:00:00Z,89490.4
2025-09-08T07:00:00Z,90978.0
2025-09-08T08:00:00Z,96281.9
2025-09-08T09:00:00Z,98588.3
2025-09-08T10:00:00Z,99395.5
2025-09-08T11:00:00Z,99876.3
2025-09-08T12:00:00Z,99490.1
2025-09-08T13:00:00Z,103439.6
2025-09-08T14:00:00Z,98272.3
2025-09-08T15:00:00Z,96437.4
2025-09-08T16:00:00Z,95972.1
2025-09-08T17:00:00Z,92254.9
2025-09-08T18:00:00Z,88444.5
2025-09-08T19:00:00Z,84787.7
2025-09-08T20:00:00Z,80936.8
2025-09-08T21:00:00Z,77562.7
2025-09-08T22:00:00Z,75609.5
2025-09-08T23:00:00Z,75767.0
2025-09-09T00:00:00Z,76028.5
2025-09-09T01:00:00Z,76609.9
2025-09-09T02:00:00Z,76581.0
2025-09-09T03:00:00Z,76233.4
2025-09-09T04:00:00Z,82163.5
2025-09-09T05:00:00Z,84690.6
2025-09-09T06:00:00Z,85328.5
2025-09-09T07:00:00Z,93451.5
2025-09-09T08:00:00Z,95406.0
2025-09-09T09:00:00Z,97904.4
2025-09-09T10:00:00Z,100346.3
2025-09-09T11:00:00Z,101615.9
2025-09-09T12:00:00Z,102212.6
2025-09-09T13:00:00Z,101613.0
2025-09-09T14:00:00Z,100154.5
2025-09-09T15:00:00Z,98621.1
2025-09-09T16:00:00Z,95558.7
2025-09-09T17:00:00Z,94630.6
2025-09-09T18:00:00Z,88545.3
2025-09-09T19:00:00Z,84297.3
2025-09-09T20:00:00Z,80928.7
2025-09-09T21:00:00Z,79236.2
2025-09-09T22:00:00Z,76785.3
2025-09-09T23:00:00Z,75573.4
2025-09-10T00:00:00Z,74782.3
2025-09-10T01:00:00Z,75267.2
2025-09-10T02:00:00Z,77683.7
2025-09-10T03:00:00Z,80531.4
2025-09-10T04:00:00Z,82187.8
2025-09-10T05:00:00Z,84947.7
2025-09-10T06:00:00Z,87264.9
2025-09-10T07:00:00Z,90775.2
2025-09-10T08:00:00Z,95411.1
2025-09-10T09:00:00Z,97886.6
2025-09-10T10:00:00Z,100207.6
2025-09-10T11:00:00Z,100412.3
2025-09-10T12:00:00Z,101987.9
2025-09-10T13:00:00Z,99455.8
2025-09-10T14:00:00Z,98952.2
2025-09-10T15:00:00Z,97245.7
2025-09-10T16:00:00Z,95997.7
2025-09-10T17:00:00Z,91362.4
2025-09-10T18:00:00Z,87469.2
2025-09-10T19:00:00Z,85330.3
2025-09-10T20:00:00Z,81636.0
2025-09-10T21:00:00Z,79980.4
2025-09-10T22:00:00Z,77141.6
2025-09-10T23:00:00Z,75658.1
2025-09-11T00:00:00Z,74908.2
2025-09-11T01:00:00Z,76331.6
2025-09-11T02:00:00Z,76104.5
2025-09-11T03:00:00Z,77356.6
2025-09-11T04:00:00Z,82918.9
2025-09-11T05:00:00Z,84626.5
2025-09-11T06:00:00Z,88726.8
2025-09-11T07:00:00Z,92890.9
2025-09-11T08:00:00Z,96607.5
2025-09-11T09:00:00Z,94975.1
2025-09-11T10:00:00Z,99230.0
2025-09-11T11:00:00Z,103164.0
2025-09-11T12:00:00Z,100303.1
2025-09-11T13:00:00Z,102307.5
2025-09-11T14:00:00Z,100003.6
2025-09-11T15:00:00Z,97248.9
2025-09-11T16:00:00Z,95299.3
2025-09-11T17:00:00Z,90257.2
2025-09-11T18:00:00Z,89122.7
2025-09-11T19:00:00Z,86482.5
2025-09-11T20:00:00Z,80260.5
2025-09-11T21:00:00Z,78308.4
2025-09-11T22:00:00Z,78272.2
2025-09-11T23:00:00Z,75974.9
2025-09-12T00:00:00Z,74894.3
2025-09-12T01:00:00Z,77350.0
2025-09-12T02:00:00Z,75175.3
2025-09-12T03:00:00Z,78921.2
2025-09-12T04:00:00Z,82149.6
2025-09-12T05:00:00Z,84954.5
2025-09-12T06:00:00Z,89731.4
2025-09-12T07:00:00Z,90440.0
2025-09-12T08:00:00Z,95663.8
2025-09-12T09:00:00Z,97527.3
2025-09-12T10:00:00Z,101937.7
2025-09-12T11:00:00Z,103118.9
2025-09-12T12:00:00Z,101547.6
2025-09-12T13:00:00Z,100681.7
2025-09-12T14:00:00Z,100523.1
2025-09-12T15:00:00Z,97443.2
2025-09-12T16:00:00Z,94962.0
2025-09-12T17:00:00Z,92823.2
2025-09-12T18:00:00Z,88302.8
2025-09-12T19:00:00Z,87371.9
2025-09-12T20:00:00Z,82116.1
2025-09-12T21:00:00Z,78637.0
2025-09-12T22:00:00Z,75805.0
2025-09-12T23:00:00Z,75126.8
2025-09-13T00:00:00Z,72907.1
2025-09-13T01:00:00Z,72736.1
2025-09-13T02:00:00Z,75090.3
2025-09-13T03:00:00Z,77111.9
2025-09-13T04:00:00Z,79065.2
2025-09-13T05:00:00Z,80916.2
2025-09-13T06:00:00Z,85047.2
2025-09-13T07:00:00Z,88807.2
2025-09-13T08:00:00Z,90125.3
2025-09-13T09:00:00Z,95186.0
2025-09-13T10:00:00Z,95789.2
2025-09-13T11:00:00Z,98225.5
2025-09-13T12:00:00Z,98200.0
2025-09-13T13:00:00Z,98982.5
2025-09-13T14:00:00Z,99955.6
2025-09-13T15:00:00Z,93457.8
2025-09-13T16:00:00Z,91981.7
2025-09-13T17:00:00Z,91053.4
2025-09-13T18:00:00Z,84167.9
2025-09-13T19:00:00Z,81453.2
2025-09-13T20:00:00Z,78316.3
2025-09-13T21:00:00Z,75981.7
2025-09-13T22:00:00Z,71636.4
2025-09-13T23:00:00Z,72466.0
2025-09-14T00:00:00Z,72504.1
2025-09-14T01:00:00Z,75171.9
2025-09-14T02:00:00Z,73548.8
2025-09-14T03:00:00Z,75139.1
2025-09-14T04:00:00Z,78755.1
2025-09-14T05:00:00Z,78910.9
2025-09-14T06:00:00Z,85772.7
2025-09-14T07:00:00Z,90670.7
2025-09-14T08:00:00Z,92135.7
2025-09-14T09:00:00Z,94944.6
2025-09-14T10:00:00Z,96864.9
2025-09-14T11:00:00Z,98654.9
2025-09-14T12:00:00Z,97548.5
2025-09-14T13:00:00Z,100254.1
2025-09-14T14:00:00Z,96623.7
2025-09-14T15:00:00Z,94474.3
2025-09-14T16:00:00Z,94063.3
2025-09-14T17:00:00Z,88936.4
2025-09-14T18:00:00Z,84925.0
2025-09-14T19:00:00Z,83766.8
2025-09-14T20:00:00Z,78831.0
2025-09-14T21:00:00Z,76883.3
2025-09-14T22:00:00Z,73014.7
2025-09-14T23:00:00Z,70300.5
2025-09-15T00:00:00Z,75970.8
2025-09-15T01:00:00Z,77860.3
2025-09-15T02:00:00Z,77068.2
2025-09-15T03:00:00Z,80162.8
2025-09-15T04:00:00Z,83381.2
2025-09-15T05:00:00Z,86132.8
2025-09-15T06:00:00Z,89428.3
2025-09-15T07:00:00Z,93736.9
2025-09-15T08:00:00Z,96374.6
2025-09-15T09:00:00Z,98337.4
2025-09-15T10:00:00Z,102300.2
2025-09-15T11:00:00Z,103370.2
2025-09-15T12:00:00Z,103348.8
2025-09-15T13:00:00Z,103278.8
2025-09-15T14:00:00Z,98109.2
2025-09-15T15:00:00Z,99254.3
2025-09-15T16:00:00Z,96186.2
2025-09-15T17:00:00Z,90610.2
2025-09-15T18:00:00Z,91713.8
2025-09-15T19:00:00Z,86245.4
2025-09-15T20:00:00Z,82076.3
2025-09-15T21:00:00Z,79338.0
2025-09-15T22:00:00Z,77913.2
2025-09-15T23:00:00Z,76237.3
2025-09-16T00:00:00Z,74116.8
2025-09-16T01:00:00Z,75954.6
2025-09-16T02:00:00Z,78273.2
2025-09-16T03:00:00Z,80619.5
2025-09-16T04:00:00Z,83716.4
2025-09-16T05:00:00Z,84800.2
2025-09-16T06:00:00Z,88800.2
2025-09-16T07:00:00Z,93453.8
2025-09-16T08:00:00Z,95613.2
2025-09-16T09:00:00Z,99359.6
2025-09-16T10:00:00Z,100329.4
2025-09-16T11:00:00Z,103297.2
2025-09-16T12:00:00Z,103165.6
2025-09-16T13:00:00Z,103296.5
2025-09-16T14:00:00Z,101323.3
2025-09-16T15:00:00Z,98235.7
2025-09-16T16:00:00Z,94934.5
2025-09-16T17:00:00Z,93101.3
2025-09-16T18:00:00Z,88846.9
2025-09-16T19:00:00Z,84341.0
2025-09-16T20:00:00Z,82136.8
2025-09-16T21:00:00Z,80850.5
2025-09-16T22:00:00Z,79203.6
2025-09-16T23:00:00Z,77309.9
2025-09-17T00:00:00Z,77677.3
2025-09-17T01:00:00Z,76175.4
2025-09-17T02:00:00Z,77783.5
2025-09-17T03:00:00Z,79029.2
2025-09-17T04:00:00Z,82043.3
2025-09-17T05:00:00Z,88026.1
2025-09-17T06:00:00Z,90202.8
2025-09-17T07:00:00Z,93959.2
2025-09-17T08:00:00Z,99457.3
2025-09-17T09:00:00Z,101496.7
2025-09-17T10:00:00Z,100481.3
2025-09-17T11:00:00Z,103933.1
2025-09-17T12:00:00Z,102424.8
2025-09-17T13:00:00Z,103946.4
2025-09-17T14:00:00Z,99330.2
2025-09-17T15:00:00Z,98243.8
2025-09-17T16:00:00Z,95459.4
2025-09-17T17:00:00Z,95509.3
2025-09-17T18:00:00Z,87698.2
2025-09-17T19:00:00Z,87471.2
2025-09-17T20:00:00Z,84159.9
2025-09-17T21:00:00Z,80260.8
2025-09-17T22:00:00Z,78917.9
2025-09-17T23:00:00Z,79552.3
2025-09-18T00:00:00Z,76584.9
2025-09-18T01:00:00Z,76444.4
2025-09-18T02:00:00Z,79657.1
2025-09-18T03:00:00Z,81163.1
2025-09-18T04:00:00Z,81769.5
2025-09-18T05:00:00Z,86566.6
2025-09-18T06:00:00Z,90188.1
2025-09-18T07:00:00Z,92070.2
2025-09-18T08:00:00Z,95561.2
2025-09-18T09:00:00Z,98700.1
2025-09-18T10:00:00Z,100237.0
2025-09-18T11:00:00Z,103554.7
2025-09-18T12:00:00Z,103770.2
2025-09-18T13:00:00Z,100424.7
2025-09-18T14:00:00Z,101123.0
2025-09-18T15:00:00Z,99625.3
2025-09-18T16:00:00Z,95091.2
2025-09-18T17:00:00Z,93043.2
2025-09-18T18:00:00Z,90180.9
2025-09-18T19:00:00Z,84389.6
2025-09-18T20:00:00Z,82709.5
2025-09-18T21:00:00Z,77538.1
2025-09-18T22:00:00Z,78945.1
2025-09-18T23:00:00Z,75887.1
2025-09-19T00:00:00Z,74739.9
2025-09-19T01:00:00Z,74744.1
2025-09-19T02:00:00Z,76319.8
2025-09-19T03:00:00Z,81828.2
2025-09-19T04:00:00Z,82201.1
2025-09-19T05:00:00Z,85779.1
2025-09-19T06:00:00Z,89489.5
2025-09-19T07:00:00Z,91721.3
2025-09-19T08:00:00Z,97592.6
2025-09-19T09:00:00Z,96650.4
2025-09-19T10:00:00Z,102701.0
2025-09-19T11:00:00Z,102159.6
2025-09-19T12:00:00Z,103537.7
2025-09-19T13:00:00Z,103362.7
2025-09-19T14:00:00Z,102627.3
2025-09-19T15:00:00Z,98085.6
2025-09-19T16:00:00Z,97397.7
2025-09-19T17:00:00Z,93363.2
2025-09-19T18:00:00Z,89730.5
2025-09-19T19:00:00Z,86072.7
2025-09-19T20:00:00Z,84405.2
2025-09-19T21:00:00Z,80853.6
2025-09-19T22:00:00Z,79616.6
2025-09-19T23:00:00Z,77852.4
2025-09-20T00:00:00Z,70427.4
2025-09-20T01:00:00Z,73046.3
2025-09-20T02:00:00Z,75677.9
2025-09-20T03:00:00Z,75637.4
2025-09-20T04:00:00Z,77550.1
2025-09-20T05:00:00Z,80116.2
2025-09-20T06:00:00Z,88550.1
2025-09-20T07:00:00Z,88712.6
2025-09-20T08:00:00Z,93241.6
2025-09-20T09:00:00Z,94616.9
2025-09-20T10:00:00Z,98498.2
2025-09-20T11:00:00Z,101272.0
2025-09-20T12:00:00Z,98156.3
2025-09-20T13:00:00Z,99291.1
2025-09-20T14:00:00Z,97127.1
2025-09-20T15:00:00Z,93687.2
2025-09-20T16:00:00Z,92012.4
2025-09-20T17:00:00Z,89803.4
2025-09-20T18:00:00Z,87684.3
2025-09-20T19:00:00Z,84224.6
2025-09-20T20:00:00Z,79458.9
2025-09-20T21:00:00Z,74757.9
2025-09-20T22:00:00Z,75276.3
2025-09-20T23:00:00Z,73151.6
2025-09-21T00:00:00Z,72808.1
2025-09-21T01:00:00Z,71966.5
2025-09-21T02:00:00Z,74464.1
2025-09-21T03:00:00Z,79070.9
2025-09-21T04:00:00Z,81334.4
2025-09-21T05:00:00Z,84357.6
2025-09-21T06:00:00Z,87170.1
2025-09-21T07:00:00Z,89449.9
2025-09-21T08:00:00Z,93183.7
2025-09-21T09:00:00Z,96166.2
2025-09-21T10:00:00Z,98598.9
2025-09-21T11:00:00Z,99100.2
2025-09-21T12:00:00Z,98966.2
2025-09-21T13:00:00Z,100797.2
2025-09-21T14:00:00Z,97717.8
2025-09-21T15:00:00Z,96966.5
2025-09-21T16:00:00Z,92981.6
2025-09-21T17:00:00Z,90695.6
2025-09-21T18:00:00Z,86995.9
2025-09-21T19:00:00Z,83745.7
2025-09-21T20:00:00Z,80413.4
2025-09-21T21:00:00Z,75712.3
2025-09-21T22:00:00Z,73082.9
2025-09-21T23:00:00Z,73243.1
2025-09-22T00:00:00Z,78641.5
2025-09-22T01:00:00Z,76230.0
2025-09-22T02:00:00Z,77474.9
2025-09-22T03:00:00Z,83334.5
2025-09-22T04:00:00Z,81726.9
2025-09-22T05:00:00Z,86124.2
2025-09-22T06:00:00Z,89824.2
2025-09-22T07:00:00Z,93024.4
2025-09-22T08:00:00Z,96334.4
2025-09-22T09:00:00Z,101135.1
2025-09-22T10:00:00Z,102283.5
2025-09-22T11:00:00Z,103611.1
2025-09-22T12:00:00Z,101950.8
2025-09-22T13:00:00Z,104318.3
2025-09-22T14:00:00Z,102235.6
2025-09-22T15:00:00Z,100064.3
2025-09-22T16:00:00Z,98031.6
2025-09-22T17:00:00Z,94169.3
2025-09-22T18:00:00Z,90263.3
2025-09-22T19:00:00Z,87267.5
2025-09-22T20:00:00Z,82697.4
2025-09-22T21:00:00Z,79659.8
2025-09-22T22:00:00Z,76986.7
2025-09-22T23:00:00Z,78306.2
2025-09-23T00:00:00Z,76099.9
2025-09-23T01:00:00Z,77518.5
2025-09-23T02:00:00Z,79950.0
2025-09-23T03:00:00Z,82911.3
2025-09-23T04:00:00Z,83223.8
2025-09-23T05:00:00Z,87101.9
2025-09-23T06:00:00Z,90532.2
2025-09-23T07:00:00Z,92428.9
2025-09-23T08:00:00Z,96654.8
2025-09-23T09:00:00Z,103235.4
2025-09-23T10:00:00Z,102100.3
2025-09-23T11:00:00Z,105567.8
2025-09-23T12:00:00Z,104870.9
2025-09-23T13:00:00Z,105555.0
2025-09-23T14:00:00Z,103702.2
2025-09-23T15:00:00Z,100279.3
2025-09-23T16:00:00Z,95781.8
2025-09-23T17:00:00Z,95585.9
2025-09-23T18:00:00Z,91239.6
2025-09-23T19:00:00Z,87470.9
2025-09-23T20:00:00Z,84639.9
2025-09-23T21:00:00Z,79915.7
2025-09-23T22:00:00Z,78822.9
2025-09-23T23:00:00Z,77313.2
2025-09-24T00:00:00Z,75260.6
2025-09-24T01:00:00Z,76052.0
2025-09-24T02:00:00Z,78645.1
2025-09-24T03:00:00Z,78391.3
2025-09-24T04:00:00Z,84601.9
2025-09-24T05:00:00Z,87913.2
2025-09-24T06:00:00Z,90449.5
2025-09-24T07:00:00Z,94369.9
2025-09-24T08:00:00Z,95225.1
2025-09-24T09:00:00Z,100324.6
2025-09-24T10:00:00Z,103147.0
2025-09-24T11:00:00Z,104219.2
2025-09-24T12:00:00Z,105158.0
2025-09-24T13:00:00Z,103561.7
2025-09-24T14:00:00Z,104574.8
2025-09-24T15:00:00Z,100622.0
2025-09-24T16:00:00Z,98226.4
2025-09-24T17:00:00Z,95286.1
2025-09-24T18:00:00Z,89647.1
2025-09-24T19:00:00Z,85722.6
2025-09-24T20:00:00Z,84644.3
2025-09-24T21:00:00Z,79492.9
2025-09-24T22:00:00Z,78087.4
2025-09-24T23:00:00Z,78558.8
2025-09-25T00:00:00Z,75815.6
2025-09-25T01:00:00Z,76405.8
2025-09-25T02:00:00Z,77462.0
2025-09-25T03:00:00Z,79846.4
2025-09-25T04:00:00Z,86012.2
2025-09-25T05:00:00Z,87759.6
2025-09-25T06:00:00Z,91746.6
2025-09-25T07:00:00Z,91918.3
2025-09-25T08:00:00Z,94652.4
2025-09-25T09:00:00Z,98907.8
2025-09-25T10:00:00Z,103591.4
2025-09-25T11:00:00Z,105094.1
2025-09-25T12:00:00Z,101925.8
2025-09-25T13:00:00Z,101726.6
2025-09-25T14:00:00Z,103133.2
2025-09-25T15:00:00Z,100512.6
2025-09-25T16:00:00Z,97916.8
2025-09-25T17:00:00Z,94901.9
2025-09-25T18:00:00Z,89464.1
2025-09-25T19:00:00Z,87257.4
2025-09-25T20:00:00Z,83516.3
2025-09-25T21:00:00Z,82446.2
2025-09-25T22:00:00Z,78517.8
2025-09-25T23:00:00Z,75340.5
2025-09-26T00:00:00Z,78618.1
2025-09-26T01:00:00Z,79706.0
2025-09-26T02:00:00Z,80100.2
2025-09-26T03:00:00Z,80756.7
2025-09-26T04:00:00Z,82853.8
2025-09-26T05:00:00Z,88375.1
2025-09-26T06:00:00Z,90117.8
2025-09-26T07:00:00Z,94839.2
2025-09-26T08:00:00Z,98410.7
2025-09-26T09:00:00Z,100164.5
2025-09-26T10:00:00Z,100170.3
2025-09-26T11:00:00Z,104405.7
2025-09-26T12:00:00Z,103136.9
2025-09-26T13:00:00Z,102030.0
2025-09-26T14:00:00Z,102417.7
2025-09-26T15:00:00Z,100471.7
2025-09-26T16:00:00Z,97398.1
2025-09-26T17:00:00Z,94960.3
2025-09-26T18:00:00Z,88520.2
2025-09-26T19:00:00Z,87877.3
2025-09-26T20:00:00Z,85808.9
2025-09-26T21:00:00Z,81031.3
2025-09-26T22:00:00Z,78391.5
2025-09-26T23:00:00Z,77415.4
2025-09-27T00:00:00Z,74898.3
2025-09-27T01:00:00Z,73735.0
2025-09-27T02:00:00Z,74393.7
2025-09-27T03:00:00Z,75512.9
2025-09-27T04:00:00Z,81898.6
2025-09-27T05:00:00Z,85191.6
2025-09-27T06:00:00Z,87069.7
2025-09-27T07:00:00Z,92960.9
2025-09-27T08:00:00Z,93391.4
2025-09-27T09:00:00Z,97491.5
2025-09-27T10:00:00Z,97305.3
2025-09-27T11:00:00Z,99010.8
2025-09-27T12:00:00Z,100624.5
2025-09-27T13:00:00Z,100720.4
2025-09-27T14:00:00Z,99527.2
2025-09-27T15:00:00Z,95630.5
2025-09-27T16:00:00Z,93243.4
2025-09-27T17:00:00Z,90453.2
2025-09-27T18:00:00Z,86745.4
2025-09-27T19:00:00Z,83260.0
2025-09-27T20:00:00Z,81224.8
2025-09-27T21:00:00Z,78815.9
2025-09-27T22:00:00Z,73197.1
2025-09-27T23:00:00Z,75482.9
2025-09-28T00:00:00Z,73812.8
2025-09-28T01:00:00Z,74445.9
2025-09-28T02:00:00Z,75813.8
2025-09-28T03:00:00Z,78656.2
2025-09-28T04:00:00Z,81195.1
2025-09-28T05:00:00Z,81906.3
2025-09-28T06:00:00Z,88176.2
2025-09-28T07:00:00Z,89396.9
2025-09-28T08:00:00Z,94407.6
2025-09-28T09:00:00Z,97022.9
2025-09-28T10:00:00Z,97162.0
2025-09-28T11:00:00Z,100305.5
2025-09-28T12:00:00Z,100458.9
2025-09-28T13:00:00Z,99518.4
2025-09-28T14:00:00Z,101265.6
2025-09-28T15:00:00Z,96963.0
2025-09-28T16:00:00Z,93544.9
2025-09-28T17:00:00Z,92699.8
2025-09-28T18:00:00Z,87152.0
2025-09-28T19:00:00Z,83520.4
2025-09-28T20:00:00Z,78101.8
2025-09-28T21:00:00Z,78283.1
2025-09-28T22:00:00Z,76586.7
2025-09-28T23:00:00Z,76276.3
2025-09-29T00:00:00Z,76321.5
2025-09-29T01:00:00Z,79145.2
2025-09-29T02:00:00Z,80912.6
2025-09-29T03:00:00Z,82288.7
2025-09-29T04:00:00Z,84272.3
2025-09-29T05:00:00Z,85646.0
2025-09-29T06:00:00Z,91268.1
2025-09-29T07:00:00Z,93926.4
2025-09-29T08:00:00Z,95836.4
2025-09-29T09:00:00Z,101336.9
2025-09-29T10:00:00Z,102662.7
2025-09-29T11:00:00Z,103886.8
2025-09-29T12:00:00Z,106884.4
2025-09-29T13:00:00Z,103542.9
2025-09-29T14:00:00Z,100415.4
2025-09-29T15:00:00Z,98093.3
2025-09-29T16:00:00Z,98434.3
2025-09-29T17:00:00Z,94309.1
2025-09-29T18:00:00Z,90177.6
2025-09-29T19:00:00Z,85098.1
2025-09-29T20:00:00Z,83307.8
2025-09-29T21:00:00Z,80157.9
2025-09-29T22:00:00Z,79162.2
2025-09-29T23:00:00Z,76945.7
2025-09-30T00:00:00Z,76554.8
2025-09-30T01:00:00Z,77966.7
2025-09-30T02:00:00Z,78467.7
2025-09-30T03:00:00Z,81899.3
2025-09-30T04:00:00Z,80417.5
2025-09-30T05:00:00Z,86183.4
2025-09-30T06:00:00Z,92507.2
2025-09-30T07:00:00Z,94860.4
2025-09-30T08:00:00Z,96651.3
2025-09-30T09:00:00Z,100491.4
2025-09-30T10:00:00Z,102198.6
2025-09-30T11:00:00Z,103792.1
2025-09-30T12:00:00Z,106317.7
2025-09-30T13:00:00Z,103736.8
2025-09-30T14:00:00Z,103098.1
2025-09-30T15:00:00Z,99724.9
2025-09-30T16:00:00Z,97038.8
2025-09-30T17:00:00Z,92843.8
2025-09-30T18:00:00Z,90354.0
2025-09-30T19:00:00Z,87121.6
2025-09-30T20:00:00Z,83967.3
2025-09-30T21:00:00Z,81574.8
2025-09-30T22:00:00Z,79465.4
2025-09-30T23:00:00Z,78754.2
2025-10-01T00:00:00Z,77380.2
2025-10-01T01:00:00Z,79591.8
2025-10-01T02:00:00Z,80139.3
2025-10-01T03:00:00Z,83183.5
2025-10-01T04:00:00Z,84352.6
2025-10-01T05:00:00Z,89076.3
2025-10-01T06:00:00Z,91305.8
2025-10-01T07:00:00Z,92816.4
2025-10-01T08:00:00Z,97957.5
2025-10-01T09:00:00Z,100591.2
2025-10-01T10:00:00Z,101281.1
2025-10-01T11:00:00Z,103174.6
2025-10-01T12:00:00Z,104071.9
2025-10-01T13:00:00Z,106914.3
2025-10-01T14:00:00Z,103305.1
2025-10-01T15:00:00Z,102870.9
2025-10-01T16:00:00Z,99054.5
2025-10-01T17:00:00Z,95953.5
2025-10-01T18:00:00Z,92133.4
2025-10-01T19:00:00Z,85992.8
2025-10-01T20:00:00Z,85855.4
2025-10-01T21:00:00Z,80467.9
2025-10-01T22:00:00Z,79960.6
2025-10-01T23:00:00Z,77988.7
2025-10-02T00:00:00Z,79576.3
2025-10-02T01:00:00Z,79556.7
2025-10-02T02:00:00Z,81639.0
2025-10-02T03:00:00Z,82262.3
2025-10-02T04:00:00Z,84524.3
2025-10-02T05:00:00Z,88667.7
2025-10-02T06:00:00Z,94035.6
2025-10-02T07:00:00Z,95407.4
2025-10-02T08:00:00Z,98137.5
2025-10-02T09:00:00Z,99496.6
2025-10-02T10:00:00Z,102203.5
2025-10-02T11:00:00Z,104314.3
2025-10-02T12:00:00Z,105642.6
2025-10-02T13:00:00Z,105119.7
2025-10-02T14:00:00Z,102944.0
2025-10-02T15:00:00Z,101052.2
2025-10-02T16:00:00Z,99837.5
2025-10-02T17:00:00Z,96920.3
2025-10-02T18:00:00Z,92672.2
2025-10-02T19:00:00Z,89538.1
2025-10-02T20:00:00Z,85942.9
2025-10-02T21:00:00Z,83793.8
2025-10-02T22:00:00Z,78131.4
2025-10-02T23:00:00Z,77627.1
2025-10-03T00:00:00Z,78090.5
2025-10-03T01:00:00Z,78726.6
2025-10-03T02:00:00Z,81163.1
2025-10-03T03:00:00Z,79706.2
2025-10-03T04:00:00Z,84775.6
2025-10-03T05:00:00Z,88182.8
2025-10-03T06:00:00Z,90624.7
2025-10-03T07:00:00Z,94746.6
2025-10-03T08:00:00Z,99315.4
2025-10-03T09:00:00Z,101517.4
2025-10-03T10:00:00Z,103002.5
2025-10-03T11:00:00Z,104736.1
2025-10-03T12:00:00Z,104823.9
2025-10-03T13:00:00Z,105567.8
2025-10-03T14:00:00Z,103033.5
2025-10-03T15:00:00Z,102108.2
2025-10-03T16:00:00Z,97551.7
2025-10-03T17:00:00Z,94874.5
2025-10-03T18:00:00Z,90130.0
2025-10-03T19:00:00Z,87658.5
2025-10-03T20:00:00Z,85573.2
2025-10-03T21:00:00Z,80658.2
2025-10-03T22:00:00Z,79255.7
2025-10-03T23:00:00Z,78419.4
2025-10-04T00:00:00Z,73737.6
2025-10-04T01:00:00Z,75556.3
2025-10-04T02:00:00Z,74549.9
2025-10-04T03:00:00Z,79093.1
2025-10-04T04:00:00Z,82429.1
2025-10-04T05:00:00Z,86086.2
2025-10-04T06:00:00Z,87640.3
2025-10-04T07:00:00Z,90312.6
2025-10-04T08:00:00Z,92705.0
2025-10-04T09:00:00Z,98084.1
2025-10-04T10:00:00Z,100399.3
2025-10-04T11:00:00Z,101152.0
2025-10-04T12:00:00Z,101675.5
2025-10-04T13:00:00Z,101586.4
2025-10-04T14:00:00Z,99056.9
2025-10-04T15:00:00Z,95636.6
2025-10-04T16:00:00Z,92875.5
2025-10-04T17:00:00Z,90332.8
2025-10-04T18:00:00Z,86673.0
2025-10-04T19:00:00Z,82396.6
2025-10-04T20:00:00Z,80442.0
2025-10-04T21:00:00Z,76943.3
2025-10-04T22:00:00Z,76715.2
2025-10-04T23:00:00Z,74529.6
2025-10-05T00:00:00Z,75121.3
2025-10-05T01:00:00Z,73171.0
2025-10-05T02:00:00Z,74783.8
2025-10-05T03:00:00Z,76374.9
2025-10-05T04:00:00Z,81326.3
2025-10-05T05:00:00Z,87820.5
2025-10-05T06:00:00Z,88037.0
2025-10-05T07:00:00Z,90804.0
2025-10-05T08:00:00Z,94812.4
2025-10-05T09:00:00Z,97344.5
2025-10-05T10:00:00Z,100634.4
2025-10-05T11:00:00Z,100887.2
2025-10-05T12:00:00Z,100351.3
2025-10-05T13:00:00Z,98727.1
2025-10-05T14:00:00Z,99945.1
2025-10-05T15:00:00Z,98522.2
2025-10-05T16:00:00Z,94740.2
2025-10-05T17:00:00Z,90287.9
2025-10-05T18:00:00Z,87293.0
2025-10-05T19:00:00Z,83907.3
2025-10-05T20:00:00Z,81665.0
2025-10-05T21:00:00Z,78123.6
2025-10-05T22:00:00Z,77370.6
2025-10-05T23:00:00Z,74453.0
2025-10-06T00:00:00Z,77314.7
2025-10-06T01:00:00Z,80617.8
2025-10-06T02:00:00Z,78729.0
2025-10-06T03:00:00Z,81127.9
2025-10-06T04:00:00Z,87207.2
2025-10-06T05:00:00Z,88426.8
2025-10-06T06:00:00Z,93651.3
2025-10-06T07:00:00Z,92285.1
2025-10-06T08:00:00Z,99831.9
2025-10-06T09:00:00Z,101211.5
2025-10-06T10:00:00Z,103486.3
2025-10-06T11:00:00Z,105284.9
2025-10-06T12:00:00Z,102044.1
2025-10-06T13:00:00Z,103700.3
2025-10-06T14:00:00Z,103877.1
2025-10-06T15:00:00Z,104893.1
2025-10-06T16:00:00Z,97543.8
2025-10-06T17:00:00Z,97818.1
2025-10-06T18:00:00Z,92344.2
2025-10-06T19:00:00Z,89278.1
2025-10-06T20:00:00Z,83738.7
2025-10-06T21:00:00Z,82721.3
2025-10-06T22:00:00Z,78889.5
2025-10-06T23:00:00Z,77132.6
2025-10-07T00:00:00Z,79563.9
2025-10-07T01:00:00Z,77768.6
2025-10-07T02:00:00Z,79343.9
2025-10-07T03:00:00Z,82871.5
2025-10-07T04:00:00Z,83965.0
2025-10-07T05:00:00Z,86721.6
2025-10-07T06:00:00Z,91931.2
2025-10-07T07:00:00Z,95494.6
2025-10-07T08:00:00Z,100189.5
2025-10-07T09:00:00Z,99982.8
2025-10-07T10:00:00Z,104237.9
2025-10-07T11:00:00Z,105591.6
2025-10-07T12:00:00Z,104738.8
2025-10-07T13:00:00Z,104584.0
2025-10-07T14:00:00Z,103444.1
2025-10-07T15:00:00Z,100086.5
2025-10-07T16:00:00Z,96943.8
2025-10-07T17:00:00Z,95984.9
2025-10-07T18:00:00Z,90449.7
2025-10-07T19:00:00Z,87041.1
2025-10-07T20:00:00Z,85783.7
2025-10-07T21:00:00Z,81450.2
2025-10-07T22:00:00Z,79449.7
2025-10-07T23:00:00Z,76957.4
2025-10-08T00:00:00Z,76733.8
2025-10-08T01:00:00Z,77022.3
2025-10-08T02:00:00Z,78383.3
2025-10-08T03:00:00Z,83529.6
2025-10-08T04:00:00Z,83813.0
2025-10-08T05:00:00Z,85539.6
2025-10-08T06:00:00Z,90426.8
2025-10-08T07:00:00Z,95999.6
2025-10-08T08:00:00Z,97137.9
2025-10-08T09:00:00Z,101215.2
2025-10-08T10:00:00Z,102345.6
2025-10-08T11:00:00Z,102768.2
2025-10-08T12:00:00Z,104604.0
2025-10-08T13:00:00Z,103595.4
2025-10-08T14:00:00Z,103606.0
2025-10-08T15:00:00Z,102055.8
2025-10-08T16:00:00Z,98360.4
2025-10-08T17:00:00Z,98173.8
2025-10-08T18:00:00Z,90444.7
2025-10-08T19:00:00Z,89668.6
2025-10-08T20:00:00Z,85347.0
2025-10-08T21:00:00Z,83652.3
2025-10-08T22:00:00Z,80506.5
2025-10-08T23:00:00Z,75979.7
2025-10-09T00:00:00Z,77785.5
2025-10-09T01:00:00Z,79765.4
2025-10-09T02:00:00Z,79967.0
2025-10-09T03:00:00Z,80593.8
2025-10-09T04:00:00Z,84281.0
2025-10-09T05:00:00Z,88551.1
2025-10-09T06:00:00Z,93086.2
2025-10-09T07:00:00Z,94511.0
2025-10-09T08:00:00Z,98579.7
2025-10-09T09:00:00Z,100210.9
2025-10-09T10:00:00Z,102058.0
2025-10-09T11:00:00Z,104188.3
2025-10-09T12:00:00Z,106780.8
2025-10-09T13:00:00Z,105601.0
2025-10-09T14:00:00Z,103105.6
2025-10-09T15:00:00Z,101232.9
2025-10-09T16:00:00Z,99062.9
2025-10-09T17:00:00Z,95035.5
2025-10-09T18:00:00Z,91166.6
2025-10-09T19:00:00Z,87805.9
2025-10-09T20:00:00Z,85605.1
2025-10-09T21:00:00Z,81613.2
2025-10-09T22:00:00Z,80797.2
2025-10-09T23:00:00Z,76425.0
2025-10-10T00:00:00Z,77257.6
2025-10-10T01:00:00Z,78098.0
2025-10-10T02:00:00Z,80610.3
2025-10-10T03:00:00Z,81041.8
2025-10-10T04:00:00Z,84289.1
2025-10-10T05:00:00Z,88532.4
2025-10-10T06:00:00Z,91563.0
2025-10-10T07:00:00Z,94424.8
2025-10-10T08:00:00Z,98083.2
2025-10-10T09:00:00Z,100218.5
2025-10-10T10:00:00Z,104344.0
2025-10-10T11:00:00Z,105280.2
2025-10-10T12:00:00Z,106224.9
2025-10-10T13:00:00Z,107353.9
2025-10-10T14:00:00Z,104868.8
2025-10-10T15:00:00Z,101861.4
2025-10-10T16:00:00Z,98387.3
2025-10-10T17:00:00Z,97810.6
2025-10-10T18:00:00Z,92010.9
2025-10-10T19:00:00Z,87987.6
2025-10-10T20:00:00Z,86442.1
2025-10-10T21:00:00Z,82662.7
2025-10-10T22:00:00Z,79742.7
2025-10-10T23:00:00Z,79187.8
2025-10-11T00:00:00Z,76731.4
2025-10-11T01:00:00Z,75143.5
2025-10-11T02:00:00Z,76783.4
2025-10-11T03:00:00Z,77524.9
2025-10-11T04:00:00Z,80802.8
2025-10-11T05:00:00Z,85630.7
2025-10-11T06:00:00Z,88035.9
2025-10-11T07:00:00Z,91794.8
2025-10-11T08:00:00Z,96182.4
2025-10-11T09:00:00Z,97379.0
2025-10-11T10:00:00Z,101672.8
2025-10-11T11:00:00Z,100536.8
2025-10-11T12:00:00Z,100874.8
2025-10-11T13:00:00Z,100358.2
2025-10-11T14:00:00Z,98215.9
2025-10-11T15:00:00Z,98382.8
2025-10-11T16:00:00Z,94968.7
2025-10-11T17:00:00Z,93224.7
2025-10-11T18:00:00Z,87326.9
2025-10-11T19:00:00Z,85495.0
2025-10-11T20:00:00Z,82881.5
2025-10-11T21:00:00Z,78300.4
2025-10-11T22:00:00Z,76201.2
2025-10-11T23:00:00Z,72208.4
2025-10-12T00:00:00Z,76796.5
2025-10-12T01:00:00Z,74915.5
2025-10-12T02:00:00Z,77193.7
2025-10-12T03:00:00Z,77978.1
2025-10-12T04:00:00Z,81767.1
2025-10-12T05:00:00Z,83343.2
2025-10-12T06:00:00Z,89005.6
2025-10-12T07:00:00Z,91782.4
2025-10-12T08:00:00Z,94519.5
2025-10-12T09:00:00Z,98239.1
2025-10-12T10:00:00Z,97871.1
2025-10-12T11:00:00Z,101440.8
2025-10-12T12:00:00Z,101219.8
2025-10-12T13:00:00Z,102891.6
2025-10-12T14:00:00Z,100766.5
2025-10-12T15:00:00Z,97523.9
2025-10-12T16:00:00Z,94590.1
2025-10-12T17:00:00Z,95028.0
2025-10-12T18:00:00Z,87004.8
2025-10-12T19:00:00Z,86775.4
2025-10-12T20:00:00Z,82394.0
2025-10-12T21:00:00Z,79422.8
2025-10-12T22:00:00Z,74216.9
2025-10-12T23:00:00Z,75961.4
2025-10-13T00:00:00Z,77784.0
2025-10-13T01:00:00Z,77785.2
2025-10-13T02:00:00Z,80843.4
2025-10-13T03:00:00Z,81515.3
2025-10-13T04:00:00Z,85778.6
2025-10-13T05:00:00Z,87332.5
2025-10-13T06:00:00Z,92578.2
2025-10-13T07:00:00Z,95917.0
2025-10-13T08:00:00Z,97728.8
2025-10-13T09:00:00Z,100411.2
2025-10-13T10:00:00Z,102878.6
2025-10-13T11:00:00Z,104395.9
2025-10-13T12:00:00Z,104776.4
2025-10-13T13:00:00Z,107090.3
2025-10-13T14:00:00Z,104108.5
2025-10-13T15:00:00Z,101085.6
2025-10-13T16:00:00Z,98293.6
2025-10-13T17:00:00Z,94475.7
2025-10-13T18:00:00Z,92188.9
2025-10-13T19:00:00Z,88289.3
2025-10-13T20:00:00Z,84319.5
2025-10-13T21:00:00Z,81492.1
2025-10-13T22:00:00Z,79660.8
2025-10-13T23:00:00Z,77566.8
2025-10-14T00:00:00Z,78456.9
2025-10-14T01:00:00Z,77756.6
2025-10-14T02:00:00Z,80754.6
2025-10-14T03:00:00Z,81926.6
2025-10-14T04:00:00Z,85714.6
2025-10-14T05:00:00Z,87727.3
2025-10-14T06:00:00Z,89781.0
2025-10-14T07:00:00Z,93920.4
2025-10-14T08:00:00Z,98357.7
2025-10-14T09:00:00Z,101934.0
2025-10-14T10:00:00Z,104118.0
2025-10-14T11:00:00Z,105601.5
2025-10-14T12:00:00Z,106257.8
2025-10-14T13:00:00Z,105436.8
2025-10-14T14:00:00Z,104165.8
2025-10-14T15:00:00Z,101259.2
2025-10-14T16:00:00Z,99335.3
2025-10-14T17:00:00Z,95309.3
2025-10-14T18:00:00Z,91839.3
2025-10-14T19:00:00Z,88624.9
2025-10-14T20:00:00Z,87738.4
2025-10-14T21:00:00Z,80669.9
2025-10-14T22:00:00Z,79636.0
2025-10-14T23:00:00Z,78523.5
2025-10-15T00:00:00Z,78861.1
2025-10-15T01:00:00Z,78861.0
2025-10-15T02:00:00Z,82052.4
2025-10-15T03:00:00Z,80597.6
2025-10-15T04:00:00Z,87223.9
2025-10-15T05:00:00Z,87028.2
2025-10-15T06:00:00Z,91148.0
2025-10-15T07:00:00Z,96102.4
2025-10-15T08:00:00Z,98839.8
2025-10-15T09:00:00Z,101528.7
2025-10-15T10:00:00Z,103795.9
2025-10-15T11:00:00Z,105508.1
2025-10-15T12:00:00Z,106619.6
2025-10-15T13:00:00Z,105532.2
2025-10-15T14:00:00Z,102293.1
2025-10-15T15:00:00Z,100725.9
2025-10-15T16:00:00Z,100298.5
2025-10-15T17:00:00Z,97652.1
2025-10-15T18:00:00Z,93021.9
2025-10-15T19:00:00Z,89662.9
2025-10-15T20:00:00Z,85528.7
2025-10-15T21:00:00Z,84713.0
2025-10-15T22:00:00Z,79565.1
2025-10-15T23:00:00Z,78477.4
2025-10-16T00:00:00Z,77530.1
2025-10-16T01:00:00Z,80641.1
2025-10-16T02:00:00Z,79634.5
2025-10-16T03:00:00Z,82957.2
2025-10-16T04:00:00Z,83630.8
2025-10-16T05:00:00Z,86808.2
2025-10-16T06:00:00Z,93096.7
2025-10-16T07:00:00Z,96291.3
2025-10-16T08:00:00Z,99722.6
2025-10-16T09:00:00Z,101806.6
2025-10-16T10:00:00Z,103402.6
2025-10-16T11:00:00Z,104627.7
2025-10-16T12:00:00Z,104300.4
2025-10-16T13:00:00Z,104659.0
2025-10-16T14:00:00Z,105254.8
2025-10-16T15:00:00Z,101401.5
2025-10-16T16:00:00Z,97289.6
2025-10-16T17:00:00Z,95226.3
2025-10-16T18:00:00Z,90875.5
2025-10-16T19:00:00Z,87180.0
2025-10-16T20:00:00Z,85075.2
2025-10-16T21:00:00Z,81526.7
2025-10-16T22:00:00Z,78810.4
2025-10-16T23:00:00Z,80591.4
2025-10-17T00:00:00Z,80361.4
2025-10-17T01:00:00Z,79042.0
2025-10-17T02:00:00Z,81904.6
2025-10-17T03:00:00Z,81875.5
2025-10-17T04:00:00Z,85161.9
2025-10-17T05:00:00Z,89946.2
2025-10-17T06:00:00Z,92318.5
2025-10-17T07:00:00Z,96415.3
2025-10-17T08:00:00Z,95656.8
2025-10-17T09:00:00Z,101896.5
2025-10-17T10:00:00Z,103245.8
2025-10-17T11:00:00Z,104956.1
2025-10-17T12:00:00Z,103825.4
2025-10-17T13:00:00Z,104202.0
2025-10-17T14:00:00Z,104393.6
2025-10-17T15:00:00Z,102221.5
2025-10-17T16:00:00Z,99622.5
2025-10-17T17:00:00Z,96437.7
2025-10-17T18:00:00Z,93203.8
2025-10-17T19:00:00Z,88887.8
2025-10-17T20:00:00Z,84911.6
2025-10-17T21:00:00Z,81720.2
2025-10-17T22:00:00Z,79738.4
2025-10-17T23:00:00Z,77762.5
2025-10-18T00:00:00Z,73504.2
2025-10-18T01:00:00Z,74988.7
2025-10-18T02:00:00Z,73868.5
2025-10-18T03:00:00Z,77212.1
2025-10-18T04:00:00Z,80501.7
2025-10-18T05:00:00Z,85276.5
2025-10-18T06:00:00Z,89410.2
2025-10-18T07:00:00Z,92078.4
2025-10-18T08:00:00Z,94928.9
2025-10-18T09:00:00Z,97233.6
2025-10-18T10:00:00Z,101203.4
2025-10-18T11:00:00Z,102102.1
2025-10-18T12:00:00Z,101021.8
2025-10-18T13:00:00Z,101274.6
2025-10-18T14:00:00Z,100416.2
2025-10-18T15:00:00Z,98827.1
2025-10-18T16:00:00Z,94613.7
2025-10-18T17:00:00Z,93413.4
2025-10-18T18:00:00Z,89532.0
2025-10-18T19:00:00Z,84221.9
2025-10-18T20:00:00Z,81209.9
2025-10-18T21:00:00Z,77578.8
2025-10-18T22:00:00Z,75450.2
2025-10-18T23:00:00Z,75472.4
2025-10-19T00:00:00Z,76268.1
2025-10-19T01:00:00Z,76748.0
2025-10-19T02:00:00Z,76701.8
2025-10-19T03:00:00Z,78226.9
2025-10-19T04:00:00Z,80731.8
2025-10-19T05:00:00Z,85223.1
2025-10-19T06:00:00Z,87730.8
2025-10-19T07:00:00Z,92572.0
2025-10-19T08:00:00Z,94904.7
2025-10-19T09:00:00Z,98183.5
2025-10-19T10:00:00Z,99425.6
2025-10-19T11:00:00Z,103649.3
2025-10-19T12:00:00Z,103115.6
2025-10-19T13:00:00Z,101470.8
2025-10-19T14:00:00Z,99024.7
2025-10-19T15:00:00Z,98497.1
2025-10-19T16:00:00Z,95904.1
2025-10-19T17:00:00Z,90503.4
2025-10-19T18:00:00Z,88356.6
2025-10-19T19:00:00Z,87063.4
2025-10-19T20:00:00Z,81693.3
2025-10-19T21:00:00Z,78237.1
2025-10-19T22:00:00Z,77195.2
2025-10-19T23:00:00Z,77228.7
2025-10-20T00:00:00Z,77975.9
2025-10-20T01:00:00Z,78451.1
2025-10-20T02:00:00Z,80028.1
2025-10-20T03:00:00Z,82543.3
2025-10-20T04:00:00Z,86612.1
2025-10-20T05:00:00Z,88921.0
2025-10-20T06:00:00Z,89555.1
2025-10-20T07:00:00Z,96062.8
2025-10-20T08:00:00Z,99297.0
2025-10-20T09:00:00Z,102377.0
2025-10-20T10:00:00Z,104126.2
2025-10-20T11:00:00Z,105032.7
2025-10-20T12:00:00Z,106211.9
2025-10-20T13:00:00Z,104406.0
2025-10-20T14:00:00Z,101917.2
2025-10-20T15:00:00Z,101277.6
2025-10-20T16:00:00Z,97604.8
2025-10-20T17:00:00Z,97468.8
2025-10-20T18:00:00Z,91924.7
2025-10-20T19:00:00Z,90297.6
2025-10-20T20:00:00Z,83742.9
2025-10-20T21:00:00Z,81082.6
2025-10-20T22:00:00Z,80766.5
2025-10-20T23:00:00Z,77000.3
2025-10-21T00:00:00Z,77726.1
2025-10-21T01:00:00Z,76721.9
2025-10-21T02:00:00Z,80733.7
2025-10-21T03:00:00Z,80468.5
2025-10-21T04:00:00Z,85062.9
2025-10-21T05:00:00Z,86492.1
2025-10-21T06:00:00Z,92538.0
2025-10-21T07:00:00Z,96706.0
2025-10-21T08:00:00Z,98908.7
2025-10-21T09:00:00Z,100466.3
2025-10-21T10:00:00Z,104211.6
2025-10-21T11:00:00Z,106188.9
2025-10-21T12:00:00Z,106410.0
2025-10-21T13:00:00Z,106508.2
2025-10-21T14:00:00Z,105871.5
2025-10-21T15:00:00Z,101826.6
2025-10-21T16:00:00Z,98466.4
2025-10-21T17:00:00Z,94769.7
2025-10-21T18:00:00Z,91960.4
2025-10-21T19:00:00Z,88200.5
2025-10-21T20:00:00Z,84590.9
2025-10-21T21:00:00Z,82763.4
2025-10-21T22:00:00Z,82457.9
2025-10-21T23:00:00Z,77970.5
2025-10-22T00:00:00Z,77836.0
2025-10-22T01:00:00Z,78442.7
2025-10-22T02:00:00Z,79038.9
2025-10-22T03:00:00Z,83537.0
2025-10-22T04:00:00Z,84983.3
2025-10-22T05:00:00Z,89099.6
2025-10-22T06:00:00Z,90122.1
2025-10-22T07:00:00Z,96080.1
2025-10-22T08:00:00Z,98571.7
2025-10-22T09:00:00Z,99887.3
2025-10-22T10:00:00Z,104652.2
2025-10-22T11:00:00Z,106101.2
2025-10-22T12:00:00Z,105753.3
2025-10-22T13:00:00Z,105566.4
2025-10-22T14:00:00Z,102610.4
2025-10-22T15:00:00Z,102687.3
2025-10-22T16:00:00Z,98450.1
2025-10-22T17:00:00Z,95981.8
2025-10-22T18:00:00Z,92607.6
2025-10-22T19:00:00Z,88966.0
2025-10-22T20:00:00Z,84326.3
2025-10-22T21:00:00Z,82650.3
2025-10-22T22:00:00Z,80347.5
2025-10-22T23:00:00Z,80162.0
2025-10-23T00:00:00Z,77498.0
2025-10-23T01:00:00Z,79890.5
2025-10-23T02:00:00Z,80704.3
2025-10-23T03:00:00Z,82385.1
2025-10-23T04:00:00Z,87264.3
2025-10-23T05:00:00Z,89320.5
2025-10-23T06:00:00Z,91300.1
2025-10-23T07:00:00Z,95769.0
2025-10-23T08:00:00Z,97852.4
2025-10-23T09:00:00Z,100191.7
2025-10-23T10:00:00Z,103098.4
2025-10-23T11:00:00Z,104467.7
2025-10-23T12:00:00Z,107411.9
2025-10-23T13:00:00Z,105923.7
2025-10-23T14:00:00Z,100928.7
2025-10-23T15:00:00Z,101331.7
2025-10-23T16:00:00Z,97907.3
2025-10-23T17:00:00Z,95263.7
2025-10-23T18:00:00Z,92112.1
2025-10-23T19:00:00Z,88445.6
2025-10-23T20:00:00Z,85604.9
2025-10-23T21:00:00Z,81433.2
2025-10-23T22:00:00Z,81757.0
2025-10-23T23:00:00Z,78654.4
2025-10-24T00:00:00Z,79707.7
2025-10-24T01:00:00Z,78667.8
2025-10-24T02:00:00Z,80693.8
2025-10-24T03:00:00Z,81206.2
2025-10-24T04:00:00Z,86352.2
2025-10-24T05:00:00Z,88698.5
2025-10-24T06:00:00Z,91428.4
2025-10-24T07:00:00Z,95823.8
2025-10-24T08:00:00Z,99197.9
2025-10-24T09:00:00Z,99734.3
2025-10-24T10:00:00Z,102782.3
2025-10-24T11:00:00Z,103860.0
2025-10-24T12:00:00Z,106383.7
2025-10-24T13:00:00Z,105194.0
2025-10-24T14:00:00Z,102875.2
2025-10-24T15:00:00Z,100670.1
2025-10-24T16:00:00Z,98615.9
2025-10-24T17:00:00Z,92788.8
2025-10-24T18:00:00Z,91685.8
2025-10-24T19:00:00Z,90133.5
2025-10-24T20:00:00Z,83505.9
2025-10-24T21:00:00Z,80929.7
2025-10-24T22:00:00Z,78847.5
2025-10-24T23:00:00Z,79269.5
2025-10-25T00:00:00Z,73657.8
2025-10-25T01:00:00Z,77086.8
2025-10-25T02:00:00Z,76098.5
2025-10-25T03:00:00Z,77920.5
2025-10-25T04:00:00Z,80048.3
2025-10-25T05:00:00Z,85335.1
2025-10-25T06:00:00Z,89288.8
2025-10-25T07:00:00Z,91781.8
2025-10-25T08:00:00Z,96335.8
2025-10-25T09:00:00Z,99076.0
2025-10-25T10:00:00Z,100235.5
2025-10-25T11:00:00Z,101258.5
2025-10-25T12:00:00Z,101031.1
2025-10-25T13:00:00Z,101442.5
2025-10-25T14:00:00Z,99445.0
2025-10-25T15:00:00Z,99354.8
2025-10-25T16:00:00Z,95729.3
2025-10-25T17:00:00Z,91415.8
2025-10-25T18:00:00Z,87655.1
2025-10-25T19:00:00Z,85052.3
2025-10-25T20:00:00Z,82498.8
2025-10-25T21:00:00Z,78823.6
2025-10-25T22:00:00Z,77504.1
2025-10-25T23:00:00Z,74492.9
2025-10-26T00:00:00Z,74755.9
2025-10-26T01:00:00Z,75703.6
2025-10-26T02:00:00Z,76548.6
2025-10-26T03:00:00Z,78921.3
2025-10-26T04:00:00Z,82445.6
2025-10-26T05:00:00Z,84569.6
2025-10-26T06:00:00Z,89214.4
2025-10-26T07:00:00Z,91021.4
2025-10-26T08:00:00Z,95435.6
2025-10-26T09:00:00Z,97208.8
2025-10-26T10:00:00Z,99421.9
2025-10-26T11:00:00Z,101888.2
2025-10-26T12:00:00Z,103117.0
2025-10-26T13:00:00Z,101080.6
2025-10-26T14:00:00Z,99975.7
2025-10-26T15:00:00Z,99212.5
2025-10-26T16:00:00Z,94006.5
2025-10-26T17:00:00Z,92671.8
2025-10-26T18:00:00Z,86819.3
2025-10-26T19:00:00Z,82494.7
2025-10-26T20:00:00Z,81745.5
2025-10-26T21:00:00Z,78218.6
2025-10-26T22:00:00Z,75810.5
2025-10-26T23:00:00Z,72322.2
2025-10-27T00:00:00Z,78706.5
2025-10-27T01:00:00Z,78234.7
2025-10-27T02:00:00Z,78779.2
2025-10-27T03:00:00Z,82131.9
2025-10-27T04:00:00Z,83720.9
2025-10-27T05:00:00Z,87466.3
2025-10-27T06:00:00Z,90929.6
2025-10-27T07:00:00Z,96453.7
2025-10-27T08:00:00Z,98496.9
2025-10-27T09:00:00Z,102885.7
2025-10-27T10:00:00Z,102670.6
2025-10-27T11:00:00Z,103591.0
2025-10-27T12:00:00Z,107385.0
2025-10-27T13:00:00Z,103375.8
2025-10-27T14:00:00Z,104950.7
2025-10-27T15:00:00Z,100177.6
2025-10-27T16:00:00Z,99421.1
2025-10-27T17:00:00Z,94505.9
2025-10-27T18:00:00Z,93533.0
2025-10-27T19:00:00Z,90549.1
2025-10-27T20:00:00Z,86226.7
2025-10-27T21:00:00Z,82640.7
2025-10-27T22:00:00Z,79674.4
2025-10-27T23:00:00Z,79624.2
2025-10-28T00:00:00Z,80602.9
2025-10-28T01:00:00Z,78183.3
2025-10-28T02:00:00Z,78768.1
2025-10-28T03:00:00Z,84228.8
2025-10-28T04:00:00Z,84769.9
2025-10-28T05:00:00Z,89125.0
2025-10-28T06:00:00Z,92026.6
2025-10-28T07:00:00Z,95630.3
2025-10-28T08:00:00Z,98285.1
2025-10-28T09:00:00Z,101254.4
2025-10-28T10:00:00Z,101677.8
2025-10-28T11:00:00Z,104282.2
2025-10-28T12:00:00Z,104407.8
2025-10-28T13:00:00Z,106240.5
2025-10-28T14:00:00Z,103215.8
2025-10-28T15:00:00Z,101534.0
2025-10-28T16:00:00Z,96711.0
2025-10-28T17:00:00Z,95417.2
2025-10-28T18:00:00Z,93544.5
2025-10-28T19:00:00Z,88499.8
2025-10-28T20:00:00Z,86031.3
2025-10-28T21:00:00Z,81875.4
2025-10-28T22:00:00Z,79379.8
2025-10-28T23:00:00Z,79802.7
2025-10-29T00:00:00Z,77696.0
2025-10-29T01:00:00Z,77484.5
2025-10-29T02:00:00Z,79907.7
2025-10-29T03:00:00Z,81744.2
2025-10-29T04:00:00Z,86177.3
2025-10-29T05:00:00Z,89078.9
2025-10-29T06:00:00Z,90144.8
2025-10-29T07:00:00Z,95860.2
2025-10-29T08:00:00Z,97045.5
2025-10-29T09:00:00Z,101568.1
2025-10-29T10:00:00Z,104165.8
2025-10-29T11:00:00Z,104292.3
2025-10-29T12:00:00Z,104745.1
2025-10-29T13:00:00Z,105740.3
2025-10-29T14:00:00Z,103181.1
2025-10-29T15:00:00Z,100093.3
2025-10-29T16:00:00Z,100401.6
2025-10-29T17:00:00Z,96276.6
2025-10-29T18:00:00Z,92310.3
2025-10-29T19:00:00Z,88655.6
2025-10-29T20:00:00Z,86145.7
2025-10-29T21:00:00Z,82283.8
2025-10-29T22:00:00Z,80924.2
2025-10-29T23:00:00Z,79050.5
2025-10-30T00:00:00Z,77403.0
2025-10-30T01:00:00Z,79830.1
2025-10-30T02:00:00Z,80186.1
2025-10-30T03:00:00Z,81237.3
2025-10-30T04:00:00Z,84461.5
2025-10-30T05:00:00Z,85524.3
2025-10-30T06:00:00Z,89863.1
2025-10-30T07:00:00Z,93607.0
2025-10-30T08:00:00Z,99303.1
2025-10-30T09:00:00Z,102075.5
2025-10-30T10:00:00Z,104771.8
2025-10-30T11:00:00Z,105300.4
2025-10-30T12:00:00Z,107233.3
2025-10-30T13:00:00Z,104304.1
2025-10-30T14:00:00Z,102600.6
2025-10-30T15:00:00Z,100244.8
2025-10-30T16:00:00Z,98699.2
2025-10-30T17:00:00Z,94468.1
2025-10-30T18:00:00Z,90650.7
2025-10-30T19:00:00Z,87563.2
2025-10-30T20:00:00Z,85066.8
2025-10-30T21:00:00Z,80622.8
2025-10-30T22:00:00Z,79904.4
2025-10-30T23:00:00Z,78535.2
2025-10-31T00:00:00Z,79921.9
2025-10-31T01:00:00Z,78661.2
2025-10-31T02:00:00Z,78390.7
2025-10-31T03:00:00Z,82287.1
2025-10-31T04:00:00Z,85024.8
2025-10-31T05:00:00Z,86654.7
2025-10-31T06:00:00Z,88145.4
2025-10-31T07:00:00Z,95947.8
2025-10-31T08:00:00Z,98160.9
2025-10-31T09:00:00Z,100363.0
2025-10-31T10:00:00Z,103139.3
2025-10-31T11:00:00Z,106137.0
2025-10-31T12:00:00Z,107124.5
2025-10-31T13:00:00Z,104162.6
2025-10-31T14:00:00Z,105057.2
2025-10-31T15:00:00Z,101120.8
2025-10-31T16:00:00Z,98373.5
2025-10-31T17:00:00Z,94987.0
2025-10-31T18:00:00Z,91511.0
2025-10-31T19:00:00Z,87905.0
2025-10-31T20:00:00Z,84020.3
2025-10-31T21:00:00Z,82004.8
2025-10-31T22:00:00Z,78684.2
2025-10-31T23:00:00Z,79107.3
2025-11-01T00:00:00Z,73444.4
2025-11-01T01:00:00Z,75191.1
2025-11-01T02:00:00Z,75855.7
2025-11-01T03:00:00Z,76126.2
2025-11-01T04:00:00Z,82289.2
2025-11-01T05:00:00Z,84561.3
2025-11-01T06:00:00Z,87664.7
2025-11-01T07:00:00Z,90870.5
2025-11-01T08:00:00Z,96551.2
2025-11-01T09:00:00Z,97055.8
2025-11-01T10:00:00Z,100571.1
2025-11-01T11:00:00Z,101070.7
2025-11-01T12:00:00Z,99800.6
2025-11-01T13:00:00Z,101655.5
2025-11-01T14:00:00Z,97763.4
2025-11-01T15:00:00Z,97833.3
2025-11-01T16:00:00Z,94978.2
2025-11-01T17:00:00Z,91506.8
2025-11-01T18:00:00Z,86886.0
2025-11-01T19:00:00Z,85795.5
2025-11-01T20:00:00Z,82944.3
2025-11-01T21:00:00Z,77097.8
2025-11-01T22:00:00Z,75546.7
2025-11-01T23:00:00Z,76463.3
2025-11-02T00:00:00Z,73601.0
2025-11-02T01:00:00Z,75638.8
2025-11-02T02:00:00Z,74801.3
2025-11-02T03:00:00Z,77347.5
2025-11-02T04:00:00Z,81167.7
2025-11-02T05:00:00Z,84657.0
2025-11-02T06:00:00Z,86022.8
2025-11-02T07:00:00Z,89981.8
2025-11-02T08:00:00Z,95019.2
2025-11-02T09:00:00Z,98693.4
2025-11-02T10:00:00Z,99989.1
2025-11-02T11:00:00Z,101169.2
2025-11-02T12:00:00Z,101717.6
2025-11-02T13:00:00Z,99384.3
2025-11-02T14:00:00Z,99855.2
2025-11-02T15:00:00Z,98267.7
2025-11-02T16:00:00Z,95114.3
2025-11-02T17:00:00Z,89849.5
2025-11-02T18:00:00Z,86573.6
2025-11-02T19:00:00Z,85412.2
2025-11-02T20:00:00Z,79307.7
2025-11-02T21:00:00Z,76856.0
2025-11-02T22:00:00Z,77697.4
2025-11-02T23:00:00Z,73532.4
2025-11-03T00:00:00Z,76957.1
2025-11-03T01:00:00Z,78968.9
2025-11-03T02:00:00Z,80489.6
2025-11-03T03:00:00Z,81569.0
2025-11-03T04:00:00Z,82948.8
2025-11-03T05:00:00Z,87255.0
2025-11-03T06:00:00Z,91536.4
2025-11-03T07:00:00Z,93823.7
2025-11-03T08:00:00Z,97032.7
2025-11-03T09:00:00Z,102359.0
2025-11-03T10:00:00Z,103713.6
2025-11-03T11:00:00Z,105340.8
2025-11-03T12:00:00Z,105932.7
2025-11-03T13:00:00Z,103320.8
2025-11-03T14:00:00Z,103648.7
2025-11-03T15:00:00Z,102294.5
2025-11-03T16:00:00Z,98903.8
2025-11-03T17:00:00Z,93555.8
2025-11-03T18:00:00Z,89594.2
2025-11-03T19:00:00Z,86932.4
2025-11-03T20:00:00Z,85186.4
2025-11-03T21:00:00Z,81548.6
2025-11-03T22:00:00Z,79916.7
2025-11-03T23:00:00Z,76818.9
2025-11-04T00:00:00Z,78646.1
2025-11-04T01:00:00Z,77340.4
2025-11-04T02:00:00Z,80799.7
2025-11-04T03:00:00Z,81649.1
2025-11-04T04:00:00Z,81116.4
2025-11-04T05:00:00Z,87534.4
2025-11-04T06:00:00Z,90280.0
2025-11-04T07:00:00Z,93825.9
2025-11-04T08:00:00Z,97873.3
2025-11-04T09:00:00Z,102075.3
2025-11-04T10:00:00Z,103977.2
2025-11-04T11:00:00Z,105955.7
2025-11-04T12:00:00Z,104833.1
2025-11-04T13:00:00Z,102260.0
2025-11-04T14:00:00Z,102386.8
2025-11-04T15:00:00Z,99837.7
2025-11-04T16:00:00Z,97275.0
2025-11-04T17:00:00Z,97793.2
2025-11-04T18:00:00Z,92172.7
2025-11-04T19:00:00Z,86663.1
2025-11-04T20:00:00Z,85835.2
2025-11-04T21:00:00Z,81341.9
2025-11-04T22:00:00Z,77995.2
2025-11-04T23:00:00Z,79489.3
2025-11-05T00:00:00Z,77079.6
2025-11-05T01:00:00Z,78226.0
2025-11-05T02:00:00Z,82038.0
2025-11-05T03:00:00Z,80444.0
2025-11-05T04:00:00Z,85577.3
2025-11-05T05:00:00Z,87320.7
2025-11-05T06:00:00Z,89926.2
2025-11-05T07:00:00Z,94412.4
2025-11-05T08:00:00Z,98165.9
2025-11-05T09:00:00Z,100991.4
2025-11-05T10:00:00Z,101195.7
2025-11-05T11:00:00Z,105239.3
2025-11-05T12:00:00Z,103788.0
2025-11-05T13:00:00Z,104638.9
2025-11-05T14:00:00Z,103166.7
2025-11-05T15:00:00Z,100151.3
2025-11-05T16:00:00Z,98645.8
2025-11-05T17:00:00Z,93885.2
2025-11-05T18:00:00Z,90115.8
2025-11-05T19:00:00Z,86067.2
2025-11-05T20:00:00Z,82293.9
2025-11-05T21:00:00Z,80801.6
2025-11-05T22:00:00Z,76954.3
2025-11-05T23:00:00Z,77668.6
2025-11-06T00:00:00Z,76914.7
2025-11-06T01:00:00Z,79845.4
2025-11-06T02:00:00Z,78027.6
2025-11-06T03:00:00Z,82792.6
2025-11-06T04:00:00Z,84722.4
2025-11-06T05:00:00Z,87912.2
2025-11-06T06:00:00Z,90374.3
2025-11-06T07:00:00Z,93664.8
2025-11-06T08:00:00Z,97504.2
2025-11-06T09:00:00Z,100622.5
2025-11-06T10:00:00Z,103484.7
2025-11-06T11:00:00Z,103608.0
2025-11-06T12:00:00Z,106418.6
2025-11-06T13:00:00Z,106094.1
2025-11-06T14:00:00Z,100043.9
2025-11-06T15:00:00Z,100830.9
2025-11-06T16:00:00Z,97738.2
2025-11-06T17:00:00Z,93486.0
2025-11-06T18:00:00Z,88044.2
2025-11-06T19:00:00Z,85614.3
2025-11-06T20:00:00Z,84090.0
2025-11-06T21:00:00Z,82274.9
2025-11-06T22:00:00Z,79846.0
2025-11-06T23:00:00Z,78562.9
2025-11-07T00:00:00Z,77177.1
2025-11-07T01:00:00Z,79047.0
2025-11-07T02:00:00Z,79789.6
2025-11-07T03:00:00Z,82681.2
2025-11-07T04:00:00Z,84065.7
2025-11-07T05:00:00Z,86744.5
2025-11-07T06:00:00Z,89267.3
2025-11-07T07:00:00Z,96261.0
2025-11-07T08:00:00Z,97127.5
2025-11-07T09:00:00Z,99416.0
2025-11-07T10:00:00Z,100336.1
2025-11-07T11:00:00Z,104750.2
2025-11-07T12:00:00Z,103012.8
2025-11-07T13:00:00Z,104187.8
2025-11-07T14:00:00Z,103074.5
2025-11-07T15:00:00Z,102213.0
2025-11-07T16:00:00Z,96977.4
2025-11-07T17:00:00Z,92316.4
2025-11-07T18:00:00Z,91987.9
2025-11-07T19:00:00Z,87786.7
2025-11-07T20:00:00Z,83502.2
2025-11-07T21:00:00Z,81372.9
2025-11-07T22:00:00Z,81389.3
2025-11-07T23:00:00Z,77965.2
2025-11-08T00:00:00Z,72826.6
2025-11-08T01:00:00Z,73945.4
2025-11-08T02:00:00Z,76047.1
2025-11-08T03:00:00Z,77961.1
2025-11-08T04:00:00Z,80741.9
2025-11-08T05:00:00Z,84001.7
2025-11-08T06:00:00Z,85818.9
2025-11-08T07:00:00Z,91337.4
2025-11-08T08:00:00Z,95104.3
2025-11-08T09:00:00Z,97485.3
2025-11-08T10:00:00Z,98820.0
2025-11-08T11:00:00Z,100158.3
2025-11-08T12:00:00Z,100927.8
2025-11-08T13:00:00Z,100319.1
2025-11-08T14:00:00Z,97027.4
2025-11-08T15:00:00Z,96595.6
2025-11-08T16:00:00Z,95358.3
2025-11-08T17:00:00Z,90290.6
2025-11-08T18:00:00Z,86551.6
2025-11-08T19:00:00Z,84333.8
2025-11-08T20:00:00Z,80471.1
2025-11-08T21:00:00Z,76772.6
2025-11-08T22:00:00Z,75607.2
2025-11-08T23:00:00Z,75993.0
2025-11-09T00:00:00Z,75572.0
2025-11-09T01:00:00Z,74132.8
2025-11-09T02:00:00Z,75130.0
2025-11-09T03:00:00Z,78826.9
2025-11-09T04:00:00Z,80810.9
2025-11-09T05:00:00Z,84177.7
2025-11-09T06:00:00Z,86997.8
2025-11-09T07:00:00Z,89108.7
2025-11-09T08:00:00Z,92216.7
2025-11-09T09:00:00Z,96574.2
2025-11-09T10:00:00Z,97585.1
2025-11-09T11:00:00Z,101089.0
2025-11-09T12:00:00Z,101698.2
2025-11-09T13:00:00Z,101853.3
2025-11-09T14:00:00Z,98949.5
2025-11-09T15:00:00Z,98880.0
2025-11-09T16:00:00Z,95310.8
2025-11-09T17:00:00Z,91036.7
2025-11-09T18:00:00Z,87946.4
2025-11-09T19:00:00Z,82944.8
2025-11-09T20:00:00Z,76731.0
2025-11-09T21:00:00Z,78688.3
2025-11-09T22:00:00Z,75905.7
2025-11-09T23:00:00Z,75898.9
2025-11-10T00:00:00Z,77746.6
2025-11-10T01:00:00Z,77452.9
2025-11-10T02:00:00Z,78454.4
2025-11-10T03:00:00Z,80469.8
2025-11-10T04:00:00Z,84162.6
2025-11-10T05:00:00Z,85186.8
2025-11-10T06:00:00Z,89479.5
2025-11-10T07:00:00Z,95204.6
2025-11-10T08:00:00Z,95216.2
2025-11-10T09:00:00Z,98567.6
2025-11-10T10:00:00Z,101818.5
2025-11-10T11:00:00Z,103380.0
2025-11-10T12:00:00Z,104381.1
2025-11-10T13:00:00Z,104803.7
2025-11-10T14:00:00Z,102810.5
2025-11-10T15:00:00Z,101001.1
2025-11-10T16:00:00Z,96853.1
2025-11-10T17:00:00Z,94271.9
2025-11-10T18:00:00Z,89926.7
2025-11-10T19:00:00Z,87092.3
2025-11-10T20:00:00Z,84604.8
2025-11-10T21:00:00Z,81702.8
2025-11-10T22:00:00Z,76835.7
2025-11-10T23:00:00Z,76331.0
2025-11-11T00:00:00Z,79305.4
2025-11-11T01:00:00Z,75193.5
2025-11-11T02:00:00Z,78942.9
2025-11-11T03:00:00Z,79697.7
2025-11-11T04:00:00Z,83589.2
2025-11-11T05:00:00Z,86442.1
2025-11-11T06:00:00Z,90694.2
2025-11-11T07:00:00Z,92872.3
2025-11-11T08:00:00Z,98584.4
2025-11-11T09:00:00Z,102688.0
2025-11-11T10:00:00Z,99584.0
2025-11-11T11:00:00Z,102762.4
2025-11-11T12:00:00Z,102459.6
2025-11-11T13:00:00Z,103856.3
2025-11-11T14:00:00Z,103954.7
2025-11-11T15:00:00Z,101785.0
2025-11-11T16:00:00Z,98894.0
2025-11-11T17:00:00Z,94383.4
2025-11-11T18:00:00Z,89984.7
2025-11-11T19:00:00Z,88382.7
2025-11-11T20:00:00Z,83137.6
2025-11-11T21:00:00Z,80129.2
2025-11-11T22:00:00Z,78942.4
2025-11-11T23:00:00Z,76106.2
2025-11-12T00:00:00Z,76716.3
2025-11-12T01:00:00Z,76329.2
2025-11-12T02:00:00Z,78862.7
2025-11-12T03:00:00Z,82003.3
2025-11-12T04:00:00Z,83087.3
2025-11-12T05:00:00Z,87526.0
2025-11-12T06:00:00Z,91592.4
2025-11-12T07:00:00Z,93133.1
2025-11-12T08:00:00Z,97202.9
2025-11-12T09:00:00Z,99685.0
2025-11-12T10:00:00Z,104304.9
2025-11-12T11:00:00Z,103036.1
2025-11-12T12:00:00Z,104208.6
2025-11-12T13:00:00Z,102011.4
2025-11-12T14:00:00Z,101199.6
2025-11-12T15:00:00Z,100770.3
2025-11-12T16:00:00Z,96960.6
2025-11-12T17:00:00Z,94856.0
2025-11-12T18:00:00Z,90577.2
2025-11-12T19:00:00Z,89956.3
2025-11-12T20:00:00Z,83451.0
2025-11-12T21:00:00Z,81989.7
2025-11-12T22:00:00Z,77940.3
2025-11-12T23:00:00Z,76903.5
2025-11-13T00:00:00Z,75079.9
2025-11-13T01:00:00Z,80267.4
2025-11-13T02:00:00Z,76256.1
2025-11-13T03:00:00Z,80928.2
2025-11-13T04:00:00Z,83102.2
2025-11-13T05:00:00Z,87780.3
2025-11-13T06:00:00Z,89773.1
2025-11-13T07:00:00Z,96051.0
2025-11-13T08:00:00Z,98468.7
2025-11-13T09:00:00Z,100599.3
2025-11-13T10:00:00Z,102721.8
2025-11-13T11:00:00Z,104717.7
2025-11-13T12:00:00Z,104478.1
2025-11-13T13:00:00Z,105337.0
2025-11-13T14:00:00Z,103181.8
2025-11-13T15:00:00Z,99982.8
2025-11-13T16:00:00Z,97728.8
2025-11-13T17:00:00Z,94198.7
2025-11-13T18:00:00Z,91805.5
2025-11-13T19:00:00Z,86658.2
2025-11-13T20:00:00Z,83800.3
2025-11-13T21:00:00Z,79439.3
2025-11-13T22:00:00Z,79484.8
2025-11-13T23:00:00Z,77644.0
2025-11-14T00:00:00Z,76024.4
2025-11-14T01:00:00Z,79190.5
2025-11-14T02:00:00Z,78628.1
2025-11-14T03:00:00Z,79447.4
2025-11-14T04:00:00Z,84866.3
2025-11-14T05:00:00Z,86633.6
2025-11-14T06:00:00Z,86836.0
2025-11-14T07:00:00Z,94252.8
2025-11-14T08:00:00Z,97115.4
2025-11-14T09:00:00Z,100030.3
2025-11-14T10:00:00Z,101862.0
2025-11-14T11:00:00Z,102529.5
2025-11-14T12:00:00Z,104047.4
2025-11-14T13:00:00Z,101529.3
2025-11-14T14:00:00Z,101885.7
2025-11-14T15:00:00Z,100913.5
2025-11-14T16:00:00Z,98255.5
2025-11-14T17:00:00Z,93286.4
2025-11-14T18:00:00Z,92534.3
2025-11-14T19:00:00Z,87174.2
2025-11-14T20:00:00Z,83054.6
2025-11-14T21:00:00Z,80930.7
2025-11-14T22:00:00Z,77810.6
2025-11-14T23:00:00Z,78215.6
2025-11-15T00:00:00Z,71809.2
2025-11-15T01:00:00Z,72535.2
2025-11-15T02:00:00Z,73386.1
2025-11-15T03:00:00Z,75929.5
2025-11-15T04:00:00Z,79336.3
2025-11-15T05:00:00Z,85036.7
2025-11-15T06:00:00Z,86715.7
2025-11-15T07:00:00Z,91286.4
2025-11-15T08:00:00Z,93280.3
2025-11-15T09:00:00Z,97104.0
2025-11-15T10:00:00Z,97002.1
2025-11-15T11:00:00Z,98267.6
2025-11-15T12:00:00Z,102117.1
2025-11-15T13:00:00Z,99968.8
2025-11-15T14:00:00Z,96399.1
2025-11-15T15:00:00Z,96714.2
2025-11-15T16:00:00Z,92993.4
2025-11-15T17:00:00Z,89638.2
2025-11-15T18:00:00Z,87368.9
2025-11-15T19:00:00Z,81529.7
2025-11-15T20:00:00Z,81039.6
2025-11-15T21:00:00Z,77133.7
2025-11-15T22:00:00Z,74133.1
2025-11-15T23:00:00Z,71796.8
2025-11-16T00:00:00Z,74717.0
2025-11-16T01:00:00Z,72770.6
2025-11-16T02:00:00Z,72977.1
2025-11-16T03:00:00Z,76518.5
2025-11-16T04:00:00Z,80034.8
2025-11-16T05:00:00Z,83480.8
2025-11-16T06:00:00Z,87960.5
2025-11-16T07:00:00Z,90430.3
2025-11-16T08:00:00Z,93001.4
2025-11-16T09:00:00Z,98416.2
2025-11-16T10:00:00Z,100322.4
2025-11-16T11:00:00Z,98112.1
2025-11-16T12:00:00Z,100962.9
2025-11-16T13:00:00Z,98719.9
2025-11-16T14:00:00Z,99740.0
2025-11-16T15:00:00Z,94809.6
2025-11-16T16:00:00Z,93414.3
2025-11-16T17:00:00Z,91599.3
2025-11-16T18:00:00Z,86675.4
2025-11-16T19:00:00Z,84026.0
2025-11-16T20:00:00Z,78709.8
2025-11-16T21:00:00Z,75288.7
2025-11-16T22:00:00Z,73206.6
2025-11-16T23:00:00Z,73883.9
2025-11-17T00:00:00Z,75621.0
2025-11-17T01:00:00Z,78490.7
2025-11-17T02:00:00Z,77790.7
2025-11-17T03:00:00Z,81863.2
2025-11-17T04:00:00Z,83537.4
2025-11-17T05:00:00Z,85179.0
2025-11-17T06:00:00Z,89987.0
2025-11-17T07:00:00Z,93997.2
2025-11-17T08:00:00Z,97273.1
2025-11-17T09:00:00Z,99407.4
2025-11-17T10:00:00Z,102945.0
2025-11-17T11:00:00Z,104121.8
2025-11-17T12:00:00Z,104575.7
2025-11-17T13:00:00Z,102149.4
2025-11-17T14:00:00Z,99271.1
2025-11-17T15:00:00Z,100183.2
2025-11-17T16:00:00Z,95765.2
2025-11-17T17:00:00Z,92823.1
2025-11-17T18:00:00Z,89647.6
2025-11-17T19:00:00Z,86782.6
2025-11-17T20:00:00Z,81150.3
2025-11-17T21:00:00Z,80181.7
2025-11-17T22:00:00Z,79726.7
2025-11-17T23:00:00Z,75162.5
2025-11-18T00:00:00Z,75882.0
2025-11-18T01:00:00Z,78329.0
2025-11-18T02:00:00Z,78986.9
2025-11-18T03:00:00Z,80898.1
2025-11-18T04:00:00Z,83179.7
2025-11-18T05:00:00Z,84653.8
2025-11-18T06:00:00Z,89917.6
2025-11-18T07:00:00Z,92213.7
2025-11-18T08:00:00Z,96715.9
2025-11-18T09:00:00Z,98512.6
2025-11-18T10:00:00Z,100200.7
2025-11-18T11:00:00Z,102888.5
2025-11-18T12:00:00Z,104568.0
2025-11-18T13:00:00Z,102329.7
2025-11-18T14:00:00Z,101751.2
2025-11-18T15:00:00Z,100202.2
2025-11-18T16:00:00Z,97157.8
2025-11-18T17:00:00Z,91855.5
2025-11-18T18:00:00Z,89151.3
2025-11-18T19:00:00Z,86680.4
2025-11-18T20:00:00Z,83029.5
2025-11-18T21:00:00Z,82195.1
2025-11-18T22:00:00Z,78706.7
2025-11-18T23:00:00Z,75673.8
2025-11-19T00:00:00Z,76844.8
2025-11-19T01:00:00Z,77809.3
2025-11-19T02:00:00Z,78631.3
2025-11-19T03:00:00Z,80625.4
2025-11-19T04:00:00Z,81249.7
2025-11-19T05:00:00Z,86060.2
2025-11-19T06:00:00Z,90314.0
2025-11-19T07:00:00Z,92702.7
2025-11-19T08:00:00Z,96036.2
2025-11-19T09:00:00Z,99740.7
2025-11-19T10:00:00Z,100653.4
2025-11-19T11:00:00Z,101721.7
2025-11-19T12:00:00Z,103019.9
2025-11-19T13:00:00Z,102628.9
2025-11-19T14:00:00Z,102342.0
2025-11-19T15:00:00Z,99027.5
2025-11-19T16:00:00Z,95095.2
2025-11-19T17:00:00Z,93678.8
2025-11-19T18:00:00Z,88719.8
2025-11-19T19:00:00Z,86949.4
2025-11-19T20:00:00Z,82183.7
2025-11-19T21:00:00Z,80682.4
2025-11-19T22:00:00Z,78225.4
2025-11-19T23:00:00Z,76294.5
2025-11-20T00:00:00Z,74465.1
2025-11-20T01:00:00Z,75915.2
2025-11-20T02:00:00Z,79322.4
2025-11-20T03:00:00Z,80091.5
2025-11-20T04:00:00Z,84000.5
2025-11-20T05:00:00Z,86036.1
2025-11-20T06:00:00Z,89480.1
2025-11-20T07:00:00Z,91883.5
2025-11-20T08:00:00Z,96689.0
2025-11-20T09:00:00Z,98111.9
2025-11-20T10:00:00Z,100275.9
2025-11-20T11:00:00Z,103753.4
2025-11-20T12:00:00Z,101905.7
2025-11-20T13:00:00Z,105176.7
2025-11-20T14:00:00Z,101215.4
2025-11-20T15:00:00Z,98424.0
2025-11-20T16:00:00Z,97763.9
2025-11-20T17:00:00Z,91871.2
2025-11-20T18:00:00Z,89615.6
2025-11-20T19:00:00Z,85994.5
2025-11-20T20:00:00Z,83759.2
2025-11-20T21:00:00Z,81831.4
2025-11-20T22:00:00Z,78106.7
2025-11-20T23:00:00Z,74900.7
2025-11-21T00:00:00Z,74242.7
2025-11-21T01:00:00Z,75647.6
2025-11-21T02:00:00Z,78474.3
2025-11-21T03:00:00Z,79866.0
2025-11-21T04:00:00Z,82833.6
2025-11-21T05:00:00Z,85441.9
2025-11-21T06:00:00Z,90841.1
2025-11-21T07:00:00Z,91540.1
2025-11-21T08:00:00Z,98271.4
2025-11-21T09:00:00Z,100258.3
2025-11-21T10:00:00Z,101852.6
2025-11-21T11:00:00Z,102386.7
2025-11-21T12:00:00Z,102538.3
2025-11-21T13:00:00Z,102409.4
2025-11-21T14:00:00Z,100442.4
2025-11-21T15:00:00Z,98420.2
2025-11-21T16:00:00Z,95170.4
2025-11-21T17:00:00Z,93678.3
2025-11-21T18:00:00Z,89417.3
2025-11-21T19:00:00Z,86292.0
2025-11-21T20:00:00Z,81690.4
2025-11-21T21:00:00Z,78311.4
2025-11-21T22:00:00Z,76506.6
2025-11-21T23:00:00Z,76450.6
2025-11-22T00:00:00Z,70469.5
2025-11-22T01:00:00Z,72929.8
2025-11-22T02:00:00Z,72547.2
2025-11-22T03:00:00Z,75259.4
2025-11-22T04:00:00Z,78845.9
2025-11-22T05:00:00Z,80501.0
2025-11-22T06:00:00Z,83014.8
2025-11-22T07:00:00Z,90168.7
2025-11-22T08:00:00Z,91939.7
2025-11-22T09:00:00Z,94217.2
2025-11-22T10:00:00Z,98899.9
2025-11-22T11:00:00Z,100902.4
2025-11-22T12:00:00Z,98936.2
2025-11-22T13:00:00Z,98800.5
2025-11-22T14:00:00Z,100064.2
2025-11-22T15:00:00Z,94240.2
2025-11-22T16:00:00Z,93483.5
2025-11-22T17:00:00Z,89956.5
2025-11-22T18:00:00Z,84697.9
2025-11-22T19:00:00Z,80728.5
2025-11-22T20:00:00Z,77692.6
2025-11-22T21:00:00Z,75909.4
2025-11-22T22:00:00Z,73988.5
2025-11-22T23:00:00Z,75189.3
2025-11-23T00:00:00Z,70458.3
2025-11-23T01:00:00Z,72301.6
2025-11-23T02:00:00Z,72547.3
2025-11-23T03:00:00Z,76575.6
2025-11-23T04:00:00Z,78891.3
2025-11-23T05:00:00Z,80194.3
2025-11-23T06:00:00Z,84688.9
2025-11-23T07:00:00Z,88780.0
2025-11-23T08:00:00Z,92803.9
2025-11-23T09:00:00Z,95397.7
2025-11-23T10:00:00Z,97717.8
2025-11-23T11:00:00Z,98339.5
2025-11-23T12:00:00Z,99457.1
2025-11-23T13:00:00Z,98407.5
2025-11-23T14:00:00Z,98063.0
2025-11-23T15:00:00Z,95467.4
2025-11-23T16:00:00Z,91003.4
2025-11-23T17:00:00Z,88675.4
2025-11-23T18:00:00Z,84352.9
2025-11-23T19:00:00Z,81573.6
2025-11-23T20:00:00Z,79077.8
2025-11-23T21:00:00Z,75736.1
2025-11-23T22:00:00Z,73346.9
2025-11-23T23:00:00Z,71433.3
2025-11-24T00:00:00Z,76929.5
2025-11-24T01:00:00Z,75732.0
2025-11-24T02:00:00Z,75987.9
2025-11-24T03:00:00Z,78696.7
2025-11-24T04:00:00Z,83113.1
2025-11-24T05:00:00Z,87605.6
2025-11-24T06:00:00Z,90266.8
2025-11-24T07:00:00Z,91966.5
2025-11-24T08:00:00Z,96580.9
2025-11-24T09:00:00Z,96545.1
2025-11-24T10:00:00Z,101519.3
2025-11-24T11:00:00Z,101678.9
2025-11-24T12:00:00Z,102698.4
2025-11-24T13:00:00Z,100546.8
2025-11-24T14:00:00Z,101007.5
2025-11-24T15:00:00Z,96985.8
2025-11-24T16:00:00Z,93768.8
2025-11-24T17:00:00Z,94026.5
2025-11-24T18:00:00Z,87428.6
2025-11-24T19:00:00Z,86360.0
2025-11-24T20:00:00Z,81410.8
2025-11-24T21:00:00Z,79110.1
2025-11-24T22:00:00Z,77074.6
2025-11-24T23:00:00Z,76977.3
2025-11-25T00:00:00Z,75577.1
2025-11-25T01:00:00Z,74554.5
2025-11-25T02:00:00Z,76319.7
2025-11-25T03:00:00Z,80553.5
2025-11-25T04:00:00Z,83394.2
2025-11-25T05:00:00Z,84605.9
2025-11-25T06:00:00Z,89656.4
2025-11-25T07:00:00Z,92083.4
2025-11-25T08:00:00Z,96573.1
2025-11-25T09:00:00Z,97108.4
2025-11-25T10:00:00Z,101316.0
2025-11-25T11:00:00Z,101119.1
2025-11-25T12:00:00Z,100766.4
2025-11-25T13:00:00Z,102432.7
2025-11-25T14:00:00Z,101034.9
2025-11-25T15:00:00Z,96545.8
2025-11-25T16:00:00Z,92808.6
2025-11-25T17:00:00Z,92010.9
2025-11-25T18:00:00Z,89136.8
2025-11-25T19:00:00Z,84515.3
2025-11-25T20:00:00Z,81946.2
2025-11-25T21:00:00Z,78551.8
2025-11-25T22:00:00Z,76250.0
2025-11-25T23:00:00Z,75956.4
2025-11-26T00:00:00Z,76266.0
2025-11-26T01:00:00Z,75861.9
2025-11-26T02:00:00Z,76334.1
2025-11-26T03:00:00Z,78070.3
2025-11-26T04:00:00Z,81884.5
2025-11-26T05:00:00Z,82436.6
2025-11-26T06:00:00Z,88558.9
2025-11-26T07:00:00Z,91820.6
2025-11-26T08:00:00Z,95194.3
2025-11-26T09:00:00Z,97721.2
2025-11-26T10:00:00Z,99957.2
2025-11-26T11:00:00Z,99894.1
2025-11-26T12:00:00Z,102736.9
2025-11-26T13:00:00Z,101174.5
2025-11-26T14:00:00Z,100196.8
2025-11-26T15:00:00Z,97461.2
2025-11-26T16:00:00Z,93544.6
2025-11-26T17:00:00Z,92641.6
2025-11-26T18:00:00Z,88178.9
2025-11-26T19:00:00Z,84629.4
2025-11-26T20:00:00Z,82072.7
2025-11-26T21:00:00Z,80748.4
2025-11-26T22:00:00Z,76641.4
2025-11-26T23:00:00Z,75943.4
2025-11-27T00:00:00Z,76773.6
2025-11-27T01:00:00Z,74808.4
2025-11-27T02:00:00Z,77885.9
2025-11-27T03:00:00Z,78716.1
2025-11-27T04:00:00Z,82618.3
2025-11-27T05:00:00Z,84891.2
2025-11-27T06:00:00Z,89350.6
2025-11-27T07:00:00Z,90943.1
2025-11-27T08:00:00Z,94507.7
2025-11-27T09:00:00Z,97170.3
2025-11-27T10:00:00Z,99681.8
2025-11-27T11:00:00Z,102620.1
2025-11-27T12:00:00Z,102332.5
2025-11-27T13:00:00Z,102131.0
2025-11-27T14:00:00Z,99783.9
2025-11-27T15:00:00Z,97975.8
2025-11-27T16:00:00Z,95539.9
2025-11-27T17:00:00Z,92198.7
2025-11-27T18:00:00Z,87653.2
2025-11-27T19:00:00Z,84331.9
2025-11-27T20:00:00Z,80303.2
2025-11-27T21:00:00Z,79539.6
2025-11-27T22:00:00Z,77727.2
2025-11-27T23:00:00Z,77320.4
2025-11-28T00:00:00Z,71057.5
2025-11-28T01:00:00Z,75938.4
2025-11-28T02:00:00Z,76994.7
2025-11-28T03:00:00Z,81492.0
2025-11-28T04:00:00Z,80795.9
2025-11-28T05:00:00Z,83707.1
2025-11-28T06:00:00Z,88338.5
2025-11-28T07:00:00Z,89972.1
2025-11-28T08:00:00Z,93284.0
2025-11-28T09:00:00Z,98329.8
2025-11-28T10:00:00Z,97947.1
2025-11-28T11:00:00Z,99922.7
2025-11-28T12:00:00Z,102987.7
2025-11-28T13:00:00Z,101844.6
2025-11-28T14:00:00Z,98358.2
2025-11-28T15:00:00Z,99241.3
2025-11-28T16:00:00Z,94937.4
2025-11-28T17:00:00Z,91183.8
2025-11-28T18:00:00Z,88226.7
2025-11-28T19:00:00Z,84441.7
2025-11-28T20:00:00Z,82592.7
2025-11-28T21:00:00Z,79116.6
2025-11-28T22:00:00Z,75304.6
2025-11-28T23:00:00Z,74349.0
2025-11-29T00:00:00Z,71404.5
2025-11-29T01:00:00Z,70299.0
2025-11-29T02:00:00Z,71246.7
2025-11-29T03:00:00Z,71803.9
2025-11-29T04:00:00Z,78261.4
2025-11-29T05:00:00Z,80585.9
2025-11-29T06:00:00Z,83853.1
2025-11-29T07:00:00Z,86603.4
2025-11-29T08:00:00Z,90244.7
2025-11-29T09:00:00Z,93640.4
2025-11-29T10:00:00Z,94555.2
2025-11-29T11:00:00Z,97305.6
2025-11-29T12:00:00Z,99590.9
2025-11-29T13:00:00Z,96603.4
2025-11-29T14:00:00Z,95855.4
2025-11-29T15:00:00Z,95470.4
2025-11-29T16:00:00Z,90985.5
2025-11-29T17:00:00Z,89376.4
2025-11-29T18:00:00Z,85243.7
2025-11-29T19:00:00Z,81628.2
2025-11-29T20:00:00Z,77118.2
2025-11-29T21:00:00Z,73980.7
2025-11-29T22:00:00Z,73845.0
2025-11-29T23:00:00Z,71150.1
2025-11-30T00:00:00Z,70212.9
2025-11-30T01:00:00Z,68320.8
2025-11-30T02:00:00Z,71999.5
2025-11-30T03:00:00Z,77140.8
2025-11-30T04:00:00Z,77859.9
2025-11-30T05:00:00Z,82427.3
2025-11-30T06:00:00Z,84198.2
2025-11-30T07:00:00Z,85867.9
2025-11-30T08:00:00Z,90890.0
2025-11-30T09:00:00Z,95546.5
2025-11-30T10:00:00Z,95902.5
2025-11-30T11:00:00Z,96727.6
2025-11-30T12:00:00Z,97323.5
2025-11-30T13:00:00Z,95728.4
2025-11-30T14:00:00Z,95300.8
2025-11-30T15:00:00Z,93699.6
2025-11-30T16:00:00Z,91820.4
2025-11-30T17:00:00Z,88334.4
2025-11-30T18:00:00Z,82703.5
2025-11-30T19:00:00Z,78255.4
2025-11-30T20:00:00Z,76768.3
2025-11-30T21:00:00Z,73492.1
2025-11-30T22:00:00Z,73144.8
2025-11-30T23:00:00Z,69687.8
2025-12-01T00:00:00Z,74640.6
2025-12-01T01:00:00Z,73925.8
2025-12-01T02:00:00Z,77058.0
2025-12-01T03:00:00Z,77989.8
2025-12-01T04:00:00Z,78500.0
2025-12-01T05:00:00Z,81331.5
2025-12-01T06:00:00Z,87857.5
2025-12-01T07:00:00Z,89856.2
2025-12-01T08:00:00Z,95384.6
2025-12-01T09:00:00Z,97043.2
2025-12-01T10:00:00Z,101265.9
2025-12-01T11:00:00Z,100563.4
2025-12-01T12:00:00Z,100197.0
2025-12-01T13:00:00Z,98307.9
2025-12-01T14:00:00Z,99788.5
2025-12-01T15:00:00Z,96825.0
2025-12-01T16:00:00Z,93898.6
2025-12-01T17:00:00Z,94037.7
2025-12-01T18:00:00Z,88374.9
2025-12-01T19:00:00Z,82898.4
2025-12-01T20:00:00Z,81447.5
2025-12-01T21:00:00Z,76127.8
2025-12-01T22:00:00Z,74989.6
2025-12-01T23:00:00Z,75338.0
2025-12-02T00:00:00Z,72219.9
2025-12-02T01:00:00Z,74168.4
2025-12-02T02:00:00Z,75597.9
2025-12-02T03:00:00Z,77879.0
2025-12-02T04:00:00Z,79383.9
2025-12-02T05:00:00Z,82158.0
2025-12-02T06:00:00Z,87259.1
2025-12-02T07:00:00Z,91506.6
2025-12-02T08:00:00Z,92927.0
2025-12-02T09:00:00Z,97783.8
2025-12-02T10:00:00Z,100274.5
2025-12-02T11:00:00Z,100748.2
2025-12-02T12:00:00Z,102003.9
2025-12-02T13:00:00Z,101496.5
2025-12-02T14:00:00Z,100401.7
2025-12-02T15:00:00Z,97183.3
2025-12-02T16:00:00Z,94404.7
2025-12-02T17:00:00Z,91195.9
2025-12-02T18:00:00Z,88654.8
2025-12-02T19:00:00Z,83202.4
2025-12-02T20:00:00Z,82196.4
2025-12-02T21:00:00Z,76644.2
2025-12-02T22:00:00Z,77770.7
2025-12-02T23:00:00Z,74929.6
2025-12-03T00:00:00Z,76607.2
2025-12-03T01:00:00Z,74304.3
2025-12-03T02:00:00Z,76136.5
2025-12-03T03:00:00Z,75745.8
2025-12-03T04:00:00Z,80018.7
2025-12-03T05:00:00Z,83824.5
2025-12-03T06:00:00Z,87585.8
2025-12-03T07:00:00Z,91378.9
2025-12-03T08:00:00Z,94069.5
2025-12-03T09:00:00Z,96646.2
2025-12-03T10:00:00Z,99940.7
2025-12-03T11:00:00Z,98504.6
2025-12-03T12:00:00Z,100174.0
2025-12-03T13:00:00Z,101005.8
2025-12-03T14:00:00Z,98778.2
2025-12-03T15:00:00Z,98070.1
2025-12-03T16:00:00Z,93132.1
2025-12-03T17:00:00Z,90198.7
2025-12-03T18:00:00Z,87829.3
2025-12-03T19:00:00Z,85621.3
2025-12-03T20:00:00Z,78861.8
2025-12-03T21:00:00Z,75578.4
2025-12-03T22:00:00Z,73994.7
2025-12-03T23:00:00Z,72592.6
2025-12-04T00:00:00Z,73637.0
2025-12-04T01:00:00Z,74864.4
2025-12-04T02:00:00Z,75136.3
2025-12-04T03:00:00Z,77585.4
2025-12-04T04:00:00Z,80837.3
2025-12-04T05:00:00Z,83827.8
2025-12-04T06:00:00Z,87244.5
2025-12-04T07:00:00Z,90689.5
2025-12-04T08:00:00Z,94985.0
2025-12-04T09:00:00Z,95224.7
2025-12-04T10:00:00Z,98101.8
2025-12-04T11:00:00Z,100318.4
2025-12-04T12:00:00Z,103542.6
2025-12-04T13:00:00Z,99041.8
2025-12-04T14:00:00Z,99548.2
2025-12-04T15:00:00Z,95671.8
2025-12-04T16:00:00Z,93512.8
2025-12-04T17:00:00Z,89542.3
2025-12-04T18:00:00Z,89041.7
2025-12-04T19:00:00Z,83835.0
2025-12-04T20:00:00Z,79567.8
2025-12-04T21:00:00Z,78434.9
2025-12-04T22:00:00Z,74372.0
2025-12-04T23:00:00Z,74120.6
2025-12-05T00:00:00Z,71627.2
2025-12-05T01:00:00Z,73259.7
2025-12-05T02:00:00Z,75351.7
2025-12-05T03:00:00Z,77505.1
2025-12-05T04:00:00Z,78968.4
2025-12-05T05:00:00Z,82330.2
2025-12-05T06:00:00Z,84733.6
2025-12-05T07:00:00Z,87818.5
2025-12-05T08:00:00Z,93225.8
2025-12-05T09:00:00Z,97571.5
2025-12-05T10:00:00Z,98991.8
2025-12-05T11:00:00Z,100468.2
2025-12-05T12:00:00Z,100286.1
2025-12-05T13:00:00Z,99783.9
2025-12-05T14:00:00Z,98409.8
2025-12-05T15:00:00Z,98198.0
2025-12-05T16:00:00Z,93117.4
2025-12-05T17:00:00Z,91586.0
2025-12-05T18:00:00Z,85113.9
2025-12-05T19:00:00Z,81984.6
2025-12-05T20:00:00Z,79845.4
2025-12-05T21:00:00Z,75427.2
2025-12-05T22:00:00Z,76709.5
2025-12-05T23:00:00Z,73875.9
2025-12-06T00:00:00Z,69648.4
2025-12-06T01:00:00Z,69117.5
2025-12-06T02:00:00Z,71552.3
2025-12-06T03:00:00Z,72427.9
2025-12-06T04:00:00Z,77487.6
2025-12-06T05:00:00Z,80727.0
2025-12-06T06:00:00Z,82009.5
2025-12-06T07:00:00Z,85315.4
2025-12-06T08:00:00Z,87863.6
2025-12-06T09:00:00Z,90731.1
2025-12-06T10:00:00Z,95971.3
2025-12-06T11:00:00Z,96796.3
2025-12-06T12:00:00Z,98159.6
2025-12-06T13:00:00Z,96515.5
2025-12-06T14:00:00Z,95581.5
2025-12-06T15:00:00Z,93191.9
2025-12-06T16:00:00Z,89074.5
2025-12-06T17:00:00Z,86586.3
2025-12-06T18:00:00Z,83917.8
2025-12-06T19:00:00Z,79507.6
2025-12-06T20:00:00Z,74986.6
2025-12-06T21:00:00Z,72151.9
2025-12-06T22:00:00Z,74459.4
2025-12-06T23:00:00Z,68775.5
2025-12-07T00:00:00Z,68330.1
2025-12-07T01:00:00Z,69614.7
2025-12-07T02:00:00Z,70806.0
2025-12-07T03:00:00Z,74211.8
2025-12-07T04:00:00Z,75409.8
2025-12-07T05:00:00Z,79892.2
2025-12-07T06:00:00Z,82750.9
2025-12-07T07:00:00Z,86265.2
2025-12-07T08:00:00Z,89240.6
2025-12-07T09:00:00Z,91267.5
2025-12-07T10:00:00Z,93826.9
2025-12-07T11:00:00Z,94458.0
2025-12-07T12:00:00Z,95722.5
2025-12-07T13:00:00Z,95891.9
2025-12-07T14:00:00Z,94659.3
2025-12-07T15:00:00Z,90954.9
2025-12-07T16:00:00Z,88578.0
2025-12-07T17:00:00Z,85776.2
2025-12-07T18:00:00Z,84130.0
2025-12-07T19:00:00Z,79364.5
2025-12-07T20:00:00Z,76270.1
2025-12-07T21:00:00Z,74436.0
2025-12-07T22:00:00Z,71445.2
2025-12-07T23:00:00Z,68957.2
2025-12-08T00:00:00Z,74514.0
2025-12-08T01:00:00Z,72940.6
2025-12-08T02:00:00Z,75782.0
2025-12-08T03:00:00Z,77057.0
2025-12-08T04:00:00Z,80126.8
2025-12-08T05:00:00Z,84147.4
2025-12-08T06:00:00Z,85686.0
2025-12-08T07:00:00Z,88087.8
2025-12-08T08:00:00Z,93323.8
2025-12-08T09:00:00Z,95714.0
2025-12-08T10:00:00Z,97631.5
2025-12-08T11:00:00Z,99294.0
2025-12-08T12:00:00Z,97968.7
2025-12-08T13:00:00Z,99255.2
2025-12-08T14:00:00Z,97583.5
2025-12-08T15:00:00Z,96080.5
2025-12-08T16:00:00Z,92828.1
2025-12-08T17:00:00Z,89247.6
2025-12-08T18:00:00Z,86873.0
2025-12-08T19:00:00Z,83845.5
2025-12-08T20:00:00Z,79248.7
2025-12-08T21:00:00Z,75563.7
2025-12-08T22:00:00Z,73599.8
2025-12-08T23:00:00Z,74367.5
2025-12-09T00:00:00Z,70430.2
2025-12-09T01:00:00Z,72805.4
2025-12-09T02:00:00Z,74403.2
2025-12-09T03:00:00Z,76770.5
2025-12-09T04:00:00Z,76779.8
2025-12-09T05:00:00Z,82542.3
2025-12-09T06:00:00Z,83336.0
2025-12-09T07:00:00Z,88656.9
2025-12-09T08:00:00Z,91423.9
2025-12-09T09:00:00Z,93040.0
2025-12-09T10:00:00Z,99383.5
2025-12-09T11:00:00Z,98363.1
2025-12-09T12:00:00Z,97388.9
2025-12-09T13:00:00Z,97465.0
2025-12-09T14:00:00Z,97200.7
2025-12-09T15:00:00Z,95995.5
2025-12-09T16:00:00Z,92418.0
2025-12-09T17:00:00Z,87775.2
2025-12-09T18:00:00Z,87395.9
2025-12-09T19:00:00Z,82522.5
2025-12-09T20:00:00Z,80717.4
2025-12-09T21:00:00Z,77641.6
2025-12-09T22:00:00Z,74295.2
2025-12-09T23:00:00Z,74131.3
2025-12-10T00:00:00Z,71812.3
2025-12-10T01:00:00Z,73574.4
2025-12-10T02:00:00Z,71919.1
2025-12-10T03:00:00Z,73857.6
2025-12-10T04:00:00Z,77483.8
2025-12-10T05:00:00Z,82580.6
2025-12-10T06:00:00Z,85666.6
2025-12-10T07:00:00Z,88199.3
2025-12-10T08:00:00Z,91620.2
2025-12-10T09:00:00Z,94466.2
2025-12-10T10:00:00Z,97407.3
2025-12-10T11:00:00Z,99836.4
2025-12-10T12:00:00Z,100191.8
2025-12-10T13:00:00Z,98405.0
2025-12-10T14:00:00Z,97245.3
2025-12-10T15:00:00Z,95779.1
2025-12-10T16:00:00Z,91096.3
2025-12-10T17:00:00Z,89047.6
2025-12-10T18:00:00Z,86186.3
2025-12-10T19:00:00Z,82537.4
2025-12-10T20:00:00Z,78246.8
2025-12-10T21:00:00Z,75025.5
2025-12-10T22:00:00Z,72773.3
2025-12-10T23:00:00Z,74035.0
2025-12-11T00:00:00Z,71788.9
2025-12-11T01:00:00Z,70834.0
2025-12-11T02:00:00Z,71303.9
2025-12-11T03:00:00Z,75756.6
2025-12-11T04:00:00Z,80246.8
2025-12-11T05:00:00Z,81517.7
2025-12-11T06:00:00Z,84336.3
2025-12-11T07:00:00Z,89755.0
2025-12-11T08:00:00Z,91758.9
2025-12-11T09:00:00Z,94765.5
2025-12-11T10:00:00Z,97407.5
2025-12-11T11:00:00Z,98076.2
2025-12-11T12:00:00Z,99666.6
2025-12-11T13:00:00Z,99365.7
2025-12-11T14:00:00Z,96982.9
2025-12-11T15:00:00Z,94302.6
2025-12-11T16:00:00Z,92470.0
2025-12-11T17:00:00Z,85982.6
2025-12-11T18:00:00Z,84857.2
2025-12-11T19:00:00Z,81190.4
2025-12-11T20:00:00Z,79368.5
2025-12-11T21:00:00Z,74531.1
2025-12-11T22:00:00Z,74792.5
2025-12-11T23:00:00Z,72070.1
2025-12-12T00:00:00Z,71997.6
2025-12-12T01:00:00Z,73461.5
2025-12-12T02:00:00Z,73527.9
2025-12-12T03:00:00Z,74822.3
2025-12-12T04:00:00Z,78642.6
2025-12-12T05:00:00Z,81940.1
2025-12-12T06:00:00Z,87286.1
2025-12-12T07:00:00Z,88555.8
2025-12-12T08:00:00Z,92940.2
2025-12-12T09:00:00Z,96214.2
2025-12-12T10:00:00Z,98118.3
2025-12-12T11:00:00Z,97976.6
2025-12-12T12:00:00Z,97381.2
2025-12-12T13:00:00Z,99426.9
2025-12-12T14:00:00Z,98810.1
2025-12-12T15:00:00Z,95486.3
2025-12-12T16:00:00Z,93269.6
2025-12-12T17:00:00Z,88852.6
2025-12-12T18:00:00Z,86128.7
2025-12-12T19:00:00Z,83174.1
2025-12-12T20:00:00Z,78426.0
2025-12-12T21:00:00Z,76994.8
2025-12-12T22:00:00Z,73424.1
2025-12-12T23:00:00Z,71077.9
2025-12-13T00:00:00Z,68084.6
2025-12-13T01:00:00Z,67931.1
2025-12-13T02:00:00Z,69977.1
2025-12-13T03:00:00Z,72262.9
2025-12-13T04:00:00Z,74235.7
2025-12-13T05:00:00Z,78171.1
2025-12-13T06:00:00Z,80718.0
2025-12-13T07:00:00Z,85649.5
2025-12-13T08:00:00Z,86973.3
2025-12-13T09:00:00Z,89267.5
2025-12-13T10:00:00Z,94115.8
2025-12-13T11:00:00Z,92087.7
2025-12-13T12:00:00Z,94469.9
2025-12-13T13:00:00Z,94066.3
2025-12-13T14:00:00Z,93881.6
2025-12-13T15:00:00Z,90507.5
2025-12-13T16:00:00Z,87697.0
2025-12-13T17:00:00Z,82623.0
2025-12-13T18:00:00Z,82250.6
2025-12-13T19:00:00Z,76453.7
2025-12-13T20:00:00Z,74330.9
2025-12-13T21:00:00Z,70648.4
2025-12-13T22:00:00Z,70649.3
2025-12-13T23:00:00Z,66969.9
2025-12-14T00:00:00Z,65793.0
2025-12-14T01:00:00Z,69248.3
2025-12-14T02:00:00Z,68394.8
2025-12-14T03:00:00Z,71550.5
2025-12-14T04:00:00Z,74575.7
2025-12-14T05:00:00Z,75668.7
2025-12-14T06:00:00Z,82020.0
2025-12-14T07:00:00Z,83228.7
2025-12-14T08:00:00Z,87738.8
2025-12-14T09:00:00Z,90971.6
2025-12-14T10:00:00Z,92537.5
2025-12-14T11:00:00Z,92983.0
2025-12-14T12:00:00Z,95504.6
2025-12-14T13:00:00Z,92986.4
2025-12-14T14:00:00Z,91140.9
2025-12-14T15:00:00Z,91804.0
2025-12-14T16:00:00Z,89061.4
2025-12-14T17:00:00Z,82273.7
2025-12-14T18:00:00Z,80636.0
2025-12-14T19:00:00Z,77360.3
2025-12-14T20:00:00Z,70890.2
2025-12-14T21:00:00Z,70641.1
2025-12-14T22:00:00Z,70421.7
2025-12-14T23:00:00Z,66628.0
2025-12-15T00:00:00Z,72320.0
2025-12-15T01:00:00Z,73543.1
2025-12-15T02:00:00Z,72482.6
2025-12-15T03:00:00Z,73982.5
2025-12-15T04:00:00Z,77698.6
2025-12-15T05:00:00Z,79262.4
2025-12-15T06:00:00Z,85865.5
2025-12-15T07:00:00Z,88488.7
2025-12-15T08:00:00Z,89587.0
2025-12-15T09:00:00Z,93103.3
2025-12-15T10:00:00Z,95800.1
2025-12-15T11:00:00Z,98753.0
2025-12-15T12:00:00Z,98929.6
2025-12-15T13:00:00Z,96783.9
2025-12-15T14:00:00Z,96360.8
2025-12-15T15:00:00Z,93503.8
2025-12-15T16:00:00Z,91741.8
2025-12-15T17:00:00Z,87614.2
2025-12-15T18:00:00Z,86811.1
2025-12-15T19:00:00Z,81434.7
2025-12-15T20:00:00Z,77328.4
2025-12-15T21:00:00Z,73616.9
2025-12-15T22:00:00Z,71069.1
2025-12-15T23:00:00Z,72136.3
2025-12-16T00:00:00Z,71544.4
2025-12-16T01:00:00Z,72862.8
2025-12-16T02:00:00Z,71255.5
2025-12-16T03:00:00Z,75437.9
2025-12-16T04:00:00Z,75989.2
2025-12-16T05:00:00Z,81443.6
2025-12-16T06:00:00Z,84824.8
2025-12-16T07:00:00Z,87956.5
2025-12-16T08:00:00Z,90610.0
2025-12-16T09:00:00Z,93220.0
2025-12-16T10:00:00Z,95504.1
2025-12-16T11:00:00Z,95079.0
2025-12-16T12:00:00Z,98511.4
2025-12-16T13:00:00Z,95988.5
2025-12-16T14:00:00Z,96106.6
2025-12-16T15:00:00Z,93709.0
2025-12-16T16:00:00Z,91780.5
2025-12-16T17:00:00Z,87774.6
2025-12-16T18:00:00Z,84209.4
2025-12-16T19:00:00Z,81009.6
2025-12-16T20:00:00Z,78535.2
2025-12-16T21:00:00Z,74154.7
2025-12-16T22:00:00Z,71444.7
2025-12-16T23:00:00Z,71128.7
2025-12-17T00:00:00Z,70272.3
2025-12-17T01:00:00Z,71692.5
2025-12-17T02:00:00Z,72672.5
2025-12-17T03:00:00Z,74565.0
2025-12-17T04:00:00Z,78475.4
2025-12-17T05:00:00Z,80812.0
2025-12-17T06:00:00Z,84696.5
2025-12-17T07:00:00Z,87046.1
2025-12-17T08:00:00Z,92489.2
2025-12-17T09:00:00Z,94334.2
2025-12-17T10:00:00Z,94690.1
2025-12-17T11:00:00Z,96096.5
2025-12-17T12:00:00Z,99585.1
2025-12-17T13:00:00Z,97374.5
2025-12-17T14:00:00Z,97729.0
2025-12-17T15:00:00Z,96284.3
2025-12-17T16:00:00Z,90964.7
2025-12-17T17:00:00Z,87877.9
2025-12-17T18:00:00Z,84947.8
2025-12-17T19:00:00Z,79498.4
2025-12-17T20:00:00Z,75179.8
2025-12-17T21:00:00Z,76553.1
2025-12-17T22:00:00Z,71363.6
2025-12-17T23:00:00Z,70780.8
2025-12-18T00:00:00Z,71926.1
2025-12-18T01:00:00Z,70779.4
2025-12-18T02:00:00Z,73111.3
2025-12-18T03:00:00Z,74574.1
2025-12-18T04:00:00Z,75565.8
2025-12-18T05:00:00Z,79422.3
2025-12-18T06:00:00Z,83907.2
2025-12-18T07:00:00Z,86217.8
2025-12-18T08:00:00Z,91693.8
2025-12-18T09:00:00Z,93808.8
2025-12-18T10:00:00Z,93757.6
2025-12-18T11:00:00Z,97447.1
2025-12-18T12:00:00Z,96776.3
2025-12-18T13:00:00Z,96540.8
2025-12-18T14:00:00Z,96354.4
2025-12-18T15:00:00Z,91261.5
2025-12-18T16:00:00Z,89501.7
2025-12-18T17:00:00Z,87598.0
2025-12-18T18:00:00Z,82094.8
2025-12-18T19:00:00Z,81715.5
2025-12-18T20:00:00Z,73258.7
2025-12-18T21:00:00Z,75378.7
2025-12-18T22:00:00Z,72836.7
2025-12-18T23:00:00Z,69892.6
2025-12-19T00:00:00Z,70002.3
2025-12-19T01:00:00Z,69534.1
2025-12-19T02:00:00Z,73871.5
2025-12-19T03:00:00Z,73864.1
2025-12-19T04:00:00Z,77254.1
2025-12-19T05:00:00Z,80293.7
2025-12-19T06:00:00Z,81892.3
2025-12-19T07:00:00Z,84777.7
2025-12-19T08:00:00Z,90443.9
2025-12-19T09:00:00Z,94678.6
2025-12-19T10:00:00Z,95953.3
2025-12-19T11:00:00Z,96377.0
2025-12-19T12:00:00Z,97533.4
2025-12-19T13:00:00Z,96168.0
2025-12-19T14:00:00Z,96684.9
2025-12-19T15:00:00Z,93756.5
2025-12-19T16:00:00Z,90614.1
2025-12-19T17:00:00Z,89388.5
2025-12-19T18:00:00Z,82811.9
2025-12-19T19:00:00Z,78905.4
2025-12-19T20:00:00Z,76414.9
2025-12-19T21:00:00Z,73275.4
2025-12-19T22:00:00Z,71064.0
2025-12-19T23:00:00Z,71068.1
2025-12-20T00:00:00Z,66487.5
2025-12-20T01:00:00Z,64375.6
2025-12-20T02:00:00Z,66916.1
2025-12-20T03:00:00Z,69247.6
2025-12-20T04:00:00Z,70543.0
2025-12-20T05:00:00Z,76619.0
2025-12-20T06:00:00Z,79562.2
2025-12-20T07:00:00Z,83474.3
2025-12-20T08:00:00Z,85456.6
2025-12-20T09:00:00Z,88329.4
2025-12-20T10:00:00Z,91434.2
2025-12-20T11:00:00Z,92595.2
2025-12-20T12:00:00Z,92454.4
2025-12-20T13:00:00Z,93060.7
2025-12-20T14:00:00Z,90362.8
2025-12-20T15:00:00Z,90051.5
2025-12-20T16:00:00Z,86649.7
2025-12-20T17:00:00Z,82245.3
2025-12-20T18:00:00Z,77940.4
2025-12-20T19:00:00Z,76214.9
2025-12-20T20:00:00Z,73860.6
2025-12-20T21:00:00Z,69839.0
2025-12-20T22:00:00Z,69265.2
2025-12-20T23:00:00Z,67143.8
2025-12-21T00:00:00Z,67047.3
2025-12-21T01:00:00Z,64355.6
2025-12-21T02:00:00Z,66657.3
2025-12-21T03:00:00Z,69676.4
2025-12-21T04:00:00Z,72637.1
2025-12-21T05:00:00Z,75478.2
2025-12-21T06:00:00Z,78685.0
2025-12-21T07:00:00Z,80197.8
2025-12-21T08:00:00Z,87212.6
2025-12-21T09:00:00Z,89609.6
2025-12-21T10:00:00Z,90352.9
2025-12-21T11:00:00Z,92297.3
2025-12-21T12:00:00Z,91993.9
2025-12-21T13:00:00Z,93395.2
2025-12-21T14:00:00Z,90633.0
2025-12-21T15:00:00Z,90061.5
2025-12-21T16:00:00Z,85359.2
2025-12-21T17:00:00Z,81618.0
2025-12-21T18:00:00Z,77283.2
2025-12-21T19:00:00Z,76125.4
2025-12-21T20:00:00Z,71649.3
2025-12-21T21:00:00Z,70185.0
2025-12-21T22:00:00Z,68621.2
2025-12-21T23:00:00Z,66408.7
2025-12-22T00:00:00Z,70803.9
2025-12-22T01:00:00Z,69106.0
2025-12-22T02:00:00Z,70009.4
2025-12-22T03:00:00Z,73400.4
2025-12-22T04:00:00Z,75712.3
2025-12-22T05:00:00Z,80961.2
2025-12-22T06:00:00Z,80691.8
2025-12-22T07:00:00Z,84940.6
2025-12-22T08:00:00Z,90922.4
2025-12-22T09:00:00Z,91365.7
2025-12-22T10:00:00Z,94153.2
2025-12-22T11:00:00Z,95202.4
2025-12-22T12:00:00Z,96175.7
2025-12-22T13:00:00Z,98128.1
2025-12-22T14:00:00Z,95640.1
2025-12-22T15:00:00Z,92265.3
2025-12-22T16:00:00Z,91618.5
2025-12-22T17:00:00Z,85096.5
2025-12-22T18:00:00Z,82879.4
2025-12-22T19:00:00Z,81337.0
2025-12-22T20:00:00Z,74451.8
2025-12-22T21:00:00Z,72016.6
2025-12-22T22:00:00Z,69849.5
2025-12-22T23:00:00Z,69155.6
2025-12-23T00:00:00Z,69736.2
2025-12-23T01:00:00Z,71026.2
2025-12-23T02:00:00Z,71967.2
2025-12-23T03:00:00Z,74324.8
2025-12-23T04:00:00Z,76048.6
2025-12-23T05:00:00Z,78299.0
2025-12-23T06:00:00Z,81391.3
2025-12-23T07:00:00Z,85936.8
2025-12-23T08:00:00Z,88173.4
2025-12-23T09:00:00Z,90627.7
2025-12-23T10:00:00Z,94786.0
2025-12-23T11:00:00Z,94538.3
2025-12-23T12:00:00Z,95628.4
2025-12-23T13:00:00Z,97868.4
2025-12-23T14:00:00Z,94717.0
2025-12-23T15:00:00Z,92588.3
2025-12-23T16:00:00Z,88923.3
2025-12-23T17:00:00Z,84894.4
2025-12-23T18:00:00Z,83059.2
2025-12-23T19:00:00Z,78431.7
2025-12-23T20:00:00Z,75432.0
2025-12-23T21:00:00Z,72108.4
2025-12-23T22:00:00Z,71098.5
2025-12-23T23:00:00Z,69569.4
2025-12-24T00:00:00Z,66086.2
2025-12-24T01:00:00Z,67948.5
2025-12-24T02:00:00Z,70176.2
2025-12-24T03:00:00Z,74648.8
2025-12-24T04:00:00Z,74254.9
2025-12-24T05:00:00Z,79033.5
2025-12-24T06:00:00Z,83393.5
2025-12-24T07:00:00Z,86892.7
2025-12-24T08:00:00Z,88332.3
2025-12-24T09:00:00Z,92764.2
2025-12-24T10:00:00Z,94181.6
2025-12-24T11:00:00Z,95329.4
2025-12-24T12:00:00Z,95142.5
2025-12-24T13:00:00Z,93230.1
2025-12-24T14:00:00Z,93292.1
2025-12-24T15:00:00Z,89955.0
2025-12-24T16:00:00Z,89891.4
2025-12-24T17:00:00Z,86115.3
2025-12-24T18:00:00Z,84111.3
2025-12-24T19:00:00Z,76916.5
2025-12-24T20:00:00Z,73531.9
2025-12-24T21:00:00Z,72275.8
2025-12-24T22:00:00Z,70569.7
2025-12-24T23:00:00Z,69972.4
2025-12-25T00:00:00Z,66948.2
2025-12-25T01:00:00Z,66651.8
2025-12-25T02:00:00Z,68925.1
2025-12-25T03:00:00Z,76040.0
2025-12-25T04:00:00Z,73871.0
2025-12-25T05:00:00Z,77574.1
2025-12-25T06:00:00Z,82744.6
2025-12-25T07:00:00Z,85976.7
2025-12-25T08:00:00Z,88075.4
2025-12-25T09:00:00Z,87878.3
2025-12-25T10:00:00Z,94237.9
2025-12-25T11:00:00Z,94268.9
2025-12-25T12:00:00Z,96844.8
2025-12-25T13:00:00Z,94968.3
2025-12-25T14:00:00Z,94187.2
2025-12-25T15:00:00Z,89227.9
2025-12-25T16:00:00Z,88694.6
2025-12-25T17:00:00Z,85240.8
2025-12-25T18:00:00Z,81303.1
2025-12-25T19:00:00Z,78792.6
2025-12-25T20:00:00Z,75707.9
2025-12-25T21:00:00Z,71745.9
2025-12-25T22:00:00Z,70810.1
2025-12-25T23:00:00Z,70453.6
2025-12-26T00:00:00Z,68635.7
2025-12-26T01:00:00Z,68325.2
2025-12-26T02:00:00Z,70196.2
2025-12-26T03:00:00Z,71790.1
2025-12-26T04:00:00Z,75143.9
2025-12-26T05:00:00Z,79015.1
2025-12-26T06:00:00Z,81235.5
2025-12-26T07:00:00Z,85898.4
2025-12-26T08:00:00Z,90299.4
2025-12-26T09:00:00Z,90982.9
2025-12-26T10:00:00Z,92523.8
2025-12-26T11:00:00Z,94284.7
2025-12-26T12:00:00Z,95955.7
2025-12-26T13:00:00Z,95186.9
2025-12-26T14:00:00Z,92713.6
2025-12-26T15:00:00Z,88271.5
2025-12-26T16:00:00Z,88975.2
2025-12-26T17:00:00Z,85645.7
2025-12-26T18:00:00Z,82107.4
2025-12-26T19:00:00Z,77331.0
2025-12-26T20:00:00Z,72321.0
2025-12-26T21:00:00Z,71607.5
2025-12-26T22:00:00Z,69015.4
2025-12-26T23:00:00Z,69181.4
2025-12-27T00:00:00Z,65784.0
2025-12-27T01:00:00Z,65483.0
2025-12-27T02:00:00Z,65528.2
2025-12-27T03:00:00Z,68932.4
2025-12-27T04:00:00Z,70238.8
2025-12-27T05:00:00Z,74969.2
2025-12-27T06:00:00Z,77728.0
2025-12-27T07:00:00Z,80592.2
2025-12-27T08:00:00Z,84867.2
2025-12-27T09:00:00Z,87420.6
2025-12-27T10:00:00Z,90980.5
2025-12-27T11:00:00Z,90688.0
2025-12-27T12:00:00Z,91072.1
2025-12-27T13:00:00Z,92368.9
2025-12-27T14:00:00Z,89845.2
2025-12-27T15:00:00Z,87540.0
2025-12-27T16:00:00Z,86768.8
2025-12-27T17:00:00Z,78447.9
2025-12-27T18:00:00Z,76040.5
2025-12-27T19:00:00Z,73536.9
2025-12-27T20:00:00Z,72461.4
2025-12-27T21:00:00Z,69918.1
2025-12-27T22:00:00Z,66407.0
2025-12-27T23:00:00Z,64009.4
2025-12-28T00:00:00Z,62430.5
2025-12-28T01:00:00Z,65129.5
2025-12-28T02:00:00Z,66297.3
2025-12-28T03:00:00Z,67377.3
2025-12-28T04:00:00Z,72027.4
2025-12-28T05:00:00Z,76022.4
2025-12-28T06:00:00Z,76629.0
2025-12-28T07:00:00Z,81516.3
2025-12-28T08:00:00Z,82973.0
2025-12-28T09:00:00Z,87509.9
2025-12-28T10:00:00Z,87954.8
2025-12-28T11:00:00Z,90812.2
2025-12-28T12:00:00Z,93371.4
2025-12-28T13:00:00Z,90076.4
2025-12-28T14:00:00Z,91050.2
2025-12-28T15:00:00Z,88758.9
2025-12-28T16:00:00Z,85783.7
2025-12-28T17:00:00Z,80690.8
2025-12-28T18:00:00Z,76002.8
2025-12-28T19:00:00Z,74152.2
2025-12-28T20:00:00Z,71543.3
2025-12-28T21:00:00Z,67368.1
2025-12-28T22:00:00Z,64836.2
2025-12-28T23:00:00Z,63060.6
2025-12-29T00:00:00Z,70923.6
2025-12-29T01:00:00Z,65631.4
2025-12-29T02:00:00Z,70217.5
2025-12-29T03:00:00Z,70895.2
2025-12-29T04:00:00Z,75600.3
2025-12-29T05:00:00Z,78974.8
2025-12-29T06:00:00Z,79872.5
2025-12-29T07:00:00Z,84466.9
2025-12-29T08:00:00Z,87450.1
2025-12-29T09:00:00Z,91264.0
2025-12-29T10:00:00Z,92634.3
2025-12-29T11:00:00Z,95047.2
2025-12-29T12:00:00Z,95161.4
2025-12-29T13:00:00Z,93468.9
2025-12-29T14:00:00Z,93989.1
2025-12-29T15:00:00Z,91167.1
2025-12-29T16:00:00Z,88409.1
2025-12-29T17:00:00Z,84064.0
2025-12-29T18:00:00Z,81848.7
2025-12-29T19:00:00Z,77058.7
2025-12-29T20:00:00Z,75727.3
2025-12-29T21:00:00Z,71914.2
2025-12-29T22:00:00Z,66669.5
2025-12-29T23:00:00Z,68634.3
2025-12-30T00:00:00Z,67795.3
2025-12-30T01:00:00Z,67711.1
2025-12-30T02:00:00Z,69933.7
2025-12-30T03:00:00Z,69475.0
2025-12-30T04:00:00Z,74365.3
2025-12-30T05:00:00Z,76379.3
2025-12-30T06:00:00Z,80995.3
2025-12-30T07:00:00Z,83443.7
2025-12-30T08:00:00Z,86073.3
2025-12-30T09:00:00Z,89958.5
2025-12-30T10:00:00Z,90582.3
2025-12-30T11:00:00Z,93885.7
2025-12-30T12:00:00Z,95123.3
2025-12-30T13:00:00Z,95302.2
2025-12-30T14:00:00Z,92940.0
2025-12-30T15:00:00Z,89791.2
2025-12-30T16:00:00Z,87296.4
2025-12-30T17:00:00Z,84110.8
2025-12-30T18:00:00Z,82137.5
2025-12-30T19:00:00Z,76143.0
2025-12-30T20:00:00Z,73349.4
2025-12-30T21:00:00Z,68786.6
2025-12-30T22:00:00Z,70383.0
2025-12-30T23:00:00Z,66254.5
2025-12-31T00:00:00Z,65433.1
2025-12-31T01:00:00Z,65131.4
2025-12-31T02:00:00Z,68972.6
2025-12-31T03:00:00Z,70522.8
2025-12-31T04:00:00Z,73228.7
2025-12-31T05:00:00Z,75331.3
2025-12-31T06:00:00Z,79797.2
2025-12-31T07:00:00Z,85228.2
2025-12-31T08:00:00Z,85449.1
2025-12-31T09:00:00Z,90124.6
2025-12-31T10:00:00Z,93659.3
2025-12-31T11:00:00Z,92206.0
2025-12-31T12:00:00Z,94674.8
2025-12-31T13:00:00Z,94232.2
2025-12-31T14:00:00Z,91234.6
2025-12-31T15:00:00Z,89867.0
2025-12-31T16:00:00Z,87902.6
2025-12-31T17:00:00Z,84869.6
2025-12-31T18:00:00Z,79698.2
2025-12-31T19:00:00Z,75195.8
2025-12-31T20:00:00Z,73766.9
2025-12-31T21:00:00Z,70953.5
2025-12-31T22:00:00Z,69376.3
2025-12-31T23:00:00Z,68829.1
2026-01-01T00:00:00Z,67794.5
2026-01-01T01:00:00Z,67995.5
2026-01-01T02:00:00Z,68013.2
2026-01-01T03:00:00Z,71950.6
2026-01-01T04:00:00Z,74648.2
2026-01-01T05:00:00Z,76211.6
2026-01-01T06:00:00Z,79570.3
2026-01-01T07:00:00Z,82091.5
2026-01-01T08:00:00Z,86363.5
2026-01-01T09:00:00Z,89735.7
2026-01-01T10:00:00Z,91616.6
2026-01-01T11:00:00Z,93909.8
2026-01-01T12:00:00Z,93749.7
2026-01-01T13:00:00Z,92257.7
2026-01-01T14:00:00Z,93278.2
2026-01-01T15:00:00Z,87814.9
2026-01-01T16:00:00Z,88079.6
2026-01-01T17:00:00Z,83719.6
2026-01-01T18:00:00Z,80450.8
2026-01-01T19:00:00Z,75875.4
2026-01-01T20:00:00Z,73500.2
2026-01-01T21:00:00Z,72369.1
2026-01-01T22:00:00Z,67681.0
2026-01-01T23:00:00Z,67391.4
2026-01-02T00:00:00Z,66444.1
2026-01-02T01:00:00Z,63298.6
2026-01-02T02:00:00Z,67458.0
2026-01-02T03:00:00Z,70614.6
2026-01-02T04:00:00Z,72307.8
2026-01-02T05:00:00Z,76125.2
2026-01-02T06:00:00Z,78483.0
2026-01-02T07:00:00Z,85199.5
2026-01-02T08:00:00Z,86972.3
2026-01-02T09:00:00Z,89220.9
2026-01-02T10:00:00Z,90746.9
2026-01-02T11:00:00Z,94018.1
2026-01-02T12:00:00Z,93564.2
2026-01-02T13:00:00Z,93864.6
2026-01-02T14:00:00Z,92271.2
2026-01-02T15:00:00Z,87902.9
2026-01-02T16:00:00Z,87176.7
2026-01-02T17:00:00Z,80648.9
2026-01-02T18:00:00Z,76761.8
2026-01-02T19:00:00Z,75965.9
2026-01-02T20:00:00Z,74940.5
2026-01-02T21:00:00Z,70812.6
2026-01-02T22:00:00Z,68661.2
2026-01-02T23:00:00Z,65702.4
2026-01-03T00:00:00Z,61982.6
2026-01-03T01:00:00Z,63203.7
2026-01-03T02:00:00Z,61590.0
2026-01-03T03:00:00Z,65243.7
2026-01-03T04:00:00Z,68380.4
2026-01-03T05:00:00Z,73210.4
2026-01-03T06:00:00Z,77092.9
2026-01-03T07:00:00Z,78554.0
2026-01-03T08:00:00Z,84202.4
2026-01-03T09:00:00Z,85479.8
2026-01-03T10:00:00Z,87381.0
2026-01-03T11:00:00Z,90323.8
2026-01-03T12:00:00Z,88407.1
2026-01-03T13:00:00Z,88084.7
2026-01-03T14:00:00Z,86057.3
2026-01-03T15:00:00Z,84415.8
2026-01-03T16:00:00Z,79974.3
2026-01-03T17:00:00Z,82027.6
2026-01-03T18:00:00Z,76495.8
2026-01-03T19:00:00Z,74354.0
2026-01-03T20:00:00Z,67181.7
2026-01-03T21:00:00Z,64037.9
2026-01-03T22:00:00Z,65611.6
2026-01-03T23:00:00Z,62283.3
2026-01-04T00:00:00Z,61471.1
2026-01-04T01:00:00Z,61776.7
2026-01-04T02:00:00Z,62151.0
2026-01-04T03:00:00Z,65001.9
2026-01-04T04:00:00Z,71037.6
2026-01-04T05:00:00Z,70677.3
2026-01-04T06:00:00Z,77085.2
2026-01-04T07:00:00Z,79375.6
2026-01-04T08:00:00Z,83137.0
2026-01-04T09:00:00Z,86333.6
2026-01-04T10:00:00Z,86064.3
2026-01-04T11:00:00Z,89520.8
2026-01-04T12:00:00Z,89505.9
2026-01-04T13:00:00Z,91636.2
2026-01-04T14:00:00Z,87685.5
2026-01-04T15:00:00Z,86204.4
2026-01-04T16:00:00Z,82479.7
2026-01-04T17:00:00Z,79396.3
2026-01-04T18:00:00Z,75776.4
2026-01-04T19:00:00Z,71924.4
2026-01-04T20:00:00Z,69880.0
2026-01-04T21:00:00Z,66230.5
2026-01-04T22:00:00Z,64312.1
2026-01-04T23:00:00Z,63380.6
2026-01-05T00:00:00Z,64647.8
2026-01-05T01:00:00Z,65528.9
2026-01-05T02:00:00Z,67570.2
2026-01-05T03:00:00Z,69933.8
2026-01-05T04:00:00Z,74176.4
2026-01-05T05:00:00Z,73058.5
2026-01-05T06:00:00Z,78068.4
2026-01-05T07:00:00Z,81352.1
2026-01-05T08:00:00Z,85795.9
2026-01-05T09:00:00Z,88239.5
2026-01-05T10:00:00Z,88732.5
2026-01-05T11:00:00Z,90957.2
2026-01-05T12:00:00Z,91424.8
2026-01-05T13:00:00Z,90020.7
2026-01-05T14:00:00Z,89473.2
2026-01-05T15:00:00Z,87784.5
2026-01-05T16:00:00Z,86868.6
2026-01-05T17:00:00Z,82522.2
2026-01-05T18:00:00Z,78309.3
2026-01-05T19:00:00Z,74529.5
2026-01-05T20:00:00Z,71856.2
2026-01-05T21:00:00Z,70661.3
2026-01-05T22:00:00Z,68614.3
2026-01-05T23:00:00Z,64826.6
2026-01-06T00:00:00Z,64643.0
2026-01-06T01:00:00Z,65681.9
2026-01-06T02:00:00Z,67214.6
2026-01-06T03:00:00Z,67832.8
2026-01-06T04:00:00Z,72504.6
2026-01-06T05:00:00Z,76040.5
2026-01-06T06:00:00Z,79642.7
2026-01-06T07:00:00Z,84272.2
2026-01-06T08:00:00Z,86535.8
2026-01-06T09:00:00Z,88054.0
2026-01-06T10:00:00Z,88781.0
2026-01-06T11:00:00Z,91671.4
2026-01-06T12:00:00Z,91456.0
2026-01-06T13:00:00Z,92990.1
2026-01-06T14:00:00Z,90286.3
2026-01-06T15:00:00Z,86818.0
2026-01-06T16:00:00Z,84852.2
2026-01-06T17:00:00Z,83834.2
2026-01-06T18:00:00Z,77884.0
2026-01-06T19:00:00Z,75337.8
2026-01-06T20:00:00Z,73043.7
2026-01-06T21:00:00Z,69433.6
2026-01-06T22:00:00Z,65334.7
2026-01-06T23:00:00Z,63933.6
2026-01-07T00:00:00Z,63845.0
2026-01-07T01:00:00Z,65758.9
2026-01-07T02:00:00Z,66907.5
2026-01-07T03:00:00Z,67906.8
2026-01-07T04:00:00Z,71585.3
2026-01-07T05:00:00Z,75114.7
2026-01-07T06:00:00Z,76454.9
2026-01-07T07:00:00Z,80436.4
2026-01-07T08:00:00Z,85215.6
2026-01-07T09:00:00Z,89196.5
2026-01-07T10:00:00Z,89881.2
2026-01-07T11:00:00Z,91673.7
2026-01-07T12:00:00Z,93606.7
2026-01-07T13:00:00Z,90544.9
2026-01-07T14:00:00Z,90072.3
2026-01-07T15:00:00Z,87624.1
2026-01-07T16:00:00Z,87236.4
2026-01-07T17:00:00Z,81280.1
2026-01-07T18:00:00Z,77395.1
2026-01-07T19:00:00Z,75957.3
2026-01-07T20:00:00Z,74897.6
2026-01-07T21:00:00Z,69843.1
2026-01-07T22:00:00Z,68096.9
2026-01-07T23:00:00Z,66764.6
2026-01-08T00:00:00Z,65153.1
2026-01-08T01:00:00Z,64813.9
2026-01-08T02:00:00Z,68423.2
2026-01-08T03:00:00Z,69119.0
2026-01-08T04:00:00Z,70092.4
2026-01-08T05:00:00Z,74080.1
2026-01-08T06:00:00Z,78159.1
2026-01-08T07:00:00Z,80720.9
2026-01-08T08:00:00Z,84880.4
2026-01-08T09:00:00Z,87271.3
2026-01-08T10:00:00Z,89421.0
2026-01-08T11:00:00Z,89572.3
2026-01-08T12:00:00Z,93384.6
2026-01-08T13:00:00Z,89963.8
2026-01-08T14:00:00Z,88392.0
2026-01-08T15:00:00Z,88453.1
2026-01-08T16:00:00Z,84674.2
2026-01-08T17:00:00Z,81473.9
2026-01-08T18:00:00Z,80158.0
2026-01-08T19:00:00Z,73770.4
2026-01-08T20:00:00Z,69855.8
2026-01-08T21:00:00Z,67530.4
2026-01-08T22:00:00Z,65617.1
2026-01-08T23:00:00Z,65305.5
2026-01-09T00:00:00Z,64862.4
2026-01-09T01:00:00Z,66024.5
2026-01-09T02:00:00Z,65589.6
2026-01-09T03:00:00Z,68783.8
2026-01-09T04:00:00Z,69941.5
2026-01-09T05:00:00Z,73752.1
2026-01-09T06:00:00Z,77969.7
2026-01-09T07:00:00Z,80024.8
2026-01-09T08:00:00Z,86535.0
2026-01-09T09:00:00Z,86913.9
2026-01-09T10:00:00Z,88528.9
2026-01-09T11:00:00Z,89869.0
2026-01-09T12:00:00Z,91634.0
2026-01-09T13:00:00Z,92839.8
2026-01-09T14:00:00Z,88016.9
2026-01-09T15:00:00Z,87557.9
2026-01-09T16:00:00Z,83578.1
2026-01-09T17:00:00Z,82247.5
2026-01-09T18:00:00Z,77186.6
2026-01-09T19:00:00Z,71764.7
2026-01-09T20:00:00Z,69688.4
2026-01-09T21:00:00Z,67850.3
2026-01-09T22:00:00Z,65667.8
2026-01-09T23:00:00Z,66404.4
2026-01-10T00:00:00Z,60645.9
2026-01-10T01:00:00Z,59447.6
2026-01-10T02:00:00Z,62882.7
2026-01-10T03:00:00Z,63987.9
2026-01-10T04:00:00Z,69292.7
2026-01-10T05:00:00Z,69903.5
2026-01-10T06:00:00Z,73007.6
2026-01-10T07:00:00Z,77591.5
2026-01-10T08:00:00Z,82547.8
2026-01-10T09:00:00Z,82890.5
2026-01-10T10:00:00Z,87236.1
2026-01-10T11:00:00Z,86936.1
2026-01-10T12:00:00Z,87595.9
2026-01-10T13:00:00Z,88327.9
2026-01-10T14:00:00Z,86756.5
2026-01-10T15:00:00Z,84031.5
2026-01-10T16:00:00Z,82687.4
2026-01-10T17:00:00Z,76744.3
2026-01-10T18:00:00Z,70966.4
2026-01-10T19:00:00Z,71068.6
2026-01-10T20:00:00Z,67219.3
2026-01-10T21:00:00Z,63921.7
2026-01-10T22:00:00Z,63377.7
2026-01-10T23:00:00Z,58142.5
2026-01-11T00:00:00Z,59547.1
2026-01-11T01:00:00Z,61834.6
2026-01-11T02:00:00Z,62059.7
2026-01-11T03:00:00Z,65301.7
2026-01-11T04:00:00Z,66979.9
2026-01-11T05:00:00Z,68567.3
2026-01-11T06:00:00Z,72080.8
2026-01-11T07:00:00Z,77171.9
2026-01-11T08:00:00Z,78738.6
2026-01-11T09:00:00Z,84867.1
2026-01-11T10:00:00Z,84194.7
2026-01-11T11:00:00Z,84501.4
2026-01-11T12:00:00Z,86695.2
2026-01-11T13:00:00Z,87133.9
2026-01-11T14:00:00Z,85074.5
2026-01-11T15:00:00Z,82793.4
2026-01-11T16:00:00Z,79678.2
2026-01-11T17:00:00Z,74900.6
2026-01-11T18:00:00Z,73587.1
2026-01-11T19:00:00Z,70814.1
2026-01-11T20:00:00Z,65508.2
2026-01-11T21:00:00Z,64403.2
2026-01-11T22:00:00Z,59722.4
2026-01-11T23:00:00Z,60543.3
2026-01-12T00:00:00Z,62146.8
2026-01-12T01:00:00Z,64750.6
2026-01-12T02:00:00Z,63498.7
2026-01-12T03:00:00Z,65928.1
2026-01-12T04:00:00Z,69733.0
2026-01-12T05:00:00Z,73330.0
2026-01-12T06:00:00Z,76538.5
2026-01-12T07:00:00Z,81206.7
2026-01-12T08:00:00Z,83662.2
2026-01-12T09:00:00Z,86129.7
2026-01-12T10:00:00Z,90533.8
2026-01-12T11:00:00Z,91083.6
2026-01-12T12:00:00Z,90740.0
2026-01-12T13:00:00Z,90418.9
2026-01-12T14:00:00Z,86566.2
2026-01-12T15:00:00Z,85059.0
2026-01-12T16:00:00Z,86124.0
2026-01-12T17:00:00Z,78701.2
2026-01-12T18:00:00Z,78010.4
2026-01-12T19:00:00Z,73873.6
2026-01-12T20:00:00Z,69664.6
2026-01-12T21:00:00Z,70221.8
2026-01-12T22:00:00Z,64855.8
2026-01-12T23:00:00Z,65503.6
2026-01-13T00:00:00Z,62302.1
2026-01-13T01:00:00Z,63870.6
2026-01-13T02:00:00Z,65259.7
2026-01-13T03:00:00Z,67287.1
2026-01-13T04:00:00Z,71160.7
2026-01-13T05:00:00Z,73451.3
2026-01-13T06:00:00Z,75162.3
2026-01-13T07:00:00Z,80370.2
2026-01-13T08:00:00Z,81424.5
2026-01-13T09:00:00Z,87817.1
2026-01-13T10:00:00Z,89498.3
2026-01-13T11:00:00Z,90757.7
2026-01-13T12:00:00Z,89949.3
2026-01-13T13:00:00Z,90309.0
2026-01-13T14:00:00Z,85849.9
2026-01-13T15:00:00Z,85502.5
2026-01-13T16:00:00Z,83570.6
2026-01-13T17:00:00Z,77495.8
2026-01-13T18:00:00Z,76811.9
2026-01-13T19:00:00Z,72637.1
2026-01-13T20:00:00Z,70171.5
2026-01-13T21:00:00Z,66348.2
2026-01-13T22:00:00Z,66415.4
2026-01-13T23:00:00Z,63430.8
2026-01-14T00:00:00Z,64137.1
2026-01-14T01:00:00Z,64232.8
2026-01-14T02:00:00Z,63162.1
2026-01-14T03:00:00Z,64307.8
2026-01-14T04:00:00Z,69155.3
2026-01-14T05:00:00Z,73170.9
2026-01-14T06:00:00Z,76727.5
2026-01-14T07:00:00Z,79298.3
2026-01-14T08:00:00Z,85644.0
2026-01-14T09:00:00Z,85813.9
2026-01-14T10:00:00Z,89814.5
2026-01-14T11:00:00Z,87498.8
2026-01-14T12:00:00Z,90477.9
2026-01-14T13:00:00Z,89292.0
2026-01-14T14:00:00Z,89327.2
2026-01-14T15:00:00Z,88827.6
2026-01-14T16:00:00Z,82377.0
2026-01-14T17:00:00Z,79213.7
2026-01-14T18:00:00Z,76232.5
2026-01-14T19:00:00Z,72505.3
2026-01-14T20:00:00Z,69561.9
2026-01-14T21:00:00Z,66826.1
2026-01-14T22:00:00Z,63959.7
2026-01-14T23:00:00Z,63277.4
2026-01-15T00:00:00Z,62253.4
2026-01-15T01:00:00Z,64504.3
2026-01-15T02:00:00Z,63652.2
2026-01-15T03:00:00Z,67426.6
2026-01-15T04:00:00Z,69981.7
2026-01-15T05:00:00Z,72765.7
2026-01-15T06:00:00Z,77366.8
2026-01-15T07:00:00Z,77408.6
2026-01-15T08:00:00Z,83336.4
2026-01-15T09:00:00Z,84829.7
2026-01-15T10:00:00Z,85165.4
2026-01-15T11:00:00Z,88745.7
2026-01-15T12:00:00Z,90008.2
2026-01-15T13:00:00Z,86875.9
2026-01-15T14:00:00Z,88143.5
2026-01-15T15:00:00Z,84507.2
2026-01-15T16:00:00Z,81879.3
2026-01-15T17:00:00Z,81316.6
2026-01-15T18:00:00Z,77427.2
2026-01-15T19:00:00Z,73326.0
2026-01-15T20:00:00Z,69750.0
2026-01-15T21:00:00Z,65431.9
2026-01-15T22:00:00Z,66442.0
2026-01-15T23:00:00Z,64238.3
2026-01-16T00:00:00Z,63041.8
2026-01-16T01:00:00Z,64342.5
2026-01-16T02:00:00Z,64292.5
2026-01-16T03:00:00Z,66276.0
2026-01-16T04:00:00Z,69921.1
2026-01-16T05:00:00Z,73231.0
2026-01-16T06:00:00Z,77709.8
2026-01-16T07:00:00Z,78882.4
2026-01-16T08:00:00Z,84684.6
2026-01-16T09:00:00Z,85520.3
2026-01-16T10:00:00Z,88781.8
2026-01-16T11:00:00Z,89334.0
2026-01-16T12:00:00Z,87318.2
2026-01-16T13:00:00Z,88752.7
2026-01-16T14:00:00Z,87384.3
2026-01-16T15:00:00Z,84972.5
2026-01-16T16:00:00Z,85498.8
2026-01-16T17:00:00Z,78886.8
2026-01-16T18:00:00Z,76478.4
2026-01-16T19:00:00Z,73097.7
2026-01-16T20:00:00Z,68544.6
2026-01-16T21:00:00Z,64592.2
2026-01-16T22:00:00Z,62989.3
2026-01-16T23:00:00Z,64495.0
2026-01-17T00:00:00Z,57340.1
2026-01-17T01:00:00Z,59035.6
2026-01-17T02:00:00Z,60349.5
2026-01-17T03:00:00Z,60903.8
2026-01-17T04:00:00Z,65906.6
2026-01-17T05:00:00Z,68831.9
2026-01-17T06:00:00Z,70233.8
2026-01-17T07:00:00Z,74163.2
2026-01-17T08:00:00Z,78023.6
2026-01-17T09:00:00Z,82570.6
2026-01-17T10:00:00Z,82668.1
2026-01-17T11:00:00Z,82559.2
2026-01-17T12:00:00Z,87332.4
2026-01-17T13:00:00Z,83617.0
2026-01-17T14:00:00Z,82786.8
2026-01-17T15:00:00Z,80604.0
2026-01-17T16:00:00Z,76194.9
2026-01-17T17:00:00Z,76748.7
2026-01-17T18:00:00Z,72878.7
2026-01-17T19:00:00Z,69461.0
2026-01-17T20:00:00Z,65237.2
2026-01-17T21:00:00Z,65856.3
2026-01-17T22:00:00Z,58379.6
2026-01-17T23:00:00Z,58740.9
2026-01-18T00:00:00Z,57525.5
2026-01-18T01:00:00Z,55633.1
2026-01-18T02:00:00Z,58750.1
2026-01-18T03:00:00Z,61575.6
2026-01-18T04:00:00Z,64491.1
2026-01-18T05:00:00Z,67503.6
2026-01-18T06:00:00Z,71373.9
2026-01-18T07:00:00Z,75156.8
2026-01-18T08:00:00Z,77926.2
2026-01-18T09:00:00Z,82505.4
2026-01-18T10:00:00Z,83120.6
2026-01-18T11:00:00Z,86145.4
2026-01-18T12:00:00Z,86728.5
2026-01-18T13:00:00Z,84781.0
2026-01-18T14:00:00Z,82229.1
2026-01-18T15:00:00Z,81554.0
2026-01-18T16:00:00Z,79802.2
2026-01-18T17:00:00Z,72362.5
2026-01-18T18:00:00Z,71113.4
2026-01-18T19:00:00Z,70751.4
2026-01-18T20:00:00Z,64443.3
2026-01-18T21:00:00Z,61021.7
2026-01-18T22:00:00Z,58832.6
2026-01-18T23:00:00Z,57655.2
2026-01-19T00:00:00Z,60797.9
2026-01-19T01:00:00Z,60298.3
2026-01-19T02:00:00Z,63344.7
2026-01-19T03:00:00Z,65369.0
2026-01-19T04:00:00Z,66544.6
2026-01-19T05:00:00Z,72876.2
2026-01-19T06:00:00Z,76202.9
2026-01-19T07:00:00Z,77820.8
2026-01-19T08:00:00Z,81406.4
2026-01-19T09:00:00Z,85007.4
2026-01-19T10:00:00Z,86714.7
2026-01-19T11:00:00Z,88719.4
2026-01-19T12:00:00Z,89808.0
2026-01-19T13:00:00Z,89902.0
2026-01-19T14:00:00Z,87932.0
2026-01-19T15:00:00Z,84355.2
2026-01-19T16:00:00Z,81363.8
2026-01-19T17:00:00Z,76711.3
2026-01-19T18:00:00Z,75120.8
2026-01-19T19:00:00Z,73376.5
2026-01-19T20:00:00Z,68898.2
2026-01-19T21:00:00Z,64640.3
2026-01-19T22:00:00Z,63621.7
2026-01-19T23:00:00Z,61396.6
2026-01-20T00:00:00Z,61211.8
2026-01-20T01:00:00Z,60855.7
2026-01-20T02:00:00Z,64855.5
2026-01-20T03:00:00Z,62572.7
2026-01-20T04:00:00Z,66682.8
2026-01-20T05:00:00Z,71888.2
2026-01-20T06:00:00Z,72127.8
2026-01-20T07:00:00Z,77672.0
2026-01-20T08:00:00Z,79959.1
2026-01-20T09:00:00Z,84645.4
2026-01-20T10:00:00Z,86422.6
2026-01-20T11:00:00Z,87656.1
2026-01-20T12:00:00Z,88218.4
2026-01-20T13:00:00Z,87499.1
2026-01-20T14:00:00Z,88655.5
2026-01-20T15:00:00Z,83851.2
2026-01-20T16:00:00Z,80225.7
2026-01-20T17:00:00Z,78243.0
2026-01-20T18:00:00Z,72863.7
2026-01-20T19:00:00Z,69880.0
2026-01-20T20:00:00Z,69038.6
2026-01-20T21:00:00Z,65269.6
2026-01-20T22:00:00Z,62779.5
2026-01-20T23:00:00Z,62845.6
2026-01-21T00:00:00Z,59721.3
2026-01-21T01:00:00Z,59087.5
2026-01-21T02:00:00Z,63829.3
2026-01-21T03:00:00Z,64477.4
2026-01-21T04:00:00Z,70435.3
2026-01-21T05:00:00Z,69018.4
2026-01-21T06:00:00Z,74458.0
2026-01-21T07:00:00Z,77238.0
2026-01-21T08:00:00Z,81433.1
2026-01-21T09:00:00Z,83871.9
2026-01-21T10:00:00Z,85714.0
2026-01-21T11:00:00Z,89282.5
2026-01-21T12:00:00Z,89221.0
2026-01-21T13:00:00Z,87934.9
2026-01-21T14:00:00Z,86915.6
2026-01-21T15:00:00Z,84387.3
2026-01-21T16:00:00Z,79115.4
2026-01-21T17:00:00Z,76918.8
2026-01-21T18:00:00Z,74793.1
2026-01-21T19:00:00Z,71113.0
2026-01-21T20:00:00Z,69637.8
2026-01-21T21:00:00Z,63935.8
2026-01-21T22:00:00Z,62479.3
2026-01-21T23:00:00Z,61343.6
2026-01-22T00:00:00Z,60830.8
2026-01-22T01:00:00Z,62464.8
2026-01-22T02:00:00Z,61364.8
2026-01-22T03:00:00Z,65733.2
2026-01-22T04:00:00Z,67798.0
2026-01-22T05:00:00Z,68897.8
2026-01-22T06:00:00Z,72579.4
2026-01-22T07:00:00Z,77506.9
2026-01-22T08:00:00Z,82976.5
2026-01-22T09:00:00Z,84148.7
2026-01-22T10:00:00Z,86578.4
2026-01-22T11:00:00Z,87602.8
2026-01-22T12:00:00Z,86278.2
2026-01-22T13:00:00Z,86461.5
2026-01-22T14:00:00Z,83965.2
2026-01-22T15:00:00Z,84703.0
2026-01-22T16:00:00Z,80397.6
2026-01-22T17:00:00Z,79108.2
2026-01-22T18:00:00Z,74002.5
2026-01-22T19:00:00Z,68882.6
2026-01-22T20:00:00Z,66831.3
2026-01-22T21:00:00Z,65695.2
2026-01-22T22:00:00Z,61980.1
2026-01-22T23:00:00Z,61082.7
2026-01-23T00:00:00Z,58440.9
2026-01-23T01:00:00Z,60267.0
2026-01-23T02:00:00Z,62943.5
2026-01-23T03:00:00Z,64105.2
2026-01-23T04:00:00Z,67286.1
2026-01-23T05:00:00Z,70632.3
2026-01-23T06:00:00Z,72891.3
2026-01-23T07:00:00Z,77404.2
2026-01-23T08:00:00Z,80512.0
2026-01-23T09:00:00Z,82604.1
2026-01-23T10:00:00Z,87640.1
2026-01-23T11:00:00Z,88827.5
2026-01-23T12:00:00Z,88966.3
2026-01-23T13:00:00Z,86857.1
2026-01-23T14:00:00Z,83782.8
2026-01-23T15:00:00Z,84330.0
2026-01-23T16:00:00Z,79832.9
2026-01-23T17:00:00Z,78269.0
2026-01-23T18:00:00Z,73384.5
2026-01-23T19:00:00Z,69509.8
2026-01-23T20:00:00Z,64835.5
2026-01-23T21:00:00Z,64600.4
2026-01-23T22:00:00Z,62776.6
2026-01-23T23:00:00Z,61489.2
2026-01-24T00:00:00Z,57314.0
2026-01-24T01:00:00Z,54742.7
2026-01-24T02:00:00Z,58224.2
2026-01-24T03:00:00Z,61231.0
2026-01-24T04:00:00Z,64256.7
2026-01-24T05:00:00Z,64399.6
2026-01-24T06:00:00Z,70117.4
2026-01-24T07:00:00Z,74539.8
2026-01-24T08:00:00Z,77378.8
2026-01-24T09:00:00Z,78339.3
2026-01-24T10:00:00Z,82644.8
2026-01-24T11:00:00Z,83234.9
2026-01-24T12:00:00Z,85063.3
2026-01-24T13:00:00Z,82108.1
2026-01-24T14:00:00Z,81738.8
2026-01-24T15:00:00Z,79427.4
2026-01-24T16:00:00Z,77388.7
2026-01-24T17:00:00Z,71661.3
2026-01-24T18:00:00Z,69708.2
2026-01-24T19:00:00Z,64759.1
2026-01-24T20:00:00Z,62757.0
2026-01-24T21:00:00Z,59524.8
2026-01-24T22:00:00Z,57971.2
2026-01-24T23:00:00Z,57610.7
2026-01-25T00:00:00Z,56360.7
2026-01-25T01:00:00Z,56965.0
2026-01-25T02:00:00Z,58254.3
2026-01-25T03:00:00Z,59757.6
2026-01-25T04:00:00Z,61976.5
2026-01-25T05:00:00Z,66366.2
2026-01-25T06:00:00Z,67456.6
2026-01-25T07:00:00Z,73260.9
2026-01-25T08:00:00Z,75670.6
2026-01-25T09:00:00Z,78233.9
2026-01-25T10:00:00Z,81320.5
2026-01-25T11:00:00Z,82700.4
2026-01-25T12:00:00Z,81784.0
2026-01-25T13:00:00Z,82560.9
2026-01-25T14:00:00Z,81853.9
2026-01-25T15:00:00Z,78250.7
2026-01-25T16:00:00Z,77079.8
2026-01-25T17:00:00Z,71326.8
2026-01-25T18:00:00Z,68478.4
2026-01-25T19:00:00Z,66779.2
2026-01-25T20:00:00Z,62378.7
2026-01-25T21:00:00Z,59237.1
2026-01-25T22:00:00Z,58296.6
2026-01-25T23:00:00Z,57220.7
2026-01-26T00:00:00Z,59329.5
2026-01-26T01:00:00Z,60271.3
2026-01-26T02:00:00Z,61284.8
2026-01-26T03:00:00Z,62718.9
2026-01-26T04:00:00Z,66469.7
2026-01-26T05:00:00Z,69137.7
2026-01-26T06:00:00Z,70573.1
2026-01-26T07:00:00Z,75870.6
2026-01-26T08:00:00Z,80315.8
2026-01-26T09:00:00Z,82588.5
2026-01-26T10:00:00Z,84664.1
2026-01-26T11:00:00Z,85336.2
2026-01-26T12:00:00Z,84761.6
2026-01-26T13:00:00Z,84905.5
2026-01-26T14:00:00Z,83130.2
2026-01-26T15:00:00Z,80764.2
2026-01-26T16:00:00Z,80250.0
2026-01-26T17:00:00Z,75893.0
2026-01-26T18:00:00Z,71516.2
2026-01-26T19:00:00Z,69958.7
2026-01-26T20:00:00Z,67054.1
2026-01-26T21:00:00Z,61633.4
2026-01-26T22:00:00Z,61936.5
2026-01-26T23:00:00Z,58381.5
2026-01-27T00:00:00Z,62004.6
2026-01-27T01:00:00Z,59925.9
2026-01-27T02:00:00Z,58596.7
2026-01-27T03:00:00Z,64386.0
2026-01-27T04:00:00Z,64737.0
2026-01-27T05:00:00Z,69654.8
2026-01-27T06:00:00Z,74625.9
2026-01-27T07:00:00Z,77270.0
2026-01-27T08:00:00Z,77598.0
2026-01-27T09:00:00Z,82394.7
2026-01-27T10:00:00Z,83687.9
2026-01-27T11:00:00Z,86040.6
2026-01-27T12:00:00Z,85856.2
2026-01-27T13:00:00Z,85613.5
2026-01-27T14:00:00Z,86176.9
2026-01-27T15:00:00Z,81540.8
2026-01-27T16:00:00Z,80841.0
2026-01-27T17:00:00Z,75073.0
2026-01-27T18:00:00Z,72414.5
2026-01-27T19:00:00Z,67434.5
2026-01-27T20:00:00Z,67200.5
2026-01-27T21:00:00Z,63162.5
2026-01-27T22:00:00Z,59357.8
2026-01-27T23:00:00Z,59686.8
2026-01-28T00:00:00Z,58356.2
2026-01-28T01:00:00Z,58749.2
2026-01-28T02:00:00Z,60007.3
2026-01-28T03:00:00Z,63512.4
2026-01-28T04:00:00Z,64846.2
2026-01-28T05:00:00Z,70027.7
2026-01-28T06:00:00Z,73085.9
2026-01-28T07:00:00Z,76981.3
2026-01-28T08:00:00Z,80431.9
2026-01-28T09:00:00Z,82490.7
2026-01-28T10:00:00Z,83342.0
2026-01-28T11:00:00Z,86510.7
2026-01-28T12:00:00Z,84348.5
2026-01-28T13:00:00Z,84734.6
2026-01-28T14:00:00Z,85440.2
2026-01-28T15:00:00Z,79943.4
2026-01-28T16:00:00Z,78176.4
2026-01-28T17:00:00Z,74393.8
2026-01-28T18:00:00Z,72816.7
2026-01-28T19:00:00Z,67719.7
2026-01-28T20:00:00Z,65830.4
2026-01-28T21:00:00Z,62850.2
2026-01-28T22:00:00Z,62882.1
2026-01-28T23:00:00Z,61658.6
2026-01-29T00:00:00Z,57604.8
2026-01-29T01:00:00Z,58249.2
2026-01-29T02:00:00Z,60297.3
2026-01-29T03:00:00Z,62094.3
2026-01-29T04:00:00Z,64943.9
2026-01-29T05:00:00Z,68422.7
2026-01-29T06:00:00Z,73142.5
2026-01-29T07:00:00Z,77177.1
2026-01-29T08:00:00Z,77298.0
2026-01-29T09:00:00Z,82379.7
2026-01-29T10:00:00Z,84030.8
2026-01-29T11:00:00Z,84100.9
2026-01-29T12:00:00Z,85617.6
2026-01-29T13:00:00Z,84632.5
2026-01-29T14:00:00Z,83987.3
2026-01-29T15:00:00Z,81825.2
2026-01-29T16:00:00Z,76973.7
2026-01-29T17:00:00Z,75041.6
2026-01-29T18:00:00Z,72380.7
2026-01-29T19:00:00Z,67891.6
2026-01-29T20:00:00Z,61814.9
2026-01-29T21:00:00Z,64005.5
2026-01-29T22:00:00Z,60186.7
2026-01-29T23:00:00Z,59718.7
2026-01-30T00:00:00Z,57525.2
2026-01-30T01:00:00Z,57720.5
2026-01-30T02:00:00Z,61202.0
2026-01-30T03:00:00Z,62359.4
2026-01-30T04:00:00Z,64501.0
2026-01-30T05:00:00Z,68732.3
2026-01-30T06:00:00Z,71473.4
2026-01-30T07:00:00Z,75627.4
2026-01-30T08:00:00Z,79592.1
2026-01-30T09:00:00Z,81475.6
2026-01-30T10:00:00Z,83089.2
2026-01-30T11:00:00Z,85718.1
2026-01-30T12:00:00Z,86764.0
2026-01-30T13:00:00Z,85224.7
2026-01-30T14:00:00Z,83625.1
2026-01-30T15:00:00Z,81481.4
2026-01-30T16:00:00Z,77901.3
2026-01-30T17:00:00Z,76115.8
2026-01-30T18:00:00Z,71385.6
2026-01-30T19:00:00Z,67922.1
2026-01-30T20:00:00Z,65506.6
2026-01-30T21:00:00Z,63911.7
2026-01-30T22:00:00Z,61409.4
2026-01-30T23:00:00Z,57527.5
2026-01-31T00:00:00Z,55847.4
2026-01-31T01:00:00Z,55589.6
2026-01-31T02:00:00Z,56208.8
2026-01-31T03:00:00Z,59303.7
2026-01-31T04:00:00Z,61339.1
2026-01-31T05:00:00Z,66449.7
2026-01-31T06:00:00Z,66976.3
2026-01-31T07:00:00Z,72991.6
2026-01-31T08:00:00Z,74098.8
2026-01-31T09:00:00Z,77076.8
2026-01-31T10:00:00Z,80541.6
2026-01-31T11:00:00Z,78681.8
2026-01-31T12:00:00Z,82383.2
2026-01-31T13:00:00Z,82384.1
2026-01-31T14:00:00Z,77637.7
2026-01-31T15:00:00Z,76665.1
2026-01-31T16:00:00Z,75769.9
2026-01-31T17:00:00Z,70211.7
2026-01-31T18:00:00Z,66294.6
2026-01-31T19:00:00Z,66319.6
2026-01-31T20:00:00Z,60563.5
2026-01-31T21:00:00Z,60054.7
2026-01-31T22:00:00Z,57222.4
2026-01-31T23:00:00Z,55125.1
2026-02-01T00:00:00Z,53055.8
2026-02-01T01:00:00Z,55666.7
2026-02-01T02:00:00Z,56349.0
2026-02-01T03:00:00Z,57283.8
2026-02-01T04:00:00Z,59901.4
2026-02-01T05:00:00Z,63620.9
2026-02-01T06:00:00Z,66225.8
2026-02-01T07:00:00Z,70472.2
2026-02-01T08:00:00Z,74841.4
2026-02-01T09:00:00Z,76098.3
2026-02-01T10:00:00Z,78858.6
2026-02-01T11:00:00Z,80268.3
2026-02-01T12:00:00Z,80922.6
2026-02-01T13:00:00Z,79846.7
2026-02-01T14:00:00Z,79734.1
2026-02-01T15:00:00Z,78459.1
2026-02-01T16:00:00Z,72841.9
2026-02-01T17:00:00Z,70408.9
2026-02-01T18:00:00Z,67338.6
2026-02-01T19:00:00Z,65329.2
2026-02-01T20:00:00Z,60574.0
2026-02-01T21:00:00Z,57325.2
2026-02-01T22:00:00Z,56759.5
2026-02-01T23:00:00Z,54216.9
2026-02-02T00:00:00Z,56225.3
2026-02-02T01:00:00Z,58180.4
2026-02-02T02:00:00Z,59373.8
2026-02-02T03:00:00Z,60694.5
2026-02-02T04:00:00Z,62315.8
2026-02-02T05:00:00Z,66876.3
2026-02-02T06:00:00Z,71451.7
2026-02-02T07:00:00Z,74896.8
2026-02-02T08:00:00Z,76086.9
2026-02-02T09:00:00Z,79276.3
2026-02-02T10:00:00Z,83773.3
2026-02-02T11:00:00Z,82024.9
2026-02-02T12:00:00Z,85557.8
2026-02-02T13:00:00Z,84846.2
2026-02-02T14:00:00Z,85031.6
2026-02-02T15:00:00Z,78711.2
2026-02-02T16:00:00Z,78731.8
2026-02-02T17:00:00Z,73827.1
2026-02-02T18:00:00Z,71034.5
2026-02-02T19:00:00Z,66306.1
2026-02-02T20:00:00Z,65258.5
2026-02-02T21:00:00Z,62035.9
2026-02-02T22:00:00Z,57938.3
2026-02-02T23:00:00Z,56242.9
2026-02-03T00:00:00Z,57527.0
2026-02-03T01:00:00Z,57083.9
2026-02-03T02:00:00Z,59204.0
2026-02-03T03:00:00Z,61343.9
2026-02-03T04:00:00Z,64347.8
2026-02-03T05:00:00Z,67297.4
2026-02-03T06:00:00Z,70148.2
2026-02-03T07:00:00Z,75377.4
2026-02-03T08:00:00Z,78343.7
2026-02-03T09:00:00Z,80282.0
2026-02-03T10:00:00Z,82914.3
2026-02-03T11:00:00Z,83823.4
2026-02-03T12:00:00Z,84176.7
2026-02-03T13:00:00Z,83280.2
2026-02-03T14:00:00Z,84034.2
2026-02-03T15:00:00Z,79726.2
2026-02-03T16:00:00Z,79050.1
2026-02-03T17:00:00Z,74996.8
2026-02-03T18:00:00Z,71387.3
2026-02-03T19:00:00Z,68010.1
2026-02-03T20:00:00Z,64444.9
2026-02-03T21:00:00Z,59709.1
2026-02-03T22:00:00Z,57290.6
2026-02-03T23:00:00Z,56759.6
2026-02-04T00:00:00Z,56211.4
2026-02-04T01:00:00Z,57294.4
2026-02-04T02:00:00Z,58509.5
2026-02-04T03:00:00Z,61219.0
2026-02-04T04:00:00Z,61726.9
2026-02-04T05:00:00Z,67054.0
2026-02-04T06:00:00Z,69569.0
2026-02-04T07:00:00Z,73117.0
2026-02-04T08:00:00Z,76374.1
2026-02-04T09:00:00Z,79949.0
2026-02-04T10:00:00Z,81072.1
2026-02-04T11:00:00Z,84259.4
2026-02-04T12:00:00Z,84751.5
2026-02-04T13:00:00Z,82658.1
2026-02-04T14:00:00Z,81305.0
2026-02-04T15:00:00Z,79920.5
2026-02-04T16:00:00Z,78493.3
2026-02-04T17:00:00Z,74565.8
2026-02-04T18:00:00Z,69566.7
2026-02-04T19:00:00Z,66710.3
2026-02-04T20:00:00Z,62171.6
2026-02-04T21:00:00Z,60210.7
2026-02-04T22:00:00Z,57352.9
2026-02-04T23:00:00Z,57825.6
2026-02-05T00:00:00Z,56199.9
2026-02-05T01:00:00Z,56875.3
2026-02-05T02:00:00Z,56502.2
2026-02-05T03:00:00Z,59925.5
2026-02-05T04:00:00Z,62808.4
2026-02-05T05:00:00Z,67771.6
2026-02-05T06:00:00Z,68138.2
2026-02-05T07:00:00Z,72483.0
2026-02-05T08:00:00Z,75736.0
2026-02-05T09:00:00Z,80110.0
2026-02-05T10:00:00Z,81116.5
2026-02-05T11:00:00Z,84497.2
2026-02-05T12:00:00Z,85384.9
2026-02-05T13:00:00Z,80986.7
2026-02-05T14:00:00Z,83264.2
2026-02-05T15:00:00Z,80462.6
2026-02-05T16:00:00Z,77769.9
2026-02-05T17:00:00Z,74198.3
2026-02-05T18:00:00Z,69797.3
2026-02-05T19:00:00Z,66033.8
2026-02-05T20:00:00Z,62661.7
2026-02-05T21:00:00Z,59521.5
2026-02-05T22:00:00Z,58683.9
2026-02-05T23:00:00Z,56922.2
2026-02-06T00:00:00Z,56486.5
2026-02-06T01:00:00Z,56913.1
2026-02-06T02:00:00Z,56211.1
2026-02-06T03:00:00Z,60175.7
2026-02-06T04:00:00Z,62214.2
2026-02-06T05:00:00Z,65324.3
2026-02-06T06:00:00Z,69775.7
2026-02-06T07:00:00Z,74318.4
2026-02-06T08:00:00Z,76370.6
2026-02-06T09:00:00Z,79755.7
2026-02-06T10:00:00Z,83367.9
2026-02-06T11:00:00Z,83749.5
2026-02-06T12:00:00Z,84083.2
2026-02-06T13:00:00Z,82196.5
2026-02-06T14:00:00Z,82620.4
2026-02-06T15:00:00Z,79118.8
2026-02-06T16:00:00Z,78403.3
2026-02-06T17:00:00Z,75635.5
2026-02-06T18:00:00Z,69150.2
2026-02-06T19:00:00Z,66744.5
2026-02-06T20:00:00Z,63361.1
2026-02-06T21:00:00Z,62074.3
2026-02-06T22:00:00Z,56760.0
2026-02-06T23:00:00Z,58192.6
2026-02-07T00:00:00Z,53601.3
2026-02-07T01:00:00Z,52961.3
2026-02-07T02:00:00Z,54837.7
2026-02-07T03:00:00Z,56264.4
2026-02-07T04:00:00Z,59546.0
2026-02-07T05:00:00Z,62268.0
2026-02-07T06:00:00Z,64410.1
2026-02-07T07:00:00Z,68844.7
2026-02-07T08:00:00Z,72157.7
2026-02-07T09:00:00Z,76180.1
2026-02-07T10:00:00Z,77232.9
2026-02-07T11:00:00Z,79595.0
2026-02-07T12:00:00Z,80692.9
2026-02-07T13:00:00Z,78634.9
2026-02-07T14:00:00Z,78287.9
2026-02-07T15:00:00Z,74062.2
2026-02-07T16:00:00Z,72885.3
2026-02-07T17:00:00Z,70598.7
2026-02-07T18:00:00Z,67022.9
2026-02-07T19:00:00Z,66397.1
2026-02-07T20:00:00Z,58593.0
2026-02-07T21:00:00Z,56490.1
2026-02-07T22:00:00Z,54283.0
2026-02-07T23:00:00Z,52099.7
2026-02-08T00:00:00Z,52073.4
2026-02-08T01:00:00Z,51176.1
2026-02-08T02:00:00Z,53597.9
2026-02-08T03:00:00Z,59429.6
2026-02-08T04:00:00Z,58053.2
2026-02-08T05:00:00Z,63208.3
2026-02-08T06:00:00Z,67176.3
2026-02-08T07:00:00Z,70817.5
2026-02-08T08:00:00Z,73193.5
2026-02-08T09:00:00Z,75612.0
2026-02-08T10:00:00Z,78412.6
2026-02-08T11:00:00Z,79912.0
2026-02-08T12:00:00Z,77552.5
2026-02-08T13:00:00Z,80447.7
2026-02-08T14:00:00Z,77555.3
2026-02-08T15:00:00Z,76353.0
2026-02-08T16:00:00Z,73600.2
2026-02-08T17:00:00Z,69598.1
2026-02-08T18:00:00Z,64350.3
2026-02-08T19:00:00Z,60209.7
2026-02-08T20:00:00Z,59878.4
2026-02-08T21:00:00Z,55324.8
2026-02-08T22:00:00Z,52233.2
2026-02-08T23:00:00Z,51937.9
2026-02-09T00:00:00Z,55541.1
2026-02-09T01:00:00Z,57774.5
2026-02-09T02:00:00Z,56149.7
2026-02-09T03:00:00Z,60040.3
2026-02-09T04:00:00Z,62505.7
2026-02-09T05:00:00Z,65097.6
2026-02-09T06:00:00Z,67965.0
2026-02-09T07:00:00Z,74232.4
2026-02-09T08:00:00Z,75664.8
2026-02-09T09:00:00Z,79044.6
2026-02-09T10:00:00Z,80580.3
2026-02-09T11:00:00Z,84272.6
2026-02-09T12:00:00Z,83037.3
2026-02-09T13:00:00Z,81722.1
2026-02-09T14:00:00Z,81884.5
2026-02-09T15:00:00Z,78886.0
2026-02-09T16:00:00Z,74780.0
2026-02-09T17:00:00Z,70942.6
2026-02-09T18:00:00Z,68429.6
2026-02-09T19:00:00Z,64977.9
2026-02-09T20:00:00Z,60536.9
2026-02-09T21:00:00Z,57134.0
2026-02-09T22:00:00Z,57457.1
2026-02-09T23:00:00Z,56010.5
2026-02-10T00:00:00Z,55885.7
2026-02-10T01:00:00Z,54316.3
2026-02-10T02:00:00Z,56985.7
2026-02-10T03:00:00Z,59253.7
2026-02-10T04:00:00Z,61567.0
2026-02-10T05:00:00Z,64252.0
2026-02-10T06:00:00Z,68761.7
2026-02-10T07:00:00Z,71663.2
2026-02-10T08:00:00Z,74823.4
2026-02-10T09:00:00Z,77922.6
2026-02-10T10:00:00Z,79403.7
2026-02-10T11:00:00Z,80700.3
2026-02-10T12:00:00Z,82118.3
2026-02-10T13:00:00Z,81832.0
2026-02-10T14:00:00Z,81281.3
2026-02-10T15:00:00Z,78034.2
2026-02-10T16:00:00Z,74588.4
2026-02-10T17:00:00Z,70918.5
2026-02-10T18:00:00Z,69736.6
2026-02-10T19:00:00Z,64602.7
2026-02-10T20:00:00Z,60728.6
2026-02-10T21:00:00Z,60758.8
2026-02-10T22:00:00Z,58138.9
2026-02-10T23:00:00Z,54986.0
2026-02-11T00:00:00Z,54804.3
2026-02-11T01:00:00Z,54419.5
2026-02-11T02:00:00Z,56579.9
2026-02-11T03:00:00Z,60461.7
2026-02-11T04:00:00Z,61572.7
2026-02-11T05:00:00Z,66142.2
2026-02-11T06:00:00Z,69969.1
2026-02-11T07:00:00Z,69939.4
2026-02-11T08:00:00Z,74467.0
2026-02-11T09:00:00Z,79608.1
2026-02-11T10:00:00Z,79593.7
2026-02-11T11:00:00Z,80937.8
2026-02-11T12:00:00Z,81250.3
2026-02-11T13:00:00Z,82619.0
2026-02-11T14:00:00Z,80142.6
2026-02-11T15:00:00Z,80870.1
2026-02-11T16:00:00Z,75636.7
2026-02-11T17:00:00Z,69704.5
2026-02-11T18:00:00Z,67122.7
2026-02-11T19:00:00Z,65177.4
2026-02-11T20:00:00Z,63874.1
2026-02-11T21:00:00Z,60032.8
2026-02-11T22:00:00Z,56028.5
2026-02-11T23:00:00Z,54787.0
2026-02-12T00:00:00Z,52895.0
2026-02-12T01:00:00Z,56314.6
2026-02-12T02:00:00Z,54676.3
2026-02-12T03:00:00Z,59549.2
2026-02-12T04:00:00Z,62538.0
2026-02-12T05:00:00Z,65225.8
2026-02-12T06:00:00Z,69586.9
2026-02-12T07:00:00Z,74267.3
2026-02-12T08:00:00Z,74196.2
2026-02-12T09:00:00Z,79886.7
2026-02-12T10:00:00Z,77662.0
2026-02-12T11:00:00Z,80980.4
2026-02-12T12:00:00Z,81650.6
2026-02-12T13:00:00Z,81319.7
2026-02-12T14:00:00Z,81357.5
2026-02-12T15:00:00Z,77658.8
2026-02-12T16:00:00Z,74049.6
2026-02-12T17:00:00Z,70725.3
2026-02-12T18:00:00Z,67875.0
2026-02-12T19:00:00Z,65392.0
2026-02-12T20:00:00Z,60287.5
2026-02-12T21:00:00Z,57886.4
2026-02-12T22:00:00Z,55794.2
2026-02-12T23:00:00Z,55725.5
2026-02-13T00:00:00Z,54809.8
2026-02-13T01:00:00Z,53645.8
2026-02-13T02:00:00Z,54904.7
2026-02-13T03:00:00Z,57599.5
2026-02-13T04:00:00Z,61586.8
2026-02-13T05:00:00Z,65959.6
2026-02-13T06:00:00Z,68165.7
2026-02-13T07:00:00Z,70752.4
2026-02-13T08:00:00Z,77192.3
2026-02-13T09:00:00Z,78529.9
2026-02-13T10:00:00Z,77073.2
2026-02-13T11:00:00Z,81883.3
2026-02-13T12:00:00Z,82899.3
2026-02-13T13:00:00Z,82347.0
2026-02-13T14:00:00Z,79161.3
2026-02-13T15:00:00Z,75811.2
2026-02-13T16:00:00Z,74901.3
2026-02-13T17:00:00Z,72286.3
2026-02-13T18:00:00Z,68647.7
2026-02-13T19:00:00Z,64909.0
2026-02-13T20:00:00Z,60430.4
2026-02-13T21:00:00Z,58548.5
2026-02-13T22:00:00Z,56217.8
2026-02-13T23:00:00Z,54341.0
2026-02-14T00:00:00Z,52493.5
2026-02-14T01:00:00Z,50553.5
2026-02-14T02:00:00Z,51929.8
2026-02-14T03:00:00Z,56510.8
2026-02-14T04:00:00Z,56752.7
2026-02-14T05:00:00Z,59995.5
2026-02-14T06:00:00Z,63839.5
2026-02-14T07:00:00Z,66036.4
2026-02-14T08:00:00Z,71447.0
2026-02-14T09:00:00Z,73145.3
2026-02-14T10:00:00Z,75960.0
2026-02-14T11:00:00Z,78314.2
2026-02-14T12:00:00Z,76837.5
2026-02-14T13:00:00Z,76504.4
2026-02-14T14:00:00Z,73884.0
2026-02-14T15:00:00Z,74410.2
2026-02-14T16:00:00Z,70179.9
2026-02-14T17:00:00Z,68362.8
2026-02-14T18:00:00Z,63827.5
2026-02-14T19:00:00Z,59808.1
2026-02-14T20:00:00Z,56182.9
2026-02-14T21:00:00Z,55690.3
2026-02-14T22:00:00Z,52918.2
2026-02-14T23:00:00Z,52020.8
2026-02-15T00:00:00Z,50047.3
2026-02-15T01:00:00Z,49014.9
2026-02-15T02:00:00Z,51801.1
2026-02-15T03:00:00Z,54825.2
2026-02-15T04:00:00Z,57727.9
2026-02-15T05:00:00Z,61226.0
2026-02-15T06:00:00Z,64954.9
2026-02-15T07:00:00Z,68327.9
2026-02-15T08:00:00Z,72410.0
2026-02-15T09:00:00Z,71370.2
2026-02-15T10:00:00Z,76291.8
2026-02-15T11:00:00Z,77608.2
2026-02-15T12:00:00Z,78280.8
2026-02-15T13:00:00Z,77031.7
2026-02-15T14:00:00Z,74709.4
2026-02-15T15:00:00Z,73677.3
2026-02-15T16:00:00Z,71465.8
2026-02-15T17:00:00Z,67440.5
2026-02-15T18:00:00Z,65029.0
2026-02-15T19:00:00Z,61344.6
2026-02-15T20:00:00Z,54653.5
2026-02-15T21:00:00Z,56856.5
2026-02-15T22:00:00Z,50832.9
2026-02-15T23:00:00Z,53472.2
2026-02-16T00:00:00Z,54640.3
2026-02-16T01:00:00Z,53544.0
2026-02-16T02:00:00Z,55921.2
2026-02-16T03:00:00Z,57642.0
2026-02-16T04:00:00Z,61228.7
2026-02-16T05:00:00Z,62217.5
2026-02-16T06:00:00Z,66968.1
2026-02-16T07:00:00Z,68139.7
2026-02-16T08:00:00Z,74093.3
2026-02-16T09:00:00Z,76333.5
2026-02-16T10:00:00Z,77798.3
2026-02-16T11:00:00Z,79256.6
2026-02-16T12:00:00Z,80668.5
2026-02-16T13:00:00Z,79734.8
2026-02-16T14:00:00Z,78864.7
2026-02-16T15:00:00Z,76317.1
2026-02-16T16:00:00Z,73438.2
2026-02-16T17:00:00Z,70070.2
2026-02-16T18:00:00Z,68514.5
2026-02-16T19:00:00Z,63348.3
2026-02-16T20:00:00Z,60501.0
2026-02-16T21:00:00Z,58543.6
2026-02-16T22:00:00Z,57046.9
2026-02-16T23:00:00Z,52595.9
2026-02-17T00:00:00Z,53095.8
2026-02-17T01:00:00Z,52866.2
2026-02-17T02:00:00Z,55515.0
2026-02-17T03:00:00Z,57661.9
2026-02-17T04:00:00Z,58380.2
2026-02-17T05:00:00Z,62403.5
2026-02-17T06:00:00Z,66152.2
2026-02-17T07:00:00Z,71599.8
2026-02-17T08:00:00Z,71424.3
2026-02-17T09:00:00Z,77250.7
2026-02-17T10:00:00Z,78838.0
2026-02-17T11:00:00Z,79489.1
2026-02-17T12:00:00Z,80801.3
2026-02-17T13:00:00Z,79356.9
2026-02-17T14:00:00Z,80980.2
2026-02-17T15:00:00Z,76751.6
2026-02-17T16:00:00Z,73292.7
2026-02-17T17:00:00Z,71835.4
2026-02-17T18:00:00Z,67145.7
2026-02-17T19:00:00Z,62582.1
2026-02-17T20:00:00Z,60020.0
2026-02-17T21:00:00Z,57928.4
2026-02-17T22:00:00Z,55404.7
2026-02-17T23:00:00Z,54247.7
2026-02-18T00:00:00Z,53553.4
2026-02-18T01:00:00Z,54519.1
2026-02-18T02:00:00Z,55006.1
2026-02-18T03:00:00Z,59314.9
2026-02-18T04:00:00Z,60703.0
2026-02-18T05:00:00Z,64703.6
2026-02-18T06:00:00Z,66869.0
2026-02-18T07:00:00Z,69596.4
2026-02-18T08:00:00Z,73570.4
2026-02-18T09:00:00Z,76633.8
2026-02-18T10:00:00Z,77965.2
2026-02-18T11:00:00Z,76640.9
2026-02-18T12:00:00Z,79762.0
2026-02-18T13:00:00Z,81232.4
2026-02-18T14:00:00Z,80354.9
2026-02-18T15:00:00Z,78114.6
2026-02-18T16:00:00Z,73202.0
2026-02-18T17:00:00Z,69913.2
2026-02-18T18:00:00Z,68771.0
2026-02-18T19:00:00Z,64136.3
2026-02-18T20:00:00Z,58716.7
2026-02-18T21:00:00Z,55992.0
2026-02-18T22:00:00Z,54047.8
2026-02-18T23:00:00Z,53035.2
2026-02-19T00:00:00Z,50289.0
2026-02-19T01:00:00Z,52594.4
2026-02-19T02:00:00Z,54115.4
2026-02-19T03:00:00Z,57723.2
2026-02-19T04:00:00Z,59436.1
2026-02-19T05:00:00Z,61103.5
2026-02-19T06:00:00Z,66961.1
2026-02-19T07:00:00Z,71146.6
2026-02-19T08:00:00Z,75340.6
2026-02-19T09:00:00Z,77275.0
2026-02-19T10:00:00Z,79327.2
2026-02-19T11:00:00Z,81656.4
2026-02-19T12:00:00Z,78757.8
2026-02-19T13:00:00Z,81721.7
2026-02-19T14:00:00Z,80452.5
2026-02-19T15:00:00Z,75357.7
2026-02-19T16:00:00Z,74671.9
2026-02-19T17:00:00Z,68561.4
2026-02-19T18:00:00Z,69909.1
2026-02-19T19:00:00Z,64079.1
2026-02-19T20:00:00Z,59826.0
2026-02-19T21:00:00Z,55970.7
2026-02-19T22:00:00Z,55003.0
2026-02-19T23:00:00Z,54369.3
2026-02-20T00:00:00Z,52856.4
2026-02-20T01:00:00Z,54543.1
2026-02-20T02:00:00Z,55019.3
2026-02-20T03:00:00Z,56186.6
2026-02-20T04:00:00Z,60793.9
2026-02-20T05:00:00Z,66427.9
2026-02-20T06:00:00Z,63993.7
2026-02-20T07:00:00Z,69974.6
2026-02-20T08:00:00Z,74323.2
2026-02-20T09:00:00Z,75278.2
2026-02-20T10:00:00Z,76919.4
2026-02-20T11:00:00Z,78647.5
2026-02-20T12:00:00Z,80116.7
2026-02-20T13:00:00Z,78258.0
2026-02-20T14:00:00Z,76075.4
2026-02-20T15:00:00Z,74336.1
2026-02-20T16:00:00Z,73379.8
2026-02-20T17:00:00Z,69642.2
2026-02-20T18:00:00Z,67424.9
2026-02-20T19:00:00Z,62958.7
2026-02-20T20:00:00Z,58217.5
2026-02-20T21:00:00Z,55923.9
2026-02-20T22:00:00Z,53610.0
2026-02-20T23:00:00Z,54150.1
2026-02-21T00:00:00Z,48636.3
2026-02-21T01:00:00Z,48984.8
2026-02-21T02:00:00Z,50907.4
2026-02-21T03:00:00Z,53356.4
2026-02-21T04:00:00Z,54711.9
2026-02-21T05:00:00Z,57175.7
2026-02-21T06:00:00Z,62196.0
2026-02-21T07:00:00Z,65298.8
2026-02-21T08:00:00Z,69509.3
2026-02-21T09:00:00Z,70368.7
2026-02-21T10:00:00Z,75652.1
2026-02-21T11:00:00Z,75297.7
2026-02-21T12:00:00Z,77355.1
2026-02-21T13:00:00Z,76021.4
2026-02-21T14:00:00Z,73943.8
2026-02-21T15:00:00Z,70864.3
2026-02-21T16:00:00Z,68922.3
2026-02-21T17:00:00Z,64835.5
2026-02-21T18:00:00Z,64245.8
2026-02-21T19:00:00Z,57898.2
2026-02-21T20:00:00Z,55595.4
2026-02-21T21:00:00Z,51848.0
2026-02-21T22:00:00Z,49862.6
2026-02-21T23:00:00Z,49410.8
2026-02-22T00:00:00Z,50915.5
2026-02-22T01:00:00Z,47690.3
2026-02-22T02:00:00Z,50432.8
2026-02-22T03:00:00Z,53736.1
2026-02-22T04:00:00Z,55326.8
2026-02-22T05:00:00Z,58045.9
2026-02-22T06:00:00Z,65366.9
2026-02-22T07:00:00Z,66025.1
2026-02-22T08:00:00Z,68206.1
2026-02-22T09:00:00Z,69807.0
2026-02-22T10:00:00Z,72775.1
2026-02-22T11:00:00Z,74543.0
2026-02-22T12:00:00Z,76765.6
2026-02-22T13:00:00Z,75236.7
2026-02-22T14:00:00Z,72933.5
2026-02-22T15:00:00Z,73641.3
2026-02-22T16:00:00Z,70181.5
2026-02-22T17:00:00Z,65138.1
2026-02-22T18:00:00Z,63124.4
2026-02-22T19:00:00Z,58636.5
2026-02-22T20:00:00Z,54723.0
2026-02-22T21:00:00Z,51293.1
2026-02-22T22:00:00Z,50105.6
2026-02-22T23:00:00Z,49111.0
2026-02-23T00:00:00Z,52418.1
2026-02-23T01:00:00Z,52725.1
2026-02-23T02:00:00Z,55074.6
2026-02-23T03:00:00Z,57747.9
2026-02-23T04:00:00Z,58820.9
2026-02-23T05:00:00Z,62882.3
2026-02-23T06:00:00Z,67069.4
2026-02-23T07:00:00Z,68866.7
2026-02-23T08:00:00Z,71619.0
2026-02-23T09:00:00Z,72891.0
2026-02-23T10:00:00Z,77104.4
2026-02-23T11:00:00Z,76301.1
2026-02-23T12:00:00Z,78058.9
2026-02-23T13:00:00Z,79201.8
2026-02-23T14:00:00Z,78322.2
2026-02-23T15:00:00Z,73740.6
2026-02-23T16:00:00Z,70031.6
2026-02-23T17:00:00Z,67578.8
2026-02-23T18:00:00Z,65995.0
2026-02-23T19:00:00Z,64486.4
2026-02-23T20:00:00Z,58718.5
2026-02-23T21:00:00Z,53715.2
2026-02-23T22:00:00Z,52548.9
2026-02-23T23:00:00Z,53868.3
2026-02-24T00:00:00Z,52302.3
2026-02-24T01:00:00Z,53015.8
2026-02-24T02:00:00Z,53490.0
2026-02-24T03:00:00Z,55706.2
2026-02-24T04:00:00Z,56272.3
2026-02-24T05:00:00Z,62918.9
2026-02-24T06:00:00Z,67247.3
2026-02-24T07:00:00Z,68172.3
2026-02-24T08:00:00Z,71291.3
2026-02-24T09:00:00Z,74881.8
2026-02-24T10:00:00Z,76720.6
2026-02-24T11:00:00Z,77051.3
2026-02-24T12:00:00Z,77652.4
2026-02-24T13:00:00Z,78765.9
2026-02-24T14:00:00Z,78495.2
2026-02-24T15:00:00Z,74304.3
2026-02-24T16:00:00Z,70472.3
2026-02-24T17:00:00Z,69412.2
2026-02-24T18:00:00Z,66677.6
2026-02-24T19:00:00Z,61083.9
2026-02-24T20:00:00Z,57340.4
2026-02-24T21:00:00Z,55164.9
2026-02-24T22:00:00Z,53344.2
2026-02-24T23:00:00Z,54002.0
2026-02-25T00:00:00Z,50403.9
2026-02-25T01:00:00Z,52464.8
2026-02-25T02:00:00Z,53938.7
2026-02-25T03:00:00Z,55077.7
2026-02-25T04:00:00Z,60401.8
2026-02-25T05:00:00Z,62389.4
2026-02-25T06:00:00Z,64487.2
2026-02-25T07:00:00Z,68364.0
2026-02-25T08:00:00Z,72013.4
2026-02-25T09:00:00Z,76653.5
2026-02-25T10:00:00Z,76565.1
2026-02-25T11:00:00Z,79121.1
2026-02-25T12:00:00Z,79242.6
2026-02-25T13:00:00Z,77116.9
2026-02-25T14:00:00Z,77310.4
2026-02-25T15:00:00Z,73559.4
2026-02-25T16:00:00Z,71477.4
2026-02-25T17:00:00Z,68523.6
2026-02-25T18:00:00Z,65855.8
2026-02-25T19:00:00Z,61534.0
2026-02-25T20:00:00Z,57911.6
2026-02-25T21:00:00Z,54939.5
2026-02-25T22:00:00Z,52912.4
2026-02-25T23:00:00Z,52261.6
2026-02-26T00:00:00Z,49849.3
2026-02-26T01:00:00Z,51029.1
2026-02-26T02:00:00Z,53175.6
2026-02-26T03:00:00Z,52543.3
2026-02-26T04:00:00Z,58896.2
2026-02-26T05:00:00Z,62405.8
2026-02-26T06:00:00Z,64128.7
2026-02-26T07:00:00Z,68370.4
2026-02-26T08:00:00Z,71621.0
2026-02-26T09:00:00Z,74034.0
2026-02-26T10:00:00Z,76856.2
2026-02-26T11:00:00Z,76709.7
2026-02-26T12:00:00Z,79374.5
2026-02-26T13:00:00Z,77278.2
2026-02-26T14:00:00Z,77892.6
2026-02-26T15:00:00Z,77580.5
2026-02-26T16:00:00Z,72031.8
2026-02-26T17:00:00Z,69012.3
2026-02-26T18:00:00Z,65287.4
2026-02-26T19:00:00Z,61306.5
2026-02-26T20:00:00Z,58951.9
2026-02-26T21:00:00Z,56532.7
2026-02-26T22:00:00Z,52583.7
2026-02-26T23:00:00Z,53359.7
2026-02-27T00:00:00Z,50883.0
2026-02-27T01:00:00Z,53312.7
2026-02-27T02:00:00Z,52757.1
2026-02-27T03:00:00Z,52752.4
2026-02-27T04:00:00Z,57474.7
2026-02-27T05:00:00Z,60153.7
2026-02-27T06:00:00Z,64494.6
2026-02-27T07:00:00Z,69181.0
2026-02-27T08:00:00Z,70728.1
2026-02-27T09:00:00Z,73561.6
2026-02-27T10:00:00Z,76648.0
2026-02-27T11:00:00Z,76227.1
2026-02-27T12:00:00Z,77763.3
2026-02-27T13:00:00Z,79304.1
2026-02-27T14:00:00Z,78144.6
2026-02-27T15:00:00Z,73677.0
2026-02-27T16:00:00Z,71080.2
2026-02-27T17:00:00Z,69086.1
2026-02-27T18:00:00Z,66126.6
2026-02-27T19:00:00Z,60813.9
2026-02-27T20:00:00Z,56963.7
2026-02-27T21:00:00Z,54327.3
2026-02-27T22:00:00Z,54336.4
2026-02-27T23:00:00Z,52246.5
2026-02-28T00:00:00Z,46284.1
2026-02-28T01:00:00Z,49510.8
2026-02-28T02:00:00Z,48665.8
2026-02-28T03:00:00Z,50262.9
2026-02-28T04:00:00Z,55172.8
2026-02-28T05:00:00Z,58444.4
2026-02-28T06:00:00Z,59997.9
2026-02-28T07:00:00Z,63677.0
2026-02-28T08:00:00Z,68265.0
2026-02-28T09:00:00Z,70007.8
2026-02-28T10:00:00Z,73931.7
2026-02-28T11:00:00Z,74841.8
2026-02-28T12:00:00Z,73754.8
2026-02-28T13:00:00Z,70697.7
2026-02-28T14:00:00Z,72605.8
2026-02-28T15:00:00Z,70318.6
2026-02-28T16:00:00Z,70042.2
2026-02-28T17:00:00Z,63120.5
2026-02-28T18:00:00Z,60624.7
2026-02-28T19:00:00Z,59095.5
2026-02-28T20:00:00Z,53769.9
2026-02-28T21:00:00Z,52269.2
2026-02-28T22:00:00Z,49304.1
2026-02-28T23:00:00Z,47620.8
2026-03-01T00:00:00Z,47742.0
2026-03-01T01:00:00Z,47013.8
2026-03-01T02:00:00Z,47828.5
2026-03-01T03:00:00Z,51528.9
2026-03-01T04:00:00Z,53422.7
2026-03-01T05:00:00Z,57556.6
2026-03-01T06:00:00Z,62096.3
2026-03-01T07:00:00Z,65048.2
2026-03-01T08:00:00Z,66059.9
2026-03-01T09:00:00Z,69125.6
2026-03-01T10:00:00Z,70773.7
2026-03-01T11:00:00Z,73068.0
2026-03-01T12:00:00Z,73304.8
2026-03-01T13:00:00Z,74200.4
2026-03-01T14:00:00Z,73720.6
2026-03-01T15:00:00Z,70645.2
2026-03-01T16:00:00Z,65025.5
2026-03-01T17:00:00Z,63777.8
2026-03-01T18:00:00Z,60614.3
2026-03-01T19:00:00Z,58528.0
2026-03-01T20:00:00Z,54288.5
2026-03-01T21:00:00Z,51855.4
2026-03-01T22:00:00Z,49109.6
2026-03-01T23:00:00Z,45769.4
2026-03-02T00:00:00Z,51138.9
2026-03-02T01:00:00Z,52189.2
2026-03-02T02:00:00Z,51115.3
2026-03-02T03:00:00Z,56511.0
2026-03-02T04:00:00Z,59939.4
2026-03-02T05:00:00Z,59650.2
2026-03-02T06:00:00Z,63411.9
2026-03-02T07:00:00Z,66437.7
2026-03-02T08:00:00Z,71213.7
2026-03-02T09:00:00Z,72763.9
2026-03-02T10:00:00Z,77849.4
2026-03-02T11:00:00Z,76602.8
2026-03-02T12:00:00Z,77660.7
2026-03-02T13:00:00Z,78043.1
2026-03-02T14:00:00Z,75421.6
2026-03-02T15:00:00Z,75558.7
2026-03-02T16:00:00Z,70875.3
2026-03-02T17:00:00Z,67871.9
2026-03-02T18:00:00Z,64981.7
2026-03-02T19:00:00Z,59147.2
2026-03-02T20:00:00Z,57543.7
2026-03-02T21:00:00Z,53826.3
2026-03-02T22:00:00Z,52654.0
2026-03-02T23:00:00Z,49769.8
2026-03-03T00:00:00Z,51925.3
2026-03-03T01:00:00Z,51529.3
2026-03-03T02:00:00Z,51764.2
2026-03-03T03:00:00Z,54183.7
2026-03-03T04:00:00Z,55276.3
2026-03-03T05:00:00Z,60911.6
2026-03-03T06:00:00Z,62547.5
2026-03-03T07:00:00Z,68377.7
2026-03-03T08:00:00Z,69892.8
2026-03-03T09:00:00Z,75384.8
2026-03-03T10:00:00Z,75328.1
2026-03-03T11:00:00Z,76391.5
2026-03-03T12:00:00Z,78743.5
2026-03-03T13:00:00Z,76843.8
2026-03-03T14:00:00Z,77919.9
2026-03-03T15:00:00Z,75788.9
2026-03-03T16:00:00Z,70032.6
2026-03-03T17:00:00Z,68776.7
2026-03-03T18:00:00Z,64631.8
2026-03-03T19:00:00Z,60613.8
2026-03-03T20:00:00Z,55057.4
2026-03-03T21:00:00Z,54221.2
2026-03-03T22:00:00Z,51589.0
2026-03-03T23:00:00Z,52122.1
2026-03-04T00:00:00Z,51552.8
2026-03-04T01:00:00Z,49344.0
2026-03-04T02:00:00Z,50396.1
2026-03-04T03:00:00Z,54359.8
2026-03-04T04:00:00Z,56456.5
2026-03-04T05:00:00Z,61250.8
2026-03-04T06:00:00Z,63105.2
2026-03-04T07:00:00Z,68753.3
2026-03-04T08:00:00Z,72435.6
2026-03-04T09:00:00Z,71898.6
2026-03-04T10:00:00Z,74371.9
2026-03-04T11:00:00Z,76963.2
2026-03-04T12:00:00Z,76981.6
2026-03-04T13:00:00Z,78990.2
2026-03-04T14:00:00Z,75320.4
2026-03-04T15:00:00Z,73054.0
2026-03-04T16:00:00Z,68744.2
2026-03-04T17:00:00Z,67829.8
2026-03-04T18:00:00Z,62603.4
2026-03-04T19:00:00Z,59478.0
2026-03-04T20:00:00Z,54678.8
2026-03-04T21:00:00Z,53847.1
2026-03-04T22:00:00Z,52105.2
2026-03-04T23:00:00Z,50787.7
2026-03-05T00:00:00Z,48185.3
2026-03-05T01:00:00Z,50576.0
2026-03-05T02:00:00Z,52153.3
2026-03-05T03:00:00Z,54707.5
2026-03-05T04:00:00Z,55009.2
2026-03-05T05:00:00Z,60232.9
2026-03-05T06:00:00Z,63769.7
2026-03-05T07:00:00Z,66899.9
2026-03-05T08:00:00Z,70651.4
2026-03-05T09:00:00Z,71886.7
2026-03-05T10:00:00Z,74288.2
2026-03-05T11:00:00Z,79164.5
2026-03-05T12:00:00Z,78306.0
2026-03-05T13:00:00Z,77526.0
2026-03-05T14:00:00Z,75702.1
2026-03-05T15:00:00Z,72691.4
2026-03-05T16:00:00Z,69442.7
2026-03-05T17:00:00Z,65470.6
2026-03-05T18:00:00Z,63283.9
2026-03-05T19:00:00Z,58061.4
2026-03-05T20:00:00Z,56683.9
2026-03-05T21:00:00Z,52975.0
2026-03-05T22:00:00Z,51285.4
2026-03-05T23:00:00Z,49774.5
2026-03-06T00:00:00Z,51745.7
2026-03-06T01:00:00Z,52369.8
2026-03-06T02:00:00Z,50255.0
2026-03-06T03:00:00Z,56196.6
2026-03-06T04:00:00Z,57586.5
2026-03-06T05:00:00Z,60481.4
2026-03-06T06:00:00Z,64599.8
2026-03-06T07:00:00Z,63996.8
2026-03-06T08:00:00Z,70404.6
2026-03-06T09:00:00Z,74930.5
2026-03-06T10:00:00Z,74578.1
2026-03-06T11:00:00Z,77910.5
2026-03-06T12:00:00Z,76214.4
2026-03-06T13:00:00Z,75314.0
2026-03-06T14:00:00Z,75623.7
2026-03-06T15:00:00Z,72552.3
2026-03-06T16:00:00Z,69385.9
2026-03-06T17:00:00Z,66569.4
2026-03-06T18:00:00Z,63495.9
2026-03-06T19:00:00Z,60702.2
2026-03-06T20:00:00Z,56497.5
2026-03-06T21:00:00Z,53903.3
2026-03-06T22:00:00Z,51433.5
2026-03-06T23:00:00Z,49408.2
2026-03-07T00:00:00Z,44852.6
2026-03-07T01:00:00Z,45815.3
2026-03-07T02:00:00Z,46873.3
2026-03-07T03:00:00Z,49213.4
2026-03-07T04:00:00Z,53270.3
2026-03-07T05:00:00Z,55955.0
2026-03-07T06:00:00Z,59440.7
2026-03-07T07:00:00Z,61868.7
2026-03-07T08:00:00Z,65646.1
2026-03-07T09:00:00Z,68533.6
2026-03-07T10:00:00Z,70336.1
2026-03-07T11:00:00Z,73270.6
2026-03-07T12:00:00Z,74986.9
2026-03-07T13:00:00Z,73624.7
2026-03-07T14:00:00Z,70018.1
2026-03-07T15:00:00Z,68505.5
2026-03-07T16:00:00Z,66862.1
2026-03-07T17:00:00Z,62541.7
2026-03-07T18:00:00Z,59456.4
2026-03-07T19:00:00Z,54439.3
2026-03-07T20:00:00Z,51155.4
2026-03-07T21:00:00Z,50390.9
2026-03-07T22:00:00Z,46794.3
2026-03-07T23:00:00Z,46981.2
2026-03-08T00:00:00Z,46645.6
2026-03-08T01:00:00Z,45196.9
2026-03-08T02:00:00Z,46466.7
2026-03-08T03:00:00Z,51362.4
2026-03-08T04:00:00Z,52221.0
2026-03-08T05:00:00Z,56114.1
2026-03-08T06:00:00Z,59608.5
2026-03-08T07:00:00Z,62509.3
2026-03-08T08:00:00Z,66045.0
2026-03-08T09:00:00Z,69564.2
2026-03-08T10:00:00Z,70725.3
2026-03-08T11:00:00Z,70220.3
2026-03-08T12:00:00Z,72268.1
2026-03-08T13:00:00Z,71649.7
2026-03-08T14:00:00Z,70395.0
2026-03-08T15:00:00Z,69892.2
2026-03-08T16:00:00Z,64081.5
2026-03-08T17:00:00Z,63399.4
2026-03-08T18:00:00Z,57718.5
2026-03-08T19:00:00Z,54972.6
2026-03-08T20:00:00Z,52914.6
2026-03-08T21:00:00Z,48558.8
2026-03-08T22:00:00Z,48842.2
2026-03-08T23:00:00Z,47142.9
2026-03-09T00:00:00Z,48770.8
2026-03-09T01:00:00Z,49216.8
2026-03-09T02:00:00Z,50464.0
2026-03-09T03:00:00Z,50192.1
2026-03-09T04:00:00Z,55031.1
2026-03-09T05:00:00Z,58378.6
2026-03-09T06:00:00Z,62827.6
2026-03-09T07:00:00Z,66924.2
2026-03-09T08:00:00Z,65712.6
2026-03-09T09:00:00Z,71364.4
2026-03-09T10:00:00Z,75212.6
2026-03-09T11:00:00Z,76500.7
2026-03-09T12:00:00Z,77917.2
2026-03-09T13:00:00Z,75149.3
2026-03-09T14:00:00Z,73014.5
2026-03-09T15:00:00Z,72253.5
2026-03-09T16:00:00Z,70086.7
2026-03-09T17:00:00Z,65010.4
2026-03-09T18:00:00Z,61636.1
2026-03-09T19:00:00Z,57784.4
2026-03-09T20:00:00Z,56575.6
2026-03-09T21:00:00Z,51718.7
2026-03-09T22:00:00Z,51045.6
2026-03-09T23:00:00Z,49554.1
2026-03-10T00:00:00Z,48639.3
2026-03-10T01:00:00Z,49825.4
2026-03-10T02:00:00Z,50747.5
2026-03-10T03:00:00Z,51437.8
2026-03-10T04:00:00Z,54680.7
2026-03-10T05:00:00Z,59377.4
2026-03-10T06:00:00Z,64466.2
2026-03-10T07:00:00Z,66859.0
2026-03-10T08:00:00Z,69357.2
2026-03-10T09:00:00Z,72368.6
2026-03-10T10:00:00Z,73282.7
2026-03-10T11:00:00Z,77237.2
2026-03-10T12:00:00Z,77354.4
2026-03-10T13:00:00Z,73118.5
2026-03-10T14:00:00Z,75061.1
2026-03-10T15:00:00Z,70098.4
2026-03-10T16:00:00Z,69254.0
2026-03-10T17:00:00Z,67428.7
2026-03-10T18:00:00Z,61618.9
2026-03-10T19:00:00Z,59101.5
2026-03-10T20:00:00Z,55488.1
2026-03-10T21:00:00Z,49218.2
2026-03-10T22:00:00Z,53131.7
2026-03-10T23:00:00Z,50080.7
2026-03-11T00:00:00Z,45836.4
2026-03-11T01:00:00Z,50910.9
2026-03-11T02:00:00Z,49809.4
2026-03-11T03:00:00Z,52109.4
2026-03-11T04:00:00Z,54938.8
2026-03-11T05:00:00Z,59952.7
2026-03-11T06:00:00Z,62908.2
2026-03-11T07:00:00Z,64747.2
2026-03-11T08:00:00Z,69026.8
2026-03-11T09:00:00Z,70627.5
2026-03-11T10:00:00Z,75402.6
2026-03-11T11:00:00Z,75767.8
2026-03-11T12:00:00Z,76954.6
2026-03-11T13:00:00Z,73952.7
2026-03-11T14:00:00Z,74084.9
2026-03-11T15:00:00Z,74016.1
2026-03-11T16:00:00Z,68483.4
2026-03-11T17:00:00Z,65726.8
2026-03-11T18:00:00Z,61722.2
2026-03-11T19:00:00Z,58017.5
2026-03-11T20:00:00Z,55688.4
2026-03-11T21:00:00Z,52505.9
2026-03-11T22:00:00Z,49606.8
2026-03-11T23:00:00Z,48299.3
2026-03-12T00:00:00Z,49176.9
2026-03-12T01:00:00Z,50692.1
2026-03-12T02:00:00Z,50840.0
2026-03-12T03:00:00Z,53121.7
2026-03-12T04:00:00Z,54649.7
2026-03-12T05:00:00Z,58267.6
2026-03-12T06:00:00Z,61225.6
2026-03-12T07:00:00Z,65709.0
2026-03-12T08:00:00Z,68971.2
2026-03-12T09:00:00Z,73157.1
2026-03-12T10:00:00Z,75432.5
2026-03-12T11:00:00Z,74768.8
2026-03-12T12:00:00Z,76603.6
2026-03-12T13:00:00Z,75101.5
2026-03-12T14:00:00Z,72597.1
2026-03-12T15:00:00Z,71095.7
2026-03-12T16:00:00Z,69321.4
2026-03-12T17:00:00Z,65993.9
2026-03-12T18:00:00Z,62956.2
2026-03-12T19:00:00Z,57790.5
2026-03-12T20:00:00Z,55133.1
2026-03-12T21:00:00Z,50520.1
2026-03-12T22:00:00Z,51457.5
2026-03-12T23:00:00Z,52953.8
2026-03-13T00:00:00Z,48830.9
2026-03-13T01:00:00Z,46460.5
2026-03-13T02:00:00Z,50279.3
2026-03-13T03:00:00Z,52374.9
2026-03-13T04:00:00Z,56147.2
2026-03-13T05:00:00Z,59178.8
2026-03-13T06:00:00Z,63736.0
2026-03-13T07:00:00Z,66892.0
2026-03-13T08:00:00Z,69309.2
2026-03-13T09:00:00Z,70879.5
2026-03-13T10:00:00Z,73070.4
2026-03-13T11:00:00Z,75325.5
2026-03-13T12:00:00Z,75090.3
2026-03-13T13:00:00Z,76383.5
2026-03-13T14:00:00Z,74598.1
2026-03-13T15:00:00Z,72518.8
2026-03-13T16:00:00Z,65980.4
2026-03-13T17:00:00Z,64475.0
2026-03-13T18:00:00Z,63349.1
2026-03-13T19:00:00Z,58680.2
2026-03-13T20:00:00Z,55391.7
2026-03-13T21:00:00Z,53385.0
2026-03-13T22:00:00Z,49580.9
2026-03-13T23:00:00Z,48184.6
2026-03-14T00:00:00Z,44081.3
2026-03-14T01:00:00Z,43588.5
2026-03-14T02:00:00Z,46038.9
2026-03-14T03:00:00Z,46174.2
2026-03-14T04:00:00Z,52973.9
2026-03-14T05:00:00Z,56554.3
2026-03-14T06:00:00Z,58890.7
2026-03-14T07:00:00Z,61808.3
2026-03-14T08:00:00Z,62620.8
2026-03-14T09:00:00Z,70038.8
2026-03-14T10:00:00Z,70601.9
2026-03-14T11:00:00Z,70326.9
2026-03-14T12:00:00Z,70671.0
2026-03-14T13:00:00Z,71415.3
2026-03-14T14:00:00Z,68923.9
2026-03-14T15:00:00Z,68179.3
2026-03-14T16:00:00Z,65976.1
2026-03-14T17:00:00Z,60122.5
2026-03-14T18:00:00Z,56318.6
2026-03-14T19:00:00Z,53792.2
2026-03-14T20:00:00Z,52409.4
2026-03-14T21:00:00Z,48779.6
2026-03-14T22:00:00Z,46485.2
2026-03-14T23:00:00Z,44742.3
2026-03-15T00:00:00Z,45700.2
2026-03-15T01:00:00Z,43673.7
2026-03-15T02:00:00Z,47660.2
2026-03-15T03:00:00Z,47435.3
2026-03-15T04:00:00Z,50642.8
2026-03-15T05:00:00Z,54856.9
2026-03-15T06:00:00Z,59427.8
2026-03-15T07:00:00Z,61644.8
2026-03-15T08:00:00Z,63196.5
2026-03-15T09:00:00Z,67589.1
2026-03-15T10:00:00Z,67802.3
2026-03-15T11:00:00Z,72015.3
2026-03-15T12:00:00Z,71623.1
2026-03-15T13:00:00Z,70918.1
2026-03-15T14:00:00Z,70335.1
2026-03-15T15:00:00Z,66183.4
2026-03-15T16:00:00Z,62525.3
2026-03-15T17:00:00Z,61011.9
2026-03-15T18:00:00Z,57426.3
2026-03-15T19:00:00Z,52139.7
2026-03-15T20:00:00Z,51287.9
2026-03-15T21:00:00Z,49410.4
2026-03-15T22:00:00Z,47928.9
2026-03-15T23:00:00Z,45551.8
2026-03-16T00:00:00Z,47958.7
2026-03-16T01:00:00Z,45350.3
2026-03-16T02:00:00Z,46958.8
2026-03-16T03:00:00Z,52941.0
2026-03-16T04:00:00Z,56417.8
2026-03-16T05:00:00Z,57197.3
2026-03-16T06:00:00Z,61649.0
2026-03-16T07:00:00Z,65709.2
2026-03-16T08:00:00Z,68708.4
2026-03-16T09:00:00Z,72012.7
2026-03-16T10:00:00Z,72419.9
2026-03-16T11:00:00Z,72646.2
2026-03-16T12:00:00Z,74851.0
2026-03-16T13:00:00Z,74590.4
2026-03-16T14:00:00Z,70206.1
2026-03-16T15:00:00Z,70969.6
2026-03-16T16:00:00Z,71412.2
2026-03-16T17:00:00Z,66025.3
2026-03-16T18:00:00Z,61239.6
2026-03-16T19:00:00Z,58770.2
2026-03-16T20:00:00Z,55472.5
2026-03-16T21:00:00Z,52072.4
2026-03-16T22:00:00Z,49460.8
2026-03-16T23:00:00Z,46858.8
2026-03-17T00:00:00Z,46432.7
2026-03-17T01:00:00Z,48973.2
2026-03-17T02:00:00Z,48891.5
2026-03-17T03:00:00Z,51326.0
2026-03-17T04:00:00Z,55378.3
2026-03-17T05:00:00Z,58627.2
2026-03-17T06:00:00Z,60772.9
2026-03-17T07:00:00Z,63053.6
2026-03-17T08:00:00Z,67571.1
2026-03-17T09:00:00Z,69882.6
2026-03-17T10:00:00Z,73819.6
2026-03-17T11:00:00Z,72480.7
2026-03-17T12:00:00Z,75030.5
2026-03-17T13:00:00Z,74945.3
2026-03-17T14:00:00Z,70909.2
2026-03-17T15:00:00Z,71285.2
2026-03-17T16:00:00Z,68420.6
2026-03-17T17:00:00Z,66733.4
2026-03-17T18:00:00Z,61971.6
2026-03-17T19:00:00Z,58807.3
2026-03-17T20:00:00Z,54800.8
2026-03-17T21:00:00Z,53524.0
2026-03-17T22:00:00Z,48936.1
2026-03-17T23:00:00Z,50304.0
2026-03-18T00:00:00Z,48914.1
2026-03-18T01:00:00Z,46195.3
2026-03-18T02:00:00Z,48778.8
2026-03-18T03:00:00Z,53205.2
2026-03-18T04:00:00Z,55713.9
2026-03-18T05:00:00Z,57441.9
2026-03-18T06:00:00Z,60822.6
2026-03-18T07:00:00Z,65579.8
2026-03-18T08:00:00Z,66237.1
2026-03-18T09:00:00Z,70832.1
2026-03-18T10:00:00Z,74550.1
2026-03-18T11:00:00Z,72688.2
2026-03-18T12:00:00Z,76718.4
2026-03-18T13:00:00Z,76414.0
2026-03-18T14:00:00Z,72253.7
2026-03-18T15:00:00Z,69472.4
2026-03-18T16:00:00Z,67962.9
2026-03-18T17:00:00Z,65258.2
2026-03-18T18:00:00Z,62220.2
2026-03-18T19:00:00Z,57308.1
2026-03-18T20:00:00Z,53122.0
2026-03-18T21:00:00Z,53011.7
2026-03-18T22:00:00Z,48635.5
2026-03-18T23:00:00Z,46836.7
2026-03-19T00:00:00Z,46532.6
2026-03-19T01:00:00Z,48712.4
2026-03-19T02:00:00Z,48680.7
2026-03-19T03:00:00Z,50895.1
2026-03-19T04:00:00Z,55388.2
2026-03-19T05:00:00Z,56367.3
2026-03-19T06:00:00Z,58133.5
2026-03-19T07:00:00Z,64955.3
2026-03-19T08:00:00Z,68301.8
2026-03-19T09:00:00Z,71123.0
2026-03-19T10:00:00Z,72077.0
2026-03-19T11:00:00Z,72567.9
2026-03-19T12:00:00Z,74095.1
2026-03-19T13:00:00Z,72844.4
2026-03-19T14:00:00Z,73891.8
2026-03-19T15:00:00Z,71010.0
2026-03-19T16:00:00Z,70074.6
2026-03-19T17:00:00Z,65466.8
2026-03-19T18:00:00Z,60810.4
2026-03-19T19:00:00Z,59177.2
2026-03-19T20:00:00Z,53342.3
2026-03-19T21:00:00Z,52820.9
2026-03-19T22:00:00Z,50585.9
2026-03-19T23:00:00Z,47657.6
2026-03-20T00:00:00Z,46460.6
2026-03-20T01:00:00Z,47838.4
2026-03-20T02:00:00Z,48657.7
2026-03-20T03:00:00Z,51439.0
2026-03-20T04:00:00Z,54724.4
2026-03-20T05:00:00Z,57795.4
2026-03-20T06:00:00Z,61068.2
2026-03-20T07:00:00Z,65523.2
2026-03-20T08:00:00Z,68103.1
2026-03-20T09:00:00Z,72465.2
2026-03-20T10:00:00Z,70838.0
2026-03-20T11:00:00Z,74326.4
2026-03-20T12:00:00Z,73818.1
2026-03-20T13:00:00Z,75411.7
2026-03-20T14:00:00Z,72810.7
2026-03-20T15:00:00Z,71980.9
2026-03-20T16:00:00Z,69591.9
2026-03-20T17:00:00Z,64307.1
2026-03-20T18:00:00Z,62229.1
2026-03-20T19:00:00Z,58496.7
2026-03-20T20:00:00Z,53354.6
2026-03-20T21:00:00Z,50687.9
2026-03-20T22:00:00Z,50127.9
2026-03-20T23:00:00Z,45632.8
2026-03-21T00:00:00Z,42990.3
2026-03-21T01:00:00Z,43276.2
2026-03-21T02:00:00Z,45091.1
2026-03-21T03:00:00Z,47439.0
2026-03-21T04:00:00Z,52525.8
2026-03-21T05:00:00Z,53044.9
2026-03-21T06:00:00Z,55597.0
2026-03-21T07:00:00Z,60583.3
2026-03-21T08:00:00Z,62720.6
2026-03-21T09:00:00Z,67654.8
2026-03-21T10:00:00Z,69752.1
2026-03-21T11:00:00Z,68513.1
2026-03-21T12:00:00Z,69026.9
2026-03-21T13:00:00Z,70461.6
2026-03-21T14:00:00Z,68213.5
2026-03-21T15:00:00Z,66550.1
2026-03-21T16:00:00Z,65518.3
2026-03-21T17:00:00Z,60406.5
2026-03-21T18:00:00Z,57475.3
2026-03-21T19:00:00Z,52040.2
2026-03-21T20:00:00Z,48596.8
2026-03-21T21:00:00Z,46246.8
2026-03-21T22:00:00Z,44556.6
2026-03-21T23:00:00Z,44554.2
2026-03-22T00:00:00Z,44367.8
2026-03-22T01:00:00Z,45703.0
2026-03-22T02:00:00Z,44117.7
2026-03-22T03:00:00Z,48217.0
2026-03-22T04:00:00Z,49213.1
2026-03-22T05:00:00Z,51448.4
2026-03-22T06:00:00Z,58678.7
2026-03-22T07:00:00Z,61029.0
2026-03-22T08:00:00Z,62789.4
2026-03-22T09:00:00Z,66216.3
2026-03-22T10:00:00Z,69589.3
2026-03-22T11:00:00Z,72197.3
2026-03-22T12:00:00Z,71622.6
2026-03-22T13:00:00Z,70922.4
2026-03-22T14:00:00Z,67799.3
2026-03-22T15:00:00Z,64647.6
2026-03-22T16:00:00Z,63656.7
2026-03-22T17:00:00Z,58891.9
2026-03-22T18:00:00Z,56390.3
2026-03-22T19:00:00Z,54933.9
2026-03-22T20:00:00Z,50415.4
2026-03-22T21:00:00Z,46088.6
2026-03-22T22:00:00Z,43138.5
2026-03-22T23:00:00Z,42533.6
2026-03-23T00:00:00Z,47722.1
2026-03-23T01:00:00Z,44641.3
2026-03-23T02:00:00Z,47433.3
2026-03-23T03:00:00Z,51546.7
2026-03-23T04:00:00Z,53042.2
2026-03-23T05:00:00Z,56948.5
2026-03-23T06:00:00Z,59235.9
2026-03-23T07:00:00Z,65100.2
2026-03-23T08:00:00Z,69954.6
2026-03-23T09:00:00Z,70718.9
2026-03-23T10:00:00Z,74002.8
2026-03-23T11:00:00Z,73205.2
2026-03-23T12:00:00Z,74558.1
2026-03-23T13:00:00Z,73681.4
2026-03-23T14:00:00Z,70331.5
2026-03-23T15:00:00Z,70008.8
2026-03-23T16:00:00Z,67261.1
2026-03-23T17:00:00Z,63486.8
2026-03-23T18:00:00Z,60165.4
2026-03-23T19:00:00Z,54946.2
2026-03-23T20:00:00Z,54457.9
2026-03-23T21:00:00Z,50035.2
2026-03-23T22:00:00Z,49032.4
2026-03-23T23:00:00Z,46841.5
2026-03-24T00:00:00Z,47951.5
2026-03-24T01:00:00Z,47382.7
2026-03-24T02:00:00Z,49439.0
2026-03-24T03:00:00Z,49454.8
2026-03-24T04:00:00Z,54374.7
2026-03-24T05:00:00Z,57418.3
2026-03-24T06:00:00Z,60230.6
2026-03-24T07:00:00Z,63366.1
2026-03-24T08:00:00Z,67580.7
2026-03-24T09:00:00Z,70572.0
2026-03-24T10:00:00Z,72111.0
2026-03-24T11:00:00Z,73651.6
2026-03-24T12:00:00Z,73503.8
2026-03-24T13:00:00Z,72730.2
2026-03-24T14:00:00Z,70618.2
2026-03-24T15:00:00Z,71167.3
2026-03-24T16:00:00Z,67652.8
2026-03-24T17:00:00Z,64091.8
2026-03-24T18:00:00Z,60036.9
2026-03-24T19:00:00Z,56658.1
2026-03-24T20:00:00Z,52895.6
2026-03-24T21:00:00Z,51800.8
2026-03-24T22:00:00Z,48925.8
2026-03-24T23:00:00Z,47397.0
2026-03-25T00:00:00Z,46466.6
2026-03-25T01:00:00Z,46241.2
2026-03-25T02:00:00Z,50083.6
2026-03-25T03:00:00Z,50516.9
2026-03-25T04:00:00Z,54546.0
2026-03-25T05:00:00Z,56060.6
2026-03-25T06:00:00Z,60499.7
2026-03-25T07:00:00Z,65071.0
2026-03-25T08:00:00Z,65575.8
2026-03-25T09:00:00Z,68957.8
2026-03-25T10:00:00Z,70917.0
2026-03-25T11:00:00Z,73769.2
2026-03-25T12:00:00Z,71887.9
2026-03-25T13:00:00Z,72821.6
2026-03-25T14:00:00Z,70354.9
2026-03-25T15:00:00Z,67937.3
2026-03-25T16:00:00Z,69631.0
2026-03-25T17:00:00Z,63421.7
2026-03-25T18:00:00Z,61691.0
2026-03-25T19:00:00Z,58102.0
2026-03-25T20:00:00Z,55266.0
2026-03-25T21:00:00Z,50524.0
2026-03-25T22:00:00Z,47244.7
2026-03-25T23:00:00Z,49725.1
2026-03-26T00:00:00Z,44743.9
2026-03-26T01:00:00Z,44928.5
2026-03-26T02:00:00Z,49163.7
2026-03-26T03:00:00Z,51594.9
2026-03-26T04:00:00Z,54381.2
2026-03-26T05:00:00Z,56309.0
2026-03-26T06:00:00Z,58595.4
2026-03-26T07:00:00Z,63955.6
2026-03-26T08:00:00Z,68142.9
2026-03-26T09:00:00Z,69660.8
2026-03-26T10:00:00Z,73605.0
2026-03-26T11:00:00Z,73183.6
2026-03-26T12:00:00Z,74776.6
2026-03-26T13:00:00Z,72456.6
2026-03-26T14:00:00Z,72420.4
2026-03-26T15:00:00Z,71463.4
2026-03-26T16:00:00Z,68513.2
2026-03-26T17:00:00Z,64479.3
2026-03-26T18:00:00Z,60092.7
2026-03-26T19:00:00Z,55943.7
2026-03-26T20:00:00Z,53374.0
2026-03-26T21:00:00Z,51812.5
2026-03-26T22:00:00Z,49402.8
2026-03-26T23:00:00Z,45861.6
2026-03-27T00:00:00Z,47965.9
2026-03-27T01:00:00Z,48733.9
2026-03-27T02:00:00Z,47541.6
2026-03-27T03:00:00Z,51036.8
2026-03-27T04:00:00Z,52147.7
2026-03-27T05:00:00Z,56728.8
2026-03-27T06:00:00Z,59977.6
2026-03-27T07:00:00Z,63961.1
2026-03-27T08:00:00Z,66807.8
2026-03-27T09:00:00Z,69124.1
2026-03-27T10:00:00Z,72331.4
2026-03-27T11:00:00Z,70362.6
2026-03-27T12:00:00Z,72369.6
2026-03-27T13:00:00Z,73168.2
2026-03-27T14:00:00Z,71689.7
2026-03-27T15:00:00Z,70293.7
2026-03-27T16:00:00Z,65750.6
2026-03-27T17:00:00Z,61908.9
2026-03-27T18:00:00Z,60013.5
2026-03-27T19:00:00Z,55891.2
2026-03-27T20:00:00Z,50980.9
2026-03-27T21:00:00Z,51498.3
2026-03-27T22:00:00Z,48759.0
2026-03-27T23:00:00Z,46793.6
2026-03-28T00:00:00Z,45526.9
2026-03-28T01:00:00Z,42013.3
2026-03-28T02:00:00Z,44582.6
2026-03-28T03:00:00Z,47367.3
2026-03-28T04:00:00Z,49366.9
2026-03-28T05:00:00Z,52087.4
2026-03-28T06:00:00Z,56238.5
2026-03-28T07:00:00Z,60102.5
2026-03-28T08:00:00Z,63930.6
2026-03-28T09:00:00Z,65114.1
2026-03-28T10:00:00Z,67417.1
2026-03-28T11:00:00Z,68315.0
2026-03-28T12:00:00Z,69092.3
2026-03-28T13:00:00Z,68663.9
2026-03-28T14:00:00Z,67159.1
2026-03-28T15:00:00Z,67890.8
2026-03-28T16:00:00Z,62276.2
2026-03-28T17:00:00Z,59056.4
2026-03-28T18:00:00Z,58755.9
2026-03-28T19:00:00Z,53610.1
2026-03-28T20:00:00Z,46233.5
2026-03-28T21:00:00Z,46504.2
2026-03-28T22:00:00Z,44087.0
2026-03-28T23:00:00Z,41292.3
2026-03-29T00:00:00Z,40986.9
2026-03-29T01:00:00Z,43751.8
2026-03-29T02:00:00Z,44757.2
2026-03-29T03:00:00Z,46535.6
2026-03-29T04:00:00Z,48277.1
2026-03-29T05:00:00Z,53977.9
2026-03-29T06:00:00Z,56320.2
2026-03-29T07:00:00Z,59588.2
2026-03-29T08:00:00Z,62921.2
2026-03-29T09:00:00Z,63775.5
2026-03-29T10:00:00Z,68250.9
2026-03-29T11:00:00Z,70822.2
2026-03-29T12:00:00Z,70029.5
2026-03-29T13:00:00Z,68601.6
2026-03-29T14:00:00Z,69104.4
2026-03-29T15:00:00Z,64154.5
2026-03-29T16:00:00Z,62130.3
2026-03-29T17:00:00Z,59892.7
2026-03-29T18:00:00Z,56673.4
2026-03-29T19:00:00Z,52984.9
2026-03-29T20:00:00Z,47384.9
2026-03-29T21:00:00Z,47052.5
2026-03-29T22:00:00Z,44706.6
2026-03-29T23:00:00Z,42082.2
2026-03-30T00:00:00Z,48017.3
2026-03-30T01:00:00Z,46326.8
2026-03-30T02:00:00Z,47830.4
2026-03-30T03:00:00Z,50789.8
2026-03-30T04:00:00Z,53339.4
2026-03-30T05:00:00Z,56618.6
2026-03-30T06:00:00Z,59053.2
2026-03-30T07:00:00Z,63514.0
2026-03-30T08:00:00Z,66517.6
2026-03-30T09:00:00Z,67995.2
2026-03-30T10:00:00Z,69687.9
2026-03-30T11:00:00Z,75406.1
2026-03-30T12:00:00Z,72023.2
2026-03-30T13:00:00Z,71902.7
2026-03-30T14:00:00Z,72271.3
2026-03-30T15:00:00Z,69583.4
2026-03-30T16:00:00Z,64500.4
2026-03-30T17:00:00Z,63940.4
2026-03-30T18:00:00Z,60583.7
2026-03-30T19:00:00Z,56237.1
2026-03-30T20:00:00Z,52450.1
2026-03-30T21:00:00Z,50108.1
2026-03-30T22:00:00Z,46916.3
2026-03-30T23:00:00Z,45235.0
2026-03-31T00:00:00Z,46522.1
2026-03-31T01:00:00Z,48581.1
2026-03-31T02:00:00Z,49150.2
2026-03-31T03:00:00Z,50530.2
2026-03-31T04:00:00Z,53751.5
2026-03-31T05:00:00Z,56708.9
2026-03-31T06:00:00Z,60744.3
2026-03-31T07:00:00Z,64251.5
2026-03-31T08:00:00Z,65085.2
2026-03-31T09:00:00Z,68430.0
2026-03-31T10:00:00Z,73139.8
2026-03-31T11:00:00Z,71783.2
2026-03-31T12:00:00Z,71147.6
2026-03-31T13:00:00Z,74199.8
2026-03-31T14:00:00Z,71502.8
2026-03-31T15:00:00Z,69854.2
2026-03-31T16:00:00Z,67882.5
2026-03-31T17:00:00Z,62106.2
2026-03-31T18:00:00Z,59883.6
2026-03-31T19:00:00Z,56498.8
2026-03-31T20:00:00Z,52592.3
2026-03-31T21:00:00Z,49952.3
2026-03-31T22:00:00Z,47578.8
2026-03-31T23:00:00Z,47124.9
2026-04-01T00:00:00Z,45157.3
2026-04-01T01:00:00Z,46335.4
2026-04-01T02:00:00Z,46533.4
2026-04-01T03:00:00Z,50110.8
2026-04-01T04:00:00Z,53848.4
2026-04-01T05:00:00Z,55189.3
2026-04-01T06:00:00Z,59275.4
2026-04-01T07:00:00Z,61872.9
2026-04-01T08:00:00Z,68397.3
2026-04-01T09:00:00Z,69132.5
2026-04-01T10:00:00Z,71783.5
2026-04-01T11:00:00Z,75075.6
2026-04-01T12:00:00Z,72841.2
2026-04-01T13:00:00Z,72558.2
2026-04-01T14:00:00Z,70472.4
2026-04-01T15:00:00Z,67727.4
2026-04-01T16:00:00Z,68151.4
2026-04-01T17:00:00Z,63384.5
2026-04-01T18:00:00Z,59655.5
2026-04-01T19:00:00Z,56545.1
2026-04-01T20:00:00Z,52016.0
2026-04-01T21:00:00Z,50279.7
2026-04-01T22:00:00Z,48419.2
2026-04-01T23:00:00Z,47667.4
2026-04-02T00:00:00Z,45791.7
2026-04-02T01:00:00Z,45895.9
2026-04-02T02:00:00Z,47859.5
2026-04-02T03:00:00Z,50729.7
2026-04-02T04:00:00Z,53864.6
2026-04-02T05:00:00Z,55545.9
2026-04-02T06:00:00Z,58777.0
2026-04-02T07:00:00Z,61334.0
2026-04-02T08:00:00Z,65641.1
2026-04-02T09:00:00Z,69298.3
2026-04-02T10:00:00Z,71792.9
2026-04-02T11:00:00Z,71313.4
2026-04-02T12:00:00Z,71051.9
2026-04-02T13:00:00Z,71520.2
2026-04-02T14:00:00Z,72930.5
2026-04-02T15:00:00Z,69798.3
2026-04-02T16:00:00Z,66010.6
2026-04-02T17:00:00Z,65261.6
2026-04-02T18:00:00Z,59725.6
2026-04-02T19:00:00Z,55652.5
2026-04-02T20:00:00Z,52975.6
2026-04-02T21:00:00Z,49968.3
2026-04-02T22:00:00Z,47545.8
2026-04-02T23:00:00Z,47410.8
2026-04-03T00:00:00Z,45775.0
2026-04-03T01:00:00Z,46415.2
2026-04-03T02:00:00Z,48125.9
2026-04-03T03:00:00Z,50950.2
2026-04-03T04:00:00Z,50996.9
2026-04-03T05:00:00Z,54914.6
2026-04-03T06:00:00Z,58983.2
2026-04-03T07:00:00Z,62147.5
2026-04-03T08:00:00Z,65970.7
2026-04-03T09:00:00Z,67878.7
2026-04-03T10:00:00Z,70054.8
2026-04-03T11:00:00Z,71074.9
2026-04-03T12:00:00Z,73175.8
2026-04-03T13:00:00Z,74130.1
2026-04-03T14:00:00Z,70021.9
2026-04-03T15:00:00Z,70581.1
2026-04-03T16:00:00Z,67542.2
2026-04-03T17:00:00Z,60724.7
2026-04-03T18:00:00Z,59661.3
2026-04-03T19:00:00Z,56325.4
2026-04-03T20:00:00Z,50162.4
2026-04-03T21:00:00Z,50164.4
2026-04-03T22:00:00Z,47359.7
2026-04-03T23:00:00Z,46444.0
2026-04-04T00:00:00Z,43613.3
2026-04-04T01:00:00Z,42609.4
2026-04-04T02:00:00Z,44250.1
2026-04-04T03:00:00Z,44559.8
2026-04-04T04:00:00Z,49618.2
2026-04-04T05:00:00Z,52845.2
2026-04-04T06:00:00Z,56470.8
2026-04-04T07:00:00Z,62695.8
2026-04-04T08:00:00Z,62239.5
2026-04-04T09:00:00Z,66105.5
2026-04-04T10:00:00Z,67130.9
2026-04-04T11:00:00Z,69357.2
2026-04-04T12:00:00Z,71720.1
2026-04-04T13:00:00Z,68336.7
2026-04-04T14:00:00Z,66091.1
2026-04-04T15:00:00Z,66507.7
2026-04-04T16:00:00Z,61729.2
2026-04-04T17:00:00Z,58825.3
2026-04-04T18:00:00Z,55946.0
2026-04-04T19:00:00Z,51755.7
2026-04-04T20:00:00Z,48959.6
2026-04-04T21:00:00Z,46837.0
2026-04-04T22:00:00Z,45361.4
2026-04-04T23:00:00Z,41308.1
2026-04-05T00:00:00Z,44456.7
2026-04-05T01:00:00Z,42620.7
2026-04-05T02:00:00Z,42981.4
2026-04-05T03:00:00Z,44924.5
2026-04-05T04:00:00Z,49362.0
2026-04-05T05:00:00Z,54032.7
2026-04-05T06:00:00Z,55008.5
2026-04-05T07:00:00Z,57766.0
2026-04-05T08:00:00Z,63908.6
2026-04-05T09:00:00Z,63868.5
2026-04-05T10:00:00Z,67896.3
2026-04-05T11:00:00Z,69422.7
2026-04-05T12:00:00Z,69035.2
2026-04-05T13:00:00Z,67075.3
2026-04-05T14:00:00Z,68091.4
2026-04-05T15:00:00Z,65717.8
2026-04-05T16:00:00Z,62266.7
2026-04-05T17:00:00Z,60133.7
2026-04-05T18:00:00Z,55022.0
2026-04-05T19:00:00Z,50248.9
2026-04-05T20:00:00Z,46150.1
2026-04-05T21:00:00Z,46162.3
2026-04-05T22:00:00Z,43107.5
2026-04-05T23:00:00Z,43167.2
2026-04-06T00:00:00Z,46007.9
2026-04-06T01:00:00Z,46256.3
2026-04-06T02:00:00Z,46739.3
2026-04-06T03:00:00Z,49668.9
2026-04-06T04:00:00Z,53487.2
2026-04-06T05:00:00Z,54505.1
2026-04-06T06:00:00Z,60708.8
2026-04-06T07:00:00Z,62501.2
2026-04-06T08:00:00Z,66738.3
2026-04-06T09:00:00Z,68002.1
2026-04-06T10:00:00Z,71909.3
2026-04-06T11:00:00Z,72177.7
2026-04-06T12:00:00Z,72756.3
2026-04-06T13:00:00Z,72676.9
2026-04-06T14:00:00Z,72915.0
2026-04-06T15:00:00Z,69591.0
2026-04-06T16:00:00Z,66227.5
2026-04-06T17:00:00Z,61397.3
2026-04-06T18:00:00Z,59204.2
2026-04-06T19:00:00Z,54279.2
2026-04-06T20:00:00Z,52823.4
2026-04-06T21:00:00Z,49189.1
2026-04-06T22:00:00Z,47476.0
2026-04-06T23:00:00Z,45150.8
2026-04-07T00:00:00Z,45550.0
2026-04-07T01:00:00Z,46327.2
2026-04-07T02:00:00Z,49284.9
2026-04-07T03:00:00Z,50132.6
2026-04-07T04:00:00Z,53147.3
2026-04-07T05:00:00Z,54489.4
2026-04-07T06:00:00Z,60139.0
2026-04-07T07:00:00Z,61981.8
2026-04-07T08:00:00Z,64796.0
2026-04-07T09:00:00Z,68281.3
2026-04-07T10:00:00Z,71148.0
2026-04-07T11:00:00Z,71736.2
2026-04-07T12:00:00Z,72024.3
2026-04-07T13:00:00Z,72876.8
2026-04-07T14:00:00Z,69894.8
2026-04-07T15:00:00Z,68294.3
2026-04-07T16:00:00Z,65249.8
2026-04-07T17:00:00Z,62626.8
2026-04-07T18:00:00Z,59288.6
2026-04-07T19:00:00Z,54673.7
2026-04-07T20:00:00Z,53466.1
2026-04-07T21:00:00Z,46308.6
2026-04-07T22:00:00Z,47761.7
2026-04-07T23:00:00Z,47401.9
2026-04-08T00:00:00Z,47283.6
2026-04-08T01:00:00Z,46543.7
2026-04-08T02:00:00Z,47982.3
2026-04-08T03:00:00Z,49007.2
2026-04-08T04:00:00Z,51832.3
2026-04-08T05:00:00Z,54408.3
2026-04-08T06:00:00Z,58432.9
2026-04-08T07:00:00Z,60722.5
2026-04-08T08:00:00Z,63481.0
2026-04-08T09:00:00Z,69846.5
2026-04-08T10:00:00Z,71179.5
2026-04-08T11:00:00Z,73575.5
2026-04-08T12:00:00Z,72300.7
2026-04-08T13:00:00Z,70654.1
2026-04-08T14:00:00Z,71159.1
2026-04-08T15:00:00Z,69973.3
2026-04-08T16:00:00Z,63585.8
2026-04-08T17:00:00Z,62157.2
2026-04-08T18:00:00Z,59137.9
2026-04-08T19:00:00Z,57971.1
2026-04-08T20:00:00Z,52545.7
2026-04-08T21:00:00Z,48046.8
2026-04-08T22:00:00Z,45958.3
2026-04-08T23:00:00Z,44673.9
2026-04-09T00:00:00Z,44336.2
2026-04-09T01:00:00Z,46583.9
2026-04-09T02:00:00Z,47014.4
2026-04-09T03:00:00Z,49495.5
2026-04-09T04:00:00Z,50458.9
2026-04-09T05:00:00Z,57894.2
2026-04-09T06:00:00Z,58215.6
2026-04-09T07:00:00Z,60777.9
2026-04-09T08:00:00Z,65229.5
2026-04-09T09:00:00Z,69235.9
2026-04-09T10:00:00Z,70221.8
2026-04-09T11:00:00Z,71878.4
2026-04-09T12:00:00Z,74917.5
2026-04-09T13:00:00Z,70966.5
2026-04-09T14:00:00Z,71485.6
2026-04-09T15:00:00Z,65602.5
2026-04-09T16:00:00Z,65885.0
2026-04-09T17:00:00Z,61749.0
2026-04-09T18:00:00Z,59833.6
2026-04-09T19:00:00Z,55449.0
2026-04-09T20:00:00Z,51229.9
2026-04-09T21:00:00Z,49287.6
2026-04-09T22:00:00Z,47188.9
2026-04-09T23:00:00Z,45466.7
2026-04-10T00:00:00Z,44379.4
2026-04-10T01:00:00Z,44370.6
2026-04-10T02:00:00Z,46186.0
2026-04-10T03:00:00Z,48766.1
2026-04-10T04:00:00Z,50992.6
2026-04-10T05:00:00Z,56030.0
2026-04-10T06:00:00Z,57215.1
2026-04-10T07:00:00Z,60155.2
2026-04-10T08:00:00Z,64077.3
2026-04-10T09:00:00Z,67217.8
2026-04-10T10:00:00Z,70149.2
2026-04-10T11:00:00Z,72643.9
2026-04-10T12:00:00Z,72253.0
2026-04-10T13:00:00Z,72976.4
2026-04-10T14:00:00Z,70598.7
2026-04-10T15:00:00Z,68661.6
2026-04-10T16:00:00Z,67007.1
2026-04-10T17:00:00Z,62494.7
2026-04-10T18:00:00Z,59381.2
2026-04-10T19:00:00Z,54840.0
2026-04-10T20:00:00Z,50896.0
2026-04-10T21:00:00Z,48800.2
2026-04-10T22:00:00Z,48932.5
2026-04-10T23:00:00Z,46020.5
2026-04-11T00:00:00Z,38767.9
2026-04-11T01:00:00Z,40525.6
2026-04-11T02:00:00Z,43836.5
2026-04-11T03:00:00Z,44709.9
2026-04-11T04:00:00Z,49124.0
2026-04-11T05:00:00Z,51921.8
2026-04-11T06:00:00Z,54632.6
2026-04-11T07:00:00Z,60570.7
2026-04-11T08:00:00Z,61564.7
2026-04-11T09:00:00Z,67104.9
2026-04-11T10:00:00Z,67332.8
2026-04-11T11:00:00Z,68909.7
2026-04-11T12:00:00Z,69021.7
2026-04-11T13:00:00Z,67074.1
2026-04-11T14:00:00Z,66515.1
2026-04-11T15:00:00Z,65166.8
2026-04-11T16:00:00Z,60805.1
2026-04-11T17:00:00Z,59807.3
2026-04-11T18:00:00Z,55266.5
2026-04-11T19:00:00Z,51769.0
2026-04-11T20:00:00Z,48284.8
2026-04-11T21:00:00Z,42737.9
2026-04-11T22:00:00Z,43796.8
2026-04-11T23:00:00Z,42986.7
2026-04-12T00:00:00Z,43916.9
2026-04-12T01:00:00Z,42918.7
2026-04-12T02:00:00Z,43331.9
2026-04-12T03:00:00Z,45787.7
2026-04-12T04:00:00Z,47865.2
2026-04-12T05:00:00Z,51452.8
2026-04-12T06:00:00Z,53178.8
2026-04-12T07:00:00Z,58756.2
2026-04-12T08:00:00Z,63552.6
2026-04-12T09:00:00Z,65032.7
2026-04-12T10:00:00Z,65718.3
2026-04-12T11:00:00Z,67674.3
2026-04-12T12:00:00Z,69905.0
2026-04-12T13:00:00Z,69677.5
2026-04-12T14:00:00Z,65300.3
2026-04-12T15:00:00Z,63688.7
2026-04-12T16:00:00Z,61734.9
2026-04-12T17:00:00Z,59345.1
2026-04-12T18:00:00Z,55296.2
2026-04-12T19:00:00Z,51922.2
2026-04-12T20:00:00Z,49455.0
2026-04-12T21:00:00Z,46297.8
2026-04-12T22:00:00Z,41892.7
2026-04-12T23:00:00Z,42591.5
2026-04-13T00:00:00Z,44812.9
2026-04-13T01:00:00Z,45316.7
2026-04-13T02:00:00Z,47203.8
2026-04-13T03:00:00Z,49121.0
2026-04-13T04:00:00Z,51926.2
2026-04-13T05:00:00Z,56393.3
2026-04-13T06:00:00Z,61159.2
2026-04-13T07:00:00Z,62029.1
2026-04-13T08:00:00Z,66138.8
2026-04-13T09:00:00Z,67536.6
2026-04-13T10:00:00Z,69145.6
2026-04-13T11:00:00Z,70461.5
2026-04-13T12:00:00Z,70775.3
2026-04-13T13:00:00Z,71853.1
2026-04-13T14:00:00Z,70342.4
2026-04-13T15:00:00Z,69867.6
2026-04-13T16:00:00Z,66012.8
2026-04-13T17:00:00Z,62796.6
2026-04-13T18:00:00Z,58335.9
2026-04-13T19:00:00Z,54724.8
2026-04-13T20:00:00Z,53020.8
2026-04-13T21:00:00Z,49563.0
2026-04-13T22:00:00Z,47804.7
2026-04-13T23:00:00Z,46571.1
2026-04-14T00:00:00Z,44075.2
2026-04-14T01:00:00Z,45474.9
2026-04-14T02:00:00Z,48930.1
2026-04-14T03:00:00Z,50057.7
2026-04-14T04:00:00Z,54239.3
2026-04-14T05:00:00Z,55280.7
2026-04-14T06:00:00Z,59530.7
2026-04-14T07:00:00Z,64141.1
2026-04-14T08:00:00Z,69134.9
2026-04-14T09:00:00Z,69213.1
2026-04-14T10:00:00Z,69885.4
2026-04-14T11:00:00Z,71957.2
2026-04-14T12:00:00Z,71640.3
2026-04-14T13:00:00Z,71431.0
2026-04-14T14:00:00Z,70697.6
2026-04-14T15:00:00Z,67829.4
2026-04-14T16:00:00Z,66099.6
2026-04-14T17:00:00Z,60539.3
2026-04-14T18:00:00Z,59030.1
2026-04-14T19:00:00Z,54422.7
2026-04-14T20:00:00Z,51679.4
2026-04-14T21:00:00Z,50937.5
2026-04-14T22:00:00Z,46515.0
2026-04-14T23:00:00Z,45893.9
2026-04-15T00:00:00Z,45996.0
2026-04-15T01:00:00Z,46887.3
2026-04-15T02:00:00Z,48165.8
2026-04-15T03:00:00Z,48808.1
2026-04-15T04:00:00Z,51278.8
2026-04-15T05:00:00Z,56432.9
2026-04-15T06:00:00Z,60334.7
2026-04-15T07:00:00Z,61073.7
2026-04-15T08:00:00Z,66725.1
2026-04-15T09:00:00Z,68401.9
2026-04-15T10:00:00Z,71227.6
2026-04-15T11:00:00Z,71092.5
2026-04-15T12:00:00Z,73504.7
2026-04-15T13:00:00Z,73127.5
2026-04-15T14:00:00Z,68313.0
2026-04-15T15:00:00Z,70126.3
2026-04-15T16:00:00Z,65928.5
2026-04-15T17:00:00Z,61122.0
2026-04-15T18:00:00Z,59915.3
2026-04-15T19:00:00Z,54145.7
2026-04-15T20:00:00Z,52935.0
2026-04-15T21:00:00Z,50879.0
2026-04-15T22:00:00Z,46524.6
2026-04-15T23:00:00Z,44921.3
2026-04-16T00:00:00Z,43459.2
2026-04-16T01:00:00Z,45004.3
2026-04-16T02:00:00Z,49073.6
2026-04-16T03:00:00Z,47980.4
2026-04-16T04:00:00Z,53660.2
2026-04-16T05:00:00Z,56303.3
2026-04-16T06:00:00Z,58388.6
2026-04-16T07:00:00Z,63043.6
2026-04-16T08:00:00Z,65712.2
2026-04-16T09:00:00Z,68655.8
2026-04-16T10:00:00Z,71415.5
2026-04-16T11:00:00Z,72575.6
2026-04-16T12:00:00Z,71789.6
2026-04-16T13:00:00Z,72134.3
2026-04-16T14:00:00Z,70840.0
2026-04-16T15:00:00Z,68212.1
2026-04-16T16:00:00Z,64841.7
2026-04-16T17:00:00Z,62216.4
2026-04-16T18:00:00Z,58720.7
2026-04-16T19:00:00Z,55426.5
2026-04-16T20:00:00Z,50659.1
2026-04-16T21:00:00Z,46987.7
2026-04-16T22:00:00Z,47945.7
2026-04-16T23:00:00Z,45908.6
2026-04-17T00:00:00Z,44129.5
2026-04-17T01:00:00Z,46606.2
2026-04-17T02:00:00Z,46676.0
2026-04-17T03:00:00Z,48286.1
2026-04-17T04:00:00Z,53477.6
2026-04-17T05:00:00Z,56518.6
2026-04-17T06:00:00Z,58447.8
2026-04-17T07:00:00Z,63425.6
2026-04-17T08:00:00Z,66264.6
2026-04-17T09:00:00Z,66800.2
2026-04-17T10:00:00Z,68762.7
2026-04-17T11:00:00Z,72095.4
2026-04-17T12:00:00Z,71710.0
2026-04-17T13:00:00Z,70731.2
2026-04-17T14:00:00Z,70237.5
2026-04-17T15:00:00Z,68669.6
2026-04-17T16:00:00Z,66429.7
2026-04-17T17:00:00Z,62068.9
2026-04-17T18:00:00Z,57867.5
2026-04-17T19:00:00Z,56300.0
2026-04-17T20:00:00Z,50636.9
2026-04-17T21:00:00Z,47815.8
2026-04-17T22:00:00Z,46373.5
2026-04-17T23:00:00Z,44925.9
2026-04-18T00:00:00Z,41804.1
2026-04-18T01:00:00Z,41269.4
2026-04-18T02:00:00Z,44271.8
2026-04-18T03:00:00Z,44597.4
2026-04-18T04:00:00Z,47481.8
2026-04-18T05:00:00Z,53441.2
2026-04-18T06:00:00Z,54627.2
2026-04-18T07:00:00Z,57855.7
2026-04-18T08:00:00Z,62140.9
2026-04-18T09:00:00Z,65972.1
2026-04-18T10:00:00Z,68210.2
2026-04-18T11:00:00Z,67205.5
2026-04-18T12:00:00Z,66618.1
2026-04-18T13:00:00Z,66774.8
2026-04-18T14:00:00Z,66244.8
2026-04-18T15:00:00Z,65777.5
2026-04-18T16:00:00Z,63267.1
2026-04-18T17:00:00Z,57654.8
2026-04-18T18:00:00Z,53876.9
2026-04-18T19:00:00Z,52724.7
2026-04-18T20:00:00Z,48084.2
2026-04-18T21:00:00Z,45283.9
2026-04-18T22:00:00Z,44954.6
2026-04-18T23:00:00Z,42703.6
2026-04-19T00:00:00Z,39911.0
2026-04-19T01:00:00Z,42305.8
2026-04-19T02:00:00Z,43267.4
2026-04-19T03:00:00Z,46448.4
2026-04-19T04:00:00Z,46597.8
2026-04-19T05:00:00Z,51254.9
2026-04-19T06:00:00Z,54061.6
2026-04-19T07:00:00Z,58592.0
2026-04-19T08:00:00Z,60647.1
2026-04-19T09:00:00Z,65416.9
2026-04-19T10:00:00Z,65550.1
2026-04-19T11:00:00Z,69275.1
2026-04-19T12:00:00Z,69834.7
2026-04-19T13:00:00Z,67959.7
2026-04-19T14:00:00Z,68279.1
2026-04-19T15:00:00Z,66130.6
2026-04-19T16:00:00Z,61618.1
2026-04-19T17:00:00Z,57461.6
2026-04-19T18:00:00Z,54342.9
2026-04-19T19:00:00Z,50807.2
2026-04-19T20:00:00Z,49410.9
2026-04-19T21:00:00Z,46332.3
2026-04-19T22:00:00Z,43589.2
2026-04-19T23:00:00Z,42747.1
2026-04-20T00:00:00Z,46236.2
2026-04-20T01:00:00Z,44794.4
2026-04-20T02:00:00Z,46507.9
2026-04-20T03:00:00Z,47732.2
2026-04-20T04:00:00Z,52872.4
2026-04-20T05:00:00Z,55876.3
2026-04-20T06:00:00Z,59789.0
2026-04-20T07:00:00Z,62588.0
2026-04-20T08:00:00Z,65915.7
2026-04-20T09:00:00Z,67681.8
2026-04-20T10:00:00Z,69710.6
2026-04-20T11:00:00Z,73531.7
2026-04-20T12:00:00Z,70026.2
2026-04-20T13:00:00Z,73311.9
2026-04-20T14:00:00Z,69158.0
2026-04-20T15:00:00Z,67611.8
2026-04-20T16:00:00Z,66735.9
2026-04-20T17:00:00Z,61427.6
2026-04-20T18:00:00Z,56720.9
2026-04-20T19:00:00Z,56020.8
2026-04-20T20:00:00Z,52998.6
2026-04-20T21:00:00Z,49705.9
2026-04-20T22:00:00Z,45472.1
2026-04-20T23:00:00Z,46001.6
2026-04-21T00:00:00Z,45168.1
2026-04-21T01:00:00Z,45342.9
2026-04-21T02:00:00Z,47372.1
2026-04-21T03:00:00Z,48052.6
2026-04-21T04:00:00Z,53510.9
2026-04-21T05:00:00Z,54581.1
2026-04-21T06:00:00Z,58980.2
2026-04-21T07:00:00Z,62783.6
2026-04-21T08:00:00Z,65509.7
2026-04-21T09:00:00Z,69297.1
2026-04-21T10:00:00Z,70601.4
2026-04-21T11:00:00Z,72534.1
2026-04-21T12:00:00Z,71040.5
2026-04-21T13:00:00Z,72441.5
2026-04-21T14:00:00Z,70560.3
2026-04-21T15:00:00Z,66938.3
2026-04-21T16:00:00Z,65562.1
2026-04-21T17:00:00Z,61533.6
2026-04-21T18:00:00Z,58170.2
2026-04-21T19:00:00Z,53590.4
2026-04-21T20:00:00Z,50810.4
2026-04-21T21:00:00Z,48273.2
2026-04-21T22:00:00Z,46909.3
2026-04-21T23:00:00Z,45730.6
2026-04-22T00:00:00Z,44921.3
2026-04-22T01:00:00Z,44654.4
2026-04-22T02:00:00Z,47084.2
2026-04-22T03:00:00Z,50552.9
2026-04-22T04:00:00Z,52785.5
2026-04-22T05:00:00Z,55636.0
2026-04-22T06:00:00Z,59197.8
2026-04-22T07:00:00Z,62109.8
2026-04-22T08:00:00Z,65707.7
2026-04-22T09:00:00Z,68828.5
2026-04-22T10:00:00Z,70921.7
2026-04-22T11:00:00Z,72685.6
2026-04-22T12:00:00Z,73603.1
2026-04-22T13:00:00Z,73210.6
2026-04-22T14:00:00Z,71161.2
2026-04-22T15:00:00Z,68131.2
2026-04-22T16:00:00Z,64365.2
2026-04-22T17:00:00Z,60464.8
2026-04-22T18:00:00Z,59974.4
2026-04-22T19:00:00Z,56009.4
2026-04-22T20:00:00Z,51944.9
2026-04-22T21:00:00Z,48078.3
2026-04-22T22:00:00Z,47399.8
2026-04-22T23:00:00Z,47282.5
2026-04-23T00:00:00Z,46888.4
2026-04-23T01:00:00Z,48435.2
2026-04-23T02:00:00Z,48163.1
2026-04-23T03:00:00Z,50318.8
2026-04-23T04:00:00Z,53525.2
2026-04-23T05:00:00Z,53549.9
2026-04-23T06:00:00Z,59807.9
2026-04-23T07:00:00Z,61567.5
2026-04-23T08:00:00Z,66096.3
2026-04-23T09:00:00Z,66685.1
2026-04-23T10:00:00Z,69427.5
2026-04-23T11:00:00Z,70869.0
2026-04-23T12:00:00Z,71790.5
2026-04-23T13:00:00Z,72760.2
2026-04-23T14:00:00Z,69380.3
2026-04-23T15:00:00Z,69233.7
2026-04-23T16:00:00Z,66795.4
2026-04-23T17:00:00Z,61059.2
2026-04-23T18:00:00Z,59952.4
2026-04-23T19:00:00Z,57335.3
2026-04-23T20:00:00Z,51349.3
2026-04-23T21:00:00Z,49975.8
2026-04-23T22:00:00Z,48761.6
2026-04-23T23:00:00Z,45068.3
2026-04-24T00:00:00Z,44588.3
2026-04-24T01:00:00Z,45607.3
2026-04-24T02:00:00Z,46955.0
2026-04-24T03:00:00Z,48140.0
2026-04-24T04:00:00Z,51626.9
2026-04-24T05:00:00Z,54308.4
2026-04-24T06:00:00Z,59490.6
2026-04-24T07:00:00Z,65058.4
2026-04-24T08:00:00Z,66866.5
2026-04-24T09:00:00Z,66886.0
2026-04-24T10:00:00Z,71998.6
2026-04-24T11:00:00Z,70907.9
2026-04-24T12:00:00Z,73102.3
2026-04-24T13:00:00Z,71649.7
2026-04-24T14:00:00Z,72245.5
2026-04-24T15:00:00Z,68525.9
2026-04-24T16:00:00Z,65780.1
2026-04-24T17:00:00Z,62389.8
2026-04-24T18:00:00Z,58725.4
2026-04-24T19:00:00Z,55753.5
2026-04-24T20:00:00Z,54171.2
2026-04-24T21:00:00Z,51112.8
2026-04-24T22:00:00Z,47993.6
2026-04-24T23:00:00Z,45896.8
2026-04-25T00:00:00Z,41495.5
2026-04-25T01:00:00Z,43621.7
2026-04-25T02:00:00Z,42439.1
2026-04-25T03:00:00Z,44436.2
2026-04-25T04:00:00Z,47608.8
2026-04-25T05:00:00Z,51978.8
2026-04-25T06:00:00Z,55509.2
2026-04-25T07:00:00Z,59137.2
2026-04-25T08:00:00Z,61657.4
2026-04-25T09:00:00Z,63917.0
2026-04-25T10:00:00Z,64538.8
2026-04-25T11:00:00Z,68660.7
2026-04-25T12:00:00Z,67863.9
2026-04-25T13:00:00Z,69417.1
2026-04-25T14:00:00Z,65605.8
2026-04-25T15:00:00Z,64851.3
2026-04-25T16:00:00Z,62519.2
2026-04-25T17:00:00Z,59035.1
2026-04-25T18:00:00Z,55990.9
2026-04-25T19:00:00Z,52655.6
2026-04-25T20:00:00Z,48706.2
2026-04-25T21:00:00Z,46550.0
2026-04-25T22:00:00Z,43354.8
2026-04-25T23:00:00Z,41935.6
2026-04-26T00:00:00Z,44615.3
2026-04-26T01:00:00Z,41990.1
2026-04-26T02:00:00Z,43113.9
2026-04-26T03:00:00Z,43486.2
2026-04-26T04:00:00Z,47264.8
2026-04-26T05:00:00Z,51684.6
2026-04-26T06:00:00Z,54278.2
2026-04-26T07:00:00Z,58689.0
2026-04-26T08:00:00Z,60477.2
2026-04-26T09:00:00Z,66129.5
2026-04-26T10:00:00Z,67075.3
2026-04-26T11:00:00Z,67758.0
2026-04-26T12:00:00Z,68242.8
2026-04-26T13:00:00Z,67982.8
2026-04-26T14:00:00Z,67736.7
2026-04-26T15:00:00Z,63983.8
2026-04-26T16:00:00Z,62367.0
2026-04-26T17:00:00Z,58292.6
2026-04-26T18:00:00Z,53682.9
2026-04-26T19:00:00Z,51146.1
2026-04-26T20:00:00Z,48365.5
2026-04-26T21:00:00Z,46061.5
2026-04-26T22:00:00Z,45156.1
2026-04-26T23:00:00Z,40875.3
2026-04-27T00:00:00Z,44633.0
2026-04-27T01:00:00Z,46391.9
2026-04-27T02:00:00Z,47087.8
2026-04-27T03:00:00Z,47616.5
2026-04-27T04:00:00Z,53141.0
2026-04-27T05:00:00Z,54163.2
2026-04-27T06:00:00Z,57299.7
2026-04-27T07:00:00Z,61240.9
2026-04-27T08:00:00Z,63525.7
2026-04-27T09:00:00Z,67606.2
2026-04-27T10:00:00Z,71084.3
2026-04-27T11:00:00Z,73254.2
2026-04-27T12:00:00Z,72012.5
2026-04-27T13:00:00Z,71168.0
2026-04-27T14:00:00Z,70740.0
2026-04-27T15:00:00Z,67921.0
2026-04-27T16:00:00Z,68853.4
2026-04-27T17:00:00Z,64357.4
2026-04-27T18:00:00Z,59561.6
2026-04-27T19:00:00Z,55185.2
2026-04-27T20:00:00Z,52751.7
2026-04-27T21:00:00Z,50321.2
2026-04-27T22:00:00Z,47029.8
2026-04-27T23:00:00Z,46822.3
2026-04-28T00:00:00Z,48673.2
2026-04-28T01:00:00Z,43592.3
2026-04-28T02:00:00Z,47630.5
2026-04-28T03:00:00Z,50520.8
2026-04-28T04:00:00Z,51425.6
2026-04-28T05:00:00Z,54305.2
2026-04-28T06:00:00Z,59512.2
2026-04-28T07:00:00Z,62405.8
2026-04-28T08:00:00Z,65388.3
2026-04-28T09:00:00Z,67324.8
2026-04-28T10:00:00Z,72535.4
2026-04-28T11:00:00Z,71805.8
2026-04-28T12:00:00Z,73557.0
2026-04-28T13:00:00Z,72165.0
2026-04-28T14:00:00Z,69301.2
2026-04-28T15:00:00Z,68616.3
2026-04-28T16:00:00Z,63701.3
2026-04-28T17:00:00Z,63120.5
2026-04-28T18:00:00Z,59001.5
2026-04-28T19:00:00Z,53633.4
2026-04-28T20:00:00Z,52801.3
2026-04-28T21:00:00Z,51014.3
2026-04-28T22:00:00Z,46302.6
2026-04-28T23:00:00Z,43645.8
2026-04-29T00:00:00Z,43351.7
2026-04-29T01:00:00Z,45213.0
2026-04-29T02:00:00Z,49081.5
2026-04-29T03:00:00Z,48015.5
2026-04-29T04:00:00Z,54410.4
2026-04-29T05:00:00Z,54180.0
2026-04-29T06:00:00Z,59181.1
2026-04-29T07:00:00Z,60713.7
2026-04-29T08:00:00Z,66679.3
2026-04-29T09:00:00Z,68309.0
2026-04-29T10:00:00Z,72194.9
2026-04-29T11:00:00Z,72272.9
2026-04-29T12:00:00Z,73154.5
2026-04-29T13:00:00Z,72966.2
2026-04-29T14:00:00Z,71320.0
2026-04-29T15:00:00Z,69075.6
2026-04-29T16:00:00Z,65572.2
2026-04-29T17:00:00Z,62390.9
2026-04-29T18:00:00Z,58332.4
2026-04-29T19:00:00Z,57008.7
2026-04-29T20:00:00Z,51737.9
2026-04-29T21:00:00Z,47030.7
2026-04-29T22:00:00Z,47756.7
2026-04-29T23:00:00Z,47021.4
2026-04-30T00:00:00Z,44828.8
2026-04-30T01:00:00Z,45896.0
2026-04-30T02:00:00Z,46846.1
2026-04-30T03:00:00Z,50193.6
2026-04-30T04:00:00Z,53973.7
2026-04-30T05:00:00Z,55769.2
2026-04-30T06:00:00Z,59020.7
2026-04-30T07:00:00Z,63836.9
2026-04-30T08:00:00Z,66515.7
2026-04-30T09:00:00Z,68225.0
2026-04-30T10:00:00Z,70827.0
2026-04-30T11:00:00Z,74084.0
2026-04-30T12:00:00Z,72943.2
2026-04-30T13:00:00Z,72758.9
2026-04-30T14:00:00Z,69776.4
2026-04-30T15:00:00Z,70384.3
2026-04-30T16:00:00Z,65343.9
2026-04-30T17:00:00Z,62751.0
2026-04-30T18:00:00Z,59404.6
2026-04-30T19:00:00Z,54672.1
2026-04-30T20:00:00Z,51093.9
2026-04-30T21:00:00Z,50914.9
2026-04-30T22:00:00Z,47438.8
2026-04-30T23:00:00Z,47132.0
2026-05-01T00:00:00Z,48367.4
2026-05-01T01:00:00Z,45278.1
2026-05-01T02:00:00Z,47512.3
2026-05-01T03:00:00Z,49765.7
2026-05-01T04:00:00Z,50553.6
2026-05-01T05:00:00Z,54753.6
2026-05-01T06:00:00Z,61463.8
2026-05-01T07:00:00Z,62756.2
2026-05-01T08:00:00Z,67270.2
2026-05-01T09:00:00Z,71016.8
2026-05-01T10:00:00Z,70569.0
2026-05-01T11:00:00Z,74171.1
2026-05-01T12:00:00Z,74001.8
2026-05-01T13:00:00Z,71916.5
2026-05-01T14:00:00Z,71547.7
2026-05-01T15:00:00Z,69916.8
2026-05-01T16:00:00Z,65746.6
2026-05-01T17:00:00Z,63810.2
2026-05-01T18:00:00Z,60131.5
2026-05-01T19:00:00Z,52622.5
2026-05-01T20:00:00Z,52738.4
2026-05-01T21:00:00Z,48785.2
2026-05-01T22:00:00Z,48310.8
2026-05-01T23:00:00Z,46014.7
2026-05-02T00:00:00Z,42964.8
2026-05-02T01:00:00Z,41968.3
2026-05-02T02:00:00Z,42378.6
2026-05-02T03:00:00Z,47874.9
2026-05-02T04:00:00Z,48315.3
2026-05-02T05:00:00Z,53106.0
2026-05-02T06:00:00Z,55341.6
2026-05-02T07:00:00Z,57834.7
2026-05-02T08:00:00Z,61065.1
2026-05-02T09:00:00Z,66618.4
2026-05-02T10:00:00Z,67707.7
2026-05-02T11:00:00Z,68852.0
2026-05-02T12:00:00Z,67035.4
2026-05-02T13:00:00Z,68749.5
2026-05-02T14:00:00Z,66806.5
2026-05-02T15:00:00Z,65493.8
2026-05-02T16:00:00Z,62214.0
2026-05-02T17:00:00Z,58642.2
2026-05-02T18:00:00Z,55517.3
2026-05-02T19:00:00Z,51456.0
2026-05-02T20:00:00Z,50037.5
2026-05-02T21:00:00Z,45204.5
2026-05-02T22:00:00Z,43210.2
2026-05-02T23:00:00Z,43802.2
2026-05-03T00:00:00Z,42842.0
2026-05-03T01:00:00Z,42617.3
2026-05-03T02:00:00Z,44003.3
2026-05-03T03:00:00Z,46760.4
2026-05-03T04:00:00Z,48719.2
2026-05-03T05:00:00Z,50530.6
2026-05-03T06:00:00Z,56912.6
2026-05-03T07:00:00Z,58844.8
2026-05-03T08:00:00Z,60062.3
2026-05-03T09:00:00Z,63925.7
2026-05-03T10:00:00Z,66413.6
2026-05-03T11:00:00Z,68445.2
2026-05-03T12:00:00Z,70796.4
2026-05-03T13:00:00Z,68385.7
2026-05-03T14:00:00Z,67017.2
2026-05-03T15:00:00Z,63633.3
2026-05-03T16:00:00Z,63578.7
2026-05-03T17:00:00Z,59081.2
2026-05-03T18:00:00Z,54293.5
2026-05-03T19:00:00Z,52804.8
2026-05-03T20:00:00Z,50527.5
2026-05-03T21:00:00Z,45482.1
2026-05-03T22:00:00Z,43569.4
2026-05-03T23:00:00Z,43562.9
2026-05-04T00:00:00Z,48350.6
2026-05-04T01:00:00Z,44740.0
2026-05-04T02:00:00Z,49250.4
2026-05-04T03:00:00Z,49100.8
2026-05-04T04:00:00Z,49977.8
2026-05-04T05:00:00Z,56773.5
2026-05-04T06:00:00Z,57356.5
2026-05-04T07:00:00Z,61860.2
2026-05-04T08:00:00Z,68504.7
2026-05-04T09:00:00Z,67974.0
2026-05-04T10:00:00Z,72379.4
2026-05-04T11:00:00Z,71097.0
2026-05-04T12:00:00Z,72517.6
2026-05-04T13:00:00Z,72953.3
2026-05-04T14:00:00Z,68530.7
2026-05-04T15:00:00Z,68267.1
2026-05-04T16:00:00Z,68238.1
2026-05-04T17:00:00Z,62022.6
2026-05-04T18:00:00Z,59064.1
2026-05-04T19:00:00Z,55870.3
2026-05-04T20:00:00Z,51890.5
2026-05-04T21:00:00Z,52103.9
2026-05-04T22:00:00Z,45685.6
2026-05-04T23:00:00Z,47843.8
2026-05-05T00:00:00Z,46863.0
2026-05-05T01:00:00Z,46312.5
2026-05-05T02:00:00Z,49081.8
2026-05-05T03:00:00Z,48120.6
2026-05-05T04:00:00Z,52782.8
2026-05-05T05:00:00Z,57063.6
2026-05-05T06:00:00Z,59929.0
2026-05-05T07:00:00Z,61904.4
2026-05-05T08:00:00Z,66589.2
2026-05-05T09:00:00Z,69781.7
2026-05-05T10:00:00Z,69791.2
2026-05-05T11:00:00Z,72488.4
2026-05-05T12:00:00Z,71597.0
2026-05-05T13:00:00Z,71455.6
2026-05-05T14:00:00Z,69630.9
2026-05-05T15:00:00Z,69343.7
2026-05-05T16:00:00Z,65587.3
2026-05-05T17:00:00Z,61694.0
2026-05-05T18:00:00Z,60010.0
2026-05-05T19:00:00Z,54782.8
2026-05-05T20:00:00Z,52071.0
2026-05-05T21:00:00Z,48488.6
2026-05-05T22:00:00Z,46650.8
2026-05-05T23:00:00Z,47962.6
2026-05-06T00:00:00Z,45740.3
2026-05-06T01:00:00Z,45109.7
2026-05-06T02:00:00Z,48513.3
2026-05-06T03:00:00Z,49363.4
2026-05-06T04:00:00Z,52632.7
2026-05-06T05:00:00Z,56186.6
2026-05-06T06:00:00Z,61046.3
2026-05-06T07:00:00Z,64215.4
2026-05-06T08:00:00Z,64627.3
2026-05-06T09:00:00Z,70295.5
2026-05-06T10:00:00Z,73007.3
2026-05-06T11:00:00Z,71473.2
2026-05-06T12:00:00Z,72519.3
2026-05-06T13:00:00Z,72895.3
2026-05-06T14:00:00Z,72600.9
2026-05-06T15:00:00Z,67668.6
2026-05-06T16:00:00Z,68116.1
2026-05-06T17:00:00Z,64388.3
2026-05-06T18:00:00Z,59877.7
2026-05-06T19:00:00Z,58159.1
2026-05-06T20:00:00Z,51499.6
2026-05-06T21:00:00Z,52182.0
2026-05-06T22:00:00Z,47866.3
2026-05-06T23:00:00Z,47895.3
2026-05-07T00:00:00Z,44516.3
2026-05-07T01:00:00Z,48053.2
2026-05-07T02:00:00Z,48264.1
2026-05-07T03:00:00Z,48526.7
2026-05-07T04:00:00Z,52562.9
2026-05-07T05:00:00Z,58524.2
2026-05-07T06:00:00Z,58763.7
2026-05-07T07:00:00Z,63274.7
2026-05-07T08:00:00Z,67446.0
2026-05-07T09:00:00Z,70915.0
2026-05-07T10:00:00Z,71444.9
2026-05-07T11:00:00Z,73158.6
2026-05-07T12:00:00Z,73427.8
2026-05-07T13:00:00Z,73673.8
2026-05-07T14:00:00Z,69691.4
2026-05-07T15:00:00Z,68239.6
2026-05-07T16:00:00Z,65346.7
2026-05-07T17:00:00Z,64689.7
2026-05-07T18:00:00Z,58152.5
2026-05-07T19:00:00Z,55076.5
2026-05-07T20:00:00Z,53969.7
2026-05-07T21:00:00Z,47796.1
2026-05-07T22:00:00Z,46671.2
2026-05-07T23:00:00Z,45808.4
2026-05-08T00:00:00Z,47664.6
2026-05-08T01:00:00Z,48201.4
2026-05-08T02:00:00Z,50559.8
2026-05-08T03:00:00Z,46716.4
2026-05-08T04:00:00Z,51342.3
2026-05-08T05:00:00Z,56877.9
2026-05-08T06:00:00Z,57521.6
2026-05-08T07:00:00Z,64118.0
2026-05-08T08:00:00Z,64737.5
2026-05-08T09:00:00Z,70440.2
2026-05-08T10:00:00Z,70845.0
2026-05-08T11:00:00Z,71380.0
2026-05-08T12:00:00Z,72892.7
2026-05-08T13:00:00Z,75235.1
2026-05-08T14:00:00Z,72398.1
2026-05-08T15:00:00Z,71651.6
2026-05-08T16:00:00Z,65267.9
2026-05-08T17:00:00Z,63127.2
2026-05-08T18:00:00Z,60592.9
2026-05-08T19:00:00Z,57511.6
2026-05-08T20:00:00Z,52986.3
2026-05-08T21:00:00Z,50343.5
2026-05-08T22:00:00Z,47459.0
2026-05-08T23:00:00Z,46509.5
2026-05-09T00:00:00Z,41796.5
2026-05-09T01:00:00Z,44076.3
2026-05-09T02:00:00Z,44727.2
2026-05-09T03:00:00Z,46435.2
2026-05-09T04:00:00Z,49801.6
2026-05-09T05:00:00Z,53346.6
2026-05-09T06:00:00Z,55500.5
2026-05-09T07:00:00Z,59113.0
2026-05-09T08:00:00Z,63060.5
2026-05-09T09:00:00Z,63631.1
2026-05-09T10:00:00Z,67109.6
2026-05-09T11:00:00Z,68347.2
2026-05-09T12:00:00Z,70453.3
2026-05-09T13:00:00Z,67667.8
2026-05-09T14:00:00Z,67794.2
2026-05-09T15:00:00Z,65980.5
2026-05-09T16:00:00Z,61518.9
2026-05-09T17:00:00Z,61690.2
2026-05-09T18:00:00Z,53467.1
2026-05-09T19:00:00Z,51384.3
2026-05-09T20:00:00Z,51760.2
2026-05-09T21:00:00Z,49614.9
2026-05-09T22:00:00Z,44601.6
2026-05-09T23:00:00Z,44022.5
2026-05-10T00:00:00Z,41953.8
2026-05-10T01:00:00Z,43109.2
2026-05-10T02:00:00Z,44090.6
2026-05-10T03:00:00Z,47707.4
2026-05-10T04:00:00Z,49973.8
2026-05-10T05:00:00Z,51852.3
2026-05-10T06:00:00Z,56961.7
2026-05-10T07:00:00Z,57638.7
2026-05-10T08:00:00Z,65111.7
2026-05-10T09:00:00Z,64157.4
2026-05-10T10:00:00Z,66742.1
2026-05-10T11:00:00Z,70088.6
2026-05-10T12:00:00Z,69822.7
2026-05-10T13:00:00Z,70187.3
2026-05-10T14:00:00Z,67610.4
2026-05-10T15:00:00Z,68127.3
2026-05-10T16:00:00Z,60320.9
2026-05-10T17:00:00Z,60864.0
2026-05-10T18:00:00Z,59169.2
2026-05-10T19:00:00Z,53869.1
2026-05-10T20:00:00Z,49695.9
2026-05-10T21:00:00Z,47410.9
2026-05-10T22:00:00Z,44325.7
2026-05-10T23:00:00Z,44076.4
2026-05-11T00:00:00Z,46218.5
2026-05-11T01:00:00Z,47516.7
2026-05-11T02:00:00Z,48286.5
2026-05-11T03:00:00Z,50483.0
2026-05-11T04:00:00Z,52329.4
2026-05-11T05:00:00Z,56017.3
2026-05-11T06:00:00Z,58235.1
2026-05-11T07:00:00Z,62989.3
2026-05-11T08:00:00Z,66639.2
2026-05-11T09:00:00Z,69986.2
2026-05-11T10:00:00Z,71619.7
2026-05-11T11:00:00Z,72538.6
2026-05-11T12:00:00Z,73361.9
2026-05-11T13:00:00Z,72572.0
2026-05-11T14:00:00Z,71910.3
2026-05-11T15:00:00Z,70757.1
2026-05-11T16:00:00Z,66244.3
2026-05-11T17:00:00Z,63923.4
2026-05-11T18:00:00Z,59752.8
2026-05-11T19:00:00Z,56378.4
2026-05-11T20:00:00Z,54564.4
2026-05-11T21:00:00Z,48287.4
2026-05-11T22:00:00Z,48011.4
2026-05-11T23:00:00Z,45696.4
2026-05-12T00:00:00Z,45391.0
2026-05-12T01:00:00Z,46125.6
2026-05-12T02:00:00Z,48208.1
2026-05-12T03:00:00Z,51197.1
2026-05-12T04:00:00Z,52223.9
2026-05-12T05:00:00Z,55181.2
2026-05-12T06:00:00Z,60508.0
2026-05-12T07:00:00Z,65271.5
2026-05-12T08:00:00Z,68150.3
2026-05-12T09:00:00Z,70966.9
2026-05-12T10:00:00Z,71768.5
2026-05-12T11:00:00Z,74137.3
2026-05-12T12:00:00Z,74577.1
2026-05-12T13:00:00Z,71114.3
2026-05-12T14:00:00Z,72397.7
2026-05-12T15:00:00Z,68452.9
2026-05-12T16:00:00Z,68809.0
2026-05-12T17:00:00Z,63678.8
2026-05-12T18:00:00Z,59537.8
2026-05-12T19:00:00Z,57204.3
2026-05-12T20:00:00Z,53606.2
2026-05-12T21:00:00Z,51566.0
2026-05-12T22:00:00Z,49289.2
2026-05-12T23:00:00Z,45609.5
2026-05-13T00:00:00Z,45877.2
2026-05-13T01:00:00Z,46933.1
2026-05-13T02:00:00Z,49151.9
2026-05-13T03:00:00Z,52381.2
2026-05-13T04:00:00Z,52913.2
2026-05-13T05:00:00Z,57164.5
2026-05-13T06:00:00Z,61382.7
2026-05-13T07:00:00Z,64542.3
2026-05-13T08:00:00Z,66228.8
2026-05-13T09:00:00Z,69859.8
2026-05-13T10:00:00Z,72819.0
2026-05-13T11:00:00Z,73255.9
2026-05-13T12:00:00Z,73758.0
2026-05-13T13:00:00Z,72790.5
2026-05-13T14:00:00Z,70739.0
2026-05-13T15:00:00Z,69344.1
2026-05-13T16:00:00Z,65938.9
2026-05-13T17:00:00Z,63289.9
2026-05-13T18:00:00Z,59937.2
2026-05-13T19:00:00Z,58612.9
2026-05-13T20:00:00Z,54581.3
2026-05-13T21:00:00Z,50475.4
2026-05-13T22:00:00Z,49125.7
2026-05-13T23:00:00Z,44453.7
2026-05-14T00:00:00Z,46942.5
2026-05-14T01:00:00Z,48795.9
2026-05-14T02:00:00Z,46622.1
2026-05-14T03:00:00Z,49430.6
2026-05-14T04:00:00Z,52803.1
2026-05-14T05:00:00Z,56166.3
2026-05-14T06:00:00Z,60874.9
2026-05-14T07:00:00Z,64764.4
2026-05-14T08:00:00Z,65922.6
2026-05-14T09:00:00Z,68774.3
2026-05-14T10:00:00Z,72897.3
2026-05-14T11:00:00Z,74604.8
2026-05-14T12:00:00Z,75134.7
2026-05-14T13:00:00Z,73893.6
2026-05-14T14:00:00Z,71562.7
2026-05-14T15:00:00Z,69774.1
2026-05-14T16:00:00Z,65856.6
2026-05-14T17:00:00Z,62582.3
2026-05-14T18:00:00Z,58908.2
2026-05-14T19:00:00Z,56850.3
2026-05-14T20:00:00Z,53778.5
2026-05-14T21:00:00Z,50346.2
2026-05-14T22:00:00Z,48677.1
2026-05-14T23:00:00Z,47765.8
2026-05-15T00:00:00Z,47258.5
2026-05-15T01:00:00Z,46811.2
2026-05-15T02:00:00Z,48518.2
2026-05-15T03:00:00Z,51318.0
2026-05-15T04:00:00Z,54238.4
2026-05-15T05:00:00Z,58141.9
2026-05-15T06:00:00Z,63960.5
2026-05-15T07:00:00Z,64846.3
2026-05-15T08:00:00Z,66494.2
2026-05-15T09:00:00Z,70960.8
2026-05-15T10:00:00Z,72006.7
2026-05-15T11:00:00Z,72665.9
2026-05-15T12:00:00Z,72584.8
2026-05-15T13:00:00Z,73157.8
2026-05-15T14:00:00Z,71356.1
2026-05-15T15:00:00Z,72136.2
2026-05-15T16:00:00Z,67036.1
2026-05-15T17:00:00Z,66273.0
2026-05-15T18:00:00Z,59646.9
2026-05-15T19:00:00Z,56871.5
2026-05-15T20:00:00Z,53252.6
2026-05-15T21:00:00Z,50108.4
2026-05-15T22:00:00Z,49222.6
2026-05-15T23:00:00Z,48185.6
2026-05-16T00:00:00Z,43006.4
2026-05-16T01:00:00Z,43668.2
2026-05-16T02:00:00Z,45120.5
2026-05-16T03:00:00Z,47443.3
2026-05-16T04:00:00Z,49412.9
2026-05-16T05:00:00Z,52386.3
2026-05-16T06:00:00Z,57504.5
2026-05-16T07:00:00Z,59041.0
2026-05-16T08:00:00Z,64578.6
2026-05-16T09:00:00Z,66047.2
2026-05-16T10:00:00Z,68776.0
2026-05-16T11:00:00Z,69530.3
2026-05-16T12:00:00Z,71937.9
2026-05-16T13:00:00Z,70124.8
2026-05-16T14:00:00Z,70720.8
2026-05-16T15:00:00Z,65867.5
2026-05-16T16:00:00Z,63068.0
2026-05-16T17:00:00Z,61689.4
2026-05-16T18:00:00Z,59172.9
2026-05-16T19:00:00Z,52260.7
2026-05-16T20:00:00Z,49082.1
2026-05-16T21:00:00Z,48165.1
2026-05-16T22:00:00Z,44940.3
2026-05-16T23:00:00Z,44845.5
2026-05-17T00:00:00Z,44565.1
2026-05-17T01:00:00Z,43653.3
2026-05-17T02:00:00Z,44849.8
2026-05-17T03:00:00Z,47926.9
2026-05-17T04:00:00Z,51494.4
2026-05-17T05:00:00Z,54320.7
2026-05-17T06:00:00Z,55922.5
2026-05-17T07:00:00Z,60762.9
2026-05-17T08:00:00Z,64618.5
2026-05-17T09:00:00Z,67566.5
2026-05-17T10:00:00Z,68727.1
2026-05-17T11:00:00Z,70109.5
2026-05-17T12:00:00Z,68797.2
2026-05-17T13:00:00Z,69339.2
2026-05-17T14:00:00Z,70771.7
2026-05-17T15:00:00Z,66375.5
2026-05-17T16:00:00Z,63565.9
2026-05-17T17:00:00Z,60875.7
2026-05-17T18:00:00Z,56466.3
2026-05-17T19:00:00Z,50667.1
2026-05-17T20:00:00Z,47819.4
2026-05-17T21:00:00Z,47202.6
2026-05-17T22:00:00Z,45832.7
2026-05-17T23:00:00Z,43528.3
2026-05-18T00:00:00Z,48125.9
2026-05-18T01:00:00Z,47014.8
2026-05-18T02:00:00Z,50305.6
2026-05-18T03:00:00Z,51917.6
2026-05-18T04:00:00Z,52759.5
2026-05-18T05:00:00Z,57289.4
2026-05-18T06:00:00Z,61573.4
2026-05-18T07:00:00Z,66373.6
2026-05-18T08:00:00Z,66138.8
2026-05-18T09:00:00Z,69873.5
2026-05-18T10:00:00Z,72823.5
2026-05-18T11:00:00Z,70437.3
2026-05-18T12:00:00Z,74029.2
2026-05-18T13:00:00Z,73885.0
2026-05-18T14:00:00Z,72708.1
2026-05-18T15:00:00Z,72240.4
2026-05-18T16:00:00Z,69043.4
2026-05-18T17:00:00Z,64948.7
2026-05-18T18:00:00Z,62075.6
2026-05-18T19:00:00Z,56847.4
2026-05-18T20:00:00Z,54425.3
2026-05-18T21:00:00Z,51878.8
2026-05-18T22:00:00Z,47868.3
2026-05-18T23:00:00Z,49046.3
2026-05-19T00:00:00Z,47234.3
2026-05-19T01:00:00Z,45726.4
2026-05-19T02:00:00Z,50530.1
2026-05-19T03:00:00Z,50468.1
2026-05-19T04:00:00Z,52594.3
2026-05-19T05:00:00Z,57649.2
2026-05-19T06:00:00Z,60951.7
2026-05-19T07:00:00Z,65935.3
2026-05-19T08:00:00Z,66735.8
2026-05-19T09:00:00Z,72281.7
2026-05-19T10:00:00Z,73901.5
2026-05-19T11:00:00Z,74552.4
2026-05-19T12:00:00Z,75126.5
2026-05-19T13:00:00Z,75180.2
2026-05-19T14:00:00Z,71839.1
2026-05-19T15:00:00Z,71411.0
2026-05-19T16:00:00Z,68413.0
2026-05-19T17:00:00Z,62730.7
2026-05-19T18:00:00Z,59355.1
2026-05-19T19:00:00Z,57534.0
2026-05-19T20:00:00Z,54409.9
2026-05-19T21:00:00Z,50377.9
2026-05-19T22:00:00Z,50656.2
2026-05-19T23:00:00Z,48213.7
2026-05-20T00:00:00Z,48672.8
2026-05-20T01:00:00Z,47949.5
2026-05-20T02:00:00Z,49099.5
2026-05-20T03:00:00Z,52641.9
2026-05-20T04:00:00Z,54442.9
2026-05-20T05:00:00Z,59292.5
2026-05-20T06:00:00Z,61458.0
2026-05-20T07:00:00Z,65085.4
2026-05-20T08:00:00Z,67313.8
2026-05-20T09:00:00Z,71936.0
2026-05-20T10:00:00Z,74926.2
2026-05-20T11:00:00Z,73971.6
2026-05-20T12:00:00Z,78572.6
2026-05-20T13:00:00Z,74409.9
2026-05-20T14:00:00Z,72871.0
2026-05-20T15:00:00Z,71455.4
2026-05-20T16:00:00Z,67558.4
2026-05-20T17:00:00Z,65101.1
2026-05-20T18:00:00Z,62307.2
2026-05-20T19:00:00Z,58129.4
2026-05-20T20:00:00Z,54479.5
2026-05-20T21:00:00Z,50784.6
2026-05-20T22:00:00Z,50090.8
2026-05-20T23:00:00Z,47860.4
2026-05-21T00:00:00Z,46784.9
2026-05-21T01:00:00Z,49846.7
2026-05-21T02:00:00Z,51684.4
2026-05-21T03:00:00Z,51980.7
2026-05-21T04:00:00Z,55631.8
2026-05-21T05:00:00Z,59596.8
2026-05-21T06:00:00Z,62224.0
2026-05-21T07:00:00Z,65216.0
2026-05-21T08:00:00Z,68328.7
2026-05-21T09:00:00Z,72451.9
2026-05-21T10:00:00Z,71904.3
2026-05-21T11:00:00Z,73448.7
2026-05-21T12:00:00Z,75541.9
2026-05-21T13:00:00Z,73632.5
2026-05-21T14:00:00Z,71672.9
2026-05-21T15:00:00Z,71030.8
2026-05-21T16:00:00Z,68029.1
2026-05-21T17:00:00Z,63981.1
2026-05-21T18:00:00Z,62095.2
2026-05-21T19:00:00Z,57611.4
2026-05-21T20:00:00Z,53772.6
2026-05-21T21:00:00Z,51267.3
2026-05-21T22:00:00Z,47985.2
2026-05-21T23:00:00Z,48335.4
2026-05-22T00:00:00Z,47660.5
2026-05-22T01:00:00Z,49171.2
2026-05-22T02:00:00Z,49241.9
2026-05-22T03:00:00Z,53144.5
2026-05-22T04:00:00Z,55203.2
2026-05-22T05:00:00Z,58389.3
2026-05-22T06:00:00Z,60868.2
2026-05-22T07:00:00Z,65189.5
2026-05-22T08:00:00Z,67374.2
2026-05-22T09:00:00Z,70650.9
2026-05-22T10:00:00Z,74317.0
2026-05-22T11:00:00Z,75334.4
2026-05-22T12:00:00Z,74478.1
2026-05-22T13:00:00Z,76692.3
2026-05-22T14:00:00Z,74443.1
2026-05-22T15:00:00Z,71904.3
2026-05-22T16:00:00Z,69080.6
2026-05-22T17:00:00Z,66306.4
2026-05-22T18:00:00Z,61332.5
2026-05-22T19:00:00Z,58543.6
2026-05-22T20:00:00Z,55534.5
2026-05-22T21:00:00Z,50720.0
2026-05-22T22:00:00Z,48018.2
2026-05-22T23:00:00Z,48677.8
2026-05-23T00:00:00Z,43564.6
2026-05-23T01:00:00Z,45034.7
2026-05-23T02:00:00Z,44638.0
2026-05-23T03:00:00Z,48925.6
2026-05-23T04:00:00Z,52787.7
2026-05-23T05:00:00Z,54448.0
2026-05-23T06:00:00Z,59444.9
2026-05-23T07:00:00Z,61246.4
2026-05-23T08:00:00Z,64131.4
2026-05-23T09:00:00Z,66852.3
2026-05-23T10:00:00Z,67232.5
2026-05-23T11:00:00Z,70922.4
2026-05-23T12:00:00Z,71552.1
2026-05-23T13:00:00Z,71342.1
2026-05-23T14:00:00Z,69375.3
2026-05-23T15:00:00Z,67304.4
2026-05-23T16:00:00Z,64263.9
2026-05-23T17:00:00Z,59222.0
2026-05-23T18:00:00Z,56872.1
2026-05-23T19:00:00Z,54659.8
2026-05-23T20:00:00Z,49654.1
2026-05-23T21:00:00Z,49138.7
2026-05-23T22:00:00Z,48149.8
2026-05-23T23:00:00Z,46815.1
2026-05-24T00:00:00Z,44256.1
2026-05-24T01:00:00Z,44399.5
2026-05-24T02:00:00Z,47685.7
2026-05-24T03:00:00Z,47716.5
2026-05-24T04:00:00Z,50494.1
2026-05-24T05:00:00Z,56062.5
2026-05-24T06:00:00Z,56583.6
2026-05-24T07:00:00Z,60494.7
2026-05-24T08:00:00Z,65696.6
2026-05-24T09:00:00Z,67291.8
2026-05-24T10:00:00Z,69468.4
2026-05-24T11:00:00Z,72019.5
2026-05-24T12:00:00Z,72618.8
2026-05-24T13:00:00Z,70720.8
2026-05-24T14:00:00Z,69952.2
2026-05-24T15:00:00Z,68507.7
2026-05-24T16:00:00Z,66950.4
2026-05-24T17:00:00Z,61604.8
2026-05-24T18:00:00Z,57316.7
2026-05-24T19:00:00Z,54452.3
2026-05-24T20:00:00Z,51911.6
2026-05-24T21:00:00Z,48986.4
2026-05-24T22:00:00Z,44423.3
2026-05-24T23:00:00Z,44628.1
2026-05-25T00:00:00Z,47430.0
2026-05-25T01:00:00Z,50101.5
2026-05-25T02:00:00Z,50609.8
2026-05-25T03:00:00Z,51901.9
2026-05-25T04:00:00Z,57547.6
2026-05-25T05:00:00Z,56995.7
2026-05-25T06:00:00Z,61557.2
2026-05-25T07:00:00Z,66304.5
2026-05-25T08:00:00Z,69423.2
2026-05-25T09:00:00Z,70924.7
2026-05-25T10:00:00Z,74187.0
2026-05-25T11:00:00Z,75897.4
2026-05-25T12:00:00Z,76554.2
2026-05-25T13:00:00Z,74030.9
2026-05-25T14:00:00Z,72628.9
2026-05-25T15:00:00Z,70935.6
2026-05-25T16:00:00Z,68322.0
2026-05-25T17:00:00Z,65840.9
2026-05-25T18:00:00Z,60090.2
2026-05-25T19:00:00Z,61548.1
2026-05-25T20:00:00Z,56663.3
2026-05-25T21:00:00Z,52861.3
2026-05-25T22:00:00Z,50223.1
2026-05-25T23:00:00Z,50656.6
2026-05-26T00:00:00Z,48583.4
2026-05-26T01:00:00Z,49459.9
2026-05-26T02:00:00Z,49091.7
2026-05-26T03:00:00Z,52729.6
2026-05-26T04:00:00Z,53801.1
2026-05-26T05:00:00Z,58132.5
2026-05-26T06:00:00Z,62926.3
2026-05-26T07:00:00Z,64488.9
2026-05-26T08:00:00Z,68649.5
2026-05-26T09:00:00Z,69853.5
2026-05-26T10:00:00Z,72925.4
2026-05-26T11:00:00Z,74623.7
2026-05-26T12:00:00Z,76029.1
2026-05-26T13:00:00Z,76443.9
2026-05-26T14:00:00Z,75215.8
2026-05-26T15:00:00Z,71180.2
2026-05-26T16:00:00Z,67794.1
2026-05-26T17:00:00Z,65174.4
2026-05-26T18:00:00Z,61384.5
2026-05-26T19:00:00Z,58160.9
2026-05-26T20:00:00Z,53856.5
2026-05-26T21:00:00Z,52252.3
2026-05-26T22:00:00Z,50440.5
2026-05-26T23:00:00Z,49010.3
2026-05-27T00:00:00Z,47978.1
2026-05-27T01:00:00Z,48733.9
2026-05-27T02:00:00Z,50865.8
2026-05-27T03:00:00Z,52902.3
2026-05-27T04:00:00Z,55789.7
2026-05-27T05:00:00Z,58905.6
2026-05-27T06:00:00Z,61942.4
2026-05-27T07:00:00Z,66620.9
2026-05-27T08:00:00Z,67946.0
2026-05-27T09:00:00Z,74055.9
2026-05-27T10:00:00Z,73157.5
2026-05-27T11:00:00Z,75764.8
2026-05-27T12:00:00Z,77654.4
2026-05-27T13:00:00Z,76258.5
2026-05-27T14:00:00Z,74692.2
2026-05-27T15:00:00Z,71336.5
2026-05-27T16:00:00Z,70593.0
2026-05-27T17:00:00Z,65426.6
2026-05-27T18:00:00Z,62650.2
2026-05-27T19:00:00Z,58297.5
2026-05-27T20:00:00Z,55282.5
2026-05-27T21:00:00Z,51832.7
2026-05-27T22:00:00Z,49039.6
2026-05-27T23:00:00Z,50401.1
2026-05-28T00:00:00Z,47840.9
2026-05-28T01:00:00Z,49313.6
2026-05-28T02:00:00Z,50372.5
2026-05-28T03:00:00Z,52272.2
2026-05-28T04:00:00Z,54953.1
2026-05-28T05:00:00Z,59056.9
2026-05-28T06:00:00Z,62494.2
2026-05-28T07:00:00Z,63253.6
2026-05-28T08:00:00Z,68103.8
2026-05-28T09:00:00Z,71759.8
2026-05-28T10:00:00Z,75033.0
2026-05-28T11:00:00Z,75403.4
2026-05-28T12:00:00Z,77271.4
2026-05-28T13:00:00Z,75383.9
2026-05-28T14:00:00Z,74211.8
2026-05-28T15:00:00Z,71720.4
2026-05-28T16:00:00Z,69562.0
2026-05-28T17:00:00Z,62959.4
2026-05-28T18:00:00Z,62595.7
2026-05-28T19:00:00Z,59211.2
2026-05-28T20:00:00Z,55229.8
2026-05-28T21:00:00Z,52104.1
2026-05-28T22:00:00Z,51507.6
2026-05-28T23:00:00Z,48048.5
2026-05-29T00:00:00Z,49394.0
2026-05-29T01:00:00Z,50093.0
2026-05-29T02:00:00Z,48863.5
2026-05-29T03:00:00Z,51104.6
2026-05-29T04:00:00Z,55384.4
2026-05-29T05:00:00Z,59964.9
2026-05-29T06:00:00Z,62175.3
2026-05-29T07:00:00Z,65324.5
2026-05-29T08:00:00Z,69832.6
2026-05-29T09:00:00Z,72420.5
2026-05-29T10:00:00Z,73643.0
2026-05-29T11:00:00Z,75924.0
2026-05-29T12:00:00Z,77469.0
2026-05-29T13:00:00Z,75403.7
2026-05-29T14:00:00Z,75940.0
2026-05-29T15:00:00Z,72748.4
2026-05-29T16:00:00Z,71233.7
2026-05-29T17:00:00Z,66805.3
2026-05-29T18:00:00Z,63405.6
2026-05-29T19:00:00Z,58478.9
2026-05-29T20:00:00Z,58501.9
2026-05-29T21:00:00Z,51312.8
2026-05-29T22:00:00Z,51683.9
2026-05-29T23:00:00Z,49581.1
2026-05-30T00:00:00Z,43940.5
2026-05-30T01:00:00Z,45011.5
2026-05-30T02:00:00Z,46641.5
2026-05-30T03:00:00Z,50176.5
2026-05-30T04:00:00Z,52070.6
2026-05-30T05:00:00Z,55281.7
2026-05-30T06:00:00Z,55331.6
2026-05-30T07:00:00Z,61076.7
2026-05-30T08:00:00Z,64942.9
2026-05-30T09:00:00Z,68139.4
2026-05-30T10:00:00Z,68964.8
2026-05-30T11:00:00Z,74225.2
2026-05-30T12:00:00Z,72229.5
2026-05-30T13:00:00Z,73154.5
2026-05-30T14:00:00Z,68890.7
2026-05-30T15:00:00Z,67604.2
2026-05-30T16:00:00Z,66404.6
2026-05-30T17:00:00Z,62172.4
2026-05-30T18:00:00Z,58394.8
2026-05-30T19:00:00Z,57128.8
2026-05-30T20:00:00Z,52263.5
2026-05-30T21:00:00Z,48523.7
2026-05-30T22:00:00Z,46024.1
2026-05-30T23:00:00Z,46358.4
2026-05-31T00:00:00Z,46283.3
2026-05-31T01:00:00Z,47640.3
2026-05-31T02:00:00Z,47754.1
2026-05-31T03:00:00Z,49797.3
2026-05-31T04:00:00Z,52973.9
2026-05-31T05:00:00Z,58320.0
2026-05-31T06:00:00Z,59525.5
2026-05-31T07:00:00Z,64272.9
2026-05-31T08:00:00Z,65523.2
2026-05-31T09:00:00Z,68013.7
2026-05-31T10:00:00Z,69881.1
2026-05-31T11:00:00Z,72368.4
2026-05-31T12:00:00Z,72307.2
2026-05-31T13:00:00Z,73299.7
2026-05-31T14:00:00Z,71789.4
2026-05-31T15:00:00Z,68896.7
2026-05-31T16:00:00Z,65760.8
2026-05-31T17:00:00Z,61403.7
2026-05-31T18:00:00Z,59210.6
2026-05-31T19:00:00Z,56286.5
2026-05-31T20:00:00Z,54583.5
2026-05-31T21:00:00Z,50470.9
2026-05-31T22:00:00Z,46304.5
2026-05-31T23:00:00Z,48009.3
2026-06-01T00:00:00Z,50459.2
2026-06-01T01:00:00Z,50054.2
2026-06-01T02:00:00Z,50085.6
2026-06-01T03:00:00Z,53923.1
2026-06-01T04:00:00Z,55350.1
2026-06-01T05:00:00Z,59712.1
2026-06-01T06:00:00Z,61471.6
2026-06-01T07:00:00Z,66037.0
2026-06-01T08:00:00Z,70145.6
2026-06-01T09:00:00Z,73556.7
2026-06-01T10:00:00Z,76032.9
2026-06-01T11:00:00Z,77586.5
2026-06-01T12:00:00Z,76477.4
2026-06-01T13:00:00Z,76600.5
2026-06-01T14:00:00Z,76198.9
2026-06-01T15:00:00Z,71920.4
2026-06-01T16:00:00Z,70136.8
2026-06-01T17:00:00Z,66835.8
2026-06-01T18:00:00Z,63037.5
2026-06-01T19:00:00Z,61988.4
2026-06-01T20:00:00Z,55266.7
2026-06-01T21:00:00Z,53909.0
2026-06-01T22:00:00Z,51117.1
2026-06-01T23:00:00Z,49508.6
2026-06-02T00:00:00Z,50420.0
2026-06-02T01:00:00Z,48807.4
2026-06-02T02:00:00Z,50779.9
2026-06-02T03:00:00Z,54012.3
2026-06-02T04:00:00Z,57424.7
2026-06-02T05:00:00Z,59873.4
2026-06-02T06:00:00Z,63136.3
2026-06-02T07:00:00Z,64261.7
2026-06-02T08:00:00Z,68898.2
2026-06-02T09:00:00Z,71997.4
2026-06-02T10:00:00Z,72949.0
2026-06-02T11:00:00Z,77600.8
2026-06-02T12:00:00Z,76211.0
2026-06-02T13:00:00Z,76561.8
2026-06-02T14:00:00Z,74388.1
2026-06-02T15:00:00Z,73344.4
2026-06-02T16:00:00Z,72519.3
2026-06-02T17:00:00Z,65250.8
2026-06-02T18:00:00Z,63424.1
2026-06-02T19:00:00Z,60435.5
2026-06-02T20:00:00Z,55313.8
2026-06-02T21:00:00Z,52253.2
2026-06-02T22:00:00Z,52628.3
2026-06-02T23:00:00Z,51774.7
2026-06-03T00:00:00Z,51511.1
2026-06-03T01:00:00Z,48355.1
2026-06-03T02:00:00Z,54688.3
2026-06-03T03:00:00Z,53301.9
2026-06-03T04:00:00Z,56651.2
2026-06-03T05:00:00Z,62900.7
2026-06-03T06:00:00Z,62690.5
2026-06-03T07:00:00Z,69935.5
2026-06-03T08:00:00Z,70512.0
2026-06-03T09:00:00Z,71384.0
2026-06-03T10:00:00Z,77642.4
2026-06-03T11:00:00Z,76189.4
2026-06-03T12:00:00Z,75831.5
2026-06-03T13:00:00Z,76780.5
2026-06-03T14:00:00Z,76841.1
2026-06-03T15:00:00Z,73774.5
2026-06-03T16:00:00Z,71172.1
2026-06-03T17:00:00Z,65732.3
2026-06-03T18:00:00Z,62985.4
2026-06-03T19:00:00Z,59647.6
2026-06-03T20:00:00Z,58567.9
2026-06-03T21:00:00Z,54278.5
2026-06-03T22:00:00Z,51501.4
2026-06-03T23:00:00Z,48660.1
2026-06-04T00:00:00Z,48515.6
2026-06-04T01:00:00Z,50779.3
2026-06-04T02:00:00Z,53213.5
2026-06-04T03:00:00Z,55042.7
2026-06-04T04:00:00Z,57581.3
2026-06-04T05:00:00Z,59286.8
2026-06-04T06:00:00Z,64443.1
2026-06-04T07:00:00Z,68610.0
2026-06-04T08:00:00Z,68550.0
2026-06-04T09:00:00Z,75790.0
2026-06-04T10:00:00Z,75760.8
2026-06-04T11:00:00Z,75910.2
2026-06-04T12:00:00Z,79328.7
2026-06-04T13:00:00Z,74735.0
2026-06-04T14:00:00Z,72191.4
2026-06-04T15:00:00Z,72353.9
2026-06-04T16:00:00Z,70943.5
2026-06-04T17:00:00Z,67155.8
2026-06-04T18:00:00Z,64379.0
2026-06-04T19:00:00Z,59452.2
2026-06-04T20:00:00Z,58047.3
2026-06-04T21:00:00Z,55488.6
2026-06-04T22:00:00Z,52338.9
2026-06-04T23:00:00Z,50377.6
2026-06-05T00:00:00Z,50187.5
2026-06-05T01:00:00Z,49707.3
2026-06-05T02:00:00Z,55078.3
2026-06-05T03:00:00Z,54085.8
2026-06-05T04:00:00Z,58231.1
2026-06-05T05:00:00Z,58792.2
2026-06-05T06:00:00Z,63579.5
2026-06-05T07:00:00Z,67369.7
2026-06-05T08:00:00Z,70559.9
2026-06-05T09:00:00Z,73809.9
2026-06-05T10:00:00Z,75341.4
2026-06-05T11:00:00Z,77041.4
2026-06-05T12:00:00Z,77524.4
2026-06-05T13:00:00Z,76389.7
2026-06-05T14:00:00Z,77351.2
2026-06-05T15:00:00Z,74395.9
2026-06-05T16:00:00Z,70209.0
2026-06-05T17:00:00Z,68193.0
2026-06-05T18:00:00Z,64917.3
2026-06-05T19:00:00Z,60267.2
2026-06-05T20:00:00Z,56246.4
2026-06-05T21:00:00Z,53513.0
2026-06-05T22:00:00Z,54482.5
2026-06-05T23:00:00Z,49650.9
2026-06-06T00:00:00Z,46469.1
2026-06-06T01:00:00Z,47276.3
2026-06-06T02:00:00Z,47857.1
2026-06-06T03:00:00Z,50950.8
2026-06-06T04:00:00Z,53685.8
2026-06-06T05:00:00Z,57470.6
2026-06-06T06:00:00Z,59960.6
2026-06-06T07:00:00Z,65010.5
2026-06-06T08:00:00Z,67513.5
2026-06-06T09:00:00Z,71981.6
2026-06-06T10:00:00Z,73513.7
2026-06-06T11:00:00Z,73635.0
2026-06-06T12:00:00Z,72491.9
2026-06-06T13:00:00Z,73335.9
2026-06-06T14:00:00Z,70933.3
2026-06-06T15:00:00Z,71768.5
2026-06-06T16:00:00Z,67070.0
2026-06-06T17:00:00Z,63397.7
2026-06-06T18:00:00Z,59177.1
2026-06-06T19:00:00Z,55969.3
2026-06-06T20:00:00Z,54922.1
2026-06-06T21:00:00Z,50286.6
2026-06-06T22:00:00Z,50225.9
2026-06-06T23:00:00Z,47223.6
2026-06-07T00:00:00Z,46970.3
2026-06-07T01:00:00Z,45153.2
2026-06-07T02:00:00Z,48861.7
2026-06-07T03:00:00Z,49811.9
2026-06-07T04:00:00Z,54643.1
2026-06-07T05:00:00Z,57332.3
2026-06-07T06:00:00Z,59460.6
2026-06-07T07:00:00Z,65473.0
2026-06-07T08:00:00Z,66409.3
2026-06-07T09:00:00Z,70719.0
2026-06-07T10:00:00Z,72058.3
2026-06-07T11:00:00Z,73453.6
2026-06-07T12:00:00Z,72942.5
2026-06-07T13:00:00Z,75324.8
2026-06-07T14:00:00Z,72930.8
2026-06-07T15:00:00Z,68605.6
2026-06-07T16:00:00Z,66322.1
2026-06-07T17:00:00Z,64777.8
2026-06-07T18:00:00Z,60257.1
2026-06-07T19:00:00Z,57254.0
2026-06-07T20:00:00Z,54244.6
2026-06-07T21:00:00Z,50884.9
2026-06-07T22:00:00Z,47742.1
2026-06-07T23:00:00Z,49390.3
2026-06-08T00:00:00Z,52231.6
2026-06-08T01:00:00Z,52239.8
2026-06-08T02:00:00Z,52337.8
2026-06-08T03:00:00Z,55410.4
2026-06-08T04:00:00Z,55984.3
2026-06-08T05:00:00Z,61458.9
2026-06-08T06:00:00Z,63452.0
2026-06-08T07:00:00Z,69039.1
2026-06-08T08:00:00Z,70307.2
2026-06-08T09:00:00Z,72801.7
2026-06-08T10:00:00Z,75285.9
2026-06-08T11:00:00Z,77329.3
2026-06-08T12:00:00Z,75478.4
2026-06-08T13:00:00Z,78879.1
2026-06-08T14:00:00Z,76566.2
2026-06-08T15:00:00Z,76693.1
2026-06-08T16:00:00Z,70947.4
2026-06-08T17:00:00Z,66516.0
2026-06-08T18:00:00Z,65674.2
2026-06-08T19:00:00Z,60554.2
2026-06-08T20:00:00Z,57687.5
2026-06-08T21:00:00Z,54971.4
2026-06-08T22:00:00Z,53412.6
2026-06-08T23:00:00Z,51514.5
2026-06-09T00:00:00Z,51778.7
2026-06-09T01:00:00Z,50768.8
2026-06-09T02:00:00Z,53199.9
2026-06-09T03:00:00Z,54590.5
2026-06-09T04:00:00Z,58514.3
2026-06-09T05:00:00Z,61725.7
2026-06-09T06:00:00Z,66177.2
2026-06-09T07:00:00Z,66858.4
2026-06-09T08:00:00Z,72092.0
2026-06-09T09:00:00Z,73881.3
2026-06-09T10:00:00Z,76993.7
2026-06-09T11:00:00Z,76767.5
2026-06-09T12:00:00Z,79221.0
2026-06-09T13:00:00Z,78026.6
2026-06-09T14:00:00Z,76576.7
2026-06-09T15:00:00Z,76487.3
2026-06-09T16:00:00Z,72554.7
2026-06-09T17:00:00Z,68225.2
2026-06-09T18:00:00Z,65877.4
2026-06-09T19:00:00Z,60767.4
2026-06-09T20:00:00Z,58301.2
2026-06-09T21:00:00Z,55770.3
2026-06-09T22:00:00Z,55441.2
2026-06-09T23:00:00Z,54098.6
2026-06-10T00:00:00Z,51969.3
2026-06-10T01:00:00Z,52621.6
2026-06-10T02:00:00Z,51527.7
2026-06-10T03:00:00Z,55066.7
2026-06-10T04:00:00Z,56959.1
2026-06-10T05:00:00Z,63490.3
2026-06-10T06:00:00Z,65112.7
2026-06-10T07:00:00Z,67504.2
2026-06-10T08:00:00Z,72184.6
2026-06-10T09:00:00Z,76296.6
2026-06-10T10:00:00Z,77007.0
2026-06-10T11:00:00Z,77872.2
2026-06-10T12:00:00Z,79889.1
2026-06-10T13:00:00Z,78572.8
2026-06-10T14:00:00Z,76586.5
2026-06-10T15:00:00Z,73009.7
2026-06-10T16:00:00Z,71667.0
2026-06-10T17:00:00Z,68406.4
2026-06-10T18:00:00Z,66025.1
2026-06-10T19:00:00Z,61336.9
2026-06-10T20:00:00Z,58053.6
2026-06-10T21:00:00Z,55901.1
2026-06-10T22:00:00Z,54244.0
2026-06-10T23:00:00Z,54228.3
2026-06-11T00:00:00Z,50327.7
2026-06-11T01:00:00Z,51302.7
2026-06-11T02:00:00Z,55609.4
2026-06-11T03:00:00Z,55606.3
2026-06-11T04:00:00Z,57568.5
2026-06-11T05:00:00Z,62175.0
2026-06-11T06:00:00Z,67074.1
2026-06-11T07:00:00Z,69170.3
2026-06-11T08:00:00Z,72243.3
2026-06-11T09:00:00Z,75281.1
2026-06-11T10:00:00Z,76578.0
2026-06-11T11:00:00Z,77207.6
2026-06-11T12:00:00Z,81242.6
2026-06-11T13:00:00Z,77722.5
2026-06-11T14:00:00Z,77070.8
2026-06-11T15:00:00Z,76495.5
2026-06-11T16:00:00Z,70797.5
2026-06-11T17:00:00Z,67904.7
2026-06-11T18:00:00Z,66371.5
2026-06-11T19:00:00Z,61711.8
2026-06-11T20:00:00Z,58864.4
2026-06-11T21:00:00Z,55955.6
2026-06-11T22:00:00Z,56063.1
2026-06-11T23:00:00Z,51416.3
2026-06-12T00:00:00Z,51002.8
2026-06-12T01:00:00Z,53287.5
2026-06-12T02:00:00Z,55047.5
2026-06-12T03:00:00Z,55592.9
2026-06-12T04:00:00Z,58367.1
2026-06-12T05:00:00Z,59676.2
2026-06-12T06:00:00Z,64428.0
2026-06-12T07:00:00Z,68866.6
2026-06-12T08:00:00Z,72304.1
2026-06-12T09:00:00Z,74943.3
2026-06-12T10:00:00Z,77460.2
2026-06-12T11:00:00Z,79051.3
2026-06-12T12:00:00Z,81114.2
2026-06-12T13:00:00Z,78262.8
2026-06-12T14:00:00Z,78436.0
2026-06-12T15:00:00Z,73910.2
2026-06-12T16:00:00Z,72124.9
2026-06-12T17:00:00Z,68480.6
2026-06-12T18:00:00Z,64782.5
2026-06-12T19:00:00Z,61854.8
2026-06-12T20:00:00Z,59628.8
2026-06-12T21:00:00Z,55381.6
2026-06-12T22:00:00Z,51668.1
2026-06-12T23:00:00Z,53601.5
2026-06-13T00:00:00Z,50640.0
2026-06-13T01:00:00Z,49548.1
2026-06-13T02:00:00Z,50251.9
2026-06-13T03:00:00Z,52174.7
2026-06-13T04:00:00Z,55803.3
2026-06-13T05:00:00Z,60937.6
2026-06-13T06:00:00Z,62735.6
2026-06-13T07:00:00Z,64702.8
2026-06-13T08:00:00Z,69626.6
2026-06-13T09:00:00Z,70557.9
2026-06-13T10:00:00Z,75155.5
2026-06-13T11:00:00Z,75039.9
2026-06-13T12:00:00Z,76384.7
2026-06-13T13:00:00Z,74849.2
2026-06-13T14:00:00Z,71206.8
2026-06-13T15:00:00Z,71929.3
2026-06-13T16:00:00Z,68132.5
2026-06-13T17:00:00Z,65654.1
2026-06-13T18:00:00Z,63452.4
2026-06-13T19:00:00Z,56968.0
2026-06-13T20:00:00Z,54345.6
2026-06-13T21:00:00Z,51062.2
2026-06-13T22:00:00Z,50166.5
2026-06-13T23:00:00Z,49233.2
2026-06-14T00:00:00Z,48674.7
2026-06-14T01:00:00Z,49593.8
2026-06-14T02:00:00Z,51459.4
2026-06-14T03:00:00Z,53973.2
2026-06-14T04:00:00Z,52833.1
2026-06-14T05:00:00Z,57107.4
2026-06-14T06:00:00Z,62228.4
2026-06-14T07:00:00Z,64708.5
2026-06-14T08:00:00Z,69876.2
2026-06-14T09:00:00Z,73253.7
2026-06-14T10:00:00Z,72931.4
2026-06-14T11:00:00Z,75290.8
2026-06-14T12:00:00Z,75561.6
2026-06-14T13:00:00Z,76493.2
2026-06-14T14:00:00Z,73329.9
2026-06-14T15:00:00Z,71623.1
2026-06-14T16:00:00Z,69854.0
2026-06-14T17:00:00Z,65613.5
2026-06-14T18:00:00Z,61411.5
2026-06-14T19:00:00Z,60474.3
2026-06-14T20:00:00Z,54383.3
2026-06-14T21:00:00Z,51784.8
2026-06-14T22:00:00Z,52752.1
2026-06-14T23:00:00Z,49073.0
2026-06-15T00:00:00Z,53728.2
2026-06-15T01:00:00Z,51985.1
2026-06-15T02:00:00Z,52036.4
2026-06-15T03:00:00Z,57649.0
2026-06-15T04:00:00Z,59296.6
2026-06-15T05:00:00Z,61396.0
2026-06-15T06:00:00Z,66459.6
2026-06-15T07:00:00Z,69523.6
2026-06-15T08:00:00Z,72951.0
2026-06-15T09:00:00Z,76783.9
2026-06-15T10:00:00Z,77080.5
2026-06-15T11:00:00Z,80233.7
2026-06-15T12:00:00Z,79292.3
2026-06-15T13:00:00Z,80111.6
2026-06-15T14:00:00Z,79276.6
2026-06-15T15:00:00Z,77716.5
2026-06-15T16:00:00Z,74353.8
2026-06-15T17:00:00Z,68361.1
2026-06-15T18:00:00Z,64816.2
2026-06-15T19:00:00Z,64039.8
2026-06-15T20:00:00Z,58646.9
2026-06-15T21:00:00Z,56000.8
2026-06-15T22:00:00Z,53769.6
2026-06-15T23:00:00Z,55957.5
2026-06-16T00:00:00Z,51065.5
2026-06-16T01:00:00Z,53353.9
2026-06-16T02:00:00Z,54801.2
2026-06-16T03:00:00Z,57457.9
2026-06-16T04:00:00Z,59239.3
2026-06-16T05:00:00Z,62658.3
2026-06-16T06:00:00Z,66744.0
2026-06-16T07:00:00Z,70218.8
2026-06-16T08:00:00Z,72940.0
2026-06-16T09:00:00Z,76202.7
2026-06-16T10:00:00Z,78742.1
2026-06-16T11:00:00Z,78244.1
2026-06-16T12:00:00Z,78920.9
2026-06-16T13:00:00Z,81212.8
2026-06-16T14:00:00Z,78415.8
2026-06-16T15:00:00Z,77545.8
2026-06-16T16:00:00Z,72384.8
2026-06-16T17:00:00Z,70879.2
2026-06-16T18:00:00Z,65305.2
2026-06-16T19:00:00Z,63873.9
2026-06-16T20:00:00Z,59864.7
2026-06-16T21:00:00Z,58179.7
2026-06-16T22:00:00Z,53685.4
2026-06-16T23:00:00Z,54376.9
2026-06-17T00:00:00Z,52481.2
2026-06-17T01:00:00Z,52634.7
2026-06-17T02:00:00Z,55591.7
2026-06-17T03:00:00Z,55819.7
2026-06-17T04:00:00Z,60468.1
2026-06-17T05:00:00Z,63046.2
2026-06-17T06:00:00Z,67267.9
2026-06-17T07:00:00Z,70374.9
2026-06-17T08:00:00Z,73594.2
2026-06-17T09:00:00Z,75995.7
2026-06-17T10:00:00Z,77810.4
2026-06-17T11:00:00Z,78776.7
2026-06-17T12:00:00Z,81021.1
2026-06-17T13:00:00Z,79512.5
2026-06-17T14:00:00Z,80428.5
2026-06-17T15:00:00Z,77525.9
2026-06-17T16:00:00Z,72965.8
2026-06-17T17:00:00Z,70767.4
2026-06-17T18:00:00Z,68081.4
2026-06-17T19:00:00Z,62284.0
2026-06-17T20:00:00Z,57770.7
2026-06-17T21:00:00Z,58205.1
2026-06-17T22:00:00Z,54123.6
2026-06-17T23:00:00Z,51692.4
2026-06-18T00:00:00Z,53571.8
2026-06-18T01:00:00Z,53397.4
2026-06-18T02:00:00Z,55981.2
2026-06-18T03:00:00Z,58992.2
2026-06-18T04:00:00Z,62136.2
2026-06-18T05:00:00Z,64215.2
2026-06-18T06:00:00Z,67786.6
2026-06-18T07:00:00Z,69214.6
2026-06-18T08:00:00Z,75244.6
2026-06-18T09:00:00Z,77383.0
2026-06-18T10:00:00Z,77836.1
2026-06-18T11:00:00Z,79714.2
2026-06-18T12:00:00Z,79335.3
2026-06-18T13:00:00Z,79928.1
2026-06-18T14:00:00Z,78209.6
2026-06-18T15:00:00Z,76603.0
2026-06-18T16:00:00Z,71621.0
2026-06-18T17:00:00Z,71793.4
2026-06-18T18:00:00Z,66881.6
2026-06-18T19:00:00Z,62764.8
2026-06-18T20:00:00Z,59999.0
2026-06-18T21:00:00Z,56207.8
2026-06-18T22:00:00Z,55799.6
2026-06-18T23:00:00Z,53685.3
2026-06-19T00:00:00Z,52769.8
2026-06-19T01:00:00Z,54270.6
2026-06-19T02:00:00Z,54709.4
2026-06-19T03:00:00Z,57497.5
2026-06-19T04:00:00Z,59766.6
2026-06-19T05:00:00Z,65342.5
2026-06-19T06:00:00Z,67807.9
2026-06-19T07:00:00Z,71077.9
2026-06-19T08:00:00Z,74570.2
2026-06-19T09:00:00Z,77734.1
2026-06-19T10:00:00Z,80928.3
2026-06-19T11:00:00Z,80376.5
2026-06-19T12:00:00Z,81500.7
2026-06-19T13:00:00Z,80948.9
2026-06-19T14:00:00Z,79948.9
2026-06-19T15:00:00Z,77498.1
2026-06-19T16:00:00Z,73233.9
2026-06-19T17:00:00Z,71000.4
2026-06-19T18:00:00Z,66421.2
2026-06-19T19:00:00Z,62993.0
2026-06-19T20:00:00Z,60120.8
2026-06-19T21:00:00Z,56681.1
2026-06-19T22:00:00Z,56989.2
2026-06-19T23:00:00Z,53596.2
2026-06-20T00:00:00Z,51202.1
2026-06-20T01:00:00Z,51050.6
2026-06-20T02:00:00Z,51423.4
2026-06-20T03:00:00Z,55146.9
2026-06-20T04:00:00Z,53455.8
2026-06-20T05:00:00Z,59045.4
2026-06-20T06:00:00Z,65717.2
2026-06-20T07:00:00Z,67303.9
2026-06-20T08:00:00Z,69964.9
2026-06-20T09:00:00Z,74162.6
2026-06-20T10:00:00Z,74044.9
2026-06-20T11:00:00Z,74850.4
2026-06-20T12:00:00Z,76457.8
2026-06-20T13:00:00Z,75128.3
2026-06-20T14:00:00Z,74777.9
2026-06-20T15:00:00Z,72827.9
2026-06-20T16:00:00Z,70201.9
2026-06-20T17:00:00Z,66699.5
2026-06-20T18:00:00Z,61825.7
2026-06-20T19:00:00Z,59871.3
2026-06-20T20:00:00Z,54642.4
2026-06-20T21:00:00Z,53289.6
2026-06-20T22:00:00Z,53851.4
2026-06-20T23:00:00Z,51051.6
2026-06-21T00:00:00Z,49103.9
2026-06-21T01:00:00Z,51032.6
2026-06-21T02:00:00Z,52073.0
2026-06-21T03:00:00Z,53697.3
2026-06-21T04:00:00Z,55581.0
2026-06-21T05:00:00Z,60579.4
2026-06-21T06:00:00Z,64194.9
2026-06-21T07:00:00Z,68319.6
2026-06-21T08:00:00Z,71219.2
2026-06-21T09:00:00Z,75746.8
2026-06-21T10:00:00Z,75753.1
2026-06-21T11:00:00Z,73037.2
2026-06-21T12:00:00Z,76105.7
2026-06-21T13:00:00Z,77330.2
2026-06-21T14:00:00Z,74405.4
2026-06-21T15:00:00Z,74879.1
2026-06-21T16:00:00Z,68691.9
2026-06-21T17:00:00Z,66658.0
2026-06-21T18:00:00Z,63177.4
2026-06-21T19:00:00Z,59527.7
2026-06-21T20:00:00Z,58673.1
2026-06-21T21:00:00Z,53559.5
2026-06-21T22:00:00Z,52697.1
2026-06-21T23:00:00Z,49962.8
2026-06-22T00:00:00Z,55855.6
2026-06-22T01:00:00Z,55834.4
2026-06-22T02:00:00Z,58527.8
2026-06-22T03:00:00Z,57205.3
2026-06-22T04:00:00Z,61070.7
2026-06-22T05:00:00Z,65054.4
2026-06-22T06:00:00Z,67688.0
2026-06-22T07:00:00Z,70470.4
2026-06-22T08:00:00Z,72757.6
2026-06-22T09:00:00Z,77813.6
2026-06-22T10:00:00Z,79935.3
2026-06-22T11:00:00Z,80976.5
2026-06-22T12:00:00Z,81490.3
2026-06-22T13:00:00Z,80604.0
2026-06-22T14:00:00Z,79172.8
2026-06-22T15:00:00Z,74339.7
2026-06-22T16:00:00Z,75406.6
2026-06-22T17:00:00Z,71388.0
2026-06-22T18:00:00Z,68198.2
2026-06-22T19:00:00Z,63155.5
2026-06-22T20:00:00Z,60134.2
2026-06-22T21:00:00Z,57683.8
2026-06-22T22:00:00Z,56103.0
2026-06-22T23:00:00Z,54171.9
2026-06-23T00:00:00Z,55257.8
2026-06-23T01:00:00Z,55432.0
2026-06-23T02:00:00Z,56869.3
2026-06-23T03:00:00Z,59064.8
2026-06-23T04:00:00Z,61379.4
2026-06-23T05:00:00Z,63854.7
2026-06-23T06:00:00Z,67265.6
2026-06-23T07:00:00Z,69851.2
2026-06-23T08:00:00Z,72664.9
2026-06-23T09:00:00Z,76952.6
2026-06-23T10:00:00Z,81102.1
2026-06-23T11:00:00Z,80794.9
2026-06-23T12:00:00Z,81363.8
2026-06-23T13:00:00Z,81265.2
2026-06-23T14:00:00Z,79461.4
2026-06-23T15:00:00Z,76188.5
2026-06-23T16:00:00Z,73667.1
2026-06-23T17:00:00Z,73471.8
2026-06-23T18:00:00Z,67793.3
2026-06-23T19:00:00Z,65978.9
2026-06-23T20:00:00Z,62320.0
2026-06-23T21:00:00Z,58020.0
2026-06-23T22:00:00Z,58202.1
2026-06-23T23:00:00Z,55671.3
2026-06-24T00:00:00Z,52678.7
2026-06-24T01:00:00Z,54594.8
2026-06-24T02:00:00Z,57182.0
2026-06-24T03:00:00Z,56897.7
2026-06-24T04:00:00Z,61795.4
2026-06-24T05:00:00Z,65955.0
2026-06-24T06:00:00Z,68136.0
2026-06-24T07:00:00Z,72209.5
2026-06-24T08:00:00Z,75053.3
2026-06-24T09:00:00Z,78579.2
2026-06-24T10:00:00Z,80783.9
2026-06-24T11:00:00Z,81186.0
2026-06-24T12:00:00Z,79345.5
2026-06-24T13:00:00Z,80603.9
2026-06-24T14:00:00Z,79647.3
2026-06-24T15:00:00Z,79342.3
2026-06-24T16:00:00Z,75192.4
2026-06-24T17:00:00Z,69560.4
2026-06-24T18:00:00Z,68882.5
2026-06-24T19:00:00Z,63988.1
2026-06-24T20:00:00Z,61249.3
2026-06-24T21:00:00Z,59575.3
2026-06-24T22:00:00Z,57511.6
2026-06-24T23:00:00Z,58498.0
2026-06-25T00:00:00Z,56504.9
2026-06-25T01:00:00Z,55616.5
2026-06-25T02:00:00Z,57930.4
2026-06-25T03:00:00Z,59474.8
2026-06-25T04:00:00Z,60644.3
2026-06-25T05:00:00Z,64940.5
2026-06-25T06:00:00Z,69947.4
2026-06-25T07:00:00Z,73257.7
2026-06-25T08:00:00Z,76120.6
2026-06-25T09:00:00Z,80019.4
2026-06-25T10:00:00Z,81068.5
2026-06-25T11:00:00Z,83030.2
2026-06-25T12:00:00Z,81753.8
2026-06-25T13:00:00Z,80897.1
2026-06-25T14:00:00Z,80891.9
2026-06-25T15:00:00Z,79382.6
2026-06-25T16:00:00Z,76153.1
2026-06-25T17:00:00Z,72930.8
2026-06-25T18:00:00Z,70558.5
2026-06-25T19:00:00Z,65323.1
2026-06-25T20:00:00Z,62831.0
2026-06-25T21:00:00Z,58878.8
2026-06-25T22:00:00Z,56914.9
2026-06-25T23:00:00Z,56560.9
2026-06-26T00:00:00Z,57676.8
2026-06-26T01:00:00Z,55576.6
2026-06-26T02:00:00Z,56064.8
2026-06-26T03:00:00Z,60667.1
2026-06-26T04:00:00Z,63947.5
2026-06-26T05:00:00Z,65891.6
2026-06-26T06:00:00Z,68697.9
2026-06-26T07:00:00Z,72725.7
2026-06-26T08:00:00Z,75602.2
2026-06-26T09:00:00Z,76935.9
2026-06-26T10:00:00Z,81001.7
2026-06-26T11:00:00Z,83270.3
2026-06-26T12:00:00Z,81952.7
2026-06-26T13:00:00Z,83773.7
2026-06-26T14:00:00Z,78560.8
2026-06-26T15:00:00Z,79711.4
2026-06-26T16:00:00Z,73983.4
2026-06-26T17:00:00Z,71957.6
2026-06-26T18:00:00Z,67895.5
2026-06-26T19:00:00Z,64358.9
2026-06-26T20:00:00Z,64690.0
2026-06-26T21:00:00Z,59390.3
2026-06-26T22:00:00Z,59130.5
2026-06-26T23:00:00Z,58246.9
2026-06-27T00:00:00Z,52527.1
2026-06-27T01:00:00Z,52020.4
2026-06-27T02:00:00Z,53365.8
2026-06-27T03:00:00Z,54849.2
2026-06-27T04:00:00Z,59114.1
2026-06-27T05:00:00Z,63369.4
2026-06-27T06:00:00Z,64594.4
2026-06-27T07:00:00Z,68055.6
2026-06-27T08:00:00Z,72209.4
2026-06-27T09:00:00Z,76982.0
2026-06-27T10:00:00Z,76976.2
2026-06-27T11:00:00Z,80494.9
2026-06-27T12:00:00Z,77673.8
2026-06-27T13:00:00Z,79146.4
2026-06-27T14:00:00Z,79042.3
2026-06-27T15:00:00Z,74158.1
2026-06-27T16:00:00Z,71660.7
2026-06-27T17:00:00Z,70134.0
2026-06-27T18:00:00Z,65281.6
2026-06-27T19:00:00Z,62576.5
2026-06-27T20:00:00Z,59437.7
2026-06-27T21:00:00Z,57252.9
2026-06-27T22:00:00Z,55816.3
2026-06-27T23:00:00Z,51360.0
2026-06-28T00:00:00Z,52302.5
2026-06-28T01:00:00Z,53944.2
2026-06-28T02:00:00Z,54904.2
2026-06-28T03:00:00Z,57022.9
2026-06-28T04:00:00Z,58237.0
2026-06-28T05:00:00Z,63017.1
2026-06-28T06:00:00Z,64804.7
2026-06-28T07:00:00Z,71032.7
2026-06-28T08:00:00Z,72220.6
2026-06-28T09:00:00Z,72243.2
2026-06-28T10:00:00Z,74276.0
2026-06-28T11:00:00Z,79709.7
2026-06-28T12:00:00Z,81400.3
2026-06-28T13:00:00Z,79361.4
2026-06-28T14:00:00Z,78208.6
2026-06-28T15:00:00Z,75582.4
2026-06-28T16:00:00Z,72525.1
2026-06-28T17:00:00Z,68901.7
2026-06-28T18:00:00Z,63872.0
2026-06-28T19:00:00Z,62190.3
2026-06-28T20:00:00Z,59617.6
2026-06-28T21:00:00Z,55667.9
2026-06-28T22:00:00Z,54408.0
2026-06-28T23:00:00Z,53546.6
2026-06-29T00:00:00Z,54322.9
2026-06-29T01:00:00Z,56933.3
2026-06-29T02:00:00Z,57740.2
2026-06-29T03:00:00Z,61518.9
2026-06-29T04:00:00Z,63680.0
2026-06-29T05:00:00Z,66783.4
2026-06-29T06:00:00Z,67739.0
2026-06-29T07:00:00Z,74244.4
2026-06-29T08:00:00Z,75608.3
2026-06-29T09:00:00Z,78422.1
2026-06-29T10:00:00Z,81112.2
2026-06-29T11:00:00Z,83472.8
2026-06-29T12:00:00Z,82785.4
2026-06-29T13:00:00Z,85213.3
2026-06-29T14:00:00Z,83565.2
2026-06-29T15:00:00Z,78746.5
2026-06-29T16:00:00Z,76744.5
2026-06-29T17:00:00Z,72333.8
2026-06-29T18:00:00Z,68230.2
2026-06-29T19:00:00Z,65144.4
2026-06-29T20:00:00Z,63971.5
2026-06-29T21:00:00Z,60042.9
2026-06-29T22:00:00Z,57220.5
2026-06-29T23:00:00Z,55986.8
2026-06-30T00:00:00Z,55111.7
2026-06-30T01:00:00Z,56726.8
2026-06-30T02:00:00Z,58840.5
2026-06-30T03:00:00Z,62289.5
2026-06-30T04:00:00Z,63826.3
2026-06-30T05:00:00Z,66132.9
2026-06-30T06:00:00Z,69175.0
2026-06-30T07:00:00Z,76684.1
2026-06-30T08:00:00Z,76419.2
2026-06-30T09:00:00Z,79618.6
2026-06-30T10:00:00Z,79804.6
2026-06-30T11:00:00Z,82802.5
2026-06-30T12:00:00Z,83124.1
2026-06-30T13:00:00Z,83367.9
2026-06-30T14:00:00Z,83231.9
2026-06-30T15:00:00Z,80439.2
2026-06-30T16:00:00Z,75814.9
2026-06-30T17:00:00Z,71770.7
2026-06-30T18:00:00Z,69845.4
2026-06-30T19:00:00Z,67093.4
2026-06-30T20:00:00Z,62449.6
2026-06-30T21:00:00Z,59970.1
2026-06-30T22:00:00Z,58695.3
2026-06-30T23:00:00Z,55809.5
2026-07-01T00:00:00Z,57468.8
2026-07-01T01:00:00Z,56336.3
2026-07-01T02:00:00Z,60699.9
2026-07-01T03:00:00Z,60697.6
2026-07-01T04:00:00Z,62908.5
2026-07-01T05:00:00Z,66477.1
2026-07-01T06:00:00Z,69088.7
2026-07-01T07:00:00Z,74109.4
2026-07-01T08:00:00Z,75622.6
2026-07-01T09:00:00Z,80875.0
2026-07-01T10:00:00Z,81924.8
2026-07-01T11:00:00Z,81842.4
2026-07-01T12:00:00Z,84563.4
2026-07-01T13:00:00Z,83833.0
2026-07-01T14:00:00Z,80585.7
2026-07-01T15:00:00Z,80419.0
2026-07-01T16:00:00Z,76851.6
2026-07-01T17:00:00Z,74157.6
2026-07-01T18:00:00Z,68646.7
2026-07-01T19:00:00Z,68155.0
2026-07-01T20:00:00Z,62827.8
2026-07-01T21:00:00Z,61102.5
2026-07-01T22:00:00Z,60234.3
2026-07-01T23:00:00Z,57095.9
2026-07-02T00:00:00Z,57809.0
2026-07-02T01:00:00Z,58936.8
2026-07-02T02:00:00Z,57731.6
2026-07-02T03:00:00Z,60236.5
2026-07-02T04:00:00Z,64134.3
2026-07-02T05:00:00Z,68123.9
2026-07-02T06:00:00Z,69953.0
2026-07-02T07:00:00Z,75719.1
2026-07-02T08:00:00Z,78500.8
2026-07-02T09:00:00Z,80144.6
2026-07-02T10:00:00Z,81702.6
2026-07-02T11:00:00Z,85754.6
2026-07-02T12:00:00Z,83414.3
2026-07-02T13:00:00Z,84531.7
2026-07-02T14:00:00Z,79729.4
2026-07-02T15:00:00Z,80316.8
2026-07-02T16:00:00Z,77561.9
2026-07-02T17:00:00Z,73876.4
2026-07-02T18:00:00Z,71704.4
2026-07-02T19:00:00Z,67781.1
2026-07-02T20:00:00Z,62387.8
2026-07-02T21:00:00Z,62337.8
2026-07-02T22:00:00Z,58826.7
2026-07-02T23:00:00Z,59263.9
2026-07-03T00:00:00Z,57007.1
2026-07-03T01:00:00Z,57569.4
2026-07-03T02:00:00Z,59717.8
2026-07-03T03:00:00Z,60274.1
2026-07-03T04:00:00Z,64584.9
2026-07-03T05:00:00Z,67141.6
2026-07-03T06:00:00Z,69720.5
2026-07-03T07:00:00Z,75412.1
2026-07-03T08:00:00Z,78402.5
2026-07-03T09:00:00Z,79128.9
2026-07-03T10:00:00Z,83599.0
2026-07-03T11:00:00Z,85440.3
2026-07-03T12:00:00Z,85222.1
2026-07-03T13:00:00Z,83059.5
2026-07-03T14:00:00Z,82241.0
2026-07-03T15:00:00Z,79943.4
2026-07-03T16:00:00Z,78547.5
2026-07-03T17:00:00Z,72616.1
2026-07-03T18:00:00Z,71235.2
2026-07-03T19:00:00Z,67901.7
2026-07-03T20:00:00Z,61809.1
2026-07-03T21:00:00Z,62672.8
2026-07-03T22:00:00Z,59658.4
2026-07-03T23:00:00Z,55762.5
2026-07-04T00:00:00Z,53331.6
2026-07-04T01:00:00Z,55226.2
2026-07-04T02:00:00Z,54565.6
2026-07-04T03:00:00Z,55620.8
2026-07-04T04:00:00Z,59564.7
2026-07-04T05:00:00Z,63205.2
2026-07-04T06:00:00Z,67684.4
2026-07-04T07:00:00Z,71566.3
2026-07-04T08:00:00Z,73177.3
2026-07-04T09:00:00Z,74611.7
2026-07-04T10:00:00Z,78466.5
2026-07-04T11:00:00Z,79627.5
2026-07-04T12:00:00Z,80879.8
2026-07-04T13:00:00Z,81869.6
2026-07-04T14:00:00Z,77795.7
2026-07-04T15:00:00Z,78820.1
2026-07-04T16:00:00Z,74591.1
2026-07-04T17:00:00Z,72065.8
2026-07-04T18:00:00Z,64724.4
2026-07-04T19:00:00Z,63688.5
2026-07-04T20:00:00Z,61349.5
2026-07-04T21:00:00Z,57177.8
2026-07-04T22:00:00Z,55477.6
2026-07-04T23:00:00Z,53761.8
2026-07-05T00:00:00Z,53632.6
2026-07-05T01:00:00Z,53946.2
2026-07-05T02:00:00Z,56928.0
2026-07-05T03:00:00Z,57268.6
2026-07-05T04:00:00Z,60275.2
2026-07-05T05:00:00Z,65602.8
2026-07-05T06:00:00Z,67585.5
2026-07-05T07:00:00Z,70653.4
2026-07-05T08:00:00Z,77261.3
2026-07-05T09:00:00Z,74533.2
2026-07-05T10:00:00Z,80098.1
2026-07-05T11:00:00Z,80893.0
2026-07-05T12:00:00Z,83992.7
2026-07-05T13:00:00Z,81183.9
2026-07-05T14:00:00Z,78479.6
2026-07-05T15:00:00Z,77033.9
2026-07-05T16:00:00Z,73330.7
2026-07-05T17:00:00Z,73154.1
2026-07-05T18:00:00Z,67826.6
2026-07-05T19:00:00Z,64395.0
2026-07-05T20:00:00Z,60598.2
2026-07-05T21:00:00Z,58785.5
2026-07-05T22:00:00Z,54810.8
2026-07-05T23:00:00Z,54678.4
2026-07-06T00:00:00Z,57652.6
2026-07-06T01:00:00Z,59021.6
2026-07-06T02:00:00Z,59770.3
2026-07-06T03:00:00Z,62474.5
2026-07-06T04:00:00Z,66372.4
2026-07-06T05:00:00Z,68255.3
2026-07-06T06:00:00Z,72461.8
2026-07-06T07:00:00Z,74771.9
2026-07-06T08:00:00Z,77744.6
2026-07-06T09:00:00Z,81077.2
2026-07-06T10:00:00Z,83015.1
2026-07-06T11:00:00Z,84992.1
2026-07-06T12:00:00Z,84926.4
2026-07-06T13:00:00Z,84381.9
2026-07-06T14:00:00Z,82247.4
2026-07-06T15:00:00Z,82085.6
2026-07-06T16:00:00Z,77743.0
2026-07-06T17:00:00Z,74739.0
2026-07-06T18:00:00Z,72949.7
2026-07-06T19:00:00Z,70443.3
2026-07-06T20:00:00Z,66548.4
2026-07-06T21:00:00Z,63250.2
2026-07-06T22:00:00Z,61686.0
2026-07-06T23:00:00Z,57930.9
2026-07-07T00:00:00Z,59872.4
2026-07-07T01:00:00Z,59745.8
2026-07-07T02:00:00Z,60303.9
2026-07-07T03:00:00Z,62631.4
2026-07-07T04:00:00Z,65795.0
2026-07-07T05:00:00Z,67151.1
2026-07-07T06:00:00Z,72977.1
2026-07-07T07:00:00Z,75999.1
2026-07-07T08:00:00Z,78877.7
2026-07-07T09:00:00Z,80179.8
2026-07-07T10:00:00Z,84460.0
2026-07-07T11:00:00Z,84253.1
2026-07-07T12:00:00Z,87110.2
2026-07-07T13:00:00Z,84736.4
2026-07-07T14:00:00Z,83931.1
2026-07-07T15:00:00Z,78994.7
2026-07-07T16:00:00Z,79523.7
2026-07-07T17:00:00Z,75364.4
2026-07-07T18:00:00Z,73123.0
2026-07-07T19:00:00Z,69939.5
2026-07-07T20:00:00Z,64122.3
2026-07-07T21:00:00Z,60903.1
2026-07-07T22:00:00Z,59500.3
2026-07-07T23:00:00Z,59744.0
2026-07-08T00:00:00Z,58738.8
2026-07-08T01:00:00Z,59704.3
2026-07-08T02:00:00Z,59993.0
2026-07-08T03:00:00Z,62136.2
2026-07-08T04:00:00Z,64547.8
2026-07-08T05:00:00Z,70261.1
2026-07-08T06:00:00Z,73504.2
2026-07-08T07:00:00Z,76511.3
2026-07-08T08:00:00Z,81538.8
2026-07-08T09:00:00Z,83718.0
2026-07-08T10:00:00Z,83234.5
2026-07-08T11:00:00Z,86665.5
2026-07-08T12:00:00Z,86613.9
2026-07-08T13:00:00Z,86447.6
2026-07-08T14:00:00Z,83040.0
2026-07-08T15:00:00Z,82638.9
2026-07-08T16:00:00Z,79157.3
2026-07-08T17:00:00Z,77559.0
2026-07-08T18:00:00Z,72605.9
2026-07-08T19:00:00Z,69254.8
2026-07-08T20:00:00Z,66907.1
2026-07-08T21:00:00Z,62171.5
2026-07-08T22:00:00Z,62175.4
2026-07-08T23:00:00Z,61303.2
2026-07-09T00:00:00Z,59414.8
2026-07-09T01:00:00Z,59304.6
2026-07-09T02:00:00Z,60655.5
2026-07-09T03:00:00Z,62687.2
2026-07-09T04:00:00Z,66361.4
2026-07-09T05:00:00Z,68647.4
2026-07-09T06:00:00Z,74800.3
2026-07-09T07:00:00Z,76571.2
2026-07-09T08:00:00Z,80259.7
2026-07-09T09:00:00Z,82112.2
2026-07-09T10:00:00Z,84835.5
2026-07-09T11:00:00Z,86344.8
2026-07-09T12:00:00Z,85968.9
2026-07-09T13:00:00Z,85313.8
2026-07-09T14:00:00Z,82658.2
2026-07-09T15:00:00Z,81004.5
2026-07-09T16:00:00Z,79464.3
2026-07-09T17:00:00Z,78225.7
2026-07-09T18:00:00Z,72676.5
2026-07-09T19:00:00Z,68551.9
2026-07-09T20:00:00Z,66553.5
2026-07-09T21:00:00Z,63655.4
2026-07-09T22:00:00Z,61051.2
2026-07-09T23:00:00Z,59719.1
2026-07-10T00:00:00Z,57279.5
2026-07-10T01:00:00Z,61502.4
2026-07-10T02:00:00Z,59636.1
2026-07-10T03:00:00Z,61793.9
2026-07-10T04:00:00Z,64828.1
2026-07-10T05:00:00Z,68157.3
2026-07-10T06:00:00Z,72089.6
2026-07-10T07:00:00Z,75960.1
2026-07-10T08:00:00Z,80886.6
2026-07-10T09:00:00Z,81106.9
2026-07-10T10:00:00Z,84413.5
2026-07-10T11:00:00Z,85672.3
2026-07-10T12:00:00Z,86156.1
2026-07-10T13:00:00Z,86025.6
2026-07-10T14:00:00Z,86778.0
2026-07-10T15:00:00Z,82098.4
2026-07-10T16:00:00Z,79851.7
2026-07-10T17:00:00Z,76613.5
2026-07-10T18:00:00Z,74415.7
2026-07-10T19:00:00Z,70763.0
2026-07-10T20:00:00Z,66315.0
2026-07-10T21:00:00Z,63838.2
2026-07-10T22:00:00Z,61538.4
2026-07-10T23:00:00Z,59307.0
2026-07-11T00:00:00Z,55760.9
2026-07-11T01:00:00Z,57368.8
2026-07-11T02:00:00Z,55369.7
2026-07-11T03:00:00Z,59230.3
2026-07-11T04:00:00Z,63856.0
2026-07-11T05:00:00Z,65970.7
2026-07-11T06:00:00Z,69524.4
2026-07-11T07:00:00Z,73111.6
2026-07-11T08:00:00Z,77723.8
2026-07-11T09:00:00Z,79964.5
2026-07-11T10:00:00Z,80113.2
2026-07-11T11:00:00Z,83781.4
2026-07-11T12:00:00Z,82526.2
2026-07-11T13:00:00Z,81838.6
2026-07-11T14:00:00Z,80799.2
2026-07-11T15:00:00Z,77454.3
2026-07-11T16:00:00Z,76286.6
2026-07-11T17:00:00Z,72544.2
2026-07-11T18:00:00Z,67495.8
2026-07-11T19:00:00Z,66293.8
2026-07-11T20:00:00Z,64186.2
2026-07-11T21:00:00Z,58492.7
2026-07-11T22:00:00Z,56313.0
2026-07-11T23:00:00Z,53762.2
2026-07-12T00:00:00Z,57457.2
2026-07-12T01:00:00Z,56495.3
2026-07-12T02:00:00Z,56941.5
2026-07-12T03:00:00Z,61242.8
2026-07-12T04:00:00Z,63143.9
2026-07-12T05:00:00Z,69092.7
2026-07-12T06:00:00Z,69402.1
2026-07-12T07:00:00Z,73977.7
2026-07-12T08:00:00Z,76239.9
2026-07-12T09:00:00Z,80537.2
2026-07-12T10:00:00Z,80426.8
2026-07-12T11:00:00Z,84270.6
2026-07-12T12:00:00Z,82951.0
2026-07-12T13:00:00Z,82909.8
2026-07-12T14:00:00Z,81623.4
2026-07-12T15:00:00Z,79292.0
2026-07-12T16:00:00Z,76014.7
2026-07-12T17:00:00Z,72514.6
2026-07-12T18:00:00Z,69296.7
2026-07-12T19:00:00Z,66598.2
2026-07-12T20:00:00Z,62787.7
2026-07-12T21:00:00Z,61005.6
2026-07-12T22:00:00Z,57909.9
2026-07-12T23:00:00Z,57752.9
2026-07-13T00:00:00Z,59589.0
2026-07-13T01:00:00Z,61853.5
2026-07-13T02:00:00Z,59421.3
2026-07-13T03:00:00Z,62483.2
2026-07-13T04:00:00Z,66996.2
2026-07-13T05:00:00Z,71134.4
2026-07-13T06:00:00Z,75330.3
2026-07-13T07:00:00Z,77020.4
2026-07-13T08:00:00Z,81839.0
2026-07-13T09:00:00Z,83231.3
2026-07-13T10:00:00Z,84127.5
2026-07-13T11:00:00Z,88058.2
2026-07-13T12:00:00Z,87783.3
2026-07-13T13:00:00Z,86562.1
2026-07-13T14:00:00Z,85894.8
2026-07-13T15:00:00Z,83696.5
2026-07-13T16:00:00Z,80441.9
2026-07-13T17:00:00Z,77145.8
2026-07-13T18:00:00Z,72964.0
2026-07-13T19:00:00Z,70814.0
2026-07-13T20:00:00Z,65655.4
2026-07-13T21:00:00Z,63313.9
2026-07-13T22:00:00Z,63605.1
2026-07-13T23:00:00Z,60322.6
2026-07-14T00:00:00Z,61621.6
2026-07-14T01:00:00Z,59414.0
2026-07-14T02:00:00Z,60057.9
2026-07-14T03:00:00Z,64984.8
2026-07-14T04:00:00Z,66992.4
2026-07-14T05:00:00Z,70207.8
2026-07-14T06:00:00Z,72592.5
2026-07-14T07:00:00Z,78032.5
2026-07-14T08:00:00Z,78592.6
2026-07-14T09:00:00Z,83653.7
2026-07-14T10:00:00Z,87349.1
2026-07-14T11:00:00Z,86682.5
2026-07-14T12:00:00Z,88204.8
2026-07-14T13:00:00Z,84641.7
2026-07-14T14:00:00Z,84595.4
2026-07-14T15:00:00Z,83141.7
2026-07-14T16:00:00Z,81461.6
2026-07-14T17:00:00Z,76741.8
2026-07-14T18:00:00Z,74215.8
2026-07-14T19:00:00Z,70552.1
2026-07-14T20:00:00Z,66385.3
2026-07-14T21:00:00Z,64789.2
2026-07-14T22:00:00Z,60802.2
2026-07-14T23:00:00Z,61384.3
2026-07-15T00:00:00Z,62108.7
2026-07-15T01:00:00Z,60630.7
2026-07-15T02:00:00Z,61695.8
2026-07-15T03:00:00Z,64176.5
2026-07-15T04:00:00Z,67530.8
2026-07-15T05:00:00Z,70858.8
2026-07-15T06:00:00Z,74265.8
2026-07-15T07:00:00Z,76698.6
2026-07-15T08:00:00Z,81309.9
2026-07-15T09:00:00Z,85113.2
2026-07-15T10:00:00Z,85644.7
2026-07-15T11:00:00Z,89142.2
2026-07-15T12:00:00Z,88914.0
2026-07-15T13:00:00Z,88471.8
2026-07-15T14:00:00Z,86539.5
2026-07-15T15:00:00Z,83668.0
2026-07-15T16:00:00Z,82375.3
2026-07-15T17:00:00Z,77568.7
2026-07-15T18:00:00Z,73724.2
2026-07-15T19:00:00Z,72221.6
2026-07-15T20:00:00Z,68228.2
2026-07-15T21:00:00Z,62567.9
2026-07-15T22:00:00Z,63685.1
2026-07-15T23:00:00Z,61475.3
2026-07-16T00:00:00Z,60689.3
2026-07-16T01:00:00Z,61492.8
2026-07-16T02:00:00Z,62900.5
2026-07-16T03:00:00Z,63920.0
2026-07-16T04:00:00Z,68841.9
2026-07-16T05:00:00Z,73046.4
2026-07-16T06:00:00Z,76086.8
2026-07-16T07:00:00Z,78613.2
2026-07-16T08:00:00Z,79986.9
2026-07-16T09:00:00Z,83483.9
2026-07-16T10:00:00Z,84372.4
2026-07-16T11:00:00Z,87384.1
2026-07-16T12:00:00Z,88127.0
2026-07-16T13:00:00Z,87901.8
2026-07-16T14:00:00Z,84702.1
2026-07-16T15:00:00Z,83750.2
2026-07-16T16:00:00Z,79512.8
2026-07-16T17:00:00Z,76456.1
2026-07-16T18:00:00Z,74380.0
2026-07-16T19:00:00Z,70313.8
2026-07-16T20:00:00Z,69209.4
2026-07-16T21:00:00Z,66445.9
2026-07-16T22:00:00Z,63453.8
2026-07-16T23:00:00Z,62682.2
2026-07-17T00:00:00Z,61376.8
2026-07-17T01:00:00Z,59220.6
2026-07-17T02:00:00Z,62085.4
2026-07-17T03:00:00Z,65343.5
2026-07-17T04:00:00Z,70215.9
2026-07-17T05:00:00Z,70546.6
2026-07-17T06:00:00Z,73477.0
2026-07-17T07:00:00Z,75359.0
2026-07-17T08:00:00Z,81241.0
2026-07-17T09:00:00Z,84187.2
2026-07-17T10:00:00Z,85862.0
2026-07-17T11:00:00Z,88142.3
2026-07-17T12:00:00Z,89915.4
2026-07-17T13:00:00Z,87092.5
2026-07-17T14:00:00Z,84877.7
2026-07-17T15:00:00Z,85744.9
2026-07-17T16:00:00Z,80335.3
2026-07-17T17:00:00Z,78528.7
2026-07-17T18:00:00Z,76675.9
2026-07-17T19:00:00Z,71346.6
2026-07-17T20:00:00Z,69458.8
2026-07-17T21:00:00Z,64888.3
2026-07-17T22:00:00Z,63851.0
2026-07-17T23:00:00Z,62440.4
2026-07-18T00:00:00Z,58791.3
2026-07-18T01:00:00Z,57070.3
2026-07-18T02:00:00Z,60434.4
2026-07-18T03:00:00Z,60697.8
2026-07-18T04:00:00Z,64123.9
2026-07-18T05:00:00Z,66859.3
2026-07-18T06:00:00Z,70012.1
2026-07-18T07:00:00Z,73576.3
2026-07-18T08:00:00Z,77734.4
2026-07-18T09:00:00Z,82830.5
2026-07-18T10:00:00Z,81971.4
2026-07-18T11:00:00Z,86006.6
2026-07-18T12:00:00Z,83956.3
2026-07-18T13:00:00Z,85498.6
2026-07-18T14:00:00Z,80952.3
2026-07-18T15:00:00Z,81567.1
2026-07-18T16:00:00Z,78297.0
2026-07-18T17:00:00Z,76308.7
2026-07-18T18:00:00Z,68895.2
2026-07-18T19:00:00Z,67571.5
2026-07-18T20:00:00Z,62524.6
2026-07-18T21:00:00Z,62463.4
2026-07-18T22:00:00Z,57414.3
2026-07-18T23:00:00Z,56585.8
2026-07-19T00:00:00Z,58475.9
2026-07-19T01:00:00Z,59036.1
2026-07-19T02:00:00Z,59980.7
2026-07-19T03:00:00Z,62443.4
2026-07-19T04:00:00Z,64056.3
2026-07-19T05:00:00Z,69705.4
2026-07-19T06:00:00Z,71575.1
2026-07-19T07:00:00Z,73033.5
2026-07-19T08:00:00Z,77665.1
2026-07-19T09:00:00Z,80478.8
2026-07-19T10:00:00Z,84604.5
2026-07-19T11:00:00Z,85655.0
2026-07-19T12:00:00Z,85795.1
2026-07-19T13:00:00Z,83294.6
2026-07-19T14:00:00Z,84170.7
2026-07-19T15:00:00Z,80269.4
2026-07-19T16:00:00Z,78070.7
2026-07-19T17:00:00Z,75480.5
2026-07-19T18:00:00Z,69784.5
2026-07-19T19:00:00Z,68539.5
2026-07-19T20:00:00Z,64394.2
2026-07-19T21:00:00Z,60521.5
2026-07-19T22:00:00Z,61206.2
2026-07-19T23:00:00Z,58773.4
2026-07-20T00:00:00Z,62450.4
2026-07-20T01:00:00Z,60828.8
2026-07-20T02:00:00Z,64768.7
2026-07-20T03:00:00Z,65810.9
2026-07-20T04:00:00Z,67243.7
2026-07-20T05:00:00Z,72842.2
2026-07-20T06:00:00Z,75936.4
2026-07-20T07:00:00Z,79479.7
2026-07-20T08:00:00Z,83188.6
2026-07-20T09:00:00Z,84344.6
2026-07-20T10:00:00Z,87349.5
2026-07-20T11:00:00Z,89051.1
2026-07-20T12:00:00Z,90051.7
2026-07-20T13:00:00Z,87292.5
2026-07-20T14:00:00Z,85817.9
2026-07-20T15:00:00Z,86676.4
2026-07-20T16:00:00Z,82003.1
2026-07-20T17:00:00Z,76906.0
2026-07-20T18:00:00Z,76438.5
2026-07-20T19:00:00Z,71168.1
2026-07-20T20:00:00Z,68418.8
2026-07-20T21:00:00Z,66167.9
2026-07-20T22:00:00Z,62954.3
2026-07-20T23:00:00Z,60408.0
2026-07-21T00:00:00Z,61341.2
2026-07-21T01:00:00Z,62717.1
2026-07-21T02:00:00Z,62676.1
2026-07-21T03:00:00Z,64895.7
2026-07-21T04:00:00Z,70938.3
2026-07-21T05:00:00Z,72760.9
2026-07-21T06:00:00Z,75686.4
2026-07-21T07:00:00Z,78656.3
2026-07-21T08:00:00Z,83176.2
2026-07-21T09:00:00Z,85843.9
2026-07-21T10:00:00Z,85841.0
2026-07-21T11:00:00Z,87868.0
2026-07-21T12:00:00Z,89488.2
2026-07-21T13:00:00Z,89631.5
2026-07-21T14:00:00Z,88841.5
2026-07-21T15:00:00Z,86839.8
2026-07-21T16:00:00Z,82438.3
2026-07-21T17:00:00Z,79069.3
2026-07-21T18:00:00Z,76467.7
2026-07-21T19:00:00Z,70740.1
2026-07-21T20:00:00Z,67927.5
2026-07-21T21:00:00Z,67399.1
2026-07-21T22:00:00Z,62490.4
2026-07-21T23:00:00Z,63141.7
2026-07-22T00:00:00Z,62980.4
2026-07-22T01:00:00Z,61282.8
2026-07-22T02:00:00Z,64536.2
2026-07-22T03:00:00Z,67262.2
2026-07-22T04:00:00Z,71087.4
2026-07-22T05:00:00Z,74526.6
2026-07-22T06:00:00Z,76329.0
2026-07-22T07:00:00Z,79489.2
2026-07-22T08:00:00Z,83007.7
2026-07-22T09:00:00Z,84772.5
2026-07-22T10:00:00Z,86995.9
2026-07-22T11:00:00Z,88224.7
2026-07-22T12:00:00Z,92120.3
2026-07-22T13:00:00Z,89334.9
2026-07-22T14:00:00Z,88003.5
2026-07-22T15:00:00Z,87695.3
2026-07-22T16:00:00Z,82071.7
2026-07-22T17:00:00Z,80527.5
2026-07-22T18:00:00Z,77319.2
2026-07-22T19:00:00Z,72909.2
2026-07-22T20:00:00Z,69437.4
2026-07-22T21:00:00Z,67657.2
2026-07-22T22:00:00Z,66469.7
2026-07-22T23:00:00Z,62733.6
2026-07-23T00:00:00Z,66221.0
2026-07-23T01:00:00Z,65257.0
2026-07-23T02:00:00Z,62846.0
2026-07-23T03:00:00Z,66893.2
2026-07-23T04:00:00Z,69152.1
2026-07-23T05:00:00Z,74500.4
2026-07-23T06:00:00Z,79110.5
2026-07-23T07:00:00Z,80865.4
2026-07-23T08:00:00Z,83160.6
2026-07-23T09:00:00Z,85393.8
2026-07-23T10:00:00Z,89556.2
2026-07-23T11:00:00Z,88647.1
2026-07-23T12:00:00Z,92652.8
2026-07-23T13:00:00Z,90910.9
2026-07-23T14:00:00Z,90596.3
2026-07-23T15:00:00Z,86340.8
2026-07-23T16:00:00Z,85507.1
2026-07-23T17:00:00Z,79729.1
2026-07-23T18:00:00Z,76963.9
2026-07-23T19:00:00Z,73868.7
2026-07-23T20:00:00Z,69368.5
2026-07-23T21:00:00Z,66647.9
2026-07-23T22:00:00Z,66735.5
2026-07-23T23:00:00Z,62180.8
2026-07-24T00:00:00Z,65643.2
2026-07-24T01:00:00Z,63253.6
2026-07-24T02:00:00Z,64359.6
2026-07-24T03:00:00Z,65524.6
2026-07-24T04:00:00Z,68362.7
2026-07-24T05:00:00Z,72094.6
2026-07-24T06:00:00Z,76849.9
2026-07-24T07:00:00Z,80853.2
2026-07-24T08:00:00Z,84225.7
2026-07-24T09:00:00Z,86508.8
2026-07-24T10:00:00Z,88570.9
2026-07-24T11:00:00Z,91634.0
2026-07-24T12:00:00Z,90518.2
2026-07-24T13:00:00Z,90086.3
2026-07-24T14:00:00Z,88420.6
2026-07-24T15:00:00Z,85640.0
2026-07-24T16:00:00Z,83261.0
2026-07-24T17:00:00Z,79870.1
2026-07-24T18:00:00Z,76646.9
2026-07-24T19:00:00Z,77266.5
2026-07-24T20:00:00Z,71562.4
2026-07-24T21:00:00Z,66061.3
2026-07-24T22:00:00Z,63452.5
2026-07-24T23:00:00Z,63127.6
2026-07-25T00:00:00Z,59836.2
2026-07-25T01:00:00Z,60650.3
2026-07-25T02:00:00Z,61733.3
2026-07-25T03:00:00Z,61849.2
2026-07-25T04:00:00Z,64518.3
2026-07-25T05:00:00Z,69223.6
2026-07-25T06:00:00Z,72430.5
2026-07-25T07:00:00Z,74243.9
2026-07-25T08:00:00Z,78468.6
2026-07-25T09:00:00Z,83061.5
2026-07-25T10:00:00Z,83602.6
2026-07-25T11:00:00Z,85812.1
2026-07-25T12:00:00Z,87266.8
2026-07-25T13:00:00Z,87857.2
2026-07-25T14:00:00Z,84028.0
2026-07-25T15:00:00Z,82960.2
2026-07-25T16:00:00Z,79995.9
2026-07-25T17:00:00Z,75969.7
2026-07-25T18:00:00Z,72479.1
2026-07-25T19:00:00Z,71368.6
2026-07-25T20:00:00Z,65802.8
2026-07-25T21:00:00Z,63687.6
2026-07-25T22:00:00Z,61720.7
2026-07-25T23:00:00Z,62114.7
2026-07-26T00:00:00Z,60125.4
2026-07-26T01:00:00Z,62482.1
2026-07-26T02:00:00Z,63118.5
2026-07-26T03:00:00Z,63312.1
2026-07-26T04:00:00Z,67710.7
2026-07-26T05:00:00Z,69110.3
2026-07-26T06:00:00Z,73468.7
2026-07-26T07:00:00Z,76669.7
2026-07-26T08:00:00Z,82042.1
2026-07-26T09:00:00Z,82232.0
2026-07-26T10:00:00Z,86457.9
2026-07-26T11:00:00Z,86954.8
2026-07-26T12:00:00Z,88111.4
2026-07-26T13:00:00Z,84019.1
2026-07-26T14:00:00Z,85128.5
2026-07-26T15:00:00Z,82997.6
2026-07-26T16:00:00Z,83225.7
2026-07-26T17:00:00Z,79276.5
2026-07-26T18:00:00Z,73503.6
2026-07-26T19:00:00Z,70171.2
2026-07-26T20:00:00Z,64637.0
2026-07-26T21:00:00Z,64291.1
2026-07-26T22:00:00Z,60811.3
2026-07-26T23:00:00Z,61896.8
2026-07-27T00:00:00Z,62692.2
2026-07-27T01:00:00Z,64777.3
2026-07-27T02:00:00Z,65831.3
2026-07-27T03:00:00Z,67654.4
2026-07-27T04:00:00Z,70415.2
2026-07-27T05:00:00Z,73787.1
2026-07-27T06:00:00Z,75928.5
2026-07-27T07:00:00Z,81841.1
2026-07-27T08:00:00Z,85858.4
2026-07-27T09:00:00Z,86097.0
2026-07-27T10:00:00Z,88543.9
2026-07-27T11:00:00Z,89340.1
2026-07-27T12:00:00Z,91495.9
2026-07-27T13:00:00Z,90885.5
2026-07-27T14:00:00Z,87920.2
2026-07-27T15:00:00Z,85295.2
2026-07-27T16:00:00Z,84275.0
2026-07-27T17:00:00Z,82385.2
2026-07-27T18:00:00Z,79206.5
2026-07-27T19:00:00Z,73699.7
2026-07-27T20:00:00Z,70427.4
2026-07-27T21:00:00Z,70120.1
2026-07-27T22:00:00Z,67506.8
2026-07-27T23:00:00Z,63532.7
2026-07-28T00:00:00Z,63247.5
2026-07-28T01:00:00Z,62880.7
2026-07-28T02:00:00Z,66739.8
2026-07-28T03:00:00Z,67967.0
2026-07-28T04:00:00Z,70127.2
2026-07-28T05:00:00Z,74009.4
2026-07-28T06:00:00Z,76429.5
2026-07-28T07:00:00Z,82779.6
2026-07-28T08:00:00Z,84616.4
2026-07-28T09:00:00Z,88326.6
2026-07-28T10:00:00Z,87833.1
2026-07-28T11:00:00Z,90041.3
2026-07-28T12:00:00Z,92244.7
