timestamp,demand_mwh
2025-06-23T13:00:00Z,26593.7
2025-06-23T14:00:00Z,26640.6
2025-06-23T15:00:00Z,25885.7
2025-06-23T16:00:00Z,24325.7
2025-06-23T17:00:00Z,23334.4
2025-06-23T18:00:00Z,22101.6
2025-06-23T19:00:00Z,21359.1
2025-06-23T20:00:00Z,20057.9
2025-06-23T21:00:00Z,19436.1
2025-06-23T22:00:00Z,17772.2
2025-06-23T23:00:00Z,18591.0
2025-06-24T00:00:00Z,17909.6
2025-06-24T01:00:00Z,18347.9
2025-06-24T02:00:00Z,18489.1
2025-06-24T03:00:00Z,19104.3
2025-06-24T04:00:00Z,20334.3
2025-06-24T05:00:00Z,21537.7
2025-06-24T06:00:00Z,22306.1
2025-06-24T07:00:00Z,23472.6
2025-06-24T08:00:00Z,24852.3
2025-06-24T09:00:00Z,25195.8
2025-06-24T10:00:00Z,25662.6
2025-06-24T11:00:00Z,26811.5
2025-06-24T12:00:00Z,26568.8
2025-06-24T13:00:00Z,25955.7
2025-06-24T14:00:00Z,25921.5
2025-06-24T15:00:00Z,25344.7
2025-06-24T16:00:00Z,24157.8
2025-06-24T17:00:00Z,22977.4
2025-06-24T18:00:00Z,22394.5
2025-06-24T19:00:00Z,21564.6
2025-06-24T20:00:00Z,20077.0
2025-06-24T21:00:00Z,18969.6
2025-06-24T22:00:00Z,18681.9
2025-06-24T23:00:00Z,18361.6
2025-06-25T00:00:00Z,17919.5
2025-06-25T01:00:00Z,18382.9
2025-06-25T02:00:00Z,19010.2
2025-06-25T03:00:00Z,19253.1
2025-06-25T04:00:00Z,19947.6
2025-06-25T05:00:00Z,21446.6
2025-06-25T06:00:00Z,22557.6
2025-06-25T07:00:00Z,24020.3
2025-06-25T08:00:00Z,24209.1
2025-06-25T09:00:00Z,25358.1
2025-06-25T10:00:00Z,25997.7
2025-06-25T11:00:00Z,26109.7
2025-06-25T12:00:00Z,26948.6
2025-06-25T13:00:00Z,26945.8
2025-06-25T14:00:00Z,26034.5
2025-06-25T15:00:00Z,26114.8
2025-06-25T16:00:00Z,24987.8
2025-06-25T17:00:00Z,23846.1
2025-06-25T18:00:00Z,22614.6
2025-06-25T19:00:00Z,21671.3
2025-06-25T20:00:00Z,19755.9
2025-06-25T21:00:00Z,19556.6
2025-06-25T22:00:00Z,18847.5
2025-06-25T23:00:00Z,17528.2
2025-06-26T00:00:00Z,18244.5
2025-06-26T01:00:00Z,18174.8
2025-06-26T02:00:00Z,18999.4
2025-06-26T03:00:00Z,19253.1
2025-06-26T04:00:00Z,20327.3
2025-06-26T05:00:00Z,21530.6
2025-06-26T06:00:00Z,22228.0
2025-06-26T07:00:00Z,23921.2
2025-06-26T08:00:00Z,24731.0
2025-06-26T09:00:00Z,25870.5
2025-06-26T10:00:00Z,26200.5
2025-06-26T11:00:00Z,27238.0
2025-06-26T12:00:00Z,27211.3
2025-06-26T13:00:00Z,26770.7
2025-06-26T14:00:00Z,26627.0
2025-06-26T15:00:00Z,26154.1
2025-06-26T16:00:00Z,25431.9
2025-06-26T17:00:00Z,23118.3
2025-06-26T18:00:00Z,22878.4
2025-06-26T19:00:00Z,21575.8
2025-06-26T20:00:00Z,20299.4
2025-06-26T21:00:00Z,19043.3
2025-06-26T22:00:00Z,19175.2
2025-06-26T23:00:00Z,17801.0
2025-06-27T00:00:00Z,18412.2
2025-06-27T01:00:00Z,18835.0
2025-06-27T02:00:00Z,18205.6
2025-06-27T03:00:00Z,19390.0
2025-06-27T04:00:00Z,19936.5
2025-06-27T05:00:00Z,21580.5
2025-06-27T06:00:00Z,23198.1
2025-06-27T07:00:00Z,24534.4
2025-06-27T08:00:00Z,24198.9
2025-06-27T09:00:00Z,25562.3
2025-06-27T10:00:00Z,26739.8
2025-06-27T11:00:00Z,27506.7
2025-06-27T12:00:00Z,27229.7
2025-06-27T13:00:00Z,26647.1
2025-06-27T14:00:00Z,26589.6
2025-06-27T15:00:00Z,25768.7
2025-06-27T16:00:00Z,24780.9
2025-06-27T17:00:00Z,23514.9
2025-06-27T18:00:00Z,22781.5
2025-06-27T19:00:00Z,21604.1
2025-06-27T20:00:00Z,20386.1
2025-06-27T21:00:00Z,19419.9
2025-06-27T22:00:00Z,18322.0
2025-06-27T23:00:00Z,18174.1
2025-06-28T00:00:00Z,17503.5
2025-06-28T01:00:00Z,17138.2
2025-06-28T02:00:00Z,17119.6
2025-06-28T03:00:00Z,18850.0
2025-06-28T04:00:00Z,19471.4
2025-06-28T05:00:00Z,21124.4
2025-06-28T06:00:00Z,21516.3
2025-06-28T07:00:00Z,22470.7
2025-06-28T08:00:00Z,23175.9
2025-06-28T09:00:00Z,25119.1
2025-06-28T10:00:00Z,26284.4
2025-06-28T11:00:00Z,25474.3
2025-06-28T12:00:00Z,25689.7
2025-06-28T13:00:00Z,25998.1
2025-06-28T14:00:00Z,25027.7
2025-06-28T15:00:00Z,24529.7
2025-06-28T16:00:00Z,23581.7
2025-06-28T17:00:00Z,22712.2
2025-06-28T18:00:00Z,21897.9
2025-06-28T19:00:00Z,20353.3
2025-06-28T20:00:00Z,19615.0
2025-06-28T21:00:00Z,18201.5
2025-06-28T22:00:00Z,17772.9
2025-06-28T23:00:00Z,16418.3
2025-06-29T00:00:00Z,16609.1
2025-06-29T01:00:00Z,17590.4
2025-06-29T02:00:00Z,17521.2
2025-06-29T03:00:00Z,18658.6
2025-06-29T04:00:00Z,19563.4
2025-06-29T05:00:00Z,20921.5
2025-06-29T06:00:00Z,21880.9
2025-06-29T07:00:00Z,23104.7
2025-06-29T08:00:00Z,23757.3
2025-06-29T09:00:00Z,24459.2
2025-06-29T10:00:00Z,25151.8
2025-06-29T11:00:00Z,25684.9
2025-06-29T12:00:00Z,25598.8
2025-06-29T13:00:00Z,25663.0
2025-06-29T14:00:00Z,25388.0
2025-06-29T15:00:00Z,24810.3
2025-06-29T16:00:00Z,23673.4
2025-06-29T17:00:00Z,22017.7
2025-06-29T18:00:00Z,21554.1
2025-06-29T19:00:00Z,20516.0
2025-06-29T20:00:00Z,19763.8
2025-06-29T21:00:00Z,18657.9
2025-06-29T22:00:00Z,17501.5
2025-06-29T23:00:00Z,17028.7
2025-06-30T00:00:00Z,19208.5
2025-06-30T01:00:00Z,18896.2
2025-06-30T02:00:00Z,19736.6
2025-06-30T03:00:00Z,20551.7
2025-06-30T04:00:00Z,20380.8
2025-06-30T05:00:00Z,21895.4
2025-06-30T06:00:00Z,23070.4
2025-06-30T07:00:00Z,24255.9
2025-06-30T08:00:00Z,25319.2
2025-06-30T09:00:00Z,26112.2
2025-06-30T10:00:00Z,26806.8
2025-06-30T11:00:00Z,26630.2
2025-06-30T12:00:00Z,27275.6
2025-06-30T13:00:00Z,26909.2
2025-06-30T14:00:00Z,26789.1
2025-06-30T15:00:00Z,25864.7
2025-06-30T16:00:00Z,25347.5
2025-06-30T17:00:00Z,24351.8
2025-06-30T18:00:00Z,23015.1
2025-06-30T19:00:00Z,21869.9
2025-06-30T20:00:00Z,20717.5
2025-06-30T21:00:00Z,19599.0
2025-06-30T22:00:00Z,18998.8
2025-06-30T23:00:00Z,18433.3
2025-07-01T00:00:00Z,18697.4
2025-07-01T01:00:00Z,18710.3
2025-07-01T02:00:00Z,19363.1
2025-07-01T03:00:00Z,19362.0
2025-07-01T04:00:00Z,21100.0
2025-07-01T05:00:00Z,21559.7
2025-07-01T06:00:00Z,22718.2
2025-07-01T07:00:00Z,24064.7
2025-07-01T08:00:00Z,24999.3
2025-07-01T09:00:00Z,26233.8
2025-07-01T10:00:00Z,26618.9
2025-07-01T11:00:00Z,26878.9
2025-07-01T12:00:00Z,27112.7
2025-07-01T13:00:00Z,27759.2
2025-07-01T14:00:00Z,26847.4
2025-07-01T15:00:00Z,25694.6
2025-07-01T16:00:00Z,25210.6
2025-07-01T17:00:00Z,23562.6
2025-07-01T18:00:00Z,23651.2
2025-07-01T19:00:00Z,21278.1
2025-07-01T20:00:00Z,20948.8
2025-07-01T21:00:00Z,20054.1
2025-07-01T22:00:00Z,18612.3
2025-07-01T23:00:00Z,18816.1
2025-07-02T00:00:00Z,19011.7
2025-07-02T01:00:00Z,18967.1
2025-07-02T02:00:00Z,19333.8
2025-07-02T03:00:00Z,20293.1
2025-07-02T04:00:00Z,20920.4
2025-07-02T05:00:00Z,22055.1
2025-07-02T06:00:00Z,23031.9
2025-07-02T07:00:00Z,24460.4
2025-07-02T08:00:00Z,24948.7
2025-07-02T09:00:00Z,26508.0
2025-07-02T10:00:00Z,26733.4
2025-07-02T11:00:00Z,26960.2
2025-07-02T12:00:00Z,27649.5
2025-07-02T13:00:00Z,27989.1
2025-07-02T14:00:00Z,27275.7
2025-07-02T15:00:00Z,26024.7
2025-07-02T16:00:00Z,25554.7
2025-07-02T17:00:00Z,24058.9
2025-07-02T18:00:00Z,23032.9
2025-07-02T19:00:00Z,21963.8
2025-07-02T20:00:00Z,20004.4
2025-07-02T21:00:00Z,20013.1
2025-07-02T22:00:00Z,18856.8
2025-07-02T23:00:00Z,18536.4
2025-07-03T00:00:00Z,18187.7
2025-07-03T01:00:00Z,18323.2
2025-07-03T02:00:00Z,18978.3
2025-07-03T03:00:00Z,20337.0
2025-07-03T04:00:00Z,21566.4
2025-07-03T05:00:00Z,22011.0
2025-07-03T06:00:00Z,23571.9
2025-07-03T07:00:00Z,24218.8
2025-07-03T08:00:00Z,24679.5
2025-07-03T09:00:00Z,26360.3
2025-07-03T10:00:00Z,27174.5
2025-07-03T11:00:00Z,27294.5
2025-07-03T12:00:00Z,27715.8
2025-07-03T13:00:00Z,27664.6
2025-07-03T14:00:00Z,26690.6
2025-07-03T15:00:00Z,25759.0
2025-07-03T16:00:00Z,25304.4
2025-07-03T17:00:00Z,24238.4
2025-07-03T18:00:00Z,23038.0
2025-07-03T19:00:00Z,22385.3
2025-07-03T20:00:00Z,21588.4
2025-07-03T21:00:00Z,19877.8
2025-07-03T22:00:00Z,19585.3
2025-07-03T23:00:00Z,19231.6
2025-07-04T00:00:00Z,19086.3
2025-07-04T01:00:00Z,19361.0
2025-07-04T02:00:00Z,19273.1
2025-07-04T03:00:00Z,20395.3
2025-07-04T04:00:00Z,21788.9
2025-07-04T05:00:00Z,22407.4
2025-07-04T06:00:00Z,23029.3
2025-07-04T07:00:00Z,24631.1
2025-07-04T08:00:00Z,25942.9
2025-07-04T09:00:00Z,26531.3
2025-07-04T10:00:00Z,26891.6
2025-07-04T11:00:00Z,28113.3
2025-07-04T12:00:00Z,27232.1
2025-07-04T13:00:00Z,27729.0
2025-07-04T14:00:00Z,27093.8
2025-07-04T15:00:00Z,25953.7
2025-07-04T16:00:00Z,25927.0
2025-07-04T17:00:00Z,24535.0
2025-07-04T18:00:00Z,22827.1
2025-07-04T19:00:00Z,22332.8
2025-07-04T20:00:00Z,20881.0
2025-07-04T21:00:00Z,19418.5
2025-07-04T22:00:00Z,19162.3
2025-07-04T23:00:00Z,19071.3
2025-07-05T00:00:00Z,17916.0
2025-07-05T01:00:00Z,17893.3
2025-07-05T02:00:00Z,18292.0
2025-07-05T03:00:00Z,19153.9
2025-07-05T04:00:00Z,19820.9
2025-07-05T05:00:00Z,21403.7
2025-07-05T06:00:00Z,22171.6
2025-07-05T07:00:00Z,23373.4
2025-07-05T08:00:00Z,24534.4
2025-07-05T09:00:00Z,24862.4
2025-07-05T10:00:00Z,25696.0
2025-07-05T11:00:00Z,26966.3
2025-07-05T12:00:00Z,26676.3
2025-07-05T13:00:00Z,26296.8
2025-07-05T14:00:00Z,26084.3
2025-07-05T15:00:00Z,25075.2
2025-07-05T16:00:00Z,24437.5
2025-07-05T17:00:00Z,23018.6
2025-07-05T18:00:00Z,22218.7
2025-07-05T19:00:00Z,20385.5
2025-07-05T20:00:00Z,20390.8
2025-07-05T21:00:00Z,18790.6
2025-07-05T22:00:00Z,17690.8
2025-07-05T23:00:00Z,17749.4
2025-07-06T00:00:00Z,17634.7
2025-07-06T01:00:00Z,17979.3
2025-07-06T02:00:00Z,17942.7
2025-07-06T03:00:00Z,19217.9
2025-07-06T04:00:00Z,21329.1
2025-07-06T05:00:00Z,20586.8
2025-07-06T06:00:00Z,22332.3
2025-07-06T07:00:00Z,23240.7
2025-07-06T08:00:00Z,24496.5
2025-07-06T09:00:00Z,24674.3
2025-07-06T10:00:00Z,25623.5
2025-07-06T11:00:00Z,26662.0
2025-07-06T12:00:00Z,26629.0
2025-07-06T13:00:00Z,27096.5
2025-07-06T14:00:00Z,25788.4
2025-07-06T15:00:00Z,25408.5
2025-07-06T16:00:00Z,25502.2
2025-07-06T17:00:00Z,23072.6
2025-07-06T18:00:00Z,21873.4
2025-07-06T19:00:00Z,21046.5
2025-07-06T20:00:00Z,19973.2
2025-07-06T21:00:00Z,19383.0
2025-07-06T22:00:00Z,18414.0
2025-07-06T23:00:00Z,17643.2
2025-07-07T00:00:00Z,19173.3
2025-07-07T01:00:00Z,20221.6
2025-07-07T02:00:00Z,20159.5
2025-07-07T03:00:00Z,19365.9
2025-07-07T04:00:00Z,21260.5
2025-07-07T05:00:00Z,22059.3
2025-07-07T06:00:00Z,23760.8
2025-07-07T07:00:00Z,24614.8
2025-07-07T08:00:00Z,26463.1
2025-07-07T09:00:00Z,27011.5
2025-07-07T10:00:00Z,27701.4
2025-07-07T11:00:00Z,27884.3
2025-07-07T12:00:00Z,27951.6
2025-07-07T13:00:00Z,27941.1
2025-07-07T14:00:00Z,27851.0
2025-07-07T15:00:00Z,26864.9
2025-07-07T16:00:00Z,25618.9
2025-07-07T17:00:00Z,25150.2
2025-07-07T18:00:00Z,23601.8
2025-07-07T19:00:00Z,22354.1
2025-07-07T20:00:00Z,21020.4
2025-07-07T21:00:00Z,20185.1
2025-07-07T22:00:00Z,19454.3
2025-07-07T23:00:00Z,18214.1
2025-07-08T00:00:00Z,19562.5
2025-07-08T01:00:00Z,19547.1
2025-07-08T02:00:00Z,19701.7
2025-07-08T03:00:00Z,20872.4
2025-07-08T04:00:00Z,21566.4
2025-07-08T05:00:00Z,22611.6
2025-07-08T06:00:00Z,22707.5
2025-07-08T07:00:00Z,24684.2
2025-07-08T08:00:00Z,26036.9
2025-07-08T09:00:00Z,27353.8
2025-07-08T10:00:00Z,28144.0
2025-07-08T11:00:00Z,28433.9
2025-07-08T12:00:00Z,27628.6
2025-07-08T13:00:00Z,27094.5
2025-07-08T14:00:00Z,27674.6
2025-07-08T15:00:00Z,26769.0
2025-07-08T16:00:00Z,26196.0
2025-07-08T17:00:00Z,24723.8
2025-07-08T18:00:00Z,23703.5
2025-07-08T19:00:00Z,21919.8
2025-07-08T20:00:00Z,21570.1
2025-07-08T21:00:00Z,20321.3
2025-07-08T22:00:00Z,19910.3
2025-07-08T23:00:00Z,19507.6
2025-07-09T00:00:00Z,19235.1
2025-07-09T01:00:00Z,19546.7
2025-07-09T02:00:00Z,19867.7
2025-07-09T03:00:00Z,20858.2
2025-07-09T04:00:00Z,21681.7
2025-07-09T05:00:00Z,22363.8
2025-07-09T06:00:00Z,23496.8
2025-07-09T07:00:00Z,25506.7
2025-07-09T08:00:00Z,25894.4
2025-07-09T09:00:00Z,27217.2
2025-07-09T10:00:00Z,27701.0
2025-07-09T11:00:00Z,27790.2
2025-07-09T12:00:00Z,27873.0
2025-07-09T13:00:00Z,28043.1
2025-07-09T14:00:00Z,27650.4
2025-07-09T15:00:00Z,27077.7
2025-07-09T16:00:00Z,25463.7
2025-07-09T17:00:00Z,24642.3
2025-07-09T18:00:00Z,23679.0
2025-07-09T19:00:00Z,23157.8
2025-07-09T20:00:00Z,20623.8
2025-07-09T21:00:00Z,20739.9
2025-07-09T22:00:00Z,19673.1
2025-07-09T23:00:00Z,19589.0
2025-07-10T00:00:00Z,19188.6
2025-07-10T01:00:00Z,19656.4
2025-07-10T02:00:00Z,20543.1
2025-07-10T03:00:00Z,20800.6
2025-07-10T04:00:00Z,21748.5
2025-07-10T05:00:00Z,22796.0
2025-07-10T06:00:00Z,23528.8
2025-07-10T07:00:00Z,25155.0
2025-07-10T08:00:00Z,25947.0
2025-07-10T09:00:00Z,26642.7
2025-07-10T10:00:00Z,27633.4
2025-07-10T11:00:00Z,28006.7
2025-07-10T12:00:00Z,28520.4
2025-07-10T13:00:00Z,28074.9
2025-07-10T14:00:00Z,27451.9
2025-07-10T15:00:00Z,27480.9
2025-07-10T16:00:00Z,26389.4
2025-07-10T17:00:00Z,25423.6
2025-07-10T18:00:00Z,24030.8
2025-07-10T19:00:00Z,22617.6
2025-07-10T20:00:00Z,21433.4
2025-07-10T21:00:00Z,20566.4
2025-07-10T22:00:00Z,20315.1
2025-07-10T23:00:00Z,19563.0
2025-07-11T00:00:00Z,18914.7
2025-07-11T01:00:00Z,19599.5
2025-07-11T02:00:00Z,19533.6
2025-07-11T03:00:00Z,20823.3
2025-07-11T04:00:00Z,21235.7
2025-07-11T05:00:00Z,22283.3
2025-07-11T06:00:00Z,23942.4
2025-07-11T07:00:00Z,25017.7
2025-07-11T08:00:00Z,25502.1
2025-07-11T09:00:00Z,27311.6
2025-07-11T10:00:00Z,28539.5
2025-07-11T11:00:00Z,27635.5
2025-07-11T12:00:00Z,29006.9
2025-07-11T13:00:00Z,27928.8
2025-07-11T14:00:00Z,27557.3
2025-07-11T15:00:00Z,26968.9
2025-07-11T16:00:00Z,25582.1
2025-07-11T17:00:00Z,25526.8
2025-07-11T18:00:00Z,24080.6
2025-07-11T19:00:00Z,22472.7
2025-07-11T20:00:00Z,21578.3
2025-07-11T21:00:00Z,20201.5
2025-07-11T22:00:00Z,19928.5
2025-07-11T23:00:00Z,19960.0
2025-07-12T00:00:00Z,17689.2
2025-07-12T01:00:00Z,18313.1
2025-07-12T02:00:00Z,18971.8
2025-07-12T03:00:00Z,20009.9
2025-07-12T04:00:00Z,21039.8
2025-07-12T05:00:00Z,21441.9
2025-07-12T06:00:00Z,22485.3
2025-07-12T07:00:00Z,24073.5
2025-07-12T08:00:00Z,24842.5
2025-07-12T09:00:00Z,25780.8
2025-07-12T10:00:00Z,26999.6
2025-07-12T11:00:00Z,27668.1
2025-07-12T12:00:00Z,27292.9
2025-07-12T13:00:00Z,26972.4
2025-07-12T14:00:00Z,26811.5
2025-07-12T15:00:00Z,25197.7
2025-07-12T16:00:00Z,24970.0
2025-07-12T17:00:00Z,23514.9
2025-07-12T18:00:00Z,23642.2
2025-07-12T19:00:00Z,21877.1
2025-07-12T20:00:00Z,20593.3
2025-07-12T21:00:00Z,19550.6
2025-07-12T22:00:00Z,17987.9
2025-07-12T23:00:00Z,18737.9
2025-07-13T00:00:00Z,19018.3
2025-07-13T01:00:00Z,18297.7
2025-07-13T02:00:00Z,19262.9
2025-07-13T03:00:00Z,19982.2
2025-07-13T04:00:00Z,20061.6
2025-07-13T05:00:00Z,22049.5
2025-07-13T06:00:00Z,23352.5
2025-07-13T07:00:00Z,24084.2
2025-07-13T08:00:00Z,25046.2
2025-07-13T09:00:00Z,26279.4
2025-07-13T10:00:00Z,26123.6
2025-07-13T11:00:00Z,27170.7
2025-07-13T12:00:00Z,27677.1
2025-07-13T13:00:00Z,26677.0
2025-07-13T14:00:00Z,27060.0
2025-07-13T15:00:00Z,25833.6
2025-07-13T16:00:00Z,24300.4
2025-07-13T17:00:00Z,23960.6
2025-07-13T18:00:00Z,22492.4
2025-07-13T19:00:00Z,21821.6
2025-07-13T20:00:00Z,20200.5
2025-07-13T21:00:00Z,20103.4
2025-07-13T22:00:00Z,18737.1
2025-07-13T23:00:00Z,18698.8
2025-07-14T00:00:00Z,19521.5
2025-07-14T01:00:00Z,19772.8
2025-07-14T02:00:00Z,20775.8
2025-07-14T03:00:00Z,21119.8
2025-07-14T04:00:00Z,21812.8
2025-07-14T05:00:00Z,22566.1
2025-07-14T06:00:00Z,24605.5
2025-07-14T07:00:00Z,25595.6
2025-07-14T08:00:00Z,26273.9
2025-07-14T09:00:00Z,27403.2
2025-07-14T10:00:00Z,27637.6
2025-07-14T11:00:00Z,28086.1
2025-07-14T12:00:00Z,28307.0
2025-07-14T13:00:00Z,28591.9
2025-07-14T14:00:00Z,28127.5
2025-07-14T15:00:00Z,27037.7
2025-07-14T16:00:00Z,26667.3
2025-07-14T17:00:00Z,25614.8
2025-07-14T18:00:00Z,24240.6
2025-07-14T19:00:00Z,23412.5
2025-07-14T20:00:00Z,21852.6
2025-07-14T21:00:00Z,20998.4
2025-07-14T22:00:00Z,20510.1
2025-07-14T23:00:00Z,19879.6
2025-07-15T00:00:00Z,20127.5
2025-07-15T01:00:00Z,19522.2
2025-07-15T02:00:00Z,20955.4
2025-07-15T03:00:00Z,20844.5
2025-07-15T04:00:00Z,21991.0
2025-07-15T05:00:00Z,22612.5
2025-07-15T06:00:00Z,24491.6
2025-07-15T07:00:00Z,25888.7
2025-07-15T08:00:00Z,26883.5
2025-07-15T09:00:00Z,27714.3
2025-07-15T10:00:00Z,27535.6
2025-07-15T11:00:00Z,28265.2
2025-07-15T12:00:00Z,28534.5
2025-07-15T13:00:00Z,28208.8
2025-07-15T14:00:00Z,28526.2
2025-07-15T15:00:00Z,27474.5
2025-07-15T16:00:00Z,26478.6
2025-07-15T17:00:00Z,25598.0
2025-07-15T18:00:00Z,23918.0
2025-07-15T19:00:00Z,22786.0
2025-07-15T20:00:00Z,21726.1
2025-07-15T21:00:00Z,21317.2
2025-07-15T22:00:00Z,20554.6
2025-07-15T23:00:00Z,20198.9
2025-07-16T00:00:00Z,20325.8
2025-07-16T01:00:00Z,19576.6
2025-07-16T02:00:00Z,20314.3
2025-07-16T03:00:00Z,21280.9
2025-07-16T04:00:00Z,21646.5
2025-07-16T05:00:00Z,23018.2
2025-07-16T06:00:00Z,24737.7
2025-07-16T07:00:00Z,25918.5
2025-07-16T08:00:00Z,26978.8
2025-07-16T09:00:00Z,27515.3
2025-07-16T10:00:00Z,28126.0
2025-07-16T11:00:00Z,29046.5
2025-07-16T12:00:00Z,28660.9
2025-07-16T13:00:00Z,28772.5
2025-07-16T14:00:00Z,28694.2
2025-07-16T15:00:00Z,27363.6
2025-07-16T16:00:00Z,26355.1
2025-07-16T17:00:00Z,25507.5
2025-07-16T18:00:00Z,24584.1
2025-07-16T19:00:00Z,23393.2
2025-07-16T20:00:00Z,22202.7
2025-07-16T21:00:00Z,21432.1
2025-07-16T22:00:00Z,19930.2
2025-07-16T23:00:00Z,19760.7
2025-07-17T00:00:00Z,20080.8
2025-07-17T01:00:00Z,19828.3
2025-07-17T02:00:00Z,20118.8
2025-07-17T03:00:00Z,20873.2
2025-07-17T04:00:00Z,21898.9
2025-07-17T05:00:00Z,23242.1
2025-07-17T06:00:00Z,24078.1
2025-07-17T07:00:00Z,25691.0
2025-07-17T08:00:00Z,27301.0
2025-07-17T09:00:00Z,27538.1
2025-07-17T10:00:00Z,28768.8
2025-07-17T11:00:00Z,28847.3
2025-07-17T12:00:00Z,28477.9
2025-07-17T13:00:00Z,28645.9
2025-07-17T14:00:00Z,27934.7
2025-07-17T15:00:00Z,27876.5
2025-07-17T16:00:00Z,26247.8
2025-07-17T17:00:00Z,26093.1
2025-07-17T18:00:00Z,24669.9
2025-07-17T19:00:00Z,22560.6
2025-07-17T20:00:00Z,22528.2
2025-07-17T21:00:00Z,21893.7
2025-07-17T22:00:00Z,20322.5
2025-07-17T23:00:00Z,20535.8
2025-07-18T00:00:00Z,19449.0
2025-07-18T01:00:00Z,20358.1
2025-07-18T02:00:00Z,20093.9
2025-07-18T03:00:00Z,21591.2
2025-07-18T04:00:00Z,21670.7
2025-07-18T05:00:00Z,22428.2
2025-07-18T06:00:00Z,24695.9
2025-07-18T07:00:00Z,26543.2
2025-07-18T08:00:00Z,26547.1
2025-07-18T09:00:00Z,27992.8
2025-07-18T10:00:00Z,28431.8
2025-07-18T11:00:00Z,28714.4
2025-07-18T12:00:00Z,29212.6
2025-07-18T13:00:00Z,29441.1
2025-07-18T14:00:00Z,27934.3
2025-07-18T15:00:00Z,27894.4
2025-07-18T16:00:00Z,26894.9
2025-07-18T17:00:00Z,25171.0
2025-07-18T18:00:00Z,25146.3
2025-07-18T19:00:00Z,24122.0
2025-07-18T20:00:00Z,21979.4
2025-07-18T21:00:00Z,22055.3
2025-07-18T22:00:00Z,20728.8
2025-07-18T23:00:00Z,20204.5
2025-07-19T00:00:00Z,19530.7
2025-07-19T01:00:00Z,19210.1
2025-07-19T02:00:00Z,19688.7
2025-07-19T03:00:00Z,20835.1
2025-07-19T04:00:00Z,21669.0
2025-07-19T05:00:00Z,22592.7
2025-07-19T06:00:00Z,22892.9
2025-07-19T07:00:00Z,23977.4
2025-07-19T08:00:00Z,26044.7
2025-07-19T09:00:00Z,26204.6
2025-07-19T10:00:00Z,27306.9
2025-07-19T11:00:00Z,27298.2
2025-07-19T12:00:00Z,27778.4
2025-07-19T13:00:00Z,27222.5
2025-07-19T14:00:00Z,27854.6
2025-07-19T15:00:00Z,26170.5
2025-07-19T16:00:00Z,25583.4
2025-07-19T17:00:00Z,24489.1
2025-07-19T18:00:00Z,23856.5
2025-07-19T19:00:00Z,21737.7
2025-07-19T20:00:00Z,21180.5
2025-07-19T21:00:00Z,20196.8
2025-07-19T22:00:00Z,19765.1
2025-07-19T23:00:00Z,19300.5
2025-07-20T00:00:00Z,18896.8
2025-07-20T01:00:00Z,19308.0
2025-07-20T02:00:00Z,19524.0
2025-07-20T03:00:00Z,20540.5
2025-07-20T04:00:00Z,21248.2
2025-07-20T05:00:00Z,22113.6
2025-07-20T06:00:00Z,23493.8
2025-07-20T07:00:00Z,24786.5
2025-07-20T08:00:00Z,26559.4
2025-07-20T09:00:00Z,26458.9
2025-07-20T10:00:00Z,27458.7
2025-07-20T11:00:00Z,28329.3
2025-07-20T12:00:00Z,27171.5
2025-07-20T13:00:00Z,27144.2
2025-07-20T14:00:00Z,26906.0
2025-07-20T15:00:00Z,26598.2
2025-07-20T16:00:00Z,26623.7
2025-07-20T17:00:00Z,24796.7
2025-07-20T18:00:00Z,23950.5
2025-07-20T19:00:00Z,22273.8
2025-07-20T20:00:00Z,20375.4
2025-07-20T21:00:00Z,19512.2
2025-07-20T22:00:00Z,20039.0
2025-07-20T23:00:00Z,19287.7
2025-07-21T00:00:00Z,19913.7
2025-07-21T01:00:00Z,20957.8
2025-07-21T02:00:00Z,20419.1
2025-07-21T03:00:00Z,22112.1
2025-07-21T04:00:00Z,23148.0
2025-07-21T05:00:00Z,23398.6
2025-07-21T06:00:00Z,24419.8
2025-07-21T07:00:00Z,26289.5
2025-07-21T08:00:00Z,26642.4
2025-07-21T09:00:00Z,28284.5
2025-07-21T10:00:00Z,28229.0
2025-07-21T11:00:00Z,29412.4
2025-07-21T12:00:00Z,29299.8
2025-07-21T13:00:00Z,28954.0
2025-07-21T14:00:00Z,28339.7
2025-07-21T15:00:00Z,28053.7
2025-07-21T16:00:00Z,26347.6
2025-07-21T17:00:00Z,25875.4
2025-07-21T18:00:00Z,24682.9
2025-07-21T19:00:00Z,23932.1
2025-07-21T20:00:00Z,22148.1
2025-07-21T21:00:00Z,22326.2
2025-07-21T22:00:00Z,20872.8
2025-07-21T23:00:00Z,20124.1
2025-07-22T00:00:00Z,20999.3
2025-07-22T01:00:00Z,21252.7
2025-07-22T02:00:00Z,21011.8
2025-07-22T03:00:00Z,21456.7
2025-07-22T04:00:00Z,22710.7
2025-07-22T05:00:00Z,23519.4
2025-07-22T06:00:00Z,24807.3
2025-07-22T07:00:00Z,26646.7
2025-07-22T08:00:00Z,27285.3
2025-07-22T09:00:00Z,28112.9
2025-07-22T10:00:00Z,28891.9
2025-07-22T11:00:00Z,29185.7
2025-07-22T12:00:00Z,29669.4
2025-07-22T13:00:00Z,29532.2
2025-07-22T14:00:00Z,28627.4
2025-07-22T15:00:00Z,28098.0
2025-07-22T16:00:00Z,28032.6
2025-07-22T17:00:00Z,26226.5
2025-07-22T18:00:00Z,24853.9
2025-07-22T19:00:00Z,24532.2
2025-07-22T20:00:00Z,22708.3
2025-07-22T21:00:00Z,21380.5
2025-07-22T22:00:00Z,21330.5
2025-07-22T23:00:00Z,20305.4
2025-07-23T00:00:00Z,20396.3
2025-07-23T01:00:00Z,20851.8
2025-07-23T02:00:00Z,21127.5
2025-07-23T03:00:00Z,21597.0
2025-07-23T04:00:00Z,22594.3
2025-07-23T05:00:00Z,23648.4
2025-07-23T06:00:00Z,25446.8
2025-07-23T07:00:00Z,25897.3
2025-07-23T08:00:00Z,27022.1
2025-07-23T09:00:00Z,28905.7
2025-07-23T10:00:00Z,28652.5
2025-07-23T11:00:00Z,29850.9
2025-07-23T12:00:00Z,29937.8
2025-07-23T13:00:00Z,29243.9
2025-07-23T14:00:00Z,28332.5
2025-07-23T15:00:00Z,28319.7
2025-07-23T16:00:00Z,27482.3
2025-07-23T17:00:00Z,26521.6
2025-07-23T18:00:00Z,25042.3
2025-07-23T19:00:00Z,24313.0
2025-07-23T20:00:00Z,23311.9
2025-07-23T21:00:00Z,21489.5
2025-07-23T22:00:00Z,21702.7
2025-07-23T23:00:00Z,20795.7
2025-07-24T00:00:00Z,20464.0
2025-07-24T01:00:00Z,20706.5
2025-07-24T02:00:00Z,21961.4
2025-07-24T03:00:00Z,22336.0
2025-07-24T04:00:00Z,22229.7
2025-07-24T05:00:00Z,23991.6
2025-07-24T06:00:00Z,25057.1
2025-07-24T07:00:00Z,26192.0
2025-07-24T08:00:00Z,27137.0
2025-07-24T09:00:00Z,27707.0
2025-07-24T10:00:00Z,29268.7
2025-07-24T11:00:00Z,29046.0
2025-07-24T12:00:00Z,29407.7
2025-07-24T13:00:00Z,29170.7
2025-07-24T14:00:00Z,28681.2
2025-07-24T15:00:00Z,28520.1
2025-07-24T16:00:00Z,27468.5
2025-07-24T17:00:00Z,26007.7
2025-07-24T18:00:00Z,24759.6
2025-07-24T19:00:00Z,23787.3
2025-07-24T20:00:00Z,23248.4
2025-07-24T21:00:00Z,22018.8
2025-07-24T22:00:00Z,21353.5
2025-07-24T23:00:00Z,20703.0
2025-07-25T00:00:00Z,20670.7
2025-07-25T01:00:00Z,20997.2
2025-07-25T02:00:00Z,20678.9
2025-07-25T03:00:00Z,22661.1
2025-07-25T04:00:00Z,22692.7
2025-07-25T05:00:00Z,23843.6
2025-07-25T06:00:00Z,25696.5
2025-07-25T07:00:00Z,26432.0
2025-07-25T08:00:00Z,27435.1
2025-07-25T09:00:00Z,28122.6
2025-07-25T10:00:00Z,28466.1
2025-07-25T11:00:00Z,29554.6
2025-07-25T12:00:00Z,30079.2
2025-07-25T13:00:00Z,29153.7
2025-07-25T14:00:00Z,29546.9
2025-07-25T15:00:00Z,27921.6
2025-07-25T16:00:00Z,27148.2
2025-07-25T17:00:00Z,26536.8
2025-07-25T18:00:00Z,25201.7
2025-07-25T19:00:00Z,24309.1
2025-07-25T20:00:00Z,22709.7
2025-07-25T21:00:00Z,21683.8
2025-07-25T22:00:00Z,20670.2
2025-07-25T23:00:00Z,20472.2
2025-07-26T00:00:00Z,19228.9
2025-07-26T01:00:00Z,19250.3
2025-07-26T02:00:00Z,20334.9
2025-07-26T03:00:00Z,20680.4
2025-07-26T04:00:00Z,21109.5
2025-07-26T05:00:00Z,23832.3
2025-07-26T06:00:00Z,23753.7
2025-07-26T07:00:00Z,24746.3
2025-07-26T08:00:00Z,26738.4
2025-07-26T09:00:00Z,27629.6
2025-07-26T10:00:00Z,27478.2
2025-07-26T11:00:00Z,27802.0
2025-07-26T12:00:00Z,28128.4
2025-07-26T13:00:00Z,28764.4
2025-07-26T14:00:00Z,27788.7
2025-07-26T15:00:00Z,26899.9
2025-07-26T16:00:00Z,26269.7
2025-07-26T17:00:00Z,25655.5
2025-07-26T18:00:00Z,23548.7
2025-07-26T19:00:00Z,22772.4
2025-07-26T20:00:00Z,21333.1
2025-07-26T21:00:00Z,21728.7
2025-07-26T22:00:00Z,20893.0
2025-07-26T23:00:00Z,20129.4
2025-07-27T00:00:00Z,19669.9
2025-07-27T01:00:00Z,20114.0
2025-07-27T02:00:00Z,19536.5
2025-07-27T03:00:00Z,21120.5
2025-07-27T04:00:00Z,21443.1
2025-07-27T05:00:00Z,22517.1
2025-07-27T06:00:00Z,23894.4
2025-07-27T07:00:00Z,25173.5
2025-07-27T08:00:00Z,26585.0
2025-07-27T09:00:00Z,27550.4
2025-07-27T10:00:00Z,28093.4
2025-07-27T11:00:00Z,28090.4
2025-07-27T12:00:00Z,28840.4
2025-07-27T13:00:00Z,28394.7
2025-07-27T14:00:00Z,28432.6
2025-07-27T15:00:00Z,26952.4
2025-07-27T16:00:00Z,25351.3
2025-07-27T17:00:00Z,25126.7
2025-07-27T18:00:00Z,24950.1
2025-07-27T19:00:00Z,23180.2
2025-07-27T20:00:00Z,21865.2
2025-07-27T21:00:00Z,21345.0
2025-07-27T22:00:00Z,20499.4
2025-07-27T23:00:00Z,20040.8
2025-07-28T00:00:00Z,20853.8
2025-07-28T01:00:00Z,21222.9
2025-07-28T02:00:00Z,21712.3
2025-07-28T03:00:00Z,22105.3
2025-07-28T04:00:00Z,22848.0
2025-07-28T05:00:00Z,24382.7
2025-07-28T06:00:00Z,25837.3
2025-07-28T07:00:00Z,26866.6
2025-07-28T08:00:00Z,27879.8
2025-07-28T09:00:00Z,28802.3
2025-07-28T10:00:00Z,30275.9
2025-07-28T11:00:00Z,29860.0
2025-07-28T12:00:00Z,30300.2
2025-07-28T13:00:00Z,30487.3
2025-07-28T14:00:00Z,29340.4
2025-07-28T15:00:00Z,28713.6
2025-07-28T16:00:00Z,28083.1
2025-07-28T17:00:00Z,27251.2
2025-07-28T18:00:00Z,25595.1
2025-07-28T19:00:00Z,24465.5
2025-07-28T20:00:00Z,23295.1
2025-07-28T21:00:00Z,21897.2
2025-07-28T22:00:00Z,22051.0
2025-07-28T23:00:00Z,21101.4
2025-07-29T00:00:00Z,20500.4
2025-07-29T01:00:00Z,21233.6
2025-07-29T02:00:00Z,21091.6
2025-07-29T03:00:00Z,22063.5
2025-07-29T04:00:00Z,23361.4
2025-07-29T05:00:00Z,24084.4
2025-07-29T06:00:00Z,25968.9
2025-07-29T07:00:00Z,26178.3
2025-07-29T08:00:00Z,27888.7
2025-07-29T09:00:00Z,28916.5
2025-07-29T10:00:00Z,29955.3
2025-07-29T11:00:00Z,30199.7
2025-07-29T12:00:00Z,30096.3
2025-07-29T13:00:00Z,29888.7
2025-07-29T14:00:00Z,29394.3
2025-07-29T15:00:00Z,29132.1
2025-07-29T16:00:00Z,27549.8
2025-07-29T17:00:00Z,26915.5
2025-07-29T18:00:00Z,25540.3
2025-07-29T19:00:00Z,24515.9
2025-07-29T20:00:00Z,23260.3
2025-07-29T21:00:00Z,23227.9
2025-07-29T22:00:00Z,21490.9
2025-07-29T23:00:00Z,21384.4
2025-07-30T00:00:00Z,21333.6
2025-07-30T01:00:00Z,21607.6
2025-07-30T02:00:00Z,21992.5
2025-07-30T03:00:00Z,22687.9
2025-07-30T04:00:00Z,23812.6
2025-07-30T05:00:00Z,23963.2
2025-07-30T06:00:00Z,25671.3
2025-07-30T07:00:00Z,26359.7
2025-07-30T08:00:00Z,27971.5
2025-07-30T09:00:00Z,28367.0
2025-07-30T10:00:00Z,29154.3
2025-07-30T11:00:00Z,29929.9
2025-07-30T12:00:00Z,30619.7
2025-07-30T13:00:00Z,30165.9
2025-07-30T14:00:00Z,29619.0
2025-07-30T15:00:00Z,29323.2
2025-07-30T16:00:00Z,27536.5
2025-07-30T17:00:00Z,26042.8
2025-07-30T18:00:00Z,25511.4
2025-07-30T19:00:00Z,24417.2
2025-07-30T20:00:00Z,23906.7
2025-07-30T21:00:00Z,23322.4
2025-07-30T22:00:00Z,21335.2
2025-07-30T23:00:00Z,22299.4
2025-07-31T00:00:00Z,21902.3
2025-07-31T01:00:00Z,21785.2
2025-07-31T02:00:00Z,22054.4
2025-07-31T03:00:00Z,23520.1
2025-07-31T04:00:00Z,23571.8
2025-07-31T05:00:00Z,24436.7
2025-07-31T06:00:00Z,25811.3
2025-07-31T07:00:00Z,26401.8
2025-07-31T08:00:00Z,28152.2
2025-07-31T09:00:00Z,28855.8
2025-07-31T10:00:00Z,29723.5
2025-07-31T11:00:00Z,30177.6
2025-07-31T12:00:00Z,29804.2
2025-07-31T13:00:00Z,30531.0
2025-07-31T14:00:00Z,29226.3
2025-07-31T15:00:00Z,29224.8
2025-07-31T16:00:00Z,27388.9
2025-07-31T17:00:00Z,27045.4
2025-07-31T18:00:00Z,25457.0
2025-07-31T19:00:00Z,24627.8
2025-07-31T20:00:00Z,23301.5
2025-07-31T21:00:00Z,21816.7
2025-07-31T22:00:00Z,21506.8
2025-07-31T23:00:00Z,21501.1
2025-08-01T00:00:00Z,21646.4
2025-08-01T01:00:00Z,21023.9
2025-08-01T02:00:00Z,21224.6
2025-08-01T03:00:00Z,22392.7
2025-08-01T04:00:00Z,23555.6
2025-08-01T05:00:00Z,24469.5
2025-08-01T06:00:00Z,25552.3
2025-08-01T07:00:00Z,27314.1
2025-08-01T08:00:00Z,28426.5
2025-08-01T09:00:00Z,29262.3
2025-08-01T10:00:00Z,29346.3
2025-08-01T11:00:00Z,30164.3
2025-08-01T12:00:00Z,30215.7
2025-08-01T13:00:00Z,29608.5
2025-08-01T14:00:00Z,30019.2
2025-08-01T15:00:00Z,29020.6
2025-08-01T16:00:00Z,27890.2
2025-08-01T17:00:00Z,27523.6
2025-08-01T18:00:00Z,26133.9
2025-08-01T19:00:00Z,25019.9
2025-08-01T20:00:00Z,24077.3
2025-08-01T21:00:00Z,22980.4
2025-08-01T22:00:00Z,21542.4
2025-08-01T23:00:00Z,21423.2
2025-08-02T00:00:00Z,20645.3
2025-08-02T01:00:00Z,20141.3
2025-08-02T02:00:00Z,20882.3
2025-08-02T03:00:00Z,21720.5
2025-08-02T04:00:00Z,23025.0
2025-08-02T05:00:00Z,24042.0
2025-08-02T06:00:00Z,25042.0
2025-08-02T07:00:00Z,25789.0
2025-08-02T08:00:00Z,27265.8
2025-08-02T09:00:00Z,28041.5
2025-08-02T10:00:00Z,28491.3
2025-08-02T11:00:00Z,29496.0
2025-08-02T12:00:00Z,29328.1
2025-08-02T13:00:00Z,28714.6
2025-08-02T14:00:00Z,29018.9
2025-08-02T15:00:00Z,27751.6
2025-08-02T16:00:00Z,27146.6
2025-08-02T17:00:00Z,25293.8
2025-08-02T18:00:00Z,24701.9
2025-08-02T19:00:00Z,23211.2
2025-08-02T20:00:00Z,22131.5
2025-08-02T21:00:00Z,20866.0
2025-08-02T22:00:00Z,21659.5
2025-08-02T23:00:00Z,20368.6
2025-08-03T00:00:00Z,20451.3
2025-08-03T01:00:00Z,20923.9
2025-08-03T02:00:00Z,20912.4
2025-08-03T03:00:00Z,21852.0
2025-08-03T04:00:00Z,22078.5
2025-08-03T05:00:00Z,23723.2
2025-08-03T06:00:00Z,24645.6
2025-08-03T07:00:00Z,26131.6
2025-08-03T08:00:00Z,27083.2
2025-08-03T09:00:00Z,27422.7
2025-08-03T10:00:00Z,27955.2
2025-08-03T11:00:00Z,28707.7
2025-08-03T12:00:00Z,29506.4
2025-08-03T13:00:00Z,29239.9
2025-08-03T14:00:00Z,28788.6
2025-08-03T15:00:00Z,27188.1
2025-08-03T16:00:00Z,26021.6
2025-08-03T17:00:00Z,25715.2
2025-08-03T18:00:00Z,24674.7
2025-08-03T19:00:00Z,23426.4
2025-08-03T20:00:00Z,22710.6
2025-08-03T21:00:00Z,21597.5
2025-08-03T22:00:00Z,20517.3
2025-08-03T23:00:00Z,20187.2
2025-08-04T00:00:00Z,21736.2
2025-08-04T01:00:00Z,21861.2
2025-08-04T02:00:00Z,22249.9
2025-08-04T03:00:00Z,23820.3
2025-08-04T04:00:00Z,23803.7
2025-08-04T05:00:00Z,25014.9
2025-08-04T06:00:00Z,25750.2
2025-08-04T07:00:00Z,27133.6
2025-08-04T08:00:00Z,28529.8
2025-08-04T09:00:00Z,29464.2
2025-08-04T10:00:00Z,29901.2
2025-08-04T11:00:00Z,30548.4
2025-08-04T12:00:00Z,30573.8
2025-08-04T13:00:00Z,29706.7
2025-08-04T14:00:00Z,28748.2
2025-08-04T15:00:00Z,30108.0
2025-08-04T16:00:00Z,28642.2
2025-08-04T17:00:00Z,27244.2
2025-08-04T18:00:00Z,25474.7
2025-08-04T19:00:00Z,24497.6
2025-08-04T20:00:00Z,24400.5
2025-08-04T21:00:00Z,21950.0
2025-08-04T22:00:00Z,22155.8
2025-08-04T23:00:00Z,22153.7
2025-08-05T00:00:00Z,21824.0
2025-08-05T01:00:00Z,22201.2
2025-08-05T02:00:00Z,22316.8
2025-08-05T03:00:00Z,23955.0
2025-08-05T04:00:00Z,23608.9
2025-08-05T05:00:00Z,24555.2
2025-08-05T06:00:00Z,26308.2
2025-08-05T07:00:00Z,27883.2
2025-08-05T08:00:00Z,28403.9
2025-08-05T09:00:00Z,29731.0
2025-08-05T10:00:00Z,29852.0
2025-08-05T11:00:00Z,30053.2
2025-08-05T12:00:00Z,31159.9
2025-08-05T13:00:00Z,31071.2
2025-08-05T14:00:00Z,30614.9
2025-08-05T15:00:00Z,29181.3
2025-08-05T16:00:00Z,27997.6
2025-08-05T17:00:00Z,26922.5
2025-08-05T18:00:00Z,26123.7
2025-08-05T19:00:00Z,25274.0
2025-08-05T20:00:00Z,24177.1
2025-08-05T21:00:00Z,22540.0
2025-08-05T22:00:00Z,22437.5
2025-08-05T23:00:00Z,21928.7
2025-08-06T00:00:00Z,21893.5
2025-08-06T01:00:00Z,22002.6
2025-08-06T02:00:00Z,22379.8
2025-08-06T03:00:00Z,23378.7
2025-08-06T04:00:00Z,24124.9
2025-08-06T05:00:00Z,25231.1
2025-08-06T06:00:00Z,26040.5
2025-08-06T07:00:00Z,27590.2
2025-08-06T08:00:00Z,28468.9
2025-08-06T09:00:00Z,28650.5
2025-08-06T10:00:00Z,30316.1
2025-08-06T11:00:00Z,30482.7
2025-08-06T12:00:00Z,31074.0
2025-08-06T13:00:00Z,30520.5
2025-08-06T14:00:00Z,30101.9
2025-08-06T15:00:00Z,29510.6
2025-08-06T16:00:00Z,28509.3
2025-08-06T17:00:00Z,27278.7
2025-08-06T18:00:00Z,25633.0
2025-08-06T19:00:00Z,25829.0
2025-08-06T20:00:00Z,23494.4
2025-08-06T21:00:00Z,23033.1
2025-08-06T22:00:00Z,22695.9
2025-08-06T23:00:00Z,22151.8
2025-08-07T00:00:00Z,22158.5
2025-08-07T01:00:00Z,22384.3
2025-08-07T02:00:00Z,23010.1
2025-08-07T03:00:00Z,23357.9
2025-08-07T04:00:00Z,25241.1
2025-08-07T05:00:00Z,24861.9
2025-08-07T06:00:00Z,26468.5
2025-08-07T07:00:00Z,27399.2
2025-08-07T08:00:00Z,28400.8
2025-08-07T09:00:00Z,29627.2
2025-08-07T10:00:00Z,30765.0
2025-08-07T11:00:00Z,30406.5
2025-08-07T12:00:00Z,30557.4
2025-08-07T13:00:00Z,30936.9
2025-08-07T14:00:00Z,30427.0
2025-08-07T15:00:00Z,30244.7
2025-08-07T16:00:00Z,28982.3
2025-08-07T17:00:00Z,27617.4
2025-08-07T18:00:00Z,26262.7
2025-08-07T19:00:00Z,25316.0
2025-08-07T20:00:00Z,24101.9
2025-08-07T21:00:00Z,22743.4
2025-08-07T22:00:00Z,22546.1
2025-08-07T23:00:00Z,22035.2
2025-08-08T00:00:00Z,21951.0
2025-08-08T01:00:00Z,22029.4
2025-08-08T02:00:00Z,23255.9
2025-08-08T03:00:00Z,23593.5
2025-08-08T04:00:00Z,24601.1
2025-08-08T05:00:00Z,25100.0
2025-08-08T06:00:00Z,26094.6
2025-08-08T07:00:00Z,27516.1
2025-08-08T08:00:00Z,28780.7
2025-08-08T09:00:00Z,29481.5
2025-08-08T10:00:00Z,30244.5
2025-08-08T11:00:00Z,31112.6
2025-08-08T12:00:00Z,31018.9
2025-08-08T13:00:00Z,30393.4
2025-08-08T14:00:00Z,30155.8
2025-08-08T15:00:00Z,29366.1
2025-08-08T16:00:00Z,28757.3
2025-08-08T17:00:00Z,27189.2
2025-08-08T18:00:00Z,26406.5
2025-08-08T19:00:00Z,25580.6
2025-08-08T20:00:00Z,24265.4
2025-08-08T21:00:00Z,22998.3
2025-08-08T22:00:00Z,22403.3
2025-08-08T23:00:00Z,22234.0
2025-08-09T00:00:00Z,21070.9
2025-08-09T01:00:00Z,21352.9
2025-08-09T02:00:00Z,21432.9
2025-08-09T03:00:00Z,21704.6
2025-08-09T04:00:00Z,23636.9
2025-08-09T05:00:00Z,24290.1
2025-08-09T06:00:00Z,25478.2
2025-08-09T07:00:00Z,26589.0
2025-08-09T08:00:00Z,27162.4
2025-08-09T09:00:00Z,28346.5
2025-08-09T10:00:00Z,29264.6
2025-08-09T11:00:00Z,29994.3
2025-08-09T12:00:00Z,29786.0
2025-08-09T13:00:00Z,28459.3
2025-08-09T14:00:00Z,29080.3
2025-08-09T15:00:00Z,28594.9
2025-08-09T16:00:00Z,28024.2
2025-08-09T17:00:00Z,26739.0
2025-08-09T18:00:00Z,26248.5
2025-08-09T19:00:00Z,24706.5
2025-08-09T20:00:00Z,23608.4
2025-08-09T21:00:00Z,22540.0
2025-08-09T22:00:00Z,20975.6
2025-08-09T23:00:00Z,21356.6
2025-08-10T00:00:00Z,21201.0
2025-08-10T01:00:00Z,20936.1
2025-08-10T02:00:00Z,21790.5
2025-08-10T03:00:00Z,22433.1
2025-08-10T04:00:00Z,23025.3
2025-08-10T05:00:00Z,24221.4
2025-08-10T06:00:00Z,25317.7
2025-08-10T07:00:00Z,26648.3
2025-08-10T08:00:00Z,27476.0
2025-08-10T09:00:00Z,28753.0
2025-08-10T10:00:00Z,28547.7
2025-08-10T11:00:00Z,29595.4
2025-08-10T12:00:00Z,29228.0
2025-08-10T13:00:00Z,29521.1
2025-08-10T14:00:00Z,29447.6
2025-08-10T15:00:00Z,28559.6
2025-08-10T16:00:00Z,27592.0
2025-08-10T17:00:00Z,26588.5
2025-08-10T18:00:00Z,25995.2
2025-08-10T19:00:00Z,23858.1
2025-08-10T20:00:00Z,23525.3
2025-08-10T21:00:00Z,21719.4
2025-08-10T22:00:00Z,21400.8
2025-08-10T23:00:00Z,21191.0
2025-08-11T00:00:00Z,21983.1
2025-08-11T01:00:00Z,22524.9
2025-08-11T02:00:00Z,23161.5
2025-08-11T03:00:00Z,23155.8
2025-08-11T04:00:00Z,24487.2
2025-08-11T05:00:00Z,25446.4
2025-08-11T06:00:00Z,26016.4
2025-08-11T07:00:00Z,27812.5
2025-08-11T08:00:00Z,28656.6
2025-08-11T09:00:00Z,30365.1
2025-08-11T10:00:00Z,30251.4
2025-08-11T11:00:00Z,31646.4
2025-08-11T12:00:00Z,30972.1
2025-08-11T13:00:00Z,31734.6
2025-08-11T14:00:00Z,30774.4
2025-08-11T15:00:00Z,30037.9
2025-08-11T16:00:00Z,29249.3
2025-08-11T17:00:00Z,28215.2
2025-08-11T18:00:00Z,27252.3
2025-08-11T19:00:00Z,26226.0
2025-08-11T20:00:00Z,24387.6
2025-08-11T21:00:00Z,23135.0
2025-08-11T22:00:00Z,21904.6
2025-08-11T23:00:00Z,22305.9
2025-08-12T00:00:00Z,22664.7
2025-08-12T01:00:00Z,22674.7
2025-08-12T02:00:00Z,23020.5
2025-08-12T03:00:00Z,23553.4
2025-08-12T04:00:00Z,24365.0
2025-08-12T05:00:00Z,25566.5
2025-08-12T06:00:00Z,26963.2
2025-08-12T07:00:00Z,27315.2
2025-08-12T08:00:00Z,29306.7
2025-08-12T09:00:00Z,29416.8
2025-08-12T10:00:00Z,30602.3
2025-08-12T11:00:00Z,30869.4
2025-08-12T12:00:00Z,31118.5
2025-08-12T13:00:00Z,30716.7
2025-08-12T14:00:00Z,30233.6
2025-08-12T15:00:00Z,29869.6
2025-08-12T16:00:00Z,28635.1
2025-08-12T17:00:00Z,28875.0
2025-08-12T18:00:00Z,26663.8
2025-08-12T19:00:00Z,25426.8
2025-08-12T20:00:00Z,24396.2
2025-08-12T21:00:00Z,23284.5
2025-08-12T22:00:00Z,22067.6
2025-08-12T23:00:00Z,22437.8
2025-08-13T00:00:00Z,22581.1
2025-08-13T01:00:00Z,22061.6
2025-08-13T02:00:00Z,23062.6
2025-08-13T03:00:00Z,23318.2
2025-08-13T04:00:00Z,24670.8
2025-08-13T05:00:00Z,25886.6
2025-08-13T06:00:00Z,27081.2
2025-08-13T07:00:00Z,28210.6
2025-08-13T08:00:00Z,28859.2
2025-08-13T09:00:00Z,30363.5
2025-08-13T10:00:00Z,30577.4
2025-08-13T11:00:00Z,31315.5
2025-08-13T12:00:00Z,31597.7
2025-08-13T13:00:00Z,31073.6
2025-08-13T14:00:00Z,30268.1
2025-08-13T15:00:00Z,30264.7
2025-08-13T16:00:00Z,28706.3
2025-08-13T17:00:00Z,27720.0
2025-08-13T18:00:00Z,26493.8
2025-08-13T19:00:00Z,26064.7
2025-08-13T20:00:00Z,24623.1
2025-08-13T21:00:00Z,22933.6
2025-08-13T22:00:00Z,23331.5
2025-08-13T23:00:00Z,23382.1
2025-08-14T00:00:00Z,23215.3
2025-08-14T01:00:00Z,22491.1
2025-08-14T02:00:00Z,23172.7
2025-08-14T03:00:00Z,24037.1
2025-08-14T04:00:00Z,25097.9
2025-08-14T05:00:00Z,25850.3
2025-08-14T06:00:00Z,26580.8
2025-08-14T07:00:00Z,28412.4
2025-08-14T08:00:00Z,29430.5
2025-08-14T09:00:00Z,29629.9
2025-08-14T10:00:00Z,30690.9
2025-08-14T11:00:00Z,31369.1
2025-08-14T12:00:00Z,31419.7
2025-08-14T13:00:00Z,31463.4
2025-08-14T14:00:00Z,31120.5
2025-08-14T15:00:00Z,30321.7
2025-08-14T16:00:00Z,29160.2
2025-08-14T17:00:00Z,27634.2
2025-08-14T18:00:00Z,27212.4
2025-08-14T19:00:00Z,26354.6
2025-08-14T20:00:00Z,25497.1
2025-08-14T21:00:00Z,23835.8
2025-08-14T22:00:00Z,23129.9
2025-08-14T23:00:00Z,23234.6
2025-08-15T00:00:00Z,23164.4
2025-08-15T01:00:00Z,22909.5
2025-08-15T02:00:00Z,23490.1
2025-08-15T03:00:00Z,23650.1
2025-08-15T04:00:00Z,25066.0
2025-08-15T05:00:00Z,25614.5
2025-08-15T06:00:00Z,27014.2
2025-08-15T07:00:00Z,28170.3
2025-08-15T08:00:00Z,29112.3
2025-08-15T09:00:00Z,29423.6
2025-08-15T10:00:00Z,30603.6
2025-08-15T11:00:00Z,31475.4
2025-08-15T12:00:00Z,31480.8
2025-08-15T13:00:00Z,31206.6
2025-08-15T14:00:00Z,31067.5
2025-08-15T15:00:00Z,30458.7
2025-08-15T16:00:00Z,29598.7
2025-08-15T17:00:00Z,27917.0
2025-08-15T18:00:00Z,27075.1
2025-08-15T19:00:00Z,25795.5
2025-08-15T20:00:00Z,24524.4
2025-08-15T21:00:00Z,23377.1
2025-08-15T22:00:00Z,23189.0
2025-08-15T23:00:00Z,22459.5
2025-08-16T00:00:00Z,22277.9
2025-08-16T01:00:00Z,21596.6
2025-08-16T02:00:00Z,21993.2
2025-08-16T03:00:00Z,22634.1
2025-08-16T04:00:00Z,24393.0
2025-08-16T05:00:00Z,24421.4
2025-08-16T06:00:00Z,25858.0
2025-08-16T07:00:00Z,26781.1
2025-08-16T08:00:00Z,28089.3
2025-08-16T09:00:00Z,29040.8
2025-08-16T10:00:00Z,30165.2
2025-08-16T11:00:00Z,29678.6
2025-08-16T12:00:00Z,30345.5
2025-08-16T13:00:00Z,30799.6
2025-08-16T14:00:00Z,29570.5
2025-08-16T15:00:00Z,28988.4
2025-08-16T16:00:00Z,27807.5
2025-08-16T17:00:00Z,26097.7
2025-08-16T18:00:00Z,25878.8
2025-08-16T19:00:00Z,25204.0
2025-08-16T20:00:00Z,23526.7
2025-08-16T21:00:00Z,22098.4
2025-08-16T22:00:00Z,22174.5
2025-08-16T23:00:00Z,21662.1
2025-08-17T00:00:00Z,21933.9
2025-08-17T01:00:00Z,22051.8
2025-08-17T02:00:00Z,22058.5
2025-08-17T03:00:00Z,23011.1
2025-08-17T04:00:00Z,23116.8
2025-08-17T05:00:00Z,25263.4
2025-08-17T06:00:00Z,26068.5
2025-08-17T07:00:00Z,27549.0
2025-08-17T08:00:00Z,28610.4
2025-08-17T09:00:00Z,29030.1
2025-08-17T10:00:00Z,29785.9
2025-08-17T11:00:00Z,29961.0
2025-08-17T12:00:00Z,29671.6
2025-08-17T13:00:00Z,30235.5
2025-08-17T14:00:00Z,29898.0
2025-08-17T15:00:00Z,28734.9
2025-08-17T16:00:00Z,28480.7
2025-08-17T17:00:00Z,27184.2
2025-08-17T18:00:00Z,26167.4
2025-08-17T19:00:00Z,24567.2
2025-08-17T20:00:00Z,23129.7
2025-08-17T21:00:00Z,23150.8
2025-08-17T22:00:00Z,22384.2
2025-08-17T23:00:00Z,21674.6
2025-08-18T00:00:00Z,22722.1
2025-08-18T01:00:00Z,22926.5
2025-08-18T02:00:00Z,23421.4
2025-08-18T03:00:00Z,23988.8
2025-08-18T04:00:00Z,24352.3
2025-08-18T05:00:00Z,26455.3
2025-08-18T06:00:00Z,26760.9
2025-08-18T07:00:00Z,28338.5
2025-08-18T08:00:00Z,29418.0
2025-08-18T09:00:00Z,30546.6
2025-08-18T10:00:00Z,30558.6
2025-08-18T11:00:00Z,32044.5
2025-08-18T12:00:00Z,31991.9
2025-08-18T13:00:00Z,31883.2
2025-08-18T14:00:00Z,31624.2
2025-08-18T15:00:00Z,30156.0
2025-08-18T16:00:00Z,28373.7
2025-08-18T17:00:00Z,28586.1
2025-08-18T18:00:00Z,27800.6
2025-08-18T19:00:00Z,26597.4
2025-08-18T20:00:00Z,24900.2
2025-08-18T21:00:00Z,24146.0
2025-08-18T22:00:00Z,23580.8
2025-08-18T23:00:00Z,22364.1
2025-08-19T00:00:00Z,22715.5
2025-08-19T01:00:00Z,22878.2
2025-08-19T02:00:00Z,24142.0
2025-08-19T03:00:00Z,24021.0
2025-08-19T04:00:00Z,25761.4
2025-08-19T05:00:00Z,26255.8
2025-08-19T06:00:00Z,26779.3
2025-08-19T07:00:00Z,29367.1
2025-08-19T08:00:00Z,29258.1
2025-08-19T09:00:00Z,30765.0
2025-08-19T10:00:00Z,31872.4
2025-08-19T11:00:00Z,31487.2
2025-08-19T12:00:00Z,31381.3
2025-08-19T13:00:00Z,32069.8
2025-08-19T14:00:00Z,31266.1
2025-08-19T15:00:00Z,30083.3
2025-08-19T16:00:00Z,29218.7
2025-08-19T17:00:00Z,28404.5
2025-08-19T18:00:00Z,27756.8
2025-08-19T19:00:00Z,26146.3
2025-08-19T20:00:00Z,25424.6
2025-08-19T21:00:00Z,24874.9
2025-08-19T22:00:00Z,24028.3
2025-08-19T23:00:00Z,23647.3
2025-08-20T00:00:00Z,23500.1
2025-08-20T01:00:00Z,22601.3
2025-08-20T02:00:00Z,24091.0
2025-08-20T03:00:00Z,24465.3
2025-08-20T04:00:00Z,25216.6
2025-08-20T05:00:00Z,25931.4
2025-08-20T06:00:00Z,26893.1
2025-08-20T07:00:00Z,28217.7
2025-08-20T08:00:00Z,29690.4
2025-08-20T09:00:00Z,30182.6
2025-08-20T10:00:00Z,31020.0
2025-08-20T11:00:00Z,31537.0
2025-08-20T12:00:00Z,32162.5
2025-08-20T13:00:00Z,31655.9
2025-08-20T14:00:00Z,31267.9
2025-08-20T15:00:00Z,31107.2
2025-08-20T16:00:00Z,29579.5
2025-08-20T17:00:00Z,28850.0
2025-08-20T18:00:00Z,27089.6
2025-08-20T19:00:00Z,26454.0
2025-08-20T20:00:00Z,25306.7
2025-08-20T21:00:00Z,24408.7
2025-08-20T22:00:00Z,23466.6
2025-08-20T23:00:00Z,22814.9
2025-08-21T00:00:00Z,23013.1
2025-08-21T01:00:00Z,23102.0
2025-08-21T02:00:00Z,24100.1
2025-08-21T03:00:00Z,24758.6
2025-08-21T04:00:00Z,24897.3
2025-08-21T05:00:00Z,26643.4
2025-08-21T06:00:00Z,27382.2
2025-08-21T07:00:00Z,28877.2
2025-08-21T08:00:00Z,29599.4
2025-08-21T09:00:00Z,30152.0
2025-08-21T10:00:00Z,31776.6
2025-08-21T11:00:00Z,32011.3
2025-08-21T12:00:00Z,31542.1
2025-08-21T13:00:00Z,31144.9
2025-08-21T14:00:00Z,31203.5
2025-08-21T15:00:00Z,30259.2
2025-08-21T16:00:00Z,29642.8
2025-08-21T17:00:00Z,28936.8
2025-08-21T18:00:00Z,28102.5
2025-08-21T19:00:00Z,26279.6
2025-08-21T20:00:00Z,25850.8
2025-08-21T21:00:00Z,24853.4
2025-08-21T22:00:00Z,23557.5
2025-08-21T23:00:00Z,22658.8
2025-08-22T00:00:00Z,23517.6
2025-08-22T01:00:00Z,23578.8
2025-08-22T02:00:00Z,24666.8
2025-08-22T03:00:00Z,25030.5
2025-08-22T04:00:00Z,25709.8
2025-08-22T05:00:00Z,27114.7
2025-08-22T06:00:00Z,27251.4
2025-08-22T07:00:00Z,28858.6
2025-08-22T08:00:00Z,29756.0
2025-08-22T09:00:00Z,31419.9
2025-08-22T10:00:00Z,31689.8
2025-08-22T11:00:00Z,30793.3
2025-08-22T12:00:00Z,32582.2
2025-08-22T13:00:00Z,31589.5
2025-08-22T14:00:00Z,31769.3
2025-08-22T15:00:00Z,30600.4
2025-08-22T16:00:00Z,29949.6
2025-08-22T17:00:00Z,29024.5
2025-08-22T18:00:00Z,27713.7
2025-08-22T19:00:00Z,26141.5
2025-08-22T20:00:00Z,25941.8
2025-08-22T21:00:00Z,24652.9
2025-08-22T22:00:00Z,23795.3
2025-08-22T23:00:00Z,23619.6
2025-08-23T00:00:00Z,21854.9
2025-08-23T01:00:00Z,22901.3
2025-08-23T02:00:00Z,22730.6
2025-08-23T03:00:00Z,23487.7
2025-08-23T04:00:00Z,24399.7
2025-08-23T05:00:00Z,25003.9
2025-08-23T06:00:00Z,26055.4
2025-08-23T07:00:00Z,27717.9
2025-08-23T08:00:00Z,28837.8
2025-08-23T09:00:00Z,30123.9
2025-08-23T10:00:00Z,30498.1
2025-08-23T11:00:00Z,30371.9
2025-08-23T12:00:00Z,31120.3
2025-08-23T13:00:00Z,31080.5
2025-08-23T14:00:00Z,30702.3
2025-08-23T15:00:00Z,29749.9
2025-08-23T16:00:00Z,28256.4
2025-08-23T17:00:00Z,28067.4
2025-08-23T18:00:00Z,26219.5
2025-08-23T19:00:00Z,25554.1
2025-08-23T20:00:00Z,23690.8
2025-08-23T21:00:00Z,23636.2
2025-08-23T22:00:00Z,22358.4
2025-08-23T23:00:00Z,22605.6
2025-08-24T00:00:00Z,22782.8
2025-08-24T01:00:00Z,22714.1
2025-08-24T02:00:00Z,22293.1
2025-08-24T03:00:00Z,23080.6
2025-08-24T04:00:00Z,24026.4
2025-08-24T05:00:00Z,25662.9
2025-08-24T06:00:00Z,26693.6
2025-08-24T07:00:00Z,27772.4
2025-08-24T08:00:00Z,28898.0
2025-08-24T09:00:00Z,29916.5
2025-08-24T10:00:00Z,30647.8
2025-08-24T11:00:00Z,31474.6
2025-08-24T12:00:00Z,30980.3
2025-08-24T13:00:00Z,30925.0
2025-08-24T14:00:00Z,29720.3
2025-08-24T15:00:00Z,29211.9
2025-08-24T16:00:00Z,28526.0
2025-08-24T17:00:00Z,27273.8
2025-08-24T18:00:00Z,26645.6
2025-08-24T19:00:00Z,25800.6
2025-08-24T20:00:00Z,24184.6
2025-08-24T21:00:00Z,23247.1
2025-08-24T22:00:00Z,22532.2
2025-08-24T23:00:00Z,22326.4
2025-08-25T00:00:00Z,23232.8
2025-08-25T01:00:00Z,23742.9
2025-08-25T02:00:00Z,24139.3
2025-08-25T03:00:00Z,24860.0
2025-08-25T04:00:00Z,25933.6
2025-08-25T05:00:00Z,26732.3
2025-08-25T06:00:00Z,27921.7
2025-08-25T07:00:00Z,29666.7
2025-08-25T08:00:00Z,30069.0
2025-08-25T09:00:00Z,31299.4
2025-08-25T10:00:00Z,31729.0
2025-08-25T11:00:00Z,31982.6
2025-08-25T12:00:00Z,32133.9
2025-08-25T13:00:00Z,31848.3
2025-08-25T14:00:00Z,31712.6
2025-08-25T15:00:00Z,30780.0
2025-08-25T16:00:00Z,29928.1
2025-08-25T17:00:00Z,29465.4
2025-08-25T18:00:00Z,27817.2
2025-08-25T19:00:00Z,27140.0
2025-08-25T20:00:00Z,25746.8
2025-08-25T21:00:00Z,25048.6
2025-08-25T22:00:00Z,23799.2
2025-08-25T23:00:00Z,23636.2
2025-08-26T00:00:00Z,24479.3
2025-08-26T01:00:00Z,23961.9
2025-08-26T02:00:00Z,24470.0
2025-08-26T03:00:00Z,24890.1
2025-08-26T04:00:00Z,26039.3
2025-08-26T05:00:00Z,26362.4
2025-08-26T06:00:00Z,27625.4
2025-08-26T07:00:00Z,29246.3
2025-08-26T08:00:00Z,30460.6
2025-08-26T09:00:00Z,30924.4
2025-08-26T10:00:00Z,31711.4
2025-08-26T11:00:00Z,32089.9
2025-08-26T12:00:00Z,32305.2
2025-08-26T13:00:00Z,31779.5
2025-08-26T14:00:00Z,31250.2
2025-08-26T15:00:00Z,31044.4
2025-08-26T16:00:00Z,29513.4
2025-08-26T17:00:00Z,28723.9
2025-08-26T18:00:00Z,27693.2
2025-08-26T19:00:00Z,26399.7
2025-08-26T20:00:00Z,25806.7
2025-08-26T21:00:00Z,24634.7
2025-08-26T22:00:00Z,24064.4
2025-08-26T23:00:00Z,23277.3
2025-08-27T00:00:00Z,23298.4
2025-08-27T01:00:00Z,23912.8
2025-08-27T02:00:00Z,24300.4
2025-08-27T03:00:00Z,24698.7
2025-08-27T04:00:00Z,25923.4
2025-08-27T05:00:00Z,26927.7
2025-08-27T06:00:00Z,28065.0
2025-08-27T07:00:00Z,29743.3
2025-08-27T08:00:00Z,30075.1
2025-08-27T09:00:00Z,31296.7
2025-08-27T10:00:00Z,32002.1
2025-08-27T11:00:00Z,32202.6
2025-08-27T12:00:00Z,32009.4
2025-08-27T13:00:00Z,32543.9
2025-08-27T14:00:00Z,31941.8
2025-08-27T15:00:00Z,31158.1
2025-08-27T16:00:00Z,30229.3
2025-08-27T17:00:00Z,29158.3
2025-08-27T18:00:00Z,27671.5
2025-08-27T19:00:00Z,26961.5
2025-08-27T20:00:00Z,25116.8
2025-08-27T21:00:00Z,24854.4
2025-08-27T22:00:00Z,23605.6
2025-08-27T23:00:00Z,23584.9
2025-08-28T00:00:00Z,23900.4
2025-08-28T01:00:00Z,23690.9
2025-08-28T02:00:00Z,24052.2
2025-08-28T03:00:00Z,25123.8
2025-08-28T04:00:00Z,25752.7
2025-08-28T05:00:00Z,26770.9
2025-08-28T06:00:00Z,27924.0
2025-08-28T07:00:00Z,29776.0
2025-08-28T08:00:00Z,30532.2
2025-08-28T09:00:00Z,31382.8
2025-08-28T10:00:00Z,31469.7
2025-08-28T11:00:00Z,32581.3
2025-08-28T12:00:00Z,32025.4
2025-08-28T13:00:00Z,32529.1
2025-08-28T14:00:00Z,31496.0
2025-08-28T15:00:00Z,31924.9
2025-08-28T16:00:00Z,29661.9
2025-08-28T17:00:00Z,29665.9
2025-08-28T18:00:00Z,28362.1
2025-08-28T19:00:00Z,26261.6
2025-08-28T20:00:00Z,25758.8
2025-08-28T21:00:00Z,25462.9
2025-08-28T22:00:00Z,24643.9
2025-08-28T23:00:00Z,23167.7
2025-08-29T00:00:00Z,23508.8
2025-08-29T01:00:00Z,23418.3
2025-08-29T02:00:00Z,23916.3
2025-08-29T03:00:00Z,24762.5
2025-08-29T04:00:00Z,26598.9
2025-08-29T05:00:00Z,27037.3
2025-08-29T06:00:00Z,28052.5
2025-08-29T07:00:00Z,29160.2
2025-08-29T08:00:00Z,30599.8
2025-08-29T09:00:00Z,31527.6
2025-08-29T10:00:00Z,31637.4
2025-08-29T11:00:00Z,32962.5
2025-08-29T12:00:00Z,32171.0
2025-08-29T13:00:00Z,32317.6
2025-08-29T14:00:00Z,32143.4
2025-08-29T15:00:00Z,31904.2
2025-08-29T16:00:00Z,30225.3
2025-08-29T17:00:00Z,29389.0
2025-08-29T18:00:00Z,28616.7
2025-08-29T19:00:00Z,27217.6
2025-08-29T20:00:00Z,26334.0
2025-08-29T21:00:00Z,25382.5
2025-08-29T22:00:00Z,24389.8
2025-08-29T23:00:00Z,24083.8
2025-08-30T00:00:00Z,22876.7
2025-08-30T01:00:00Z,22678.7
2025-08-30T02:00:00Z,23722.9
2025-08-30T03:00:00Z,23103.0
2025-08-30T04:00:00Z,24415.4
2025-08-30T05:00:00Z,26359.2
2025-08-30T06:00:00Z,27131.4
2025-08-30T07:00:00Z,27883.6
2025-08-30T08:00:00Z,29331.3
2025-08-30T09:00:00Z,30511.9
2025-08-30T10:00:00Z,30608.6
2025-08-30T11:00:00Z,31542.2
2025-08-30T12:00:00Z,31364.4
2025-08-30T13:00:00Z,31216.5
2025-08-30T14:00:00Z,30789.7
2025-08-30T15:00:00Z,30521.3
2025-08-30T16:00:00Z,28778.0
2025-08-30T17:00:00Z,27986.2
2025-08-30T18:00:00Z,27218.9
2025-08-30T19:00:00Z,25375.5
2025-08-30T20:00:00Z,24171.9
2025-08-30T21:00:00Z,24047.9
2025-08-30T22:00:00Z,23133.3
2025-08-30T23:00:00Z,22635.2
2025-08-31T00:00:00Z,22660.5
2025-08-31T01:00:00Z,22399.7
2025-08-31T02:00:00Z,24278.8
2025-08-31T03:00:00Z,23543.4
2025-08-31T04:00:00Z,24664.9
2025-08-31T05:00:00Z,25370.2
2025-08-31T06:00:00Z,26889.9
2025-08-31T07:00:00Z,28755.8
2025-08-31T08:00:00Z,29268.5
2025-08-31T09:00:00Z,30400.0
2025-08-31T10:00:00Z,30706.4
2025-08-31T11:00:00Z,31998.4
2025-08-31T12:00:00Z,31539.9
2025-08-31T13:00:00Z,30866.8
2025-08-31T14:00:00Z,31169.7
2025-08-31T15:00:00Z,30043.5
2025-08-31T16:00:00Z,29485.9
2025-08-31T17:00:00Z,28243.1
2025-08-31T18:00:00Z,27141.0
2025-08-31T19:00:00Z,25946.1
2025-08-31T20:00:00Z,24491.1
2025-08-31T21:00:00Z,23351.8
2025-08-31T22:00:00Z,23562.8
2025-08-31T23:00:00Z,22708.9
2025-09-01T00:00:00Z,24013.9
2025-09-01T01:00:00Z,23888.0
2025-09-01T02:00:00Z,23754.7
2025-09-01T03:00:00Z,24735.4
2025-09-01T04:00:00Z,26641.8
2025-09-01T05:00:00Z,26905.5
2025-09-01T06:00:00Z,28202.3
2025-09-01T07:00:00Z,28949.4
2025-09-01T08:00:00Z,30366.5
2025-09-01T09:00:00Z,31342.4
2025-09-01T10:00:00Z,32103.0
2025-09-01T11:00:00Z,32600.7
2025-09-01T12:00:00Z,32545.5
2025-09-01T13:00:00Z,32415.4
2025-09-01T14:00:00Z,32179.4
2025-09-01T15:00:00Z,31598.7
2025-09-01T16:00:00Z,30508.2
2025-09-01T17:00:00Z,30134.9
2025-09-01T18:00:00Z,28418.6
2025-09-01T19:00:00Z,27254.1
2025-09-01T20:00:00Z,25882.1
2025-09-01T21:00:00Z,25585.5
2025-09-01T22:00:00Z,24122.5
2025-09-01T23:00:00Z,23459.5
2025-09-02T00:00:00Z,23613.1
2025-09-02T01:00:00Z,24353.5
2025-09-02T02:00:00Z,24144.6
2025-09-02T03:00:00Z,25750.8
2025-09-02T04:00:00Z,26182.7
2025-09-02T05:00:00Z,26700.4
2025-09-02T06:00:00Z,28324.1
2025-09-02T07:00:00Z,30216.0
2025-09-02T08:00:00Z,30308.6
2025-09-02T09:00:00Z,31061.0
2025-09-02T10:00:00Z,32439.4
2025-09-02T11:00:00Z,33175.9
2025-09-02T12:00:00Z,33219.8
2025-09-02T13:00:00Z,32571.5
2025-09-02T14:00:00Z,32319.2
2025-09-02T15:00:00Z,31665.0
2025-09-02T16:00:00Z,31060.2
2025-09-02T17:00:00Z,30350.6
2025-09-02T18:00:00Z,28368.5
2025-09-02T19:00:00Z,27740.6
2025-09-02T20:00:00Z,26063.4
2025-09-02T21:00:00Z,25489.6
2025-09-02T22:00:00Z,24222.0
2025-09-02T23:00:00Z,23841.4
2025-09-03T00:00:00Z,24192.3
2025-09-03T01:00:00Z,23858.4
2025-09-03T02:00:00Z,24960.9
2025-09-03T03:00:00Z,25134.4
2025-09-03T04:00:00Z,26285.3
2025-09-03T05:00:00Z,27295.5
2025-09-03T06:00:00Z,28351.2
2025-09-03T07:00:00Z,29670.9
2025-09-03T08:00:00Z,31091.2
2025-09-03T09:00:00Z,32758.8
2025-09-03T10:00:00Z,31877.2
2025-09-03T11:00:00Z,32870.0
2025-09-03T12:00:00Z,32845.3
2025-09-03T13:00:00Z,32421.4
2025-09-03T14:00:00Z,32421.7
2025-09-03T15:00:00Z,31286.2
2025-09-03T16:00:00Z,30663.4
2025-09-03T17:00:00Z,30080.8
2025-09-03T18:00:00Z,27727.5
2025-09-03T19:00:00Z,27418.0
2025-09-03T20:00:00Z,26421.8
2025-09-03T21:00:00Z,24984.1
2025-09-03T22:00:00Z,24826.7
2025-09-03T23:00:00Z,24319.9
2025-09-04T00:00:00Z,23974.8
2025-09-04T01:00:00Z,24702.9
2025-09-04T02:00:00Z,24214.8
2025-09-04T03:00:00Z,25640.7
2025-09-04T04:00:00Z,26235.3
2025-09-04T05:00:00Z,27001.0
2025-09-04T06:00:00Z,28473.8
2025-09-04T07:00:00Z,29558.4
2025-09-04T08:00:00Z,31060.0
2025-09-04T09:00:00Z,31123.3
2025-09-04T10:00:00Z,32308.9
2025-09-04T11:00:00Z,32655.6
2025-09-04T12:00:00Z,33556.5
2025-09-04T13:00:00Z,32410.6
2025-09-04T14:00:00Z,32772.0
2025-09-04T15:00:00Z,31026.4
2025-09-04T16:00:00Z,30883.9
2025-09-04T17:00:00Z,29636.4
2025-09-04T18:00:00Z,28678.0
2025-09-04T19:00:00Z,27130.2
2025-09-04T20:00:00Z,25598.8
2025-09-04T21:00:00Z,24829.8
2025-09-04T22:00:00Z,25180.8
2025-09-04T23:00:00Z,24331.0
2025-09-05T00:00:00Z,23845.1
2025-09-05T01:00:00Z,24648.0
2025-09-05T02:00:00Z,24482.8
2025-09-05T03:00:00Z,25189.7
2025-09-05T04:00:00Z,25932.8
2025-09-05T05:00:00Z,27886.0
2025-09-05T06:00:00Z,29323.9
2025-09-05T07:00:00Z,29390.0
2025-09-05T08:00:00Z,30922.7
2025-09-05T09:00:00Z,32095.6
2025-09-05T10:00:00Z,33220.7
2025-09-05T11:00:00Z,31995.3
2025-09-05T12:00:00Z,33084.7
2025-09-05T13:00:00Z,33119.6
2025-09-05T14:00:00Z,31890.8
2025-09-05T15:00:00Z,31883.3
2025-09-05T16:00:00Z,30886.6
2025-09-05T17:00:00Z,30011.0
2025-09-05T18:00:00Z,28380.1
2025-09-05T19:00:00Z,27601.6
2025-09-05T20:00:00Z,26153.5
2025-09-05T21:00:00Z,25682.5
2025-09-05T22:00:00Z,24812.0
2025-09-05T23:00:00Z,24170.9
2025-09-06T00:00:00Z,22466.3
2025-09-06T01:00:00Z,23749.8
2025-09-06T02:00:00Z,23993.6
2025-09-06T03:00:00Z,24613.8
2025-09-06T04:00:00Z,24961.6
2025-09-06T05:00:00Z,26147.5
2025-09-06T06:00:00Z,28042.4
2025-09-06T07:00:00Z,28848.3
2025-09-06T08:00:00Z,29328.1
2025-09-06T09:00:00Z,30578.9
2025-09-06T10:00:00Z,31319.1
2025-09-06T11:00:00Z,31636.2
2025-09-06T12:00:00Z,31512.6
2025-09-06T13:00:00Z,32174.3
2025-09-06T14:00:00Z,31485.4
2025-09-06T15:00:00Z,30490.0
2025-09-06T16:00:00Z,29063.0
2025-09-06T17:00:00Z,28359.2
2025-09-06T18:00:00Z,27425.6
2025-09-06T19:00:00Z,26600.3
2025-09-06T20:00:00Z,25073.3
2025-09-06T21:00:00Z,24701.4
2025-09-06T22:00:00Z,23639.0
2025-09-06T23:00:00Z,22869.1
2025-09-07T00:00:00Z,22022.6
2025-09-07T01:00:00Z,22772.2
2025-09-07T02:00:00Z,23098.7
2025-09-07T03:00:00Z,24299.0
2025-09-07T04:00:00Z,25396.9
2025-09-07T05:00:00Z,26857.9
2025-09-07T06:00:00Z,27487.8
2025-09-07T07:00:00Z,28212.6
2025-09-07T08:00:00Z,30580.4
2025-09-07T09:00:00Z,30744.9
2025-09-07T10:00:00Z,31237.5
2025-09-07T11:00:00Z,31681.3
2025-09-07T12:00:00Z,31429.9
2025-09-07T13:00:00Z,32013.8
2025-09-07T14:00:00Z,31474.0
2025-09-07T15:00:00Z,31218.5
2025-09-07T16:00:00Z,30120.3
2025-09-07T17:00:00Z,28964.4
2025-09-07T18:00:00Z,27960.8
2025-09-07T19:00:00Z,26242.9
2025-09-07T20:00:00Z,25114.5
2025-09-07T21:00:00Z,24341.8
2025-09-07T22:00:00Z,23195.0
2025-09-07T23:00:00Z,23159.9
2025-09-08T00:00:00Z,24232.6
2025-09-08T01:00:00Z,24753.1
2025-09-08T02:00:00Z,24944.0
2025-09-08T03:00:00Z,24949.2
2025-09-08T04:00:00Z,26584.9
2025-09-08T05:00:00Z,28167.3
2025-09-08T06:00:00Z,28113.7
2025-09-08T07:00:00Z,29659.9
2025-09-08T08:00:00Z,31017.0
2025-09-08T09:00:00Z,31439.4
2025-09-08T10:00:00Z,32431.8
2025-09-08T11:00:00Z,33099.0
2025-09-08T12:00:00Z,32742.1
2025-09-08T13:00:00Z,33187.7
2025-09-08T14:00:00Z,32787.4
2025-09-08T15:00:00Z,31462.7
2025-09-08T16:00:00Z,31023.2
2025-09-08T17:00:00Z,30342.9
2025-09-08T18:00:00Z,28731.1
2025-09-08T19:00:00Z,27809.4
2025-09-08T20:00:00Z,26816.7
2025-09-08T21:00:00Z,25573.7
2025-09-08T22:00:00Z,25319.2
2025-09-08T23:00:00Z,24655.5
2025-09-09T00:00:00Z,24055.0
2025-09-09T01:00:00Z,24766.0
2025-09-09T02:00:00Z,25336.1
2025-09-09T03:00:00Z,26019.2
2025-09-09T04:00:00Z,26402.7
2025-09-09T05:00:00Z,27880.9
2025-09-09T06:00:00Z,29366.8
2025-09-09T07:00:00Z,30093.1
2025-09-09T08:00:00Z,31515.9
2025-09-09T09:00:00Z,32477.9
2025-09-09T10:00:00Z,32689.0
2025-09-09T11:00:00Z,33390.1
2025-09-09T12:00:00Z,33190.0
2025-09-09T13:00:00Z,33541.4
2025-09-09T14:00:00Z,32670.2
2025-09-09T15:00:00Z,31795.9
2025-09-09T16:00:00Z,31071.3
2025-09-09T17:00:00Z,29984.3
2025-09-09T18:00:00Z,29004.6
2025-09-09T19:00:00Z,27887.5
2025-09-09T20:00:00Z,26215.4
2025-09-09T21:00:00Z,25486.7
2025-09-09T22:00:00Z,25155.9
2025-09-09T23:00:00Z,24757.8
2025-09-10T00:00:00Z,24518.6
2025-09-10T01:00:00Z,25612.0
2025-09-10T02:00:00Z,25495.7
2025-09-10T03:00:00Z,25759.4
2025-09-10T04:00:00Z,26976.1
2025-09-10T05:00:00Z,28271.7
2025-09-10T06:00:00Z,29060.8
2025-09-10T07:00:00Z,29429.0
2025-09-10T08:00:00Z,31180.6
2025-09-10T09:00:00Z,32082.6
2025-09-10T10:00:00Z,33557.6
2025-09-10T11:00:00Z,32533.6
2025-09-10T12:00:00Z,33936.2
2025-09-10T13:00:00Z,33156.2
2025-09-10T14:00:00Z,33115.6
2025-09-10T15:00:00Z,31958.9
2025-09-10T16:00:00Z,31213.6
2025-09-10T17:00:00Z,30497.7
2025-09-10T18:00:00Z,28962.9
2025-09-10T19:00:00Z,28173.8
2025-09-10T20:00:00Z,26684.8
2025-09-10T21:00:00Z,25644.8
2025-09-10T22:00:00Z,25010.8
2025-09-10T23:00:00Z,24463.0
2025-09-11T00:00:00Z,24510.1
2025-09-11T01:00:00Z,25209.5
2025-09-11T02:00:00Z,24716.9
2025-09-11T03:00:00Z,25240.8
2025-09-11T04:00:00Z,26766.7
2025-09-11T05:00:00Z,28466.4
2025-09-11T06:00:00Z,29378.9
2025-09-11T07:00:00Z,30629.3
2025-09-11T08:00:00Z,31672.7
2025-09-11T09:00:00Z,31859.9
2025-09-11T10:00:00Z,32878.5
2025-09-11T11:00:00Z,32294.6
2025-09-11T12:00:00Z,33204.3
2025-09-11T13:00:00Z,33503.2
2025-09-11T14:00:00Z,32260.3
2025-09-11T15:00:00Z,31369.5
2025-09-11T16:00:00Z,30732.7
2025-09-11T17:00:00Z,30224.4
2025-09-11T18:00:00Z,29427.6
2025-09-11T19:00:00Z,28804.9
2025-09-11T20:00:00Z,27308.4
2025-09-11T21:00:00Z,25301.1
2025-09-11T22:00:00Z,24299.4
2025-09-11T23:00:00Z,24770.1
2025-09-12T00:00:00Z,25011.0
2025-09-12T01:00:00Z,24173.1
2025-09-12T02:00:00Z,25022.0
2025-09-12T03:00:00Z,25754.5
2025-09-12T04:00:00Z,26852.9
2025-09-12T05:00:00Z,27844.5
2025-09-12T06:00:00Z,29250.7
2025-09-12T07:00:00Z,30599.7
2025-09-12T08:00:00Z,31305.8
2025-09-12T09:00:00Z,32476.0
2025-09-12T10:00:00Z,33641.0
2025-09-12T11:00:00Z,32970.2
2025-09-12T12:00:00Z,33112.5
2025-09-12T13:00:00Z,33537.5
2025-09-12T14:00:00Z,33591.5
2025-09-12T15:00:00Z,32264.2
2025-09-12T16:00:00Z,31688.5
2025-09-12T17:00:00Z,30101.3
2025-09-12T18:00:00Z,29406.4
2025-09-12T19:00:00Z,27688.7
2025-09-12T20:00:00Z,27100.6
2025-09-12T21:00:00Z,26079.4
2025-09-12T22:00:00Z,25374.9
2025-09-12T23:00:00Z,25295.6
2025-09-13T00:00:00Z,23852.8
2025-09-13T01:00:00Z,23388.7
2025-09-13T02:00:00Z,24381.3
2025-09-13T03:00:00Z,24131.7
2025-09-13T04:00:00Z,26045.0
2025-09-13T05:00:00Z,27766.5
2025-09-13T06:00:00Z,28095.2
2025-09-13T07:00:00Z,29235.7
2025-09-13T08:00:00Z,30142.2
2025-09-13T09:00:00Z,31346.0
2025-09-13T10:00:00Z,31577.6
2025-09-13T11:00:00Z,32436.6
2025-09-13T12:00:00Z,32240.2
2025-09-13T13:00:00Z,32033.5
2025-09-13T14:00:00Z,31794.0
2025-09-13T15:00:00Z,31021.7
2025-09-13T16:00:00Z,29484.3
2025-09-13T17:00:00Z,29824.2
2025-09-13T18:00:00Z,27960.9
2025-09-13T19:00:00Z,26134.6
2025-09-13T20:00:00Z,26090.3
2025-09-13T21:00:00Z,24762.9
2025-09-13T22:00:00Z,24144.3
2025-09-13T23:00:00Z,23887.1
2025-09-14T00:00:00Z,23196.3
2025-09-14T01:00:00Z,22590.2
2025-09-14T02:00:00Z,24084.6
2025-09-14T03:00:00Z,24916.0
2025-09-14T04:00:00Z,26115.8
2025-09-14T05:00:00Z,26535.2
2025-09-14T06:00:00Z,27864.5
2025-09-14T07:00:00Z,29258.7
2025-09-14T08:00:00Z,30064.0
2025-09-14T09:00:00Z,31007.4
2025-09-14T10:00:00Z,31898.7
2025-09-14T11:00:00Z,31879.4
2025-09-14T12:00:00Z,32984.3
2025-09-14T13:00:00Z,31906.6
2025-09-14T14:00:00Z,31817.7
2025-09-14T15:00:00Z,30977.5
2025-09-14T16:00:00Z,29918.9
2025-09-14T17:00:00Z,29308.5
2025-09-14T18:00:00Z,28336.2
2025-09-14T19:00:00Z,27352.5
2025-09-14T20:00:00Z,25959.5
2025-09-14T21:00:00Z,24659.9
2025-09-14T22:00:00Z,24439.4
2025-09-14T23:00:00Z,23143.3
2025-09-15T00:00:00Z,24827.4
2025-09-15T01:00:00Z,25153.2
2025-09-15T02:00:00Z,25611.5
2025-09-15T03:00:00Z,25681.5
2025-09-15T04:00:00Z,26471.7
2025-09-15T05:00:00Z,28708.8
2025-09-15T06:00:00Z,29052.9
2025-09-15T07:00:00Z,29780.6
2025-09-15T08:00:00Z,31000.5
2025-09-15T09:00:00Z,32381.7
2025-09-15T10:00:00Z,33517.2
2025-09-15T11:00:00Z,33522.4
2025-09-15T12:00:00Z,34117.7
2025-09-15T13:00:00Z,33605.8
2025-09-15T14:00:00Z,33252.8
2025-09-15T15:00:00Z,32736.8
2025-09-15T16:00:00Z,31314.7
2025-09-15T17:00:00Z,30492.8
2025-09-15T18:00:00Z,29091.4
2025-09-15T19:00:00Z,27850.7
2025-09-15T20:00:00Z,27258.5
2025-09-15T21:00:00Z,25793.2
2025-09-15T22:00:00Z,25420.9
2025-09-15T23:00:00Z,24655.2
2025-09-16T00:00:00Z,24812.9
2025-09-16T01:00:00Z,24801.5
2025-09-16T02:00:00Z,25843.4
2025-09-16T03:00:00Z,26172.5
2025-09-16T04:00:00Z,27089.6
2025-09-16T05:00:00Z,28739.3
2025-09-16T06:00:00Z,28206.8
2025-09-16T07:00:00Z,30010.8
2025-09-16T08:00:00Z,30478.8
2025-09-16T09:00:00Z,32406.6
2025-09-16T10:00:00Z,33275.1
2025-09-16T11:00:00Z,33793.3
2025-09-16T12:00:00Z,33804.9
2025-09-16T13:00:00Z,33231.4
2025-09-16T14:00:00Z,33757.9
2025-09-16T15:00:00Z,32517.0
2025-09-16T16:00:00Z,31388.5
2025-09-16T17:00:00Z,30000.0
2025-09-16T18:00:00Z,29421.1
2025-09-16T19:00:00Z,27935.4
2025-09-16T20:00:00Z,26880.3
2025-09-16T21:00:00Z,26203.8
2025-09-16T22:00:00Z,25502.4
2025-09-16T23:00:00Z,24674.7
2025-09-17T00:00:00Z,25338.4
2025-09-17T01:00:00Z,24655.3
2025-09-17T02:00:00Z,25055.6
2025-09-17T03:00:00Z,26286.7
2025-09-17T04:00:00Z,27138.2
2025-09-17T05:00:00Z,28186.4
2025-09-17T06:00:00Z,29156.0
2025-09-17T07:00:00Z,30471.5
2025-09-17T08:00:00Z,31317.2
2025-09-17T09:00:00Z,31834.3
2025-09-17T10:00:00Z,33420.2
2025-09-17T11:00:00Z,33216.7
2025-09-17T12:00:00Z,33657.6
2025-09-17T13:00:00Z,33861.1
2025-09-17T14:00:00Z,33156.4
2025-09-17T15:00:00Z,33456.1
2025-09-17T16:00:00Z,31006.3
2025-09-17T17:00:00Z,30177.0
2025-09-17T18:00:00Z,29337.9
2025-09-17T19:00:00Z,28658.5
2025-09-17T20:00:00Z,26995.1
2025-09-17T21:00:00Z,25639.0
2025-09-17T22:00:00Z,25885.6
2025-09-17T23:00:00Z,24678.9
2025-09-18T00:00:00Z,24842.1
2025-09-18T01:00:00Z,25392.2
2025-09-18T02:00:00Z,25261.8
2025-09-18T03:00:00Z,26046.9
2025-09-18T04:00:00Z,27312.6
2025-09-18T05:00:00Z,28126.6
2025-09-18T06:00:00Z,29455.6
2025-09-18T07:00:00Z,30147.7
2025-09-18T08:00:00Z,31523.1
2025-09-18T09:00:00Z,32082.0
2025-09-18T10:00:00Z,32614.5
2025-09-18T11:00:00Z,34282.1
2025-09-18T12:00:00Z,33952.0
2025-09-18T13:00:00Z,33971.5
2025-09-18T14:00:00Z,32831.7
2025-09-18T15:00:00Z,32473.7
2025-09-18T16:00:00Z,31489.6
2025-09-18T17:00:00Z,29970.4
2025-09-18T18:00:00Z,29549.5
2025-09-18T19:00:00Z,27932.5
2025-09-18T20:00:00Z,27054.6
2025-09-18T21:00:00Z,25650.0
2025-09-18T22:00:00Z,25872.9
2025-09-18T23:00:00Z,25343.3
2025-09-19T00:00:00Z,25102.3
2025-09-19T01:00:00Z,24772.2
2025-09-19T02:00:00Z,25352.3
2025-09-19T03:00:00Z,26708.0
2025-09-19T04:00:00Z,27072.7
2025-09-19T05:00:00Z,28343.5
2025-09-19T06:00:00Z,29444.9
2025-09-19T07:00:00Z,30127.4
2025-09-19T08:00:00Z,32174.1
2025-09-19T09:00:00Z,31796.0
2025-09-19T10:00:00Z,33317.0
2025-09-19T11:00:00Z,33645.0
2025-09-19T12:00:00Z,33230.5
2025-09-19T13:00:00Z,33800.1
2025-09-19T14:00:00Z,33426.5
2025-09-19T15:00:00Z,32548.4
2025-09-19T16:00:00Z,31304.7
2025-09-19T17:00:00Z,30707.2
2025-09-19T18:00:00Z,29804.9
2025-09-19T19:00:00Z,28326.6
2025-09-19T20:00:00Z,27812.2
2025-09-19T21:00:00Z,26574.0
2025-09-19T22:00:00Z,25836.0
2025-09-19T23:00:00Z,25622.4
2025-09-20T00:00:00Z,23525.1
2025-09-20T01:00:00Z,23728.0
2025-09-20T02:00:00Z,24554.5
2025-09-20T03:00:00Z,25260.8
2025-09-20T04:00:00Z,26545.4
2025-09-20T05:00:00Z,27480.9
2025-09-20T06:00:00Z,28270.5
2025-09-20T07:00:00Z,29434.8
2025-09-20T08:00:00Z,30322.4
2025-09-20T09:00:00Z,31208.4
2025-09-20T10:00:00Z,31881.6
2025-09-20T11:00:00Z,32826.2
2025-09-20T12:00:00Z,32469.5
2025-09-20T13:00:00Z,32361.7
2025-09-20T14:00:00Z,32109.0
2025-09-20T15:00:00Z,31156.2
2025-09-20T16:00:00Z,30343.0
2025-09-20T17:00:00Z,28551.6
2025-09-20T18:00:00Z,28349.2
2025-09-20T19:00:00Z,26950.8
2025-09-20T20:00:00Z,26065.7
2025-09-20T21:00:00Z,25213.3
2025-09-20T22:00:00Z,23687.5
2025-09-20T23:00:00Z,24820.0
2025-09-21T00:00:00Z,23885.2
2025-09-21T01:00:00Z,24046.8
2025-09-21T02:00:00Z,23767.5
2025-09-21T03:00:00Z,25365.7
2025-09-21T04:00:00Z,26210.2
2025-09-21T05:00:00Z,26998.0
2025-09-21T06:00:00Z,28374.0
2025-09-21T07:00:00Z,29907.9
2025-09-21T08:00:00Z,30383.0
2025-09-21T09:00:00Z,31094.1
2025-09-21T10:00:00Z,32627.7
2025-09-21T11:00:00Z,32679.0
2025-09-21T12:00:00Z,32668.1
2025-09-21T13:00:00Z,33434.2
2025-09-21T14:00:00Z,32200.4
2025-09-21T15:00:00Z,31372.9
2025-09-21T16:00:00Z,30617.0
2025-09-21T17:00:00Z,29300.4
2025-09-21T18:00:00Z,28379.8
2025-09-21T19:00:00Z,27207.5
2025-09-21T20:00:00Z,25839.6
2025-09-21T21:00:00Z,25067.0
2025-09-21T22:00:00Z,24572.0
2025-09-21T23:00:00Z,24155.1
2025-09-22T00:00:00Z,25350.8
2025-09-22T01:00:00Z,25576.3
2025-09-22T02:00:00Z,25820.7
2025-09-22T03:00:00Z,26624.1
2025-09-22T04:00:00Z,27210.4
2025-09-22T05:00:00Z,28325.3
2025-09-22T06:00:00Z,29951.3
2025-09-22T07:00:00Z,29984.6
2025-09-22T08:00:00Z,31920.4
2025-09-22T09:00:00Z,33869.6
2025-09-22T10:00:00Z,32720.4
2025-09-22T11:00:00Z,34401.0
2025-09-22T12:00:00Z,33346.5
2025-09-22T13:00:00Z,33976.5
2025-09-22T14:00:00Z,33997.6
2025-09-22T15:00:00Z,33239.8
2025-09-22T16:00:00Z,31434.4
2025-09-22T17:00:00Z,30217.3
2025-09-22T18:00:00Z,29016.8
2025-09-22T19:00:00Z,28663.5
2025-09-22T20:00:00Z,27182.8
2025-09-22T21:00:00Z,26409.4
2025-09-22T22:00:00Z,25796.8
2025-09-22T23:00:00Z,25408.8
2025-09-23T00:00:00Z,25343.0
2025-09-23T01:00:00Z,25341.1
2025-09-23T02:00:00Z,25144.3
2025-09-23T03:00:00Z,26980.2
2025-09-23T04:00:00Z,26345.1
2025-09-23T05:00:00Z,28886.4
2025-09-23T06:00:00Z,29354.3
2025-09-23T07:00:00Z,30651.8
2025-09-23T08:00:00Z,31601.1
2025-09-23T09:00:00Z,32575.9
2025-09-23T10:00:00Z,33409.0
2025-09-23T11:00:00Z,33756.4
2025-09-23T12:00:00Z,33604.9
2025-09-23T13:00:00Z,34173.3
2025-09-23T14:00:00Z,33201.7
2025-09-23T15:00:00Z,33207.3
2025-09-23T16:00:00Z,31735.6
2025-09-23T17:00:00Z,30461.3
2025-09-23T18:00:00Z,29735.6
2025-09-23T19:00:00Z,28754.2
2025-09-23T20:00:00Z,27014.6
2025-09-23T21:00:00Z,26332.6
2025-09-23T22:00:00Z,26260.0
2025-09-23T23:00:00Z,24920.2
2025-09-24T00:00:00Z,24862.5
2025-09-24T01:00:00Z,25389.4
2025-09-24T02:00:00Z,25321.9
2025-09-24T03:00:00Z,25564.9
2025-09-24T04:00:00Z,26778.0
2025-09-24T05:00:00Z,28602.6
2025-09-24T06:00:00Z,29854.3
2025-09-24T07:00:00Z,30979.3
2025-09-24T08:00:00Z,31974.5
2025-09-24T09:00:00Z,32293.1
2025-09-24T10:00:00Z,33704.1
2025-09-24T11:00:00Z,34322.8
2025-09-24T12:00:00Z,33790.2
2025-09-24T13:00:00Z,34245.4
2025-09-24T14:00:00Z,33318.3
2025-09-24T15:00:00Z,32819.4
2025-09-24T16:00:00Z,31966.5
2025-09-24T17:00:00Z,30211.6
2025-09-24T18:00:00Z,30154.7
2025-09-24T19:00:00Z,28148.7
2025-09-24T20:00:00Z,27357.9
2025-09-24T21:00:00Z,26294.2
2025-09-24T22:00:00Z,25941.2
2025-09-24T23:00:00Z,25488.4
2025-09-25T00:00:00Z,25222.6
2025-09-25T01:00:00Z,25888.6
2025-09-25T02:00:00Z,25913.6
2025-09-25T03:00:00Z,26366.6
2025-09-25T04:00:00Z,26368.4
2025-09-25T05:00:00Z,28398.5
2025-09-25T06:00:00Z,29543.5
2025-09-25T07:00:00Z,30476.9
2025-09-25T08:00:00Z,31550.6
2025-09-25T09:00:00Z,33006.7
2025-09-25T10:00:00Z,33878.6
2025-09-25T11:00:00Z,34635.8
2025-09-25T12:00:00Z,34508.9
2025-09-25T13:00:00Z,33673.9
2025-09-25T14:00:00Z,33587.1
2025-09-25T15:00:00Z,32283.5
2025-09-25T16:00:00Z,32138.9
2025-09-25T17:00:00Z,30931.2
2025-09-25T18:00:00Z,29425.2
2025-09-25T19:00:00Z,28463.9
2025-09-25T20:00:00Z,27340.6
2025-09-25T21:00:00Z,26279.2
2025-09-25T22:00:00Z,26297.8
2025-09-25T23:00:00Z,26514.3
2025-09-26T00:00:00Z,25555.5
2025-09-26T01:00:00Z,25793.4
2025-09-26T02:00:00Z,25904.7
2025-09-26T03:00:00Z,26421.2
2025-09-26T04:00:00Z,28280.7
2025-09-26T05:00:00Z,28403.8
2025-09-26T06:00:00Z,29833.5
2025-09-26T07:00:00Z,30791.1
2025-09-26T08:00:00Z,32123.4
2025-09-26T09:00:00Z,32805.5
2025-09-26T10:00:00Z,33747.9
2025-09-26T11:00:00Z,33503.5
2025-09-26T12:00:00Z,34085.5
2025-09-26T13:00:00Z,34478.3
2025-09-26T14:00:00Z,33146.6
2025-09-26T15:00:00Z,32576.9
2025-09-26T16:00:00Z,32411.6
2025-09-26T17:00:00Z,30984.6
2025-09-26T18:00:00Z,30082.1
2025-09-26T19:00:00Z,27711.8
2025-09-26T20:00:00Z,27522.8
2025-09-26T21:00:00Z,26078.7
2025-09-26T22:00:00Z,25330.8
2025-09-26T23:00:00Z,25554.2
2025-09-27T00:00:00Z,24490.7
2025-09-27T01:00:00Z,23650.5
2025-09-27T02:00:00Z,24237.3
2025-09-27T03:00:00Z,25135.6
2025-09-27T04:00:00Z,26223.3
2025-09-27T05:00:00Z,26847.4
2025-09-27T06:00:00Z,29324.2
2025-09-27T07:00:00Z,29853.2
2025-09-27T08:00:00Z,30571.8
2025-09-27T09:00:00Z,31431.5
2025-09-27T10:00:00Z,33189.2
2025-09-27T11:00:00Z,33601.3
2025-09-27T12:00:00Z,32741.0
2025-09-27T13:00:00Z,32899.5
2025-09-27T14:00:00Z,32794.3
2025-09-27T15:00:00Z,31183.2
2025-09-27T16:00:00Z,30485.6
2025-09-27T17:00:00Z,30134.0
2025-09-27T18:00:00Z,28227.7
2025-09-27T19:00:00Z,27176.4
2025-09-27T20:00:00Z,25766.7
2025-09-27T21:00:00Z,25065.3
2025-09-27T22:00:00Z,24896.6
2025-09-27T23:00:00Z,23893.2
2025-09-28T00:00:00Z,23595.0
2025-09-28T01:00:00Z,23997.0
2025-09-28T02:00:00Z,25330.8
2025-09-28T03:00:00Z,25443.2
2025-09-28T04:00:00Z,26087.5
2025-09-28T05:00:00Z,27422.1
2025-09-28T06:00:00Z,28677.5
2025-09-28T07:00:00Z,29705.8
2025-09-28T08:00:00Z,30058.8
2025-09-28T09:00:00Z,31759.5
2025-09-28T10:00:00Z,32273.7
2025-09-28T11:00:00Z,33109.2
2025-09-28T12:00:00Z,32443.8
2025-09-28T13:00:00Z,33184.9
2025-09-28T14:00:00Z,32167.4
2025-09-28T15:00:00Z,31011.5
2025-09-28T16:00:00Z,31222.2
2025-09-28T17:00:00Z,29465.4
2025-09-28T18:00:00Z,28647.9
2025-09-28T19:00:00Z,27300.4
2025-09-28T20:00:00Z,26697.1
2025-09-28T21:00:00Z,25782.7
2025-09-28T22:00:00Z,25081.3
2025-09-28T23:00:00Z,24488.9
2025-09-29T00:00:00Z,24733.8
2025-09-29T01:00:00Z,24859.7
2025-09-29T02:00:00Z,26003.1
2025-09-29T03:00:00Z,26278.3
2025-09-29T04:00:00Z,27725.2
2025-09-29T05:00:00Z,28683.2
2025-09-29T06:00:00Z,29242.6
2025-09-29T07:00:00Z,30531.0
2025-09-29T08:00:00Z,31564.4
2025-09-29T09:00:00Z,32574.7
2025-09-29T10:00:00Z,33533.0
2025-09-29T11:00:00Z,34307.1
2025-09-29T12:00:00Z,34703.3
2025-09-29T13:00:00Z,33691.4
2025-09-29T14:00:00Z,33399.9
2025-09-29T15:00:00Z,33484.4
2025-09-29T16:00:00Z,32319.8
2025-09-29T17:00:00Z,31003.7
2025-09-29T18:00:00Z,28893.1
2025-09-29T19:00:00Z,28244.6
2025-09-29T20:00:00Z,27609.6
2025-09-29T21:00:00Z,26411.6
2025-09-29T22:00:00Z,26669.2
2025-09-29T23:00:00Z,25517.4
2025-09-30T00:00:00Z,25467.7
2025-09-30T01:00:00Z,25103.0
2025-09-30T02:00:00Z,25566.7
2025-09-30T03:00:00Z,26412.4
2025-09-30T04:00:00Z,27346.1
2025-09-30T05:00:00Z,28562.2
2025-09-30T06:00:00Z,29937.1
2025-09-30T07:00:00Z,31034.2
2025-09-30T08:00:00Z,32389.3
2025-09-30T09:00:00Z,32429.1
2025-09-30T10:00:00Z,33717.5
2025-09-30T11:00:00Z,34171.5
2025-09-30T12:00:00Z,34826.1
2025-09-30T13:00:00Z,34000.5
2025-09-30T14:00:00Z,33760.6
2025-09-30T15:00:00Z,32629.2
2025-09-30T16:00:00Z,32173.3
2025-09-30T17:00:00Z,31093.9
2025-09-30T18:00:00Z,29562.8
2025-09-30T19:00:00Z,28485.4
2025-09-30T20:00:00Z,27567.6
2025-09-30T21:00:00Z,26877.6
2025-09-30T22:00:00Z,25526.7
2025-09-30T23:00:00Z,25843.3
2025-10-01T00:00:00Z,25265.7
2025-10-01T01:00:00Z,26250.4
2025-10-01T02:00:00Z,26529.8
2025-10-01T03:00:00Z,26538.0
2025-10-01T04:00:00Z,27373.7
2025-10-01T05:00:00Z,29595.9
2025-10-01T06:00:00Z,30061.0
2025-10-01T07:00:00Z,31185.9
2025-10-01T08:00:00Z,31885.4
2025-10-01T09:00:00Z,32913.8
2025-10-01T10:00:00Z,33968.2
2025-10-01T11:00:00Z,34340.5
2025-10-01T12:00:00Z,33952.3
2025-10-01T13:00:00Z,34575.0
2025-10-01T14:00:00Z,33782.5
2025-10-01T15:00:00Z,32607.2
2025-10-01T16:00:00Z,32415.6
2025-10-01T17:00:00Z,30908.5
2025-10-01T18:00:00Z,30118.6
2025-10-01T19:00:00Z,28471.2
2025-10-01T20:00:00Z,27743.5
2025-10-01T21:00:00Z,26083.2
2025-10-01T22:00:00Z,26124.1
2025-10-01T23:00:00Z,24974.0
2025-10-02T00:00:00Z,25478.0
2025-10-02T01:00:00Z,24621.4
2025-10-02T02:00:00Z,25987.4
2025-10-02T03:00:00Z,26986.1
2025-10-02T04:00:00Z,27815.9
2025-10-02T05:00:00Z,29151.3
2025-10-02T06:00:00Z,29452.1
2025-10-02T07:00:00Z,31586.1
2025-10-02T08:00:00Z,32669.9
2025-10-02T09:00:00Z,32541.0
2025-10-02T10:00:00Z,33397.2
2025-10-02T11:00:00Z,33923.9
2025-10-02T12:00:00Z,34279.6
2025-10-02T13:00:00Z,34206.4
2025-10-02T14:00:00Z,32772.9
2025-10-02T15:00:00Z,33210.4
2025-10-02T16:00:00Z,31975.0
2025-10-02T17:00:00Z,30620.4
2025-10-02T18:00:00Z,30206.6
2025-10-02T19:00:00Z,28575.5
2025-10-02T20:00:00Z,28058.2
2025-10-02T21:00:00Z,26914.4
2025-10-02T22:00:00Z,25891.2
2025-10-02T23:00:00Z,26004.8
2025-10-03T00:00:00Z,25741.9
2025-10-03T01:00:00Z,25403.9
2025-10-03T02:00:00Z,25434.2
2025-10-03T03:00:00Z,26536.4
2025-10-03T04:00:00Z,27889.0
2025-10-03T05:00:00Z,28639.9
2025-10-03T06:00:00Z,30534.4
2025-10-03T07:00:00Z,31122.0
2025-10-03T08:00:00Z,32167.1
2025-10-03T09:00:00Z,33163.6
2025-10-03T10:00:00Z,33388.9
2025-10-03T11:00:00Z,34115.5
2025-10-03T12:00:00Z,34065.8
2025-10-03T13:00:00Z,33285.8
2025-10-03T14:00:00Z,33055.0
2025-10-03T15:00:00Z,33287.9
2025-10-03T16:00:00Z,31928.9
2025-10-03T17:00:00Z,30979.0
2025-10-03T18:00:00Z,29325.6
2025-10-03T19:00:00Z,28509.1
2025-10-03T20:00:00Z,27950.5
2025-10-03T21:00:00Z,26775.9
2025-10-03T22:00:00Z,25841.6
2025-10-03T23:00:00Z,26162.1
2025-10-04T00:00:00Z,24209.5
2025-10-04T01:00:00Z,24252.7
2025-10-04T02:00:00Z,25252.8
2025-10-04T03:00:00Z,24884.6
2025-10-04T04:00:00Z,26655.2
2025-10-04T05:00:00Z,27104.2
2025-10-04T06:00:00Z,28373.9
2025-10-04T07:00:00Z,29560.8
2025-10-04T08:00:00Z,30933.6
2025-10-04T09:00:00Z,31844.2
2025-10-04T10:00:00Z,32622.1
2025-10-04T11:00:00Z,33029.9
2025-10-04T12:00:00Z,33625.7
2025-10-04T13:00:00Z,33582.0
2025-10-04T14:00:00Z,32773.3
2025-10-04T15:00:00Z,32086.2
2025-10-04T16:00:00Z,30745.8
2025-10-04T17:00:00Z,29406.2
2025-10-04T18:00:00Z,28888.1
2025-10-04T19:00:00Z,27533.1
2025-10-04T20:00:00Z,26769.6
2025-10-04T21:00:00Z,24851.7
2025-10-04T22:00:00Z,25824.3
2025-10-04T23:00:00Z,23910.0
2025-10-05T00:00:00Z,24267.5
2025-10-05T01:00:00Z,24774.8
2025-10-05T02:00:00Z,24333.3
2025-10-05T03:00:00Z,25347.6
2025-10-05T04:00:00Z,25720.0
2025-10-05T05:00:00Z,27009.5
2025-10-05T06:00:00Z,27968.5
2025-10-05T07:00:00Z,29877.2
2025-10-05T08:00:00Z,31017.9
2025-10-05T09:00:00Z,31708.9
2025-10-05T10:00:00Z,33002.6
2025-10-05T11:00:00Z,33492.4
2025-10-05T12:00:00Z,33123.8
2025-10-05T13:00:00Z,32893.1
2025-10-05T14:00:00Z,32430.1
2025-10-05T15:00:00Z,31658.8
2025-10-05T16:00:00Z,31395.4
2025-10-05T17:00:00Z,29927.6
2025-10-05T18:00:00Z,28567.5
2025-10-05T19:00:00Z,27458.5
2025-10-05T20:00:00Z,26676.7
2025-10-05T21:00:00Z,25406.4
2025-10-05T22:00:00Z,24967.0
2025-10-05T23:00:00Z,24393.5
2025-10-06T00:00:00Z,26012.8
2025-10-06T01:00:00Z,26091.3
2025-10-06T02:00:00Z,25575.2
2025-10-06T03:00:00Z,26748.0
2025-10-06T04:00:00Z,27991.4
2025-10-06T05:00:00Z,28629.2
2025-10-06T06:00:00Z,30246.2
2025-10-06T07:00:00Z,31217.5
2025-10-06T08:00:00Z,32383.2
2025-10-06T09:00:00Z,33057.8
2025-10-06T10:00:00Z,33899.4
2025-10-06T11:00:00Z,34424.3
2025-10-06T12:00:00Z,33833.1
2025-10-06T13:00:00Z,33888.5
2025-10-06T14:00:00Z,33407.3
2025-10-06T15:00:00Z,33707.7
2025-10-06T16:00:00Z,32275.5
2025-10-06T17:00:00Z,31231.7
2025-10-06T18:00:00Z,30009.6
2025-10-06T19:00:00Z,28604.2
2025-10-06T20:00:00Z,27450.0
2025-10-06T21:00:00Z,27124.5
2025-10-06T22:00:00Z,25964.9
2025-10-06T23:00:00Z,26248.4
2025-10-07T00:00:00Z,25601.3
2025-10-07T01:00:00Z,25713.8
2025-10-07T02:00:00Z,26041.4
2025-10-07T03:00:00Z,26800.4
2025-10-07T04:00:00Z,27759.4
2025-10-07T05:00:00Z,29382.4
2025-10-07T06:00:00Z,30832.9
2025-10-07T07:00:00Z,30683.8
2025-10-07T08:00:00Z,32277.6
2025-10-07T09:00:00Z,33364.7
2025-10-07T10:00:00Z,33470.8
2025-10-07T11:00:00Z,34014.4
2025-10-07T12:00:00Z,34230.9
2025-10-07T13:00:00Z,33355.6
2025-10-07T14:00:00Z,34048.4
2025-10-07T15:00:00Z,33084.7
2025-10-07T16:00:00Z,32148.8
2025-10-07T17:00:00Z,31144.1
2025-10-07T18:00:00Z,30058.3
2025-10-07T19:00:00Z,29676.9
2025-10-07T20:00:00Z,27815.3
2025-10-07T21:00:00Z,27139.2
2025-10-07T22:00:00Z,25931.6
2025-10-07T23:00:00Z,25812.5
2025-10-08T00:00:00Z,25431.1
2025-10-08T01:00:00Z,25643.6
2025-10-08T02:00:00Z,25807.0
2025-10-08T03:00:00Z,26544.3
2025-10-08T04:00:00Z,27935.3
2025-10-08T05:00:00Z,29112.7
2025-10-08T06:00:00Z,30155.1
2025-10-08T07:00:00Z,30883.2
2025-10-08T08:00:00Z,32319.6
2025-10-08T09:00:00Z,32180.4
2025-10-08T10:00:00Z,34176.0
2025-10-08T11:00:00Z,34255.3
2025-10-08T12:00:00Z,34521.3
2025-10-08T13:00:00Z,34701.8
2025-10-08T14:00:00Z,33670.5
2025-10-08T15:00:00Z,33478.0
2025-10-08T16:00:00Z,32040.9
2025-10-08T17:00:00Z,31336.3
2025-10-08T18:00:00Z,29835.6
2025-10-08T19:00:00Z,28951.5
2025-10-08T20:00:00Z,28307.4
2025-10-08T21:00:00Z,26609.5
2025-10-08T22:00:00Z,25919.7
2025-10-08T23:00:00Z,25582.0
2025-10-09T00:00:00Z,25679.6
2025-10-09T01:00:00Z,26738.9
2025-10-09T02:00:00Z,25948.4
2025-10-09T03:00:00Z,26111.1
2025-10-09T04:00:00Z,27544.5
2025-10-09T05:00:00Z,28269.9
2025-10-09T06:00:00Z,29797.9
2025-10-09T07:00:00Z,31159.9
2025-10-09T08:00:00Z,31868.1
2025-10-09T09:00:00Z,32889.8
2025-10-09T10:00:00Z,33154.8
2025-10-09T11:00:00Z,34357.8
2025-10-09T12:00:00Z,34164.5
2025-10-09T13:00:00Z,34693.7
2025-10-09T14:00:00Z,34237.6
2025-10-09T15:00:00Z,32821.2
2025-10-09T16:00:00Z,32087.7
2025-10-09T17:00:00Z,31175.4
2025-10-09T18:00:00Z,30288.4
2025-10-09T19:00:00Z,28239.8
2025-10-09T20:00:00Z,27763.5
2025-10-09T21:00:00Z,27562.3
2025-10-09T22:00:00Z,26134.1
2025-10-09T23:00:00Z,25806.3
2025-10-10T00:00:00Z,25587.7
2025-10-10T01:00:00Z,25296.9
2025-10-10T02:00:00Z,26534.3
2025-10-10T03:00:00Z,26986.9
2025-10-10T04:00:00Z,27866.7
2025-10-10T05:00:00Z,29145.5
2025-10-10T06:00:00Z,30316.2
2025-10-10T07:00:00Z,30470.4
2025-10-10T08:00:00Z,32421.4
2025-10-10T09:00:00Z,32945.5
2025-10-10T10:00:00Z,33925.9
2025-10-10T11:00:00Z,34045.5
2025-10-10T12:00:00Z,34140.5
2025-10-10T13:00:00Z,34663.5
2025-10-10T14:00:00Z,33864.9
2025-10-10T15:00:00Z,33058.6
2025-10-10T16:00:00Z,32138.3
2025-10-10T17:00:00Z,31205.5
2025-10-10T18:00:00Z,30021.8
2025-10-10T19:00:00Z,28003.3
2025-10-10T20:00:00Z,27487.8
2025-10-10T21:00:00Z,26805.1
2025-10-10T22:00:00Z,26464.6
2025-10-10T23:00:00Z,26250.1
2025-10-11T00:00:00Z,24029.2
2025-10-11T01:00:00Z,25244.7
2025-10-11T02:00:00Z,25005.9
2025-10-11T03:00:00Z,25857.8
2025-10-11T04:00:00Z,26398.1
2025-10-11T05:00:00Z,27442.1
2025-10-11T06:00:00Z,29347.1
2025-10-11T07:00:00Z,29882.6
2025-10-11T08:00:00Z,30996.0
2025-10-11T09:00:00Z,32382.4
2025-10-11T10:00:00Z,33297.0
2025-10-11T11:00:00Z,32547.0
2025-10-11T12:00:00Z,33184.3
2025-10-11T13:00:00Z,33099.4
2025-10-11T14:00:00Z,33332.8
2025-10-11T15:00:00Z,32869.9
2025-10-11T16:00:00Z,31019.7
2025-10-11T17:00:00Z,30107.4
2025-10-11T18:00:00Z,29142.4
2025-10-11T19:00:00Z,28100.8
2025-10-11T20:00:00Z,26486.8
2025-10-11T21:00:00Z,26004.5
2025-10-11T22:00:00Z,24723.5
2025-10-11T23:00:00Z,23548.7
2025-10-12T00:00:00Z,23888.8
2025-10-12T01:00:00Z,24631.4
2025-10-12T02:00:00Z,25285.6
2025-10-12T03:00:00Z,24864.0
2025-10-12T04:00:00Z,25951.1
2025-10-12T05:00:00Z,27679.2
2025-10-12T06:00:00Z,27587.7
2025-10-12T07:00:00Z,30195.1
2025-10-12T08:00:00Z,31441.7
2025-10-12T09:00:00Z,30873.7
2025-10-12T10:00:00Z,32968.3
2025-10-12T11:00:00Z,33056.5
2025-10-12T12:00:00Z,33805.1
2025-10-12T13:00:00Z,33233.7
2025-10-12T14:00:00Z,32598.4
2025-10-12T15:00:00Z,32027.2
2025-10-12T16:00:00Z,31412.8
2025-10-12T17:00:00Z,30066.1
2025-10-12T18:00:00Z,28863.2
2025-10-12T19:00:00Z,27166.0
2025-10-12T20:00:00Z,26810.4
2025-10-12T21:00:00Z,25724.7
2025-10-12T22:00:00Z,25690.6
2025-10-12T23:00:00Z,24561.5
2025-10-13T00:00:00Z,25624.8
2025-10-13T01:00:00Z,25576.4
2025-10-13T02:00:00Z,26520.1
2025-10-13T03:00:00Z,26881.7
2025-10-13T04:00:00Z,27615.1
2025-10-13T05:00:00Z,29540.1
2025-10-13T06:00:00Z,30754.7
2025-10-13T07:00:00Z,31075.0
2025-10-13T08:00:00Z,31933.4
2025-10-13T09:00:00Z,33650.1
2025-10-13T10:00:00Z,33627.5
2025-10-13T11:00:00Z,35427.4
2025-10-13T12:00:00Z,34481.5
2025-10-13T13:00:00Z,34738.1
2025-10-13T14:00:00Z,33457.0
2025-10-13T15:00:00Z,33220.4
2025-10-13T16:00:00Z,32720.5
2025-10-13T17:00:00Z,31408.5
2025-10-13T18:00:00Z,29898.2
2025-10-13T19:00:00Z,29859.9
2025-10-13T20:00:00Z,28154.2
2025-10-13T21:00:00Z,26876.6
2025-10-13T22:00:00Z,26032.4
2025-10-13T23:00:00Z,25713.5
2025-10-14T00:00:00Z,26171.8
2025-10-14T01:00:00Z,25535.1
2025-10-14T02:00:00Z,26276.8
2025-10-14T03:00:00Z,26665.2
2025-10-14T04:00:00Z,28354.2
2025-10-14T05:00:00Z,28897.9
2025-10-14T06:00:00Z,30426.7
2025-10-14T07:00:00Z,31465.2
2025-10-14T08:00:00Z,32108.9
2025-10-14T09:00:00Z,33503.3
2025-10-14T10:00:00Z,34297.1
2025-10-14T11:00:00Z,33965.3
2025-10-14T12:00:00Z,34803.7
2025-10-14T13:00:00Z,35713.6
2025-10-14T14:00:00Z,33838.0
2025-10-14T15:00:00Z,33481.1
2025-10-14T16:00:00Z,31828.7
2025-10-14T17:00:00Z,31426.2
2025-10-14T18:00:00Z,29888.3
2025-10-14T19:00:00Z,29244.5
2025-10-14T20:00:00Z,27870.4
2025-10-14T21:00:00Z,26532.8
2025-10-14T22:00:00Z,26675.1
2025-10-14T23:00:00Z,25742.2
2025-10-15T00:00:00Z,25299.7
2025-10-15T01:00:00Z,25853.3
2025-10-15T02:00:00Z,25912.1
2025-10-15T03:00:00Z,27124.0
2025-10-15T04:00:00Z,27871.8
2025-10-15T05:00:00Z,28827.3
2025-10-15T06:00:00Z,30361.7
2025-10-15T07:00:00Z,30785.4
2025-10-15T08:00:00Z,32693.3
2025-10-15T09:00:00Z,32502.6
2025-10-15T10:00:00Z,34553.8
2025-10-15T11:00:00Z,34465.7
2025-10-15T12:00:00Z,34450.7
2025-10-15T13:00:00Z,34123.5
2025-10-15T14:00:00Z,34158.9
2025-10-15T15:00:00Z,33190.3
2025-10-15T16:00:00Z,32264.8
2025-10-15T17:00:00Z,31646.5
2025-10-15T18:00:00Z,29951.4
2025-10-15T19:00:00Z,28877.2
2025-10-15T20:00:00Z,28055.9
2025-10-15T21:00:00Z,27377.4
2025-10-15T22:00:00Z,26216.0
2025-10-15T23:00:00Z,25888.5
2025-10-16T00:00:00Z,25699.4
2025-10-16T01:00:00Z,26110.7
2025-10-16T02:00:00Z,26833.1
2025-10-16T03:00:00Z,26632.4
2025-10-16T04:00:00Z,27850.2
2025-10-16T05:00:00Z,28952.2
2025-10-16T06:00:00Z,30338.3
2025-10-16T07:00:00Z,31826.5
2025-10-16T08:00:00Z,32329.3
2025-10-16T09:00:00Z,33333.8
2025-10-16T10:00:00Z,34382.2
2025-10-16T11:00:00Z,33937.2
2025-10-16T12:00:00Z,34265.6
2025-10-16T13:00:00Z,34233.7
2025-10-16T14:00:00Z,33956.2
2025-10-16T15:00:00Z,33339.9
2025-10-16T16:00:00Z,32141.1
2025-10-16T17:00:00Z,31920.8
2025-10-16T18:00:00Z,29852.7
2025-10-16T19:00:00Z,28893.1
2025-10-16T20:00:00Z,28305.4
2025-10-16T21:00:00Z,27269.2
2025-10-16T22:00:00Z,26269.7
2025-10-16T23:00:00Z,25972.5
2025-10-17T00:00:00Z,25989.6
2025-10-17T01:00:00Z,25829.4
2025-10-17T02:00:00Z,26520.0
2025-10-17T03:00:00Z,26638.3
2025-10-17T04:00:00Z,27926.6
2025-10-17T05:00:00Z,28354.4
2025-10-17T06:00:00Z,29782.7
2025-10-17T07:00:00Z,30836.8
2025-10-17T08:00:00Z,32802.5
2025-10-17T09:00:00Z,33078.7
2025-10-17T10:00:00Z,34068.6
2025-10-17T11:00:00Z,34053.0
2025-10-17T12:00:00Z,34474.3
2025-10-17T13:00:00Z,34294.0
2025-10-17T14:00:00Z,33634.3
2025-10-17T15:00:00Z,33571.6
2025-10-17T16:00:00Z,31707.2
2025-10-17T17:00:00Z,31495.4
2025-10-17T18:00:00Z,31109.4
2025-10-17T19:00:00Z,28655.4
2025-10-17T20:00:00Z,27904.3
2025-10-17T21:00:00Z,26388.4
2025-10-17T22:00:00Z,26257.4
2025-10-17T23:00:00Z,25171.7
2025-10-18T00:00:00Z,24675.7
2025-10-18T01:00:00Z,24405.1
2025-10-18T02:00:00Z,24338.5
2025-10-18T03:00:00Z,25249.5
2025-10-18T04:00:00Z,26056.9
2025-10-18T05:00:00Z,27614.7
2025-10-18T06:00:00Z,29189.4
2025-10-18T07:00:00Z,29866.1
2025-10-18T08:00:00Z,30641.4
2025-10-18T09:00:00Z,31687.3
2025-10-18T10:00:00Z,32749.3
2025-10-18T11:00:00Z,32231.1
2025-10-18T12:00:00Z,33517.2
2025-10-18T13:00:00Z,33296.7
2025-10-18T14:00:00Z,31775.7
2025-10-18T15:00:00Z,32439.0
2025-10-18T16:00:00Z,30458.0
2025-10-18T17:00:00Z,29921.8
2025-10-18T18:00:00Z,29297.7
2025-10-18T19:00:00Z,27088.0
2025-10-18T20:00:00Z,25937.6
2025-10-18T21:00:00Z,25292.4
2025-10-18T22:00:00Z,24600.2
2025-10-18T23:00:00Z,24512.5
2025-10-19T00:00:00Z,24214.4
2025-10-19T01:00:00Z,24375.8
2025-10-19T02:00:00Z,24823.9
2025-10-19T03:00:00Z,25641.5
2025-10-19T04:00:00Z,26306.1
2025-10-19T05:00:00Z,27821.9
2025-10-19T06:00:00Z,28845.1
2025-10-19T07:00:00Z,29610.3
2025-10-19T08:00:00Z,31752.1
2025-10-19T09:00:00Z,31503.0
2025-10-19T10:00:00Z,32965.5
2025-10-19T11:00:00Z,32849.9
2025-10-19T12:00:00Z,33419.0
2025-10-19T13:00:00Z,33329.3
2025-10-19T14:00:00Z,33014.6
2025-10-19T15:00:00Z,32521.7
2025-10-19T16:00:00Z,30749.6
2025-10-19T17:00:00Z,31077.1
2025-10-19T18:00:00Z,29004.0
2025-10-19T19:00:00Z,27397.2
2025-10-19T20:00:00Z,26122.5
2025-10-19T21:00:00Z,26602.4
2025-10-19T22:00:00Z,25634.1
2025-10-19T23:00:00Z,24564.3
2025-10-20T00:00:00Z,25938.1
2025-10-20T01:00:00Z,26299.4
2025-10-20T02:00:00Z,26283.5
2025-10-20T03:00:00Z,26791.7
2025-10-20T04:00:00Z,27857.5
2025-10-20T05:00:00Z,29257.9
2025-10-20T06:00:00Z,30097.5
2025-10-20T07:00:00Z,30773.1
2025-10-20T08:00:00Z,32592.8
2025-10-20T09:00:00Z,32574.2
2025-10-20T10:00:00Z,33647.9
2025-10-20T11:00:00Z,34842.6
2025-10-20T12:00:00Z,34615.8
2025-10-20T13:00:00Z,34463.0
2025-10-20T14:00:00Z,33971.9
2025-10-20T15:00:00Z,33616.7
2025-10-20T16:00:00Z,32288.8
2025-10-20T17:00:00Z,30501.0
2025-10-20T18:00:00Z,30182.5
2025-10-20T19:00:00Z,27783.2
2025-10-20T20:00:00Z,27096.7
2025-10-20T21:00:00Z,27551.4
2025-10-20T22:00:00Z,26640.8
2025-10-20T23:00:00Z,25629.3
2025-10-21T00:00:00Z,25621.4
2025-10-21T01:00:00Z,25833.2
2025-10-21T02:00:00Z,26622.6
2025-10-21T03:00:00Z,26656.5
2025-10-21T04:00:00Z,27534.2
2025-10-21T05:00:00Z,28699.4
2025-10-21T06:00:00Z,30137.0
2025-10-21T07:00:00Z,31332.5
2025-10-21T08:00:00Z,32153.5
2025-10-21T09:00:00Z,33508.4
2025-10-21T10:00:00Z,33539.4
2025-10-21T11:00:00Z,34340.1
2025-10-21T12:00:00Z,34258.5
2025-10-21T13:00:00Z,33988.5
2025-10-21T14:00:00Z,34389.7
2025-10-21T15:00:00Z,33100.2
2025-10-21T16:00:00Z,31921.9
2025-10-21T17:00:00Z,31247.6
2025-10-21T18:00:00Z,29705.7
2025-10-21T19:00:00Z,29161.8
2025-10-21T20:00:00Z,28187.9
2025-10-21T21:00:00Z,27335.8
2025-10-21T22:00:00Z,25843.1
2025-10-21T23:00:00Z,25744.8
2025-10-22T00:00:00Z,26341.0
2025-10-22T01:00:00Z,25714.1
2025-10-22T02:00:00Z,26716.5
2025-10-22T03:00:00Z,27520.3
2025-10-22T04:00:00Z,27340.3
2025-10-22T05:00:00Z,29390.0
2025-10-22T06:00:00Z,30365.0
2025-10-22T07:00:00Z,31559.9
2025-10-22T08:00:00Z,32937.2
2025-10-22T09:00:00Z,33391.1
2025-10-22T10:00:00Z,33951.9
2025-10-22T11:00:00Z,34596.4
2025-10-22T12:00:00Z,34386.3
2025-10-22T13:00:00Z,34552.8
2025-10-22T14:00:00Z,33161.8
2025-10-22T15:00:00Z,33871.0
2025-10-22T16:00:00Z,32098.0
2025-10-22T17:00:00Z,31433.0
2025-10-22T18:00:00Z,30198.7
2025-10-22T19:00:00Z,28972.0
2025-10-22T20:00:00Z,27905.0
2025-10-22T21:00:00Z,26968.5
2025-10-22T22:00:00Z,25619.7
2025-10-22T23:00:00Z,25589.4
2025-10-23T00:00:00Z,26089.1
2025-10-23T01:00:00Z,25402.6
2025-10-23T02:00:00Z,25833.2
2025-10-23T03:00:00Z,27736.0
2025-10-23T04:00:00Z,28311.5
2025-10-23T05:00:00Z,29515.5
2025-10-23T06:00:00Z,30068.2
2025-10-23T07:00:00Z,31322.6
2025-10-23T08:00:00Z,32578.4
2025-10-23T09:00:00Z,33421.5
2025-10-23T10:00:00Z,33880.7
2025-10-23T11:00:00Z,33804.1
2025-10-23T12:00:00Z,34230.5
2025-10-23T13:00:00Z,33786.7
2025-10-23T14:00:00Z,34506.1
2025-10-23T15:00:00Z,33055.1
2025-10-23T16:00:00Z,32218.8
2025-10-23T17:00:00Z,31323.8
2025-10-23T18:00:00Z,30074.3
2025-10-23T19:00:00Z,29118.5
2025-10-23T20:00:00Z,27613.9
2025-10-23T21:00:00Z,26355.2
2025-10-23T22:00:00Z,26885.1
2025-10-23T23:00:00Z,25512.3
2025-10-24T00:00:00Z,25441.5
2025-10-24T01:00:00Z,25471.5
2025-10-24T02:00:00Z,26007.4
2025-10-24T03:00:00Z,26925.9
2025-10-24T04:00:00Z,28118.2
2025-10-24T05:00:00Z,28509.4
2025-10-24T06:00:00Z,30162.6
2025-10-24T07:00:00Z,30947.6
2025-10-24T08:00:00Z,32722.6
2025-10-24T09:00:00Z,32725.6
2025-10-24T10:00:00Z,33931.1
2025-10-24T11:00:00Z,34604.4
2025-10-24T12:00:00Z,33975.9
2025-10-24T13:00:00Z,34376.5
2025-10-24T14:00:00Z,33946.7
2025-10-24T15:00:00Z,32886.7
2025-10-24T16:00:00Z,32186.1
2025-10-24T17:00:00Z,31569.1
2025-10-24T18:00:00Z,30141.0
2025-10-24T19:00:00Z,28745.1
2025-10-24T20:00:00Z,27752.3
2025-10-24T21:00:00Z,27079.1
2025-10-24T22:00:00Z,26681.8
2025-10-24T23:00:00Z,26060.8
2025-10-25T00:00:00Z,24643.0
2025-10-25T01:00:00Z,25106.0
2025-10-25T02:00:00Z,24384.9
2025-10-25T03:00:00Z,25130.1
2025-10-25T04:00:00Z,25735.6
2025-10-25T05:00:00Z,27966.8
2025-10-25T06:00:00Z,27947.3
2025-10-25T07:00:00Z,29934.0
2025-10-25T08:00:00Z,31301.5
2025-10-25T09:00:00Z,31416.6
2025-10-25T10:00:00Z,32395.9
2025-10-25T11:00:00Z,32987.3
2025-10-25T12:00:00Z,33508.5
2025-10-25T13:00:00Z,32518.6
2025-10-25T14:00:00Z,32760.4
2025-10-25T15:00:00Z,32196.2
2025-10-25T16:00:00Z,31070.5
2025-10-25T17:00:00Z,30006.2
2025-10-25T18:00:00Z,29264.4
2025-10-25T19:00:00Z,27733.3
2025-10-25T20:00:00Z,26572.4
2025-10-25T21:00:00Z,25537.3
2025-10-25T22:00:00Z,25199.3
2025-10-25T23:00:00Z,24406.1
2025-10-26T00:00:00Z,24593.9
2025-10-26T01:00:00Z,24539.1
2025-10-26T02:00:00Z,25364.7
2025-10-26T03:00:00Z,25355.5
2025-10-26T04:00:00Z,26596.0
2025-10-26T05:00:00Z,27767.6
2025-10-26T06:00:00Z,28939.4
2025-10-26T07:00:00Z,30354.4
2025-10-26T08:00:00Z,31150.0
2025-10-26T09:00:00Z,32258.3
2025-10-26T10:00:00Z,33355.3
2025-10-26T11:00:00Z,33383.2
2025-10-26T12:00:00Z,32828.6
2025-10-26T13:00:00Z,32540.5
2025-10-26T14:00:00Z,32875.6
2025-10-26T15:00:00Z,31782.2
2025-10-26T16:00:00Z,31111.2
2025-10-26T17:00:00Z,29869.1
2025-10-26T18:00:00Z,29270.3
2025-10-26T19:00:00Z,28082.1
2025-10-26T20:00:00Z,26149.4
2025-10-26T21:00:00Z,25750.0
2025-10-26T22:00:00Z,24832.2
2025-10-26T23:00:00Z,24015.2
2025-10-27T00:00:00Z,25808.3
2025-10-27T01:00:00Z,25666.2
2025-10-27T02:00:00Z,26326.7
2025-10-27T03:00:00Z,27785.1
2025-10-27T04:00:00Z,28278.2
2025-10-27T05:00:00Z,29264.9
2025-10-27T06:00:00Z,29852.7
2025-10-27T07:00:00Z,30713.9
2025-10-27T08:00:00Z,32684.0
2025-10-27T09:00:00Z,33027.9
2025-10-27T10:00:00Z,33861.6
2025-10-27T11:00:00Z,34148.8
2025-10-27T12:00:00Z,34476.3
2025-10-27T13:00:00Z,35179.4
2025-10-27T14:00:00Z,33728.2
2025-10-27T15:00:00Z,33035.4
2025-10-27T16:00:00Z,32296.1
2025-10-27T17:00:00Z,31256.7
2025-10-27T18:00:00Z,29558.5
2025-10-27T19:00:00Z,28197.4
2025-10-27T20:00:00Z,27568.7
2025-10-27T21:00:00Z,26786.4
2025-10-27T22:00:00Z,25868.3
2025-10-27T23:00:00Z,25345.1
2025-10-28T00:00:00Z,25201.1
2025-10-28T01:00:00Z,25553.2
2025-10-28T02:00:00Z,26097.2
2025-10-28T03:00:00Z,26242.4
2025-10-28T04:00:00Z,27560.7
2025-10-28T05:00:00Z,28964.4
2025-10-28T06:00:00Z,29934.6
2025-10-28T07:00:00Z,30625.3
2025-10-28T08:00:00Z,32065.6
2025-10-28T09:00:00Z,33108.7
2025-10-28T10:00:00Z,34104.7
2025-10-28T11:00:00Z,33662.1
2025-10-28T12:00:00Z,34667.1
2025-10-28T13:00:00Z,34091.8
2025-10-28T14:00:00Z,33894.5
2025-10-28T15:00:00Z,33366.5
2025-10-28T16:00:00Z,31873.6
2025-10-28T17:00:00Z,30827.2
2025-10-28T18:00:00Z,29934.9
2025-10-28T19:00:00Z,29096.6
2025-10-28T20:00:00Z,27557.5
2025-10-28T21:00:00Z,26317.5
2025-10-28T22:00:00Z,25877.3
2025-10-28T23:00:00Z,25832.4
2025-10-29T00:00:00Z,25951.0
2025-10-29T01:00:00Z,25486.5
2025-10-29T02:00:00Z,25996.6
2025-10-29T03:00:00Z,26754.7
2025-10-29T04:00:00Z,27689.5
2025-10-29T05:00:00Z,28459.3
2025-10-29T06:00:00Z,29793.6
2025-10-29T07:00:00Z,31183.5
2025-10-29T08:00:00Z,32211.7
2025-10-29T09:00:00Z,33100.4
2025-10-29T10:00:00Z,33426.4
2025-10-29T11:00:00Z,34037.6
2025-10-29T12:00:00Z,34128.4
2025-10-29T13:00:00Z,34627.1
2025-10-29T14:00:00Z,34332.2
2025-10-29T15:00:00Z,33218.0
2025-10-29T16:00:00Z,32760.4
2025-10-29T17:00:00Z,30995.8
2025-10-29T18:00:00Z,29849.5
2025-10-29T19:00:00Z,28330.8
2025-10-29T20:00:00Z,27823.1
2025-10-29T21:00:00Z,26652.7
2025-10-29T22:00:00Z,26149.2
2025-10-29T23:00:00Z,25851.4
2025-10-30T00:00:00Z,25414.4
2025-10-30T01:00:00Z,25242.1
2025-10-30T02:00:00Z,26081.6
2025-10-30T03:00:00Z,26776.5
2025-10-30T04:00:00Z,27732.3
2025-10-30T05:00:00Z,29039.8
2025-10-30T06:00:00Z,29861.7
2025-10-30T07:00:00Z,30990.6
2025-10-30T08:00:00Z,32794.6
2025-10-30T09:00:00Z,33471.6
2025-10-30T10:00:00Z,33749.8
2025-10-30T11:00:00Z,33884.1
2025-10-30T12:00:00Z,34214.8
2025-10-30T13:00:00Z,34367.3
2025-10-30T14:00:00Z,34093.8
2025-10-30T15:00:00Z,33962.4
2025-10-30T16:00:00Z,32072.7
2025-10-30T17:00:00Z,31149.6
2025-10-30T18:00:00Z,29815.9
2025-10-30T19:00:00Z,28828.5
2025-10-30T20:00:00Z,27589.5
2025-10-30T21:00:00Z,26420.3
2025-10-30T22:00:00Z,26481.3
2025-10-30T23:00:00Z,25711.5
2025-10-31T00:00:00Z,25964.6
2025-10-31T01:00:00Z,25461.8
2025-10-31T02:00:00Z,26185.9
2025-10-31T03:00:00Z,27035.6
2025-10-31T04:00:00Z,27027.6
2025-10-31T05:00:00Z,28301.9
2025-10-31T06:00:00Z,30207.6
2025-10-31T07:00:00Z,31118.2
2025-10-31T08:00:00Z,31480.6
2025-10-31T09:00:00Z,32801.0
2025-10-31T10:00:00Z,33392.1
2025-10-31T11:00:00Z,34043.4
2025-10-31T12:00:00Z,34935.8
2025-10-31T13:00:00Z,34011.1
2025-10-31T14:00:00Z,34518.6
2025-10-31T15:00:00Z,32981.7
2025-10-31T16:00:00Z,31887.3
2025-10-31T17:00:00Z,31658.3
2025-10-31T18:00:00Z,30284.6
2025-10-31T19:00:00Z,29294.8
2025-10-31T20:00:00Z,28432.0
2025-10-31T21:00:00Z,27192.4
2025-10-31T22:00:00Z,26546.2
2025-10-31T23:00:00Z,25029.3
2025-11-01T00:00:00Z,23952.3
2025-11-01T01:00:00Z,24566.7
2025-11-01T02:00:00Z,24923.8
2025-11-01T03:00:00Z,25817.9
2025-11-01T04:00:00Z,26300.0
2025-11-01T05:00:00Z,27950.7
2025-11-01T06:00:00Z,29430.7
2025-11-01T07:00:00Z,30056.0
2025-11-01T08:00:00Z,31218.7
2025-11-01T09:00:00Z,32017.6
2025-11-01T10:00:00Z,32877.1
2025-11-01T11:00:00Z,33060.0
2025-11-01T12:00:00Z,32949.1
2025-11-01T13:00:00Z,33054.6
2025-11-01T14:00:00Z,32579.3
2025-11-01T15:00:00Z,31276.7
2025-11-01T16:00:00Z,31001.8
2025-11-01T17:00:00Z,29856.4
2025-11-01T18:00:00Z,28774.6
2025-11-01T19:00:00Z,27350.1
2025-11-01T20:00:00Z,26656.9
2025-11-01T21:00:00Z,25790.2
2025-11-01T22:00:00Z,24598.5
2025-11-01T23:00:00Z,24531.7
2025-11-02T00:00:00Z,24524.9
2025-11-02T01:00:00Z,24662.4
2025-11-02T02:00:00Z,24496.5
2025-11-02T03:00:00Z,25163.3
2025-11-02T04:00:00Z,26464.2
2025-11-02T05:00:00Z,27141.1
2025-11-02T06:00:00Z,29584.6
2025-11-02T07:00:00Z,29521.1
2025-11-02T08:00:00Z,30594.9
2025-11-02T09:00:00Z,32039.2
2025-11-02T10:00:00Z,32335.0
2025-11-02T11:00:00Z,32091.5
2025-11-02T12:00:00Z,33044.5
2025-11-02T13:00:00Z,32584.5
2025-11-02T14:00:00Z,32309.1
2025-11-02T15:00:00Z,31203.9
2025-11-02T16:00:00Z,30543.1
2025-11-02T17:00:00Z,29741.9
2025-11-02T18:00:00Z,28623.8
2025-11-02T19:00:00Z,27095.4
2025-11-02T20:00:00Z,26169.0
2025-11-02T21:00:00Z,25199.3
2025-11-02T22:00:00Z,24855.4
2025-11-02T23:00:00Z,24305.4
2025-11-03T00:00:00Z,24959.4
2025-11-03T01:00:00Z,25800.3
2025-11-03T02:00:00Z,25753.1
2025-11-03T03:00:00Z,26854.1
2025-11-03T04:00:00Z,27295.6
2025-11-03T05:00:00Z,28807.7
2025-11-03T06:00:00Z,29802.9
2025-11-03T07:00:00Z,31014.2
2025-11-03T08:00:00Z,32247.3
2025-11-03T09:00:00Z,33141.9
2025-11-03T10:00:00Z,33746.9
2025-11-03T11:00:00Z,34189.1
2025-11-03T12:00:00Z,33816.8
2025-11-03T13:00:00Z,34103.8
2025-11-03T14:00:00Z,32886.9
2025-11-03T15:00:00Z,32163.5
2025-11-03T16:00:00Z,31948.7
2025-11-03T17:00:00Z,30911.3
2025-11-03T18:00:00Z,30390.0
2025-11-03T19:00:00Z,28939.6
2025-11-03T20:00:00Z,28031.6
2025-11-03T21:00:00Z,26596.1
2025-11-03T22:00:00Z,26166.1
2025-11-03T23:00:00Z,25986.6
2025-11-04T00:00:00Z,25578.5
2025-11-04T01:00:00Z,25666.8
2025-11-04T02:00:00Z,26019.4
2025-11-04T03:00:00Z,26351.8
2025-11-04T04:00:00Z,27280.7
2025-11-04T05:00:00Z,28154.7
2025-11-04T06:00:00Z,29974.8
2025-11-04T07:00:00Z,30875.6
2025-11-04T08:00:00Z,31798.6
2025-11-04T09:00:00Z,33093.8
2025-11-04T10:00:00Z,33460.2
2025-11-04T11:00:00Z,34494.4
2025-11-04T12:00:00Z,34961.3
2025-11-04T13:00:00Z,34279.0
2025-11-04T14:00:00Z,33419.7
2025-11-04T15:00:00Z,32421.0
2025-11-04T16:00:00Z,32783.1
2025-11-04T17:00:00Z,31143.7
2025-11-04T18:00:00Z,29402.2
2025-11-04T19:00:00Z,29075.5
2025-11-04T20:00:00Z,27005.2
2025-11-04T21:00:00Z,26534.3
2025-11-04T22:00:00Z,25903.6
2025-11-04T23:00:00Z,25416.0
2025-11-05T00:00:00Z,24952.9
2025-11-05T01:00:00Z,26395.6
2025-11-05T02:00:00Z,25818.3
2025-11-05T03:00:00Z,26808.9
2025-11-05T04:00:00Z,27600.4
2025-11-05T05:00:00Z,28072.6
2025-11-05T06:00:00Z,29605.0
2025-11-05T07:00:00Z,31030.4
2025-11-05T08:00:00Z,32364.5
2025-11-05T09:00:00Z,32816.3
2025-11-05T10:00:00Z,33781.9
2025-11-05T11:00:00Z,33967.1
2025-11-05T12:00:00Z,34457.6
2025-11-05T13:00:00Z,33185.4
2025-11-05T14:00:00Z,33868.2
2025-11-05T15:00:00Z,32715.8
2025-11-05T16:00:00Z,31812.7
2025-11-05T17:00:00Z,29913.5
2025-11-05T18:00:00Z,29417.8
2025-11-05T19:00:00Z,28884.3
2025-11-05T20:00:00Z,28437.2
2025-11-05T21:00:00Z,26413.6
2025-11-05T22:00:00Z,25724.5
2025-11-05T23:00:00Z,25703.8
2025-11-06T00:00:00Z,25449.3
2025-11-06T01:00:00Z,25279.8
2025-11-06T02:00:00Z,25877.0
2025-11-06T03:00:00Z,26503.1
2025-11-06T04:00:00Z,27789.7
2025-11-06T05:00:00Z,28923.9
2025-11-06T06:00:00Z,30426.7
2025-11-06T07:00:00Z,31266.0
2025-11-06T08:00:00Z,32244.2
2025-11-06T09:00:00Z,32975.7
2025-11-06T10:00:00Z,33967.4
2025-11-06T11:00:00Z,33704.9
2025-11-06T12:00:00Z,35010.1
2025-11-06T13:00:00Z,34170.4
2025-11-06T14:00:00Z,34143.0
2025-11-06T15:00:00Z,32626.9
2025-11-06T16:00:00Z,32379.6
2025-11-06T17:00:00Z,31078.5
2025-11-06T18:00:00Z,29714.9
2025-11-06T19:00:00Z,28389.6
2025-11-06T20:00:00Z,27242.0
2025-11-06T21:00:00Z,27308.4
2025-11-06T22:00:00Z,26391.1
2025-11-06T23:00:00Z,25541.6
2025-11-07T00:00:00Z,25389.7
2025-11-07T01:00:00Z,25201.8
2025-11-07T02:00:00Z,25236.7
2025-11-07T03:00:00Z,25958.1
2025-11-07T04:00:00Z,27312.1
2025-11-07T05:00:00Z,28548.8
2025-11-07T06:00:00Z,29322.3
2025-11-07T07:00:00Z,31195.3
2025-11-07T08:00:00Z,32161.6
2025-11-07T09:00:00Z,32949.5
2025-11-07T10:00:00Z,32947.1
2025-11-07T11:00:00Z,33959.1
2025-11-07T12:00:00Z,34178.3
2025-11-07T13:00:00Z,33573.4
2025-11-07T14:00:00Z,32789.5
2025-11-07T15:00:00Z,33596.5
2025-11-07T16:00:00Z,32200.4
2025-11-07T17:00:00Z,30759.8
2025-11-07T18:00:00Z,30342.9
2025-11-07T19:00:00Z,29015.5
2025-11-07T20:00:00Z,27701.1
2025-11-07T21:00:00Z,26700.5
2025-11-07T22:00:00Z,26199.9
2025-11-07T23:00:00Z,26009.0
2025-11-08T00:00:00Z,24079.7
2025-11-08T01:00:00Z,24119.9
2025-11-08T02:00:00Z,24863.1
2025-11-08T03:00:00Z,24312.6
2025-11-08T04:00:00Z,26304.2
2025-11-08T05:00:00Z,27191.2
2025-11-08T06:00:00Z,28483.2
2025-11-08T07:00:00Z,29569.6
2025-11-08T08:00:00Z,30832.1
2025-11-08T09:00:00Z,31664.8
2025-11-08T10:00:00Z,32356.0
2025-11-08T11:00:00Z,32725.2
2025-11-08T12:00:00Z,33093.3
2025-11-08T13:00:00Z,32586.6
2025-11-08T14:00:00Z,32694.2
2025-11-08T15:00:00Z,31004.2
2025-11-08T16:00:00Z,30782.7
2025-11-08T17:00:00Z,29804.8
2025-11-08T18:00:00Z,28019.9
2025-11-08T19:00:00Z,27182.7
2025-11-08T20:00:00Z,26761.2
2025-11-08T21:00:00Z,25304.5
2025-11-08T22:00:00Z,24322.2
2025-11-08T23:00:00Z,23103.4
2025-11-09T00:00:00Z,24146.5
2025-11-09T01:00:00Z,24209.5
2025-11-09T02:00:00Z,24840.5
2025-11-09T03:00:00Z,26077.4
2025-11-09T04:00:00Z,26237.1
2025-11-09T05:00:00Z,27357.8
2025-11-09T06:00:00Z,28202.7
2025-11-09T07:00:00Z,29581.7
2025-11-09T08:00:00Z,30663.6
2025-11-09T09:00:00Z,31872.0
2025-11-09T10:00:00Z,32502.6
2025-11-09T11:00:00Z,32458.6
2025-11-09T12:00:00Z,32716.4
2025-11-09T13:00:00Z,33250.6
2025-11-09T14:00:00Z,31943.1
2025-11-09T15:00:00Z,31869.2
2025-11-09T16:00:00Z,31274.6
2025-11-09T17:00:00Z,29846.1
2025-11-09T18:00:00Z,28550.0
2025-11-09T19:00:00Z,27812.9
2025-11-09T20:00:00Z,26369.3
2025-11-09T21:00:00Z,25316.6
2025-11-09T22:00:00Z,24540.0
2025-11-09T23:00:00Z,24596.3
2025-11-10T00:00:00Z,25475.0
2025-11-10T01:00:00Z,25940.1
2025-11-10T02:00:00Z,25688.1
2025-11-10T03:00:00Z,26401.5
2025-11-10T04:00:00Z,27274.7
2025-11-10T05:00:00Z,28609.1
2025-11-10T06:00:00Z,29397.7
2025-11-10T07:00:00Z,31143.9
2025-11-10T08:00:00Z,31996.8
2025-11-10T09:00:00Z,32427.3
2025-11-10T10:00:00Z,32399.2
2025-11-10T11:00:00Z,33263.2
2025-11-10T12:00:00Z,34620.9
2025-11-10T13:00:00Z,33915.4
2025-11-10T14:00:00Z,33549.4
2025-11-10T15:00:00Z,32632.8
2025-11-10T16:00:00Z,32016.8
2025-11-10T17:00:00Z,30091.2
2025-11-10T18:00:00Z,28913.6
2025-11-10T19:00:00Z,27900.2
2025-11-10T20:00:00Z,27459.8
2025-11-10T21:00:00Z,26776.6
2025-11-10T22:00:00Z,25986.8
2025-11-10T23:00:00Z,25321.5
2025-11-11T00:00:00Z,24707.1
2025-11-11T01:00:00Z,25626.0
2025-11-11T02:00:00Z,25670.5
2025-11-11T03:00:00Z,26472.1
2025-11-11T04:00:00Z,27370.9
2025-11-11T05:00:00Z,28294.7
2025-11-11T06:00:00Z,29348.4
2025-11-11T07:00:00Z,30545.4
2025-11-11T08:00:00Z,31356.2
2025-11-11T09:00:00Z,32844.2
2025-11-11T10:00:00Z,33393.0
2025-11-11T11:00:00Z,34276.5
2025-11-11T12:00:00Z,33381.8
2025-11-11T13:00:00Z,34333.6
2025-11-11T14:00:00Z,33430.7
2025-11-11T15:00:00Z,32692.1
2025-11-11T16:00:00Z,31535.8
2025-11-11T17:00:00Z,30461.7
2025-11-11T18:00:00Z,29063.5
2025-11-11T19:00:00Z,28799.9
2025-11-11T20:00:00Z,27318.8
2025-11-11T21:00:00Z,26744.4
2025-11-11T22:00:00Z,26080.2
2025-11-11T23:00:00Z,25146.5
2025-11-12T00:00:00Z,25054.2
2025-11-12T01:00:00Z,25165.9
2025-11-12T02:00:00Z,26116.2
2025-11-12T03:00:00Z,26490.2
2025-11-12T04:00:00Z,27422.7
2025-11-12T05:00:00Z,28696.7
2025-11-12T06:00:00Z,29550.4
2025-11-12T07:00:00Z,31482.0
2025-11-12T08:00:00Z,31453.3
2025-11-12T09:00:00Z,33178.7
2025-11-12T10:00:00Z,33939.3
2025-11-12T11:00:00Z,33441.2
2025-11-12T12:00:00Z,34333.5
2025-11-12T13:00:00Z,33967.3
2025-11-12T14:00:00Z,33742.4
2025-11-12T15:00:00Z,32271.5
2025-11-12T16:00:00Z,31887.2
2025-11-12T17:00:00Z,30365.2
2025-11-12T18:00:00Z,29456.9
2025-11-12T19:00:00Z,28956.3
2025-11-12T20:00:00Z,27311.8
2025-11-12T21:00:00Z,25610.5
2025-11-12T22:00:00Z,25221.0
2025-11-12T23:00:00Z,24873.6
2025-11-13T00:00:00Z,25480.0
2025-11-13T01:00:00Z,24997.7
2025-11-13T02:00:00Z,25123.2
2025-11-13T03:00:00Z,26816.5
2025-11-13T04:00:00Z,27415.0
2025-11-13T05:00:00Z,28518.7
2025-11-13T06:00:00Z,29244.9
2025-11-13T07:00:00Z,31216.0
2025-11-13T08:00:00Z,31712.7
2025-11-13T09:00:00Z,31947.1
2025-11-13T10:00:00Z,32961.0
2025-11-13T11:00:00Z,33513.3
2025-11-13T12:00:00Z,33916.4
2025-11-13T13:00:00Z,34107.4
2025-11-13T14:00:00Z,33112.9
2025-11-13T15:00:00Z,32454.6
2025-11-13T16:00:00Z,32572.9
2025-11-13T17:00:00Z,30718.8
2025-11-13T18:00:00Z,29344.8
2025-11-13T19:00:00Z,28404.4
2025-11-13T20:00:00Z,26859.5
2025-11-13T21:00:00Z,26601.5
2025-11-13T22:00:00Z,26056.7
2025-11-13T23:00:00Z,25040.4
2025-11-14T00:00:00Z,25433.9
2025-11-14T01:00:00Z,25107.5
2025-11-14T02:00:00Z,25764.6
2025-11-14T03:00:00Z,26088.8
2025-11-14T04:00:00Z,26985.6
2025-11-14T05:00:00Z,27797.2
2025-11-14T06:00:00Z,29580.7
2025-11-14T07:00:00Z,30542.5
2025-11-14T08:00:00Z,31623.6
2025-11-14T09:00:00Z,32218.7
2025-11-14T10:00:00Z,32909.1
2025-11-14T11:00:00Z,33550.3
2025-11-14T12:00:00Z,34108.7
2025-11-14T13:00:00Z,33895.3
2025-11-14T14:00:00Z,33088.6
2025-11-14T15:00:00Z,32744.5
2025-11-14T16:00:00Z,32367.0
2025-11-14T17:00:00Z,30686.6
2025-11-14T18:00:00Z,30246.8
2025-11-14T19:00:00Z,28511.7
2025-11-14T20:00:00Z,27773.7
2025-11-14T21:00:00Z,26167.5
2025-11-14T22:00:00Z,26091.9
2025-11-14T23:00:00Z,24777.0
2025-11-15T00:00:00Z,23879.3
2025-11-15T01:00:00Z,23816.8
2025-11-15T02:00:00Z,23645.6
2025-11-15T03:00:00Z,24584.1
2025-11-15T04:00:00Z,26425.5
2025-11-15T05:00:00Z,27258.1
2025-11-15T06:00:00Z,28703.6
2025-11-15T07:00:00Z,29445.1
2025-11-15T08:00:00Z,29369.6
2025-11-15T09:00:00Z,31453.6
2025-11-15T10:00:00Z,31855.5
2025-11-15T11:00:00Z,32322.8
2025-11-15T12:00:00Z,32493.8
2025-11-15T13:00:00Z,32225.6
2025-11-15T14:00:00Z,31710.8
2025-11-15T15:00:00Z,31819.6
2025-11-15T16:00:00Z,30606.9
2025-11-15T17:00:00Z,29130.4
2025-11-15T18:00:00Z,28067.8
2025-11-15T19:00:00Z,27435.7
2025-11-15T20:00:00Z,26146.6
2025-11-15T21:00:00Z,25159.2
2025-11-15T22:00:00Z,23928.7
2025-11-15T23:00:00Z,23778.2
2025-11-16T00:00:00Z,23324.2
2025-11-16T01:00:00Z,23186.4
2025-11-16T02:00:00Z,24668.4
2025-11-16T03:00:00Z,24921.4
2025-11-16T04:00:00Z,25808.8
2025-11-16T05:00:00Z,26675.9
2025-11-16T06:00:00Z,28458.6
2025-11-16T07:00:00Z,30100.4
2025-11-16T08:00:00Z,30612.8
2025-11-16T09:00:00Z,31658.8
2025-11-16T10:00:00Z,31559.7
2025-11-16T11:00:00Z,32528.2
2025-11-16T12:00:00Z,32695.0
2025-11-16T13:00:00Z,33013.9
2025-11-16T14:00:00Z,32023.4
2025-11-16T15:00:00Z,30966.1
2025-11-16T16:00:00Z,30371.8
2025-11-16T17:00:00Z,29165.8
2025-11-16T18:00:00Z,28712.8
2025-11-16T19:00:00Z,27276.0
2025-11-16T20:00:00Z,26086.5
2025-11-16T21:00:00Z,25108.0
2025-11-16T22:00:00Z,24648.5
2025-11-16T23:00:00Z,23712.0
2025-11-17T00:00:00Z,24589.8
2025-11-17T01:00:00Z,24384.9
2025-11-17T02:00:00Z,25961.9
2025-11-17T03:00:00Z,26415.1
2025-11-17T04:00:00Z,27384.0
2025-11-17T05:00:00Z,28231.9
2025-11-17T06:00:00Z,29978.6
2025-11-17T07:00:00Z,30149.2
2025-11-17T08:00:00Z,32026.7
2025-11-17T09:00:00Z,32188.3
2025-11-17T10:00:00Z,33037.7
2025-11-17T11:00:00Z,33198.0
2025-11-17T12:00:00Z,33832.1
2025-11-17T13:00:00Z,33540.1
2025-11-17T14:00:00Z,33363.5
2025-11-17T15:00:00Z,32282.3
2025-11-17T16:00:00Z,31065.1
2025-11-17T17:00:00Z,30719.7
2025-11-17T18:00:00Z,29837.6
2025-11-17T19:00:00Z,28485.6
2025-11-17T20:00:00Z,27123.4
2025-11-17T21:00:00Z,26374.0
2025-11-17T22:00:00Z,24891.6
2025-11-17T23:00:00Z,24952.6
2025-11-18T00:00:00Z,25307.5
2025-11-18T01:00:00Z,25199.5
2025-11-18T02:00:00Z,25156.8
2025-11-18T03:00:00Z,26493.8
2025-11-18T04:00:00Z,27046.9
2025-11-18T05:00:00Z,28435.8
2025-11-18T06:00:00Z,28793.2
2025-11-18T07:00:00Z,30266.9
2025-11-18T08:00:00Z,31651.6
2025-11-18T09:00:00Z,32562.0
2025-11-18T10:00:00Z,33359.6
2025-11-18T11:00:00Z,33594.2
2025-11-18T12:00:00Z,33676.0
2025-11-18T13:00:00Z,33772.5
2025-11-18T14:00:00Z,33474.5
2025-11-18T15:00:00Z,31890.5
2025-11-18T16:00:00Z,31412.8
2025-11-18T17:00:00Z,30386.6
2025-11-18T18:00:00Z,29372.2
2025-11-18T19:00:00Z,28539.6
2025-11-18T20:00:00Z,26605.5
2025-11-18T21:00:00Z,26374.1
2025-11-18T22:00:00Z,24833.3
2025-11-18T23:00:00Z,24751.1
2025-11-19T00:00:00Z,24637.8
2025-11-19T01:00:00Z,24881.8
2025-11-19T02:00:00Z,25198.9
2025-11-19T03:00:00Z,25940.1
2025-11-19T04:00:00Z,26922.5
2025-11-19T05:00:00Z,28018.4
2025-11-19T06:00:00Z,28586.4
2025-11-19T07:00:00Z,29897.8
2025-11-19T08:00:00Z,31323.0
2025-11-19T09:00:00Z,32597.4
2025-11-19T10:00:00Z,33477.6
2025-11-19T11:00:00Z,34601.9
2025-11-19T12:00:00Z,33741.9
2025-11-19T13:00:00Z,33261.2
2025-11-19T14:00:00Z,33173.5
2025-11-19T15:00:00Z,32653.8
2025-11-19T16:00:00Z,31535.5
2025-11-19T17:00:00Z,30024.4
2025-11-19T18:00:00Z,29229.5
2025-11-19T19:00:00Z,28103.4
2025-11-19T20:00:00Z,26530.5
2025-11-19T21:00:00Z,25685.8
2025-11-19T22:00:00Z,25866.7
2025-11-19T23:00:00Z,24162.1
2025-11-20T00:00:00Z,24844.0
2025-11-20T01:00:00Z,24837.3
2025-11-20T02:00:00Z,25886.6
2025-11-20T03:00:00Z,26305.7
2025-11-20T04:00:00Z,26682.0
2025-11-20T05:00:00Z,28533.0
2025-11-20T06:00:00Z,29011.5
2025-11-20T07:00:00Z,31097.8
2025-11-20T08:00:00Z,32044.7
2025-11-20T09:00:00Z,32325.2
2025-11-20T10:00:00Z,33344.0
2025-11-20T11:00:00Z,33570.5
2025-11-20T12:00:00Z,33322.5
2025-11-20T13:00:00Z,33894.1
2025-11-20T14:00:00Z,33216.8
2025-11-20T15:00:00Z,32668.1
2025-11-20T16:00:00Z,31830.5
2025-11-20T17:00:00Z,30887.4
2025-11-20T18:00:00Z,29600.9
2025-11-20T19:00:00Z,28040.0
2025-11-20T20:00:00Z,27035.4
2025-11-20T21:00:00Z,26236.4
2025-11-20T22:00:00Z,25336.0
2025-11-20T23:00:00Z,24850.8
2025-11-21T00:00:00Z,25418.8
2025-11-21T01:00:00Z,25066.9
2025-11-21T02:00:00Z,26025.9
2025-11-21T03:00:00Z,25753.6
2025-11-21T04:00:00Z,26939.5
2025-11-21T05:00:00Z,27865.1
2025-11-21T06:00:00Z,29029.7
2025-11-21T07:00:00Z,30214.8
2025-11-21T08:00:00Z,31345.7
2025-11-21T09:00:00Z,32150.1
2025-11-21T10:00:00Z,33675.1
2025-11-21T11:00:00Z,33705.4
2025-11-21T12:00:00Z,33336.3
2025-11-21T13:00:00Z,33258.2
2025-11-21T14:00:00Z,33287.8
2025-11-21T15:00:00Z,32509.4
2025-11-21T16:00:00Z,31168.1
2025-11-21T17:00:00Z,30660.2
2025-11-21T18:00:00Z,28649.4
2025-11-21T19:00:00Z,27852.8
2025-11-21T20:00:00Z,27588.2
2025-11-21T21:00:00Z,25083.4
2025-11-21T22:00:00Z,25257.9
2025-11-21T23:00:00Z,25251.0
2025-11-22T00:00:00Z,23401.2
2025-11-22T01:00:00Z,23319.6
2025-11-22T02:00:00Z,23722.9
2025-11-22T03:00:00Z,23991.9
2025-11-22T04:00:00Z,25186.9
2025-11-22T05:00:00Z,26766.2
2025-11-22T06:00:00Z,27681.6
2025-11-22T07:00:00Z,29033.4
2025-11-22T08:00:00Z,30053.2
2025-11-22T09:00:00Z,31130.8
2025-11-22T10:00:00Z,31123.9
2025-11-22T11:00:00Z,32061.9
2025-11-22T12:00:00Z,32201.8
2025-11-22T13:00:00Z,32060.6
2025-11-22T14:00:00Z,31406.4
2025-11-22T15:00:00Z,30224.3
2025-11-22T16:00:00Z,30338.8
2025-11-22T17:00:00Z,29336.1
2025-11-22T18:00:00Z,28757.4
2025-11-22T19:00:00Z,27009.2
2025-11-22T20:00:00Z,26273.3
2025-11-22T21:00:00Z,24971.4
2025-11-22T22:00:00Z,23909.6
2025-11-22T23:00:00Z,23787.0
2025-11-23T00:00:00Z,22974.1
2025-11-23T01:00:00Z,23641.2
2025-11-23T02:00:00Z,23955.6
2025-11-23T03:00:00Z,24314.4
2025-11-23T04:00:00Z,26066.4
2025-11-23T05:00:00Z,27098.3
2025-11-23T06:00:00Z,28006.2
2025-11-23T07:00:00Z,29283.9
2025-11-23T08:00:00Z,30658.0
2025-11-23T09:00:00Z,30925.4
2025-11-23T10:00:00Z,31184.1
2025-11-23T11:00:00Z,31773.7
2025-11-23T12:00:00Z,32528.8
2025-11-23T13:00:00Z,32206.7
2025-11-23T14:00:00Z,31135.5
2025-11-23T15:00:00Z,31458.6
2025-11-23T16:00:00Z,30134.9
2025-11-23T17:00:00Z,29577.6
2025-11-23T18:00:00Z,28252.5
2025-11-23T19:00:00Z,26531.9
2025-11-23T20:00:00Z,25656.6
2025-11-23T21:00:00Z,24434.1
2025-11-23T22:00:00Z,23690.7
2025-11-23T23:00:00Z,23446.4
2025-11-24T00:00:00Z,24765.6
2025-11-24T01:00:00Z,25235.2
2025-11-24T02:00:00Z,24850.5
2025-11-24T03:00:00Z,26139.3
2025-11-24T04:00:00Z,26815.8
2025-11-24T05:00:00Z,27791.2
2025-11-24T06:00:00Z,29433.9
2025-11-24T07:00:00Z,30038.8
2025-11-24T08:00:00Z,31744.2
2025-11-24T09:00:00Z,32036.3
2025-11-24T10:00:00Z,32525.7
2025-11-24T11:00:00Z,33588.6
2025-11-24T12:00:00Z,32924.3
2025-11-24T13:00:00Z,32873.1
2025-11-24T14:00:00Z,32796.9
2025-11-24T15:00:00Z,32161.6
2025-11-24T16:00:00Z,31143.7
2025-11-24T17:00:00Z,29448.1
2025-11-24T18:00:00Z,28534.6
2025-11-24T19:00:00Z,28065.0
2025-11-24T20:00:00Z,27005.5
2025-11-24T21:00:00Z,25518.3
2025-11-24T22:00:00Z,25282.2
2025-11-24T23:00:00Z,24817.0
2025-11-25T00:00:00Z,24907.9
2025-11-25T01:00:00Z,24416.7
2025-11-25T02:00:00Z,25664.7
2025-11-25T03:00:00Z,25722.9
2025-11-25T04:00:00Z,27283.5
2025-11-25T05:00:00Z,28163.0
2025-11-25T06:00:00Z,28600.0
2025-11-25T07:00:00Z,30005.5
2025-11-25T08:00:00Z,31294.6
2025-11-25T09:00:00Z,32481.8
2025-11-25T10:00:00Z,32304.3
2025-11-25T11:00:00Z,33072.8
2025-11-25T12:00:00Z,33636.5
2025-11-25T13:00:00Z,33432.4
2025-11-25T14:00:00Z,32426.9
2025-11-25T15:00:00Z,31778.2
2025-11-25T16:00:00Z,31347.6
2025-11-25T17:00:00Z,29743.2
2025-11-25T18:00:00Z,29057.2
2025-11-25T19:00:00Z,28160.6
2025-11-25T20:00:00Z,26759.6
2025-11-25T21:00:00Z,24848.8
2025-11-25T22:00:00Z,25561.9
2025-11-25T23:00:00Z,25110.5
2025-11-26T00:00:00Z,25000.3
2025-11-26T01:00:00Z,24946.1
2025-11-26T02:00:00Z,24453.9
2025-11-26T03:00:00Z,26299.2
2025-11-26T04:00:00Z,26823.7
2025-11-26T05:00:00Z,28112.3
2025-11-26T06:00:00Z,28856.4
2025-11-26T07:00:00Z,29973.1
2025-11-26T08:00:00Z,31045.7
2025-11-26T09:00:00Z,32638.8
2025-11-26T10:00:00Z,32857.2
2025-11-26T11:00:00Z,33124.7
2025-11-26T12:00:00Z,32879.2
2025-11-26T13:00:00Z,33372.5
2025-11-26T14:00:00Z,32760.6
2025-11-26T15:00:00Z,32109.0
2025-11-26T16:00:00Z,31496.3
2025-11-26T17:00:00Z,30329.5
2025-11-26T18:00:00Z,28916.4
2025-11-26T19:00:00Z,27846.7
2025-11-26T20:00:00Z,26730.5
2025-11-26T21:00:00Z,26042.9
2025-11-26T22:00:00Z,25328.2
2025-11-26T23:00:00Z,24682.5
2025-11-27T00:00:00Z,24105.8
2025-11-27T01:00:00Z,24883.1
2025-11-27T02:00:00Z,25347.1
2025-11-27T03:00:00Z,25326.0
2025-11-27T04:00:00Z,26781.6
2025-11-27T05:00:00Z,27565.8
2025-11-27T06:00:00Z,28050.7
2025-11-27T07:00:00Z,29987.3
2025-11-27T08:00:00Z,31423.3
2025-11-27T09:00:00Z,31722.4
2025-11-27T10:00:00Z,32436.3
2025-11-27T11:00:00Z,33514.9
2025-11-27T12:00:00Z,32884.1
2025-11-27T13:00:00Z,32791.3
2025-11-27T14:00:00Z,32577.6
2025-11-27T15:00:00Z,32219.3
2025-11-27T16:00:00Z,31302.3
2025-11-27T17:00:00Z,29806.6
2025-11-27T18:00:00Z,28739.0
2025-11-27T19:00:00Z,27737.6
2025-11-27T20:00:00Z,26491.4
2025-11-27T21:00:00Z,25397.5
2025-11-27T22:00:00Z,24608.1
2025-11-27T23:00:00Z,24830.3
2025-11-28T00:00:00Z,24276.0
2025-11-28T01:00:00Z,25563.1
2025-11-28T02:00:00Z,25180.9
2025-11-28T03:00:00Z,25379.0
2025-11-28T04:00:00Z,26575.2
2025-11-28T05:00:00Z,27770.2
2025-11-28T06:00:00Z,28939.1
2025-11-28T07:00:00Z,30104.8
2025-11-28T08:00:00Z,31177.1
2025-11-28T09:00:00Z,31877.9
2025-11-28T10:00:00Z,32873.2
2025-11-28T11:00:00Z,33882.5
2025-11-28T12:00:00Z,33065.6
2025-11-28T13:00:00Z,32936.3
2025-11-28T14:00:00Z,32894.9
2025-11-28T15:00:00Z,32387.8
2025-11-28T16:00:00Z,31311.3
2025-11-28T17:00:00Z,30388.5
2025-11-28T18:00:00Z,28774.0
2025-11-28T19:00:00Z,27559.2
2025-11-28T20:00:00Z,26815.3
2025-11-28T21:00:00Z,25903.9
2025-11-28T22:00:00Z,25566.7
2025-11-28T23:00:00Z,25081.7
2025-11-29T00:00:00Z,22391.0
2025-11-29T01:00:00Z,23500.9
2025-11-29T02:00:00Z,23410.9
2025-11-29T03:00:00Z,23585.9
2025-11-29T04:00:00Z,25425.0
2025-11-29T05:00:00Z,26288.0
2025-11-29T06:00:00Z,27369.7
2025-11-29T07:00:00Z,28172.8
2025-11-29T08:00:00Z,29341.3
2025-11-29T09:00:00Z,30554.7
2025-11-29T10:00:00Z,30787.4
2025-11-29T11:00:00Z,31741.0
2025-11-29T12:00:00Z,31973.6
2025-11-29T13:00:00Z,31724.1
2025-11-29T14:00:00Z,31447.2
2025-11-29T15:00:00Z,30606.8
2025-11-29T16:00:00Z,29284.9
2025-11-29T17:00:00Z,28262.2
2025-11-29T18:00:00Z,27544.2
2025-11-29T19:00:00Z,26702.0
2025-11-29T20:00:00Z,25331.8
2025-11-29T21:00:00Z,24172.5
2025-11-29T22:00:00Z,23713.8
2025-11-29T23:00:00Z,22542.7
2025-11-30T00:00:00Z,22629.2
2025-11-30T01:00:00Z,23007.4
2025-11-30T02:00:00Z,23566.0
2025-11-30T03:00:00Z,24174.4
2025-11-30T04:00:00Z,25112.8
2025-11-30T05:00:00Z,25844.7
2025-11-30T06:00:00Z,27218.8
2025-11-30T07:00:00Z,28669.4
2025-11-30T08:00:00Z,28969.0
2025-11-30T09:00:00Z,30123.4
2025-11-30T10:00:00Z,31142.5
2025-11-30T11:00:00Z,32259.8
2025-11-30T12:00:00Z,32114.0
2025-11-30T13:00:00Z,32290.0
2025-11-30T14:00:00Z,31765.0
2025-11-30T15:00:00Z,30400.3
2025-11-30T16:00:00Z,29621.2
2025-11-30T17:00:00Z,28144.2
2025-11-30T18:00:00Z,27862.0
2025-11-30T19:00:00Z,26549.7
2025-11-30T20:00:00Z,25429.3
2025-11-30T21:00:00Z,24536.9
2025-11-30T22:00:00Z,23757.5
2025-11-30T23:00:00Z,23221.6
2025-12-01T00:00:00Z,24264.1
2025-12-01T01:00:00Z,24759.9
2025-12-01T02:00:00Z,24466.5
2025-12-01T03:00:00Z,25076.7
2025-12-01T04:00:00Z,26381.8
2025-12-01T05:00:00Z,27877.9
2025-12-01T06:00:00Z,28687.0
2025-12-01T07:00:00Z,29671.0
2025-12-01T08:00:00Z,31123.6
2025-12-01T09:00:00Z,31776.4
2025-12-01T10:00:00Z,31740.4
2025-12-01T11:00:00Z,32512.6
2025-12-01T12:00:00Z,32264.3
2025-12-01T13:00:00Z,32802.3
2025-12-01T14:00:00Z,32275.7
2025-12-01T15:00:00Z,31897.5
2025-12-01T16:00:00Z,31595.0
2025-12-01T17:00:00Z,29527.7
2025-12-01T18:00:00Z,28602.3
2025-12-01T19:00:00Z,27310.9
2025-12-01T20:00:00Z,25346.3
2025-12-01T21:00:00Z,25182.6
2025-12-01T22:00:00Z,24493.3
2025-12-01T23:00:00Z,24416.3
2025-12-02T00:00:00Z,23791.0
2025-12-02T01:00:00Z,23775.6
2025-12-02T02:00:00Z,24910.9
2025-12-02T03:00:00Z,25375.1
2025-12-02T04:00:00Z,25988.3
2025-12-02T05:00:00Z,27108.7
2025-12-02T06:00:00Z,28425.1
2025-12-02T07:00:00Z,29985.3
2025-12-02T08:00:00Z,31277.1
2025-12-02T09:00:00Z,31191.2
2025-12-02T10:00:00Z,32806.6
2025-12-02T11:00:00Z,32840.7
2025-12-02T12:00:00Z,33104.7
2025-12-02T13:00:00Z,33178.3
2025-12-02T14:00:00Z,32022.7
2025-12-02T15:00:00Z,31988.9
2025-12-02T16:00:00Z,30273.4
2025-12-02T17:00:00Z,29512.7
2025-12-02T18:00:00Z,28223.4
2025-12-02T19:00:00Z,28009.3
2025-12-02T20:00:00Z,26922.5
2025-12-02T21:00:00Z,25679.2
2025-12-02T22:00:00Z,24885.1
2025-12-02T23:00:00Z,24057.0
2025-12-03T00:00:00Z,24676.8
2025-12-03T01:00:00Z,24701.5
2025-12-03T02:00:00Z,24961.9
2025-12-03T03:00:00Z,25294.9
2025-12-03T04:00:00Z,26126.7
2025-12-03T05:00:00Z,27294.1
2025-12-03T06:00:00Z,28962.3
2025-12-03T07:00:00Z,29274.2
2025-12-03T08:00:00Z,30735.3
2025-12-03T09:00:00Z,32212.0
2025-12-03T10:00:00Z,32641.6
2025-12-03T11:00:00Z,33400.5
2025-12-03T12:00:00Z,33064.5
2025-12-03T13:00:00Z,32919.1
2025-12-03T14:00:00Z,32826.8
2025-12-03T15:00:00Z,31854.2
2025-12-03T16:00:00Z,30822.5
2025-12-03T17:00:00Z,29439.8
2025-12-03T18:00:00Z,27935.2
2025-12-03T19:00:00Z,27879.0
2025-12-03T20:00:00Z,26109.8
2025-12-03T21:00:00Z,25071.1
2025-12-03T22:00:00Z,24958.3
2025-12-03T23:00:00Z,23871.9
2025-12-04T00:00:00Z,23484.4
2025-12-04T01:00:00Z,23922.6
2025-12-04T02:00:00Z,24552.2
2025-12-04T03:00:00Z,25380.2
2025-12-04T04:00:00Z,26387.0
2025-12-04T05:00:00Z,27624.7
2025-12-04T06:00:00Z,28375.0
2025-12-04T07:00:00Z,29699.9
2025-12-04T08:00:00Z,30595.2
2025-12-04T09:00:00Z,31320.7
2025-12-04T10:00:00Z,32407.4
2025-12-04T11:00:00Z,32832.7
2025-12-04T12:00:00Z,33533.0
2025-12-04T13:00:00Z,32922.9
2025-12-04T14:00:00Z,32005.3
2025-12-04T15:00:00Z,31774.2
2025-12-04T16:00:00Z,30545.5
2025-12-04T17:00:00Z,30144.7
2025-12-04T18:00:00Z,27795.8
2025-12-04T19:00:00Z,27029.4
2025-12-04T20:00:00Z,25960.5
2025-12-04T21:00:00Z,25327.2
2025-12-04T22:00:00Z,24530.9
2025-12-04T23:00:00Z,23554.1
2025-12-05T00:00:00Z,23235.3
2025-12-05T01:00:00Z,24134.2
2025-12-05T02:00:00Z,25046.3
2025-12-05T03:00:00Z,25746.7
2025-12-05T04:00:00Z,25988.5
2025-12-05T05:00:00Z,27372.2
2025-12-05T06:00:00Z,28036.1
2025-12-05T07:00:00Z,28972.8
2025-12-05T08:00:00Z,31018.1
2025-12-05T09:00:00Z,31736.2
2025-12-05T10:00:00Z,32072.4
2025-12-05T11:00:00Z,32501.2
2025-12-05T12:00:00Z,33123.6
2025-12-05T13:00:00Z,32755.0
2025-12-05T14:00:00Z,32072.1
2025-12-05T15:00:00Z,31592.9
2025-12-05T16:00:00Z,30567.9
2025-12-05T17:00:00Z,29353.0
2025-12-05T18:00:00Z,28092.2
2025-12-05T19:00:00Z,27543.1
2025-12-05T20:00:00Z,25963.9
2025-12-05T21:00:00Z,24787.6
2025-12-05T22:00:00Z,25171.7
2025-12-05T23:00:00Z,24524.3
2025-12-06T00:00:00Z,22808.4
2025-12-06T01:00:00Z,22744.9
2025-12-06T02:00:00Z,23283.4
2025-12-06T03:00:00Z,23388.5
2025-12-06T04:00:00Z,24828.3
2025-12-06T05:00:00Z,26004.7
2025-12-06T06:00:00Z,26979.7
2025-12-06T07:00:00Z,28358.9
2025-12-06T08:00:00Z,28991.0
2025-12-06T09:00:00Z,30254.2
2025-12-06T10:00:00Z,30321.8
2025-12-06T11:00:00Z,31325.8
2025-12-06T12:00:00Z,31262.4
2025-12-06T13:00:00Z,30851.4
2025-12-06T14:00:00Z,30746.0
2025-12-06T15:00:00Z,30192.9
2025-12-06T16:00:00Z,29049.9
2025-12-06T17:00:00Z,28533.2
2025-12-06T18:00:00Z,26794.4
2025-12-06T19:00:00Z,26239.7
2025-12-06T20:00:00Z,25094.1
2025-12-06T21:00:00Z,23690.9
2025-12-06T22:00:00Z,23725.7
2025-12-06T23:00:00Z,22267.6
2025-12-07T00:00:00Z,22734.2
2025-12-07T01:00:00Z,22715.4
2025-12-07T02:00:00Z,23411.6
2025-12-07T03:00:00Z,23270.4
2025-12-07T04:00:00Z,24324.9
2025-12-07T05:00:00Z,25524.5
2025-12-07T06:00:00Z,26980.3
2025-12-07T07:00:00Z,28151.1
2025-12-07T08:00:00Z,29196.2
2025-12-07T09:00:00Z,30013.4
2025-12-07T10:00:00Z,30556.0
2025-12-07T11:00:00Z,30758.3
2025-12-07T12:00:00Z,31249.8
2025-12-07T13:00:00Z,31445.5
2025-12-07T14:00:00Z,31178.5
2025-12-07T15:00:00Z,29921.7
2025-12-07T16:00:00Z,29574.7
2025-12-07T17:00:00Z,27625.6
2025-12-07T18:00:00Z,27249.1
2025-12-07T19:00:00Z,25425.9
2025-12-07T20:00:00Z,24837.9
2025-12-07T21:00:00Z,23484.5
2025-12-07T22:00:00Z,22774.4
2025-12-07T23:00:00Z,22484.9
2025-12-08T00:00:00Z,24206.5
2025-12-08T01:00:00Z,23602.3
2025-12-08T02:00:00Z,24511.5
2025-12-08T03:00:00Z,25047.5
2025-12-08T04:00:00Z,26019.4
2025-12-08T05:00:00Z,27093.0
2025-12-08T06:00:00Z,28355.4
2025-12-08T07:00:00Z,28841.4
2025-12-08T08:00:00Z,30361.7
2025-12-08T09:00:00Z,31390.8
2025-12-08T10:00:00Z,31758.7
2025-12-08T11:00:00Z,32541.6
2025-12-08T12:00:00Z,32194.9
2025-12-08T13:00:00Z,32675.0
2025-12-08T14:00:00Z,31716.0
2025-12-08T15:00:00Z,31163.7
2025-12-08T16:00:00Z,30632.3
2025-12-08T17:00:00Z,29666.8
2025-12-08T18:00:00Z,27923.1
2025-12-08T19:00:00Z,26749.6
2025-12-08T20:00:00Z,26267.8
2025-12-08T21:00:00Z,23950.4
2025-12-08T22:00:00Z,24770.6
2025-12-08T23:00:00Z,24310.7
2025-12-09T00:00:00Z,23235.1
2025-12-09T01:00:00Z,24202.0
2025-12-09T02:00:00Z,24345.6
2025-12-09T03:00:00Z,25085.0
2025-12-09T04:00:00Z,25000.6
2025-12-09T05:00:00Z,26730.0
2025-12-09T06:00:00Z,27985.9
2025-12-09T07:00:00Z,29055.4
2025-12-09T08:00:00Z,30133.0
2025-12-09T09:00:00Z,31088.4
2025-12-09T10:00:00Z,30860.4
2025-12-09T11:00:00Z,32267.3
2025-12-09T12:00:00Z,32239.9
2025-12-09T13:00:00Z,32307.4
2025-12-09T14:00:00Z,31716.5
2025-12-09T15:00:00Z,31189.8
2025-12-09T16:00:00Z,30374.7
2025-12-09T17:00:00Z,29844.4
2025-12-09T18:00:00Z,27756.4
2025-12-09T19:00:00Z,27516.9
2025-12-09T20:00:00Z,25748.6
2025-12-09T21:00:00Z,24594.0
2025-12-09T22:00:00Z,23688.4
2025-12-09T23:00:00Z,24081.6
2025-12-10T00:00:00Z,22996.3
2025-12-10T01:00:00Z,24025.6
2025-12-10T02:00:00Z,24264.1
2025-12-10T03:00:00Z,24638.0
2025-12-10T04:00:00Z,25521.0
2025-12-10T05:00:00Z,27007.5
2025-12-10T06:00:00Z,28035.6
2025-12-10T07:00:00Z,29396.3
2025-12-10T08:00:00Z,30197.0
2025-12-10T09:00:00Z,30930.5
2025-12-10T10:00:00Z,32015.4
2025-12-10T11:00:00Z,31830.6
2025-12-10T12:00:00Z,32721.3
2025-12-10T13:00:00Z,32283.4
2025-12-10T14:00:00Z,31416.1
2025-12-10T15:00:00Z,30747.4
2025-12-10T16:00:00Z,30079.2
2025-12-10T17:00:00Z,28468.3
2025-12-10T18:00:00Z,28483.4
2025-12-10T19:00:00Z,27181.3
2025-12-10T20:00:00Z,25364.4
2025-12-10T21:00:00Z,24801.2
2025-12-10T22:00:00Z,24752.2
2025-12-10T23:00:00Z,23840.4
2025-12-11T00:00:00Z,23100.7
2025-12-11T01:00:00Z,22837.4
2025-12-11T02:00:00Z,23467.9
2025-12-11T03:00:00Z,25200.9
2025-12-11T04:00:00Z,25801.7
2025-12-11T05:00:00Z,26280.6
2025-12-11T06:00:00Z,28161.9
2025-12-11T07:00:00Z,28920.5
2025-12-11T08:00:00Z,29879.4
2025-12-11T09:00:00Z,30851.1
2025-12-11T10:00:00Z,31576.7
2025-12-11T11:00:00Z,32797.8
2025-12-11T12:00:00Z,31995.6
2025-12-11T13:00:00Z,32042.3
2025-12-11T14:00:00Z,32232.2
2025-12-11T15:00:00Z,31589.9
2025-12-11T16:00:00Z,29764.5
2025-12-11T17:00:00Z,29806.7
2025-12-11T18:00:00Z,28307.1
2025-12-11T19:00:00Z,26214.4
2025-12-11T20:00:00Z,26346.7
2025-12-11T21:00:00Z,24228.1
2025-12-11T22:00:00Z,24312.2
2025-12-11T23:00:00Z,23199.3
2025-12-12T00:00:00Z,22743.1
2025-12-12T01:00:00Z,23856.6
2025-12-12T02:00:00Z,24142.8
2025-12-12T03:00:00Z,24663.1
2025-12-12T04:00:00Z,25682.1
2025-12-12T05:00:00Z,26644.3
2025-12-12T06:00:00Z,27735.1
2025-12-12T07:00:00Z,28586.5
2025-12-12T08:00:00Z,30261.4
2025-12-12T09:00:00Z,30974.5
2025-12-12T10:00:00Z,31581.9
2025-12-12T11:00:00Z,31906.3
2025-12-12T12:00:00Z,32162.7
2025-12-12T13:00:00Z,31558.5
2025-12-12T14:00:00Z,31558.0
2025-12-12T15:00:00Z,30605.5
2025-12-12T16:00:00Z,30518.4
2025-12-12T17:00:00Z,28628.9
2025-12-12T18:00:00Z,27664.8
2025-12-12T19:00:00Z,26687.6
2025-12-12T20:00:00Z,25903.5
2025-12-12T21:00:00Z,24862.3
2025-12-12T22:00:00Z,23994.2
2025-12-12T23:00:00Z,24337.1
2025-12-13T00:00:00Z,22080.0
2025-12-13T01:00:00Z,22355.6
2025-12-13T02:00:00Z,23682.1
2025-12-13T03:00:00Z,23059.0
2025-12-13T04:00:00Z,24657.1
2025-12-13T05:00:00Z,25536.5
2025-12-13T06:00:00Z,26039.0
2025-12-13T07:00:00Z,27441.4
2025-12-13T08:00:00Z,29045.3
2025-12-13T09:00:00Z,29126.4
2025-12-13T10:00:00Z,30295.2
2025-12-13T11:00:00Z,31148.4
2025-12-13T12:00:00Z,30870.3
2025-12-13T13:00:00Z,30904.2
2025-12-13T14:00:00Z,30118.0
2025-12-13T15:00:00Z,29429.2
2025-12-13T16:00:00Z,28513.9
2025-12-13T17:00:00Z,27540.7
2025-12-13T18:00:00Z,26753.3
2025-12-13T19:00:00Z,25401.5
2025-12-13T20:00:00Z,25026.7
2025-12-13T21:00:00Z,23587.1
2025-12-13T22:00:00Z,22781.9
2025-12-13T23:00:00Z,23061.2
2025-12-14T00:00:00Z,21968.6
2025-12-14T01:00:00Z,21863.9
2025-12-14T02:00:00Z,22659.2
2025-12-14T03:00:00Z,22908.2
2025-12-14T04:00:00Z,24416.0
2025-12-14T05:00:00Z,25797.1
2025-12-14T06:00:00Z,26678.5
2025-12-14T07:00:00Z,27442.5
2025-12-14T08:00:00Z,28609.3
2025-12-14T09:00:00Z,29758.3
2025-12-14T10:00:00Z,30718.8
2025-12-14T11:00:00Z,30582.4
2025-12-14T12:00:00Z,30727.9
2025-12-14T13:00:00Z,31127.9
2025-12-14T14:00:00Z,30366.5
2025-12-14T15:00:00Z,29707.8
2025-12-14T16:00:00Z,28840.1
2025-12-14T17:00:00Z,27309.3
2025-12-14T18:00:00Z,26390.8
2025-12-14T19:00:00Z,25686.8
2025-12-14T20:00:00Z,24169.8
2025-12-14T21:00:00Z,23236.2
2025-12-14T22:00:00Z,22713.8
2025-12-14T23:00:00Z,22303.9
2025-12-15T00:00:00Z,24096.9
2025-12-15T01:00:00Z,23018.7
2025-12-15T02:00:00Z,23810.4
2025-12-15T03:00:00Z,25203.9
2025-12-15T04:00:00Z,25395.3
2025-12-15T05:00:00Z,26591.9
2025-12-15T06:00:00Z,27067.1
2025-12-15T07:00:00Z,29106.1
2025-12-15T08:00:00Z,30138.5
2025-12-15T09:00:00Z,31038.6
2025-12-15T10:00:00Z,31376.0
2025-12-15T11:00:00Z,32021.5
2025-12-15T12:00:00Z,32012.2
2025-12-15T13:00:00Z,32197.9
2025-12-15T14:00:00Z,31437.8
2025-12-15T15:00:00Z,31026.4
2025-12-15T16:00:00Z,29328.8
2025-12-15T17:00:00Z,28628.9
2025-12-15T18:00:00Z,26555.9
2025-12-15T19:00:00Z,26399.1
2025-12-15T20:00:00Z,25666.6
2025-12-15T21:00:00Z,24370.2
2025-12-15T22:00:00Z,24622.7
2025-12-15T23:00:00Z,22952.5
2025-12-16T00:00:00Z,22962.9
2025-12-16T01:00:00Z,22898.8
2025-12-16T02:00:00Z,23496.8
2025-12-16T03:00:00Z,24213.8
2025-12-16T04:00:00Z,24763.6
2025-12-16T05:00:00Z,26015.2
2025-12-16T06:00:00Z,28267.6
2025-12-16T07:00:00Z,28574.3
2025-12-16T08:00:00Z,30075.0
2025-12-16T09:00:00Z,30192.4
2025-12-16T10:00:00Z,31321.1
2025-12-16T11:00:00Z,32003.8
2025-12-16T12:00:00Z,31894.6
2025-12-16T13:00:00Z,31618.4
2025-12-16T14:00:00Z,31294.4
2025-12-16T15:00:00Z,30669.0
2025-12-16T16:00:00Z,30045.5
2025-12-16T17:00:00Z,29112.7
2025-12-16T18:00:00Z,27037.4
2025-12-16T19:00:00Z,25618.2
2025-12-16T20:00:00Z,25233.0
2025-12-16T21:00:00Z,24386.3
2025-12-16T22:00:00Z,23943.1
2025-12-16T23:00:00Z,23628.7
2025-12-17T00:00:00Z,22761.9
2025-12-17T01:00:00Z,23914.3
2025-12-17T02:00:00Z,23694.8
2025-12-17T03:00:00Z,23655.9
2025-12-17T04:00:00Z,25576.5
2025-12-17T05:00:00Z,26395.6
2025-12-17T06:00:00Z,27547.1
2025-12-17T07:00:00Z,28004.9
2025-12-17T08:00:00Z,29548.0
2025-12-17T09:00:00Z,30636.6
2025-12-17T10:00:00Z,31226.5
2025-12-17T11:00:00Z,31978.6
2025-12-17T12:00:00Z,32339.0
2025-12-17T13:00:00Z,32286.3
2025-12-17T14:00:00Z,31742.9
2025-12-17T15:00:00Z,30524.0
2025-12-17T16:00:00Z,30291.2
2025-12-17T17:00:00Z,28685.8
2025-12-17T18:00:00Z,27755.9
2025-12-17T19:00:00Z,26204.5
2025-12-17T20:00:00Z,24711.6
2025-12-17T21:00:00Z,23472.0
2025-12-17T22:00:00Z,23668.8
2025-12-17T23:00:00Z,22908.5
2025-12-18T00:00:00Z,22923.4
2025-12-18T01:00:00Z,23405.4
2025-12-18T02:00:00Z,22958.3
2025-12-18T03:00:00Z,23577.4
2025-12-18T04:00:00Z,25239.2
2025-12-18T05:00:00Z,26347.7
2025-12-18T06:00:00Z,27261.3
2025-12-18T07:00:00Z,28316.7
2025-12-18T08:00:00Z,28994.3
2025-12-18T09:00:00Z,30466.4
2025-12-18T10:00:00Z,30929.9
2025-12-18T11:00:00Z,31804.6
2025-12-18T12:00:00Z,32145.2
2025-12-18T13:00:00Z,31441.5
2025-12-18T14:00:00Z,31355.6
2025-12-18T15:00:00Z,30565.9
2025-12-18T16:00:00Z,29836.4
2025-12-18T17:00:00Z,29072.8
2025-12-18T18:00:00Z,27604.0
2025-12-18T19:00:00Z,26474.3
2025-12-18T20:00:00Z,25435.5
2025-12-18T21:00:00Z,24068.3
2025-12-18T22:00:00Z,23517.5
2025-12-18T23:00:00Z,23203.7
2025-12-19T00:00:00Z,23299.8
2025-12-19T01:00:00Z,23471.2
2025-12-19T02:00:00Z,24273.7
2025-12-19T03:00:00Z,23742.5
2025-12-19T04:00:00Z,25047.2
2025-12-19T05:00:00Z,25497.6
2025-12-19T06:00:00Z,27082.7
2025-12-19T07:00:00Z,27824.1
2025-12-19T08:00:00Z,29926.9
2025-12-19T09:00:00Z,30694.2
2025-12-19T10:00:00Z,30726.8
2025-12-19T11:00:00Z,31688.1
2025-12-19T12:00:00Z,31987.1
2025-12-19T13:00:00Z,32203.8
2025-12-19T14:00:00Z,31426.5
2025-12-19T15:00:00Z,30463.2
2025-12-19T16:00:00Z,29464.3
2025-12-19T17:00:00Z,28658.3
2025-12-19T18:00:00Z,27392.0
2025-12-19T19:00:00Z,25956.4
2025-12-19T20:00:00Z,24614.0
2025-12-19T21:00:00Z,24531.4
2025-12-19T22:00:00Z,23173.9
2025-12-19T23:00:00Z,22896.4
2025-12-20T00:00:00Z,21824.2
2025-12-20T01:00:00Z,21661.1
2025-12-20T02:00:00Z,22541.3
2025-12-20T03:00:00Z,22417.3
2025-12-20T04:00:00Z,24028.3
2025-12-20T05:00:00Z,24329.8
2025-12-20T06:00:00Z,25414.2
2025-12-20T07:00:00Z,26730.9
2025-12-20T08:00:00Z,28227.2
2025-12-20T09:00:00Z,28854.4
2025-12-20T10:00:00Z,29300.4
2025-12-20T11:00:00Z,30692.0
2025-12-20T12:00:00Z,30048.1
2025-12-20T13:00:00Z,30209.1
2025-12-20T14:00:00Z,29901.0
2025-12-20T15:00:00Z,28928.0
2025-12-20T16:00:00Z,28317.1
2025-12-20T17:00:00Z,27341.5
2025-12-20T18:00:00Z,25928.7
2025-12-20T19:00:00Z,25200.4
2025-12-20T20:00:00Z,23530.5
2025-12-20T21:00:00Z,22440.2
2025-12-20T22:00:00Z,22199.4
2025-12-20T23:00:00Z,21325.6
2025-12-21T00:00:00Z,21586.2
2025-12-21T01:00:00Z,21561.3
2025-12-21T02:00:00Z,21869.6
2025-12-21T03:00:00Z,22959.5
2025-12-21T04:00:00Z,23862.2
2025-12-21T05:00:00Z,23646.1
2025-12-21T06:00:00Z,25765.6
2025-12-21T07:00:00Z,27082.3
2025-12-21T08:00:00Z,28280.7
2025-12-21T09:00:00Z,28818.8
2025-12-21T10:00:00Z,29302.1
2025-12-21T11:00:00Z,30213.1
2025-12-21T12:00:00Z,30569.0
2025-12-21T13:00:00Z,29410.2
2025-12-21T14:00:00Z,29171.5
2025-12-21T15:00:00Z,28803.1
2025-12-21T16:00:00Z,27147.9
2025-12-21T17:00:00Z,26810.8
2025-12-21T18:00:00Z,26185.0
2025-12-21T19:00:00Z,24343.0
2025-12-21T20:00:00Z,23715.4
2025-12-21T21:00:00Z,22419.1
2025-12-21T22:00:00Z,22196.4
2025-12-21T23:00:00Z,21836.9
2025-12-22T00:00:00Z,23075.1
2025-12-22T01:00:00Z,22773.9
2025-12-22T02:00:00Z,23576.7
2025-12-22T03:00:00Z,24041.8
2025-12-22T04:00:00Z,24638.5
2025-12-22T05:00:00Z,26425.7
2025-12-22T06:00:00Z,26810.3
2025-12-22T07:00:00Z,28241.1
2025-12-22T08:00:00Z,30150.0
2025-12-22T09:00:00Z,30487.2
2025-12-22T10:00:00Z,30569.0
2025-12-22T11:00:00Z,31423.8
2025-12-22T12:00:00Z,31262.6
2025-12-22T13:00:00Z,31261.9
2025-12-22T14:00:00Z,30317.4
2025-12-22T15:00:00Z,30247.5
2025-12-22T16:00:00Z,28676.4
2025-12-22T17:00:00Z,28314.8
2025-12-22T18:00:00Z,27168.1
2025-12-22T19:00:00Z,26194.1
2025-12-22T20:00:00Z,25633.7
2025-12-22T21:00:00Z,23283.6
2025-12-22T22:00:00Z,22748.6
2025-12-22T23:00:00Z,22377.9
2025-12-23T00:00:00Z,22301.3
2025-12-23T01:00:00Z,22986.0
2025-12-23T02:00:00Z,22980.6
2025-12-23T03:00:00Z,23593.7
2025-12-23T04:00:00Z,24311.9
2025-12-23T05:00:00Z,25565.7
2025-12-23T06:00:00Z,26784.2
2025-12-23T07:00:00Z,28055.4
2025-12-23T08:00:00Z,28635.5
2025-12-23T09:00:00Z,30054.0
2025-12-23T10:00:00Z,30996.0
2025-12-23T11:00:00Z,31358.5
2025-12-23T12:00:00Z,30921.5
2025-12-23T13:00:00Z,31532.9
2025-12-23T14:00:00Z,31083.6
2025-12-23T15:00:00Z,30192.5
2025-12-23T16:00:00Z,28710.9
2025-12-23T17:00:00Z,27550.7
2025-12-23T18:00:00Z,26960.5
2025-12-23T19:00:00Z,25418.5
2025-12-23T20:00:00Z,24234.6
2025-12-23T21:00:00Z,24138.5
2025-12-23T22:00:00Z,23441.0
2025-12-23T23:00:00Z,22898.4
2025-12-24T00:00:00Z,22908.8
2025-12-24T01:00:00Z,22909.5
2025-12-24T02:00:00Z,22592.5
2025-12-24T03:00:00Z,24147.8
2025-12-24T04:00:00Z,24687.6
2025-12-24T05:00:00Z,25876.5
2025-12-24T06:00:00Z,27439.9
2025-12-24T07:00:00Z,28172.6
2025-12-24T08:00:00Z,29660.4
2025-12-24T09:00:00Z,30018.9
2025-12-24T10:00:00Z,30562.1
2025-12-24T11:00:00Z,30885.2
2025-12-24T12:00:00Z,31247.1
2025-12-24T13:00:00Z,30525.1
2025-12-24T14:00:00Z,30679.9
2025-12-24T15:00:00Z,29953.4
2025-12-24T16:00:00Z,28882.0
2025-12-24T17:00:00Z,27185.2
2025-12-24T18:00:00Z,26068.1
2025-12-24T19:00:00Z,25974.0
2025-12-24T20:00:00Z,24289.8
2025-12-24T21:00:00Z,24231.5
2025-12-24T22:00:00Z,22756.2
2025-12-24T23:00:00Z,22709.8
2025-12-25T00:00:00Z,21806.4
2025-12-25T01:00:00Z,22255.8
2025-12-25T02:00:00Z,22853.3
2025-12-25T03:00:00Z,23854.1
2025-12-25T04:00:00Z,25180.0
2025-12-25T05:00:00Z,25984.3
2025-12-25T06:00:00Z,26240.0
2025-12-25T07:00:00Z,27926.7
2025-12-25T08:00:00Z,28932.1
2025-12-25T09:00:00Z,29677.6
2025-12-25T10:00:00Z,30835.2
2025-12-25T11:00:00Z,31644.3
2025-12-25T12:00:00Z,31043.5
2025-12-25T13:00:00Z,31474.1
2025-12-25T14:00:00Z,31134.0
2025-12-25T15:00:00Z,29520.4
2025-12-25T16:00:00Z,29650.2
2025-12-25T17:00:00Z,28548.4
2025-12-25T18:00:00Z,26886.1
2025-12-25T19:00:00Z,26260.6
2025-12-25T20:00:00Z,24651.7
2025-12-25T21:00:00Z,24066.3
2025-12-25T22:00:00Z,23176.1
2025-12-25T23:00:00Z,22173.4
2025-12-26T00:00:00Z,22351.9
2025-12-26T01:00:00Z,22344.1
2025-12-26T02:00:00Z,22666.6
2025-12-26T03:00:00Z,23127.8
2025-12-26T04:00:00Z,24184.2
2025-12-26T05:00:00Z,25086.6
2025-12-26T06:00:00Z,27111.3
2025-12-26T07:00:00Z,27114.0
2025-12-26T08:00:00Z,28937.0
2025-12-26T09:00:00Z,29601.0
2025-12-26T10:00:00Z,30069.9
2025-12-26T11:00:00Z,31243.5
2025-12-26T12:00:00Z,30831.3
2025-12-26T13:00:00Z,31421.8
2025-12-26T14:00:00Z,30466.0
2025-12-26T15:00:00Z,29950.4
2025-12-26T16:00:00Z,28860.4
2025-12-26T17:00:00Z,28079.1
2025-12-26T18:00:00Z,27038.0
2025-12-26T19:00:00Z,25376.3
2025-12-26T20:00:00Z,24469.5
2025-12-26T21:00:00Z,24204.5
2025-12-26T22:00:00Z,22636.9
2025-12-26T23:00:00Z,23075.4
2025-12-27T00:00:00Z,20790.6
2025-12-27T01:00:00Z,20881.0
2025-12-27T02:00:00Z,20906.3
2025-12-27T03:00:00Z,21921.6
2025-12-27T04:00:00Z,22509.6
2025-12-27T05:00:00Z,24012.3
2025-12-27T06:00:00Z,25627.5
2025-12-27T07:00:00Z,26497.1
2025-12-27T08:00:00Z,27366.5
2025-12-27T09:00:00Z,28128.4
2025-12-27T10:00:00Z,28958.9
2025-12-27T11:00:00Z,29118.3
2025-12-27T12:00:00Z,29337.8
2025-12-27T13:00:00Z,30376.0
2025-12-27T14:00:00Z,29301.9
2025-12-27T15:00:00Z,28169.3
2025-12-27T16:00:00Z,27837.6
2025-12-27T17:00:00Z,27074.3
2025-12-27T18:00:00Z,25135.8
2025-12-27T19:00:00Z,24183.5
2025-12-27T20:00:00Z,22689.3
2025-12-27T21:00:00Z,21645.2
2025-12-27T22:00:00Z,22040.1
2025-12-27T23:00:00Z,22353.5
2025-12-28T00:00:00Z,20575.0
2025-12-28T01:00:00Z,20398.7
2025-12-28T02:00:00Z,21967.5
2025-12-28T03:00:00Z,22538.8
2025-12-28T04:00:00Z,23242.4
2025-12-28T05:00:00Z,24680.6
2025-12-28T06:00:00Z,25159.1
2025-12-28T07:00:00Z,26534.5
2025-12-28T08:00:00Z,27794.3
2025-12-28T09:00:00Z,28304.7
2025-12-28T10:00:00Z,29301.9
2025-12-28T11:00:00Z,29480.7
2025-12-28T12:00:00Z,29887.9
2025-12-28T13:00:00Z,29628.2
2025-12-28T14:00:00Z,28393.4
2025-12-28T15:00:00Z,28453.7
2025-12-28T16:00:00Z,26972.8
2025-12-28T17:00:00Z,26116.7
2025-12-28T18:00:00Z,24668.3
2025-12-28T19:00:00Z,24436.8
2025-12-28T20:00:00Z,22944.2
2025-12-28T21:00:00Z,22004.0
2025-12-28T22:00:00Z,21902.8
2025-12-28T23:00:00Z,21261.5
2025-12-29T00:00:00Z,21912.4
2025-12-29T01:00:00Z,21373.8
2025-12-29T02:00:00Z,22829.8
2025-12-29T03:00:00Z,23193.0
2025-12-29T04:00:00Z,24074.8
2025-12-29T05:00:00Z,25550.9
2025-12-29T06:00:00Z,26194.1
2025-12-29T07:00:00Z,27544.8
2025-12-29T08:00:00Z,28973.4
2025-12-29T09:00:00Z,29775.1
2025-12-29T10:00:00Z,30041.7
2025-12-29T11:00:00Z,31249.2
2025-12-29T12:00:00Z,31287.8
2025-12-29T13:00:00Z,31410.7
2025-12-29T14:00:00Z,30249.1
2025-12-29T15:00:00Z,29643.8
2025-12-29T16:00:00Z,29035.1
2025-12-29T17:00:00Z,27738.9
2025-12-29T18:00:00Z,26479.7
2025-12-29T19:00:00Z,25242.8
2025-12-29T20:00:00Z,24098.9
2025-12-29T21:00:00Z,23051.3
2025-12-29T22:00:00Z,22349.0
2025-12-29T23:00:00Z,22294.5
2025-12-30T00:00:00Z,21792.1
2025-12-30T01:00:00Z,21534.4
2025-12-30T02:00:00Z,22518.8
2025-12-30T03:00:00Z,23816.7
2025-12-30T04:00:00Z,24625.4
2025-12-30T05:00:00Z,24450.3
2025-12-30T06:00:00Z,26028.2
2025-12-30T07:00:00Z,27776.1
2025-12-30T08:00:00Z,28588.3
2025-12-30T09:00:00Z,29503.8
2025-12-30T10:00:00Z,30134.7
2025-12-30T11:00:00Z,30647.5
2025-12-30T12:00:00Z,30401.5
2025-12-30T13:00:00Z,31062.8
2025-12-30T14:00:00Z,29798.1
2025-12-30T15:00:00Z,29425.5
2025-12-30T16:00:00Z,29126.0
2025-12-30T17:00:00Z,27890.5
2025-12-30T18:00:00Z,26339.4
2025-12-30T19:00:00Z,25191.3
2025-12-30T20:00:00Z,23904.0
2025-12-30T21:00:00Z,23021.3
2025-12-30T22:00:00Z,22413.6
2025-12-30T23:00:00Z,22551.3
2025-12-31T00:00:00Z,21658.6
2025-12-31T01:00:00Z,22178.1
2025-12-31T02:00:00Z,22571.4
2025-12-31T03:00:00Z,23267.7
2025-12-31T04:00:00Z,23933.9
2025-12-31T05:00:00Z,25378.0
2025-12-31T06:00:00Z,26314.9
2025-12-31T07:00:00Z,27440.3
2025-12-31T08:00:00Z,28300.2
2025-12-31T09:00:00Z,28601.5
2025-12-31T10:00:00Z,30367.2
2025-12-31T11:00:00Z,30820.4
2025-12-31T12:00:00Z,30508.3
2025-12-31T13:00:00Z,30477.4
2025-12-31T14:00:00Z,30205.4
2025-12-31T15:00:00Z,29037.3
2025-12-31T16:00:00Z,28737.3
2025-12-31T17:00:00Z,27669.4
2025-12-31T18:00:00Z,26573.1
2025-12-31T19:00:00Z,25450.8
2025-12-31T20:00:00Z,23343.8
2025-12-31T21:00:00Z,23315.9
2025-12-31T22:00:00Z,22257.5
2025-12-31T23:00:00Z,22384.9
2026-01-01T00:00:00Z,22124.9
2026-01-01T01:00:00Z,22187.1
2026-01-01T02:00:00Z,22299.9
2026-01-01T03:00:00Z,24064.1
2026-01-01T04:00:00Z,23935.0
2026-01-01T05:00:00Z,24641.2
2026-01-01T06:00:00Z,26529.5
2026-01-01T07:00:00Z,26789.5
2026-01-01T08:00:00Z,29097.5
2026-01-01T09:00:00Z,29683.6
2026-01-01T10:00:00Z,30503.3
2026-01-01T11:00:00Z,30843.7
2026-01-01T12:00:00Z,30759.6
2026-01-01T13:00:00Z,29976.8
2026-01-01T14:00:00Z,29798.1
2026-01-01T15:00:00Z,29520.5
2026-01-01T16:00:00Z,28321.1
2026-01-01T17:00:00Z,27461.7
2026-01-01T18:00:00Z,25927.2
2026-01-01T19:00:00Z,24741.2
2026-01-01T20:00:00Z,24069.3
2026-01-01T21:00:00Z,23313.0
2026-01-01T22:00:00Z,22338.1
2026-01-01T23:00:00Z,21535.3
2026-01-02T00:00:00Z,21042.4
2026-01-02T01:00:00Z,22544.5
2026-01-02T02:00:00Z,21827.7
2026-01-02T03:00:00Z,22630.6
2026-01-02T04:00:00Z,23601.7
2026-01-02T05:00:00Z,25265.7
2026-01-02T06:00:00Z,25808.1
2026-01-02T07:00:00Z,27433.7
2026-01-02T08:00:00Z,28410.8
2026-01-02T09:00:00Z,28802.0
2026-01-02T10:00:00Z,29983.3
2026-01-02T11:00:00Z,29919.7
2026-01-02T12:00:00Z,30459.4
2026-01-02T13:00:00Z,30638.0
2026-01-02T14:00:00Z,29836.7
2026-01-02T15:00:00Z,28884.3
2026-01-02T16:00:00Z,28145.5
2026-01-02T17:00:00Z,27160.3
2026-01-02T18:00:00Z,26202.5
2026-01-02T19:00:00Z,24090.8
2026-01-02T20:00:00Z,23184.8
2026-01-02T21:00:00Z,23120.2
2026-01-02T22:00:00Z,22191.9
2026-01-02T23:00:00Z,21795.0
2026-01-03T00:00:00Z,20394.8
2026-01-03T01:00:00Z,20407.6
2026-01-03T02:00:00Z,20744.0
2026-01-03T03:00:00Z,21654.0
2026-01-03T04:00:00Z,22775.9
2026-01-03T05:00:00Z,23725.8
2026-01-03T06:00:00Z,24756.3
2026-01-03T07:00:00Z,25515.5
2026-01-03T08:00:00Z,27052.5
2026-01-03T09:00:00Z,27461.6
2026-01-03T10:00:00Z,28343.6
2026-01-03T11:00:00Z,29087.1
2026-01-03T12:00:00Z,29226.4
2026-01-03T13:00:00Z,29432.1
2026-01-03T14:00:00Z,28911.5
2026-01-03T15:00:00Z,28062.8
2026-01-03T16:00:00Z,26847.4
2026-01-03T17:00:00Z,25891.1
2026-01-03T18:00:00Z,24659.1
2026-01-03T19:00:00Z,24233.6
2026-01-03T20:00:00Z,22698.2
2026-01-03T21:00:00Z,21374.1
2026-01-03T22:00:00Z,20598.1
2026-01-03T23:00:00Z,20917.2
2026-01-04T00:00:00Z,19904.3
2026-01-04T01:00:00Z,20507.6
2026-01-04T02:00:00Z,20881.8
2026-01-04T03:00:00Z,21910.9
2026-01-04T04:00:00Z,22120.8
2026-01-04T05:00:00Z,23679.4
2026-01-04T06:00:00Z,24732.8
2026-01-04T07:00:00Z,26098.4
2026-01-04T08:00:00Z,27373.5
2026-01-04T09:00:00Z,27833.5
2026-01-04T10:00:00Z,28419.3
2026-01-04T11:00:00Z,29264.7
2026-01-04T12:00:00Z,28581.3
2026-01-04T13:00:00Z,29013.5
2026-01-04T14:00:00Z,28143.2
2026-01-04T15:00:00Z,27355.9
2026-01-04T16:00:00Z,26301.6
2026-01-04T17:00:00Z,25204.7
2026-01-04T18:00:00Z,24963.7
2026-01-04T19:00:00Z,23831.5
2026-01-04T20:00:00Z,22481.2
2026-01-04T21:00:00Z,21902.8
2026-01-04T22:00:00Z,20831.2
2026-01-04T23:00:00Z,20196.5
2026-01-05T00:00:00Z,20973.0
2026-01-05T01:00:00Z,21799.1
2026-01-05T02:00:00Z,22259.4
2026-01-05T03:00:00Z,23127.9
2026-01-05T04:00:00Z,23294.3
2026-01-05T05:00:00Z,24552.9
2026-01-05T06:00:00Z,25311.8
2026-01-05T07:00:00Z,27370.5
2026-01-05T08:00:00Z,28281.2
2026-01-05T09:00:00Z,29128.7
2026-01-05T10:00:00Z,29640.8
2026-01-05T11:00:00Z,30036.3
2026-01-05T12:00:00Z,30108.5
2026-01-05T13:00:00Z,30489.0
2026-01-05T14:00:00Z,29417.0
2026-01-05T15:00:00Z,29267.5
2026-01-05T16:00:00Z,28129.4
2026-01-05T17:00:00Z,26587.8
2026-01-05T18:00:00Z,25278.8
2026-01-05T19:00:00Z,24373.5
2026-01-05T20:00:00Z,23575.4
2026-01-05T21:00:00Z,22198.9
2026-01-05T22:00:00Z,22194.7
2026-01-05T23:00:00Z,21938.1
2026-01-06T00:00:00Z,21478.8
2026-01-06T01:00:00Z,20813.6
2026-01-06T02:00:00Z,21016.5
2026-01-06T03:00:00Z,22897.1
2026-01-06T04:00:00Z,24042.7
2026-01-06T05:00:00Z,24422.3
2026-01-06T06:00:00Z,25907.1
2026-01-06T07:00:00Z,26765.6
2026-01-06T08:00:00Z,27700.8
2026-01-06T09:00:00Z,29215.9
2026-01-06T10:00:00Z,29356.3
2026-01-06T11:00:00Z,30311.9
2026-01-06T12:00:00Z,30781.7
2026-01-06T13:00:00Z,29956.2
2026-01-06T14:00:00Z,30242.9
2026-01-06T15:00:00Z,28372.4
2026-01-06T16:00:00Z,28270.3
2026-01-06T17:00:00Z,26867.7
2026-01-06T18:00:00Z,26656.2
2026-01-06T19:00:00Z,24583.7
2026-01-06T20:00:00Z,23207.3
2026-01-06T21:00:00Z,23175.6
2026-01-06T22:00:00Z,21313.6
2026-01-06T23:00:00Z,21594.2
2026-01-07T00:00:00Z,20909.0
2026-01-07T01:00:00Z,21846.9
2026-01-07T02:00:00Z,21745.3
2026-01-07T03:00:00Z,22803.1
2026-01-07T04:00:00Z,23392.6
2026-01-07T05:00:00Z,24071.7
2026-01-07T06:00:00Z,24833.4
2026-01-07T07:00:00Z,27428.7
2026-01-07T08:00:00Z,27927.8
2026-01-07T09:00:00Z,28337.2
2026-01-07T10:00:00Z,29350.4
2026-01-07T11:00:00Z,30271.6
2026-01-07T12:00:00Z,29511.8
2026-01-07T13:00:00Z,30742.5
2026-01-07T14:00:00Z,29373.4
2026-01-07T15:00:00Z,28624.9
2026-01-07T16:00:00Z,28313.8
2026-01-07T17:00:00Z,26848.4
2026-01-07T18:00:00Z,25254.4
2026-01-07T19:00:00Z,24812.1
2026-01-07T20:00:00Z,23570.5
2026-01-07T21:00:00Z,22900.4
2026-01-07T22:00:00Z,21441.6
2026-01-07T23:00:00Z,20922.9
2026-01-08T00:00:00Z,21324.6
2026-01-08T01:00:00Z,21084.8
2026-01-08T02:00:00Z,20894.5
2026-01-08T03:00:00Z,22176.7
2026-01-08T04:00:00Z,23541.9
2026-01-08T05:00:00Z,24113.1
2026-01-08T06:00:00Z,25999.3
2026-01-08T07:00:00Z,26490.5
2026-01-08T08:00:00Z,27709.8
2026-01-08T09:00:00Z,28065.5
2026-01-08T10:00:00Z,29073.8
2026-01-08T11:00:00Z,29742.2
2026-01-08T12:00:00Z,30175.3
2026-01-08T13:00:00Z,29879.9
2026-01-08T14:00:00Z,29759.1
2026-01-08T15:00:00Z,27860.3
2026-01-08T16:00:00Z,27752.7
2026-01-08T17:00:00Z,26620.2
2026-01-08T18:00:00Z,25140.4
2026-01-08T19:00:00Z,24361.9
2026-01-08T20:00:00Z,23032.7
2026-01-08T21:00:00Z,22546.9
2026-01-08T22:00:00Z,21556.3
2026-01-08T23:00:00Z,21427.5
2026-01-09T00:00:00Z,20661.7
2026-01-09T01:00:00Z,21617.0
2026-01-09T02:00:00Z,21738.5
2026-01-09T03:00:00Z,22954.9
2026-01-09T04:00:00Z,23165.7
2026-01-09T05:00:00Z,24099.9
2026-01-09T06:00:00Z,25483.4
2026-01-09T07:00:00Z,26408.8
2026-01-09T08:00:00Z,27266.9
2026-01-09T09:00:00Z,28575.3
2026-01-09T10:00:00Z,29250.4
2026-01-09T11:00:00Z,29477.5
2026-01-09T12:00:00Z,29726.9
2026-01-09T13:00:00Z,29357.9
2026-01-09T14:00:00Z,29328.0
2026-01-09T15:00:00Z,28072.9
2026-01-09T16:00:00Z,28278.3
2026-01-09T17:00:00Z,26592.7
2026-01-09T18:00:00Z,25782.3
2026-01-09T19:00:00Z,23840.5
2026-01-09T20:00:00Z,23342.8
2026-01-09T21:00:00Z,22247.5
2026-01-09T22:00:00Z,21955.4
2026-01-09T23:00:00Z,21471.5
2026-01-10T00:00:00Z,19066.7
2026-01-10T01:00:00Z,20249.5
2026-01-10T02:00:00Z,19714.6
2026-01-10T03:00:00Z,21468.4
2026-01-10T04:00:00Z,21871.3
2026-01-10T05:00:00Z,22517.6
2026-01-10T06:00:00Z,24370.3
2026-01-10T07:00:00Z,25271.1
2026-01-10T08:00:00Z,25959.3
2026-01-10T09:00:00Z,26971.4
2026-01-10T10:00:00Z,28127.1
2026-01-10T11:00:00Z,27885.4
2026-01-10T12:00:00Z,28225.0
2026-01-10T13:00:00Z,29080.0
2026-01-10T14:00:00Z,27665.5
2026-01-10T15:00:00Z,27382.5
2026-01-10T16:00:00Z,26492.4
2026-01-10T17:00:00Z,25613.1
2026-01-10T18:00:00Z,24435.0
2026-01-10T19:00:00Z,22024.5
2026-01-10T20:00:00Z,21711.1
2026-01-10T21:00:00Z,21411.6
2026-01-10T22:00:00Z,19974.1
2026-01-10T23:00:00Z,20500.6
2026-01-11T00:00:00Z,19673.1
2026-01-11T01:00:00Z,19278.7
2026-01-11T02:00:00Z,20385.1
2026-01-11T03:00:00Z,21602.4
2026-01-11T04:00:00Z,21549.7
2026-01-11T05:00:00Z,23076.1
2026-01-11T06:00:00Z,23688.4
2026-01-11T07:00:00Z,24947.6
2026-01-11T08:00:00Z,26277.3
2026-01-11T09:00:00Z,27344.3
2026-01-11T10:00:00Z,27989.6
2026-01-11T11:00:00Z,28380.2
2026-01-11T12:00:00Z,29347.9
2026-01-11T13:00:00Z,27899.1
2026-01-11T14:00:00Z,27166.9
2026-01-11T15:00:00Z,27362.2
2026-01-11T16:00:00Z,26305.1
2026-01-11T17:00:00Z,24631.4
2026-01-11T18:00:00Z,24659.0
2026-01-11T19:00:00Z,22608.7
2026-01-11T20:00:00Z,21275.3
2026-01-11T21:00:00Z,21038.0
2026-01-11T22:00:00Z,20415.1
2026-01-11T23:00:00Z,20610.0
2026-01-12T00:00:00Z,20150.1
2026-01-12T01:00:00Z,20398.2
2026-01-12T02:00:00Z,21213.6
2026-01-12T03:00:00Z,21857.6
2026-01-12T04:00:00Z,22911.9
2026-01-12T05:00:00Z,23745.1
2026-01-12T06:00:00Z,24576.9
2026-01-12T07:00:00Z,26138.7
2026-01-12T08:00:00Z,27639.2
2026-01-12T09:00:00Z,28588.1
2026-01-12T10:00:00Z,28754.1
2026-01-12T11:00:00Z,29642.6
2026-01-12T12:00:00Z,29747.4
2026-01-12T13:00:00Z,29258.3
2026-01-12T14:00:00Z,28868.3
2026-01-12T15:00:00Z,28311.4
2026-01-12T16:00:00Z,28418.4
2026-01-12T17:00:00Z,26367.4
2026-01-12T18:00:00Z,24826.4
2026-01-12T19:00:00Z,23950.4
2026-01-12T20:00:00Z,22732.3
2026-01-12T21:00:00Z,22446.4
2026-01-12T22:00:00Z,20510.6
2026-01-12T23:00:00Z,20465.3
2026-01-13T00:00:00Z,20939.4
2026-01-13T01:00:00Z,20937.0
2026-01-13T02:00:00Z,21234.8
2026-01-13T03:00:00Z,22197.8
2026-01-13T04:00:00Z,22352.0
2026-01-13T05:00:00Z,24053.9
2026-01-13T06:00:00Z,24640.0
2026-01-13T07:00:00Z,25734.5
2026-01-13T08:00:00Z,27469.9
2026-01-13T09:00:00Z,27904.5
2026-01-13T10:00:00Z,28773.8
2026-01-13T11:00:00Z,29584.2
2026-01-13T12:00:00Z,29111.6
2026-01-13T13:00:00Z,29578.5
2026-01-13T14:00:00Z,29746.9
2026-01-13T15:00:00Z,28128.6
2026-01-13T16:00:00Z,27643.2
2026-01-13T17:00:00Z,26503.2
2026-01-13T18:00:00Z,24593.7
2026-01-13T19:00:00Z,23408.3
2026-01-13T20:00:00Z,22850.8
2026-01-13T21:00:00Z,21133.5
2026-01-13T22:00:00Z,21242.2
2026-01-13T23:00:00Z,20879.6
2026-01-14T00:00:00Z,20714.1
2026-01-14T01:00:00Z,20858.3
2026-01-14T02:00:00Z,21632.0
2026-01-14T03:00:00Z,21714.3
2026-01-14T04:00:00Z,23262.5
2026-01-14T05:00:00Z,24026.1
2026-01-14T06:00:00Z,25173.4
2026-01-14T07:00:00Z,26066.3
2026-01-14T08:00:00Z,27552.0
2026-01-14T09:00:00Z,27831.9
2026-01-14T10:00:00Z,29089.8
2026-01-14T11:00:00Z,29679.4
2026-01-14T12:00:00Z,29162.6
2026-01-14T13:00:00Z,28905.8
2026-01-14T14:00:00Z,28535.5
2026-01-14T15:00:00Z,28098.7
2026-01-14T16:00:00Z,27331.1
2026-01-14T17:00:00Z,26453.3
2026-01-14T18:00:00Z,25686.8
2026-01-14T19:00:00Z,24437.0
2026-01-14T20:00:00Z,22862.4
2026-01-14T21:00:00Z,21696.2
2026-01-14T22:00:00Z,20685.3
2026-01-14T23:00:00Z,21001.8
2026-01-15T00:00:00Z,20642.8
2026-01-15T01:00:00Z,20495.6
2026-01-15T02:00:00Z,20981.5
2026-01-15T03:00:00Z,21704.4
2026-01-15T04:00:00Z,21702.2
2026-01-15T05:00:00Z,23715.6
2026-01-15T06:00:00Z,25006.7
2026-01-15T07:00:00Z,25986.4
2026-01-15T08:00:00Z,26704.6
2026-01-15T09:00:00Z,28038.5
2026-01-15T10:00:00Z,28905.5
2026-01-15T11:00:00Z,29843.0
2026-01-15T12:00:00Z,29716.9
2026-01-15T13:00:00Z,29391.2
2026-01-15T14:00:00Z,28706.8
2026-01-15T15:00:00Z,27520.4
2026-01-15T16:00:00Z,26926.9
2026-01-15T17:00:00Z,25521.0
2026-01-15T18:00:00Z,24846.2
2026-01-15T19:00:00Z,24135.7
2026-01-15T20:00:00Z,23059.2
2026-01-15T21:00:00Z,22087.2
2026-01-15T22:00:00Z,21051.3
2026-01-15T23:00:00Z,20971.5
2026-01-16T00:00:00Z,20254.1
2026-01-16T01:00:00Z,19774.0
2026-01-16T02:00:00Z,21001.7
2026-01-16T03:00:00Z,21669.3
2026-01-16T04:00:00Z,21921.4
2026-01-16T05:00:00Z,23445.1
2026-01-16T06:00:00Z,23875.7
2026-01-16T07:00:00Z,25761.1
2026-01-16T08:00:00Z,27462.4
2026-01-16T09:00:00Z,27686.2
2026-01-16T10:00:00Z,29124.7
2026-01-16T11:00:00Z,29161.2
2026-01-16T12:00:00Z,28949.7
2026-01-16T13:00:00Z,28411.0
2026-01-16T14:00:00Z,28913.8
2026-01-16T15:00:00Z,28177.1
2026-01-16T16:00:00Z,26452.6
2026-01-16T17:00:00Z,25781.2
2026-01-16T18:00:00Z,25205.7
2026-01-16T19:00:00Z,23363.6
2026-01-16T20:00:00Z,22721.3
2026-01-16T21:00:00Z,20924.3
2026-01-16T22:00:00Z,20604.3
2026-01-16T23:00:00Z,20778.4
2026-01-17T00:00:00Z,18586.9
2026-01-17T01:00:00Z,18641.3
2026-01-17T02:00:00Z,19102.9
2026-01-17T03:00:00Z,20187.5
2026-01-17T04:00:00Z,20657.4
2026-01-17T05:00:00Z,22275.3
2026-01-17T06:00:00Z,23674.5
2026-01-17T07:00:00Z,25187.2
2026-01-17T08:00:00Z,25533.4
2026-01-17T09:00:00Z,27206.4
2026-01-17T10:00:00Z,27517.0
2026-01-17T11:00:00Z,27667.1
2026-01-17T12:00:00Z,28095.7
2026-01-17T13:00:00Z,28318.9
2026-01-17T14:00:00Z,27866.9
2026-01-17T15:00:00Z,26884.9
2026-01-17T16:00:00Z,25648.9
2026-01-17T17:00:00Z,24925.4
2026-01-17T18:00:00Z,23546.6
2026-01-17T19:00:00Z,22380.6
2026-01-17T20:00:00Z,21345.0
2026-01-17T21:00:00Z,21008.6
2026-01-17T22:00:00Z,19175.5
2026-01-17T23:00:00Z,19152.4
2026-01-18T00:00:00Z,18527.8
2026-01-18T01:00:00Z,19411.8
2026-01-18T02:00:00Z,19947.5
2026-01-18T03:00:00Z,20743.1
2026-01-18T04:00:00Z,21022.0
2026-01-18T05:00:00Z,22244.8
2026-01-18T06:00:00Z,23660.9
2026-01-18T07:00:00Z,24589.8
2026-01-18T08:00:00Z,25700.8
2026-01-18T09:00:00Z,26584.1
2026-01-18T10:00:00Z,27317.0
2026-01-18T11:00:00Z,27615.6
2026-01-18T12:00:00Z,27974.8
2026-01-18T13:00:00Z,27111.4
2026-01-18T14:00:00Z,27058.6
2026-01-18T15:00:00Z,26013.4
2026-01-18T16:00:00Z,25559.3
2026-01-18T17:00:00Z,24248.7
2026-01-18T18:00:00Z,23575.2
2026-01-18T19:00:00Z,22697.8
2026-01-18T20:00:00Z,20692.6
2026-01-18T21:00:00Z,19946.5
2026-01-18T22:00:00Z,19656.7
2026-01-18T23:00:00Z,19629.7
2026-01-19T00:00:00Z,20367.5
2026-01-19T01:00:00Z,20395.0
2026-01-19T02:00:00Z,20650.7
2026-01-19T03:00:00Z,21212.0
2026-01-19T04:00:00Z,22440.0
2026-01-19T05:00:00Z,23553.3
2026-01-19T06:00:00Z,24574.0
2026-01-19T07:00:00Z,25444.3
2026-01-19T08:00:00Z,26131.6
2026-01-19T09:00:00Z,27332.4
2026-01-19T10:00:00Z,28214.6
2026-01-19T11:00:00Z,28363.8
2026-01-19T12:00:00Z,29070.4
2026-01-19T13:00:00Z,28266.0
2026-01-19T14:00:00Z,28240.7
2026-01-19T15:00:00Z,27780.7
2026-01-19T16:00:00Z,27035.3
2026-01-19T17:00:00Z,25751.9
2026-01-19T18:00:00Z,24964.1
2026-01-19T19:00:00Z,23143.3
2026-01-19T20:00:00Z,22005.5
2026-01-19T21:00:00Z,21783.4
2026-01-19T22:00:00Z,20343.0
2026-01-19T23:00:00Z,20170.0
2026-01-20T00:00:00Z,19336.7
2026-01-20T01:00:00Z,20554.1
2026-01-20T02:00:00Z,20845.8
2026-01-20T03:00:00Z,21002.3
2026-01-20T04:00:00Z,21549.1
2026-01-20T05:00:00Z,23365.6
2026-01-20T06:00:00Z,24520.7
2026-01-20T07:00:00Z,26002.5
2026-01-20T08:00:00Z,27328.7
2026-01-20T09:00:00Z,27643.1
2026-01-20T10:00:00Z,28178.8
2026-01-20T11:00:00Z,28614.7
2026-01-20T12:00:00Z,28741.9
2026-01-20T13:00:00Z,28192.1
2026-01-20T14:00:00Z,27924.7
2026-01-20T15:00:00Z,27521.9
2026-01-20T16:00:00Z,26022.2
2026-01-20T17:00:00Z,25075.7
2026-01-20T18:00:00Z,24872.8
2026-01-20T19:00:00Z,23018.7
2026-01-20T20:00:00Z,22498.7
2026-01-20T21:00:00Z,21691.0
2026-01-20T22:00:00Z,20579.9
2026-01-20T23:00:00Z,20443.0
2026-01-21T00:00:00Z,19822.0
2026-01-21T01:00:00Z,19714.3
2026-01-21T02:00:00Z,20443.1
2026-01-21T03:00:00Z,21214.6
2026-01-21T04:00:00Z,22152.8
2026-01-21T05:00:00Z,23204.2
2026-01-21T06:00:00Z,24178.1
2026-01-21T07:00:00Z,25869.6
2026-01-21T08:00:00Z,26469.8
2026-01-21T09:00:00Z,27308.0
2026-01-21T10:00:00Z,28513.3
2026-01-21T11:00:00Z,28239.1
2026-01-21T12:00:00Z,28760.9
2026-01-21T13:00:00Z,29160.5
2026-01-21T14:00:00Z,28192.7
2026-01-21T15:00:00Z,27992.8
2026-01-21T16:00:00Z,26450.4
2026-01-21T17:00:00Z,25287.1
2026-01-21T18:00:00Z,24268.8
2026-01-21T19:00:00Z,22973.0
2026-01-21T20:00:00Z,21978.6
2026-01-21T21:00:00Z,21029.8
2026-01-21T22:00:00Z,20786.3
2026-01-21T23:00:00Z,20194.1
2026-01-22T00:00:00Z,19723.6
2026-01-22T01:00:00Z,19674.4
2026-01-22T02:00:00Z,21588.1
2026-01-22T03:00:00Z,21026.7
2026-01-22T04:00:00Z,22541.0
2026-01-22T05:00:00Z,22652.2
2026-01-22T06:00:00Z,23963.3
2026-01-22T07:00:00Z,25841.7
2026-01-22T08:00:00Z,26047.9
2026-01-22T09:00:00Z,26977.3
2026-01-22T10:00:00Z,28058.5
2026-01-22T11:00:00Z,28251.5
2026-01-22T12:00:00Z,28564.9
2026-01-22T13:00:00Z,28579.7
2026-01-22T14:00:00Z,28402.2
2026-01-22T15:00:00Z,27442.6
2026-01-22T16:00:00Z,26565.2
2026-01-22T17:00:00Z,25878.0
2026-01-22T18:00:00Z,24763.5
2026-01-22T19:00:00Z,22959.2
2026-01-22T20:00:00Z,21332.2
2026-01-22T21:00:00Z,20727.6
2026-01-22T22:00:00Z,20794.5
2026-01-22T23:00:00Z,19776.5
2026-01-23T00:00:00Z,19447.3
2026-01-23T01:00:00Z,19693.9
2026-01-23T02:00:00Z,20895.4
2026-01-23T03:00:00Z,21031.0
2026-01-23T04:00:00Z,21788.6
2026-01-23T05:00:00Z,22738.4
2026-01-23T06:00:00Z,23739.0
2026-01-23T07:00:00Z,26341.8
2026-01-23T08:00:00Z,26349.7
2026-01-23T09:00:00Z,27339.0
2026-01-23T10:00:00Z,27870.1
2026-01-23T11:00:00Z,28827.7
2026-01-23T12:00:00Z,28208.5
2026-01-23T13:00:00Z,27718.3
2026-01-23T14:00:00Z,27774.3
2026-01-23T15:00:00Z,27408.1
2026-01-23T16:00:00Z,27204.5
2026-01-23T17:00:00Z,25266.8
2026-01-23T18:00:00Z,23827.1
2026-01-23T19:00:00Z,22914.6
2026-01-23T20:00:00Z,21639.1
2026-01-23T21:00:00Z,20718.8
2026-01-23T22:00:00Z,20339.4
2026-01-23T23:00:00Z,19972.4
2026-01-24T00:00:00Z,18141.7
2026-01-24T01:00:00Z,18946.0
2026-01-24T02:00:00Z,18952.7
2026-01-24T03:00:00Z,19728.5
2026-01-24T04:00:00Z,20413.3
2026-01-24T05:00:00Z,21811.7
2026-01-24T06:00:00Z,22975.4
2026-01-24T07:00:00Z,24217.5
2026-01-24T08:00:00Z,24737.7
2026-01-24T09:00:00Z,26194.9
2026-01-24T10:00:00Z,26453.5
2026-01-24T11:00:00Z,27144.8
2026-01-24T12:00:00Z,27536.7
2026-01-24T13:00:00Z,27672.0
2026-01-24T14:00:00Z,26499.1
2026-01-24T15:00:00Z,25548.8
2026-01-24T16:00:00Z,25094.9
2026-01-24T17:00:00Z,24427.5
2026-01-24T18:00:00Z,22702.6
2026-01-24T19:00:00Z,22580.6
2026-01-24T20:00:00Z,19906.4
2026-01-24T21:00:00Z,20248.2
2026-01-24T22:00:00Z,19418.1
2026-01-24T23:00:00Z,18954.5
2026-01-25T00:00:00Z,17988.5
2026-01-25T01:00:00Z,18954.2
2026-01-25T02:00:00Z,19327.3
2026-01-25T03:00:00Z,20061.9
2026-01-25T04:00:00Z,20431.9
2026-01-25T05:00:00Z,21495.6
2026-01-25T06:00:00Z,23215.9
2026-01-25T07:00:00Z,24011.5
2026-01-25T08:00:00Z,24817.4
2026-01-25T09:00:00Z,25560.3
2026-01-25T10:00:00Z,26673.6
2026-01-25T11:00:00Z,26514.1
2026-01-25T12:00:00Z,27384.4
2026-01-25T13:00:00Z,27076.8
2026-01-25T14:00:00Z,25997.7
2026-01-25T15:00:00Z,26039.3
2026-01-25T16:00:00Z,25399.5
2026-01-25T17:00:00Z,23974.6
2026-01-25T18:00:00Z,22239.2
2026-01-25T19:00:00Z,21360.0
2026-01-25T20:00:00Z,20827.3
2026-01-25T21:00:00Z,19113.3
2026-01-25T22:00:00Z,18752.6
2026-01-25T23:00:00Z,18874.7
2026-01-26T00:00:00Z,19331.1
2026-01-26T01:00:00Z,19371.7
2026-01-26T02:00:00Z,20331.1
2026-01-26T03:00:00Z,21335.5
2026-01-26T04:00:00Z,21802.3
2026-01-26T05:00:00Z,22229.6
2026-01-26T06:00:00Z,23271.8
2026-01-26T07:00:00Z,24926.2
2026-01-26T08:00:00Z,25417.0
2026-01-26T09:00:00Z,26976.4
2026-01-26T10:00:00Z,28051.4
2026-01-26T11:00:00Z,27166.5
2026-01-26T12:00:00Z,28240.8
2026-01-26T13:00:00Z,28276.4
2026-01-26T14:00:00Z,27511.1
2026-01-26T15:00:00Z,27153.6
2026-01-26T16:00:00Z,26275.1
2026-01-26T17:00:00Z,25410.3
2026-01-26T18:00:00Z,24877.7
2026-01-26T19:00:00Z,22842.5
2026-01-26T20:00:00Z,21318.1
2026-01-26T21:00:00Z,20352.3
2026-01-26T22:00:00Z,19568.6
2026-01-26T23:00:00Z,19851.2
2026-01-27T00:00:00Z,19469.7
2026-01-27T01:00:00Z,19667.4
2026-01-27T02:00:00Z,20010.9
2026-01-27T03:00:00Z,21236.7
2026-01-27T04:00:00Z,21968.4
2026-01-27T05:00:00Z,23007.7
2026-01-27T06:00:00Z,23524.7
2026-01-27T07:00:00Z,24805.9
2026-01-27T08:00:00Z,25509.8
2026-01-27T09:00:00Z,26671.8
2026-01-27T10:00:00Z,27652.4
2026-01-27T11:00:00Z,27606.2
2026-01-27T12:00:00Z,27975.7
2026-01-27T13:00:00Z,28815.1
2026-01-27T14:00:00Z,27550.5
2026-01-27T15:00:00Z,26354.4
2026-01-27T16:00:00Z,25530.6
2026-01-27T17:00:00Z,24893.5
2026-01-27T18:00:00Z,24092.2
2026-01-27T19:00:00Z,22597.0
2026-01-27T20:00:00Z,21883.3
2026-01-27T21:00:00Z,20758.1
2026-01-27T22:00:00Z,19521.3
2026-01-27T23:00:00Z,19878.4
2026-01-28T00:00:00Z,19081.4
2026-01-28T01:00:00Z,20104.0
2026-01-28T02:00:00Z,19625.3
2026-01-28T03:00:00Z,20496.5
2026-01-28T04:00:00Z,21265.4
2026-01-28T05:00:00Z,22438.5
2026-01-28T06:00:00Z,23857.1
2026-01-28T07:00:00Z,24764.7
2026-01-28T08:00:00Z,26346.5
2026-01-28T09:00:00Z,26982.4
2026-01-28T10:00:00Z,28118.8
2026-01-28T11:00:00Z,27998.4
2026-01-28T12:00:00Z,28605.2
2026-01-28T13:00:00Z,28421.1
2026-01-28T14:00:00Z,27476.5
2026-01-28T15:00:00Z,27771.7
2026-01-28T16:00:00Z,26471.2
2026-01-28T17:00:00Z,25041.0
2026-01-28T18:00:00Z,23616.5
2026-01-28T19:00:00Z,22512.5
2026-01-28T20:00:00Z,21409.6
2026-01-28T21:00:00Z,20661.2
2026-01-28T22:00:00Z,19428.4
2026-01-28T23:00:00Z,19428.6
2026-01-29T00:00:00Z,18940.3
2026-01-29T01:00:00Z,19936.7
2026-01-29T02:00:00Z,20045.5
2026-01-29T03:00:00Z,21087.1
2026-01-29T04:00:00Z,22271.9
2026-01-29T05:00:00Z,22632.6
2026-01-29T06:00:00Z,24353.6
2026-01-29T07:00:00Z,24892.0
2026-01-29T08:00:00Z,26056.7
2026-01-29T09:00:00Z,26388.1
2026-01-29T10:00:00Z,27476.9
2026-01-29T11:00:00Z,28422.1
2026-01-29T12:00:00Z,28225.5
2026-01-29T13:00:00Z,27749.6
2026-01-29T14:00:00Z,27449.2
2026-01-29T15:00:00Z,26467.5
2026-01-29T16:00:00Z,25573.0
2026-01-29T17:00:00Z,24218.6
2026-01-29T18:00:00Z,24018.5
2026-01-29T19:00:00Z,22864.8
2026-01-29T20:00:00Z,21347.0
2026-01-29T21:00:00Z,19969.7
2026-01-29T22:00:00Z,19675.4
2026-01-29T23:00:00Z,20069.0
2026-01-30T00:00:00Z,18584.2
2026-01-30T01:00:00Z,19042.0
2026-01-30T02:00:00Z,19497.4
2026-01-30T03:00:00Z,20675.2
2026-01-30T04:00:00Z,20823.9
2026-01-30T05:00:00Z,22464.3
2026-01-30T06:00:00Z,23208.3
2026-01-30T07:00:00Z,24529.8
2026-01-30T08:00:00Z,25280.1
2026-01-30T09:00:00Z,26847.0
2026-01-30T10:00:00Z,27172.8
2026-01-30T11:00:00Z,27579.1
2026-01-30T12:00:00Z,28358.3
2026-01-30T13:00:00Z,27928.6
2026-01-30T14:00:00Z,28234.9
2026-01-30T15:00:00Z,26808.6
2026-01-30T16:00:00Z,25764.8
2026-01-30T17:00:00Z,24710.4
2026-01-30T18:00:00Z,24539.9
2026-01-30T19:00:00Z,22832.5
2026-01-30T20:00:00Z,21193.4
2026-01-30T21:00:00Z,20499.2
2026-01-30T22:00:00Z,19483.4
2026-01-30T23:00:00Z,19479.3
2026-01-31T00:00:00Z,17571.4
2026-01-31T01:00:00Z,17702.0
2026-01-31T02:00:00Z,18517.0
2026-01-31T03:00:00Z,19561.3
2026-01-31T04:00:00Z,20294.0
2026-01-31T05:00:00Z,21324.0
2026-01-31T06:00:00Z,22209.4
2026-01-31T07:00:00Z,22443.5
2026-01-31T08:00:00Z,24348.8
2026-01-31T09:00:00Z,25251.6
2026-01-31T10:00:00Z,26232.7
2026-01-31T11:00:00Z,27129.5
2026-01-31T12:00:00Z,26910.3
2026-01-31T13:00:00Z,25827.7
2026-01-31T14:00:00Z,26041.4
2026-01-31T15:00:00Z,25239.7
2026-01-31T16:00:00Z,24676.3
2026-01-31T17:00:00Z,23315.5
2026-01-31T18:00:00Z,21477.8
2026-01-31T19:00:00Z,20704.3
2026-01-31T20:00:00Z,19851.5
2026-01-31T21:00:00Z,18289.0
2026-01-31T22:00:00Z,18300.1
2026-01-31T23:00:00Z,17796.1
2026-02-01T00:00:00Z,18059.7
2026-02-01T01:00:00Z,17767.3
2026-02-01T02:00:00Z,18020.9
2026-02-01T03:00:00Z,18911.0
2026-02-01T04:00:00Z,19882.7
2026-02-01T05:00:00Z,21308.1
2026-02-01T06:00:00Z,21736.8
2026-02-01T07:00:00Z,22399.8
2026-02-01T08:00:00Z,25339.2
2026-02-01T09:00:00Z,25511.7
2026-02-01T10:00:00Z,25948.5
2026-02-01T11:00:00Z,27280.7
2026-02-01T12:00:00Z,26100.6
2026-02-01T13:00:00Z,26079.9
2026-02-01T14:00:00Z,25768.0
2026-02-01T15:00:00Z,25409.7
2026-02-01T16:00:00Z,24136.2
2026-02-01T17:00:00Z,23530.4
2026-02-01T18:00:00Z,21958.5
2026-02-01T19:00:00Z,21427.6
2026-02-01T20:00:00Z,20045.8
2026-02-01T21:00:00Z,18332.7
2026-02-01T22:00:00Z,18235.6
2026-02-01T23:00:00Z,17377.1
2026-02-02T00:00:00Z,18742.9
2026-02-02T01:00:00Z,18945.0
2026-02-02T02:00:00Z,20227.2
2026-02-02T03:00:00Z,20004.8
2026-02-02T04:00:00Z,20407.5
2026-02-02T05:00:00Z,22120.8
2026-02-02T06:00:00Z,22791.8
2026-02-02T07:00:00Z,25061.2
2026-02-02T08:00:00Z,25711.2
2026-02-02T09:00:00Z,26953.5
2026-02-02T10:00:00Z,26918.8
2026-02-02T11:00:00Z,27119.7
2026-02-02T12:00:00Z,27771.6
2026-02-02T13:00:00Z,26994.6
2026-02-02T14:00:00Z,26704.9
2026-02-02T15:00:00Z,26077.2
2026-02-02T16:00:00Z,25388.8
2026-02-02T17:00:00Z,23801.6
2026-02-02T18:00:00Z,22450.7
2026-02-02T19:00:00Z,22614.1
2026-02-02T20:00:00Z,20803.2
2026-02-02T21:00:00Z,20019.6
2026-02-02T22:00:00Z,19607.3
2026-02-02T23:00:00Z,19105.7
2026-02-03T00:00:00Z,18453.9
2026-02-03T01:00:00Z,18683.5
2026-02-03T02:00:00Z,19901.0
2026-02-03T03:00:00Z,20473.0
2026-02-03T04:00:00Z,21200.5
2026-02-03T05:00:00Z,22615.6
2026-02-03T06:00:00Z,22429.4
2026-02-03T07:00:00Z,24336.8
2026-02-03T08:00:00Z,25252.8
2026-02-03T09:00:00Z,25553.0
2026-02-03T10:00:00Z,27109.6
2026-02-03T11:00:00Z,27668.7
2026-02-03T12:00:00Z,27675.1
2026-02-03T13:00:00Z,26745.6
2026-02-03T14:00:00Z,26901.8
2026-02-03T15:00:00Z,26359.3
2026-02-03T16:00:00Z,25270.6
2026-02-03T17:00:00Z,24397.0
2026-02-03T18:00:00Z,23331.5
2026-02-03T19:00:00Z,22530.9
2026-02-03T20:00:00Z,21014.8
2026-02-03T21:00:00Z,21000.9
2026-02-03T22:00:00Z,19385.9
2026-02-03T23:00:00Z,18968.9
2026-02-04T00:00:00Z,18915.1
2026-02-04T01:00:00Z,18745.3
2026-02-04T02:00:00Z,19094.0
2026-02-04T03:00:00Z,20388.6
2026-02-04T04:00:00Z,20034.1
2026-02-04T05:00:00Z,21242.9
2026-02-04T06:00:00Z,23841.7
2026-02-04T07:00:00Z,24484.7
2026-02-04T08:00:00Z,25481.3
2026-02-04T09:00:00Z,26310.7
2026-02-04T10:00:00Z,27007.7
2026-02-04T11:00:00Z,26987.8
2026-02-04T12:00:00Z,27388.6
2026-02-04T13:00:00Z,26958.6
2026-02-04T14:00:00Z,27337.0
2026-02-04T15:00:00Z,26437.6
2026-02-04T16:00:00Z,25369.7
2026-02-04T17:00:00Z,24356.3
2026-02-04T18:00:00Z,23011.8
2026-02-04T19:00:00Z,21479.7
2026-02-04T20:00:00Z,21487.2
2026-02-04T21:00:00Z,20171.2
2026-02-04T22:00:00Z,19156.0
2026-02-04T23:00:00Z,19001.4
2026-02-05T00:00:00Z,19017.9
2026-02-05T01:00:00Z,19134.7
2026-02-05T02:00:00Z,19382.6
2026-02-05T03:00:00Z,20149.7
2026-02-05T04:00:00Z,20670.8
2026-02-05T05:00:00Z,22337.1
2026-02-05T06:00:00Z,23333.2
2026-02-05T07:00:00Z,24481.7
2026-02-05T08:00:00Z,24703.4
2026-02-05T09:00:00Z,26354.4
2026-02-05T10:00:00Z,27068.9
2026-02-05T11:00:00Z,27562.0
2026-02-05T12:00:00Z,26430.5
2026-02-05T13:00:00Z,26552.8
2026-02-05T14:00:00Z,26919.9
2026-02-05T15:00:00Z,25751.4
2026-02-05T16:00:00Z,25335.1
2026-02-05T17:00:00Z,24084.4
2026-02-05T18:00:00Z,23295.2
2026-02-05T19:00:00Z,21609.8
2026-02-05T20:00:00Z,20348.6
2026-02-05T21:00:00Z,20029.2
2026-02-05T22:00:00Z,19021.2
2026-02-05T23:00:00Z,18237.8
2026-02-06T00:00:00Z,17692.6
2026-02-06T01:00:00Z,19781.8
2026-02-06T02:00:00Z,18898.7
2026-02-06T03:00:00Z,19648.2
2026-02-06T04:00:00Z,19914.4
2026-02-06T05:00:00Z,21341.4
2026-02-06T06:00:00Z,22814.4
2026-02-06T07:00:00Z,24146.3
2026-02-06T08:00:00Z,25386.8
2026-02-06T09:00:00Z,25726.9
2026-02-06T10:00:00Z,26897.8
2026-02-06T11:00:00Z,27594.5
2026-02-06T12:00:00Z,27115.0
2026-02-06T13:00:00Z,27131.4
2026-02-06T14:00:00Z,26030.5
2026-02-06T15:00:00Z,25699.3
2026-02-06T16:00:00Z,24566.4
2026-02-06T17:00:00Z,24274.6
2026-02-06T18:00:00Z,22803.4
2026-02-06T19:00:00Z,22328.0
2026-02-06T20:00:00Z,20726.4
2026-02-06T21:00:00Z,20040.1
2026-02-06T22:00:00Z,19227.1
2026-02-06T23:00:00Z,18665.8
2026-02-07T00:00:00Z,16710.3
2026-02-07T01:00:00Z,17897.2
2026-02-07T02:00:00Z,17677.4
2026-02-07T03:00:00Z,17717.0
2026-02-07T04:00:00Z,19115.9
2026-02-07T05:00:00Z,19985.6
2026-02-07T06:00:00Z,22001.5
2026-02-07T07:00:00Z,23100.5
2026-02-07T08:00:00Z,24354.2
2026-02-07T09:00:00Z,25522.3
2026-02-07T10:00:00Z,25147.7
2026-02-07T11:00:00Z,25118.6
2026-02-07T12:00:00Z,25630.7
2026-02-07T13:00:00Z,25994.0
2026-02-07T14:00:00Z,24362.9
2026-02-07T15:00:00Z,24460.4
2026-02-07T16:00:00Z,24093.3
2026-02-07T17:00:00Z,22376.2
2026-02-07T18:00:00Z,21507.5
2026-02-07T19:00:00Z,20058.5
2026-02-07T20:00:00Z,20003.2
2026-02-07T21:00:00Z,19162.4
2026-02-07T22:00:00Z,17323.5
2026-02-07T23:00:00Z,16945.6
2026-02-08T00:00:00Z,17082.2
2026-02-08T01:00:00Z,17451.3
2026-02-08T02:00:00Z,17795.2
2026-02-08T03:00:00Z,18589.4
2026-02-08T04:00:00Z,19639.9
2026-02-08T05:00:00Z,20798.7
2026-02-08T06:00:00Z,22208.2
2026-02-08T07:00:00Z,22710.4
2026-02-08T08:00:00Z,23534.9
2026-02-08T09:00:00Z,24608.6
2026-02-08T10:00:00Z,26199.5
2026-02-08T11:00:00Z,26111.8
2026-02-08T12:00:00Z,26216.7
2026-02-08T13:00:00Z,26309.4
2026-02-08T14:00:00Z,25825.0
2026-02-08T15:00:00Z,25552.8
2026-02-08T16:00:00Z,23419.7
2026-02-08T17:00:00Z,22737.2
2026-02-08T18:00:00Z,21801.2
2026-02-08T19:00:00Z,20678.2
2026-02-08T20:00:00Z,19144.5
2026-02-08T21:00:00Z,17749.6
2026-02-08T22:00:00Z,17562.9
2026-02-08T23:00:00Z,16957.8
2026-02-09T00:00:00Z,18176.1
2026-02-09T01:00:00Z,18790.3
2026-02-09T02:00:00Z,19078.9
2026-02-09T03:00:00Z,19074.3
2026-02-09T04:00:00Z,20143.0
2026-02-09T05:00:00Z,21574.7
2026-02-09T06:00:00Z,23085.1
2026-02-09T07:00:00Z,23769.9
2026-02-09T08:00:00Z,24947.5
2026-02-09T09:00:00Z,25198.7
2026-02-09T10:00:00Z,26295.9
2026-02-09T11:00:00Z,26620.7
2026-02-09T12:00:00Z,27151.4
2026-02-09T13:00:00Z,26817.4
2026-02-09T14:00:00Z,26139.1
2026-02-09T15:00:00Z,25351.8
2026-02-09T16:00:00Z,24929.0
2026-02-09T17:00:00Z,23526.2
2026-02-09T18:00:00Z,23063.8
2026-02-09T19:00:00Z,21536.2
2026-02-09T20:00:00Z,20304.2
2026-02-09T21:00:00Z,19835.9
2026-02-09T22:00:00Z,18322.0
2026-02-09T23:00:00Z,18687.9
2026-02-10T00:00:00Z,17822.4
2026-02-10T01:00:00Z,18528.1
2026-02-10T02:00:00Z,18430.0
2026-02-10T03:00:00Z,19031.8
2026-02-10T04:00:00Z,19605.0
2026-02-10T05:00:00Z,21398.0
2026-02-10T06:00:00Z,22714.4
2026-02-10T07:00:00Z,23140.0
2026-02-10T08:00:00Z,25426.1
2026-02-10T09:00:00Z,25657.2
2026-02-10T10:00:00Z,25935.0
2026-02-10T11:00:00Z,27561.0
2026-02-10T12:00:00Z,26805.2
2026-02-10T13:00:00Z,27370.1
2026-02-10T14:00:00Z,25285.4
2026-02-10T15:00:00Z,26486.9
2026-02-10T16:00:00Z,24815.0
2026-02-10T17:00:00Z,23670.2
2026-02-10T18:00:00Z,22646.7
2026-02-10T19:00:00Z,20932.4
2026-02-10T20:00:00Z,20659.8
2026-02-10T21:00:00Z,19554.7
2026-02-10T22:00:00Z,18804.0
2026-02-10T23:00:00Z,18019.7
2026-02-11T00:00:00Z,17554.8
2026-02-11T01:00:00Z,18289.5
2026-02-11T02:00:00Z,18908.4
2026-02-11T03:00:00Z,19352.2
2026-02-11T04:00:00Z,20140.8
2026-02-11T05:00:00Z,21087.6
2026-02-11T06:00:00Z,22708.6
2026-02-11T07:00:00Z,24138.0
2026-02-11T08:00:00Z,24593.8
2026-02-11T09:00:00Z,25244.6
2026-02-11T10:00:00Z,27217.7
2026-02-11T11:00:00Z,26124.3
2026-02-11T12:00:00Z,26968.4
2026-02-11T13:00:00Z,26679.1
2026-02-11T14:00:00Z,26776.3
2026-02-11T15:00:00Z,25517.8
2026-02-11T16:00:00Z,24016.9
2026-02-11T17:00:00Z,23148.3
2026-02-11T18:00:00Z,22475.1
2026-02-11T19:00:00Z,21276.7
2026-02-11T20:00:00Z,19962.7
2026-02-11T21:00:00Z,19083.1
2026-02-11T22:00:00Z,17996.1
2026-02-11T23:00:00Z,17583.7
2026-02-12T00:00:00Z,17673.1
2026-02-12T01:00:00Z,17801.4
2026-02-12T02:00:00Z,18453.6
2026-02-12T03:00:00Z,18763.1
2026-02-12T04:00:00Z,20728.1
2026-02-12T05:00:00Z,20532.9
2026-02-12T06:00:00Z,22681.7
2026-02-12T07:00:00Z,23709.1
2026-02-12T08:00:00Z,25174.2
2026-02-12T09:00:00Z,26017.3
2026-02-12T10:00:00Z,25692.9
2026-02-12T11:00:00Z,26775.2
2026-02-12T12:00:00Z,27082.5
2026-02-12T13:00:00Z,27000.9
2026-02-12T14:00:00Z,26395.4
2026-02-12T15:00:00Z,25278.0
2026-02-12T16:00:00Z,25068.9
2026-02-12T17:00:00Z,23462.9
2026-02-12T18:00:00Z,22174.8
2026-02-12T19:00:00Z,21283.9
2026-02-12T20:00:00Z,19973.7
2026-02-12T21:00:00Z,18971.1
2026-02-12T22:00:00Z,18567.1
2026-02-12T23:00:00Z,19078.9
2026-02-13T00:00:00Z,17965.6
2026-02-13T01:00:00Z,18025.9
2026-02-13T02:00:00Z,18267.5
2026-02-13T03:00:00Z,19276.9
2026-02-13T04:00:00Z,19613.4
2026-02-13T05:00:00Z,21317.2
2026-02-13T06:00:00Z,22383.0
2026-02-13T07:00:00Z,23462.2
2026-02-13T08:00:00Z,24679.4
2026-02-13T09:00:00Z,25342.3
2026-02-13T10:00:00Z,26374.6
2026-02-13T11:00:00Z,26769.5
2026-02-13T12:00:00Z,26928.8
2026-02-13T13:00:00Z,26566.9
2026-02-13T14:00:00Z,26457.2
2026-02-13T15:00:00Z,25348.4
2026-02-13T16:00:00Z,24987.6
2026-02-13T17:00:00Z,23386.7
2026-02-13T18:00:00Z,22765.7
2026-02-13T19:00:00Z,21229.9
2026-02-13T20:00:00Z,20052.0
2026-02-13T21:00:00Z,18763.5
2026-02-13T22:00:00Z,18679.9
2026-02-13T23:00:00Z,18133.5
2026-02-14T00:00:00Z,16548.7
2026-02-14T01:00:00Z,16836.9
2026-02-14T02:00:00Z,17175.7
2026-02-14T03:00:00Z,17482.6
2026-02-14T04:00:00Z,18303.1
2026-02-14T05:00:00Z,20058.2
2026-02-14T06:00:00Z,21035.7
2026-02-14T07:00:00Z,22692.2
2026-02-14T08:00:00Z,23948.2
2026-02-14T09:00:00Z,24417.8
2026-02-14T10:00:00Z,25051.4
2026-02-14T11:00:00Z,25466.9
2026-02-14T12:00:00Z,25443.0
2026-02-14T13:00:00Z,25010.1
2026-02-14T14:00:00Z,23812.0
2026-02-14T15:00:00Z,24394.0
2026-02-14T16:00:00Z,23408.7
2026-02-14T17:00:00Z,22128.8
2026-02-14T18:00:00Z,21017.1
2026-02-14T19:00:00Z,20188.1
2026-02-14T20:00:00Z,19098.0
2026-02-14T21:00:00Z,17904.8
2026-02-14T22:00:00Z,17032.7
2026-02-14T23:00:00Z,16911.6
2026-02-15T00:00:00Z,16753.2
2026-02-15T01:00:00Z,17438.6
2026-02-15T02:00:00Z,16699.4
2026-02-15T03:00:00Z,17937.7
2026-02-15T04:00:00Z,18333.8
2026-02-15T05:00:00Z,19565.0
2026-02-15T06:00:00Z,21775.5
2026-02-15T07:00:00Z,21876.2
2026-02-15T08:00:00Z,23055.6
2026-02-15T09:00:00Z,23802.9
2026-02-15T10:00:00Z,25053.7
2026-02-15T11:00:00Z,25010.2
2026-02-15T12:00:00Z,24688.8
2026-02-15T13:00:00Z,25222.8
2026-02-15T14:00:00Z,25039.5
2026-02-15T15:00:00Z,24011.2
2026-02-15T16:00:00Z,23161.3
2026-02-15T17:00:00Z,21766.8
2026-02-15T18:00:00Z,20526.7
2026-02-15T19:00:00Z,19736.2
2026-02-15T20:00:00Z,18233.2
2026-02-15T21:00:00Z,17577.2
2026-02-15T22:00:00Z,16663.6
2026-02-15T23:00:00Z,16506.3
2026-02-16T00:00:00Z,17896.0
2026-02-16T01:00:00Z,17731.7
2026-02-16T02:00:00Z,18618.1
2026-02-16T03:00:00Z,19030.8
2026-02-16T04:00:00Z,19760.6
2026-02-16T05:00:00Z,20535.3
2026-02-16T06:00:00Z,22065.8
2026-02-16T07:00:00Z,22733.1
2026-02-16T08:00:00Z,24531.6
2026-02-16T09:00:00Z,24651.5
2026-02-16T10:00:00Z,25338.0
2026-02-16T11:00:00Z,25984.5
2026-02-16T12:00:00Z,25824.1
2026-02-16T13:00:00Z,26348.5
2026-02-16T14:00:00Z,25571.2
2026-02-16T15:00:00Z,24984.4
2026-02-16T16:00:00Z,24475.8
2026-02-16T17:00:00Z,22331.9
2026-02-16T18:00:00Z,21928.5
2026-02-16T19:00:00Z,21009.5
2026-02-16T20:00:00Z,20192.1
2026-02-16T21:00:00Z,18936.1
2026-02-16T22:00:00Z,17926.3
2026-02-16T23:00:00Z,18092.2
2026-02-17T00:00:00Z,17857.3
2026-02-17T01:00:00Z,18497.4
2026-02-17T02:00:00Z,18916.9
2026-02-17T03:00:00Z,18726.7
2026-02-17T04:00:00Z,20244.4
2026-02-17T05:00:00Z,20873.5
2026-02-17T06:00:00Z,21555.2
2026-02-17T07:00:00Z,23358.0
2026-02-17T08:00:00Z,24656.2
2026-02-17T09:00:00Z,24186.0
2026-02-17T10:00:00Z,26288.9
2026-02-17T11:00:00Z,25911.5
2026-02-17T12:00:00Z,26988.3
2026-02-17T13:00:00Z,26316.2
2026-02-17T14:00:00Z,25840.5
2026-02-17T15:00:00Z,25608.7
2026-02-17T16:00:00Z,24033.3
2026-02-17T17:00:00Z,23883.8
2026-02-17T18:00:00Z,21576.5
2026-02-17T19:00:00Z,20565.1
2026-02-17T20:00:00Z,19310.5
2026-02-17T21:00:00Z,19008.6
2026-02-17T22:00:00Z,18071.6
2026-02-17T23:00:00Z,17958.5
2026-02-18T00:00:00Z,17838.9
2026-02-18T01:00:00Z,17875.6
2026-02-18T02:00:00Z,18426.2
2026-02-18T03:00:00Z,19134.9
2026-02-18T04:00:00Z,19606.4
2026-02-18T05:00:00Z,20427.4
2026-02-18T06:00:00Z,21482.4
2026-02-18T07:00:00Z,23286.0
2026-02-18T08:00:00Z,23869.7
2026-02-18T09:00:00Z,24621.0
2026-02-18T10:00:00Z,25374.6
2026-02-18T11:00:00Z,26052.8
2026-02-18T12:00:00Z,26373.2
2026-02-18T13:00:00Z,26038.0
2026-02-18T14:00:00Z,25299.9
2026-02-18T15:00:00Z,25189.2
2026-02-18T16:00:00Z,23218.0
2026-02-18T17:00:00Z,22870.1
2026-02-18T18:00:00Z,22237.1
2026-02-18T19:00:00Z,20794.9
2026-02-18T20:00:00Z,20074.3
2026-02-18T21:00:00Z,18743.3
2026-02-18T22:00:00Z,18217.6
2026-02-18T23:00:00Z,17570.6
2026-02-19T00:00:00Z,17160.0
2026-02-19T01:00:00Z,17616.6
2026-02-19T02:00:00Z,18283.6
2026-02-19T03:00:00Z,17872.9
2026-02-19T04:00:00Z,19228.4
2026-02-19T05:00:00Z,19810.4
2026-02-19T06:00:00Z,21397.1
2026-02-19T07:00:00Z,22411.0
2026-02-19T08:00:00Z,23783.5
2026-02-19T09:00:00Z,24770.6
2026-02-19T10:00:00Z,25949.2
2026-02-19T11:00:00Z,26495.6
2026-02-19T12:00:00Z,25874.4
2026-02-19T13:00:00Z,25839.9
2026-02-19T14:00:00Z,25819.5
2026-02-19T15:00:00Z,24634.3
2026-02-19T16:00:00Z,23805.4
2026-02-19T17:00:00Z,22187.9
2026-02-19T18:00:00Z,22016.2
2026-02-19T19:00:00Z,20691.1
2026-02-19T20:00:00Z,19158.7
2026-02-19T21:00:00Z,18102.9
2026-02-19T22:00:00Z,17495.9
2026-02-19T23:00:00Z,17620.9
2026-02-20T00:00:00Z,17042.0
2026-02-20T01:00:00Z,16914.8
2026-02-20T02:00:00Z,17696.2
2026-02-20T03:00:00Z,18849.7
2026-02-20T04:00:00Z,19917.8
2026-02-20T05:00:00Z,21022.9
2026-02-20T06:00:00Z,21714.4
2026-02-20T07:00:00Z,22914.6
2026-02-20T08:00:00Z,23998.9
2026-02-20T09:00:00Z,25060.1
2026-02-20T10:00:00Z,25736.9
2026-02-20T11:00:00Z,25594.0
2026-02-20T12:00:00Z,25831.2
2026-02-20T13:00:00Z,25812.6
2026-02-20T14:00:00Z,25781.8
2026-02-20T15:00:00Z,24617.9
2026-02-20T16:00:00Z,23601.8
2026-02-20T17:00:00Z,23207.6
2026-02-20T18:00:00Z,22225.3
2026-02-20T19:00:00Z,20184.2
2026-02-20T20:00:00Z,19404.9
2026-02-20T21:00:00Z,18973.8
2026-02-20T22:00:00Z,17682.7
2026-02-20T23:00:00Z,17736.9
2026-02-21T00:00:00Z,15394.9
2026-02-21T01:00:00Z,15997.7
2026-02-21T02:00:00Z,16771.5
2026-02-21T03:00:00Z,17806.1
2026-02-21T04:00:00Z,18505.7
2026-02-21T05:00:00Z,18606.0
2026-02-21T06:00:00Z,19785.8
2026-02-21T07:00:00Z,21184.8
2026-02-21T08:00:00Z,22894.4
2026-02-21T09:00:00Z,23775.4
2026-02-21T10:00:00Z,24614.8
2026-02-21T11:00:00Z,24908.8
2026-02-21T12:00:00Z,24583.5
2026-02-21T13:00:00Z,24505.7
2026-02-21T14:00:00Z,23869.0
2026-02-21T15:00:00Z,23813.4
2026-02-21T16:00:00Z,22105.6
2026-02-21T17:00:00Z,21534.8
2026-02-21T18:00:00Z,20455.7
2026-02-21T19:00:00Z,19679.1
2026-02-21T20:00:00Z,17857.0
2026-02-21T21:00:00Z,17377.0
2026-02-21T22:00:00Z,16144.1
2026-02-21T23:00:00Z,16465.2
2026-02-22T00:00:00Z,15713.4
2026-02-22T01:00:00Z,15885.6
2026-02-22T02:00:00Z,16085.8
2026-02-22T03:00:00Z,16920.5
2026-02-22T04:00:00Z,17824.0
2026-02-22T05:00:00Z,18907.9
2026-02-22T06:00:00Z,20722.6
2026-02-22T07:00:00Z,21062.0
2026-02-22T08:00:00Z,22595.5
2026-02-22T09:00:00Z,23737.9
2026-02-22T10:00:00Z,23700.6
2026-02-22T11:00:00Z,23761.2
2026-02-22T12:00:00Z,24899.0
2026-02-22T13:00:00Z,23949.4
2026-02-22T14:00:00Z,23835.3
2026-02-22T15:00:00Z,23385.9
2026-02-22T16:00:00Z,22607.3
2026-02-22T17:00:00Z,21333.6
2026-02-22T18:00:00Z,20021.6
2026-02-22T19:00:00Z,19511.8
2026-02-22T20:00:00Z,18152.8
2026-02-22T21:00:00Z,17873.1
2026-02-22T22:00:00Z,16105.9
2026-02-22T23:00:00Z,15968.0
2026-02-23T00:00:00Z,16991.0
2026-02-23T01:00:00Z,17361.4
2026-02-23T02:00:00Z,17688.6
2026-02-23T03:00:00Z,18316.1
2026-02-23T04:00:00Z,19961.7
2026-02-23T05:00:00Z,20235.7
2026-02-23T06:00:00Z,21609.5
2026-02-23T07:00:00Z,22662.8
2026-02-23T08:00:00Z,23433.1
2026-02-23T09:00:00Z,24860.0
2026-02-23T10:00:00Z,24586.0
2026-02-23T11:00:00Z,26158.3
2026-02-23T12:00:00Z,25296.9
2026-02-23T13:00:00Z,25611.1
2026-02-23T14:00:00Z,25323.9
2026-02-23T15:00:00Z,24396.5
2026-02-23T16:00:00Z,23466.9
2026-02-23T17:00:00Z,23042.1
2026-02-23T18:00:00Z,22342.5
2026-02-23T19:00:00Z,20688.1
2026-02-23T20:00:00Z,19287.8
2026-02-23T21:00:00Z,18073.1
2026-02-23T22:00:00Z,17315.3
2026-02-23T23:00:00Z,17614.4
2026-02-24T00:00:00Z,17269.8
2026-02-24T01:00:00Z,17580.2
2026-02-24T02:00:00Z,17904.7
2026-02-24T03:00:00Z,18730.9
2026-02-24T04:00:00Z,18927.0
2026-02-24T05:00:00Z,19926.7
2026-02-24T06:00:00Z,20989.7
2026-02-24T07:00:00Z,22507.1
2026-02-24T08:00:00Z,23515.0
2026-02-24T09:00:00Z,24547.3
2026-02-24T10:00:00Z,24759.4
2026-02-24T11:00:00Z,25717.9
2026-02-24T12:00:00Z,26106.4
2026-02-24T13:00:00Z,25682.5
2026-02-24T14:00:00Z,24200.6
2026-02-24T15:00:00Z,24496.5
2026-02-24T16:00:00Z,23452.6
2026-02-24T17:00:00Z,22859.6
2026-02-24T18:00:00Z,21308.6
2026-02-24T19:00:00Z,20457.3
2026-02-24T20:00:00Z,19006.1
2026-02-24T21:00:00Z,18354.2
2026-02-24T22:00:00Z,17890.4
2026-02-24T23:00:00Z,16982.5
2026-02-25T00:00:00Z,16974.3
2026-02-25T01:00:00Z,17070.4
2026-02-25T02:00:00Z,17681.5
2026-02-25T03:00:00Z,18113.3
2026-02-25T04:00:00Z,19254.3
2026-02-25T05:00:00Z,19463.3
2026-02-25T06:00:00Z,21207.7
2026-02-25T07:00:00Z,22750.9
2026-02-25T08:00:00Z,23762.0
2026-02-25T09:00:00Z,24071.1
2026-02-25T10:00:00Z,24837.1
2026-02-25T11:00:00Z,25726.3
2026-02-25T12:00:00Z,25863.4
2026-02-25T13:00:00Z,25751.3
2026-02-25T14:00:00Z,25158.8
2026-02-25T15:00:00Z,24470.0
2026-02-25T16:00:00Z,23897.5
2026-02-25T17:00:00Z,22094.5
2026-02-25T18:00:00Z,20778.5
2026-02-25T19:00:00Z,20521.2
2026-02-25T20:00:00Z,18791.3
2026-02-25T21:00:00Z,18412.4
2026-02-25T22:00:00Z,17199.7
2026-02-25T23:00:00Z,16598.2
2026-02-26T00:00:00Z,17358.1
2026-02-26T01:00:00Z,16909.1
2026-02-26T02:00:00Z,16854.7
2026-02-26T03:00:00Z,18000.6
2026-02-26T04:00:00Z,18936.7
2026-02-26T05:00:00Z,19991.9
2026-02-26T06:00:00Z,21278.9
2026-02-26T07:00:00Z,21937.1
2026-02-26T08:00:00Z,23328.6
2026-02-26T09:00:00Z,24519.8
2026-02-26T10:00:00Z,25287.0
2026-02-26T11:00:00Z,25532.1
2026-02-26T12:00:00Z,25353.7
2026-02-26T13:00:00Z,24768.3
2026-02-26T14:00:00Z,25599.6
2026-02-26T15:00:00Z,23936.9
2026-02-26T16:00:00Z,23265.6
2026-02-26T17:00:00Z,22368.9
2026-02-26T18:00:00Z,21381.2
2026-02-26T19:00:00Z,20058.7
2026-02-26T20:00:00Z,18695.3
2026-02-26T21:00:00Z,18064.9
2026-02-26T22:00:00Z,18143.1
2026-02-26T23:00:00Z,17860.0
2026-02-27T00:00:00Z,16627.5
2026-02-27T01:00:00Z,17099.5
2026-02-27T02:00:00Z,16654.9
2026-02-27T03:00:00Z,18087.5
2026-02-27T04:00:00Z,19191.8
2026-02-27T05:00:00Z,19886.0
2026-02-27T06:00:00Z,21821.1
2026-02-27T07:00:00Z,22619.3
2026-02-27T08:00:00Z,23592.1
2026-02-27T09:00:00Z,23313.6
2026-02-27T10:00:00Z,24760.9
2026-02-27T11:00:00Z,25695.6
2026-02-27T12:00:00Z,25401.1
2026-02-27T13:00:00Z,24779.9
2026-02-27T14:00:00Z,24774.8
2026-02-27T15:00:00Z,24848.3
2026-02-27T16:00:00Z,23617.8
2026-02-27T17:00:00Z,22617.6
2026-02-27T18:00:00Z,21220.7
2026-02-27T19:00:00Z,20599.5
2026-02-27T20:00:00Z,17892.8
2026-02-27T21:00:00Z,17570.0
2026-02-27T22:00:00Z,18019.8
2026-02-27T23:00:00Z,17255.5
2026-02-28T00:00:00Z,15501.6
2026-02-28T01:00:00Z,15435.6
2026-02-28T02:00:00Z,15334.2
2026-02-28T03:00:00Z,16552.6
2026-02-28T04:00:00Z,17577.3
2026-02-28T05:00:00Z,18356.8
2026-02-28T06:00:00Z,20358.0
2026-02-28T07:00:00Z,21378.4
2026-02-28T08:00:00Z,21961.0
2026-02-28T09:00:00Z,23319.1
2026-02-28T10:00:00Z,23674.0
2026-02-28T11:00:00Z,24233.4
2026-02-28T12:00:00Z,24106.0
2026-02-28T13:00:00Z,25053.0
2026-02-28T14:00:00Z,23134.5
2026-02-28T15:00:00Z,22932.2
2026-02-28T16:00:00Z,22450.8
2026-02-28T17:00:00Z,21377.8
2026-02-28T18:00:00Z,19246.8
2026-02-28T19:00:00Z,18349.9
2026-02-28T20:00:00Z,17595.4
2026-02-28T21:00:00Z,16415.8
2026-02-28T22:00:00Z,15759.3
2026-02-28T23:00:00Z,15471.3
2026-03-01T00:00:00Z,15286.0
2026-03-01T01:00:00Z,15904.0
2026-03-01T02:00:00Z,15306.8
2026-03-01T03:00:00Z,17035.4
2026-03-01T04:00:00Z,17477.8
2026-03-01T05:00:00Z,18848.6
2026-03-01T06:00:00Z,19650.9
2026-03-01T07:00:00Z,21800.6
2026-03-01T08:00:00Z,21329.9
2026-03-01T09:00:00Z,23357.1
2026-03-01T10:00:00Z,23456.9
2026-03-01T11:00:00Z,23980.0
2026-03-01T12:00:00Z,24744.4
2026-03-01T13:00:00Z,23991.2
2026-03-01T14:00:00Z,23959.4
2026-03-01T15:00:00Z,23458.0
2026-03-01T16:00:00Z,21779.4
2026-03-01T17:00:00Z,21682.2
2026-03-01T18:00:00Z,20251.6
2026-03-01T19:00:00Z,18553.9
2026-03-01T20:00:00Z,17649.5
2026-03-01T21:00:00Z,16383.5
2026-03-01T22:00:00Z,16052.9
2026-03-01T23:00:00Z,15824.6
2026-03-02T00:00:00Z,16886.3
2026-03-02T01:00:00Z,16748.3
2026-03-02T02:00:00Z,16915.6
2026-03-02T03:00:00Z,17573.2
2026-03-02T04:00:00Z,18376.1
2026-03-02T05:00:00Z,19697.7
2026-03-02T06:00:00Z,21172.8
2026-03-02T07:00:00Z,21881.4
2026-03-02T08:00:00Z,22914.2
2026-03-02T09:00:00Z,23693.1
2026-03-02T10:00:00Z,25002.7
2026-03-02T11:00:00Z,25137.1
2026-03-02T12:00:00Z,24783.5
2026-03-02T13:00:00Z,25644.5
2026-03-02T14:00:00Z,25183.1
2026-03-02T15:00:00Z,24092.2
2026-03-02T16:00:00Z,23036.1
2026-03-02T17:00:00Z,22083.5
2026-03-02T18:00:00Z,20605.4
2026-03-02T19:00:00Z,20172.8
2026-03-02T20:00:00Z,19244.4
2026-03-02T21:00:00Z,18193.3
2026-03-02T22:00:00Z,17195.4
2026-03-02T23:00:00Z,16750.3
2026-03-03T00:00:00Z,16642.2
2026-03-03T01:00:00Z,17229.2
2026-03-03T02:00:00Z,16744.2
2026-03-03T03:00:00Z,17737.2
2026-03-03T04:00:00Z,18407.6
2026-03-03T05:00:00Z,19283.2
2026-03-03T06:00:00Z,21004.0
2026-03-03T07:00:00Z,22447.8
2026-03-03T08:00:00Z,22706.0
2026-03-03T09:00:00Z,24382.4
2026-03-03T10:00:00Z,24970.7
2026-03-03T11:00:00Z,25337.5
2026-03-03T12:00:00Z,25820.0
2026-03-03T13:00:00Z,24920.9
2026-03-03T14:00:00Z,25319.5
2026-03-03T15:00:00Z,23883.9
2026-03-03T16:00:00Z,23299.0
2026-03-03T17:00:00Z,21456.5
2026-03-03T18:00:00Z,21240.6
2026-03-03T19:00:00Z,19742.6
2026-03-03T20:00:00Z,18452.9
2026-03-03T21:00:00Z,17362.1
2026-03-03T22:00:00Z,17112.6
2026-03-03T23:00:00Z,17086.4
2026-03-04T00:00:00Z,16573.0
2026-03-04T01:00:00Z,16401.5
2026-03-04T02:00:00Z,16687.0
2026-03-04T03:00:00Z,17287.6
2026-03-04T04:00:00Z,18472.1
2026-03-04T05:00:00Z,19069.5
2026-03-04T06:00:00Z,20671.7
2026-03-04T07:00:00Z,22364.1
2026-03-04T08:00:00Z,23005.9
2026-03-04T09:00:00Z,23889.4
2026-03-04T10:00:00Z,24429.2
2026-03-04T11:00:00Z,25358.2
2026-03-04T12:00:00Z,25479.1
2026-03-04T13:00:00Z,25619.9
2026-03-04T14:00:00Z,24392.0
2026-03-04T15:00:00Z,23532.8
2026-03-04T16:00:00Z,22801.2
2026-03-04T17:00:00Z,21500.0
2026-03-04T18:00:00Z,20788.3
2026-03-04T19:00:00Z,19498.9
2026-03-04T20:00:00Z,18269.8
2026-03-04T21:00:00Z,17650.9
2026-03-04T22:00:00Z,17336.0
2026-03-04T23:00:00Z,16785.9
2026-03-05T00:00:00Z,16071.4
2026-03-05T01:00:00Z,16467.8
2026-03-05T02:00:00Z,17013.9
2026-03-05T03:00:00Z,17847.5
2026-03-05T04:00:00Z,18393.6
2026-03-05T05:00:00Z,19114.4
2026-03-05T06:00:00Z,20866.0
2026-03-05T07:00:00Z,21527.5
2026-03-05T08:00:00Z,22819.5
2026-03-05T09:00:00Z,23775.4
2026-03-05T10:00:00Z,24920.2
2026-03-05T11:00:00Z,24848.6
2026-03-05T12:00:00Z,25233.9
2026-03-05T13:00:00Z,24943.3
2026-03-05T14:00:00Z,24376.6
2026-03-05T15:00:00Z,24199.4
2026-03-05T16:00:00Z,22784.7
2026-03-05T17:00:00Z,22062.2
2026-03-05T18:00:00Z,20843.7
2026-03-05T19:00:00Z,18905.9
2026-03-05T20:00:00Z,17910.4
2026-03-05T21:00:00Z,16436.0
2026-03-05T22:00:00Z,17005.2
2026-03-05T23:00:00Z,16549.2
2026-03-06T00:00:00Z,16044.2
2026-03-06T01:00:00Z,16195.5
2026-03-06T02:00:00Z,16713.9
2026-03-06T03:00:00Z,17304.2
2026-03-06T04:00:00Z,18441.3
2026-03-06T05:00:00Z,19511.8
2026-03-06T06:00:00Z,20344.6
2026-03-06T07:00:00Z,22347.5
2026-03-06T08:00:00Z,23264.4
2026-03-06T09:00:00Z,23660.2
2026-03-06T10:00:00Z,25316.9
2026-03-06T11:00:00Z,25863.8
2026-03-06T12:00:00Z,25568.5
2026-03-06T13:00:00Z,25400.6
2026-03-06T14:00:00Z,24301.8
2026-03-06T15:00:00Z,23696.2
2026-03-06T16:00:00Z,22310.4
2026-03-06T17:00:00Z,21669.9
2026-03-06T18:00:00Z,21036.8
2026-03-06T19:00:00Z,19377.4
2026-03-06T20:00:00Z,17839.3
2026-03-06T21:00:00Z,18132.3
2026-03-06T22:00:00Z,17562.2
2026-03-06T23:00:00Z,16951.9
2026-03-07T00:00:00Z,14381.9
2026-03-07T01:00:00Z,15403.4
2026-03-07T02:00:00Z,15234.7
2026-03-07T03:00:00Z,16194.8
2026-03-07T04:00:00Z,17423.3
2026-03-07T05:00:00Z,18800.9
2026-03-07T06:00:00Z,19151.8
2026-03-07T07:00:00Z,20402.3
2026-03-07T08:00:00Z,21133.7
2026-03-07T09:00:00Z,22522.4
2026-03-07T10:00:00Z,22864.0
2026-03-07T11:00:00Z,23484.2
2026-03-07T12:00:00Z,24100.3
2026-03-07T13:00:00Z,23663.2
2026-03-07T14:00:00Z,23269.3
2026-03-07T15:00:00Z,22623.9
2026-03-07T16:00:00Z,21898.6
2026-03-07T17:00:00Z,21044.6
2026-03-07T18:00:00Z,18952.4
2026-03-07T19:00:00Z,17639.7
2026-03-07T20:00:00Z,17356.9
2026-03-07T21:00:00Z,16504.7
2026-03-07T22:00:00Z,16058.0
2026-03-07T23:00:00Z,15389.9
2026-03-08T00:00:00Z,15527.8
2026-03-08T01:00:00Z,15227.2
2026-03-08T02:00:00Z,15245.1
2026-03-08T03:00:00Z,16557.3
2026-03-08T04:00:00Z,16773.5
2026-03-08T05:00:00Z,17919.6
2026-03-08T06:00:00Z,19473.4
2026-03-08T07:00:00Z,20375.5
2026-03-08T08:00:00Z,21886.4
2026-03-08T09:00:00Z,22320.1
2026-03-08T10:00:00Z,23841.6
2026-03-08T11:00:00Z,23227.8
2026-03-08T12:00:00Z,24020.0
2026-03-08T13:00:00Z,23435.4
2026-03-08T14:00:00Z,23689.0
2026-03-08T15:00:00Z,22246.4
2026-03-08T16:00:00Z,21825.2
2026-03-08T17:00:00Z,19297.2
2026-03-08T18:00:00Z,19050.6
2026-03-08T19:00:00Z,18789.8
2026-03-08T20:00:00Z,17178.6
2026-03-08T21:00:00Z,16220.4
2026-03-08T22:00:00Z,15813.5
2026-03-08T23:00:00Z,15935.9
2026-03-09T00:00:00Z,15654.0
2026-03-09T01:00:00Z,16183.6
2026-03-09T02:00:00Z,16486.4
2026-03-09T03:00:00Z,17623.2
2026-03-09T04:00:00Z,18018.7
2026-03-09T05:00:00Z,18770.4
2026-03-09T06:00:00Z,19932.7
2026-03-09T07:00:00Z,21892.6
2026-03-09T08:00:00Z,22795.2
2026-03-09T09:00:00Z,23955.0
2026-03-09T10:00:00Z,23746.2
2026-03-09T11:00:00Z,24449.1
2026-03-09T12:00:00Z,24732.9
2026-03-09T13:00:00Z,25099.9
2026-03-09T14:00:00Z,24506.7
2026-03-09T15:00:00Z,23572.9
2026-03-09T16:00:00Z,22344.3
2026-03-09T17:00:00Z,21718.8
2026-03-09T18:00:00Z,20323.6
2026-03-09T19:00:00Z,19682.5
2026-03-09T20:00:00Z,18931.4
2026-03-09T21:00:00Z,17408.5
2026-03-09T22:00:00Z,16243.1
2026-03-09T23:00:00Z,17101.3
2026-03-10T00:00:00Z,16242.2
2026-03-10T01:00:00Z,16357.0
2026-03-10T02:00:00Z,16643.7
2026-03-10T03:00:00Z,17370.2
2026-03-10T04:00:00Z,18259.6
2026-03-10T05:00:00Z,19392.3
2026-03-10T06:00:00Z,19886.3
2026-03-10T07:00:00Z,21326.3
2026-03-10T08:00:00Z,22628.0
2026-03-10T09:00:00Z,23635.2
2026-03-10T10:00:00Z,24358.4
2026-03-10T11:00:00Z,24888.5
2026-03-10T12:00:00Z,24202.8
2026-03-10T13:00:00Z,24369.6
2026-03-10T14:00:00Z,24037.4
2026-03-10T15:00:00Z,23630.1
2026-03-10T16:00:00Z,22590.8
2026-03-10T17:00:00Z,22327.9
2026-03-10T18:00:00Z,20303.1
2026-03-10T19:00:00Z,19206.0
2026-03-10T20:00:00Z,17651.0
2026-03-10T21:00:00Z,17985.3
2026-03-10T22:00:00Z,16633.5
2026-03-10T23:00:00Z,16117.4
2026-03-11T00:00:00Z,15710.9
2026-03-11T01:00:00Z,16133.9
2026-03-11T02:00:00Z,16414.8
2026-03-11T03:00:00Z,17701.2
2026-03-11T04:00:00Z,17868.8
2026-03-11T05:00:00Z,19077.5
2026-03-11T06:00:00Z,20189.2
2026-03-11T07:00:00Z,21753.7
2026-03-11T08:00:00Z,22727.9
2026-03-11T09:00:00Z,23889.2
2026-03-11T10:00:00Z,24429.9
2026-03-11T11:00:00Z,24884.1
2026-03-11T12:00:00Z,24843.8
2026-03-11T13:00:00Z,25008.6
2026-03-11T14:00:00Z,24409.2
2026-03-11T15:00:00Z,23648.1
2026-03-11T16:00:00Z,22010.5
2026-03-11T17:00:00Z,21362.5
2026-03-11T18:00:00Z,20132.1
2026-03-11T19:00:00Z,18564.8
2026-03-11T20:00:00Z,18655.5
2026-03-11T21:00:00Z,17789.4
2026-03-11T22:00:00Z,16949.4
2026-03-11T23:00:00Z,16315.3
2026-03-12T00:00:00Z,16446.6
2026-03-12T01:00:00Z,15422.3
2026-03-12T02:00:00Z,16960.9
2026-03-12T03:00:00Z,16440.3
2026-03-12T04:00:00Z,18170.1
2026-03-12T05:00:00Z,19224.4
2026-03-12T06:00:00Z,20518.8
2026-03-12T07:00:00Z,21719.0
2026-03-12T08:00:00Z,22810.1
2026-03-12T09:00:00Z,23204.2
2026-03-12T10:00:00Z,23917.7
2026-03-12T11:00:00Z,24302.7
2026-03-12T12:00:00Z,24810.5
2026-03-12T13:00:00Z,24484.1
2026-03-12T14:00:00Z,23577.6
2026-03-12T15:00:00Z,23819.1
2026-03-12T16:00:00Z,22120.8
2026-03-12T17:00:00Z,21292.0
2026-03-12T18:00:00Z,20050.3
2026-03-12T19:00:00Z,18900.6
2026-03-12T20:00:00Z,18322.7
2026-03-12T21:00:00Z,16931.6
2026-03-12T22:00:00Z,15950.9
2026-03-12T23:00:00Z,15794.8
2026-03-13T00:00:00Z,15450.7
2026-03-13T01:00:00Z,15414.0
2026-03-13T02:00:00Z,16765.8
2026-03-13T03:00:00Z,17559.8
2026-03-13T04:00:00Z,17515.8
2026-03-13T05:00:00Z,19701.5
2026-03-13T06:00:00Z,20947.4
2026-03-13T07:00:00Z,20902.1
2026-03-13T08:00:00Z,22641.5
2026-03-13T09:00:00Z,23301.3
2026-03-13T10:00:00Z,24417.4
2026-03-13T11:00:00Z,23463.2
2026-03-13T12:00:00Z,24934.8
2026-03-13T13:00:00Z,24416.2
2026-03-13T14:00:00Z,24286.3
2026-03-13T15:00:00Z,23732.7
2026-03-13T16:00:00Z,21610.0
2026-03-13T17:00:00Z,21397.5
2026-03-13T18:00:00Z,20266.9
2026-03-13T19:00:00Z,19343.2
2026-03-13T20:00:00Z,18471.9
2026-03-13T21:00:00Z,17412.4
2026-03-13T22:00:00Z,16140.8
2026-03-13T23:00:00Z,16246.5
2026-03-14T00:00:00Z,14265.4
2026-03-14T01:00:00Z,14982.6
2026-03-14T02:00:00Z,15076.0
2026-03-14T03:00:00Z,15778.9
2026-03-14T04:00:00Z,16813.8
2026-03-14T05:00:00Z,17243.4
2026-03-14T06:00:00Z,18863.5
2026-03-14T07:00:00Z,19687.2
2026-03-14T08:00:00Z,21543.4
2026-03-14T09:00:00Z,22589.3
2026-03-14T10:00:00Z,22287.7
2026-03-14T11:00:00Z,22434.9
2026-03-14T12:00:00Z,23506.2
2026-03-14T13:00:00Z,23054.3
2026-03-14T14:00:00Z,22477.8
2026-03-14T15:00:00Z,22965.4
2026-03-14T16:00:00Z,21045.4
2026-03-14T17:00:00Z,19748.6
2026-03-14T18:00:00Z,18878.7
2026-03-14T19:00:00Z,17939.9
2026-03-14T20:00:00Z,17347.2
2026-03-14T21:00:00Z,15959.0
2026-03-14T22:00:00Z,14676.4
2026-03-14T23:00:00Z,14515.3
2026-03-15T00:00:00Z,15174.7
2026-03-15T01:00:00Z,13999.5
2026-03-15T02:00:00Z,15069.5
2026-03-15T03:00:00Z,16228.5
2026-03-15T04:00:00Z,16810.6
2026-03-15T05:00:00Z,17701.8
2026-03-15T06:00:00Z,18601.3
2026-03-15T07:00:00Z,20136.7
2026-03-15T08:00:00Z,21341.5
2026-03-15T09:00:00Z,22148.7
2026-03-15T10:00:00Z,23151.1
2026-03-15T11:00:00Z,23290.4
2026-03-15T12:00:00Z,23845.2
2026-03-15T13:00:00Z,23267.9
2026-03-15T14:00:00Z,23109.9
2026-03-15T15:00:00Z,21947.6
2026-03-15T16:00:00Z,21795.4
2026-03-15T17:00:00Z,20545.4
2026-03-15T18:00:00Z,19188.6
2026-03-15T19:00:00Z,17417.8
2026-03-15T20:00:00Z,16785.1
2026-03-15T21:00:00Z,14707.2
2026-03-15T22:00:00Z,14956.9
2026-03-15T23:00:00Z,14709.2
2026-03-16T00:00:00Z,15356.4
2026-03-16T01:00:00Z,15888.1
2026-03-16T02:00:00Z,16518.9
2026-03-16T03:00:00Z,17648.3
2026-03-16T04:00:00Z,17902.7
2026-03-16T05:00:00Z,18385.7
2026-03-16T06:00:00Z,19244.4
2026-03-16T07:00:00Z,21202.0
2026-03-16T08:00:00Z,22666.5
2026-03-16T09:00:00Z,23667.8
2026-03-16T10:00:00Z,23993.6
2026-03-16T11:00:00Z,24155.3
2026-03-16T12:00:00Z,24290.5
2026-03-16T13:00:00Z,24348.5
2026-03-16T14:00:00Z,23991.4
2026-03-16T15:00:00Z,23474.4
2026-03-16T16:00:00Z,22378.9
2026-03-16T17:00:00Z,22008.8
2026-03-16T18:00:00Z,20175.0
2026-03-16T19:00:00Z,19152.1
2026-03-16T20:00:00Z,18286.8
2026-03-16T21:00:00Z,17332.3
2026-03-16T22:00:00Z,16036.8
2026-03-16T23:00:00Z,15232.6
2026-03-17T00:00:00Z,15149.3
2026-03-17T01:00:00Z,15920.3
2026-03-17T02:00:00Z,16446.4
2026-03-17T03:00:00Z,17059.2
2026-03-17T04:00:00Z,18143.9
2026-03-17T05:00:00Z,19401.4
2026-03-17T06:00:00Z,19784.3
2026-03-17T07:00:00Z,22165.5
2026-03-17T08:00:00Z,23274.3
2026-03-17T09:00:00Z,23489.7
2026-03-17T10:00:00Z,23847.6
2026-03-17T11:00:00Z,24450.0
2026-03-17T12:00:00Z,23985.8
2026-03-17T13:00:00Z,24365.4
2026-03-17T14:00:00Z,23610.6
2026-03-17T15:00:00Z,23172.6
2026-03-17T16:00:00Z,22170.8
2026-03-17T17:00:00Z,21985.1
2026-03-17T18:00:00Z,19753.0
2026-03-17T19:00:00Z,19038.9
2026-03-17T20:00:00Z,17703.9
2026-03-17T21:00:00Z,17523.0
2026-03-17T22:00:00Z,16624.7
2026-03-17T23:00:00Z,15221.9
2026-03-18T00:00:00Z,15222.7
2026-03-18T01:00:00Z,15841.8
2026-03-18T02:00:00Z,15952.2
2026-03-18T03:00:00Z,17053.2
2026-03-18T04:00:00Z,17835.4
2026-03-18T05:00:00Z,18475.0
2026-03-18T06:00:00Z,19912.2
2026-03-18T07:00:00Z,21348.2
2026-03-18T08:00:00Z,22214.3
2026-03-18T09:00:00Z,23211.5
2026-03-18T10:00:00Z,24003.3
2026-03-18T11:00:00Z,24263.0
2026-03-18T12:00:00Z,24959.1
2026-03-18T13:00:00Z,23839.1
2026-03-18T14:00:00Z,24039.7
2026-03-18T15:00:00Z,22967.8
2026-03-18T16:00:00Z,22391.4
2026-03-18T17:00:00Z,21484.9
2026-03-18T18:00:00Z,20260.4
2026-03-18T19:00:00Z,19126.3
2026-03-18T20:00:00Z,18088.5
2026-03-18T21:00:00Z,17085.1
2026-03-18T22:00:00Z,16097.1
2026-03-18T23:00:00Z,16011.7
2026-03-19T00:00:00Z,15901.6
2026-03-19T01:00:00Z,16013.3
2026-03-19T02:00:00Z,16239.1
2026-03-19T03:00:00Z,16944.1
2026-03-19T04:00:00Z,17021.3
2026-03-19T05:00:00Z,18524.5
2026-03-19T06:00:00Z,19901.3
2026-03-19T07:00:00Z,21494.5
2026-03-19T08:00:00Z,22636.7
2026-03-19T09:00:00Z,23164.0
2026-03-19T10:00:00Z,23398.9
2026-03-19T11:00:00Z,24439.1
2026-03-19T12:00:00Z,24775.7
2026-03-19T13:00:00Z,24541.8
2026-03-19T14:00:00Z,23556.3
2026-03-19T15:00:00Z,22710.1
2026-03-19T16:00:00Z,21857.3
2026-03-19T17:00:00Z,20722.0
2026-03-19T18:00:00Z,20344.1
2026-03-19T19:00:00Z,18940.6
2026-03-19T20:00:00Z,18556.1
2026-03-19T21:00:00Z,17448.0
2026-03-19T22:00:00Z,16506.2
2026-03-19T23:00:00Z,15434.7
2026-03-20T00:00:00Z,15736.1
2026-03-20T01:00:00Z,15808.7
2026-03-20T02:00:00Z,15563.2
2026-03-20T03:00:00Z,16318.2
2026-03-20T04:00:00Z,17434.2
2026-03-20T05:00:00Z,19245.1
2026-03-20T06:00:00Z,19779.8
2026-03-20T07:00:00Z,20559.0
2026-03-20T08:00:00Z,22174.4
2026-03-20T09:00:00Z,23284.4
2026-03-20T10:00:00Z,23315.5
2026-03-20T11:00:00Z,24918.5
2026-03-20T12:00:00Z,24081.6
2026-03-20T13:00:00Z,24601.1
2026-03-20T14:00:00Z,24018.9
2026-03-20T15:00:00Z,22787.1
2026-03-20T16:00:00Z,22096.9
2026-03-20T17:00:00Z,21076.9
2026-03-20T18:00:00Z,19789.5
2026-03-20T19:00:00Z,19054.1
2026-03-20T20:00:00Z,17725.1
2026-03-20T21:00:00Z,16140.4
2026-03-20T22:00:00Z,16114.3
2026-03-20T23:00:00Z,15209.6
2026-03-21T00:00:00Z,14121.2
2026-03-21T01:00:00Z,14445.7
2026-03-21T02:00:00Z,14760.5
2026-03-21T03:00:00Z,15886.0
2026-03-21T04:00:00Z,16397.0
2026-03-21T05:00:00Z,17301.6
2026-03-21T06:00:00Z,19257.2
2026-03-21T07:00:00Z,20064.8
2026-03-21T08:00:00Z,20811.1
2026-03-21T09:00:00Z,21783.0
2026-03-21T10:00:00Z,22335.0
2026-03-21T11:00:00Z,22958.0
2026-03-21T12:00:00Z,22720.6
2026-03-21T13:00:00Z,23583.3
2026-03-21T14:00:00Z,22942.8
2026-03-21T15:00:00Z,20944.2
2026-03-21T16:00:00Z,20502.8
2026-03-21T17:00:00Z,19772.7
2026-03-21T18:00:00Z,18401.1
2026-03-21T19:00:00Z,16701.2
2026-03-21T20:00:00Z,16682.3
2026-03-21T21:00:00Z,15062.3
2026-03-21T22:00:00Z,15054.3
2026-03-21T23:00:00Z,14526.4
2026-03-22T00:00:00Z,14728.3
2026-03-22T01:00:00Z,13981.1
2026-03-22T02:00:00Z,15435.0
2026-03-22T03:00:00Z,15004.2
2026-03-22T04:00:00Z,16938.4
2026-03-22T05:00:00Z,17846.4
2026-03-22T06:00:00Z,18760.8
2026-03-22T07:00:00Z,19341.7
2026-03-22T08:00:00Z,21417.2
2026-03-22T09:00:00Z,22035.5
2026-03-22T10:00:00Z,21820.7
2026-03-22T11:00:00Z,21916.0
2026-03-22T12:00:00Z,22787.2
2026-03-22T13:00:00Z,22562.3
2026-03-22T14:00:00Z,22704.9
2026-03-22T15:00:00Z,21786.5
2026-03-22T16:00:00Z,20935.0
2026-03-22T17:00:00Z,19556.1
2026-03-22T18:00:00Z,18952.9
2026-03-22T19:00:00Z,17237.7
2026-03-22T20:00:00Z,15817.9
2026-03-22T21:00:00Z,14566.3
2026-03-22T22:00:00Z,14952.0
2026-03-22T23:00:00Z,14087.1
2026-03-23T00:00:00Z,14713.4
2026-03-23T01:00:00Z,15176.0
2026-03-23T02:00:00Z,15801.1
2026-03-23T03:00:00Z,16910.5
2026-03-23T04:00:00Z,16777.1
2026-03-23T05:00:00Z,18488.9
2026-03-23T06:00:00Z,20065.9
2026-03-23T07:00:00Z,21115.5
2026-03-23T08:00:00Z,22314.8
2026-03-23T09:00:00Z,23666.9
2026-03-23T10:00:00Z,23315.0
2026-03-23T11:00:00Z,23853.8
2026-03-23T12:00:00Z,24631.7
2026-03-23T13:00:00Z,24684.7
2026-03-23T14:00:00Z,23766.4
2026-03-23T15:00:00Z,22816.2
2026-03-23T16:00:00Z,21586.0
2026-03-23T17:00:00Z,21180.7
2026-03-23T18:00:00Z,19932.1
2026-03-23T19:00:00Z,18254.6
2026-03-23T20:00:00Z,17389.8
2026-03-23T21:00:00Z,16300.4
2026-03-23T22:00:00Z,16179.6
2026-03-23T23:00:00Z,15464.5
2026-03-24T00:00:00Z,15791.0
2026-03-24T01:00:00Z,15982.9
2026-03-24T02:00:00Z,16045.8
2026-03-24T03:00:00Z,17072.9
2026-03-24T04:00:00Z,17938.7
2026-03-24T05:00:00Z,19178.1
2026-03-24T06:00:00Z,19591.9
2026-03-24T07:00:00Z,21152.8
2026-03-24T08:00:00Z,22678.2
2026-03-24T09:00:00Z,23155.0
2026-03-24T10:00:00Z,23459.9
2026-03-24T11:00:00Z,24151.2
2026-03-24T12:00:00Z,25065.8
2026-03-24T13:00:00Z,23916.2
2026-03-24T14:00:00Z,23384.3
2026-03-24T15:00:00Z,23252.6
2026-03-24T16:00:00Z,21856.7
2026-03-24T17:00:00Z,20341.4
2026-03-24T18:00:00Z,19188.8
2026-03-24T19:00:00Z,18636.2
2026-03-24T20:00:00Z,17326.9
2026-03-24T21:00:00Z,17190.9
2026-03-24T22:00:00Z,15714.1
2026-03-24T23:00:00Z,14976.3
2026-03-25T00:00:00Z,15015.2
2026-03-25T01:00:00Z,14994.0
2026-03-25T02:00:00Z,16337.5
2026-03-25T03:00:00Z,16311.8
2026-03-25T04:00:00Z,18086.2
2026-03-25T05:00:00Z,18805.2
2026-03-25T06:00:00Z,20502.5
2026-03-25T07:00:00Z,20851.4
2026-03-25T08:00:00Z,22276.6
2026-03-25T09:00:00Z,22096.3
2026-03-25T10:00:00Z,23408.4
2026-03-25T11:00:00Z,23748.2
2026-03-25T12:00:00Z,24610.5
2026-03-25T13:00:00Z,23979.2
2026-03-25T14:00:00Z,23836.8
2026-03-25T15:00:00Z,22611.3
2026-03-25T16:00:00Z,21478.1
2026-03-25T17:00:00Z,20860.6
2026-03-25T18:00:00Z,20233.6
2026-03-25T19:00:00Z,18577.4
2026-03-25T20:00:00Z,18116.4
2026-03-25T21:00:00Z,16484.9
2026-03-25T22:00:00Z,15771.1
2026-03-25T23:00:00Z,15327.9
2026-03-26T00:00:00Z,15174.7
2026-03-26T01:00:00Z,15164.1
2026-03-26T02:00:00Z,15776.0
2026-03-26T03:00:00Z,16266.6
2026-03-26T04:00:00Z,17102.4
2026-03-26T05:00:00Z,19129.8
2026-03-26T06:00:00Z,20036.7
2026-03-26T07:00:00Z,20742.5
2026-03-26T08:00:00Z,21698.5
2026-03-26T09:00:00Z,22256.7
2026-03-26T10:00:00Z,23769.5
2026-03-26T11:00:00Z,23739.3
2026-03-26T12:00:00Z,24866.3
2026-03-26T13:00:00Z,23339.8
2026-03-26T14:00:00Z,23677.4
2026-03-26T15:00:00Z,23300.3
2026-03-26T16:00:00Z,21725.7
2026-03-26T17:00:00Z,21618.8
2026-03-26T18:00:00Z,20086.8
2026-03-26T19:00:00Z,18933.5
2026-03-26T20:00:00Z,17169.3
2026-03-26T21:00:00Z,16959.6
2026-03-26T22:00:00Z,16248.1
2026-03-26T23:00:00Z,15477.6
2026-03-27T00:00:00Z,15914.8
2026-03-27T01:00:00Z,15518.9
2026-03-27T02:00:00Z,14985.7
2026-03-27T03:00:00Z,16669.0
2026-03-27T04:00:00Z,18117.2
2026-03-27T05:00:00Z,18302.7
2026-03-27T06:00:00Z,19958.4
2026-03-27T07:00:00Z,20586.7
2026-03-27T08:00:00Z,21894.9
2026-03-27T09:00:00Z,21796.2
2026-03-27T10:00:00Z,22838.9
2026-03-27T11:00:00Z,23848.8
2026-03-27T12:00:00Z,23894.4
2026-03-27T13:00:00Z,23258.5
2026-03-27T14:00:00Z,23780.8
2026-03-27T15:00:00Z,22942.4
2026-03-27T16:00:00Z,21560.1
2026-03-27T17:00:00Z,20042.9
2026-03-27T18:00:00Z,19888.1
2026-03-27T19:00:00Z,18336.8
2026-03-27T20:00:00Z,17725.6
2026-03-27T21:00:00Z,16957.4
2026-03-27T22:00:00Z,15694.5
2026-03-27T23:00:00Z,15293.6
2026-03-28T00:00:00Z,14246.5
2026-03-28T01:00:00Z,14012.8
2026-03-28T02:00:00Z,13807.0
2026-03-28T03:00:00Z,15481.7
2026-03-28T04:00:00Z,16288.8
2026-03-28T05:00:00Z,17022.1
2026-03-28T06:00:00Z,18580.1
2026-03-28T07:00:00Z,19386.8
2026-03-28T08:00:00Z,20444.5
2026-03-28T09:00:00Z,21814.9
2026-03-28T10:00:00Z,21700.1
2026-03-28T11:00:00Z,22050.7
2026-03-28T12:00:00Z,22752.4
2026-03-28T13:00:00Z,22161.0
2026-03-28T14:00:00Z,22539.2
2026-03-28T15:00:00Z,21228.7
2026-03-28T16:00:00Z,19937.0
2026-03-28T17:00:00Z,19367.2
2026-03-28T18:00:00Z,17530.7
2026-03-28T19:00:00Z,17737.2
2026-03-28T20:00:00Z,16141.4
2026-03-28T21:00:00Z,15490.3
2026-03-28T22:00:00Z,14724.2
2026-03-28T23:00:00Z,14161.4
2026-03-29T00:00:00Z,13508.8
2026-03-29T01:00:00Z,14348.2
2026-03-29T02:00:00Z,14370.5
2026-03-29T03:00:00Z,14912.5
2026-03-29T04:00:00Z,15351.9
2026-03-29T05:00:00Z,17671.1
2026-03-29T06:00:00Z,18248.0
2026-03-29T07:00:00Z,19329.6
2026-03-29T08:00:00Z,19837.0
2026-03-29T09:00:00Z,21825.0
2026-03-29T10:00:00Z,22136.4
2026-03-29T11:00:00Z,23001.2
2026-03-29T12:00:00Z,22758.8
2026-03-29T13:00:00Z,22301.7
2026-03-29T14:00:00Z,22392.2
2026-03-29T15:00:00Z,20883.2
2026-03-29T16:00:00Z,19971.0
2026-03-29T17:00:00Z,19459.2
2026-03-29T18:00:00Z,18616.6
2026-03-29T19:00:00Z,17607.7
2026-03-29T20:00:00Z,16084.4
2026-03-29T21:00:00Z,15156.1
2026-03-29T22:00:00Z,14572.2
2026-03-29T23:00:00Z,13974.5
2026-03-30T00:00:00Z,14912.6
2026-03-30T01:00:00Z,15439.8
2026-03-30T02:00:00Z,15506.0
2026-03-30T03:00:00Z,16319.1
2026-03-30T04:00:00Z,17768.3
2026-03-30T05:00:00Z,18471.9
2026-03-30T06:00:00Z,19342.3
2026-03-30T07:00:00Z,20946.4
2026-03-30T08:00:00Z,21701.7
2026-03-30T09:00:00Z,22927.3
2026-03-30T10:00:00Z,23055.2
2026-03-30T11:00:00Z,23531.4
2026-03-30T12:00:00Z,23437.1
2026-03-30T13:00:00Z,24241.8
2026-03-30T14:00:00Z,23903.2
2026-03-30T15:00:00Z,23118.3
2026-03-30T16:00:00Z,21886.8
2026-03-30T17:00:00Z,20758.4
2026-03-30T18:00:00Z,19447.5
2026-03-30T19:00:00Z,18606.0
2026-03-30T20:00:00Z,17248.1
2026-03-30T21:00:00Z,16019.5
2026-03-30T22:00:00Z,16066.4
2026-03-30T23:00:00Z,15585.5
2026-03-31T00:00:00Z,15265.1
2026-03-31T01:00:00Z,15194.8
2026-03-31T02:00:00Z,15519.8
2026-03-31T03:00:00Z,16402.2
2026-03-31T04:00:00Z,17363.8
2026-03-31T05:00:00Z,17920.0
2026-03-31T06:00:00Z,19333.6
2026-03-31T07:00:00Z,20256.8
2026-03-31T08:00:00Z,22135.0
2026-03-31T09:00:00Z,22135.6
2026-03-31T10:00:00Z,22893.9
2026-03-31T11:00:00Z,23457.2
2026-03-31T12:00:00Z,23996.4
2026-03-31T13:00:00Z,23440.1
2026-03-31T14:00:00Z,23994.4
2026-03-31T15:00:00Z,22909.2
2026-03-31T16:00:00Z,20826.3
2026-03-31T17:00:00Z,20730.9
2026-03-31T18:00:00Z,19628.7
2026-03-31T19:00:00Z,17880.8
2026-03-31T20:00:00Z,17247.2
2026-03-31T21:00:00Z,16393.3
2026-03-31T22:00:00Z,15418.7
2026-03-31T23:00:00Z,15175.4
2026-04-01T00:00:00Z,15158.1
2026-04-01T01:00:00Z,14992.8
2026-04-01T02:00:00Z,15603.4
2026-04-01T03:00:00Z,15885.1
2026-04-01T04:00:00Z,17483.2
2026-04-01T05:00:00Z,18083.2
2026-04-01T06:00:00Z,19919.2
2026-04-01T07:00:00Z,21381.6
2026-04-01T08:00:00Z,22308.2
2026-04-01T09:00:00Z,22431.6
2026-04-01T10:00:00Z,23468.6
2026-04-01T11:00:00Z,23655.0
2026-04-01T12:00:00Z,24073.9
2026-04-01T13:00:00Z,23443.3
2026-04-01T14:00:00Z,22931.4
2026-04-01T15:00:00Z,22583.7
2026-04-01T16:00:00Z,21386.1
2026-04-01T17:00:00Z,21069.9
2026-04-01T18:00:00Z,19735.3
2026-04-01T19:00:00Z,18442.8
2026-04-01T20:00:00Z,17193.5
2026-04-01T21:00:00Z,16266.5
2026-04-01T22:00:00Z,15985.3
2026-04-01T23:00:00Z,15209.8
2026-04-02T00:00:00Z,15008.6
2026-04-02T01:00:00Z,15850.1
2026-04-02T02:00:00Z,15651.7
2026-04-02T03:00:00Z,16207.4
2026-04-02T04:00:00Z,17138.3
2026-04-02T05:00:00Z,18766.4
2026-04-02T06:00:00Z,19256.7
2026-04-02T07:00:00Z,20411.6
2026-04-02T08:00:00Z,22065.8
2026-04-02T09:00:00Z,23010.0
2026-04-02T10:00:00Z,23806.5
2026-04-02T11:00:00Z,23408.1
2026-04-02T12:00:00Z,24040.7
2026-04-02T13:00:00Z,23515.8
2026-04-02T14:00:00Z,23438.5
2026-04-02T15:00:00Z,21992.2
2026-04-02T16:00:00Z,21586.3
2026-04-02T17:00:00Z,20991.7
2026-04-02T18:00:00Z,19518.5
2026-04-02T19:00:00Z,17399.3
2026-04-02T20:00:00Z,17595.6
2026-04-02T21:00:00Z,16442.0
2026-04-02T22:00:00Z,15500.7
2026-04-02T23:00:00Z,15157.6
2026-04-03T00:00:00Z,14862.2
2026-04-03T01:00:00Z,15561.5
2026-04-03T02:00:00Z,15564.1
2026-04-03T03:00:00Z,15686.7
2026-04-03T04:00:00Z,16883.4
2026-04-03T05:00:00Z,18876.6
2026-04-03T06:00:00Z,19837.2
2026-04-03T07:00:00Z,20863.9
2026-04-03T08:00:00Z,21343.5
2026-04-03T09:00:00Z,22757.2
2026-04-03T10:00:00Z,23644.3
2026-04-03T11:00:00Z,23741.8
2026-04-03T12:00:00Z,24127.9
2026-04-03T13:00:00Z,24128.2
2026-04-03T14:00:00Z,23648.6
2026-04-03T15:00:00Z,22727.9
2026-04-03T16:00:00Z,21813.6
2026-04-03T17:00:00Z,20112.4
2026-04-03T18:00:00Z,19314.1
2026-04-03T19:00:00Z,18585.1
2026-04-03T20:00:00Z,17839.7
2026-04-03T21:00:00Z,16355.1
2026-04-03T22:00:00Z,15986.2
2026-04-03T23:00:00Z,15144.4
2026-04-04T00:00:00Z,13373.3
2026-04-04T01:00:00Z,14045.1
2026-04-04T02:00:00Z,14497.7
2026-04-04T03:00:00Z,14700.8
2026-04-04T04:00:00Z,15629.9
2026-04-04T05:00:00Z,17038.7
2026-04-04T06:00:00Z,17979.7
2026-04-04T07:00:00Z,19504.1
2026-04-04T08:00:00Z,19882.6
2026-04-04T09:00:00Z,21609.2
2026-04-04T10:00:00Z,21781.9
2026-04-04T11:00:00Z,22585.2
2026-04-04T12:00:00Z,22026.0
2026-04-04T13:00:00Z,22801.6
2026-04-04T14:00:00Z,22085.9
2026-04-04T15:00:00Z,22089.8
2026-04-04T16:00:00Z,19770.8
2026-04-04T17:00:00Z,18638.3
2026-04-04T18:00:00Z,18436.6
2026-04-04T19:00:00Z,17353.6
2026-04-04T20:00:00Z,15288.9
2026-04-04T21:00:00Z,15230.9
2026-04-04T22:00:00Z,14675.5
2026-04-04T23:00:00Z,14408.3
2026-04-05T00:00:00Z,13760.9
2026-04-05T01:00:00Z,13289.4
2026-04-05T02:00:00Z,13586.1
2026-04-05T03:00:00Z,15789.6
2026-04-05T04:00:00Z,16081.7
2026-04-05T05:00:00Z,17365.6
2026-04-05T06:00:00Z,18028.4
2026-04-05T07:00:00Z,19209.9
2026-04-05T08:00:00Z,20288.3
2026-04-05T09:00:00Z,20936.5
2026-04-05T10:00:00Z,21881.2
2026-04-05T11:00:00Z,22018.5
2026-04-05T12:00:00Z,22429.0
2026-04-05T13:00:00Z,22846.1
2026-04-05T14:00:00Z,21998.5
2026-04-05T15:00:00Z,21033.0
2026-04-05T16:00:00Z,21008.4
2026-04-05T17:00:00Z,19781.7
2026-04-05T18:00:00Z,18164.6
2026-04-05T19:00:00Z,16352.3
2026-04-05T20:00:00Z,16412.1
2026-04-05T21:00:00Z,15499.4
2026-04-05T22:00:00Z,14088.7
2026-04-05T23:00:00Z,14395.6
2026-04-06T00:00:00Z,14615.4
2026-04-06T01:00:00Z,14976.3
2026-04-06T02:00:00Z,15347.4
2026-04-06T03:00:00Z,16291.6
2026-04-06T04:00:00Z,17091.0
2026-04-06T05:00:00Z,18745.0
2026-04-06T06:00:00Z,19230.2
2026-04-06T07:00:00Z,20673.2
2026-04-06T08:00:00Z,21594.7
2026-04-06T09:00:00Z,22587.9
2026-04-06T10:00:00Z,22894.5
2026-04-06T11:00:00Z,23631.5
2026-04-06T12:00:00Z,24311.3
2026-04-06T13:00:00Z,23951.9
2026-04-06T14:00:00Z,22765.4
2026-04-06T15:00:00Z,22346.0
2026-04-06T16:00:00Z,21202.8
2026-04-06T17:00:00Z,20239.3
2026-04-06T18:00:00Z,19119.4
2026-04-06T19:00:00Z,17756.0
2026-04-06T20:00:00Z,17314.5
2026-04-06T21:00:00Z,16560.2
2026-04-06T22:00:00Z,15575.5
2026-04-06T23:00:00Z,14898.2
2026-04-07T00:00:00Z,14963.9
2026-04-07T01:00:00Z,14772.1
2026-04-07T02:00:00Z,15886.4
2026-04-07T03:00:00Z,17073.5
2026-04-07T04:00:00Z,16127.5
2026-04-07T05:00:00Z,18335.7
2026-04-07T06:00:00Z,19358.7
2026-04-07T07:00:00Z,20561.3
2026-04-07T08:00:00Z,21455.3
2026-04-07T09:00:00Z,21918.4
2026-04-07T10:00:00Z,23152.1
2026-04-07T11:00:00Z,23475.2
2026-04-07T12:00:00Z,23720.6
2026-04-07T13:00:00Z,23607.3
2026-04-07T14:00:00Z,22995.3
2026-04-07T15:00:00Z,23326.9
2026-04-07T16:00:00Z,21094.2
2026-04-07T17:00:00Z,20343.0
2026-04-07T18:00:00Z,18864.8
2026-04-07T19:00:00Z,18131.2
2026-04-07T20:00:00Z,17696.7
2026-04-07T21:00:00Z,16185.8
2026-04-07T22:00:00Z,15187.8
2026-04-07T23:00:00Z,14560.5
2026-04-08T00:00:00Z,15086.4
2026-04-08T01:00:00Z,14771.4
2026-04-08T02:00:00Z,15712.0
2026-04-08T03:00:00Z,15925.1
2026-04-08T04:00:00Z,16904.5
2026-04-08T05:00:00Z,18149.7
2026-04-08T06:00:00Z,18712.0
2026-04-08T07:00:00Z,20913.3
2026-04-08T08:00:00Z,21112.6
2026-04-08T09:00:00Z,22511.2
2026-04-08T10:00:00Z,23327.5
2026-04-08T11:00:00Z,24478.2
2026-04-08T12:00:00Z,23931.0
2026-04-08T13:00:00Z,23915.4
2026-04-08T14:00:00Z,22971.8
2026-04-08T15:00:00Z,22403.1
2026-04-08T16:00:00Z,21533.5
2026-04-08T17:00:00Z,20862.8
2026-04-08T18:00:00Z,18951.0
2026-04-08T19:00:00Z,18321.6
2026-04-08T20:00:00Z,18162.1
2026-04-08T21:00:00Z,15826.1
2026-04-08T22:00:00Z,14795.0
2026-04-08T23:00:00Z,14842.0
2026-04-09T00:00:00Z,14818.6
2026-04-09T01:00:00Z,15636.8
2026-04-09T02:00:00Z,15643.2
2026-04-09T03:00:00Z,16592.4
2026-04-09T04:00:00Z,16823.0
2026-04-09T05:00:00Z,18142.8
2026-04-09T06:00:00Z,19413.9
2026-04-09T07:00:00Z,20140.1
2026-04-09T08:00:00Z,21629.3
2026-04-09T09:00:00Z,22338.4
2026-04-09T10:00:00Z,23232.4
2026-04-09T11:00:00Z,23072.6
2026-04-09T12:00:00Z,22985.6
2026-04-09T13:00:00Z,24099.4
2026-04-09T14:00:00Z,23166.3
2026-04-09T15:00:00Z,22410.7
2026-04-09T16:00:00Z,22484.9
2026-04-09T17:00:00Z,20835.3
2026-04-09T18:00:00Z,19478.3
2026-04-09T19:00:00Z,17920.7
2026-04-09T20:00:00Z,17234.2
2026-04-09T21:00:00Z,16265.5
2026-04-09T22:00:00Z,15380.4
2026-04-09T23:00:00Z,15561.5
2026-04-10T00:00:00Z,15147.0
2026-04-10T01:00:00Z,15230.1
2026-04-10T02:00:00Z,15160.1
2026-04-10T03:00:00Z,15912.8
2026-04-10T04:00:00Z,17499.4
2026-04-10T05:00:00Z,18244.7
2026-04-10T06:00:00Z,19101.8
2026-04-10T07:00:00Z,20573.6
2026-04-10T08:00:00Z,21536.8
2026-04-10T09:00:00Z,22285.5
2026-04-10T10:00:00Z,23084.9
2026-04-10T11:00:00Z,23875.2
2026-04-10T12:00:00Z,23869.6
2026-04-10T13:00:00Z,23276.5
2026-04-10T14:00:00Z,22878.4
2026-04-10T15:00:00Z,22555.3
2026-04-10T16:00:00Z,21140.7
2026-04-10T17:00:00Z,20504.9
2026-04-10T18:00:00Z,19263.4
2026-04-10T19:00:00Z,17679.7
2026-04-10T20:00:00Z,16203.0
2026-04-10T21:00:00Z,15859.5
2026-04-10T22:00:00Z,15458.9
2026-04-10T23:00:00Z,15018.0
2026-04-11T00:00:00Z,14086.7
2026-04-11T01:00:00Z,13775.1
2026-04-11T02:00:00Z,14188.7
2026-04-11T03:00:00Z,15057.0
2026-04-11T04:00:00Z,15676.3
2026-04-11T05:00:00Z,17543.5
2026-04-11T06:00:00Z,17841.2
2026-04-11T07:00:00Z,18884.0
2026-04-11T08:00:00Z,20085.0
2026-04-11T09:00:00Z,21636.1
2026-04-11T10:00:00Z,21684.3
2026-04-11T11:00:00Z,22055.1
2026-04-11T12:00:00Z,22703.9
2026-04-11T13:00:00Z,22770.7
2026-04-11T14:00:00Z,21737.2
2026-04-11T15:00:00Z,21443.8
2026-04-11T16:00:00Z,20024.1
2026-04-11T17:00:00Z,19713.2
2026-04-11T18:00:00Z,17651.7
2026-04-11T19:00:00Z,16798.6
2026-04-11T20:00:00Z,15671.1
2026-04-11T21:00:00Z,14567.5
2026-04-11T22:00:00Z,14175.6
2026-04-11T23:00:00Z,14009.3
2026-04-12T00:00:00Z,13292.1
2026-04-12T01:00:00Z,14452.7
2026-04-12T02:00:00Z,14283.0
2026-04-12T03:00:00Z,15020.4
2026-04-12T04:00:00Z,15528.9
2026-04-12T05:00:00Z,16859.5
2026-04-12T06:00:00Z,18360.2
2026-04-12T07:00:00Z,18808.6
2026-04-12T08:00:00Z,19993.1
2026-04-12T09:00:00Z,20860.3
2026-04-12T10:00:00Z,21387.8
2026-04-12T11:00:00Z,22547.1
2026-04-12T12:00:00Z,22168.1
2026-04-12T13:00:00Z,22922.4
2026-04-12T14:00:00Z,21407.3
2026-04-12T15:00:00Z,21038.4
2026-04-12T16:00:00Z,20262.9
2026-04-12T17:00:00Z,18809.3
2026-04-12T18:00:00Z,17237.4
2026-04-12T19:00:00Z,16639.0
2026-04-12T20:00:00Z,15801.0
2026-04-12T21:00:00Z,14539.7
2026-04-12T22:00:00Z,14284.3
2026-04-12T23:00:00Z,13055.6
2026-04-13T00:00:00Z,14923.5
2026-04-13T01:00:00Z,15737.6
2026-04-13T02:00:00Z,15763.8
2026-04-13T03:00:00Z,16481.1
2026-04-13T04:00:00Z,16899.8
2026-04-13T05:00:00Z,17943.8
2026-04-13T06:00:00Z,19665.7
2026-04-13T07:00:00Z,20274.2
2026-04-13T08:00:00Z,21705.1
2026-04-13T09:00:00Z,22024.1
2026-04-13T10:00:00Z,23232.7
2026-04-13T11:00:00Z,23598.5
2026-04-13T12:00:00Z,22863.2
2026-04-13T13:00:00Z,23490.1
2026-04-13T14:00:00Z,23299.8
2026-04-13T15:00:00Z,22585.1
2026-04-13T16:00:00Z,21603.7
2026-04-13T17:00:00Z,20871.7
2026-04-13T18:00:00Z,19224.6
2026-04-13T19:00:00Z,17818.0
2026-04-13T20:00:00Z,17367.1
2026-04-13T21:00:00Z,16897.7
2026-04-13T22:00:00Z,15281.4
2026-04-13T23:00:00Z,15525.2
2026-04-14T00:00:00Z,14739.3
2026-04-14T01:00:00Z,14405.9
2026-04-14T02:00:00Z,15067.9
2026-04-14T03:00:00Z,15785.2
2026-04-14T04:00:00Z,17454.0
2026-04-14T05:00:00Z,18131.3
2026-04-14T06:00:00Z,19037.0
2026-04-14T07:00:00Z,20436.0
2026-04-14T08:00:00Z,21977.2
2026-04-14T09:00:00Z,22347.9
2026-04-14T10:00:00Z,22814.9
2026-04-14T11:00:00Z,23657.5
2026-04-14T12:00:00Z,23366.9
2026-04-14T13:00:00Z,23711.5
2026-04-14T14:00:00Z,23448.8
2026-04-14T15:00:00Z,22445.7
2026-04-14T16:00:00Z,21298.3
2026-04-14T17:00:00Z,20432.5
2026-04-14T18:00:00Z,18715.4
2026-04-14T19:00:00Z,18674.1
2026-04-14T20:00:00Z,17897.7
2026-04-14T21:00:00Z,16110.7
2026-04-14T22:00:00Z,14634.2
2026-04-14T23:00:00Z,14705.0
2026-04-15T00:00:00Z,14262.1
2026-04-15T01:00:00Z,14253.7
2026-04-15T02:00:00Z,15339.3
2026-04-15T03:00:00Z,16035.6
2026-04-15T04:00:00Z,16781.5
2026-04-15T05:00:00Z,18494.7
2026-04-15T06:00:00Z,19246.6
2026-04-15T07:00:00Z,20018.2
2026-04-15T08:00:00Z,21604.9
2026-04-15T09:00:00Z,21901.4
2026-04-15T10:00:00Z,22943.6
2026-04-15T11:00:00Z,23208.7
2026-04-15T12:00:00Z,23777.8
2026-04-15T13:00:00Z,23417.1
2026-04-15T14:00:00Z,22858.6
2026-04-15T15:00:00Z,22467.2
2026-04-15T16:00:00Z,21625.0
2026-04-15T17:00:00Z,20471.0
2026-04-15T18:00:00Z,19646.7
2026-04-15T19:00:00Z,17696.5
2026-04-15T20:00:00Z,17162.5
2026-04-15T21:00:00Z,16716.9
2026-04-15T22:00:00Z,15395.7
2026-04-15T23:00:00Z,14128.8
2026-04-16T00:00:00Z,15152.6
2026-04-16T01:00:00Z,14868.0
2026-04-16T02:00:00Z,15626.5
2026-04-16T03:00:00Z,16193.5
2026-04-16T04:00:00Z,17239.6
2026-04-16T05:00:00Z,18532.6
2026-04-16T06:00:00Z,19275.7
2026-04-16T07:00:00Z,20668.1
2026-04-16T08:00:00Z,20963.6
2026-04-16T09:00:00Z,22033.4
2026-04-16T10:00:00Z,23023.8
2026-04-16T11:00:00Z,24098.7
2026-04-16T12:00:00Z,23356.2
2026-04-16T13:00:00Z,23382.9
2026-04-16T14:00:00Z,23315.7
2026-04-16T15:00:00Z,22168.9
2026-04-16T16:00:00Z,20963.8
2026-04-16T17:00:00Z,19645.9
2026-04-16T18:00:00Z,19518.9
2026-04-16T19:00:00Z,17660.0
2026-04-16T20:00:00Z,17137.9
2026-04-16T21:00:00Z,16280.9
2026-04-16T22:00:00Z,15015.3
2026-04-16T23:00:00Z,15107.7
2026-04-17T00:00:00Z,13993.9
2026-04-17T01:00:00Z,14896.6
2026-04-17T02:00:00Z,14994.9
2026-04-17T03:00:00Z,16171.0
2026-04-17T04:00:00Z,17078.3
2026-04-17T05:00:00Z,18141.6
2026-04-17T06:00:00Z,19452.5
2026-04-17T07:00:00Z,20132.9
2026-04-17T08:00:00Z,20903.4
2026-04-17T09:00:00Z,21898.7
2026-04-17T10:00:00Z,23432.8
2026-04-17T11:00:00Z,23120.3
2026-04-17T12:00:00Z,23527.9
2026-04-17T13:00:00Z,23637.8
2026-04-17T14:00:00Z,23004.2
2026-04-17T15:00:00Z,21991.0
2026-04-17T16:00:00Z,20656.5
2026-04-17T17:00:00Z,20718.2
2026-04-17T18:00:00Z,19007.0
2026-04-17T19:00:00Z,17469.6
2026-04-17T20:00:00Z,16764.9
2026-04-17T21:00:00Z,16102.8
2026-04-17T22:00:00Z,14651.2
2026-04-17T23:00:00Z,14987.8
2026-04-18T00:00:00Z,13553.9
2026-04-18T01:00:00Z,13869.7
2026-04-18T02:00:00Z,14149.7
2026-04-18T03:00:00Z,14480.8
2026-04-18T04:00:00Z,15164.2
2026-04-18T05:00:00Z,16764.3
2026-04-18T06:00:00Z,17791.8
2026-04-18T07:00:00Z,19701.2
2026-04-18T08:00:00Z,20095.8
2026-04-18T09:00:00Z,21272.8
2026-04-18T10:00:00Z,21847.3
2026-04-18T11:00:00Z,21619.5
2026-04-18T12:00:00Z,22699.9
2026-04-18T13:00:00Z,22097.4
2026-04-18T14:00:00Z,21288.6
2026-04-18T15:00:00Z,21272.4
2026-04-18T16:00:00Z,20658.6
2026-04-18T17:00:00Z,19086.6
2026-04-18T18:00:00Z,17877.9
2026-04-18T19:00:00Z,16596.6
2026-04-18T20:00:00Z,15605.6
2026-04-18T21:00:00Z,15257.2
2026-04-18T22:00:00Z,14171.0
2026-04-18T23:00:00Z,13853.3
2026-04-19T00:00:00Z,13758.7
2026-04-19T01:00:00Z,12613.0
2026-04-19T02:00:00Z,14200.7
2026-04-19T03:00:00Z,15055.2
2026-04-19T04:00:00Z,15845.5
2026-04-19T05:00:00Z,16283.2
2026-04-19T06:00:00Z,17690.2
2026-04-19T07:00:00Z,19378.5
2026-04-19T08:00:00Z,20351.6
2026-04-19T09:00:00Z,21281.1
2026-04-19T10:00:00Z,21398.7
2026-04-19T11:00:00Z,22365.5
2026-04-19T12:00:00Z,22949.7
2026-04-19T13:00:00Z,22279.9
2026-04-19T14:00:00Z,22319.3
2026-04-19T15:00:00Z,21436.0
2026-04-19T16:00:00Z,20502.1
2026-04-19T17:00:00Z,18879.4
2026-04-19T18:00:00Z,17739.9
2026-04-19T19:00:00Z,16583.2
2026-04-19T20:00:00Z,16185.2
2026-04-19T21:00:00Z,15303.9
2026-04-19T22:00:00Z,13755.0
2026-04-19T23:00:00Z,13220.8
2026-04-20T00:00:00Z,14823.5
2026-04-20T01:00:00Z,15410.9
2026-04-20T02:00:00Z,15471.4
2026-04-20T03:00:00Z,16310.2
2026-04-20T04:00:00Z,17173.1
2026-04-20T05:00:00Z,18277.6
2026-04-20T06:00:00Z,19163.2
2026-04-20T07:00:00Z,20537.9
2026-04-20T08:00:00Z,21683.0
2026-04-20T09:00:00Z,22309.3
2026-04-20T10:00:00Z,23672.7
2026-04-20T11:00:00Z,23106.4
2026-04-20T12:00:00Z,23506.5
2026-04-20T13:00:00Z,23186.7
2026-04-20T14:00:00Z,23447.0
2026-04-20T15:00:00Z,22749.1
2026-04-20T16:00:00Z,21155.3
2026-04-20T17:00:00Z,20388.3
2026-04-20T18:00:00Z,19046.3
2026-04-20T19:00:00Z,17562.2
2026-04-20T20:00:00Z,16697.7
2026-04-20T21:00:00Z,16197.4
2026-04-20T22:00:00Z,15578.2
2026-04-20T23:00:00Z,14658.9
2026-04-21T00:00:00Z,14778.3
2026-04-21T01:00:00Z,15233.1
2026-04-21T02:00:00Z,15880.9
2026-04-21T03:00:00Z,16206.7
2026-04-21T04:00:00Z,16699.1
2026-04-21T05:00:00Z,17489.0
2026-04-21T06:00:00Z,19240.5
2026-04-21T07:00:00Z,20250.1
2026-04-21T08:00:00Z,21219.6
2026-04-21T09:00:00Z,22099.5
2026-04-21T10:00:00Z,22851.7
2026-04-21T11:00:00Z,23557.4
2026-04-21T12:00:00Z,23900.0
2026-04-21T13:00:00Z,23201.6
2026-04-21T14:00:00Z,23740.5
2026-04-21T15:00:00Z,22874.8
2026-04-21T16:00:00Z,21344.6
2026-04-21T17:00:00Z,20478.4
2026-04-21T18:00:00Z,19774.2
2026-04-21T19:00:00Z,17735.2
2026-04-21T20:00:00Z,16774.6
2026-04-21T21:00:00Z,15858.0
2026-04-21T22:00:00Z,15007.0
2026-04-21T23:00:00Z,15195.9
2026-04-22T00:00:00Z,14708.0
2026-04-22T01:00:00Z,14975.2
2026-04-22T02:00:00Z,15412.5
2026-04-22T03:00:00Z,16014.3
2026-04-22T04:00:00Z,17560.8
2026-04-22T05:00:00Z,18015.4
2026-04-22T06:00:00Z,18910.7
2026-04-22T07:00:00Z,19867.9
2026-04-22T08:00:00Z,21193.6
2026-04-22T09:00:00Z,22429.5
2026-04-22T10:00:00Z,23129.0
2026-04-22T11:00:00Z,23614.4
2026-04-22T12:00:00Z,23508.1
2026-04-22T13:00:00Z,23669.7
2026-04-22T14:00:00Z,23233.8
2026-04-22T15:00:00Z,21922.4
2026-04-22T16:00:00Z,21589.5
2026-04-22T17:00:00Z,20526.4
2026-04-22T18:00:00Z,19126.4
2026-04-22T19:00:00Z,18479.5
2026-04-22T20:00:00Z,17029.6
2026-04-22T21:00:00Z,15814.4
2026-04-22T22:00:00Z,15730.3
2026-04-22T23:00:00Z,15590.7
2026-04-23T00:00:00Z,14375.5
2026-04-23T01:00:00Z,14923.0
2026-04-23T02:00:00Z,15714.9
2026-04-23T03:00:00Z,16320.7
2026-04-23T04:00:00Z,17388.2
2026-04-23T05:00:00Z,18565.8
2026-04-23T06:00:00Z,18579.6
2026-04-23T07:00:00Z,20634.8
2026-04-23T08:00:00Z,20857.3
2026-04-23T09:00:00Z,22024.3
2026-04-23T10:00:00Z,22677.6
2026-04-23T11:00:00Z,23694.0
2026-04-23T12:00:00Z,23061.1
2026-04-23T13:00:00Z,23554.7
2026-04-23T14:00:00Z,22520.7
2026-04-23T15:00:00Z,23100.1
2026-04-23T16:00:00Z,21257.0
2026-04-23T17:00:00Z,20374.6
2026-04-23T18:00:00Z,18800.7
2026-04-23T19:00:00Z,17872.8
2026-04-23T20:00:00Z,17495.6
2026-04-23T21:00:00Z,16186.1
2026-04-23T22:00:00Z,14965.2
2026-04-23T23:00:00Z,14763.2
2026-04-24T00:00:00Z,14745.9
2026-04-24T01:00:00Z,15598.4
2026-04-24T02:00:00Z,15355.1
2026-04-24T03:00:00Z,16263.6
2026-04-24T04:00:00Z,17408.8
2026-04-24T05:00:00Z,18966.9
2026-04-24T06:00:00Z,19477.5
2026-04-24T07:00:00Z,19995.5
2026-04-24T08:00:00Z,21094.1
2026-04-24T09:00:00Z,23002.5
2026-04-24T10:00:00Z,23231.6
2026-04-24T11:00:00Z,22818.3
2026-04-24T12:00:00Z,23487.4
2026-04-24T13:00:00Z,23355.9
2026-04-24T14:00:00Z,22955.3
2026-04-24T15:00:00Z,22612.9
2026-04-24T16:00:00Z,21704.6
2026-04-24T17:00:00Z,20880.4
2026-04-24T18:00:00Z,18544.6
2026-04-24T19:00:00Z,18200.3
2026-04-24T20:00:00Z,16947.0
2026-04-24T21:00:00Z,15712.6
2026-04-24T22:00:00Z,15708.4
2026-04-24T23:00:00Z,14466.8
2026-04-25T00:00:00Z,13070.5
2026-04-25T01:00:00Z,14328.8
2026-04-25T02:00:00Z,14327.1
2026-04-25T03:00:00Z,15184.2
2026-04-25T04:00:00Z,16284.2
2026-04-25T05:00:00Z,16398.5
2026-04-25T06:00:00Z,18523.6
2026-04-25T07:00:00Z,19204.9
2026-04-25T08:00:00Z,20434.9
2026-04-25T09:00:00Z,21453.7
2026-04-25T10:00:00Z,22096.4
2026-04-25T11:00:00Z,22163.7
2026-04-25T12:00:00Z,22450.3
2026-04-25T13:00:00Z,22365.1
2026-04-25T14:00:00Z,22251.4
2026-04-25T15:00:00Z,20341.6
2026-04-25T16:00:00Z,20761.7
2026-04-25T17:00:00Z,18825.3
2026-04-25T18:00:00Z,18825.7
2026-04-25T19:00:00Z,17051.6
2026-04-25T20:00:00Z,16452.5
2026-04-25T21:00:00Z,14801.7
2026-04-25T22:00:00Z,14821.4
2026-04-25T23:00:00Z,13893.8
2026-04-26T00:00:00Z,13752.6
2026-04-26T01:00:00Z,13918.3
2026-04-26T02:00:00Z,13271.2
2026-04-26T03:00:00Z,14349.2
2026-04-26T04:00:00Z,15216.1
2026-04-26T05:00:00Z,16917.1
2026-04-26T06:00:00Z,17951.4
2026-04-26T07:00:00Z,19486.3
2026-04-26T08:00:00Z,20382.1
2026-04-26T09:00:00Z,21629.8
2026-04-26T10:00:00Z,21614.3
2026-04-26T11:00:00Z,22448.4
2026-04-26T12:00:00Z,22283.4
2026-04-26T13:00:00Z,21885.9
2026-04-26T14:00:00Z,21217.3
2026-04-26T15:00:00Z,21131.7
2026-04-26T16:00:00Z,19905.7
2026-04-26T17:00:00Z,18979.9
2026-04-26T18:00:00Z,17673.1
2026-04-26T19:00:00Z,16473.9
2026-04-26T20:00:00Z,16856.5
2026-04-26T21:00:00Z,14907.1
2026-04-26T22:00:00Z,13699.7
2026-04-26T23:00:00Z,13670.0
2026-04-27T00:00:00Z,14842.6
2026-04-27T01:00:00Z,14439.8
2026-04-27T02:00:00Z,15821.4
2026-04-27T03:00:00Z,15789.0
2026-04-27T04:00:00Z,17244.8
2026-04-27T05:00:00Z,17947.7
2026-04-27T06:00:00Z,18965.2
2026-04-27T07:00:00Z,21614.0
2026-04-27T08:00:00Z,21253.6
2026-04-27T09:00:00Z,21832.4
2026-04-27T10:00:00Z,22909.6
2026-04-27T11:00:00Z,23174.8
2026-04-27T12:00:00Z,24101.0
2026-04-27T13:00:00Z,23707.1
2026-04-27T14:00:00Z,22659.7
2026-04-27T15:00:00Z,23053.3
2026-04-27T16:00:00Z,21391.6
2026-04-27T17:00:00Z,19919.0
2026-04-27T18:00:00Z,19665.5
2026-04-27T19:00:00Z,18355.1
2026-04-27T20:00:00Z,16662.3
2026-04-27T21:00:00Z,15700.0
2026-04-27T22:00:00Z,15357.9
2026-04-27T23:00:00Z,14722.2
2026-04-28T00:00:00Z,15040.6
2026-04-28T01:00:00Z,15092.5
2026-04-28T02:00:00Z,14985.5
2026-04-28T03:00:00Z,15729.7
2026-04-28T04:00:00Z,16960.2
2026-04-28T05:00:00Z,18608.1
2026-04-28T06:00:00Z,19032.1
2026-04-28T07:00:00Z,20642.9
2026-04-28T08:00:00Z,21247.6
2026-04-28T09:00:00Z,22569.7
2026-04-28T10:00:00Z,22898.4
2026-04-28T11:00:00Z,23712.0
2026-04-28T12:00:00Z,23372.0
2026-04-28T13:00:00Z,23274.5
2026-04-28T14:00:00Z,23833.5
2026-04-28T15:00:00Z,22750.7
2026-04-28T16:00:00Z,21017.9
2026-04-28T17:00:00Z,20855.5
2026-04-28T18:00:00Z,19203.9
2026-04-28T19:00:00Z,18624.8
2026-04-28T20:00:00Z,16547.0
2026-04-28T21:00:00Z,16092.4
2026-04-28T22:00:00Z,15263.4
2026-04-28T23:00:00Z,14718.2
2026-04-29T00:00:00Z,14409.7
2026-04-29T01:00:00Z,15723.8
2026-04-29T02:00:00Z,15437.9
2026-04-29T03:00:00Z,16027.1
2026-04-29T04:00:00Z,16444.6
2026-04-29T05:00:00Z,18554.6
2026-04-29T06:00:00Z,19705.0
2026-04-29T07:00:00Z,20369.0
2026-04-29T08:00:00Z,20987.8
2026-04-29T09:00:00Z,22635.6
2026-04-29T10:00:00Z,23126.9
2026-04-29T11:00:00Z,23024.2
2026-04-29T12:00:00Z,24504.3
2026-04-29T13:00:00Z,23843.9
2026-04-29T14:00:00Z,22756.6
2026-04-29T15:00:00Z,22119.9
2026-04-29T16:00:00Z,21799.6
2026-04-29T17:00:00Z,20883.3
2026-04-29T18:00:00Z,19512.1
2026-04-29T19:00:00Z,18339.4
2026-04-29T20:00:00Z,16934.8
2026-04-29T21:00:00Z,16935.9
2026-04-29T22:00:00Z,15352.2
2026-04-29T23:00:00Z,15098.8
2026-04-30T00:00:00Z,15025.3
2026-04-30T01:00:00Z,14928.8
2026-04-30T02:00:00Z,15769.5
2026-04-30T03:00:00Z,16764.6
2026-04-30T04:00:00Z,16269.0
2026-04-30T05:00:00Z,18094.2
2026-04-30T06:00:00Z,19792.6
2026-04-30T07:00:00Z,20998.1
2026-04-30T08:00:00Z,21365.7
2026-04-30T09:00:00Z,22712.1
2026-04-30T10:00:00Z,23236.4
2026-04-30T11:00:00Z,23663.5
2026-04-30T12:00:00Z,23524.2
2026-04-30T13:00:00Z,23986.0
2026-04-30T14:00:00Z,23616.3
2026-04-30T15:00:00Z,23060.8
2026-04-30T16:00:00Z,21643.9
2026-04-30T17:00:00Z,20526.3
2026-04-30T18:00:00Z,19751.5
2026-04-30T19:00:00Z,19424.7
2026-04-30T20:00:00Z,17024.9
2026-04-30T21:00:00Z,16160.8
2026-04-30T22:00:00Z,16150.0
2026-04-30T23:00:00Z,14621.8
2026-05-01T00:00:00Z,13965.2
2026-05-01T01:00:00Z,15435.4
2026-05-01T02:00:00Z,16033.7
2026-05-01T03:00:00Z,16712.9
2026-05-01T04:00:00Z,17512.2
2026-05-01T05:00:00Z,18617.3
2026-05-01T06:00:00Z,19094.8
2026-05-01T07:00:00Z,20895.3
2026-05-01T08:00:00Z,21199.3
2026-05-01T09:00:00Z,21903.7
2026-05-01T10:00:00Z,23111.6
2026-05-01T11:00:00Z,23155.0
2026-05-01T12:00:00Z,23375.8
2026-05-01T13:00:00Z,23393.6
2026-05-01T14:00:00Z,23036.8
2026-05-01T15:00:00Z,22541.9
2026-05-01T16:00:00Z,21184.9
2026-05-01T17:00:00Z,20273.3
2026-05-01T18:00:00Z,19290.7
2026-05-01T19:00:00Z,18259.4
2026-05-01T20:00:00Z,17307.5
2026-05-01T21:00:00Z,16499.7
2026-05-01T22:00:00Z,15592.1
2026-05-01T23:00:00Z,15232.7
2026-05-02T00:00:00Z,13951.8
2026-05-02T01:00:00Z,13845.6
2026-05-02T02:00:00Z,14363.3
2026-05-02T03:00:00Z,14658.9
2026-05-02T04:00:00Z,16005.0
2026-05-02T05:00:00Z,17355.9
2026-05-02T06:00:00Z,17890.4
2026-05-02T07:00:00Z,19776.9
2026-05-02T08:00:00Z,20161.3
2026-05-02T09:00:00Z,21675.7
2026-05-02T10:00:00Z,22605.5
2026-05-02T11:00:00Z,22506.2
2026-05-02T12:00:00Z,22425.8
2026-05-02T13:00:00Z,22589.1
2026-05-02T14:00:00Z,21828.9
2026-05-02T15:00:00Z,20933.2
2026-05-02T16:00:00Z,20744.6
2026-05-02T17:00:00Z,18566.3
2026-05-02T18:00:00Z,18474.8
2026-05-02T19:00:00Z,16696.8
2026-05-02T20:00:00Z,16266.9
2026-05-02T21:00:00Z,14809.0
2026-05-02T22:00:00Z,14978.0
2026-05-02T23:00:00Z,13663.3
2026-05-03T00:00:00Z,12880.4
2026-05-03T01:00:00Z,14967.9
2026-05-03T02:00:00Z,14326.8
2026-05-03T03:00:00Z,14972.2
2026-05-03T04:00:00Z,15934.3
2026-05-03T05:00:00Z,16887.6
2026-05-03T06:00:00Z,18266.4
2026-05-03T07:00:00Z,19019.4
2026-05-03T08:00:00Z,21190.4
2026-05-03T09:00:00Z,21030.4
2026-05-03T10:00:00Z,22239.2
2026-05-03T11:00:00Z,22942.4
2026-05-03T12:00:00Z,22507.4
2026-05-03T13:00:00Z,22766.3
2026-05-03T14:00:00Z,21793.5
2026-05-03T15:00:00Z,20917.8
2026-05-03T16:00:00Z,20071.9
2026-05-03T17:00:00Z,19709.7
2026-05-03T18:00:00Z,18548.2
2026-05-03T19:00:00Z,16665.7
2026-05-03T20:00:00Z,16318.0
2026-05-03T21:00:00Z,14677.7
2026-05-03T22:00:00Z,14380.3
2026-05-03T23:00:00Z,14131.0
2026-05-04T00:00:00Z,14200.8
2026-05-04T01:00:00Z,15356.9
2026-05-04T02:00:00Z,15453.4
2026-05-04T03:00:00Z,15716.1
2026-05-04T04:00:00Z,17444.1
2026-05-04T05:00:00Z,18366.3
2026-05-04T06:00:00Z,19539.7
2026-05-04T07:00:00Z,20449.7
2026-05-04T08:00:00Z,21370.2
2026-05-04T09:00:00Z,22046.3
2026-05-04T10:00:00Z,23158.2
2026-05-04T11:00:00Z,23292.7
2026-05-04T12:00:00Z,23671.0
2026-05-04T13:00:00Z,23837.8
2026-05-04T14:00:00Z,23541.5
2026-05-04T15:00:00Z,22696.8
2026-05-04T16:00:00Z,21725.6
2026-05-04T17:00:00Z,20446.3
2026-05-04T18:00:00Z,19755.6
2026-05-04T19:00:00Z,18693.1
2026-05-04T20:00:00Z,16998.0
2026-05-04T21:00:00Z,16100.6
2026-05-04T22:00:00Z,15191.9
2026-05-04T23:00:00Z,15004.4
2026-05-05T00:00:00Z,14826.2
2026-05-05T01:00:00Z,15873.6
2026-05-05T02:00:00Z,16092.6
2026-05-05T03:00:00Z,15780.6
2026-05-05T04:00:00Z,17497.6
2026-05-05T05:00:00Z,18187.3
2026-05-05T06:00:00Z,18772.9
2026-05-05T07:00:00Z,20668.0
2026-05-05T08:00:00Z,21387.5
2026-05-05T09:00:00Z,22676.5
2026-05-05T10:00:00Z,23461.2
2026-05-05T11:00:00Z,23464.9
2026-05-05T12:00:00Z,24420.4
2026-05-05T13:00:00Z,23760.1
2026-05-05T14:00:00Z,22972.1
2026-05-05T15:00:00Z,21948.6
2026-05-05T16:00:00Z,22475.5
2026-05-05T17:00:00Z,20272.1
2026-05-05T18:00:00Z,19448.0
2026-05-05T19:00:00Z,18382.4
2026-05-05T20:00:00Z,17539.1
2026-05-05T21:00:00Z,15780.4
2026-05-05T22:00:00Z,14668.2
2026-05-05T23:00:00Z,15177.2
2026-05-06T00:00:00Z,14452.4
2026-05-06T01:00:00Z,15057.6
2026-05-06T02:00:00Z,16378.5
2026-05-06T03:00:00Z,16087.1
2026-05-06T04:00:00Z,17481.3
2026-05-06T05:00:00Z,17880.3
2026-05-06T06:00:00Z,20565.1
2026-05-06T07:00:00Z,20451.7
2026-05-06T08:00:00Z,21812.3
2026-05-06T09:00:00Z,22529.0
2026-05-06T10:00:00Z,23057.7
2026-05-06T11:00:00Z,24129.9
2026-05-06T12:00:00Z,23792.7
2026-05-06T13:00:00Z,23382.6
2026-05-06T14:00:00Z,23081.5
2026-05-06T15:00:00Z,22462.5
2026-05-06T16:00:00Z,21692.5
2026-05-06T17:00:00Z,20637.6
2026-05-06T18:00:00Z,19130.6
2026-05-06T19:00:00Z,18095.8
2026-05-06T20:00:00Z,17994.1
2026-05-06T21:00:00Z,16199.5
2026-05-06T22:00:00Z,16100.4
2026-05-06T23:00:00Z,14980.1
2026-05-07T00:00:00Z,15155.2
2026-05-07T01:00:00Z,14936.2
2026-05-07T02:00:00Z,14870.0
2026-05-07T03:00:00Z,16109.1
2026-05-07T04:00:00Z,17563.6
2026-05-07T05:00:00Z,18778.9
2026-05-07T06:00:00Z,19853.7
2026-05-07T07:00:00Z,20389.4
2026-05-07T08:00:00Z,21542.9
2026-05-07T09:00:00Z,22152.7
2026-05-07T10:00:00Z,23390.4
2026-05-07T11:00:00Z,24036.5
2026-05-07T12:00:00Z,23965.1
2026-05-07T13:00:00Z,23448.2
2026-05-07T14:00:00Z,23435.9
2026-05-07T15:00:00Z,22616.8
2026-05-07T16:00:00Z,21842.7
2026-05-07T17:00:00Z,20524.0
2026-05-07T18:00:00Z,19521.3
2026-05-07T19:00:00Z,18026.1
2026-05-07T20:00:00Z,16913.9
2026-05-07T21:00:00Z,15357.4
2026-05-07T22:00:00Z,15685.9
2026-05-07T23:00:00Z,15223.7
2026-05-08T00:00:00Z,14680.7
2026-05-08T01:00:00Z,15773.5
2026-05-08T02:00:00Z,16096.8
2026-05-08T03:00:00Z,16990.1
2026-05-08T04:00:00Z,17222.2
2026-05-08T05:00:00Z,18241.1
2026-05-08T06:00:00Z,19609.9
2026-05-08T07:00:00Z,20984.1
2026-05-08T08:00:00Z,22273.4
2026-05-08T09:00:00Z,22265.3
2026-05-08T10:00:00Z,23267.7
2026-05-08T11:00:00Z,23012.1
2026-05-08T12:00:00Z,23827.6
2026-05-08T13:00:00Z,24118.9
2026-05-08T14:00:00Z,23592.0
2026-05-08T15:00:00Z,23516.7
2026-05-08T16:00:00Z,21968.3
2026-05-08T17:00:00Z,20482.5
2026-05-08T18:00:00Z,19209.6
2026-05-08T19:00:00Z,18445.9
2026-05-08T20:00:00Z,17899.6
2026-05-08T21:00:00Z,15885.5
2026-05-08T22:00:00Z,15293.1
2026-05-08T23:00:00Z,15241.0
2026-05-09T00:00:00Z,13730.6
2026-05-09T01:00:00Z,14346.6
2026-05-09T02:00:00Z,14278.3
2026-05-09T03:00:00Z,15175.4
2026-05-09T04:00:00Z,16072.8
2026-05-09T05:00:00Z,17228.4
2026-05-09T06:00:00Z,18810.3
2026-05-09T07:00:00Z,18954.5
2026-05-09T08:00:00Z,19859.6
2026-05-09T09:00:00Z,20869.0
2026-05-09T10:00:00Z,22026.2
2026-05-09T11:00:00Z,22622.7
2026-05-09T12:00:00Z,22932.0
2026-05-09T13:00:00Z,22697.1
2026-05-09T14:00:00Z,22184.9
2026-05-09T15:00:00Z,20759.9
2026-05-09T16:00:00Z,20263.8
2026-05-09T17:00:00Z,19604.4
2026-05-09T18:00:00Z,17827.6
2026-05-09T19:00:00Z,16963.4
2026-05-09T20:00:00Z,15912.5
2026-05-09T21:00:00Z,15342.2
2026-05-09T22:00:00Z,14120.9
2026-05-09T23:00:00Z,13378.0
2026-05-10T00:00:00Z,13751.8
2026-05-10T01:00:00Z,13932.7
2026-05-10T02:00:00Z,14798.5
2026-05-10T03:00:00Z,14962.4
2026-05-10T04:00:00Z,16020.5
2026-05-10T05:00:00Z,16982.2
2026-05-10T06:00:00Z,18143.9
2026-05-10T07:00:00Z,20254.9
2026-05-10T08:00:00Z,19586.6
2026-05-10T09:00:00Z,21684.4
2026-05-10T10:00:00Z,21866.8
2026-05-10T11:00:00Z,22638.5
2026-05-10T12:00:00Z,22180.8
2026-05-10T13:00:00Z,22684.5
2026-05-10T14:00:00Z,21861.2
2026-05-10T15:00:00Z,21672.5
2026-05-10T16:00:00Z,21056.0
2026-05-10T17:00:00Z,19001.8
2026-05-10T18:00:00Z,17719.6
2026-05-10T19:00:00Z,17608.8
2026-05-10T20:00:00Z,16842.7
2026-05-10T21:00:00Z,15191.9
2026-05-10T22:00:00Z,13703.7
2026-05-10T23:00:00Z,13451.8
2026-05-11T00:00:00Z,15515.9
2026-05-11T01:00:00Z,15968.8
2026-05-11T02:00:00Z,15702.6
2026-05-11T03:00:00Z,15946.3
2026-05-11T04:00:00Z,17808.1
2026-05-11T05:00:00Z,17931.1
2026-05-11T06:00:00Z,19334.3
2026-05-11T07:00:00Z,20501.9
2026-05-11T08:00:00Z,21567.9
2026-05-11T09:00:00Z,22932.3
2026-05-11T10:00:00Z,23067.6
2026-05-11T11:00:00Z,23932.4
2026-05-11T12:00:00Z,24437.7
2026-05-11T13:00:00Z,24287.1
2026-05-11T14:00:00Z,23941.2
2026-05-11T15:00:00Z,22587.8
2026-05-11T16:00:00Z,21166.1
2026-05-11T17:00:00Z,20811.6
2026-05-11T18:00:00Z,19677.9
2026-05-11T19:00:00Z,18553.2
2026-05-11T20:00:00Z,17229.0
2026-05-11T21:00:00Z,16628.1
2026-05-11T22:00:00Z,15364.7
2026-05-11T23:00:00Z,15616.6
2026-05-12T00:00:00Z,15860.5
2026-05-12T01:00:00Z,15397.4
2026-05-12T02:00:00Z,15810.1
2026-05-12T03:00:00Z,16735.0
2026-05-12T04:00:00Z,17621.2
2026-05-12T05:00:00Z,18699.3
2026-05-12T06:00:00Z,19709.3
2026-05-12T07:00:00Z,20675.4
2026-05-12T08:00:00Z,22443.1
2026-05-12T09:00:00Z,22319.1
2026-05-12T10:00:00Z,23897.5
2026-05-12T11:00:00Z,23595.2
2026-05-12T12:00:00Z,24247.9
2026-05-12T13:00:00Z,23558.9
2026-05-12T14:00:00Z,22892.3
2026-05-12T15:00:00Z,22379.6
2026-05-12T16:00:00Z,21484.3
2026-05-12T17:00:00Z,21280.8
2026-05-12T18:00:00Z,19403.7
2026-05-12T19:00:00Z,18217.7
2026-05-12T20:00:00Z,17043.7
2026-05-12T21:00:00Z,16480.5
2026-05-12T22:00:00Z,15778.1
2026-05-12T23:00:00Z,15554.1
2026-05-13T00:00:00Z,14968.1
2026-05-13T01:00:00Z,14927.6
2026-05-13T02:00:00Z,15798.4
2026-05-13T03:00:00Z,16854.1
2026-05-13T04:00:00Z,17726.2
2026-05-13T05:00:00Z,18144.6
2026-05-13T06:00:00Z,19476.8
2026-05-13T07:00:00Z,20936.7
2026-05-13T08:00:00Z,21664.2
2026-05-13T09:00:00Z,22273.7
2026-05-13T10:00:00Z,23577.9
2026-05-13T11:00:00Z,23814.6
2026-05-13T12:00:00Z,24210.1
2026-05-13T13:00:00Z,24266.3
2026-05-13T14:00:00Z,23321.0
2026-05-13T15:00:00Z,22374.6
2026-05-13T16:00:00Z,21597.1
2026-05-13T17:00:00Z,21102.5
2026-05-13T18:00:00Z,19701.4
2026-05-13T19:00:00Z,18807.7
2026-05-13T20:00:00Z,17317.1
2026-05-13T21:00:00Z,16805.5
2026-05-13T22:00:00Z,15643.5
2026-05-13T23:00:00Z,15141.6
2026-05-14T00:00:00Z,15266.3
2026-05-14T01:00:00Z,15374.0
2026-05-14T02:00:00Z,15773.8
2026-05-14T03:00:00Z,16587.7
2026-05-14T04:00:00Z,17844.7
2026-05-14T05:00:00Z,18305.4
2026-05-14T06:00:00Z,19049.6
2026-05-14T07:00:00Z,21008.5
2026-05-14T08:00:00Z,22628.3
2026-05-14T09:00:00Z,23235.9
2026-05-14T10:00:00Z,23100.6
2026-05-14T11:00:00Z,24160.1
2026-05-14T12:00:00Z,24558.8
2026-05-14T13:00:00Z,24326.6
2026-05-14T14:00:00Z,24230.2
2026-05-14T15:00:00Z,23161.4
2026-05-14T16:00:00Z,20881.9
2026-05-14T17:00:00Z,21070.2
2026-05-14T18:00:00Z,19418.8
2026-05-14T19:00:00Z,18213.0
2026-05-14T20:00:00Z,16847.5
2026-05-14T21:00:00Z,16090.8
2026-05-14T22:00:00Z,15726.8
2026-05-14T23:00:00Z,15831.9
2026-05-15T00:00:00Z,15738.6
2026-05-15T01:00:00Z,15710.8
2026-05-15T02:00:00Z,16369.0
2026-05-15T03:00:00Z,16461.3
2026-05-15T04:00:00Z,17214.0
2026-05-15T05:00:00Z,19314.6
2026-05-15T06:00:00Z,19921.2
2026-05-15T07:00:00Z,20762.9
2026-05-15T08:00:00Z,22246.2
2026-05-15T09:00:00Z,22604.2
2026-05-15T10:00:00Z,24181.4
2026-05-15T11:00:00Z,23541.4
2026-05-15T12:00:00Z,23981.0
2026-05-15T13:00:00Z,23962.9
2026-05-15T14:00:00Z,23515.2
2026-05-15T15:00:00Z,22414.5
2026-05-15T16:00:00Z,22289.0
2026-05-15T17:00:00Z,21130.3
2026-05-15T18:00:00Z,19770.6
2026-05-15T19:00:00Z,18818.4
2026-05-15T20:00:00Z,17357.8
2026-05-15T21:00:00Z,16977.2
2026-05-15T22:00:00Z,15693.8
2026-05-15T23:00:00Z,15064.8
2026-05-16T00:00:00Z,14057.6
2026-05-16T01:00:00Z,14201.8
2026-05-16T02:00:00Z,14851.7
2026-05-16T03:00:00Z,15678.7
2026-05-16T04:00:00Z,16980.1
2026-05-16T05:00:00Z,16914.5
2026-05-16T06:00:00Z,17964.1
2026-05-16T07:00:00Z,19818.0
2026-05-16T08:00:00Z,21273.6
2026-05-16T09:00:00Z,22089.5
2026-05-16T10:00:00Z,22369.7
2026-05-16T11:00:00Z,22764.2
2026-05-16T12:00:00Z,22896.6
2026-05-16T13:00:00Z,23519.9
2026-05-16T14:00:00Z,22335.8
2026-05-16T15:00:00Z,21830.4
2026-05-16T16:00:00Z,20332.8
2026-05-16T17:00:00Z,20067.0
2026-05-16T18:00:00Z,18525.9
2026-05-16T19:00:00Z,17329.1
2026-05-16T20:00:00Z,16246.8
2026-05-16T21:00:00Z,15391.3
2026-05-16T22:00:00Z,15749.5
2026-05-16T23:00:00Z,14522.5
2026-05-17T00:00:00Z,14433.2
2026-05-17T01:00:00Z,14053.7
2026-05-17T02:00:00Z,14253.1
2026-05-17T03:00:00Z,14682.7
2026-05-17T04:00:00Z,16185.3
2026-05-17T05:00:00Z,17537.8
2026-05-17T06:00:00Z,18709.2
2026-05-17T07:00:00Z,19227.8
2026-05-17T08:00:00Z,21084.2
2026-05-17T09:00:00Z,21550.7
2026-05-17T10:00:00Z,22887.2
2026-05-17T11:00:00Z,22813.0
2026-05-17T12:00:00Z,23076.9
2026-05-17T13:00:00Z,22636.3
2026-05-17T14:00:00Z,22210.7
2026-05-17T15:00:00Z,21775.6
2026-05-17T16:00:00Z,21058.0
2026-05-17T17:00:00Z,20042.6
2026-05-17T18:00:00Z,18362.6
2026-05-17T19:00:00Z,17015.3
2026-05-17T20:00:00Z,16566.3
2026-05-17T21:00:00Z,15968.1
2026-05-17T22:00:00Z,14602.3
2026-05-17T23:00:00Z,14183.6
2026-05-18T00:00:00Z,15302.7
2026-05-18T01:00:00Z,15744.2
2026-05-18T02:00:00Z,16418.5
2026-05-18T03:00:00Z,16419.2
2026-05-18T04:00:00Z,17848.2
2026-05-18T05:00:00Z,19290.4
2026-05-18T06:00:00Z,20127.0
2026-05-18T07:00:00Z,20768.5
2026-05-18T08:00:00Z,21585.1
2026-05-18T09:00:00Z,23057.3
2026-05-18T10:00:00Z,24251.2
2026-05-18T11:00:00Z,24489.3
2026-05-18T12:00:00Z,24879.5
2026-05-18T13:00:00Z,24058.5
2026-05-18T14:00:00Z,23774.8
2026-05-18T15:00:00Z,22747.5
2026-05-18T16:00:00Z,22333.6
2026-05-18T17:00:00Z,20987.3
2026-05-18T18:00:00Z,19620.0
2026-05-18T19:00:00Z,18621.3
2026-05-18T20:00:00Z,17904.5
2026-05-18T21:00:00Z,17102.8
2026-05-18T22:00:00Z,16363.4
2026-05-18T23:00:00Z,16493.9
2026-05-19T00:00:00Z,15806.1
2026-05-19T01:00:00Z,15337.8
2026-05-19T02:00:00Z,16521.9
2026-05-19T03:00:00Z,16512.9
2026-05-19T04:00:00Z,17340.7
2026-05-19T05:00:00Z,19084.2
2026-05-19T06:00:00Z,19749.1
2026-05-19T07:00:00Z,21117.4
2026-05-19T08:00:00Z,21998.1
2026-05-19T09:00:00Z,23034.4
2026-05-19T10:00:00Z,23168.6
2026-05-19T11:00:00Z,24585.3
2026-05-19T12:00:00Z,24857.3
2026-05-19T13:00:00Z,24165.1
2026-05-19T14:00:00Z,24273.0
2026-05-19T15:00:00Z,23425.8
2026-05-19T16:00:00Z,22632.4
2026-05-19T17:00:00Z,21667.4
2026-05-19T18:00:00Z,19519.4
2026-05-19T19:00:00Z,19126.2
2026-05-19T20:00:00Z,17702.1
2026-05-19T21:00:00Z,17118.1
2026-05-19T22:00:00Z,16035.2
2026-05-19T23:00:00Z,16453.7
2026-05-20T00:00:00Z,16201.1
2026-05-20T01:00:00Z,15734.4
2026-05-20T02:00:00Z,16346.8
2026-05-20T03:00:00Z,16972.9
2026-05-20T04:00:00Z,17901.2
2026-05-20T05:00:00Z,19220.8
2026-05-20T06:00:00Z,19666.1
2026-05-20T07:00:00Z,20647.7
2026-05-20T08:00:00Z,22657.7
2026-05-20T09:00:00Z,23289.8
2026-05-20T10:00:00Z,23699.9
2026-05-20T11:00:00Z,24060.3
2026-05-20T12:00:00Z,23913.4
2026-05-20T13:00:00Z,24206.3
2026-05-20T14:00:00Z,23228.1
2026-05-20T15:00:00Z,23212.4
2026-05-20T16:00:00Z,22345.7
2026-05-20T17:00:00Z,20921.6
2026-05-20T18:00:00Z,20395.5
2026-05-20T19:00:00Z,19151.0
2026-05-20T20:00:00Z,17873.3
2026-05-20T21:00:00Z,16603.8
2026-05-20T22:00:00Z,15932.0
2026-05-20T23:00:00Z,15380.4
2026-05-21T00:00:00Z,14900.4
2026-05-21T01:00:00Z,15777.0
2026-05-21T02:00:00Z,16485.4
2026-05-21T03:00:00Z,16356.7
2026-05-21T04:00:00Z,17968.4
2026-05-21T05:00:00Z,18813.1
2026-05-21T06:00:00Z,20093.5
2026-05-21T07:00:00Z,21464.6
2026-05-21T08:00:00Z,22609.0
2026-05-21T09:00:00Z,22933.0
2026-05-21T10:00:00Z,24165.9
2026-05-21T11:00:00Z,24176.7
2026-05-21T12:00:00Z,23532.2
2026-05-21T13:00:00Z,25084.4
2026-05-21T14:00:00Z,23899.6
2026-05-21T15:00:00Z,23061.6
2026-05-21T16:00:00Z,22759.8
2026-05-21T17:00:00Z,21360.2
2026-05-21T18:00:00Z,19833.9
2026-05-21T19:00:00Z,18972.6
2026-05-21T20:00:00Z,17945.0
2026-05-21T21:00:00Z,16830.7
2026-05-21T22:00:00Z,15316.5
2026-05-21T23:00:00Z,15812.3
2026-05-22T00:00:00Z,15305.2
2026-05-22T01:00:00Z,15416.6
2026-05-22T02:00:00Z,16265.4
2026-05-22T03:00:00Z,17752.5
2026-05-22T04:00:00Z,17426.6
2026-05-22T05:00:00Z,19055.7
2026-05-22T06:00:00Z,19538.3
2026-05-22T07:00:00Z,20638.4
2026-05-22T08:00:00Z,22169.7
2026-05-22T09:00:00Z,23566.5
2026-05-22T10:00:00Z,24033.7
2026-05-22T11:00:00Z,24477.3
2026-05-22T12:00:00Z,24978.0
2026-05-22T13:00:00Z,24554.0
2026-05-22T14:00:00Z,23711.2
2026-05-22T15:00:00Z,22869.7
2026-05-22T16:00:00Z,22191.5
2026-05-22T17:00:00Z,21366.0
2026-05-22T18:00:00Z,19965.3
2026-05-22T19:00:00Z,18850.3
2026-05-22T20:00:00Z,17660.5
2026-05-22T21:00:00Z,16651.2
2026-05-22T22:00:00Z,15799.5
2026-05-22T23:00:00Z,15506.6
2026-05-23T00:00:00Z,15132.4
2026-05-23T01:00:00Z,15022.0
2026-05-23T02:00:00Z,15579.4
2026-05-23T03:00:00Z,15813.6
2026-05-23T04:00:00Z,16643.2
2026-05-23T05:00:00Z,18061.2
2026-05-23T06:00:00Z,18766.8
2026-05-23T07:00:00Z,20479.6
2026-05-23T08:00:00Z,21174.3
2026-05-23T09:00:00Z,22339.0
2026-05-23T10:00:00Z,22460.2
2026-05-23T11:00:00Z,23868.3
2026-05-23T12:00:00Z,23420.6
2026-05-23T13:00:00Z,23440.4
2026-05-23T14:00:00Z,22472.3
2026-05-23T15:00:00Z,21788.1
2026-05-23T16:00:00Z,21386.4
2026-05-23T17:00:00Z,19445.6
2026-05-23T18:00:00Z,19370.2
2026-05-23T19:00:00Z,17539.0
2026-05-23T20:00:00Z,17048.8
2026-05-23T21:00:00Z,15527.9
2026-05-23T22:00:00Z,15049.5
2026-05-23T23:00:00Z,14654.9
2026-05-24T00:00:00Z,14865.4
2026-05-24T01:00:00Z,14358.1
2026-05-24T02:00:00Z,15324.4
2026-05-24T03:00:00Z,15933.4
2026-05-24T04:00:00Z,17030.4
2026-05-24T05:00:00Z,17501.6
2026-05-24T06:00:00Z,18961.9
2026-05-24T07:00:00Z,19835.2
2026-05-24T08:00:00Z,21036.8
2026-05-24T09:00:00Z,22495.3
2026-05-24T10:00:00Z,23242.8
2026-05-24T11:00:00Z,22899.2
2026-05-24T12:00:00Z,23335.9
2026-05-24T13:00:00Z,23217.6
2026-05-24T14:00:00Z,22449.3
2026-05-24T15:00:00Z,21951.0
2026-05-24T16:00:00Z,20779.7
2026-05-24T17:00:00Z,20314.5
2026-05-24T18:00:00Z,18605.9
2026-05-24T19:00:00Z,18336.2
2026-05-24T20:00:00Z,16012.2
2026-05-24T21:00:00Z,16034.3
2026-05-24T22:00:00Z,15342.1
2026-05-24T23:00:00Z,14431.5
2026-05-25T00:00:00Z,15177.0
2026-05-25T01:00:00Z,16023.9
2026-05-25T02:00:00Z,15946.7
2026-05-25T03:00:00Z,17509.8
2026-05-25T04:00:00Z,18064.5
2026-05-25T05:00:00Z,19087.6
2026-05-25T06:00:00Z,20282.2
2026-05-25T07:00:00Z,21667.9
2026-05-25T08:00:00Z,22450.4
2026-05-25T09:00:00Z,23580.3
2026-05-25T10:00:00Z,24217.2
2026-05-25T11:00:00Z,24332.0
2026-05-25T12:00:00Z,25084.4
2026-05-25T13:00:00Z,25116.3
2026-05-25T14:00:00Z,24491.6
2026-05-25T15:00:00Z,23420.5
2026-05-25T16:00:00Z,22708.8
2026-05-25T17:00:00Z,20992.9
2026-05-25T18:00:00Z,19934.4
2026-05-25T19:00:00Z,18764.8
2026-05-25T20:00:00Z,17804.7
2026-05-25T21:00:00Z,17409.2
2026-05-25T22:00:00Z,16091.7
2026-05-25T23:00:00Z,15717.1
2026-05-26T00:00:00Z,15298.5
2026-05-26T01:00:00Z,15751.5
2026-05-26T02:00:00Z,15834.7
2026-05-26T03:00:00Z,17483.0
2026-05-26T04:00:00Z,18014.3
2026-05-26T05:00:00Z,19484.3
2026-05-26T06:00:00Z,20793.3
2026-05-26T07:00:00Z,21611.0
2026-05-26T08:00:00Z,22631.2
2026-05-26T09:00:00Z,23475.5
2026-05-26T10:00:00Z,23973.6
2026-05-26T11:00:00Z,23774.4
2026-05-26T12:00:00Z,24793.1
2026-05-26T13:00:00Z,24317.5
2026-05-26T14:00:00Z,23765.6
2026-05-26T15:00:00Z,23213.1
2026-05-26T16:00:00Z,22498.8
2026-05-26T17:00:00Z,21693.0
2026-05-26T18:00:00Z,19924.8
2026-05-26T19:00:00Z,18678.4
2026-05-26T20:00:00Z,18468.3
2026-05-26T21:00:00Z,17356.9
2026-05-26T22:00:00Z,16741.7
2026-05-26T23:00:00Z,15905.0
2026-05-27T00:00:00Z,15399.5
2026-05-27T01:00:00Z,16548.6
2026-05-27T02:00:00Z,16962.1
2026-05-27T03:00:00Z,16989.5
2026-05-27T04:00:00Z,18281.1
2026-05-27T05:00:00Z,19600.6
2026-05-27T06:00:00Z,21261.6
2026-05-27T07:00:00Z,21939.7
2026-05-27T08:00:00Z,22771.4
2026-05-27T09:00:00Z,23407.8
2026-05-27T10:00:00Z,24025.3
2026-05-27T11:00:00Z,24614.4
2026-05-27T12:00:00Z,24544.8
2026-05-27T13:00:00Z,24871.3
2026-05-27T14:00:00Z,24247.7
2026-05-27T15:00:00Z,23405.4
2026-05-27T16:00:00Z,22202.4
2026-05-27T17:00:00Z,21545.6
2026-05-27T18:00:00Z,20233.9
2026-05-27T19:00:00Z,19352.6
2026-05-27T20:00:00Z,17792.6
2026-05-27T21:00:00Z,17470.5
2026-05-27T22:00:00Z,16474.9
2026-05-27T23:00:00Z,16778.8
2026-05-28T00:00:00Z,15701.4
2026-05-28T01:00:00Z,16857.5
2026-05-28T02:00:00Z,17646.1
2026-05-28T03:00:00Z,17275.8
2026-05-28T04:00:00Z,18958.5
2026-05-28T05:00:00Z,19698.4
2026-05-28T06:00:00Z,19983.8
2026-05-28T07:00:00Z,21374.4
2026-05-28T08:00:00Z,23025.2
2026-05-28T09:00:00Z,23685.9
2026-05-28T10:00:00Z,24601.2
2026-05-28T11:00:00Z,24881.6
2026-05-28T12:00:00Z,25413.5
2026-05-28T13:00:00Z,24637.8
2026-05-28T14:00:00Z,23894.3
2026-05-28T15:00:00Z,23332.7
2026-05-28T16:00:00Z,22648.9
2026-05-28T17:00:00Z,21256.6
2026-05-28T18:00:00Z,20429.7
2026-05-28T19:00:00Z,19214.9
2026-05-28T20:00:00Z,18107.0
2026-05-28T21:00:00Z,17287.5
2026-05-28T22:00:00Z,16455.1
2026-05-28T23:00:00Z,16518.1
2026-05-29T00:00:00Z,16099.3
2026-05-29T01:00:00Z,16496.2
2026-05-29T02:00:00Z,16128.0
2026-05-29T03:00:00Z,17371.6
2026-05-29T04:00:00Z,18105.0
2026-05-29T05:00:00Z,18632.3
2026-05-29T06:00:00Z,21247.2
2026-05-29T07:00:00Z,21161.2
2026-05-29T08:00:00Z,23017.1
2026-05-29T09:00:00Z,23910.4
2026-05-29T10:00:00Z,24763.9
2026-05-29T11:00:00Z,24620.3
2026-05-29T12:00:00Z,23993.5
2026-05-29T13:00:00Z,25014.4
2026-05-29T14:00:00Z,24301.8
2026-05-29T15:00:00Z,23877.4
2026-05-29T16:00:00Z,22659.6
2026-05-29T17:00:00Z,22122.7
2026-05-29T18:00:00Z,20691.1
2026-05-29T19:00:00Z,19224.0
2026-05-29T20:00:00Z,19168.1
2026-05-29T21:00:00Z,17146.7
2026-05-29T22:00:00Z,15856.2
2026-05-29T23:00:00Z,16261.9
2026-05-30T00:00:00Z,15072.2
2026-05-30T01:00:00Z,15256.9
2026-05-30T02:00:00Z,15292.7
2026-05-30T03:00:00Z,16190.1
2026-05-30T04:00:00Z,16805.1
2026-05-30T05:00:00Z,18031.3
2026-05-30T06:00:00Z,19576.9
2026-05-30T07:00:00Z,20288.9
2026-05-30T08:00:00Z,21814.5
2026-05-30T09:00:00Z,22378.2
2026-05-30T10:00:00Z,23205.9
2026-05-30T11:00:00Z,23497.8
2026-05-30T12:00:00Z,24188.6
2026-05-30T13:00:00Z,23658.7
2026-05-30T14:00:00Z,22884.3
2026-05-30T15:00:00Z,22513.4
2026-05-30T16:00:00Z,21983.5
2026-05-30T17:00:00Z,20575.5
2026-05-30T18:00:00Z,18941.6
2026-05-30T19:00:00Z,17903.3
2026-05-30T20:00:00Z,16731.0
2026-05-30T21:00:00Z,16690.9
2026-05-30T22:00:00Z,15552.1
2026-05-30T23:00:00Z,15362.8
2026-05-31T00:00:00Z,15254.0
2026-05-31T01:00:00Z,14981.5
2026-05-31T02:00:00Z,15948.6
2026-05-31T03:00:00Z,16206.2
2026-05-31T04:00:00Z,17284.6
2026-05-31T05:00:00Z,17491.8
2026-05-31T06:00:00Z,19343.8
2026-05-31T07:00:00Z,20374.1
2026-05-31T08:00:00Z,21312.0
2026-05-31T09:00:00Z,22586.2
2026-05-31T10:00:00Z,22747.9
2026-05-31T11:00:00Z,23557.3
2026-05-31T12:00:00Z,22866.3
2026-05-31T13:00:00Z,23568.9
2026-05-31T14:00:00Z,22951.3
2026-05-31T15:00:00Z,23138.5
2026-05-31T16:00:00Z,21650.6
2026-05-31T17:00:00Z,20730.7
2026-05-31T18:00:00Z,18285.8
2026-05-31T19:00:00Z,18053.1
2026-05-31T20:00:00Z,16713.2
2026-05-31T21:00:00Z,16707.1
2026-05-31T22:00:00Z,15873.9
2026-05-31T23:00:00Z,15119.5
2026-06-01T00:00:00Z,16278.7
2026-06-01T01:00:00Z,16406.8
2026-06-01T02:00:00Z,16790.6
2026-06-01T03:00:00Z,17754.3
2026-06-01T04:00:00Z,18651.4
2026-06-01T05:00:00Z,19447.9
2026-06-01T06:00:00Z,20384.0
2026-06-01T07:00:00Z,22394.7
2026-06-01T08:00:00Z,22712.3
2026-06-01T09:00:00Z,23521.4
2026-06-01T10:00:00Z,25349.7
2026-06-01T11:00:00Z,24978.6
2026-06-01T12:00:00Z,25036.2
2026-06-01T13:00:00Z,24442.7
2026-06-01T14:00:00Z,24116.9
2026-06-01T15:00:00Z,24301.7
2026-06-01T16:00:00Z,22760.1
2026-06-01T17:00:00Z,22235.2
2026-06-01T18:00:00Z,20267.3
2026-06-01T19:00:00Z,19821.2
2026-06-01T20:00:00Z,18507.1
2026-06-01T21:00:00Z,17384.7
2026-06-01T22:00:00Z,16180.9
2026-06-01T23:00:00Z,16887.0
2026-06-02T00:00:00Z,16358.6
2026-06-02T01:00:00Z,16452.5
2026-06-02T02:00:00Z,17232.7
2026-06-02T03:00:00Z,17242.0
2026-06-02T04:00:00Z,19055.8
2026-06-02T05:00:00Z,19902.7
2026-06-02T06:00:00Z,20960.9
2026-06-02T07:00:00Z,22126.2
2026-06-02T08:00:00Z,22730.3
2026-06-02T09:00:00Z,23833.1
2026-06-02T10:00:00Z,24763.8
2026-06-02T11:00:00Z,24856.2
2026-06-02T12:00:00Z,25695.6
2026-06-02T13:00:00Z,25348.4
2026-06-02T14:00:00Z,25116.0
2026-06-02T15:00:00Z,23343.1
2026-06-02T16:00:00Z,23547.9
2026-06-02T17:00:00Z,21728.1
2026-06-02T18:00:00Z,20478.4
2026-06-02T19:00:00Z,19505.2
2026-06-02T20:00:00Z,19065.0
2026-06-02T21:00:00Z,17793.6
2026-06-02T22:00:00Z,17067.4
2026-06-02T23:00:00Z,16858.1
2026-06-03T00:00:00Z,16788.3
2026-06-03T01:00:00Z,16965.8
2026-06-03T02:00:00Z,17331.6
2026-06-03T03:00:00Z,17802.6
2026-06-03T04:00:00Z,18798.4
2026-06-03T05:00:00Z,19176.0
2026-06-03T06:00:00Z,20768.2
2026-06-03T07:00:00Z,21161.6
2026-06-03T08:00:00Z,23006.0
2026-06-03T09:00:00Z,23996.0
2026-06-03T10:00:00Z,24384.1
2026-06-03T11:00:00Z,24912.5
2026-06-03T12:00:00Z,25643.3
2026-06-03T13:00:00Z,24974.2
2026-06-03T14:00:00Z,24666.0
2026-06-03T15:00:00Z,24654.3
2026-06-03T16:00:00Z,23154.8
2026-06-03T17:00:00Z,22303.0
2026-06-03T18:00:00Z,20981.2
2026-06-03T19:00:00Z,19875.6
2026-06-03T20:00:00Z,19013.3
2026-06-03T21:00:00Z,17596.4
2026-06-03T22:00:00Z,17246.5
2026-06-03T23:00:00Z,16349.0
2026-06-04T00:00:00Z,16289.5
2026-06-04T01:00:00Z,16817.9
2026-06-04T02:00:00Z,16807.0
2026-06-04T03:00:00Z,16775.3
2026-06-04T04:00:00Z,18567.6
2026-06-04T05:00:00Z,20194.4
2026-06-04T06:00:00Z,20499.1
2026-06-04T07:00:00Z,22230.5
2026-06-04T08:00:00Z,22947.5
2026-06-04T09:00:00Z,23445.1
2026-06-04T10:00:00Z,24586.9
2026-06-04T11:00:00Z,24306.3
2026-06-04T12:00:00Z,25732.1
2026-06-04T13:00:00Z,24999.9
2026-06-04T14:00:00Z,24836.4
2026-06-04T15:00:00Z,23989.8
2026-06-04T16:00:00Z,22527.9
2026-06-04T17:00:00Z,21855.5
2026-06-04T18:00:00Z,21284.6
2026-06-04T19:00:00Z,19999.8
2026-06-04T20:00:00Z,18495.8
2026-06-04T21:00:00Z,17448.5
2026-06-04T22:00:00Z,16980.1
2026-06-04T23:00:00Z,16088.9
2026-06-05T00:00:00Z,16572.3
2026-06-05T01:00:00Z,16031.8
2026-06-05T02:00:00Z,16798.9
2026-06-05T03:00:00Z,18086.2
2026-06-05T04:00:00Z,18695.2
2026-06-05T05:00:00Z,19525.9
2026-06-05T06:00:00Z,20966.4
2026-06-05T07:00:00Z,21964.3
2026-06-05T08:00:00Z,23222.7
2026-06-05T09:00:00Z,24445.7
2026-06-05T10:00:00Z,24718.2
2026-06-05T11:00:00Z,24577.3
2026-06-05T12:00:00Z,25504.2
2026-06-05T13:00:00Z,24905.7
2026-06-05T14:00:00Z,25174.4
2026-06-05T15:00:00Z,24408.4
2026-06-05T16:00:00Z,23126.4
2026-06-05T17:00:00Z,22230.1
2026-06-05T18:00:00Z,20381.0
2026-06-05T19:00:00Z,19131.7
2026-06-05T20:00:00Z,18571.3
2026-06-05T21:00:00Z,17903.4
2026-06-05T22:00:00Z,17568.9
2026-06-05T23:00:00Z,16386.1
2026-06-06T00:00:00Z,14978.5
2026-06-06T01:00:00Z,15156.3
2026-06-06T02:00:00Z,15638.5
2026-06-06T03:00:00Z,16679.6
2026-06-06T04:00:00Z,17014.0
2026-06-06T05:00:00Z,18880.9
2026-06-06T06:00:00Z,19272.7
2026-06-06T07:00:00Z,21724.5
2026-06-06T08:00:00Z,21922.4
2026-06-06T09:00:00Z,22923.1
2026-06-06T10:00:00Z,22990.1
2026-06-06T11:00:00Z,24142.4
2026-06-06T12:00:00Z,23492.0
2026-06-06T13:00:00Z,24343.7
2026-06-06T14:00:00Z,23359.8
2026-06-06T15:00:00Z,22979.7
2026-06-06T16:00:00Z,22155.6
2026-06-06T17:00:00Z,21240.3
2026-06-06T18:00:00Z,20243.7
2026-06-06T19:00:00Z,19015.2
2026-06-06T20:00:00Z,17806.1
2026-06-06T21:00:00Z,16393.2
2026-06-06T22:00:00Z,15497.3
2026-06-06T23:00:00Z,15739.5
2026-06-07T00:00:00Z,15506.3
2026-06-07T01:00:00Z,15348.3
2026-06-07T02:00:00Z,15961.0
2026-06-07T03:00:00Z,17028.0
2026-06-07T04:00:00Z,17934.5
2026-06-07T05:00:00Z,18455.3
2026-06-07T06:00:00Z,19343.9
2026-06-07T07:00:00Z,20272.2
2026-06-07T08:00:00Z,21872.4
2026-06-07T09:00:00Z,22844.5
2026-06-07T10:00:00Z,23181.3
2026-06-07T11:00:00Z,24494.2
2026-06-07T12:00:00Z,24948.7
2026-06-07T13:00:00Z,23828.1
2026-06-07T14:00:00Z,23933.6
2026-06-07T15:00:00Z,22917.8
2026-06-07T16:00:00Z,22249.8
2026-06-07T17:00:00Z,21035.3
2026-06-07T18:00:00Z,19794.4
2026-06-07T19:00:00Z,19020.4
2026-06-07T20:00:00Z,17862.3
2026-06-07T21:00:00Z,16538.1
2026-06-07T22:00:00Z,16160.6
2026-06-07T23:00:00Z,15321.9
2026-06-08T00:00:00Z,16678.1
2026-06-08T01:00:00Z,17064.4
2026-06-08T02:00:00Z,17456.9
2026-06-08T03:00:00Z,17427.3
2026-06-08T04:00:00Z,19124.5
2026-06-08T05:00:00Z,19545.3
2026-06-08T06:00:00Z,21209.2
2026-06-08T07:00:00Z,22533.3
2026-06-08T08:00:00Z,22801.9
2026-06-08T09:00:00Z,23875.5
2026-06-08T10:00:00Z,25267.3
2026-06-08T11:00:00Z,25528.6
2026-06-08T12:00:00Z,24809.0
2026-06-08T13:00:00Z,25762.2
2026-06-08T14:00:00Z,24746.7
2026-06-08T15:00:00Z,23838.3
2026-06-08T16:00:00Z,23440.5
2026-06-08T17:00:00Z,22046.9
2026-06-08T18:00:00Z,21144.0
2026-06-08T19:00:00Z,20075.5
2026-06-08T20:00:00Z,19794.4
2026-06-08T21:00:00Z,18329.8
2026-06-08T22:00:00Z,17381.5
2026-06-08T23:00:00Z,16880.8
2026-06-09T00:00:00Z,16891.4
2026-06-09T01:00:00Z,17093.7
2026-06-09T02:00:00Z,17131.8
2026-06-09T03:00:00Z,18249.9
2026-06-09T04:00:00Z,18732.0
2026-06-09T05:00:00Z,19846.0
2026-06-09T06:00:00Z,21167.9
2026-06-09T07:00:00Z,22718.8
2026-06-09T08:00:00Z,23718.6
2026-06-09T09:00:00Z,23259.2
2026-06-09T10:00:00Z,25482.0
2026-06-09T11:00:00Z,25506.2
2026-06-09T12:00:00Z,25664.3
2026-06-09T13:00:00Z,26014.8
2026-06-09T14:00:00Z,24778.8
2026-06-09T15:00:00Z,23955.6
2026-06-09T16:00:00Z,22695.2
2026-06-09T17:00:00Z,21917.1
2026-06-09T18:00:00Z,21496.7
2026-06-09T19:00:00Z,19754.4
2026-06-09T20:00:00Z,18601.9
2026-06-09T21:00:00Z,18202.2
2026-06-09T22:00:00Z,16985.4
2026-06-09T23:00:00Z,16634.6
2026-06-10T00:00:00Z,16537.7
2026-06-10T01:00:00Z,17126.9
2026-06-10T02:00:00Z,17172.1
2026-06-10T03:00:00Z,17945.1
2026-06-10T04:00:00Z,18979.1
2026-06-10T05:00:00Z,19446.8
2026-06-10T06:00:00Z,21171.0
2026-06-10T07:00:00Z,21752.1
2026-06-10T08:00:00Z,23042.5
2026-06-10T09:00:00Z,24223.3
2026-06-10T10:00:00Z,25142.3
2026-06-10T11:00:00Z,25449.3
2026-06-10T12:00:00Z,26077.6
2026-06-10T13:00:00Z,25584.2
2026-06-10T14:00:00Z,25305.6
2026-06-10T15:00:00Z,24219.3
2026-06-10T16:00:00Z,23239.5
2026-06-10T17:00:00Z,23013.4
2026-06-10T18:00:00Z,20658.8
2026-06-10T19:00:00Z,20532.6
2026-06-10T20:00:00Z,18763.8
2026-06-10T21:00:00Z,18361.3
2026-06-10T22:00:00Z,16944.3
2026-06-10T23:00:00Z,17150.1
2026-06-11T00:00:00Z,17007.6
2026-06-11T01:00:00Z,16276.5
2026-06-11T02:00:00Z,17253.0
2026-06-11T03:00:00Z,18425.8
2026-06-11T04:00:00Z,19479.8
2026-06-11T05:00:00Z,20288.4
2026-06-11T06:00:00Z,21122.6
2026-06-11T07:00:00Z,22457.7
2026-06-11T08:00:00Z,23074.5
2026-06-11T09:00:00Z,24103.8
2026-06-11T10:00:00Z,25251.4
2026-06-11T11:00:00Z,25611.7
2026-06-11T12:00:00Z,26020.4
2026-06-11T13:00:00Z,25678.8
2026-06-11T14:00:00Z,25382.3
2026-06-11T15:00:00Z,24428.8
2026-06-11T16:00:00Z,23769.5
2026-06-11T17:00:00Z,23370.1
2026-06-11T18:00:00Z,20974.1
2026-06-11T19:00:00Z,20233.9
2026-06-11T20:00:00Z,18946.3
2026-06-11T21:00:00Z,18377.5
2026-06-11T22:00:00Z,17660.8
2026-06-11T23:00:00Z,16756.6
2026-06-12T00:00:00Z,17031.4
2026-06-12T01:00:00Z,17203.1
2026-06-12T02:00:00Z,17530.7
2026-06-12T03:00:00Z,18390.8
2026-06-12T04:00:00Z,19699.4
2026-06-12T05:00:00Z,20488.0
2026-06-12T06:00:00Z,21321.7
2026-06-12T07:00:00Z,22651.7
2026-06-12T08:00:00Z,24360.8
2026-06-12T09:00:00Z,24329.6
2026-06-12T10:00:00Z,25666.8
2026-06-12T11:00:00Z,25460.6
2026-06-12T12:00:00Z,25273.3
2026-06-12T13:00:00Z,25452.2
2026-06-12T14:00:00Z,25383.0
2026-06-12T15:00:00Z,24468.7
2026-06-12T16:00:00Z,23381.2
2026-06-12T17:00:00Z,22281.2
2026-06-12T18:00:00Z,21068.2
2026-06-12T19:00:00Z,19883.1
2026-06-12T20:00:00Z,18978.5
2026-06-12T21:00:00Z,17375.2
2026-06-12T22:00:00Z,17730.7
2026-06-12T23:00:00Z,17236.1
2026-06-13T00:00:00Z,15859.4
2026-06-13T01:00:00Z,16304.7
2026-06-13T02:00:00Z,16201.1
2026-06-13T03:00:00Z,17118.7
2026-06-13T04:00:00Z,17095.2
2026-06-13T05:00:00Z,19177.8
2026-06-13T06:00:00Z,20111.9
2026-06-13T07:00:00Z,21624.7
2026-06-13T08:00:00Z,22782.3
2026-06-13T09:00:00Z,23328.6
2026-06-13T10:00:00Z,23638.8
2026-06-13T11:00:00Z,24662.8
2026-06-13T12:00:00Z,24998.3
2026-06-13T13:00:00Z,24871.1
2026-06-13T14:00:00Z,23906.2
2026-06-13T15:00:00Z,23056.6
2026-06-13T16:00:00Z,22373.6
2026-06-13T17:00:00Z,21024.3
2026-06-13T18:00:00Z,19471.3
2026-06-13T19:00:00Z,19236.8
2026-06-13T20:00:00Z,18193.3
2026-06-13T21:00:00Z,17353.3
2026-06-13T22:00:00Z,16099.2
2026-06-13T23:00:00Z,15952.0
2026-06-14T00:00:00Z,15450.6
2026-06-14T01:00:00Z,15504.6
2026-06-14T02:00:00Z,16654.9
2026-06-14T03:00:00Z,16527.1
2026-06-14T04:00:00Z,17982.8
2026-06-14T05:00:00Z,20031.7
2026-06-14T06:00:00Z,20766.7
2026-06-14T07:00:00Z,21718.3
2026-06-14T08:00:00Z,22763.8
2026-06-14T09:00:00Z,23389.7
2026-06-14T10:00:00Z,23952.8
2026-06-14T11:00:00Z,25343.6
2026-06-14T12:00:00Z,24691.9
2026-06-14T13:00:00Z,24397.3
2026-06-14T14:00:00Z,24411.5
2026-06-14T15:00:00Z,23443.8
2026-06-14T16:00:00Z,23019.5
2026-06-14T17:00:00Z,21247.7
2026-06-14T18:00:00Z,20029.8
2026-06-14T19:00:00Z,19036.2
2026-06-14T20:00:00Z,18695.0
2026-06-14T21:00:00Z,17534.0
2026-06-14T22:00:00Z,16587.1
2026-06-14T23:00:00Z,16082.3
2026-06-15T00:00:00Z,17333.2
2026-06-15T01:00:00Z,17006.9
2026-06-15T02:00:00Z,17988.6
2026-06-15T03:00:00Z,18329.6
2026-06-15T04:00:00Z,19512.7
2026-06-15T05:00:00Z,20506.4
2026-06-15T06:00:00Z,21757.4
2026-06-15T07:00:00Z,22628.0
2026-06-15T08:00:00Z,24211.4
2026-06-15T09:00:00Z,24914.6
2026-06-15T10:00:00Z,25210.0
2026-06-15T11:00:00Z,26092.6
2026-06-15T12:00:00Z,25960.5
2026-06-15T13:00:00Z,26072.8
2026-06-15T14:00:00Z,25798.2
2026-06-15T15:00:00Z,24609.1
2026-06-15T16:00:00Z,23855.8
2026-06-15T17:00:00Z,22822.2
2026-06-15T18:00:00Z,21663.9
2026-06-15T19:00:00Z,21239.9
2026-06-15T20:00:00Z,19559.7
2026-06-15T21:00:00Z,18100.1
2026-06-15T22:00:00Z,17849.6
2026-06-15T23:00:00Z,17167.9
2026-06-16T00:00:00Z,18178.9
2026-06-16T01:00:00Z,17215.9
2026-06-16T02:00:00Z,17487.1
2026-06-16T03:00:00Z,18859.7
2026-06-16T04:00:00Z,19323.2
2026-06-16T05:00:00Z,20443.9
2026-06-16T06:00:00Z,21645.9
2026-06-16T07:00:00Z,22634.1
2026-06-16T08:00:00Z,23798.8
2026-06-16T09:00:00Z,24070.4
2026-06-16T10:00:00Z,25536.5
2026-06-16T11:00:00Z,26250.7
2026-06-16T12:00:00Z,26846.0
2026-06-16T13:00:00Z,26041.5
2026-06-16T14:00:00Z,25875.7
2026-06-16T15:00:00Z,24608.5
2026-06-16T16:00:00Z,24482.5
2026-06-16T17:00:00Z,23697.0
2026-06-16T18:00:00Z,21857.8
2026-06-16T19:00:00Z,20465.4
2026-06-16T20:00:00Z,19538.4
2026-06-16T21:00:00Z,19163.8
2026-06-16T22:00:00Z,17446.1
2026-06-16T23:00:00Z,17918.3
2026-06-17T00:00:00Z,17022.1
2026-06-17T01:00:00Z,17234.3
2026-06-17T02:00:00Z,18075.0
2026-06-17T03:00:00Z,18916.5
2026-06-17T04:00:00Z,19952.1
2026-06-17T05:00:00Z,21189.0
2026-06-17T06:00:00Z,21409.2
2026-06-17T07:00:00Z,22994.8
2026-06-17T08:00:00Z,24318.0
2026-06-17T09:00:00Z,25056.0
2026-06-17T10:00:00Z,26071.1
2026-06-17T11:00:00Z,26119.3
2026-06-17T12:00:00Z,26149.2
2026-06-17T13:00:00Z,25292.4
2026-06-17T14:00:00Z,24980.6
2026-06-17T15:00:00Z,25243.0
2026-06-17T16:00:00Z,23621.6
2026-06-17T17:00:00Z,23079.8
2026-06-17T18:00:00Z,22056.1
2026-06-17T19:00:00Z,20629.2
2026-06-17T20:00:00Z,19969.0
2026-06-17T21:00:00Z,18448.8
2026-06-17T22:00:00Z,18192.4
2026-06-17T23:00:00Z,17489.6
2026-06-18T00:00:00Z,16924.2
2026-06-18T01:00:00Z,16887.0
2026-06-18T02:00:00Z,17987.2
2026-06-18T03:00:00Z,19352.8
2026-06-18T04:00:00Z,20102.9
2026-06-18T05:00:00Z,20922.9
2026-06-18T06:00:00Z,22187.7
2026-06-18T07:00:00Z,23373.7
2026-06-18T08:00:00Z,24027.0
2026-06-18T09:00:00Z,25511.0
2026-06-18T10:00:00Z,25835.1
2026-06-18T11:00:00Z,25997.6
2026-06-18T12:00:00Z,27737.7
2026-06-18T13:00:00Z,26425.5
2026-06-18T14:00:00Z,25696.4
2026-06-18T15:00:00Z,25314.3
2026-06-18T16:00:00Z,23674.6
2026-06-18T17:00:00Z,22601.1
2026-06-18T18:00:00Z,22597.2
2026-06-18T19:00:00Z,20977.6
2026-06-18T20:00:00Z,19286.5
2026-06-18T21:00:00Z,18169.0
2026-06-18T22:00:00Z,18015.9
2026-06-18T23:00:00Z,17229.1
2026-06-19T00:00:00Z,18021.4
2026-06-19T01:00:00Z,16986.1
2026-06-19T02:00:00Z,18578.2
2026-06-19T03:00:00Z,18462.4
2026-06-19T04:00:00Z,19295.4
2026-06-19T05:00:00Z,20836.6
2026-06-19T06:00:00Z,21505.2
2026-06-19T07:00:00Z,22901.8
2026-06-19T08:00:00Z,23980.8
2026-06-19T09:00:00Z,24214.7
2026-06-19T10:00:00Z,25372.1
2026-06-19T11:00:00Z,26374.8
2026-06-19T12:00:00Z,25639.5
2026-06-19T13:00:00Z,25748.0
2026-06-19T14:00:00Z,25467.5
2026-06-19T15:00:00Z,25436.1
2026-06-19T16:00:00Z,24517.7
2026-06-19T17:00:00Z,23657.4
2026-06-19T18:00:00Z,21608.2
2026-06-19T19:00:00Z,21113.3
2026-06-19T20:00:00Z,19830.7
2026-06-19T21:00:00Z,18347.5
2026-06-19T22:00:00Z,18311.2
2026-06-19T23:00:00Z,17673.3
2026-06-20T00:00:00Z,16130.3
2026-06-20T01:00:00Z,16127.3
2026-06-20T02:00:00Z,16373.9
2026-06-20T03:00:00Z,17857.1
2026-06-20T04:00:00Z,18754.8
2026-06-20T05:00:00Z,19555.3
2026-06-20T06:00:00Z,20668.2
2026-06-20T07:00:00Z,21736.9
2026-06-20T08:00:00Z,23307.3
2026-06-20T09:00:00Z,24017.6
2026-06-20T10:00:00Z,23994.1
2026-06-20T11:00:00Z,25125.3
2026-06-20T12:00:00Z,25418.4
2026-06-20T13:00:00Z,24872.1
2026-06-20T14:00:00Z,24475.6
2026-06-20T15:00:00Z,23728.1
2026-06-20T16:00:00Z,23260.0
2026-06-20T17:00:00Z,21808.9
2026-06-20T18:00:00Z,20798.5
2026-06-20T19:00:00Z,19692.9
2026-06-20T20:00:00Z,19161.4
2026-06-20T21:00:00Z,17117.9
2026-06-20T22:00:00Z,17828.0
2026-06-20T23:00:00Z,16080.1
2026-06-21T00:00:00Z,16375.5
2026-06-21T01:00:00Z,16308.9
2026-06-21T02:00:00Z,17099.5
2026-06-21T03:00:00Z,17959.4
2026-06-21T04:00:00Z,19535.8
2026-06-21T05:00:00Z,20185.7
2026-06-21T06:00:00Z,20642.9
2026-06-21T07:00:00Z,22122.9
2026-06-21T08:00:00Z,23156.0
2026-06-21T09:00:00Z,23784.9
2026-06-21T10:00:00Z,24954.5
2026-06-21T11:00:00Z,25277.8
2026-06-21T12:00:00Z,25166.2
2026-06-21T13:00:00Z,24924.6
2026-06-21T14:00:00Z,24998.2
2026-06-21T15:00:00Z,23988.5
2026-06-21T16:00:00Z,23553.7
2026-06-21T17:00:00Z,22362.4
2026-06-21T18:00:00Z,20448.2
2026-06-21T19:00:00Z,18970.4
2026-06-21T20:00:00Z,18693.2
2026-06-21T21:00:00Z,17508.6
2026-06-21T22:00:00Z,16670.2
2026-06-21T23:00:00Z,16343.2
2026-06-22T00:00:00Z,18309.2
2026-06-22T01:00:00Z,17844.1
2026-06-22T02:00:00Z,19071.2
2026-06-22T03:00:00Z,19362.7
2026-06-22T04:00:00Z,19350.3
2026-06-22T05:00:00Z,21227.6
2026-06-22T06:00:00Z,22762.2
2026-06-22T07:00:00Z,22700.7
2026-06-22T08:00:00Z,23959.8
2026-06-22T09:00:00Z,25307.5
2026-06-22T10:00:00Z,25849.7
2026-06-22T11:00:00Z,27123.2
2026-06-22T12:00:00Z,26328.7
2026-06-22T13:00:00Z,27127.2
2026-06-22T14:00:00Z,25535.1
2026-06-22T15:00:00Z,25031.6
2026-06-22T16:00:00Z,24553.0
2026-06-22T17:00:00Z,23553.0
2026-06-22T18:00:00Z,22269.6
2026-06-22T19:00:00Z,21661.9
2026-06-22T20:00:00Z,20669.5
2026-06-22T21:00:00Z,19808.6
2026-06-22T22:00:00Z,18338.3
2026-06-22T23:00:00Z,18255.9
2026-06-23T00:00:00Z,17763.1
2026-06-23T01:00:00Z,18546.6
2026-06-23T02:00:00Z,17600.2
2026-06-23T03:00:00Z,18923.0
2026-06-23T04:00:00Z,20003.6
2026-06-23T05:00:00Z,20972.1
2026-06-23T06:00:00Z,22891.8
2026-06-23T07:00:00Z,22933.6
2026-06-23T08:00:00Z,24216.0
2026-06-23T09:00:00Z,24992.3
2026-06-23T10:00:00Z,26127.6
2026-06-23T11:00:00Z,26249.1
2026-06-23T12:00:00Z,27087.3
2026-06-23T13:00:00Z,26917.6
2026-06-23T14:00:00Z,25359.1
2026-06-23T15:00:00Z,24647.9
2026-06-23T16:00:00Z,24822.9
2026-06-23T17:00:00Z,23594.7
2026-06-23T18:00:00Z,21710.0
2026-06-23T19:00:00Z,21140.1
2026-06-23T20:00:00Z,19623.2
2026-06-23T21:00:00Z,19462.5
2026-06-23T22:00:00Z,17969.5
2026-06-23T23:00:00Z,17786.4
2026-06-24T00:00:00Z,18125.5
2026-06-24T01:00:00Z,18118.8
2026-06-24T02:00:00Z,18934.1
2026-06-24T03:00:00Z,19403.6
2026-06-24T04:00:00Z,19611.4
2026-06-24T05:00:00Z,21324.8
2026-06-24T06:00:00Z,21966.1
2026-06-24T07:00:00Z,24070.0
2026-06-24T08:00:00Z,25188.9
2026-06-24T09:00:00Z,25943.1
2026-06-24T10:00:00Z,27042.2
2026-06-24T11:00:00Z,26966.7
2026-06-24T12:00:00Z,27368.5
2026-06-24T13:00:00Z,27020.4
2026-06-24T14:00:00Z,26555.6
2026-06-24T15:00:00Z,25844.2
2026-06-24T16:00:00Z,24712.2
2026-06-24T17:00:00Z,24203.0
2026-06-24T18:00:00Z,21980.8
2026-06-24T19:00:00Z,20654.8
2026-06-24T20:00:00Z,19881.1
2026-06-24T21:00:00Z,19837.6
2026-06-24T22:00:00Z,18443.8
2026-06-24T23:00:00Z,17797.5
2026-06-25T00:00:00Z,17719.6
2026-06-25T01:00:00Z,18356.6
2026-06-25T02:00:00Z,18607.0
2026-06-25T03:00:00Z,19777.7
2026-06-25T04:00:00Z,20130.9
2026-06-25T05:00:00Z,21659.3
2026-06-25T06:00:00Z,22148.4
2026-06-25T07:00:00Z,23817.5
2026-06-25T08:00:00Z,25815.6
2026-06-25T09:00:00Z,25532.8
2026-06-25T10:00:00Z,26264.7
2026-06-25T11:00:00Z,27115.8
2026-06-25T12:00:00Z,26539.3
2026-06-25T13:00:00Z,26584.8
2026-06-25T14:00:00Z,26110.0
2026-06-25T15:00:00Z,25701.7
2026-06-25T16:00:00Z,24179.9
2026-06-25T17:00:00Z,24149.7
2026-06-25T18:00:00Z,22521.6
2026-06-25T19:00:00Z,21391.6
2026-06-25T20:00:00Z,20192.9
2026-06-25T21:00:00Z,19322.3
2026-06-25T22:00:00Z,17772.3
2026-06-25T23:00:00Z,18660.1
2026-06-26T00:00:00Z,17795.2
2026-06-26T01:00:00Z,18578.9
2026-06-26T02:00:00Z,18659.6
2026-06-26T03:00:00Z,19343.8
2026-06-26T04:00:00Z,20525.0
2026-06-26T05:00:00Z,22034.0
2026-06-26T06:00:00Z,22522.9
2026-06-26T07:00:00Z,23491.6
2026-06-26T08:00:00Z,24949.8
2026-06-26T09:00:00Z,24777.8
2026-06-26T10:00:00Z,26080.2
2026-06-26T11:00:00Z,26474.6
2026-06-26T12:00:00Z,26858.3
2026-06-26T13:00:00Z,26334.1
2026-06-26T14:00:00Z,26711.7
2026-06-26T15:00:00Z,25578.8
2026-06-26T16:00:00Z,24826.1
2026-06-26T17:00:00Z,23710.2
2026-06-26T18:00:00Z,22440.1
2026-06-26T19:00:00Z,21165.9
2026-06-26T20:00:00Z,20817.5
2026-06-26T21:00:00Z,19727.6
2026-06-26T22:00:00Z,19269.6
2026-06-26T23:00:00Z,18212.9
2026-06-27T00:00:00Z,17078.4
2026-06-27T01:00:00Z,17259.5
2026-06-27T02:00:00Z,17447.9
2026-06-27T03:00:00Z,18260.7
2026-06-27T04:00:00Z,18592.7
2026-06-27T05:00:00Z,19822.0
2026-06-27T06:00:00Z,21069.5
2026-06-27T07:00:00Z,22135.4
2026-06-27T08:00:00Z,23789.1
2026-06-27T09:00:00Z,24682.2
2026-06-27T10:00:00Z,25403.2
2026-06-27T11:00:00Z,25598.9
2026-06-27T12:00:00Z,26221.2
2026-06-27T13:00:00Z,26035.4
2026-06-27T14:00:00Z,25463.9
2026-06-27T15:00:00Z,24423.4
2026-06-27T16:00:00Z,24200.9
2026-06-27T17:00:00Z,22118.1
2026-06-27T18:00:00Z,20805.6
2026-06-27T19:00:00Z,19779.6
2026-06-27T20:00:00Z,19639.5
2026-06-27T21:00:00Z,18309.4
2026-06-27T22:00:00Z,17350.8
2026-06-27T23:00:00Z,16264.6
2026-06-28T00:00:00Z,16977.9
2026-06-28T01:00:00Z,16844.9
2026-06-28T02:00:00Z,16881.2
2026-06-28T03:00:00Z,18764.6
2026-06-28T04:00:00Z,19291.5
2026-06-28T05:00:00Z,20864.1
2026-06-28T06:00:00Z,21491.2
2026-06-28T07:00:00Z,22853.8
2026-06-28T08:00:00Z,23459.6
2026-06-28T09:00:00Z,24865.7
2026-06-28T10:00:00Z,25190.1
2026-06-28T11:00:00Z,26008.3
2026-06-28T12:00:00Z,26012.7
2026-06-28T13:00:00Z,25377.0
2026-06-28T14:00:00Z,25348.3
2026-06-28T15:00:00Z,24697.4
2026-06-28T16:00:00Z,23457.4
2026-06-28T17:00:00Z,22605.0
2026-06-28T18:00:00Z,21843.6
2026-06-28T19:00:00Z,20808.7
2026-06-28T20:00:00Z,19305.5
2026-06-28T21:00:00Z,17521.2
2026-06-28T22:00:00Z,17936.6
2026-06-28T23:00:00Z,17896.6
2026-06-29T00:00:00Z,18297.8
2026-06-29T01:00:00Z,18217.5
2026-06-29T02:00:00Z,19090.9
2026-06-29T03:00:00Z,19762.0
2026-06-29T04:00:00Z,20929.3
2026-06-29T05:00:00Z,21439.8
2026-06-29T06:00:00Z,23467.6
2026-06-29T07:00:00Z,24307.7
2026-06-29T08:00:00Z,24663.4
2026-06-29T09:00:00Z,26341.6
2026-06-29T10:00:00Z,26615.2
2026-06-29T11:00:00Z,27362.7
2026-06-29T12:00:00Z,27392.2
2026-06-29T13:00:00Z,27126.0
2026-06-29T14:00:00Z,26780.1
2026-06-29T15:00:00Z,25801.8
2026-06-29T16:00:00Z,24767.1
2026-06-29T17:00:00Z,23882.6
2026-06-29T18:00:00Z,22716.4
2026-06-29T19:00:00Z,21818.6
2026-06-29T20:00:00Z,20673.4
2026-06-29T21:00:00Z,19085.2
2026-06-29T22:00:00Z,19289.6
2026-06-29T23:00:00Z,18520.7
2026-06-30T00:00:00Z,18791.1
2026-06-30T01:00:00Z,18877.1
2026-06-30T02:00:00Z,19169.1
2026-06-30T03:00:00Z,19983.0
2026-06-30T04:00:00Z,20161.9
2026-06-30T05:00:00Z,22335.9
2026-06-30T06:00:00Z,23626.7
2026-06-30T07:00:00Z,24294.2
2026-06-30T08:00:00Z,24938.4
2026-06-30T09:00:00Z,26305.0
2026-06-30T10:00:00Z,26628.1
2026-06-30T11:00:00Z,27798.5
2026-06-30T12:00:00Z,27185.6
2026-06-30T13:00:00Z,26767.7
2026-06-30T14:00:00Z,26448.6
2026-06-30T15:00:00Z,25774.9
2026-06-30T16:00:00Z,25397.1
2026-06-30T17:00:00Z,24044.3
2026-06-30T18:00:00Z,23015.6
2026-06-30T19:00:00Z,21639.7
2026-06-30T20:00:00Z,21182.5
2026-06-30T21:00:00Z,19782.9
2026-06-30T22:00:00Z,19154.3
2026-06-30T23:00:00Z,19211.3
2026-07-01T00:00:00Z,18678.0
2026-07-01T01:00:00Z,18526.1
2026-07-01T02:00:00Z,19071.8
2026-07-01T03:00:00Z,20287.7
2026-07-01T04:00:00Z,20926.8
2026-07-01T05:00:00Z,21570.3
2026-07-01T06:00:00Z,23437.0
2026-07-01T07:00:00Z,23613.7
2026-07-01T08:00:00Z,24428.3
2026-07-01T09:00:00Z,25778.0
2026-07-01T10:00:00Z,26146.3
2026-07-01T11:00:00Z,27215.3
2026-07-01T12:00:00Z,27451.6
2026-07-01T13:00:00Z,27188.9
2026-07-01T14:00:00Z,26632.6
2026-07-01T15:00:00Z,25750.0
2026-07-01T16:00:00Z,25563.2
2026-07-01T17:00:00Z,23425.4
2026-07-01T18:00:00Z,23270.8
2026-07-01T19:00:00Z,21949.4
2026-07-01T20:00:00Z,20758.5
2026-07-01T21:00:00Z,20030.6
2026-07-01T22:00:00Z,18585.6
2026-07-01T23:00:00Z,19078.5
2026-07-02T00:00:00Z,18843.2
2026-07-02T01:00:00Z,19217.4
2026-07-02T02:00:00Z,18487.4
2026-07-02T03:00:00Z,20046.5
2026-07-02T04:00:00Z,20822.8
2026-07-02T05:00:00Z,21091.3
2026-07-02T06:00:00Z,22965.6
2026-07-02T07:00:00Z,24256.9
2026-07-02T08:00:00Z,25015.7
2026-07-02T09:00:00Z,26366.8
2026-07-02T10:00:00Z,27138.7
2026-07-02T11:00:00Z,27207.4
2026-07-02T12:00:00Z,27395.6
2026-07-02T13:00:00Z,27657.0
2026-07-02T14:00:00Z,26567.0
2026-07-02T15:00:00Z,26409.5
2026-07-02T16:00:00Z,25796.8
2026-07-02T17:00:00Z,24224.4
2026-07-02T18:00:00Z,23226.1
2026-07-02T19:00:00Z,21949.6
2026-07-02T20:00:00Z,21173.8
2026-07-02T21:00:00Z,19395.8
2026-07-02T22:00:00Z,18615.8
2026-07-02T23:00:00Z,18486.5
2026-07-03T00:00:00Z,18513.8
2026-07-03T01:00:00Z,19251.3
2026-07-03T02:00:00Z,19841.8
2026-07-03T03:00:00Z,20255.2
2026-07-03T04:00:00Z,21420.4
2026-07-03T05:00:00Z,21878.2
2026-07-03T06:00:00Z,22978.2
2026-07-03T07:00:00Z,23755.6
2026-07-03T08:00:00Z,25823.0
2026-07-03T09:00:00Z,26510.6
2026-07-03T10:00:00Z,27002.2
2026-07-03T11:00:00Z,26961.5
2026-07-03T12:00:00Z,27233.7
2026-07-03T13:00:00Z,27639.5
2026-07-03T14:00:00Z,27013.0
2026-07-03T15:00:00Z,26716.0
2026-07-03T16:00:00Z,25460.7
2026-07-03T17:00:00Z,24062.1
2026-07-03T18:00:00Z,22737.2
2026-07-03T19:00:00Z,22023.5
2026-07-03T20:00:00Z,21559.1
2026-07-03T21:00:00Z,20769.2
2026-07-03T22:00:00Z,19059.3
2026-07-03T23:00:00Z,19077.9
2026-07-04T00:00:00Z,17327.8
2026-07-04T01:00:00Z,17842.7
2026-07-04T02:00:00Z,17143.3
2026-07-04T03:00:00Z,18659.7
2026-07-04T04:00:00Z,19143.7
2026-07-04T05:00:00Z,21418.9
2026-07-04T06:00:00Z,21885.0
2026-07-04T07:00:00Z,23348.1
2026-07-04T08:00:00Z,24258.7
2026-07-04T09:00:00Z,24671.3
2026-07-04T10:00:00Z,26099.7
2026-07-04T11:00:00Z,26713.5
2026-07-04T12:00:00Z,26547.8
2026-07-04T13:00:00Z,26517.9
2026-07-04T14:00:00Z,26281.6
2026-07-04T15:00:00Z,25377.9
2026-07-04T16:00:00Z,24203.8
2026-07-04T17:00:00Z,22575.8
2026-07-04T18:00:00Z,21716.7
2026-07-04T19:00:00Z,20600.3
2026-07-04T20:00:00Z,20092.7
2026-07-04T21:00:00Z,19390.1
2026-07-04T22:00:00Z,18199.3
2026-07-04T23:00:00Z,18115.1
2026-07-05T00:00:00Z,16803.6
2026-07-05T01:00:00Z,17942.2
2026-07-05T02:00:00Z,17846.7
2026-07-05T03:00:00Z,19335.8
2026-07-05T04:00:00Z,20373.8
2026-07-05T05:00:00Z,21394.6
2026-07-05T06:00:00Z,22422.6
2026-07-05T07:00:00Z,23699.4
2026-07-05T08:00:00Z,25012.7
2026-07-05T09:00:00Z,25078.2
2026-07-05T10:00:00Z,26556.6
2026-07-05T11:00:00Z,26301.5
2026-07-05T12:00:00Z,26066.9
2026-07-05T13:00:00Z,26644.2
2026-07-05T14:00:00Z,26263.4
2026-07-05T15:00:00Z,25396.7
2026-07-05T16:00:00Z,24123.1
2026-07-05T17:00:00Z,23516.9
2026-07-05T18:00:00Z,22060.1
2026-07-05T19:00:00Z,21903.3
2026-07-05T20:00:00Z,20058.6
2026-07-05T21:00:00Z,19160.8
2026-07-05T22:00:00Z,18115.3
2026-07-05T23:00:00Z,18084.7
2026-07-06T00:00:00Z,19650.8
2026-07-06T01:00:00Z,18922.0
2026-07-06T02:00:00Z,19495.7
2026-07-06T03:00:00Z,19629.0
2026-07-06T04:00:00Z,21222.9
2026-07-06T05:00:00Z,22913.7
2026-07-06T06:00:00Z,23025.6
2026-07-06T07:00:00Z,24467.6
2026-07-06T08:00:00Z,25403.7
2026-07-06T09:00:00Z,26494.9
2026-07-06T10:00:00Z,27014.8
2026-07-06T11:00:00Z,27610.9
2026-07-06T12:00:00Z,27481.2
2026-07-06T13:00:00Z,27818.7
2026-07-06T14:00:00Z,27655.2
2026-07-06T15:00:00Z,26874.7
2026-07-06T16:00:00Z,24985.3
2026-07-06T17:00:00Z,25090.7
2026-07-06T18:00:00Z,23720.4
2026-07-06T19:00:00Z,22727.0
2026-07-06T20:00:00Z,20913.8
2026-07-06T21:00:00Z,20099.7
2026-07-06T22:00:00Z,19863.9
2026-07-06T23:00:00Z,19816.1
2026-07-07T00:00:00Z,18761.6
2026-07-07T01:00:00Z,19365.3
2026-07-07T02:00:00Z,19867.5
2026-07-07T03:00:00Z,20281.2
2026-07-07T04:00:00Z,21458.0
2026-07-07T05:00:00Z,22212.0
2026-07-07T06:00:00Z,24019.8
2026-07-07T07:00:00Z,24099.7
2026-07-07T08:00:00Z,25878.2
2026-07-07T09:00:00Z,26494.7
2026-07-07T10:00:00Z,27364.5
2026-07-07T11:00:00Z,27496.6
2026-07-07T12:00:00Z,26876.7
2026-07-07T13:00:00Z,28389.9
2026-07-07T14:00:00Z,27655.8
2026-07-07T15:00:00Z,26838.8
2026-07-07T16:00:00Z,25755.0
2026-07-07T17:00:00Z,24812.0
2026-07-07T18:00:00Z,23435.3
2026-07-07T19:00:00Z,22446.2
2026-07-07T20:00:00Z,21847.1
2026-07-07T21:00:00Z,20186.0
2026-07-07T22:00:00Z,19393.7
2026-07-07T23:00:00Z,19956.7
2026-07-08T00:00:00Z,19030.1
2026-07-08T01:00:00Z,19443.0
2026-07-08T02:00:00Z,19741.3
2026-07-08T03:00:00Z,20728.1
2026-07-08T04:00:00Z,21665.2
2026-07-08T05:00:00Z,22542.7
2026-07-08T06:00:00Z,23289.4
2026-07-08T07:00:00Z,24446.8
2026-07-08T08:00:00Z,25891.2
2026-07-08T09:00:00Z,27453.1
2026-07-08T10:00:00Z,26831.6
2026-07-08T11:00:00Z,27891.3
2026-07-08T12:00:00Z,28251.7
2026-07-08T13:00:00Z,27719.3
2026-07-08T14:00:00Z,27570.6
2026-07-08T15:00:00Z,26742.0
2026-07-08T16:00:00Z,26153.5
2026-07-08T17:00:00Z,25400.4
2026-07-08T18:00:00Z,23527.3
2026-07-08T19:00:00Z,22604.4
2026-07-08T20:00:00Z,21588.8
2026-07-08T21:00:00Z,20564.3
2026-07-08T22:00:00Z,19803.6
2026-07-08T23:00:00Z,18570.8
2026-07-09T00:00:00Z,19331.6
2026-07-09T01:00:00Z,19055.5
2026-07-09T02:00:00Z,19729.6
2026-07-09T03:00:00Z,20752.1
2026-07-09T04:00:00Z,21719.6
2026-07-09T05:00:00Z,22415.0
2026-07-09T06:00:00Z,23556.9
2026-07-09T07:00:00Z,24771.1
2026-07-09T08:00:00Z,25558.3
2026-07-09T09:00:00Z,27430.9
2026-07-09T10:00:00Z,28205.7
2026-07-09T11:00:00Z,27940.6
2026-07-09T12:00:00Z,28751.1
2026-07-09T13:00:00Z,28293.6
2026-07-09T14:00:00Z,27171.3
2026-07-09T15:00:00Z,27197.6
2026-07-09T16:00:00Z,26187.1
2026-07-09T17:00:00Z,24928.8
2026-07-09T18:00:00Z,23188.7
2026-07-09T19:00:00Z,22355.6
2026-07-09T20:00:00Z,20659.8
2026-07-09T21:00:00Z,20574.5
2026-07-09T22:00:00Z,19774.2
2026-07-09T23:00:00Z,19027.8
2026-07-10T00:00:00Z,18918.8
2026-07-10T01:00:00Z,20017.6
2026-07-10T02:00:00Z,19415.1
2026-07-10T03:00:00Z,20944.8
2026-07-10T04:00:00Z,21633.5
2026-07-10T05:00:00Z,23118.5
2026-07-10T06:00:00Z,23216.9
2026-07-10T07:00:00Z,24999.7
2026-07-10T08:00:00Z,26487.1
2026-07-10T09:00:00Z,26888.5
2026-07-10T10:00:00Z,27135.4
2026-07-10T11:00:00Z,27380.8
2026-07-10T12:00:00Z,27990.5
2026-07-10T13:00:00Z,28469.0
2026-07-10T14:00:00Z,28215.0
2026-07-10T15:00:00Z,26971.1
2026-07-10T16:00:00Z,26356.5
2026-07-10T17:00:00Z,25329.1
2026-07-10T18:00:00Z,24035.6
2026-07-10T19:00:00Z,22357.6
2026-07-10T20:00:00Z,21862.5
2026-07-10T21:00:00Z,20307.6
2026-07-10T22:00:00Z,20014.0
2026-07-10T23:00:00Z,19822.2
2026-07-11T00:00:00Z,18636.2
2026-07-11T01:00:00Z,18347.5
2026-07-11T02:00:00Z,19251.0
2026-07-11T03:00:00Z,20100.5
2026-07-11T04:00:00Z,20816.2
2026-07-11T05:00:00Z,21514.2
2026-07-11T06:00:00Z,22794.4
2026-07-11T07:00:00Z,23836.9
2026-07-11T08:00:00Z,24918.9
2026-07-11T09:00:00Z,26085.3
2026-07-11T10:00:00Z,26925.3
2026-07-11T11:00:00Z,26972.3
2026-07-11T12:00:00Z,27392.4
2026-07-11T13:00:00Z,27061.1
2026-07-11T14:00:00Z,26583.0
2026-07-11T15:00:00Z,25462.5
2026-07-11T16:00:00Z,25041.8
2026-07-11T17:00:00Z,23790.6
2026-07-11T18:00:00Z,22790.5
2026-07-11T19:00:00Z,21905.7
2026-07-11T20:00:00Z,20742.2
2026-07-11T21:00:00Z,19809.9
2026-07-11T22:00:00Z,18657.4
2026-07-11T23:00:00Z,17810.9
2026-07-12T00:00:00Z,18196.7
2026-07-12T01:00:00Z,18483.8
2026-07-12T02:00:00Z,19003.8
2026-07-12T03:00:00Z,20133.0
2026-07-12T04:00:00Z,20666.2
2026-07-12T05:00:00Z,22149.2
2026-07-12T06:00:00Z,22626.4
2026-07-12T07:00:00Z,23525.7
2026-07-12T08:00:00Z,25308.2
2026-07-12T09:00:00Z,25499.0
2026-07-12T10:00:00Z,26041.4
2026-07-12T11:00:00Z,26854.1
2026-07-12T12:00:00Z,27331.9
2026-07-12T13:00:00Z,27459.3
2026-07-12T14:00:00Z,26618.1
2026-07-12T15:00:00Z,26240.5
2026-07-12T16:00:00Z,24983.2
2026-07-12T17:00:00Z,23326.2
2026-07-12T18:00:00Z,22370.6
2026-07-12T19:00:00Z,21014.5
2026-07-12T20:00:00Z,20480.2
2026-07-12T21:00:00Z,18872.6
2026-07-12T22:00:00Z,18407.2
2026-07-12T23:00:00Z,18181.1
2026-07-13T00:00:00Z,19985.2
2026-07-13T01:00:00Z,20003.7
2026-07-13T02:00:00Z,20112.1
2026-07-13T03:00:00Z,21028.0
2026-07-13T04:00:00Z,21783.0
2026-07-13T05:00:00Z,23939.7
2026-07-13T06:00:00Z,23483.8
2026-07-13T07:00:00Z,24496.5
2026-07-13T08:00:00Z,25603.7
2026-07-13T09:00:00Z,26702.8
2026-07-13T10:00:00Z,27798.9
2026-07-13T11:00:00Z,28709.0
2026-07-13T12:00:00Z,28431.2
2026-07-13T13:00:00Z,28268.2
2026-07-13T14:00:00Z,27866.1
2026-07-13T15:00:00Z,27284.7
2026-07-13T16:00:00Z,25961.0
2026-07-13T17:00:00Z,25452.6
2026-07-13T18:00:00Z,24056.4
2026-07-13T19:00:00Z,23013.9
2026-07-13T20:00:00Z,22054.9
2026-07-13T21:00:00Z,21143.4
2026-07-13T22:00:00Z,20518.0
2026-07-13T23:00:00Z,19472.0
2026-07-14T00:00:00Z,19900.1
2026-07-14T01:00:00Z,19315.5
2026-07-14T02:00:00Z,19560.1
2026-07-14T03:00:00Z,20889.0
2026-07-14T04:00:00Z,22091.7
2026-07-14T05:00:00Z,23186.9
2026-07-14T06:00:00Z,24290.0
2026-07-14T07:00:00Z,25615.8
2026-07-14T08:00:00Z,25736.0
2026-07-14T09:00:00Z,27096.0
2026-07-14T10:00:00Z,27916.9
2026-07-14T11:00:00Z,28148.9
2026-07-14T12:00:00Z,28711.8
2026-07-14T13:00:00Z,28652.7
2026-07-14T14:00:00Z,28111.3
2026-07-14T15:00:00Z,27336.1
2026-07-14T16:00:00Z,27213.8
2026-07-14T17:00:00Z,25334.0
2026-07-14T18:00:00Z,24168.4
2026-07-14T19:00:00Z,23452.2
2026-07-14T20:00:00Z,22601.2
2026-07-14T21:00:00Z,20695.7
2026-07-14T22:00:00Z,19961.1
2026-07-14T23:00:00Z,20366.0
2026-07-15T00:00:00Z,20226.1
2026-07-15T01:00:00Z,20278.3
2026-07-15T02:00:00Z,20323.1
2026-07-15T03:00:00Z,21359.0
2026-07-15T04:00:00Z,21530.7
2026-07-15T05:00:00Z,22695.1
2026-07-15T06:00:00Z,24819.7
2026-07-15T07:00:00Z,24951.8
2026-07-15T08:00:00Z,26418.4
2026-07-15T09:00:00Z,27621.9
2026-07-15T10:00:00Z,28212.4
2026-07-15T11:00:00Z,28147.7
2026-07-15T12:00:00Z,28479.7
2026-07-15T13:00:00Z,28751.5
2026-07-15T14:00:00Z,27940.5
2026-07-15T15:00:00Z,27987.5
2026-07-15T16:00:00Z,26423.9
2026-07-15T17:00:00Z,26059.6
2026-07-15T18:00:00Z,24249.0
2026-07-15T19:00:00Z,23550.8
2026-07-15T20:00:00Z,22194.4
2026-07-15T21:00:00Z,21142.2
2026-07-15T22:00:00Z,19924.4
2026-07-15T23:00:00Z,20177.5
2026-07-16T00:00:00Z,19938.1
2026-07-16T01:00:00Z,20189.7
2026-07-16T02:00:00Z,20308.1
2026-07-16T03:00:00Z,20868.1
2026-07-16T04:00:00Z,21777.2
2026-07-16T05:00:00Z,23155.9
2026-07-16T06:00:00Z,24670.1
2026-07-16T07:00:00Z,25364.4
2026-07-16T08:00:00Z,26156.6
2026-07-16T09:00:00Z,27173.0
2026-07-16T10:00:00Z,27764.2
2026-07-16T11:00:00Z,28031.3
2026-07-16T12:00:00Z,28632.0
2026-07-16T13:00:00Z,28380.7
2026-07-16T14:00:00Z,28043.5
2026-07-16T15:00:00Z,28150.5
2026-07-16T16:00:00Z,26891.8
2026-07-16T17:00:00Z,26006.7
2026-07-16T18:00:00Z,24346.2
2026-07-16T19:00:00Z,23285.8
2026-07-16T20:00:00Z,21831.3
2026-07-16T21:00:00Z,20566.0
2026-07-16T22:00:00Z,19926.6
2026-07-16T23:00:00Z,19921.5
2026-07-17T00:00:00Z,20167.2
2026-07-17T01:00:00Z,20955.0
2026-07-17T02:00:00Z,20562.9
2026-07-17T03:00:00Z,20742.5
2026-07-17T04:00:00Z,22077.7
2026-07-17T05:00:00Z,23466.7
2026-07-17T06:00:00Z,24013.3
2026-07-17T07:00:00Z,25406.0
2026-07-17T08:00:00Z,26831.9
2026-07-17T09:00:00Z,27612.3
2026-07-17T10:00:00Z,28433.1
2026-07-17T11:00:00Z,28742.8
2026-07-17T12:00:00Z,28865.2
2026-07-17T13:00:00Z,29215.6
2026-07-17T14:00:00Z,28606.1
2026-07-17T15:00:00Z,27668.1
2026-07-17T16:00:00Z,26849.9
2026-07-17T17:00:00Z,25570.5
2026-07-17T18:00:00Z,24423.2
2026-07-17T19:00:00Z,23443.6
2026-07-17T20:00:00Z,22303.0
2026-07-17T21:00:00Z,22230.6
2026-07-17T22:00:00Z,20697.8
2026-07-17T23:00:00Z,20317.2
2026-07-18T00:00:00Z,19647.9
2026-07-18T01:00:00Z,18697.9
2026-07-18T02:00:00Z,19515.9
2026-07-18T03:00:00Z,20636.7
2026-07-18T04:00:00Z,21178.4
2026-07-18T05:00:00Z,22156.8
2026-07-18T06:00:00Z,23019.9
2026-07-18T07:00:00Z,24475.5
2026-07-18T08:00:00Z,25283.4
2026-07-18T09:00:00Z,26834.4
2026-07-18T10:00:00Z,27366.7
2026-07-18T11:00:00Z,27502.1
2026-07-18T12:00:00Z,28173.5
2026-07-18T13:00:00Z,27240.2
2026-07-18T14:00:00Z,26853.1
2026-07-18T15:00:00Z,26726.6
2026-07-18T16:00:00Z,25640.3
2026-07-18T17:00:00Z,24058.5
2026-07-18T18:00:00Z,23052.5
2026-07-18T19:00:00Z,22089.5
2026-07-18T20:00:00Z,20871.9
2026-07-18T21:00:00Z,20259.0
2026-07-18T22:00:00Z,19439.9
2026-07-18T23:00:00Z,19211.5
2026-07-19T00:00:00Z,18954.3
2026-07-19T01:00:00Z,19256.6
2026-07-19T02:00:00Z,19416.5
2026-07-19T03:00:00Z,20415.0
2026-07-19T04:00:00Z,21320.2
2026-07-19T05:00:00Z,22517.2
2026-07-19T06:00:00Z,23537.4
2026-07-19T07:00:00Z,24420.2
2026-07-19T08:00:00Z,25607.1
2026-07-19T09:00:00Z,27015.1
2026-07-19T10:00:00Z,27159.5
2026-07-19T11:00:00Z,27720.8
2026-07-19T12:00:00Z,28416.2
2026-07-19T13:00:00Z,27926.8
2026-07-19T14:00:00Z,27500.1
2026-07-19T15:00:00Z,26233.2
2026-07-19T16:00:00Z,25308.9
2026-07-19T17:00:00Z,24661.8
2026-07-19T18:00:00Z,24172.8
2026-07-19T19:00:00Z,21619.7
2026-07-19T20:00:00Z,20590.5
2026-07-19T21:00:00Z,20475.8
2026-07-19T22:00:00Z,19661.1
2026-07-19T23:00:00Z,18774.9
2026-07-20T00:00:00Z,20622.6
2026-07-20T01:00:00Z,20518.3
2026-07-20T02:00:00Z,20721.6
2026-07-20T03:00:00Z,21567.4
2026-07-20T04:00:00Z,22322.0
2026-07-20T05:00:00Z,23693.6
2026-07-20T06:00:00Z,24481.4
2026-07-20T07:00:00Z,25475.7
2026-07-20T08:00:00Z,26692.6
2026-07-20T09:00:00Z,27999.0
2026-07-20T10:00:00Z,28974.3
2026-07-20T11:00:00Z,28788.8
2026-07-20T12:00:00Z,28802.8
2026-07-20T13:00:00Z,29120.7
2026-07-20T14:00:00Z,28970.0
2026-07-20T15:00:00Z,27731.9
2026-07-20T16:00:00Z,27488.5
2026-07-20T17:00:00Z,25602.1
2026-07-20T18:00:00Z,25241.9
2026-07-20T19:00:00Z,23830.5
2026-07-20T20:00:00Z,21910.2
2026-07-20T21:00:00Z,21785.2
2026-07-20T22:00:00Z,20811.9
2026-07-20T23:00:00Z,20385.4
2026-07-21T00:00:00Z,20129.5
2026-07-21T01:00:00Z,20547.9
2026-07-21T02:00:00Z,20751.1
2026-07-21T03:00:00Z,21737.7
2026-07-21T04:00:00Z,22986.9
2026-07-21T05:00:00Z,24167.5
2026-07-21T06:00:00Z,25220.9
2026-07-21T07:00:00Z,26286.6
2026-07-21T08:00:00Z,27199.8
2026-07-21T09:00:00Z,27891.2
2026-07-21T10:00:00Z,28269.3
2026-07-21T11:00:00Z,29471.3
2026-07-21T12:00:00Z,29105.4
2026-07-21T13:00:00Z,29177.2
2026-07-21T14:00:00Z,28180.7
2026-07-21T15:00:00Z,28119.8
2026-07-21T16:00:00Z,27536.4
2026-07-21T17:00:00Z,25941.5
2026-07-21T18:00:00Z,25148.0
2026-07-21T19:00:00Z,23625.1
2026-07-21T20:00:00Z,22667.4
2026-07-21T21:00:00Z,21520.1
2026-07-21T22:00:00Z,20034.2
2026-07-21T23:00:00Z,20671.5
2026-07-22T00:00:00Z,20656.8
2026-07-22T01:00:00Z,20841.3
2026-07-22T02:00:00Z,21685.1
2026-07-22T03:00:00Z,22110.8
2026-07-22T04:00:00Z,22866.9
2026-07-22T05:00:00Z,23537.8
2026-07-22T06:00:00Z,25959.4
2026-07-22T07:00:00Z,25588.1
2026-07-22T08:00:00Z,27002.8
2026-07-22T09:00:00Z,27882.0
2026-07-22T10:00:00Z,29145.8
2026-07-22T11:00:00Z,29326.3
2026-07-22T12:00:00Z,29550.6
2026-07-22T13:00:00Z,28582.4
2026-07-22T14:00:00Z,28577.3
2026-07-22T15:00:00Z,28429.5
2026-07-22T16:00:00Z,26960.4
2026-07-22T17:00:00Z,25626.5
2026-07-22T18:00:00Z,24996.6
2026-07-22T19:00:00Z,23565.5
2026-07-22T20:00:00Z,22705.8
2026-07-22T21:00:00Z,21914.6
2026-07-22T22:00:00Z,20731.3
2026-07-22T23:00:00Z,20624.2
2026-07-23T00:00:00Z,21065.7
2026-07-23T01:00:00Z,20641.7
2026-07-23T02:00:00Z,21100.4
2026-07-23T03:00:00Z,21681.0
2026-07-23T04:00:00Z,22922.4
2026-07-23T05:00:00Z,24057.6
2026-07-23T06:00:00Z,24707.3
2026-07-23T07:00:00Z,26215.2
2026-07-23T08:00:00Z,27837.3
2026-07-23T09:00:00Z,27570.2
2026-07-23T10:00:00Z,29221.3
2026-07-23T11:00:00Z,29627.6
2026-07-23T12:00:00Z,28910.6
2026-07-23T13:00:00Z,28715.9
2026-07-23T14:00:00Z,28659.3
2026-07-23T15:00:00Z,28652.5
2026-07-23T16:00:00Z,27007.6
2026-07-23T17:00:00Z,26178.1
2026-07-23T18:00:00Z,25060.5
2026-07-23T19:00:00Z,23840.0
2026-07-23T20:00:00Z,23513.9
2026-07-23T21:00:00Z,21982.1
2026-07-23T22:00:00Z,20756.1
2026-07-23T23:00:00Z,20839.1
2026-07-24T00:00:00Z,20907.4
2026-07-24T01:00:00Z,20439.9
2026-07-24T02:00:00Z,21336.8
2026-07-24T03:00:00Z,21757.3
2026-07-24T04:00:00Z,22421.8
2026-07-24T05:00:00Z,23635.0
2026-07-24T06:00:00Z,25399.6
2026-07-24T07:00:00Z,26196.9
2026-07-24T08:00:00Z,26734.1
2026-07-24T09:00:00Z,28506.3
2026-07-24T10:00:00Z,28838.6
2026-07-24T11:00:00Z,28330.7
2026-07-24T12:00:00Z,29152.0
2026-07-24T13:00:00Z,28539.9
2026-07-24T14:00:00Z,28722.9
2026-07-24T15:00:00Z,29235.7
2026-07-24T16:00:00Z,28059.7
2026-07-24T17:00:00Z,26353.1
2026-07-24T18:00:00Z,24800.3
2026-07-24T19:00:00Z,23534.9
2026-07-24T20:00:00Z,22620.2
2026-07-24T21:00:00Z,22058.8
2026-07-24T22:00:00Z,21721.4
2026-07-24T23:00:00Z,20843.1
2026-07-25T00:00:00Z,19986.1
2026-07-25T01:00:00Z,19639.1
2026-07-25T02:00:00Z,19371.9
2026-07-25T03:00:00Z,20949.6
2026-07-25T04:00:00Z,22121.9
2026-07-25T05:00:00Z,23035.6
2026-07-25T06:00:00Z,24370.6
2026-07-25T07:00:00Z,24786.3
2026-07-25T08:00:00Z,26093.9
2026-07-25T09:00:00Z,27119.8
2026-07-25T10:00:00Z,27942.8
2026-07-25T11:00:00Z,28466.5
2026-07-25T12:00:00Z,28766.0
2026-07-25T13:00:00Z,28112.4
2026-07-25T14:00:00Z,27432.3
2026-07-25T15:00:00Z,26949.6
2026-07-25T16:00:00Z,26119.9
2026-07-25T17:00:00Z,24960.3
2026-07-25T18:00:00Z,23637.3
2026-07-25T19:00:00Z,23143.2
2026-07-25T20:00:00Z,22108.3
2026-07-25T21:00:00Z,21196.2
2026-07-25T22:00:00Z,20414.8
2026-07-25T23:00:00Z,19885.2
2026-07-26T00:00:00Z,19468.5
2026-07-26T01:00:00Z,19637.0
2026-07-26T02:00:00Z,20330.2
2026-07-26T03:00:00Z,20262.0
2026-07-26T04:00:00Z,21938.6
2026-07-26T05:00:00Z,22204.6
2026-07-26T06:00:00Z,24731.2
2026-07-26T07:00:00Z,25443.7
2026-07-26T08:00:00Z,26057.1
2026-07-26T09:00:00Z,27194.7
2026-07-26T10:00:00Z,27723.5
2026-07-26T11:00:00Z,28911.4
2026-07-26T12:00:00Z,28906.8
2026-07-26T13:00:00Z,28388.1
2026-07-26T14:00:00Z,27729.1
2026-07-26T15:00:00Z,27421.9
2026-07-26T16:00:00Z,26385.7
2026-07-26T17:00:00Z,25205.0
2026-07-26T18:00:00Z,23885.7
2026-07-26T19:00:00Z,22364.7
2026-07-26T20:00:00Z,21360.9
2026-07-26T21:00:00Z,20671.7
2026-07-26T22:00:00Z,19639.1
2026-07-26T23:00:00Z,19445.3
2026-07-27T00:00:00Z,21605.3
2026-07-27T01:00:00Z,21121.5
2026-07-27T02:00:00Z,21806.9
2026-07-27T03:00:00Z,22045.7
2026-07-27T04:00:00Z,23663.1
2026-07-27T05:00:00Z,24294.6
2026-07-27T06:00:00Z,25686.8
2026-07-27T07:00:00Z,26944.2
2026-07-27T08:00:00Z,27774.4
2026-07-27T09:00:00Z,29234.0
2026-07-27T10:00:00Z,28903.1
2026-07-27T11:00:00Z,29562.7
2026-07-27T12:00:00Z,30013.2
2026-07-27T13:00:00Z,29648.5
2026-07-27T14:00:00Z,29405.1
2026-07-27T15:00:00Z,29322.0
2026-07-27T16:00:00Z,27507.0
2026-07-27T17:00:00Z,26644.7
2026-07-27T18:00:00Z,25209.2
2026-07-27T19:00:00Z,23952.7
2026-07-27T20:00:00Z,22485.5
2026-07-27T21:00:00Z,22433.8
2026-07-27T22:00:00Z,22063.0
2026-07-27T23:00:00Z,21125.8
2026-07-28T00:00:00Z,21492.5
2026-07-28T01:00:00Z,20723.2
2026-07-28T02:00:00Z,21580.8
2026-07-28T03:00:00Z,22297.9
2026-07-28T04:00:00Z,23537.6
2026-07-28T05:00:00Z,24357.8
2026-07-28T06:00:00Z,25683.8
2026-07-28T07:00:00Z,27171.6
2026-07-28T08:00:00Z,27304.0
2026-07-28T09:00:00Z,28582.1
2026-07-28T10:00:00Z,29471.0
2026-07-28T11:00:00Z,29529.7
2026-07-28T12:00:00Z,30056.0
