timestamp,demand_mwh
2025-06-23T13:00:00Z,48191.9
2025-06-23T14:00:00Z,46913.2
2025-06-23T15:00:00Z,46843.7
2025-06-23T16:00:00Z,43966.8
2025-06-23T17:00:00Z,44120.2
2025-06-23T18:00:00Z,41291.5
2025-06-23T19:00:00Z,38332.2
2025-06-23T20:00:00Z,37007.8
2025-06-23T21:00:00Z,36034.0
2025-06-23T22:00:00Z,35572.4
2025-06-23T23:00:00Z,32231.0
2025-06-24T00:00:00Z,33450.0
2025-06-24T01:00:00Z,33356.6
2025-06-24T02:00:00Z,33627.3
2025-06-24T03:00:00Z,35837.9
2025-06-24T04:00:00Z,37118.9
2025-06-24T05:00:00Z,39454.1
2025-06-24T06:00:00Z,40467.9
2025-06-24T07:00:00Z,42914.8
2025-06-24T08:00:00Z,45134.1
2025-06-24T09:00:00Z,46556.6
2025-06-24T10:00:00Z,47840.4
2025-06-24T11:00:00Z,48119.4
2025-06-24T12:00:00Z,48998.3
2025-06-24T13:00:00Z,48764.0
2025-06-24T14:00:00Z,47787.8
2025-06-24T15:00:00Z,46533.5
2025-06-24T16:00:00Z,45337.4
2025-06-24T17:00:00Z,42472.5
2025-06-24T18:00:00Z,41292.1
2025-06-24T19:00:00Z,38625.0
2025-06-24T20:00:00Z,36815.0
2025-06-24T21:00:00Z,34972.9
2025-06-24T22:00:00Z,34422.1
2025-06-24T23:00:00Z,33520.3
2025-06-25T00:00:00Z,32891.3
2025-06-25T01:00:00Z,32867.2
2025-06-25T02:00:00Z,35222.7
2025-06-25T03:00:00Z,35620.3
2025-06-25T04:00:00Z,36159.6
2025-06-25T05:00:00Z,38880.8
2025-06-25T06:00:00Z,40902.1
2025-06-25T07:00:00Z,43558.5
2025-06-25T08:00:00Z,44870.3
2025-06-25T09:00:00Z,46200.3
2025-06-25T10:00:00Z,48886.7
2025-06-25T11:00:00Z,47449.3
2025-06-25T12:00:00Z,48115.0
2025-06-25T13:00:00Z,48440.3
2025-06-25T14:00:00Z,47637.7
2025-06-25T15:00:00Z,46612.9
2025-06-25T16:00:00Z,45015.4
2025-06-25T17:00:00Z,43744.5
2025-06-25T18:00:00Z,39953.1
2025-06-25T19:00:00Z,40895.4
2025-06-25T20:00:00Z,37344.7
2025-06-25T21:00:00Z,34735.6
2025-06-25T22:00:00Z,33585.8
2025-06-25T23:00:00Z,32837.3
2025-06-26T00:00:00Z,31539.1
2025-06-26T01:00:00Z,33589.5
2025-06-26T02:00:00Z,33378.4
2025-06-26T03:00:00Z,35047.8
2025-06-26T04:00:00Z,36350.0
2025-06-26T05:00:00Z,38637.1
2025-06-26T06:00:00Z,41150.3
2025-06-26T07:00:00Z,42361.4
2025-06-26T08:00:00Z,46202.3
2025-06-26T09:00:00Z,45995.3
2025-06-26T10:00:00Z,47805.1
2025-06-26T11:00:00Z,48932.0
2025-06-26T12:00:00Z,49643.8
2025-06-26T13:00:00Z,49091.2
2025-06-26T14:00:00Z,48162.1
2025-06-26T15:00:00Z,47182.5
2025-06-26T16:00:00Z,45423.4
2025-06-26T17:00:00Z,42567.2
2025-06-26T18:00:00Z,41516.7
2025-06-26T19:00:00Z,38591.3
2025-06-26T20:00:00Z,36301.3
2025-06-26T21:00:00Z,35335.0
2025-06-26T22:00:00Z,33771.7
2025-06-26T23:00:00Z,33464.6
2025-06-27T00:00:00Z,33379.3
2025-06-27T01:00:00Z,33049.1
2025-06-27T02:00:00Z,34476.0
2025-06-27T03:00:00Z,35507.1
2025-06-27T04:00:00Z,36125.5
2025-06-27T05:00:00Z,40215.4
2025-06-27T06:00:00Z,41262.8
2025-06-27T07:00:00Z,43256.5
2025-06-27T08:00:00Z,45885.2
2025-06-27T09:00:00Z,46039.4
2025-06-27T10:00:00Z,47805.9
2025-06-27T11:00:00Z,49706.5
2025-06-27T12:00:00Z,48061.2
2025-06-27T13:00:00Z,48498.1
2025-06-27T14:00:00Z,49382.2
2025-06-27T15:00:00Z,47383.6
2025-06-27T16:00:00Z,44642.7
2025-06-27T17:00:00Z,43389.2
2025-06-27T18:00:00Z,41760.8
2025-06-27T19:00:00Z,38633.0
2025-06-27T20:00:00Z,37228.6
2025-06-27T21:00:00Z,35776.3
2025-06-27T22:00:00Z,34284.4
2025-06-27T23:00:00Z,34479.7
2025-06-28T00:00:00Z,31162.1
2025-06-28T01:00:00Z,31257.9
2025-06-28T02:00:00Z,32322.6
2025-06-28T03:00:00Z,33201.0
2025-06-28T04:00:00Z,34588.1
2025-06-28T05:00:00Z,36926.9
2025-06-28T06:00:00Z,38746.1
2025-06-28T07:00:00Z,42520.7
2025-06-28T08:00:00Z,44675.4
2025-06-28T09:00:00Z,44652.1
2025-06-28T10:00:00Z,44310.3
2025-06-28T11:00:00Z,46757.7
2025-06-28T12:00:00Z,47730.8
2025-06-28T13:00:00Z,46582.3
2025-06-28T14:00:00Z,46659.7
2025-06-28T15:00:00Z,45341.6
2025-06-28T16:00:00Z,42820.3
2025-06-28T17:00:00Z,41124.2
2025-06-28T18:00:00Z,38532.2
2025-06-28T19:00:00Z,36815.4
2025-06-28T20:00:00Z,34404.4
2025-06-28T21:00:00Z,33117.5
2025-06-28T22:00:00Z,33186.0
2025-06-28T23:00:00Z,31172.2
2025-06-29T00:00:00Z,32005.0
2025-06-29T01:00:00Z,31763.4
2025-06-29T02:00:00Z,31343.8
2025-06-29T03:00:00Z,33574.6
2025-06-29T04:00:00Z,35005.6
2025-06-29T05:00:00Z,36437.8
2025-06-29T06:00:00Z,39044.2
2025-06-29T07:00:00Z,42276.6
2025-06-29T08:00:00Z,44224.6
2025-06-29T09:00:00Z,44800.7
2025-06-29T10:00:00Z,45883.8
2025-06-29T11:00:00Z,47145.5
2025-06-29T12:00:00Z,47679.6
2025-06-29T13:00:00Z,48057.9
2025-06-29T14:00:00Z,45974.2
2025-06-29T15:00:00Z,44446.1
2025-06-29T16:00:00Z,43367.9
2025-06-29T17:00:00Z,40114.8
2025-06-29T18:00:00Z,39268.1
2025-06-29T19:00:00Z,37548.1
2025-06-29T20:00:00Z,34031.0
2025-06-29T21:00:00Z,34234.4
2025-06-29T22:00:00Z,31928.1
2025-06-29T23:00:00Z,31403.2
2025-06-30T00:00:00Z,33484.4
2025-06-30T01:00:00Z,33846.2
2025-06-30T02:00:00Z,34733.5
2025-06-30T03:00:00Z,35635.8
2025-06-30T04:00:00Z,36376.7
2025-06-30T05:00:00Z,40252.2
2025-06-30T06:00:00Z,41677.0
2025-06-30T07:00:00Z,44211.0
2025-06-30T08:00:00Z,45969.7
2025-06-30T09:00:00Z,48299.2
2025-06-30T10:00:00Z,48751.6
2025-06-30T11:00:00Z,49220.7
2025-06-30T12:00:00Z,51675.1
2025-06-30T13:00:00Z,50593.6
2025-06-30T14:00:00Z,49355.7
2025-06-30T15:00:00Z,48289.7
2025-06-30T16:00:00Z,46750.7
2025-06-30T17:00:00Z,42432.5
2025-06-30T18:00:00Z,41399.0
2025-06-30T19:00:00Z,39773.6
2025-06-30T20:00:00Z,38136.5
2025-06-30T21:00:00Z,35605.4
2025-06-30T22:00:00Z,34859.1
2025-06-30T23:00:00Z,33246.0
2025-07-01T00:00:00Z,33642.4
2025-07-01T01:00:00Z,32781.5
2025-07-01T02:00:00Z,34613.9
2025-07-01T03:00:00Z,37276.0
2025-07-01T04:00:00Z,37027.6
2025-07-01T05:00:00Z,40247.5
2025-07-01T06:00:00Z,41042.6
2025-07-01T07:00:00Z,43297.1
2025-07-01T08:00:00Z,47534.7
2025-07-01T09:00:00Z,47048.4
2025-07-01T10:00:00Z,48847.6
2025-07-01T11:00:00Z,49442.8
2025-07-01T12:00:00Z,48156.8
2025-07-01T13:00:00Z,49598.6
2025-07-01T14:00:00Z,49373.0
2025-07-01T15:00:00Z,46741.8
2025-07-01T16:00:00Z,45076.9
2025-07-01T17:00:00Z,43417.3
2025-07-01T18:00:00Z,42224.3
2025-07-01T19:00:00Z,39195.3
2025-07-01T20:00:00Z,38417.8
2025-07-01T21:00:00Z,36649.7
2025-07-01T22:00:00Z,33670.4
2025-07-01T23:00:00Z,33166.7
2025-07-02T00:00:00Z,33925.6
2025-07-02T01:00:00Z,33636.8
2025-07-02T02:00:00Z,35609.8
2025-07-02T03:00:00Z,37162.6
2025-07-02T04:00:00Z,37613.2
2025-07-02T05:00:00Z,40697.4
2025-07-02T06:00:00Z,42567.8
2025-07-02T07:00:00Z,44231.1
2025-07-02T08:00:00Z,46871.0
2025-07-02T09:00:00Z,47582.0
2025-07-02T10:00:00Z,49379.3
2025-07-02T11:00:00Z,49505.2
2025-07-02T12:00:00Z,49600.5
2025-07-02T13:00:00Z,51007.7
2025-07-02T14:00:00Z,50269.7
2025-07-02T15:00:00Z,47985.2
2025-07-02T16:00:00Z,46932.4
2025-07-02T17:00:00Z,44009.5
2025-07-02T18:00:00Z,41703.4
2025-07-02T19:00:00Z,40438.6
2025-07-02T20:00:00Z,39122.0
2025-07-02T21:00:00Z,36438.8
2025-07-02T22:00:00Z,35247.7
2025-07-02T23:00:00Z,34328.4
2025-07-03T00:00:00Z,33620.9
2025-07-03T01:00:00Z,33222.3
2025-07-03T02:00:00Z,35368.8
2025-07-03T03:00:00Z,35659.6
2025-07-03T04:00:00Z,39343.4
2025-07-03T05:00:00Z,40316.5
2025-07-03T06:00:00Z,42706.0
2025-07-03T07:00:00Z,44940.8
2025-07-03T08:00:00Z,45617.0
2025-07-03T09:00:00Z,47250.5
2025-07-03T10:00:00Z,50238.3
2025-07-03T11:00:00Z,50428.4
2025-07-03T12:00:00Z,50448.9
2025-07-03T13:00:00Z,50634.9
2025-07-03T14:00:00Z,47891.5
2025-07-03T15:00:00Z,48713.8
2025-07-03T16:00:00Z,46460.7
2025-07-03T17:00:00Z,44676.1
2025-07-03T18:00:00Z,42771.2
2025-07-03T19:00:00Z,41586.5
2025-07-03T20:00:00Z,38728.1
2025-07-03T21:00:00Z,36532.0
2025-07-03T22:00:00Z,34723.2
2025-07-03T23:00:00Z,36254.7
2025-07-04T00:00:00Z,33037.6
2025-07-04T01:00:00Z,34456.2
2025-07-04T02:00:00Z,35257.3
2025-07-04T03:00:00Z,36060.9
2025-07-04T04:00:00Z,37902.2
2025-07-04T05:00:00Z,40163.1
2025-07-04T06:00:00Z,41469.4
2025-07-04T07:00:00Z,44122.8
2025-07-04T08:00:00Z,46492.7
2025-07-04T09:00:00Z,46884.3
2025-07-04T10:00:00Z,49177.3
2025-07-04T11:00:00Z,50123.8
2025-07-04T12:00:00Z,50196.2
2025-07-04T13:00:00Z,49927.1
2025-07-04T14:00:00Z,49142.0
2025-07-04T15:00:00Z,47621.1
2025-07-04T16:00:00Z,45770.6
2025-07-04T17:00:00Z,44793.3
2025-07-04T18:00:00Z,42325.0
2025-07-04T19:00:00Z,40293.6
2025-07-04T20:00:00Z,39359.2
2025-07-04T21:00:00Z,37458.1
2025-07-04T22:00:00Z,35127.3
2025-07-04T23:00:00Z,35794.4
2025-07-05T00:00:00Z,32270.8
2025-07-05T01:00:00Z,33335.6
2025-07-05T02:00:00Z,32170.1
2025-07-05T03:00:00Z,35820.2
2025-07-05T04:00:00Z,36246.3
2025-07-05T05:00:00Z,37781.4
2025-07-05T06:00:00Z,39806.0
2025-07-05T07:00:00Z,40790.5
2025-07-05T08:00:00Z,43534.1
2025-07-05T09:00:00Z,45570.1
2025-07-05T10:00:00Z,48374.1
2025-07-05T11:00:00Z,48200.9
2025-07-05T12:00:00Z,48156.5
2025-07-05T13:00:00Z,48939.1
2025-07-05T14:00:00Z,47605.4
2025-07-05T15:00:00Z,45633.2
2025-07-05T16:00:00Z,43805.9
2025-07-05T17:00:00Z,41256.8
2025-07-05T18:00:00Z,40234.3
2025-07-05T19:00:00Z,36772.1
2025-07-05T20:00:00Z,36841.3
2025-07-05T21:00:00Z,33512.5
2025-07-05T22:00:00Z,33345.8
2025-07-05T23:00:00Z,33221.8
2025-07-06T00:00:00Z,31859.9
2025-07-06T01:00:00Z,32625.2
2025-07-06T02:00:00Z,34804.8
2025-07-06T03:00:00Z,34485.3
2025-07-06T04:00:00Z,37134.0
2025-07-06T05:00:00Z,39022.4
2025-07-06T06:00:00Z,39280.2
2025-07-06T07:00:00Z,42818.3
2025-07-06T08:00:00Z,43716.0
2025-07-06T09:00:00Z,46382.1
2025-07-06T10:00:00Z,47722.5
2025-07-06T11:00:00Z,49120.2
2025-07-06T12:00:00Z,48588.5
2025-07-06T13:00:00Z,48441.6
2025-07-06T14:00:00Z,47774.7
2025-07-06T15:00:00Z,47819.9
2025-07-06T16:00:00Z,44830.5
2025-07-06T17:00:00Z,43962.3
2025-07-06T18:00:00Z,40126.8
2025-07-06T19:00:00Z,37831.6
2025-07-06T20:00:00Z,36969.3
2025-07-06T21:00:00Z,34299.4
2025-07-06T22:00:00Z,33712.3
2025-07-06T23:00:00Z,32704.6
2025-07-07T00:00:00Z,36341.9
2025-07-07T01:00:00Z,36301.8
2025-07-07T02:00:00Z,37488.4
2025-07-07T03:00:00Z,37788.6
2025-07-07T04:00:00Z,38847.4
2025-07-07T05:00:00Z,40795.8
2025-07-07T06:00:00Z,44320.4
2025-07-07T07:00:00Z,44319.6
2025-07-07T08:00:00Z,46687.0
2025-07-07T09:00:00Z,48063.3
2025-07-07T10:00:00Z,50747.3
2025-07-07T11:00:00Z,50762.0
2025-07-07T12:00:00Z,51689.7
2025-07-07T13:00:00Z,51689.8
2025-07-07T14:00:00Z,51921.5
2025-07-07T15:00:00Z,49324.8
2025-07-07T16:00:00Z,45427.6
2025-07-07T17:00:00Z,43652.8
2025-07-07T18:00:00Z,42839.2
2025-07-07T19:00:00Z,41911.5
2025-07-07T20:00:00Z,38321.1
2025-07-07T21:00:00Z,37020.6
2025-07-07T22:00:00Z,35012.1
2025-07-07T23:00:00Z,34738.8
2025-07-08T00:00:00Z,35250.4
2025-07-08T01:00:00Z,35268.9
2025-07-08T02:00:00Z,36233.5
2025-07-08T03:00:00Z,38016.0
2025-07-08T04:00:00Z,38928.4
2025-07-08T05:00:00Z,40513.7
2025-07-08T06:00:00Z,41260.9
2025-07-08T07:00:00Z,44441.7
2025-07-08T08:00:00Z,47975.0
2025-07-08T09:00:00Z,47955.0
2025-07-08T10:00:00Z,49673.2
2025-07-08T11:00:00Z,50273.5
2025-07-08T12:00:00Z,51129.7
2025-07-08T13:00:00Z,51275.6
2025-07-08T14:00:00Z,49560.1
2025-07-08T15:00:00Z,48181.1
2025-07-08T16:00:00Z,47503.8
2025-07-08T17:00:00Z,44102.6
2025-07-08T18:00:00Z,43272.9
2025-07-08T19:00:00Z,40440.6
2025-07-08T20:00:00Z,38880.6
2025-07-08T21:00:00Z,37889.4
2025-07-08T22:00:00Z,36526.9
2025-07-08T23:00:00Z,35915.4
2025-07-09T00:00:00Z,34692.4
2025-07-09T01:00:00Z,35432.7
2025-07-09T02:00:00Z,35727.9
2025-07-09T03:00:00Z,36804.8
2025-07-09T04:00:00Z,38936.6
2025-07-09T05:00:00Z,41354.8
2025-07-09T06:00:00Z,43292.3
2025-07-09T07:00:00Z,45296.4
2025-07-09T08:00:00Z,46582.7
2025-07-09T09:00:00Z,48963.8
2025-07-09T10:00:00Z,50507.2
2025-07-09T11:00:00Z,52306.1
2025-07-09T12:00:00Z,51064.9
2025-07-09T13:00:00Z,51740.5
2025-07-09T14:00:00Z,50313.9
2025-07-09T15:00:00Z,51014.8
2025-07-09T16:00:00Z,47849.7
2025-07-09T17:00:00Z,46581.4
2025-07-09T18:00:00Z,43868.3
2025-07-09T19:00:00Z,40635.2
2025-07-09T20:00:00Z,38687.9
2025-07-09T21:00:00Z,37601.6
2025-07-09T22:00:00Z,35627.8
2025-07-09T23:00:00Z,35730.7
2025-07-10T00:00:00Z,34941.8
2025-07-10T01:00:00Z,35486.2
2025-07-10T02:00:00Z,35387.2
2025-07-10T03:00:00Z,39032.2
2025-07-10T04:00:00Z,38664.4
2025-07-10T05:00:00Z,41303.4
2025-07-10T06:00:00Z,42911.3
2025-07-10T07:00:00Z,45714.3
2025-07-10T08:00:00Z,48397.9
2025-07-10T09:00:00Z,49731.6
2025-07-10T10:00:00Z,49318.5
2025-07-10T11:00:00Z,51487.3
2025-07-10T12:00:00Z,52252.4
2025-07-10T13:00:00Z,52178.7
2025-07-10T14:00:00Z,50102.6
2025-07-10T15:00:00Z,48783.7
2025-07-10T16:00:00Z,46292.4
2025-07-10T17:00:00Z,47103.3
2025-07-10T18:00:00Z,43283.3
2025-07-10T19:00:00Z,41105.4
2025-07-10T20:00:00Z,38965.8
2025-07-10T21:00:00Z,37803.4
2025-07-10T22:00:00Z,36965.4
2025-07-10T23:00:00Z,36249.0
2025-07-11T00:00:00Z,35190.7
2025-07-11T01:00:00Z,35026.4
2025-07-11T02:00:00Z,37218.3
2025-07-11T03:00:00Z,37454.6
2025-07-11T04:00:00Z,40878.1
2025-07-11T05:00:00Z,41953.3
2025-07-11T06:00:00Z,43336.9
2025-07-11T07:00:00Z,46696.4
2025-07-11T08:00:00Z,46517.8
2025-07-11T09:00:00Z,49423.3
2025-07-11T10:00:00Z,50791.3
2025-07-11T11:00:00Z,51737.5
2025-07-11T12:00:00Z,51083.9
2025-07-11T13:00:00Z,51563.7
2025-07-11T14:00:00Z,51037.7
2025-07-11T15:00:00Z,49954.9
2025-07-11T16:00:00Z,47607.3
2025-07-11T17:00:00Z,44735.5
2025-07-11T18:00:00Z,43951.6
2025-07-11T19:00:00Z,40620.3
2025-07-11T20:00:00Z,39517.2
2025-07-11T21:00:00Z,37810.0
2025-07-11T22:00:00Z,38459.3
2025-07-11T23:00:00Z,35678.3
2025-07-12T00:00:00Z,32489.0
2025-07-12T01:00:00Z,33388.7
2025-07-12T02:00:00Z,35071.2
2025-07-12T03:00:00Z,35524.0
2025-07-12T04:00:00Z,38686.4
2025-07-12T05:00:00Z,39506.3
2025-07-12T06:00:00Z,42396.5
2025-07-12T07:00:00Z,44352.2
2025-07-12T08:00:00Z,44986.2
2025-07-12T09:00:00Z,47556.0
2025-07-12T10:00:00Z,48115.4
2025-07-12T11:00:00Z,49626.4
2025-07-12T12:00:00Z,49482.6
2025-07-12T13:00:00Z,49696.0
2025-07-12T14:00:00Z,48160.1
2025-07-12T15:00:00Z,47286.7
2025-07-12T16:00:00Z,44947.0
2025-07-12T17:00:00Z,43047.9
2025-07-12T18:00:00Z,42145.6
2025-07-12T19:00:00Z,39140.9
2025-07-12T20:00:00Z,36581.1
2025-07-12T21:00:00Z,34938.8
2025-07-12T22:00:00Z,34408.6
2025-07-12T23:00:00Z,34463.5
2025-07-13T00:00:00Z,33445.0
2025-07-13T01:00:00Z,34158.9
2025-07-13T02:00:00Z,34524.2
2025-07-13T03:00:00Z,35634.6
2025-07-13T04:00:00Z,37824.7
2025-07-13T05:00:00Z,39433.0
2025-07-13T06:00:00Z,42993.2
2025-07-13T07:00:00Z,43964.7
2025-07-13T08:00:00Z,46282.9
2025-07-13T09:00:00Z,47087.1
2025-07-13T10:00:00Z,48521.9
2025-07-13T11:00:00Z,48503.8
2025-07-13T12:00:00Z,49485.7
2025-07-13T13:00:00Z,48551.6
2025-07-13T14:00:00Z,48013.6
2025-07-13T15:00:00Z,47183.8
2025-07-13T16:00:00Z,44381.6
2025-07-13T17:00:00Z,42397.5
2025-07-13T18:00:00Z,40668.1
2025-07-13T19:00:00Z,40212.3
2025-07-13T20:00:00Z,37841.1
2025-07-13T21:00:00Z,37117.1
2025-07-13T22:00:00Z,35124.1
2025-07-13T23:00:00Z,33334.9
2025-07-14T00:00:00Z,36236.1
2025-07-14T01:00:00Z,36033.0
2025-07-14T02:00:00Z,35975.9
2025-07-14T03:00:00Z,38232.2
2025-07-14T04:00:00Z,40109.9
2025-07-14T05:00:00Z,42849.4
2025-07-14T06:00:00Z,44752.0
2025-07-14T07:00:00Z,45290.9
2025-07-14T08:00:00Z,47431.5
2025-07-14T09:00:00Z,50127.6
2025-07-14T10:00:00Z,51263.2
2025-07-14T11:00:00Z,51719.4
2025-07-14T12:00:00Z,52076.1
2025-07-14T13:00:00Z,52625.2
2025-07-14T14:00:00Z,51779.5
2025-07-14T15:00:00Z,49446.6
2025-07-14T16:00:00Z,47809.9
2025-07-14T17:00:00Z,46091.5
2025-07-14T18:00:00Z,43420.6
2025-07-14T19:00:00Z,41566.8
2025-07-14T20:00:00Z,41033.1
2025-07-14T21:00:00Z,39125.5
2025-07-14T22:00:00Z,36958.7
2025-07-14T23:00:00Z,36376.6
2025-07-15T00:00:00Z,37174.5
2025-07-15T01:00:00Z,36018.4
2025-07-15T02:00:00Z,36630.2
2025-07-15T03:00:00Z,39073.2
2025-07-15T04:00:00Z,40430.1
2025-07-15T05:00:00Z,41265.1
2025-07-15T06:00:00Z,44533.0
2025-07-15T07:00:00Z,45953.1
2025-07-15T08:00:00Z,48223.5
2025-07-15T09:00:00Z,51393.9
2025-07-15T10:00:00Z,51307.1
2025-07-15T11:00:00Z,51785.9
2025-07-15T12:00:00Z,51570.6
2025-07-15T13:00:00Z,52572.1
2025-07-15T14:00:00Z,51095.7
2025-07-15T15:00:00Z,50437.3
2025-07-15T16:00:00Z,49421.2
2025-07-15T17:00:00Z,46890.1
2025-07-15T18:00:00Z,45038.6
2025-07-15T19:00:00Z,43099.9
2025-07-15T20:00:00Z,39157.0
2025-07-15T21:00:00Z,38326.4
2025-07-15T22:00:00Z,36335.3
2025-07-15T23:00:00Z,36897.2
2025-07-16T00:00:00Z,36172.1
2025-07-16T01:00:00Z,36917.0
2025-07-16T02:00:00Z,37467.9
2025-07-16T03:00:00Z,38250.3
2025-07-16T04:00:00Z,39978.5
2025-07-16T05:00:00Z,42600.7
2025-07-16T06:00:00Z,44857.4
2025-07-16T07:00:00Z,46153.7
2025-07-16T08:00:00Z,47251.6
2025-07-16T09:00:00Z,48513.1
2025-07-16T10:00:00Z,51808.9
2025-07-16T11:00:00Z,52611.9
2025-07-16T12:00:00Z,51914.0
2025-07-16T13:00:00Z,52214.2
2025-07-16T14:00:00Z,52247.8
2025-07-16T15:00:00Z,50310.9
2025-07-16T16:00:00Z,49377.1
2025-07-16T17:00:00Z,47060.9
2025-07-16T18:00:00Z,44014.1
2025-07-16T19:00:00Z,41444.1
2025-07-16T20:00:00Z,40964.5
2025-07-16T21:00:00Z,38885.8
2025-07-16T22:00:00Z,38273.6
2025-07-16T23:00:00Z,36653.6
2025-07-17T00:00:00Z,36972.3
2025-07-17T01:00:00Z,36381.5
2025-07-17T02:00:00Z,36122.1
2025-07-17T03:00:00Z,38587.2
2025-07-17T04:00:00Z,39343.3
2025-07-17T05:00:00Z,41986.2
2025-07-17T06:00:00Z,44267.0
2025-07-17T07:00:00Z,47775.6
2025-07-17T08:00:00Z,48266.0
2025-07-17T09:00:00Z,51145.9
2025-07-17T10:00:00Z,50547.4
2025-07-17T11:00:00Z,53628.5
2025-07-17T12:00:00Z,51345.0
2025-07-17T13:00:00Z,52010.0
2025-07-17T14:00:00Z,52820.5
2025-07-17T15:00:00Z,51394.1
2025-07-17T16:00:00Z,48958.8
2025-07-17T17:00:00Z,46869.0
2025-07-17T18:00:00Z,45193.2
2025-07-17T19:00:00Z,41775.0
2025-07-17T20:00:00Z,40822.0
2025-07-17T21:00:00Z,39987.4
2025-07-17T22:00:00Z,38621.0
2025-07-17T23:00:00Z,35484.5
2025-07-18T00:00:00Z,37224.5
2025-07-18T01:00:00Z,36707.2
2025-07-18T02:00:00Z,37078.9
2025-07-18T03:00:00Z,38301.7
2025-07-18T04:00:00Z,40003.4
2025-07-18T05:00:00Z,41597.0
2025-07-18T06:00:00Z,45502.6
2025-07-18T07:00:00Z,45321.1
2025-07-18T08:00:00Z,48443.0
2025-07-18T09:00:00Z,49841.0
2025-07-18T10:00:00Z,52535.4
2025-07-18T11:00:00Z,52137.8
2025-07-18T12:00:00Z,52756.6
2025-07-18T13:00:00Z,51594.7
2025-07-18T14:00:00Z,51439.6
2025-07-18T15:00:00Z,50855.2
2025-07-18T16:00:00Z,47962.6
2025-07-18T17:00:00Z,47185.4
2025-07-18T18:00:00Z,44694.6
2025-07-18T19:00:00Z,42880.6
2025-07-18T20:00:00Z,41015.2
2025-07-18T21:00:00Z,39571.1
2025-07-18T22:00:00Z,36138.3
2025-07-18T23:00:00Z,37772.4
2025-07-19T00:00:00Z,33754.6
2025-07-19T01:00:00Z,33797.2
2025-07-19T02:00:00Z,35497.7
2025-07-19T03:00:00Z,37184.9
2025-07-19T04:00:00Z,39573.3
2025-07-19T05:00:00Z,40152.4
2025-07-19T06:00:00Z,43914.2
2025-07-19T07:00:00Z,44568.0
2025-07-19T08:00:00Z,47370.6
2025-07-19T09:00:00Z,47718.9
2025-07-19T10:00:00Z,49879.6
2025-07-19T11:00:00Z,50340.0
2025-07-19T12:00:00Z,51221.6
2025-07-19T13:00:00Z,50765.1
2025-07-19T14:00:00Z,49811.7
2025-07-19T15:00:00Z,48074.8
2025-07-19T16:00:00Z,46669.9
2025-07-19T17:00:00Z,44549.7
2025-07-19T18:00:00Z,41766.5
2025-07-19T19:00:00Z,39424.8
2025-07-19T20:00:00Z,38266.1
2025-07-19T21:00:00Z,36457.5
2025-07-19T22:00:00Z,35650.9
2025-07-19T23:00:00Z,35198.1
2025-07-20T00:00:00Z,35280.0
2025-07-20T01:00:00Z,34048.5
2025-07-20T02:00:00Z,35470.4
2025-07-20T03:00:00Z,36458.8
2025-07-20T04:00:00Z,38904.3
2025-07-20T05:00:00Z,40236.0
2025-07-20T06:00:00Z,43192.0
2025-07-20T07:00:00Z,45219.2
2025-07-20T08:00:00Z,47794.0
2025-07-20T09:00:00Z,49509.8
2025-07-20T10:00:00Z,48912.6
2025-07-20T11:00:00Z,50350.2
2025-07-20T12:00:00Z,50292.6
2025-07-20T13:00:00Z,50334.3
2025-07-20T14:00:00Z,50165.7
2025-07-20T15:00:00Z,48586.8
2025-07-20T16:00:00Z,46360.7
2025-07-20T17:00:00Z,45206.6
2025-07-20T18:00:00Z,42127.3
2025-07-20T19:00:00Z,40055.0
2025-07-20T20:00:00Z,37915.8
2025-07-20T21:00:00Z,37303.7
2025-07-20T22:00:00Z,35992.1
2025-07-20T23:00:00Z,35113.3
2025-07-21T00:00:00Z,37406.9
2025-07-21T01:00:00Z,38255.6
2025-07-21T02:00:00Z,37721.7
2025-07-21T03:00:00Z,40069.8
2025-07-21T04:00:00Z,42171.7
2025-07-21T05:00:00Z,43270.0
2025-07-21T06:00:00Z,44192.6
2025-07-21T07:00:00Z,46156.3
2025-07-21T08:00:00Z,49347.5
2025-07-21T09:00:00Z,51546.8
2025-07-21T10:00:00Z,51569.8
2025-07-21T11:00:00Z,53032.6
2025-07-21T12:00:00Z,53623.2
2025-07-21T13:00:00Z,53886.1
2025-07-21T14:00:00Z,51488.2
2025-07-21T15:00:00Z,51381.3
2025-07-21T16:00:00Z,49095.8
2025-07-21T17:00:00Z,46992.0
2025-07-21T18:00:00Z,45495.1
2025-07-21T19:00:00Z,43940.4
2025-07-21T20:00:00Z,40745.2
2025-07-21T21:00:00Z,38507.6
2025-07-21T22:00:00Z,38295.5
2025-07-21T23:00:00Z,36687.3
2025-07-22T00:00:00Z,36582.8
2025-07-22T01:00:00Z,36869.6
2025-07-22T02:00:00Z,37828.3
2025-07-22T03:00:00Z,40036.2
2025-07-22T04:00:00Z,41277.4
2025-07-22T05:00:00Z,43089.9
2025-07-22T06:00:00Z,45503.5
2025-07-22T07:00:00Z,47099.6
2025-07-22T08:00:00Z,49338.2
2025-07-22T09:00:00Z,52208.7
2025-07-22T10:00:00Z,52548.0
2025-07-22T11:00:00Z,53012.3
2025-07-22T12:00:00Z,53512.9
2025-07-22T13:00:00Z,53626.7
2025-07-22T14:00:00Z,52665.0
2025-07-22T15:00:00Z,50987.5
2025-07-22T16:00:00Z,49408.8
2025-07-22T17:00:00Z,47066.7
2025-07-22T18:00:00Z,46714.3
2025-07-22T19:00:00Z,43700.7
2025-07-22T20:00:00Z,42022.6
2025-07-22T21:00:00Z,39519.3
2025-07-22T22:00:00Z,38836.4
2025-07-22T23:00:00Z,36952.6
2025-07-23T00:00:00Z,36721.3
2025-07-23T01:00:00Z,38880.6
2025-07-23T02:00:00Z,39162.2
2025-07-23T03:00:00Z,39546.9
2025-07-23T04:00:00Z,40053.8
2025-07-23T05:00:00Z,43854.4
2025-07-23T06:00:00Z,46238.4
2025-07-23T07:00:00Z,47211.1
2025-07-23T08:00:00Z,49912.3
2025-07-23T09:00:00Z,50436.3
2025-07-23T10:00:00Z,52020.3
2025-07-23T11:00:00Z,53216.4
2025-07-23T12:00:00Z,53936.6
2025-07-23T13:00:00Z,53696.6
2025-07-23T14:00:00Z,53610.8
2025-07-23T15:00:00Z,51666.1
2025-07-23T16:00:00Z,49312.8
2025-07-23T17:00:00Z,48065.5
2025-07-23T18:00:00Z,45750.8
2025-07-23T19:00:00Z,43480.9
2025-07-23T20:00:00Z,41596.6
2025-07-23T21:00:00Z,39828.1
2025-07-23T22:00:00Z,38585.0
2025-07-23T23:00:00Z,35796.7
2025-07-24T00:00:00Z,38445.7
2025-07-24T01:00:00Z,37995.0
2025-07-24T02:00:00Z,38748.3
2025-07-24T03:00:00Z,40106.0
2025-07-24T04:00:00Z,41758.0
2025-07-24T05:00:00Z,43008.0
2025-07-24T06:00:00Z,46557.4
2025-07-24T07:00:00Z,47672.3
2025-07-24T08:00:00Z,50347.9
2025-07-24T09:00:00Z,50997.0
2025-07-24T10:00:00Z,52366.5
2025-07-24T11:00:00Z,53640.0
2025-07-24T12:00:00Z,54148.0
2025-07-24T13:00:00Z,55090.7
2025-07-24T14:00:00Z,51759.4
2025-07-24T15:00:00Z,50727.2
2025-07-24T16:00:00Z,49666.2
2025-07-24T17:00:00Z,47556.2
2025-07-24T18:00:00Z,46891.1
2025-07-24T19:00:00Z,43610.6
2025-07-24T20:00:00Z,41103.4
2025-07-24T21:00:00Z,39130.2
2025-07-24T22:00:00Z,38441.9
2025-07-24T23:00:00Z,36847.7
2025-07-25T00:00:00Z,38068.5
2025-07-25T01:00:00Z,39371.5
2025-07-25T02:00:00Z,38204.5
2025-07-25T03:00:00Z,40451.5
2025-07-25T04:00:00Z,42374.4
2025-07-25T05:00:00Z,43866.9
2025-07-25T06:00:00Z,45845.6
2025-07-25T07:00:00Z,48332.4
2025-07-25T08:00:00Z,50921.9
2025-07-25T09:00:00Z,51451.5
2025-07-25T10:00:00Z,52524.9
2025-07-25T11:00:00Z,53593.9
2025-07-25T12:00:00Z,53442.7
2025-07-25T13:00:00Z,54933.7
2025-07-25T14:00:00Z,53129.9
2025-07-25T15:00:00Z,51535.1
2025-07-25T16:00:00Z,50312.6
2025-07-25T17:00:00Z,47908.9
2025-07-25T18:00:00Z,46727.3
2025-07-25T19:00:00Z,42344.3
2025-07-25T20:00:00Z,41134.5
2025-07-25T21:00:00Z,40839.0
2025-07-25T22:00:00Z,39523.3
2025-07-25T23:00:00Z,38370.6
2025-07-26T00:00:00Z,35918.9
2025-07-26T01:00:00Z,36628.1
2025-07-26T02:00:00Z,36761.7
2025-07-26T03:00:00Z,37906.8
2025-07-26T04:00:00Z,40103.6
2025-07-26T05:00:00Z,41125.2
2025-07-26T06:00:00Z,43385.1
2025-07-26T07:00:00Z,46964.1
2025-07-26T08:00:00Z,48700.4
2025-07-26T09:00:00Z,49918.5
2025-07-26T10:00:00Z,50722.9
2025-07-26T11:00:00Z,52481.7
2025-07-26T12:00:00Z,52618.9
2025-07-26T13:00:00Z,51568.7
2025-07-26T14:00:00Z,51049.6
2025-07-26T15:00:00Z,50049.8
2025-07-26T16:00:00Z,46412.8
2025-07-26T17:00:00Z,45813.9
2025-07-26T18:00:00Z,42863.4
2025-07-26T19:00:00Z,41136.9
2025-07-26T20:00:00Z,40039.0
2025-07-26T21:00:00Z,38450.0
2025-07-26T22:00:00Z,36079.4
2025-07-26T23:00:00Z,36155.0
2025-07-27T00:00:00Z,35802.1
2025-07-27T01:00:00Z,37186.2
2025-07-27T02:00:00Z,37202.1
2025-07-27T03:00:00Z,37832.3
2025-07-27T04:00:00Z,40242.7
2025-07-27T05:00:00Z,42855.1
2025-07-27T06:00:00Z,43829.0
2025-07-27T07:00:00Z,46049.4
2025-07-27T08:00:00Z,48577.1
2025-07-27T09:00:00Z,49151.8
2025-07-27T10:00:00Z,51644.8
2025-07-27T11:00:00Z,51042.3
2025-07-27T12:00:00Z,52575.5
2025-07-27T13:00:00Z,51652.4
2025-07-27T14:00:00Z,51132.4
2025-07-27T15:00:00Z,48832.9
2025-07-27T16:00:00Z,47873.1
2025-07-27T17:00:00Z,45628.3
2025-07-27T18:00:00Z,43354.5
2025-07-27T19:00:00Z,40760.5
2025-07-27T20:00:00Z,40017.0
2025-07-27T21:00:00Z,37997.0
2025-07-27T22:00:00Z,36033.9
2025-07-27T23:00:00Z,35860.6
2025-07-28T00:00:00Z,38280.4
2025-07-28T01:00:00Z,38707.5
2025-07-28T02:00:00Z,40129.4
2025-07-28T03:00:00Z,40373.3
2025-07-28T04:00:00Z,41888.2
2025-07-28T05:00:00Z,43818.4
2025-07-28T06:00:00Z,47391.5
2025-07-28T07:00:00Z,47835.0
2025-07-28T08:00:00Z,49207.2
2025-07-28T09:00:00Z,51423.9
2025-07-28T10:00:00Z,52722.6
2025-07-28T11:00:00Z,53648.4
2025-07-28T12:00:00Z,55770.2
2025-07-28T13:00:00Z,54852.2
2025-07-28T14:00:00Z,52878.7
2025-07-28T15:00:00Z,52719.2
2025-07-28T16:00:00Z,50306.1
2025-07-28T17:00:00Z,49119.0
2025-07-28T18:00:00Z,48012.0
2025-07-28T19:00:00Z,44606.0
2025-07-28T20:00:00Z,42269.2
2025-07-28T21:00:00Z,41539.9
2025-07-28T22:00:00Z,39668.8
2025-07-28T23:00:00Z,38110.3
2025-07-29T00:00:00Z,38383.6
2025-07-29T01:00:00Z,38803.1
2025-07-29T02:00:00Z,40067.4
2025-07-29T03:00:00Z,41440.8
2025-07-29T04:00:00Z,43056.1
2025-07-29T05:00:00Z,45096.9
2025-07-29T06:00:00Z,44539.0
2025-07-29T07:00:00Z,47871.2
2025-07-29T08:00:00Z,51499.6
2025-07-29T09:00:00Z,52415.2
2025-07-29T10:00:00Z,52716.4
2025-07-29T11:00:00Z,53807.6
2025-07-29T12:00:00Z,55003.7
2025-07-29T13:00:00Z,54185.2
2025-07-29T14:00:00Z,54835.5
2025-07-29T15:00:00Z,51121.2
2025-07-29T16:00:00Z,49688.6
2025-07-29T17:00:00Z,49494.6
2025-07-29T18:00:00Z,47793.5
2025-07-29T19:00:00Z,44968.8
2025-07-29T20:00:00Z,42426.9
2025-07-29T21:00:00Z,40241.3
2025-07-29T22:00:00Z,38880.0
2025-07-29T23:00:00Z,38807.5
2025-07-30T00:00:00Z,38473.6
2025-07-30T01:00:00Z,39127.2
2025-07-30T02:00:00Z,41269.2
2025-07-30T03:00:00Z,40988.3
2025-07-30T04:00:00Z,43001.2
2025-07-30T05:00:00Z,46064.1
2025-07-30T06:00:00Z,46334.2
2025-07-30T07:00:00Z,49414.6
2025-07-30T08:00:00Z,50160.9
2025-07-30T09:00:00Z,51515.1
2025-07-30T10:00:00Z,55838.2
2025-07-30T11:00:00Z,54458.8
2025-07-30T12:00:00Z,55119.9
2025-07-30T13:00:00Z,53592.1
2025-07-30T14:00:00Z,54155.4
2025-07-30T15:00:00Z,52820.0
2025-07-30T16:00:00Z,50528.9
2025-07-30T17:00:00Z,49421.5
2025-07-30T18:00:00Z,46811.9
2025-07-30T19:00:00Z,44790.6
2025-07-30T20:00:00Z,42895.6
2025-07-30T21:00:00Z,41080.6
2025-07-30T22:00:00Z,38399.7
2025-07-30T23:00:00Z,39629.5
2025-07-31T00:00:00Z,39507.7
2025-07-31T01:00:00Z,38438.4
2025-07-31T02:00:00Z,40006.3
2025-07-31T03:00:00Z,39558.2
2025-07-31T04:00:00Z,43663.8
2025-07-31T05:00:00Z,45508.5
2025-07-31T06:00:00Z,46536.9
2025-07-31T07:00:00Z,49444.4
2025-07-31T08:00:00Z,52118.5
2025-07-31T09:00:00Z,52310.6
2025-07-31T10:00:00Z,53122.3
2025-07-31T11:00:00Z,54412.2
2025-07-31T12:00:00Z,55851.8
2025-07-31T13:00:00Z,55431.4
2025-07-31T14:00:00Z,53951.7
2025-07-31T15:00:00Z,52269.2
2025-07-31T16:00:00Z,51772.3
2025-07-31T17:00:00Z,48116.6
2025-07-31T18:00:00Z,46823.7
2025-07-31T19:00:00Z,44492.6
2025-07-31T20:00:00Z,43706.5
2025-07-31T21:00:00Z,41949.5
2025-07-31T22:00:00Z,39187.3
2025-07-31T23:00:00Z,40191.4
2025-08-01T00:00:00Z,39992.9
2025-08-01T01:00:00Z,39561.6
2025-08-01T02:00:00Z,40350.3
2025-08-01T03:00:00Z,41715.6
2025-08-01T04:00:00Z,43541.5
2025-08-01T05:00:00Z,45635.4
2025-08-01T06:00:00Z,46344.6
2025-08-01T07:00:00Z,51287.6
2025-08-01T08:00:00Z,51609.7
2025-08-01T09:00:00Z,52857.7
2025-08-01T10:00:00Z,54516.6
2025-08-01T11:00:00Z,55800.9
2025-08-01T12:00:00Z,55552.0
2025-08-01T13:00:00Z,54466.7
2025-08-01T14:00:00Z,54119.1
2025-08-01T15:00:00Z,53892.9
2025-08-01T16:00:00Z,50622.7
2025-08-01T17:00:00Z,48731.9
2025-08-01T18:00:00Z,46816.3
2025-08-01T19:00:00Z,45521.9
2025-08-01T20:00:00Z,43657.6
2025-08-01T21:00:00Z,40537.7
2025-08-01T22:00:00Z,39958.1
2025-08-01T23:00:00Z,40476.2
2025-08-02T00:00:00Z,37452.9
2025-08-02T01:00:00Z,37686.7
2025-08-02T02:00:00Z,38038.8
2025-08-02T03:00:00Z,38160.4
2025-08-02T04:00:00Z,41367.2
2025-08-02T05:00:00Z,42343.2
2025-08-02T06:00:00Z,43696.9
2025-08-02T07:00:00Z,49133.1
2025-08-02T08:00:00Z,50094.7
2025-08-02T09:00:00Z,51609.6
2025-08-02T10:00:00Z,52735.1
2025-08-02T11:00:00Z,52684.2
2025-08-02T12:00:00Z,52253.3
2025-08-02T13:00:00Z,53300.9
2025-08-02T14:00:00Z,53122.2
2025-08-02T15:00:00Z,51263.0
2025-08-02T16:00:00Z,48623.5
2025-08-02T17:00:00Z,46523.3
2025-08-02T18:00:00Z,44667.7
2025-08-02T19:00:00Z,42925.6
2025-08-02T20:00:00Z,40846.7
2025-08-02T21:00:00Z,39634.6
2025-08-02T22:00:00Z,37690.0
2025-08-02T23:00:00Z,37315.9
2025-08-03T00:00:00Z,37423.2
2025-08-03T01:00:00Z,37160.6
2025-08-03T02:00:00Z,38097.0
2025-08-03T03:00:00Z,39955.6
2025-08-03T04:00:00Z,40107.2
2025-08-03T05:00:00Z,42682.6
2025-08-03T06:00:00Z,46009.2
2025-08-03T07:00:00Z,46857.9
2025-08-03T08:00:00Z,48567.8
2025-08-03T09:00:00Z,49497.1
2025-08-03T10:00:00Z,51688.5
2025-08-03T11:00:00Z,52820.4
2025-08-03T12:00:00Z,53312.8
2025-08-03T13:00:00Z,53287.9
2025-08-03T14:00:00Z,52394.5
2025-08-03T15:00:00Z,50262.7
2025-08-03T16:00:00Z,49103.0
2025-08-03T17:00:00Z,47599.0
2025-08-03T18:00:00Z,45369.7
2025-08-03T19:00:00Z,43710.9
2025-08-03T20:00:00Z,42156.8
2025-08-03T21:00:00Z,39926.4
2025-08-03T22:00:00Z,39018.5
2025-08-03T23:00:00Z,37502.7
2025-08-04T00:00:00Z,40183.5
2025-08-04T01:00:00Z,39246.2
2025-08-04T02:00:00Z,41890.2
2025-08-04T03:00:00Z,42377.4
2025-08-04T04:00:00Z,43471.8
2025-08-04T05:00:00Z,43985.9
2025-08-04T06:00:00Z,47652.6
2025-08-04T07:00:00Z,49587.6
2025-08-04T08:00:00Z,51344.7
2025-08-04T09:00:00Z,52590.8
2025-08-04T10:00:00Z,54600.0
2025-08-04T11:00:00Z,55044.8
2025-08-04T12:00:00Z,56206.7
2025-08-04T13:00:00Z,55744.0
2025-08-04T14:00:00Z,54746.5
2025-08-04T15:00:00Z,53498.2
2025-08-04T16:00:00Z,52094.8
2025-08-04T17:00:00Z,50218.6
2025-08-04T18:00:00Z,48570.7
2025-08-04T19:00:00Z,45718.0
2025-08-04T20:00:00Z,43621.4
2025-08-04T21:00:00Z,42767.7
2025-08-04T22:00:00Z,40340.1
2025-08-04T23:00:00Z,39874.6
2025-08-05T00:00:00Z,40050.5
2025-08-05T01:00:00Z,40815.0
2025-08-05T02:00:00Z,41536.9
2025-08-05T03:00:00Z,41846.5
2025-08-05T04:00:00Z,43714.9
2025-08-05T05:00:00Z,44181.5
2025-08-05T06:00:00Z,48426.3
2025-08-05T07:00:00Z,49581.6
2025-08-05T08:00:00Z,51945.8
2025-08-05T09:00:00Z,52936.5
2025-08-05T10:00:00Z,54104.5
2025-08-05T11:00:00Z,55265.0
2025-08-05T12:00:00Z,55748.7
2025-08-05T13:00:00Z,56455.8
2025-08-05T14:00:00Z,55218.8
2025-08-05T15:00:00Z,53315.8
2025-08-05T16:00:00Z,52697.8
2025-08-05T17:00:00Z,50129.0
2025-08-05T18:00:00Z,49263.6
2025-08-05T19:00:00Z,46811.3
2025-08-05T20:00:00Z,43987.8
2025-08-05T21:00:00Z,41102.9
2025-08-05T22:00:00Z,41163.6
2025-08-05T23:00:00Z,38980.6
2025-08-06T00:00:00Z,40531.3
2025-08-06T01:00:00Z,39912.9
2025-08-06T02:00:00Z,42156.9
2025-08-06T03:00:00Z,42545.9
2025-08-06T04:00:00Z,44065.8
2025-08-06T05:00:00Z,46720.1
2025-08-06T06:00:00Z,47813.5
2025-08-06T07:00:00Z,51250.8
2025-08-06T08:00:00Z,52930.7
2025-08-06T09:00:00Z,54177.5
2025-08-06T10:00:00Z,54711.4
2025-08-06T11:00:00Z,55624.2
2025-08-06T12:00:00Z,56537.3
2025-08-06T13:00:00Z,56729.3
2025-08-06T14:00:00Z,55171.2
2025-08-06T15:00:00Z,54018.0
2025-08-06T16:00:00Z,51236.4
2025-08-06T17:00:00Z,49258.9
2025-08-06T18:00:00Z,47244.3
2025-08-06T19:00:00Z,45876.9
2025-08-06T20:00:00Z,44733.4
2025-08-06T21:00:00Z,43314.1
2025-08-06T22:00:00Z,41851.5
2025-08-06T23:00:00Z,40808.7
2025-08-07T00:00:00Z,39587.4
2025-08-07T01:00:00Z,40809.0
2025-08-07T02:00:00Z,41886.9
2025-08-07T03:00:00Z,42056.1
2025-08-07T04:00:00Z,44010.5
2025-08-07T05:00:00Z,46925.9
2025-08-07T06:00:00Z,48542.2
2025-08-07T07:00:00Z,51357.5
2025-08-07T08:00:00Z,51723.5
2025-08-07T09:00:00Z,53010.2
2025-08-07T10:00:00Z,56351.8
2025-08-07T11:00:00Z,57085.2
2025-08-07T12:00:00Z,56734.7
2025-08-07T13:00:00Z,55887.4
2025-08-07T14:00:00Z,54762.3
2025-08-07T15:00:00Z,54617.7
2025-08-07T16:00:00Z,52043.8
2025-08-07T17:00:00Z,49622.0
2025-08-07T18:00:00Z,48166.4
2025-08-07T19:00:00Z,46978.0
2025-08-07T20:00:00Z,44520.5
2025-08-07T21:00:00Z,41383.4
2025-08-07T22:00:00Z,41699.7
2025-08-07T23:00:00Z,40885.8
2025-08-08T00:00:00Z,40646.2
2025-08-08T01:00:00Z,39525.9
2025-08-08T02:00:00Z,40663.3
2025-08-08T03:00:00Z,41919.7
2025-08-08T04:00:00Z,44368.6
2025-08-08T05:00:00Z,46273.6
2025-08-08T06:00:00Z,48353.9
2025-08-08T07:00:00Z,49371.1
2025-08-08T08:00:00Z,52417.4
2025-08-08T09:00:00Z,54445.5
2025-08-08T10:00:00Z,56069.0
2025-08-08T11:00:00Z,56458.9
2025-08-08T12:00:00Z,56019.4
2025-08-08T13:00:00Z,55968.0
2025-08-08T14:00:00Z,55042.0
2025-08-08T15:00:00Z,54128.6
2025-08-08T16:00:00Z,52295.8
2025-08-08T17:00:00Z,49617.7
2025-08-08T18:00:00Z,48606.1
2025-08-08T19:00:00Z,46627.0
2025-08-08T20:00:00Z,43408.2
2025-08-08T21:00:00Z,41813.9
2025-08-08T22:00:00Z,42101.5
2025-08-08T23:00:00Z,40412.5
2025-08-09T00:00:00Z,37852.6
2025-08-09T01:00:00Z,37511.6
2025-08-09T02:00:00Z,38637.3
2025-08-09T03:00:00Z,40432.4
2025-08-09T04:00:00Z,40428.9
2025-08-09T05:00:00Z,44157.0
2025-08-09T06:00:00Z,46489.1
2025-08-09T07:00:00Z,47846.2
2025-08-09T08:00:00Z,49491.1
2025-08-09T09:00:00Z,50911.5
2025-08-09T10:00:00Z,54436.5
2025-08-09T11:00:00Z,54305.1
2025-08-09T12:00:00Z,53449.3
2025-08-09T13:00:00Z,54487.8
2025-08-09T14:00:00Z,53211.9
2025-08-09T15:00:00Z,51280.0
2025-08-09T16:00:00Z,50773.1
2025-08-09T17:00:00Z,47810.5
2025-08-09T18:00:00Z,47055.5
2025-08-09T19:00:00Z,44328.7
2025-08-09T20:00:00Z,42651.5
2025-08-09T21:00:00Z,40488.0
2025-08-09T22:00:00Z,37916.5
2025-08-09T23:00:00Z,37725.0
2025-08-10T00:00:00Z,37529.9
2025-08-10T01:00:00Z,38584.2
2025-08-10T02:00:00Z,40199.1
2025-08-10T03:00:00Z,40647.8
2025-08-10T04:00:00Z,42642.1
2025-08-10T05:00:00Z,43761.4
2025-08-10T06:00:00Z,46003.0
2025-08-10T07:00:00Z,47970.0
2025-08-10T08:00:00Z,50882.7
2025-08-10T09:00:00Z,50304.3
2025-08-10T10:00:00Z,53360.0
2025-08-10T11:00:00Z,54342.6
2025-08-10T12:00:00Z,54803.9
2025-08-10T13:00:00Z,54602.1
2025-08-10T14:00:00Z,53018.0
2025-08-10T15:00:00Z,51592.3
2025-08-10T16:00:00Z,49306.5
2025-08-10T17:00:00Z,49840.5
2025-08-10T18:00:00Z,47025.2
2025-08-10T19:00:00Z,43783.4
2025-08-10T20:00:00Z,41706.3
2025-08-10T21:00:00Z,41168.6
2025-08-10T22:00:00Z,39100.1
2025-08-10T23:00:00Z,38647.8
2025-08-11T00:00:00Z,39547.1
2025-08-11T01:00:00Z,39827.9
2025-08-11T02:00:00Z,42674.6
2025-08-11T03:00:00Z,41770.7
2025-08-11T04:00:00Z,44813.0
2025-08-11T05:00:00Z,46947.0
2025-08-11T06:00:00Z,48989.0
2025-08-11T07:00:00Z,50804.4
2025-08-11T08:00:00Z,51349.8
2025-08-11T09:00:00Z,54199.7
2025-08-11T10:00:00Z,55346.7
2025-08-11T11:00:00Z,55798.5
2025-08-11T12:00:00Z,55591.5
2025-08-11T13:00:00Z,56205.5
2025-08-11T14:00:00Z,56384.6
2025-08-11T15:00:00Z,53936.0
2025-08-11T16:00:00Z,52383.7
2025-08-11T17:00:00Z,51779.4
2025-08-11T18:00:00Z,47974.1
2025-08-11T19:00:00Z,46911.1
2025-08-11T20:00:00Z,43544.8
2025-08-11T21:00:00Z,41922.9
2025-08-11T22:00:00Z,41421.3
2025-08-11T23:00:00Z,40713.6
2025-08-12T00:00:00Z,40626.5
2025-08-12T01:00:00Z,40093.3
2025-08-12T02:00:00Z,41916.4
2025-08-12T03:00:00Z,43650.7
2025-08-12T04:00:00Z,43479.7
2025-08-12T05:00:00Z,46804.1
2025-08-12T06:00:00Z,48542.2
2025-08-12T07:00:00Z,51221.3
2025-08-12T08:00:00Z,53065.8
2025-08-12T09:00:00Z,54715.7
2025-08-12T10:00:00Z,56658.4
2025-08-12T11:00:00Z,56666.4
2025-08-12T12:00:00Z,57010.0
2025-08-12T13:00:00Z,56280.4
2025-08-12T14:00:00Z,55506.7
2025-08-12T15:00:00Z,54997.6
2025-08-12T16:00:00Z,52534.6
2025-08-12T17:00:00Z,51272.5
2025-08-12T18:00:00Z,48554.3
2025-08-12T19:00:00Z,47325.0
2025-08-12T20:00:00Z,44367.7
2025-08-12T21:00:00Z,43354.7
2025-08-12T22:00:00Z,42764.0
2025-08-12T23:00:00Z,40625.7
2025-08-13T00:00:00Z,40102.7
2025-08-13T01:00:00Z,42329.2
2025-08-13T02:00:00Z,42141.9
2025-08-13T03:00:00Z,43185.3
2025-08-13T04:00:00Z,46103.1
2025-08-13T05:00:00Z,46868.9
2025-08-13T06:00:00Z,48989.5
2025-08-13T07:00:00Z,51790.2
2025-08-13T08:00:00Z,52917.2
2025-08-13T09:00:00Z,53602.4
2025-08-13T10:00:00Z,56057.4
2025-08-13T11:00:00Z,56651.4
2025-08-13T12:00:00Z,57158.7
2025-08-13T13:00:00Z,57513.1
2025-08-13T14:00:00Z,55973.9
2025-08-13T15:00:00Z,54312.9
2025-08-13T16:00:00Z,52594.0
2025-08-13T17:00:00Z,50208.1
2025-08-13T18:00:00Z,48807.9
2025-08-13T19:00:00Z,46349.9
2025-08-13T20:00:00Z,45073.9
2025-08-13T21:00:00Z,43628.2
2025-08-13T22:00:00Z,42821.1
2025-08-13T23:00:00Z,40076.8
2025-08-14T00:00:00Z,41110.3
2025-08-14T01:00:00Z,41025.3
2025-08-14T02:00:00Z,42343.6
2025-08-14T03:00:00Z,43125.7
2025-08-14T04:00:00Z,45230.7
2025-08-14T05:00:00Z,48380.7
2025-08-14T06:00:00Z,49297.9
2025-08-14T07:00:00Z,50977.1
2025-08-14T08:00:00Z,54610.5
2025-08-14T09:00:00Z,55296.1
2025-08-14T10:00:00Z,55801.2
2025-08-14T11:00:00Z,56281.3
2025-08-14T12:00:00Z,56597.3
2025-08-14T13:00:00Z,57717.9
2025-08-14T14:00:00Z,56787.3
2025-08-14T15:00:00Z,54961.2
2025-08-14T16:00:00Z,54534.2
2025-08-14T17:00:00Z,51715.4
2025-08-14T18:00:00Z,49639.6
2025-08-14T19:00:00Z,48213.0
2025-08-14T20:00:00Z,47301.8
2025-08-14T21:00:00Z,43226.2
2025-08-14T22:00:00Z,42439.5
2025-08-14T23:00:00Z,39282.2
2025-08-15T00:00:00Z,41895.1
2025-08-15T01:00:00Z,41960.4
2025-08-15T02:00:00Z,42152.1
2025-08-15T03:00:00Z,43908.1
2025-08-15T04:00:00Z,45682.8
2025-08-15T05:00:00Z,47376.8
2025-08-15T06:00:00Z,49438.8
2025-08-15T07:00:00Z,50486.3
2025-08-15T08:00:00Z,54226.3
2025-08-15T09:00:00Z,54978.2
2025-08-15T10:00:00Z,55437.7
2025-08-15T11:00:00Z,57617.3
2025-08-15T12:00:00Z,56831.5
2025-08-15T13:00:00Z,56861.1
2025-08-15T14:00:00Z,56147.3
2025-08-15T15:00:00Z,56765.5
2025-08-15T16:00:00Z,54395.4
2025-08-15T17:00:00Z,51513.3
2025-08-15T18:00:00Z,49111.5
2025-08-15T19:00:00Z,47625.5
2025-08-15T20:00:00Z,45180.9
2025-08-15T21:00:00Z,43891.4
2025-08-15T22:00:00Z,41602.9
2025-08-15T23:00:00Z,41105.4
2025-08-16T00:00:00Z,39647.7
2025-08-16T01:00:00Z,39332.8
2025-08-16T02:00:00Z,40279.5
2025-08-16T03:00:00Z,41674.6
2025-08-16T04:00:00Z,42896.2
2025-08-16T05:00:00Z,44285.6
2025-08-16T06:00:00Z,47376.0
2025-08-16T07:00:00Z,49783.4
2025-08-16T08:00:00Z,51671.6
2025-08-16T09:00:00Z,53231.8
2025-08-16T10:00:00Z,54271.0
2025-08-16T11:00:00Z,55729.2
2025-08-16T12:00:00Z,55263.6
2025-08-16T13:00:00Z,56038.5
2025-08-16T14:00:00Z,52779.8
2025-08-16T15:00:00Z,53757.2
2025-08-16T16:00:00Z,51546.8
2025-08-16T17:00:00Z,49914.5
2025-08-16T18:00:00Z,46763.6
2025-08-16T19:00:00Z,46249.5
2025-08-16T20:00:00Z,42489.6
2025-08-16T21:00:00Z,41936.2
2025-08-16T22:00:00Z,39835.4
2025-08-16T23:00:00Z,40536.9
2025-08-17T00:00:00Z,38853.7
2025-08-17T01:00:00Z,38979.0
2025-08-17T02:00:00Z,39622.7
2025-08-17T03:00:00Z,42524.0
2025-08-17T04:00:00Z,43687.8
2025-08-17T05:00:00Z,45881.6
2025-08-17T06:00:00Z,47486.2
2025-08-17T07:00:00Z,50639.9
2025-08-17T08:00:00Z,50988.0
2025-08-17T09:00:00Z,52607.5
2025-08-17T10:00:00Z,55143.0
2025-08-17T11:00:00Z,55246.1
2025-08-17T12:00:00Z,55159.4
2025-08-17T13:00:00Z,55735.5
2025-08-17T14:00:00Z,53825.0
2025-08-17T15:00:00Z,53574.1
2025-08-17T16:00:00Z,51262.8
2025-08-17T17:00:00Z,50025.3
2025-08-17T18:00:00Z,47736.8
2025-08-17T19:00:00Z,46929.9
2025-08-17T20:00:00Z,43688.0
2025-08-17T21:00:00Z,42051.8
2025-08-17T22:00:00Z,40126.2
2025-08-17T23:00:00Z,40020.3
2025-08-18T00:00:00Z,42186.1
2025-08-18T01:00:00Z,42367.5
2025-08-18T02:00:00Z,43834.4
2025-08-18T03:00:00Z,43715.6
2025-08-18T04:00:00Z,46303.7
2025-08-18T05:00:00Z,47946.4
2025-08-18T06:00:00Z,51025.3
2025-08-18T07:00:00Z,51605.9
2025-08-18T08:00:00Z,54710.9
2025-08-18T09:00:00Z,55658.3
2025-08-18T10:00:00Z,55904.4
2025-08-18T11:00:00Z,58619.1
2025-08-18T12:00:00Z,57687.3
2025-08-18T13:00:00Z,57737.2
2025-08-18T14:00:00Z,56585.4
2025-08-18T15:00:00Z,55501.8
2025-08-18T16:00:00Z,53427.7
2025-08-18T17:00:00Z,51304.0
2025-08-18T18:00:00Z,49443.9
2025-08-18T19:00:00Z,48061.6
2025-08-18T20:00:00Z,44084.4
2025-08-18T21:00:00Z,42876.6
2025-08-18T22:00:00Z,42827.2
2025-08-18T23:00:00Z,41822.8
2025-08-19T00:00:00Z,41509.9
2025-08-19T01:00:00Z,42451.1
2025-08-19T02:00:00Z,42625.1
2025-08-19T03:00:00Z,44125.5
2025-08-19T04:00:00Z,46041.4
2025-08-19T05:00:00Z,47356.9
2025-08-19T06:00:00Z,49724.4
2025-08-19T07:00:00Z,52503.5
2025-08-19T08:00:00Z,53572.4
2025-08-19T09:00:00Z,55096.2
2025-08-19T10:00:00Z,55766.9
2025-08-19T11:00:00Z,57438.5
2025-08-19T12:00:00Z,56833.4
2025-08-19T13:00:00Z,57523.9
2025-08-19T14:00:00Z,57216.0
2025-08-19T15:00:00Z,57024.6
2025-08-19T16:00:00Z,54352.0
2025-08-19T17:00:00Z,53035.6
2025-08-19T18:00:00Z,50122.1
2025-08-19T19:00:00Z,48302.4
2025-08-19T20:00:00Z,45098.3
2025-08-19T21:00:00Z,44213.2
2025-08-19T22:00:00Z,40799.7
2025-08-19T23:00:00Z,41520.8
2025-08-20T00:00:00Z,41901.3
2025-08-20T01:00:00Z,43017.5
2025-08-20T02:00:00Z,42452.3
2025-08-20T03:00:00Z,43486.0
2025-08-20T04:00:00Z,46146.1
2025-08-20T05:00:00Z,48275.1
2025-08-20T06:00:00Z,50812.9
2025-08-20T07:00:00Z,52783.6
2025-08-20T08:00:00Z,53418.6
2025-08-20T09:00:00Z,55493.4
2025-08-20T10:00:00Z,57308.8
2025-08-20T11:00:00Z,58471.3
2025-08-20T12:00:00Z,58612.5
2025-08-20T13:00:00Z,58028.3
2025-08-20T14:00:00Z,55720.9
2025-08-20T15:00:00Z,56821.4
2025-08-20T16:00:00Z,52986.7
2025-08-20T17:00:00Z,52185.4
2025-08-20T18:00:00Z,50844.2
2025-08-20T19:00:00Z,49006.9
2025-08-20T20:00:00Z,45443.3
2025-08-20T21:00:00Z,44808.2
2025-08-20T22:00:00Z,42571.5
2025-08-20T23:00:00Z,42412.5
2025-08-21T00:00:00Z,42353.3
2025-08-21T01:00:00Z,42159.2
2025-08-21T02:00:00Z,43568.1
2025-08-21T03:00:00Z,43723.7
2025-08-21T04:00:00Z,46135.9
2025-08-21T05:00:00Z,47697.4
2025-08-21T06:00:00Z,50690.8
2025-08-21T07:00:00Z,52619.8
2025-08-21T08:00:00Z,54601.2
2025-08-21T09:00:00Z,55604.5
2025-08-21T10:00:00Z,56489.9
2025-08-21T11:00:00Z,58248.2
2025-08-21T12:00:00Z,58585.8
2025-08-21T13:00:00Z,58598.8
2025-08-21T14:00:00Z,57141.5
2025-08-21T15:00:00Z,56390.9
2025-08-21T16:00:00Z,54868.4
2025-08-21T17:00:00Z,51763.0
2025-08-21T18:00:00Z,49708.3
2025-08-21T19:00:00Z,48126.8
2025-08-21T20:00:00Z,46027.7
2025-08-21T21:00:00Z,43636.9
2025-08-21T22:00:00Z,43233.7
2025-08-21T23:00:00Z,41423.4
2025-08-22T00:00:00Z,41568.5
2025-08-22T01:00:00Z,44068.2
2025-08-22T02:00:00Z,44211.8
2025-08-22T03:00:00Z,44501.0
2025-08-22T04:00:00Z,46209.1
2025-08-22T05:00:00Z,48200.3
2025-08-22T06:00:00Z,51196.2
2025-08-22T07:00:00Z,52615.5
2025-08-22T08:00:00Z,55016.8
2025-08-22T09:00:00Z,56510.6
2025-08-22T10:00:00Z,56642.4
2025-08-22T11:00:00Z,58189.4
2025-08-22T12:00:00Z,58795.1
2025-08-22T13:00:00Z,57149.7
2025-08-22T14:00:00Z,57804.1
2025-08-22T15:00:00Z,56212.5
2025-08-22T16:00:00Z,55184.7
2025-08-22T17:00:00Z,52651.0
2025-08-22T18:00:00Z,50420.6
2025-08-22T19:00:00Z,47601.5
2025-08-22T20:00:00Z,45791.7
2025-08-22T21:00:00Z,44617.4
2025-08-22T22:00:00Z,43655.4
2025-08-22T23:00:00Z,43968.7
2025-08-23T00:00:00Z,41322.6
2025-08-23T01:00:00Z,39939.7
2025-08-23T02:00:00Z,42163.0
2025-08-23T03:00:00Z,41747.2
2025-08-23T04:00:00Z,43604.0
2025-08-23T05:00:00Z,46765.3
2025-08-23T06:00:00Z,49140.9
2025-08-23T07:00:00Z,49662.3
2025-08-23T08:00:00Z,52837.2
2025-08-23T09:00:00Z,53829.0
2025-08-23T10:00:00Z,56491.9
2025-08-23T11:00:00Z,55930.9
2025-08-23T12:00:00Z,56039.4
2025-08-23T13:00:00Z,55997.8
2025-08-23T14:00:00Z,55790.2
2025-08-23T15:00:00Z,54910.8
2025-08-23T16:00:00Z,52635.0
2025-08-23T17:00:00Z,50866.7
2025-08-23T18:00:00Z,47946.4
2025-08-23T19:00:00Z,47056.4
2025-08-23T20:00:00Z,43949.5
2025-08-23T21:00:00Z,42649.9
2025-08-23T22:00:00Z,41055.7
2025-08-23T23:00:00Z,40122.2
2025-08-24T00:00:00Z,39863.6
2025-08-24T01:00:00Z,40139.3
2025-08-24T02:00:00Z,42264.9
2025-08-24T03:00:00Z,40855.5
2025-08-24T04:00:00Z,44843.8
2025-08-24T05:00:00Z,45163.6
2025-08-24T06:00:00Z,48908.5
2025-08-24T07:00:00Z,49720.7
2025-08-24T08:00:00Z,52352.9
2025-08-24T09:00:00Z,54153.6
2025-08-24T10:00:00Z,54451.6
2025-08-24T11:00:00Z,56919.9
2025-08-24T12:00:00Z,56165.1
2025-08-24T13:00:00Z,56272.2
2025-08-24T14:00:00Z,57018.3
2025-08-24T15:00:00Z,54004.4
2025-08-24T16:00:00Z,53187.9
2025-08-24T17:00:00Z,50023.5
2025-08-24T18:00:00Z,49486.8
2025-08-24T19:00:00Z,45533.2
2025-08-24T20:00:00Z,44781.5
2025-08-24T21:00:00Z,41927.9
2025-08-24T22:00:00Z,41742.8
2025-08-24T23:00:00Z,41801.4
2025-08-25T00:00:00Z,44486.6
2025-08-25T01:00:00Z,42483.2
2025-08-25T02:00:00Z,44633.7
2025-08-25T03:00:00Z,43289.8
2025-08-25T04:00:00Z,46156.9
2025-08-25T05:00:00Z,49414.1
2025-08-25T06:00:00Z,50710.6
2025-08-25T07:00:00Z,53033.8
2025-08-25T08:00:00Z,54498.5
2025-08-25T09:00:00Z,56836.9
2025-08-25T10:00:00Z,58535.7
2025-08-25T11:00:00Z,60031.9
2025-08-25T12:00:00Z,59295.2
2025-08-25T13:00:00Z,59141.1
2025-08-25T14:00:00Z,58574.3
2025-08-25T15:00:00Z,56445.8
2025-08-25T16:00:00Z,55790.4
2025-08-25T17:00:00Z,52621.3
2025-08-25T18:00:00Z,52117.2
2025-08-25T19:00:00Z,48717.7
2025-08-25T20:00:00Z,46878.7
2025-08-25T21:00:00Z,45249.0
2025-08-25T22:00:00Z,43984.1
2025-08-25T23:00:00Z,43579.6
2025-08-26T00:00:00Z,42749.8
2025-08-26T01:00:00Z,42801.5
2025-08-26T02:00:00Z,43277.9
2025-08-26T03:00:00Z,44944.6
2025-08-26T04:00:00Z,46337.1
2025-08-26T05:00:00Z,49617.0
2025-08-26T06:00:00Z,51064.2
2025-08-26T07:00:00Z,53038.8
2025-08-26T08:00:00Z,54121.5
2025-08-26T09:00:00Z,57293.4
2025-08-26T10:00:00Z,55729.9
2025-08-26T11:00:00Z,58992.9
2025-08-26T12:00:00Z,59099.5
2025-08-26T13:00:00Z,58368.4
2025-08-26T14:00:00Z,58094.7
2025-08-26T15:00:00Z,55961.9
2025-08-26T16:00:00Z,54958.5
2025-08-26T17:00:00Z,52804.4
2025-08-26T18:00:00Z,50723.3
2025-08-26T19:00:00Z,48968.7
2025-08-26T20:00:00Z,48166.2
2025-08-26T21:00:00Z,45735.9
2025-08-26T22:00:00Z,44584.3
2025-08-26T23:00:00Z,42710.7
2025-08-27T00:00:00Z,43245.5
2025-08-27T01:00:00Z,43210.7
2025-08-27T02:00:00Z,43890.4
2025-08-27T03:00:00Z,44849.5
2025-08-27T04:00:00Z,47291.8
2025-08-27T05:00:00Z,49978.5
2025-08-27T06:00:00Z,51578.1
2025-08-27T07:00:00Z,54406.2
2025-08-27T08:00:00Z,55422.5
2025-08-27T09:00:00Z,56378.5
2025-08-27T10:00:00Z,57990.2
2025-08-27T11:00:00Z,58670.3
2025-08-27T12:00:00Z,58064.0
2025-08-27T13:00:00Z,57858.9
2025-08-27T14:00:00Z,58340.0
2025-08-27T15:00:00Z,57264.4
2025-08-27T16:00:00Z,56787.8
2025-08-27T17:00:00Z,53960.6
2025-08-27T18:00:00Z,51909.6
2025-08-27T19:00:00Z,49330.6
2025-08-27T20:00:00Z,48014.4
2025-08-27T21:00:00Z,44589.0
2025-08-27T22:00:00Z,44119.8
2025-08-27T23:00:00Z,44904.9
2025-08-28T00:00:00Z,43536.8
2025-08-28T01:00:00Z,43887.0
2025-08-28T02:00:00Z,43970.9
2025-08-28T03:00:00Z,44232.1
2025-08-28T04:00:00Z,47972.2
2025-08-28T05:00:00Z,47785.0
2025-08-28T06:00:00Z,52467.1
2025-08-28T07:00:00Z,52419.9
2025-08-28T08:00:00Z,56015.4
2025-08-28T09:00:00Z,56617.7
2025-08-28T10:00:00Z,58803.3
2025-08-28T11:00:00Z,58261.8
2025-08-28T12:00:00Z,58412.9
2025-08-28T13:00:00Z,59736.3
2025-08-28T14:00:00Z,58829.4
2025-08-28T15:00:00Z,57267.5
2025-08-28T16:00:00Z,55639.5
2025-08-28T17:00:00Z,52982.2
2025-08-28T18:00:00Z,52334.0
2025-08-28T19:00:00Z,48959.2
2025-08-28T20:00:00Z,46598.0
2025-08-28T21:00:00Z,45565.0
2025-08-28T22:00:00Z,43978.5
2025-08-28T23:00:00Z,42895.3
2025-08-29T00:00:00Z,42031.2
2025-08-29T01:00:00Z,44693.8
2025-08-29T02:00:00Z,44093.9
2025-08-29T03:00:00Z,47163.9
2025-08-29T04:00:00Z,47058.3
2025-08-29T05:00:00Z,49168.6
2025-08-29T06:00:00Z,51442.3
2025-08-29T07:00:00Z,52852.9
2025-08-29T08:00:00Z,54965.9
2025-08-29T09:00:00Z,56564.9
2025-08-29T10:00:00Z,57939.0
2025-08-29T11:00:00Z,59815.5
2025-08-29T12:00:00Z,58436.8
2025-08-29T13:00:00Z,58890.3
2025-08-29T14:00:00Z,60449.1
2025-08-29T15:00:00Z,56621.1
2025-08-29T16:00:00Z,55563.9
2025-08-29T17:00:00Z,52843.0
2025-08-29T18:00:00Z,51231.3
2025-08-29T19:00:00Z,49058.9
2025-08-29T20:00:00Z,48025.6
2025-08-29T21:00:00Z,45512.1
2025-08-29T22:00:00Z,44011.6
2025-08-29T23:00:00Z,43020.5
2025-08-30T00:00:00Z,40506.7
2025-08-30T01:00:00Z,40080.0
2025-08-30T02:00:00Z,42936.5
2025-08-30T03:00:00Z,42430.9
2025-08-30T04:00:00Z,43847.8
2025-08-30T05:00:00Z,46713.0
2025-08-30T06:00:00Z,47342.0
2025-08-30T07:00:00Z,50743.8
2025-08-30T08:00:00Z,53300.4
2025-08-30T09:00:00Z,54589.6
2025-08-30T10:00:00Z,56525.2
2025-08-30T11:00:00Z,57229.6
2025-08-30T12:00:00Z,57897.8
2025-08-30T13:00:00Z,57548.0
2025-08-30T14:00:00Z,56894.0
2025-08-30T15:00:00Z,54761.3
2025-08-30T16:00:00Z,52596.5
2025-08-30T17:00:00Z,50824.0
2025-08-30T18:00:00Z,48584.0
2025-08-30T19:00:00Z,46824.7
2025-08-30T20:00:00Z,44413.6
2025-08-30T21:00:00Z,43220.5
2025-08-30T22:00:00Z,42850.6
2025-08-30T23:00:00Z,41366.6
2025-08-31T00:00:00Z,40930.7
2025-08-31T01:00:00Z,41661.2
2025-08-31T02:00:00Z,42590.4
2025-08-31T03:00:00Z,43538.2
2025-08-31T04:00:00Z,45520.7
2025-08-31T05:00:00Z,47082.8
2025-08-31T06:00:00Z,49224.5
2025-08-31T07:00:00Z,51289.9
2025-08-31T08:00:00Z,52316.7
2025-08-31T09:00:00Z,55044.4
2025-08-31T10:00:00Z,55689.0
2025-08-31T11:00:00Z,56932.2
2025-08-31T12:00:00Z,57746.3
2025-08-31T13:00:00Z,57473.7
2025-08-31T14:00:00Z,57970.0
2025-08-31T15:00:00Z,54013.3
2025-08-31T16:00:00Z,54168.7
2025-08-31T17:00:00Z,51817.5
2025-08-31T18:00:00Z,49203.9
2025-08-31T19:00:00Z,47694.7
2025-08-31T20:00:00Z,44709.1
2025-08-31T21:00:00Z,43691.1
2025-08-31T22:00:00Z,42143.1
2025-08-31T23:00:00Z,42800.4
2025-09-01T00:00:00Z,43545.7
2025-09-01T01:00:00Z,43935.2
2025-09-01T02:00:00Z,45099.0
2025-09-01T03:00:00Z,45744.2
2025-09-01T04:00:00Z,47920.3
2025-09-01T05:00:00Z,49915.7
2025-09-01T06:00:00Z,52291.2
2025-09-01T07:00:00Z,53905.8
2025-09-01T08:00:00Z,56119.0
2025-09-01T09:00:00Z,56875.4
2025-09-01T10:00:00Z,59888.3
2025-09-01T11:00:00Z,59059.7
2025-09-01T12:00:00Z,58757.6
2025-09-01T13:00:00Z,59275.2
2025-09-01T14:00:00Z,58635.0
2025-09-01T15:00:00Z,55844.6
2025-09-01T16:00:00Z,55788.6
2025-09-01T17:00:00Z,54641.1
2025-09-01T18:00:00Z,51925.8
2025-09-01T19:00:00Z,51142.8
2025-09-01T20:00:00Z,47236.4
2025-09-01T21:00:00Z,45294.0
2025-09-01T22:00:00Z,45193.3
2025-09-01T23:00:00Z,45206.4
2025-09-02T00:00:00Z,44560.6
2025-09-02T01:00:00Z,43135.9
2025-09-02T02:00:00Z,43779.3
2025-09-02T03:00:00Z,46141.2
2025-09-02T04:00:00Z,47747.5
2025-09-02T05:00:00Z,50509.8
2025-09-02T06:00:00Z,51706.6
2025-09-02T07:00:00Z,53571.7
2025-09-02T08:00:00Z,56197.7
2025-09-02T09:00:00Z,57820.7
2025-09-02T10:00:00Z,59499.6
2025-09-02T11:00:00Z,60513.8
2025-09-02T12:00:00Z,59169.6
2025-09-02T13:00:00Z,59871.3
2025-09-02T14:00:00Z,58540.1
2025-09-02T15:00:00Z,57322.7
2025-09-02T16:00:00Z,56305.0
2025-09-02T17:00:00Z,53332.6
2025-09-02T18:00:00Z,50993.0
2025-09-02T19:00:00Z,50762.5
2025-09-02T20:00:00Z,48805.0
2025-09-02T21:00:00Z,45313.2
2025-09-02T22:00:00Z,45573.3
2025-09-02T23:00:00Z,43972.5
2025-09-03T00:00:00Z,44275.5
2025-09-03T01:00:00Z,43214.2
2025-09-03T02:00:00Z,44081.3
2025-09-03T03:00:00Z,45909.1
2025-09-03T04:00:00Z,47782.9
2025-09-03T05:00:00Z,49551.1
2025-09-03T06:00:00Z,52718.2
2025-09-03T07:00:00Z,53962.6
2025-09-03T08:00:00Z,56427.7
2025-09-03T09:00:00Z,58529.7
2025-09-03T10:00:00Z,59392.9
2025-09-03T11:00:00Z,59289.0
2025-09-03T12:00:00Z,60437.9
2025-09-03T13:00:00Z,59669.2
2025-09-03T14:00:00Z,58895.9
2025-09-03T15:00:00Z,57694.9
2025-09-03T16:00:00Z,55877.4
2025-09-03T17:00:00Z,53332.9
2025-09-03T18:00:00Z,52118.4
2025-09-03T19:00:00Z,49669.7
2025-09-03T20:00:00Z,48487.1
2025-09-03T21:00:00Z,45494.5
2025-09-03T22:00:00Z,44721.2
2025-09-03T23:00:00Z,43850.0
2025-09-04T00:00:00Z,43374.3
2025-09-04T01:00:00Z,43932.7
2025-09-04T02:00:00Z,45348.8
2025-09-04T03:00:00Z,46537.2
2025-09-04T04:00:00Z,47462.7
2025-09-04T05:00:00Z,48679.0
2025-09-04T06:00:00Z,51745.2
2025-09-04T07:00:00Z,53979.2
2025-09-04T08:00:00Z,56150.6
2025-09-04T09:00:00Z,56772.3
2025-09-04T10:00:00Z,60189.8
2025-09-04T11:00:00Z,61725.4
2025-09-04T12:00:00Z,59320.3
2025-09-04T13:00:00Z,60207.5
2025-09-04T14:00:00Z,58015.3
2025-09-04T15:00:00Z,57135.0
2025-09-04T16:00:00Z,55846.7
2025-09-04T17:00:00Z,54172.2
2025-09-04T18:00:00Z,52355.4
2025-09-04T19:00:00Z,50632.7
2025-09-04T20:00:00Z,48832.7
2025-09-04T21:00:00Z,46545.0
2025-09-04T22:00:00Z,45773.4
2025-09-04T23:00:00Z,44299.0
2025-09-05T00:00:00Z,44541.7
2025-09-05T01:00:00Z,45958.6
2025-09-05T02:00:00Z,44531.2
2025-09-05T03:00:00Z,45474.1
2025-09-05T04:00:00Z,47927.8
2025-09-05T05:00:00Z,49792.1
2025-09-05T06:00:00Z,53695.1
2025-09-05T07:00:00Z,53269.3
2025-09-05T08:00:00Z,55463.4
2025-09-05T09:00:00Z,57430.3
2025-09-05T10:00:00Z,58608.2
2025-09-05T11:00:00Z,60858.9
2025-09-05T12:00:00Z,59805.3
2025-09-05T13:00:00Z,60204.2
2025-09-05T14:00:00Z,58809.1
2025-09-05T15:00:00Z,59232.3
2025-09-05T16:00:00Z,56472.1
2025-09-05T17:00:00Z,54200.4
2025-09-05T18:00:00Z,53455.2
2025-09-05T19:00:00Z,49455.1
2025-09-05T20:00:00Z,47244.6
2025-09-05T21:00:00Z,46255.2
2025-09-05T22:00:00Z,45466.1
2025-09-05T23:00:00Z,44351.5
2025-09-06T00:00:00Z,42052.4
2025-09-06T01:00:00Z,42830.9
2025-09-06T02:00:00Z,43170.8
2025-09-06T03:00:00Z,45756.8
2025-09-06T04:00:00Z,44493.5
2025-09-06T05:00:00Z,48371.5
2025-09-06T06:00:00Z,50897.0
2025-09-06T07:00:00Z,50650.3
2025-09-06T08:00:00Z,53141.8
2025-09-06T09:00:00Z,55173.9
2025-09-06T10:00:00Z,58114.7
2025-09-06T11:00:00Z,56570.5
2025-09-06T12:00:00Z,58730.1
2025-09-06T13:00:00Z,56992.5
2025-09-06T14:00:00Z,56641.9
2025-09-06T15:00:00Z,55670.9
2025-09-06T16:00:00Z,53753.4
2025-09-06T17:00:00Z,52066.5
2025-09-06T18:00:00Z,49575.9
2025-09-06T19:00:00Z,47931.2
2025-09-06T20:00:00Z,45851.1
2025-09-06T21:00:00Z,45091.0
2025-09-06T22:00:00Z,42373.6
2025-09-06T23:00:00Z,42898.3
2025-09-07T00:00:00Z,41638.2
2025-09-07T01:00:00Z,43491.4
2025-09-07T02:00:00Z,42098.8
2025-09-07T03:00:00Z,44236.0
2025-09-07T04:00:00Z,46341.8
2025-09-07T05:00:00Z,47519.9
2025-09-07T06:00:00Z,49612.8
2025-09-07T07:00:00Z,51918.8
2025-09-07T08:00:00Z,54013.5
2025-09-07T09:00:00Z,56253.6
2025-09-07T10:00:00Z,57365.8
2025-09-07T11:00:00Z,58256.9
2025-09-07T12:00:00Z,58458.5
2025-09-07T13:00:00Z,58701.6
2025-09-07T14:00:00Z,56694.9
2025-09-07T15:00:00Z,56326.7
2025-09-07T16:00:00Z,53781.1
2025-09-07T17:00:00Z,51998.5
2025-09-07T18:00:00Z,49390.8
2025-09-07T19:00:00Z,48672.0
2025-09-07T20:00:00Z,45300.8
2025-09-07T21:00:00Z,44427.2
2025-09-07T22:00:00Z,43008.6
2025-09-07T23:00:00Z,41547.7
2025-09-08T00:00:00Z,43863.3
2025-09-08T01:00:00Z,44293.5
2025-09-08T02:00:00Z,46654.0
2025-09-08T03:00:00Z,47463.4
2025-09-08T04:00:00Z,49294.6
2025-09-08T05:00:00Z,50465.2
2025-09-08T06:00:00Z,52738.2
2025-09-08T07:00:00Z,54753.1
2025-09-08T08:00:00Z,57602.2
2025-09-08T09:00:00Z,57849.0
2025-09-08T10:00:00Z,59306.1
2025-09-08T11:00:00Z,61010.7
2025-09-08T12:00:00Z,61852.3
2025-09-08T13:00:00Z,60541.0
2025-09-08T14:00:00Z,60086.0
2025-09-08T15:00:00Z,58697.0
2025-09-08T16:00:00Z,57040.5
2025-09-08T17:00:00Z,54678.5
2025-09-08T18:00:00Z,51699.5
2025-09-08T19:00:00Z,50618.3
2025-09-08T20:00:00Z,48460.3
2025-09-08T21:00:00Z,46831.3
2025-09-08T22:00:00Z,45611.3
2025-09-08T23:00:00Z,44751.8
2025-09-09T00:00:00Z,45621.8
2025-09-09T01:00:00Z,43814.0
2025-09-09T02:00:00Z,46942.1
2025-09-09T03:00:00Z,46640.0
2025-09-09T04:00:00Z,48826.9
2025-09-09T05:00:00Z,50354.3
2025-09-09T06:00:00Z,53564.5
2025-09-09T07:00:00Z,54947.4
2025-09-09T08:00:00Z,57493.1
2025-09-09T09:00:00Z,58021.0
2025-09-09T10:00:00Z,59771.7
2025-09-09T11:00:00Z,59988.4
2025-09-09T12:00:00Z,60849.7
2025-09-09T13:00:00Z,60505.1
2025-09-09T14:00:00Z,58510.6
2025-09-09T15:00:00Z,57454.0
2025-09-09T16:00:00Z,56343.6
2025-09-09T17:00:00Z,56670.8
2025-09-09T18:00:00Z,53060.2
2025-09-09T19:00:00Z,50491.4
2025-09-09T20:00:00Z,49630.7
2025-09-09T21:00:00Z,46597.0
2025-09-09T22:00:00Z,45045.5
2025-09-09T23:00:00Z,44329.6
2025-09-10T00:00:00Z,45654.0
2025-09-10T01:00:00Z,44679.2
2025-09-10T02:00:00Z,46319.1
2025-09-10T03:00:00Z,48147.8
2025-09-10T04:00:00Z,49313.1
2025-09-10T05:00:00Z,51067.0
2025-09-10T06:00:00Z,52973.9
2025-09-10T07:00:00Z,54851.7
2025-09-10T08:00:00Z,56731.8
2025-09-10T09:00:00Z,58029.1
2025-09-10T10:00:00Z,59781.8
2025-09-10T11:00:00Z,59822.4
2025-09-10T12:00:00Z,61693.3
2025-09-10T13:00:00Z,60472.9
2025-09-10T14:00:00Z,59882.5
2025-09-10T15:00:00Z,58303.4
2025-09-10T16:00:00Z,56546.9
2025-09-10T17:00:00Z,55208.8
2025-09-10T18:00:00Z,52910.4
2025-09-10T19:00:00Z,52214.3
2025-09-10T20:00:00Z,49100.8
2025-09-10T21:00:00Z,47868.9
2025-09-10T22:00:00Z,45160.8
2025-09-10T23:00:00Z,43977.5
2025-09-11T00:00:00Z,45088.1
2025-09-11T01:00:00Z,44914.4
2025-09-11T02:00:00Z,46277.7
2025-09-11T03:00:00Z,46521.9
2025-09-11T04:00:00Z,48300.5
2025-09-11T05:00:00Z,49445.1
2025-09-11T06:00:00Z,53744.4
2025-09-11T07:00:00Z,55955.0
2025-09-11T08:00:00Z,56225.1
2025-09-11T09:00:00Z,58716.0
2025-09-11T10:00:00Z,61159.3
2025-09-11T11:00:00Z,60920.0
2025-09-11T12:00:00Z,60894.2
2025-09-11T13:00:00Z,60480.4
2025-09-11T14:00:00Z,60180.5
2025-09-11T15:00:00Z,59239.6
2025-09-11T16:00:00Z,57229.2
2025-09-11T17:00:00Z,54136.1
2025-09-11T18:00:00Z,52703.5
2025-09-11T19:00:00Z,51031.1
2025-09-11T20:00:00Z,47457.1
2025-09-11T21:00:00Z,47426.7
2025-09-11T22:00:00Z,44427.0
2025-09-11T23:00:00Z,44940.0
2025-09-12T00:00:00Z,45471.3
2025-09-12T01:00:00Z,45031.3
2025-09-12T02:00:00Z,45705.8
2025-09-12T03:00:00Z,47832.9
2025-09-12T04:00:00Z,48704.6
2025-09-12T05:00:00Z,52202.5
2025-09-12T06:00:00Z,52228.4
2025-09-12T07:00:00Z,54705.1
2025-09-12T08:00:00Z,57601.8
2025-09-12T09:00:00Z,57369.2
2025-09-12T10:00:00Z,60174.1
2025-09-12T11:00:00Z,60671.4
2025-09-12T12:00:00Z,60697.4
2025-09-12T13:00:00Z,60039.0
2025-09-12T14:00:00Z,59712.2
2025-09-12T15:00:00Z,59059.6
2025-09-12T16:00:00Z,56515.3
2025-09-12T17:00:00Z,54677.4
2025-09-12T18:00:00Z,53659.9
2025-09-12T19:00:00Z,51414.2
2025-09-12T20:00:00Z,49762.7
2025-09-12T21:00:00Z,48328.4
2025-09-12T22:00:00Z,46010.4
2025-09-12T23:00:00Z,44859.0
2025-09-13T00:00:00Z,42339.2
2025-09-13T01:00:00Z,42191.3
2025-09-13T02:00:00Z,43887.4
2025-09-13T03:00:00Z,45994.3
2025-09-13T04:00:00Z,46889.1
2025-09-13T05:00:00Z,48038.8
2025-09-13T06:00:00Z,50907.9
2025-09-13T07:00:00Z,53500.8
2025-09-13T08:00:00Z,55153.2
2025-09-13T09:00:00Z,56093.7
2025-09-13T10:00:00Z,57821.7
2025-09-13T11:00:00Z,58904.8
2025-09-13T12:00:00Z,59289.0
2025-09-13T13:00:00Z,58180.4
2025-09-13T14:00:00Z,57289.4
2025-09-13T15:00:00Z,57273.2
2025-09-13T16:00:00Z,56175.6
2025-09-13T17:00:00Z,53292.1
2025-09-13T18:00:00Z,49891.8
2025-09-13T19:00:00Z,48929.7
2025-09-13T20:00:00Z,46861.3
2025-09-13T21:00:00Z,45198.4
2025-09-13T22:00:00Z,43584.7
2025-09-13T23:00:00Z,42821.4
2025-09-14T00:00:00Z,42405.6
2025-09-14T01:00:00Z,43261.6
2025-09-14T02:00:00Z,44035.9
2025-09-14T03:00:00Z,45992.7
2025-09-14T04:00:00Z,46309.5
2025-09-14T05:00:00Z,49136.8
2025-09-14T06:00:00Z,51306.7
2025-09-14T07:00:00Z,52420.8
2025-09-14T08:00:00Z,55404.9
2025-09-14T09:00:00Z,56210.0
2025-09-14T10:00:00Z,58443.6
2025-09-14T11:00:00Z,59308.3
2025-09-14T12:00:00Z,58694.4
2025-09-14T13:00:00Z,57822.0
2025-09-14T14:00:00Z,57133.2
2025-09-14T15:00:00Z,57158.7
2025-09-14T16:00:00Z,54389.4
2025-09-14T17:00:00Z,52398.5
2025-09-14T18:00:00Z,51350.7
2025-09-14T19:00:00Z,48468.2
2025-09-14T20:00:00Z,46743.7
2025-09-14T21:00:00Z,44021.7
2025-09-14T22:00:00Z,44771.7
2025-09-14T23:00:00Z,43658.7
2025-09-15T00:00:00Z,46660.5
2025-09-15T01:00:00Z,45264.7
2025-09-15T02:00:00Z,45220.1
2025-09-15T03:00:00Z,48665.6
2025-09-15T04:00:00Z,48350.7
2025-09-15T05:00:00Z,51700.4
2025-09-15T06:00:00Z,53804.5
2025-09-15T07:00:00Z,54533.1
2025-09-15T08:00:00Z,57078.4
2025-09-15T09:00:00Z,58918.4
2025-09-15T10:00:00Z,60957.3
2025-09-15T11:00:00Z,61336.2
2025-09-15T12:00:00Z,61417.5
2025-09-15T13:00:00Z,60753.9
2025-09-15T14:00:00Z,61117.9
2025-09-15T15:00:00Z,59494.1
2025-09-15T16:00:00Z,55925.9
2025-09-15T17:00:00Z,54373.7
2025-09-15T18:00:00Z,53782.1
2025-09-15T19:00:00Z,51744.1
2025-09-15T20:00:00Z,49682.2
2025-09-15T21:00:00Z,48231.6
2025-09-15T22:00:00Z,46159.8
2025-09-15T23:00:00Z,44341.7
2025-09-16T00:00:00Z,45569.0
2025-09-16T01:00:00Z,46270.6
2025-09-16T02:00:00Z,46044.3
2025-09-16T03:00:00Z,47441.6
2025-09-16T04:00:00Z,49535.6
2025-09-16T05:00:00Z,50867.6
2025-09-16T06:00:00Z,53498.3
2025-09-16T07:00:00Z,54953.5
2025-09-16T08:00:00Z,58246.7
2025-09-16T09:00:00Z,59354.1
2025-09-16T10:00:00Z,60000.2
2025-09-16T11:00:00Z,60525.3
2025-09-16T12:00:00Z,61610.1
2025-09-16T13:00:00Z,61647.5
2025-09-16T14:00:00Z,59363.6
2025-09-16T15:00:00Z,58692.1
2025-09-16T16:00:00Z,56161.0
2025-09-16T17:00:00Z,55569.3
2025-09-16T18:00:00Z,53354.3
2025-09-16T19:00:00Z,50417.2
2025-09-16T20:00:00Z,49302.0
2025-09-16T21:00:00Z,47360.3
2025-09-16T22:00:00Z,46277.8
2025-09-16T23:00:00Z,45167.0
2025-09-17T00:00:00Z,44849.3
2025-09-17T01:00:00Z,45913.6
2025-09-17T02:00:00Z,47247.7
2025-09-17T03:00:00Z,47947.8
2025-09-17T04:00:00Z,49556.1
2025-09-17T05:00:00Z,50764.3
2025-09-17T06:00:00Z,53852.4
2025-09-17T07:00:00Z,56861.1
2025-09-17T08:00:00Z,58597.8
2025-09-17T09:00:00Z,59557.4
2025-09-17T10:00:00Z,61079.2
2025-09-17T11:00:00Z,61328.2
2025-09-17T12:00:00Z,61628.1
2025-09-17T13:00:00Z,61104.2
2025-09-17T14:00:00Z,60304.0
2025-09-17T15:00:00Z,59441.4
2025-09-17T16:00:00Z,57956.3
2025-09-17T17:00:00Z,55476.8
2025-09-17T18:00:00Z,53256.1
2025-09-17T19:00:00Z,52318.3
2025-09-17T20:00:00Z,48749.3
2025-09-17T21:00:00Z,47688.6
2025-09-17T22:00:00Z,47868.1
2025-09-17T23:00:00Z,47100.7
2025-09-18T00:00:00Z,46541.5
2025-09-18T01:00:00Z,46520.3
2025-09-18T02:00:00Z,44852.0
2025-09-18T03:00:00Z,48890.5
2025-09-18T04:00:00Z,49391.4
2025-09-18T05:00:00Z,52298.6
2025-09-18T06:00:00Z,53945.7
2025-09-18T07:00:00Z,56117.1
2025-09-18T08:00:00Z,57939.8
2025-09-18T09:00:00Z,59283.1
2025-09-18T10:00:00Z,61000.4
2025-09-18T11:00:00Z,59967.3
2025-09-18T12:00:00Z,60440.3
2025-09-18T13:00:00Z,61870.4
2025-09-18T14:00:00Z,61389.7
2025-09-18T15:00:00Z,59331.8
2025-09-18T16:00:00Z,57010.8
2025-09-18T17:00:00Z,56025.6
2025-09-18T18:00:00Z,54031.0
2025-09-18T19:00:00Z,51122.3
2025-09-18T20:00:00Z,48879.9
2025-09-18T21:00:00Z,47978.8
2025-09-18T22:00:00Z,46857.4
2025-09-18T23:00:00Z,46071.4
2025-09-19T00:00:00Z,45544.4
2025-09-19T01:00:00Z,46388.6
2025-09-19T02:00:00Z,45929.2
2025-09-19T03:00:00Z,47859.4
2025-09-19T04:00:00Z,50279.2
2025-09-19T05:00:00Z,52157.2
2025-09-19T06:00:00Z,53395.4
2025-09-19T07:00:00Z,55889.2
2025-09-19T08:00:00Z,56950.3
2025-09-19T09:00:00Z,60705.4
2025-09-19T10:00:00Z,60596.4
2025-09-19T11:00:00Z,61107.5
2025-09-19T12:00:00Z,62472.2
2025-09-19T13:00:00Z,60987.4
2025-09-19T14:00:00Z,61396.9
2025-09-19T15:00:00Z,59184.1
2025-09-19T16:00:00Z,56926.6
2025-09-19T17:00:00Z,55840.9
2025-09-19T18:00:00Z,53917.9
2025-09-19T19:00:00Z,51435.2
2025-09-19T20:00:00Z,49190.1
2025-09-19T21:00:00Z,47885.8
2025-09-19T22:00:00Z,48315.9
2025-09-19T23:00:00Z,45951.1
2025-09-20T00:00:00Z,44588.8
2025-09-20T01:00:00Z,43203.1
2025-09-20T02:00:00Z,43212.1
2025-09-20T03:00:00Z,44861.8
2025-09-20T04:00:00Z,47481.0
2025-09-20T05:00:00Z,48817.5
2025-09-20T06:00:00Z,50677.5
2025-09-20T07:00:00Z,53350.3
2025-09-20T08:00:00Z,55824.4
2025-09-20T09:00:00Z,57219.0
2025-09-20T10:00:00Z,58283.6
2025-09-20T11:00:00Z,59960.8
2025-09-20T12:00:00Z,59056.0
2025-09-20T13:00:00Z,59008.4
2025-09-20T14:00:00Z,59807.3
2025-09-20T15:00:00Z,56330.2
2025-09-20T16:00:00Z,56182.5
2025-09-20T17:00:00Z,52766.0
2025-09-20T18:00:00Z,52297.8
2025-09-20T19:00:00Z,49076.2
2025-09-20T20:00:00Z,47061.6
2025-09-20T21:00:00Z,45184.7
2025-09-20T22:00:00Z,44148.8
2025-09-20T23:00:00Z,44130.5
2025-09-21T00:00:00Z,42117.0
2025-09-21T01:00:00Z,43393.3
2025-09-21T02:00:00Z,43873.6
2025-09-21T03:00:00Z,45816.9
2025-09-21T04:00:00Z,46996.8
2025-09-21T05:00:00Z,48597.2
2025-09-21T06:00:00Z,50837.7
2025-09-21T07:00:00Z,53282.2
2025-09-21T08:00:00Z,55529.9
2025-09-21T09:00:00Z,56771.6
2025-09-21T10:00:00Z,59524.7
2025-09-21T11:00:00Z,59447.3
2025-09-21T12:00:00Z,59943.0
2025-09-21T13:00:00Z,58656.7
2025-09-21T14:00:00Z,58500.8
2025-09-21T15:00:00Z,57936.3
2025-09-21T16:00:00Z,54992.9
2025-09-21T17:00:00Z,54263.9
2025-09-21T18:00:00Z,51809.7
2025-09-21T19:00:00Z,49896.2
2025-09-21T20:00:00Z,48159.3
2025-09-21T21:00:00Z,46115.7
2025-09-21T22:00:00Z,43515.9
2025-09-21T23:00:00Z,43506.1
2025-09-22T00:00:00Z,44855.4
2025-09-22T01:00:00Z,46040.5
2025-09-22T02:00:00Z,46746.5
2025-09-22T03:00:00Z,47871.4
2025-09-22T04:00:00Z,50168.2
2025-09-22T05:00:00Z,51210.1
2025-09-22T06:00:00Z,53689.0
2025-09-22T07:00:00Z,55163.1
2025-09-22T08:00:00Z,57313.5
2025-09-22T09:00:00Z,59836.9
2025-09-22T10:00:00Z,60925.3
2025-09-22T11:00:00Z,61601.0
2025-09-22T12:00:00Z,60363.5
2025-09-22T13:00:00Z,61616.9
2025-09-22T14:00:00Z,60565.4
2025-09-22T15:00:00Z,59051.7
2025-09-22T16:00:00Z,57519.5
2025-09-22T17:00:00Z,55854.2
2025-09-22T18:00:00Z,53462.1
2025-09-22T19:00:00Z,51283.5
2025-09-22T20:00:00Z,49462.2
2025-09-22T21:00:00Z,48296.7
2025-09-22T22:00:00Z,46669.2
2025-09-22T23:00:00Z,45376.9
2025-09-23T00:00:00Z,45579.0
2025-09-23T01:00:00Z,46038.9
2025-09-23T02:00:00Z,46788.1
2025-09-23T03:00:00Z,48311.9
2025-09-23T04:00:00Z,49982.5
2025-09-23T05:00:00Z,51546.9
2025-09-23T06:00:00Z,53840.9
2025-09-23T07:00:00Z,56699.8
2025-09-23T08:00:00Z,57522.6
2025-09-23T09:00:00Z,60131.1
2025-09-23T10:00:00Z,60927.8
2025-09-23T11:00:00Z,62544.8
2025-09-23T12:00:00Z,63595.6
2025-09-23T13:00:00Z,62547.3
2025-09-23T14:00:00Z,60784.7
2025-09-23T15:00:00Z,59975.0
2025-09-23T16:00:00Z,58253.7
2025-09-23T17:00:00Z,56255.9
2025-09-23T18:00:00Z,53572.5
2025-09-23T19:00:00Z,52012.7
2025-09-23T20:00:00Z,50169.9
2025-09-23T21:00:00Z,47870.3
2025-09-23T22:00:00Z,46227.3
2025-09-23T23:00:00Z,45623.7
2025-09-24T00:00:00Z,44203.3
2025-09-24T01:00:00Z,45190.6
2025-09-24T02:00:00Z,45809.2
2025-09-24T03:00:00Z,49129.2
2025-09-24T04:00:00Z,50111.4
2025-09-24T05:00:00Z,50475.9
2025-09-24T06:00:00Z,54894.0
2025-09-24T07:00:00Z,56366.2
2025-09-24T08:00:00Z,57654.5
2025-09-24T09:00:00Z,58946.7
2025-09-24T10:00:00Z,61042.2
2025-09-24T11:00:00Z,61235.0
2025-09-24T12:00:00Z,61850.0
2025-09-24T13:00:00Z,61866.2
2025-09-24T14:00:00Z,61082.4
2025-09-24T15:00:00Z,60236.1
2025-09-24T16:00:00Z,59656.4
2025-09-24T17:00:00Z,57376.7
2025-09-24T18:00:00Z,53936.3
2025-09-24T19:00:00Z,51494.2
2025-09-24T20:00:00Z,49805.5
2025-09-24T21:00:00Z,47813.0
2025-09-24T22:00:00Z,47677.5
2025-09-24T23:00:00Z,46137.5
2025-09-25T00:00:00Z,45948.2
2025-09-25T01:00:00Z,46171.3
2025-09-25T02:00:00Z,45486.0
2025-09-25T03:00:00Z,47969.6
2025-09-25T04:00:00Z,49178.6
2025-09-25T05:00:00Z,51937.4
2025-09-25T06:00:00Z,55813.3
2025-09-25T07:00:00Z,56798.4
2025-09-25T08:00:00Z,58333.9
2025-09-25T09:00:00Z,59210.6
2025-09-25T10:00:00Z,61060.3
2025-09-25T11:00:00Z,61598.9
2025-09-25T12:00:00Z,62816.0
2025-09-25T13:00:00Z,61899.9
2025-09-25T14:00:00Z,62630.9
2025-09-25T15:00:00Z,59189.0
2025-09-25T16:00:00Z,57684.1
2025-09-25T17:00:00Z,56227.3
2025-09-25T18:00:00Z,54239.5
2025-09-25T19:00:00Z,52214.9
2025-09-25T20:00:00Z,49518.4
2025-09-25T21:00:00Z,47745.5
2025-09-25T22:00:00Z,47893.6
2025-09-25T23:00:00Z,46669.3
2025-09-26T00:00:00Z,45551.8
2025-09-26T01:00:00Z,47087.8
2025-09-26T02:00:00Z,47271.8
2025-09-26T03:00:00Z,47268.5
2025-09-26T04:00:00Z,49527.3
2025-09-26T05:00:00Z,53307.0
2025-09-26T06:00:00Z,53997.6
2025-09-26T07:00:00Z,55718.3
2025-09-26T08:00:00Z,58699.0
2025-09-26T09:00:00Z,61189.1
2025-09-26T10:00:00Z,61035.2
2025-09-26T11:00:00Z,60863.1
2025-09-26T12:00:00Z,62645.4
2025-09-26T13:00:00Z,61063.1
2025-09-26T14:00:00Z,60297.1
2025-09-26T15:00:00Z,59790.9
2025-09-26T16:00:00Z,57781.7
2025-09-26T17:00:00Z,56283.1
2025-09-26T18:00:00Z,54264.1
2025-09-26T19:00:00Z,51868.3
2025-09-26T20:00:00Z,49761.0
2025-09-26T21:00:00Z,48480.3
2025-09-26T22:00:00Z,47233.3
2025-09-26T23:00:00Z,46634.0
2025-09-27T00:00:00Z,44029.9
2025-09-27T01:00:00Z,43108.0
2025-09-27T02:00:00Z,44283.6
2025-09-27T03:00:00Z,45911.7
2025-09-27T04:00:00Z,48835.4
2025-09-27T05:00:00Z,49794.2
2025-09-27T06:00:00Z,52427.5
2025-09-27T07:00:00Z,53147.8
2025-09-27T08:00:00Z,56428.9
2025-09-27T09:00:00Z,58104.0
2025-09-27T10:00:00Z,58902.0
2025-09-27T11:00:00Z,58747.9
2025-09-27T12:00:00Z,60349.5
2025-09-27T13:00:00Z,59866.3
2025-09-27T14:00:00Z,59536.3
2025-09-27T15:00:00Z,57908.0
2025-09-27T16:00:00Z,56872.4
2025-09-27T17:00:00Z,54582.6
2025-09-27T18:00:00Z,51552.7
2025-09-27T19:00:00Z,49933.2
2025-09-27T20:00:00Z,47175.6
2025-09-27T21:00:00Z,45186.8
2025-09-27T22:00:00Z,44693.9
2025-09-27T23:00:00Z,44383.3
2025-09-28T00:00:00Z,42758.9
2025-09-28T01:00:00Z,43322.2
2025-09-28T02:00:00Z,43217.7
2025-09-28T03:00:00Z,47112.1
2025-09-28T04:00:00Z,48178.6
2025-09-28T05:00:00Z,49510.2
2025-09-28T06:00:00Z,52334.3
2025-09-28T07:00:00Z,53156.1
2025-09-28T08:00:00Z,56330.0
2025-09-28T09:00:00Z,57527.3
2025-09-28T10:00:00Z,58844.1
2025-09-28T11:00:00Z,59748.6
2025-09-28T12:00:00Z,58887.8
2025-09-28T13:00:00Z,60132.6
2025-09-28T14:00:00Z,58056.3
2025-09-28T15:00:00Z,56537.7
2025-09-28T16:00:00Z,56346.8
2025-09-28T17:00:00Z,53647.9
2025-09-28T18:00:00Z,51132.6
2025-09-28T19:00:00Z,49512.9
2025-09-28T20:00:00Z,47924.7
2025-09-28T21:00:00Z,46852.7
2025-09-28T22:00:00Z,46504.8
2025-09-28T23:00:00Z,44288.8
2025-09-29T00:00:00Z,44563.9
2025-09-29T01:00:00Z,45699.9
2025-09-29T02:00:00Z,48001.3
2025-09-29T03:00:00Z,48149.5
2025-09-29T04:00:00Z,49333.0
2025-09-29T05:00:00Z,53211.7
2025-09-29T06:00:00Z,53505.8
2025-09-29T07:00:00Z,56913.6
2025-09-29T08:00:00Z,58781.1
2025-09-29T09:00:00Z,59323.8
2025-09-29T10:00:00Z,61763.1
2025-09-29T11:00:00Z,62097.4
2025-09-29T12:00:00Z,61954.4
2025-09-29T13:00:00Z,62126.9
2025-09-29T14:00:00Z,61814.1
2025-09-29T15:00:00Z,61087.2
2025-09-29T16:00:00Z,58470.3
2025-09-29T17:00:00Z,55839.4
2025-09-29T18:00:00Z,54746.2
2025-09-29T19:00:00Z,52286.6
2025-09-29T20:00:00Z,49700.7
2025-09-29T21:00:00Z,49232.1
2025-09-29T22:00:00Z,47046.0
2025-09-29T23:00:00Z,46976.1
2025-09-30T00:00:00Z,45766.0
2025-09-30T01:00:00Z,46224.7
2025-09-30T02:00:00Z,47664.6
2025-09-30T03:00:00Z,48409.3
2025-09-30T04:00:00Z,50799.6
2025-09-30T05:00:00Z,52759.3
2025-09-30T06:00:00Z,55185.3
2025-09-30T07:00:00Z,57300.6
2025-09-30T08:00:00Z,59367.1
2025-09-30T09:00:00Z,61812.0
2025-09-30T10:00:00Z,61642.6
2025-09-30T11:00:00Z,63270.3
2025-09-30T12:00:00Z,62367.6
2025-09-30T13:00:00Z,63703.3
2025-09-30T14:00:00Z,60810.3
2025-09-30T15:00:00Z,60086.6
2025-09-30T16:00:00Z,57549.4
2025-09-30T17:00:00Z,56808.3
2025-09-30T18:00:00Z,54040.5
2025-09-30T19:00:00Z,52000.0
2025-09-30T20:00:00Z,49013.5
2025-09-30T21:00:00Z,49245.8
2025-09-30T22:00:00Z,47125.6
2025-09-30T23:00:00Z,46494.0
2025-10-01T00:00:00Z,46227.4
2025-10-01T01:00:00Z,47433.0
2025-10-01T02:00:00Z,47697.9
2025-10-01T03:00:00Z,49296.8
2025-10-01T04:00:00Z,50296.6
2025-10-01T05:00:00Z,51869.4
2025-10-01T06:00:00Z,53906.3
2025-10-01T07:00:00Z,56985.4
2025-10-01T08:00:00Z,59157.2
2025-10-01T09:00:00Z,59364.5
2025-10-01T10:00:00Z,61728.2
2025-10-01T11:00:00Z,61517.5
2025-10-01T12:00:00Z,61737.1
2025-10-01T13:00:00Z,61377.7
2025-10-01T14:00:00Z,61189.6
2025-10-01T15:00:00Z,59765.8
2025-10-01T16:00:00Z,58553.2
2025-10-01T17:00:00Z,56806.5
2025-10-01T18:00:00Z,54592.8
2025-10-01T19:00:00Z,52425.5
2025-10-01T20:00:00Z,49487.3
2025-10-01T21:00:00Z,49600.9
2025-10-01T22:00:00Z,48409.5
2025-10-01T23:00:00Z,45487.0
2025-10-02T00:00:00Z,46293.4
2025-10-02T01:00:00Z,46029.7
2025-10-02T02:00:00Z,47776.9
2025-10-02T03:00:00Z,48937.4
2025-10-02T04:00:00Z,49869.6
2025-10-02T05:00:00Z,52591.4
2025-10-02T06:00:00Z,54259.4
2025-10-02T07:00:00Z,56691.3
2025-10-02T08:00:00Z,58749.9
2025-10-02T09:00:00Z,60604.3
2025-10-02T10:00:00Z,60145.9
2025-10-02T11:00:00Z,62045.3
2025-10-02T12:00:00Z,62512.5
2025-10-02T13:00:00Z,61976.6
2025-10-02T14:00:00Z,62082.2
2025-10-02T15:00:00Z,59968.9
2025-10-02T16:00:00Z,59535.2
2025-10-02T17:00:00Z,56366.3
2025-10-02T18:00:00Z,54416.1
2025-10-02T19:00:00Z,51026.2
2025-10-02T20:00:00Z,50254.6
2025-10-02T21:00:00Z,49179.8
2025-10-02T22:00:00Z,47119.6
2025-10-02T23:00:00Z,46540.4
2025-10-03T00:00:00Z,46213.3
2025-10-03T01:00:00Z,46947.2
2025-10-03T02:00:00Z,47700.2
2025-10-03T03:00:00Z,49275.5
2025-10-03T04:00:00Z,50218.5
2025-10-03T05:00:00Z,51741.4
2025-10-03T06:00:00Z,55080.2
2025-10-03T07:00:00Z,56870.6
2025-10-03T08:00:00Z,57798.9
2025-10-03T09:00:00Z,59916.6
2025-10-03T10:00:00Z,60522.5
2025-10-03T11:00:00Z,61155.4
2025-10-03T12:00:00Z,62337.1
2025-10-03T13:00:00Z,63026.5
2025-10-03T14:00:00Z,62161.6
2025-10-03T15:00:00Z,60158.2
2025-10-03T16:00:00Z,59238.8
2025-10-03T17:00:00Z,56710.5
2025-10-03T18:00:00Z,56184.0
2025-10-03T19:00:00Z,52833.4
2025-10-03T20:00:00Z,50811.7
2025-10-03T21:00:00Z,48313.5
2025-10-03T22:00:00Z,47880.3
2025-10-03T23:00:00Z,47401.7
2025-10-04T00:00:00Z,43535.6
2025-10-04T01:00:00Z,44871.1
2025-10-04T02:00:00Z,45460.9
2025-10-04T03:00:00Z,46763.9
2025-10-04T04:00:00Z,49591.0
2025-10-04T05:00:00Z,49567.8
2025-10-04T06:00:00Z,53172.7
2025-10-04T07:00:00Z,53998.2
2025-10-04T08:00:00Z,56709.3
2025-10-04T09:00:00Z,57710.0
2025-10-04T10:00:00Z,59418.8
2025-10-04T11:00:00Z,59884.9
2025-10-04T12:00:00Z,59856.6
2025-10-04T13:00:00Z,61177.2
2025-10-04T14:00:00Z,60295.9
2025-10-04T15:00:00Z,57603.6
2025-10-04T16:00:00Z,56498.5
2025-10-04T17:00:00Z,55357.5
2025-10-04T18:00:00Z,53335.5
2025-10-04T19:00:00Z,50964.5
2025-10-04T20:00:00Z,47821.4
2025-10-04T21:00:00Z,46913.6
2025-10-04T22:00:00Z,44487.6
2025-10-04T23:00:00Z,44067.5
2025-10-05T00:00:00Z,43253.0
2025-10-05T01:00:00Z,43877.9
2025-10-05T02:00:00Z,44261.9
2025-10-05T03:00:00Z,47154.3
2025-10-05T04:00:00Z,48132.1
2025-10-05T05:00:00Z,51197.5
2025-10-05T06:00:00Z,52656.1
2025-10-05T07:00:00Z,54513.5
2025-10-05T08:00:00Z,57280.4
2025-10-05T09:00:00Z,58308.3
2025-10-05T10:00:00Z,58892.1
2025-10-05T11:00:00Z,60487.7
2025-10-05T12:00:00Z,59440.5
2025-10-05T13:00:00Z,60793.9
2025-10-05T14:00:00Z,59087.5
2025-10-05T15:00:00Z,56360.6
2025-10-05T16:00:00Z,56663.9
2025-10-05T17:00:00Z,55077.3
2025-10-05T18:00:00Z,53220.1
2025-10-05T19:00:00Z,49680.7
2025-10-05T20:00:00Z,45895.0
2025-10-05T21:00:00Z,46226.1
2025-10-05T22:00:00Z,46235.5
2025-10-05T23:00:00Z,44729.5
2025-10-06T00:00:00Z,48146.1
2025-10-06T01:00:00Z,45833.2
2025-10-06T02:00:00Z,46503.1
2025-10-06T03:00:00Z,47247.8
2025-10-06T04:00:00Z,50948.1
2025-10-06T05:00:00Z,53044.3
2025-10-06T06:00:00Z,52003.8
2025-10-06T07:00:00Z,56731.2
2025-10-06T08:00:00Z,59607.5
2025-10-06T09:00:00Z,59850.9
2025-10-06T10:00:00Z,62139.2
2025-10-06T11:00:00Z,62363.0
2025-10-06T12:00:00Z,63465.2
2025-10-06T13:00:00Z,61786.9
2025-10-06T14:00:00Z,60957.7
2025-10-06T15:00:00Z,60172.1
2025-10-06T16:00:00Z,57266.1
2025-10-06T17:00:00Z,56879.4
2025-10-06T18:00:00Z,55366.2
2025-10-06T19:00:00Z,52570.7
2025-10-06T20:00:00Z,49735.4
2025-10-06T21:00:00Z,49793.5
2025-10-06T22:00:00Z,46652.4
2025-10-06T23:00:00Z,47076.9
2025-10-07T00:00:00Z,46522.8
2025-10-07T01:00:00Z,45915.1
2025-10-07T02:00:00Z,46735.2
2025-10-07T03:00:00Z,48218.6
2025-10-07T04:00:00Z,50919.8
2025-10-07T05:00:00Z,52748.8
2025-10-07T06:00:00Z,56041.2
2025-10-07T07:00:00Z,55727.1
2025-10-07T08:00:00Z,58310.6
2025-10-07T09:00:00Z,60252.1
2025-10-07T10:00:00Z,61464.5
2025-10-07T11:00:00Z,62175.6
2025-10-07T12:00:00Z,63485.7
2025-10-07T13:00:00Z,61499.1
2025-10-07T14:00:00Z,61519.3
2025-10-07T15:00:00Z,60537.0
2025-10-07T16:00:00Z,60285.6
2025-10-07T17:00:00Z,56213.9
2025-10-07T18:00:00Z,54113.0
2025-10-07T19:00:00Z,53518.5
2025-10-07T20:00:00Z,51032.0
2025-10-07T21:00:00Z,49019.0
2025-10-07T22:00:00Z,47972.3
2025-10-07T23:00:00Z,46599.8
2025-10-08T00:00:00Z,46672.9
2025-10-08T01:00:00Z,47020.0
2025-10-08T02:00:00Z,48342.5
2025-10-08T03:00:00Z,48639.9
2025-10-08T04:00:00Z,50503.8
2025-10-08T05:00:00Z,52633.4
2025-10-08T06:00:00Z,54005.6
2025-10-08T07:00:00Z,55738.6
2025-10-08T08:00:00Z,58875.5
2025-10-08T09:00:00Z,61383.6
2025-10-08T10:00:00Z,60062.3
2025-10-08T11:00:00Z,61894.5
2025-10-08T12:00:00Z,62778.9
2025-10-08T13:00:00Z,61697.6
2025-10-08T14:00:00Z,61785.6
2025-10-08T15:00:00Z,61618.3
2025-10-08T16:00:00Z,57751.2
2025-10-08T17:00:00Z,56029.6
2025-10-08T18:00:00Z,54794.5
2025-10-08T19:00:00Z,52683.8
2025-10-08T20:00:00Z,51188.8
2025-10-08T21:00:00Z,47834.6
2025-10-08T22:00:00Z,46698.6
2025-10-08T23:00:00Z,46847.7
2025-10-09T00:00:00Z,46175.7
2025-10-09T01:00:00Z,45696.1
2025-10-09T02:00:00Z,48724.8
2025-10-09T03:00:00Z,49103.9
2025-10-09T04:00:00Z,50996.3
2025-10-09T05:00:00Z,51913.6
2025-10-09T06:00:00Z,53529.0
2025-10-09T07:00:00Z,57498.3
2025-10-09T08:00:00Z,58505.4
2025-10-09T09:00:00Z,59929.7
2025-10-09T10:00:00Z,61957.9
2025-10-09T11:00:00Z,63698.3
2025-10-09T12:00:00Z,63005.4
2025-10-09T13:00:00Z,63369.3
2025-10-09T14:00:00Z,61848.0
2025-10-09T15:00:00Z,60413.0
2025-10-09T16:00:00Z,59092.8
2025-10-09T17:00:00Z,56626.9
2025-10-09T18:00:00Z,53871.5
2025-10-09T19:00:00Z,53242.1
2025-10-09T20:00:00Z,51605.1
2025-10-09T21:00:00Z,48961.7
2025-10-09T22:00:00Z,48190.2
2025-10-09T23:00:00Z,46995.6
2025-10-10T00:00:00Z,46434.8
2025-10-10T01:00:00Z,47135.9
2025-10-10T02:00:00Z,48609.4
2025-10-10T03:00:00Z,49333.8
2025-10-10T04:00:00Z,51412.4
2025-10-10T05:00:00Z,52390.2
2025-10-10T06:00:00Z,55760.1
2025-10-10T07:00:00Z,56607.7
2025-10-10T08:00:00Z,59207.1
2025-10-10T09:00:00Z,61129.1
2025-10-10T10:00:00Z,61453.2
2025-10-10T11:00:00Z,63613.3
2025-10-10T12:00:00Z,62509.4
2025-10-10T13:00:00Z,61741.9
2025-10-10T14:00:00Z,61594.8
2025-10-10T15:00:00Z,60615.3
2025-10-10T16:00:00Z,59485.7
2025-10-10T17:00:00Z,57480.3
2025-10-10T18:00:00Z,56777.2
2025-10-10T19:00:00Z,54322.4
2025-10-10T20:00:00Z,49669.7
2025-10-10T21:00:00Z,49259.7
2025-10-10T22:00:00Z,48194.2
2025-10-10T23:00:00Z,47399.0
2025-10-11T00:00:00Z,45046.5
2025-10-11T01:00:00Z,44667.7
2025-10-11T02:00:00Z,45469.3
2025-10-11T03:00:00Z,45861.7
2025-10-11T04:00:00Z,47586.1
2025-10-11T05:00:00Z,50304.4
2025-10-11T06:00:00Z,52074.4
2025-10-11T07:00:00Z,54432.6
2025-10-11T08:00:00Z,56496.4
2025-10-11T09:00:00Z,59382.8
2025-10-11T10:00:00Z,58603.6
2025-10-11T11:00:00Z,60745.4
2025-10-11T12:00:00Z,61871.0
2025-10-11T13:00:00Z,60646.4
2025-10-11T14:00:00Z,61032.3
2025-10-11T15:00:00Z,56986.4
2025-10-11T16:00:00Z,56976.2
2025-10-11T17:00:00Z,55646.1
2025-10-11T18:00:00Z,51620.6
2025-10-11T19:00:00Z,50888.8
2025-10-11T20:00:00Z,48764.6
2025-10-11T21:00:00Z,45405.9
2025-10-11T22:00:00Z,46006.8
2025-10-11T23:00:00Z,43961.5
2025-10-12T00:00:00Z,43830.5
2025-10-12T01:00:00Z,45575.2
2025-10-12T02:00:00Z,45745.5
2025-10-12T03:00:00Z,46130.9
2025-10-12T04:00:00Z,49020.4
2025-10-12T05:00:00Z,51550.3
2025-10-12T06:00:00Z,52717.5
2025-10-12T07:00:00Z,55350.5
2025-10-12T08:00:00Z,56052.3
2025-10-12T09:00:00Z,58306.3
2025-10-12T10:00:00Z,60753.3
2025-10-12T11:00:00Z,60427.0
2025-10-12T12:00:00Z,60427.1
2025-10-12T13:00:00Z,59775.6
2025-10-12T14:00:00Z,59112.4
2025-10-12T15:00:00Z,58068.4
2025-10-12T16:00:00Z,55495.7
2025-10-12T17:00:00Z,54958.6
2025-10-12T18:00:00Z,53459.3
2025-10-12T19:00:00Z,50963.5
2025-10-12T20:00:00Z,48671.1
2025-10-12T21:00:00Z,45498.5
2025-10-12T22:00:00Z,46243.6
2025-10-12T23:00:00Z,44859.5
2025-10-13T00:00:00Z,46226.0
2025-10-13T01:00:00Z,46883.4
2025-10-13T02:00:00Z,46690.0
2025-10-13T03:00:00Z,49125.6
2025-10-13T04:00:00Z,50837.5
2025-10-13T05:00:00Z,52939.4
2025-10-13T06:00:00Z,53405.9
2025-10-13T07:00:00Z,55313.6
2025-10-13T08:00:00Z,58841.2
2025-10-13T09:00:00Z,60178.5
2025-10-13T10:00:00Z,61598.2
2025-10-13T11:00:00Z,61763.6
2025-10-13T12:00:00Z,62670.0
2025-10-13T13:00:00Z,62389.5
2025-10-13T14:00:00Z,61650.5
2025-10-13T15:00:00Z,59919.0
2025-10-13T16:00:00Z,58832.3
2025-10-13T17:00:00Z,56869.1
2025-10-13T18:00:00Z,55190.6
2025-10-13T19:00:00Z,53398.2
2025-10-13T20:00:00Z,50728.8
2025-10-13T21:00:00Z,48907.7
2025-10-13T22:00:00Z,46876.4
2025-10-13T23:00:00Z,47283.2
2025-10-14T00:00:00Z,46221.5
2025-10-14T01:00:00Z,47816.9
2025-10-14T02:00:00Z,48432.7
2025-10-14T03:00:00Z,49479.0
2025-10-14T04:00:00Z,51253.8
2025-10-14T05:00:00Z,52345.9
2025-10-14T06:00:00Z,54048.1
2025-10-14T07:00:00Z,57352.7
2025-10-14T08:00:00Z,58566.3
2025-10-14T09:00:00Z,60761.3
2025-10-14T10:00:00Z,61641.3
2025-10-14T11:00:00Z,63018.8
2025-10-14T12:00:00Z,63628.8
2025-10-14T13:00:00Z,63129.1
2025-10-14T14:00:00Z,61433.4
2025-10-14T15:00:00Z,60559.5
2025-10-14T16:00:00Z,58179.5
2025-10-14T17:00:00Z,56151.3
2025-10-14T18:00:00Z,55385.5
2025-10-14T19:00:00Z,52678.2
2025-10-14T20:00:00Z,50637.2
2025-10-14T21:00:00Z,48457.1
2025-10-14T22:00:00Z,46415.1
2025-10-14T23:00:00Z,46167.3
2025-10-15T00:00:00Z,46173.5
2025-10-15T01:00:00Z,47420.1
2025-10-15T02:00:00Z,47378.1
2025-10-15T03:00:00Z,50241.6
2025-10-15T04:00:00Z,50947.6
2025-10-15T05:00:00Z,51765.7
2025-10-15T06:00:00Z,55753.7
2025-10-15T07:00:00Z,56734.9
2025-10-15T08:00:00Z,58713.9
2025-10-15T09:00:00Z,61203.0
2025-10-15T10:00:00Z,61743.8
2025-10-15T11:00:00Z,62000.4
2025-10-15T12:00:00Z,64028.8
2025-10-15T13:00:00Z,62416.7
2025-10-15T14:00:00Z,61915.6
2025-10-15T15:00:00Z,60627.9
2025-10-15T16:00:00Z,58821.9
2025-10-15T17:00:00Z,57281.5
2025-10-15T18:00:00Z,55854.3
2025-10-15T19:00:00Z,52107.9
2025-10-15T20:00:00Z,49777.1
2025-10-15T21:00:00Z,49272.6
2025-10-15T22:00:00Z,48388.9
2025-10-15T23:00:00Z,47953.1
2025-10-16T00:00:00Z,47068.1
2025-10-16T01:00:00Z,46205.2
2025-10-16T02:00:00Z,47785.0
2025-10-16T03:00:00Z,47939.1
2025-10-16T04:00:00Z,52053.2
2025-10-16T05:00:00Z,52583.9
2025-10-16T06:00:00Z,54807.2
2025-10-16T07:00:00Z,57743.2
2025-10-16T08:00:00Z,58102.1
2025-10-16T09:00:00Z,60681.3
2025-10-16T10:00:00Z,62115.5
2025-10-16T11:00:00Z,60762.3
2025-10-16T12:00:00Z,62642.2
2025-10-16T13:00:00Z,62569.6
2025-10-16T14:00:00Z,61852.3
2025-10-16T15:00:00Z,60761.1
2025-10-16T16:00:00Z,58786.4
2025-10-16T17:00:00Z,57819.8
2025-10-16T18:00:00Z,53613.6
2025-10-16T19:00:00Z,52441.2
2025-10-16T20:00:00Z,50572.4
2025-10-16T21:00:00Z,48919.1
2025-10-16T22:00:00Z,47556.1
2025-10-16T23:00:00Z,45754.4
2025-10-17T00:00:00Z,46406.0
2025-10-17T01:00:00Z,46907.4
2025-10-17T02:00:00Z,47922.3
2025-10-17T03:00:00Z,49664.3
2025-10-17T04:00:00Z,51453.9
2025-10-17T05:00:00Z,53155.5
2025-10-17T06:00:00Z,55523.1
2025-10-17T07:00:00Z,56864.9
2025-10-17T08:00:00Z,58625.1
2025-10-17T09:00:00Z,60239.9
2025-10-17T10:00:00Z,60601.3
2025-10-17T11:00:00Z,63374.1
2025-10-17T12:00:00Z,63978.3
2025-10-17T13:00:00Z,62631.9
2025-10-17T14:00:00Z,62266.6
2025-10-17T15:00:00Z,60727.3
2025-10-17T16:00:00Z,58744.0
2025-10-17T17:00:00Z,56970.4
2025-10-17T18:00:00Z,54452.3
2025-10-17T19:00:00Z,53364.3
2025-10-17T20:00:00Z,50723.1
2025-10-17T21:00:00Z,48972.7
2025-10-17T22:00:00Z,47976.9
2025-10-17T23:00:00Z,48106.4
2025-10-18T00:00:00Z,44364.1
2025-10-18T01:00:00Z,43923.3
2025-10-18T02:00:00Z,44828.9
2025-10-18T03:00:00Z,47666.1
2025-10-18T04:00:00Z,48193.1
2025-10-18T05:00:00Z,51933.9
2025-10-18T06:00:00Z,53341.8
2025-10-18T07:00:00Z,55218.3
2025-10-18T08:00:00Z,55008.9
2025-10-18T09:00:00Z,60249.9
2025-10-18T10:00:00Z,60681.6
2025-10-18T11:00:00Z,59780.9
2025-10-18T12:00:00Z,59835.3
2025-10-18T13:00:00Z,61223.9
2025-10-18T14:00:00Z,59684.0
2025-10-18T15:00:00Z,57301.9
2025-10-18T16:00:00Z,57989.1
2025-10-18T17:00:00Z,54861.1
2025-10-18T18:00:00Z,52438.8
2025-10-18T19:00:00Z,50636.6
2025-10-18T20:00:00Z,49121.8
2025-10-18T21:00:00Z,45886.6
2025-10-18T22:00:00Z,45674.1
2025-10-18T23:00:00Z,45455.2
2025-10-19T00:00:00Z,44587.1
2025-10-19T01:00:00Z,44748.6
2025-10-19T02:00:00Z,45279.5
2025-10-19T03:00:00Z,47898.0
2025-10-19T04:00:00Z,48864.0
2025-10-19T05:00:00Z,50150.7
2025-10-19T06:00:00Z,52302.8
2025-10-19T07:00:00Z,53455.0
2025-10-19T08:00:00Z,55947.0
2025-10-19T09:00:00Z,58409.5
2025-10-19T10:00:00Z,59145.6
2025-10-19T11:00:00Z,62028.8
2025-10-19T12:00:00Z,60836.4
2025-10-19T13:00:00Z,60549.2
2025-10-19T14:00:00Z,60677.9
2025-10-19T15:00:00Z,58230.4
2025-10-19T16:00:00Z,56141.0
2025-10-19T17:00:00Z,53406.9
2025-10-19T18:00:00Z,53364.7
2025-10-19T19:00:00Z,49504.5
2025-10-19T20:00:00Z,48414.8
2025-10-19T21:00:00Z,47422.4
2025-10-19T22:00:00Z,45984.0
2025-10-19T23:00:00Z,45975.8
2025-10-20T00:00:00Z,45766.9
2025-10-20T01:00:00Z,47873.9
2025-10-20T02:00:00Z,48137.9
2025-10-20T03:00:00Z,49420.3
2025-10-20T04:00:00Z,51736.3
2025-10-20T05:00:00Z,51901.6
2025-10-20T06:00:00Z,54942.8
2025-10-20T07:00:00Z,57057.8
2025-10-20T08:00:00Z,59376.8
2025-10-20T09:00:00Z,60805.1
2025-10-20T10:00:00Z,61446.7
2025-10-20T11:00:00Z,62598.6
2025-10-20T12:00:00Z,62095.0
2025-10-20T13:00:00Z,64130.4
2025-10-20T14:00:00Z,61529.5
2025-10-20T15:00:00Z,61142.7
2025-10-20T16:00:00Z,59495.2
2025-10-20T17:00:00Z,58076.0
2025-10-20T18:00:00Z,55369.2
2025-10-20T19:00:00Z,51034.1
2025-10-20T20:00:00Z,50291.8
2025-10-20T21:00:00Z,49682.7
2025-10-20T22:00:00Z,47219.1
2025-10-20T23:00:00Z,48005.8
2025-10-21T00:00:00Z,46746.0
2025-10-21T01:00:00Z,46787.1
2025-10-21T02:00:00Z,47244.7
2025-10-21T03:00:00Z,48580.2
2025-10-21T04:00:00Z,50398.8
2025-10-21T05:00:00Z,52423.6
2025-10-21T06:00:00Z,54525.1
2025-10-21T07:00:00Z,57125.4
2025-10-21T08:00:00Z,58103.0
2025-10-21T09:00:00Z,60196.4
2025-10-21T10:00:00Z,61517.5
2025-10-21T11:00:00Z,62102.9
2025-10-21T12:00:00Z,62899.8
2025-10-21T13:00:00Z,62652.9
2025-10-21T14:00:00Z,61437.9
2025-10-21T15:00:00Z,60212.0
2025-10-21T16:00:00Z,58073.6
2025-10-21T17:00:00Z,55857.7
2025-10-21T18:00:00Z,55291.1
2025-10-21T19:00:00Z,51757.1
2025-10-21T20:00:00Z,49837.1
2025-10-21T21:00:00Z,50139.7
2025-10-21T22:00:00Z,48272.9
2025-10-21T23:00:00Z,46915.1
2025-10-22T00:00:00Z,47611.1
2025-10-22T01:00:00Z,47652.4
2025-10-22T02:00:00Z,46721.8
2025-10-22T03:00:00Z,48285.8
2025-10-22T04:00:00Z,50158.4
2025-10-22T05:00:00Z,52566.6
2025-10-22T06:00:00Z,55593.4
2025-10-22T07:00:00Z,56109.0
2025-10-22T08:00:00Z,59508.2
2025-10-22T09:00:00Z,60936.8
2025-10-22T10:00:00Z,61529.4
2025-10-22T11:00:00Z,63097.4
2025-10-22T12:00:00Z,62873.9
2025-10-22T13:00:00Z,62908.3
2025-10-22T14:00:00Z,62693.9
2025-10-22T15:00:00Z,60159.6
2025-10-22T16:00:00Z,59709.4
2025-10-22T17:00:00Z,56954.6
2025-10-22T18:00:00Z,53182.5
2025-10-22T19:00:00Z,52305.8
2025-10-22T20:00:00Z,51034.6
2025-10-22T21:00:00Z,49829.5
2025-10-22T22:00:00Z,46942.9
2025-10-22T23:00:00Z,46239.4
2025-10-23T00:00:00Z,45681.4
2025-10-23T01:00:00Z,47402.5
2025-10-23T02:00:00Z,46898.5
2025-10-23T03:00:00Z,48348.7
2025-10-23T04:00:00Z,50014.7
2025-10-23T05:00:00Z,53391.1
2025-10-23T06:00:00Z,54922.9
2025-10-23T07:00:00Z,57112.9
2025-10-23T08:00:00Z,57629.7
2025-10-23T09:00:00Z,60582.1
2025-10-23T10:00:00Z,61848.4
2025-10-23T11:00:00Z,62529.8
2025-10-23T12:00:00Z,61304.9
2025-10-23T13:00:00Z,62157.0
2025-10-23T14:00:00Z,61830.8
2025-10-23T15:00:00Z,59403.9
2025-10-23T16:00:00Z,59154.5
2025-10-23T17:00:00Z,56817.0
2025-10-23T18:00:00Z,55134.9
2025-10-23T19:00:00Z,52683.7
2025-10-23T20:00:00Z,51497.7
2025-10-23T21:00:00Z,48880.9
2025-10-23T22:00:00Z,47511.1
2025-10-23T23:00:00Z,47765.1
2025-10-24T00:00:00Z,46727.3
2025-10-24T01:00:00Z,47429.5
2025-10-24T02:00:00Z,46896.8
2025-10-24T03:00:00Z,50304.7
2025-10-24T04:00:00Z,52180.2
2025-10-24T05:00:00Z,52381.5
2025-10-24T06:00:00Z,54395.6
2025-10-24T07:00:00Z,58438.1
2025-10-24T08:00:00Z,59991.6
2025-10-24T09:00:00Z,60511.0
2025-10-24T10:00:00Z,61897.0
2025-10-24T11:00:00Z,63493.4
2025-10-24T12:00:00Z,64047.8
2025-10-24T13:00:00Z,64230.2
2025-10-24T14:00:00Z,61098.1
2025-10-24T15:00:00Z,61270.7
2025-10-24T16:00:00Z,59595.1
2025-10-24T17:00:00Z,57238.1
2025-10-24T18:00:00Z,54878.4
2025-10-24T19:00:00Z,54178.0
2025-10-24T20:00:00Z,50469.4
2025-10-24T21:00:00Z,49301.3
2025-10-24T22:00:00Z,46589.6
2025-10-24T23:00:00Z,46819.3
2025-10-25T00:00:00Z,44591.7
2025-10-25T01:00:00Z,44332.5
2025-10-25T02:00:00Z,46387.3
2025-10-25T03:00:00Z,46861.5
2025-10-25T04:00:00Z,48500.6
2025-10-25T05:00:00Z,50545.4
2025-10-25T06:00:00Z,53489.1
2025-10-25T07:00:00Z,54750.4
2025-10-25T08:00:00Z,56796.2
2025-10-25T09:00:00Z,58009.4
2025-10-25T10:00:00Z,58297.3
2025-10-25T11:00:00Z,61428.2
2025-10-25T12:00:00Z,61823.7
2025-10-25T13:00:00Z,59982.5
2025-10-25T14:00:00Z,59978.0
2025-10-25T15:00:00Z,56770.3
2025-10-25T16:00:00Z,57994.1
2025-10-25T17:00:00Z,54554.3
2025-10-25T18:00:00Z,52849.4
2025-10-25T19:00:00Z,49084.8
2025-10-25T20:00:00Z,48343.1
2025-10-25T21:00:00Z,45380.3
2025-10-25T22:00:00Z,46117.3
2025-10-25T23:00:00Z,44230.9
2025-10-26T00:00:00Z,44903.0
2025-10-26T01:00:00Z,44913.5
2025-10-26T02:00:00Z,44549.9
2025-10-26T03:00:00Z,46176.5
2025-10-26T04:00:00Z,48485.5
2025-10-26T05:00:00Z,51220.4
2025-10-26T06:00:00Z,51677.0
2025-10-26T07:00:00Z,54738.8
2025-10-26T08:00:00Z,56279.5
2025-10-26T09:00:00Z,57687.2
2025-10-26T10:00:00Z,59602.4
2025-10-26T11:00:00Z,61192.3
2025-10-26T12:00:00Z,59821.2
2025-10-26T13:00:00Z,61007.3
2025-10-26T14:00:00Z,59991.8
2025-10-26T15:00:00Z,57854.4
2025-10-26T16:00:00Z,57534.8
2025-10-26T17:00:00Z,54186.2
2025-10-26T18:00:00Z,51657.3
2025-10-26T19:00:00Z,50174.2
2025-10-26T20:00:00Z,48201.8
2025-10-26T21:00:00Z,47364.7
2025-10-26T22:00:00Z,46878.7
2025-10-26T23:00:00Z,43292.4
2025-10-27T00:00:00Z,46454.4
2025-10-27T01:00:00Z,46079.3
2025-10-27T02:00:00Z,47334.0
2025-10-27T03:00:00Z,48873.7
2025-10-27T04:00:00Z,50307.3
2025-10-27T05:00:00Z,51977.7
2025-10-27T06:00:00Z,56619.0
2025-10-27T07:00:00Z,57362.7
2025-10-27T08:00:00Z,59664.7
2025-10-27T09:00:00Z,60928.7
2025-10-27T10:00:00Z,62338.5
2025-10-27T11:00:00Z,63195.3
2025-10-27T12:00:00Z,62774.4
2025-10-27T13:00:00Z,62332.7
2025-10-27T14:00:00Z,61804.8
2025-10-27T15:00:00Z,61110.7
2025-10-27T16:00:00Z,59500.5
2025-10-27T17:00:00Z,57502.6
2025-10-27T18:00:00Z,53972.4
2025-10-27T19:00:00Z,52098.4
2025-10-27T20:00:00Z,50457.2
2025-10-27T21:00:00Z,48296.3
2025-10-27T22:00:00Z,48137.1
2025-10-27T23:00:00Z,48074.0
2025-10-28T00:00:00Z,46120.8
2025-10-28T01:00:00Z,48934.7
2025-10-28T02:00:00Z,47247.3
2025-10-28T03:00:00Z,49524.4
2025-10-28T04:00:00Z,51047.4
2025-10-28T05:00:00Z,51606.2
2025-10-28T06:00:00Z,54185.0
2025-10-28T07:00:00Z,55891.8
2025-10-28T08:00:00Z,58448.8
2025-10-28T09:00:00Z,60918.0
2025-10-28T10:00:00Z,61421.9
2025-10-28T11:00:00Z,62302.1
2025-10-28T12:00:00Z,61545.4
2025-10-28T13:00:00Z,61750.1
2025-10-28T14:00:00Z,61451.4
2025-10-28T15:00:00Z,60154.4
2025-10-28T16:00:00Z,58617.3
2025-10-28T17:00:00Z,56843.8
2025-10-28T18:00:00Z,54762.3
2025-10-28T19:00:00Z,51322.0
2025-10-28T20:00:00Z,51072.6
2025-10-28T21:00:00Z,49407.7
2025-10-28T22:00:00Z,49122.4
2025-10-28T23:00:00Z,46003.5
2025-10-29T00:00:00Z,46755.4
2025-10-29T01:00:00Z,45859.3
2025-10-29T02:00:00Z,48489.8
2025-10-29T03:00:00Z,49093.6
2025-10-29T04:00:00Z,51289.2
2025-10-29T05:00:00Z,53494.9
2025-10-29T06:00:00Z,54523.3
2025-10-29T07:00:00Z,56377.7
2025-10-29T08:00:00Z,58921.7
2025-10-29T09:00:00Z,60509.3
2025-10-29T10:00:00Z,61974.0
2025-10-29T11:00:00Z,61512.5
2025-10-29T12:00:00Z,62599.0
2025-10-29T13:00:00Z,63698.0
2025-10-29T14:00:00Z,60808.5
2025-10-29T15:00:00Z,60057.6
2025-10-29T16:00:00Z,58157.4
2025-10-29T17:00:00Z,55438.7
2025-10-29T18:00:00Z,55017.5
2025-10-29T19:00:00Z,52810.4
2025-10-29T20:00:00Z,50939.3
2025-10-29T21:00:00Z,48514.2
2025-10-29T22:00:00Z,46518.3
2025-10-29T23:00:00Z,46165.8
2025-10-30T00:00:00Z,46735.5
2025-10-30T01:00:00Z,47005.1
2025-10-30T02:00:00Z,47826.9
2025-10-30T03:00:00Z,47274.2
2025-10-30T04:00:00Z,50742.3
2025-10-30T05:00:00Z,51631.9
2025-10-30T06:00:00Z,55386.4
2025-10-30T07:00:00Z,57468.9
2025-10-30T08:00:00Z,59518.5
2025-10-30T09:00:00Z,60892.3
2025-10-30T10:00:00Z,61731.2
2025-10-30T11:00:00Z,61654.3
2025-10-30T12:00:00Z,62568.6
2025-10-30T13:00:00Z,62763.1
2025-10-30T14:00:00Z,61266.1
2025-10-30T15:00:00Z,60113.3
2025-10-30T16:00:00Z,58802.2
2025-10-30T17:00:00Z,56795.7
2025-10-30T18:00:00Z,53889.4
2025-10-30T19:00:00Z,52100.9
2025-10-30T20:00:00Z,50628.4
2025-10-30T21:00:00Z,49046.1
2025-10-30T22:00:00Z,47916.0
2025-10-30T23:00:00Z,46777.7
2025-10-31T00:00:00Z,45465.0
2025-10-31T01:00:00Z,47184.6
2025-10-31T02:00:00Z,47344.7
2025-10-31T03:00:00Z,48786.3
2025-10-31T04:00:00Z,50226.4
2025-10-31T05:00:00Z,51068.8
2025-10-31T06:00:00Z,53894.3
2025-10-31T07:00:00Z,56778.6
2025-10-31T08:00:00Z,60023.9
2025-10-31T09:00:00Z,60022.9
2025-10-31T10:00:00Z,61713.2
2025-10-31T11:00:00Z,61934.6
2025-10-31T12:00:00Z,63240.4
2025-10-31T13:00:00Z,61469.9
2025-10-31T14:00:00Z,61558.3
2025-10-31T15:00:00Z,61243.1
2025-10-31T16:00:00Z,59098.2
2025-10-31T17:00:00Z,57064.8
2025-10-31T18:00:00Z,54065.4
2025-10-31T19:00:00Z,52270.8
2025-10-31T20:00:00Z,49893.2
2025-10-31T21:00:00Z,48477.8
2025-10-31T22:00:00Z,46545.2
2025-10-31T23:00:00Z,47364.0
2025-11-01T00:00:00Z,44763.4
2025-11-01T01:00:00Z,44037.1
2025-11-01T02:00:00Z,46503.2
2025-11-01T03:00:00Z,45567.9
2025-11-01T04:00:00Z,49063.4
2025-11-01T05:00:00Z,50310.1
2025-11-01T06:00:00Z,52494.6
2025-11-01T07:00:00Z,55200.5
2025-11-01T08:00:00Z,56180.7
2025-11-01T09:00:00Z,58241.0
2025-11-01T10:00:00Z,58668.1
2025-11-01T11:00:00Z,61048.7
2025-11-01T12:00:00Z,61475.6
2025-11-01T13:00:00Z,60088.2
2025-11-01T14:00:00Z,59687.0
2025-11-01T15:00:00Z,56526.4
2025-11-01T16:00:00Z,56527.0
2025-11-01T17:00:00Z,54595.9
2025-11-01T18:00:00Z,53740.8
2025-11-01T19:00:00Z,49939.4
2025-11-01T20:00:00Z,49442.5
2025-11-01T21:00:00Z,45033.9
2025-11-01T22:00:00Z,45035.9
2025-11-01T23:00:00Z,44413.0
2025-11-02T00:00:00Z,43738.1
2025-11-02T01:00:00Z,44894.7
2025-11-02T02:00:00Z,46241.9
2025-11-02T03:00:00Z,47664.0
2025-11-02T04:00:00Z,49078.2
2025-11-02T05:00:00Z,49178.8
2025-11-02T06:00:00Z,50760.7
2025-11-02T07:00:00Z,54595.2
2025-11-02T08:00:00Z,55435.7
2025-11-02T09:00:00Z,56453.1
2025-11-02T10:00:00Z,59761.7
2025-11-02T11:00:00Z,60344.6
2025-11-02T12:00:00Z,60303.9
2025-11-02T13:00:00Z,59491.5
2025-11-02T14:00:00Z,59825.7
2025-11-02T15:00:00Z,57749.8
2025-11-02T16:00:00Z,56964.9
2025-11-02T17:00:00Z,54087.3
2025-11-02T18:00:00Z,52215.0
2025-11-02T19:00:00Z,50000.3
2025-11-02T20:00:00Z,49629.1
2025-11-02T21:00:00Z,46338.3
2025-11-02T22:00:00Z,45430.5
2025-11-02T23:00:00Z,42964.3
2025-11-03T00:00:00Z,46895.0
2025-11-03T01:00:00Z,47079.3
2025-11-03T02:00:00Z,48010.3
2025-11-03T03:00:00Z,48788.4
2025-11-03T04:00:00Z,49572.8
2025-11-03T05:00:00Z,53059.4
2025-11-03T06:00:00Z,54364.5
2025-11-03T07:00:00Z,55902.8
2025-11-03T08:00:00Z,57181.0
2025-11-03T09:00:00Z,60345.4
2025-11-03T10:00:00Z,61158.6
2025-11-03T11:00:00Z,63069.3
2025-11-03T12:00:00Z,61953.7
2025-11-03T13:00:00Z,63218.0
2025-11-03T14:00:00Z,61290.9
2025-11-03T15:00:00Z,60094.9
2025-11-03T16:00:00Z,56795.8
2025-11-03T17:00:00Z,56482.5
2025-11-03T18:00:00Z,53593.2
2025-11-03T19:00:00Z,51432.0
2025-11-03T20:00:00Z,50617.3
2025-11-03T21:00:00Z,47537.2
2025-11-03T22:00:00Z,47053.5
2025-11-03T23:00:00Z,44993.2
2025-11-04T00:00:00Z,46467.2
2025-11-04T01:00:00Z,47138.7
2025-11-04T02:00:00Z,47548.3
2025-11-04T03:00:00Z,49158.0
2025-11-04T04:00:00Z,49939.3
2025-11-04T05:00:00Z,51669.5
2025-11-04T06:00:00Z,54584.4
2025-11-04T07:00:00Z,55597.1
2025-11-04T08:00:00Z,58972.3
2025-11-04T09:00:00Z,60030.6
2025-11-04T10:00:00Z,61191.8
2025-11-04T11:00:00Z,62014.6
2025-11-04T12:00:00Z,62490.0
2025-11-04T13:00:00Z,61568.0
2025-11-04T14:00:00Z,59667.0
2025-11-04T15:00:00Z,60682.9
2025-11-04T16:00:00Z,58606.2
2025-11-04T17:00:00Z,56147.6
2025-11-04T18:00:00Z,54193.2
2025-11-04T19:00:00Z,52422.6
2025-11-04T20:00:00Z,50532.0
2025-11-04T21:00:00Z,48620.1
2025-11-04T22:00:00Z,48154.6
2025-11-04T23:00:00Z,46326.1
2025-11-05T00:00:00Z,46059.8
2025-11-05T01:00:00Z,47202.6
2025-11-05T02:00:00Z,47726.7
2025-11-05T03:00:00Z,48293.9
2025-11-05T04:00:00Z,49746.5
2025-11-05T05:00:00Z,51781.1
2025-11-05T06:00:00Z,53913.0
2025-11-05T07:00:00Z,56735.3
2025-11-05T08:00:00Z,58528.1
2025-11-05T09:00:00Z,59881.0
2025-11-05T10:00:00Z,61616.3
2025-11-05T11:00:00Z,61947.1
2025-11-05T12:00:00Z,62542.4
2025-11-05T13:00:00Z,61744.2
2025-11-05T14:00:00Z,61489.2
2025-11-05T15:00:00Z,59684.3
2025-11-05T16:00:00Z,57113.1
2025-11-05T17:00:00Z,56859.3
2025-11-05T18:00:00Z,54868.3
2025-11-05T19:00:00Z,52963.8
2025-11-05T20:00:00Z,49976.4
2025-11-05T21:00:00Z,48070.1
2025-11-05T22:00:00Z,47436.6
2025-11-05T23:00:00Z,46525.9
2025-11-06T00:00:00Z,46495.7
2025-11-06T01:00:00Z,47543.3
2025-11-06T02:00:00Z,46958.4
2025-11-06T03:00:00Z,49344.4
2025-11-06T04:00:00Z,48808.6
2025-11-06T05:00:00Z,53693.1
2025-11-06T06:00:00Z,53047.0
2025-11-06T07:00:00Z,56547.3
2025-11-06T08:00:00Z,58244.5
2025-11-06T09:00:00Z,59911.7
2025-11-06T10:00:00Z,61219.3
2025-11-06T11:00:00Z,62080.0
2025-11-06T12:00:00Z,62005.9
2025-11-06T13:00:00Z,61612.6
2025-11-06T14:00:00Z,62574.1
2025-11-06T15:00:00Z,59419.0
2025-11-06T16:00:00Z,57477.4
2025-11-06T17:00:00Z,56402.0
2025-11-06T18:00:00Z,53477.5
2025-11-06T19:00:00Z,51509.1
2025-11-06T20:00:00Z,50683.5
2025-11-06T21:00:00Z,48069.2
2025-11-06T22:00:00Z,48306.5
2025-11-06T23:00:00Z,46235.2
2025-11-07T00:00:00Z,46370.2
2025-11-07T01:00:00Z,46081.8
2025-11-07T02:00:00Z,47960.2
2025-11-07T03:00:00Z,48650.6
2025-11-07T04:00:00Z,50172.0
2025-11-07T05:00:00Z,52535.2
2025-11-07T06:00:00Z,53735.1
2025-11-07T07:00:00Z,57019.1
2025-11-07T08:00:00Z,58511.6
2025-11-07T09:00:00Z,60199.6
2025-11-07T10:00:00Z,61480.4
2025-11-07T11:00:00Z,61389.9
2025-11-07T12:00:00Z,62599.5
2025-11-07T13:00:00Z,62130.7
2025-11-07T14:00:00Z,61578.7
2025-11-07T15:00:00Z,59842.0
2025-11-07T16:00:00Z,58010.4
2025-11-07T17:00:00Z,57050.2
2025-11-07T18:00:00Z,54131.5
2025-11-07T19:00:00Z,51975.1
2025-11-07T20:00:00Z,50625.6
2025-11-07T21:00:00Z,49109.6
2025-11-07T22:00:00Z,48176.8
2025-11-07T23:00:00Z,46807.4
2025-11-08T00:00:00Z,43788.5
2025-11-08T01:00:00Z,44342.2
2025-11-08T02:00:00Z,44931.1
2025-11-08T03:00:00Z,46462.4
2025-11-08T04:00:00Z,47652.5
2025-11-08T05:00:00Z,49984.4
2025-11-08T06:00:00Z,51919.4
2025-11-08T07:00:00Z,55120.5
2025-11-08T08:00:00Z,56914.1
2025-11-08T09:00:00Z,57412.9
2025-11-08T10:00:00Z,59779.4
2025-11-08T11:00:00Z,59156.0
2025-11-08T12:00:00Z,59157.8
2025-11-08T13:00:00Z,59808.9
2025-11-08T14:00:00Z,58608.2
2025-11-08T15:00:00Z,57103.8
2025-11-08T16:00:00Z,54414.5
2025-11-08T17:00:00Z,54075.3
2025-11-08T18:00:00Z,51776.8
2025-11-08T19:00:00Z,48982.6
2025-11-08T20:00:00Z,48422.0
2025-11-08T21:00:00Z,46322.9
2025-11-08T22:00:00Z,45843.5
2025-11-08T23:00:00Z,43999.8
2025-11-09T00:00:00Z,43236.9
2025-11-09T01:00:00Z,44087.5
2025-11-09T02:00:00Z,44445.5
2025-11-09T03:00:00Z,45335.6
2025-11-09T04:00:00Z,47999.0
2025-11-09T05:00:00Z,49580.1
2025-11-09T06:00:00Z,50960.7
2025-11-09T07:00:00Z,53404.4
2025-11-09T08:00:00Z,55799.5
2025-11-09T09:00:00Z,57951.7
2025-11-09T10:00:00Z,58487.4
2025-11-09T11:00:00Z,60810.5
2025-11-09T12:00:00Z,59984.8
2025-11-09T13:00:00Z,59498.6
2025-11-09T14:00:00Z,58745.2
2025-11-09T15:00:00Z,57429.8
2025-11-09T16:00:00Z,55789.9
2025-11-09T17:00:00Z,54486.8
2025-11-09T18:00:00Z,52107.9
2025-11-09T19:00:00Z,49050.1
2025-11-09T20:00:00Z,48695.3
2025-11-09T21:00:00Z,46809.3
2025-11-09T22:00:00Z,45882.2
2025-11-09T23:00:00Z,44175.9
2025-11-10T00:00:00Z,46356.6
2025-11-10T01:00:00Z,45415.3
2025-11-10T02:00:00Z,46446.5
2025-11-10T03:00:00Z,48194.7
2025-11-10T04:00:00Z,49221.6
2025-11-10T05:00:00Z,52204.2
2025-11-10T06:00:00Z,53575.7
2025-11-10T07:00:00Z,56253.0
2025-11-10T08:00:00Z,59113.1
2025-11-10T09:00:00Z,59965.9
2025-11-10T10:00:00Z,60533.6
2025-11-10T11:00:00Z,61570.9
2025-11-10T12:00:00Z,61832.6
2025-11-10T13:00:00Z,61120.9
2025-11-10T14:00:00Z,61476.8
2025-11-10T15:00:00Z,59438.4
2025-11-10T16:00:00Z,56880.3
2025-11-10T17:00:00Z,55207.3
2025-11-10T18:00:00Z,55224.7
2025-11-10T19:00:00Z,51300.6
2025-11-10T20:00:00Z,48833.2
2025-11-10T21:00:00Z,47540.5
2025-11-10T22:00:00Z,48384.3
2025-11-10T23:00:00Z,46017.5
2025-11-11T00:00:00Z,46729.3
2025-11-11T01:00:00Z,45863.3
2025-11-11T02:00:00Z,47640.3
2025-11-11T03:00:00Z,48918.3
2025-11-11T04:00:00Z,49685.4
2025-11-11T05:00:00Z,50770.5
2025-11-11T06:00:00Z,54496.7
2025-11-11T07:00:00Z,55170.6
2025-11-11T08:00:00Z,57219.1
2025-11-11T09:00:00Z,60240.1
2025-11-11T10:00:00Z,60435.2
2025-11-11T11:00:00Z,61763.9
2025-11-11T12:00:00Z,61344.4
2025-11-11T13:00:00Z,62245.6
2025-11-11T14:00:00Z,59938.7
2025-11-11T15:00:00Z,59355.0
2025-11-11T16:00:00Z,57898.4
2025-11-11T17:00:00Z,57002.5
2025-11-11T18:00:00Z,53456.6
2025-11-11T19:00:00Z,51983.9
2025-11-11T20:00:00Z,50806.0
2025-11-11T21:00:00Z,48878.0
2025-11-11T22:00:00Z,49127.5
2025-11-11T23:00:00Z,46699.6
2025-11-12T00:00:00Z,45400.8
2025-11-12T01:00:00Z,46012.6
2025-11-12T02:00:00Z,46763.3
2025-11-12T03:00:00Z,47208.4
2025-11-12T04:00:00Z,50442.4
2025-11-12T05:00:00Z,52745.6
2025-11-12T06:00:00Z,53161.2
2025-11-12T07:00:00Z,56028.3
2025-11-12T08:00:00Z,58441.7
2025-11-12T09:00:00Z,58997.2
2025-11-12T10:00:00Z,61344.0
2025-11-12T11:00:00Z,61946.9
2025-11-12T12:00:00Z,61265.9
2025-11-12T13:00:00Z,61294.4
2025-11-12T14:00:00Z,60541.8
2025-11-12T15:00:00Z,59639.3
2025-11-12T16:00:00Z,58471.1
2025-11-12T17:00:00Z,56477.0
2025-11-12T18:00:00Z,53656.9
2025-11-12T19:00:00Z,51138.4
2025-11-12T20:00:00Z,49538.1
2025-11-12T21:00:00Z,47981.2
2025-11-12T22:00:00Z,48065.8
2025-11-12T23:00:00Z,45920.6
2025-11-13T00:00:00Z,46508.3
2025-11-13T01:00:00Z,45214.9
2025-11-13T02:00:00Z,46794.3
2025-11-13T03:00:00Z,47781.4
2025-11-13T04:00:00Z,50527.6
2025-11-13T05:00:00Z,52030.1
2025-11-13T06:00:00Z,53004.5
2025-11-13T07:00:00Z,54942.8
2025-11-13T08:00:00Z,56933.1
2025-11-13T09:00:00Z,59986.6
2025-11-13T10:00:00Z,60927.6
2025-11-13T11:00:00Z,61118.3
2025-11-13T12:00:00Z,62025.8
2025-11-13T13:00:00Z,61267.4
2025-11-13T14:00:00Z,60486.4
2025-11-13T15:00:00Z,59346.9
2025-11-13T16:00:00Z,57977.6
2025-11-13T17:00:00Z,56105.9
2025-11-13T18:00:00Z,54871.5
2025-11-13T19:00:00Z,51610.3
2025-11-13T20:00:00Z,50725.2
2025-11-13T21:00:00Z,49049.9
2025-11-13T22:00:00Z,47449.2
2025-11-13T23:00:00Z,46031.5
2025-11-14T00:00:00Z,46098.9
2025-11-14T01:00:00Z,45857.6
2025-11-14T02:00:00Z,47355.3
2025-11-14T03:00:00Z,48112.7
2025-11-14T04:00:00Z,49646.6
2025-11-14T05:00:00Z,50843.6
2025-11-14T06:00:00Z,53131.7
2025-11-14T07:00:00Z,55724.0
2025-11-14T08:00:00Z,59706.0
2025-11-14T09:00:00Z,60238.7
2025-11-14T10:00:00Z,60781.6
2025-11-14T11:00:00Z,61800.1
2025-11-14T12:00:00Z,61986.7
2025-11-14T13:00:00Z,61766.7
2025-11-14T14:00:00Z,61059.0
2025-11-14T15:00:00Z,59261.6
2025-11-14T16:00:00Z,58104.1
2025-11-14T17:00:00Z,55737.5
2025-11-14T18:00:00Z,53188.1
2025-11-14T19:00:00Z,51647.1
2025-11-14T20:00:00Z,48964.8
2025-11-14T21:00:00Z,48013.5
2025-11-14T22:00:00Z,46496.0
2025-11-14T23:00:00Z,46762.9
2025-11-15T00:00:00Z,44566.5
2025-11-15T01:00:00Z,43539.3
2025-11-15T02:00:00Z,44777.1
2025-11-15T03:00:00Z,45418.5
2025-11-15T04:00:00Z,47820.9
2025-11-15T05:00:00Z,49489.9
2025-11-15T06:00:00Z,53191.9
2025-11-15T07:00:00Z,53607.7
2025-11-15T08:00:00Z,55963.6
2025-11-15T09:00:00Z,58368.8
2025-11-15T10:00:00Z,57567.5
2025-11-15T11:00:00Z,58863.1
2025-11-15T12:00:00Z,59999.5
2025-11-15T13:00:00Z,58422.5
2025-11-15T14:00:00Z,57963.4
2025-11-15T15:00:00Z,57219.2
2025-11-15T16:00:00Z,55297.5
2025-11-15T17:00:00Z,52733.1
2025-11-15T18:00:00Z,51205.9
2025-11-15T19:00:00Z,49930.9
2025-11-15T20:00:00Z,46924.3
2025-11-15T21:00:00Z,45391.1
2025-11-15T22:00:00Z,44076.8
2025-11-15T23:00:00Z,43606.7
2025-11-16T00:00:00Z,43129.6
2025-11-16T01:00:00Z,43609.4
2025-11-16T02:00:00Z,43899.8
2025-11-16T03:00:00Z,46034.4
2025-11-16T04:00:00Z,46140.8
2025-11-16T05:00:00Z,48160.2
2025-11-16T06:00:00Z,52066.5
2025-11-16T07:00:00Z,52816.7
2025-11-16T08:00:00Z,55362.0
2025-11-16T09:00:00Z,57808.9
2025-11-16T10:00:00Z,59085.9
2025-11-16T11:00:00Z,58700.1
2025-11-16T12:00:00Z,60540.9
2025-11-16T13:00:00Z,59336.8
2025-11-16T14:00:00Z,57481.8
2025-11-16T15:00:00Z,56961.5
2025-11-16T16:00:00Z,55700.2
2025-11-16T17:00:00Z,52500.6
2025-11-16T18:00:00Z,52171.3
2025-11-16T19:00:00Z,48188.3
2025-11-16T20:00:00Z,47244.2
2025-11-16T21:00:00Z,44759.1
2025-11-16T22:00:00Z,44501.7
2025-11-16T23:00:00Z,43033.8
2025-11-17T00:00:00Z,45508.7
2025-11-17T01:00:00Z,47366.6
2025-11-17T02:00:00Z,46725.1
2025-11-17T03:00:00Z,48176.1
2025-11-17T04:00:00Z,49952.5
2025-11-17T05:00:00Z,51790.6
2025-11-17T06:00:00Z,54779.6
2025-11-17T07:00:00Z,55446.9
2025-11-17T08:00:00Z,57937.5
2025-11-17T09:00:00Z,60386.6
2025-11-17T10:00:00Z,59477.5
2025-11-17T11:00:00Z,60779.6
2025-11-17T12:00:00Z,61489.0
2025-11-17T13:00:00Z,62204.7
2025-11-17T14:00:00Z,60222.7
2025-11-17T15:00:00Z,59292.6
2025-11-17T16:00:00Z,57589.4
2025-11-17T17:00:00Z,54918.9
2025-11-17T18:00:00Z,53320.8
2025-11-17T19:00:00Z,51321.8
2025-11-17T20:00:00Z,49523.7
2025-11-17T21:00:00Z,47946.3
2025-11-17T22:00:00Z,46363.7
2025-11-17T23:00:00Z,47181.4
2025-11-18T00:00:00Z,44543.1
2025-11-18T01:00:00Z,45499.8
2025-11-18T02:00:00Z,47029.5
2025-11-18T03:00:00Z,47123.4
2025-11-18T04:00:00Z,49618.9
2025-11-18T05:00:00Z,50798.8
2025-11-18T06:00:00Z,53979.3
2025-11-18T07:00:00Z,56010.3
2025-11-18T08:00:00Z,57748.2
2025-11-18T09:00:00Z,59279.7
2025-11-18T10:00:00Z,61243.5
2025-11-18T11:00:00Z,60979.3
2025-11-18T12:00:00Z,61935.1
2025-11-18T13:00:00Z,60961.0
2025-11-18T14:00:00Z,60091.2
2025-11-18T15:00:00Z,58365.9
2025-11-18T16:00:00Z,57085.3
2025-11-18T17:00:00Z,54346.7
2025-11-18T18:00:00Z,53191.2
2025-11-18T19:00:00Z,52349.3
2025-11-18T20:00:00Z,50484.3
2025-11-18T21:00:00Z,47490.3
2025-11-18T22:00:00Z,46411.1
2025-11-18T23:00:00Z,45199.0
2025-11-19T00:00:00Z,45023.2
2025-11-19T01:00:00Z,46417.1
2025-11-19T02:00:00Z,46726.1
2025-11-19T03:00:00Z,48031.2
2025-11-19T04:00:00Z,49473.9
2025-11-19T05:00:00Z,51866.7
2025-11-19T06:00:00Z,51818.3
2025-11-19T07:00:00Z,56209.7
2025-11-19T08:00:00Z,56659.1
2025-11-19T09:00:00Z,59152.5
2025-11-19T10:00:00Z,59744.9
2025-11-19T11:00:00Z,61447.1
2025-11-19T12:00:00Z,61379.1
2025-11-19T13:00:00Z,61092.7
2025-11-19T14:00:00Z,60882.3
2025-11-19T15:00:00Z,59168.1
2025-11-19T16:00:00Z,57207.7
2025-11-19T17:00:00Z,55461.2
2025-11-19T18:00:00Z,53961.9
2025-11-19T19:00:00Z,50970.4
2025-11-19T20:00:00Z,49505.0
2025-11-19T21:00:00Z,47503.0
2025-11-19T22:00:00Z,45504.0
2025-11-19T23:00:00Z,45952.9
2025-11-20T00:00:00Z,45027.6
2025-11-20T01:00:00Z,44738.4
2025-11-20T02:00:00Z,46934.4
2025-11-20T03:00:00Z,47570.6
2025-11-20T04:00:00Z,49153.9
2025-11-20T05:00:00Z,50802.0
2025-11-20T06:00:00Z,53416.6
2025-11-20T07:00:00Z,56175.9
2025-11-20T08:00:00Z,57478.8
2025-11-20T09:00:00Z,58743.4
2025-11-20T10:00:00Z,60285.0
2025-11-20T11:00:00Z,61374.0
2025-11-20T12:00:00Z,61052.3
2025-11-20T13:00:00Z,62163.9
2025-11-20T14:00:00Z,60794.2
2025-11-20T15:00:00Z,59485.6
2025-11-20T16:00:00Z,57055.6
2025-11-20T17:00:00Z,54797.1
2025-11-20T18:00:00Z,54128.5
2025-11-20T19:00:00Z,50890.9
2025-11-20T20:00:00Z,49089.8
2025-11-20T21:00:00Z,48111.6
2025-11-20T22:00:00Z,44668.8
2025-11-20T23:00:00Z,45119.5
2025-11-21T00:00:00Z,45148.3
2025-11-21T01:00:00Z,45212.6
2025-11-21T02:00:00Z,47266.4
2025-11-21T03:00:00Z,47434.0
2025-11-21T04:00:00Z,48852.9
2025-11-21T05:00:00Z,50636.9
2025-11-21T06:00:00Z,53712.4
2025-11-21T07:00:00Z,54979.4
2025-11-21T08:00:00Z,57024.0
2025-11-21T09:00:00Z,58874.2
2025-11-21T10:00:00Z,59736.4
2025-11-21T11:00:00Z,60539.9
2025-11-21T12:00:00Z,60813.3
2025-11-21T13:00:00Z,59990.3
2025-11-21T14:00:00Z,60052.2
2025-11-21T15:00:00Z,58238.8
2025-11-21T16:00:00Z,57940.2
2025-11-21T17:00:00Z,55187.6
2025-11-21T18:00:00Z,53219.1
2025-11-21T19:00:00Z,50989.7
2025-11-21T20:00:00Z,49736.8
2025-11-21T21:00:00Z,46660.6
2025-11-21T22:00:00Z,45601.0
2025-11-21T23:00:00Z,45140.3
2025-11-22T00:00:00Z,42896.3
2025-11-22T01:00:00Z,43076.8
2025-11-22T02:00:00Z,43502.7
2025-11-22T03:00:00Z,45046.7
2025-11-22T04:00:00Z,46520.7
2025-11-22T05:00:00Z,48777.1
2025-11-22T06:00:00Z,50753.2
2025-11-22T07:00:00Z,53449.0
2025-11-22T08:00:00Z,54582.0
2025-11-22T09:00:00Z,56181.1
2025-11-22T10:00:00Z,58142.5
2025-11-22T11:00:00Z,57530.9
2025-11-22T12:00:00Z,60111.5
2025-11-22T13:00:00Z,59625.1
2025-11-22T14:00:00Z,56761.1
2025-11-22T15:00:00Z,57457.2
2025-11-22T16:00:00Z,54569.3
2025-11-22T17:00:00Z,53115.8
2025-11-22T18:00:00Z,51620.3
2025-11-22T19:00:00Z,48412.8
2025-11-22T20:00:00Z,47199.9
2025-11-22T21:00:00Z,45069.9
2025-11-22T22:00:00Z,42573.2
2025-11-22T23:00:00Z,42204.5
2025-11-23T00:00:00Z,42834.7
2025-11-23T01:00:00Z,43963.2
2025-11-23T02:00:00Z,43333.2
2025-11-23T03:00:00Z,43948.8
2025-11-23T04:00:00Z,46603.3
2025-11-23T05:00:00Z,49132.6
2025-11-23T06:00:00Z,50450.8
2025-11-23T07:00:00Z,52127.6
2025-11-23T08:00:00Z,57534.9
2025-11-23T09:00:00Z,55675.8
2025-11-23T10:00:00Z,57476.3
2025-11-23T11:00:00Z,58905.2
2025-11-23T12:00:00Z,57727.3
2025-11-23T13:00:00Z,58481.3
2025-11-23T14:00:00Z,56946.5
2025-11-23T15:00:00Z,56296.8
2025-11-23T16:00:00Z,55300.6
2025-11-23T17:00:00Z,53044.4
2025-11-23T18:00:00Z,51307.9
2025-11-23T19:00:00Z,48976.7
2025-11-23T20:00:00Z,47271.9
2025-11-23T21:00:00Z,44462.7
2025-11-23T22:00:00Z,44028.7
2025-11-23T23:00:00Z,42239.2
2025-11-24T00:00:00Z,43046.3
2025-11-24T01:00:00Z,44780.6
2025-11-24T02:00:00Z,46610.1
2025-11-24T03:00:00Z,46330.6
2025-11-24T04:00:00Z,49503.2
2025-11-24T05:00:00Z,50607.4
2025-11-24T06:00:00Z,52804.3
2025-11-24T07:00:00Z,56293.9
2025-11-24T08:00:00Z,57747.0
2025-11-24T09:00:00Z,58653.2
2025-11-24T10:00:00Z,59195.2
2025-11-24T11:00:00Z,61372.7
2025-11-24T12:00:00Z,61329.7
2025-11-24T13:00:00Z,61036.3
2025-11-24T14:00:00Z,59191.7
2025-11-24T15:00:00Z,57995.8
2025-11-24T16:00:00Z,58006.3
2025-11-24T17:00:00Z,55383.9
2025-11-24T18:00:00Z,52531.9
2025-11-24T19:00:00Z,49149.4
2025-11-24T20:00:00Z,48191.8
2025-11-24T21:00:00Z,47390.8
2025-11-24T22:00:00Z,46871.8
2025-11-24T23:00:00Z,45236.0
2025-11-25T00:00:00Z,44650.3
2025-11-25T01:00:00Z,43891.2
2025-11-25T02:00:00Z,46453.4
2025-11-25T03:00:00Z,47247.0
2025-11-25T04:00:00Z,48942.7
2025-11-25T05:00:00Z,50691.9
2025-11-25T06:00:00Z,52529.9
2025-11-25T07:00:00Z,54394.4
2025-11-25T08:00:00Z,55997.1
2025-11-25T09:00:00Z,59122.3
2025-11-25T10:00:00Z,59408.6
2025-11-25T11:00:00Z,60272.2
2025-11-25T12:00:00Z,60721.6
2025-11-25T13:00:00Z,62230.8
2025-11-25T14:00:00Z,60083.5
2025-11-25T15:00:00Z,59028.6
2025-11-25T16:00:00Z,57015.7
2025-11-25T17:00:00Z,54627.3
2025-11-25T18:00:00Z,52582.6
2025-11-25T19:00:00Z,50936.3
2025-11-25T20:00:00Z,49383.2
2025-11-25T21:00:00Z,47789.7
2025-11-25T22:00:00Z,45308.2
2025-11-25T23:00:00Z,45595.5
2025-11-26T00:00:00Z,43361.9
2025-11-26T01:00:00Z,44634.4
2025-11-26T02:00:00Z,44441.9
2025-11-26T03:00:00Z,47127.3
2025-11-26T04:00:00Z,50132.4
2025-11-26T05:00:00Z,51009.0
2025-11-26T06:00:00Z,52121.4
2025-11-26T07:00:00Z,55445.1
2025-11-26T08:00:00Z,56639.1
2025-11-26T09:00:00Z,58088.9
2025-11-26T10:00:00Z,60669.5
2025-11-26T11:00:00Z,60791.8
2025-11-26T12:00:00Z,60977.7
2025-11-26T13:00:00Z,60210.3
2025-11-26T14:00:00Z,59172.5
2025-11-26T15:00:00Z,58923.0
2025-11-26T16:00:00Z,57539.5
2025-11-26T17:00:00Z,55527.1
2025-11-26T18:00:00Z,52246.4
2025-11-26T19:00:00Z,50927.8
2025-11-26T20:00:00Z,49135.0
2025-11-26T21:00:00Z,47498.8
2025-11-26T22:00:00Z,46441.1
2025-11-26T23:00:00Z,44316.1
2025-11-27T00:00:00Z,44397.0
2025-11-27T01:00:00Z,45096.2
2025-11-27T02:00:00Z,44627.8
2025-11-27T03:00:00Z,45635.6
2025-11-27T04:00:00Z,48987.7
2025-11-27T05:00:00Z,49943.8
2025-11-27T06:00:00Z,53373.6
2025-11-27T07:00:00Z,54290.3
2025-11-27T08:00:00Z,56244.8
2025-11-27T09:00:00Z,57544.9
2025-11-27T10:00:00Z,60047.8
2025-11-27T11:00:00Z,60520.3
2025-11-27T12:00:00Z,61668.2
2025-11-27T13:00:00Z,60101.4
2025-11-27T14:00:00Z,59308.3
2025-11-27T15:00:00Z,59032.0
2025-11-27T16:00:00Z,57015.5
2025-11-27T17:00:00Z,55622.6
2025-11-27T18:00:00Z,52247.8
2025-11-27T19:00:00Z,51461.8
2025-11-27T20:00:00Z,48562.1
2025-11-27T21:00:00Z,45926.8
2025-11-27T22:00:00Z,44958.4
2025-11-27T23:00:00Z,44579.7
2025-11-28T00:00:00Z,45216.3
2025-11-28T01:00:00Z,45434.9
2025-11-28T02:00:00Z,45289.5
2025-11-28T03:00:00Z,46883.1
2025-11-28T04:00:00Z,47676.6
2025-11-28T05:00:00Z,49521.5
2025-11-28T06:00:00Z,53394.7
2025-11-28T07:00:00Z,54980.6
2025-11-28T08:00:00Z,56223.6
2025-11-28T09:00:00Z,58973.8
2025-11-28T10:00:00Z,59748.2
2025-11-28T11:00:00Z,60345.9
2025-11-28T12:00:00Z,60422.4
2025-11-28T13:00:00Z,61009.3
2025-11-28T14:00:00Z,59629.6
2025-11-28T15:00:00Z,58191.7
2025-11-28T16:00:00Z,56099.3
2025-11-28T17:00:00Z,53867.7
2025-11-28T18:00:00Z,52470.2
2025-11-28T19:00:00Z,50303.5
2025-11-28T20:00:00Z,48756.2
2025-11-28T21:00:00Z,45187.3
2025-11-28T22:00:00Z,43798.3
2025-11-28T23:00:00Z,44504.1
2025-11-29T00:00:00Z,41521.4
2025-11-29T01:00:00Z,42326.0
2025-11-29T02:00:00Z,43098.5
2025-11-29T03:00:00Z,45142.7
2025-11-29T04:00:00Z,46500.9
2025-11-29T05:00:00Z,48584.2
2025-11-29T06:00:00Z,51675.4
2025-11-29T07:00:00Z,52112.7
2025-11-29T08:00:00Z,53762.1
2025-11-29T09:00:00Z,54521.6
2025-11-29T10:00:00Z,57671.7
2025-11-29T11:00:00Z,57513.5
2025-11-29T12:00:00Z,58385.3
2025-11-29T13:00:00Z,58180.9
2025-11-29T14:00:00Z,58306.3
2025-11-29T15:00:00Z,54331.6
2025-11-29T16:00:00Z,53120.2
2025-11-29T17:00:00Z,52557.6
2025-11-29T18:00:00Z,50079.8
2025-11-29T19:00:00Z,47878.2
2025-11-29T20:00:00Z,46814.0
2025-11-29T21:00:00Z,43956.9
2025-11-29T22:00:00Z,44616.3
2025-11-29T23:00:00Z,42254.3
2025-11-30T00:00:00Z,42636.2
2025-11-30T01:00:00Z,42018.8
2025-11-30T02:00:00Z,42935.6
2025-11-30T03:00:00Z,44624.7
2025-11-30T04:00:00Z,46707.3
2025-11-30T05:00:00Z,46553.0
2025-11-30T06:00:00Z,50184.5
2025-11-30T07:00:00Z,53148.8
2025-11-30T08:00:00Z,54239.8
2025-11-30T09:00:00Z,54102.9
2025-11-30T10:00:00Z,56614.4
2025-11-30T11:00:00Z,57990.2
2025-11-30T12:00:00Z,57197.9
2025-11-30T13:00:00Z,57537.8
2025-11-30T14:00:00Z,58084.5
2025-11-30T15:00:00Z,56595.5
2025-11-30T16:00:00Z,54380.3
2025-11-30T17:00:00Z,54442.2
2025-11-30T18:00:00Z,50600.2
2025-11-30T19:00:00Z,48592.3
2025-11-30T20:00:00Z,45270.1
2025-11-30T21:00:00Z,44055.7
2025-11-30T22:00:00Z,41563.3
2025-11-30T23:00:00Z,40659.1
2025-12-01T00:00:00Z,43744.8
2025-12-01T01:00:00Z,45372.5
2025-12-01T02:00:00Z,45413.9
2025-12-01T03:00:00Z,46877.0
2025-12-01T04:00:00Z,48021.9
2025-12-01T05:00:00Z,49477.8
2025-12-01T06:00:00Z,51012.6
2025-12-01T07:00:00Z,54797.5
2025-12-01T08:00:00Z,55073.3
2025-12-01T09:00:00Z,59331.2
2025-12-01T10:00:00Z,60120.6
2025-12-01T11:00:00Z,58748.9
2025-12-01T12:00:00Z,58725.9
2025-12-01T13:00:00Z,60746.3
2025-12-01T14:00:00Z,58806.3
2025-12-01T15:00:00Z,57285.3
2025-12-01T16:00:00Z,56132.2
2025-12-01T17:00:00Z,54193.6
2025-12-01T18:00:00Z,51867.9
2025-12-01T19:00:00Z,50705.8
2025-12-01T20:00:00Z,47954.3
2025-12-01T21:00:00Z,46620.0
2025-12-01T22:00:00Z,46123.7
2025-12-01T23:00:00Z,44306.3
2025-12-02T00:00:00Z,44544.3
2025-12-02T01:00:00Z,44986.7
2025-12-02T02:00:00Z,45313.9
2025-12-02T03:00:00Z,45842.6
2025-12-02T04:00:00Z,47707.3
2025-12-02T05:00:00Z,51358.2
2025-12-02T06:00:00Z,52219.9
2025-12-02T07:00:00Z,54737.9
2025-12-02T08:00:00Z,56309.6
2025-12-02T09:00:00Z,56540.9
2025-12-02T10:00:00Z,60412.6
2025-12-02T11:00:00Z,60040.0
2025-12-02T12:00:00Z,59859.9
2025-12-02T13:00:00Z,60417.3
2025-12-02T14:00:00Z,58407.4
2025-12-02T15:00:00Z,57405.3
2025-12-02T16:00:00Z,56518.1
2025-12-02T17:00:00Z,53908.4
2025-12-02T18:00:00Z,51986.4
2025-12-02T19:00:00Z,49417.0
2025-12-02T20:00:00Z,47244.7
2025-12-02T21:00:00Z,46718.2
2025-12-02T22:00:00Z,44505.2
2025-12-02T23:00:00Z,44343.2
2025-12-03T00:00:00Z,44284.5
2025-12-03T01:00:00Z,44180.2
2025-12-03T02:00:00Z,45083.1
2025-12-03T03:00:00Z,46759.5
2025-12-03T04:00:00Z,48517.8
2025-12-03T05:00:00Z,49501.6
2025-12-03T06:00:00Z,51477.6
2025-12-03T07:00:00Z,53705.1
2025-12-03T08:00:00Z,56136.3
2025-12-03T09:00:00Z,57030.7
2025-12-03T10:00:00Z,58877.7
2025-12-03T11:00:00Z,60215.5
2025-12-03T12:00:00Z,60748.8
2025-12-03T13:00:00Z,60157.0
2025-12-03T14:00:00Z,58684.0
2025-12-03T15:00:00Z,57400.0
2025-12-03T16:00:00Z,56037.6
2025-12-03T17:00:00Z,52402.8
2025-12-03T18:00:00Z,51812.7
2025-12-03T19:00:00Z,50767.1
2025-12-03T20:00:00Z,46735.4
2025-12-03T21:00:00Z,46955.7
2025-12-03T22:00:00Z,45853.1
2025-12-03T23:00:00Z,44510.7
2025-12-04T00:00:00Z,43502.7
2025-12-04T01:00:00Z,44304.5
2025-12-04T02:00:00Z,45115.2
2025-12-04T03:00:00Z,46098.1
2025-12-04T04:00:00Z,47412.1
2025-12-04T05:00:00Z,50179.6
2025-12-04T06:00:00Z,52159.0
2025-12-04T07:00:00Z,53285.1
2025-12-04T08:00:00Z,55448.4
2025-12-04T09:00:00Z,58567.3
2025-12-04T10:00:00Z,58720.7
2025-12-04T11:00:00Z,59552.3
2025-12-04T12:00:00Z,60962.6
2025-12-04T13:00:00Z,59795.2
2025-12-04T14:00:00Z,57639.1
2025-12-04T15:00:00Z,57820.1
2025-12-04T16:00:00Z,55785.2
2025-12-04T17:00:00Z,55378.4
2025-12-04T18:00:00Z,51751.5
2025-12-04T19:00:00Z,48986.0
2025-12-04T20:00:00Z,47990.9
2025-12-04T21:00:00Z,46905.5
2025-12-04T22:00:00Z,44085.8
2025-12-04T23:00:00Z,44104.7
2025-12-05T00:00:00Z,42901.5
2025-12-05T01:00:00Z,43384.6
2025-12-05T02:00:00Z,43534.2
2025-12-05T03:00:00Z,46456.0
2025-12-05T04:00:00Z,46905.9
2025-12-05T05:00:00Z,48899.8
2025-12-05T06:00:00Z,51917.2
2025-12-05T07:00:00Z,52798.2
2025-12-05T08:00:00Z,56499.5
2025-12-05T09:00:00Z,58005.9
2025-12-05T10:00:00Z,58404.1
2025-12-05T11:00:00Z,60062.6
2025-12-05T12:00:00Z,60184.0
2025-12-05T13:00:00Z,59696.6
2025-12-05T14:00:00Z,59133.1
2025-12-05T15:00:00Z,56593.5
2025-12-05T16:00:00Z,55587.0
2025-12-05T17:00:00Z,55284.2
2025-12-05T18:00:00Z,51672.7
2025-12-05T19:00:00Z,48913.0
2025-12-05T20:00:00Z,48339.9
2025-12-05T21:00:00Z,46087.8
2025-12-05T22:00:00Z,44625.9
2025-12-05T23:00:00Z,44546.0
2025-12-06T00:00:00Z,42064.8
2025-12-06T01:00:00Z,41579.8
2025-12-06T02:00:00Z,42716.7
2025-12-06T03:00:00Z,44712.4
2025-12-06T04:00:00Z,46035.5
2025-12-06T05:00:00Z,46636.4
2025-12-06T06:00:00Z,48227.1
2025-12-06T07:00:00Z,51181.4
2025-12-06T08:00:00Z,52826.8
2025-12-06T09:00:00Z,55501.4
2025-12-06T10:00:00Z,57399.1
2025-12-06T11:00:00Z,56750.7
2025-12-06T12:00:00Z,56755.3
2025-12-06T13:00:00Z,56903.7
2025-12-06T14:00:00Z,56615.2
2025-12-06T15:00:00Z,54817.4
2025-12-06T16:00:00Z,53540.4
2025-12-06T17:00:00Z,50379.4
2025-12-06T18:00:00Z,48533.7
2025-12-06T19:00:00Z,47258.1
2025-12-06T20:00:00Z,45970.4
2025-12-06T21:00:00Z,44102.7
2025-12-06T22:00:00Z,41984.1
2025-12-06T23:00:00Z,41904.0
2025-12-07T00:00:00Z,39940.2
2025-12-07T01:00:00Z,42068.0
2025-12-07T02:00:00Z,41844.7
2025-12-07T03:00:00Z,43039.2
2025-12-07T04:00:00Z,45186.1
2025-12-07T05:00:00Z,47404.9
2025-12-07T06:00:00Z,48978.8
2025-12-07T07:00:00Z,50672.7
2025-12-07T08:00:00Z,53584.7
2025-12-07T09:00:00Z,56009.2
2025-12-07T10:00:00Z,55131.8
2025-12-07T11:00:00Z,56021.8
2025-12-07T12:00:00Z,56787.0
2025-12-07T13:00:00Z,56014.9
2025-12-07T14:00:00Z,55218.3
2025-12-07T15:00:00Z,53154.5
2025-12-07T16:00:00Z,54446.5
2025-12-07T17:00:00Z,50377.3
2025-12-07T18:00:00Z,50393.7
2025-12-07T19:00:00Z,46362.0
2025-12-07T20:00:00Z,44305.6
2025-12-07T21:00:00Z,42809.1
2025-12-07T22:00:00Z,41749.8
2025-12-07T23:00:00Z,42292.4
2025-12-08T00:00:00Z,43037.7
2025-12-08T01:00:00Z,41772.9
2025-12-08T02:00:00Z,44789.8
2025-12-08T03:00:00Z,45457.0
2025-12-08T04:00:00Z,47926.1
2025-12-08T05:00:00Z,49529.3
2025-12-08T06:00:00Z,51582.9
2025-12-08T07:00:00Z,53952.8
2025-12-08T08:00:00Z,54578.2
2025-12-08T09:00:00Z,57836.1
2025-12-08T10:00:00Z,57690.9
2025-12-08T11:00:00Z,58470.8
2025-12-08T12:00:00Z,58132.5
2025-12-08T13:00:00Z,58470.2
2025-12-08T14:00:00Z,59608.1
2025-12-08T15:00:00Z,56619.6
2025-12-08T16:00:00Z,55829.6
2025-12-08T17:00:00Z,53121.8
2025-12-08T18:00:00Z,50754.4
2025-12-08T19:00:00Z,49011.2
2025-12-08T20:00:00Z,47349.6
2025-12-08T21:00:00Z,45551.3
2025-12-08T22:00:00Z,44250.1
2025-12-08T23:00:00Z,43867.6
2025-12-09T00:00:00Z,41742.7
2025-12-09T01:00:00Z,44155.1
2025-12-09T02:00:00Z,45080.1
2025-12-09T03:00:00Z,45517.4
2025-12-09T04:00:00Z,47304.6
2025-12-09T05:00:00Z,49078.1
2025-12-09T06:00:00Z,49623.0
2025-12-09T07:00:00Z,53908.1
2025-12-09T08:00:00Z,55404.2
2025-12-09T09:00:00Z,57615.6
2025-12-09T10:00:00Z,58171.0
2025-12-09T11:00:00Z,57629.3
2025-12-09T12:00:00Z,59127.4
2025-12-09T13:00:00Z,59243.5
2025-12-09T14:00:00Z,58120.5
2025-12-09T15:00:00Z,56472.3
2025-12-09T16:00:00Z,55144.4
2025-12-09T17:00:00Z,52854.5
2025-12-09T18:00:00Z,50626.3
2025-12-09T19:00:00Z,49024.4
2025-12-09T20:00:00Z,46295.6
2025-12-09T21:00:00Z,44881.8
2025-12-09T22:00:00Z,43904.1
2025-12-09T23:00:00Z,44463.9
2025-12-10T00:00:00Z,42063.4
2025-12-10T01:00:00Z,42801.5
2025-12-10T02:00:00Z,45047.1
2025-12-10T03:00:00Z,46624.9
2025-12-10T04:00:00Z,46961.3
2025-12-10T05:00:00Z,49890.0
2025-12-10T06:00:00Z,52211.6
2025-12-10T07:00:00Z,52678.9
2025-12-10T08:00:00Z,55087.3
2025-12-10T09:00:00Z,55844.2
2025-12-10T10:00:00Z,56203.5
2025-12-10T11:00:00Z,59947.5
2025-12-10T12:00:00Z,59871.5
2025-12-10T13:00:00Z,58961.0
2025-12-10T14:00:00Z,58902.2
2025-12-10T15:00:00Z,55991.5
2025-12-10T16:00:00Z,54520.4
2025-12-10T17:00:00Z,54083.4
2025-12-10T18:00:00Z,50075.3
2025-12-10T19:00:00Z,48452.8
2025-12-10T20:00:00Z,46737.9
2025-12-10T21:00:00Z,45029.9
2025-12-10T22:00:00Z,43777.8
2025-12-10T23:00:00Z,43405.3
2025-12-11T00:00:00Z,42277.3
2025-12-11T01:00:00Z,43389.0
2025-12-11T02:00:00Z,44693.5
2025-12-11T03:00:00Z,44973.1
2025-12-11T04:00:00Z,46079.8
2025-12-11T05:00:00Z,49276.2
2025-12-11T06:00:00Z,50623.6
2025-12-11T07:00:00Z,54380.5
2025-12-11T08:00:00Z,56235.7
2025-12-11T09:00:00Z,55942.1
2025-12-11T10:00:00Z,58440.1
2025-12-11T11:00:00Z,58361.4
2025-12-11T12:00:00Z,59318.8
2025-12-11T13:00:00Z,59503.1
2025-12-11T14:00:00Z,59245.6
2025-12-11T15:00:00Z,55912.6
2025-12-11T16:00:00Z,55651.1
2025-12-11T17:00:00Z,51775.9
2025-12-11T18:00:00Z,50258.7
2025-12-11T19:00:00Z,49447.5
2025-12-11T20:00:00Z,47971.2
2025-12-11T21:00:00Z,45492.5
2025-12-11T22:00:00Z,45094.3
2025-12-11T23:00:00Z,43827.2
2025-12-12T00:00:00Z,42348.2
2025-12-12T01:00:00Z,42458.0
2025-12-12T02:00:00Z,43786.7
2025-12-12T03:00:00Z,44661.5
2025-12-12T04:00:00Z,45879.3
2025-12-12T05:00:00Z,48546.8
2025-12-12T06:00:00Z,50487.6
2025-12-12T07:00:00Z,52919.9
2025-12-12T08:00:00Z,54737.3
2025-12-12T09:00:00Z,56270.9
2025-12-12T10:00:00Z,57736.5
2025-12-12T11:00:00Z,58639.3
2025-12-12T12:00:00Z,58797.0
2025-12-12T13:00:00Z,57813.3
2025-12-12T14:00:00Z,58394.5
2025-12-12T15:00:00Z,56553.6
2025-12-12T16:00:00Z,54974.8
2025-12-12T17:00:00Z,52394.5
2025-12-12T18:00:00Z,49421.0
2025-12-12T19:00:00Z,48231.1
2025-12-12T20:00:00Z,47661.1
2025-12-12T21:00:00Z,44947.3
2025-12-12T22:00:00Z,43649.4
2025-12-12T23:00:00Z,43467.8
2025-12-13T00:00:00Z,39789.3
2025-12-13T01:00:00Z,40015.9
2025-12-13T02:00:00Z,39781.1
2025-12-13T03:00:00Z,43055.2
2025-12-13T04:00:00Z,44053.1
2025-12-13T05:00:00Z,47282.2
2025-12-13T06:00:00Z,48571.8
2025-12-13T07:00:00Z,49808.0
2025-12-13T08:00:00Z,51641.7
2025-12-13T09:00:00Z,53734.9
2025-12-13T10:00:00Z,56152.9
2025-12-13T11:00:00Z,56089.4
2025-12-13T12:00:00Z,58142.5
2025-12-13T13:00:00Z,55073.5
2025-12-13T14:00:00Z,55192.9
2025-12-13T15:00:00Z,55368.2
2025-12-13T16:00:00Z,52322.8
2025-12-13T17:00:00Z,50073.4
2025-12-13T18:00:00Z,47124.2
2025-12-13T19:00:00Z,46939.8
2025-12-13T20:00:00Z,44143.8
2025-12-13T21:00:00Z,42836.8
2025-12-13T22:00:00Z,41752.8
2025-12-13T23:00:00Z,39742.7
2025-12-14T00:00:00Z,39870.6
2025-12-14T01:00:00Z,40412.0
2025-12-14T02:00:00Z,40476.3
2025-12-14T03:00:00Z,43152.4
2025-12-14T04:00:00Z,45121.9
2025-12-14T05:00:00Z,45793.1
2025-12-14T06:00:00Z,49118.2
2025-12-14T07:00:00Z,49339.0
2025-12-14T08:00:00Z,51416.1
2025-12-14T09:00:00Z,54468.6
2025-12-14T10:00:00Z,54715.8
2025-12-14T11:00:00Z,55455.2
2025-12-14T12:00:00Z,56129.8
2025-12-14T13:00:00Z,55933.1
2025-12-14T14:00:00Z,56286.4
2025-12-14T15:00:00Z,53285.1
2025-12-14T16:00:00Z,50625.5
2025-12-14T17:00:00Z,49547.1
2025-12-14T18:00:00Z,48979.4
2025-12-14T19:00:00Z,46965.8
2025-12-14T20:00:00Z,44762.7
2025-12-14T21:00:00Z,42471.3
2025-12-14T22:00:00Z,42131.5
2025-12-14T23:00:00Z,39680.8
2025-12-15T00:00:00Z,43649.5
2025-12-15T01:00:00Z,42461.8
2025-12-15T02:00:00Z,42990.2
2025-12-15T03:00:00Z,44530.8
2025-12-15T04:00:00Z,47043.4
2025-12-15T05:00:00Z,49390.1
2025-12-15T06:00:00Z,50770.4
2025-12-15T07:00:00Z,53670.4
2025-12-15T08:00:00Z,54859.8
2025-12-15T09:00:00Z,55837.6
2025-12-15T10:00:00Z,57313.8
2025-12-15T11:00:00Z,58779.1
2025-12-15T12:00:00Z,56745.7
2025-12-15T13:00:00Z,58350.0
2025-12-15T14:00:00Z,56837.2
2025-12-15T15:00:00Z,55447.7
2025-12-15T16:00:00Z,53728.5
2025-12-15T17:00:00Z,52382.7
2025-12-15T18:00:00Z,49558.1
2025-12-15T19:00:00Z,48675.2
2025-12-15T20:00:00Z,47094.7
2025-12-15T21:00:00Z,44296.1
2025-12-15T22:00:00Z,42795.9
2025-12-15T23:00:00Z,42331.5
2025-12-16T00:00:00Z,42006.9
2025-12-16T01:00:00Z,42399.1
2025-12-16T02:00:00Z,42697.2
2025-12-16T03:00:00Z,45211.7
2025-12-16T04:00:00Z,46461.5
2025-12-16T05:00:00Z,48571.3
2025-12-16T06:00:00Z,50948.3
2025-12-16T07:00:00Z,53156.0
2025-12-16T08:00:00Z,54688.0
2025-12-16T09:00:00Z,56667.4
2025-12-16T10:00:00Z,58561.9
2025-12-16T11:00:00Z,58307.3
2025-12-16T12:00:00Z,58973.9
2025-12-16T13:00:00Z,57742.5
2025-12-16T14:00:00Z,56659.3
2025-12-16T15:00:00Z,54369.3
2025-12-16T16:00:00Z,53697.3
2025-12-16T17:00:00Z,52597.8
2025-12-16T18:00:00Z,49742.4
2025-12-16T19:00:00Z,47999.6
2025-12-16T20:00:00Z,44785.6
2025-12-16T21:00:00Z,42986.4
2025-12-16T22:00:00Z,43583.7
2025-12-16T23:00:00Z,41529.0
2025-12-17T00:00:00Z,42079.4
2025-12-17T01:00:00Z,42878.9
2025-12-17T02:00:00Z,42107.2
2025-12-17T03:00:00Z,44447.8
2025-12-17T04:00:00Z,45365.9
2025-12-17T05:00:00Z,48541.4
2025-12-17T06:00:00Z,50196.3
2025-12-17T07:00:00Z,52690.8
2025-12-17T08:00:00Z,53821.1
2025-12-17T09:00:00Z,54508.3
2025-12-17T10:00:00Z,55658.9
2025-12-17T11:00:00Z,57711.8
2025-12-17T12:00:00Z,58088.0
2025-12-17T13:00:00Z,57665.2
2025-12-17T14:00:00Z,57062.0
2025-12-17T15:00:00Z,55407.2
2025-12-17T16:00:00Z,55180.9
2025-12-17T17:00:00Z,51939.5
2025-12-17T18:00:00Z,50508.9
2025-12-17T19:00:00Z,47432.2
2025-12-17T20:00:00Z,46190.6
2025-12-17T21:00:00Z,43931.3
2025-12-17T22:00:00Z,42162.3
2025-12-17T23:00:00Z,42270.5
2025-12-18T00:00:00Z,41167.7
2025-12-18T01:00:00Z,42831.8
2025-12-18T02:00:00Z,42659.7
2025-12-18T03:00:00Z,42100.9
2025-12-18T04:00:00Z,45220.0
2025-12-18T05:00:00Z,48287.1
2025-12-18T06:00:00Z,49135.4
2025-12-18T07:00:00Z,52316.6
2025-12-18T08:00:00Z,53405.1
2025-12-18T09:00:00Z,55743.6
2025-12-18T10:00:00Z,56308.6
2025-12-18T11:00:00Z,56429.1
2025-12-18T12:00:00Z,58402.2
2025-12-18T13:00:00Z,58514.1
2025-12-18T14:00:00Z,57177.6
2025-12-18T15:00:00Z,55996.3
2025-12-18T16:00:00Z,54805.5
2025-12-18T17:00:00Z,51830.6
2025-12-18T18:00:00Z,50114.3
2025-12-18T19:00:00Z,48710.0
2025-12-18T20:00:00Z,45666.5
2025-12-18T21:00:00Z,42732.7
2025-12-18T22:00:00Z,43059.4
2025-12-18T23:00:00Z,44124.0
2025-12-19T00:00:00Z,42408.5
2025-12-19T01:00:00Z,42020.4
2025-12-19T02:00:00Z,42835.6
2025-12-19T03:00:00Z,44316.0
2025-12-19T04:00:00Z,45835.5
2025-12-19T05:00:00Z,48804.4
2025-12-19T06:00:00Z,49986.7
2025-12-19T07:00:00Z,52226.9
2025-12-19T08:00:00Z,52958.4
2025-12-19T09:00:00Z,55200.6
2025-12-19T10:00:00Z,57179.1
2025-12-19T11:00:00Z,57420.5
2025-12-19T12:00:00Z,58717.9
2025-12-19T13:00:00Z,57181.8
2025-12-19T14:00:00Z,55873.6
2025-12-19T15:00:00Z,55496.0
2025-12-19T16:00:00Z,53604.8
2025-12-19T17:00:00Z,50681.2
2025-12-19T18:00:00Z,49440.7
2025-12-19T19:00:00Z,48190.3
2025-12-19T20:00:00Z,46062.2
2025-12-19T21:00:00Z,43409.0
2025-12-19T22:00:00Z,42895.3
2025-12-19T23:00:00Z,42206.0
2025-12-20T00:00:00Z,38759.7
2025-12-20T01:00:00Z,40100.6
2025-12-20T02:00:00Z,39395.4
2025-12-20T03:00:00Z,41735.5
2025-12-20T04:00:00Z,43249.9
2025-12-20T05:00:00Z,46878.1
2025-12-20T06:00:00Z,47495.2
2025-12-20T07:00:00Z,49503.7
2025-12-20T08:00:00Z,51856.2
2025-12-20T09:00:00Z,54593.8
2025-12-20T10:00:00Z,54516.6
2025-12-20T11:00:00Z,55950.5
2025-12-20T12:00:00Z,55029.2
2025-12-20T13:00:00Z,54167.6
2025-12-20T14:00:00Z,53918.6
2025-12-20T15:00:00Z,53889.6
2025-12-20T16:00:00Z,51719.4
2025-12-20T17:00:00Z,48118.7
2025-12-20T18:00:00Z,47486.8
2025-12-20T19:00:00Z,44281.2
2025-12-20T20:00:00Z,43361.0
2025-12-20T21:00:00Z,42888.6
2025-12-20T22:00:00Z,38394.0
2025-12-20T23:00:00Z,39499.0
2025-12-21T00:00:00Z,38929.6
2025-12-21T01:00:00Z,40568.6
2025-12-21T02:00:00Z,41147.7
2025-12-21T03:00:00Z,40816.9
2025-12-21T04:00:00Z,43520.1
2025-12-21T05:00:00Z,45544.6
2025-12-21T06:00:00Z,48155.4
2025-12-21T07:00:00Z,49682.3
2025-12-21T08:00:00Z,52036.0
2025-12-21T09:00:00Z,52109.5
2025-12-21T10:00:00Z,53544.9
2025-12-21T11:00:00Z,55851.7
2025-12-21T12:00:00Z,54863.5
2025-12-21T13:00:00Z,55477.1
2025-12-21T14:00:00Z,54405.3
2025-12-21T15:00:00Z,53713.5
2025-12-21T16:00:00Z,51985.4
2025-12-21T17:00:00Z,48121.4
2025-12-21T18:00:00Z,47352.2
2025-12-21T19:00:00Z,45723.3
2025-12-21T20:00:00Z,42653.9
2025-12-21T21:00:00Z,40401.3
2025-12-21T22:00:00Z,39397.0
2025-12-21T23:00:00Z,39243.4
2025-12-22T00:00:00Z,41405.0
2025-12-22T01:00:00Z,41934.9
2025-12-22T02:00:00Z,41876.5
2025-12-22T03:00:00Z,44380.5
2025-12-22T04:00:00Z,46170.4
2025-12-22T05:00:00Z,46356.7
2025-12-22T06:00:00Z,49873.1
2025-12-22T07:00:00Z,52194.5
2025-12-22T08:00:00Z,54487.5
2025-12-22T09:00:00Z,54326.6
2025-12-22T10:00:00Z,57478.9
2025-12-22T11:00:00Z,57587.7
2025-12-22T12:00:00Z,58040.7
2025-12-22T13:00:00Z,56480.0
2025-12-22T14:00:00Z,55249.8
2025-12-22T15:00:00Z,56118.6
2025-12-22T16:00:00Z,54826.3
2025-12-22T17:00:00Z,51170.8
2025-12-22T18:00:00Z,49974.1
2025-12-22T19:00:00Z,46559.4
2025-12-22T20:00:00Z,44984.4
2025-12-22T21:00:00Z,44458.8
2025-12-22T22:00:00Z,42453.9
2025-12-22T23:00:00Z,42221.6
2025-12-23T00:00:00Z,41984.8
2025-12-23T01:00:00Z,41102.1
2025-12-23T02:00:00Z,42257.6
2025-12-23T03:00:00Z,42963.2
2025-12-23T04:00:00Z,44594.4
2025-12-23T05:00:00Z,46409.9
2025-12-23T06:00:00Z,48351.3
2025-12-23T07:00:00Z,51142.1
2025-12-23T08:00:00Z,54118.3
2025-12-23T09:00:00Z,54663.1
2025-12-23T10:00:00Z,55535.1
2025-12-23T11:00:00Z,57309.8
2025-12-23T12:00:00Z,56974.6
2025-12-23T13:00:00Z,56965.9
2025-12-23T14:00:00Z,56927.2
2025-12-23T15:00:00Z,55052.9
2025-12-23T16:00:00Z,52729.6
2025-12-23T17:00:00Z,50545.9
2025-12-23T18:00:00Z,49494.3
2025-12-23T19:00:00Z,47308.4
2025-12-23T20:00:00Z,45577.6
2025-12-23T21:00:00Z,42048.1
2025-12-23T22:00:00Z,42605.5
2025-12-23T23:00:00Z,42059.9
2025-12-24T00:00:00Z,41689.9
2025-12-24T01:00:00Z,40568.8
2025-12-24T02:00:00Z,41942.7
2025-12-24T03:00:00Z,44045.1
2025-12-24T04:00:00Z,45703.7
2025-12-24T05:00:00Z,46883.7
2025-12-24T06:00:00Z,48274.0
2025-12-24T07:00:00Z,50401.3
2025-12-24T08:00:00Z,53347.5
2025-12-24T09:00:00Z,53996.7
2025-12-24T10:00:00Z,55763.1
2025-12-24T11:00:00Z,57321.6
2025-12-24T12:00:00Z,56394.2
2025-12-24T13:00:00Z,57631.9
2025-12-24T14:00:00Z,56041.8
2025-12-24T15:00:00Z,55243.5
2025-12-24T16:00:00Z,53417.6
2025-12-24T17:00:00Z,52110.1
2025-12-24T18:00:00Z,49508.7
2025-12-24T19:00:00Z,46685.3
2025-12-24T20:00:00Z,45606.4
2025-12-24T21:00:00Z,43549.4
2025-12-24T22:00:00Z,42895.9
2025-12-24T23:00:00Z,39850.3
2025-12-25T00:00:00Z,40436.7
2025-12-25T01:00:00Z,41184.1
2025-12-25T02:00:00Z,41723.5
2025-12-25T03:00:00Z,43211.7
2025-12-25T04:00:00Z,44679.9
2025-12-25T05:00:00Z,46555.1
2025-12-25T06:00:00Z,48987.3
2025-12-25T07:00:00Z,51003.2
2025-12-25T08:00:00Z,52072.1
2025-12-25T09:00:00Z,54272.5
2025-12-25T10:00:00Z,55841.1
2025-12-25T11:00:00Z,57038.9
2025-12-25T12:00:00Z,57335.3
2025-12-25T13:00:00Z,55715.8
2025-12-25T14:00:00Z,55169.2
2025-12-25T15:00:00Z,55882.1
2025-12-25T16:00:00Z,52954.5
2025-12-25T17:00:00Z,50324.9
2025-12-25T18:00:00Z,48701.0
2025-12-25T19:00:00Z,46310.1
2025-12-25T20:00:00Z,45341.5
2025-12-25T21:00:00Z,42737.2
2025-12-25T22:00:00Z,42682.5
2025-12-25T23:00:00Z,40818.2
2025-12-26T00:00:00Z,39992.4
2025-12-26T01:00:00Z,41617.1
2025-12-26T02:00:00Z,41764.0
2025-12-26T03:00:00Z,43355.2
2025-12-26T04:00:00Z,43738.1
2025-12-26T05:00:00Z,46360.9
2025-12-26T06:00:00Z,48812.0
2025-12-26T07:00:00Z,50292.5
2025-12-26T08:00:00Z,53759.3
2025-12-26T09:00:00Z,55239.6
2025-12-26T10:00:00Z,56318.7
2025-12-26T11:00:00Z,56267.4
2025-12-26T12:00:00Z,56947.6
2025-12-26T13:00:00Z,57401.9
2025-12-26T14:00:00Z,55843.9
2025-12-26T15:00:00Z,54706.4
2025-12-26T16:00:00Z,51862.6
2025-12-26T17:00:00Z,51162.7
2025-12-26T18:00:00Z,49438.8
2025-12-26T19:00:00Z,46346.0
2025-12-26T20:00:00Z,44965.4
2025-12-26T21:00:00Z,43929.7
2025-12-26T22:00:00Z,40578.4
2025-12-26T23:00:00Z,40740.9
2025-12-27T00:00:00Z,38538.9
2025-12-27T01:00:00Z,39317.3
2025-12-27T02:00:00Z,39596.1
2025-12-27T03:00:00Z,41854.0
2025-12-27T04:00:00Z,41392.7
2025-12-27T05:00:00Z,43938.6
2025-12-27T06:00:00Z,45481.7
2025-12-27T07:00:00Z,48239.7
2025-12-27T08:00:00Z,50208.4
2025-12-27T09:00:00Z,53289.8
2025-12-27T10:00:00Z,52955.2
2025-12-27T11:00:00Z,53283.4
2025-12-27T12:00:00Z,54789.0
2025-12-27T13:00:00Z,54527.1
2025-12-27T14:00:00Z,54045.1
2025-12-27T15:00:00Z,52679.0
2025-12-27T16:00:00Z,49766.1
2025-12-27T17:00:00Z,48015.8
2025-12-27T18:00:00Z,46479.7
2025-12-27T19:00:00Z,45139.8
2025-12-27T20:00:00Z,41798.3
2025-12-27T21:00:00Z,39736.7
2025-12-27T22:00:00Z,38841.9
2025-12-27T23:00:00Z,38321.3
2025-12-28T00:00:00Z,37254.0
2025-12-28T01:00:00Z,38423.2
2025-12-28T02:00:00Z,38587.5
2025-12-28T03:00:00Z,39823.5
2025-12-28T04:00:00Z,42391.8
2025-12-28T05:00:00Z,43404.7
2025-12-28T06:00:00Z,45162.9
2025-12-28T07:00:00Z,48319.9
2025-12-28T08:00:00Z,50345.0
2025-12-28T09:00:00Z,52638.1
2025-12-28T10:00:00Z,53368.4
2025-12-28T11:00:00Z,53289.8
2025-12-28T12:00:00Z,54003.3
2025-12-28T13:00:00Z,54584.6
2025-12-28T14:00:00Z,53934.7
2025-12-28T15:00:00Z,51977.2
2025-12-28T16:00:00Z,50537.1
2025-12-28T17:00:00Z,47342.3
2025-12-28T18:00:00Z,45772.5
2025-12-28T19:00:00Z,43819.9
2025-12-28T20:00:00Z,41541.8
2025-12-28T21:00:00Z,41020.7
2025-12-28T22:00:00Z,40151.2
2025-12-28T23:00:00Z,38917.3
2025-12-29T00:00:00Z,39544.9
2025-12-29T01:00:00Z,40122.5
2025-12-29T02:00:00Z,41037.7
2025-12-29T03:00:00Z,42061.5
2025-12-29T04:00:00Z,45114.5
2025-12-29T05:00:00Z,46714.2
2025-12-29T06:00:00Z,47843.4
2025-12-29T07:00:00Z,49983.9
2025-12-29T08:00:00Z,52398.4
2025-12-29T09:00:00Z,53884.4
2025-12-29T10:00:00Z,54308.6
2025-12-29T11:00:00Z,57383.7
2025-12-29T12:00:00Z,56350.5
2025-12-29T13:00:00Z,56003.7
2025-12-29T14:00:00Z,54972.0
2025-12-29T15:00:00Z,53550.0
2025-12-29T16:00:00Z,52621.2
2025-12-29T17:00:00Z,49822.2
2025-12-29T18:00:00Z,47643.2
2025-12-29T19:00:00Z,45789.2
2025-12-29T20:00:00Z,45018.7
2025-12-29T21:00:00Z,41950.8
2025-12-29T22:00:00Z,40515.6
2025-12-29T23:00:00Z,39583.8
2025-12-30T00:00:00Z,39896.3
2025-12-30T01:00:00Z,39738.0
2025-12-30T02:00:00Z,40561.7
2025-12-30T03:00:00Z,42069.3
2025-12-30T04:00:00Z,43784.7
2025-12-30T05:00:00Z,45547.2
2025-12-30T06:00:00Z,47796.4
2025-12-30T07:00:00Z,49522.4
2025-12-30T08:00:00Z,51213.5
2025-12-30T09:00:00Z,52507.2
2025-12-30T10:00:00Z,55560.5
2025-12-30T11:00:00Z,56160.0
2025-12-30T12:00:00Z,55447.9
2025-12-30T13:00:00Z,56656.9
2025-12-30T14:00:00Z,54203.5
2025-12-30T15:00:00Z,52615.3
2025-12-30T16:00:00Z,51887.0
2025-12-30T17:00:00Z,50130.1
2025-12-30T18:00:00Z,47817.3
2025-12-30T19:00:00Z,45931.5
2025-12-30T20:00:00Z,43229.5
2025-12-30T21:00:00Z,41568.1
2025-12-30T22:00:00Z,41754.1
2025-12-30T23:00:00Z,40143.9
2025-12-31T00:00:00Z,40219.6
2025-12-31T01:00:00Z,41452.3
2025-12-31T02:00:00Z,40449.1
2025-12-31T03:00:00Z,42476.1
2025-12-31T04:00:00Z,43930.3
2025-12-31T05:00:00Z,46151.1
2025-12-31T06:00:00Z,47418.0
2025-12-31T07:00:00Z,50020.5
2025-12-31T08:00:00Z,51317.7
2025-12-31T09:00:00Z,53948.7
2025-12-31T10:00:00Z,54896.7
2025-12-31T11:00:00Z,54905.5
2025-12-31T12:00:00Z,55948.7
2025-12-31T13:00:00Z,57218.4
2025-12-31T14:00:00Z,55230.0
2025-12-31T15:00:00Z,53740.0
2025-12-31T16:00:00Z,51394.8
2025-12-31T17:00:00Z,49303.4
2025-12-31T18:00:00Z,48050.3
2025-12-31T19:00:00Z,45357.0
2025-12-31T20:00:00Z,43208.8
2025-12-31T21:00:00Z,42981.6
2025-12-31T22:00:00Z,40423.3
2025-12-31T23:00:00Z,39827.2
2026-01-01T00:00:00Z,38946.6
2026-01-01T01:00:00Z,40888.6
2026-01-01T02:00:00Z,40942.9
2026-01-01T03:00:00Z,42490.0
2026-01-01T04:00:00Z,44061.6
2026-01-01T05:00:00Z,45202.0
2026-01-01T06:00:00Z,48547.0
2026-01-01T07:00:00Z,50717.6
2026-01-01T08:00:00Z,50574.6
2026-01-01T09:00:00Z,52920.2
2026-01-01T10:00:00Z,54102.0
2026-01-01T11:00:00Z,56215.8
2026-01-01T12:00:00Z,55341.6
2026-01-01T13:00:00Z,56265.2
2026-01-01T14:00:00Z,54170.0
2026-01-01T15:00:00Z,54107.9
2026-01-01T16:00:00Z,51684.4
2026-01-01T17:00:00Z,49200.8
2026-01-01T18:00:00Z,47735.1
2026-01-01T19:00:00Z,47068.5
2026-01-01T20:00:00Z,44040.4
2026-01-01T21:00:00Z,41483.4
2026-01-01T22:00:00Z,40079.2
2026-01-01T23:00:00Z,38368.5
2026-01-02T00:00:00Z,38840.5
2026-01-02T01:00:00Z,37929.2
2026-01-02T02:00:00Z,39514.0
2026-01-02T03:00:00Z,42936.0
2026-01-02T04:00:00Z,43868.2
2026-01-02T05:00:00Z,44822.9
2026-01-02T06:00:00Z,48261.2
2026-01-02T07:00:00Z,50237.0
2026-01-02T08:00:00Z,53018.8
2026-01-02T09:00:00Z,53145.8
2026-01-02T10:00:00Z,54245.0
2026-01-02T11:00:00Z,56100.9
2026-01-02T12:00:00Z,56036.6
2026-01-02T13:00:00Z,55952.4
2026-01-02T14:00:00Z,55202.4
2026-01-02T15:00:00Z,54110.7
2026-01-02T16:00:00Z,51947.7
2026-01-02T17:00:00Z,49058.7
2026-01-02T18:00:00Z,47496.6
2026-01-02T19:00:00Z,46338.8
2026-01-02T20:00:00Z,43968.4
2026-01-02T21:00:00Z,40816.6
2026-01-02T22:00:00Z,41214.4
2026-01-02T23:00:00Z,38726.2
2026-01-03T00:00:00Z,37291.0
2026-01-03T01:00:00Z,37771.2
2026-01-03T02:00:00Z,38648.0
2026-01-03T03:00:00Z,40315.1
2026-01-03T04:00:00Z,41329.5
2026-01-03T05:00:00Z,44056.4
2026-01-03T06:00:00Z,45726.4
2026-01-03T07:00:00Z,47133.4
2026-01-03T08:00:00Z,48418.5
2026-01-03T09:00:00Z,51130.1
2026-01-03T10:00:00Z,52771.9
2026-01-03T11:00:00Z,53100.8
2026-01-03T12:00:00Z,53172.4
2026-01-03T13:00:00Z,51983.5
2026-01-03T14:00:00Z,51849.3
2026-01-03T15:00:00Z,50005.9
2026-01-03T16:00:00Z,49962.3
2026-01-03T17:00:00Z,46702.2
2026-01-03T18:00:00Z,44701.1
2026-01-03T19:00:00Z,42545.7
2026-01-03T20:00:00Z,41518.5
2026-01-03T21:00:00Z,39521.4
2026-01-03T22:00:00Z,39050.6
2026-01-03T23:00:00Z,36188.0
2026-01-04T00:00:00Z,37072.9
2026-01-04T01:00:00Z,35686.1
2026-01-04T02:00:00Z,38180.4
2026-01-04T03:00:00Z,38790.2
2026-01-04T04:00:00Z,40610.5
2026-01-04T05:00:00Z,42042.5
2026-01-04T06:00:00Z,45252.3
2026-01-04T07:00:00Z,46247.0
2026-01-04T08:00:00Z,48128.3
2026-01-04T09:00:00Z,50245.9
2026-01-04T10:00:00Z,51964.9
2026-01-04T11:00:00Z,52329.2
2026-01-04T12:00:00Z,52454.7
2026-01-04T13:00:00Z,51667.1
2026-01-04T14:00:00Z,52600.0
2026-01-04T15:00:00Z,50960.1
2026-01-04T16:00:00Z,49148.9
2026-01-04T17:00:00Z,47560.5
2026-01-04T18:00:00Z,44860.2
2026-01-04T19:00:00Z,42433.5
2026-01-04T20:00:00Z,40884.5
2026-01-04T21:00:00Z,39416.2
2026-01-04T22:00:00Z,36988.4
2026-01-04T23:00:00Z,37824.7
2026-01-05T00:00:00Z,38411.1
2026-01-05T01:00:00Z,39821.9
2026-01-05T02:00:00Z,40073.0
2026-01-05T03:00:00Z,40476.5
2026-01-05T04:00:00Z,42791.9
2026-01-05T05:00:00Z,44202.6
2026-01-05T06:00:00Z,47334.1
2026-01-05T07:00:00Z,49952.6
2026-01-05T08:00:00Z,50700.6
2026-01-05T09:00:00Z,52159.8
2026-01-05T10:00:00Z,54062.7
2026-01-05T11:00:00Z,55649.0
2026-01-05T12:00:00Z,55315.8
2026-01-05T13:00:00Z,55442.2
2026-01-05T14:00:00Z,54403.6
2026-01-05T15:00:00Z,51917.9
2026-01-05T16:00:00Z,51235.5
2026-01-05T17:00:00Z,49069.8
2026-01-05T18:00:00Z,47635.5
2026-01-05T19:00:00Z,44373.6
2026-01-05T20:00:00Z,42729.7
2026-01-05T21:00:00Z,40827.5
2026-01-05T22:00:00Z,39255.1
2026-01-05T23:00:00Z,40354.0
2026-01-06T00:00:00Z,38641.0
2026-01-06T01:00:00Z,38802.5
2026-01-06T02:00:00Z,39732.6
2026-01-06T03:00:00Z,41978.1
2026-01-06T04:00:00Z,43193.2
2026-01-06T05:00:00Z,44104.0
2026-01-06T06:00:00Z,47931.2
2026-01-06T07:00:00Z,49750.0
2026-01-06T08:00:00Z,50607.1
2026-01-06T09:00:00Z,53708.8
2026-01-06T10:00:00Z,53928.0
2026-01-06T11:00:00Z,53821.3
2026-01-06T12:00:00Z,55629.9
2026-01-06T13:00:00Z,54182.6
2026-01-06T14:00:00Z,53449.4
2026-01-06T15:00:00Z,52882.6
2026-01-06T16:00:00Z,50255.3
2026-01-06T17:00:00Z,49931.5
2026-01-06T18:00:00Z,48125.4
2026-01-06T19:00:00Z,45355.5
2026-01-06T20:00:00Z,41670.3
2026-01-06T21:00:00Z,42805.4
2026-01-06T22:00:00Z,40340.7
2026-01-06T23:00:00Z,38354.8
2026-01-07T00:00:00Z,37940.2
2026-01-07T01:00:00Z,39314.9
2026-01-07T02:00:00Z,40049.6
2026-01-07T03:00:00Z,40051.4
2026-01-07T04:00:00Z,42592.0
2026-01-07T05:00:00Z,44786.9
2026-01-07T06:00:00Z,47555.5
2026-01-07T07:00:00Z,48962.2
2026-01-07T08:00:00Z,49899.0
2026-01-07T09:00:00Z,53492.6
2026-01-07T10:00:00Z,54166.7
2026-01-07T11:00:00Z,54719.9
2026-01-07T12:00:00Z,55462.3
2026-01-07T13:00:00Z,54755.4
2026-01-07T14:00:00Z,53136.0
2026-01-07T15:00:00Z,51990.1
2026-01-07T16:00:00Z,49177.4
2026-01-07T17:00:00Z,49091.7
2026-01-07T18:00:00Z,46711.0
2026-01-07T19:00:00Z,45484.3
2026-01-07T20:00:00Z,42359.0
2026-01-07T21:00:00Z,41583.8
2026-01-07T22:00:00Z,38746.3
2026-01-07T23:00:00Z,39644.5
2026-01-08T00:00:00Z,38325.5
2026-01-08T01:00:00Z,38412.9
2026-01-08T02:00:00Z,39430.5
2026-01-08T03:00:00Z,40338.4
2026-01-08T04:00:00Z,42745.4
2026-01-08T05:00:00Z,44442.5
2026-01-08T06:00:00Z,46776.6
2026-01-08T07:00:00Z,47946.9
2026-01-08T08:00:00Z,51744.0
2026-01-08T09:00:00Z,51147.4
2026-01-08T10:00:00Z,53870.4
2026-01-08T11:00:00Z,54004.8
2026-01-08T12:00:00Z,54568.4
2026-01-08T13:00:00Z,55268.3
2026-01-08T14:00:00Z,53566.9
2026-01-08T15:00:00Z,51107.7
2026-01-08T16:00:00Z,50666.1
2026-01-08T17:00:00Z,49136.7
2026-01-08T18:00:00Z,45706.7
2026-01-08T19:00:00Z,44979.4
2026-01-08T20:00:00Z,42962.7
2026-01-08T21:00:00Z,41357.4
2026-01-08T22:00:00Z,40228.2
2026-01-08T23:00:00Z,39339.1
2026-01-09T00:00:00Z,38767.2
2026-01-09T01:00:00Z,38373.4
2026-01-09T02:00:00Z,39071.4
2026-01-09T03:00:00Z,43101.4
2026-01-09T04:00:00Z,42617.0
2026-01-09T05:00:00Z,44033.2
2026-01-09T06:00:00Z,46645.3
2026-01-09T07:00:00Z,47954.7
2026-01-09T08:00:00Z,50355.7
2026-01-09T09:00:00Z,52802.3
2026-01-09T10:00:00Z,52401.2
2026-01-09T11:00:00Z,54263.1
2026-01-09T12:00:00Z,54577.6
2026-01-09T13:00:00Z,54090.2
2026-01-09T14:00:00Z,53397.9
2026-01-09T15:00:00Z,52584.2
2026-01-09T16:00:00Z,51112.5
2026-01-09T17:00:00Z,47814.4
2026-01-09T18:00:00Z,46477.5
2026-01-09T19:00:00Z,44478.9
2026-01-09T20:00:00Z,41842.1
2026-01-09T21:00:00Z,40641.4
2026-01-09T22:00:00Z,39021.3
2026-01-09T23:00:00Z,37794.3
2026-01-10T00:00:00Z,36494.3
2026-01-10T01:00:00Z,35629.6
2026-01-10T02:00:00Z,36698.2
2026-01-10T03:00:00Z,37507.9
2026-01-10T04:00:00Z,40347.3
2026-01-10T05:00:00Z,40988.3
2026-01-10T06:00:00Z,42273.5
2026-01-10T07:00:00Z,45415.8
2026-01-10T08:00:00Z,47314.9
2026-01-10T09:00:00Z,49651.2
2026-01-10T10:00:00Z,50137.3
2026-01-10T11:00:00Z,52002.1
2026-01-10T12:00:00Z,52252.2
2026-01-10T13:00:00Z,51582.9
2026-01-10T14:00:00Z,50279.0
2026-01-10T15:00:00Z,50422.3
2026-01-10T16:00:00Z,47782.3
2026-01-10T17:00:00Z,45263.2
2026-01-10T18:00:00Z,44237.7
2026-01-10T19:00:00Z,42506.8
2026-01-10T20:00:00Z,39775.1
2026-01-10T21:00:00Z,38942.9
2026-01-10T22:00:00Z,36856.7
2026-01-10T23:00:00Z,35434.0
2026-01-11T00:00:00Z,37250.7
2026-01-11T01:00:00Z,36104.9
2026-01-11T02:00:00Z,35160.7
2026-01-11T03:00:00Z,38768.5
2026-01-11T04:00:00Z,39695.5
2026-01-11T05:00:00Z,42643.3
2026-01-11T06:00:00Z,44634.7
2026-01-11T07:00:00Z,45393.3
2026-01-11T08:00:00Z,47360.7
2026-01-11T09:00:00Z,50020.4
2026-01-11T10:00:00Z,51899.1
2026-01-11T11:00:00Z,51273.5
2026-01-11T12:00:00Z,51178.1
2026-01-11T13:00:00Z,52406.5
2026-01-11T14:00:00Z,50284.1
2026-01-11T15:00:00Z,48164.4
2026-01-11T16:00:00Z,47723.4
2026-01-11T17:00:00Z,46344.7
2026-01-11T18:00:00Z,44032.5
2026-01-11T19:00:00Z,41377.2
2026-01-11T20:00:00Z,39720.6
2026-01-11T21:00:00Z,38007.8
2026-01-11T22:00:00Z,37632.5
2026-01-11T23:00:00Z,35984.4
2026-01-12T00:00:00Z,37834.4
2026-01-12T01:00:00Z,37328.5
2026-01-12T02:00:00Z,38345.0
2026-01-12T03:00:00Z,40248.5
2026-01-12T04:00:00Z,42141.8
2026-01-12T05:00:00Z,44406.0
2026-01-12T06:00:00Z,45742.1
2026-01-12T07:00:00Z,48072.9
2026-01-12T08:00:00Z,49498.0
2026-01-12T09:00:00Z,51127.5
2026-01-12T10:00:00Z,52591.2
2026-01-12T11:00:00Z,53558.3
2026-01-12T12:00:00Z,53771.5
2026-01-12T13:00:00Z,53956.5
2026-01-12T14:00:00Z,51922.5
2026-01-12T15:00:00Z,52530.2
2026-01-12T16:00:00Z,49417.3
2026-01-12T17:00:00Z,47898.4
2026-01-12T18:00:00Z,45829.4
2026-01-12T19:00:00Z,43482.4
2026-01-12T20:00:00Z,40658.6
2026-01-12T21:00:00Z,40255.3
2026-01-12T22:00:00Z,39192.9
2026-01-12T23:00:00Z,37536.9
2026-01-13T00:00:00Z,37679.0
2026-01-13T01:00:00Z,39433.0
2026-01-13T02:00:00Z,38717.7
2026-01-13T03:00:00Z,40212.9
2026-01-13T04:00:00Z,41602.9
2026-01-13T05:00:00Z,43489.4
2026-01-13T06:00:00Z,45312.6
2026-01-13T07:00:00Z,48043.7
2026-01-13T08:00:00Z,49610.4
2026-01-13T09:00:00Z,52432.6
2026-01-13T10:00:00Z,52377.6
2026-01-13T11:00:00Z,54741.5
2026-01-13T12:00:00Z,53901.7
2026-01-13T13:00:00Z,53250.3
2026-01-13T14:00:00Z,52091.6
2026-01-13T15:00:00Z,51365.9
2026-01-13T16:00:00Z,51006.4
2026-01-13T17:00:00Z,47113.6
2026-01-13T18:00:00Z,46401.8
2026-01-13T19:00:00Z,43720.3
2026-01-13T20:00:00Z,40560.3
2026-01-13T21:00:00Z,39808.1
2026-01-13T22:00:00Z,39222.4
2026-01-13T23:00:00Z,39116.3
2026-01-14T00:00:00Z,35787.5
2026-01-14T01:00:00Z,36613.7
2026-01-14T02:00:00Z,37889.0
2026-01-14T03:00:00Z,38919.7
2026-01-14T04:00:00Z,42576.8
2026-01-14T05:00:00Z,43267.3
2026-01-14T06:00:00Z,46763.7
2026-01-14T07:00:00Z,48365.8
2026-01-14T08:00:00Z,50547.4
2026-01-14T09:00:00Z,50839.9
2026-01-14T10:00:00Z,52701.1
2026-01-14T11:00:00Z,53545.4
2026-01-14T12:00:00Z,54294.3
2026-01-14T13:00:00Z,52043.3
2026-01-14T14:00:00Z,52307.1
2026-01-14T15:00:00Z,51239.4
2026-01-14T16:00:00Z,50680.5
2026-01-14T17:00:00Z,48261.7
2026-01-14T18:00:00Z,46036.9
2026-01-14T19:00:00Z,43890.7
2026-01-14T20:00:00Z,40049.9
2026-01-14T21:00:00Z,39821.9
2026-01-14T22:00:00Z,39120.7
2026-01-14T23:00:00Z,37832.7
2026-01-15T00:00:00Z,37201.3
2026-01-15T01:00:00Z,38688.6
2026-01-15T02:00:00Z,38857.5
2026-01-15T03:00:00Z,39892.5
2026-01-15T04:00:00Z,40427.8
2026-01-15T05:00:00Z,41402.2
2026-01-15T06:00:00Z,45282.8
2026-01-15T07:00:00Z,47817.2
2026-01-15T08:00:00Z,49098.1
2026-01-15T09:00:00Z,52017.3
2026-01-15T10:00:00Z,52726.3
2026-01-15T11:00:00Z,54681.9
2026-01-15T12:00:00Z,52492.2
2026-01-15T13:00:00Z,52823.4
2026-01-15T14:00:00Z,52911.5
2026-01-15T15:00:00Z,51312.6
2026-01-15T16:00:00Z,48534.7
2026-01-15T17:00:00Z,47250.1
2026-01-15T18:00:00Z,45333.8
2026-01-15T19:00:00Z,42240.8
2026-01-15T20:00:00Z,41893.6
2026-01-15T21:00:00Z,40596.1
2026-01-15T22:00:00Z,37900.2
2026-01-15T23:00:00Z,36483.5
2026-01-16T00:00:00Z,37637.8
2026-01-16T01:00:00Z,37022.3
2026-01-16T02:00:00Z,37352.1
2026-01-16T03:00:00Z,40243.0
2026-01-16T04:00:00Z,41029.3
2026-01-16T05:00:00Z,42449.3
2026-01-16T06:00:00Z,44702.0
2026-01-16T07:00:00Z,46749.3
2026-01-16T08:00:00Z,48920.5
2026-01-16T09:00:00Z,50875.3
2026-01-16T10:00:00Z,52182.9
2026-01-16T11:00:00Z,51761.5
2026-01-16T12:00:00Z,52906.5
2026-01-16T13:00:00Z,53643.4
2026-01-16T14:00:00Z,51821.8
2026-01-16T15:00:00Z,50744.0
2026-01-16T16:00:00Z,49669.5
2026-01-16T17:00:00Z,48033.6
2026-01-16T18:00:00Z,44257.2
2026-01-16T19:00:00Z,44963.0
2026-01-16T20:00:00Z,39970.3
2026-01-16T21:00:00Z,40063.5
2026-01-16T22:00:00Z,38846.2
2026-01-16T23:00:00Z,36823.7
2026-01-17T00:00:00Z,34547.5
2026-01-17T01:00:00Z,33642.1
2026-01-17T02:00:00Z,35877.6
2026-01-17T03:00:00Z,37406.9
2026-01-17T04:00:00Z,38757.8
2026-01-17T05:00:00Z,40983.9
2026-01-17T06:00:00Z,42769.7
2026-01-17T07:00:00Z,45610.1
2026-01-17T08:00:00Z,47080.7
2026-01-17T09:00:00Z,48978.6
2026-01-17T10:00:00Z,49791.0
2026-01-17T11:00:00Z,51067.7
2026-01-17T12:00:00Z,51143.6
2026-01-17T13:00:00Z,50747.5
2026-01-17T14:00:00Z,49661.4
2026-01-17T15:00:00Z,48729.8
2026-01-17T16:00:00Z,46539.9
2026-01-17T17:00:00Z,44256.6
2026-01-17T18:00:00Z,42273.4
2026-01-17T19:00:00Z,40397.5
2026-01-17T20:00:00Z,38936.8
2026-01-17T21:00:00Z,36884.5
2026-01-17T22:00:00Z,35018.7
2026-01-17T23:00:00Z,35383.0
2026-01-18T00:00:00Z,33992.0
2026-01-18T01:00:00Z,35144.4
2026-01-18T02:00:00Z,36334.1
2026-01-18T03:00:00Z,36683.5
2026-01-18T04:00:00Z,39016.4
2026-01-18T05:00:00Z,41285.7
2026-01-18T06:00:00Z,42161.2
2026-01-18T07:00:00Z,44670.5
2026-01-18T08:00:00Z,46706.7
2026-01-18T09:00:00Z,48236.1
2026-01-18T10:00:00Z,50749.4
2026-01-18T11:00:00Z,50075.0
2026-01-18T12:00:00Z,50647.1
2026-01-18T13:00:00Z,51660.4
2026-01-18T14:00:00Z,50828.8
2026-01-18T15:00:00Z,47865.9
2026-01-18T16:00:00Z,47426.4
2026-01-18T17:00:00Z,45045.5
2026-01-18T18:00:00Z,43817.1
2026-01-18T19:00:00Z,41129.0
2026-01-18T20:00:00Z,36790.4
2026-01-18T21:00:00Z,37254.1
2026-01-18T22:00:00Z,36086.7
2026-01-18T23:00:00Z,34570.8
2026-01-19T00:00:00Z,37113.1
2026-01-19T01:00:00Z,37170.9
2026-01-19T02:00:00Z,37283.9
2026-01-19T03:00:00Z,39313.5
2026-01-19T04:00:00Z,40462.7
2026-01-19T05:00:00Z,42933.7
2026-01-19T06:00:00Z,44820.6
2026-01-19T07:00:00Z,46582.0
2026-01-19T08:00:00Z,49034.8
2026-01-19T09:00:00Z,50850.1
2026-01-19T10:00:00Z,52468.4
2026-01-19T11:00:00Z,53586.4
2026-01-19T12:00:00Z,51889.9
2026-01-19T13:00:00Z,53559.1
2026-01-19T14:00:00Z,51784.0
2026-01-19T15:00:00Z,50961.7
2026-01-19T16:00:00Z,48552.7
2026-01-19T17:00:00Z,47669.7
2026-01-19T18:00:00Z,45230.2
2026-01-19T19:00:00Z,43799.9
2026-01-19T20:00:00Z,41074.4
2026-01-19T21:00:00Z,37574.2
2026-01-19T22:00:00Z,38637.3
2026-01-19T23:00:00Z,37335.8
2026-01-20T00:00:00Z,35726.4
2026-01-20T01:00:00Z,37289.6
2026-01-20T02:00:00Z,37775.4
2026-01-20T03:00:00Z,38078.9
2026-01-20T04:00:00Z,40396.5
2026-01-20T05:00:00Z,42376.7
2026-01-20T06:00:00Z,44403.8
2026-01-20T07:00:00Z,47378.2
2026-01-20T08:00:00Z,48601.8
2026-01-20T09:00:00Z,51683.3
2026-01-20T10:00:00Z,50539.4
2026-01-20T11:00:00Z,51993.3
2026-01-20T12:00:00Z,52554.9
2026-01-20T13:00:00Z,51596.5
2026-01-20T14:00:00Z,51993.5
2026-01-20T15:00:00Z,50216.2
2026-01-20T16:00:00Z,47925.4
2026-01-20T17:00:00Z,46985.6
2026-01-20T18:00:00Z,44333.1
2026-01-20T19:00:00Z,42735.5
2026-01-20T20:00:00Z,39855.8
2026-01-20T21:00:00Z,39422.6
2026-01-20T22:00:00Z,37631.7
2026-01-20T23:00:00Z,36384.4
2026-01-21T00:00:00Z,37139.1
2026-01-21T01:00:00Z,37131.4
2026-01-21T02:00:00Z,38260.1
2026-01-21T03:00:00Z,37846.2
2026-01-21T04:00:00Z,40846.9
2026-01-21T05:00:00Z,42867.8
2026-01-21T06:00:00Z,43976.2
2026-01-21T07:00:00Z,46604.6
2026-01-21T08:00:00Z,47510.9
2026-01-21T09:00:00Z,49826.0
2026-01-21T10:00:00Z,50918.8
2026-01-21T11:00:00Z,52770.4
2026-01-21T12:00:00Z,52487.9
2026-01-21T13:00:00Z,53394.7
2026-01-21T14:00:00Z,51450.0
2026-01-21T15:00:00Z,50312.0
2026-01-21T16:00:00Z,47775.0
2026-01-21T17:00:00Z,46337.8
2026-01-21T18:00:00Z,43686.1
2026-01-21T19:00:00Z,42476.2
2026-01-21T20:00:00Z,40449.9
2026-01-21T21:00:00Z,38866.5
2026-01-21T22:00:00Z,37266.4
2026-01-21T23:00:00Z,36199.6
2026-01-22T00:00:00Z,36787.4
2026-01-22T01:00:00Z,35518.8
2026-01-22T02:00:00Z,36214.3
2026-01-22T03:00:00Z,37246.6
2026-01-22T04:00:00Z,40450.4
2026-01-22T05:00:00Z,42616.8
2026-01-22T06:00:00Z,44726.3
2026-01-22T07:00:00Z,46698.3
2026-01-22T08:00:00Z,48721.9
2026-01-22T09:00:00Z,50433.6
2026-01-22T10:00:00Z,51300.5
2026-01-22T11:00:00Z,52193.0
2026-01-22T12:00:00Z,53616.6
2026-01-22T13:00:00Z,51654.2
2026-01-22T14:00:00Z,50924.0
2026-01-22T15:00:00Z,48673.5
2026-01-22T16:00:00Z,48234.3
2026-01-22T17:00:00Z,47088.4
2026-01-22T18:00:00Z,43453.7
2026-01-22T19:00:00Z,40664.3
2026-01-22T20:00:00Z,40389.0
2026-01-22T21:00:00Z,37831.6
2026-01-22T22:00:00Z,36440.0
2026-01-22T23:00:00Z,35505.9
2026-01-23T00:00:00Z,36259.1
2026-01-23T01:00:00Z,36713.9
2026-01-23T02:00:00Z,38944.4
2026-01-23T03:00:00Z,39025.0
2026-01-23T04:00:00Z,39573.7
2026-01-23T05:00:00Z,40366.8
2026-01-23T06:00:00Z,43159.9
2026-01-23T07:00:00Z,47380.2
2026-01-23T08:00:00Z,48280.7
2026-01-23T09:00:00Z,49858.0
2026-01-23T10:00:00Z,50579.2
2026-01-23T11:00:00Z,52392.1
2026-01-23T12:00:00Z,52540.6
2026-01-23T13:00:00Z,52476.7
2026-01-23T14:00:00Z,52010.0
2026-01-23T15:00:00Z,49516.9
2026-01-23T16:00:00Z,48228.8
2026-01-23T17:00:00Z,46610.3
2026-01-23T18:00:00Z,43638.0
2026-01-23T19:00:00Z,41617.9
2026-01-23T20:00:00Z,40475.8
2026-01-23T21:00:00Z,38345.9
2026-01-23T22:00:00Z,37465.7
2026-01-23T23:00:00Z,36988.6
2026-01-24T00:00:00Z,33144.7
2026-01-24T01:00:00Z,35065.7
2026-01-24T02:00:00Z,35156.3
2026-01-24T03:00:00Z,36576.5
2026-01-24T04:00:00Z,36309.2
2026-01-24T05:00:00Z,39646.4
2026-01-24T06:00:00Z,39901.3
2026-01-24T07:00:00Z,43550.7
2026-01-24T08:00:00Z,45702.1
2026-01-24T09:00:00Z,48153.4
2026-01-24T10:00:00Z,48505.1
2026-01-24T11:00:00Z,49110.3
2026-01-24T12:00:00Z,49265.6
2026-01-24T13:00:00Z,48857.4
2026-01-24T14:00:00Z,48569.7
2026-01-24T15:00:00Z,47581.7
2026-01-24T16:00:00Z,45972.7
2026-01-24T17:00:00Z,43311.8
2026-01-24T18:00:00Z,41271.1
2026-01-24T19:00:00Z,39862.2
2026-01-24T20:00:00Z,36477.2
2026-01-24T21:00:00Z,36055.1
2026-01-24T22:00:00Z,34051.7
2026-01-24T23:00:00Z,34035.6
2026-01-25T00:00:00Z,32174.2
2026-01-25T01:00:00Z,33059.1
2026-01-25T02:00:00Z,33798.3
2026-01-25T03:00:00Z,36247.0
2026-01-25T04:00:00Z,37368.0
2026-01-25T05:00:00Z,38530.9
2026-01-25T06:00:00Z,41323.6
2026-01-25T07:00:00Z,43457.1
2026-01-25T08:00:00Z,46514.8
2026-01-25T09:00:00Z,46671.2
2026-01-25T10:00:00Z,47665.9
2026-01-25T11:00:00Z,48372.7
2026-01-25T12:00:00Z,48828.2
2026-01-25T13:00:00Z,49481.9
2026-01-25T14:00:00Z,49571.8
2026-01-25T15:00:00Z,47078.6
2026-01-25T16:00:00Z,45474.4
2026-01-25T17:00:00Z,43289.3
2026-01-25T18:00:00Z,41606.7
2026-01-25T19:00:00Z,39274.2
2026-01-25T20:00:00Z,37132.0
2026-01-25T21:00:00Z,37335.1
2026-01-25T22:00:00Z,34755.3
2026-01-25T23:00:00Z,33153.7
2026-01-26T00:00:00Z,35909.3
2026-01-26T01:00:00Z,35310.3
2026-01-26T02:00:00Z,36894.9
2026-01-26T03:00:00Z,37951.9
2026-01-26T04:00:00Z,40728.6
2026-01-26T05:00:00Z,42511.8
2026-01-26T06:00:00Z,43848.1
2026-01-26T07:00:00Z,45191.0
2026-01-26T08:00:00Z,47669.9
2026-01-26T09:00:00Z,48926.3
2026-01-26T10:00:00Z,50813.6
2026-01-26T11:00:00Z,52163.8
2026-01-26T12:00:00Z,51949.9
2026-01-26T13:00:00Z,51344.6
2026-01-26T14:00:00Z,50546.2
2026-01-26T15:00:00Z,49156.3
2026-01-26T16:00:00Z,46906.0
2026-01-26T17:00:00Z,45092.5
2026-01-26T18:00:00Z,44090.1
2026-01-26T19:00:00Z,41897.5
2026-01-26T20:00:00Z,39326.6
2026-01-26T21:00:00Z,36761.1
2026-01-26T22:00:00Z,37061.0
2026-01-26T23:00:00Z,36586.7
2026-01-27T00:00:00Z,35068.7
2026-01-27T01:00:00Z,35582.1
2026-01-27T02:00:00Z,36719.6
2026-01-27T03:00:00Z,37190.0
2026-01-27T04:00:00Z,39493.9
2026-01-27T05:00:00Z,41287.7
2026-01-27T06:00:00Z,43884.2
2026-01-27T07:00:00Z,45561.2
2026-01-27T08:00:00Z,47034.4
2026-01-27T09:00:00Z,49426.5
2026-01-27T10:00:00Z,51387.7
2026-01-27T11:00:00Z,51651.9
2026-01-27T12:00:00Z,49503.4
2026-01-27T13:00:00Z,51953.4
2026-01-27T14:00:00Z,50616.4
2026-01-27T15:00:00Z,48786.9
2026-01-27T16:00:00Z,47965.1
2026-01-27T17:00:00Z,45803.6
2026-01-27T18:00:00Z,43864.2
2026-01-27T19:00:00Z,41532.8
2026-01-27T20:00:00Z,38749.3
2026-01-27T21:00:00Z,37589.3
2026-01-27T22:00:00Z,38265.8
2026-01-27T23:00:00Z,34612.6
2026-01-28T00:00:00Z,34313.3
2026-01-28T01:00:00Z,34857.4
2026-01-28T02:00:00Z,36577.2
2026-01-28T03:00:00Z,37232.6
2026-01-28T04:00:00Z,40322.6
2026-01-28T05:00:00Z,40778.1
2026-01-28T06:00:00Z,42483.4
2026-01-28T07:00:00Z,45001.0
2026-01-28T08:00:00Z,48039.8
2026-01-28T09:00:00Z,47384.1
2026-01-28T10:00:00Z,49562.3
2026-01-28T11:00:00Z,52109.8
2026-01-28T12:00:00Z,51679.7
2026-01-28T13:00:00Z,51218.5
2026-01-28T14:00:00Z,50256.8
2026-01-28T15:00:00Z,48660.1
2026-01-28T16:00:00Z,46391.7
2026-01-28T17:00:00Z,45736.0
2026-01-28T18:00:00Z,43962.1
2026-01-28T19:00:00Z,41083.2
2026-01-28T20:00:00Z,40714.1
2026-01-28T21:00:00Z,36556.8
2026-01-28T22:00:00Z,36012.8
2026-01-28T23:00:00Z,35491.6
2026-01-29T00:00:00Z,34349.8
2026-01-29T01:00:00Z,34438.6
2026-01-29T02:00:00Z,36626.9
2026-01-29T03:00:00Z,39016.6
2026-01-29T04:00:00Z,39702.7
2026-01-29T05:00:00Z,41479.6
2026-01-29T06:00:00Z,42672.1
2026-01-29T07:00:00Z,44829.5
2026-01-29T08:00:00Z,46570.8
2026-01-29T09:00:00Z,48085.4
2026-01-29T10:00:00Z,51298.3
2026-01-29T11:00:00Z,51276.1
2026-01-29T12:00:00Z,50610.0
2026-01-29T13:00:00Z,52323.9
2026-01-29T14:00:00Z,51535.3
2026-01-29T15:00:00Z,48444.7
2026-01-29T16:00:00Z,46393.0
2026-01-29T17:00:00Z,44739.5
2026-01-29T18:00:00Z,44436.1
2026-01-29T19:00:00Z,39757.5
2026-01-29T20:00:00Z,39353.2
2026-01-29T21:00:00Z,37418.3
2026-01-29T22:00:00Z,37162.2
2026-01-29T23:00:00Z,35855.5
2026-01-30T00:00:00Z,35063.2
2026-01-30T01:00:00Z,34954.7
2026-01-30T02:00:00Z,35891.1
2026-01-30T03:00:00Z,37818.6
2026-01-30T04:00:00Z,38254.2
2026-01-30T05:00:00Z,41427.1
2026-01-30T06:00:00Z,44085.7
2026-01-30T07:00:00Z,45051.8
2026-01-30T08:00:00Z,46116.7
2026-01-30T09:00:00Z,48862.3
2026-01-30T10:00:00Z,49561.9
2026-01-30T11:00:00Z,50979.5
2026-01-30T12:00:00Z,50801.5
2026-01-30T13:00:00Z,50149.3
2026-01-30T14:00:00Z,49756.5
2026-01-30T15:00:00Z,48607.5
2026-01-30T16:00:00Z,46438.4
2026-01-30T17:00:00Z,44384.7
2026-01-30T18:00:00Z,43003.9
2026-01-30T19:00:00Z,40529.5
2026-01-30T20:00:00Z,38536.3
2026-01-30T21:00:00Z,36994.8
2026-01-30T22:00:00Z,36175.6
2026-01-30T23:00:00Z,35562.4
2026-01-31T00:00:00Z,32814.8
2026-01-31T01:00:00Z,31882.2
2026-01-31T02:00:00Z,32998.6
2026-01-31T03:00:00Z,34007.7
2026-01-31T04:00:00Z,37434.7
2026-01-31T05:00:00Z,39116.4
2026-01-31T06:00:00Z,40971.9
2026-01-31T07:00:00Z,42916.2
2026-01-31T08:00:00Z,44129.6
2026-01-31T09:00:00Z,46437.9
2026-01-31T10:00:00Z,46648.5
2026-01-31T11:00:00Z,48061.9
2026-01-31T12:00:00Z,49406.0
2026-01-31T13:00:00Z,49242.2
2026-01-31T14:00:00Z,47543.7
2026-01-31T15:00:00Z,46076.2
2026-01-31T16:00:00Z,44290.6
2026-01-31T17:00:00Z,41928.0
2026-01-31T18:00:00Z,41233.8
2026-01-31T19:00:00Z,38769.6
2026-01-31T20:00:00Z,36615.6
2026-01-31T21:00:00Z,34592.5
2026-01-31T22:00:00Z,34045.7
2026-01-31T23:00:00Z,32733.0
2026-02-01T00:00:00Z,31219.4
2026-02-01T01:00:00Z,32576.5
2026-02-01T02:00:00Z,33055.6
2026-02-01T03:00:00Z,34974.9
2026-02-01T04:00:00Z,36093.9
2026-02-01T05:00:00Z,38492.8
2026-02-01T06:00:00Z,39941.8
2026-02-01T07:00:00Z,42977.0
2026-02-01T08:00:00Z,44897.5
2026-02-01T09:00:00Z,46751.4
2026-02-01T10:00:00Z,47354.8
2026-02-01T11:00:00Z,48450.3
2026-02-01T12:00:00Z,47885.2
2026-02-01T13:00:00Z,48524.5
2026-02-01T14:00:00Z,47511.7
2026-02-01T15:00:00Z,45272.9
2026-02-01T16:00:00Z,44887.2
2026-02-01T17:00:00Z,41871.3
2026-02-01T18:00:00Z,40652.4
2026-02-01T19:00:00Z,38314.4
2026-02-01T20:00:00Z,37887.4
2026-02-01T21:00:00Z,34821.0
2026-02-01T22:00:00Z,33359.8
2026-02-01T23:00:00Z,32123.3
2026-02-02T00:00:00Z,35613.7
2026-02-02T01:00:00Z,34304.6
2026-02-02T02:00:00Z,33786.3
2026-02-02T03:00:00Z,37430.0
2026-02-02T04:00:00Z,38204.0
2026-02-02T05:00:00Z,39945.0
2026-02-02T06:00:00Z,42082.7
2026-02-02T07:00:00Z,43891.7
2026-02-02T08:00:00Z,46756.7
2026-02-02T09:00:00Z,47924.4
2026-02-02T10:00:00Z,50344.3
2026-02-02T11:00:00Z,50456.7
2026-02-02T12:00:00Z,52359.9
2026-02-02T13:00:00Z,50050.3
2026-02-02T14:00:00Z,49663.5
2026-02-02T15:00:00Z,47006.6
2026-02-02T16:00:00Z,47500.5
2026-02-02T17:00:00Z,45041.8
2026-02-02T18:00:00Z,42558.7
2026-02-02T19:00:00Z,40207.1
2026-02-02T20:00:00Z,39184.8
2026-02-02T21:00:00Z,37628.1
2026-02-02T22:00:00Z,35539.4
2026-02-02T23:00:00Z,34088.4
2026-02-03T00:00:00Z,35134.5
2026-02-03T01:00:00Z,35057.2
2026-02-03T02:00:00Z,34919.5
2026-02-03T03:00:00Z,35649.3
2026-02-03T04:00:00Z,38727.3
2026-02-03T05:00:00Z,40013.0
2026-02-03T06:00:00Z,42055.1
2026-02-03T07:00:00Z,43923.9
2026-02-03T08:00:00Z,45476.0
2026-02-03T09:00:00Z,47259.1
2026-02-03T10:00:00Z,48892.8
2026-02-03T11:00:00Z,49569.8
2026-02-03T12:00:00Z,50343.8
2026-02-03T13:00:00Z,48768.1
2026-02-03T14:00:00Z,47832.1
2026-02-03T15:00:00Z,47536.1
2026-02-03T16:00:00Z,46035.8
2026-02-03T17:00:00Z,43404.1
2026-02-03T18:00:00Z,42997.1
2026-02-03T19:00:00Z,40430.2
2026-02-03T20:00:00Z,37790.4
2026-02-03T21:00:00Z,37532.8
2026-02-03T22:00:00Z,35036.1
2026-02-03T23:00:00Z,34625.4
2026-02-04T00:00:00Z,34319.9
2026-02-04T01:00:00Z,33352.6
2026-02-04T02:00:00Z,35566.6
2026-02-04T03:00:00Z,35359.5
2026-02-04T04:00:00Z,38164.9
2026-02-04T05:00:00Z,39580.9
2026-02-04T06:00:00Z,42938.2
2026-02-04T07:00:00Z,42681.0
2026-02-04T08:00:00Z,46731.4
2026-02-04T09:00:00Z,47408.6
2026-02-04T10:00:00Z,50419.7
2026-02-04T11:00:00Z,49991.0
2026-02-04T12:00:00Z,49857.4
2026-02-04T13:00:00Z,50347.9
2026-02-04T14:00:00Z,50156.6
2026-02-04T15:00:00Z,47570.4
2026-02-04T16:00:00Z,45999.9
2026-02-04T17:00:00Z,43556.5
2026-02-04T18:00:00Z,41649.0
2026-02-04T19:00:00Z,40868.6
2026-02-04T20:00:00Z,38156.8
2026-02-04T21:00:00Z,35889.4
2026-02-04T22:00:00Z,34569.8
2026-02-04T23:00:00Z,35144.6
2026-02-05T00:00:00Z,33085.8
2026-02-05T01:00:00Z,34790.2
2026-02-05T02:00:00Z,34583.4
2026-02-05T03:00:00Z,36541.9
2026-02-05T04:00:00Z,38608.0
2026-02-05T05:00:00Z,39441.6
2026-02-05T06:00:00Z,42425.6
2026-02-05T07:00:00Z,43979.3
2026-02-05T08:00:00Z,46518.8
2026-02-05T09:00:00Z,48118.4
2026-02-05T10:00:00Z,47914.2
2026-02-05T11:00:00Z,49693.8
2026-02-05T12:00:00Z,49269.0
2026-02-05T13:00:00Z,50003.3
2026-02-05T14:00:00Z,47253.9
2026-02-05T15:00:00Z,48322.8
2026-02-05T16:00:00Z,46117.6
2026-02-05T17:00:00Z,43702.2
2026-02-05T18:00:00Z,42318.0
2026-02-05T19:00:00Z,41329.0
2026-02-05T20:00:00Z,37887.2
2026-02-05T21:00:00Z,35989.4
2026-02-05T22:00:00Z,34857.3
2026-02-05T23:00:00Z,33368.0
2026-02-06T00:00:00Z,32751.9
2026-02-06T01:00:00Z,33846.1
2026-02-06T02:00:00Z,34094.9
2026-02-06T03:00:00Z,34293.2
2026-02-06T04:00:00Z,37189.8
2026-02-06T05:00:00Z,38722.7
2026-02-06T06:00:00Z,41300.8
2026-02-06T07:00:00Z,42492.7
2026-02-06T08:00:00Z,47929.2
2026-02-06T09:00:00Z,47531.3
2026-02-06T10:00:00Z,47403.0
2026-02-06T11:00:00Z,49877.4
2026-02-06T12:00:00Z,49251.8
2026-02-06T13:00:00Z,49456.8
2026-02-06T14:00:00Z,49564.1
2026-02-06T15:00:00Z,47329.5
2026-02-06T16:00:00Z,45029.3
2026-02-06T17:00:00Z,43842.9
2026-02-06T18:00:00Z,42184.2
2026-02-06T19:00:00Z,40352.0
2026-02-06T20:00:00Z,37340.1
2026-02-06T21:00:00Z,36854.1
2026-02-06T22:00:00Z,34651.8
2026-02-06T23:00:00Z,33093.8
2026-02-07T00:00:00Z,31560.6
2026-02-07T01:00:00Z,30229.5
2026-02-07T02:00:00Z,31752.9
2026-02-07T03:00:00Z,33989.9
2026-02-07T04:00:00Z,35164.9
2026-02-07T05:00:00Z,37566.4
2026-02-07T06:00:00Z,39620.6
2026-02-07T07:00:00Z,40985.1
2026-02-07T08:00:00Z,44437.0
2026-02-07T09:00:00Z,45755.2
2026-02-07T10:00:00Z,45257.8
2026-02-07T11:00:00Z,47643.7
2026-02-07T12:00:00Z,47180.0
2026-02-07T13:00:00Z,46357.4
2026-02-07T14:00:00Z,47266.2
2026-02-07T15:00:00Z,44673.6
2026-02-07T16:00:00Z,43109.5
2026-02-07T17:00:00Z,40474.1
2026-02-07T18:00:00Z,39225.1
2026-02-07T19:00:00Z,36312.0
2026-02-07T20:00:00Z,34879.7
2026-02-07T21:00:00Z,33511.9
2026-02-07T22:00:00Z,31616.2
2026-02-07T23:00:00Z,31735.6
2026-02-08T00:00:00Z,31222.4
2026-02-08T01:00:00Z,30574.7
2026-02-08T02:00:00Z,32414.9
2026-02-08T03:00:00Z,33773.4
2026-02-08T04:00:00Z,34790.7
2026-02-08T05:00:00Z,37640.6
2026-02-08T06:00:00Z,39123.4
2026-02-08T07:00:00Z,40020.2
2026-02-08T08:00:00Z,42692.9
2026-02-08T09:00:00Z,45127.3
2026-02-08T10:00:00Z,46597.6
2026-02-08T11:00:00Z,46052.6
2026-02-08T12:00:00Z,46582.9
2026-02-08T13:00:00Z,47250.8
2026-02-08T14:00:00Z,47183.1
2026-02-08T15:00:00Z,44677.5
2026-02-08T16:00:00Z,43323.8
2026-02-08T17:00:00Z,41307.3
2026-02-08T18:00:00Z,38410.6
2026-02-08T19:00:00Z,37802.6
2026-02-08T20:00:00Z,35422.6
2026-02-08T21:00:00Z,34144.2
2026-02-08T22:00:00Z,32629.2
2026-02-08T23:00:00Z,31143.1
2026-02-09T00:00:00Z,33748.3
2026-02-09T01:00:00Z,32845.1
2026-02-09T02:00:00Z,34227.5
2026-02-09T03:00:00Z,35797.3
2026-02-09T04:00:00Z,37369.6
2026-02-09T05:00:00Z,38891.8
2026-02-09T06:00:00Z,41509.2
2026-02-09T07:00:00Z,42428.1
2026-02-09T08:00:00Z,44885.6
2026-02-09T09:00:00Z,47494.5
2026-02-09T10:00:00Z,47968.4
2026-02-09T11:00:00Z,49658.8
2026-02-09T12:00:00Z,48379.9
2026-02-09T13:00:00Z,49063.1
2026-02-09T14:00:00Z,47872.0
2026-02-09T15:00:00Z,47096.5
2026-02-09T16:00:00Z,46632.9
2026-02-09T17:00:00Z,43333.1
2026-02-09T18:00:00Z,42051.0
2026-02-09T19:00:00Z,38854.6
2026-02-09T20:00:00Z,36495.0
2026-02-09T21:00:00Z,36724.6
2026-02-09T22:00:00Z,33902.8
2026-02-09T23:00:00Z,33374.3
2026-02-10T00:00:00Z,33135.8
2026-02-10T01:00:00Z,32316.3
2026-02-10T02:00:00Z,34941.6
2026-02-10T03:00:00Z,34124.8
2026-02-10T04:00:00Z,37024.8
2026-02-10T05:00:00Z,39246.2
2026-02-10T06:00:00Z,40627.7
2026-02-10T07:00:00Z,42481.4
2026-02-10T08:00:00Z,45474.3
2026-02-10T09:00:00Z,46456.7
2026-02-10T10:00:00Z,47592.5
2026-02-10T11:00:00Z,48902.3
2026-02-10T12:00:00Z,49240.7
2026-02-10T13:00:00Z,48919.1
2026-02-10T14:00:00Z,48505.0
2026-02-10T15:00:00Z,46706.7
2026-02-10T16:00:00Z,45882.8
2026-02-10T17:00:00Z,42537.8
2026-02-10T18:00:00Z,41248.5
2026-02-10T19:00:00Z,39018.9
2026-02-10T20:00:00Z,36469.5
2026-02-10T21:00:00Z,35703.7
2026-02-10T22:00:00Z,33928.7
2026-02-10T23:00:00Z,32660.0
2026-02-11T00:00:00Z,32017.5
2026-02-11T01:00:00Z,33917.6
2026-02-11T02:00:00Z,33400.7
2026-02-11T03:00:00Z,34654.4
2026-02-11T04:00:00Z,37107.5
2026-02-11T05:00:00Z,39507.2
2026-02-11T06:00:00Z,40678.9
2026-02-11T07:00:00Z,43684.9
2026-02-11T08:00:00Z,44762.2
2026-02-11T09:00:00Z,46952.8
2026-02-11T10:00:00Z,48980.8
2026-02-11T11:00:00Z,48243.1
2026-02-11T12:00:00Z,48103.4
2026-02-11T13:00:00Z,49111.5
2026-02-11T14:00:00Z,47167.2
2026-02-11T15:00:00Z,47260.1
2026-02-11T16:00:00Z,44467.6
2026-02-11T17:00:00Z,43342.8
2026-02-11T18:00:00Z,41662.1
2026-02-11T19:00:00Z,38559.7
2026-02-11T20:00:00Z,37106.3
2026-02-11T21:00:00Z,35782.1
2026-02-11T22:00:00Z,33122.4
2026-02-11T23:00:00Z,33888.5
2026-02-12T00:00:00Z,33389.6
2026-02-12T01:00:00Z,32776.0
2026-02-12T02:00:00Z,34623.3
2026-02-12T03:00:00Z,35125.9
2026-02-12T04:00:00Z,37405.0
2026-02-12T05:00:00Z,38696.2
2026-02-12T06:00:00Z,40176.6
2026-02-12T07:00:00Z,41663.8
2026-02-12T08:00:00Z,45376.2
2026-02-12T09:00:00Z,46615.4
2026-02-12T10:00:00Z,47354.7
2026-02-12T11:00:00Z,48522.6
2026-02-12T12:00:00Z,49473.9
2026-02-12T13:00:00Z,47986.7
2026-02-12T14:00:00Z,47141.6
2026-02-12T15:00:00Z,47143.9
2026-02-12T16:00:00Z,45363.5
2026-02-12T17:00:00Z,42858.9
2026-02-12T18:00:00Z,40386.2
2026-02-12T19:00:00Z,38932.8
2026-02-12T20:00:00Z,36558.6
2026-02-12T21:00:00Z,35430.6
2026-02-12T22:00:00Z,32841.0
2026-02-12T23:00:00Z,33429.8
2026-02-13T00:00:00Z,33072.6
2026-02-13T01:00:00Z,32176.0
2026-02-13T02:00:00Z,33078.4
2026-02-13T03:00:00Z,35036.3
2026-02-13T04:00:00Z,36031.0
2026-02-13T05:00:00Z,37258.1
2026-02-13T06:00:00Z,41799.6
2026-02-13T07:00:00Z,42941.0
2026-02-13T08:00:00Z,45487.3
2026-02-13T09:00:00Z,46846.2
2026-02-13T10:00:00Z,47561.9
2026-02-13T11:00:00Z,48317.8
2026-02-13T12:00:00Z,49006.3
2026-02-13T13:00:00Z,49523.5
2026-02-13T14:00:00Z,47365.4
2026-02-13T15:00:00Z,46052.7
2026-02-13T16:00:00Z,43563.0
2026-02-13T17:00:00Z,42768.8
2026-02-13T18:00:00Z,40659.3
2026-02-13T19:00:00Z,38748.2
2026-02-13T20:00:00Z,35736.7
2026-02-13T21:00:00Z,34761.7
2026-02-13T22:00:00Z,32171.2
2026-02-13T23:00:00Z,31677.9
2026-02-14T00:00:00Z,29994.3
2026-02-14T01:00:00Z,30822.1
2026-02-14T02:00:00Z,31460.0
2026-02-14T03:00:00Z,31829.5
2026-02-14T04:00:00Z,34663.3
2026-02-14T05:00:00Z,36766.5
2026-02-14T06:00:00Z,38810.9
2026-02-14T07:00:00Z,40579.3
2026-02-14T08:00:00Z,41943.9
2026-02-14T09:00:00Z,43208.4
2026-02-14T10:00:00Z,44772.3
2026-02-14T11:00:00Z,45710.8
2026-02-14T12:00:00Z,45540.0
2026-02-14T13:00:00Z,45858.6
2026-02-14T14:00:00Z,44925.6
2026-02-14T15:00:00Z,43749.1
2026-02-14T16:00:00Z,42343.4
2026-02-14T17:00:00Z,40234.6
2026-02-14T18:00:00Z,38079.3
2026-02-14T19:00:00Z,36770.0
2026-02-14T20:00:00Z,34944.1
2026-02-14T21:00:00Z,31818.4
2026-02-14T22:00:00Z,31104.6
2026-02-14T23:00:00Z,31128.9
2026-02-15T00:00:00Z,28686.8
2026-02-15T01:00:00Z,29653.9
2026-02-15T02:00:00Z,31025.5
2026-02-15T03:00:00Z,33702.7
2026-02-15T04:00:00Z,32955.3
2026-02-15T05:00:00Z,35742.0
2026-02-15T06:00:00Z,37986.8
2026-02-15T07:00:00Z,40511.7
2026-02-15T08:00:00Z,40252.2
2026-02-15T09:00:00Z,42881.5
2026-02-15T10:00:00Z,44839.5
2026-02-15T11:00:00Z,45895.9
2026-02-15T12:00:00Z,45749.3
2026-02-15T13:00:00Z,45581.0
2026-02-15T14:00:00Z,44605.2
2026-02-15T15:00:00Z,43593.2
2026-02-15T16:00:00Z,42206.3
2026-02-15T17:00:00Z,39759.9
2026-02-15T18:00:00Z,37605.3
2026-02-15T19:00:00Z,36012.1
2026-02-15T20:00:00Z,33054.9
2026-02-15T21:00:00Z,32666.6
2026-02-15T22:00:00Z,31585.6
2026-02-15T23:00:00Z,29761.8
2026-02-16T00:00:00Z,32205.4
2026-02-16T01:00:00Z,32739.7
2026-02-16T02:00:00Z,31910.0
2026-02-16T03:00:00Z,35058.7
2026-02-16T04:00:00Z,36269.8
2026-02-16T05:00:00Z,38650.6
2026-02-16T06:00:00Z,40110.9
2026-02-16T07:00:00Z,42235.3
2026-02-16T08:00:00Z,43269.3
2026-02-16T09:00:00Z,45999.6
2026-02-16T10:00:00Z,47492.7
2026-02-16T11:00:00Z,47295.7
2026-02-16T12:00:00Z,48169.3
2026-02-16T13:00:00Z,48119.7
2026-02-16T14:00:00Z,46804.5
2026-02-16T15:00:00Z,45583.4
2026-02-16T16:00:00Z,44432.8
2026-02-16T17:00:00Z,41897.3
2026-02-16T18:00:00Z,40649.8
2026-02-16T19:00:00Z,38594.1
2026-02-16T20:00:00Z,37476.7
2026-02-16T21:00:00Z,33908.2
2026-02-16T22:00:00Z,31927.7
2026-02-16T23:00:00Z,32538.2
2026-02-17T00:00:00Z,31993.7
2026-02-17T01:00:00Z,31277.3
2026-02-17T02:00:00Z,33559.1
2026-02-17T03:00:00Z,34059.5
2026-02-17T04:00:00Z,36157.0
2026-02-17T05:00:00Z,37368.4
2026-02-17T06:00:00Z,39955.1
2026-02-17T07:00:00Z,41560.4
2026-02-17T08:00:00Z,42905.7
2026-02-17T09:00:00Z,45701.3
2026-02-17T10:00:00Z,46955.0
2026-02-17T11:00:00Z,47818.0
2026-02-17T12:00:00Z,48201.5
2026-02-17T13:00:00Z,47615.2
2026-02-17T14:00:00Z,47316.7
2026-02-17T15:00:00Z,45356.3
2026-02-17T16:00:00Z,43565.6
2026-02-17T17:00:00Z,41617.9
2026-02-17T18:00:00Z,40236.0
2026-02-17T19:00:00Z,38958.0
2026-02-17T20:00:00Z,35712.1
2026-02-17T21:00:00Z,33844.1
2026-02-17T22:00:00Z,32388.6
2026-02-17T23:00:00Z,32806.5
2026-02-18T00:00:00Z,32017.2
2026-02-18T01:00:00Z,31793.9
2026-02-18T02:00:00Z,33269.3
2026-02-18T03:00:00Z,33848.8
2026-02-18T04:00:00Z,36172.1
2026-02-18T05:00:00Z,37942.6
2026-02-18T06:00:00Z,40844.6
2026-02-18T07:00:00Z,43646.8
2026-02-18T08:00:00Z,44165.7
2026-02-18T09:00:00Z,45373.0
2026-02-18T10:00:00Z,47166.5
2026-02-18T11:00:00Z,48311.7
2026-02-18T12:00:00Z,47784.3
2026-02-18T13:00:00Z,47701.8
2026-02-18T14:00:00Z,46847.0
2026-02-18T15:00:00Z,46856.3
2026-02-18T16:00:00Z,44369.5
2026-02-18T17:00:00Z,42124.3
2026-02-18T18:00:00Z,40086.8
2026-02-18T19:00:00Z,37572.5
2026-02-18T20:00:00Z,35635.5
2026-02-18T21:00:00Z,34538.4
2026-02-18T22:00:00Z,32421.9
2026-02-18T23:00:00Z,31152.0
2026-02-19T00:00:00Z,31957.8
2026-02-19T01:00:00Z,32116.1
2026-02-19T02:00:00Z,33579.6
2026-02-19T03:00:00Z,33742.1
2026-02-19T04:00:00Z,35505.5
2026-02-19T05:00:00Z,38522.8
2026-02-19T06:00:00Z,39763.2
2026-02-19T07:00:00Z,42887.7
2026-02-19T08:00:00Z,45075.3
2026-02-19T09:00:00Z,45610.2
2026-02-19T10:00:00Z,46696.6
2026-02-19T11:00:00Z,47951.2
2026-02-19T12:00:00Z,48018.0
2026-02-19T13:00:00Z,47502.4
2026-02-19T14:00:00Z,46125.4
2026-02-19T15:00:00Z,45486.7
2026-02-19T16:00:00Z,41834.7
2026-02-19T17:00:00Z,42285.9
2026-02-19T18:00:00Z,39029.5
2026-02-19T19:00:00Z,37227.1
2026-02-19T20:00:00Z,34955.9
2026-02-19T21:00:00Z,34327.4
2026-02-19T22:00:00Z,33372.0
2026-02-19T23:00:00Z,31788.8
2026-02-20T00:00:00Z,31951.0
2026-02-20T01:00:00Z,31231.6
2026-02-20T02:00:00Z,32568.8
2026-02-20T03:00:00Z,34555.2
2026-02-20T04:00:00Z,34741.3
2026-02-20T05:00:00Z,37194.8
2026-02-20T06:00:00Z,40203.7
2026-02-20T07:00:00Z,41990.1
2026-02-20T08:00:00Z,44293.8
2026-02-20T09:00:00Z,45934.3
2026-02-20T10:00:00Z,46110.6
2026-02-20T11:00:00Z,46763.4
2026-02-20T12:00:00Z,47950.7
2026-02-20T13:00:00Z,46672.6
2026-02-20T14:00:00Z,46000.1
2026-02-20T15:00:00Z,45344.1
2026-02-20T16:00:00Z,43284.7
2026-02-20T17:00:00Z,43257.6
2026-02-20T18:00:00Z,39722.4
2026-02-20T19:00:00Z,37903.6
2026-02-20T20:00:00Z,35143.8
2026-02-20T21:00:00Z,34298.1
2026-02-20T22:00:00Z,32285.4
2026-02-20T23:00:00Z,31863.5
2026-02-21T00:00:00Z,28731.3
2026-02-21T01:00:00Z,30058.5
2026-02-21T02:00:00Z,29045.5
2026-02-21T03:00:00Z,31720.7
2026-02-21T04:00:00Z,33216.9
2026-02-21T05:00:00Z,35553.6
2026-02-21T06:00:00Z,36219.0
2026-02-21T07:00:00Z,38479.3
2026-02-21T08:00:00Z,40379.6
2026-02-21T09:00:00Z,42076.9
2026-02-21T10:00:00Z,44804.5
2026-02-21T11:00:00Z,44932.2
2026-02-21T12:00:00Z,45189.3
2026-02-21T13:00:00Z,44346.8
2026-02-21T14:00:00Z,45312.9
2026-02-21T15:00:00Z,43475.8
2026-02-21T16:00:00Z,40997.1
2026-02-21T17:00:00Z,39666.6
2026-02-21T18:00:00Z,38483.0
2026-02-21T19:00:00Z,35277.6
2026-02-21T20:00:00Z,33471.9
2026-02-21T21:00:00Z,31614.5
2026-02-21T22:00:00Z,29636.8
2026-02-21T23:00:00Z,28691.6
2026-02-22T00:00:00Z,29304.9
2026-02-22T01:00:00Z,29285.4
2026-02-22T02:00:00Z,29846.8
2026-02-22T03:00:00Z,32086.7
2026-02-22T04:00:00Z,32000.9
2026-02-22T05:00:00Z,34492.7
2026-02-22T06:00:00Z,37172.7
2026-02-22T07:00:00Z,39397.9
2026-02-22T08:00:00Z,41205.8
2026-02-22T09:00:00Z,42007.5
2026-02-22T10:00:00Z,44006.3
2026-02-22T11:00:00Z,45461.0
2026-02-22T12:00:00Z,45511.8
2026-02-22T13:00:00Z,44606.0
2026-02-22T14:00:00Z,43671.4
2026-02-22T15:00:00Z,43032.2
2026-02-22T16:00:00Z,40112.0
2026-02-22T17:00:00Z,38579.2
2026-02-22T18:00:00Z,36838.2
2026-02-22T19:00:00Z,37089.4
2026-02-22T20:00:00Z,33820.7
2026-02-22T21:00:00Z,31735.0
2026-02-22T22:00:00Z,30956.2
2026-02-22T23:00:00Z,29525.5
2026-02-23T00:00:00Z,31556.4
2026-02-23T01:00:00Z,31807.7
2026-02-23T02:00:00Z,32376.6
2026-02-23T03:00:00Z,33327.0
2026-02-23T04:00:00Z,35892.2
2026-02-23T05:00:00Z,36205.6
2026-02-23T06:00:00Z,39487.0
2026-02-23T07:00:00Z,39749.9
2026-02-23T08:00:00Z,42945.8
2026-02-23T09:00:00Z,45700.5
2026-02-23T10:00:00Z,46123.6
2026-02-23T11:00:00Z,47284.2
2026-02-23T12:00:00Z,48290.1
2026-02-23T13:00:00Z,47431.1
2026-02-23T14:00:00Z,46629.2
2026-02-23T15:00:00Z,44838.6
2026-02-23T16:00:00Z,43247.1
2026-02-23T17:00:00Z,40591.8
2026-02-23T18:00:00Z,38934.2
2026-02-23T19:00:00Z,37144.4
2026-02-23T20:00:00Z,34063.6
2026-02-23T21:00:00Z,32117.0
2026-02-23T22:00:00Z,32072.2
2026-02-23T23:00:00Z,30542.5
2026-02-24T00:00:00Z,30525.3
2026-02-24T01:00:00Z,31239.4
2026-02-24T02:00:00Z,32669.5
2026-02-24T03:00:00Z,34332.4
2026-02-24T04:00:00Z,33811.1
2026-02-24T05:00:00Z,35462.3
2026-02-24T06:00:00Z,38156.8
2026-02-24T07:00:00Z,41747.7
2026-02-24T08:00:00Z,43080.6
2026-02-24T09:00:00Z,45833.9
2026-02-24T10:00:00Z,46602.7
2026-02-24T11:00:00Z,47106.8
2026-02-24T12:00:00Z,48154.9
2026-02-24T13:00:00Z,48203.2
2026-02-24T14:00:00Z,46735.7
2026-02-24T15:00:00Z,44332.4
2026-02-24T16:00:00Z,43292.1
2026-02-24T17:00:00Z,41816.2
2026-02-24T18:00:00Z,39104.5
2026-02-24T19:00:00Z,36656.6
2026-02-24T20:00:00Z,35508.9
2026-02-24T21:00:00Z,33580.9
2026-02-24T22:00:00Z,31403.7
2026-02-24T23:00:00Z,30161.0
2026-02-25T00:00:00Z,30864.1
2026-02-25T01:00:00Z,31587.8
2026-02-25T02:00:00Z,33310.4
2026-02-25T03:00:00Z,32224.3
2026-02-25T04:00:00Z,35016.5
2026-02-25T05:00:00Z,35999.3
2026-02-25T06:00:00Z,38985.3
2026-02-25T07:00:00Z,40502.1
2026-02-25T08:00:00Z,43424.6
2026-02-25T09:00:00Z,44640.1
2026-02-25T10:00:00Z,46059.1
2026-02-25T11:00:00Z,47519.1
2026-02-25T12:00:00Z,46931.1
2026-02-25T13:00:00Z,47288.3
2026-02-25T14:00:00Z,46021.1
2026-02-25T15:00:00Z,43883.4
2026-02-25T16:00:00Z,43071.7
2026-02-25T17:00:00Z,40917.2
2026-02-25T18:00:00Z,39263.6
2026-02-25T19:00:00Z,35894.5
2026-02-25T20:00:00Z,34143.3
2026-02-25T21:00:00Z,32927.3
2026-02-25T22:00:00Z,31163.0
2026-02-25T23:00:00Z,31364.1
2026-02-26T00:00:00Z,31452.2
2026-02-26T01:00:00Z,29782.8
2026-02-26T02:00:00Z,32273.1
2026-02-26T03:00:00Z,32008.4
2026-02-26T04:00:00Z,35487.7
2026-02-26T05:00:00Z,37258.8
2026-02-26T06:00:00Z,39885.9
2026-02-26T07:00:00Z,41768.5
2026-02-26T08:00:00Z,42079.8
2026-02-26T09:00:00Z,44649.5
2026-02-26T10:00:00Z,46448.2
2026-02-26T11:00:00Z,46683.3
2026-02-26T12:00:00Z,47915.4
2026-02-26T13:00:00Z,47251.6
2026-02-26T14:00:00Z,45645.4
2026-02-26T15:00:00Z,45104.8
2026-02-26T16:00:00Z,42367.8
2026-02-26T17:00:00Z,41053.1
2026-02-26T18:00:00Z,38547.3
2026-02-26T19:00:00Z,36107.1
2026-02-26T20:00:00Z,34783.6
2026-02-26T21:00:00Z,32324.9
2026-02-26T22:00:00Z,29965.8
2026-02-26T23:00:00Z,32485.9
2026-02-27T00:00:00Z,30927.0
2026-02-27T01:00:00Z,30132.1
2026-02-27T02:00:00Z,32030.8
2026-02-27T03:00:00Z,31586.3
2026-02-27T04:00:00Z,34110.4
2026-02-27T05:00:00Z,36057.8
2026-02-27T06:00:00Z,39150.9
2026-02-27T07:00:00Z,41840.8
2026-02-27T08:00:00Z,43902.0
2026-02-27T09:00:00Z,45611.9
2026-02-27T10:00:00Z,45885.4
2026-02-27T11:00:00Z,45645.4
2026-02-27T12:00:00Z,48150.0
2026-02-27T13:00:00Z,46789.9
2026-02-27T14:00:00Z,45386.5
2026-02-27T15:00:00Z,44440.5
2026-02-27T16:00:00Z,43643.3
2026-02-27T17:00:00Z,40079.4
2026-02-27T18:00:00Z,37951.0
2026-02-27T19:00:00Z,36865.6
2026-02-27T20:00:00Z,36087.6
2026-02-27T21:00:00Z,32147.1
2026-02-27T22:00:00Z,31910.5
2026-02-27T23:00:00Z,31520.0
2026-02-28T00:00:00Z,27601.1
2026-02-28T01:00:00Z,28834.9
2026-02-28T02:00:00Z,28752.7
2026-02-28T03:00:00Z,30830.2
2026-02-28T04:00:00Z,31395.3
2026-02-28T05:00:00Z,34236.0
2026-02-28T06:00:00Z,35671.2
2026-02-28T07:00:00Z,38726.1
2026-02-28T08:00:00Z,41712.9
2026-02-28T09:00:00Z,42228.0
2026-02-28T10:00:00Z,42864.9
2026-02-28T11:00:00Z,43986.8
2026-02-28T12:00:00Z,45460.3
2026-02-28T13:00:00Z,44260.6
2026-02-28T14:00:00Z,42957.7
2026-02-28T15:00:00Z,43216.9
2026-02-28T16:00:00Z,39812.1
2026-02-28T17:00:00Z,38325.0
2026-02-28T18:00:00Z,36137.0
2026-02-28T19:00:00Z,34184.9
2026-02-28T20:00:00Z,31941.8
2026-02-28T21:00:00Z,29419.4
2026-02-28T22:00:00Z,29731.8
2026-02-28T23:00:00Z,27826.7
2026-03-01T00:00:00Z,28451.8
2026-03-01T01:00:00Z,27807.6
2026-03-01T02:00:00Z,28636.8
2026-03-01T03:00:00Z,31675.2
2026-03-01T04:00:00Z,32291.4
2026-03-01T05:00:00Z,32682.9
2026-03-01T06:00:00Z,35942.5
2026-03-01T07:00:00Z,37790.1
2026-03-01T08:00:00Z,39786.4
2026-03-01T09:00:00Z,42542.3
2026-03-01T10:00:00Z,42152.7
2026-03-01T11:00:00Z,44656.9
2026-03-01T12:00:00Z,44059.6
2026-03-01T13:00:00Z,44382.9
2026-03-01T14:00:00Z,42712.7
2026-03-01T15:00:00Z,42587.3
2026-03-01T16:00:00Z,40111.6
2026-03-01T17:00:00Z,37716.3
2026-03-01T18:00:00Z,35909.4
2026-03-01T19:00:00Z,33841.7
2026-03-01T20:00:00Z,31189.2
2026-03-01T21:00:00Z,30341.8
2026-03-01T22:00:00Z,29706.5
2026-03-01T23:00:00Z,28476.9
2026-03-02T00:00:00Z,30459.1
2026-03-02T01:00:00Z,30378.6
2026-03-02T02:00:00Z,30875.8
2026-03-02T03:00:00Z,33279.3
2026-03-02T04:00:00Z,34601.3
2026-03-02T05:00:00Z,34391.8
2026-03-02T06:00:00Z,37050.5
2026-03-02T07:00:00Z,39288.9
2026-03-02T08:00:00Z,42917.7
2026-03-02T09:00:00Z,44279.7
2026-03-02T10:00:00Z,44607.7
2026-03-02T11:00:00Z,45336.3
2026-03-02T12:00:00Z,46191.3
2026-03-02T13:00:00Z,46487.1
2026-03-02T14:00:00Z,45272.3
2026-03-02T15:00:00Z,44405.1
2026-03-02T16:00:00Z,42212.7
2026-03-02T17:00:00Z,39710.2
2026-03-02T18:00:00Z,38676.6
2026-03-02T19:00:00Z,36251.7
2026-03-02T20:00:00Z,34293.1
2026-03-02T21:00:00Z,33006.6
2026-03-02T22:00:00Z,31424.0
2026-03-02T23:00:00Z,31594.2
2026-03-03T00:00:00Z,29399.0
2026-03-03T01:00:00Z,30084.7
2026-03-03T02:00:00Z,31243.2
2026-03-03T03:00:00Z,32117.2
2026-03-03T04:00:00Z,33928.9
2026-03-03T05:00:00Z,35566.5
2026-03-03T06:00:00Z,38008.3
2026-03-03T07:00:00Z,40395.0
2026-03-03T08:00:00Z,42068.8
2026-03-03T09:00:00Z,44337.4
2026-03-03T10:00:00Z,45691.6
2026-03-03T11:00:00Z,46673.2
2026-03-03T12:00:00Z,45439.0
2026-03-03T13:00:00Z,45936.2
2026-03-03T14:00:00Z,45405.0
2026-03-03T15:00:00Z,43898.1
2026-03-03T16:00:00Z,41234.8
2026-03-03T17:00:00Z,41748.0
2026-03-03T18:00:00Z,38933.4
2026-03-03T19:00:00Z,36509.1
2026-03-03T20:00:00Z,33719.5
2026-03-03T21:00:00Z,31919.4
2026-03-03T22:00:00Z,30723.0
2026-03-03T23:00:00Z,30740.6
2026-03-04T00:00:00Z,29942.5
2026-03-04T01:00:00Z,28777.0
2026-03-04T02:00:00Z,31390.7
2026-03-04T03:00:00Z,32332.5
2026-03-04T04:00:00Z,34383.0
2026-03-04T05:00:00Z,35305.3
2026-03-04T06:00:00Z,37557.3
2026-03-04T07:00:00Z,39858.3
2026-03-04T08:00:00Z,42554.0
2026-03-04T09:00:00Z,43432.8
2026-03-04T10:00:00Z,45430.9
2026-03-04T11:00:00Z,45298.2
2026-03-04T12:00:00Z,46651.8
2026-03-04T13:00:00Z,44911.3
2026-03-04T14:00:00Z,43701.3
2026-03-04T15:00:00Z,43462.7
2026-03-04T16:00:00Z,42159.0
2026-03-04T17:00:00Z,40806.5
2026-03-04T18:00:00Z,37370.2
2026-03-04T19:00:00Z,36275.8
2026-03-04T20:00:00Z,33620.6
2026-03-04T21:00:00Z,33022.0
2026-03-04T22:00:00Z,29852.6
2026-03-04T23:00:00Z,30060.4
2026-03-05T00:00:00Z,27551.8
2026-03-05T01:00:00Z,30090.8
2026-03-05T02:00:00Z,31530.6
2026-03-05T03:00:00Z,32448.6
2026-03-05T04:00:00Z,32751.0
2026-03-05T05:00:00Z,36081.8
2026-03-05T06:00:00Z,36960.4
2026-03-05T07:00:00Z,40486.8
2026-03-05T08:00:00Z,41638.5
2026-03-05T09:00:00Z,43394.7
2026-03-05T10:00:00Z,45356.5
2026-03-05T11:00:00Z,46072.6
2026-03-05T12:00:00Z,45504.7
2026-03-05T13:00:00Z,44701.3
2026-03-05T14:00:00Z,45583.5
2026-03-05T15:00:00Z,43589.6
2026-03-05T16:00:00Z,41307.9
2026-03-05T17:00:00Z,38976.5
2026-03-05T18:00:00Z,39091.4
2026-03-05T19:00:00Z,35762.1
2026-03-05T20:00:00Z,33685.6
2026-03-05T21:00:00Z,32326.7
2026-03-05T22:00:00Z,30473.9
2026-03-05T23:00:00Z,30050.0
2026-03-06T00:00:00Z,29965.4
2026-03-06T01:00:00Z,30259.8
2026-03-06T02:00:00Z,33581.4
2026-03-06T03:00:00Z,31102.5
2026-03-06T04:00:00Z,33875.8
2026-03-06T05:00:00Z,36974.5
2026-03-06T06:00:00Z,38180.8
2026-03-06T07:00:00Z,40274.6
2026-03-06T08:00:00Z,43387.6
2026-03-06T09:00:00Z,43911.3
2026-03-06T10:00:00Z,44307.3
2026-03-06T11:00:00Z,45982.2
2026-03-06T12:00:00Z,45621.5
2026-03-06T13:00:00Z,46006.4
2026-03-06T14:00:00Z,44510.6
2026-03-06T15:00:00Z,43221.4
2026-03-06T16:00:00Z,41348.7
2026-03-06T17:00:00Z,39213.8
2026-03-06T18:00:00Z,37070.2
2026-03-06T19:00:00Z,35397.0
2026-03-06T20:00:00Z,34069.6
2026-03-06T21:00:00Z,32123.8
2026-03-06T22:00:00Z,30766.6
2026-03-06T23:00:00Z,30002.1
2026-03-07T00:00:00Z,27265.2
2026-03-07T01:00:00Z,27462.2
2026-03-07T02:00:00Z,28157.9
2026-03-07T03:00:00Z,29816.3
2026-03-07T04:00:00Z,30577.1
2026-03-07T05:00:00Z,33295.1
2026-03-07T06:00:00Z,36067.2
2026-03-07T07:00:00Z,36452.7
2026-03-07T08:00:00Z,38965.4
2026-03-07T09:00:00Z,40887.4
2026-03-07T10:00:00Z,42825.6
2026-03-07T11:00:00Z,42435.0
2026-03-07T12:00:00Z,43421.4
2026-03-07T13:00:00Z,42482.1
2026-03-07T14:00:00Z,41821.3
2026-03-07T15:00:00Z,41708.2
2026-03-07T16:00:00Z,38776.5
2026-03-07T17:00:00Z,37714.8
2026-03-07T18:00:00Z,35181.4
2026-03-07T19:00:00Z,33074.9
2026-03-07T20:00:00Z,31270.3
2026-03-07T21:00:00Z,30540.7
2026-03-07T22:00:00Z,28883.0
2026-03-07T23:00:00Z,26756.9
2026-03-08T00:00:00Z,26967.4
2026-03-08T01:00:00Z,28250.9
2026-03-08T02:00:00Z,27958.2
2026-03-08T03:00:00Z,30170.6
2026-03-08T04:00:00Z,31110.2
2026-03-08T05:00:00Z,33670.3
2026-03-08T06:00:00Z,35857.7
2026-03-08T07:00:00Z,37199.6
2026-03-08T08:00:00Z,39551.7
2026-03-08T09:00:00Z,40994.0
2026-03-08T10:00:00Z,43662.7
2026-03-08T11:00:00Z,42907.6
2026-03-08T12:00:00Z,42953.2
2026-03-08T13:00:00Z,43757.3
2026-03-08T14:00:00Z,43508.1
2026-03-08T15:00:00Z,40708.7
2026-03-08T16:00:00Z,39767.9
2026-03-08T17:00:00Z,36205.2
2026-03-08T18:00:00Z,35646.7
2026-03-08T19:00:00Z,33164.0
2026-03-08T20:00:00Z,30579.3
2026-03-08T21:00:00Z,29468.8
2026-03-08T22:00:00Z,27628.6
2026-03-08T23:00:00Z,27256.8
2026-03-09T00:00:00Z,29839.3
2026-03-09T01:00:00Z,29772.1
2026-03-09T02:00:00Z,30425.0
2026-03-09T03:00:00Z,31494.5
2026-03-09T04:00:00Z,33539.5
2026-03-09T05:00:00Z,36098.8
2026-03-09T06:00:00Z,38035.6
2026-03-09T07:00:00Z,39112.8
2026-03-09T08:00:00Z,40891.2
2026-03-09T09:00:00Z,42497.3
2026-03-09T10:00:00Z,43234.7
2026-03-09T11:00:00Z,45152.0
2026-03-09T12:00:00Z,44531.0
2026-03-09T13:00:00Z,45070.7
2026-03-09T14:00:00Z,44759.0
2026-03-09T15:00:00Z,42982.2
2026-03-09T16:00:00Z,42458.5
2026-03-09T17:00:00Z,39522.6
2026-03-09T18:00:00Z,37271.1
2026-03-09T19:00:00Z,35461.5
2026-03-09T20:00:00Z,32306.6
2026-03-09T21:00:00Z,31660.5
2026-03-09T22:00:00Z,29474.6
2026-03-09T23:00:00Z,29184.0
2026-03-10T00:00:00Z,28354.2
2026-03-10T01:00:00Z,29243.2
2026-03-10T02:00:00Z,30327.2
2026-03-10T03:00:00Z,31482.1
2026-03-10T04:00:00Z,34195.6
2026-03-10T05:00:00Z,35573.4
2026-03-10T06:00:00Z,37514.8
2026-03-10T07:00:00Z,39993.8
2026-03-10T08:00:00Z,41746.6
2026-03-10T09:00:00Z,42638.6
2026-03-10T10:00:00Z,43564.8
2026-03-10T11:00:00Z,45369.1
2026-03-10T12:00:00Z,45450.1
2026-03-10T13:00:00Z,44977.6
2026-03-10T14:00:00Z,43971.3
2026-03-10T15:00:00Z,43019.2
2026-03-10T16:00:00Z,42015.2
2026-03-10T17:00:00Z,37681.8
2026-03-10T18:00:00Z,37944.6
2026-03-10T19:00:00Z,34141.7
2026-03-10T20:00:00Z,32104.9
2026-03-10T21:00:00Z,32461.8
2026-03-10T22:00:00Z,30073.0
2026-03-10T23:00:00Z,27905.4
2026-03-11T00:00:00Z,29167.9
2026-03-11T01:00:00Z,29667.7
2026-03-11T02:00:00Z,30064.8
2026-03-11T03:00:00Z,30635.3
2026-03-11T04:00:00Z,33530.6
2026-03-11T05:00:00Z,35194.7
2026-03-11T06:00:00Z,37928.6
2026-03-11T07:00:00Z,39280.5
2026-03-11T08:00:00Z,40525.9
2026-03-11T09:00:00Z,42903.5
2026-03-11T10:00:00Z,44301.3
2026-03-11T11:00:00Z,45523.2
2026-03-11T12:00:00Z,44803.5
2026-03-11T13:00:00Z,45339.5
2026-03-11T14:00:00Z,44848.2
2026-03-11T15:00:00Z,43598.0
2026-03-11T16:00:00Z,40733.2
2026-03-11T17:00:00Z,38408.2
2026-03-11T18:00:00Z,36729.0
2026-03-11T19:00:00Z,35078.4
2026-03-11T20:00:00Z,33358.0
2026-03-11T21:00:00Z,31174.4
2026-03-11T22:00:00Z,30322.2
2026-03-11T23:00:00Z,30015.4
2026-03-12T00:00:00Z,29036.0
2026-03-12T01:00:00Z,30215.6
2026-03-12T02:00:00Z,29650.8
2026-03-12T03:00:00Z,32253.0
2026-03-12T04:00:00Z,33463.2
2026-03-12T05:00:00Z,35799.2
2026-03-12T06:00:00Z,37412.0
2026-03-12T07:00:00Z,38358.4
2026-03-12T08:00:00Z,40996.1
2026-03-12T09:00:00Z,42817.6
2026-03-12T10:00:00Z,43616.4
2026-03-12T11:00:00Z,44596.4
2026-03-12T12:00:00Z,44638.7
2026-03-12T13:00:00Z,45192.0
2026-03-12T14:00:00Z,43888.6
2026-03-12T15:00:00Z,44223.2
2026-03-12T16:00:00Z,41965.1
2026-03-12T17:00:00Z,38898.4
2026-03-12T18:00:00Z,36841.9
2026-03-12T19:00:00Z,35302.1
2026-03-12T20:00:00Z,32527.5
2026-03-12T21:00:00Z,31032.3
2026-03-12T22:00:00Z,29798.3
2026-03-12T23:00:00Z,29384.3
2026-03-13T00:00:00Z,29382.9
2026-03-13T01:00:00Z,28558.5
2026-03-13T02:00:00Z,29567.7
2026-03-13T03:00:00Z,30785.8
2026-03-13T04:00:00Z,31847.3
2026-03-13T05:00:00Z,35050.3
2026-03-13T06:00:00Z,36709.0
2026-03-13T07:00:00Z,39174.3
2026-03-13T08:00:00Z,42288.1
2026-03-13T09:00:00Z,42147.8
2026-03-13T10:00:00Z,43830.7
2026-03-13T11:00:00Z,44016.3
2026-03-13T12:00:00Z,44581.6
2026-03-13T13:00:00Z,44688.1
2026-03-13T14:00:00Z,45007.5
2026-03-13T15:00:00Z,44250.4
2026-03-13T16:00:00Z,40606.9
2026-03-13T17:00:00Z,38231.8
2026-03-13T18:00:00Z,36983.9
2026-03-13T19:00:00Z,35525.2
2026-03-13T20:00:00Z,32624.9
2026-03-13T21:00:00Z,30546.1
2026-03-13T22:00:00Z,29722.9
2026-03-13T23:00:00Z,28616.1
2026-03-14T00:00:00Z,26250.1
2026-03-14T01:00:00Z,27147.5
2026-03-14T02:00:00Z,27937.3
2026-03-14T03:00:00Z,29048.3
2026-03-14T04:00:00Z,30609.3
2026-03-14T05:00:00Z,32256.5
2026-03-14T06:00:00Z,34147.5
2026-03-14T07:00:00Z,36557.9
2026-03-14T08:00:00Z,39483.5
2026-03-14T09:00:00Z,39333.0
2026-03-14T10:00:00Z,41215.4
2026-03-14T11:00:00Z,42423.9
2026-03-14T12:00:00Z,43354.3
2026-03-14T13:00:00Z,42216.9
2026-03-14T14:00:00Z,41184.5
2026-03-14T15:00:00Z,39702.1
2026-03-14T16:00:00Z,39596.9
2026-03-14T17:00:00Z,38155.1
2026-03-14T18:00:00Z,36011.8
2026-03-14T19:00:00Z,32802.5
2026-03-14T20:00:00Z,29243.8
2026-03-14T21:00:00Z,29585.5
2026-03-14T22:00:00Z,27841.4
2026-03-14T23:00:00Z,27633.1
2026-03-15T00:00:00Z,26472.3
2026-03-15T01:00:00Z,26710.0
2026-03-15T02:00:00Z,28095.2
2026-03-15T03:00:00Z,27934.1
2026-03-15T04:00:00Z,30634.6
2026-03-15T05:00:00Z,32989.5
2026-03-15T06:00:00Z,35307.8
2026-03-15T07:00:00Z,36190.3
2026-03-15T08:00:00Z,37364.8
2026-03-15T09:00:00Z,40192.5
2026-03-15T10:00:00Z,41565.2
2026-03-15T11:00:00Z,41699.2
2026-03-15T12:00:00Z,43772.0
2026-03-15T13:00:00Z,43287.4
2026-03-15T14:00:00Z,41820.3
2026-03-15T15:00:00Z,40327.9
2026-03-15T16:00:00Z,38354.2
2026-03-15T17:00:00Z,35424.9
2026-03-15T18:00:00Z,34314.6
2026-03-15T19:00:00Z,32534.2
2026-03-15T20:00:00Z,31972.1
2026-03-15T21:00:00Z,29228.5
2026-03-15T22:00:00Z,27747.1
2026-03-15T23:00:00Z,28340.3
2026-03-16T00:00:00Z,29572.8
2026-03-16T01:00:00Z,27848.1
2026-03-16T02:00:00Z,28208.7
2026-03-16T03:00:00Z,29170.3
2026-03-16T04:00:00Z,31696.4
2026-03-16T05:00:00Z,34115.7
2026-03-16T06:00:00Z,37037.4
2026-03-16T07:00:00Z,38637.5
2026-03-16T08:00:00Z,40409.7
2026-03-16T09:00:00Z,42220.4
2026-03-16T10:00:00Z,43571.2
2026-03-16T11:00:00Z,44342.4
2026-03-16T12:00:00Z,44085.8
2026-03-16T13:00:00Z,45411.8
2026-03-16T14:00:00Z,44354.8
2026-03-16T15:00:00Z,42487.3
2026-03-16T16:00:00Z,41617.1
2026-03-16T17:00:00Z,38153.1
2026-03-16T18:00:00Z,36560.9
2026-03-16T19:00:00Z,34653.2
2026-03-16T20:00:00Z,33517.6
2026-03-16T21:00:00Z,31414.4
2026-03-16T22:00:00Z,29056.1
2026-03-16T23:00:00Z,29190.1
2026-03-17T00:00:00Z,28711.5
2026-03-17T01:00:00Z,29007.4
2026-03-17T02:00:00Z,30017.9
2026-03-17T03:00:00Z,30574.3
2026-03-17T04:00:00Z,32696.6
2026-03-17T05:00:00Z,33936.5
2026-03-17T06:00:00Z,37057.7
2026-03-17T07:00:00Z,38221.1
2026-03-17T08:00:00Z,41183.3
2026-03-17T09:00:00Z,40996.1
2026-03-17T10:00:00Z,44260.3
2026-03-17T11:00:00Z,45958.4
2026-03-17T12:00:00Z,44961.9
2026-03-17T13:00:00Z,44991.8
2026-03-17T14:00:00Z,42817.5
2026-03-17T15:00:00Z,43522.9
2026-03-17T16:00:00Z,41101.8
2026-03-17T17:00:00Z,37428.8
2026-03-17T18:00:00Z,35464.8
2026-03-17T19:00:00Z,34978.4
2026-03-17T20:00:00Z,33085.4
2026-03-17T21:00:00Z,30601.2
2026-03-17T22:00:00Z,28307.8
2026-03-17T23:00:00Z,30207.8
2026-03-18T00:00:00Z,28027.9
2026-03-18T01:00:00Z,28486.7
2026-03-18T02:00:00Z,28878.4
2026-03-18T03:00:00Z,31250.8
2026-03-18T04:00:00Z,32907.9
2026-03-18T05:00:00Z,34507.8
2026-03-18T06:00:00Z,36877.3
2026-03-18T07:00:00Z,38870.7
2026-03-18T08:00:00Z,40638.7
2026-03-18T09:00:00Z,42211.1
2026-03-18T10:00:00Z,41822.9
2026-03-18T11:00:00Z,44749.8
2026-03-18T12:00:00Z,45254.6
2026-03-18T13:00:00Z,45346.1
2026-03-18T14:00:00Z,42664.2
2026-03-18T15:00:00Z,42449.1
2026-03-18T16:00:00Z,40409.6
2026-03-18T17:00:00Z,40498.4
2026-03-18T18:00:00Z,37768.8
2026-03-18T19:00:00Z,33792.4
2026-03-18T20:00:00Z,33333.1
2026-03-18T21:00:00Z,30615.8
2026-03-18T22:00:00Z,29058.0
2026-03-18T23:00:00Z,28742.3
2026-03-19T00:00:00Z,28440.9
2026-03-19T01:00:00Z,28674.1
2026-03-19T02:00:00Z,29313.6
2026-03-19T03:00:00Z,30659.5
2026-03-19T04:00:00Z,31583.1
2026-03-19T05:00:00Z,33851.7
2026-03-19T06:00:00Z,36676.9
2026-03-19T07:00:00Z,38434.5
2026-03-19T08:00:00Z,41153.2
2026-03-19T09:00:00Z,41981.9
2026-03-19T10:00:00Z,43140.3
2026-03-19T11:00:00Z,43508.1
2026-03-19T12:00:00Z,44047.3
2026-03-19T13:00:00Z,43805.8
2026-03-19T14:00:00Z,42876.7
2026-03-19T15:00:00Z,40880.7
2026-03-19T16:00:00Z,39724.2
2026-03-19T17:00:00Z,38047.4
2026-03-19T18:00:00Z,36060.7
2026-03-19T19:00:00Z,34225.0
2026-03-19T20:00:00Z,31622.2
2026-03-19T21:00:00Z,30082.6
2026-03-19T22:00:00Z,28436.7
2026-03-19T23:00:00Z,28524.7
2026-03-20T00:00:00Z,28894.7
2026-03-20T01:00:00Z,28621.3
2026-03-20T02:00:00Z,29622.9
2026-03-20T03:00:00Z,30830.6
2026-03-20T04:00:00Z,32779.6
2026-03-20T05:00:00Z,34814.3
2026-03-20T06:00:00Z,35120.6
2026-03-20T07:00:00Z,38464.4
2026-03-20T08:00:00Z,40799.5
2026-03-20T09:00:00Z,40456.9
2026-03-20T10:00:00Z,42978.1
2026-03-20T11:00:00Z,43249.9
2026-03-20T12:00:00Z,44280.4
2026-03-20T13:00:00Z,44321.3
2026-03-20T14:00:00Z,43424.0
2026-03-20T15:00:00Z,43416.4
2026-03-20T16:00:00Z,40174.2
2026-03-20T17:00:00Z,38629.9
2026-03-20T18:00:00Z,36738.4
2026-03-20T19:00:00Z,33646.6
2026-03-20T20:00:00Z,30718.2
2026-03-20T21:00:00Z,30839.0
2026-03-20T22:00:00Z,28933.9
2026-03-20T23:00:00Z,28975.6
2026-03-21T00:00:00Z,26614.0
2026-03-21T01:00:00Z,26016.1
2026-03-21T02:00:00Z,26418.4
2026-03-21T03:00:00Z,28485.3
2026-03-21T04:00:00Z,30190.6
2026-03-21T05:00:00Z,32360.7
2026-03-21T06:00:00Z,35173.2
2026-03-21T07:00:00Z,35824.2
2026-03-21T08:00:00Z,37434.6
2026-03-21T09:00:00Z,38098.9
2026-03-21T10:00:00Z,39841.2
2026-03-21T11:00:00Z,42427.3
2026-03-21T12:00:00Z,42958.1
2026-03-21T13:00:00Z,41361.7
2026-03-21T14:00:00Z,40821.1
2026-03-21T15:00:00Z,39062.2
2026-03-21T16:00:00Z,37487.6
2026-03-21T17:00:00Z,37045.4
2026-03-21T18:00:00Z,33577.8
2026-03-21T19:00:00Z,31935.2
2026-03-21T20:00:00Z,28911.8
2026-03-21T21:00:00Z,27785.4
2026-03-21T22:00:00Z,26282.3
2026-03-21T23:00:00Z,26783.9
2026-03-22T00:00:00Z,25350.9
2026-03-22T01:00:00Z,26504.7
2026-03-22T02:00:00Z,26718.9
2026-03-22T03:00:00Z,29244.1
2026-03-22T04:00:00Z,29191.8
2026-03-22T05:00:00Z,31426.0
2026-03-22T06:00:00Z,34578.8
2026-03-22T07:00:00Z,35161.5
2026-03-22T08:00:00Z,38154.6
2026-03-22T09:00:00Z,39888.4
2026-03-22T10:00:00Z,40928.1
2026-03-22T11:00:00Z,42655.0
2026-03-22T12:00:00Z,42502.0
2026-03-22T13:00:00Z,41959.3
2026-03-22T14:00:00Z,40177.3
2026-03-22T15:00:00Z,41204.9
2026-03-22T16:00:00Z,36509.8
2026-03-22T17:00:00Z,34859.9
2026-03-22T18:00:00Z,34268.5
2026-03-22T19:00:00Z,30867.7
2026-03-22T20:00:00Z,29497.4
2026-03-22T21:00:00Z,29361.2
2026-03-22T22:00:00Z,26937.8
2026-03-22T23:00:00Z,25750.2
2026-03-23T00:00:00Z,26701.1
2026-03-23T01:00:00Z,27473.6
2026-03-23T02:00:00Z,30465.8
2026-03-23T03:00:00Z,29799.9
2026-03-23T04:00:00Z,31586.5
2026-03-23T05:00:00Z,34425.5
2026-03-23T06:00:00Z,35807.7
2026-03-23T07:00:00Z,38539.0
2026-03-23T08:00:00Z,40616.5
2026-03-23T09:00:00Z,41231.1
2026-03-23T10:00:00Z,42259.0
2026-03-23T11:00:00Z,43373.1
2026-03-23T12:00:00Z,43658.5
2026-03-23T13:00:00Z,43782.9
2026-03-23T14:00:00Z,42795.6
2026-03-23T15:00:00Z,42061.1
2026-03-23T16:00:00Z,40340.1
2026-03-23T17:00:00Z,37421.1
2026-03-23T18:00:00Z,35547.8
2026-03-23T19:00:00Z,33932.6
2026-03-23T20:00:00Z,31513.4
2026-03-23T21:00:00Z,31246.1
2026-03-23T22:00:00Z,29540.6
2026-03-23T23:00:00Z,28438.4
2026-03-24T00:00:00Z,27106.8
2026-03-24T01:00:00Z,26886.5
2026-03-24T02:00:00Z,29005.4
2026-03-24T03:00:00Z,30539.1
2026-03-24T04:00:00Z,31908.2
2026-03-24T05:00:00Z,34520.4
2026-03-24T06:00:00Z,36418.2
2026-03-24T07:00:00Z,38719.9
2026-03-24T08:00:00Z,38813.4
2026-03-24T09:00:00Z,41817.9
2026-03-24T10:00:00Z,43076.3
2026-03-24T11:00:00Z,43874.6
2026-03-24T12:00:00Z,43675.4
2026-03-24T13:00:00Z,44531.4
2026-03-24T14:00:00Z,42348.0
2026-03-24T15:00:00Z,41613.1
2026-03-24T16:00:00Z,38874.7
2026-03-24T17:00:00Z,39114.0
2026-03-24T18:00:00Z,35968.7
2026-03-24T19:00:00Z,34565.7
2026-03-24T20:00:00Z,30582.4
2026-03-24T21:00:00Z,30525.3
2026-03-24T22:00:00Z,29515.3
2026-03-24T23:00:00Z,28980.7
2026-03-25T00:00:00Z,28059.0
2026-03-25T01:00:00Z,28237.4
2026-03-25T02:00:00Z,29382.2
2026-03-25T03:00:00Z,31071.9
2026-03-25T04:00:00Z,32112.7
2026-03-25T05:00:00Z,33697.3
2026-03-25T06:00:00Z,35855.1
2026-03-25T07:00:00Z,38615.2
2026-03-25T08:00:00Z,39449.3
2026-03-25T09:00:00Z,41996.3
2026-03-25T10:00:00Z,43123.9
2026-03-25T11:00:00Z,43841.0
2026-03-25T12:00:00Z,44212.8
2026-03-25T13:00:00Z,43174.0
2026-03-25T14:00:00Z,44399.4
2026-03-25T15:00:00Z,41285.7
2026-03-25T16:00:00Z,41161.5
2026-03-25T17:00:00Z,37164.0
2026-03-25T18:00:00Z,34828.9
2026-03-25T19:00:00Z,33734.7
2026-03-25T20:00:00Z,33216.3
2026-03-25T21:00:00Z,30490.8
2026-03-25T22:00:00Z,27544.5
2026-03-25T23:00:00Z,27710.0
2026-03-26T00:00:00Z,27379.9
2026-03-26T01:00:00Z,28459.4
2026-03-26T02:00:00Z,28022.4
2026-03-26T03:00:00Z,30375.0
2026-03-26T04:00:00Z,32342.0
2026-03-26T05:00:00Z,32894.6
2026-03-26T06:00:00Z,34955.1
2026-03-26T07:00:00Z,37946.8
2026-03-26T08:00:00Z,40698.9
2026-03-26T09:00:00Z,39634.8
2026-03-26T10:00:00Z,42251.7
2026-03-26T11:00:00Z,44525.8
2026-03-26T12:00:00Z,45119.4
2026-03-26T13:00:00Z,43100.7
2026-03-26T14:00:00Z,43598.8
2026-03-26T15:00:00Z,41679.1
2026-03-26T16:00:00Z,39220.0
2026-03-26T17:00:00Z,37399.8
2026-03-26T18:00:00Z,35757.5
2026-03-26T19:00:00Z,33914.7
2026-03-26T20:00:00Z,31985.2
2026-03-26T21:00:00Z,30178.3
2026-03-26T22:00:00Z,28012.0
2026-03-26T23:00:00Z,28374.5
2026-03-27T00:00:00Z,27821.2
2026-03-27T01:00:00Z,27433.8
2026-03-27T02:00:00Z,28286.3
2026-03-27T03:00:00Z,29512.2
2026-03-27T04:00:00Z,31701.1
2026-03-27T05:00:00Z,34191.2
2026-03-27T06:00:00Z,35137.9
2026-03-27T07:00:00Z,37722.3
2026-03-27T08:00:00Z,40525.6
2026-03-27T09:00:00Z,41096.9
2026-03-27T10:00:00Z,43729.9
2026-03-27T11:00:00Z,44125.3
2026-03-27T12:00:00Z,43539.5
2026-03-27T13:00:00Z,43727.7
2026-03-27T14:00:00Z,42199.9
2026-03-27T15:00:00Z,40492.5
2026-03-27T16:00:00Z,39733.6
2026-03-27T17:00:00Z,38349.7
2026-03-27T18:00:00Z,36255.1
2026-03-27T19:00:00Z,32649.6
2026-03-27T20:00:00Z,30635.1
2026-03-27T21:00:00Z,29533.8
2026-03-27T22:00:00Z,29209.4
2026-03-27T23:00:00Z,28363.1
2026-03-28T00:00:00Z,25564.9
2026-03-28T01:00:00Z,26771.0
2026-03-28T02:00:00Z,25542.4
2026-03-28T03:00:00Z,27195.9
2026-03-28T04:00:00Z,29097.7
2026-03-28T05:00:00Z,32433.7
2026-03-28T06:00:00Z,33918.7
2026-03-28T07:00:00Z,35707.2
2026-03-28T08:00:00Z,37600.7
2026-03-28T09:00:00Z,38264.8
2026-03-28T10:00:00Z,39788.1
2026-03-28T11:00:00Z,41315.5
2026-03-28T12:00:00Z,41934.4
2026-03-28T13:00:00Z,40886.7
2026-03-28T14:00:00Z,40093.2
2026-03-28T15:00:00Z,39799.6
2026-03-28T16:00:00Z,37345.2
2026-03-28T17:00:00Z,36827.9
2026-03-28T18:00:00Z,33589.1
2026-03-28T19:00:00Z,31513.3
2026-03-28T20:00:00Z,29814.5
2026-03-28T21:00:00Z,27437.7
2026-03-28T22:00:00Z,25478.8
2026-03-28T23:00:00Z,25049.6
2026-03-29T00:00:00Z,25154.4
2026-03-29T01:00:00Z,26275.5
2026-03-29T02:00:00Z,25958.4
2026-03-29T03:00:00Z,27286.4
2026-03-29T04:00:00Z,29790.2
2026-03-29T05:00:00Z,32122.5
2026-03-29T06:00:00Z,33441.3
2026-03-29T07:00:00Z,36362.0
2026-03-29T08:00:00Z,37509.1
2026-03-29T09:00:00Z,38813.4
2026-03-29T10:00:00Z,40418.3
2026-03-29T11:00:00Z,42603.0
2026-03-29T12:00:00Z,40942.2
2026-03-29T13:00:00Z,41668.4
2026-03-29T14:00:00Z,40334.8
2026-03-29T15:00:00Z,38530.4
2026-03-29T16:00:00Z,38861.0
2026-03-29T17:00:00Z,36164.1
2026-03-29T18:00:00Z,32665.1
2026-03-29T19:00:00Z,31722.7
2026-03-29T20:00:00Z,29700.4
2026-03-29T21:00:00Z,28158.1
2026-03-29T22:00:00Z,27003.0
2026-03-29T23:00:00Z,25764.6
2026-03-30T00:00:00Z,26129.1
2026-03-30T01:00:00Z,26026.5
2026-03-30T02:00:00Z,29125.2
2026-03-30T03:00:00Z,30921.8
2026-03-30T04:00:00Z,32346.8
2026-03-30T05:00:00Z,33077.8
2026-03-30T06:00:00Z,35534.1
2026-03-30T07:00:00Z,36470.9
2026-03-30T08:00:00Z,40481.1
2026-03-30T09:00:00Z,42276.5
2026-03-30T10:00:00Z,42688.8
2026-03-30T11:00:00Z,43446.6
2026-03-30T12:00:00Z,44409.3
2026-03-30T13:00:00Z,43815.9
2026-03-30T14:00:00Z,42207.5
2026-03-30T15:00:00Z,41295.6
2026-03-30T16:00:00Z,40616.8
2026-03-30T17:00:00Z,36284.7
2026-03-30T18:00:00Z,36368.2
2026-03-30T19:00:00Z,32968.7
2026-03-30T20:00:00Z,32910.3
2026-03-30T21:00:00Z,30005.0
2026-03-30T22:00:00Z,26931.3
2026-03-30T23:00:00Z,26854.9
2026-03-31T00:00:00Z,27665.7
2026-03-31T01:00:00Z,28255.7
2026-03-31T02:00:00Z,28713.8
2026-03-31T03:00:00Z,29906.7
2026-03-31T04:00:00Z,30858.1
2026-03-31T05:00:00Z,32778.6
2026-03-31T06:00:00Z,36309.1
2026-03-31T07:00:00Z,38058.8
2026-03-31T08:00:00Z,40377.2
2026-03-31T09:00:00Z,41261.2
2026-03-31T10:00:00Z,42656.5
2026-03-31T11:00:00Z,42941.4
2026-03-31T12:00:00Z,44142.4
2026-03-31T13:00:00Z,43421.6
2026-03-31T14:00:00Z,41833.2
2026-03-31T15:00:00Z,40955.8
2026-03-31T16:00:00Z,39568.7
2026-03-31T17:00:00Z,38691.7
2026-03-31T18:00:00Z,35240.7
2026-03-31T19:00:00Z,33726.1
2026-03-31T20:00:00Z,32116.4
2026-03-31T21:00:00Z,30719.4
2026-03-31T22:00:00Z,28559.2
2026-03-31T23:00:00Z,27857.0
2026-04-01T00:00:00Z,28067.0
2026-04-01T01:00:00Z,28000.0
2026-04-01T02:00:00Z,27814.5
2026-04-01T03:00:00Z,29824.9
2026-04-01T04:00:00Z,31293.7
2026-04-01T05:00:00Z,33916.5
2026-04-01T06:00:00Z,35818.1
2026-04-01T07:00:00Z,37508.5
2026-04-01T08:00:00Z,39485.0
2026-04-01T09:00:00Z,41928.8
2026-04-01T10:00:00Z,41778.8
2026-04-01T11:00:00Z,42918.9
2026-04-01T12:00:00Z,42636.4
2026-04-01T13:00:00Z,43772.8
2026-04-01T14:00:00Z,43288.1
2026-04-01T15:00:00Z,42822.0
2026-04-01T16:00:00Z,39221.9
2026-04-01T17:00:00Z,38308.6
2026-04-01T18:00:00Z,35182.0
2026-04-01T19:00:00Z,32694.4
2026-04-01T20:00:00Z,31562.9
2026-04-01T21:00:00Z,29440.3
2026-04-01T22:00:00Z,28423.0
2026-04-01T23:00:00Z,27414.4
2026-04-02T00:00:00Z,26277.6
2026-04-02T01:00:00Z,27700.7
2026-04-02T02:00:00Z,27991.8
2026-04-02T03:00:00Z,30022.8
2026-04-02T04:00:00Z,31293.8
2026-04-02T05:00:00Z,33248.8
2026-04-02T06:00:00Z,35251.7
2026-04-02T07:00:00Z,38243.5
2026-04-02T08:00:00Z,38660.3
2026-04-02T09:00:00Z,41036.7
2026-04-02T10:00:00Z,42470.5
2026-04-02T11:00:00Z,42966.9
2026-04-02T12:00:00Z,44257.5
2026-04-02T13:00:00Z,41774.0
2026-04-02T14:00:00Z,42676.4
2026-04-02T15:00:00Z,41579.8
2026-04-02T16:00:00Z,39620.2
2026-04-02T17:00:00Z,37441.2
2026-04-02T18:00:00Z,36158.9
2026-04-02T19:00:00Z,33034.2
2026-04-02T20:00:00Z,32007.8
2026-04-02T21:00:00Z,29442.5
2026-04-02T22:00:00Z,28407.6
2026-04-02T23:00:00Z,28074.3
2026-04-03T00:00:00Z,27123.9
2026-04-03T01:00:00Z,28746.1
2026-04-03T02:00:00Z,28440.7
2026-04-03T03:00:00Z,29126.3
2026-04-03T04:00:00Z,31674.6
2026-04-03T05:00:00Z,33023.5
2026-04-03T06:00:00Z,35159.9
2026-04-03T07:00:00Z,37119.1
2026-04-03T08:00:00Z,39743.3
2026-04-03T09:00:00Z,41869.2
2026-04-03T10:00:00Z,41848.1
2026-04-03T11:00:00Z,42561.3
2026-04-03T12:00:00Z,43219.3
2026-04-03T13:00:00Z,43125.6
2026-04-03T14:00:00Z,41705.5
2026-04-03T15:00:00Z,41345.1
2026-04-03T16:00:00Z,39311.2
2026-04-03T17:00:00Z,37185.4
2026-04-03T18:00:00Z,35421.1
2026-04-03T19:00:00Z,33648.9
2026-04-03T20:00:00Z,30344.0
2026-04-03T21:00:00Z,29632.8
2026-04-03T22:00:00Z,29067.5
2026-04-03T23:00:00Z,28417.0
2026-04-04T00:00:00Z,24426.2
2026-04-04T01:00:00Z,24996.6
2026-04-04T02:00:00Z,26548.0
2026-04-04T03:00:00Z,27351.3
2026-04-04T04:00:00Z,29321.6
2026-04-04T05:00:00Z,30667.6
2026-04-04T06:00:00Z,33236.2
2026-04-04T07:00:00Z,34736.6
2026-04-04T08:00:00Z,36433.4
2026-04-04T09:00:00Z,38647.2
2026-04-04T10:00:00Z,40288.6
2026-04-04T11:00:00Z,41514.0
2026-04-04T12:00:00Z,40643.2
2026-04-04T13:00:00Z,41767.5
2026-04-04T14:00:00Z,40347.9
2026-04-04T15:00:00Z,38330.8
2026-04-04T16:00:00Z,36380.7
2026-04-04T17:00:00Z,33504.0
2026-04-04T18:00:00Z,32375.4
2026-04-04T19:00:00Z,30148.1
2026-04-04T20:00:00Z,28600.2
2026-04-04T21:00:00Z,27209.8
2026-04-04T22:00:00Z,25799.0
2026-04-04T23:00:00Z,25539.9
2026-04-05T00:00:00Z,24836.3
2026-04-05T01:00:00Z,23758.3
2026-04-05T02:00:00Z,27463.6
2026-04-05T03:00:00Z,27728.3
2026-04-05T04:00:00Z,29398.8
2026-04-05T05:00:00Z,30832.9
2026-04-05T06:00:00Z,32935.8
2026-04-05T07:00:00Z,35713.2
2026-04-05T08:00:00Z,37929.7
2026-04-05T09:00:00Z,39127.4
2026-04-05T10:00:00Z,40055.0
2026-04-05T11:00:00Z,41705.6
2026-04-05T12:00:00Z,42202.8
2026-04-05T13:00:00Z,41389.5
2026-04-05T14:00:00Z,39987.1
2026-04-05T15:00:00Z,38055.9
2026-04-05T16:00:00Z,38084.1
2026-04-05T17:00:00Z,36246.0
2026-04-05T18:00:00Z,32390.9
2026-04-05T19:00:00Z,32437.8
2026-04-05T20:00:00Z,28207.1
2026-04-05T21:00:00Z,28124.1
2026-04-05T22:00:00Z,26260.9
2026-04-05T23:00:00Z,26097.4
2026-04-06T00:00:00Z,28175.3
2026-04-06T01:00:00Z,26841.6
2026-04-06T02:00:00Z,27828.0
2026-04-06T03:00:00Z,29965.6
2026-04-06T04:00:00Z,31118.0
2026-04-06T05:00:00Z,33480.5
2026-04-06T06:00:00Z,36557.0
2026-04-06T07:00:00Z,37534.1
2026-04-06T08:00:00Z,38595.7
2026-04-06T09:00:00Z,41586.4
2026-04-06T10:00:00Z,44757.9
2026-04-06T11:00:00Z,41829.5
2026-04-06T12:00:00Z,43458.5
2026-04-06T13:00:00Z,44092.0
2026-04-06T14:00:00Z,40751.7
2026-04-06T15:00:00Z,39814.8
2026-04-06T16:00:00Z,37909.1
2026-04-06T17:00:00Z,39361.3
2026-04-06T18:00:00Z,35169.7
2026-04-06T19:00:00Z,33364.1
2026-04-06T20:00:00Z,31938.3
2026-04-06T21:00:00Z,29409.3
2026-04-06T22:00:00Z,29134.7
2026-04-06T23:00:00Z,28339.1
2026-04-07T00:00:00Z,27137.4
2026-04-07T01:00:00Z,27150.1
2026-04-07T02:00:00Z,29460.2
2026-04-07T03:00:00Z,29671.0
2026-04-07T04:00:00Z,30672.5
2026-04-07T05:00:00Z,33262.8
2026-04-07T06:00:00Z,34404.5
2026-04-07T07:00:00Z,36955.2
2026-04-07T08:00:00Z,37920.4
2026-04-07T09:00:00Z,40868.8
2026-04-07T10:00:00Z,41896.8
2026-04-07T11:00:00Z,44159.7
2026-04-07T12:00:00Z,44124.7
2026-04-07T13:00:00Z,42723.2
2026-04-07T14:00:00Z,41931.8
2026-04-07T15:00:00Z,41092.1
2026-04-07T16:00:00Z,38629.9
2026-04-07T17:00:00Z,36033.6
2026-04-07T18:00:00Z,35365.3
2026-04-07T19:00:00Z,34256.5
2026-04-07T20:00:00Z,31235.4
2026-04-07T21:00:00Z,28562.4
2026-04-07T22:00:00Z,29103.8
2026-04-07T23:00:00Z,26849.4
2026-04-08T00:00:00Z,27384.0
2026-04-08T01:00:00Z,27643.0
2026-04-08T02:00:00Z,28638.6
2026-04-08T03:00:00Z,28541.3
2026-04-08T04:00:00Z,31324.1
2026-04-08T05:00:00Z,32754.3
2026-04-08T06:00:00Z,35332.2
2026-04-08T07:00:00Z,37374.1
2026-04-08T08:00:00Z,38408.8
2026-04-08T09:00:00Z,41085.9
2026-04-08T10:00:00Z,41774.7
2026-04-08T11:00:00Z,42974.2
2026-04-08T12:00:00Z,43039.7
2026-04-08T13:00:00Z,43776.1
2026-04-08T14:00:00Z,42783.2
2026-04-08T15:00:00Z,40441.0
2026-04-08T16:00:00Z,39443.6
2026-04-08T17:00:00Z,36725.0
2026-04-08T18:00:00Z,34784.9
2026-04-08T19:00:00Z,33075.6
2026-04-08T20:00:00Z,32134.9
2026-04-08T21:00:00Z,29492.0
2026-04-08T22:00:00Z,27825.1
2026-04-08T23:00:00Z,26980.0
2026-04-09T00:00:00Z,27825.1
2026-04-09T01:00:00Z,27678.4
2026-04-09T02:00:00Z,29156.7
2026-04-09T03:00:00Z,29401.5
2026-04-09T04:00:00Z,30284.7
2026-04-09T05:00:00Z,33063.6
2026-04-09T06:00:00Z,36085.9
2026-04-09T07:00:00Z,37412.9
2026-04-09T08:00:00Z,39818.6
2026-04-09T09:00:00Z,40857.1
2026-04-09T10:00:00Z,42003.5
2026-04-09T11:00:00Z,42865.6
2026-04-09T12:00:00Z,42277.7
2026-04-09T13:00:00Z,42543.5
2026-04-09T14:00:00Z,42035.4
2026-04-09T15:00:00Z,41090.0
2026-04-09T16:00:00Z,38146.6
2026-04-09T17:00:00Z,37589.8
2026-04-09T18:00:00Z,36439.5
2026-04-09T19:00:00Z,32947.1
2026-04-09T20:00:00Z,33083.9
2026-04-09T21:00:00Z,30052.9
2026-04-09T22:00:00Z,26707.8
2026-04-09T23:00:00Z,27641.4
2026-04-10T00:00:00Z,26616.1
2026-04-10T01:00:00Z,26216.9
2026-04-10T02:00:00Z,27375.4
2026-04-10T03:00:00Z,27961.7
2026-04-10T04:00:00Z,31532.4
2026-04-10T05:00:00Z,32936.0
2026-04-10T06:00:00Z,33647.6
2026-04-10T07:00:00Z,38298.4
2026-04-10T08:00:00Z,39705.1
2026-04-10T09:00:00Z,40416.2
2026-04-10T10:00:00Z,41794.5
2026-04-10T11:00:00Z,42461.0
2026-04-10T12:00:00Z,43530.7
2026-04-10T13:00:00Z,43094.7
2026-04-10T14:00:00Z,42153.8
2026-04-10T15:00:00Z,41231.0
2026-04-10T16:00:00Z,40374.5
2026-04-10T17:00:00Z,38233.3
2026-04-10T18:00:00Z,36070.1
2026-04-10T19:00:00Z,31925.2
2026-04-10T20:00:00Z,31851.5
2026-04-10T21:00:00Z,28968.7
2026-04-10T22:00:00Z,28646.6
2026-04-10T23:00:00Z,27050.9
2026-04-11T00:00:00Z,25574.9
2026-04-11T01:00:00Z,25209.4
2026-04-11T02:00:00Z,26155.5
2026-04-11T03:00:00Z,27070.4
2026-04-11T04:00:00Z,28540.5
2026-04-11T05:00:00Z,30589.0
2026-04-11T06:00:00Z,33436.3
2026-04-11T07:00:00Z,36159.3
2026-04-11T08:00:00Z,36674.0
2026-04-11T09:00:00Z,39947.9
2026-04-11T10:00:00Z,38961.9
2026-04-11T11:00:00Z,41224.1
2026-04-11T12:00:00Z,41602.1
2026-04-11T13:00:00Z,40708.9
2026-04-11T14:00:00Z,40538.7
2026-04-11T15:00:00Z,38003.8
2026-04-11T16:00:00Z,37189.4
2026-04-11T17:00:00Z,33622.0
2026-04-11T18:00:00Z,32649.6
2026-04-11T19:00:00Z,29489.7
2026-04-11T20:00:00Z,29282.1
2026-04-11T21:00:00Z,26929.1
2026-04-11T22:00:00Z,26916.5
2026-04-11T23:00:00Z,25531.0
2026-04-12T00:00:00Z,23964.9
2026-04-12T01:00:00Z,25149.3
2026-04-12T02:00:00Z,25609.8
2026-04-12T03:00:00Z,27792.2
2026-04-12T04:00:00Z,28741.4
2026-04-12T05:00:00Z,30843.4
2026-04-12T06:00:00Z,33271.9
2026-04-12T07:00:00Z,34884.8
2026-04-12T08:00:00Z,37428.2
2026-04-12T09:00:00Z,36804.5
2026-04-12T10:00:00Z,39630.4
2026-04-12T11:00:00Z,39571.5
2026-04-12T12:00:00Z,39717.2
2026-04-12T13:00:00Z,40109.7
2026-04-12T14:00:00Z,39327.6
2026-04-12T15:00:00Z,37514.0
2026-04-12T16:00:00Z,36650.3
2026-04-12T17:00:00Z,35419.3
2026-04-12T18:00:00Z,31238.5
2026-04-12T19:00:00Z,30333.6
2026-04-12T20:00:00Z,28741.2
2026-04-12T21:00:00Z,26896.0
2026-04-12T22:00:00Z,25840.4
2026-04-12T23:00:00Z,24488.9
2026-04-13T00:00:00Z,27786.4
2026-04-13T01:00:00Z,27217.3
2026-04-13T02:00:00Z,27243.3
2026-04-13T03:00:00Z,30482.5
2026-04-13T04:00:00Z,31555.1
2026-04-13T05:00:00Z,31924.0
2026-04-13T06:00:00Z,35867.9
2026-04-13T07:00:00Z,37079.2
2026-04-13T08:00:00Z,39033.6
2026-04-13T09:00:00Z,41081.9
2026-04-13T10:00:00Z,41264.5
2026-04-13T11:00:00Z,42739.3
2026-04-13T12:00:00Z,42263.7
2026-04-13T13:00:00Z,42614.8
2026-04-13T14:00:00Z,42534.2
2026-04-13T15:00:00Z,41398.1
2026-04-13T16:00:00Z,38334.4
2026-04-13T17:00:00Z,36323.2
2026-04-13T18:00:00Z,36279.7
2026-04-13T19:00:00Z,32802.6
2026-04-13T20:00:00Z,30383.3
2026-04-13T21:00:00Z,29795.7
2026-04-13T22:00:00Z,28623.1
2026-04-13T23:00:00Z,28003.7
2026-04-14T00:00:00Z,26783.5
2026-04-14T01:00:00Z,26938.0
2026-04-14T02:00:00Z,27516.3
2026-04-14T03:00:00Z,30098.5
2026-04-14T04:00:00Z,31267.0
2026-04-14T05:00:00Z,32800.0
2026-04-14T06:00:00Z,33457.7
2026-04-14T07:00:00Z,37009.0
2026-04-14T08:00:00Z,38436.6
2026-04-14T09:00:00Z,40815.6
2026-04-14T10:00:00Z,41894.1
2026-04-14T11:00:00Z,42926.4
2026-04-14T12:00:00Z,42856.4
2026-04-14T13:00:00Z,43329.6
2026-04-14T14:00:00Z,41949.0
2026-04-14T15:00:00Z,42795.2
2026-04-14T16:00:00Z,39549.6
2026-04-14T17:00:00Z,37241.8
2026-04-14T18:00:00Z,34564.9
2026-04-14T19:00:00Z,33622.8
2026-04-14T20:00:00Z,31767.0
2026-04-14T21:00:00Z,27980.2
2026-04-14T22:00:00Z,27191.2
2026-04-14T23:00:00Z,27544.3
2026-04-15T00:00:00Z,27484.0
2026-04-15T01:00:00Z,27628.8
2026-04-15T02:00:00Z,28008.7
2026-04-15T03:00:00Z,29207.1
2026-04-15T04:00:00Z,31506.4
2026-04-15T05:00:00Z,33422.0
2026-04-15T06:00:00Z,35216.7
2026-04-15T07:00:00Z,37560.9
2026-04-15T08:00:00Z,39239.0
2026-04-15T09:00:00Z,41277.9
2026-04-15T10:00:00Z,42192.5
2026-04-15T11:00:00Z,43616.2
2026-04-15T12:00:00Z,43746.2
2026-04-15T13:00:00Z,42705.2
2026-04-15T14:00:00Z,40879.5
2026-04-15T15:00:00Z,41151.0
2026-04-15T16:00:00Z,39438.0
2026-04-15T17:00:00Z,38484.6
2026-04-15T18:00:00Z,34024.9
2026-04-15T19:00:00Z,33157.8
2026-04-15T20:00:00Z,31160.7
2026-04-15T21:00:00Z,29973.2
2026-04-15T22:00:00Z,26522.1
2026-04-15T23:00:00Z,28348.6
2026-04-16T00:00:00Z,28267.2
2026-04-16T01:00:00Z,27321.5
2026-04-16T02:00:00Z,27774.1
2026-04-16T03:00:00Z,29126.6
2026-04-16T04:00:00Z,31095.8
2026-04-16T05:00:00Z,33174.2
2026-04-16T06:00:00Z,35555.0
2026-04-16T07:00:00Z,37237.6
2026-04-16T08:00:00Z,39098.3
2026-04-16T09:00:00Z,40657.2
2026-04-16T10:00:00Z,41594.7
2026-04-16T11:00:00Z,43014.8
2026-04-16T12:00:00Z,42858.3
2026-04-16T13:00:00Z,43664.6
2026-04-16T14:00:00Z,42187.8
2026-04-16T15:00:00Z,41218.4
2026-04-16T16:00:00Z,39337.4
2026-04-16T17:00:00Z,37651.4
2026-04-16T18:00:00Z,35218.9
2026-04-16T19:00:00Z,33058.2
2026-04-16T20:00:00Z,31997.5
2026-04-16T21:00:00Z,28549.9
2026-04-16T22:00:00Z,27154.8
2026-04-16T23:00:00Z,27306.7
2026-04-17T00:00:00Z,27849.9
2026-04-17T01:00:00Z,28715.5
2026-04-17T02:00:00Z,29295.4
2026-04-17T03:00:00Z,29338.7
2026-04-17T04:00:00Z,30923.2
2026-04-17T05:00:00Z,33149.7
2026-04-17T06:00:00Z,34994.9
2026-04-17T07:00:00Z,36282.2
2026-04-17T08:00:00Z,38535.6
2026-04-17T09:00:00Z,41707.4
2026-04-17T10:00:00Z,42448.1
2026-04-17T11:00:00Z,42231.8
2026-04-17T12:00:00Z,43446.4
2026-04-17T13:00:00Z,42937.9
2026-04-17T14:00:00Z,42526.3
2026-04-17T15:00:00Z,41550.1
2026-04-17T16:00:00Z,38220.8
2026-04-17T17:00:00Z,38527.2
2026-04-17T18:00:00Z,35226.4
2026-04-17T19:00:00Z,32137.2
2026-04-17T20:00:00Z,30367.2
2026-04-17T21:00:00Z,29304.1
2026-04-17T22:00:00Z,27896.6
2026-04-17T23:00:00Z,27339.6
2026-04-18T00:00:00Z,25036.7
2026-04-18T01:00:00Z,24064.2
2026-04-18T02:00:00Z,25914.8
2026-04-18T03:00:00Z,27047.7
2026-04-18T04:00:00Z,28438.2
2026-04-18T05:00:00Z,29726.3
2026-04-18T06:00:00Z,31529.5
2026-04-18T07:00:00Z,35377.4
2026-04-18T08:00:00Z,36746.5
2026-04-18T09:00:00Z,38303.7
2026-04-18T10:00:00Z,40032.0
2026-04-18T11:00:00Z,40424.8
2026-04-18T12:00:00Z,39928.8
2026-04-18T13:00:00Z,42341.6
2026-04-18T14:00:00Z,39972.9
2026-04-18T15:00:00Z,39070.1
2026-04-18T16:00:00Z,37315.2
2026-04-18T17:00:00Z,35063.0
2026-04-18T18:00:00Z,33180.9
2026-04-18T19:00:00Z,31029.2
2026-04-18T20:00:00Z,28864.6
2026-04-18T21:00:00Z,27822.4
2026-04-18T22:00:00Z,25500.1
2026-04-18T23:00:00Z,25998.5
2026-04-19T00:00:00Z,25880.7
2026-04-19T01:00:00Z,24113.2
2026-04-19T02:00:00Z,27410.6
2026-04-19T03:00:00Z,27580.7
2026-04-19T04:00:00Z,30275.5
2026-04-19T05:00:00Z,30382.5
2026-04-19T06:00:00Z,33574.5
2026-04-19T07:00:00Z,34660.4
2026-04-19T08:00:00Z,35804.1
2026-04-19T09:00:00Z,38094.7
2026-04-19T10:00:00Z,40191.0
2026-04-19T11:00:00Z,40894.3
2026-04-19T12:00:00Z,40629.1
2026-04-19T13:00:00Z,40904.6
2026-04-19T14:00:00Z,40276.0
2026-04-19T15:00:00Z,38551.9
2026-04-19T16:00:00Z,36765.5
2026-04-19T17:00:00Z,34988.1
2026-04-19T18:00:00Z,32680.2
2026-04-19T19:00:00Z,30763.2
2026-04-19T20:00:00Z,28171.1
2026-04-19T21:00:00Z,26930.3
2026-04-19T22:00:00Z,24831.2
2026-04-19T23:00:00Z,25523.6
2026-04-20T00:00:00Z,27279.2
2026-04-20T01:00:00Z,26806.6
2026-04-20T02:00:00Z,28434.8
2026-04-20T03:00:00Z,29621.1
2026-04-20T04:00:00Z,31472.1
2026-04-20T05:00:00Z,33716.0
2026-04-20T06:00:00Z,33468.6
2026-04-20T07:00:00Z,36829.0
2026-04-20T08:00:00Z,38617.4
2026-04-20T09:00:00Z,40506.8
2026-04-20T10:00:00Z,41460.1
2026-04-20T11:00:00Z,42647.5
2026-04-20T12:00:00Z,42813.8
2026-04-20T13:00:00Z,42658.1
2026-04-20T14:00:00Z,41942.8
2026-04-20T15:00:00Z,40417.0
2026-04-20T16:00:00Z,38651.7
2026-04-20T17:00:00Z,37496.5
2026-04-20T18:00:00Z,35295.3
2026-04-20T19:00:00Z,33225.4
2026-04-20T20:00:00Z,31176.8
2026-04-20T21:00:00Z,29475.0
2026-04-20T22:00:00Z,27851.6
2026-04-20T23:00:00Z,27192.4
2026-04-21T00:00:00Z,26456.6
2026-04-21T01:00:00Z,26860.5
2026-04-21T02:00:00Z,28966.2
2026-04-21T03:00:00Z,28669.7
2026-04-21T04:00:00Z,31927.9
2026-04-21T05:00:00Z,32550.0
2026-04-21T06:00:00Z,34827.8
2026-04-21T07:00:00Z,36534.1
2026-04-21T08:00:00Z,38892.7
2026-04-21T09:00:00Z,40485.6
2026-04-21T10:00:00Z,42063.4
2026-04-21T11:00:00Z,42605.7
2026-04-21T12:00:00Z,43182.4
2026-04-21T13:00:00Z,41460.9
2026-04-21T14:00:00Z,41091.8
2026-04-21T15:00:00Z,40721.7
2026-04-21T16:00:00Z,39139.4
2026-04-21T17:00:00Z,36101.9
2026-04-21T18:00:00Z,35628.4
2026-04-21T19:00:00Z,33391.1
2026-04-21T20:00:00Z,31166.8
2026-04-21T21:00:00Z,28793.2
2026-04-21T22:00:00Z,27802.1
2026-04-21T23:00:00Z,28180.3
2026-04-22T00:00:00Z,25984.8
2026-04-22T01:00:00Z,26931.7
2026-04-22T02:00:00Z,27332.2
2026-04-22T03:00:00Z,29177.1
2026-04-22T04:00:00Z,31442.1
2026-04-22T05:00:00Z,33182.4
2026-04-22T06:00:00Z,34560.2
2026-04-22T07:00:00Z,36773.4
2026-04-22T08:00:00Z,39176.7
2026-04-22T09:00:00Z,41479.3
2026-04-22T10:00:00Z,42486.2
2026-04-22T11:00:00Z,40483.6
2026-04-22T12:00:00Z,42396.8
2026-04-22T13:00:00Z,43057.5
2026-04-22T14:00:00Z,41931.6
2026-04-22T15:00:00Z,41712.6
2026-04-22T16:00:00Z,38349.5
2026-04-22T17:00:00Z,37335.0
2026-04-22T18:00:00Z,35169.0
2026-04-22T19:00:00Z,32030.3
2026-04-22T20:00:00Z,30966.5
2026-04-22T21:00:00Z,29531.7
2026-04-22T22:00:00Z,29165.1
2026-04-22T23:00:00Z,26229.7
2026-04-23T00:00:00Z,26907.4
2026-04-23T01:00:00Z,27118.4
2026-04-23T02:00:00Z,28589.1
2026-04-23T03:00:00Z,29324.7
2026-04-23T04:00:00Z,31749.2
2026-04-23T05:00:00Z,32920.9
2026-04-23T06:00:00Z,35712.0
2026-04-23T07:00:00Z,38321.8
2026-04-23T08:00:00Z,40821.2
2026-04-23T09:00:00Z,41226.7
2026-04-23T10:00:00Z,42151.5
2026-04-23T11:00:00Z,42088.0
2026-04-23T12:00:00Z,43249.1
2026-04-23T13:00:00Z,42437.1
2026-04-23T14:00:00Z,42912.0
2026-04-23T15:00:00Z,40932.6
2026-04-23T16:00:00Z,39417.1
2026-04-23T17:00:00Z,38124.6
2026-04-23T18:00:00Z,35470.0
2026-04-23T19:00:00Z,33317.4
2026-04-23T20:00:00Z,30381.5
2026-04-23T21:00:00Z,28961.5
2026-04-23T22:00:00Z,28940.6
2026-04-23T23:00:00Z,26677.9
2026-04-24T00:00:00Z,27352.8
2026-04-24T01:00:00Z,26453.0
2026-04-24T02:00:00Z,28098.3
2026-04-24T03:00:00Z,30009.5
2026-04-24T04:00:00Z,31725.7
2026-04-24T05:00:00Z,33072.0
2026-04-24T06:00:00Z,33270.8
2026-04-24T07:00:00Z,37166.1
2026-04-24T08:00:00Z,39318.8
2026-04-24T09:00:00Z,39652.3
2026-04-24T10:00:00Z,41570.7
2026-04-24T11:00:00Z,43250.3
2026-04-24T12:00:00Z,42995.7
2026-04-24T13:00:00Z,44104.4
2026-04-24T14:00:00Z,43402.8
2026-04-24T15:00:00Z,41734.3
2026-04-24T16:00:00Z,38922.4
2026-04-24T17:00:00Z,37958.0
2026-04-24T18:00:00Z,34794.9
2026-04-24T19:00:00Z,33298.0
2026-04-24T20:00:00Z,30365.4
2026-04-24T21:00:00Z,30327.6
2026-04-24T22:00:00Z,28787.4
2026-04-24T23:00:00Z,27684.8
2026-04-25T00:00:00Z,23636.4
2026-04-25T01:00:00Z,26425.6
2026-04-25T02:00:00Z,27855.7
2026-04-25T03:00:00Z,26337.9
2026-04-25T04:00:00Z,27853.2
2026-04-25T05:00:00Z,29889.2
2026-04-25T06:00:00Z,32906.1
2026-04-25T07:00:00Z,35375.4
2026-04-25T08:00:00Z,36252.7
2026-04-25T09:00:00Z,39746.3
2026-04-25T10:00:00Z,40709.2
2026-04-25T11:00:00Z,40484.7
2026-04-25T12:00:00Z,41132.1
2026-04-25T13:00:00Z,39618.1
2026-04-25T14:00:00Z,39791.2
2026-04-25T15:00:00Z,38052.6
2026-04-25T16:00:00Z,37163.1
2026-04-25T17:00:00Z,34382.6
2026-04-25T18:00:00Z,32961.9
2026-04-25T19:00:00Z,30060.4
2026-04-25T20:00:00Z,28428.3
2026-04-25T21:00:00Z,27350.5
2026-04-25T22:00:00Z,24219.4
2026-04-25T23:00:00Z,24916.1
2026-04-26T00:00:00Z,25270.6
2026-04-26T01:00:00Z,25785.4
2026-04-26T02:00:00Z,25060.4
2026-04-26T03:00:00Z,27535.1
2026-04-26T04:00:00Z,28626.6
2026-04-26T05:00:00Z,30999.2
2026-04-26T06:00:00Z,32607.1
2026-04-26T07:00:00Z,34653.9
2026-04-26T08:00:00Z,37419.7
2026-04-26T09:00:00Z,39376.2
2026-04-26T10:00:00Z,40787.1
2026-04-26T11:00:00Z,40732.2
2026-04-26T12:00:00Z,41149.1
2026-04-26T13:00:00Z,40499.7
2026-04-26T14:00:00Z,40506.7
2026-04-26T15:00:00Z,39053.3
2026-04-26T16:00:00Z,36341.8
2026-04-26T17:00:00Z,33955.8
2026-04-26T18:00:00Z,33797.3
2026-04-26T19:00:00Z,31284.8
2026-04-26T20:00:00Z,28313.6
2026-04-26T21:00:00Z,26747.7
2026-04-26T22:00:00Z,25281.9
2026-04-26T23:00:00Z,24463.4
2026-04-27T00:00:00Z,27260.2
2026-04-27T01:00:00Z,27169.7
2026-04-27T02:00:00Z,28100.0
2026-04-27T03:00:00Z,28741.1
2026-04-27T04:00:00Z,30855.8
2026-04-27T05:00:00Z,32924.3
2026-04-27T06:00:00Z,34595.1
2026-04-27T07:00:00Z,36639.1
2026-04-27T08:00:00Z,38633.7
2026-04-27T09:00:00Z,41445.6
2026-04-27T10:00:00Z,42632.3
2026-04-27T11:00:00Z,44997.7
2026-04-27T12:00:00Z,43055.9
2026-04-27T13:00:00Z,42051.7
2026-04-27T14:00:00Z,42625.2
2026-04-27T15:00:00Z,40384.7
2026-04-27T16:00:00Z,38633.5
2026-04-27T17:00:00Z,36823.6
2026-04-27T18:00:00Z,34941.0
2026-04-27T19:00:00Z,33429.1
2026-04-27T20:00:00Z,31296.3
2026-04-27T21:00:00Z,28918.2
2026-04-27T22:00:00Z,27412.0
2026-04-27T23:00:00Z,28271.9
2026-04-28T00:00:00Z,26777.4
2026-04-28T01:00:00Z,27712.6
2026-04-28T02:00:00Z,28645.8
2026-04-28T03:00:00Z,29208.5
2026-04-28T04:00:00Z,31281.9
2026-04-28T05:00:00Z,33049.4
2026-04-28T06:00:00Z,35203.2
2026-04-28T07:00:00Z,38062.2
2026-04-28T08:00:00Z,37702.2
2026-04-28T09:00:00Z,40548.3
2026-04-28T10:00:00Z,41592.0
2026-04-28T11:00:00Z,41694.7
2026-04-28T12:00:00Z,42615.4
2026-04-28T13:00:00Z,42845.3
2026-04-28T14:00:00Z,42810.5
2026-04-28T15:00:00Z,40233.9
2026-04-28T16:00:00Z,39274.3
2026-04-28T17:00:00Z,36719.0
2026-04-28T18:00:00Z,36812.8
2026-04-28T19:00:00Z,32196.4
2026-04-28T20:00:00Z,30672.0
2026-04-28T21:00:00Z,29271.5
2026-04-28T22:00:00Z,27029.1
2026-04-28T23:00:00Z,26916.2
2026-04-29T00:00:00Z,26361.3
2026-04-29T01:00:00Z,28149.8
2026-04-29T02:00:00Z,28557.0
2026-04-29T03:00:00Z,29264.9
2026-04-29T04:00:00Z,30637.1
2026-04-29T05:00:00Z,33282.9
2026-04-29T06:00:00Z,34602.4
2026-04-29T07:00:00Z,37723.9
2026-04-29T08:00:00Z,38691.5
2026-04-29T09:00:00Z,41731.0
2026-04-29T10:00:00Z,42702.6
2026-04-29T11:00:00Z,42708.0
2026-04-29T12:00:00Z,44542.1
2026-04-29T13:00:00Z,42332.7
2026-04-29T14:00:00Z,41266.9
2026-04-29T15:00:00Z,41396.6
2026-04-29T16:00:00Z,39268.9
2026-04-29T17:00:00Z,38017.0
2026-04-29T18:00:00Z,36197.0
2026-04-29T19:00:00Z,34299.2
2026-04-29T20:00:00Z,30289.2
2026-04-29T21:00:00Z,29436.9
2026-04-29T22:00:00Z,28298.9
2026-04-29T23:00:00Z,27566.9
2026-04-30T00:00:00Z,27185.2
2026-04-30T01:00:00Z,27187.8
2026-04-30T02:00:00Z,28658.5
2026-04-30T03:00:00Z,29205.6
2026-04-30T04:00:00Z,31472.4
2026-04-30T05:00:00Z,32679.5
2026-04-30T06:00:00Z,34814.0
2026-04-30T07:00:00Z,36985.7
2026-04-30T08:00:00Z,39338.9
2026-04-30T09:00:00Z,41588.8
2026-04-30T10:00:00Z,41666.1
2026-04-30T11:00:00Z,42817.1
2026-04-30T12:00:00Z,44825.7
2026-04-30T13:00:00Z,44178.9
2026-04-30T14:00:00Z,41111.6
2026-04-30T15:00:00Z,39552.4
2026-04-30T16:00:00Z,39380.7
2026-04-30T17:00:00Z,37473.7
2026-04-30T18:00:00Z,35566.1
2026-04-30T19:00:00Z,34381.9
2026-04-30T20:00:00Z,30232.4
2026-04-30T21:00:00Z,29803.3
2026-04-30T22:00:00Z,27584.7
2026-04-30T23:00:00Z,26804.1
2026-05-01T00:00:00Z,28561.5
2026-05-01T01:00:00Z,28193.7
2026-05-01T02:00:00Z,29201.0
2026-05-01T03:00:00Z,29064.5
2026-05-01T04:00:00Z,32271.8
2026-05-01T05:00:00Z,33972.3
2026-05-01T06:00:00Z,35691.5
2026-05-01T07:00:00Z,38045.1
2026-05-01T08:00:00Z,39227.4
2026-05-01T09:00:00Z,41935.5
2026-05-01T10:00:00Z,43427.7
2026-05-01T11:00:00Z,43624.5
2026-05-01T12:00:00Z,43778.1
2026-05-01T13:00:00Z,42340.0
2026-05-01T14:00:00Z,42928.7
2026-05-01T15:00:00Z,40750.2
2026-05-01T16:00:00Z,39615.4
2026-05-01T17:00:00Z,37902.2
2026-05-01T18:00:00Z,35173.8
2026-05-01T19:00:00Z,32581.9
2026-05-01T20:00:00Z,30600.2
2026-05-01T21:00:00Z,29932.5
2026-05-01T22:00:00Z,27435.7
2026-05-01T23:00:00Z,28289.7
2026-05-02T00:00:00Z,25440.6
2026-05-02T01:00:00Z,25221.1
2026-05-02T02:00:00Z,26665.7
2026-05-02T03:00:00Z,26582.8
2026-05-02T04:00:00Z,27624.7
2026-05-02T05:00:00Z,30154.4
2026-05-02T06:00:00Z,32877.6
2026-05-02T07:00:00Z,34045.8
2026-05-02T08:00:00Z,36236.9
2026-05-02T09:00:00Z,38993.9
2026-05-02T10:00:00Z,39531.2
2026-05-02T11:00:00Z,39888.6
2026-05-02T12:00:00Z,41468.1
2026-05-02T13:00:00Z,40298.7
2026-05-02T14:00:00Z,39859.5
2026-05-02T15:00:00Z,39844.3
2026-05-02T16:00:00Z,37479.7
2026-05-02T17:00:00Z,34527.0
2026-05-02T18:00:00Z,32721.4
2026-05-02T19:00:00Z,31124.6
2026-05-02T20:00:00Z,29280.3
2026-05-02T21:00:00Z,27508.8
2026-05-02T22:00:00Z,26023.6
2026-05-02T23:00:00Z,25639.1
2026-05-03T00:00:00Z,25321.1
2026-05-03T01:00:00Z,25055.8
2026-05-03T02:00:00Z,26677.9
2026-05-03T03:00:00Z,27290.3
2026-05-03T04:00:00Z,29431.8
2026-05-03T05:00:00Z,29984.7
2026-05-03T06:00:00Z,33622.6
2026-05-03T07:00:00Z,34772.4
2026-05-03T08:00:00Z,37180.4
2026-05-03T09:00:00Z,38511.3
2026-05-03T10:00:00Z,39624.1
2026-05-03T11:00:00Z,40535.0
2026-05-03T12:00:00Z,40810.3
2026-05-03T13:00:00Z,40476.6
2026-05-03T14:00:00Z,40123.9
2026-05-03T15:00:00Z,38274.2
2026-05-03T16:00:00Z,38283.0
2026-05-03T17:00:00Z,34544.7
2026-05-03T18:00:00Z,33411.0
2026-05-03T19:00:00Z,30646.0
2026-05-03T20:00:00Z,29318.5
2026-05-03T21:00:00Z,27230.8
2026-05-03T22:00:00Z,26521.6
2026-05-03T23:00:00Z,24600.3
2026-05-04T00:00:00Z,28420.6
2026-05-04T01:00:00Z,26646.6
2026-05-04T02:00:00Z,28357.1
2026-05-04T03:00:00Z,29421.2
2026-05-04T04:00:00Z,31760.9
2026-05-04T05:00:00Z,33651.5
2026-05-04T06:00:00Z,34791.7
2026-05-04T07:00:00Z,38492.6
2026-05-04T08:00:00Z,39663.5
2026-05-04T09:00:00Z,40164.0
2026-05-04T10:00:00Z,42142.0
2026-05-04T11:00:00Z,43387.4
2026-05-04T12:00:00Z,43397.9
2026-05-04T13:00:00Z,42553.4
2026-05-04T14:00:00Z,41274.5
2026-05-04T15:00:00Z,42385.9
2026-05-04T16:00:00Z,39353.8
2026-05-04T17:00:00Z,36729.5
2026-05-04T18:00:00Z,35639.2
2026-05-04T19:00:00Z,32969.5
2026-05-04T20:00:00Z,31959.9
2026-05-04T21:00:00Z,29988.8
2026-05-04T22:00:00Z,28630.2
2026-05-04T23:00:00Z,26908.3
2026-05-05T00:00:00Z,28076.2
2026-05-05T01:00:00Z,26713.8
2026-05-05T02:00:00Z,27998.1
2026-05-05T03:00:00Z,28669.8
2026-05-05T04:00:00Z,30611.3
2026-05-05T05:00:00Z,34060.5
2026-05-05T06:00:00Z,35846.6
2026-05-05T07:00:00Z,37234.5
2026-05-05T08:00:00Z,39372.9
2026-05-05T09:00:00Z,41097.8
2026-05-05T10:00:00Z,41565.6
2026-05-05T11:00:00Z,42546.4
2026-05-05T12:00:00Z,43380.4
2026-05-05T13:00:00Z,43276.8
2026-05-05T14:00:00Z,41921.3
2026-05-05T15:00:00Z,40272.5
2026-05-05T16:00:00Z,40320.6
2026-05-05T17:00:00Z,37111.3
2026-05-05T18:00:00Z,35549.0
2026-05-05T19:00:00Z,33301.5
2026-05-05T20:00:00Z,30497.2
2026-05-05T21:00:00Z,28746.6
2026-05-05T22:00:00Z,28409.5
2026-05-05T23:00:00Z,26928.7
2026-05-06T00:00:00Z,27136.8
2026-05-06T01:00:00Z,27787.7
2026-05-06T02:00:00Z,28483.2
2026-05-06T03:00:00Z,29501.9
2026-05-06T04:00:00Z,31439.9
2026-05-06T05:00:00Z,32709.3
2026-05-06T06:00:00Z,35356.8
2026-05-06T07:00:00Z,37498.1
2026-05-06T08:00:00Z,40633.6
2026-05-06T09:00:00Z,41907.0
2026-05-06T10:00:00Z,41710.1
2026-05-06T11:00:00Z,43568.3
2026-05-06T12:00:00Z,44287.1
2026-05-06T13:00:00Z,43673.1
2026-05-06T14:00:00Z,41337.2
2026-05-06T15:00:00Z,41286.1
2026-05-06T16:00:00Z,39291.6
2026-05-06T17:00:00Z,36448.4
2026-05-06T18:00:00Z,34662.1
2026-05-06T19:00:00Z,33543.2
2026-05-06T20:00:00Z,31560.3
2026-05-06T21:00:00Z,30535.6
2026-05-06T22:00:00Z,28682.1
2026-05-06T23:00:00Z,26410.5
2026-05-07T00:00:00Z,28541.3
2026-05-07T01:00:00Z,27658.3
2026-05-07T02:00:00Z,27820.1
2026-05-07T03:00:00Z,30577.6
2026-05-07T04:00:00Z,31238.5
2026-05-07T05:00:00Z,33294.6
2026-05-07T06:00:00Z,36851.7
2026-05-07T07:00:00Z,37174.8
2026-05-07T08:00:00Z,40017.8
2026-05-07T09:00:00Z,40720.2
2026-05-07T10:00:00Z,43147.8
2026-05-07T11:00:00Z,42668.8
2026-05-07T12:00:00Z,43293.7
2026-05-07T13:00:00Z,43430.4
2026-05-07T14:00:00Z,42645.3
2026-05-07T15:00:00Z,41196.6
2026-05-07T16:00:00Z,40158.2
2026-05-07T17:00:00Z,37159.4
2026-05-07T18:00:00Z,35042.3
2026-05-07T19:00:00Z,33387.5
2026-05-07T20:00:00Z,31110.7
2026-05-07T21:00:00Z,29520.7
2026-05-07T22:00:00Z,29118.9
2026-05-07T23:00:00Z,28338.1
2026-05-08T00:00:00Z,27517.9
2026-05-08T01:00:00Z,27889.6
2026-05-08T02:00:00Z,28621.5
2026-05-08T03:00:00Z,29116.1
2026-05-08T04:00:00Z,31000.1
2026-05-08T05:00:00Z,34929.8
2026-05-08T06:00:00Z,35085.2
2026-05-08T07:00:00Z,37513.5
2026-05-08T08:00:00Z,40001.2
2026-05-08T09:00:00Z,40649.6
2026-05-08T10:00:00Z,41860.8
2026-05-08T11:00:00Z,43736.5
2026-05-08T12:00:00Z,43680.7
2026-05-08T13:00:00Z,43331.4
2026-05-08T14:00:00Z,41768.0
2026-05-08T15:00:00Z,41136.1
2026-05-08T16:00:00Z,39961.4
2026-05-08T17:00:00Z,37475.9
2026-05-08T18:00:00Z,36136.0
2026-05-08T19:00:00Z,33680.8
2026-05-08T20:00:00Z,32407.2
2026-05-08T21:00:00Z,29385.5
2026-05-08T22:00:00Z,27274.8
2026-05-08T23:00:00Z,27674.5
2026-05-09T00:00:00Z,25534.2
2026-05-09T01:00:00Z,25307.1
2026-05-09T02:00:00Z,24999.9
2026-05-09T03:00:00Z,27059.0
2026-05-09T04:00:00Z,29401.5
2026-05-09T05:00:00Z,31091.6
2026-05-09T06:00:00Z,32275.1
2026-05-09T07:00:00Z,35754.1
2026-05-09T08:00:00Z,37506.5
2026-05-09T09:00:00Z,38225.0
2026-05-09T10:00:00Z,40907.1
2026-05-09T11:00:00Z,40339.8
2026-05-09T12:00:00Z,41543.3
2026-05-09T13:00:00Z,40387.3
2026-05-09T14:00:00Z,41387.5
2026-05-09T15:00:00Z,39048.9
2026-05-09T16:00:00Z,37699.7
2026-05-09T17:00:00Z,35185.6
2026-05-09T18:00:00Z,33869.4
2026-05-09T19:00:00Z,30546.2
2026-05-09T20:00:00Z,28912.0
2026-05-09T21:00:00Z,27082.9
2026-05-09T22:00:00Z,25145.8
2026-05-09T23:00:00Z,24859.9
2026-05-10T00:00:00Z,24104.9
2026-05-10T01:00:00Z,26115.3
2026-05-10T02:00:00Z,27266.4
2026-05-10T03:00:00Z,26632.4
2026-05-10T04:00:00Z,29414.6
2026-05-10T05:00:00Z,31377.6
2026-05-10T06:00:00Z,32847.6
2026-05-10T07:00:00Z,35893.2
2026-05-10T08:00:00Z,36961.2
2026-05-10T09:00:00Z,39843.1
2026-05-10T10:00:00Z,40594.4
2026-05-10T11:00:00Z,40983.9
2026-05-10T12:00:00Z,40680.6
2026-05-10T13:00:00Z,40600.6
2026-05-10T14:00:00Z,40804.9
2026-05-10T15:00:00Z,38643.3
2026-05-10T16:00:00Z,37035.2
2026-05-10T17:00:00Z,34735.2
2026-05-10T18:00:00Z,34270.9
2026-05-10T19:00:00Z,32020.3
2026-05-10T20:00:00Z,29293.0
2026-05-10T21:00:00Z,26275.5
2026-05-10T22:00:00Z,27097.2
2026-05-10T23:00:00Z,25348.5
2026-05-11T00:00:00Z,26781.6
2026-05-11T01:00:00Z,28771.2
2026-05-11T02:00:00Z,28680.9
2026-05-11T03:00:00Z,30271.8
2026-05-11T04:00:00Z,32111.2
2026-05-11T05:00:00Z,35894.3
2026-05-11T06:00:00Z,36628.0
2026-05-11T07:00:00Z,37782.5
2026-05-11T08:00:00Z,39894.2
2026-05-11T09:00:00Z,42480.9
2026-05-11T10:00:00Z,41951.2
2026-05-11T11:00:00Z,42717.2
2026-05-11T12:00:00Z,43562.1
2026-05-11T13:00:00Z,44163.6
2026-05-11T14:00:00Z,41248.9
2026-05-11T15:00:00Z,41833.4
2026-05-11T16:00:00Z,39269.8
2026-05-11T17:00:00Z,39043.1
2026-05-11T18:00:00Z,36192.1
2026-05-11T19:00:00Z,32532.8
2026-05-11T20:00:00Z,30083.6
2026-05-11T21:00:00Z,30321.3
2026-05-11T22:00:00Z,29939.0
2026-05-11T23:00:00Z,27056.2
2026-05-12T00:00:00Z,27208.8
2026-05-12T01:00:00Z,27769.8
2026-05-12T02:00:00Z,27932.7
2026-05-12T03:00:00Z,29194.5
2026-05-12T04:00:00Z,32625.1
2026-05-12T05:00:00Z,32256.6
2026-05-12T06:00:00Z,36651.1
2026-05-12T07:00:00Z,37969.5
2026-05-12T08:00:00Z,39713.1
2026-05-12T09:00:00Z,42238.8
2026-05-12T10:00:00Z,42015.6
2026-05-12T11:00:00Z,44191.8
2026-05-12T12:00:00Z,43725.2
2026-05-12T13:00:00Z,43461.4
2026-05-12T14:00:00Z,43267.5
2026-05-12T15:00:00Z,40853.4
2026-05-12T16:00:00Z,39680.2
2026-05-12T17:00:00Z,37465.4
2026-05-12T18:00:00Z,36550.0
2026-05-12T19:00:00Z,33451.9
2026-05-12T20:00:00Z,31059.5
2026-05-12T21:00:00Z,29711.8
2026-05-12T22:00:00Z,29175.2
2026-05-12T23:00:00Z,26321.8
2026-05-13T00:00:00Z,27018.2
2026-05-13T01:00:00Z,29465.4
2026-05-13T02:00:00Z,29015.3
2026-05-13T03:00:00Z,29810.0
2026-05-13T04:00:00Z,31396.1
2026-05-13T05:00:00Z,34175.8
2026-05-13T06:00:00Z,36933.2
2026-05-13T07:00:00Z,37828.2
2026-05-13T08:00:00Z,39454.5
2026-05-13T09:00:00Z,41257.4
2026-05-13T10:00:00Z,41774.5
2026-05-13T11:00:00Z,43850.8
2026-05-13T12:00:00Z,43843.9
2026-05-13T13:00:00Z,43059.8
2026-05-13T14:00:00Z,42951.3
2026-05-13T15:00:00Z,41813.1
2026-05-13T16:00:00Z,39696.7
2026-05-13T17:00:00Z,38761.4
2026-05-13T18:00:00Z,35224.8
2026-05-13T19:00:00Z,33618.2
2026-05-13T20:00:00Z,30259.3
2026-05-13T21:00:00Z,30913.4
2026-05-13T22:00:00Z,29712.3
2026-05-13T23:00:00Z,28719.5
2026-05-14T00:00:00Z,27284.5
2026-05-14T01:00:00Z,28666.7
2026-05-14T02:00:00Z,28837.2
2026-05-14T03:00:00Z,29567.5
2026-05-14T04:00:00Z,30870.7
2026-05-14T05:00:00Z,33662.6
2026-05-14T06:00:00Z,35027.7
2026-05-14T07:00:00Z,38701.9
2026-05-14T08:00:00Z,40934.6
2026-05-14T09:00:00Z,42607.3
2026-05-14T10:00:00Z,41567.2
2026-05-14T11:00:00Z,44791.8
2026-05-14T12:00:00Z,43734.3
2026-05-14T13:00:00Z,44555.5
2026-05-14T14:00:00Z,43265.0
2026-05-14T15:00:00Z,40659.3
2026-05-14T16:00:00Z,40452.5
2026-05-14T17:00:00Z,38779.3
2026-05-14T18:00:00Z,35413.4
2026-05-14T19:00:00Z,34979.7
2026-05-14T20:00:00Z,30865.5
2026-05-14T21:00:00Z,30439.3
2026-05-14T22:00:00Z,29119.8
2026-05-14T23:00:00Z,28370.5
2026-05-15T00:00:00Z,26985.4
2026-05-15T01:00:00Z,27789.3
2026-05-15T02:00:00Z,28897.0
2026-05-15T03:00:00Z,30209.5
2026-05-15T04:00:00Z,31753.7
2026-05-15T05:00:00Z,33181.4
2026-05-15T06:00:00Z,36274.0
2026-05-15T07:00:00Z,38965.8
2026-05-15T08:00:00Z,40308.2
2026-05-15T09:00:00Z,41624.6
2026-05-15T10:00:00Z,43705.1
2026-05-15T11:00:00Z,44497.1
2026-05-15T12:00:00Z,43375.0
2026-05-15T13:00:00Z,43748.6
2026-05-15T14:00:00Z,43653.2
2026-05-15T15:00:00Z,42726.2
2026-05-15T16:00:00Z,40641.9
2026-05-15T17:00:00Z,38121.5
2026-05-15T18:00:00Z,35731.3
2026-05-15T19:00:00Z,33350.7
2026-05-15T20:00:00Z,32423.8
2026-05-15T21:00:00Z,30450.6
2026-05-15T22:00:00Z,29386.7
2026-05-15T23:00:00Z,26671.3
2026-05-16T00:00:00Z,24465.9
2026-05-16T01:00:00Z,25361.3
2026-05-16T02:00:00Z,28120.3
2026-05-16T03:00:00Z,28154.6
2026-05-16T04:00:00Z,31648.1
2026-05-16T05:00:00Z,30877.0
2026-05-16T06:00:00Z,33457.3
2026-05-16T07:00:00Z,35735.0
2026-05-16T08:00:00Z,37662.3
2026-05-16T09:00:00Z,39922.9
2026-05-16T10:00:00Z,40373.0
2026-05-16T11:00:00Z,42009.6
2026-05-16T12:00:00Z,41113.0
2026-05-16T13:00:00Z,41503.8
2026-05-16T14:00:00Z,39995.6
2026-05-16T15:00:00Z,39257.2
2026-05-16T16:00:00Z,38999.9
2026-05-16T17:00:00Z,35681.3
2026-05-16T18:00:00Z,32571.6
2026-05-16T19:00:00Z,32255.0
2026-05-16T20:00:00Z,30171.5
2026-05-16T21:00:00Z,27426.2
2026-05-16T22:00:00Z,25352.1
2026-05-16T23:00:00Z,26460.2
2026-05-17T00:00:00Z,25432.3
2026-05-17T01:00:00Z,27597.5
2026-05-17T02:00:00Z,26782.8
2026-05-17T03:00:00Z,28397.5
2026-05-17T04:00:00Z,28995.5
2026-05-17T05:00:00Z,31756.6
2026-05-17T06:00:00Z,33548.1
2026-05-17T07:00:00Z,35925.8
2026-05-17T08:00:00Z,38088.5
2026-05-17T09:00:00Z,38802.5
2026-05-17T10:00:00Z,41498.1
2026-05-17T11:00:00Z,42674.4
2026-05-17T12:00:00Z,42282.0
2026-05-17T13:00:00Z,42680.3
2026-05-17T14:00:00Z,41713.2
2026-05-17T15:00:00Z,39118.0
2026-05-17T16:00:00Z,37436.2
2026-05-17T17:00:00Z,37014.2
2026-05-17T18:00:00Z,33180.8
2026-05-17T19:00:00Z,32051.2
2026-05-17T20:00:00Z,29554.5
2026-05-17T21:00:00Z,27798.2
2026-05-17T22:00:00Z,26597.4
2026-05-17T23:00:00Z,26847.2
2026-05-18T00:00:00Z,27247.1
2026-05-18T01:00:00Z,28545.3
2026-05-18T02:00:00Z,29037.1
2026-05-18T03:00:00Z,30302.4
2026-05-18T04:00:00Z,31983.2
2026-05-18T05:00:00Z,34402.5
2026-05-18T06:00:00Z,36275.3
2026-05-18T07:00:00Z,37939.7
2026-05-18T08:00:00Z,40024.1
2026-05-18T09:00:00Z,42163.6
2026-05-18T10:00:00Z,42933.7
2026-05-18T11:00:00Z,44899.4
2026-05-18T12:00:00Z,45355.6
2026-05-18T13:00:00Z,44458.3
2026-05-18T14:00:00Z,44482.7
2026-05-18T15:00:00Z,42025.1
2026-05-18T16:00:00Z,40030.2
2026-05-18T17:00:00Z,38168.0
2026-05-18T18:00:00Z,35315.0
2026-05-18T19:00:00Z,34969.0
2026-05-18T20:00:00Z,32171.6
2026-05-18T21:00:00Z,30747.5
2026-05-18T22:00:00Z,29430.5
2026-05-18T23:00:00Z,30196.6
2026-05-19T00:00:00Z,28453.7
2026-05-19T01:00:00Z,29273.0
2026-05-19T02:00:00Z,30000.3
2026-05-19T03:00:00Z,30766.5
2026-05-19T04:00:00Z,33049.9
2026-05-19T05:00:00Z,34441.7
2026-05-19T06:00:00Z,36060.1
2026-05-19T07:00:00Z,37967.1
2026-05-19T08:00:00Z,40758.5
2026-05-19T09:00:00Z,42250.2
2026-05-19T10:00:00Z,44545.3
2026-05-19T11:00:00Z,43997.8
2026-05-19T12:00:00Z,44762.5
2026-05-19T13:00:00Z,44186.7
2026-05-19T14:00:00Z,43082.5
2026-05-19T15:00:00Z,42888.4
2026-05-19T16:00:00Z,40613.6
2026-05-19T17:00:00Z,38125.5
2026-05-19T18:00:00Z,36142.7
2026-05-19T19:00:00Z,34019.8
2026-05-19T20:00:00Z,32779.7
2026-05-19T21:00:00Z,30383.6
2026-05-19T22:00:00Z,28852.6
2026-05-19T23:00:00Z,28236.1
2026-05-20T00:00:00Z,27608.5
2026-05-20T01:00:00Z,28533.6
2026-05-20T02:00:00Z,27672.1
2026-05-20T03:00:00Z,31292.4
2026-05-20T04:00:00Z,33145.6
2026-05-20T05:00:00Z,34586.4
2026-05-20T06:00:00Z,36075.3
2026-05-20T07:00:00Z,38634.7
2026-05-20T08:00:00Z,40806.6
2026-05-20T09:00:00Z,43066.8
2026-05-20T10:00:00Z,43847.1
2026-05-20T11:00:00Z,43425.7
2026-05-20T12:00:00Z,44806.2
2026-05-20T13:00:00Z,44892.5
2026-05-20T14:00:00Z,43098.4
2026-05-20T15:00:00Z,42594.4
2026-05-20T16:00:00Z,40395.6
2026-05-20T17:00:00Z,37010.0
2026-05-20T18:00:00Z,36327.1
2026-05-20T19:00:00Z,34179.2
2026-05-20T20:00:00Z,33389.7
2026-05-20T21:00:00Z,31381.6
2026-05-20T22:00:00Z,29296.6
2026-05-20T23:00:00Z,28062.7
2026-05-21T00:00:00Z,29206.1
2026-05-21T01:00:00Z,29053.9
2026-05-21T02:00:00Z,29963.0
2026-05-21T03:00:00Z,30484.3
2026-05-21T04:00:00Z,32725.7
2026-05-21T05:00:00Z,33392.2
2026-05-21T06:00:00Z,36739.4
2026-05-21T07:00:00Z,38909.0
2026-05-21T08:00:00Z,41354.0
2026-05-21T09:00:00Z,42007.8
2026-05-21T10:00:00Z,44749.8
2026-05-21T11:00:00Z,43818.3
2026-05-21T12:00:00Z,45451.9
2026-05-21T13:00:00Z,45781.5
2026-05-21T14:00:00Z,42952.1
2026-05-21T15:00:00Z,42018.6
2026-05-21T16:00:00Z,41928.8
2026-05-21T17:00:00Z,39478.4
2026-05-21T18:00:00Z,37623.0
2026-05-21T19:00:00Z,33719.8
2026-05-21T20:00:00Z,32763.4
2026-05-21T21:00:00Z,30874.4
2026-05-21T22:00:00Z,29031.2
2026-05-21T23:00:00Z,27692.3
2026-05-22T00:00:00Z,27137.7
2026-05-22T01:00:00Z,28549.7
2026-05-22T02:00:00Z,30151.3
2026-05-22T03:00:00Z,30910.8
2026-05-22T04:00:00Z,32152.6
2026-05-22T05:00:00Z,34573.6
2026-05-22T06:00:00Z,37194.1
2026-05-22T07:00:00Z,39075.2
2026-05-22T08:00:00Z,40783.6
2026-05-22T09:00:00Z,41259.8
2026-05-22T10:00:00Z,44270.4
2026-05-22T11:00:00Z,44021.0
2026-05-22T12:00:00Z,44686.6
2026-05-22T13:00:00Z,43414.6
2026-05-22T14:00:00Z,43777.4
2026-05-22T15:00:00Z,42194.9
2026-05-22T16:00:00Z,40748.0
2026-05-22T17:00:00Z,38502.8
2026-05-22T18:00:00Z,37056.1
2026-05-22T19:00:00Z,35478.8
2026-05-22T20:00:00Z,31551.2
2026-05-22T21:00:00Z,30771.1
2026-05-22T22:00:00Z,29339.7
2026-05-22T23:00:00Z,28837.6
2026-05-23T00:00:00Z,26580.4
2026-05-23T01:00:00Z,26696.6
2026-05-23T02:00:00Z,27995.3
2026-05-23T03:00:00Z,27579.3
2026-05-23T04:00:00Z,30154.9
2026-05-23T05:00:00Z,33920.0
2026-05-23T06:00:00Z,34755.7
2026-05-23T07:00:00Z,37963.2
2026-05-23T08:00:00Z,38944.4
2026-05-23T09:00:00Z,41084.5
2026-05-23T10:00:00Z,41086.3
2026-05-23T11:00:00Z,42909.7
2026-05-23T12:00:00Z,41813.6
2026-05-23T13:00:00Z,42429.9
2026-05-23T14:00:00Z,41827.6
2026-05-23T15:00:00Z,40146.8
2026-05-23T16:00:00Z,38585.5
2026-05-23T17:00:00Z,36666.6
2026-05-23T18:00:00Z,34470.7
2026-05-23T19:00:00Z,31214.5
2026-05-23T20:00:00Z,30375.8
2026-05-23T21:00:00Z,29437.3
2026-05-23T22:00:00Z,26888.8
2026-05-23T23:00:00Z,26025.5
2026-05-24T00:00:00Z,25709.3
2026-05-24T01:00:00Z,26769.6
2026-05-24T02:00:00Z,27191.4
2026-05-24T03:00:00Z,29227.0
2026-05-24T04:00:00Z,29779.1
2026-05-24T05:00:00Z,34338.3
2026-05-24T06:00:00Z,34572.3
2026-05-24T07:00:00Z,35512.0
2026-05-24T08:00:00Z,38634.3
2026-05-24T09:00:00Z,39713.1
2026-05-24T10:00:00Z,41010.4
2026-05-24T11:00:00Z,42063.6
2026-05-24T12:00:00Z,42820.9
2026-05-24T13:00:00Z,42244.8
2026-05-24T14:00:00Z,42074.1
2026-05-24T15:00:00Z,40657.5
2026-05-24T16:00:00Z,38273.6
2026-05-24T17:00:00Z,37013.6
2026-05-24T18:00:00Z,34906.6
2026-05-24T19:00:00Z,32616.2
2026-05-24T20:00:00Z,31506.4
2026-05-24T21:00:00Z,29945.6
2026-05-24T22:00:00Z,26905.0
2026-05-24T23:00:00Z,27192.1
2026-05-25T00:00:00Z,28971.7
2026-05-25T01:00:00Z,29438.8
2026-05-25T02:00:00Z,30093.4
2026-05-25T03:00:00Z,31446.4
2026-05-25T04:00:00Z,32232.7
2026-05-25T05:00:00Z,35405.4
2026-05-25T06:00:00Z,36635.3
2026-05-25T07:00:00Z,39175.6
2026-05-25T08:00:00Z,41298.4
2026-05-25T09:00:00Z,43464.1
2026-05-25T10:00:00Z,44090.2
2026-05-25T11:00:00Z,43783.9
2026-05-25T12:00:00Z,45367.2
2026-05-25T13:00:00Z,44874.1
2026-05-25T14:00:00Z,43983.0
2026-05-25T15:00:00Z,41918.5
2026-05-25T16:00:00Z,42270.1
2026-05-25T17:00:00Z,39762.9
2026-05-25T18:00:00Z,37074.5
2026-05-25T19:00:00Z,34538.4
2026-05-25T20:00:00Z,32200.7
2026-05-25T21:00:00Z,31030.6
2026-05-25T22:00:00Z,29985.7
2026-05-25T23:00:00Z,29257.2
2026-05-26T00:00:00Z,29248.9
2026-05-26T01:00:00Z,28943.6
2026-05-26T02:00:00Z,30109.9
2026-05-26T03:00:00Z,31298.6
2026-05-26T04:00:00Z,33635.9
2026-05-26T05:00:00Z,34438.1
2026-05-26T06:00:00Z,36541.5
2026-05-26T07:00:00Z,39013.7
2026-05-26T08:00:00Z,41405.6
2026-05-26T09:00:00Z,42702.6
2026-05-26T10:00:00Z,44689.7
2026-05-26T11:00:00Z,44728.2
2026-05-26T12:00:00Z,46290.5
2026-05-26T13:00:00Z,46737.2
2026-05-26T14:00:00Z,44163.7
2026-05-26T15:00:00Z,43012.3
2026-05-26T16:00:00Z,40482.0
2026-05-26T17:00:00Z,39104.9
2026-05-26T18:00:00Z,38130.3
2026-05-26T19:00:00Z,34451.2
2026-05-26T20:00:00Z,33325.7
2026-05-26T21:00:00Z,32005.6
2026-05-26T22:00:00Z,30147.7
2026-05-26T23:00:00Z,28746.0
2026-05-27T00:00:00Z,29111.9
2026-05-27T01:00:00Z,29174.0
2026-05-27T02:00:00Z,29303.5
2026-05-27T03:00:00Z,32192.8
2026-05-27T04:00:00Z,34124.4
2026-05-27T05:00:00Z,35273.7
2026-05-27T06:00:00Z,36366.3
2026-05-27T07:00:00Z,38477.4
2026-05-27T08:00:00Z,41648.8
2026-05-27T09:00:00Z,43431.5
2026-05-27T10:00:00Z,45510.5
2026-05-27T11:00:00Z,44968.0
2026-05-27T12:00:00Z,44891.6
2026-05-27T13:00:00Z,45369.9
2026-05-27T14:00:00Z,43910.9
2026-05-27T15:00:00Z,43347.0
2026-05-27T16:00:00Z,41400.7
2026-05-27T17:00:00Z,38162.6
2026-05-27T18:00:00Z,37146.7
2026-05-27T19:00:00Z,35365.3
2026-05-27T20:00:00Z,32897.8
2026-05-27T21:00:00Z,32593.7
2026-05-27T22:00:00Z,31116.8
2026-05-27T23:00:00Z,29879.4
2026-05-28T00:00:00Z,29093.2
2026-05-28T01:00:00Z,29101.7
2026-05-28T02:00:00Z,31121.0
2026-05-28T03:00:00Z,31996.5
2026-05-28T04:00:00Z,34072.8
2026-05-28T05:00:00Z,34923.0
2026-05-28T06:00:00Z,37096.7
2026-05-28T07:00:00Z,38788.4
2026-05-28T08:00:00Z,39885.6
2026-05-28T09:00:00Z,42887.1
2026-05-28T10:00:00Z,45076.7
2026-05-28T11:00:00Z,46303.9
2026-05-28T12:00:00Z,44999.9
2026-05-28T13:00:00Z,44430.8
2026-05-28T14:00:00Z,43785.7
2026-05-28T15:00:00Z,43284.3
2026-05-28T16:00:00Z,41640.2
2026-05-28T17:00:00Z,38831.8
2026-05-28T18:00:00Z,36959.3
2026-05-28T19:00:00Z,34846.5
2026-05-28T20:00:00Z,34575.6
2026-05-28T21:00:00Z,31390.9
2026-05-28T22:00:00Z,29949.3
2026-05-28T23:00:00Z,29588.4
2026-05-29T00:00:00Z,27927.4
2026-05-29T01:00:00Z,28485.5
2026-05-29T02:00:00Z,29107.1
2026-05-29T03:00:00Z,32005.1
2026-05-29T04:00:00Z,34915.9
2026-05-29T05:00:00Z,35983.0
2026-05-29T06:00:00Z,38966.0
2026-05-29T07:00:00Z,40297.5
2026-05-29T08:00:00Z,41042.5
2026-05-29T09:00:00Z,44207.8
2026-05-29T10:00:00Z,44400.1
2026-05-29T11:00:00Z,46448.9
2026-05-29T12:00:00Z,45309.7
2026-05-29T13:00:00Z,45229.5
2026-05-29T14:00:00Z,44205.1
2026-05-29T15:00:00Z,43300.0
2026-05-29T16:00:00Z,41962.7
2026-05-29T17:00:00Z,39952.2
2026-05-29T18:00:00Z,36533.7
2026-05-29T19:00:00Z,34147.3
2026-05-29T20:00:00Z,31669.0
2026-05-29T21:00:00Z,32999.3
2026-05-29T22:00:00Z,31263.7
2026-05-29T23:00:00Z,30836.0
2026-05-30T00:00:00Z,26858.9
2026-05-30T01:00:00Z,27919.8
2026-05-30T02:00:00Z,28153.8
2026-05-30T03:00:00Z,29305.8
2026-05-30T04:00:00Z,29294.9
2026-05-30T05:00:00Z,32483.2
2026-05-30T06:00:00Z,35851.7
2026-05-30T07:00:00Z,36812.0
2026-05-30T08:00:00Z,38953.6
2026-05-30T09:00:00Z,40298.2
2026-05-30T10:00:00Z,42602.3
2026-05-30T11:00:00Z,44291.4
2026-05-30T12:00:00Z,42450.8
2026-05-30T13:00:00Z,42119.1
2026-05-30T14:00:00Z,41398.2
2026-05-30T15:00:00Z,40888.2
2026-05-30T16:00:00Z,38010.5
2026-05-30T17:00:00Z,36854.8
2026-05-30T18:00:00Z,33981.9
2026-05-30T19:00:00Z,33379.3
2026-05-30T20:00:00Z,30430.1
2026-05-30T21:00:00Z,29893.5
2026-05-30T22:00:00Z,27417.4
2026-05-30T23:00:00Z,27728.7
2026-05-31T00:00:00Z,26553.0
2026-05-31T01:00:00Z,28124.7
2026-05-31T02:00:00Z,26823.7
2026-05-31T03:00:00Z,28870.0
2026-05-31T04:00:00Z,30862.9
2026-05-31T05:00:00Z,34447.9
2026-05-31T06:00:00Z,36702.2
2026-05-31T07:00:00Z,39315.7
2026-05-31T08:00:00Z,40133.7
2026-05-31T09:00:00Z,41010.2
2026-05-31T10:00:00Z,43573.4
2026-05-31T11:00:00Z,43410.5
2026-05-31T12:00:00Z,44068.9
2026-05-31T13:00:00Z,43539.8
2026-05-31T14:00:00Z,41680.5
2026-05-31T15:00:00Z,41646.7
2026-05-31T16:00:00Z,40521.8
2026-05-31T17:00:00Z,38061.4
2026-05-31T18:00:00Z,35154.6
2026-05-31T19:00:00Z,32136.3
2026-05-31T20:00:00Z,31584.1
2026-05-31T21:00:00Z,29076.0
2026-05-31T22:00:00Z,27918.6
2026-05-31T23:00:00Z,28129.4
2026-06-01T00:00:00Z,29556.6
2026-06-01T01:00:00Z,28597.3
2026-06-01T02:00:00Z,30936.2
2026-06-01T03:00:00Z,32506.2
2026-06-01T04:00:00Z,33381.7
2026-06-01T05:00:00Z,35682.0
2026-06-01T06:00:00Z,37080.2
2026-06-01T07:00:00Z,39095.9
2026-06-01T08:00:00Z,41921.4
2026-06-01T09:00:00Z,43392.1
2026-06-01T10:00:00Z,43796.8
2026-06-01T11:00:00Z,46093.8
2026-06-01T12:00:00Z,45948.7
2026-06-01T13:00:00Z,45475.5
2026-06-01T14:00:00Z,44209.7
2026-06-01T15:00:00Z,43385.2
2026-06-01T16:00:00Z,42628.3
2026-06-01T17:00:00Z,40937.6
2026-06-01T18:00:00Z,37106.2
2026-06-01T19:00:00Z,35046.5
2026-06-01T20:00:00Z,32466.7
2026-06-01T21:00:00Z,31775.5
2026-06-01T22:00:00Z,30444.9
2026-06-01T23:00:00Z,30509.5
2026-06-02T00:00:00Z,30111.7
2026-06-02T01:00:00Z,29261.6
2026-06-02T02:00:00Z,30596.4
2026-06-02T03:00:00Z,31720.3
2026-06-02T04:00:00Z,34011.9
2026-06-02T05:00:00Z,36268.8
2026-06-02T06:00:00Z,37495.2
2026-06-02T07:00:00Z,40832.8
2026-06-02T08:00:00Z,43097.6
2026-06-02T09:00:00Z,42129.9
2026-06-02T10:00:00Z,43408.2
2026-06-02T11:00:00Z,45505.3
2026-06-02T12:00:00Z,44681.4
2026-06-02T13:00:00Z,45130.7
2026-06-02T14:00:00Z,44138.7
2026-06-02T15:00:00Z,42333.1
2026-06-02T16:00:00Z,42245.8
2026-06-02T17:00:00Z,40384.6
2026-06-02T18:00:00Z,37289.7
2026-06-02T19:00:00Z,35781.4
2026-06-02T20:00:00Z,33309.1
2026-06-02T21:00:00Z,31273.8
2026-06-02T22:00:00Z,31370.7
2026-06-02T23:00:00Z,30291.7
2026-06-03T00:00:00Z,28662.2
2026-06-03T01:00:00Z,30225.1
2026-06-03T02:00:00Z,31085.4
2026-06-03T03:00:00Z,32075.7
2026-06-03T04:00:00Z,34230.6
2026-06-03T05:00:00Z,36861.0
2026-06-03T06:00:00Z,38014.4
2026-06-03T07:00:00Z,40108.5
2026-06-03T08:00:00Z,41757.4
2026-06-03T09:00:00Z,42636.5
2026-06-03T10:00:00Z,44483.4
2026-06-03T11:00:00Z,44277.8
2026-06-03T12:00:00Z,46356.2
2026-06-03T13:00:00Z,45945.4
2026-06-03T14:00:00Z,44957.6
2026-06-03T15:00:00Z,43237.9
2026-06-03T16:00:00Z,42326.8
2026-06-03T17:00:00Z,39918.3
2026-06-03T18:00:00Z,37484.5
2026-06-03T19:00:00Z,35557.2
2026-06-03T20:00:00Z,34103.9
2026-06-03T21:00:00Z,33407.7
2026-06-03T22:00:00Z,31540.6
2026-06-03T23:00:00Z,30557.7
2026-06-04T00:00:00Z,29622.3
2026-06-04T01:00:00Z,29976.4
2026-06-04T02:00:00Z,31628.3
2026-06-04T03:00:00Z,31319.3
2026-06-04T04:00:00Z,35046.6
2026-06-04T05:00:00Z,36834.4
2026-06-04T06:00:00Z,38385.3
2026-06-04T07:00:00Z,40544.0
2026-06-04T08:00:00Z,43137.5
2026-06-04T09:00:00Z,43996.1
2026-06-04T10:00:00Z,45876.6
2026-06-04T11:00:00Z,45515.1
2026-06-04T12:00:00Z,44985.9
2026-06-04T13:00:00Z,45405.7
2026-06-04T14:00:00Z,45865.3
2026-06-04T15:00:00Z,44661.0
2026-06-04T16:00:00Z,42424.0
2026-06-04T17:00:00Z,39736.6
2026-06-04T18:00:00Z,37613.6
2026-06-04T19:00:00Z,35321.9
2026-06-04T20:00:00Z,34926.6
2026-06-04T21:00:00Z,32120.5
2026-06-04T22:00:00Z,31559.6
2026-06-04T23:00:00Z,30083.2
2026-06-05T00:00:00Z,30578.2
2026-06-05T01:00:00Z,31319.5
2026-06-05T02:00:00Z,31278.4
2026-06-05T03:00:00Z,30536.5
2026-06-05T04:00:00Z,34579.5
2026-06-05T05:00:00Z,35325.4
2026-06-05T06:00:00Z,38808.4
2026-06-05T07:00:00Z,40960.0
2026-06-05T08:00:00Z,42193.9
2026-06-05T09:00:00Z,42862.6
2026-06-05T10:00:00Z,45245.1
2026-06-05T11:00:00Z,44766.0
2026-06-05T12:00:00Z,45610.9
2026-06-05T13:00:00Z,46388.9
2026-06-05T14:00:00Z,44543.9
2026-06-05T15:00:00Z,41777.6
2026-06-05T16:00:00Z,41391.3
2026-06-05T17:00:00Z,39924.9
2026-06-05T18:00:00Z,37917.5
2026-06-05T19:00:00Z,35509.2
2026-06-05T20:00:00Z,34899.2
2026-06-05T21:00:00Z,32802.1
2026-06-05T22:00:00Z,31176.0
2026-06-05T23:00:00Z,29109.3
2026-06-06T00:00:00Z,27797.7
2026-06-06T01:00:00Z,27810.2
2026-06-06T02:00:00Z,30778.6
2026-06-06T03:00:00Z,30147.4
2026-06-06T04:00:00Z,31894.5
2026-06-06T05:00:00Z,34792.1
2026-06-06T06:00:00Z,35890.9
2026-06-06T07:00:00Z,37922.2
2026-06-06T08:00:00Z,38819.0
2026-06-06T09:00:00Z,41283.0
2026-06-06T10:00:00Z,42537.7
2026-06-06T11:00:00Z,43607.4
2026-06-06T12:00:00Z,43921.0
2026-06-06T13:00:00Z,43804.8
2026-06-06T14:00:00Z,42461.4
2026-06-06T15:00:00Z,42252.6
2026-06-06T16:00:00Z,40686.1
2026-06-06T17:00:00Z,38839.6
2026-06-06T18:00:00Z,34755.9
2026-06-06T19:00:00Z,33945.0
2026-06-06T20:00:00Z,31500.2
2026-06-06T21:00:00Z,30511.6
2026-06-06T22:00:00Z,28851.5
2026-06-06T23:00:00Z,28765.8
2026-06-07T00:00:00Z,28825.3
2026-06-07T01:00:00Z,28333.4
2026-06-07T02:00:00Z,28522.9
2026-06-07T03:00:00Z,31384.0
2026-06-07T04:00:00Z,30923.6
2026-06-07T05:00:00Z,35303.2
2026-06-07T06:00:00Z,35926.4
2026-06-07T07:00:00Z,38079.7
2026-06-07T08:00:00Z,40773.9
2026-06-07T09:00:00Z,42348.6
2026-06-07T10:00:00Z,43052.5
2026-06-07T11:00:00Z,44400.8
2026-06-07T12:00:00Z,44617.9
2026-06-07T13:00:00Z,43772.5
2026-06-07T14:00:00Z,44423.6
2026-06-07T15:00:00Z,42276.2
2026-06-07T16:00:00Z,40477.0
2026-06-07T17:00:00Z,38125.6
2026-06-07T18:00:00Z,36266.3
2026-06-07T19:00:00Z,35129.3
2026-06-07T20:00:00Z,30406.2
2026-06-07T21:00:00Z,30417.7
2026-06-07T22:00:00Z,29579.9
2026-06-07T23:00:00Z,27371.0
2026-06-08T00:00:00Z,30628.9
2026-06-08T01:00:00Z,30736.6
2026-06-08T02:00:00Z,30563.2
2026-06-08T03:00:00Z,32505.0
2026-06-08T04:00:00Z,34748.6
2026-06-08T05:00:00Z,36865.4
2026-06-08T06:00:00Z,38716.9
2026-06-08T07:00:00Z,40289.3
2026-06-08T08:00:00Z,43643.5
2026-06-08T09:00:00Z,44044.3
2026-06-08T10:00:00Z,45456.6
2026-06-08T11:00:00Z,47125.9
2026-06-08T12:00:00Z,46527.2
2026-06-08T13:00:00Z,46784.5
2026-06-08T14:00:00Z,46350.8
2026-06-08T15:00:00Z,43593.5
2026-06-08T16:00:00Z,41924.2
2026-06-08T17:00:00Z,41174.2
2026-06-08T18:00:00Z,38410.8
2026-06-08T19:00:00Z,37483.7
2026-06-08T20:00:00Z,34632.0
2026-06-08T21:00:00Z,32861.7
2026-06-08T22:00:00Z,33141.1
2026-06-08T23:00:00Z,30289.2
2026-06-09T00:00:00Z,30190.4
2026-06-09T01:00:00Z,30839.9
2026-06-09T02:00:00Z,31373.3
2026-06-09T03:00:00Z,32977.2
2026-06-09T04:00:00Z,35190.7
2026-06-09T05:00:00Z,36692.8
2026-06-09T06:00:00Z,38380.4
2026-06-09T07:00:00Z,41595.2
2026-06-09T08:00:00Z,42429.5
2026-06-09T09:00:00Z,43501.9
2026-06-09T10:00:00Z,46122.5
2026-06-09T11:00:00Z,46111.1
2026-06-09T12:00:00Z,46869.8
2026-06-09T13:00:00Z,47863.6
2026-06-09T14:00:00Z,45161.3
2026-06-09T15:00:00Z,44750.5
2026-06-09T16:00:00Z,42718.2
2026-06-09T17:00:00Z,41436.8
2026-06-09T18:00:00Z,38261.9
2026-06-09T19:00:00Z,36177.0
2026-06-09T20:00:00Z,34547.5
2026-06-09T21:00:00Z,33036.6
2026-06-09T22:00:00Z,32092.4
2026-06-09T23:00:00Z,31926.1
2026-06-10T00:00:00Z,30955.8
2026-06-10T01:00:00Z,30861.1
2026-06-10T02:00:00Z,32458.5
2026-06-10T03:00:00Z,33207.6
2026-06-10T04:00:00Z,34598.8
2026-06-10T05:00:00Z,37079.3
2026-06-10T06:00:00Z,39115.1
2026-06-10T07:00:00Z,41406.4
2026-06-10T08:00:00Z,42204.5
2026-06-10T09:00:00Z,43790.7
2026-06-10T10:00:00Z,46290.2
2026-06-10T11:00:00Z,47255.1
2026-06-10T12:00:00Z,46473.4
2026-06-10T13:00:00Z,45173.2
2026-06-10T14:00:00Z,44827.9
2026-06-10T15:00:00Z,43805.6
2026-06-10T16:00:00Z,44017.8
2026-06-10T17:00:00Z,40118.8
2026-06-10T18:00:00Z,38375.3
2026-06-10T19:00:00Z,37698.0
2026-06-10T20:00:00Z,34383.2
2026-06-10T21:00:00Z,33096.3
2026-06-10T22:00:00Z,30724.4
2026-06-10T23:00:00Z,31665.1
2026-06-11T00:00:00Z,31455.4
2026-06-11T01:00:00Z,29948.5
2026-06-11T02:00:00Z,32585.3
2026-06-11T03:00:00Z,33384.4
2026-06-11T04:00:00Z,34490.2
2026-06-11T05:00:00Z,36985.2
2026-06-11T06:00:00Z,39005.2
2026-06-11T07:00:00Z,40342.8
2026-06-11T08:00:00Z,44907.2
2026-06-11T09:00:00Z,43329.2
2026-06-11T10:00:00Z,46040.1
2026-06-11T11:00:00Z,46143.9
2026-06-11T12:00:00Z,46412.6
2026-06-11T13:00:00Z,46531.7
2026-06-11T14:00:00Z,46121.5
2026-06-11T15:00:00Z,43663.2
2026-06-11T16:00:00Z,41754.1
2026-06-11T17:00:00Z,40508.9
2026-06-11T18:00:00Z,37889.9
2026-06-11T19:00:00Z,36495.5
2026-06-11T20:00:00Z,34916.9
2026-06-11T21:00:00Z,32155.1
2026-06-11T22:00:00Z,30861.2
2026-06-11T23:00:00Z,30741.3
2026-06-12T00:00:00Z,31472.3
2026-06-12T01:00:00Z,31807.6
2026-06-12T02:00:00Z,31972.5
2026-06-12T03:00:00Z,33360.0
2026-06-12T04:00:00Z,36043.3
2026-06-12T05:00:00Z,36792.7
2026-06-12T06:00:00Z,38243.6
2026-06-12T07:00:00Z,41091.5
2026-06-12T08:00:00Z,42209.4
2026-06-12T09:00:00Z,45752.3
2026-06-12T10:00:00Z,46528.7
2026-06-12T11:00:00Z,46725.2
2026-06-12T12:00:00Z,46493.6
2026-06-12T13:00:00Z,46951.6
2026-06-12T14:00:00Z,47121.7
2026-06-12T15:00:00Z,44545.0
2026-06-12T16:00:00Z,43368.7
2026-06-12T17:00:00Z,41466.7
2026-06-12T18:00:00Z,38511.5
2026-06-12T19:00:00Z,37032.0
2026-06-12T20:00:00Z,35964.7
2026-06-12T21:00:00Z,33187.5
2026-06-12T22:00:00Z,31299.6
2026-06-12T23:00:00Z,31571.0
2026-06-13T00:00:00Z,28593.3
2026-06-13T01:00:00Z,29125.6
2026-06-13T02:00:00Z,29523.0
2026-06-13T03:00:00Z,31198.0
2026-06-13T04:00:00Z,33001.2
2026-06-13T05:00:00Z,35871.0
2026-06-13T06:00:00Z,37584.6
2026-06-13T07:00:00Z,38622.5
2026-06-13T08:00:00Z,41186.4
2026-06-13T09:00:00Z,42216.8
2026-06-13T10:00:00Z,43041.0
2026-06-13T11:00:00Z,45296.2
2026-06-13T12:00:00Z,45576.5
2026-06-13T13:00:00Z,43540.7
2026-06-13T14:00:00Z,43598.6
2026-06-13T15:00:00Z,43161.4
2026-06-13T16:00:00Z,41165.2
2026-06-13T17:00:00Z,38165.5
2026-06-13T18:00:00Z,36365.6
2026-06-13T19:00:00Z,34475.2
2026-06-13T20:00:00Z,32108.9
2026-06-13T21:00:00Z,31924.9
2026-06-13T22:00:00Z,30448.6
2026-06-13T23:00:00Z,28734.9
2026-06-14T00:00:00Z,28390.2
2026-06-14T01:00:00Z,29474.2
2026-06-14T02:00:00Z,31355.2
2026-06-14T03:00:00Z,31441.3
2026-06-14T04:00:00Z,33279.6
2026-06-14T05:00:00Z,35323.8
2026-06-14T06:00:00Z,36577.5
2026-06-14T07:00:00Z,39196.8
2026-06-14T08:00:00Z,40728.2
2026-06-14T09:00:00Z,42444.9
2026-06-14T10:00:00Z,43735.6
2026-06-14T11:00:00Z,46240.6
2026-06-14T12:00:00Z,44875.1
2026-06-14T13:00:00Z,45330.2
2026-06-14T14:00:00Z,44628.7
2026-06-14T15:00:00Z,41994.0
2026-06-14T16:00:00Z,40947.1
2026-06-14T17:00:00Z,38804.7
2026-06-14T18:00:00Z,37107.1
2026-06-14T19:00:00Z,34139.5
2026-06-14T20:00:00Z,32935.9
2026-06-14T21:00:00Z,30840.8
2026-06-14T22:00:00Z,30759.2
2026-06-14T23:00:00Z,29200.4
2026-06-15T00:00:00Z,31287.8
2026-06-15T01:00:00Z,31028.4
2026-06-15T02:00:00Z,34107.6
2026-06-15T03:00:00Z,33293.0
2026-06-15T04:00:00Z,35278.0
2026-06-15T05:00:00Z,37545.5
2026-06-15T06:00:00Z,39815.0
2026-06-15T07:00:00Z,41727.1
2026-06-15T08:00:00Z,43774.1
2026-06-15T09:00:00Z,45331.6
2026-06-15T10:00:00Z,45960.1
2026-06-15T11:00:00Z,46859.2
2026-06-15T12:00:00Z,48442.6
2026-06-15T13:00:00Z,47848.8
2026-06-15T14:00:00Z,46220.0
2026-06-15T15:00:00Z,44743.7
2026-06-15T16:00:00Z,43719.4
2026-06-15T17:00:00Z,41777.7
2026-06-15T18:00:00Z,39246.7
2026-06-15T19:00:00Z,36538.2
2026-06-15T20:00:00Z,36259.5
2026-06-15T21:00:00Z,33372.8
2026-06-15T22:00:00Z,32991.9
2026-06-15T23:00:00Z,31445.8
2026-06-16T00:00:00Z,30898.8
2026-06-16T01:00:00Z,32495.8
2026-06-16T02:00:00Z,31755.7
2026-06-16T03:00:00Z,33487.8
2026-06-16T04:00:00Z,34930.7
2026-06-16T05:00:00Z,38339.1
2026-06-16T06:00:00Z,39681.7
2026-06-16T07:00:00Z,41019.8
2026-06-16T08:00:00Z,43947.2
2026-06-16T09:00:00Z,45029.4
2026-06-16T10:00:00Z,46311.8
2026-06-16T11:00:00Z,46706.2
2026-06-16T12:00:00Z,48431.9
2026-06-16T13:00:00Z,46457.3
2026-06-16T14:00:00Z,47372.8
2026-06-16T15:00:00Z,45903.6
2026-06-16T16:00:00Z,43904.9
2026-06-16T17:00:00Z,41844.4
2026-06-16T18:00:00Z,40030.4
2026-06-16T19:00:00Z,36322.7
2026-06-16T20:00:00Z,36326.7
2026-06-16T21:00:00Z,34318.8
2026-06-16T22:00:00Z,32541.4
2026-06-16T23:00:00Z,31604.8
2026-06-17T00:00:00Z,32571.9
2026-06-17T01:00:00Z,31938.6
2026-06-17T02:00:00Z,33237.2
2026-06-17T03:00:00Z,33855.4
2026-06-17T04:00:00Z,36465.2
2026-06-17T05:00:00Z,39215.1
2026-06-17T06:00:00Z,39665.2
2026-06-17T07:00:00Z,43039.3
2026-06-17T08:00:00Z,43630.5
2026-06-17T09:00:00Z,45598.4
2026-06-17T10:00:00Z,47415.4
2026-06-17T11:00:00Z,48835.9
2026-06-17T12:00:00Z,47652.0
2026-06-17T13:00:00Z,47373.9
2026-06-17T14:00:00Z,47701.9
2026-06-17T15:00:00Z,46657.1
2026-06-17T16:00:00Z,43855.9
2026-06-17T17:00:00Z,41432.4
2026-06-17T18:00:00Z,40074.2
2026-06-17T19:00:00Z,37614.7
2026-06-17T20:00:00Z,35557.2
2026-06-17T21:00:00Z,34439.4
2026-06-17T22:00:00Z,32444.3
2026-06-17T23:00:00Z,32393.0
2026-06-18T00:00:00Z,31805.9
2026-06-18T01:00:00Z,31276.5
2026-06-18T02:00:00Z,33109.6
2026-06-18T03:00:00Z,34676.0
2026-06-18T04:00:00Z,35965.4
2026-06-18T05:00:00Z,37446.5
2026-06-18T06:00:00Z,40445.5
2026-06-18T07:00:00Z,41997.1
2026-06-18T08:00:00Z,43464.2
2026-06-18T09:00:00Z,45211.4
2026-06-18T10:00:00Z,48155.4
2026-06-18T11:00:00Z,49147.7
2026-06-18T12:00:00Z,48259.1
2026-06-18T13:00:00Z,47007.7
2026-06-18T14:00:00Z,46587.0
2026-06-18T15:00:00Z,47072.1
2026-06-18T16:00:00Z,43679.4
2026-06-18T17:00:00Z,41676.8
2026-06-18T18:00:00Z,39914.8
2026-06-18T19:00:00Z,37848.0
2026-06-18T20:00:00Z,36197.4
2026-06-18T21:00:00Z,33910.1
2026-06-18T22:00:00Z,32675.3
2026-06-18T23:00:00Z,32341.4
2026-06-19T00:00:00Z,32513.3
2026-06-19T01:00:00Z,32079.7
2026-06-19T02:00:00Z,33169.5
2026-06-19T03:00:00Z,33964.5
2026-06-19T04:00:00Z,35688.7
2026-06-19T05:00:00Z,37851.9
2026-06-19T06:00:00Z,40582.3
2026-06-19T07:00:00Z,42500.0
2026-06-19T08:00:00Z,43595.6
2026-06-19T09:00:00Z,45656.8
2026-06-19T10:00:00Z,46375.9
2026-06-19T11:00:00Z,48781.6
2026-06-19T12:00:00Z,47127.8
2026-06-19T13:00:00Z,49301.1
2026-06-19T14:00:00Z,47760.8
2026-06-19T15:00:00Z,46180.3
2026-06-19T16:00:00Z,43174.2
2026-06-19T17:00:00Z,42407.0
2026-06-19T18:00:00Z,40667.1
2026-06-19T19:00:00Z,38733.4
2026-06-19T20:00:00Z,35403.1
2026-06-19T21:00:00Z,34943.3
2026-06-19T22:00:00Z,33478.0
2026-06-19T23:00:00Z,32078.0
2026-06-20T00:00:00Z,30941.1
2026-06-20T01:00:00Z,29219.4
2026-06-20T02:00:00Z,30167.1
2026-06-20T03:00:00Z,32809.0
2026-06-20T04:00:00Z,34552.8
2026-06-20T05:00:00Z,35069.8
2026-06-20T06:00:00Z,37431.0
2026-06-20T07:00:00Z,38490.5
2026-06-20T08:00:00Z,41827.0
2026-06-20T09:00:00Z,43088.1
2026-06-20T10:00:00Z,45390.0
2026-06-20T11:00:00Z,46148.3
2026-06-20T12:00:00Z,46181.7
2026-06-20T13:00:00Z,45207.1
2026-06-20T14:00:00Z,45959.2
2026-06-20T15:00:00Z,44889.1
2026-06-20T16:00:00Z,41895.8
2026-06-20T17:00:00Z,39895.9
2026-06-20T18:00:00Z,36931.9
2026-06-20T19:00:00Z,35329.0
2026-06-20T20:00:00Z,33837.2
2026-06-20T21:00:00Z,30786.2
2026-06-20T22:00:00Z,30151.4
2026-06-20T23:00:00Z,28896.9
2026-06-21T00:00:00Z,29084.4
2026-06-21T01:00:00Z,29772.0
2026-06-21T02:00:00Z,30735.3
2026-06-21T03:00:00Z,32729.5
2026-06-21T04:00:00Z,34381.1
2026-06-21T05:00:00Z,36103.3
2026-06-21T06:00:00Z,37955.8
2026-06-21T07:00:00Z,39709.0
2026-06-21T08:00:00Z,42775.5
2026-06-21T09:00:00Z,43949.6
2026-06-21T10:00:00Z,44905.5
2026-06-21T11:00:00Z,45401.3
2026-06-21T12:00:00Z,45983.2
2026-06-21T13:00:00Z,46618.2
2026-06-21T14:00:00Z,44861.4
2026-06-21T15:00:00Z,42840.2
2026-06-21T16:00:00Z,41260.6
2026-06-21T17:00:00Z,39090.7
2026-06-21T18:00:00Z,38710.5
2026-06-21T19:00:00Z,36230.7
2026-06-21T20:00:00Z,32697.0
2026-06-21T21:00:00Z,33166.2
2026-06-21T22:00:00Z,30619.2
2026-06-21T23:00:00Z,29985.1
2026-06-22T00:00:00Z,33501.2
2026-06-22T01:00:00Z,32718.3
2026-06-22T02:00:00Z,33989.0
2026-06-22T03:00:00Z,35864.5
2026-06-22T04:00:00Z,36342.5
2026-06-22T05:00:00Z,39334.9
2026-06-22T06:00:00Z,40003.7
2026-06-22T07:00:00Z,43338.5
2026-06-22T08:00:00Z,44500.4
2026-06-22T09:00:00Z,46070.8
2026-06-22T10:00:00Z,47766.8
2026-06-22T11:00:00Z,47716.8
2026-06-22T12:00:00Z,48531.8
2026-06-22T13:00:00Z,48403.5
2026-06-22T14:00:00Z,47226.9
2026-06-22T15:00:00Z,45727.1
2026-06-22T16:00:00Z,45007.9
2026-06-22T17:00:00Z,43320.8
2026-06-22T18:00:00Z,41031.8
2026-06-22T19:00:00Z,37183.2
2026-06-22T20:00:00Z,36897.0
2026-06-22T21:00:00Z,34356.9
2026-06-22T22:00:00Z,32526.5
2026-06-22T23:00:00Z,33053.2
2026-06-23T00:00:00Z,31547.6
2026-06-23T01:00:00Z,33040.0
2026-06-23T02:00:00Z,33984.2
2026-06-23T03:00:00Z,36091.1
2026-06-23T04:00:00Z,35191.7
2026-06-23T05:00:00Z,38737.1
2026-06-23T06:00:00Z,39698.6
2026-06-23T07:00:00Z,42579.8
2026-06-23T08:00:00Z,44627.4
2026-06-23T09:00:00Z,46527.9
2026-06-23T10:00:00Z,47776.7
2026-06-23T11:00:00Z,48165.5
2026-06-23T12:00:00Z,48658.3
2026-06-23T13:00:00Z,49375.8
2026-06-23T14:00:00Z,46628.6
2026-06-23T15:00:00Z,45922.6
2026-06-23T16:00:00Z,44018.2
2026-06-23T17:00:00Z,42837.9
2026-06-23T18:00:00Z,41641.1
2026-06-23T19:00:00Z,37352.5
2026-06-23T20:00:00Z,36129.1
2026-06-23T21:00:00Z,35148.5
2026-06-23T22:00:00Z,33632.9
2026-06-23T23:00:00Z,31645.0
2026-06-24T00:00:00Z,33098.3
2026-06-24T01:00:00Z,32200.4
2026-06-24T02:00:00Z,34721.1
2026-06-24T03:00:00Z,36509.0
2026-06-24T04:00:00Z,35222.1
2026-06-24T05:00:00Z,38920.1
2026-06-24T06:00:00Z,40410.3
2026-06-24T07:00:00Z,42147.3
2026-06-24T08:00:00Z,45629.9
2026-06-24T09:00:00Z,46897.2
2026-06-24T10:00:00Z,47194.4
2026-06-24T11:00:00Z,47801.2
2026-06-24T12:00:00Z,49505.5
2026-06-24T13:00:00Z,48613.5
2026-06-24T14:00:00Z,46588.8
2026-06-24T15:00:00Z,47057.3
2026-06-24T16:00:00Z,44565.5
2026-06-24T17:00:00Z,42912.2
2026-06-24T18:00:00Z,41309.4
2026-06-24T19:00:00Z,37878.6
2026-06-24T20:00:00Z,36402.9
2026-06-24T21:00:00Z,35498.1
2026-06-24T22:00:00Z,33371.5
2026-06-24T23:00:00Z,32961.8
2026-06-25T00:00:00Z,33630.2
2026-06-25T01:00:00Z,32480.6
2026-06-25T02:00:00Z,34896.2
2026-06-25T03:00:00Z,34928.3
2026-06-25T04:00:00Z,36481.6
2026-06-25T05:00:00Z,39126.5
2026-06-25T06:00:00Z,41251.6
2026-06-25T07:00:00Z,43175.7
2026-06-25T08:00:00Z,45502.4
2026-06-25T09:00:00Z,44818.2
2026-06-25T10:00:00Z,49117.8
2026-06-25T11:00:00Z,47517.0
2026-06-25T12:00:00Z,49588.6
2026-06-25T13:00:00Z,48812.2
2026-06-25T14:00:00Z,48854.1
2026-06-25T15:00:00Z,45791.1
2026-06-25T16:00:00Z,45206.1
2026-06-25T17:00:00Z,43137.9
2026-06-25T18:00:00Z,39823.2
2026-06-25T19:00:00Z,38530.4
2026-06-25T20:00:00Z,37525.6
2026-06-25T21:00:00Z,34803.1
2026-06-25T22:00:00Z,34391.6
2026-06-25T23:00:00Z,33538.5
2026-06-26T00:00:00Z,34027.2
2026-06-26T01:00:00Z,33807.3
2026-06-26T02:00:00Z,34268.3
2026-06-26T03:00:00Z,36261.7
2026-06-26T04:00:00Z,35648.7
2026-06-26T05:00:00Z,38623.5
2026-06-26T06:00:00Z,40828.6
2026-06-26T07:00:00Z,43819.8
2026-06-26T08:00:00Z,45288.8
2026-06-26T09:00:00Z,46749.5
2026-06-26T10:00:00Z,47570.5
2026-06-26T11:00:00Z,48321.5
2026-06-26T12:00:00Z,48714.3
2026-06-26T13:00:00Z,48877.4
2026-06-26T14:00:00Z,47442.8
2026-06-26T15:00:00Z,46436.2
2026-06-26T16:00:00Z,45094.0
2026-06-26T17:00:00Z,43406.9
2026-06-26T18:00:00Z,42308.1
2026-06-26T19:00:00Z,38647.4
2026-06-26T20:00:00Z,38177.4
2026-06-26T21:00:00Z,34493.2
2026-06-26T22:00:00Z,35317.4
2026-06-26T23:00:00Z,33747.2
2026-06-27T00:00:00Z,29637.7
2026-06-27T01:00:00Z,31521.4
2026-06-27T02:00:00Z,33056.0
2026-06-27T03:00:00Z,33493.3
2026-06-27T04:00:00Z,36309.3
2026-06-27T05:00:00Z,37139.8
2026-06-27T06:00:00Z,38454.1
2026-06-27T07:00:00Z,41762.0
2026-06-27T08:00:00Z,43908.5
2026-06-27T09:00:00Z,45509.3
2026-06-27T10:00:00Z,45517.5
2026-06-27T11:00:00Z,45482.1
2026-06-27T12:00:00Z,46389.0
2026-06-27T13:00:00Z,47212.0
2026-06-27T14:00:00Z,46485.0
2026-06-27T15:00:00Z,43789.5
2026-06-27T16:00:00Z,42920.0
2026-06-27T17:00:00Z,41040.5
2026-06-27T18:00:00Z,40531.8
2026-06-27T19:00:00Z,38038.7
2026-06-27T20:00:00Z,34776.9
2026-06-27T21:00:00Z,33168.0
2026-06-27T22:00:00Z,32141.4
2026-06-27T23:00:00Z,31713.0
2026-06-28T00:00:00Z,31027.8
2026-06-28T01:00:00Z,31088.8
2026-06-28T02:00:00Z,32278.6
2026-06-28T03:00:00Z,32407.4
2026-06-28T04:00:00Z,35172.4
2026-06-28T05:00:00Z,38918.9
2026-06-28T06:00:00Z,39643.3
2026-06-28T07:00:00Z,41099.9
2026-06-28T08:00:00Z,41798.5
2026-06-28T09:00:00Z,44481.3
2026-06-28T10:00:00Z,46411.7
2026-06-28T11:00:00Z,47881.0
2026-06-28T12:00:00Z,48933.9
2026-06-28T13:00:00Z,46142.5
2026-06-28T14:00:00Z,45769.7
2026-06-28T15:00:00Z,44674.0
2026-06-28T16:00:00Z,43617.3
2026-06-28T17:00:00Z,41979.5
2026-06-28T18:00:00Z,39955.7
2026-06-28T19:00:00Z,36679.6
2026-06-28T20:00:00Z,34524.1
2026-06-28T21:00:00Z,34101.4
2026-06-28T22:00:00Z,32169.9
2026-06-28T23:00:00Z,30804.5
2026-06-29T00:00:00Z,32585.2
2026-06-29T01:00:00Z,33359.4
2026-06-29T02:00:00Z,34991.5
2026-06-29T03:00:00Z,36554.7
2026-06-29T04:00:00Z,37278.0
2026-06-29T05:00:00Z,39307.7
2026-06-29T06:00:00Z,41835.4
2026-06-29T07:00:00Z,44652.8
2026-06-29T08:00:00Z,45532.4
2026-06-29T09:00:00Z,48130.2
2026-06-29T10:00:00Z,48033.3
2026-06-29T11:00:00Z,49431.2
2026-06-29T12:00:00Z,49729.8
2026-06-29T13:00:00Z,49250.9
2026-06-29T14:00:00Z,49275.2
2026-06-29T15:00:00Z,47945.8
2026-06-29T16:00:00Z,44629.4
2026-06-29T17:00:00Z,43229.0
2026-06-29T18:00:00Z,42266.5
2026-06-29T19:00:00Z,38711.2
2026-06-29T20:00:00Z,36673.6
2026-06-29T21:00:00Z,35922.1
2026-06-29T22:00:00Z,34043.0
2026-06-29T23:00:00Z,33442.4
2026-06-30T00:00:00Z,32889.0
2026-06-30T01:00:00Z,33451.9
2026-06-30T02:00:00Z,34528.8
2026-06-30T03:00:00Z,35332.4
2026-06-30T04:00:00Z,37625.3
2026-06-30T05:00:00Z,40126.4
2026-06-30T06:00:00Z,41840.3
2026-06-30T07:00:00Z,43043.9
2026-06-30T08:00:00Z,44744.3
2026-06-30T09:00:00Z,47814.6
2026-06-30T10:00:00Z,49190.6
2026-06-30T11:00:00Z,49228.2
2026-06-30T12:00:00Z,49963.7
2026-06-30T13:00:00Z,48994.7
2026-06-30T14:00:00Z,48452.1
2026-06-30T15:00:00Z,47189.0
2026-06-30T16:00:00Z,46741.7
2026-06-30T17:00:00Z,44273.5
2026-06-30T18:00:00Z,40945.4
2026-06-30T19:00:00Z,39418.9
2026-06-30T20:00:00Z,39024.1
2026-06-30T21:00:00Z,34990.2
2026-06-30T22:00:00Z,34578.5
2026-06-30T23:00:00Z,33912.3
2026-07-01T00:00:00Z,34057.1
2026-07-01T01:00:00Z,33806.9
2026-07-01T02:00:00Z,35083.5
2026-07-01T03:00:00Z,36715.4
2026-07-01T04:00:00Z,37668.7
2026-07-01T05:00:00Z,40037.9
2026-07-01T06:00:00Z,42023.1
2026-07-01T07:00:00Z,44573.4
2026-07-01T08:00:00Z,45138.9
2026-07-01T09:00:00Z,46557.5
2026-07-01T10:00:00Z,48543.0
2026-07-01T11:00:00Z,49726.7
2026-07-01T12:00:00Z,51183.7
2026-07-01T13:00:00Z,48064.7
2026-07-01T14:00:00Z,47869.3
2026-07-01T15:00:00Z,47311.2
2026-07-01T16:00:00Z,47026.9
2026-07-01T17:00:00Z,44922.0
2026-07-01T18:00:00Z,42475.8
2026-07-01T19:00:00Z,40861.6
2026-07-01T20:00:00Z,38101.6
2026-07-01T21:00:00Z,35379.0
2026-07-01T22:00:00Z,34837.8
2026-07-01T23:00:00Z,33636.3
2026-07-02T00:00:00Z,33501.0
2026-07-02T01:00:00Z,34889.1
2026-07-02T02:00:00Z,35944.3
2026-07-02T03:00:00Z,35193.9
2026-07-02T04:00:00Z,38710.8
2026-07-02T05:00:00Z,39698.7
2026-07-02T06:00:00Z,41948.8
2026-07-02T07:00:00Z,44822.1
2026-07-02T08:00:00Z,45782.5
2026-07-02T09:00:00Z,47516.1
2026-07-02T10:00:00Z,48142.2
2026-07-02T11:00:00Z,50532.1
2026-07-02T12:00:00Z,50283.7
2026-07-02T13:00:00Z,49253.9
2026-07-02T14:00:00Z,49590.9
2026-07-02T15:00:00Z,47692.4
2026-07-02T16:00:00Z,46356.8
2026-07-02T17:00:00Z,43116.6
2026-07-02T18:00:00Z,43123.1
2026-07-02T19:00:00Z,40363.2
2026-07-02T20:00:00Z,38459.8
2026-07-02T21:00:00Z,36517.5
2026-07-02T22:00:00Z,34713.6
2026-07-02T23:00:00Z,35122.0
2026-07-03T00:00:00Z,33426.0
2026-07-03T01:00:00Z,35151.2
2026-07-03T02:00:00Z,34492.3
2026-07-03T03:00:00Z,35924.7
2026-07-03T04:00:00Z,38514.5
2026-07-03T05:00:00Z,39823.7
2026-07-03T06:00:00Z,42476.0
2026-07-03T07:00:00Z,44578.6
2026-07-03T08:00:00Z,45654.2
2026-07-03T09:00:00Z,48188.1
2026-07-03T10:00:00Z,49457.1
2026-07-03T11:00:00Z,49699.5
2026-07-03T12:00:00Z,51428.7
2026-07-03T13:00:00Z,49467.4
2026-07-03T14:00:00Z,48800.3
2026-07-03T15:00:00Z,49088.0
2026-07-03T16:00:00Z,46875.7
2026-07-03T17:00:00Z,43709.3
2026-07-03T18:00:00Z,42021.3
2026-07-03T19:00:00Z,40417.4
2026-07-03T20:00:00Z,39015.3
2026-07-03T21:00:00Z,36146.8
2026-07-03T22:00:00Z,34879.6
2026-07-03T23:00:00Z,34607.9
2026-07-04T00:00:00Z,32257.6
2026-07-04T01:00:00Z,33437.4
2026-07-04T02:00:00Z,34321.4
2026-07-04T03:00:00Z,34494.9
2026-07-04T04:00:00Z,35754.8
2026-07-04T05:00:00Z,37619.5
2026-07-04T06:00:00Z,41454.8
2026-07-04T07:00:00Z,41498.8
2026-07-04T08:00:00Z,43625.7
2026-07-04T09:00:00Z,45868.8
2026-07-04T10:00:00Z,47325.4
2026-07-04T11:00:00Z,47443.4
2026-07-04T12:00:00Z,48983.2
2026-07-04T13:00:00Z,49188.4
2026-07-04T14:00:00Z,47258.7
2026-07-04T15:00:00Z,45773.5
2026-07-04T16:00:00Z,44984.5
2026-07-04T17:00:00Z,42065.3
2026-07-04T18:00:00Z,39525.8
2026-07-04T19:00:00Z,36529.1
2026-07-04T20:00:00Z,35282.2
2026-07-04T21:00:00Z,34603.2
2026-07-04T22:00:00Z,33521.6
2026-07-04T23:00:00Z,32244.7
2026-07-05T00:00:00Z,33127.1
2026-07-05T01:00:00Z,32565.4
2026-07-05T02:00:00Z,33293.6
2026-07-05T03:00:00Z,35180.7
2026-07-05T04:00:00Z,36663.4
2026-07-05T05:00:00Z,38846.4
2026-07-05T06:00:00Z,40865.7
2026-07-05T07:00:00Z,41839.3
2026-07-05T08:00:00Z,44441.8
2026-07-05T09:00:00Z,45880.8
2026-07-05T10:00:00Z,46629.9
2026-07-05T11:00:00Z,48477.5
2026-07-05T12:00:00Z,48924.7
2026-07-05T13:00:00Z,48678.6
2026-07-05T14:00:00Z,48381.6
2026-07-05T15:00:00Z,47237.2
2026-07-05T16:00:00Z,44899.8
2026-07-05T17:00:00Z,42538.0
2026-07-05T18:00:00Z,41220.5
2026-07-05T19:00:00Z,37923.4
2026-07-05T20:00:00Z,37348.2
2026-07-05T21:00:00Z,35966.2
2026-07-05T22:00:00Z,33311.8
2026-07-05T23:00:00Z,33425.5
2026-07-06T00:00:00Z,35362.4
2026-07-06T01:00:00Z,35637.1
2026-07-06T02:00:00Z,36926.2
2026-07-06T03:00:00Z,37063.4
2026-07-06T04:00:00Z,38733.3
2026-07-06T05:00:00Z,40573.2
2026-07-06T06:00:00Z,42265.5
2026-07-06T07:00:00Z,44812.1
2026-07-06T08:00:00Z,46194.4
2026-07-06T09:00:00Z,49070.8
2026-07-06T10:00:00Z,49171.8
2026-07-06T11:00:00Z,50340.3
2026-07-06T12:00:00Z,51514.1
2026-07-06T13:00:00Z,51582.2
2026-07-06T14:00:00Z,48981.8
2026-07-06T15:00:00Z,48397.1
2026-07-06T16:00:00Z,45269.0
2026-07-06T17:00:00Z,44437.0
2026-07-06T18:00:00Z,42800.0
2026-07-06T19:00:00Z,40524.8
2026-07-06T20:00:00Z,38509.7
2026-07-06T21:00:00Z,37959.5
2026-07-06T22:00:00Z,36617.8
2026-07-06T23:00:00Z,33786.6
2026-07-07T00:00:00Z,34108.5
2026-07-07T01:00:00Z,33889.1
2026-07-07T02:00:00Z,36696.6
2026-07-07T03:00:00Z,36353.1
2026-07-07T04:00:00Z,38646.8
2026-07-07T05:00:00Z,41942.4
2026-07-07T06:00:00Z,42715.2
2026-07-07T07:00:00Z,43786.1
2026-07-07T08:00:00Z,46825.1
2026-07-07T09:00:00Z,48488.6
2026-07-07T10:00:00Z,48823.6
2026-07-07T11:00:00Z,50375.4
2026-07-07T12:00:00Z,50834.6
2026-07-07T13:00:00Z,50421.1
2026-07-07T14:00:00Z,50702.0
2026-07-07T15:00:00Z,48800.9
2026-07-07T16:00:00Z,46084.9
2026-07-07T17:00:00Z,44768.8
2026-07-07T18:00:00Z,42977.2
2026-07-07T19:00:00Z,40407.4
2026-07-07T20:00:00Z,38528.0
2026-07-07T21:00:00Z,37067.1
2026-07-07T22:00:00Z,36878.0
2026-07-07T23:00:00Z,35131.9
2026-07-08T00:00:00Z,36159.4
2026-07-08T01:00:00Z,34975.0
2026-07-08T02:00:00Z,35223.7
2026-07-08T03:00:00Z,38102.6
2026-07-08T04:00:00Z,38230.2
2026-07-08T05:00:00Z,39616.0
2026-07-08T06:00:00Z,44377.3
2026-07-08T07:00:00Z,45321.0
2026-07-08T08:00:00Z,46517.8
2026-07-08T09:00:00Z,49417.5
2026-07-08T10:00:00Z,50552.4
2026-07-08T11:00:00Z,50716.6
2026-07-08T12:00:00Z,53311.0
2026-07-08T13:00:00Z,51691.7
2026-07-08T14:00:00Z,49458.2
2026-07-08T15:00:00Z,48683.8
2026-07-08T16:00:00Z,47118.0
2026-07-08T17:00:00Z,45401.6
2026-07-08T18:00:00Z,41493.2
2026-07-08T19:00:00Z,40387.8
2026-07-08T20:00:00Z,40305.0
2026-07-08T21:00:00Z,36723.3
2026-07-08T22:00:00Z,35559.3
2026-07-08T23:00:00Z,35239.9
2026-07-09T00:00:00Z,35397.8
2026-07-09T01:00:00Z,35782.1
2026-07-09T02:00:00Z,37299.3
2026-07-09T03:00:00Z,37397.6
2026-07-09T04:00:00Z,40384.1
2026-07-09T05:00:00Z,40856.3
2026-07-09T06:00:00Z,43258.8
2026-07-09T07:00:00Z,45674.2
2026-07-09T08:00:00Z,47806.8
2026-07-09T09:00:00Z,48419.5
2026-07-09T10:00:00Z,50444.4
2026-07-09T11:00:00Z,51878.6
2026-07-09T12:00:00Z,52287.7
2026-07-09T13:00:00Z,51726.0
2026-07-09T14:00:00Z,51163.9
2026-07-09T15:00:00Z,48777.0
2026-07-09T16:00:00Z,47743.8
2026-07-09T17:00:00Z,44281.7
2026-07-09T18:00:00Z,43458.3
2026-07-09T19:00:00Z,41868.8
2026-07-09T20:00:00Z,38462.8
2026-07-09T21:00:00Z,37086.2
2026-07-09T22:00:00Z,36127.0
2026-07-09T23:00:00Z,34488.1
2026-07-10T00:00:00Z,35549.4
2026-07-10T01:00:00Z,34550.3
2026-07-10T02:00:00Z,37285.9
2026-07-10T03:00:00Z,38446.1
2026-07-10T04:00:00Z,39631.9
2026-07-10T05:00:00Z,40758.8
2026-07-10T06:00:00Z,43392.0
2026-07-10T07:00:00Z,45104.7
2026-07-10T08:00:00Z,47712.9
2026-07-10T09:00:00Z,49232.6
2026-07-10T10:00:00Z,50376.2
2026-07-10T11:00:00Z,51971.3
2026-07-10T12:00:00Z,51189.8
2026-07-10T13:00:00Z,50605.9
2026-07-10T14:00:00Z,50769.1
2026-07-10T15:00:00Z,48720.2
2026-07-10T16:00:00Z,47077.5
2026-07-10T17:00:00Z,46330.9
2026-07-10T18:00:00Z,42986.3
2026-07-10T19:00:00Z,41470.6
2026-07-10T20:00:00Z,38500.7
2026-07-10T21:00:00Z,36832.3
2026-07-10T22:00:00Z,36601.0
2026-07-10T23:00:00Z,35941.7
2026-07-11T00:00:00Z,33055.3
2026-07-11T01:00:00Z,34208.7
2026-07-11T02:00:00Z,34765.1
2026-07-11T03:00:00Z,34620.7
2026-07-11T04:00:00Z,38999.3
2026-07-11T05:00:00Z,39074.0
2026-07-11T06:00:00Z,40464.8
2026-07-11T07:00:00Z,43524.3
2026-07-11T08:00:00Z,46595.7
2026-07-11T09:00:00Z,47190.3
2026-07-11T10:00:00Z,46866.2
2026-07-11T11:00:00Z,49380.8
2026-07-11T12:00:00Z,49015.1
2026-07-11T13:00:00Z,48477.8
2026-07-11T14:00:00Z,48492.5
2026-07-11T15:00:00Z,46703.9
2026-07-11T16:00:00Z,44485.6
2026-07-11T17:00:00Z,42799.3
2026-07-11T18:00:00Z,41103.3
2026-07-11T19:00:00Z,39690.5
2026-07-11T20:00:00Z,37415.8
2026-07-11T21:00:00Z,36676.1
2026-07-11T22:00:00Z,34376.1
2026-07-11T23:00:00Z,33078.0
2026-07-12T00:00:00Z,34103.7
2026-07-12T01:00:00Z,32967.6
2026-07-12T02:00:00Z,33713.0
2026-07-12T03:00:00Z,36118.6
2026-07-12T04:00:00Z,38019.6
2026-07-12T05:00:00Z,40549.8
2026-07-12T06:00:00Z,42547.7
2026-07-12T07:00:00Z,42541.2
2026-07-12T08:00:00Z,45708.0
2026-07-12T09:00:00Z,47033.8
2026-07-12T10:00:00Z,47610.8
2026-07-12T11:00:00Z,49296.8
2026-07-12T12:00:00Z,49933.4
2026-07-12T13:00:00Z,49595.8
2026-07-12T14:00:00Z,49588.0
2026-07-12T15:00:00Z,46794.2
2026-07-12T16:00:00Z,45172.5
2026-07-12T17:00:00Z,42510.6
2026-07-12T18:00:00Z,41492.7
2026-07-12T19:00:00Z,39673.3
2026-07-12T20:00:00Z,37634.4
2026-07-12T21:00:00Z,36905.4
2026-07-12T22:00:00Z,34719.1
2026-07-12T23:00:00Z,33177.5
2026-07-13T00:00:00Z,37160.5
2026-07-13T01:00:00Z,36627.6
2026-07-13T02:00:00Z,36382.1
2026-07-13T03:00:00Z,38583.1
2026-07-13T04:00:00Z,39266.5
2026-07-13T05:00:00Z,42911.0
2026-07-13T06:00:00Z,43991.9
2026-07-13T07:00:00Z,46044.4
2026-07-13T08:00:00Z,48050.5
2026-07-13T09:00:00Z,49561.4
2026-07-13T10:00:00Z,50326.0
2026-07-13T11:00:00Z,51148.5
2026-07-13T12:00:00Z,51761.0
2026-07-13T13:00:00Z,51238.9
2026-07-13T14:00:00Z,51360.0
2026-07-13T15:00:00Z,50235.8
2026-07-13T16:00:00Z,47283.5
2026-07-13T17:00:00Z,45076.6
2026-07-13T18:00:00Z,43862.9
2026-07-13T19:00:00Z,42409.3
2026-07-13T20:00:00Z,39818.4
2026-07-13T21:00:00Z,37713.4
2026-07-13T22:00:00Z,37730.5
2026-07-13T23:00:00Z,37037.5
2026-07-14T00:00:00Z,36126.3
2026-07-14T01:00:00Z,36314.1
2026-07-14T02:00:00Z,37922.2
2026-07-14T03:00:00Z,37877.0
2026-07-14T04:00:00Z,40325.0
2026-07-14T05:00:00Z,42825.7
2026-07-14T06:00:00Z,43922.0
2026-07-14T07:00:00Z,45658.1
2026-07-14T08:00:00Z,48043.7
2026-07-14T09:00:00Z,49013.3
2026-07-14T10:00:00Z,52403.2
2026-07-14T11:00:00Z,51073.3
2026-07-14T12:00:00Z,53156.4
2026-07-14T13:00:00Z,52903.2
2026-07-14T14:00:00Z,51738.0
2026-07-14T15:00:00Z,49698.9
2026-07-14T16:00:00Z,49644.2
2026-07-14T17:00:00Z,45977.8
2026-07-14T18:00:00Z,43771.6
2026-07-14T19:00:00Z,41324.3
2026-07-14T20:00:00Z,39680.6
2026-07-14T21:00:00Z,37535.8
2026-07-14T22:00:00Z,36830.6
2026-07-14T23:00:00Z,37670.6
2026-07-15T00:00:00Z,36298.7
2026-07-15T01:00:00Z,37115.3
2026-07-15T02:00:00Z,36348.2
2026-07-15T03:00:00Z,39211.8
2026-07-15T04:00:00Z,40151.2
2026-07-15T05:00:00Z,42716.7
2026-07-15T06:00:00Z,44700.0
2026-07-15T07:00:00Z,46192.6
2026-07-15T08:00:00Z,48868.8
2026-07-15T09:00:00Z,49277.9
2026-07-15T10:00:00Z,51143.6
2026-07-15T11:00:00Z,52009.7
2026-07-15T12:00:00Z,52276.0
2026-07-15T13:00:00Z,52762.8
2026-07-15T14:00:00Z,51166.4
2026-07-15T15:00:00Z,50082.8
2026-07-15T16:00:00Z,46146.0
2026-07-15T17:00:00Z,46114.4
2026-07-15T18:00:00Z,44059.1
2026-07-15T19:00:00Z,41545.8
2026-07-15T20:00:00Z,40757.9
2026-07-15T21:00:00Z,38685.4
2026-07-15T22:00:00Z,37289.1
2026-07-15T23:00:00Z,37915.8
2026-07-16T00:00:00Z,35167.6
2026-07-16T01:00:00Z,35659.2
2026-07-16T02:00:00Z,37283.6
2026-07-16T03:00:00Z,38096.0
2026-07-16T04:00:00Z,39123.6
2026-07-16T05:00:00Z,42445.6
2026-07-16T06:00:00Z,45417.6
2026-07-16T07:00:00Z,46770.7
2026-07-16T08:00:00Z,49289.6
2026-07-16T09:00:00Z,49021.5
2026-07-16T10:00:00Z,51124.5
2026-07-16T11:00:00Z,51880.3
2026-07-16T12:00:00Z,52050.6
2026-07-16T13:00:00Z,51027.4
2026-07-16T14:00:00Z,52033.2
2026-07-16T15:00:00Z,50546.0
2026-07-16T16:00:00Z,48544.7
2026-07-16T17:00:00Z,45699.9
2026-07-16T18:00:00Z,44916.1
2026-07-16T19:00:00Z,42458.4
2026-07-16T20:00:00Z,40488.7
2026-07-16T21:00:00Z,38326.0
2026-07-16T22:00:00Z,37719.0
2026-07-16T23:00:00Z,36811.7
2026-07-17T00:00:00Z,35205.0
2026-07-17T01:00:00Z,35936.9
2026-07-17T02:00:00Z,37554.3
2026-07-17T03:00:00Z,38091.1
2026-07-17T04:00:00Z,40331.9
2026-07-17T05:00:00Z,42295.0
2026-07-17T06:00:00Z,44717.4
2026-07-17T07:00:00Z,45992.8
2026-07-17T08:00:00Z,48650.7
2026-07-17T09:00:00Z,49301.0
2026-07-17T10:00:00Z,51265.7
2026-07-17T11:00:00Z,51218.0
2026-07-17T12:00:00Z,52728.8
2026-07-17T13:00:00Z,53157.8
2026-07-17T14:00:00Z,50498.0
2026-07-17T15:00:00Z,50625.4
2026-07-17T16:00:00Z,50345.2
2026-07-17T17:00:00Z,45904.9
2026-07-17T18:00:00Z,44154.1
2026-07-17T19:00:00Z,41923.6
2026-07-17T20:00:00Z,40055.3
2026-07-17T21:00:00Z,37892.1
2026-07-17T22:00:00Z,37263.7
2026-07-17T23:00:00Z,36402.7
2026-07-18T00:00:00Z,34425.6
2026-07-18T01:00:00Z,34355.9
2026-07-18T02:00:00Z,34372.6
2026-07-18T03:00:00Z,36981.9
2026-07-18T04:00:00Z,38039.3
2026-07-18T05:00:00Z,40590.8
2026-07-18T06:00:00Z,42711.2
2026-07-18T07:00:00Z,44956.2
2026-07-18T08:00:00Z,48634.9
2026-07-18T09:00:00Z,47805.3
2026-07-18T10:00:00Z,49801.4
2026-07-18T11:00:00Z,50235.3
2026-07-18T12:00:00Z,51047.5
2026-07-18T13:00:00Z,50797.2
2026-07-18T14:00:00Z,50878.5
2026-07-18T15:00:00Z,48000.7
2026-07-18T16:00:00Z,45923.5
2026-07-18T17:00:00Z,43766.8
2026-07-18T18:00:00Z,41243.1
2026-07-18T19:00:00Z,41605.9
2026-07-18T20:00:00Z,38869.0
2026-07-18T21:00:00Z,37950.7
2026-07-18T22:00:00Z,36571.3
2026-07-18T23:00:00Z,34584.6
2026-07-19T00:00:00Z,34653.0
2026-07-19T01:00:00Z,34620.3
2026-07-19T02:00:00Z,35240.9
2026-07-19T03:00:00Z,36597.9
2026-07-19T04:00:00Z,39772.9
2026-07-19T05:00:00Z,40285.6
2026-07-19T06:00:00Z,41862.4
2026-07-19T07:00:00Z,45114.0
2026-07-19T08:00:00Z,47112.3
2026-07-19T09:00:00Z,46553.9
2026-07-19T10:00:00Z,48994.6
2026-07-19T11:00:00Z,49724.4
2026-07-19T12:00:00Z,50589.2
2026-07-19T13:00:00Z,50199.7
2026-07-19T14:00:00Z,50170.8
2026-07-19T15:00:00Z,48456.8
2026-07-19T16:00:00Z,46377.9
2026-07-19T17:00:00Z,43808.1
2026-07-19T18:00:00Z,42423.1
2026-07-19T19:00:00Z,39155.0
2026-07-19T20:00:00Z,38501.6
2026-07-19T21:00:00Z,36621.6
2026-07-19T22:00:00Z,34577.9
2026-07-19T23:00:00Z,33931.0
2026-07-20T00:00:00Z,36357.5
2026-07-20T01:00:00Z,36454.6
2026-07-20T02:00:00Z,37398.6
2026-07-20T03:00:00Z,40719.5
2026-07-20T04:00:00Z,40887.3
2026-07-20T05:00:00Z,42958.7
2026-07-20T06:00:00Z,44372.8
2026-07-20T07:00:00Z,48396.8
2026-07-20T08:00:00Z,48606.0
2026-07-20T09:00:00Z,50372.2
2026-07-20T10:00:00Z,52732.7
2026-07-20T11:00:00Z,52543.6
2026-07-20T12:00:00Z,53841.3
2026-07-20T13:00:00Z,51995.1
2026-07-20T14:00:00Z,53306.9
2026-07-20T15:00:00Z,51171.6
2026-07-20T16:00:00Z,49083.6
2026-07-20T17:00:00Z,48440.5
2026-07-20T18:00:00Z,45450.3
2026-07-20T19:00:00Z,42710.1
2026-07-20T20:00:00Z,41792.4
2026-07-20T21:00:00Z,40706.6
2026-07-20T22:00:00Z,37418.0
2026-07-20T23:00:00Z,38224.9
2026-07-21T00:00:00Z,37186.6
2026-07-21T01:00:00Z,38318.4
2026-07-21T02:00:00Z,39062.1
2026-07-21T03:00:00Z,39301.4
2026-07-21T04:00:00Z,40992.2
2026-07-21T05:00:00Z,42544.0
2026-07-21T06:00:00Z,45313.6
2026-07-21T07:00:00Z,46766.0
2026-07-21T08:00:00Z,49352.7
2026-07-21T09:00:00Z,50609.9
2026-07-21T10:00:00Z,52607.6
2026-07-21T11:00:00Z,53029.2
2026-07-21T12:00:00Z,53727.2
2026-07-21T13:00:00Z,54036.6
2026-07-21T14:00:00Z,52380.0
2026-07-21T15:00:00Z,51054.8
2026-07-21T16:00:00Z,49798.7
2026-07-21T17:00:00Z,47712.7
2026-07-21T18:00:00Z,46001.6
2026-07-21T19:00:00Z,43657.1
2026-07-21T20:00:00Z,42081.0
2026-07-21T21:00:00Z,38568.1
2026-07-21T22:00:00Z,37880.3
2026-07-21T23:00:00Z,38311.5
2026-07-22T00:00:00Z,36930.4
2026-07-22T01:00:00Z,37539.4
2026-07-22T02:00:00Z,38587.8
2026-07-22T03:00:00Z,40351.6
2026-07-22T04:00:00Z,40819.5
2026-07-22T05:00:00Z,42802.3
2026-07-22T06:00:00Z,46604.2
2026-07-22T07:00:00Z,46909.2
2026-07-22T08:00:00Z,48469.7
2026-07-22T09:00:00Z,51460.0
2026-07-22T10:00:00Z,53297.6
2026-07-22T11:00:00Z,51985.2
2026-07-22T12:00:00Z,53992.2
2026-07-22T13:00:00Z,52311.3
2026-07-22T14:00:00Z,52499.4
2026-07-22T15:00:00Z,51483.4
2026-07-22T16:00:00Z,48594.4
2026-07-22T17:00:00Z,47540.5
2026-07-22T18:00:00Z,45923.7
2026-07-22T19:00:00Z,42879.4
2026-07-22T20:00:00Z,40603.4
2026-07-22T21:00:00Z,40109.1
2026-07-22T22:00:00Z,39534.2
2026-07-22T23:00:00Z,38847.4
2026-07-23T00:00:00Z,38291.1
2026-07-23T01:00:00Z,35931.5
2026-07-23T02:00:00Z,39170.4
2026-07-23T03:00:00Z,38999.6
2026-07-23T04:00:00Z,40405.5
2026-07-23T05:00:00Z,43145.0
2026-07-23T06:00:00Z,45703.8
2026-07-23T07:00:00Z,48738.3
2026-07-23T08:00:00Z,48965.2
2026-07-23T09:00:00Z,50795.8
2026-07-23T10:00:00Z,51480.9
2026-07-23T11:00:00Z,52554.1
2026-07-23T12:00:00Z,53315.2
2026-07-23T13:00:00Z,54009.2
2026-07-23T14:00:00Z,51801.6
2026-07-23T15:00:00Z,51766.9
2026-07-23T16:00:00Z,48864.0
2026-07-23T17:00:00Z,47314.1
2026-07-23T18:00:00Z,46512.7
2026-07-23T19:00:00Z,43739.2
2026-07-23T20:00:00Z,41076.3
2026-07-23T21:00:00Z,40427.6
2026-07-23T22:00:00Z,38975.6
2026-07-23T23:00:00Z,37814.8
2026-07-24T00:00:00Z,36445.8
2026-07-24T01:00:00Z,37319.7
2026-07-24T02:00:00Z,38425.3
2026-07-24T03:00:00Z,40216.0
2026-07-24T04:00:00Z,42398.4
2026-07-24T05:00:00Z,43146.4
2026-07-24T06:00:00Z,46145.2
2026-07-24T07:00:00Z,48257.2
2026-07-24T08:00:00Z,50370.0
2026-07-24T09:00:00Z,51647.0
2026-07-24T10:00:00Z,52876.1
2026-07-24T11:00:00Z,53240.0
2026-07-24T12:00:00Z,52723.0
2026-07-24T13:00:00Z,53268.1
2026-07-24T14:00:00Z,53365.9
2026-07-24T15:00:00Z,49997.3
2026-07-24T16:00:00Z,50594.5
2026-07-24T17:00:00Z,48456.9
2026-07-24T18:00:00Z,45304.3
2026-07-24T19:00:00Z,43926.1
2026-07-24T20:00:00Z,41940.7
2026-07-24T21:00:00Z,40952.0
2026-07-24T22:00:00Z,38901.3
2026-07-24T23:00:00Z,37468.1
2026-07-25T00:00:00Z,35869.3
2026-07-25T01:00:00Z,35998.6
2026-07-25T02:00:00Z,36672.1
2026-07-25T03:00:00Z,37922.0
2026-07-25T04:00:00Z,39475.2
2026-07-25T05:00:00Z,42406.3
2026-07-25T06:00:00Z,44665.4
2026-07-25T07:00:00Z,46136.1
2026-07-25T08:00:00Z,47084.1
2026-07-25T09:00:00Z,48372.0
2026-07-25T10:00:00Z,51177.8
2026-07-25T11:00:00Z,51198.5
2026-07-25T12:00:00Z,51166.4
2026-07-25T13:00:00Z,51491.5
2026-07-25T14:00:00Z,51354.3
2026-07-25T15:00:00Z,49336.0
2026-07-25T16:00:00Z,47385.1
2026-07-25T17:00:00Z,44400.7
2026-07-25T18:00:00Z,43190.2
2026-07-25T19:00:00Z,43030.3
2026-07-25T20:00:00Z,39833.0
2026-07-25T21:00:00Z,36437.3
2026-07-25T22:00:00Z,37448.0
2026-07-25T23:00:00Z,36666.7
2026-07-26T00:00:00Z,35604.4
2026-07-26T01:00:00Z,36424.5
2026-07-26T02:00:00Z,37813.6
2026-07-26T03:00:00Z,38238.8
2026-07-26T04:00:00Z,39617.5
2026-07-26T05:00:00Z,41634.2
2026-07-26T06:00:00Z,43530.2
2026-07-26T07:00:00Z,46085.6
2026-07-26T08:00:00Z,49152.9
2026-07-26T09:00:00Z,50329.1
2026-07-26T10:00:00Z,51366.8
2026-07-26T11:00:00Z,50898.8
2026-07-26T12:00:00Z,52018.5
2026-07-26T13:00:00Z,51967.9
2026-07-26T14:00:00Z,50576.2
2026-07-26T15:00:00Z,49854.0
2026-07-26T16:00:00Z,47563.4
2026-07-26T17:00:00Z,46122.2
2026-07-26T18:00:00Z,44384.1
2026-07-26T19:00:00Z,42623.8
2026-07-26T20:00:00Z,39220.3
2026-07-26T21:00:00Z,38777.6
2026-07-26T22:00:00Z,36405.2
2026-07-26T23:00:00Z,36243.2
2026-07-27T00:00:00Z,37321.2
2026-07-27T01:00:00Z,38712.9
2026-07-27T02:00:00Z,39550.6
2026-07-27T03:00:00Z,39207.2
2026-07-27T04:00:00Z,41310.5
2026-07-27T05:00:00Z,45494.2
2026-07-27T06:00:00Z,46759.5
2026-07-27T07:00:00Z,48532.3
2026-07-27T08:00:00Z,51282.3
2026-07-27T09:00:00Z,52094.6
2026-07-27T10:00:00Z,53993.4
2026-07-27T11:00:00Z,54908.7
2026-07-27T12:00:00Z,55928.3
2026-07-27T13:00:00Z,53988.0
2026-07-27T14:00:00Z,52796.6
2026-07-27T15:00:00Z,52459.4
2026-07-27T16:00:00Z,51330.7
2026-07-27T17:00:00Z,48595.9
2026-07-27T18:00:00Z,46058.2
2026-07-27T19:00:00Z,43569.4
2026-07-27T20:00:00Z,40793.3
2026-07-27T21:00:00Z,39956.6
2026-07-27T22:00:00Z,38538.3
2026-07-27T23:00:00Z,38843.4
2026-07-28T00:00:00Z,38674.1
2026-07-28T01:00:00Z,38626.5
2026-07-28T02:00:00Z,39437.3
2026-07-28T03:00:00Z,41532.4
2026-07-28T04:00:00Z,41467.8
2026-07-28T05:00:00Z,43551.9
2026-07-28T06:00:00Z,45568.2
2026-07-28T07:00:00Z,48002.0
2026-07-28T08:00:00Z,51005.3
2026-07-28T09:00:00Z,52981.7
2026-07-28T10:00:00Z,54156.3
2026-07-28T11:00:00Z,53749.9
2026-07-28T12:00:00Z,54794.1
