timestamp,demand_mwh
2025-06-23T13:00:00Z,37442.2
2025-06-23T14:00:00Z,36450.0
2025-06-23T15:00:00Z,35516.6
2025-06-23T16:00:00Z,33172.6
2025-06-23T17:00:00Z,33872.1
2025-06-23T18:00:00Z,31918.8
2025-06-23T19:00:00Z,29542.7
2025-06-23T20:00:00Z,28610.6
2025-06-23T21:00:00Z,27064.1
2025-06-23T22:00:00Z,25640.2
2025-06-23T23:00:00Z,25812.9
2025-06-24T00:00:00Z,25050.3
2025-06-24T01:00:00Z,25253.1
2025-06-24T02:00:00Z,25635.1
2025-06-24T03:00:00Z,27273.1
2025-06-24T04:00:00Z,28275.9
2025-06-24T05:00:00Z,30113.6
2025-06-24T06:00:00Z,31128.0
2025-06-24T07:00:00Z,33122.1
2025-06-24T08:00:00Z,34095.8
2025-06-24T09:00:00Z,36286.8
2025-06-24T10:00:00Z,36937.8
2025-06-24T11:00:00Z,37634.4
2025-06-24T12:00:00Z,37888.3
2025-06-24T13:00:00Z,36937.8
2025-06-24T14:00:00Z,37246.9
2025-06-24T15:00:00Z,36917.9
2025-06-24T16:00:00Z,33708.3
2025-06-24T17:00:00Z,32158.1
2025-06-24T18:00:00Z,30661.8
2025-06-24T19:00:00Z,30267.4
2025-06-24T20:00:00Z,28394.3
2025-06-24T21:00:00Z,27596.8
2025-06-24T22:00:00Z,26421.6
2025-06-24T23:00:00Z,25533.2
2025-06-25T00:00:00Z,25478.7
2025-06-25T01:00:00Z,25455.4
2025-06-25T02:00:00Z,26617.1
2025-06-25T03:00:00Z,26569.7
2025-06-25T04:00:00Z,28228.0
2025-06-25T05:00:00Z,30076.2
2025-06-25T06:00:00Z,32498.4
2025-06-25T07:00:00Z,32778.8
2025-06-25T08:00:00Z,34118.4
2025-06-25T09:00:00Z,35676.9
2025-06-25T10:00:00Z,37463.2
2025-06-25T11:00:00Z,37460.3
2025-06-25T12:00:00Z,38482.5
2025-06-25T13:00:00Z,36609.9
2025-06-25T14:00:00Z,37545.9
2025-06-25T15:00:00Z,36506.9
2025-06-25T16:00:00Z,33942.1
2025-06-25T17:00:00Z,33255.6
2025-06-25T18:00:00Z,32194.3
2025-06-25T19:00:00Z,29995.7
2025-06-25T20:00:00Z,28966.2
2025-06-25T21:00:00Z,28389.7
2025-06-25T22:00:00Z,26308.3
2025-06-25T23:00:00Z,25397.9
2025-06-26T00:00:00Z,25051.3
2025-06-26T01:00:00Z,26000.6
2025-06-26T02:00:00Z,26184.4
2025-06-26T03:00:00Z,27184.1
2025-06-26T04:00:00Z,28512.9
2025-06-26T05:00:00Z,30408.1
2025-06-26T06:00:00Z,31129.7
2025-06-26T07:00:00Z,32501.9
2025-06-26T08:00:00Z,33535.4
2025-06-26T09:00:00Z,36712.5
2025-06-26T10:00:00Z,37118.7
2025-06-26T11:00:00Z,38487.1
2025-06-26T12:00:00Z,37910.6
2025-06-26T13:00:00Z,37317.5
2025-06-26T14:00:00Z,37328.5
2025-06-26T15:00:00Z,36050.2
2025-06-26T16:00:00Z,34148.0
2025-06-26T17:00:00Z,32836.7
2025-06-26T18:00:00Z,32601.0
2025-06-26T19:00:00Z,30254.6
2025-06-26T20:00:00Z,28783.8
2025-06-26T21:00:00Z,27133.3
2025-06-26T22:00:00Z,25928.4
2025-06-26T23:00:00Z,26127.1
2025-06-27T00:00:00Z,25518.8
2025-06-27T01:00:00Z,25391.2
2025-06-27T02:00:00Z,26338.3
2025-06-27T03:00:00Z,26928.1
2025-06-27T04:00:00Z,28787.7
2025-06-27T05:00:00Z,30778.4
2025-06-27T06:00:00Z,31370.7
2025-06-27T07:00:00Z,34159.6
2025-06-27T08:00:00Z,34574.0
2025-06-27T09:00:00Z,36291.1
2025-06-27T10:00:00Z,36767.4
2025-06-27T11:00:00Z,37708.9
2025-06-27T12:00:00Z,38061.2
2025-06-27T13:00:00Z,37598.5
2025-06-27T14:00:00Z,36836.7
2025-06-27T15:00:00Z,35859.4
2025-06-27T16:00:00Z,34494.3
2025-06-27T17:00:00Z,32602.4
2025-06-27T18:00:00Z,31668.3
2025-06-27T19:00:00Z,30400.3
2025-06-27T20:00:00Z,29160.7
2025-06-27T21:00:00Z,27734.4
2025-06-27T22:00:00Z,27684.1
2025-06-27T23:00:00Z,25950.9
2025-06-28T00:00:00Z,23727.3
2025-06-28T01:00:00Z,25148.6
2025-06-28T02:00:00Z,24255.4
2025-06-28T03:00:00Z,26292.5
2025-06-28T04:00:00Z,26584.2
2025-06-28T05:00:00Z,28767.1
2025-06-28T06:00:00Z,29173.8
2025-06-28T07:00:00Z,32276.0
2025-06-28T08:00:00Z,33229.8
2025-06-28T09:00:00Z,34100.0
2025-06-28T10:00:00Z,36464.5
2025-06-28T11:00:00Z,36612.9
2025-06-28T12:00:00Z,36451.6
2025-06-28T13:00:00Z,35828.4
2025-06-28T14:00:00Z,35570.4
2025-06-28T15:00:00Z,34517.4
2025-06-28T16:00:00Z,33688.3
2025-06-28T17:00:00Z,32223.4
2025-06-28T18:00:00Z,29849.3
2025-06-28T19:00:00Z,28297.9
2025-06-28T20:00:00Z,26803.9
2025-06-28T21:00:00Z,25088.8
2025-06-28T22:00:00Z,24492.0
2025-06-28T23:00:00Z,24128.6
2025-06-29T00:00:00Z,24446.1
2025-06-29T01:00:00Z,24985.4
2025-06-29T02:00:00Z,24502.4
2025-06-29T03:00:00Z,26198.7
2025-06-29T04:00:00Z,26972.4
2025-06-29T05:00:00Z,29783.9
2025-06-29T06:00:00Z,30293.8
2025-06-29T07:00:00Z,32192.7
2025-06-29T08:00:00Z,32948.8
2025-06-29T09:00:00Z,34304.6
2025-06-29T10:00:00Z,35820.7
2025-06-29T11:00:00Z,36139.1
2025-06-29T12:00:00Z,36734.3
2025-06-29T13:00:00Z,35527.4
2025-06-29T14:00:00Z,36059.7
2025-06-29T15:00:00Z,34258.5
2025-06-29T16:00:00Z,34329.4
2025-06-29T17:00:00Z,31782.2
2025-06-29T18:00:00Z,30888.9
2025-06-29T19:00:00Z,27981.8
2025-06-29T20:00:00Z,27426.0
2025-06-29T21:00:00Z,25451.4
2025-06-29T22:00:00Z,24669.4
2025-06-29T23:00:00Z,24312.4
2025-06-30T00:00:00Z,25777.5
2025-06-30T01:00:00Z,26291.7
2025-06-30T02:00:00Z,27165.3
2025-06-30T03:00:00Z,28106.4
2025-06-30T04:00:00Z,29012.6
2025-06-30T05:00:00Z,29853.0
2025-06-30T06:00:00Z,31756.1
2025-06-30T07:00:00Z,33685.2
2025-06-30T08:00:00Z,34187.9
2025-06-30T09:00:00Z,36971.0
2025-06-30T10:00:00Z,37446.3
2025-06-30T11:00:00Z,38062.8
2025-06-30T12:00:00Z,38898.2
2025-06-30T13:00:00Z,38540.2
2025-06-30T14:00:00Z,37685.6
2025-06-30T15:00:00Z,36060.4
2025-06-30T16:00:00Z,35451.0
2025-06-30T17:00:00Z,33966.6
2025-06-30T18:00:00Z,31714.5
2025-06-30T19:00:00Z,31102.8
2025-06-30T20:00:00Z,29321.8
2025-06-30T21:00:00Z,26744.6
2025-06-30T22:00:00Z,26840.4
2025-06-30T23:00:00Z,25497.7
2025-07-01T00:00:00Z,26656.8
2025-07-01T01:00:00Z,26698.1
2025-07-01T02:00:00Z,26328.5
2025-07-01T03:00:00Z,27432.4
2025-07-01T04:00:00Z,29235.5
2025-07-01T05:00:00Z,30561.5
2025-07-01T06:00:00Z,33090.5
2025-07-01T07:00:00Z,34296.1
2025-07-01T08:00:00Z,35267.7
2025-07-01T09:00:00Z,37004.8
2025-07-01T10:00:00Z,36639.9
2025-07-01T11:00:00Z,38478.8
2025-07-01T12:00:00Z,38980.1
2025-07-01T13:00:00Z,38224.9
2025-07-01T14:00:00Z,37326.5
2025-07-01T15:00:00Z,36998.8
2025-07-01T16:00:00Z,36431.5
2025-07-01T17:00:00Z,34017.7
2025-07-01T18:00:00Z,31716.5
2025-07-01T19:00:00Z,31436.4
2025-07-01T20:00:00Z,28207.0
2025-07-01T21:00:00Z,28153.2
2025-07-01T22:00:00Z,26599.4
2025-07-01T23:00:00Z,26762.3
2025-07-02T00:00:00Z,25750.7
2025-07-02T01:00:00Z,27091.7
2025-07-02T02:00:00Z,27182.7
2025-07-02T03:00:00Z,27120.4
2025-07-02T04:00:00Z,28282.7
2025-07-02T05:00:00Z,30646.6
2025-07-02T06:00:00Z,33095.8
2025-07-02T07:00:00Z,34102.5
2025-07-02T08:00:00Z,35574.4
2025-07-02T09:00:00Z,36707.7
2025-07-02T10:00:00Z,38203.7
2025-07-02T11:00:00Z,38639.0
2025-07-02T12:00:00Z,38801.0
2025-07-02T13:00:00Z,37931.7
2025-07-02T14:00:00Z,38437.4
2025-07-02T15:00:00Z,37538.0
2025-07-02T16:00:00Z,34863.7
2025-07-02T17:00:00Z,35231.8
2025-07-02T18:00:00Z,32798.9
2025-07-02T19:00:00Z,30557.3
2025-07-02T20:00:00Z,28318.8
2025-07-02T21:00:00Z,28358.2
2025-07-02T22:00:00Z,27316.3
2025-07-02T23:00:00Z,26094.9
2025-07-03T00:00:00Z,25387.9
2025-07-03T01:00:00Z,27114.0
2025-07-03T02:00:00Z,26847.1
2025-07-03T03:00:00Z,27898.0
2025-07-03T04:00:00Z,30911.4
2025-07-03T05:00:00Z,32041.7
2025-07-03T06:00:00Z,33044.8
2025-07-03T07:00:00Z,33925.9
2025-07-03T08:00:00Z,36002.7
2025-07-03T09:00:00Z,35771.2
2025-07-03T10:00:00Z,38001.7
2025-07-03T11:00:00Z,38174.4
2025-07-03T12:00:00Z,38113.6
2025-07-03T13:00:00Z,37747.0
2025-07-03T14:00:00Z,38219.1
2025-07-03T15:00:00Z,37002.4
2025-07-03T16:00:00Z,35748.3
2025-07-03T17:00:00Z,34599.9
2025-07-03T18:00:00Z,32110.1
2025-07-03T19:00:00Z,30295.0
2025-07-03T20:00:00Z,28511.1
2025-07-03T21:00:00Z,27968.9
2025-07-03T22:00:00Z,27547.4
2025-07-03T23:00:00Z,26452.5
2025-07-04T00:00:00Z,26777.2
2025-07-04T01:00:00Z,26043.2
2025-07-04T02:00:00Z,27035.5
2025-07-04T03:00:00Z,27871.7
2025-07-04T04:00:00Z,28911.8
2025-07-04T05:00:00Z,32028.7
2025-07-04T06:00:00Z,33118.5
2025-07-04T07:00:00Z,33893.3
2025-07-04T08:00:00Z,35394.1
2025-07-04T09:00:00Z,37052.8
2025-07-04T10:00:00Z,37324.0
2025-07-04T11:00:00Z,38921.7
2025-07-04T12:00:00Z,38235.6
2025-07-04T13:00:00Z,38503.0
2025-07-04T14:00:00Z,37540.6
2025-07-04T15:00:00Z,36833.3
2025-07-04T16:00:00Z,35100.6
2025-07-04T17:00:00Z,33472.1
2025-07-04T18:00:00Z,32174.3
2025-07-04T19:00:00Z,30709.9
2025-07-04T20:00:00Z,29407.0
2025-07-04T21:00:00Z,28305.3
2025-07-04T22:00:00Z,28072.1
2025-07-04T23:00:00Z,27078.4
2025-07-05T00:00:00Z,24708.9
2025-07-05T01:00:00Z,25429.5
2025-07-05T02:00:00Z,25317.4
2025-07-05T03:00:00Z,27417.7
2025-07-05T04:00:00Z,28241.5
2025-07-05T05:00:00Z,28755.0
2025-07-05T06:00:00Z,31464.3
2025-07-05T07:00:00Z,33108.7
2025-07-05T08:00:00Z,32793.2
2025-07-05T09:00:00Z,35090.0
2025-07-05T10:00:00Z,36222.8
2025-07-05T11:00:00Z,36089.9
2025-07-05T12:00:00Z,36749.6
2025-07-05T13:00:00Z,36598.9
2025-07-05T14:00:00Z,36732.2
2025-07-05T15:00:00Z,35634.5
2025-07-05T16:00:00Z,35551.7
2025-07-05T17:00:00Z,32480.1
2025-07-05T18:00:00Z,31670.9
2025-07-05T19:00:00Z,29500.0
2025-07-05T20:00:00Z,28096.8
2025-07-05T21:00:00Z,26063.3
2025-07-05T22:00:00Z,24682.8
2025-07-05T23:00:00Z,24654.2
2025-07-06T00:00:00Z,25363.6
2025-07-06T01:00:00Z,26002.1
2025-07-06T02:00:00Z,26116.4
2025-07-06T03:00:00Z,27051.8
2025-07-06T04:00:00Z,27648.1
2025-07-06T05:00:00Z,30383.5
2025-07-06T06:00:00Z,31897.4
2025-07-06T07:00:00Z,32536.8
2025-07-06T08:00:00Z,34291.4
2025-07-06T09:00:00Z,35088.8
2025-07-06T10:00:00Z,37358.4
2025-07-06T11:00:00Z,37430.0
2025-07-06T12:00:00Z,37382.0
2025-07-06T13:00:00Z,37430.3
2025-07-06T14:00:00Z,36825.3
2025-07-06T15:00:00Z,35392.4
2025-07-06T16:00:00Z,33670.7
2025-07-06T17:00:00Z,32145.8
2025-07-06T18:00:00Z,30296.8
2025-07-06T19:00:00Z,29826.2
2025-07-06T20:00:00Z,29235.8
2025-07-06T21:00:00Z,25910.7
2025-07-06T22:00:00Z,25874.5
2025-07-06T23:00:00Z,25393.6
2025-07-07T00:00:00Z,26315.6
2025-07-07T01:00:00Z,27145.5
2025-07-07T02:00:00Z,27092.2
2025-07-07T03:00:00Z,29275.6
2025-07-07T04:00:00Z,29634.2
2025-07-07T05:00:00Z,31498.0
2025-07-07T06:00:00Z,33414.0
2025-07-07T07:00:00Z,34448.4
2025-07-07T08:00:00Z,35244.4
2025-07-07T09:00:00Z,37189.3
2025-07-07T10:00:00Z,38851.8
2025-07-07T11:00:00Z,39034.2
2025-07-07T12:00:00Z,39409.8
2025-07-07T13:00:00Z,38517.1
2025-07-07T14:00:00Z,38530.0
2025-07-07T15:00:00Z,37843.4
2025-07-07T16:00:00Z,36193.5
2025-07-07T17:00:00Z,35662.5
2025-07-07T18:00:00Z,32950.8
2025-07-07T19:00:00Z,30905.0
2025-07-07T20:00:00Z,29102.8
2025-07-07T21:00:00Z,29250.4
2025-07-07T22:00:00Z,27631.2
2025-07-07T23:00:00Z,27564.6
2025-07-08T00:00:00Z,27193.2
2025-07-08T01:00:00Z,28011.8
2025-07-08T02:00:00Z,28447.9
2025-07-08T03:00:00Z,28584.7
2025-07-08T04:00:00Z,30213.6
2025-07-08T05:00:00Z,32138.0
2025-07-08T06:00:00Z,32545.4
2025-07-08T07:00:00Z,35553.6
2025-07-08T08:00:00Z,36932.5
2025-07-08T09:00:00Z,38104.2
2025-07-08T10:00:00Z,38479.8
2025-07-08T11:00:00Z,39363.6
2025-07-08T12:00:00Z,38838.8
2025-07-08T13:00:00Z,39236.8
2025-07-08T14:00:00Z,38279.1
2025-07-08T15:00:00Z,37638.7
2025-07-08T16:00:00Z,36046.3
2025-07-08T17:00:00Z,34947.5
2025-07-08T18:00:00Z,33799.7
2025-07-08T19:00:00Z,30894.3
2025-07-08T20:00:00Z,30551.9
2025-07-08T21:00:00Z,27746.4
2025-07-08T22:00:00Z,26668.1
2025-07-08T23:00:00Z,27105.9
2025-07-09T00:00:00Z,27088.0
2025-07-09T01:00:00Z,27526.8
2025-07-09T02:00:00Z,27063.9
2025-07-09T03:00:00Z,28878.6
2025-07-09T04:00:00Z,30266.1
2025-07-09T05:00:00Z,32355.2
2025-07-09T06:00:00Z,33262.3
2025-07-09T07:00:00Z,35203.9
2025-07-09T08:00:00Z,35924.5
2025-07-09T09:00:00Z,37625.4
2025-07-09T10:00:00Z,38481.7
2025-07-09T11:00:00Z,39700.9
2025-07-09T12:00:00Z,39034.5
2025-07-09T13:00:00Z,38902.4
2025-07-09T14:00:00Z,39012.2
2025-07-09T15:00:00Z,38652.0
2025-07-09T16:00:00Z,36630.9
2025-07-09T17:00:00Z,35086.8
2025-07-09T18:00:00Z,33136.5
2025-07-09T19:00:00Z,32268.6
2025-07-09T20:00:00Z,30480.7
2025-07-09T21:00:00Z,29809.8
2025-07-09T22:00:00Z,28091.1
2025-07-09T23:00:00Z,26804.2
2025-07-10T00:00:00Z,26917.9
2025-07-10T01:00:00Z,26913.4
2025-07-10T02:00:00Z,27399.2
2025-07-10T03:00:00Z,29695.3
2025-07-10T04:00:00Z,30749.0
2025-07-10T05:00:00Z,31189.5
2025-07-10T06:00:00Z,34370.7
2025-07-10T07:00:00Z,35185.5
2025-07-10T08:00:00Z,36064.6
2025-07-10T09:00:00Z,38052.7
2025-07-10T10:00:00Z,38806.5
2025-07-10T11:00:00Z,39063.8
2025-07-10T12:00:00Z,38668.4
2025-07-10T13:00:00Z,39484.1
2025-07-10T14:00:00Z,38994.1
2025-07-10T15:00:00Z,36512.8
2025-07-10T16:00:00Z,36849.7
2025-07-10T17:00:00Z,35379.2
2025-07-10T18:00:00Z,33201.6
2025-07-10T19:00:00Z,31890.9
2025-07-10T20:00:00Z,30184.0
2025-07-10T21:00:00Z,28604.4
2025-07-10T22:00:00Z,27861.8
2025-07-10T23:00:00Z,28128.1
2025-07-11T00:00:00Z,26590.2
2025-07-11T01:00:00Z,27679.1
2025-07-11T02:00:00Z,28274.1
2025-07-11T03:00:00Z,28801.3
2025-07-11T04:00:00Z,30230.8
2025-07-11T05:00:00Z,31235.2
2025-07-11T06:00:00Z,33132.9
2025-07-11T07:00:00Z,35196.0
2025-07-11T08:00:00Z,36860.9
2025-07-11T09:00:00Z,37515.3
2025-07-11T10:00:00Z,40559.4
2025-07-11T11:00:00Z,39298.5
2025-07-11T12:00:00Z,39873.2
2025-07-11T13:00:00Z,39475.0
2025-07-11T14:00:00Z,38764.6
2025-07-11T15:00:00Z,38657.5
2025-07-11T16:00:00Z,36442.5
2025-07-11T17:00:00Z,35881.2
2025-07-11T18:00:00Z,34168.3
2025-07-11T19:00:00Z,31419.4
2025-07-11T20:00:00Z,30997.2
2025-07-11T21:00:00Z,28831.0
2025-07-11T22:00:00Z,29599.5
2025-07-11T23:00:00Z,27355.5
2025-07-12T00:00:00Z,25253.9
2025-07-12T01:00:00Z,24962.4
2025-07-12T02:00:00Z,25905.9
2025-07-12T03:00:00Z,27266.2
2025-07-12T04:00:00Z,28340.1
2025-07-12T05:00:00Z,29723.3
2025-07-12T06:00:00Z,31613.2
2025-07-12T07:00:00Z,33479.9
2025-07-12T08:00:00Z,35842.8
2025-07-12T09:00:00Z,35496.3
2025-07-12T10:00:00Z,37084.7
2025-07-12T11:00:00Z,37498.3
2025-07-12T12:00:00Z,37419.2
2025-07-12T13:00:00Z,37336.2
2025-07-12T14:00:00Z,36900.8
2025-07-12T15:00:00Z,36753.2
2025-07-12T16:00:00Z,34989.5
2025-07-12T17:00:00Z,33307.8
2025-07-12T18:00:00Z,32291.7
2025-07-12T19:00:00Z,30507.2
2025-07-12T20:00:00Z,28742.4
2025-07-12T21:00:00Z,27767.3
2025-07-12T22:00:00Z,26147.2
2025-07-12T23:00:00Z,26280.7
2025-07-13T00:00:00Z,26115.3
2025-07-13T01:00:00Z,25871.0
2025-07-13T02:00:00Z,26074.4
2025-07-13T03:00:00Z,28487.4
2025-07-13T04:00:00Z,29037.6
2025-07-13T05:00:00Z,32076.2
2025-07-13T06:00:00Z,31765.3
2025-07-13T07:00:00Z,34160.4
2025-07-13T08:00:00Z,34995.0
2025-07-13T09:00:00Z,36642.8
2025-07-13T10:00:00Z,37934.2
2025-07-13T11:00:00Z,37708.9
2025-07-13T12:00:00Z,38284.4
2025-07-13T13:00:00Z,38207.6
2025-07-13T14:00:00Z,37560.4
2025-07-13T15:00:00Z,36820.8
2025-07-13T16:00:00Z,35753.1
2025-07-13T17:00:00Z,34150.4
2025-07-13T18:00:00Z,32241.2
2025-07-13T19:00:00Z,30311.3
2025-07-13T20:00:00Z,28402.0
2025-07-13T21:00:00Z,27316.1
2025-07-13T22:00:00Z,26433.2
2025-07-13T23:00:00Z,26439.7
2025-07-14T00:00:00Z,27545.6
2025-07-14T01:00:00Z,27301.6
2025-07-14T02:00:00Z,28894.6
2025-07-14T03:00:00Z,29142.5
2025-07-14T04:00:00Z,30452.6
2025-07-14T05:00:00Z,32235.7
2025-07-14T06:00:00Z,34211.9
2025-07-14T07:00:00Z,34325.9
2025-07-14T08:00:00Z,36499.6
2025-07-14T09:00:00Z,38463.9
2025-07-14T10:00:00Z,39173.9
2025-07-14T11:00:00Z,39536.6
2025-07-14T12:00:00Z,39916.7
2025-07-14T13:00:00Z,40705.0
2025-07-14T14:00:00Z,39126.4
2025-07-14T15:00:00Z,38742.8
2025-07-14T16:00:00Z,37493.3
2025-07-14T17:00:00Z,35345.2
2025-07-14T18:00:00Z,34196.4
2025-07-14T19:00:00Z,32119.4
2025-07-14T20:00:00Z,30533.3
2025-07-14T21:00:00Z,28974.9
2025-07-14T22:00:00Z,29023.7
2025-07-14T23:00:00Z,27740.0
2025-07-15T00:00:00Z,27578.4
2025-07-15T01:00:00Z,27492.0
2025-07-15T02:00:00Z,29639.4
2025-07-15T03:00:00Z,30075.6
2025-07-15T04:00:00Z,30912.0
2025-07-15T05:00:00Z,32123.2
2025-07-15T06:00:00Z,33302.4
2025-07-15T07:00:00Z,35861.3
2025-07-15T08:00:00Z,37362.5
2025-07-15T09:00:00Z,37772.0
2025-07-15T10:00:00Z,40096.9
2025-07-15T11:00:00Z,40519.3
2025-07-15T12:00:00Z,39829.0
2025-07-15T13:00:00Z,39827.7
2025-07-15T14:00:00Z,39271.8
2025-07-15T15:00:00Z,38586.8
2025-07-15T16:00:00Z,37137.2
2025-07-15T17:00:00Z,34858.6
2025-07-15T18:00:00Z,34862.4
2025-07-15T19:00:00Z,32648.2
2025-07-15T20:00:00Z,31635.7
2025-07-15T21:00:00Z,30342.0
2025-07-15T22:00:00Z,28592.0
2025-07-15T23:00:00Z,28255.0
2025-07-16T00:00:00Z,28378.5
2025-07-16T01:00:00Z,28608.0
2025-07-16T02:00:00Z,28745.8
2025-07-16T03:00:00Z,29500.2
2025-07-16T04:00:00Z,31130.2
2025-07-16T05:00:00Z,32198.6
2025-07-16T06:00:00Z,33939.0
2025-07-16T07:00:00Z,34786.3
2025-07-16T08:00:00Z,37387.1
2025-07-16T09:00:00Z,38101.0
2025-07-16T10:00:00Z,39336.0
2025-07-16T11:00:00Z,40219.8
2025-07-16T12:00:00Z,40622.5
2025-07-16T13:00:00Z,41228.2
2025-07-16T14:00:00Z,39730.8
2025-07-16T15:00:00Z,37900.3
2025-07-16T16:00:00Z,37411.5
2025-07-16T17:00:00Z,35531.3
2025-07-16T18:00:00Z,34435.2
2025-07-16T19:00:00Z,32258.8
2025-07-16T20:00:00Z,30744.0
2025-07-16T21:00:00Z,29555.7
2025-07-16T22:00:00Z,28505.0
2025-07-16T23:00:00Z,27260.7
2025-07-17T00:00:00Z,27779.9
2025-07-17T01:00:00Z,28332.0
2025-07-17T02:00:00Z,29585.3
2025-07-17T03:00:00Z,29800.0
2025-07-17T04:00:00Z,31049.8
2025-07-17T05:00:00Z,33047.0
2025-07-17T06:00:00Z,34638.9
2025-07-17T07:00:00Z,36802.3
2025-07-17T08:00:00Z,37778.5
2025-07-17T09:00:00Z,38755.2
2025-07-17T10:00:00Z,40450.6
2025-07-17T11:00:00Z,41172.4
2025-07-17T12:00:00Z,40343.6
2025-07-17T13:00:00Z,40460.3
2025-07-17T14:00:00Z,38882.8
2025-07-17T15:00:00Z,38576.2
2025-07-17T16:00:00Z,37015.7
2025-07-17T17:00:00Z,35860.5
2025-07-17T18:00:00Z,34108.6
2025-07-17T19:00:00Z,32659.6
2025-07-17T20:00:00Z,31189.3
2025-07-17T21:00:00Z,30208.5
2025-07-17T22:00:00Z,29081.8
2025-07-17T23:00:00Z,28047.6
2025-07-18T00:00:00Z,27588.6
2025-07-18T01:00:00Z,29111.7
2025-07-18T02:00:00Z,29829.0
2025-07-18T03:00:00Z,29847.3
2025-07-18T04:00:00Z,31665.5
2025-07-18T05:00:00Z,32084.4
2025-07-18T06:00:00Z,33678.5
2025-07-18T07:00:00Z,35962.5
2025-07-18T08:00:00Z,38369.9
2025-07-18T09:00:00Z,38352.8
2025-07-18T10:00:00Z,39453.5
2025-07-18T11:00:00Z,41344.1
2025-07-18T12:00:00Z,39738.3
2025-07-18T13:00:00Z,40844.8
2025-07-18T14:00:00Z,40140.0
2025-07-18T15:00:00Z,38789.2
2025-07-18T16:00:00Z,37703.6
2025-07-18T17:00:00Z,37464.2
2025-07-18T18:00:00Z,33904.6
2025-07-18T19:00:00Z,32713.9
2025-07-18T20:00:00Z,31250.3
2025-07-18T21:00:00Z,29725.1
2025-07-18T22:00:00Z,28396.1
2025-07-18T23:00:00Z,29297.8
2025-07-19T00:00:00Z,26772.4
2025-07-19T01:00:00Z,25957.5
2025-07-19T02:00:00Z,27128.0
2025-07-19T03:00:00Z,28693.9
2025-07-19T04:00:00Z,29983.5
2025-07-19T05:00:00Z,30529.0
2025-07-19T06:00:00Z,32842.4
2025-07-19T07:00:00Z,34638.2
2025-07-19T08:00:00Z,36209.6
2025-07-19T09:00:00Z,37501.3
2025-07-19T10:00:00Z,37340.0
2025-07-19T11:00:00Z,39868.4
2025-07-19T12:00:00Z,39231.3
2025-07-19T13:00:00Z,39847.2
2025-07-19T14:00:00Z,39773.6
2025-07-19T15:00:00Z,37213.0
2025-07-19T16:00:00Z,35365.0
2025-07-19T17:00:00Z,34951.5
2025-07-19T18:00:00Z,32796.0
2025-07-19T19:00:00Z,31042.5
2025-07-19T20:00:00Z,29237.4
2025-07-19T21:00:00Z,29359.8
2025-07-19T22:00:00Z,27263.1
2025-07-19T23:00:00Z,26143.6
2025-07-20T00:00:00Z,26556.8
2025-07-20T01:00:00Z,26400.6
2025-07-20T02:00:00Z,27706.1
2025-07-20T03:00:00Z,28396.7
2025-07-20T04:00:00Z,29356.0
2025-07-20T05:00:00Z,31720.6
2025-07-20T06:00:00Z,32686.8
2025-07-20T07:00:00Z,35009.7
2025-07-20T08:00:00Z,36791.7
2025-07-20T09:00:00Z,37239.5
2025-07-20T10:00:00Z,38082.1
2025-07-20T11:00:00Z,39143.9
2025-07-20T12:00:00Z,39715.7
2025-07-20T13:00:00Z,39038.9
2025-07-20T14:00:00Z,38490.5
2025-07-20T15:00:00Z,37413.5
2025-07-20T16:00:00Z,36298.5
2025-07-20T17:00:00Z,34960.4
2025-07-20T18:00:00Z,32654.3
2025-07-20T19:00:00Z,31157.5
2025-07-20T20:00:00Z,29927.7
2025-07-20T21:00:00Z,28268.7
2025-07-20T22:00:00Z,27694.8
2025-07-20T23:00:00Z,27280.0
2025-07-21T00:00:00Z,28640.0
2025-07-21T01:00:00Z,28550.2
2025-07-21T02:00:00Z,29082.6
2025-07-21T03:00:00Z,31386.0
2025-07-21T04:00:00Z,32223.4
2025-07-21T05:00:00Z,32688.6
2025-07-21T06:00:00Z,34446.3
2025-07-21T07:00:00Z,37469.1
2025-07-21T08:00:00Z,38783.8
2025-07-21T09:00:00Z,39356.2
2025-07-21T10:00:00Z,40881.2
2025-07-21T11:00:00Z,40130.3
2025-07-21T12:00:00Z,41115.5
2025-07-21T13:00:00Z,41287.2
2025-07-21T14:00:00Z,39314.0
2025-07-21T15:00:00Z,38883.0
2025-07-21T16:00:00Z,38405.5
2025-07-21T17:00:00Z,37083.7
2025-07-21T18:00:00Z,34575.0
2025-07-21T19:00:00Z,33420.7
2025-07-21T20:00:00Z,32598.5
2025-07-21T21:00:00Z,30278.2
2025-07-21T22:00:00Z,28793.8
2025-07-21T23:00:00Z,28831.8
2025-07-22T00:00:00Z,28578.1
2025-07-22T01:00:00Z,29670.3
2025-07-22T02:00:00Z,29700.4
2025-07-22T03:00:00Z,30191.0
2025-07-22T04:00:00Z,33144.8
2025-07-22T05:00:00Z,33141.5
2025-07-22T06:00:00Z,35259.4
2025-07-22T07:00:00Z,36978.2
2025-07-22T08:00:00Z,38537.3
2025-07-22T09:00:00Z,39510.4
2025-07-22T10:00:00Z,40715.6
2025-07-22T11:00:00Z,40998.2
2025-07-22T12:00:00Z,40508.8
2025-07-22T13:00:00Z,40919.3
2025-07-22T14:00:00Z,40307.9
2025-07-22T15:00:00Z,39328.3
2025-07-22T16:00:00Z,38200.6
2025-07-22T17:00:00Z,36302.6
2025-07-22T18:00:00Z,35701.3
2025-07-22T19:00:00Z,34214.8
2025-07-22T20:00:00Z,30755.5
2025-07-22T21:00:00Z,30612.4
2025-07-22T22:00:00Z,29248.2
2025-07-22T23:00:00Z,27641.2
2025-07-23T00:00:00Z,29126.2
2025-07-23T01:00:00Z,28804.2
2025-07-23T02:00:00Z,29553.0
2025-07-23T03:00:00Z,30400.1
2025-07-23T04:00:00Z,32593.6
2025-07-23T05:00:00Z,34175.6
2025-07-23T06:00:00Z,35288.7
2025-07-23T07:00:00Z,37117.8
2025-07-23T08:00:00Z,38202.4
2025-07-23T09:00:00Z,39624.3
2025-07-23T10:00:00Z,40156.6
2025-07-23T11:00:00Z,41182.3
2025-07-23T12:00:00Z,41006.1
2025-07-23T13:00:00Z,41358.1
2025-07-23T14:00:00Z,40971.5
2025-07-23T15:00:00Z,39713.0
2025-07-23T16:00:00Z,38875.8
2025-07-23T17:00:00Z,38154.9
2025-07-23T18:00:00Z,34051.0
2025-07-23T19:00:00Z,33539.2
2025-07-23T20:00:00Z,31733.7
2025-07-23T21:00:00Z,30501.3
2025-07-23T22:00:00Z,29042.8
2025-07-23T23:00:00Z,29152.8
2025-07-24T00:00:00Z,28909.8
2025-07-24T01:00:00Z,28927.6
2025-07-24T02:00:00Z,29746.7
2025-07-24T03:00:00Z,30561.3
2025-07-24T04:00:00Z,30943.1
2025-07-24T05:00:00Z,34222.3
2025-07-24T06:00:00Z,35118.1
2025-07-24T07:00:00Z,36395.4
2025-07-24T08:00:00Z,38550.7
2025-07-24T09:00:00Z,39338.2
2025-07-24T10:00:00Z,39543.5
2025-07-24T11:00:00Z,41755.7
2025-07-24T12:00:00Z,40636.7
2025-07-24T13:00:00Z,41181.7
2025-07-24T14:00:00Z,40734.9
2025-07-24T15:00:00Z,40383.1
2025-07-24T16:00:00Z,39009.6
2025-07-24T17:00:00Z,36974.6
2025-07-24T18:00:00Z,34879.2
2025-07-24T19:00:00Z,33446.8
2025-07-24T20:00:00Z,32724.6
2025-07-24T21:00:00Z,31796.9
2025-07-24T22:00:00Z,30161.2
2025-07-24T23:00:00Z,28921.4
2025-07-25T00:00:00Z,29709.0
2025-07-25T01:00:00Z,29191.9
2025-07-25T02:00:00Z,29797.5
2025-07-25T03:00:00Z,30854.8
2025-07-25T04:00:00Z,32596.8
2025-07-25T05:00:00Z,33936.2
2025-07-25T06:00:00Z,35921.8
2025-07-25T07:00:00Z,37692.3
2025-07-25T08:00:00Z,38788.6
2025-07-25T09:00:00Z,38601.5
2025-07-25T10:00:00Z,39922.0
2025-07-25T11:00:00Z,41508.0
2025-07-25T12:00:00Z,41604.4
2025-07-25T13:00:00Z,42546.9
2025-07-25T14:00:00Z,40787.4
2025-07-25T15:00:00Z,39733.5
2025-07-25T16:00:00Z,39012.3
2025-07-25T17:00:00Z,37571.9
2025-07-25T18:00:00Z,35283.9
2025-07-25T19:00:00Z,34039.0
2025-07-25T20:00:00Z,31701.6
2025-07-25T21:00:00Z,30509.9
2025-07-25T22:00:00Z,30649.7
2025-07-25T23:00:00Z,28656.0
2025-07-26T00:00:00Z,28052.6
2025-07-26T01:00:00Z,28138.1
2025-07-26T02:00:00Z,28808.3
2025-07-26T03:00:00Z,29873.0
2025-07-26T04:00:00Z,30982.4
2025-07-26T05:00:00Z,31080.5
2025-07-26T06:00:00Z,33283.9
2025-07-26T07:00:00Z,35106.1
2025-07-26T08:00:00Z,37396.4
2025-07-26T09:00:00Z,37626.3
2025-07-26T10:00:00Z,38836.2
2025-07-26T11:00:00Z,39636.4
2025-07-26T12:00:00Z,40720.8
2025-07-26T13:00:00Z,39076.5
2025-07-26T14:00:00Z,38499.2
2025-07-26T15:00:00Z,38537.7
2025-07-26T16:00:00Z,35817.5
2025-07-26T17:00:00Z,35590.7
2025-07-26T18:00:00Z,33569.7
2025-07-26T19:00:00Z,31373.6
2025-07-26T20:00:00Z,30471.3
2025-07-26T21:00:00Z,28878.5
2025-07-26T22:00:00Z,28495.7
2025-07-26T23:00:00Z,27975.0
2025-07-27T00:00:00Z,28476.9
2025-07-27T01:00:00Z,27909.4
2025-07-27T02:00:00Z,28590.8
2025-07-27T03:00:00Z,29229.1
2025-07-27T04:00:00Z,30807.3
2025-07-27T05:00:00Z,32867.6
2025-07-27T06:00:00Z,32935.4
2025-07-27T07:00:00Z,35890.7
2025-07-27T08:00:00Z,36773.4
2025-07-27T09:00:00Z,38380.4
2025-07-27T10:00:00Z,39501.1
2025-07-27T11:00:00Z,40396.6
2025-07-27T12:00:00Z,40291.0
2025-07-27T13:00:00Z,39751.0
2025-07-27T14:00:00Z,39494.2
2025-07-27T15:00:00Z,38348.2
2025-07-27T16:00:00Z,36945.1
2025-07-27T17:00:00Z,35654.9
2025-07-27T18:00:00Z,34389.1
2025-07-27T19:00:00Z,32394.4
2025-07-27T20:00:00Z,30900.3
2025-07-27T21:00:00Z,28860.3
2025-07-27T22:00:00Z,28472.6
2025-07-27T23:00:00Z,26951.1
2025-07-28T00:00:00Z,29938.4
2025-07-28T01:00:00Z,29289.0
2025-07-28T02:00:00Z,31072.1
2025-07-28T03:00:00Z,32944.2
2025-07-28T04:00:00Z,32474.0
2025-07-28T05:00:00Z,34873.8
2025-07-28T06:00:00Z,36005.8
2025-07-28T07:00:00Z,37119.9
2025-07-28T08:00:00Z,38475.2
2025-07-28T09:00:00Z,40494.6
2025-07-28T10:00:00Z,41917.4
2025-07-28T11:00:00Z,41999.3
2025-07-28T12:00:00Z,41242.8
2025-07-28T13:00:00Z,41274.4
2025-07-28T14:00:00Z,41074.7
2025-07-28T15:00:00Z,40907.5
2025-07-28T16:00:00Z,39059.3
2025-07-28T17:00:00Z,37579.1
2025-07-28T18:00:00Z,36424.8
2025-07-28T19:00:00Z,34077.1
2025-07-28T20:00:00Z,32634.1
2025-07-28T21:00:00Z,31295.3
2025-07-28T22:00:00Z,29476.0
2025-07-28T23:00:00Z,30019.1
2025-07-29T00:00:00Z,29907.2
2025-07-29T01:00:00Z,30412.7
2025-07-29T02:00:00Z,29911.3
2025-07-29T03:00:00Z,31095.4
2025-07-29T04:00:00Z,33295.0
2025-07-29T05:00:00Z,34480.5
2025-07-29T06:00:00Z,36639.7
2025-07-29T07:00:00Z,37090.3
2025-07-29T08:00:00Z,39145.7
2025-07-29T09:00:00Z,39981.0
2025-07-29T10:00:00Z,41483.3
2025-07-29T11:00:00Z,41693.1
2025-07-29T12:00:00Z,42435.7
2025-07-29T13:00:00Z,42506.6
2025-07-29T14:00:00Z,41673.1
2025-07-29T15:00:00Z,39393.0
2025-07-29T16:00:00Z,39529.8
2025-07-29T17:00:00Z,37770.9
2025-07-29T18:00:00Z,35383.9
2025-07-29T19:00:00Z,33852.7
2025-07-29T20:00:00Z,32814.0
2025-07-29T21:00:00Z,31816.9
2025-07-29T22:00:00Z,30294.7
2025-07-29T23:00:00Z,29063.6
2025-07-30T00:00:00Z,29969.0
2025-07-30T01:00:00Z,30123.3
2025-07-30T02:00:00Z,31925.4
2025-07-30T03:00:00Z,30978.9
2025-07-30T04:00:00Z,34249.3
2025-07-30T05:00:00Z,35347.7
2025-07-30T06:00:00Z,36212.0
2025-07-30T07:00:00Z,38529.0
2025-07-30T08:00:00Z,39220.6
2025-07-30T09:00:00Z,40968.9
2025-07-30T10:00:00Z,41070.4
2025-07-30T11:00:00Z,42115.4
2025-07-30T12:00:00Z,41759.4
2025-07-30T13:00:00Z,41255.8
2025-07-30T14:00:00Z,41310.3
2025-07-30T15:00:00Z,40118.9
2025-07-30T16:00:00Z,39467.9
2025-07-30T17:00:00Z,38327.4
2025-07-30T18:00:00Z,35966.7
2025-07-30T19:00:00Z,34472.3
2025-07-30T20:00:00Z,33036.3
2025-07-30T21:00:00Z,30776.6
2025-07-30T22:00:00Z,30797.4
2025-07-30T23:00:00Z,30041.0
2025-07-31T00:00:00Z,29927.3
2025-07-31T01:00:00Z,29592.2
2025-07-31T02:00:00Z,29757.0
2025-07-31T03:00:00Z,31646.6
2025-07-31T04:00:00Z,33231.4
2025-07-31T05:00:00Z,35266.6
2025-07-31T06:00:00Z,36770.5
2025-07-31T07:00:00Z,38551.8
2025-07-31T08:00:00Z,39491.1
2025-07-31T09:00:00Z,41190.0
2025-07-31T10:00:00Z,41473.0
2025-07-31T11:00:00Z,42528.9
2025-07-31T12:00:00Z,42898.8
2025-07-31T13:00:00Z,43599.1
2025-07-31T14:00:00Z,41706.0
2025-07-31T15:00:00Z,39928.8
2025-07-31T16:00:00Z,40014.5
2025-07-31T17:00:00Z,37385.1
2025-07-31T18:00:00Z,36151.6
2025-07-31T19:00:00Z,34417.4
2025-07-31T20:00:00Z,32595.8
2025-07-31T21:00:00Z,32469.8
2025-07-31T22:00:00Z,31095.8
2025-07-31T23:00:00Z,29845.9
2025-08-01T00:00:00Z,30115.4
2025-08-01T01:00:00Z,30066.8
2025-08-01T02:00:00Z,31233.8
2025-08-01T03:00:00Z,31708.1
2025-08-01T04:00:00Z,32797.4
2025-08-01T05:00:00Z,34363.7
2025-08-01T06:00:00Z,36084.3
2025-08-01T07:00:00Z,38074.4
2025-08-01T08:00:00Z,38949.9
2025-08-01T09:00:00Z,40671.3
2025-08-01T10:00:00Z,41938.4
2025-08-01T11:00:00Z,43544.4
2025-08-01T12:00:00Z,42987.6
2025-08-01T13:00:00Z,40781.1
2025-08-01T14:00:00Z,41442.7
2025-08-01T15:00:00Z,40511.6
2025-08-01T16:00:00Z,39593.5
2025-08-01T17:00:00Z,38739.1
2025-08-01T18:00:00Z,36696.6
2025-08-01T19:00:00Z,33502.4
2025-08-01T20:00:00Z,33354.7
2025-08-01T21:00:00Z,31960.8
2025-08-01T22:00:00Z,31128.8
2025-08-01T23:00:00Z,30997.5
2025-08-02T00:00:00Z,27909.5
2025-08-02T01:00:00Z,29261.2
2025-08-02T02:00:00Z,28452.0
2025-08-02T03:00:00Z,30327.6
2025-08-02T04:00:00Z,31789.5
2025-08-02T05:00:00Z,34281.2
2025-08-02T06:00:00Z,34343.0
2025-08-02T07:00:00Z,35441.0
2025-08-02T08:00:00Z,38180.5
2025-08-02T09:00:00Z,38770.9
2025-08-02T10:00:00Z,40916.7
2025-08-02T11:00:00Z,40359.5
2025-08-02T12:00:00Z,40483.9
2025-08-02T13:00:00Z,41373.4
2025-08-02T14:00:00Z,40149.0
2025-08-02T15:00:00Z,39634.0
2025-08-02T16:00:00Z,37080.9
2025-08-02T17:00:00Z,37178.1
2025-08-02T18:00:00Z,34401.9
2025-08-02T19:00:00Z,33520.4
2025-08-02T20:00:00Z,31070.0
2025-08-02T21:00:00Z,29495.9
2025-08-02T22:00:00Z,29177.5
2025-08-02T23:00:00Z,28778.9
2025-08-03T00:00:00Z,29421.8
2025-08-03T01:00:00Z,28997.2
2025-08-03T02:00:00Z,29809.5
2025-08-03T03:00:00Z,30770.5
2025-08-03T04:00:00Z,33334.1
2025-08-03T05:00:00Z,32797.0
2025-08-03T06:00:00Z,35486.6
2025-08-03T07:00:00Z,36370.2
2025-08-03T08:00:00Z,38086.1
2025-08-03T09:00:00Z,38957.4
2025-08-03T10:00:00Z,40835.3
2025-08-03T11:00:00Z,40202.5
2025-08-03T12:00:00Z,40379.9
2025-08-03T13:00:00Z,40746.3
2025-08-03T14:00:00Z,39630.3
2025-08-03T15:00:00Z,39606.5
2025-08-03T16:00:00Z,38429.4
2025-08-03T17:00:00Z,36056.6
2025-08-03T18:00:00Z,35241.8
2025-08-03T19:00:00Z,32878.1
2025-08-03T20:00:00Z,31695.9
2025-08-03T21:00:00Z,30431.8
2025-08-03T22:00:00Z,30412.4
2025-08-03T23:00:00Z,28815.1
2025-08-04T00:00:00Z,29986.9
2025-08-04T01:00:00Z,30196.4
2025-08-04T02:00:00Z,31918.6
2025-08-04T03:00:00Z,31419.0
2025-08-04T04:00:00Z,33332.2
2025-08-04T05:00:00Z,34882.0
2025-08-04T06:00:00Z,35419.7
2025-08-04T07:00:00Z,38061.5
2025-08-04T08:00:00Z,40328.6
2025-08-04T09:00:00Z,41218.4
2025-08-04T10:00:00Z,41621.4
2025-08-04T11:00:00Z,43070.2
2025-08-04T12:00:00Z,43192.3
2025-08-04T13:00:00Z,43763.1
2025-08-04T14:00:00Z,41703.7
2025-08-04T15:00:00Z,40897.0
2025-08-04T16:00:00Z,39829.5
2025-08-04T17:00:00Z,38233.2
2025-08-04T18:00:00Z,36737.2
2025-08-04T19:00:00Z,35023.6
2025-08-04T20:00:00Z,33215.6
2025-08-04T21:00:00Z,31452.6
2025-08-04T22:00:00Z,31004.1
2025-08-04T23:00:00Z,29949.7
2025-08-05T00:00:00Z,30040.1
2025-08-05T01:00:00Z,30514.1
2025-08-05T02:00:00Z,31682.4
2025-08-05T03:00:00Z,32851.9
2025-08-05T04:00:00Z,33159.9
2025-08-05T05:00:00Z,35359.7
2025-08-05T06:00:00Z,37229.4
2025-08-05T07:00:00Z,38401.1
2025-08-05T08:00:00Z,39074.5
2025-08-05T09:00:00Z,40097.0
2025-08-05T10:00:00Z,42618.4
2025-08-05T11:00:00Z,43303.7
2025-08-05T12:00:00Z,43183.6
2025-08-05T13:00:00Z,42279.7
2025-08-05T14:00:00Z,42958.4
2025-08-05T15:00:00Z,41843.5
2025-08-05T16:00:00Z,39898.3
2025-08-05T17:00:00Z,38303.0
2025-08-05T18:00:00Z,35788.9
2025-08-05T19:00:00Z,35582.6
2025-08-05T20:00:00Z,32851.1
2025-08-05T21:00:00Z,32751.9
2025-08-05T22:00:00Z,31786.7
2025-08-05T23:00:00Z,30834.0
2025-08-06T00:00:00Z,31518.5
2025-08-06T01:00:00Z,30743.1
2025-08-06T02:00:00Z,31839.4
2025-08-06T03:00:00Z,32937.4
2025-08-06T04:00:00Z,33943.4
2025-08-06T05:00:00Z,35099.9
2025-08-06T06:00:00Z,37569.2
2025-08-06T07:00:00Z,38762.7
2025-08-06T08:00:00Z,39946.2
2025-08-06T09:00:00Z,41250.7
2025-08-06T10:00:00Z,42394.9
2025-08-06T11:00:00Z,44134.3
2025-08-06T12:00:00Z,43217.4
2025-08-06T13:00:00Z,42825.6
2025-08-06T14:00:00Z,41774.3
2025-08-06T15:00:00Z,40703.5
2025-08-06T16:00:00Z,39060.8
2025-08-06T17:00:00Z,38665.0
2025-08-06T18:00:00Z,36945.0
2025-08-06T19:00:00Z,34783.0
2025-08-06T20:00:00Z,33041.8
2025-08-06T21:00:00Z,32353.6
2025-08-06T22:00:00Z,31260.2
2025-08-06T23:00:00Z,30215.9
2025-08-07T00:00:00Z,30978.4
2025-08-07T01:00:00Z,31108.0
2025-08-07T02:00:00Z,31630.0
2025-08-07T03:00:00Z,33047.2
2025-08-07T04:00:00Z,33598.0
2025-08-07T05:00:00Z,36146.1
2025-08-07T06:00:00Z,36525.7
2025-08-07T07:00:00Z,38932.6
2025-08-07T08:00:00Z,40498.2
2025-08-07T09:00:00Z,41323.5
2025-08-07T10:00:00Z,42631.5
2025-08-07T11:00:00Z,42404.5
2025-08-07T12:00:00Z,42502.9
2025-08-07T13:00:00Z,42966.6
2025-08-07T14:00:00Z,42069.4
2025-08-07T15:00:00Z,41765.4
2025-08-07T16:00:00Z,40183.1
2025-08-07T17:00:00Z,38984.9
2025-08-07T18:00:00Z,37217.2
2025-08-07T19:00:00Z,35544.5
2025-08-07T20:00:00Z,33983.9
2025-08-07T21:00:00Z,32451.3
2025-08-07T22:00:00Z,31413.2
2025-08-07T23:00:00Z,32088.8
2025-08-08T00:00:00Z,30028.7
2025-08-08T01:00:00Z,31058.5
2025-08-08T02:00:00Z,32299.3
2025-08-08T03:00:00Z,32986.0
2025-08-08T04:00:00Z,34790.5
2025-08-08T05:00:00Z,35846.9
2025-08-08T06:00:00Z,36518.4
2025-08-08T07:00:00Z,38615.9
2025-08-08T08:00:00Z,39560.4
2025-08-08T09:00:00Z,42092.0
2025-08-08T10:00:00Z,43320.0
2025-08-08T11:00:00Z,42963.4
2025-08-08T12:00:00Z,43686.6
2025-08-08T13:00:00Z,42978.4
2025-08-08T14:00:00Z,41821.6
2025-08-08T15:00:00Z,41345.9
2025-08-08T16:00:00Z,39464.9
2025-08-08T17:00:00Z,38488.2
2025-08-08T18:00:00Z,37280.1
2025-08-08T19:00:00Z,35934.3
2025-08-08T20:00:00Z,34726.7
2025-08-08T21:00:00Z,32589.9
2025-08-08T22:00:00Z,31894.7
2025-08-08T23:00:00Z,31368.2
2025-08-09T00:00:00Z,29617.4
2025-08-09T01:00:00Z,28060.2
2025-08-09T02:00:00Z,29758.9
2025-08-09T03:00:00Z,31566.5
2025-08-09T04:00:00Z,31861.8
2025-08-09T05:00:00Z,34074.4
2025-08-09T06:00:00Z,35991.4
2025-08-09T07:00:00Z,36185.9
2025-08-09T08:00:00Z,38574.4
2025-08-09T09:00:00Z,40086.9
2025-08-09T10:00:00Z,40959.3
2025-08-09T11:00:00Z,40781.2
2025-08-09T12:00:00Z,41967.9
2025-08-09T13:00:00Z,41283.6
2025-08-09T14:00:00Z,41379.2
2025-08-09T15:00:00Z,40184.6
2025-08-09T16:00:00Z,38384.2
2025-08-09T17:00:00Z,37257.5
2025-08-09T18:00:00Z,35194.0
2025-08-09T19:00:00Z,33575.3
2025-08-09T20:00:00Z,31614.7
2025-08-09T21:00:00Z,31019.8
2025-08-09T22:00:00Z,30570.3
2025-08-09T23:00:00Z,29587.7
2025-08-10T00:00:00Z,29425.3
2025-08-10T01:00:00Z,29320.0
2025-08-10T02:00:00Z,29995.5
2025-08-10T03:00:00Z,31643.5
2025-08-10T04:00:00Z,31770.8
2025-08-10T05:00:00Z,35120.2
2025-08-10T06:00:00Z,35627.7
2025-08-10T07:00:00Z,38401.2
2025-08-10T08:00:00Z,39385.2
2025-08-10T09:00:00Z,39847.7
2025-08-10T10:00:00Z,41435.5
2025-08-10T11:00:00Z,41808.9
2025-08-10T12:00:00Z,42127.0
2025-08-10T13:00:00Z,42085.9
2025-08-10T14:00:00Z,40765.7
2025-08-10T15:00:00Z,39737.4
2025-08-10T16:00:00Z,38549.7
2025-08-10T17:00:00Z,36553.2
2025-08-10T18:00:00Z,35513.2
2025-08-10T19:00:00Z,34155.0
2025-08-10T20:00:00Z,32662.0
2025-08-10T21:00:00Z,31340.9
2025-08-10T22:00:00Z,30044.0
2025-08-10T23:00:00Z,30035.1
2025-08-11T00:00:00Z,30199.6
2025-08-11T01:00:00Z,31270.0
2025-08-11T02:00:00Z,31926.9
2025-08-11T03:00:00Z,33552.3
2025-08-11T04:00:00Z,34721.4
2025-08-11T05:00:00Z,36294.0
2025-08-11T06:00:00Z,37497.3
2025-08-11T07:00:00Z,39594.5
2025-08-11T08:00:00Z,40082.1
2025-08-11T09:00:00Z,41929.5
2025-08-11T10:00:00Z,41784.5
2025-08-11T11:00:00Z,44392.8
2025-08-11T12:00:00Z,44541.2
2025-08-11T13:00:00Z,43190.6
2025-08-11T14:00:00Z,42437.6
2025-08-11T15:00:00Z,40797.7
2025-08-11T16:00:00Z,39800.8
2025-08-11T17:00:00Z,39156.3
2025-08-11T18:00:00Z,37398.4
2025-08-11T19:00:00Z,35100.9
2025-08-11T20:00:00Z,34104.7
2025-08-11T21:00:00Z,32728.3
2025-08-11T22:00:00Z,32327.3
2025-08-11T23:00:00Z,31829.9
2025-08-12T00:00:00Z,31255.8
2025-08-12T01:00:00Z,31642.2
2025-08-12T02:00:00Z,32202.5
2025-08-12T03:00:00Z,32110.8
2025-08-12T04:00:00Z,34579.8
2025-08-12T05:00:00Z,35956.3
2025-08-12T06:00:00Z,37992.6
2025-08-12T07:00:00Z,38262.5
2025-08-12T08:00:00Z,41116.3
2025-08-12T09:00:00Z,41678.4
2025-08-12T10:00:00Z,43139.4
2025-08-12T11:00:00Z,44252.6
2025-08-12T12:00:00Z,43069.6
2025-08-12T13:00:00Z,42942.7
2025-08-12T14:00:00Z,43518.1
2025-08-12T15:00:00Z,41418.9
2025-08-12T16:00:00Z,40222.7
2025-08-12T17:00:00Z,39531.0
2025-08-12T18:00:00Z,37499.8
2025-08-12T19:00:00Z,36396.9
2025-08-12T20:00:00Z,34645.7
2025-08-12T21:00:00Z,33186.1
2025-08-12T22:00:00Z,32720.9
2025-08-12T23:00:00Z,32723.8
2025-08-13T00:00:00Z,31442.9
2025-08-13T01:00:00Z,32475.7
2025-08-13T02:00:00Z,32918.6
2025-08-13T03:00:00Z,33377.6
2025-08-13T04:00:00Z,34848.6
2025-08-13T05:00:00Z,35627.3
2025-08-13T06:00:00Z,37407.0
2025-08-13T07:00:00Z,39484.3
2025-08-13T08:00:00Z,40818.8
2025-08-13T09:00:00Z,42809.9
2025-08-13T10:00:00Z,42449.4
2025-08-13T11:00:00Z,43594.8
2025-08-13T12:00:00Z,43628.3
2025-08-13T13:00:00Z,43668.4
2025-08-13T14:00:00Z,43729.6
2025-08-13T15:00:00Z,41508.0
2025-08-13T16:00:00Z,41285.9
2025-08-13T17:00:00Z,39035.0
2025-08-13T18:00:00Z,37560.4
2025-08-13T19:00:00Z,36634.8
2025-08-13T20:00:00Z,34466.2
2025-08-13T21:00:00Z,33669.7
2025-08-13T22:00:00Z,32392.2
2025-08-13T23:00:00Z,31620.7
2025-08-14T00:00:00Z,31430.0
2025-08-14T01:00:00Z,30930.4
2025-08-14T02:00:00Z,32064.9
2025-08-14T03:00:00Z,33530.1
2025-08-14T04:00:00Z,34839.7
2025-08-14T05:00:00Z,35463.3
2025-08-14T06:00:00Z,38372.2
2025-08-14T07:00:00Z,39762.6
2025-08-14T08:00:00Z,40291.8
2025-08-14T09:00:00Z,41717.3
2025-08-14T10:00:00Z,43513.5
2025-08-14T11:00:00Z,42958.7
2025-08-14T12:00:00Z,43699.7
2025-08-14T13:00:00Z,43846.0
2025-08-14T14:00:00Z,43185.8
2025-08-14T15:00:00Z,42232.3
2025-08-14T16:00:00Z,41174.9
2025-08-14T17:00:00Z,39054.5
2025-08-14T18:00:00Z,37603.8
2025-08-14T19:00:00Z,37311.4
2025-08-14T20:00:00Z,34013.2
2025-08-14T21:00:00Z,33218.2
2025-08-14T22:00:00Z,32519.4
2025-08-14T23:00:00Z,31503.6
2025-08-15T00:00:00Z,32380.5
2025-08-15T01:00:00Z,31996.1
2025-08-15T02:00:00Z,32975.2
2025-08-15T03:00:00Z,32213.1
2025-08-15T04:00:00Z,35480.5
2025-08-15T05:00:00Z,36963.6
2025-08-15T06:00:00Z,37586.9
2025-08-15T07:00:00Z,40272.1
2025-08-15T08:00:00Z,41234.8
2025-08-15T09:00:00Z,42870.2
2025-08-15T10:00:00Z,44320.8
2025-08-15T11:00:00Z,44054.4
2025-08-15T12:00:00Z,43688.6
2025-08-15T13:00:00Z,43997.5
2025-08-15T14:00:00Z,42718.1
2025-08-15T15:00:00Z,41974.6
2025-08-15T16:00:00Z,40704.2
2025-08-15T17:00:00Z,39229.2
2025-08-15T18:00:00Z,38592.6
2025-08-15T19:00:00Z,36808.9
2025-08-15T20:00:00Z,34405.8
2025-08-15T21:00:00Z,34170.0
2025-08-15T22:00:00Z,31719.4
2025-08-15T23:00:00Z,31629.2
2025-08-16T00:00:00Z,30072.2
2025-08-16T01:00:00Z,30975.5
2025-08-16T02:00:00Z,31359.1
2025-08-16T03:00:00Z,32208.7
2025-08-16T04:00:00Z,33941.0
2025-08-16T05:00:00Z,35140.0
2025-08-16T06:00:00Z,37091.4
2025-08-16T07:00:00Z,37586.2
2025-08-16T08:00:00Z,38620.1
2025-08-16T09:00:00Z,40572.8
2025-08-16T10:00:00Z,42212.3
2025-08-16T11:00:00Z,42538.9
2025-08-16T12:00:00Z,43078.8
2025-08-16T13:00:00Z,42773.9
2025-08-16T14:00:00Z,42050.4
2025-08-16T15:00:00Z,41217.7
2025-08-16T16:00:00Z,39129.9
2025-08-16T17:00:00Z,38567.3
2025-08-16T18:00:00Z,35863.5
2025-08-16T19:00:00Z,34714.2
2025-08-16T20:00:00Z,32535.3
2025-08-16T21:00:00Z,32243.1
2025-08-16T22:00:00Z,30183.2
2025-08-16T23:00:00Z,31098.2
2025-08-17T00:00:00Z,29572.0
2025-08-17T01:00:00Z,30618.0
2025-08-17T02:00:00Z,31033.2
2025-08-17T03:00:00Z,31640.4
2025-08-17T04:00:00Z,34036.4
2025-08-17T05:00:00Z,34667.2
2025-08-17T06:00:00Z,37265.2
2025-08-17T07:00:00Z,37582.5
2025-08-17T08:00:00Z,39201.9
2025-08-17T09:00:00Z,39870.0
2025-08-17T10:00:00Z,42187.5
2025-08-17T11:00:00Z,42999.4
2025-08-17T12:00:00Z,42852.0
2025-08-17T13:00:00Z,42438.8
2025-08-17T14:00:00Z,41421.6
2025-08-17T15:00:00Z,42132.2
2025-08-17T16:00:00Z,40006.0
2025-08-17T17:00:00Z,37158.0
2025-08-17T18:00:00Z,36342.8
2025-08-17T19:00:00Z,33534.7
2025-08-17T20:00:00Z,34209.5
2025-08-17T21:00:00Z,33126.2
2025-08-17T22:00:00Z,31868.2
2025-08-17T23:00:00Z,30457.5
2025-08-18T00:00:00Z,31810.9
2025-08-18T01:00:00Z,31601.4
2025-08-18T02:00:00Z,33230.9
2025-08-18T03:00:00Z,33556.7
2025-08-18T04:00:00Z,35039.7
2025-08-18T05:00:00Z,36405.7
2025-08-18T06:00:00Z,38190.9
2025-08-18T07:00:00Z,40431.7
2025-08-18T08:00:00Z,42346.8
2025-08-18T09:00:00Z,42837.3
2025-08-18T10:00:00Z,43759.5
2025-08-18T11:00:00Z,43792.7
2025-08-18T12:00:00Z,43944.8
2025-08-18T13:00:00Z,43818.9
2025-08-18T14:00:00Z,44210.9
2025-08-18T15:00:00Z,42889.1
2025-08-18T16:00:00Z,41974.2
2025-08-18T17:00:00Z,40188.0
2025-08-18T18:00:00Z,38145.2
2025-08-18T19:00:00Z,36094.4
2025-08-18T20:00:00Z,35047.2
2025-08-18T21:00:00Z,33204.2
2025-08-18T22:00:00Z,34001.9
2025-08-18T23:00:00Z,32476.8
2025-08-19T00:00:00Z,32046.2
2025-08-19T01:00:00Z,33490.1
2025-08-19T02:00:00Z,32872.7
2025-08-19T03:00:00Z,34353.9
2025-08-19T04:00:00Z,35268.8
2025-08-19T05:00:00Z,37044.0
2025-08-19T06:00:00Z,38278.2
2025-08-19T07:00:00Z,40341.0
2025-08-19T08:00:00Z,42331.5
2025-08-19T09:00:00Z,42217.9
2025-08-19T10:00:00Z,42706.6
2025-08-19T11:00:00Z,45197.0
2025-08-19T12:00:00Z,44790.7
2025-08-19T13:00:00Z,44947.7
2025-08-19T14:00:00Z,43716.9
2025-08-19T15:00:00Z,43686.2
2025-08-19T16:00:00Z,42541.2
2025-08-19T17:00:00Z,39471.9
2025-08-19T18:00:00Z,38823.4
2025-08-19T19:00:00Z,36538.5
2025-08-19T20:00:00Z,34510.5
2025-08-19T21:00:00Z,33904.9
2025-08-19T22:00:00Z,33369.7
2025-08-19T23:00:00Z,31730.8
2025-08-20T00:00:00Z,31673.5
2025-08-20T01:00:00Z,33205.3
2025-08-20T02:00:00Z,33197.0
2025-08-20T03:00:00Z,34380.5
2025-08-20T04:00:00Z,34859.7
2025-08-20T05:00:00Z,36617.7
2025-08-20T06:00:00Z,38636.0
2025-08-20T07:00:00Z,40282.1
2025-08-20T08:00:00Z,41761.3
2025-08-20T09:00:00Z,43808.8
2025-08-20T10:00:00Z,44049.9
2025-08-20T11:00:00Z,43779.9
2025-08-20T12:00:00Z,44335.4
2025-08-20T13:00:00Z,44549.7
2025-08-20T14:00:00Z,44626.2
2025-08-20T15:00:00Z,42603.4
2025-08-20T16:00:00Z,41466.5
2025-08-20T17:00:00Z,40153.4
2025-08-20T18:00:00Z,38181.9
2025-08-20T19:00:00Z,36505.9
2025-08-20T20:00:00Z,35310.3
2025-08-20T21:00:00Z,34663.5
2025-08-20T22:00:00Z,33404.3
2025-08-20T23:00:00Z,32376.0
2025-08-21T00:00:00Z,32636.1
2025-08-21T01:00:00Z,31962.8
2025-08-21T02:00:00Z,33782.1
2025-08-21T03:00:00Z,34636.7
2025-08-21T04:00:00Z,35694.9
2025-08-21T05:00:00Z,36184.7
2025-08-21T06:00:00Z,39720.9
2025-08-21T07:00:00Z,38730.6
2025-08-21T08:00:00Z,41244.7
2025-08-21T09:00:00Z,42576.4
2025-08-21T10:00:00Z,44414.5
2025-08-21T11:00:00Z,43885.2
2025-08-21T12:00:00Z,45007.9
2025-08-21T13:00:00Z,44591.7
2025-08-21T14:00:00Z,43896.5
2025-08-21T15:00:00Z,43508.2
2025-08-21T16:00:00Z,42516.3
2025-08-21T17:00:00Z,40474.2
2025-08-21T18:00:00Z,38508.7
2025-08-21T19:00:00Z,35843.5
2025-08-21T20:00:00Z,36309.8
2025-08-21T21:00:00Z,34089.2
2025-08-21T22:00:00Z,32284.1
2025-08-21T23:00:00Z,32718.7
2025-08-22T00:00:00Z,33293.8
2025-08-22T01:00:00Z,32671.4
2025-08-22T02:00:00Z,32754.6
2025-08-22T03:00:00Z,35544.3
2025-08-22T04:00:00Z,35973.6
2025-08-22T05:00:00Z,37336.3
2025-08-22T06:00:00Z,39302.8
2025-08-22T07:00:00Z,39242.2
2025-08-22T08:00:00Z,41849.3
2025-08-22T09:00:00Z,43090.6
2025-08-22T10:00:00Z,45359.4
2025-08-22T11:00:00Z,44495.2
2025-08-22T12:00:00Z,44714.1
2025-08-22T13:00:00Z,44061.8
2025-08-22T14:00:00Z,43738.5
2025-08-22T15:00:00Z,43072.8
2025-08-22T16:00:00Z,42028.8
2025-08-22T17:00:00Z,40283.8
2025-08-22T18:00:00Z,39830.1
2025-08-22T19:00:00Z,37422.0
2025-08-22T20:00:00Z,35996.3
2025-08-22T21:00:00Z,35089.7
2025-08-22T22:00:00Z,33713.4
2025-08-22T23:00:00Z,32483.2
2025-08-23T00:00:00Z,30110.1
2025-08-23T01:00:00Z,31324.4
2025-08-23T02:00:00Z,31321.9
2025-08-23T03:00:00Z,33442.4
2025-08-23T04:00:00Z,33635.9
2025-08-23T05:00:00Z,34370.4
2025-08-23T06:00:00Z,37177.8
2025-08-23T07:00:00Z,39333.6
2025-08-23T08:00:00Z,40162.8
2025-08-23T09:00:00Z,41658.6
2025-08-23T10:00:00Z,42634.2
2025-08-23T11:00:00Z,44082.5
2025-08-23T12:00:00Z,43546.4
2025-08-23T13:00:00Z,43153.4
2025-08-23T14:00:00Z,42227.8
2025-08-23T15:00:00Z,40696.6
2025-08-23T16:00:00Z,41012.8
2025-08-23T17:00:00Z,39373.0
2025-08-23T18:00:00Z,36652.2
2025-08-23T19:00:00Z,35862.6
2025-08-23T20:00:00Z,34210.7
2025-08-23T21:00:00Z,32546.9
2025-08-23T22:00:00Z,31592.1
2025-08-23T23:00:00Z,31531.8
2025-08-24T00:00:00Z,30394.0
2025-08-24T01:00:00Z,30967.0
2025-08-24T02:00:00Z,31823.4
2025-08-24T03:00:00Z,32850.6
2025-08-24T04:00:00Z,34034.0
2025-08-24T05:00:00Z,35762.9
2025-08-24T06:00:00Z,37540.8
2025-08-24T07:00:00Z,38402.7
2025-08-24T08:00:00Z,40421.6
2025-08-24T09:00:00Z,41389.2
2025-08-24T10:00:00Z,43452.8
2025-08-24T11:00:00Z,42539.1
2025-08-24T12:00:00Z,43369.0
2025-08-24T13:00:00Z,43649.1
2025-08-24T14:00:00Z,42508.0
2025-08-24T15:00:00Z,41492.5
2025-08-24T16:00:00Z,40093.9
2025-08-24T17:00:00Z,39040.3
2025-08-24T18:00:00Z,36649.4
2025-08-24T19:00:00Z,35607.5
2025-08-24T20:00:00Z,34094.6
2025-08-24T21:00:00Z,32086.6
2025-08-24T22:00:00Z,32012.7
2025-08-24T23:00:00Z,31001.3
2025-08-25T00:00:00Z,33035.2
2025-08-25T01:00:00Z,33539.1
2025-08-25T02:00:00Z,33890.2
2025-08-25T03:00:00Z,34078.1
2025-08-25T04:00:00Z,36161.5
2025-08-25T05:00:00Z,36653.1
2025-08-25T06:00:00Z,38706.0
2025-08-25T07:00:00Z,41602.7
2025-08-25T08:00:00Z,42229.7
2025-08-25T09:00:00Z,44338.8
2025-08-25T10:00:00Z,44414.3
2025-08-25T11:00:00Z,45137.9
2025-08-25T12:00:00Z,44758.4
2025-08-25T13:00:00Z,45630.5
2025-08-25T14:00:00Z,44407.9
2025-08-25T15:00:00Z,43852.3
2025-08-25T16:00:00Z,42463.0
2025-08-25T17:00:00Z,41013.2
2025-08-25T18:00:00Z,39292.2
2025-08-25T19:00:00Z,37488.6
2025-08-25T20:00:00Z,36006.5
2025-08-25T21:00:00Z,34353.3
2025-08-25T22:00:00Z,32609.8
2025-08-25T23:00:00Z,33364.2
2025-08-26T00:00:00Z,34095.9
2025-08-26T01:00:00Z,33783.0
2025-08-26T02:00:00Z,35067.9
2025-08-26T03:00:00Z,35086.6
2025-08-26T04:00:00Z,35618.1
2025-08-26T05:00:00Z,37109.9
2025-08-26T06:00:00Z,39635.1
2025-08-26T07:00:00Z,41037.1
2025-08-26T08:00:00Z,42274.7
2025-08-26T09:00:00Z,44043.5
2025-08-26T10:00:00Z,44184.6
2025-08-26T11:00:00Z,45543.3
2025-08-26T12:00:00Z,45333.7
2025-08-26T13:00:00Z,45352.9
2025-08-26T14:00:00Z,45272.5
2025-08-26T15:00:00Z,43586.0
2025-08-26T16:00:00Z,43092.4
2025-08-26T17:00:00Z,41565.3
2025-08-26T18:00:00Z,38855.8
2025-08-26T19:00:00Z,38864.5
2025-08-26T20:00:00Z,35489.0
2025-08-26T21:00:00Z,34798.0
2025-08-26T22:00:00Z,34248.2
2025-08-26T23:00:00Z,32039.5
2025-08-27T00:00:00Z,33673.4
2025-08-27T01:00:00Z,33941.6
2025-08-27T02:00:00Z,33907.0
2025-08-27T03:00:00Z,35100.1
2025-08-27T04:00:00Z,36361.2
2025-08-27T05:00:00Z,37641.3
2025-08-27T06:00:00Z,39928.0
2025-08-27T07:00:00Z,40781.3
2025-08-27T08:00:00Z,42457.2
2025-08-27T09:00:00Z,43963.4
2025-08-27T10:00:00Z,45208.8
2025-08-27T11:00:00Z,45964.3
2025-08-27T12:00:00Z,44818.2
2025-08-27T13:00:00Z,44314.3
2025-08-27T14:00:00Z,44688.8
2025-08-27T15:00:00Z,43742.2
2025-08-27T16:00:00Z,41910.3
2025-08-27T17:00:00Z,41137.7
2025-08-27T18:00:00Z,39695.2
2025-08-27T19:00:00Z,37952.1
2025-08-27T20:00:00Z,37116.5
2025-08-27T21:00:00Z,34411.6
2025-08-27T22:00:00Z,33978.7
2025-08-27T23:00:00Z,34359.8
2025-08-28T00:00:00Z,33591.0
2025-08-28T01:00:00Z,32857.1
2025-08-28T02:00:00Z,34174.4
2025-08-28T03:00:00Z,35679.3
2025-08-28T04:00:00Z,37445.7
2025-08-28T05:00:00Z,38200.6
2025-08-28T06:00:00Z,40079.1
2025-08-28T07:00:00Z,40491.8
2025-08-28T08:00:00Z,42448.6
2025-08-28T09:00:00Z,44499.2
2025-08-28T10:00:00Z,44354.4
2025-08-28T11:00:00Z,45449.7
2025-08-28T12:00:00Z,44710.3
2025-08-28T13:00:00Z,46261.2
2025-08-28T14:00:00Z,44789.7
2025-08-28T15:00:00Z,44166.5
2025-08-28T16:00:00Z,41785.4
2025-08-28T17:00:00Z,40382.4
2025-08-28T18:00:00Z,40417.7
2025-08-28T19:00:00Z,37667.7
2025-08-28T20:00:00Z,36058.4
2025-08-28T21:00:00Z,35323.8
2025-08-28T22:00:00Z,34356.0
2025-08-28T23:00:00Z,32407.7
2025-08-29T00:00:00Z,32815.5
2025-08-29T01:00:00Z,33568.6
2025-08-29T02:00:00Z,34167.2
2025-08-29T03:00:00Z,35339.9
2025-08-29T04:00:00Z,36219.1
2025-08-29T05:00:00Z,37800.7
2025-08-29T06:00:00Z,39674.5
2025-08-29T07:00:00Z,40811.1
2025-08-29T08:00:00Z,42237.2
2025-08-29T09:00:00Z,43678.6
2025-08-29T10:00:00Z,44961.0
2025-08-29T11:00:00Z,45501.2
2025-08-29T12:00:00Z,45540.3
2025-08-29T13:00:00Z,45447.4
2025-08-29T14:00:00Z,44930.8
2025-08-29T15:00:00Z,44134.9
2025-08-29T16:00:00Z,42866.0
2025-08-29T17:00:00Z,40494.8
2025-08-29T18:00:00Z,40071.1
2025-08-29T19:00:00Z,37103.8
2025-08-29T20:00:00Z,36729.9
2025-08-29T21:00:00Z,34780.1
2025-08-29T22:00:00Z,34465.6
2025-08-29T23:00:00Z,34095.1
2025-08-30T00:00:00Z,30704.6
2025-08-30T01:00:00Z,32221.3
2025-08-30T02:00:00Z,32671.0
2025-08-30T03:00:00Z,33273.6
2025-08-30T04:00:00Z,35009.4
2025-08-30T05:00:00Z,36050.5
2025-08-30T06:00:00Z,37985.3
2025-08-30T07:00:00Z,38984.4
2025-08-30T08:00:00Z,41449.9
2025-08-30T09:00:00Z,42638.1
2025-08-30T10:00:00Z,43708.6
2025-08-30T11:00:00Z,43598.3
2025-08-30T12:00:00Z,45117.7
2025-08-30T13:00:00Z,44977.1
2025-08-30T14:00:00Z,43272.9
2025-08-30T15:00:00Z,42109.9
2025-08-30T16:00:00Z,40823.8
2025-08-30T17:00:00Z,39894.5
2025-08-30T18:00:00Z,38460.4
2025-08-30T19:00:00Z,35917.6
2025-08-30T20:00:00Z,33743.6
2025-08-30T21:00:00Z,33753.0
2025-08-30T22:00:00Z,32503.1
2025-08-30T23:00:00Z,31991.7
2025-08-31T00:00:00Z,32057.6
2025-08-31T01:00:00Z,31416.7
2025-08-31T02:00:00Z,32654.8
2025-08-31T03:00:00Z,33454.9
2025-08-31T04:00:00Z,35098.1
2025-08-31T05:00:00Z,37042.4
2025-08-31T06:00:00Z,38016.5
2025-08-31T07:00:00Z,39179.1
2025-08-31T08:00:00Z,41782.5
2025-08-31T09:00:00Z,42791.4
2025-08-31T10:00:00Z,43303.2
2025-08-31T11:00:00Z,43087.5
2025-08-31T12:00:00Z,43784.3
2025-08-31T13:00:00Z,44104.8
2025-08-31T14:00:00Z,43693.0
2025-08-31T15:00:00Z,42138.9
2025-08-31T16:00:00Z,41351.9
2025-08-31T17:00:00Z,39288.1
2025-08-31T18:00:00Z,37785.3
2025-08-31T19:00:00Z,36671.6
2025-08-31T20:00:00Z,34747.9
2025-08-31T21:00:00Z,33671.6
2025-08-31T22:00:00Z,33065.3
2025-08-31T23:00:00Z,32575.3
2025-09-01T00:00:00Z,33290.8
2025-09-01T01:00:00Z,33678.6
2025-09-01T02:00:00Z,33740.4
2025-09-01T03:00:00Z,34740.8
2025-09-01T04:00:00Z,36868.5
2025-09-01T05:00:00Z,37943.2
2025-09-01T06:00:00Z,38859.3
2025-09-01T07:00:00Z,41716.6
2025-09-01T08:00:00Z,42504.4
2025-09-01T09:00:00Z,44069.8
2025-09-01T10:00:00Z,45440.9
2025-09-01T11:00:00Z,46053.0
2025-09-01T12:00:00Z,46027.8
2025-09-01T13:00:00Z,44805.9
2025-09-01T14:00:00Z,45517.5
2025-09-01T15:00:00Z,43921.9
2025-09-01T16:00:00Z,42202.7
2025-09-01T17:00:00Z,40287.3
2025-09-01T18:00:00Z,40513.9
2025-09-01T19:00:00Z,38286.7
2025-09-01T20:00:00Z,36768.2
2025-09-01T21:00:00Z,35736.9
2025-09-01T22:00:00Z,34388.3
2025-09-01T23:00:00Z,33036.8
2025-09-02T00:00:00Z,34043.1
2025-09-02T01:00:00Z,34423.2
2025-09-02T02:00:00Z,34793.7
2025-09-02T03:00:00Z,36315.8
2025-09-02T04:00:00Z,37798.4
2025-09-02T05:00:00Z,37893.8
2025-09-02T06:00:00Z,39691.1
2025-09-02T07:00:00Z,41997.0
2025-09-02T08:00:00Z,43130.6
2025-09-02T09:00:00Z,44439.4
2025-09-02T10:00:00Z,45806.6
2025-09-02T11:00:00Z,46328.2
2025-09-02T12:00:00Z,45925.5
2025-09-02T13:00:00Z,46008.2
2025-09-02T14:00:00Z,44950.6
2025-09-02T15:00:00Z,44229.3
2025-09-02T16:00:00Z,42462.2
2025-09-02T17:00:00Z,40515.8
2025-09-02T18:00:00Z,39666.4
2025-09-02T19:00:00Z,38004.8
2025-09-02T20:00:00Z,37274.5
2025-09-02T21:00:00Z,36337.7
2025-09-02T22:00:00Z,34542.7
2025-09-02T23:00:00Z,34152.8
2025-09-03T00:00:00Z,33458.0
2025-09-03T01:00:00Z,33519.6
2025-09-03T02:00:00Z,34476.1
2025-09-03T03:00:00Z,35466.5
2025-09-03T04:00:00Z,37059.7
2025-09-03T05:00:00Z,38468.2
2025-09-03T06:00:00Z,40884.3
2025-09-03T07:00:00Z,41523.7
2025-09-03T08:00:00Z,42282.1
2025-09-03T09:00:00Z,44493.2
2025-09-03T10:00:00Z,45078.5
2025-09-03T11:00:00Z,46150.2
2025-09-03T12:00:00Z,46841.0
2025-09-03T13:00:00Z,45711.0
2025-09-03T14:00:00Z,45382.9
2025-09-03T15:00:00Z,44700.8
2025-09-03T16:00:00Z,42650.6
2025-09-03T17:00:00Z,41751.3
2025-09-03T18:00:00Z,40309.7
2025-09-03T19:00:00Z,38836.0
2025-09-03T20:00:00Z,37481.1
2025-09-03T21:00:00Z,35909.1
2025-09-03T22:00:00Z,34834.5
2025-09-03T23:00:00Z,33286.7
2025-09-04T00:00:00Z,32497.3
2025-09-04T01:00:00Z,33600.1
2025-09-04T02:00:00Z,35462.3
2025-09-04T03:00:00Z,35775.3
2025-09-04T04:00:00Z,35835.8
2025-09-04T05:00:00Z,38290.1
2025-09-04T06:00:00Z,40309.6
2025-09-04T07:00:00Z,40774.6
2025-09-04T08:00:00Z,43536.0
2025-09-04T09:00:00Z,43934.5
2025-09-04T10:00:00Z,46060.8
2025-09-04T11:00:00Z,46159.0
2025-09-04T12:00:00Z,47962.8
2025-09-04T13:00:00Z,45453.2
2025-09-04T14:00:00Z,45668.8
2025-09-04T15:00:00Z,43766.7
2025-09-04T16:00:00Z,43838.2
2025-09-04T17:00:00Z,41804.4
2025-09-04T18:00:00Z,40605.2
2025-09-04T19:00:00Z,38568.0
2025-09-04T20:00:00Z,36404.3
2025-09-04T21:00:00Z,35383.7
2025-09-04T22:00:00Z,34089.9
2025-09-04T23:00:00Z,33566.7
2025-09-05T00:00:00Z,34061.9
2025-09-05T01:00:00Z,34754.5
2025-09-05T02:00:00Z,35267.1
2025-09-05T03:00:00Z,36079.0
2025-09-05T04:00:00Z,36810.6
2025-09-05T05:00:00Z,38870.7
2025-09-05T06:00:00Z,39775.9
2025-09-05T07:00:00Z,41938.9
2025-09-05T08:00:00Z,43769.4
2025-09-05T09:00:00Z,44529.1
2025-09-05T10:00:00Z,45372.8
2025-09-05T11:00:00Z,46014.7
2025-09-05T12:00:00Z,46769.1
2025-09-05T13:00:00Z,46078.3
2025-09-05T14:00:00Z,44879.7
2025-09-05T15:00:00Z,44411.3
2025-09-05T16:00:00Z,42784.0
2025-09-05T17:00:00Z,42609.3
2025-09-05T18:00:00Z,40225.8
2025-09-05T19:00:00Z,37844.1
2025-09-05T20:00:00Z,37241.1
2025-09-05T21:00:00Z,36185.4
2025-09-05T22:00:00Z,35019.0
2025-09-05T23:00:00Z,34013.6
2025-09-06T00:00:00Z,32421.8
2025-09-06T01:00:00Z,32701.5
2025-09-06T02:00:00Z,33699.0
2025-09-06T03:00:00Z,34358.4
2025-09-06T04:00:00Z,36634.4
2025-09-06T05:00:00Z,36852.6
2025-09-06T06:00:00Z,39367.9
2025-09-06T07:00:00Z,40199.1
2025-09-06T08:00:00Z,40810.6
2025-09-06T09:00:00Z,42376.3
2025-09-06T10:00:00Z,43033.0
2025-09-06T11:00:00Z,43707.3
2025-09-06T12:00:00Z,45430.8
2025-09-06T13:00:00Z,44256.0
2025-09-06T14:00:00Z,44285.7
2025-09-06T15:00:00Z,42522.8
2025-09-06T16:00:00Z,41686.8
2025-09-06T17:00:00Z,39645.4
2025-09-06T18:00:00Z,39025.1
2025-09-06T19:00:00Z,36833.1
2025-09-06T20:00:00Z,35227.7
2025-09-06T21:00:00Z,34086.5
2025-09-06T22:00:00Z,34305.8
2025-09-06T23:00:00Z,32789.6
2025-09-07T00:00:00Z,32864.2
2025-09-07T01:00:00Z,32002.1
2025-09-07T02:00:00Z,32931.1
2025-09-07T03:00:00Z,34409.9
2025-09-07T04:00:00Z,34587.4
2025-09-07T05:00:00Z,37741.6
2025-09-07T06:00:00Z,38803.8
2025-09-07T07:00:00Z,40267.5
2025-09-07T08:00:00Z,41677.1
2025-09-07T09:00:00Z,42948.9
2025-09-07T10:00:00Z,43799.3
2025-09-07T11:00:00Z,45402.8
2025-09-07T12:00:00Z,45250.8
2025-09-07T13:00:00Z,45325.8
2025-09-07T14:00:00Z,43903.4
2025-09-07T15:00:00Z,42615.2
2025-09-07T16:00:00Z,42481.3
2025-09-07T17:00:00Z,39647.1
2025-09-07T18:00:00Z,38348.4
2025-09-07T19:00:00Z,37418.3
2025-09-07T20:00:00Z,36108.3
2025-09-07T21:00:00Z,33576.8
2025-09-07T22:00:00Z,33124.8
2025-09-07T23:00:00Z,32658.0
2025-09-08T00:00:00Z,34178.1
2025-09-08T01:00:00Z,34015.0
2025-09-08T02:00:00Z,35431.2
2025-09-08T03:00:00Z,35800.7
2025-09-08T04:00:00Z,37238.5
2025-09-08T05:00:00Z,37702.7
2025-09-08T06:00:00Z,40421.8
2025-09-08T07:00:00Z,41088.1
2025-09-08T08:00:00Z,43959.4
2025-09-08T09:00:00Z,45139.7
2025-09-08T10:00:00Z,45612.4
2025-09-08T11:00:00Z,46581.4
2025-09-08T12:00:00Z,46766.3
2025-09-08T13:00:00Z,46421.6
2025-09-08T14:00:00Z,46062.2
2025-09-08T15:00:00Z,44821.0
2025-09-08T16:00:00Z,43348.0
2025-09-08T17:00:00Z,41680.9
2025-09-08T18:00:00Z,41343.6
2025-09-08T19:00:00Z,38965.5
2025-09-08T20:00:00Z,37351.9
2025-09-08T21:00:00Z,36444.7
2025-09-08T22:00:00Z,34880.6
2025-09-08T23:00:00Z,34261.3
2025-09-09T00:00:00Z,34673.0
2025-09-09T01:00:00Z,35072.6
2025-09-09T02:00:00Z,35510.8
2025-09-09T03:00:00Z,35389.4
2025-09-09T04:00:00Z,37474.9
2025-09-09T05:00:00Z,38936.1
2025-09-09T06:00:00Z,40795.3
2025-09-09T07:00:00Z,41717.2
2025-09-09T08:00:00Z,43135.4
2025-09-09T09:00:00Z,44907.1
2025-09-09T10:00:00Z,45499.2
2025-09-09T11:00:00Z,46030.7
2025-09-09T12:00:00Z,46756.4
2025-09-09T13:00:00Z,47056.9
2025-09-09T14:00:00Z,46027.0
2025-09-09T15:00:00Z,45541.8
2025-09-09T16:00:00Z,43162.9
2025-09-09T17:00:00Z,42537.1
2025-09-09T18:00:00Z,40554.0
2025-09-09T19:00:00Z,38494.8
2025-09-09T20:00:00Z,37228.2
2025-09-09T21:00:00Z,35711.2
2025-09-09T22:00:00Z,35051.3
2025-09-09T23:00:00Z,34155.5
2025-09-10T00:00:00Z,35055.9
2025-09-10T01:00:00Z,34436.5
2025-09-10T02:00:00Z,34512.6
2025-09-10T03:00:00Z,36133.3
2025-09-10T04:00:00Z,37722.6
2025-09-10T05:00:00Z,38864.1
2025-09-10T06:00:00Z,41082.1
2025-09-10T07:00:00Z,41785.5
2025-09-10T08:00:00Z,43317.2
2025-09-10T09:00:00Z,45880.5
2025-09-10T10:00:00Z,46039.3
2025-09-10T11:00:00Z,46937.6
2025-09-10T12:00:00Z,47126.2
2025-09-10T13:00:00Z,46955.6
2025-09-10T14:00:00Z,46059.3
2025-09-10T15:00:00Z,44949.2
2025-09-10T16:00:00Z,44311.7
2025-09-10T17:00:00Z,42001.9
2025-09-10T18:00:00Z,40699.9
2025-09-10T19:00:00Z,39378.9
2025-09-10T20:00:00Z,37322.4
2025-09-10T21:00:00Z,35449.3
2025-09-10T22:00:00Z,35479.4
2025-09-10T23:00:00Z,35174.4
2025-09-11T00:00:00Z,34619.3
2025-09-11T01:00:00Z,33844.2
2025-09-11T02:00:00Z,35651.7
2025-09-11T03:00:00Z,37320.4
2025-09-11T04:00:00Z,36815.4
2025-09-11T05:00:00Z,37723.6
2025-09-11T06:00:00Z,40596.5
2025-09-11T07:00:00Z,42373.9
2025-09-11T08:00:00Z,44237.0
2025-09-11T09:00:00Z,45546.6
2025-09-11T10:00:00Z,46167.3
2025-09-11T11:00:00Z,47018.6
2025-09-11T12:00:00Z,47126.2
2025-09-11T13:00:00Z,46806.1
2025-09-11T14:00:00Z,46091.5
2025-09-11T15:00:00Z,45052.3
2025-09-11T16:00:00Z,44197.8
2025-09-11T17:00:00Z,42543.3
2025-09-11T18:00:00Z,40506.7
2025-09-11T19:00:00Z,39667.7
2025-09-11T20:00:00Z,37238.7
2025-09-11T21:00:00Z,36200.2
2025-09-11T22:00:00Z,35396.0
2025-09-11T23:00:00Z,33738.4
2025-09-12T00:00:00Z,34378.3
2025-09-12T01:00:00Z,35216.9
2025-09-12T02:00:00Z,35818.6
2025-09-12T03:00:00Z,35789.3
2025-09-12T04:00:00Z,37265.1
2025-09-12T05:00:00Z,38642.9
2025-09-12T06:00:00Z,40682.4
2025-09-12T07:00:00Z,42382.4
2025-09-12T08:00:00Z,43109.3
2025-09-12T09:00:00Z,45369.8
2025-09-12T10:00:00Z,46235.2
2025-09-12T11:00:00Z,46784.4
2025-09-12T12:00:00Z,46692.9
2025-09-12T13:00:00Z,46728.3
2025-09-12T14:00:00Z,45297.2
2025-09-12T15:00:00Z,45325.9
2025-09-12T16:00:00Z,44025.1
2025-09-12T17:00:00Z,42361.5
2025-09-12T18:00:00Z,40204.2
2025-09-12T19:00:00Z,39834.5
2025-09-12T20:00:00Z,38258.9
2025-09-12T21:00:00Z,35446.8
2025-09-12T22:00:00Z,35615.0
2025-09-12T23:00:00Z,34860.1
2025-09-13T00:00:00Z,31614.8
2025-09-13T01:00:00Z,33389.6
2025-09-13T02:00:00Z,34079.5
2025-09-13T03:00:00Z,35105.4
2025-09-13T04:00:00Z,36112.8
2025-09-13T05:00:00Z,37204.3
2025-09-13T06:00:00Z,38888.0
2025-09-13T07:00:00Z,41019.3
2025-09-13T08:00:00Z,42856.2
2025-09-13T09:00:00Z,43306.6
2025-09-13T10:00:00Z,44403.7
2025-09-13T11:00:00Z,45520.0
2025-09-13T12:00:00Z,44290.6
2025-09-13T13:00:00Z,45393.7
2025-09-13T14:00:00Z,44428.3
2025-09-13T15:00:00Z,42445.5
2025-09-13T16:00:00Z,42654.1
2025-09-13T17:00:00Z,40299.0
2025-09-13T18:00:00Z,39549.1
2025-09-13T19:00:00Z,38232.0
2025-09-13T20:00:00Z,35403.7
2025-09-13T21:00:00Z,34136.8
2025-09-13T22:00:00Z,33746.6
2025-09-13T23:00:00Z,32245.4
2025-09-14T00:00:00Z,33360.7
2025-09-14T01:00:00Z,33299.0
2025-09-14T02:00:00Z,34323.6
2025-09-14T03:00:00Z,33892.2
2025-09-14T04:00:00Z,36211.2
2025-09-14T05:00:00Z,37846.9
2025-09-14T06:00:00Z,38316.9
2025-09-14T07:00:00Z,41290.4
2025-09-14T08:00:00Z,41645.8
2025-09-14T09:00:00Z,43725.3
2025-09-14T10:00:00Z,43958.8
2025-09-14T11:00:00Z,45645.8
2025-09-14T12:00:00Z,46322.6
2025-09-14T13:00:00Z,45279.8
2025-09-14T14:00:00Z,44643.4
2025-09-14T15:00:00Z,44295.8
2025-09-14T16:00:00Z,42122.2
2025-09-14T17:00:00Z,40871.9
2025-09-14T18:00:00Z,39649.4
2025-09-14T19:00:00Z,37837.4
2025-09-14T20:00:00Z,36918.4
2025-09-14T21:00:00Z,35439.7
2025-09-14T22:00:00Z,34819.2
2025-09-14T23:00:00Z,33217.1
2025-09-15T00:00:00Z,35386.7
2025-09-15T01:00:00Z,34620.6
2025-09-15T02:00:00Z,36118.3
2025-09-15T03:00:00Z,37541.5
2025-09-15T04:00:00Z,39136.2
2025-09-15T05:00:00Z,38816.7
2025-09-15T06:00:00Z,40978.2
2025-09-15T07:00:00Z,43040.7
2025-09-15T08:00:00Z,43738.6
2025-09-15T09:00:00Z,45753.3
2025-09-15T10:00:00Z,46740.0
2025-09-15T11:00:00Z,46843.2
2025-09-15T12:00:00Z,47030.2
2025-09-15T13:00:00Z,46622.6
2025-09-15T14:00:00Z,46622.9
2025-09-15T15:00:00Z,46120.6
2025-09-15T16:00:00Z,44334.9
2025-09-15T17:00:00Z,44091.9
2025-09-15T18:00:00Z,40320.4
2025-09-15T19:00:00Z,39164.9
2025-09-15T20:00:00Z,38297.7
2025-09-15T21:00:00Z,36085.8
2025-09-15T22:00:00Z,35852.1
2025-09-15T23:00:00Z,35466.6
2025-09-16T00:00:00Z,35001.4
2025-09-16T01:00:00Z,35008.8
2025-09-16T02:00:00Z,36223.4
2025-09-16T03:00:00Z,36948.1
2025-09-16T04:00:00Z,38394.8
2025-09-16T05:00:00Z,39807.3
2025-09-16T06:00:00Z,40801.0
2025-09-16T07:00:00Z,42195.6
2025-09-16T08:00:00Z,44065.1
2025-09-16T09:00:00Z,45639.2
2025-09-16T10:00:00Z,46441.9
2025-09-16T11:00:00Z,47642.4
2025-09-16T12:00:00Z,47502.8
2025-09-16T13:00:00Z,47653.8
2025-09-16T14:00:00Z,46597.1
2025-09-16T15:00:00Z,45180.3
2025-09-16T16:00:00Z,44684.9
2025-09-16T17:00:00Z,43005.7
2025-09-16T18:00:00Z,40709.8
2025-09-16T19:00:00Z,39316.1
2025-09-16T20:00:00Z,39443.9
2025-09-16T21:00:00Z,35005.5
2025-09-16T22:00:00Z,36313.8
2025-09-16T23:00:00Z,35144.1
2025-09-17T00:00:00Z,34934.0
2025-09-17T01:00:00Z,35028.2
2025-09-17T02:00:00Z,35540.3
2025-09-17T03:00:00Z,37998.6
2025-09-17T04:00:00Z,37853.7
2025-09-17T05:00:00Z,39426.3
2025-09-17T06:00:00Z,41603.2
2025-09-17T07:00:00Z,43001.3
2025-09-17T08:00:00Z,44215.7
2025-09-17T09:00:00Z,45450.8
2025-09-17T10:00:00Z,45905.0
2025-09-17T11:00:00Z,47761.7
2025-09-17T12:00:00Z,46877.9
2025-09-17T13:00:00Z,45963.9
2025-09-17T14:00:00Z,47119.5
2025-09-17T15:00:00Z,45975.8
2025-09-17T16:00:00Z,44474.4
2025-09-17T17:00:00Z,42528.8
2025-09-17T18:00:00Z,41792.7
2025-09-17T19:00:00Z,39012.7
2025-09-17T20:00:00Z,36940.3
2025-09-17T21:00:00Z,36855.9
2025-09-17T22:00:00Z,36195.7
2025-09-17T23:00:00Z,35477.8
2025-09-18T00:00:00Z,36079.8
2025-09-18T01:00:00Z,35652.2
2025-09-18T02:00:00Z,35729.1
2025-09-18T03:00:00Z,36737.0
2025-09-18T04:00:00Z,38585.1
2025-09-18T05:00:00Z,39597.3
2025-09-18T06:00:00Z,41172.6
2025-09-18T07:00:00Z,41946.1
2025-09-18T08:00:00Z,44197.0
2025-09-18T09:00:00Z,44979.1
2025-09-18T10:00:00Z,46758.0
2025-09-18T11:00:00Z,47328.6
2025-09-18T12:00:00Z,47838.7
2025-09-18T13:00:00Z,48181.3
2025-09-18T14:00:00Z,46543.8
2025-09-18T15:00:00Z,46390.5
2025-09-18T16:00:00Z,43771.8
2025-09-18T17:00:00Z,42933.2
2025-09-18T18:00:00Z,41731.8
2025-09-18T19:00:00Z,40636.0
2025-09-18T20:00:00Z,37553.9
2025-09-18T21:00:00Z,36699.9
2025-09-18T22:00:00Z,35915.1
2025-09-18T23:00:00Z,35167.3
2025-09-19T00:00:00Z,34577.8
2025-09-19T01:00:00Z,34438.6
2025-09-19T02:00:00Z,35271.8
2025-09-19T03:00:00Z,36854.1
2025-09-19T04:00:00Z,37492.3
2025-09-19T05:00:00Z,40607.7
2025-09-19T06:00:00Z,41938.2
2025-09-19T07:00:00Z,41928.9
2025-09-19T08:00:00Z,44162.7
2025-09-19T09:00:00Z,46394.6
2025-09-19T10:00:00Z,47449.3
2025-09-19T11:00:00Z,47899.7
2025-09-19T12:00:00Z,46792.6
2025-09-19T13:00:00Z,47131.0
2025-09-19T14:00:00Z,47360.8
2025-09-19T15:00:00Z,45761.5
2025-09-19T16:00:00Z,44181.0
2025-09-19T17:00:00Z,43175.5
2025-09-19T18:00:00Z,41811.6
2025-09-19T19:00:00Z,39760.3
2025-09-19T20:00:00Z,38312.5
2025-09-19T21:00:00Z,37451.1
2025-09-19T22:00:00Z,35612.3
2025-09-19T23:00:00Z,34808.0
2025-09-20T00:00:00Z,33796.9
2025-09-20T01:00:00Z,32991.2
2025-09-20T02:00:00Z,34492.4
2025-09-20T03:00:00Z,34846.6
2025-09-20T04:00:00Z,36950.9
2025-09-20T05:00:00Z,37401.6
2025-09-20T06:00:00Z,40219.8
2025-09-20T07:00:00Z,41391.5
2025-09-20T08:00:00Z,42589.0
2025-09-20T09:00:00Z,43590.3
2025-09-20T10:00:00Z,44946.9
2025-09-20T11:00:00Z,45170.1
2025-09-20T12:00:00Z,45239.9
2025-09-20T13:00:00Z,46206.7
2025-09-20T14:00:00Z,45335.7
2025-09-20T15:00:00Z,44674.9
2025-09-20T16:00:00Z,42043.3
2025-09-20T17:00:00Z,40231.3
2025-09-20T18:00:00Z,38806.4
2025-09-20T19:00:00Z,38353.2
2025-09-20T20:00:00Z,36930.7
2025-09-20T21:00:00Z,34259.1
2025-09-20T22:00:00Z,34761.6
2025-09-20T23:00:00Z,33381.1
2025-09-21T00:00:00Z,32834.1
2025-09-21T01:00:00Z,33626.2
2025-09-21T02:00:00Z,34584.6
2025-09-21T03:00:00Z,35168.0
2025-09-21T04:00:00Z,36478.5
2025-09-21T05:00:00Z,37635.1
2025-09-21T06:00:00Z,38947.2
2025-09-21T07:00:00Z,41102.1
2025-09-21T08:00:00Z,41955.8
2025-09-21T09:00:00Z,44402.5
2025-09-21T10:00:00Z,44637.2
2025-09-21T11:00:00Z,46384.0
2025-09-21T12:00:00Z,45089.9
2025-09-21T13:00:00Z,46433.1
2025-09-21T14:00:00Z,44621.0
2025-09-21T15:00:00Z,43626.1
2025-09-21T16:00:00Z,42951.4
2025-09-21T17:00:00Z,41763.8
2025-09-21T18:00:00Z,39661.4
2025-09-21T19:00:00Z,37883.7
2025-09-21T20:00:00Z,37603.9
2025-09-21T21:00:00Z,35540.4
2025-09-21T22:00:00Z,33660.6
2025-09-21T23:00:00Z,33526.2
2025-09-22T00:00:00Z,36120.2
2025-09-22T01:00:00Z,35624.0
2025-09-22T02:00:00Z,36504.4
2025-09-22T03:00:00Z,38122.8
2025-09-22T04:00:00Z,38046.9
2025-09-22T05:00:00Z,40053.8
2025-09-22T06:00:00Z,41125.0
2025-09-22T07:00:00Z,43081.8
2025-09-22T08:00:00Z,44867.4
2025-09-22T09:00:00Z,45184.7
2025-09-22T10:00:00Z,46944.6
2025-09-22T11:00:00Z,47565.3
2025-09-22T12:00:00Z,48252.0
2025-09-22T13:00:00Z,47182.6
2025-09-22T14:00:00Z,46206.2
2025-09-22T15:00:00Z,46083.5
2025-09-22T16:00:00Z,44002.3
2025-09-22T17:00:00Z,43179.1
2025-09-22T18:00:00Z,41766.5
2025-09-22T19:00:00Z,39401.4
2025-09-22T20:00:00Z,38291.1
2025-09-22T21:00:00Z,36523.7
2025-09-22T22:00:00Z,34595.2
2025-09-22T23:00:00Z,34691.8
2025-09-23T00:00:00Z,34205.5
2025-09-23T01:00:00Z,35512.9
2025-09-23T02:00:00Z,35569.6
2025-09-23T03:00:00Z,37041.3
2025-09-23T04:00:00Z,38380.9
2025-09-23T05:00:00Z,40462.5
2025-09-23T06:00:00Z,41341.0
2025-09-23T07:00:00Z,42925.3
2025-09-23T08:00:00Z,44900.4
2025-09-23T09:00:00Z,46768.9
2025-09-23T10:00:00Z,46878.5
2025-09-23T11:00:00Z,47718.9
2025-09-23T12:00:00Z,47653.5
2025-09-23T13:00:00Z,47176.5
2025-09-23T14:00:00Z,46115.6
2025-09-23T15:00:00Z,45886.8
2025-09-23T16:00:00Z,44498.3
2025-09-23T17:00:00Z,43005.7
2025-09-23T18:00:00Z,42555.1
2025-09-23T19:00:00Z,39734.5
2025-09-23T20:00:00Z,38578.9
2025-09-23T21:00:00Z,36934.8
2025-09-23T22:00:00Z,36740.7
2025-09-23T23:00:00Z,35353.0
2025-09-24T00:00:00Z,36314.6
2025-09-24T01:00:00Z,35421.8
2025-09-24T02:00:00Z,36585.6
2025-09-24T03:00:00Z,37702.2
2025-09-24T04:00:00Z,38339.3
2025-09-24T05:00:00Z,40410.9
2025-09-24T06:00:00Z,41612.1
2025-09-24T07:00:00Z,42796.8
2025-09-24T08:00:00Z,44345.3
2025-09-24T09:00:00Z,46159.0
2025-09-24T10:00:00Z,47905.7
2025-09-24T11:00:00Z,47343.1
2025-09-24T12:00:00Z,48094.7
2025-09-24T13:00:00Z,47178.9
2025-09-24T14:00:00Z,47109.7
2025-09-24T15:00:00Z,45306.7
2025-09-24T16:00:00Z,44284.8
2025-09-24T17:00:00Z,43188.5
2025-09-24T18:00:00Z,41189.5
2025-09-24T19:00:00Z,39825.5
2025-09-24T20:00:00Z,38988.8
2025-09-24T21:00:00Z,37107.7
2025-09-24T22:00:00Z,35808.9
2025-09-24T23:00:00Z,34917.6
2025-09-25T00:00:00Z,35123.0
2025-09-25T01:00:00Z,36211.8
2025-09-25T02:00:00Z,36193.1
2025-09-25T03:00:00Z,37149.7
2025-09-25T04:00:00Z,38892.0
2025-09-25T05:00:00Z,40455.3
2025-09-25T06:00:00Z,42154.9
2025-09-25T07:00:00Z,43058.7
2025-09-25T08:00:00Z,44271.7
2025-09-25T09:00:00Z,45170.6
2025-09-25T10:00:00Z,46672.4
2025-09-25T11:00:00Z,47458.1
2025-09-25T12:00:00Z,48243.2
2025-09-25T13:00:00Z,47817.7
2025-09-25T14:00:00Z,46734.1
2025-09-25T15:00:00Z,46498.2
2025-09-25T16:00:00Z,44093.4
2025-09-25T17:00:00Z,42697.5
2025-09-25T18:00:00Z,41019.5
2025-09-25T19:00:00Z,39450.4
2025-09-25T20:00:00Z,38382.8
2025-09-25T21:00:00Z,36784.2
2025-09-25T22:00:00Z,35838.1
2025-09-25T23:00:00Z,36306.7
2025-09-26T00:00:00Z,34686.6
2025-09-26T01:00:00Z,35124.0
2025-09-26T02:00:00Z,36159.1
2025-09-26T03:00:00Z,37504.0
2025-09-26T04:00:00Z,38816.9
2025-09-26T05:00:00Z,39929.1
2025-09-26T06:00:00Z,41489.0
2025-09-26T07:00:00Z,43154.2
2025-09-26T08:00:00Z,45182.2
2025-09-26T09:00:00Z,45607.4
2025-09-26T10:00:00Z,45854.7
2025-09-26T11:00:00Z,47795.4
2025-09-26T12:00:00Z,47303.8
2025-09-26T13:00:00Z,47668.4
2025-09-26T14:00:00Z,47798.6
2025-09-26T15:00:00Z,46137.3
2025-09-26T16:00:00Z,45749.9
2025-09-26T17:00:00Z,42466.2
2025-09-26T18:00:00Z,41804.0
2025-09-26T19:00:00Z,40269.8
2025-09-26T20:00:00Z,38995.5
2025-09-26T21:00:00Z,36894.9
2025-09-26T22:00:00Z,36367.1
2025-09-26T23:00:00Z,35724.7
2025-09-27T00:00:00Z,33813.0
2025-09-27T01:00:00Z,33265.6
2025-09-27T02:00:00Z,33705.4
2025-09-27T03:00:00Z,35873.5
2025-09-27T04:00:00Z,37063.9
2025-09-27T05:00:00Z,38406.5
2025-09-27T06:00:00Z,40331.6
2025-09-27T07:00:00Z,42175.2
2025-09-27T08:00:00Z,42513.5
2025-09-27T09:00:00Z,44814.8
2025-09-27T10:00:00Z,46174.2
2025-09-27T11:00:00Z,46554.5
2025-09-27T12:00:00Z,46543.9
2025-09-27T13:00:00Z,46392.0
2025-09-27T14:00:00Z,44655.0
2025-09-27T15:00:00Z,44157.7
2025-09-27T16:00:00Z,43657.9
2025-09-27T17:00:00Z,42393.3
2025-09-27T18:00:00Z,40251.2
2025-09-27T19:00:00Z,38163.6
2025-09-27T20:00:00Z,36826.4
2025-09-27T21:00:00Z,36051.7
2025-09-27T22:00:00Z,35668.4
2025-09-27T23:00:00Z,34408.8
2025-09-28T00:00:00Z,33562.1
2025-09-28T01:00:00Z,34370.9
2025-09-28T02:00:00Z,34895.6
2025-09-28T03:00:00Z,36907.6
2025-09-28T04:00:00Z,37262.2
2025-09-28T05:00:00Z,38474.9
2025-09-28T06:00:00Z,40030.2
2025-09-28T07:00:00Z,41044.2
2025-09-28T08:00:00Z,42638.8
2025-09-28T09:00:00Z,44229.0
2025-09-28T10:00:00Z,45046.4
2025-09-28T11:00:00Z,46189.7
2025-09-28T12:00:00Z,46354.8
2025-09-28T13:00:00Z,46579.7
2025-09-28T14:00:00Z,46256.1
2025-09-28T15:00:00Z,44558.9
2025-09-28T16:00:00Z,43086.6
2025-09-28T17:00:00Z,40720.1
2025-09-28T18:00:00Z,40270.0
2025-09-28T19:00:00Z,38802.9
2025-09-28T20:00:00Z,36556.7
2025-09-28T21:00:00Z,35462.6
2025-09-28T22:00:00Z,34312.4
2025-09-28T23:00:00Z,34603.1
2025-09-29T00:00:00Z,35937.6
2025-09-29T01:00:00Z,36459.6
2025-09-29T02:00:00Z,35823.8
2025-09-29T03:00:00Z,38821.8
2025-09-29T04:00:00Z,38286.4
2025-09-29T05:00:00Z,39701.1
2025-09-29T06:00:00Z,41943.8
2025-09-29T07:00:00Z,43169.6
2025-09-29T08:00:00Z,45903.9
2025-09-29T09:00:00Z,46035.9
2025-09-29T10:00:00Z,46883.9
2025-09-29T11:00:00Z,48368.8
2025-09-29T12:00:00Z,48708.5
2025-09-29T13:00:00Z,47425.4
2025-09-29T14:00:00Z,46989.6
2025-09-29T15:00:00Z,46060.0
2025-09-29T16:00:00Z,44872.1
2025-09-29T17:00:00Z,44341.0
2025-09-29T18:00:00Z,42492.3
2025-09-29T19:00:00Z,40779.6
2025-09-29T20:00:00Z,39384.2
2025-09-29T21:00:00Z,37440.2
2025-09-29T22:00:00Z,36893.6
2025-09-29T23:00:00Z,35779.3
2025-09-30T00:00:00Z,35255.2
2025-09-30T01:00:00Z,36722.8
2025-09-30T02:00:00Z,35566.9
2025-09-30T03:00:00Z,37471.0
2025-09-30T04:00:00Z,38459.7
2025-09-30T05:00:00Z,39397.5
2025-09-30T06:00:00Z,41675.3
2025-09-30T07:00:00Z,43520.9
2025-09-30T08:00:00Z,45227.0
2025-09-30T09:00:00Z,45848.9
2025-09-30T10:00:00Z,47658.7
2025-09-30T11:00:00Z,48049.0
2025-09-30T12:00:00Z,48522.3
2025-09-30T13:00:00Z,46887.9
2025-09-30T14:00:00Z,47029.9
2025-09-30T15:00:00Z,45953.8
2025-09-30T16:00:00Z,45281.4
2025-09-30T17:00:00Z,43094.9
2025-09-30T18:00:00Z,41599.7
2025-09-30T19:00:00Z,39658.3
2025-09-30T20:00:00Z,38127.9
2025-09-30T21:00:00Z,36971.5
2025-09-30T22:00:00Z,36966.6
2025-09-30T23:00:00Z,35290.8
2025-10-01T00:00:00Z,34404.3
2025-10-01T01:00:00Z,36031.0
2025-10-01T02:00:00Z,36266.6
2025-10-01T03:00:00Z,37778.5
2025-10-01T04:00:00Z,39059.4
2025-10-01T05:00:00Z,40121.6
2025-10-01T06:00:00Z,41678.3
2025-10-01T07:00:00Z,43222.1
2025-10-01T08:00:00Z,45007.3
2025-10-01T09:00:00Z,45898.5
2025-10-01T10:00:00Z,47393.8
2025-10-01T11:00:00Z,48632.6
2025-10-01T12:00:00Z,47781.3
2025-10-01T13:00:00Z,47589.1
2025-10-01T14:00:00Z,46962.2
2025-10-01T15:00:00Z,46620.2
2025-10-01T16:00:00Z,45352.5
2025-10-01T17:00:00Z,44253.6
2025-10-01T18:00:00Z,42267.0
2025-10-01T19:00:00Z,40351.0
2025-10-01T20:00:00Z,39018.6
2025-10-01T21:00:00Z,36814.0
2025-10-01T22:00:00Z,36794.7
2025-10-01T23:00:00Z,35970.4
2025-10-02T00:00:00Z,36783.3
2025-10-02T01:00:00Z,36632.3
2025-10-02T02:00:00Z,36113.8
2025-10-02T03:00:00Z,37238.3
2025-10-02T04:00:00Z,39278.7
2025-10-02T05:00:00Z,39253.8
2025-10-02T06:00:00Z,41462.9
2025-10-02T07:00:00Z,43744.0
2025-10-02T08:00:00Z,45389.3
2025-10-02T09:00:00Z,46442.1
2025-10-02T10:00:00Z,47940.4
2025-10-02T11:00:00Z,47818.8
2025-10-02T12:00:00Z,48221.6
2025-10-02T13:00:00Z,47859.5
2025-10-02T14:00:00Z,46770.3
2025-10-02T15:00:00Z,46370.6
2025-10-02T16:00:00Z,44770.5
2025-10-02T17:00:00Z,43595.2
2025-10-02T18:00:00Z,40584.9
2025-10-02T19:00:00Z,40384.5
2025-10-02T20:00:00Z,38543.7
2025-10-02T21:00:00Z,37215.6
2025-10-02T22:00:00Z,36567.7
2025-10-02T23:00:00Z,35677.2
2025-10-03T00:00:00Z,36225.2
2025-10-03T01:00:00Z,36603.8
2025-10-03T02:00:00Z,37037.5
2025-10-03T03:00:00Z,38070.2
2025-10-03T04:00:00Z,39049.4
2025-10-03T05:00:00Z,40380.4
2025-10-03T06:00:00Z,41312.4
2025-10-03T07:00:00Z,43398.7
2025-10-03T08:00:00Z,45720.6
2025-10-03T09:00:00Z,46780.5
2025-10-03T10:00:00Z,47120.3
2025-10-03T11:00:00Z,48053.0
2025-10-03T12:00:00Z,48757.3
2025-10-03T13:00:00Z,47913.5
2025-10-03T14:00:00Z,48215.1
2025-10-03T15:00:00Z,45991.8
2025-10-03T16:00:00Z,45503.0
2025-10-03T17:00:00Z,43951.2
2025-10-03T18:00:00Z,42067.8
2025-10-03T19:00:00Z,40521.8
2025-10-03T20:00:00Z,39141.9
2025-10-03T21:00:00Z,36396.0
2025-10-03T22:00:00Z,36825.7
2025-10-03T23:00:00Z,36552.6
2025-10-04T00:00:00Z,34256.2
2025-10-04T01:00:00Z,34851.8
2025-10-04T02:00:00Z,34272.0
2025-10-04T03:00:00Z,35839.7
2025-10-04T04:00:00Z,37336.9
2025-10-04T05:00:00Z,38532.6
2025-10-04T06:00:00Z,40897.3
2025-10-04T07:00:00Z,42146.3
2025-10-04T08:00:00Z,43132.4
2025-10-04T09:00:00Z,45110.6
2025-10-04T10:00:00Z,46102.2
2025-10-04T11:00:00Z,46074.8
2025-10-04T12:00:00Z,46838.0
2025-10-04T13:00:00Z,46496.7
2025-10-04T14:00:00Z,45861.9
2025-10-04T15:00:00Z,44039.1
2025-10-04T16:00:00Z,44057.9
2025-10-04T17:00:00Z,42229.6
2025-10-04T18:00:00Z,40267.6
2025-10-04T19:00:00Z,38848.6
2025-10-04T20:00:00Z,37338.7
2025-10-04T21:00:00Z,35716.5
2025-10-04T22:00:00Z,34581.1
2025-10-04T23:00:00Z,34311.9
2025-10-05T00:00:00Z,33770.8
2025-10-05T01:00:00Z,34040.3
2025-10-05T02:00:00Z,34310.7
2025-10-05T03:00:00Z,35760.9
2025-10-05T04:00:00Z,37716.3
2025-10-05T05:00:00Z,38808.4
2025-10-05T06:00:00Z,40335.0
2025-10-05T07:00:00Z,41759.3
2025-10-05T08:00:00Z,43205.4
2025-10-05T09:00:00Z,43940.6
2025-10-05T10:00:00Z,46564.9
2025-10-05T11:00:00Z,45952.5
2025-10-05T12:00:00Z,45763.8
2025-10-05T13:00:00Z,46536.7
2025-10-05T14:00:00Z,45838.0
2025-10-05T15:00:00Z,44447.0
2025-10-05T16:00:00Z,42660.5
2025-10-05T17:00:00Z,41206.3
2025-10-05T18:00:00Z,41122.8
2025-10-05T19:00:00Z,38635.3
2025-10-05T20:00:00Z,36854.0
2025-10-05T21:00:00Z,36867.6
2025-10-05T22:00:00Z,34629.5
2025-10-05T23:00:00Z,33809.8
2025-10-06T00:00:00Z,36119.4
2025-10-06T01:00:00Z,36239.7
2025-10-06T02:00:00Z,37483.2
2025-10-06T03:00:00Z,36853.7
2025-10-06T04:00:00Z,39102.4
2025-10-06T05:00:00Z,39575.4
2025-10-06T06:00:00Z,42307.8
2025-10-06T07:00:00Z,43341.6
2025-10-06T08:00:00Z,44944.5
2025-10-06T09:00:00Z,46092.8
2025-10-06T10:00:00Z,47900.9
2025-10-06T11:00:00Z,48930.7
2025-10-06T12:00:00Z,48255.5
2025-10-06T13:00:00Z,47954.2
2025-10-06T14:00:00Z,47203.8
2025-10-06T15:00:00Z,46746.2
2025-10-06T16:00:00Z,44648.5
2025-10-06T17:00:00Z,45521.5
2025-10-06T18:00:00Z,41947.0
2025-10-06T19:00:00Z,41344.5
2025-10-06T20:00:00Z,39029.0
2025-10-06T21:00:00Z,36948.2
2025-10-06T22:00:00Z,35858.7
2025-10-06T23:00:00Z,35828.3
2025-10-07T00:00:00Z,35488.1
2025-10-07T01:00:00Z,35944.4
2025-10-07T02:00:00Z,36096.5
2025-10-07T03:00:00Z,38904.8
2025-10-07T04:00:00Z,40081.4
2025-10-07T05:00:00Z,39537.1
2025-10-07T06:00:00Z,42340.3
2025-10-07T07:00:00Z,44325.5
2025-10-07T08:00:00Z,45030.2
2025-10-07T09:00:00Z,46377.1
2025-10-07T10:00:00Z,48052.3
2025-10-07T11:00:00Z,48388.1
2025-10-07T12:00:00Z,47687.2
2025-10-07T13:00:00Z,48743.7
2025-10-07T14:00:00Z,47229.0
2025-10-07T15:00:00Z,47459.6
2025-10-07T16:00:00Z,44701.9
2025-10-07T17:00:00Z,42504.0
2025-10-07T18:00:00Z,42136.4
2025-10-07T19:00:00Z,41103.3
2025-10-07T20:00:00Z,39236.3
2025-10-07T21:00:00Z,37757.8
2025-10-07T22:00:00Z,36204.7
2025-10-07T23:00:00Z,36540.4
2025-10-08T00:00:00Z,34906.6
2025-10-08T01:00:00Z,36498.0
2025-10-08T02:00:00Z,36074.9
2025-10-08T03:00:00Z,37381.9
2025-10-08T04:00:00Z,38295.9
2025-10-08T05:00:00Z,40008.6
2025-10-08T06:00:00Z,42874.6
2025-10-08T07:00:00Z,43094.2
2025-10-08T08:00:00Z,45310.9
2025-10-08T09:00:00Z,46082.1
2025-10-08T10:00:00Z,48027.8
2025-10-08T11:00:00Z,47401.2
2025-10-08T12:00:00Z,48325.6
2025-10-08T13:00:00Z,48584.2
2025-10-08T14:00:00Z,48672.2
2025-10-08T15:00:00Z,45876.6
2025-10-08T16:00:00Z,44746.0
2025-10-08T17:00:00Z,43674.8
2025-10-08T18:00:00Z,42864.0
2025-10-08T19:00:00Z,39938.8
2025-10-08T20:00:00Z,39401.6
2025-10-08T21:00:00Z,37351.2
2025-10-08T22:00:00Z,36145.0
2025-10-08T23:00:00Z,35230.9
2025-10-09T00:00:00Z,35944.3
2025-10-09T01:00:00Z,36602.0
2025-10-09T02:00:00Z,36654.2
2025-10-09T03:00:00Z,36584.2
2025-10-09T04:00:00Z,38693.5
2025-10-09T05:00:00Z,40999.0
2025-10-09T06:00:00Z,42561.5
2025-10-09T07:00:00Z,43860.5
2025-10-09T08:00:00Z,45994.9
2025-10-09T09:00:00Z,45841.5
2025-10-09T10:00:00Z,46850.0
2025-10-09T11:00:00Z,49376.5
2025-10-09T12:00:00Z,48686.4
2025-10-09T13:00:00Z,48014.3
2025-10-09T14:00:00Z,47241.4
2025-10-09T15:00:00Z,45151.0
2025-10-09T16:00:00Z,45658.6
2025-10-09T17:00:00Z,42624.2
2025-10-09T18:00:00Z,41063.8
2025-10-09T19:00:00Z,40461.3
2025-10-09T20:00:00Z,39779.0
2025-10-09T21:00:00Z,37485.1
2025-10-09T22:00:00Z,36900.8
2025-10-09T23:00:00Z,35851.5
2025-10-10T00:00:00Z,36097.6
2025-10-10T01:00:00Z,35221.4
2025-10-10T02:00:00Z,37833.9
2025-10-10T03:00:00Z,37204.5
2025-10-10T04:00:00Z,39300.3
2025-10-10T05:00:00Z,39426.9
2025-10-10T06:00:00Z,43058.8
2025-10-10T07:00:00Z,43963.7
2025-10-10T08:00:00Z,46296.6
2025-10-10T09:00:00Z,46181.0
2025-10-10T10:00:00Z,48068.2
2025-10-10T11:00:00Z,48049.6
2025-10-10T12:00:00Z,48332.1
2025-10-10T13:00:00Z,48831.2
2025-10-10T14:00:00Z,47043.9
2025-10-10T15:00:00Z,46923.3
2025-10-10T16:00:00Z,46271.8
2025-10-10T17:00:00Z,44666.6
2025-10-10T18:00:00Z,42691.5
2025-10-10T19:00:00Z,40691.7
2025-10-10T20:00:00Z,38502.8
2025-10-10T21:00:00Z,38485.3
2025-10-10T22:00:00Z,36375.9
2025-10-10T23:00:00Z,36751.2
2025-10-11T00:00:00Z,34013.9
2025-10-11T01:00:00Z,34408.2
2025-10-11T02:00:00Z,35023.9
2025-10-11T03:00:00Z,36337.3
2025-10-11T04:00:00Z,37074.6
2025-10-11T05:00:00Z,38905.3
2025-10-11T06:00:00Z,40147.6
2025-10-11T07:00:00Z,42316.6
2025-10-11T08:00:00Z,43689.8
2025-10-11T09:00:00Z,45057.1
2025-10-11T10:00:00Z,45373.4
2025-10-11T11:00:00Z,46615.3
2025-10-11T12:00:00Z,46678.2
2025-10-11T13:00:00Z,46752.0
2025-10-11T14:00:00Z,45847.8
2025-10-11T15:00:00Z,44316.3
2025-10-11T16:00:00Z,43923.2
2025-10-11T17:00:00Z,41680.4
2025-10-11T18:00:00Z,40573.0
2025-10-11T19:00:00Z,37714.1
2025-10-11T20:00:00Z,37572.0
2025-10-11T21:00:00Z,36365.2
2025-10-11T22:00:00Z,34538.7
2025-10-11T23:00:00Z,34710.6
2025-10-12T00:00:00Z,34008.0
2025-10-12T01:00:00Z,35146.8
2025-10-12T02:00:00Z,35390.3
2025-10-12T03:00:00Z,35370.8
2025-10-12T04:00:00Z,37212.8
2025-10-12T05:00:00Z,37890.6
2025-10-12T06:00:00Z,40266.7
2025-10-12T07:00:00Z,42336.8
2025-10-12T08:00:00Z,43990.3
2025-10-12T09:00:00Z,44786.3
2025-10-12T10:00:00Z,45707.4
2025-10-12T11:00:00Z,46541.8
2025-10-12T12:00:00Z,46350.9
2025-10-12T13:00:00Z,46629.9
2025-10-12T14:00:00Z,46426.7
2025-10-12T15:00:00Z,44948.6
2025-10-12T16:00:00Z,44010.8
2025-10-12T17:00:00Z,41642.9
2025-10-12T18:00:00Z,40183.3
2025-10-12T19:00:00Z,39009.4
2025-10-12T20:00:00Z,38396.1
2025-10-12T21:00:00Z,36573.8
2025-10-12T22:00:00Z,35951.9
2025-10-12T23:00:00Z,34456.0
2025-10-13T00:00:00Z,36616.9
2025-10-13T01:00:00Z,35287.9
2025-10-13T02:00:00Z,37074.8
2025-10-13T03:00:00Z,36690.5
2025-10-13T04:00:00Z,39731.6
2025-10-13T05:00:00Z,40840.4
2025-10-13T06:00:00Z,42815.5
2025-10-13T07:00:00Z,44027.4
2025-10-13T08:00:00Z,45056.8
2025-10-13T09:00:00Z,46219.1
2025-10-13T10:00:00Z,47702.1
2025-10-13T11:00:00Z,49014.1
2025-10-13T12:00:00Z,48768.6
2025-10-13T13:00:00Z,47941.5
2025-10-13T14:00:00Z,47305.1
2025-10-13T15:00:00Z,46242.1
2025-10-13T16:00:00Z,45211.8
2025-10-13T17:00:00Z,43772.8
2025-10-13T18:00:00Z,41954.0
2025-10-13T19:00:00Z,40599.5
2025-10-13T20:00:00Z,38262.9
2025-10-13T21:00:00Z,38624.2
2025-10-13T22:00:00Z,36942.1
2025-10-13T23:00:00Z,36993.1
2025-10-14T00:00:00Z,36141.5
2025-10-14T01:00:00Z,36099.1
2025-10-14T02:00:00Z,36870.6
2025-10-14T03:00:00Z,37932.6
2025-10-14T04:00:00Z,38759.8
2025-10-14T05:00:00Z,40411.6
2025-10-14T06:00:00Z,43228.7
2025-10-14T07:00:00Z,44331.2
2025-10-14T08:00:00Z,45069.0
2025-10-14T09:00:00Z,46907.2
2025-10-14T10:00:00Z,47184.1
2025-10-14T11:00:00Z,48983.6
2025-10-14T12:00:00Z,47929.3
2025-10-14T13:00:00Z,48717.2
2025-10-14T14:00:00Z,47639.6
2025-10-14T15:00:00Z,46654.0
2025-10-14T16:00:00Z,44919.4
2025-10-14T17:00:00Z,43706.8
2025-10-14T18:00:00Z,41829.5
2025-10-14T19:00:00Z,40164.0
2025-10-14T20:00:00Z,39355.8
2025-10-14T21:00:00Z,39142.0
2025-10-14T22:00:00Z,36653.2
2025-10-14T23:00:00Z,36734.8
2025-10-15T00:00:00Z,35999.6
2025-10-15T01:00:00Z,35844.2
2025-10-15T02:00:00Z,37544.6
2025-10-15T03:00:00Z,38164.7
2025-10-15T04:00:00Z,39719.9
2025-10-15T05:00:00Z,40685.8
2025-10-15T06:00:00Z,42314.9
2025-10-15T07:00:00Z,43422.9
2025-10-15T08:00:00Z,45214.7
2025-10-15T09:00:00Z,47526.8
2025-10-15T10:00:00Z,46441.9
2025-10-15T11:00:00Z,48462.6
2025-10-15T12:00:00Z,49241.8
2025-10-15T13:00:00Z,48678.9
2025-10-15T14:00:00Z,48099.3
2025-10-15T15:00:00Z,46509.2
2025-10-15T16:00:00Z,45949.6
2025-10-15T17:00:00Z,44461.1
2025-10-15T18:00:00Z,42223.1
2025-10-15T19:00:00Z,41507.8
2025-10-15T20:00:00Z,38873.5
2025-10-15T21:00:00Z,36539.2
2025-10-15T22:00:00Z,36841.2
2025-10-15T23:00:00Z,36165.1
2025-10-16T00:00:00Z,35573.1
2025-10-16T01:00:00Z,35990.0
2025-10-16T02:00:00Z,36570.9
2025-10-16T03:00:00Z,36886.3
2025-10-16T04:00:00Z,39778.2
2025-10-16T05:00:00Z,40639.4
2025-10-16T06:00:00Z,43654.3
2025-10-16T07:00:00Z,43854.6
2025-10-16T08:00:00Z,45572.7
2025-10-16T09:00:00Z,45866.2
2025-10-16T10:00:00Z,48177.8
2025-10-16T11:00:00Z,47698.7
2025-10-16T12:00:00Z,48762.4
2025-10-16T13:00:00Z,48751.7
2025-10-16T14:00:00Z,48044.8
2025-10-16T15:00:00Z,46219.8
2025-10-16T16:00:00Z,44944.9
2025-10-16T17:00:00Z,44256.9
2025-10-16T18:00:00Z,42866.9
2025-10-16T19:00:00Z,41391.2
2025-10-16T20:00:00Z,39117.3
2025-10-16T21:00:00Z,37786.2
2025-10-16T22:00:00Z,37787.9
2025-10-16T23:00:00Z,35918.5
2025-10-17T00:00:00Z,36416.8
2025-10-17T01:00:00Z,36068.3
2025-10-17T02:00:00Z,36110.0
2025-10-17T03:00:00Z,37260.3
2025-10-17T04:00:00Z,39370.4
2025-10-17T05:00:00Z,40751.9
2025-10-17T06:00:00Z,42506.8
2025-10-17T07:00:00Z,43678.7
2025-10-17T08:00:00Z,45102.8
2025-10-17T09:00:00Z,46803.7
2025-10-17T10:00:00Z,47549.5
2025-10-17T11:00:00Z,47429.3
2025-10-17T12:00:00Z,48252.5
2025-10-17T13:00:00Z,49151.9
2025-10-17T14:00:00Z,47245.4
2025-10-17T15:00:00Z,46940.4
2025-10-17T16:00:00Z,45319.7
2025-10-17T17:00:00Z,44240.6
2025-10-17T18:00:00Z,41791.1
2025-10-17T19:00:00Z,39965.3
2025-10-17T20:00:00Z,39361.6
2025-10-17T21:00:00Z,37470.9
2025-10-17T22:00:00Z,36827.3
2025-10-17T23:00:00Z,36059.2
2025-10-18T00:00:00Z,34783.6
2025-10-18T01:00:00Z,34627.0
2025-10-18T02:00:00Z,35189.0
2025-10-18T03:00:00Z,35598.1
2025-10-18T04:00:00Z,36578.5
2025-10-18T05:00:00Z,38462.4
2025-10-18T06:00:00Z,40946.2
2025-10-18T07:00:00Z,42484.7
2025-10-18T08:00:00Z,43930.8
2025-10-18T09:00:00Z,44708.0
2025-10-18T10:00:00Z,45373.5
2025-10-18T11:00:00Z,47127.7
2025-10-18T12:00:00Z,46836.8
2025-10-18T13:00:00Z,46807.4
2025-10-18T14:00:00Z,45416.2
2025-10-18T15:00:00Z,44559.4
2025-10-18T16:00:00Z,43960.5
2025-10-18T17:00:00Z,42505.8
2025-10-18T18:00:00Z,39989.7
2025-10-18T19:00:00Z,39045.5
2025-10-18T20:00:00Z,36784.2
2025-10-18T21:00:00Z,36735.5
2025-10-18T22:00:00Z,35456.0
2025-10-18T23:00:00Z,35670.1
2025-10-19T00:00:00Z,35060.0
2025-10-19T01:00:00Z,34145.1
2025-10-19T02:00:00Z,35212.7
2025-10-19T03:00:00Z,35853.3
2025-10-19T04:00:00Z,37464.4
2025-10-19T05:00:00Z,39300.3
2025-10-19T06:00:00Z,40503.5
2025-10-19T07:00:00Z,42150.9
2025-10-19T08:00:00Z,42927.6
2025-10-19T09:00:00Z,45213.4
2025-10-19T10:00:00Z,45895.6
2025-10-19T11:00:00Z,46849.9
2025-10-19T12:00:00Z,47278.0
2025-10-19T13:00:00Z,46542.3
2025-10-19T14:00:00Z,46265.6
2025-10-19T15:00:00Z,44599.3
2025-10-19T16:00:00Z,44112.3
2025-10-19T17:00:00Z,42107.4
2025-10-19T18:00:00Z,40198.9
2025-10-19T19:00:00Z,38773.4
2025-10-19T20:00:00Z,36654.2
2025-10-19T21:00:00Z,35762.5
2025-10-19T22:00:00Z,34886.2
2025-10-19T23:00:00Z,34499.4
2025-10-20T00:00:00Z,35956.5
2025-10-20T01:00:00Z,35880.2
2025-10-20T02:00:00Z,36740.3
2025-10-20T03:00:00Z,36719.3
2025-10-20T04:00:00Z,39163.6
2025-10-20T05:00:00Z,40907.8
2025-10-20T06:00:00Z,42639.8
2025-10-20T07:00:00Z,44401.8
2025-10-20T08:00:00Z,45240.4
2025-10-20T09:00:00Z,46593.8
2025-10-20T10:00:00Z,47379.8
2025-10-20T11:00:00Z,47999.7
2025-10-20T12:00:00Z,48525.3
2025-10-20T13:00:00Z,48943.2
2025-10-20T14:00:00Z,46751.8
2025-10-20T15:00:00Z,46378.5
2025-10-20T16:00:00Z,45486.6
2025-10-20T17:00:00Z,43324.8
2025-10-20T18:00:00Z,42440.9
2025-10-20T19:00:00Z,39904.8
2025-10-20T20:00:00Z,38930.4
2025-10-20T21:00:00Z,36965.2
2025-10-20T22:00:00Z,36969.2
2025-10-20T23:00:00Z,35798.7
2025-10-21T00:00:00Z,36319.9
2025-10-21T01:00:00Z,36046.2
2025-10-21T02:00:00Z,36324.3
2025-10-21T03:00:00Z,37592.4
2025-10-21T04:00:00Z,39163.6
2025-10-21T05:00:00Z,40594.8
2025-10-21T06:00:00Z,42081.0
2025-10-21T07:00:00Z,43645.0
2025-10-21T08:00:00Z,45333.3
2025-10-21T09:00:00Z,47053.6
2025-10-21T10:00:00Z,47313.7
2025-10-21T11:00:00Z,48456.8
2025-10-21T12:00:00Z,47760.2
2025-10-21T13:00:00Z,48706.3
2025-10-21T14:00:00Z,47795.1
2025-10-21T15:00:00Z,46437.3
2025-10-21T16:00:00Z,45158.1
2025-10-21T17:00:00Z,42951.5
2025-10-21T18:00:00Z,42259.2
2025-10-21T19:00:00Z,40472.9
2025-10-21T20:00:00Z,38377.9
2025-10-21T21:00:00Z,37578.2
2025-10-21T22:00:00Z,37111.7
2025-10-21T23:00:00Z,36283.4
2025-10-22T00:00:00Z,36113.5
2025-10-22T01:00:00Z,35900.5
2025-10-22T02:00:00Z,37244.7
2025-10-22T03:00:00Z,37787.1
2025-10-22T04:00:00Z,39527.2
2025-10-22T05:00:00Z,41733.2
2025-10-22T06:00:00Z,41178.0
2025-10-22T07:00:00Z,43562.2
2025-10-22T08:00:00Z,45327.5
2025-10-22T09:00:00Z,46236.9
2025-10-22T10:00:00Z,48136.9
2025-10-22T11:00:00Z,48049.8
2025-10-22T12:00:00Z,49302.1
2025-10-22T13:00:00Z,48620.1
2025-10-22T14:00:00Z,47826.6
2025-10-22T15:00:00Z,46609.0
2025-10-22T16:00:00Z,45763.8
2025-10-22T17:00:00Z,44080.0
2025-10-22T18:00:00Z,42970.9
2025-10-22T19:00:00Z,40819.4
2025-10-22T20:00:00Z,39632.1
2025-10-22T21:00:00Z,38021.7
2025-10-22T22:00:00Z,36994.4
2025-10-22T23:00:00Z,35400.2
2025-10-23T00:00:00Z,35984.2
2025-10-23T01:00:00Z,36394.0
2025-10-23T02:00:00Z,36216.7
2025-10-23T03:00:00Z,37093.5
2025-10-23T04:00:00Z,38940.2
2025-10-23T05:00:00Z,40751.0
2025-10-23T06:00:00Z,41338.8
2025-10-23T07:00:00Z,43986.2
2025-10-23T08:00:00Z,45821.3
2025-10-23T09:00:00Z,46491.3
2025-10-23T10:00:00Z,47733.1
2025-10-23T11:00:00Z,48471.3
2025-10-23T12:00:00Z,48104.8
2025-10-23T13:00:00Z,48551.3
2025-10-23T14:00:00Z,47841.4
2025-10-23T15:00:00Z,45982.8
2025-10-23T16:00:00Z,45594.8
2025-10-23T17:00:00Z,44275.6
2025-10-23T18:00:00Z,41658.7
2025-10-23T19:00:00Z,41046.3
2025-10-23T20:00:00Z,38960.4
2025-10-23T21:00:00Z,37116.6
2025-10-23T22:00:00Z,36282.4
2025-10-23T23:00:00Z,35738.2
2025-10-24T00:00:00Z,36246.4
2025-10-24T01:00:00Z,35933.6
2025-10-24T02:00:00Z,36601.7
2025-10-24T03:00:00Z,37143.5
2025-10-24T04:00:00Z,39095.6
2025-10-24T05:00:00Z,39947.0
2025-10-24T06:00:00Z,41854.7
2025-10-24T07:00:00Z,44128.0
2025-10-24T08:00:00Z,45657.9
2025-10-24T09:00:00Z,46333.3
2025-10-24T10:00:00Z,47570.5
2025-10-24T11:00:00Z,48493.1
2025-10-24T12:00:00Z,48426.4
2025-10-24T13:00:00Z,48839.4
2025-10-24T14:00:00Z,48286.9
2025-10-24T15:00:00Z,46562.0
2025-10-24T16:00:00Z,44682.7
2025-10-24T17:00:00Z,43734.5
2025-10-24T18:00:00Z,42894.5
2025-10-24T19:00:00Z,41168.4
2025-10-24T20:00:00Z,39694.9
2025-10-24T21:00:00Z,38370.2
2025-10-24T22:00:00Z,36540.1
2025-10-24T23:00:00Z,36324.4
2025-10-25T00:00:00Z,34784.4
2025-10-25T01:00:00Z,34574.9
2025-10-25T02:00:00Z,35514.4
2025-10-25T03:00:00Z,35532.5
2025-10-25T04:00:00Z,36714.5
2025-10-25T05:00:00Z,39883.8
2025-10-25T06:00:00Z,40855.9
2025-10-25T07:00:00Z,42388.0
2025-10-25T08:00:00Z,44332.5
2025-10-25T09:00:00Z,46016.9
2025-10-25T10:00:00Z,47345.5
2025-10-25T11:00:00Z,45239.9
2025-10-25T12:00:00Z,46894.8
2025-10-25T13:00:00Z,47016.7
2025-10-25T14:00:00Z,44869.4
2025-10-25T15:00:00Z,43945.3
2025-10-25T16:00:00Z,43487.6
2025-10-25T17:00:00Z,43054.3
2025-10-25T18:00:00Z,40951.1
2025-10-25T19:00:00Z,39967.9
2025-10-25T20:00:00Z,37497.1
2025-10-25T21:00:00Z,36614.1
2025-10-25T22:00:00Z,35857.1
2025-10-25T23:00:00Z,34683.2
2025-10-26T00:00:00Z,34206.2
2025-10-26T01:00:00Z,34491.8
2025-10-26T02:00:00Z,33134.9
2025-10-26T03:00:00Z,36206.6
2025-10-26T04:00:00Z,36362.3
2025-10-26T05:00:00Z,38406.4
2025-10-26T06:00:00Z,40810.4
2025-10-26T07:00:00Z,42262.9
2025-10-26T08:00:00Z,42519.7
2025-10-26T09:00:00Z,45122.0
2025-10-26T10:00:00Z,46228.9
2025-10-26T11:00:00Z,46563.8
2025-10-26T12:00:00Z,47029.8
2025-10-26T13:00:00Z,46755.2
2025-10-26T14:00:00Z,44950.7
2025-10-26T15:00:00Z,44736.3
2025-10-26T16:00:00Z,43399.5
2025-10-26T17:00:00Z,41417.9
2025-10-26T18:00:00Z,40411.3
2025-10-26T19:00:00Z,38398.9
2025-10-26T20:00:00Z,37276.3
2025-10-26T21:00:00Z,35579.0
2025-10-26T22:00:00Z,35582.5
2025-10-26T23:00:00Z,35567.4
2025-10-27T00:00:00Z,35617.3
2025-10-27T01:00:00Z,36148.1
2025-10-27T02:00:00Z,36777.1
2025-10-27T03:00:00Z,37971.0
2025-10-27T04:00:00Z,38940.2
2025-10-27T05:00:00Z,39373.6
2025-10-27T06:00:00Z,42328.5
2025-10-27T07:00:00Z,43690.1
2025-10-27T08:00:00Z,44701.1
2025-10-27T09:00:00Z,46445.5
2025-10-27T10:00:00Z,47275.5
2025-10-27T11:00:00Z,48284.3
2025-10-27T12:00:00Z,48207.4
2025-10-27T13:00:00Z,48014.6
2025-10-27T14:00:00Z,47593.0
2025-10-27T15:00:00Z,46674.5
2025-10-27T16:00:00Z,45264.2
2025-10-27T17:00:00Z,44362.5
2025-10-27T18:00:00Z,42266.3
2025-10-27T19:00:00Z,40126.7
2025-10-27T20:00:00Z,39923.1
2025-10-27T21:00:00Z,37795.6
2025-10-27T22:00:00Z,37557.5
2025-10-27T23:00:00Z,35566.9
2025-10-28T00:00:00Z,36180.4
2025-10-28T01:00:00Z,36995.5
2025-10-28T02:00:00Z,37384.0
2025-10-28T03:00:00Z,37760.5
2025-10-28T04:00:00Z,38698.5
2025-10-28T05:00:00Z,40191.9
2025-10-28T06:00:00Z,42022.6
2025-10-28T07:00:00Z,43226.4
2025-10-28T08:00:00Z,44846.2
2025-10-28T09:00:00Z,46007.3
2025-10-28T10:00:00Z,46995.0
2025-10-28T11:00:00Z,48261.6
2025-10-28T12:00:00Z,47430.6
2025-10-28T13:00:00Z,48223.0
2025-10-28T14:00:00Z,47873.2
2025-10-28T15:00:00Z,46034.1
2025-10-28T16:00:00Z,44759.9
2025-10-28T17:00:00Z,43742.8
2025-10-28T18:00:00Z,42096.0
2025-10-28T19:00:00Z,40999.7
2025-10-28T20:00:00Z,37965.7
2025-10-28T21:00:00Z,37675.7
2025-10-28T22:00:00Z,37451.6
2025-10-28T23:00:00Z,36143.2
2025-10-29T00:00:00Z,36784.7
2025-10-29T01:00:00Z,37212.3
2025-10-29T02:00:00Z,36414.7
2025-10-29T03:00:00Z,38470.4
2025-10-29T04:00:00Z,39251.4
2025-10-29T05:00:00Z,40477.7
2025-10-29T06:00:00Z,41951.9
2025-10-29T07:00:00Z,43596.1
2025-10-29T08:00:00Z,44739.9
2025-10-29T09:00:00Z,46416.6
2025-10-29T10:00:00Z,47984.0
2025-10-29T11:00:00Z,48773.9
2025-10-29T12:00:00Z,48132.2
2025-10-29T13:00:00Z,48394.8
2025-10-29T14:00:00Z,47745.1
2025-10-29T15:00:00Z,45277.9
2025-10-29T16:00:00Z,45586.7
2025-10-29T17:00:00Z,43070.7
2025-10-29T18:00:00Z,41502.7
2025-10-29T19:00:00Z,40923.7
2025-10-29T20:00:00Z,39856.3
2025-10-29T21:00:00Z,37114.5
2025-10-29T22:00:00Z,36241.4
2025-10-29T23:00:00Z,35584.5
2025-10-30T00:00:00Z,35565.6
2025-10-30T01:00:00Z,35852.8
2025-10-30T02:00:00Z,36242.5
2025-10-30T03:00:00Z,36816.2
2025-10-30T04:00:00Z,39876.1
2025-10-30T05:00:00Z,40196.6
2025-10-30T06:00:00Z,41672.9
2025-10-30T07:00:00Z,44150.4
2025-10-30T08:00:00Z,44994.3
2025-10-30T09:00:00Z,47039.8
2025-10-30T10:00:00Z,47874.2
2025-10-30T11:00:00Z,48601.9
2025-10-30T12:00:00Z,48092.9
2025-10-30T13:00:00Z,48419.5
2025-10-30T14:00:00Z,46658.7
2025-10-30T15:00:00Z,45760.8
2025-10-30T16:00:00Z,45220.6
2025-10-30T17:00:00Z,43523.3
2025-10-30T18:00:00Z,42769.9
2025-10-30T19:00:00Z,40316.0
2025-10-30T20:00:00Z,38034.4
2025-10-30T21:00:00Z,37696.7
2025-10-30T22:00:00Z,36521.1
2025-10-30T23:00:00Z,36151.0
2025-10-31T00:00:00Z,35206.2
2025-10-31T01:00:00Z,35621.2
2025-10-31T02:00:00Z,36680.3
2025-10-31T03:00:00Z,38024.0
2025-10-31T04:00:00Z,39143.6
2025-10-31T05:00:00Z,40824.4
2025-10-31T06:00:00Z,41290.1
2025-10-31T07:00:00Z,43548.2
2025-10-31T08:00:00Z,45276.8
2025-10-31T09:00:00Z,46956.2
2025-10-31T10:00:00Z,47583.1
2025-10-31T11:00:00Z,47943.1
2025-10-31T12:00:00Z,48218.9
2025-10-31T13:00:00Z,48022.8
2025-10-31T14:00:00Z,46704.4
2025-10-31T15:00:00Z,46472.4
2025-10-31T16:00:00Z,45586.2
2025-10-31T17:00:00Z,44034.3
2025-10-31T18:00:00Z,41083.7
2025-10-31T19:00:00Z,40438.9
2025-10-31T20:00:00Z,38154.7
2025-10-31T21:00:00Z,38214.6
2025-10-31T22:00:00Z,36936.3
2025-10-31T23:00:00Z,36401.8
2025-11-01T00:00:00Z,33714.2
2025-11-01T01:00:00Z,33267.2
2025-11-01T02:00:00Z,34352.9
2025-11-01T03:00:00Z,35702.6
2025-11-01T04:00:00Z,36397.2
2025-11-01T05:00:00Z,38156.6
2025-11-01T06:00:00Z,41204.0
2025-11-01T07:00:00Z,41220.4
2025-11-01T08:00:00Z,43693.5
2025-11-01T09:00:00Z,43730.7
2025-11-01T10:00:00Z,45820.7
2025-11-01T11:00:00Z,46747.6
2025-11-01T12:00:00Z,46757.0
2025-11-01T13:00:00Z,46938.9
2025-11-01T14:00:00Z,46623.7
2025-11-01T15:00:00Z,43983.6
2025-11-01T16:00:00Z,43548.0
2025-11-01T17:00:00Z,42178.5
2025-11-01T18:00:00Z,40517.1
2025-11-01T19:00:00Z,39510.7
2025-11-01T20:00:00Z,37327.2
2025-11-01T21:00:00Z,36519.0
2025-11-01T22:00:00Z,35506.0
2025-11-01T23:00:00Z,34360.4
2025-11-02T00:00:00Z,34325.0
2025-11-02T01:00:00Z,33856.3
2025-11-02T02:00:00Z,35040.6
2025-11-02T03:00:00Z,35967.4
2025-11-02T04:00:00Z,37082.8
2025-11-02T05:00:00Z,38424.0
2025-11-02T06:00:00Z,40781.5
2025-11-02T07:00:00Z,41834.9
2025-11-02T08:00:00Z,44579.0
2025-11-02T09:00:00Z,45367.1
2025-11-02T10:00:00Z,46073.5
2025-11-02T11:00:00Z,46000.6
2025-11-02T12:00:00Z,46986.0
2025-11-02T13:00:00Z,46377.2
2025-11-02T14:00:00Z,45727.7
2025-11-02T15:00:00Z,44123.8
2025-11-02T16:00:00Z,43704.1
2025-11-02T17:00:00Z,42029.5
2025-11-02T18:00:00Z,40047.7
2025-11-02T19:00:00Z,38327.1
2025-11-02T20:00:00Z,37032.0
2025-11-02T21:00:00Z,35197.4
2025-11-02T22:00:00Z,34607.9
2025-11-02T23:00:00Z,34988.1
2025-11-03T00:00:00Z,35420.2
2025-11-03T01:00:00Z,37169.1
2025-11-03T02:00:00Z,35897.3
2025-11-03T03:00:00Z,38148.5
2025-11-03T04:00:00Z,39436.6
2025-11-03T05:00:00Z,40979.7
2025-11-03T06:00:00Z,42286.7
2025-11-03T07:00:00Z,42769.2
2025-11-03T08:00:00Z,45700.2
2025-11-03T09:00:00Z,46950.6
2025-11-03T10:00:00Z,47407.3
2025-11-03T11:00:00Z,46783.8
2025-11-03T12:00:00Z,48777.3
2025-11-03T13:00:00Z,47526.9
2025-11-03T14:00:00Z,47241.6
2025-11-03T15:00:00Z,47037.9
2025-11-03T16:00:00Z,45792.4
2025-11-03T17:00:00Z,43799.4
2025-11-03T18:00:00Z,41697.8
2025-11-03T19:00:00Z,41259.3
2025-11-03T20:00:00Z,39469.6
2025-11-03T21:00:00Z,37499.6
2025-11-03T22:00:00Z,36088.5
2025-11-03T23:00:00Z,36113.7
2025-11-04T00:00:00Z,35012.4
2025-11-04T01:00:00Z,36846.6
2025-11-04T02:00:00Z,36812.4
2025-11-04T03:00:00Z,37353.1
2025-11-04T04:00:00Z,39040.8
2025-11-04T05:00:00Z,39462.0
2025-11-04T06:00:00Z,41907.2
2025-11-04T07:00:00Z,43221.5
2025-11-04T08:00:00Z,44233.6
2025-11-04T09:00:00Z,46016.3
2025-11-04T10:00:00Z,47516.5
2025-11-04T11:00:00Z,47212.8
2025-11-04T12:00:00Z,48066.4
2025-11-04T13:00:00Z,47197.4
2025-11-04T14:00:00Z,47436.5
2025-11-04T15:00:00Z,45424.2
2025-11-04T16:00:00Z,45421.3
2025-11-04T17:00:00Z,43891.8
2025-11-04T18:00:00Z,42365.8
2025-11-04T19:00:00Z,41260.4
2025-11-04T20:00:00Z,38905.3
2025-11-04T21:00:00Z,37586.2
2025-11-04T22:00:00Z,36848.2
2025-11-04T23:00:00Z,35667.6
2025-11-05T00:00:00Z,34670.3
2025-11-05T01:00:00Z,35232.6
2025-11-05T02:00:00Z,35856.4
2025-11-05T03:00:00Z,37583.4
2025-11-05T04:00:00Z,38440.1
2025-11-05T05:00:00Z,40069.6
2025-11-05T06:00:00Z,42181.4
2025-11-05T07:00:00Z,43598.7
2025-11-05T08:00:00Z,46045.5
2025-11-05T09:00:00Z,46267.9
2025-11-05T10:00:00Z,46793.5
2025-11-05T11:00:00Z,48567.3
2025-11-05T12:00:00Z,47903.4
2025-11-05T13:00:00Z,47870.0
2025-11-05T14:00:00Z,47803.1
2025-11-05T15:00:00Z,46389.0
2025-11-05T16:00:00Z,45368.8
2025-11-05T17:00:00Z,43180.1
2025-11-05T18:00:00Z,41737.7
2025-11-05T19:00:00Z,40613.7
2025-11-05T20:00:00Z,38500.1
2025-11-05T21:00:00Z,37284.2
2025-11-05T22:00:00Z,36480.5
2025-11-05T23:00:00Z,36710.2
2025-11-06T00:00:00Z,36397.5
2025-11-06T01:00:00Z,35964.6
2025-11-06T02:00:00Z,36504.3
2025-11-06T03:00:00Z,37097.1
2025-11-06T04:00:00Z,39441.4
2025-11-06T05:00:00Z,40472.6
2025-11-06T06:00:00Z,42364.2
2025-11-06T07:00:00Z,42754.9
2025-11-06T08:00:00Z,45410.9
2025-11-06T09:00:00Z,46364.2
2025-11-06T10:00:00Z,47670.0
2025-11-06T11:00:00Z,48439.8
2025-11-06T12:00:00Z,48119.9
2025-11-06T13:00:00Z,47712.3
2025-11-06T14:00:00Z,47641.4
2025-11-06T15:00:00Z,45663.7
2025-11-06T16:00:00Z,45745.7
2025-11-06T17:00:00Z,43680.4
2025-11-06T18:00:00Z,41310.2
2025-11-06T19:00:00Z,40948.6
2025-11-06T20:00:00Z,39277.8
2025-11-06T21:00:00Z,38285.8
2025-11-06T22:00:00Z,37020.4
2025-11-06T23:00:00Z,36135.3
2025-11-07T00:00:00Z,35604.4
2025-11-07T01:00:00Z,35287.1
2025-11-07T02:00:00Z,36854.3
2025-11-07T03:00:00Z,37761.9
2025-11-07T04:00:00Z,38525.4
2025-11-07T05:00:00Z,40557.3
2025-11-07T06:00:00Z,41398.0
2025-11-07T07:00:00Z,44026.7
2025-11-07T08:00:00Z,45058.1
2025-11-07T09:00:00Z,46396.9
2025-11-07T10:00:00Z,46880.4
2025-11-07T11:00:00Z,48374.3
2025-11-07T12:00:00Z,48178.3
2025-11-07T13:00:00Z,47582.1
2025-11-07T14:00:00Z,47458.9
2025-11-07T15:00:00Z,46158.4
2025-11-07T16:00:00Z,45517.3
2025-11-07T17:00:00Z,42681.2
2025-11-07T18:00:00Z,41260.2
2025-11-07T19:00:00Z,41296.3
2025-11-07T20:00:00Z,38482.8
2025-11-07T21:00:00Z,37706.4
2025-11-07T22:00:00Z,36248.3
2025-11-07T23:00:00Z,35945.8
2025-11-08T00:00:00Z,35209.0
2025-11-08T01:00:00Z,33029.8
2025-11-08T02:00:00Z,34963.3
2025-11-08T03:00:00Z,35698.9
2025-11-08T04:00:00Z,36977.4
2025-11-08T05:00:00Z,38051.9
2025-11-08T06:00:00Z,39579.7
2025-11-08T07:00:00Z,42396.1
2025-11-08T08:00:00Z,43453.5
2025-11-08T09:00:00Z,43856.2
2025-11-08T10:00:00Z,45471.6
2025-11-08T11:00:00Z,45396.8
2025-11-08T12:00:00Z,47798.2
2025-11-08T13:00:00Z,46287.3
2025-11-08T14:00:00Z,44529.6
2025-11-08T15:00:00Z,44958.8
2025-11-08T16:00:00Z,43511.6
2025-11-08T17:00:00Z,41844.7
2025-11-08T18:00:00Z,40162.2
2025-11-08T19:00:00Z,38168.2
2025-11-08T20:00:00Z,36852.7
2025-11-08T21:00:00Z,34608.3
2025-11-08T22:00:00Z,35349.6
2025-11-08T23:00:00Z,35091.9
2025-11-09T00:00:00Z,34048.4
2025-11-09T01:00:00Z,34320.1
2025-11-09T02:00:00Z,33911.3
2025-11-09T03:00:00Z,35389.2
2025-11-09T04:00:00Z,36163.7
2025-11-09T05:00:00Z,37722.7
2025-11-09T06:00:00Z,40297.4
2025-11-09T07:00:00Z,42367.6
2025-11-09T08:00:00Z,43097.3
2025-11-09T09:00:00Z,45714.3
2025-11-09T10:00:00Z,45841.7
2025-11-09T11:00:00Z,44858.5
2025-11-09T12:00:00Z,46035.3
2025-11-09T13:00:00Z,46712.9
2025-11-09T14:00:00Z,45492.5
2025-11-09T15:00:00Z,44961.0
2025-11-09T16:00:00Z,42250.8
2025-11-09T17:00:00Z,42290.6
2025-11-09T18:00:00Z,39394.8
2025-11-09T19:00:00Z,38576.8
2025-11-09T20:00:00Z,38000.4
2025-11-09T21:00:00Z,35643.1
2025-11-09T22:00:00Z,34492.4
2025-11-09T23:00:00Z,34388.8
2025-11-10T00:00:00Z,35026.5
2025-11-10T01:00:00Z,35176.1
2025-11-10T02:00:00Z,36803.8
2025-11-10T03:00:00Z,36506.2
2025-11-10T04:00:00Z,37926.4
2025-11-10T05:00:00Z,40994.1
2025-11-10T06:00:00Z,41037.1
2025-11-10T07:00:00Z,43533.1
2025-11-10T08:00:00Z,45381.8
2025-11-10T09:00:00Z,46064.3
2025-11-10T10:00:00Z,46530.8
2025-11-10T11:00:00Z,48136.2
2025-11-10T12:00:00Z,47431.6
2025-11-10T13:00:00Z,48809.4
2025-11-10T14:00:00Z,48239.5
2025-11-10T15:00:00Z,45557.0
2025-11-10T16:00:00Z,45105.0
2025-11-10T17:00:00Z,42931.1
2025-11-10T18:00:00Z,41883.0
2025-11-10T19:00:00Z,39939.8
2025-11-10T20:00:00Z,38057.1
2025-11-10T21:00:00Z,37546.4
2025-11-10T22:00:00Z,35425.4
2025-11-10T23:00:00Z,35825.7
2025-11-11T00:00:00Z,35318.4
2025-11-11T01:00:00Z,35203.3
2025-11-11T02:00:00Z,36704.7
2025-11-11T03:00:00Z,37244.8
2025-11-11T04:00:00Z,38332.4
2025-11-11T05:00:00Z,39929.6
2025-11-11T06:00:00Z,41511.3
2025-11-11T07:00:00Z,43727.2
2025-11-11T08:00:00Z,44592.0
2025-11-11T09:00:00Z,44521.9
2025-11-11T10:00:00Z,45402.8
2025-11-11T11:00:00Z,47095.5
2025-11-11T12:00:00Z,47201.2
2025-11-11T13:00:00Z,47501.6
2025-11-11T14:00:00Z,46313.9
2025-11-11T15:00:00Z,45610.4
2025-11-11T16:00:00Z,45429.1
2025-11-11T17:00:00Z,42540.3
2025-11-11T18:00:00Z,42067.0
2025-11-11T19:00:00Z,39948.2
2025-11-11T20:00:00Z,39188.6
2025-11-11T21:00:00Z,37687.7
2025-11-11T22:00:00Z,36262.7
2025-11-11T23:00:00Z,36173.7
2025-11-12T00:00:00Z,35463.2
2025-11-12T01:00:00Z,34974.1
2025-11-12T02:00:00Z,36443.0
2025-11-12T03:00:00Z,37438.6
2025-11-12T04:00:00Z,38408.1
2025-11-12T05:00:00Z,40108.0
2025-11-12T06:00:00Z,41361.2
2025-11-12T07:00:00Z,43371.3
2025-11-12T08:00:00Z,44562.3
2025-11-12T09:00:00Z,45192.5
2025-11-12T10:00:00Z,46848.2
2025-11-12T11:00:00Z,48441.2
2025-11-12T12:00:00Z,48254.3
2025-11-12T13:00:00Z,48394.8
2025-11-12T14:00:00Z,46989.9
2025-11-12T15:00:00Z,45786.8
2025-11-12T16:00:00Z,44153.2
2025-11-12T17:00:00Z,43284.2
2025-11-12T18:00:00Z,42124.6
2025-11-12T19:00:00Z,40405.2
2025-11-12T20:00:00Z,38862.6
2025-11-12T21:00:00Z,36920.5
2025-11-12T22:00:00Z,36251.4
2025-11-12T23:00:00Z,35169.0
2025-11-13T00:00:00Z,35735.7
2025-11-13T01:00:00Z,35829.4
2025-11-13T02:00:00Z,35807.3
2025-11-13T03:00:00Z,37195.3
2025-11-13T04:00:00Z,37239.2
2025-11-13T05:00:00Z,40289.0
2025-11-13T06:00:00Z,41107.9
2025-11-13T07:00:00Z,42955.0
2025-11-13T08:00:00Z,44964.2
2025-11-13T09:00:00Z,46292.0
2025-11-13T10:00:00Z,46579.5
2025-11-13T11:00:00Z,48381.1
2025-11-13T12:00:00Z,48816.6
2025-11-13T13:00:00Z,48306.7
2025-11-13T14:00:00Z,47612.3
2025-11-13T15:00:00Z,45968.6
2025-11-13T16:00:00Z,45373.3
2025-11-13T17:00:00Z,42687.8
2025-11-13T18:00:00Z,40953.4
2025-11-13T19:00:00Z,40003.7
2025-11-13T20:00:00Z,38549.5
2025-11-13T21:00:00Z,36675.6
2025-11-13T22:00:00Z,37062.3
2025-11-13T23:00:00Z,34750.1
2025-11-14T00:00:00Z,34164.6
2025-11-14T01:00:00Z,35243.9
2025-11-14T02:00:00Z,36929.7
2025-11-14T03:00:00Z,37455.7
2025-11-14T04:00:00Z,38537.0
2025-11-14T05:00:00Z,39930.4
2025-11-14T06:00:00Z,41764.1
2025-11-14T07:00:00Z,43250.6
2025-11-14T08:00:00Z,44638.1
2025-11-14T09:00:00Z,45811.9
2025-11-14T10:00:00Z,46030.1
2025-11-14T11:00:00Z,47992.9
2025-11-14T12:00:00Z,47476.1
2025-11-14T13:00:00Z,47683.5
2025-11-14T14:00:00Z,47120.4
2025-11-14T15:00:00Z,46413.2
2025-11-14T16:00:00Z,44171.3
2025-11-14T17:00:00Z,43508.5
2025-11-14T18:00:00Z,41909.7
2025-11-14T19:00:00Z,39796.6
2025-11-14T20:00:00Z,38323.5
2025-11-14T21:00:00Z,37136.7
2025-11-14T22:00:00Z,35535.4
2025-11-14T23:00:00Z,35208.2
2025-11-15T00:00:00Z,32850.9
2025-11-15T01:00:00Z,34272.8
2025-11-15T02:00:00Z,33869.7
2025-11-15T03:00:00Z,34708.3
2025-11-15T04:00:00Z,36637.1
2025-11-15T05:00:00Z,38339.1
2025-11-15T06:00:00Z,39479.5
2025-11-15T07:00:00Z,40788.7
2025-11-15T08:00:00Z,43005.0
2025-11-15T09:00:00Z,44519.8
2025-11-15T10:00:00Z,44214.7
2025-11-15T11:00:00Z,46160.9
2025-11-15T12:00:00Z,44977.8
2025-11-15T13:00:00Z,46031.4
2025-11-15T14:00:00Z,44836.7
2025-11-15T15:00:00Z,43943.6
2025-11-15T16:00:00Z,43158.4
2025-11-15T17:00:00Z,42032.1
2025-11-15T18:00:00Z,40754.6
2025-11-15T19:00:00Z,38768.2
2025-11-15T20:00:00Z,36910.4
2025-11-15T21:00:00Z,34566.5
2025-11-15T22:00:00Z,34061.0
2025-11-15T23:00:00Z,33718.0
2025-11-16T00:00:00Z,33063.9
2025-11-16T01:00:00Z,33891.4
2025-11-16T02:00:00Z,34083.4
2025-11-16T03:00:00Z,36131.7
2025-11-16T04:00:00Z,36395.3
2025-11-16T05:00:00Z,37334.5
2025-11-16T06:00:00Z,39339.8
2025-11-16T07:00:00Z,40845.3
2025-11-16T08:00:00Z,43090.2
2025-11-16T09:00:00Z,44740.2
2025-11-16T10:00:00Z,45533.4
2025-11-16T11:00:00Z,46158.0
2025-11-16T12:00:00Z,45481.7
2025-11-16T13:00:00Z,45052.1
2025-11-16T14:00:00Z,44587.4
2025-11-16T15:00:00Z,44032.4
2025-11-16T16:00:00Z,42546.0
2025-11-16T17:00:00Z,41371.5
2025-11-16T18:00:00Z,40143.4
2025-11-16T19:00:00Z,38041.7
2025-11-16T20:00:00Z,37382.9
2025-11-16T21:00:00Z,34804.8
2025-11-16T22:00:00Z,34547.6
2025-11-16T23:00:00Z,33565.0
2025-11-17T00:00:00Z,35575.4
2025-11-17T01:00:00Z,35246.9
2025-11-17T02:00:00Z,35610.5
2025-11-17T03:00:00Z,36811.9
2025-11-17T04:00:00Z,37710.0
2025-11-17T05:00:00Z,39099.1
2025-11-17T06:00:00Z,41698.7
2025-11-17T07:00:00Z,42581.1
2025-11-17T08:00:00Z,45027.9
2025-11-17T09:00:00Z,46994.0
2025-11-17T10:00:00Z,46482.0
2025-11-17T11:00:00Z,47752.9
2025-11-17T12:00:00Z,47469.8
2025-11-17T13:00:00Z,46314.1
2025-11-17T14:00:00Z,46626.0
2025-11-17T15:00:00Z,46452.6
2025-11-17T16:00:00Z,43761.1
2025-11-17T17:00:00Z,42803.0
2025-11-17T18:00:00Z,41183.5
2025-11-17T19:00:00Z,38908.0
2025-11-17T20:00:00Z,38321.9
2025-11-17T21:00:00Z,36789.9
2025-11-17T22:00:00Z,36176.5
2025-11-17T23:00:00Z,35279.1
2025-11-18T00:00:00Z,34237.8
2025-11-18T01:00:00Z,35254.7
2025-11-18T02:00:00Z,36133.6
2025-11-18T03:00:00Z,36667.3
2025-11-18T04:00:00Z,38379.5
2025-11-18T05:00:00Z,39873.7
2025-11-18T06:00:00Z,40081.5
2025-11-18T07:00:00Z,43138.2
2025-11-18T08:00:00Z,43260.6
2025-11-18T09:00:00Z,44931.2
2025-11-18T10:00:00Z,46520.7
2025-11-18T11:00:00Z,46701.4
2025-11-18T12:00:00Z,47001.1
2025-11-18T13:00:00Z,47784.6
2025-11-18T14:00:00Z,46025.3
2025-11-18T15:00:00Z,46208.1
2025-11-18T16:00:00Z,45250.8
2025-11-18T17:00:00Z,43526.9
2025-11-18T18:00:00Z,40608.2
2025-11-18T19:00:00Z,38770.1
2025-11-18T20:00:00Z,38096.8
2025-11-18T21:00:00Z,37876.6
2025-11-18T22:00:00Z,35671.3
2025-11-18T23:00:00Z,34866.7
2025-11-19T00:00:00Z,34815.6
2025-11-19T01:00:00Z,35483.3
2025-11-19T02:00:00Z,36334.8
2025-11-19T03:00:00Z,36702.6
2025-11-19T04:00:00Z,37926.4
2025-11-19T05:00:00Z,39762.5
2025-11-19T06:00:00Z,41128.4
2025-11-19T07:00:00Z,42509.6
2025-11-19T08:00:00Z,43307.0
2025-11-19T09:00:00Z,45579.5
2025-11-19T10:00:00Z,46193.1
2025-11-19T11:00:00Z,47007.5
2025-11-19T12:00:00Z,47188.4
2025-11-19T13:00:00Z,46669.4
2025-11-19T14:00:00Z,46796.0
2025-11-19T15:00:00Z,46072.8
2025-11-19T16:00:00Z,44501.4
2025-11-19T17:00:00Z,42383.9
2025-11-19T18:00:00Z,41199.8
2025-11-19T19:00:00Z,39861.4
2025-11-19T20:00:00Z,37941.3
2025-11-19T21:00:00Z,37067.4
2025-11-19T22:00:00Z,34978.5
2025-11-19T23:00:00Z,34978.5
2025-11-20T00:00:00Z,35557.5
2025-11-20T01:00:00Z,35541.6
2025-11-20T02:00:00Z,35580.3
2025-11-20T03:00:00Z,36700.9
2025-11-20T04:00:00Z,39048.4
2025-11-20T05:00:00Z,40001.0
2025-11-20T06:00:00Z,40681.3
2025-11-20T07:00:00Z,42821.4
2025-11-20T08:00:00Z,43926.5
2025-11-20T09:00:00Z,45148.2
2025-11-20T10:00:00Z,45817.9
2025-11-20T11:00:00Z,47440.7
2025-11-20T12:00:00Z,48437.4
2025-11-20T13:00:00Z,47518.3
2025-11-20T14:00:00Z,45770.5
2025-11-20T15:00:00Z,45735.5
2025-11-20T16:00:00Z,43411.1
2025-11-20T17:00:00Z,42784.4
2025-11-20T18:00:00Z,41603.0
2025-11-20T19:00:00Z,40212.3
2025-11-20T20:00:00Z,38004.9
2025-11-20T21:00:00Z,36818.9
2025-11-20T22:00:00Z,35668.0
2025-11-20T23:00:00Z,34950.6
2025-11-21T00:00:00Z,35567.9
2025-11-21T01:00:00Z,34474.0
2025-11-21T02:00:00Z,34764.0
2025-11-21T03:00:00Z,37491.9
2025-11-21T04:00:00Z,39049.6
2025-11-21T05:00:00Z,38547.2
2025-11-21T06:00:00Z,41475.5
2025-11-21T07:00:00Z,43020.7
2025-11-21T08:00:00Z,43886.3
2025-11-21T09:00:00Z,44899.1
2025-11-21T10:00:00Z,46467.8
2025-11-21T11:00:00Z,46835.1
2025-11-21T12:00:00Z,47646.0
2025-11-21T13:00:00Z,46679.9
2025-11-21T14:00:00Z,46998.7
2025-11-21T15:00:00Z,45067.9
2025-11-21T16:00:00Z,44951.8
2025-11-21T17:00:00Z,43063.8
2025-11-21T18:00:00Z,41580.5
2025-11-21T19:00:00Z,39176.1
2025-11-21T20:00:00Z,37754.5
2025-11-21T21:00:00Z,36535.2
2025-11-21T22:00:00Z,36207.9
2025-11-21T23:00:00Z,34626.7
2025-11-22T00:00:00Z,32546.7
2025-11-22T01:00:00Z,33049.0
2025-11-22T02:00:00Z,33973.8
2025-11-22T03:00:00Z,34737.6
2025-11-22T04:00:00Z,36036.4
2025-11-22T05:00:00Z,36890.2
2025-11-22T06:00:00Z,38864.2
2025-11-22T07:00:00Z,40241.2
2025-11-22T08:00:00Z,42844.8
2025-11-22T09:00:00Z,43569.8
2025-11-22T10:00:00Z,44934.0
2025-11-22T11:00:00Z,44521.4
2025-11-22T12:00:00Z,45396.8
2025-11-22T13:00:00Z,45398.0
2025-11-22T14:00:00Z,44033.0
2025-11-22T15:00:00Z,43255.2
2025-11-22T16:00:00Z,42031.5
2025-11-22T17:00:00Z,40873.3
2025-11-22T18:00:00Z,39330.0
2025-11-22T19:00:00Z,36833.4
2025-11-22T20:00:00Z,36239.3
2025-11-22T21:00:00Z,34885.3
2025-11-22T22:00:00Z,33937.7
2025-11-22T23:00:00Z,32711.3
2025-11-23T00:00:00Z,32839.2
2025-11-23T01:00:00Z,33752.5
2025-11-23T02:00:00Z,34307.2
2025-11-23T03:00:00Z,34382.7
2025-11-23T04:00:00Z,36823.4
2025-11-23T05:00:00Z,37276.1
2025-11-23T06:00:00Z,38641.5
2025-11-23T07:00:00Z,41303.0
2025-11-23T08:00:00Z,42392.3
2025-11-23T09:00:00Z,44703.4
2025-11-23T10:00:00Z,44383.8
2025-11-23T11:00:00Z,45196.2
2025-11-23T12:00:00Z,45720.8
2025-11-23T13:00:00Z,45264.0
2025-11-23T14:00:00Z,44295.8
2025-11-23T15:00:00Z,43515.6
2025-11-23T16:00:00Z,42212.4
2025-11-23T17:00:00Z,40710.6
2025-11-23T18:00:00Z,39092.4
2025-11-23T19:00:00Z,36696.4
2025-11-23T20:00:00Z,36455.3
2025-11-23T21:00:00Z,34379.8
2025-11-23T22:00:00Z,33583.7
2025-11-23T23:00:00Z,32678.5
2025-11-24T00:00:00Z,34423.3
2025-11-24T01:00:00Z,35250.7
2025-11-24T02:00:00Z,36023.5
2025-11-24T03:00:00Z,36524.8
2025-11-24T04:00:00Z,37732.0
2025-11-24T05:00:00Z,38880.0
2025-11-24T06:00:00Z,40618.1
2025-11-24T07:00:00Z,42498.0
2025-11-24T08:00:00Z,43798.6
2025-11-24T09:00:00Z,44657.1
2025-11-24T10:00:00Z,46193.2
2025-11-24T11:00:00Z,46240.3
2025-11-24T12:00:00Z,48071.0
2025-11-24T13:00:00Z,46942.4
2025-11-24T14:00:00Z,45866.5
2025-11-24T15:00:00Z,45412.2
2025-11-24T16:00:00Z,43491.7
2025-11-24T17:00:00Z,42245.3
2025-11-24T18:00:00Z,41569.2
2025-11-24T19:00:00Z,39819.9
2025-11-24T20:00:00Z,37033.0
2025-11-24T21:00:00Z,35777.2
2025-11-24T22:00:00Z,35100.4
2025-11-24T23:00:00Z,35914.8
2025-11-25T00:00:00Z,34485.8
2025-11-25T01:00:00Z,34800.0
2025-11-25T02:00:00Z,35024.0
2025-11-25T03:00:00Z,36968.3
2025-11-25T04:00:00Z,38070.3
2025-11-25T05:00:00Z,38174.4
2025-11-25T06:00:00Z,40245.2
2025-11-25T07:00:00Z,41346.7
2025-11-25T08:00:00Z,43197.8
2025-11-25T09:00:00Z,44668.1
2025-11-25T10:00:00Z,45387.5
2025-11-25T11:00:00Z,46373.0
2025-11-25T12:00:00Z,47275.8
2025-11-25T13:00:00Z,47289.6
2025-11-25T14:00:00Z,46140.4
2025-11-25T15:00:00Z,45469.2
2025-11-25T16:00:00Z,43096.2
2025-11-25T17:00:00Z,43063.2
2025-11-25T18:00:00Z,41876.4
2025-11-25T19:00:00Z,38996.6
2025-11-25T20:00:00Z,37866.0
2025-11-25T21:00:00Z,36463.4
2025-11-25T22:00:00Z,34160.7
2025-11-25T23:00:00Z,35194.4
2025-11-26T00:00:00Z,34621.1
2025-11-26T01:00:00Z,33743.0
2025-11-26T02:00:00Z,34989.2
2025-11-26T03:00:00Z,36799.7
2025-11-26T04:00:00Z,37786.9
2025-11-26T05:00:00Z,38275.5
2025-11-26T06:00:00Z,40306.3
2025-11-26T07:00:00Z,41858.6
2025-11-26T08:00:00Z,43798.9
2025-11-26T09:00:00Z,44643.2
2025-11-26T10:00:00Z,46025.3
2025-11-26T11:00:00Z,46532.3
2025-11-26T12:00:00Z,46064.5
2025-11-26T13:00:00Z,46834.1
2025-11-26T14:00:00Z,46133.6
2025-11-26T15:00:00Z,44652.6
2025-11-26T16:00:00Z,44103.7
2025-11-26T17:00:00Z,43406.1
2025-11-26T18:00:00Z,39778.2
2025-11-26T19:00:00Z,39103.2
2025-11-26T20:00:00Z,37921.7
2025-11-26T21:00:00Z,36212.4
2025-11-26T22:00:00Z,34903.3
2025-11-26T23:00:00Z,35726.3
2025-11-27T00:00:00Z,34026.8
2025-11-27T01:00:00Z,34432.4
2025-11-27T02:00:00Z,34782.8
2025-11-27T03:00:00Z,36745.8
2025-11-27T04:00:00Z,36290.4
2025-11-27T05:00:00Z,38440.9
2025-11-27T06:00:00Z,40282.0
2025-11-27T07:00:00Z,42296.6
2025-11-27T08:00:00Z,43815.5
2025-11-27T09:00:00Z,45442.2
2025-11-27T10:00:00Z,45852.6
2025-11-27T11:00:00Z,46156.9
2025-11-27T12:00:00Z,46718.9
2025-11-27T13:00:00Z,46086.6
2025-11-27T14:00:00Z,45638.4
2025-11-27T15:00:00Z,44677.6
2025-11-27T16:00:00Z,43795.2
2025-11-27T17:00:00Z,42566.3
2025-11-27T18:00:00Z,39947.4
2025-11-27T19:00:00Z,38597.8
2025-11-27T20:00:00Z,37391.6
2025-11-27T21:00:00Z,36121.1
2025-11-27T22:00:00Z,34991.2
2025-11-27T23:00:00Z,34800.9
2025-11-28T00:00:00Z,34091.8
2025-11-28T01:00:00Z,33510.6
2025-11-28T02:00:00Z,35723.3
2025-11-28T03:00:00Z,35380.6
2025-11-28T04:00:00Z,38170.1
2025-11-28T05:00:00Z,38960.1
2025-11-28T06:00:00Z,40605.5
2025-11-28T07:00:00Z,41288.0
2025-11-28T08:00:00Z,43693.8
2025-11-28T09:00:00Z,44736.8
2025-11-28T10:00:00Z,45398.3
2025-11-28T11:00:00Z,46741.5
2025-11-28T12:00:00Z,47057.8
2025-11-28T13:00:00Z,47073.1
2025-11-28T14:00:00Z,45200.2
2025-11-28T15:00:00Z,44436.6
2025-11-28T16:00:00Z,44273.2
2025-11-28T17:00:00Z,42323.5
2025-11-28T18:00:00Z,40858.7
2025-11-28T19:00:00Z,38555.9
2025-11-28T20:00:00Z,37507.4
2025-11-28T21:00:00Z,36456.5
2025-11-28T22:00:00Z,34413.4
2025-11-28T23:00:00Z,34072.0
2025-11-29T00:00:00Z,32523.8
2025-11-29T01:00:00Z,33318.6
2025-11-29T02:00:00Z,33012.1
2025-11-29T03:00:00Z,34567.0
2025-11-29T04:00:00Z,35082.8
2025-11-29T05:00:00Z,36405.4
2025-11-29T06:00:00Z,38954.5
2025-11-29T07:00:00Z,39718.7
2025-11-29T08:00:00Z,41768.7
2025-11-29T09:00:00Z,42752.1
2025-11-29T10:00:00Z,44294.6
2025-11-29T11:00:00Z,44003.6
2025-11-29T12:00:00Z,44144.3
2025-11-29T13:00:00Z,43923.6
2025-11-29T14:00:00Z,43925.2
2025-11-29T15:00:00Z,43693.9
2025-11-29T16:00:00Z,42168.3
2025-11-29T17:00:00Z,40342.0
2025-11-29T18:00:00Z,38557.2
2025-11-29T19:00:00Z,37638.7
2025-11-29T20:00:00Z,35460.5
2025-11-29T21:00:00Z,34755.2
2025-11-29T22:00:00Z,33925.5
2025-11-29T23:00:00Z,32955.2
2025-11-30T00:00:00Z,32510.7
2025-11-30T01:00:00Z,32718.7
2025-11-30T02:00:00Z,33099.6
2025-11-30T03:00:00Z,34275.6
2025-11-30T04:00:00Z,34971.8
2025-11-30T05:00:00Z,36493.0
2025-11-30T06:00:00Z,39338.5
2025-11-30T07:00:00Z,40087.0
2025-11-30T08:00:00Z,40785.8
2025-11-30T09:00:00Z,43635.5
2025-11-30T10:00:00Z,44626.0
2025-11-30T11:00:00Z,44784.8
2025-11-30T12:00:00Z,44135.9
2025-11-30T13:00:00Z,45546.5
2025-11-30T14:00:00Z,44486.3
2025-11-30T15:00:00Z,43572.2
2025-11-30T16:00:00Z,41524.9
2025-11-30T17:00:00Z,40361.6
2025-11-30T18:00:00Z,38394.6
2025-11-30T19:00:00Z,36801.2
2025-11-30T20:00:00Z,34822.1
2025-11-30T21:00:00Z,33727.6
2025-11-30T22:00:00Z,32877.2
2025-11-30T23:00:00Z,32534.1
2025-12-01T00:00:00Z,34448.2
2025-12-01T01:00:00Z,34440.1
2025-12-01T02:00:00Z,33857.4
2025-12-01T03:00:00Z,36298.1
2025-12-01T04:00:00Z,36288.1
2025-12-01T05:00:00Z,38809.4
2025-12-01T06:00:00Z,40073.2
2025-12-01T07:00:00Z,41819.9
2025-12-01T08:00:00Z,43043.9
2025-12-01T09:00:00Z,44038.8
2025-12-01T10:00:00Z,46398.7
2025-12-01T11:00:00Z,44940.0
2025-12-01T12:00:00Z,45948.3
2025-12-01T13:00:00Z,46865.3
2025-12-01T14:00:00Z,45559.7
2025-12-01T15:00:00Z,44583.9
2025-12-01T16:00:00Z,42846.5
2025-12-01T17:00:00Z,41202.0
2025-12-01T18:00:00Z,40471.7
2025-12-01T19:00:00Z,38467.4
2025-12-01T20:00:00Z,37224.8
2025-12-01T21:00:00Z,36153.7
2025-12-01T22:00:00Z,33889.0
2025-12-01T23:00:00Z,33614.5
2025-12-02T00:00:00Z,33499.7
2025-12-02T01:00:00Z,34171.0
2025-12-02T02:00:00Z,35035.2
2025-12-02T03:00:00Z,35135.9
2025-12-02T04:00:00Z,36846.4
2025-12-02T05:00:00Z,38404.6
2025-12-02T06:00:00Z,40016.7
2025-12-02T07:00:00Z,42488.4
2025-12-02T08:00:00Z,42808.2
2025-12-02T09:00:00Z,44562.9
2025-12-02T10:00:00Z,44278.5
2025-12-02T11:00:00Z,46033.7
2025-12-02T12:00:00Z,46365.1
2025-12-02T13:00:00Z,46454.7
2025-12-02T14:00:00Z,45206.1
2025-12-02T15:00:00Z,44191.8
2025-12-02T16:00:00Z,42567.1
2025-12-02T17:00:00Z,41427.5
2025-12-02T18:00:00Z,41297.3
2025-12-02T19:00:00Z,37578.0
2025-12-02T20:00:00Z,36079.3
2025-12-02T21:00:00Z,35716.3
2025-12-02T22:00:00Z,34189.8
2025-12-02T23:00:00Z,34694.4
2025-12-03T00:00:00Z,32973.2
2025-12-03T01:00:00Z,34811.8
2025-12-03T02:00:00Z,34356.0
2025-12-03T03:00:00Z,34720.6
2025-12-03T04:00:00Z,35720.8
2025-12-03T05:00:00Z,37903.2
2025-12-03T06:00:00Z,39647.1
2025-12-03T07:00:00Z,41781.6
2025-12-03T08:00:00Z,42432.0
2025-12-03T09:00:00Z,45963.3
2025-12-03T10:00:00Z,45813.2
2025-12-03T11:00:00Z,45906.8
2025-12-03T12:00:00Z,45928.3
2025-12-03T13:00:00Z,47397.1
2025-12-03T14:00:00Z,44986.5
2025-12-03T15:00:00Z,44783.5
2025-12-03T16:00:00Z,43867.7
2025-12-03T17:00:00Z,41118.8
2025-12-03T18:00:00Z,40289.8
2025-12-03T19:00:00Z,38118.5
2025-12-03T20:00:00Z,37593.3
2025-12-03T21:00:00Z,36337.1
2025-12-03T22:00:00Z,34877.1
2025-12-03T23:00:00Z,34056.7
2025-12-04T00:00:00Z,33035.8
2025-12-04T01:00:00Z,35149.4
2025-12-04T02:00:00Z,35288.3
2025-12-04T03:00:00Z,35868.6
2025-12-04T04:00:00Z,37563.1
2025-12-04T05:00:00Z,38299.2
2025-12-04T06:00:00Z,39322.4
2025-12-04T07:00:00Z,42004.6
2025-12-04T08:00:00Z,42518.3
2025-12-04T09:00:00Z,44034.2
2025-12-04T10:00:00Z,45690.7
2025-12-04T11:00:00Z,45107.1
2025-12-04T12:00:00Z,46149.9
2025-12-04T13:00:00Z,45769.5
2025-12-04T14:00:00Z,44696.7
2025-12-04T15:00:00Z,43680.1
2025-12-04T16:00:00Z,42905.5
2025-12-04T17:00:00Z,41362.5
2025-12-04T18:00:00Z,39985.9
2025-12-04T19:00:00Z,37512.6
2025-12-04T20:00:00Z,36830.5
2025-12-04T21:00:00Z,34839.9
2025-12-04T22:00:00Z,34084.9
2025-12-04T23:00:00Z,34385.8
2025-12-05T00:00:00Z,33221.6
2025-12-05T01:00:00Z,33530.3
2025-12-05T02:00:00Z,33986.8
2025-12-05T03:00:00Z,35395.2
2025-12-05T04:00:00Z,37124.8
2025-12-05T05:00:00Z,38012.1
2025-12-05T06:00:00Z,40152.0
2025-12-05T07:00:00Z,40741.6
2025-12-05T08:00:00Z,43162.1
2025-12-05T09:00:00Z,44155.9
2025-12-05T10:00:00Z,45241.2
2025-12-05T11:00:00Z,45345.2
2025-12-05T12:00:00Z,45717.8
2025-12-05T13:00:00Z,45985.7
2025-12-05T14:00:00Z,44589.4
2025-12-05T15:00:00Z,44612.8
2025-12-05T16:00:00Z,42694.0
2025-12-05T17:00:00Z,41654.3
2025-12-05T18:00:00Z,39219.6
2025-12-05T19:00:00Z,37349.9
2025-12-05T20:00:00Z,37022.8
2025-12-05T21:00:00Z,35756.0
2025-12-05T22:00:00Z,34387.0
2025-12-05T23:00:00Z,34126.6
2025-12-06T00:00:00Z,31739.9
2025-12-06T01:00:00Z,32301.8
2025-12-06T02:00:00Z,32657.5
2025-12-06T03:00:00Z,33069.5
2025-12-06T04:00:00Z,35436.5
2025-12-06T05:00:00Z,35865.7
2025-12-06T06:00:00Z,39151.6
2025-12-06T07:00:00Z,39515.0
2025-12-06T08:00:00Z,40612.8
2025-12-06T09:00:00Z,42274.4
2025-12-06T10:00:00Z,43409.8
2025-12-06T11:00:00Z,44070.9
2025-12-06T12:00:00Z,44503.1
2025-12-06T13:00:00Z,43691.2
2025-12-06T14:00:00Z,42310.1
2025-12-06T15:00:00Z,41946.3
2025-12-06T16:00:00Z,41325.5
2025-12-06T17:00:00Z,40177.9
2025-12-06T18:00:00Z,36951.1
2025-12-06T19:00:00Z,36426.1
2025-12-06T20:00:00Z,35450.3
2025-12-06T21:00:00Z,32850.2
2025-12-06T22:00:00Z,33477.7
2025-12-06T23:00:00Z,31567.9
2025-12-07T00:00:00Z,31597.2
2025-12-07T01:00:00Z,31613.2
2025-12-07T02:00:00Z,33420.9
2025-12-07T03:00:00Z,33951.1
2025-12-07T04:00:00Z,34845.3
2025-12-07T05:00:00Z,36092.3
2025-12-07T06:00:00Z,37013.7
2025-12-07T07:00:00Z,39350.7
2025-12-07T08:00:00Z,40690.1
2025-12-07T09:00:00Z,42231.1
2025-12-07T10:00:00Z,42289.8
2025-12-07T11:00:00Z,44568.4
2025-12-07T12:00:00Z,44595.8
2025-12-07T13:00:00Z,44742.9
2025-12-07T14:00:00Z,42981.0
2025-12-07T15:00:00Z,42277.3
2025-12-07T16:00:00Z,40367.0
2025-12-07T17:00:00Z,39964.6
2025-12-07T18:00:00Z,37774.5
2025-12-07T19:00:00Z,37150.1
2025-12-07T20:00:00Z,35157.3
2025-12-07T21:00:00Z,33886.1
2025-12-07T22:00:00Z,32780.8
2025-12-07T23:00:00Z,31103.0
2025-12-08T00:00:00Z,33670.8
2025-12-08T01:00:00Z,32665.5
2025-12-08T02:00:00Z,34283.6
2025-12-08T03:00:00Z,35425.3
2025-12-08T04:00:00Z,35804.6
2025-12-08T05:00:00Z,37581.4
2025-12-08T06:00:00Z,39432.3
2025-12-08T07:00:00Z,41276.2
2025-12-08T08:00:00Z,42792.0
2025-12-08T09:00:00Z,43947.0
2025-12-08T10:00:00Z,44463.3
2025-12-08T11:00:00Z,45687.3
2025-12-08T12:00:00Z,47051.0
2025-12-08T13:00:00Z,45240.5
2025-12-08T14:00:00Z,45748.7
2025-12-08T15:00:00Z,43304.7
2025-12-08T16:00:00Z,42301.6
2025-12-08T17:00:00Z,41824.8
2025-12-08T18:00:00Z,39961.9
2025-12-08T19:00:00Z,38745.1
2025-12-08T20:00:00Z,36716.0
2025-12-08T21:00:00Z,34792.9
2025-12-08T22:00:00Z,34159.3
2025-12-08T23:00:00Z,33265.0
2025-12-09T00:00:00Z,33728.9
2025-12-09T01:00:00Z,33715.9
2025-12-09T02:00:00Z,34668.8
2025-12-09T03:00:00Z,34649.0
2025-12-09T04:00:00Z,36166.9
2025-12-09T05:00:00Z,37577.6
2025-12-09T06:00:00Z,39222.8
2025-12-09T07:00:00Z,40943.9
2025-12-09T08:00:00Z,43196.0
2025-12-09T09:00:00Z,43895.5
2025-12-09T10:00:00Z,45425.6
2025-12-09T11:00:00Z,45541.3
2025-12-09T12:00:00Z,44716.0
2025-12-09T13:00:00Z,44709.4
2025-12-09T14:00:00Z,44716.9
2025-12-09T15:00:00Z,44424.3
2025-12-09T16:00:00Z,42533.2
2025-12-09T17:00:00Z,40256.5
2025-12-09T18:00:00Z,39477.2
2025-12-09T19:00:00Z,37669.3
2025-12-09T20:00:00Z,36601.5
2025-12-09T21:00:00Z,35438.6
2025-12-09T22:00:00Z,34163.6
2025-12-09T23:00:00Z,33057.2
2025-12-10T00:00:00Z,32537.8
2025-12-10T01:00:00Z,33104.5
2025-12-10T02:00:00Z,33874.3
2025-12-10T03:00:00Z,35091.8
2025-12-10T04:00:00Z,35955.8
2025-12-10T05:00:00Z,37365.5
2025-12-10T06:00:00Z,39565.5
2025-12-10T07:00:00Z,41348.4
2025-12-10T08:00:00Z,42571.1
2025-12-10T09:00:00Z,43181.3
2025-12-10T10:00:00Z,44545.3
2025-12-10T11:00:00Z,46455.2
2025-12-10T12:00:00Z,44983.1
2025-12-10T13:00:00Z,45140.0
2025-12-10T14:00:00Z,45182.2
2025-12-10T15:00:00Z,43215.7
2025-12-10T16:00:00Z,42262.1
2025-12-10T17:00:00Z,41590.5
2025-12-10T18:00:00Z,39817.7
2025-12-10T19:00:00Z,36761.9
2025-12-10T20:00:00Z,36507.4
2025-12-10T21:00:00Z,34736.6
2025-12-10T22:00:00Z,33191.1
2025-12-10T23:00:00Z,33843.3
2025-12-11T00:00:00Z,32701.9
2025-12-11T01:00:00Z,33164.5
2025-12-11T02:00:00Z,33364.1
2025-12-11T03:00:00Z,35212.2
2025-12-11T04:00:00Z,36562.2
2025-12-11T05:00:00Z,38008.8
2025-12-11T06:00:00Z,40458.0
2025-12-11T07:00:00Z,41150.3
2025-12-11T08:00:00Z,42171.4
2025-12-11T09:00:00Z,43910.8
2025-12-11T10:00:00Z,44806.8
2025-12-11T11:00:00Z,45634.1
2025-12-11T12:00:00Z,44244.9
2025-12-11T13:00:00Z,45713.2
2025-12-11T14:00:00Z,45699.4
2025-12-11T15:00:00Z,44122.7
2025-12-11T16:00:00Z,42061.2
2025-12-11T17:00:00Z,42005.2
2025-12-11T18:00:00Z,39684.9
2025-12-11T19:00:00Z,38749.0
2025-12-11T20:00:00Z,36700.0
2025-12-11T21:00:00Z,34747.1
2025-12-11T22:00:00Z,33069.4
2025-12-11T23:00:00Z,33357.9
2025-12-12T00:00:00Z,33268.1
2025-12-12T01:00:00Z,33001.9
2025-12-12T02:00:00Z,33146.2
2025-12-12T03:00:00Z,35257.0
2025-12-12T04:00:00Z,35726.9
2025-12-12T05:00:00Z,38348.3
2025-12-12T06:00:00Z,38946.1
2025-12-12T07:00:00Z,41041.9
2025-12-12T08:00:00Z,42182.3
2025-12-12T09:00:00Z,43849.3
2025-12-12T10:00:00Z,44912.1
2025-12-12T11:00:00Z,44153.9
2025-12-12T12:00:00Z,45106.8
2025-12-12T13:00:00Z,44953.1
2025-12-12T14:00:00Z,44314.6
2025-12-12T15:00:00Z,43591.2
2025-12-12T16:00:00Z,42927.9
2025-12-12T17:00:00Z,40306.0
2025-12-12T18:00:00Z,39501.6
2025-12-12T19:00:00Z,37398.1
2025-12-12T20:00:00Z,35736.3
2025-12-12T21:00:00Z,34032.2
2025-12-12T22:00:00Z,33411.8
2025-12-12T23:00:00Z,32619.5
2025-12-13T00:00:00Z,31370.2
2025-12-13T01:00:00Z,32137.2
2025-12-13T02:00:00Z,32248.9
2025-12-13T03:00:00Z,33339.5
2025-12-13T04:00:00Z,33824.5
2025-12-13T05:00:00Z,36110.4
2025-12-13T06:00:00Z,36925.4
2025-12-13T07:00:00Z,38495.6
2025-12-13T08:00:00Z,40609.8
2025-12-13T09:00:00Z,41432.0
2025-12-13T10:00:00Z,43078.3
2025-12-13T11:00:00Z,43452.2
2025-12-13T12:00:00Z,43449.2
2025-12-13T13:00:00Z,43075.7
2025-12-13T14:00:00Z,42853.0
2025-12-13T15:00:00Z,41898.4
2025-12-13T16:00:00Z,40514.7
2025-12-13T17:00:00Z,39551.8
2025-12-13T18:00:00Z,37060.7
2025-12-13T19:00:00Z,35032.3
2025-12-13T20:00:00Z,33560.7
2025-12-13T21:00:00Z,32447.4
2025-12-13T22:00:00Z,31487.5
2025-12-13T23:00:00Z,31266.1
2025-12-14T00:00:00Z,31866.4
2025-12-14T01:00:00Z,30707.1
2025-12-14T02:00:00Z,31416.3
2025-12-14T03:00:00Z,32567.6
2025-12-14T04:00:00Z,33623.4
2025-12-14T05:00:00Z,35240.8
2025-12-14T06:00:00Z,37610.7
2025-12-14T07:00:00Z,39519.6
2025-12-14T08:00:00Z,39998.6
2025-12-14T09:00:00Z,41617.5
2025-12-14T10:00:00Z,43116.0
2025-12-14T11:00:00Z,43431.2
2025-12-14T12:00:00Z,43383.1
2025-12-14T13:00:00Z,43449.2
2025-12-14T14:00:00Z,42589.7
2025-12-14T15:00:00Z,41305.5
2025-12-14T16:00:00Z,40622.5
2025-12-14T17:00:00Z,38532.4
2025-12-14T18:00:00Z,36988.6
2025-12-14T19:00:00Z,35784.3
2025-12-14T20:00:00Z,33535.1
2025-12-14T21:00:00Z,33196.8
2025-12-14T22:00:00Z,31472.6
2025-12-14T23:00:00Z,30720.2
2025-12-15T00:00:00Z,32907.5
2025-12-15T01:00:00Z,33176.9
2025-12-15T02:00:00Z,33949.9
2025-12-15T03:00:00Z,35133.8
2025-12-15T04:00:00Z,35234.8
2025-12-15T05:00:00Z,37112.9
2025-12-15T06:00:00Z,38305.7
2025-12-15T07:00:00Z,40085.9
2025-12-15T08:00:00Z,42406.2
2025-12-15T09:00:00Z,43413.9
2025-12-15T10:00:00Z,44380.1
2025-12-15T11:00:00Z,45077.8
2025-12-15T12:00:00Z,44867.3
2025-12-15T13:00:00Z,45506.7
2025-12-15T14:00:00Z,43735.3
2025-12-15T15:00:00Z,43589.5
2025-12-15T16:00:00Z,41659.4
2025-12-15T17:00:00Z,39990.4
2025-12-15T18:00:00Z,39862.9
2025-12-15T19:00:00Z,37037.3
2025-12-15T20:00:00Z,36071.8
2025-12-15T21:00:00Z,34030.8
2025-12-15T22:00:00Z,33064.8
2025-12-15T23:00:00Z,33422.3
2025-12-16T00:00:00Z,32701.1
2025-12-16T01:00:00Z,32738.6
2025-12-16T02:00:00Z,33561.4
2025-12-16T03:00:00Z,34628.1
2025-12-16T04:00:00Z,36036.4
2025-12-16T05:00:00Z,37353.4
2025-12-16T06:00:00Z,39068.2
2025-12-16T07:00:00Z,40490.7
2025-12-16T08:00:00Z,41905.3
2025-12-16T09:00:00Z,43690.3
2025-12-16T10:00:00Z,43006.4
2025-12-16T11:00:00Z,45154.2
2025-12-16T12:00:00Z,44960.0
2025-12-16T13:00:00Z,44826.7
2025-12-16T14:00:00Z,43980.5
2025-12-16T15:00:00Z,42761.4
2025-12-16T16:00:00Z,42132.8
2025-12-16T17:00:00Z,39716.5
2025-12-16T18:00:00Z,38203.7
2025-12-16T19:00:00Z,36584.8
2025-12-16T20:00:00Z,36413.7
2025-12-16T21:00:00Z,34287.0
2025-12-16T22:00:00Z,33284.0
2025-12-16T23:00:00Z,31956.0
2025-12-17T00:00:00Z,32381.9
2025-12-17T01:00:00Z,32981.5
2025-12-17T02:00:00Z,32621.7
2025-12-17T03:00:00Z,34195.1
2025-12-17T04:00:00Z,35553.2
2025-12-17T05:00:00Z,37261.6
2025-12-17T06:00:00Z,39057.1
2025-12-17T07:00:00Z,41173.2
2025-12-17T08:00:00Z,41674.1
2025-12-17T09:00:00Z,42979.2
2025-12-17T10:00:00Z,43631.5
2025-12-17T11:00:00Z,45062.5
2025-12-17T12:00:00Z,44769.7
2025-12-17T13:00:00Z,44811.4
2025-12-17T14:00:00Z,44304.3
2025-12-17T15:00:00Z,42886.2
2025-12-17T16:00:00Z,41578.8
2025-12-17T17:00:00Z,40247.8
2025-12-17T18:00:00Z,38626.1
2025-12-17T19:00:00Z,36969.9
2025-12-17T20:00:00Z,35361.6
2025-12-17T21:00:00Z,34124.4
2025-12-17T22:00:00Z,33769.6
2025-12-17T23:00:00Z,32229.6
2025-12-18T00:00:00Z,32255.3
2025-12-18T01:00:00Z,32428.5
2025-12-18T02:00:00Z,33585.0
2025-12-18T03:00:00Z,33776.1
2025-12-18T04:00:00Z,35209.8
2025-12-18T05:00:00Z,36577.1
2025-12-18T06:00:00Z,38850.2
2025-12-18T07:00:00Z,40380.8
2025-12-18T08:00:00Z,41781.2
2025-12-18T09:00:00Z,42926.3
2025-12-18T10:00:00Z,44975.5
2025-12-18T11:00:00Z,44622.7
2025-12-18T12:00:00Z,43713.6
2025-12-18T13:00:00Z,43734.5
2025-12-18T14:00:00Z,43143.9
2025-12-18T15:00:00Z,42634.8
2025-12-18T16:00:00Z,40797.6
2025-12-18T17:00:00Z,40059.4
2025-12-18T18:00:00Z,37720.9
2025-12-18T19:00:00Z,36799.5
2025-12-18T20:00:00Z,35004.9
2025-12-18T21:00:00Z,34286.2
2025-12-18T22:00:00Z,33105.1
2025-12-18T23:00:00Z,31932.7
2025-12-19T00:00:00Z,32997.6
2025-12-19T01:00:00Z,31736.1
2025-12-19T02:00:00Z,32658.2
2025-12-19T03:00:00Z,33211.9
2025-12-19T04:00:00Z,35698.1
2025-12-19T05:00:00Z,37184.3
2025-12-19T06:00:00Z,38274.2
2025-12-19T07:00:00Z,38696.6
2025-12-19T08:00:00Z,41828.5
2025-12-19T09:00:00Z,43628.1
2025-12-19T10:00:00Z,43274.3
2025-12-19T11:00:00Z,44577.8
2025-12-19T12:00:00Z,45006.0
2025-12-19T13:00:00Z,44360.9
2025-12-19T14:00:00Z,43124.2
2025-12-19T15:00:00Z,42625.6
2025-12-19T16:00:00Z,41109.6
2025-12-19T17:00:00Z,40210.7
2025-12-19T18:00:00Z,37432.5
2025-12-19T19:00:00Z,36969.8
2025-12-19T20:00:00Z,35239.2
2025-12-19T21:00:00Z,33120.7
2025-12-19T22:00:00Z,32411.1
2025-12-19T23:00:00Z,32573.8
2025-12-20T00:00:00Z,30889.6
2025-12-20T01:00:00Z,30888.7
2025-12-20T02:00:00Z,32551.5
2025-12-20T03:00:00Z,32160.1
2025-12-20T04:00:00Z,32747.6
2025-12-20T05:00:00Z,34872.6
2025-12-20T06:00:00Z,36101.5
2025-12-20T07:00:00Z,36862.1
2025-12-20T08:00:00Z,40121.1
2025-12-20T09:00:00Z,40375.5
2025-12-20T10:00:00Z,41393.8
2025-12-20T11:00:00Z,43408.4
2025-12-20T12:00:00Z,42372.1
2025-12-20T13:00:00Z,42055.4
2025-12-20T14:00:00Z,42295.8
2025-12-20T15:00:00Z,41815.7
2025-12-20T16:00:00Z,38628.2
2025-12-20T17:00:00Z,37523.5
2025-12-20T18:00:00Z,36148.7
2025-12-20T19:00:00Z,35255.8
2025-12-20T20:00:00Z,33480.4
2025-12-20T21:00:00Z,32642.1
2025-12-20T22:00:00Z,30324.8
2025-12-20T23:00:00Z,30388.3
2025-12-21T00:00:00Z,30867.8
2025-12-21T01:00:00Z,29394.0
2025-12-21T02:00:00Z,31506.9
2025-12-21T03:00:00Z,31518.0
2025-12-21T04:00:00Z,33378.9
2025-12-21T05:00:00Z,34197.9
2025-12-21T06:00:00Z,36674.4
2025-12-21T07:00:00Z,38364.5
2025-12-21T08:00:00Z,39389.5
2025-12-21T09:00:00Z,41603.7
2025-12-21T10:00:00Z,41235.5
2025-12-21T11:00:00Z,42875.1
2025-12-21T12:00:00Z,41998.3
2025-12-21T13:00:00Z,42865.0
2025-12-21T14:00:00Z,42181.3
2025-12-21T15:00:00Z,40390.8
2025-12-21T16:00:00Z,40280.3
2025-12-21T17:00:00Z,37946.0
2025-12-21T18:00:00Z,35651.3
2025-12-21T19:00:00Z,34578.2
2025-12-21T20:00:00Z,33707.2
2025-12-21T21:00:00Z,31974.9
2025-12-21T22:00:00Z,31433.9
2025-12-21T23:00:00Z,31070.0
2025-12-22T00:00:00Z,32168.3
2025-12-22T01:00:00Z,32235.5
2025-12-22T02:00:00Z,32688.9
2025-12-22T03:00:00Z,33814.6
2025-12-22T04:00:00Z,35608.8
2025-12-22T05:00:00Z,36060.5
2025-12-22T06:00:00Z,37881.2
2025-12-22T07:00:00Z,40001.7
2025-12-22T08:00:00Z,40591.0
2025-12-22T09:00:00Z,42900.4
2025-12-22T10:00:00Z,43392.4
2025-12-22T11:00:00Z,44254.7
2025-12-22T12:00:00Z,43901.2
2025-12-22T13:00:00Z,43894.1
2025-12-22T14:00:00Z,43998.2
2025-12-22T15:00:00Z,41831.7
2025-12-22T16:00:00Z,41621.3
2025-12-22T17:00:00Z,40171.7
2025-12-22T18:00:00Z,38031.8
2025-12-22T19:00:00Z,35370.7
2025-12-22T20:00:00Z,34299.7
2025-12-22T21:00:00Z,33778.0
2025-12-22T22:00:00Z,33131.1
2025-12-22T23:00:00Z,31246.9
2025-12-23T00:00:00Z,31821.9
2025-12-23T01:00:00Z,31968.5
2025-12-23T02:00:00Z,31693.9
2025-12-23T03:00:00Z,33549.6
2025-12-23T04:00:00Z,34360.3
2025-12-23T05:00:00Z,35479.9
2025-12-23T06:00:00Z,38783.8
2025-12-23T07:00:00Z,39087.5
2025-12-23T08:00:00Z,40244.0
2025-12-23T09:00:00Z,41540.7
2025-12-23T10:00:00Z,44253.9
2025-12-23T11:00:00Z,44389.8
2025-12-23T12:00:00Z,44377.5
2025-12-23T13:00:00Z,43454.2
2025-12-23T14:00:00Z,43457.1
2025-12-23T15:00:00Z,42307.6
2025-12-23T16:00:00Z,41357.6
2025-12-23T17:00:00Z,38725.8
2025-12-23T18:00:00Z,38236.3
2025-12-23T19:00:00Z,36756.2
2025-12-23T20:00:00Z,34285.0
2025-12-23T21:00:00Z,32972.2
2025-12-23T22:00:00Z,32403.3
2025-12-23T23:00:00Z,31149.3
2025-12-24T00:00:00Z,31361.0
2025-12-24T01:00:00Z,31570.0
2025-12-24T02:00:00Z,33051.8
2025-12-24T03:00:00Z,32816.2
2025-12-24T04:00:00Z,34459.0
2025-12-24T05:00:00Z,36807.3
2025-12-24T06:00:00Z,36853.9
2025-12-24T07:00:00Z,39884.9
2025-12-24T08:00:00Z,40616.5
2025-12-24T09:00:00Z,42446.7
2025-12-24T10:00:00Z,43130.3
2025-12-24T11:00:00Z,44087.3
2025-12-24T12:00:00Z,42246.1
2025-12-24T13:00:00Z,43389.1
2025-12-24T14:00:00Z,42007.5
2025-12-24T15:00:00Z,41990.9
2025-12-24T16:00:00Z,40513.9
2025-12-24T17:00:00Z,39384.9
2025-12-24T18:00:00Z,38605.7
2025-12-24T19:00:00Z,36401.0
2025-12-24T20:00:00Z,34834.9
2025-12-24T21:00:00Z,33666.3
2025-12-24T22:00:00Z,32221.7
2025-12-24T23:00:00Z,32507.7
2025-12-25T00:00:00Z,31738.7
2025-12-25T01:00:00Z,31630.4
2025-12-25T02:00:00Z,32864.8
2025-12-25T03:00:00Z,33031.7
2025-12-25T04:00:00Z,34248.3
2025-12-25T05:00:00Z,35562.0
2025-12-25T06:00:00Z,36896.4
2025-12-25T07:00:00Z,38612.3
2025-12-25T08:00:00Z,41350.2
2025-12-25T09:00:00Z,41808.3
2025-12-25T10:00:00Z,43001.3
2025-12-25T11:00:00Z,44018.1
2025-12-25T12:00:00Z,43774.2
2025-12-25T13:00:00Z,43133.2
2025-12-25T14:00:00Z,42579.9
2025-12-25T15:00:00Z,41792.5
2025-12-25T16:00:00Z,41263.5
2025-12-25T17:00:00Z,38956.6
2025-12-25T18:00:00Z,37320.2
2025-12-25T19:00:00Z,36274.1
2025-12-25T20:00:00Z,34512.3
2025-12-25T21:00:00Z,33240.0
2025-12-25T22:00:00Z,32335.6
2025-12-25T23:00:00Z,32475.9
2025-12-26T00:00:00Z,31087.6
2025-12-26T01:00:00Z,31234.2
2025-12-26T02:00:00Z,33028.6
2025-12-26T03:00:00Z,32618.4
2025-12-26T04:00:00Z,33481.3
2025-12-26T05:00:00Z,36325.6
2025-12-26T06:00:00Z,37243.9
2025-12-26T07:00:00Z,39095.7
2025-12-26T08:00:00Z,40653.4
2025-12-26T09:00:00Z,41302.1
2025-12-26T10:00:00Z,43148.5
2025-12-26T11:00:00Z,42885.8
2025-12-26T12:00:00Z,44158.2
2025-12-26T13:00:00Z,44100.8
2025-12-26T14:00:00Z,42529.6
2025-12-26T15:00:00Z,42463.8
2025-12-26T16:00:00Z,40700.2
2025-12-26T17:00:00Z,40056.9
2025-12-26T18:00:00Z,37505.6
2025-12-26T19:00:00Z,34947.9
2025-12-26T20:00:00Z,33432.2
2025-12-26T21:00:00Z,33546.3
2025-12-26T22:00:00Z,31855.8
2025-12-26T23:00:00Z,31671.8
2025-12-27T00:00:00Z,28828.9
2025-12-27T01:00:00Z,29318.5
2025-12-27T02:00:00Z,29087.6
2025-12-27T03:00:00Z,31430.3
2025-12-27T04:00:00Z,32928.5
2025-12-27T05:00:00Z,33621.5
2025-12-27T06:00:00Z,35894.0
2025-12-27T07:00:00Z,36869.0
2025-12-27T08:00:00Z,38936.2
2025-12-27T09:00:00Z,39800.4
2025-12-27T10:00:00Z,40570.3
2025-12-27T11:00:00Z,41887.4
2025-12-27T12:00:00Z,40886.9
2025-12-27T13:00:00Z,42590.5
2025-12-27T14:00:00Z,40198.4
2025-12-27T15:00:00Z,39000.6
2025-12-27T16:00:00Z,38879.6
2025-12-27T17:00:00Z,36693.5
2025-12-27T18:00:00Z,35936.3
2025-12-27T19:00:00Z,33280.9
2025-12-27T20:00:00Z,33274.9
2025-12-27T21:00:00Z,31875.3
2025-12-27T22:00:00Z,29677.2
2025-12-27T23:00:00Z,30632.5
2025-12-28T00:00:00Z,29040.9
2025-12-28T01:00:00Z,29482.5
2025-12-28T02:00:00Z,29763.6
2025-12-28T03:00:00Z,31235.9
2025-12-28T04:00:00Z,32586.7
2025-12-28T05:00:00Z,33822.0
2025-12-28T06:00:00Z,35657.8
2025-12-28T07:00:00Z,37182.3
2025-12-28T08:00:00Z,38866.3
2025-12-28T09:00:00Z,39227.0
2025-12-28T10:00:00Z,40675.7
2025-12-28T11:00:00Z,40917.8
2025-12-28T12:00:00Z,41705.2
2025-12-28T13:00:00Z,41485.8
2025-12-28T14:00:00Z,40796.8
2025-12-28T15:00:00Z,39552.1
2025-12-28T16:00:00Z,39564.5
2025-12-28T17:00:00Z,36611.7
2025-12-28T18:00:00Z,35771.6
2025-12-28T19:00:00Z,33654.1
2025-12-28T20:00:00Z,33150.2
2025-12-28T21:00:00Z,31720.8
2025-12-28T22:00:00Z,30326.8
2025-12-28T23:00:00Z,29834.8
2025-12-29T00:00:00Z,30438.6
2025-12-29T01:00:00Z,30557.9
2025-12-29T02:00:00Z,32114.3
2025-12-29T03:00:00Z,32712.7
2025-12-29T04:00:00Z,33190.8
2025-12-29T05:00:00Z,35408.6
2025-12-29T06:00:00Z,36432.6
2025-12-29T07:00:00Z,37976.2
2025-12-29T08:00:00Z,40193.3
2025-12-29T09:00:00Z,41546.5
2025-12-29T10:00:00Z,42339.3
2025-12-29T11:00:00Z,42867.5
2025-12-29T12:00:00Z,42793.8
2025-12-29T13:00:00Z,43019.4
2025-12-29T14:00:00Z,42435.8
2025-12-29T15:00:00Z,41265.5
2025-12-29T16:00:00Z,41442.3
2025-12-29T17:00:00Z,38568.7
2025-12-29T18:00:00Z,37165.2
2025-12-29T19:00:00Z,35089.5
2025-12-29T20:00:00Z,33897.8
2025-12-29T21:00:00Z,32726.3
2025-12-29T22:00:00Z,32002.2
2025-12-29T23:00:00Z,29522.3
2025-12-30T00:00:00Z,31297.0
2025-12-30T01:00:00Z,31244.6
2025-12-30T02:00:00Z,31714.5
2025-12-30T03:00:00Z,32043.3
2025-12-30T04:00:00Z,32949.2
2025-12-30T05:00:00Z,34785.5
2025-12-30T06:00:00Z,37341.6
2025-12-30T07:00:00Z,38936.1
2025-12-30T08:00:00Z,40099.7
2025-12-30T09:00:00Z,41766.5
2025-12-30T10:00:00Z,41904.3
2025-12-30T11:00:00Z,42441.8
2025-12-30T12:00:00Z,43871.6
2025-12-30T13:00:00Z,43584.1
2025-12-30T14:00:00Z,42793.2
2025-12-30T15:00:00Z,41968.9
2025-12-30T16:00:00Z,40091.1
2025-12-30T17:00:00Z,37419.1
2025-12-30T18:00:00Z,36858.8
2025-12-30T19:00:00Z,35953.0
2025-12-30T20:00:00Z,33751.8
2025-12-30T21:00:00Z,32951.4
2025-12-30T22:00:00Z,31920.3
2025-12-30T23:00:00Z,30511.7
2025-12-31T00:00:00Z,30908.5
2025-12-31T01:00:00Z,30899.1
2025-12-31T02:00:00Z,30729.8
2025-12-31T03:00:00Z,33019.8
2025-12-31T04:00:00Z,33204.7
2025-12-31T05:00:00Z,35501.0
2025-12-31T06:00:00Z,37134.6
2025-12-31T07:00:00Z,38093.3
2025-12-31T08:00:00Z,39512.9
2025-12-31T09:00:00Z,41508.1
2025-12-31T10:00:00Z,42392.9
2025-12-31T11:00:00Z,43520.3
2025-12-31T12:00:00Z,43197.9
2025-12-31T13:00:00Z,43160.6
2025-12-31T14:00:00Z,42363.1
2025-12-31T15:00:00Z,41770.0
2025-12-31T16:00:00Z,39477.6
2025-12-31T17:00:00Z,37518.2
2025-12-31T18:00:00Z,37132.0
2025-12-31T19:00:00Z,35159.6
2025-12-31T20:00:00Z,33432.6
2025-12-31T21:00:00Z,33332.7
2025-12-31T22:00:00Z,30747.7
2025-12-31T23:00:00Z,30709.7
2026-01-01T00:00:00Z,30986.8
2026-01-01T01:00:00Z,30628.6
2026-01-01T02:00:00Z,31134.6
2026-01-01T03:00:00Z,32506.6
2026-01-01T04:00:00Z,33440.3
2026-01-01T05:00:00Z,34255.7
2026-01-01T06:00:00Z,36067.9
2026-01-01T07:00:00Z,38712.0
2026-01-01T08:00:00Z,40208.0
2026-01-01T09:00:00Z,40546.8
2026-01-01T10:00:00Z,42281.6
2026-01-01T11:00:00Z,43097.3
2026-01-01T12:00:00Z,43325.7
2026-01-01T13:00:00Z,43514.2
2026-01-01T14:00:00Z,42651.5
2026-01-01T15:00:00Z,41124.7
2026-01-01T16:00:00Z,39741.5
2026-01-01T17:00:00Z,38714.3
2026-01-01T18:00:00Z,36162.6
2026-01-01T19:00:00Z,34301.1
2026-01-01T20:00:00Z,34051.8
2026-01-01T21:00:00Z,32927.1
2026-01-01T22:00:00Z,31665.9
2026-01-01T23:00:00Z,30895.0
2026-01-02T00:00:00Z,29583.7
2026-01-02T01:00:00Z,29881.3
2026-01-02T02:00:00Z,30912.0
2026-01-02T03:00:00Z,33074.5
2026-01-02T04:00:00Z,33362.9
2026-01-02T05:00:00Z,35104.6
2026-01-02T06:00:00Z,36221.6
2026-01-02T07:00:00Z,38927.8
2026-01-02T08:00:00Z,38779.7
2026-01-02T09:00:00Z,41882.3
2026-01-02T10:00:00Z,42031.8
2026-01-02T11:00:00Z,41294.1
2026-01-02T12:00:00Z,42907.2
2026-01-02T13:00:00Z,42951.1
2026-01-02T14:00:00Z,42326.5
2026-01-02T15:00:00Z,41281.6
2026-01-02T16:00:00Z,39595.3
2026-01-02T17:00:00Z,38102.1
2026-01-02T18:00:00Z,36693.6
2026-01-02T19:00:00Z,34710.0
2026-01-02T20:00:00Z,34403.4
2026-01-02T21:00:00Z,31618.1
2026-01-02T22:00:00Z,31310.7
2026-01-02T23:00:00Z,30468.4
2026-01-03T00:00:00Z,27797.9
2026-01-03T01:00:00Z,29487.8
2026-01-03T02:00:00Z,29517.8
2026-01-03T03:00:00Z,30018.5
2026-01-03T04:00:00Z,31217.1
2026-01-03T05:00:00Z,33027.0
2026-01-03T06:00:00Z,35587.4
2026-01-03T07:00:00Z,36504.0
2026-01-03T08:00:00Z,37423.2
2026-01-03T09:00:00Z,39255.3
2026-01-03T10:00:00Z,39814.2
2026-01-03T11:00:00Z,41070.7
2026-01-03T12:00:00Z,41240.3
2026-01-03T13:00:00Z,41188.7
2026-01-03T14:00:00Z,40348.0
2026-01-03T15:00:00Z,39247.3
2026-01-03T16:00:00Z,37240.6
2026-01-03T17:00:00Z,36525.0
2026-01-03T18:00:00Z,35361.6
2026-01-03T19:00:00Z,32436.2
2026-01-03T20:00:00Z,32149.2
2026-01-03T21:00:00Z,30074.3
2026-01-03T22:00:00Z,29069.7
2026-01-03T23:00:00Z,28458.0
2026-01-04T00:00:00Z,28797.4
2026-01-04T01:00:00Z,28666.6
2026-01-04T02:00:00Z,29366.4
2026-01-04T03:00:00Z,29746.1
2026-01-04T04:00:00Z,32363.2
2026-01-04T05:00:00Z,32565.1
2026-01-04T06:00:00Z,35340.9
2026-01-04T07:00:00Z,36923.7
2026-01-04T08:00:00Z,38159.4
2026-01-04T09:00:00Z,38435.5
2026-01-04T10:00:00Z,40097.9
2026-01-04T11:00:00Z,40305.1
2026-01-04T12:00:00Z,41704.2
2026-01-04T13:00:00Z,40834.1
2026-01-04T14:00:00Z,40295.6
2026-01-04T15:00:00Z,39198.6
2026-01-04T16:00:00Z,37930.2
2026-01-04T17:00:00Z,36826.5
2026-01-04T18:00:00Z,35779.3
2026-01-04T19:00:00Z,33463.3
2026-01-04T20:00:00Z,32208.6
2026-01-04T21:00:00Z,30629.0
2026-01-04T22:00:00Z,29513.5
2026-01-04T23:00:00Z,28072.2
2026-01-05T00:00:00Z,29860.2
2026-01-05T01:00:00Z,29962.6
2026-01-05T02:00:00Z,31200.7
2026-01-05T03:00:00Z,30382.0
2026-01-05T04:00:00Z,32059.2
2026-01-05T05:00:00Z,34426.6
2026-01-05T06:00:00Z,36502.4
2026-01-05T07:00:00Z,37728.2
2026-01-05T08:00:00Z,39366.7
2026-01-05T09:00:00Z,41077.3
2026-01-05T10:00:00Z,42434.4
2026-01-05T11:00:00Z,43184.5
2026-01-05T12:00:00Z,42838.8
2026-01-05T13:00:00Z,42889.2
2026-01-05T14:00:00Z,41524.7
2026-01-05T15:00:00Z,40274.8
2026-01-05T16:00:00Z,39752.5
2026-01-05T17:00:00Z,38741.7
2026-01-05T18:00:00Z,36608.9
2026-01-05T19:00:00Z,33745.2
2026-01-05T20:00:00Z,33763.8
2026-01-05T21:00:00Z,32910.6
2026-01-05T22:00:00Z,31323.4
2026-01-05T23:00:00Z,30191.4
2026-01-06T00:00:00Z,29555.1
2026-01-06T01:00:00Z,29629.2
2026-01-06T02:00:00Z,31577.0
2026-01-06T03:00:00Z,31674.8
2026-01-06T04:00:00Z,32988.8
2026-01-06T05:00:00Z,34522.4
2026-01-06T06:00:00Z,36158.0
2026-01-06T07:00:00Z,38028.3
2026-01-06T08:00:00Z,39142.8
2026-01-06T09:00:00Z,40810.7
2026-01-06T10:00:00Z,41353.7
2026-01-06T11:00:00Z,41857.4
2026-01-06T12:00:00Z,41564.5
2026-01-06T13:00:00Z,42311.1
2026-01-06T14:00:00Z,42288.6
2026-01-06T15:00:00Z,40950.3
2026-01-06T16:00:00Z,39905.8
2026-01-06T17:00:00Z,37650.4
2026-01-06T18:00:00Z,35841.6
2026-01-06T19:00:00Z,34223.6
2026-01-06T20:00:00Z,32545.6
2026-01-06T21:00:00Z,32231.2
2026-01-06T22:00:00Z,31468.3
2026-01-06T23:00:00Z,29850.4
2026-01-07T00:00:00Z,30087.4
2026-01-07T01:00:00Z,29362.4
2026-01-07T02:00:00Z,30859.7
2026-01-07T03:00:00Z,32089.7
2026-01-07T04:00:00Z,32555.1
2026-01-07T05:00:00Z,35113.4
2026-01-07T06:00:00Z,35869.0
2026-01-07T07:00:00Z,37838.9
2026-01-07T08:00:00Z,40051.4
2026-01-07T09:00:00Z,39705.1
2026-01-07T10:00:00Z,41728.1
2026-01-07T11:00:00Z,41975.2
2026-01-07T12:00:00Z,43075.8
2026-01-07T13:00:00Z,42088.3
2026-01-07T14:00:00Z,41394.2
2026-01-07T15:00:00Z,40743.7
2026-01-07T16:00:00Z,40098.1
2026-01-07T17:00:00Z,37393.7
2026-01-07T18:00:00Z,35598.5
2026-01-07T19:00:00Z,34067.4
2026-01-07T20:00:00Z,33449.7
2026-01-07T21:00:00Z,30751.6
2026-01-07T22:00:00Z,30082.8
2026-01-07T23:00:00Z,29717.8
2026-01-08T00:00:00Z,29232.2
2026-01-08T01:00:00Z,29816.1
2026-01-08T02:00:00Z,30159.5
2026-01-08T03:00:00Z,30482.3
2026-01-08T04:00:00Z,33966.1
2026-01-08T05:00:00Z,34835.6
2026-01-08T06:00:00Z,35826.2
2026-01-08T07:00:00Z,37241.2
2026-01-08T08:00:00Z,38673.6
2026-01-08T09:00:00Z,39372.8
2026-01-08T10:00:00Z,40731.8
2026-01-08T11:00:00Z,42025.3
2026-01-08T12:00:00Z,42282.5
2026-01-08T13:00:00Z,42656.1
2026-01-08T14:00:00Z,41302.7
2026-01-08T15:00:00Z,39997.1
2026-01-08T16:00:00Z,39500.3
2026-01-08T17:00:00Z,37828.9
2026-01-08T18:00:00Z,35251.4
2026-01-08T19:00:00Z,33930.7
2026-01-08T20:00:00Z,33246.8
2026-01-08T21:00:00Z,31109.0
2026-01-08T22:00:00Z,30556.4
2026-01-08T23:00:00Z,29377.4
2026-01-09T00:00:00Z,30083.6
2026-01-09T01:00:00Z,30821.9
2026-01-09T02:00:00Z,29324.6
2026-01-09T03:00:00Z,30833.5
2026-01-09T04:00:00Z,33024.5
2026-01-09T05:00:00Z,34313.9
2026-01-09T06:00:00Z,35742.5
2026-01-09T07:00:00Z,36718.7
2026-01-09T08:00:00Z,37983.4
2026-01-09T09:00:00Z,39976.8
2026-01-09T10:00:00Z,41683.3
2026-01-09T11:00:00Z,42314.7
2026-01-09T12:00:00Z,43249.1
2026-01-09T13:00:00Z,40907.1
2026-01-09T14:00:00Z,41292.9
2026-01-09T15:00:00Z,40338.4
2026-01-09T16:00:00Z,39908.8
2026-01-09T17:00:00Z,37055.7
2026-01-09T18:00:00Z,36513.9
2026-01-09T19:00:00Z,33366.2
2026-01-09T20:00:00Z,33240.0
2026-01-09T21:00:00Z,30905.6
2026-01-09T22:00:00Z,29854.9
2026-01-09T23:00:00Z,29958.4
2026-01-10T00:00:00Z,27453.6
2026-01-10T01:00:00Z,28034.8
2026-01-10T02:00:00Z,28452.3
2026-01-10T03:00:00Z,29082.3
2026-01-10T04:00:00Z,31212.9
2026-01-10T05:00:00Z,32157.9
2026-01-10T06:00:00Z,33542.4
2026-01-10T07:00:00Z,35142.7
2026-01-10T08:00:00Z,36021.4
2026-01-10T09:00:00Z,37613.5
2026-01-10T10:00:00Z,39459.6
2026-01-10T11:00:00Z,40024.1
2026-01-10T12:00:00Z,40054.1
2026-01-10T13:00:00Z,40600.4
2026-01-10T14:00:00Z,39290.3
2026-01-10T15:00:00Z,38307.2
2026-01-10T16:00:00Z,37292.0
2026-01-10T17:00:00Z,35689.7
2026-01-10T18:00:00Z,34508.5
2026-01-10T19:00:00Z,32010.7
2026-01-10T20:00:00Z,30836.0
2026-01-10T21:00:00Z,29501.3
2026-01-10T22:00:00Z,28328.4
2026-01-10T23:00:00Z,27845.1
2026-01-11T00:00:00Z,28030.5
2026-01-11T01:00:00Z,28545.8
2026-01-11T02:00:00Z,28405.4
2026-01-11T03:00:00Z,29388.5
2026-01-11T04:00:00Z,30807.9
2026-01-11T05:00:00Z,32765.2
2026-01-11T06:00:00Z,34111.7
2026-01-11T07:00:00Z,36265.2
2026-01-11T08:00:00Z,37887.9
2026-01-11T09:00:00Z,38805.0
2026-01-11T10:00:00Z,38903.4
2026-01-11T11:00:00Z,39636.3
2026-01-11T12:00:00Z,39836.8
2026-01-11T13:00:00Z,39583.2
2026-01-11T14:00:00Z,39720.1
2026-01-11T15:00:00Z,37882.1
2026-01-11T16:00:00Z,37189.6
2026-01-11T17:00:00Z,35210.0
2026-01-11T18:00:00Z,33360.7
2026-01-11T19:00:00Z,32832.2
2026-01-11T20:00:00Z,29957.3
2026-01-11T21:00:00Z,30108.0
2026-01-11T22:00:00Z,27692.8
2026-01-11T23:00:00Z,28052.2
2026-01-12T00:00:00Z,29319.8
2026-01-12T01:00:00Z,29530.0
2026-01-12T02:00:00Z,29969.0
2026-01-12T03:00:00Z,30656.5
2026-01-12T04:00:00Z,32160.1
2026-01-12T05:00:00Z,34505.2
2026-01-12T06:00:00Z,35912.4
2026-01-12T07:00:00Z,38189.5
2026-01-12T08:00:00Z,39125.7
2026-01-12T09:00:00Z,40146.5
2026-01-12T10:00:00Z,40934.4
2026-01-12T11:00:00Z,41368.5
2026-01-12T12:00:00Z,42371.4
2026-01-12T13:00:00Z,41275.6
2026-01-12T14:00:00Z,40676.8
2026-01-12T15:00:00Z,39503.3
2026-01-12T16:00:00Z,38822.5
2026-01-12T17:00:00Z,38706.5
2026-01-12T18:00:00Z,35258.9
2026-01-12T19:00:00Z,32925.2
2026-01-12T20:00:00Z,31921.6
2026-01-12T21:00:00Z,31448.7
2026-01-12T22:00:00Z,29815.7
2026-01-12T23:00:00Z,29128.5
2026-01-13T00:00:00Z,29398.3
2026-01-13T01:00:00Z,29201.6
2026-01-13T02:00:00Z,29413.0
2026-01-13T03:00:00Z,31084.4
2026-01-13T04:00:00Z,31626.1
2026-01-13T05:00:00Z,33584.4
2026-01-13T06:00:00Z,36219.8
2026-01-13T07:00:00Z,35704.4
2026-01-13T08:00:00Z,39198.5
2026-01-13T09:00:00Z,38695.5
2026-01-13T10:00:00Z,40770.5
2026-01-13T11:00:00Z,40173.3
2026-01-13T12:00:00Z,41329.9
2026-01-13T13:00:00Z,40880.7
2026-01-13T14:00:00Z,40314.5
2026-01-13T15:00:00Z,39207.3
2026-01-13T16:00:00Z,39140.0
2026-01-13T17:00:00Z,37366.7
2026-01-13T18:00:00Z,34438.5
2026-01-13T19:00:00Z,32713.3
2026-01-13T20:00:00Z,32040.1
2026-01-13T21:00:00Z,30100.3
2026-01-13T22:00:00Z,30855.1
2026-01-13T23:00:00Z,29952.8
2026-01-14T00:00:00Z,29197.0
2026-01-14T01:00:00Z,28183.6
2026-01-14T02:00:00Z,29342.2
2026-01-14T03:00:00Z,31213.2
2026-01-14T04:00:00Z,31502.5
2026-01-14T05:00:00Z,33870.8
2026-01-14T06:00:00Z,35131.4
2026-01-14T07:00:00Z,37208.7
2026-01-14T08:00:00Z,38192.8
2026-01-14T09:00:00Z,39477.8
2026-01-14T10:00:00Z,39819.8
2026-01-14T11:00:00Z,41052.3
2026-01-14T12:00:00Z,40881.4
2026-01-14T13:00:00Z,41492.1
2026-01-14T14:00:00Z,39756.9
2026-01-14T15:00:00Z,39954.4
2026-01-14T16:00:00Z,38740.8
2026-01-14T17:00:00Z,37049.3
2026-01-14T18:00:00Z,34309.7
2026-01-14T19:00:00Z,32824.4
2026-01-14T20:00:00Z,32075.7
2026-01-14T21:00:00Z,30739.3
2026-01-14T22:00:00Z,29494.7
2026-01-14T23:00:00Z,28960.1
2026-01-15T00:00:00Z,28170.6
2026-01-15T01:00:00Z,28409.2
2026-01-15T02:00:00Z,29000.1
2026-01-15T03:00:00Z,30249.7
2026-01-15T04:00:00Z,31769.7
2026-01-15T05:00:00Z,33159.7
2026-01-15T06:00:00Z,34469.4
2026-01-15T07:00:00Z,37112.0
2026-01-15T08:00:00Z,38169.1
2026-01-15T09:00:00Z,38836.9
2026-01-15T10:00:00Z,41738.8
2026-01-15T11:00:00Z,39640.9
2026-01-15T12:00:00Z,41503.2
2026-01-15T13:00:00Z,41143.1
2026-01-15T14:00:00Z,40045.9
2026-01-15T15:00:00Z,38818.1
2026-01-15T16:00:00Z,38021.5
2026-01-15T17:00:00Z,37113.2
2026-01-15T18:00:00Z,35416.6
2026-01-15T19:00:00Z,33590.0
2026-01-15T20:00:00Z,31943.3
2026-01-15T21:00:00Z,30568.5
2026-01-15T22:00:00Z,30039.1
2026-01-15T23:00:00Z,28999.2
2026-01-16T00:00:00Z,28713.0
2026-01-16T01:00:00Z,29513.6
2026-01-16T02:00:00Z,29153.0
2026-01-16T03:00:00Z,30590.4
2026-01-16T04:00:00Z,31672.6
2026-01-16T05:00:00Z,32774.8
2026-01-16T06:00:00Z,35573.1
2026-01-16T07:00:00Z,35942.1
2026-01-16T08:00:00Z,37749.3
2026-01-16T09:00:00Z,38792.6
2026-01-16T10:00:00Z,40450.2
2026-01-16T11:00:00Z,41147.0
2026-01-16T12:00:00Z,41907.7
2026-01-16T13:00:00Z,41700.6
2026-01-16T14:00:00Z,41066.1
2026-01-16T15:00:00Z,39510.5
2026-01-16T16:00:00Z,38474.3
2026-01-16T17:00:00Z,36315.5
2026-01-16T18:00:00Z,34320.3
2026-01-16T19:00:00Z,33853.8
2026-01-16T20:00:00Z,31306.4
2026-01-16T21:00:00Z,30778.2
2026-01-16T22:00:00Z,30218.3
2026-01-16T23:00:00Z,28812.8
2026-01-17T00:00:00Z,27480.6
2026-01-17T01:00:00Z,27007.6
2026-01-17T02:00:00Z,27556.7
2026-01-17T03:00:00Z,28934.7
2026-01-17T04:00:00Z,30831.1
2026-01-17T05:00:00Z,30745.9
2026-01-17T06:00:00Z,33139.9
2026-01-17T07:00:00Z,34241.1
2026-01-17T08:00:00Z,36257.8
2026-01-17T09:00:00Z,37670.7
2026-01-17T10:00:00Z,37661.7
2026-01-17T11:00:00Z,38467.7
2026-01-17T12:00:00Z,39695.1
2026-01-17T13:00:00Z,39238.7
2026-01-17T14:00:00Z,38063.8
2026-01-17T15:00:00Z,37430.7
2026-01-17T16:00:00Z,36593.0
2026-01-17T17:00:00Z,35070.8
2026-01-17T18:00:00Z,31917.5
2026-01-17T19:00:00Z,31099.0
2026-01-17T20:00:00Z,30736.0
2026-01-17T21:00:00Z,28387.4
2026-01-17T22:00:00Z,27365.2
2026-01-17T23:00:00Z,27039.2
2026-01-18T00:00:00Z,26799.0
2026-01-18T01:00:00Z,26957.9
2026-01-18T02:00:00Z,27650.9
2026-01-18T03:00:00Z,28044.5
2026-01-18T04:00:00Z,29954.9
2026-01-18T05:00:00Z,31650.3
2026-01-18T06:00:00Z,32904.8
2026-01-18T07:00:00Z,34388.8
2026-01-18T08:00:00Z,35611.4
2026-01-18T09:00:00Z,37349.1
2026-01-18T10:00:00Z,37620.0
2026-01-18T11:00:00Z,38630.2
2026-01-18T12:00:00Z,38980.4
2026-01-18T13:00:00Z,37674.4
2026-01-18T14:00:00Z,38346.6
2026-01-18T15:00:00Z,36445.5
2026-01-18T16:00:00Z,35482.8
2026-01-18T17:00:00Z,33974.2
2026-01-18T18:00:00Z,32609.7
2026-01-18T19:00:00Z,31071.3
2026-01-18T20:00:00Z,29970.0
2026-01-18T21:00:00Z,27827.2
2026-01-18T22:00:00Z,27177.5
2026-01-18T23:00:00Z,26966.6
2026-01-19T00:00:00Z,27856.7
2026-01-19T01:00:00Z,27991.2
2026-01-19T02:00:00Z,29103.5
2026-01-19T03:00:00Z,30317.1
2026-01-19T04:00:00Z,31536.9
2026-01-19T05:00:00Z,32097.4
2026-01-19T06:00:00Z,34445.9
2026-01-19T07:00:00Z,35971.3
2026-01-19T08:00:00Z,38367.6
2026-01-19T09:00:00Z,38766.8
2026-01-19T10:00:00Z,39639.0
2026-01-19T11:00:00Z,41113.9
2026-01-19T12:00:00Z,40245.4
2026-01-19T13:00:00Z,41050.3
2026-01-19T14:00:00Z,40427.5
2026-01-19T15:00:00Z,38750.9
2026-01-19T16:00:00Z,37650.4
2026-01-19T17:00:00Z,36335.1
2026-01-19T18:00:00Z,35535.0
2026-01-19T19:00:00Z,32922.3
2026-01-19T20:00:00Z,31108.6
2026-01-19T21:00:00Z,30375.7
2026-01-19T22:00:00Z,29104.2
2026-01-19T23:00:00Z,28026.4
2026-01-20T00:00:00Z,28098.5
2026-01-20T01:00:00Z,28500.8
2026-01-20T02:00:00Z,29535.9
2026-01-20T03:00:00Z,30207.0
2026-01-20T04:00:00Z,31484.1
2026-01-20T05:00:00Z,32427.8
2026-01-20T06:00:00Z,34841.6
2026-01-20T07:00:00Z,35581.6
2026-01-20T08:00:00Z,37062.4
2026-01-20T09:00:00Z,38480.3
2026-01-20T10:00:00Z,39298.0
2026-01-20T11:00:00Z,40385.2
2026-01-20T12:00:00Z,40889.9
2026-01-20T13:00:00Z,40366.3
2026-01-20T14:00:00Z,39510.3
2026-01-20T15:00:00Z,38843.4
2026-01-20T16:00:00Z,37167.1
2026-01-20T17:00:00Z,36426.3
2026-01-20T18:00:00Z,35062.7
2026-01-20T19:00:00Z,32576.9
2026-01-20T20:00:00Z,31043.3
2026-01-20T21:00:00Z,30420.3
2026-01-20T22:00:00Z,30082.7
2026-01-20T23:00:00Z,28194.2
2026-01-21T00:00:00Z,28654.8
2026-01-21T01:00:00Z,28447.4
2026-01-21T02:00:00Z,28355.7
2026-01-21T03:00:00Z,29793.1
2026-01-21T04:00:00Z,31271.4
2026-01-21T05:00:00Z,32378.5
2026-01-21T06:00:00Z,35180.1
2026-01-21T07:00:00Z,34606.5
2026-01-21T08:00:00Z,37035.9
2026-01-21T09:00:00Z,38312.2
2026-01-21T10:00:00Z,39182.9
2026-01-21T11:00:00Z,39842.4
2026-01-21T12:00:00Z,40424.0
2026-01-21T13:00:00Z,40445.1
2026-01-21T14:00:00Z,39608.3
2026-01-21T15:00:00Z,38907.5
2026-01-21T16:00:00Z,37202.5
2026-01-21T17:00:00Z,35257.3
2026-01-21T18:00:00Z,33816.0
2026-01-21T19:00:00Z,33181.5
2026-01-21T20:00:00Z,30756.0
2026-01-21T21:00:00Z,29540.8
2026-01-21T22:00:00Z,28964.2
2026-01-21T23:00:00Z,28439.9
2026-01-22T00:00:00Z,27772.8
2026-01-22T01:00:00Z,28429.2
2026-01-22T02:00:00Z,29365.0
2026-01-22T03:00:00Z,30461.3
2026-01-22T04:00:00Z,31024.5
2026-01-22T05:00:00Z,31739.2
2026-01-22T06:00:00Z,33499.4
2026-01-22T07:00:00Z,35113.6
2026-01-22T08:00:00Z,37308.1
2026-01-22T09:00:00Z,39064.9
2026-01-22T10:00:00Z,39674.8
2026-01-22T11:00:00Z,40517.6
2026-01-22T12:00:00Z,41813.0
2026-01-22T13:00:00Z,39447.6
2026-01-22T14:00:00Z,40109.7
2026-01-22T15:00:00Z,38437.6
2026-01-22T16:00:00Z,36845.2
2026-01-22T17:00:00Z,35455.7
2026-01-22T18:00:00Z,33884.2
2026-01-22T19:00:00Z,33425.3
2026-01-22T20:00:00Z,31141.4
2026-01-22T21:00:00Z,30356.0
2026-01-22T22:00:00Z,27979.2
2026-01-22T23:00:00Z,28808.9
2026-01-23T00:00:00Z,27924.5
2026-01-23T01:00:00Z,28387.6
2026-01-23T02:00:00Z,28054.8
2026-01-23T03:00:00Z,29815.3
2026-01-23T04:00:00Z,30879.8
2026-01-23T05:00:00Z,32207.7
2026-01-23T06:00:00Z,33944.5
2026-01-23T07:00:00Z,35639.9
2026-01-23T08:00:00Z,37222.6
2026-01-23T09:00:00Z,37919.6
2026-01-23T10:00:00Z,39723.1
2026-01-23T11:00:00Z,39304.2
2026-01-23T12:00:00Z,39646.9
2026-01-23T13:00:00Z,39074.1
2026-01-23T14:00:00Z,37905.7
2026-01-23T15:00:00Z,39213.2
2026-01-23T16:00:00Z,37924.9
2026-01-23T17:00:00Z,35268.6
2026-01-23T18:00:00Z,33682.6
2026-01-23T19:00:00Z,31816.2
2026-01-23T20:00:00Z,30804.5
2026-01-23T21:00:00Z,29475.6
2026-01-23T22:00:00Z,27930.6
2026-01-23T23:00:00Z,27841.5
2026-01-24T00:00:00Z,25087.7
2026-01-24T01:00:00Z,25892.6
2026-01-24T02:00:00Z,27228.0
2026-01-24T03:00:00Z,27985.8
2026-01-24T04:00:00Z,29038.5
2026-01-24T05:00:00Z,30281.6
2026-01-24T06:00:00Z,33042.9
2026-01-24T07:00:00Z,33533.5
2026-01-24T08:00:00Z,34036.7
2026-01-24T09:00:00Z,36274.6
2026-01-24T10:00:00Z,36249.4
2026-01-24T11:00:00Z,38031.6
2026-01-24T12:00:00Z,38153.3
2026-01-24T13:00:00Z,38807.8
2026-01-24T14:00:00Z,38145.9
2026-01-24T15:00:00Z,36287.2
2026-01-24T16:00:00Z,35052.4
2026-01-24T17:00:00Z,34028.5
2026-01-24T18:00:00Z,31502.2
2026-01-24T19:00:00Z,30021.2
2026-01-24T20:00:00Z,29674.3
2026-01-24T21:00:00Z,27111.5
2026-01-24T22:00:00Z,26756.9
2026-01-24T23:00:00Z,27288.7
2026-01-25T00:00:00Z,25487.7
2026-01-25T01:00:00Z,26894.2
2026-01-25T02:00:00Z,25844.9
2026-01-25T03:00:00Z,27071.9
2026-01-25T04:00:00Z,29523.3
2026-01-25T05:00:00Z,30690.1
2026-01-25T06:00:00Z,31951.1
2026-01-25T07:00:00Z,33504.3
2026-01-25T08:00:00Z,35607.0
2026-01-25T09:00:00Z,37307.9
2026-01-25T10:00:00Z,36734.2
2026-01-25T11:00:00Z,37760.4
2026-01-25T12:00:00Z,38665.4
2026-01-25T13:00:00Z,37808.4
2026-01-25T14:00:00Z,37834.0
2026-01-25T15:00:00Z,35868.1
2026-01-25T16:00:00Z,35786.3
2026-01-25T17:00:00Z,33953.4
2026-01-25T18:00:00Z,32094.6
2026-01-25T19:00:00Z,30531.3
2026-01-25T20:00:00Z,29678.3
2026-01-25T21:00:00Z,26955.1
2026-01-25T22:00:00Z,26727.3
2026-01-25T23:00:00Z,25507.8
2026-01-26T00:00:00Z,26884.5
2026-01-26T01:00:00Z,28277.9
2026-01-26T02:00:00Z,28401.4
2026-01-26T03:00:00Z,29272.5
2026-01-26T04:00:00Z,30817.9
2026-01-26T05:00:00Z,31685.5
2026-01-26T06:00:00Z,34197.4
2026-01-26T07:00:00Z,34959.2
2026-01-26T08:00:00Z,37010.4
2026-01-26T09:00:00Z,38018.7
2026-01-26T10:00:00Z,39442.9
2026-01-26T11:00:00Z,39121.1
2026-01-26T12:00:00Z,40198.3
2026-01-26T13:00:00Z,40005.3
2026-01-26T14:00:00Z,39026.6
2026-01-26T15:00:00Z,37712.0
2026-01-26T16:00:00Z,36130.7
2026-01-26T17:00:00Z,34946.7
2026-01-26T18:00:00Z,33734.6
2026-01-26T19:00:00Z,31692.7
2026-01-26T20:00:00Z,29579.8
2026-01-26T21:00:00Z,29468.8
2026-01-26T22:00:00Z,28410.4
2026-01-26T23:00:00Z,27322.7
2026-01-27T00:00:00Z,26511.0
2026-01-27T01:00:00Z,27071.4
2026-01-27T02:00:00Z,27745.8
2026-01-27T03:00:00Z,28656.7
2026-01-27T04:00:00Z,30366.8
2026-01-27T05:00:00Z,30756.6
2026-01-27T06:00:00Z,33403.9
2026-01-27T07:00:00Z,34819.6
2026-01-27T08:00:00Z,36938.0
2026-01-27T09:00:00Z,37323.9
2026-01-27T10:00:00Z,38707.5
2026-01-27T11:00:00Z,39214.8
2026-01-27T12:00:00Z,38564.8
2026-01-27T13:00:00Z,40564.5
2026-01-27T14:00:00Z,38617.3
2026-01-27T15:00:00Z,38022.5
2026-01-27T16:00:00Z,36537.7
2026-01-27T17:00:00Z,34900.0
2026-01-27T18:00:00Z,33337.5
2026-01-27T19:00:00Z,30754.3
2026-01-27T20:00:00Z,30454.6
2026-01-27T21:00:00Z,28692.7
2026-01-27T22:00:00Z,27855.4
2026-01-27T23:00:00Z,27944.1
2026-01-28T00:00:00Z,27041.0
2026-01-28T01:00:00Z,28256.8
2026-01-28T02:00:00Z,28510.8
2026-01-28T03:00:00Z,29186.4
2026-01-28T04:00:00Z,30362.5
2026-01-28T05:00:00Z,31151.9
2026-01-28T06:00:00Z,34433.2
2026-01-28T07:00:00Z,35792.9
2026-01-28T08:00:00Z,36332.8
2026-01-28T09:00:00Z,37742.3
2026-01-28T10:00:00Z,37916.2
2026-01-28T11:00:00Z,39944.7
2026-01-28T12:00:00Z,39680.7
2026-01-28T13:00:00Z,39470.3
2026-01-28T14:00:00Z,38542.2
2026-01-28T15:00:00Z,37636.0
2026-01-28T16:00:00Z,36257.7
2026-01-28T17:00:00Z,34682.5
2026-01-28T18:00:00Z,33057.0
2026-01-28T19:00:00Z,31395.4
2026-01-28T20:00:00Z,31114.9
2026-01-28T21:00:00Z,30102.9
2026-01-28T22:00:00Z,26861.5
2026-01-28T23:00:00Z,27222.3
2026-01-29T00:00:00Z,26575.2
2026-01-29T01:00:00Z,26785.0
2026-01-29T02:00:00Z,28108.0
2026-01-29T03:00:00Z,27007.2
2026-01-29T04:00:00Z,30422.4
2026-01-29T05:00:00Z,30500.3
2026-01-29T06:00:00Z,33205.8
2026-01-29T07:00:00Z,34489.8
2026-01-29T08:00:00Z,35872.0
2026-01-29T09:00:00Z,37482.0
2026-01-29T10:00:00Z,37939.1
2026-01-29T11:00:00Z,40064.8
2026-01-29T12:00:00Z,38445.0
2026-01-29T13:00:00Z,38276.9
2026-01-29T14:00:00Z,38410.0
2026-01-29T15:00:00Z,37509.3
2026-01-29T16:00:00Z,36902.3
2026-01-29T17:00:00Z,34632.1
2026-01-29T18:00:00Z,32487.2
2026-01-29T19:00:00Z,31186.7
2026-01-29T20:00:00Z,29573.6
2026-01-29T21:00:00Z,28498.1
2026-01-29T22:00:00Z,27963.3
2026-01-29T23:00:00Z,26912.6
2026-01-30T00:00:00Z,26396.5
2026-01-30T01:00:00Z,27282.0
2026-01-30T02:00:00Z,27080.0
2026-01-30T03:00:00Z,28531.8
2026-01-30T04:00:00Z,30028.6
2026-01-30T05:00:00Z,31015.9
2026-01-30T06:00:00Z,33528.5
2026-01-30T07:00:00Z,34469.0
2026-01-30T08:00:00Z,37019.8
2026-01-30T09:00:00Z,37252.9
2026-01-30T10:00:00Z,38110.5
2026-01-30T11:00:00Z,38384.0
2026-01-30T12:00:00Z,39253.0
2026-01-30T13:00:00Z,39330.1
2026-01-30T14:00:00Z,37577.9
2026-01-30T15:00:00Z,36400.3
2026-01-30T16:00:00Z,35413.2
2026-01-30T17:00:00Z,34571.3
2026-01-30T18:00:00Z,32950.9
2026-01-30T19:00:00Z,30856.9
2026-01-30T20:00:00Z,29613.5
2026-01-30T21:00:00Z,28523.4
2026-01-30T22:00:00Z,27779.3
2026-01-30T23:00:00Z,26314.5
2026-01-31T00:00:00Z,23921.1
2026-01-31T01:00:00Z,24838.4
2026-01-31T02:00:00Z,26610.6
2026-01-31T03:00:00Z,26428.4
2026-01-31T04:00:00Z,27773.1
2026-01-31T05:00:00Z,29564.0
2026-01-31T06:00:00Z,30219.0
2026-01-31T07:00:00Z,33072.0
2026-01-31T08:00:00Z,33785.6
2026-01-31T09:00:00Z,34555.1
2026-01-31T10:00:00Z,36387.7
2026-01-31T11:00:00Z,37018.7
2026-01-31T12:00:00Z,37862.2
2026-01-31T13:00:00Z,37403.0
2026-01-31T14:00:00Z,36273.3
2026-01-31T15:00:00Z,35982.1
2026-01-31T16:00:00Z,34660.0
2026-01-31T17:00:00Z,33675.5
2026-01-31T18:00:00Z,30741.0
2026-01-31T19:00:00Z,29582.7
2026-01-31T20:00:00Z,27624.3
2026-01-31T21:00:00Z,26838.5
2026-01-31T22:00:00Z,26451.4
2026-01-31T23:00:00Z,25617.9
2026-02-01T00:00:00Z,24624.9
2026-02-01T01:00:00Z,23760.4
2026-02-01T02:00:00Z,25263.2
2026-02-01T03:00:00Z,26455.3
2026-02-01T04:00:00Z,28105.8
2026-02-01T05:00:00Z,30036.3
2026-02-01T06:00:00Z,31591.8
2026-02-01T07:00:00Z,32802.1
2026-02-01T08:00:00Z,34619.6
2026-02-01T09:00:00Z,34965.5
2026-02-01T10:00:00Z,36004.8
2026-02-01T11:00:00Z,37716.9
2026-02-01T12:00:00Z,37410.6
2026-02-01T13:00:00Z,37515.1
2026-02-01T14:00:00Z,36852.9
2026-02-01T15:00:00Z,35758.2
2026-02-01T16:00:00Z,34029.9
2026-02-01T17:00:00Z,33043.0
2026-02-01T18:00:00Z,31007.3
2026-02-01T19:00:00Z,29846.3
2026-02-01T20:00:00Z,28414.1
2026-02-01T21:00:00Z,26534.3
2026-02-01T22:00:00Z,26606.8
2026-02-01T23:00:00Z,25041.0
2026-02-02T00:00:00Z,27130.4
2026-02-02T01:00:00Z,26031.1
2026-02-02T02:00:00Z,27676.2
2026-02-02T03:00:00Z,27589.4
2026-02-02T04:00:00Z,29019.0
2026-02-02T05:00:00Z,30227.5
2026-02-02T06:00:00Z,32469.7
2026-02-02T07:00:00Z,34259.6
2026-02-02T08:00:00Z,35476.6
2026-02-02T09:00:00Z,38198.7
2026-02-02T10:00:00Z,38505.7
2026-02-02T11:00:00Z,38116.9
2026-02-02T12:00:00Z,38873.6
2026-02-02T13:00:00Z,38533.7
2026-02-02T14:00:00Z,38178.6
2026-02-02T15:00:00Z,37027.8
2026-02-02T16:00:00Z,35005.2
2026-02-02T17:00:00Z,35209.5
2026-02-02T18:00:00Z,33242.8
2026-02-02T19:00:00Z,31339.9
2026-02-02T20:00:00Z,30120.5
2026-02-02T21:00:00Z,28428.6
2026-02-02T22:00:00Z,26874.6
2026-02-02T23:00:00Z,26023.7
2026-02-03T00:00:00Z,26603.2
2026-02-03T01:00:00Z,26041.9
2026-02-03T02:00:00Z,26916.9
2026-02-03T03:00:00Z,27502.4
2026-02-03T04:00:00Z,29725.2
2026-02-03T05:00:00Z,30692.5
2026-02-03T06:00:00Z,32618.3
2026-02-03T07:00:00Z,33914.2
2026-02-03T08:00:00Z,35023.8
2026-02-03T09:00:00Z,37179.5
2026-02-03T10:00:00Z,37851.4
2026-02-03T11:00:00Z,38097.2
2026-02-03T12:00:00Z,39142.5
2026-02-03T13:00:00Z,39154.1
2026-02-03T14:00:00Z,38824.3
2026-02-03T15:00:00Z,37326.0
2026-02-03T16:00:00Z,35769.7
2026-02-03T17:00:00Z,34618.0
2026-02-03T18:00:00Z,32105.2
2026-02-03T19:00:00Z,30868.2
2026-02-03T20:00:00Z,29441.1
2026-02-03T21:00:00Z,27229.7
2026-02-03T22:00:00Z,27394.9
2026-02-03T23:00:00Z,26976.6
2026-02-04T00:00:00Z,26042.8
2026-02-04T01:00:00Z,26970.7
2026-02-04T02:00:00Z,26492.2
2026-02-04T03:00:00Z,28486.2
2026-02-04T04:00:00Z,29812.0
2026-02-04T05:00:00Z,30505.3
2026-02-04T06:00:00Z,32406.6
2026-02-04T07:00:00Z,33746.8
2026-02-04T08:00:00Z,34907.1
2026-02-04T09:00:00Z,36061.3
2026-02-04T10:00:00Z,37190.6
2026-02-04T11:00:00Z,38558.6
2026-02-04T12:00:00Z,37760.1
2026-02-04T13:00:00Z,38299.3
2026-02-04T14:00:00Z,39027.8
2026-02-04T15:00:00Z,37119.8
2026-02-04T16:00:00Z,35582.1
2026-02-04T17:00:00Z,33724.8
2026-02-04T18:00:00Z,31164.3
2026-02-04T19:00:00Z,31153.7
2026-02-04T20:00:00Z,29736.3
2026-02-04T21:00:00Z,27864.4
2026-02-04T22:00:00Z,26526.0
2026-02-04T23:00:00Z,26315.2
2026-02-05T00:00:00Z,25580.5
2026-02-05T01:00:00Z,26688.5
2026-02-05T02:00:00Z,26767.2
2026-02-05T03:00:00Z,28193.0
2026-02-05T04:00:00Z,28636.7
2026-02-05T05:00:00Z,29859.4
2026-02-05T06:00:00Z,30975.2
2026-02-05T07:00:00Z,33981.5
2026-02-05T08:00:00Z,34616.9
2026-02-05T09:00:00Z,37249.0
2026-02-05T10:00:00Z,37624.4
2026-02-05T11:00:00Z,38245.6
2026-02-05T12:00:00Z,37498.5
2026-02-05T13:00:00Z,38611.6
2026-02-05T14:00:00Z,37929.0
2026-02-05T15:00:00Z,37357.1
2026-02-05T16:00:00Z,35152.3
2026-02-05T17:00:00Z,33971.7
2026-02-05T18:00:00Z,32428.9
2026-02-05T19:00:00Z,30981.1
2026-02-05T20:00:00Z,29577.9
2026-02-05T21:00:00Z,27966.5
2026-02-05T22:00:00Z,27084.6
2026-02-05T23:00:00Z,26601.8
2026-02-06T00:00:00Z,26626.3
2026-02-06T01:00:00Z,26606.0
2026-02-06T02:00:00Z,26904.8
2026-02-06T03:00:00Z,27640.0
2026-02-06T04:00:00Z,28793.9
2026-02-06T05:00:00Z,30919.3
2026-02-06T06:00:00Z,31673.0
2026-02-06T07:00:00Z,33224.7
2026-02-06T08:00:00Z,35238.5
2026-02-06T09:00:00Z,36277.4
2026-02-06T10:00:00Z,37398.9
2026-02-06T11:00:00Z,38340.1
2026-02-06T12:00:00Z,38305.7
2026-02-06T13:00:00Z,38306.5
2026-02-06T14:00:00Z,37703.3
2026-02-06T15:00:00Z,36525.4
2026-02-06T16:00:00Z,34845.1
2026-02-06T17:00:00Z,34065.7
2026-02-06T18:00:00Z,32168.4
2026-02-06T19:00:00Z,30248.7
2026-02-06T20:00:00Z,28551.5
2026-02-06T21:00:00Z,27759.2
2026-02-06T22:00:00Z,27720.4
2026-02-06T23:00:00Z,26141.0
2026-02-07T00:00:00Z,24473.9
2026-02-07T01:00:00Z,24052.0
2026-02-07T02:00:00Z,24502.7
2026-02-07T03:00:00Z,26455.2
2026-02-07T04:00:00Z,27348.3
2026-02-07T05:00:00Z,28121.1
2026-02-07T06:00:00Z,30889.6
2026-02-07T07:00:00Z,31845.6
2026-02-07T08:00:00Z,33967.7
2026-02-07T09:00:00Z,35310.8
2026-02-07T10:00:00Z,35640.3
2026-02-07T11:00:00Z,35894.4
2026-02-07T12:00:00Z,37195.1
2026-02-07T13:00:00Z,37402.2
2026-02-07T14:00:00Z,35830.7
2026-02-07T15:00:00Z,33918.0
2026-02-07T16:00:00Z,33198.7
2026-02-07T17:00:00Z,32202.0
2026-02-07T18:00:00Z,29364.8
2026-02-07T19:00:00Z,28304.6
2026-02-07T20:00:00Z,26731.7
2026-02-07T21:00:00Z,25640.5
2026-02-07T22:00:00Z,25950.1
2026-02-07T23:00:00Z,24370.7
2026-02-08T00:00:00Z,24801.5
2026-02-08T01:00:00Z,24281.9
2026-02-08T02:00:00Z,24810.5
2026-02-08T03:00:00Z,25707.7
2026-02-08T04:00:00Z,27090.7
2026-02-08T05:00:00Z,29295.7
2026-02-08T06:00:00Z,30704.3
2026-02-08T07:00:00Z,32177.8
2026-02-08T08:00:00Z,33807.4
2026-02-08T09:00:00Z,34009.3
2026-02-08T10:00:00Z,35235.8
2026-02-08T11:00:00Z,35468.8
2026-02-08T12:00:00Z,36062.0
2026-02-08T13:00:00Z,36738.3
2026-02-08T14:00:00Z,35085.3
2026-02-08T15:00:00Z,34104.0
2026-02-08T16:00:00Z,32980.9
2026-02-08T17:00:00Z,31103.9
2026-02-08T18:00:00Z,30197.9
2026-02-08T19:00:00Z,28876.1
2026-02-08T20:00:00Z,27696.4
2026-02-08T21:00:00Z,25856.8
2026-02-08T22:00:00Z,25069.3
2026-02-08T23:00:00Z,24693.1
2026-02-09T00:00:00Z,25267.2
2026-02-09T01:00:00Z,25475.1
2026-02-09T02:00:00Z,26573.4
2026-02-09T03:00:00Z,27432.8
2026-02-09T04:00:00Z,28568.7
2026-02-09T05:00:00Z,30155.6
2026-02-09T06:00:00Z,31497.2
2026-02-09T07:00:00Z,32868.3
2026-02-09T08:00:00Z,34998.5
2026-02-09T09:00:00Z,35920.1
2026-02-09T10:00:00Z,36757.7
2026-02-09T11:00:00Z,38169.4
2026-02-09T12:00:00Z,38090.8
2026-02-09T13:00:00Z,38379.6
2026-02-09T14:00:00Z,36871.9
2026-02-09T15:00:00Z,36769.9
2026-02-09T16:00:00Z,35890.4
2026-02-09T17:00:00Z,33166.4
2026-02-09T18:00:00Z,31508.6
2026-02-09T19:00:00Z,29755.9
2026-02-09T20:00:00Z,28283.8
2026-02-09T21:00:00Z,27250.7
2026-02-09T22:00:00Z,26514.2
2026-02-09T23:00:00Z,25499.3
2026-02-10T00:00:00Z,25663.8
2026-02-10T01:00:00Z,25108.2
2026-02-10T02:00:00Z,26087.6
2026-02-10T03:00:00Z,27701.9
2026-02-10T04:00:00Z,29161.1
2026-02-10T05:00:00Z,30888.3
2026-02-10T06:00:00Z,32418.6
2026-02-10T07:00:00Z,33836.3
2026-02-10T08:00:00Z,33942.5
2026-02-10T09:00:00Z,35705.8
2026-02-10T10:00:00Z,36767.0
2026-02-10T11:00:00Z,37628.1
2026-02-10T12:00:00Z,38068.4
2026-02-10T13:00:00Z,38386.6
2026-02-10T14:00:00Z,36783.4
2026-02-10T15:00:00Z,34713.5
2026-02-10T16:00:00Z,34075.3
2026-02-10T17:00:00Z,33422.1
2026-02-10T18:00:00Z,31950.4
2026-02-10T19:00:00Z,29477.5
2026-02-10T20:00:00Z,28981.8
2026-02-10T21:00:00Z,27347.0
2026-02-10T22:00:00Z,26937.5
2026-02-10T23:00:00Z,24321.8
2026-02-11T00:00:00Z,25355.4
2026-02-11T01:00:00Z,25420.4
2026-02-11T02:00:00Z,26163.8
2026-02-11T03:00:00Z,26912.8
2026-02-11T04:00:00Z,28026.9
2026-02-11T05:00:00Z,29727.5
2026-02-11T06:00:00Z,30861.2
2026-02-11T07:00:00Z,31947.8
2026-02-11T08:00:00Z,34942.2
2026-02-11T09:00:00Z,35643.8
2026-02-11T10:00:00Z,36410.2
2026-02-11T11:00:00Z,38172.8
2026-02-11T12:00:00Z,37617.1
2026-02-11T13:00:00Z,37451.6
2026-02-11T14:00:00Z,37224.5
2026-02-11T15:00:00Z,35735.1
2026-02-11T16:00:00Z,34719.9
2026-02-11T17:00:00Z,32707.4
2026-02-11T18:00:00Z,32061.4
2026-02-11T19:00:00Z,29934.0
2026-02-11T20:00:00Z,29243.7
2026-02-11T21:00:00Z,27438.8
2026-02-11T22:00:00Z,26751.4
2026-02-11T23:00:00Z,25288.9
2026-02-12T00:00:00Z,24887.9
2026-02-12T01:00:00Z,25831.3
2026-02-12T02:00:00Z,26443.1
2026-02-12T03:00:00Z,26877.4
2026-02-12T04:00:00Z,28606.7
2026-02-12T05:00:00Z,29686.8
2026-02-12T06:00:00Z,31656.2
2026-02-12T07:00:00Z,32648.4
2026-02-12T08:00:00Z,34908.7
2026-02-12T09:00:00Z,35593.4
2026-02-12T10:00:00Z,37057.4
2026-02-12T11:00:00Z,37259.0
2026-02-12T12:00:00Z,37659.3
2026-02-12T13:00:00Z,37471.8
2026-02-12T14:00:00Z,36907.6
2026-02-12T15:00:00Z,36450.4
2026-02-12T16:00:00Z,35403.1
2026-02-12T17:00:00Z,33275.9
2026-02-12T18:00:00Z,30813.4
2026-02-12T19:00:00Z,29787.1
2026-02-12T20:00:00Z,27776.3
2026-02-12T21:00:00Z,27676.8
2026-02-12T22:00:00Z,26021.9
2026-02-12T23:00:00Z,25282.1
2026-02-13T00:00:00Z,25245.2
2026-02-13T01:00:00Z,25051.6
2026-02-13T02:00:00Z,26213.3
2026-02-13T03:00:00Z,27047.1
2026-02-13T04:00:00Z,27538.2
2026-02-13T05:00:00Z,30030.7
2026-02-13T06:00:00Z,31030.9
2026-02-13T07:00:00Z,33306.8
2026-02-13T08:00:00Z,33374.0
2026-02-13T09:00:00Z,36548.0
2026-02-13T10:00:00Z,36482.7
2026-02-13T11:00:00Z,37154.7
2026-02-13T12:00:00Z,38108.0
2026-02-13T13:00:00Z,36940.2
2026-02-13T14:00:00Z,37164.1
2026-02-13T15:00:00Z,34881.3
2026-02-13T16:00:00Z,35118.2
2026-02-13T17:00:00Z,33674.1
2026-02-13T18:00:00Z,31663.3
2026-02-13T19:00:00Z,28947.9
2026-02-13T20:00:00Z,28412.6
2026-02-13T21:00:00Z,27032.7
2026-02-13T22:00:00Z,25690.4
2026-02-13T23:00:00Z,24850.0
2026-02-14T00:00:00Z,23009.2
2026-02-14T01:00:00Z,23103.4
2026-02-14T02:00:00Z,24058.2
2026-02-14T03:00:00Z,25513.9
2026-02-14T04:00:00Z,26278.9
2026-02-14T05:00:00Z,28130.4
2026-02-14T06:00:00Z,29490.9
2026-02-14T07:00:00Z,30814.7
2026-02-14T08:00:00Z,32683.4
2026-02-14T09:00:00Z,33789.9
2026-02-14T10:00:00Z,35115.3
2026-02-14T11:00:00Z,36377.1
2026-02-14T12:00:00Z,34808.6
2026-02-14T13:00:00Z,35618.6
2026-02-14T14:00:00Z,33909.9
2026-02-14T15:00:00Z,33752.1
2026-02-14T16:00:00Z,31855.7
2026-02-14T17:00:00Z,31280.8
2026-02-14T18:00:00Z,30286.9
2026-02-14T19:00:00Z,27482.5
2026-02-14T20:00:00Z,26459.5
2026-02-14T21:00:00Z,24556.8
2026-02-14T22:00:00Z,24120.4
2026-02-14T23:00:00Z,24086.4
2026-02-15T00:00:00Z,22580.4
2026-02-15T01:00:00Z,22999.7
2026-02-15T02:00:00Z,23153.5
2026-02-15T03:00:00Z,25039.7
2026-02-15T04:00:00Z,26421.6
2026-02-15T05:00:00Z,27452.8
2026-02-15T06:00:00Z,29613.2
2026-02-15T07:00:00Z,30089.0
2026-02-15T08:00:00Z,32580.5
2026-02-15T09:00:00Z,33601.3
2026-02-15T10:00:00Z,33925.5
2026-02-15T11:00:00Z,34522.3
2026-02-15T12:00:00Z,35044.0
2026-02-15T13:00:00Z,35606.9
2026-02-15T14:00:00Z,35190.2
2026-02-15T15:00:00Z,33849.0
2026-02-15T16:00:00Z,32995.7
2026-02-15T17:00:00Z,30893.4
2026-02-15T18:00:00Z,28873.3
2026-02-15T19:00:00Z,28292.7
2026-02-15T20:00:00Z,26372.9
2026-02-15T21:00:00Z,24272.0
2026-02-15T22:00:00Z,23650.0
2026-02-15T23:00:00Z,23652.6
2026-02-16T00:00:00Z,25141.9
2026-02-16T01:00:00Z,25042.0
2026-02-16T02:00:00Z,25006.2
2026-02-16T03:00:00Z,26534.9
2026-02-16T04:00:00Z,28612.3
2026-02-16T05:00:00Z,29654.6
2026-02-16T06:00:00Z,31528.8
2026-02-16T07:00:00Z,32021.5
2026-02-16T08:00:00Z,33823.6
2026-02-16T09:00:00Z,35502.1
2026-02-16T10:00:00Z,36466.3
2026-02-16T11:00:00Z,36856.0
2026-02-16T12:00:00Z,36305.7
2026-02-16T13:00:00Z,37097.7
2026-02-16T14:00:00Z,36413.1
2026-02-16T15:00:00Z,35015.7
2026-02-16T16:00:00Z,34495.2
2026-02-16T17:00:00Z,33759.5
2026-02-16T18:00:00Z,31002.7
2026-02-16T19:00:00Z,29283.0
2026-02-16T20:00:00Z,28308.2
2026-02-16T21:00:00Z,27606.1
2026-02-16T22:00:00Z,25639.7
2026-02-16T23:00:00Z,24880.7
2026-02-17T00:00:00Z,24449.9
2026-02-17T01:00:00Z,25875.4
2026-02-17T02:00:00Z,25905.3
2026-02-17T03:00:00Z,26899.7
2026-02-17T04:00:00Z,27794.0
2026-02-17T05:00:00Z,29034.6
2026-02-17T06:00:00Z,30597.8
2026-02-17T07:00:00Z,33052.0
2026-02-17T08:00:00Z,34871.3
2026-02-17T09:00:00Z,34897.7
2026-02-17T10:00:00Z,36869.0
2026-02-17T11:00:00Z,36024.5
2026-02-17T12:00:00Z,35976.2
2026-02-17T13:00:00Z,36756.9
2026-02-17T14:00:00Z,36463.3
2026-02-17T15:00:00Z,35721.3
2026-02-17T16:00:00Z,33751.9
2026-02-17T17:00:00Z,32076.4
2026-02-17T18:00:00Z,31464.7
2026-02-17T19:00:00Z,27868.9
2026-02-17T20:00:00Z,28051.9
2026-02-17T21:00:00Z,26562.0
2026-02-17T22:00:00Z,24843.8
2026-02-17T23:00:00Z,24521.2
2026-02-18T00:00:00Z,25318.9
2026-02-18T01:00:00Z,23268.1
2026-02-18T02:00:00Z,25064.3
2026-02-18T03:00:00Z,25559.6
2026-02-18T04:00:00Z,27544.3
2026-02-18T05:00:00Z,29153.5
2026-02-18T06:00:00Z,30766.3
2026-02-18T07:00:00Z,32576.4
2026-02-18T08:00:00Z,34200.0
2026-02-18T09:00:00Z,35312.9
2026-02-18T10:00:00Z,35439.3
2026-02-18T11:00:00Z,36300.5
2026-02-18T12:00:00Z,37413.9
2026-02-18T13:00:00Z,36506.0
2026-02-18T14:00:00Z,36481.2
2026-02-18T15:00:00Z,35646.4
2026-02-18T16:00:00Z,32342.6
2026-02-18T17:00:00Z,33339.7
2026-02-18T18:00:00Z,31074.1
2026-02-18T19:00:00Z,29433.3
2026-02-18T20:00:00Z,28109.9
2026-02-18T21:00:00Z,26726.8
2026-02-18T22:00:00Z,25859.1
2026-02-18T23:00:00Z,24364.6
2026-02-19T00:00:00Z,24358.2
2026-02-19T01:00:00Z,24368.5
2026-02-19T02:00:00Z,25106.5
2026-02-19T03:00:00Z,26328.0
2026-02-19T04:00:00Z,27568.7
2026-02-19T05:00:00Z,28863.6
2026-02-19T06:00:00Z,30304.1
2026-02-19T07:00:00Z,31784.1
2026-02-19T08:00:00Z,33599.8
2026-02-19T09:00:00Z,34553.5
2026-02-19T10:00:00Z,35609.6
2026-02-19T11:00:00Z,36980.4
2026-02-19T12:00:00Z,37272.6
2026-02-19T13:00:00Z,36371.7
2026-02-19T14:00:00Z,35623.6
2026-02-19T15:00:00Z,33934.0
2026-02-19T16:00:00Z,33535.1
2026-02-19T17:00:00Z,32269.8
2026-02-19T18:00:00Z,30403.0
2026-02-19T19:00:00Z,28771.3
2026-02-19T20:00:00Z,27942.6
2026-02-19T21:00:00Z,26507.7
2026-02-19T22:00:00Z,24923.9
2026-02-19T23:00:00Z,25456.1
2026-02-20T00:00:00Z,24923.6
2026-02-20T01:00:00Z,25606.2
2026-02-20T02:00:00Z,25160.6
2026-02-20T03:00:00Z,25836.5
2026-02-20T04:00:00Z,27345.1
2026-02-20T05:00:00Z,28858.3
2026-02-20T06:00:00Z,30053.1
2026-02-20T07:00:00Z,32575.9
2026-02-20T08:00:00Z,33272.3
2026-02-20T09:00:00Z,33811.6
2026-02-20T10:00:00Z,36215.6
2026-02-20T11:00:00Z,36467.9
2026-02-20T12:00:00Z,36963.6
2026-02-20T13:00:00Z,36240.2
2026-02-20T14:00:00Z,34839.5
2026-02-20T15:00:00Z,35792.5
2026-02-20T16:00:00Z,33954.3
2026-02-20T17:00:00Z,32083.0
2026-02-20T18:00:00Z,30665.3
2026-02-20T19:00:00Z,29620.7
2026-02-20T20:00:00Z,27605.7
2026-02-20T21:00:00Z,26025.7
2026-02-20T22:00:00Z,25121.3
2026-02-20T23:00:00Z,23819.1
2026-02-21T00:00:00Z,22595.7
2026-02-21T01:00:00Z,22611.9
2026-02-21T02:00:00Z,23587.8
2026-02-21T03:00:00Z,23946.0
2026-02-21T04:00:00Z,25265.8
2026-02-21T05:00:00Z,26153.5
2026-02-21T06:00:00Z,28497.9
2026-02-21T07:00:00Z,30151.7
2026-02-21T08:00:00Z,31547.8
2026-02-21T09:00:00Z,33657.8
2026-02-21T10:00:00Z,34483.1
2026-02-21T11:00:00Z,34726.9
2026-02-21T12:00:00Z,34417.8
2026-02-21T13:00:00Z,34784.2
2026-02-21T14:00:00Z,35971.0
2026-02-21T15:00:00Z,32926.8
2026-02-21T16:00:00Z,31684.8
2026-02-21T17:00:00Z,30651.2
2026-02-21T18:00:00Z,28199.2
2026-02-21T19:00:00Z,27306.0
2026-02-21T20:00:00Z,24843.2
2026-02-21T21:00:00Z,24258.2
2026-02-21T22:00:00Z,23358.6
2026-02-21T23:00:00Z,22759.3
2026-02-22T00:00:00Z,22833.1
2026-02-22T01:00:00Z,22544.9
2026-02-22T02:00:00Z,23083.5
2026-02-22T03:00:00Z,24581.9
2026-02-22T04:00:00Z,25377.0
2026-02-22T05:00:00Z,27312.5
2026-02-22T06:00:00Z,28298.5
2026-02-22T07:00:00Z,30264.4
2026-02-22T08:00:00Z,31490.6
2026-02-22T09:00:00Z,32990.7
2026-02-22T10:00:00Z,33739.4
2026-02-22T11:00:00Z,34551.3
2026-02-22T12:00:00Z,33454.4
2026-02-22T13:00:00Z,35191.5
2026-02-22T14:00:00Z,33393.8
2026-02-22T15:00:00Z,33043.6
2026-02-22T16:00:00Z,31171.9
2026-02-22T17:00:00Z,31190.4
2026-02-22T18:00:00Z,29067.8
2026-02-22T19:00:00Z,27864.8
2026-02-22T20:00:00Z,25183.2
2026-02-22T21:00:00Z,24216.5
2026-02-22T22:00:00Z,23674.2
2026-02-22T23:00:00Z,22344.0
2026-02-23T00:00:00Z,25101.9
2026-02-23T01:00:00Z,24605.9
2026-02-23T02:00:00Z,25136.0
2026-02-23T03:00:00Z,25749.4
2026-02-23T04:00:00Z,27757.0
2026-02-23T05:00:00Z,28577.2
2026-02-23T06:00:00Z,29480.9
2026-02-23T07:00:00Z,31798.1
2026-02-23T08:00:00Z,32770.9
2026-02-23T09:00:00Z,34602.1
2026-02-23T10:00:00Z,35817.0
2026-02-23T11:00:00Z,36093.6
2026-02-23T12:00:00Z,36291.7
2026-02-23T13:00:00Z,35337.8
2026-02-23T14:00:00Z,35221.0
2026-02-23T15:00:00Z,35391.8
2026-02-23T16:00:00Z,32731.8
2026-02-23T17:00:00Z,30764.3
2026-02-23T18:00:00Z,30070.4
2026-02-23T19:00:00Z,29263.8
2026-02-23T20:00:00Z,27510.4
2026-02-23T21:00:00Z,25789.9
2026-02-23T22:00:00Z,24830.3
2026-02-23T23:00:00Z,23971.3
2026-02-24T00:00:00Z,24035.7
2026-02-24T01:00:00Z,24163.3
2026-02-24T02:00:00Z,24623.3
2026-02-24T03:00:00Z,24745.4
2026-02-24T04:00:00Z,26683.2
2026-02-24T05:00:00Z,28088.3
2026-02-24T06:00:00Z,29513.8
2026-02-24T07:00:00Z,31743.2
2026-02-24T08:00:00Z,33247.1
2026-02-24T09:00:00Z,34087.3
2026-02-24T10:00:00Z,35774.2
2026-02-24T11:00:00Z,35964.9
2026-02-24T12:00:00Z,35970.2
2026-02-24T13:00:00Z,36436.0
2026-02-24T14:00:00Z,35738.8
2026-02-24T15:00:00Z,35612.2
2026-02-24T16:00:00Z,33619.9
2026-02-24T17:00:00Z,31859.5
2026-02-24T18:00:00Z,30121.5
2026-02-24T19:00:00Z,28097.3
2026-02-24T20:00:00Z,26077.7
2026-02-24T21:00:00Z,25513.2
2026-02-24T22:00:00Z,24338.9
2026-02-24T23:00:00Z,24082.5
2026-02-25T00:00:00Z,24115.1
2026-02-25T01:00:00Z,23866.8
2026-02-25T02:00:00Z,24893.3
2026-02-25T03:00:00Z,26788.8
2026-02-25T04:00:00Z,26769.6
2026-02-25T05:00:00Z,28160.3
2026-02-25T06:00:00Z,30639.0
2026-02-25T07:00:00Z,32171.7
2026-02-25T08:00:00Z,33931.0
2026-02-25T09:00:00Z,33946.4
2026-02-25T10:00:00Z,34555.4
2026-02-25T11:00:00Z,36769.2
2026-02-25T12:00:00Z,36880.1
2026-02-25T13:00:00Z,36033.5
2026-02-25T14:00:00Z,34131.7
2026-02-25T15:00:00Z,35397.7
2026-02-25T16:00:00Z,33894.5
2026-02-25T17:00:00Z,32184.3
2026-02-25T18:00:00Z,29044.5
2026-02-25T19:00:00Z,28430.3
2026-02-25T20:00:00Z,26424.0
2026-02-25T21:00:00Z,25600.5
2026-02-25T22:00:00Z,25288.0
2026-02-25T23:00:00Z,23834.6
2026-02-26T00:00:00Z,23054.1
2026-02-26T01:00:00Z,23167.0
2026-02-26T02:00:00Z,24627.1
2026-02-26T03:00:00Z,24920.5
2026-02-26T04:00:00Z,26483.5
2026-02-26T05:00:00Z,27868.9
2026-02-26T06:00:00Z,29330.0
2026-02-26T07:00:00Z,30984.6
2026-02-26T08:00:00Z,32188.6
2026-02-26T09:00:00Z,34926.6
2026-02-26T10:00:00Z,35413.7
2026-02-26T11:00:00Z,35624.5
2026-02-26T12:00:00Z,37102.4
2026-02-26T13:00:00Z,35881.4
2026-02-26T14:00:00Z,35678.7
2026-02-26T15:00:00Z,34334.1
2026-02-26T16:00:00Z,32669.3
2026-02-26T17:00:00Z,30977.0
2026-02-26T18:00:00Z,29564.7
2026-02-26T19:00:00Z,28887.0
2026-02-26T20:00:00Z,26266.4
2026-02-26T21:00:00Z,25398.6
2026-02-26T22:00:00Z,24126.0
2026-02-26T23:00:00Z,23918.6
2026-02-27T00:00:00Z,23530.6
2026-02-27T01:00:00Z,23259.3
2026-02-27T02:00:00Z,24492.7
2026-02-27T03:00:00Z,24980.5
2026-02-27T04:00:00Z,26977.9
2026-02-27T05:00:00Z,28296.2
2026-02-27T06:00:00Z,29744.5
2026-02-27T07:00:00Z,31495.8
2026-02-27T08:00:00Z,33128.0
2026-02-27T09:00:00Z,34716.6
2026-02-27T10:00:00Z,35729.4
2026-02-27T11:00:00Z,36336.0
2026-02-27T12:00:00Z,36302.1
2026-02-27T13:00:00Z,35762.3
2026-02-27T14:00:00Z,35429.8
2026-02-27T15:00:00Z,34013.1
2026-02-27T16:00:00Z,32652.8
2026-02-27T17:00:00Z,31485.2
2026-02-27T18:00:00Z,30028.0
2026-02-27T19:00:00Z,27679.6
2026-02-27T20:00:00Z,26992.1
2026-02-27T21:00:00Z,25430.1
2026-02-27T22:00:00Z,24311.1
2026-02-27T23:00:00Z,23693.9
2026-02-28T00:00:00Z,21746.3
2026-02-28T01:00:00Z,22653.3
2026-02-28T02:00:00Z,21813.4
2026-02-28T03:00:00Z,23890.4
2026-02-28T04:00:00Z,24090.8
2026-02-28T05:00:00Z,26624.8
2026-02-28T06:00:00Z,27696.2
2026-02-28T07:00:00Z,28785.7
2026-02-28T08:00:00Z,31637.0
2026-02-28T09:00:00Z,31499.8
2026-02-28T10:00:00Z,32920.4
2026-02-28T11:00:00Z,33380.2
2026-02-28T12:00:00Z,34019.6
2026-02-28T13:00:00Z,33243.5
2026-02-28T14:00:00Z,33511.5
2026-02-28T15:00:00Z,32925.6
2026-02-28T16:00:00Z,31753.4
2026-02-28T17:00:00Z,30142.5
2026-02-28T18:00:00Z,27574.4
2026-02-28T19:00:00Z,26143.5
2026-02-28T20:00:00Z,24949.3
2026-02-28T21:00:00Z,23498.6
2026-02-28T22:00:00Z,22268.9
2026-02-28T23:00:00Z,20656.3
2026-03-01T00:00:00Z,21266.0
2026-03-01T01:00:00Z,22005.6
2026-03-01T02:00:00Z,22350.0
2026-03-01T03:00:00Z,24609.0
2026-03-01T04:00:00Z,22920.9
2026-03-01T05:00:00Z,25313.1
2026-03-01T06:00:00Z,27060.5
2026-03-01T07:00:00Z,29856.3
2026-03-01T08:00:00Z,31642.4
2026-03-01T09:00:00Z,31645.6
2026-03-01T10:00:00Z,33197.2
2026-03-01T11:00:00Z,34119.4
2026-03-01T12:00:00Z,34181.7
2026-03-01T13:00:00Z,33919.6
2026-03-01T14:00:00Z,32789.6
2026-03-01T15:00:00Z,31666.1
2026-03-01T16:00:00Z,30136.0
2026-03-01T17:00:00Z,28716.4
2026-03-01T18:00:00Z,28123.9
2026-03-01T19:00:00Z,26030.0
2026-03-01T20:00:00Z,24449.5
2026-03-01T21:00:00Z,22803.1
2026-03-01T22:00:00Z,22422.6
2026-03-01T23:00:00Z,22298.4
2026-03-02T00:00:00Z,22568.5
2026-03-02T01:00:00Z,24159.5
2026-03-02T02:00:00Z,24281.8
2026-03-02T03:00:00Z,23610.4
2026-03-02T04:00:00Z,26405.0
2026-03-02T05:00:00Z,27953.7
2026-03-02T06:00:00Z,30146.6
2026-03-02T07:00:00Z,30947.6
2026-03-02T08:00:00Z,31258.9
2026-03-02T09:00:00Z,32905.3
2026-03-02T10:00:00Z,33997.4
2026-03-02T11:00:00Z,35684.4
2026-03-02T12:00:00Z,35090.9
2026-03-02T13:00:00Z,34734.0
2026-03-02T14:00:00Z,34976.1
2026-03-02T15:00:00Z,34235.8
2026-03-02T16:00:00Z,31703.1
2026-03-02T17:00:00Z,31031.7
2026-03-02T18:00:00Z,29984.9
2026-03-02T19:00:00Z,28157.9
2026-03-02T20:00:00Z,27053.1
2026-03-02T21:00:00Z,25726.8
2026-03-02T22:00:00Z,24455.7
2026-03-02T23:00:00Z,23118.1
2026-03-03T00:00:00Z,24245.8
2026-03-03T01:00:00Z,23721.0
2026-03-03T02:00:00Z,23962.1
2026-03-03T03:00:00Z,24755.8
2026-03-03T04:00:00Z,26541.9
2026-03-03T05:00:00Z,27465.9
2026-03-03T06:00:00Z,29319.5
2026-03-03T07:00:00Z,31589.9
2026-03-03T08:00:00Z,32733.7
2026-03-03T09:00:00Z,33138.9
2026-03-03T10:00:00Z,34868.6
2026-03-03T11:00:00Z,35170.9
2026-03-03T12:00:00Z,35134.8
2026-03-03T13:00:00Z,34842.6
2026-03-03T14:00:00Z,34269.8
2026-03-03T15:00:00Z,33843.1
2026-03-03T16:00:00Z,33120.0
2026-03-03T17:00:00Z,30854.7
2026-03-03T18:00:00Z,30101.8
2026-03-03T19:00:00Z,27288.6
2026-03-03T20:00:00Z,26117.0
2026-03-03T21:00:00Z,25759.7
2026-03-03T22:00:00Z,24046.6
2026-03-03T23:00:00Z,23491.5
2026-03-04T00:00:00Z,23207.2
2026-03-04T01:00:00Z,22950.2
2026-03-04T02:00:00Z,25097.5
2026-03-04T03:00:00Z,24871.1
2026-03-04T04:00:00Z,26626.3
2026-03-04T05:00:00Z,27929.1
2026-03-04T06:00:00Z,29802.9
2026-03-04T07:00:00Z,31694.1
2026-03-04T08:00:00Z,31140.0
2026-03-04T09:00:00Z,32890.4
2026-03-04T10:00:00Z,33519.8
2026-03-04T11:00:00Z,34820.5
2026-03-04T12:00:00Z,35378.2
2026-03-04T13:00:00Z,35417.9
2026-03-04T14:00:00Z,34358.6
2026-03-04T15:00:00Z,33955.3
2026-03-04T16:00:00Z,32745.3
2026-03-04T17:00:00Z,30919.6
2026-03-04T18:00:00Z,28644.3
2026-03-04T19:00:00Z,27322.6
2026-03-04T20:00:00Z,26033.1
2026-03-04T21:00:00Z,25238.2
2026-03-04T22:00:00Z,23772.2
2026-03-04T23:00:00Z,23412.5
2026-03-05T00:00:00Z,22033.8
2026-03-05T01:00:00Z,21620.2
2026-03-05T02:00:00Z,23820.0
2026-03-05T03:00:00Z,24806.0
2026-03-05T04:00:00Z,25514.4
2026-03-05T05:00:00Z,27302.4
2026-03-05T06:00:00Z,29445.8
2026-03-05T07:00:00Z,31075.6
2026-03-05T08:00:00Z,32936.9
2026-03-05T09:00:00Z,33953.0
2026-03-05T10:00:00Z,34401.2
2026-03-05T11:00:00Z,35453.6
2026-03-05T12:00:00Z,36495.6
2026-03-05T13:00:00Z,36070.3
2026-03-05T14:00:00Z,34100.5
2026-03-05T15:00:00Z,33748.6
2026-03-05T16:00:00Z,33062.8
2026-03-05T17:00:00Z,30848.7
2026-03-05T18:00:00Z,29482.3
2026-03-05T19:00:00Z,28230.4
2026-03-05T20:00:00Z,26189.1
2026-03-05T21:00:00Z,24992.6
2026-03-05T22:00:00Z,23559.2
2026-03-05T23:00:00Z,22617.8
2026-03-06T00:00:00Z,22575.1
2026-03-06T01:00:00Z,23406.4
2026-03-06T02:00:00Z,23568.8
2026-03-06T03:00:00Z,24726.7
2026-03-06T04:00:00Z,27066.1
2026-03-06T05:00:00Z,27040.6
2026-03-06T06:00:00Z,29570.7
2026-03-06T07:00:00Z,30401.3
2026-03-06T08:00:00Z,32502.5
2026-03-06T09:00:00Z,33934.7
2026-03-06T10:00:00Z,35156.5
2026-03-06T11:00:00Z,34682.6
2026-03-06T12:00:00Z,35117.7
2026-03-06T13:00:00Z,35170.0
2026-03-06T14:00:00Z,34425.3
2026-03-06T15:00:00Z,32007.2
2026-03-06T16:00:00Z,32406.0
2026-03-06T17:00:00Z,30043.3
2026-03-06T18:00:00Z,29064.8
2026-03-06T19:00:00Z,26762.3
2026-03-06T20:00:00Z,26088.7
2026-03-06T21:00:00Z,24634.8
2026-03-06T22:00:00Z,25056.2
2026-03-06T23:00:00Z,23414.0
2026-03-07T00:00:00Z,20822.8
2026-03-07T01:00:00Z,21655.8
2026-03-07T02:00:00Z,21011.9
2026-03-07T03:00:00Z,23360.5
2026-03-07T04:00:00Z,24736.4
2026-03-07T05:00:00Z,25401.9
2026-03-07T06:00:00Z,27121.6
2026-03-07T07:00:00Z,27918.0
2026-03-07T08:00:00Z,30570.0
2026-03-07T09:00:00Z,32107.6
2026-03-07T10:00:00Z,31971.5
2026-03-07T11:00:00Z,33633.4
2026-03-07T12:00:00Z,32926.7
2026-03-07T13:00:00Z,34095.3
2026-03-07T14:00:00Z,31500.6
2026-03-07T15:00:00Z,31538.0
2026-03-07T16:00:00Z,30888.8
2026-03-07T17:00:00Z,28231.2
2026-03-07T18:00:00Z,26887.1
2026-03-07T19:00:00Z,25677.0
2026-03-07T20:00:00Z,24076.3
2026-03-07T21:00:00Z,22452.6
2026-03-07T22:00:00Z,21468.1
2026-03-07T23:00:00Z,21021.3
2026-03-08T00:00:00Z,20759.4
2026-03-08T01:00:00Z,20884.9
2026-03-08T02:00:00Z,22239.7
2026-03-08T03:00:00Z,22854.6
2026-03-08T04:00:00Z,24292.4
2026-03-08T05:00:00Z,25845.6
2026-03-08T06:00:00Z,26470.9
2026-03-08T07:00:00Z,28178.6
2026-03-08T08:00:00Z,31308.3
2026-03-08T09:00:00Z,30446.4
2026-03-08T10:00:00Z,32175.8
2026-03-08T11:00:00Z,33509.7
2026-03-08T12:00:00Z,33275.4
2026-03-08T13:00:00Z,32999.5
2026-03-08T14:00:00Z,33436.2
2026-03-08T15:00:00Z,30975.5
2026-03-08T16:00:00Z,30865.4
2026-03-08T17:00:00Z,27965.1
2026-03-08T18:00:00Z,26275.8
2026-03-08T19:00:00Z,25362.0
2026-03-08T20:00:00Z,24170.9
2026-03-08T21:00:00Z,24003.1
2026-03-08T22:00:00Z,21968.8
2026-03-08T23:00:00Z,21264.4
2026-03-09T00:00:00Z,22958.4
2026-03-09T01:00:00Z,22785.7
2026-03-09T02:00:00Z,23050.8
2026-03-09T03:00:00Z,24126.8
2026-03-09T04:00:00Z,26007.5
2026-03-09T05:00:00Z,26963.4
2026-03-09T06:00:00Z,27985.8
2026-03-09T07:00:00Z,30051.0
2026-03-09T08:00:00Z,30995.4
2026-03-09T09:00:00Z,33954.3
2026-03-09T10:00:00Z,33279.2
2026-03-09T11:00:00Z,35147.0
2026-03-09T12:00:00Z,34880.8
2026-03-09T13:00:00Z,35501.3
2026-03-09T14:00:00Z,35161.4
2026-03-09T15:00:00Z,33019.0
2026-03-09T16:00:00Z,32271.4
2026-03-09T17:00:00Z,30536.4
2026-03-09T18:00:00Z,27976.0
2026-03-09T19:00:00Z,27999.2
2026-03-09T20:00:00Z,26118.3
2026-03-09T21:00:00Z,24721.9
2026-03-09T22:00:00Z,23837.7
2026-03-09T23:00:00Z,22968.2
2026-03-10T00:00:00Z,22118.7
2026-03-10T01:00:00Z,22876.7
2026-03-10T02:00:00Z,22701.3
2026-03-10T03:00:00Z,25504.6
2026-03-10T04:00:00Z,24960.5
2026-03-10T05:00:00Z,27683.8
2026-03-10T06:00:00Z,28391.1
2026-03-10T07:00:00Z,30404.3
2026-03-10T08:00:00Z,32136.4
2026-03-10T09:00:00Z,32618.8
2026-03-10T10:00:00Z,34178.1
2026-03-10T11:00:00Z,33253.2
2026-03-10T12:00:00Z,35033.6
2026-03-10T13:00:00Z,35438.6
2026-03-10T14:00:00Z,33984.2
2026-03-10T15:00:00Z,32698.7
2026-03-10T16:00:00Z,31401.1
2026-03-10T17:00:00Z,28964.4
2026-03-10T18:00:00Z,27961.1
2026-03-10T19:00:00Z,27294.7
2026-03-10T20:00:00Z,26560.7
2026-03-10T21:00:00Z,24706.9
2026-03-10T22:00:00Z,23308.9
2026-03-10T23:00:00Z,22666.3
2026-03-11T00:00:00Z,22658.3
2026-03-11T01:00:00Z,23554.8
2026-03-11T02:00:00Z,23150.1
2026-03-11T03:00:00Z,24248.0
2026-03-11T04:00:00Z,25735.9
2026-03-11T05:00:00Z,27337.4
2026-03-11T06:00:00Z,28774.4
2026-03-11T07:00:00Z,29512.9
2026-03-11T08:00:00Z,30833.6
2026-03-11T09:00:00Z,33017.7
2026-03-11T10:00:00Z,34473.2
2026-03-11T11:00:00Z,35694.9
2026-03-11T12:00:00Z,35079.3
2026-03-11T13:00:00Z,34029.9
2026-03-11T14:00:00Z,33816.3
2026-03-11T15:00:00Z,32198.3
2026-03-11T16:00:00Z,31642.1
2026-03-11T17:00:00Z,30841.3
2026-03-11T18:00:00Z,28710.1
2026-03-11T19:00:00Z,28170.3
2026-03-11T20:00:00Z,25387.9
2026-03-11T21:00:00Z,24271.0
2026-03-11T22:00:00Z,23411.3
2026-03-11T23:00:00Z,22849.4
2026-03-12T00:00:00Z,22407.4
2026-03-12T01:00:00Z,22694.6
2026-03-12T02:00:00Z,23635.1
2026-03-12T03:00:00Z,23857.9
2026-03-12T04:00:00Z,25449.8
2026-03-12T05:00:00Z,27160.3
2026-03-12T06:00:00Z,28368.3
2026-03-12T07:00:00Z,29613.4
2026-03-12T08:00:00Z,31862.5
2026-03-12T09:00:00Z,33154.5
2026-03-12T10:00:00Z,33553.1
2026-03-12T11:00:00Z,34057.8
2026-03-12T12:00:00Z,33626.3
2026-03-12T13:00:00Z,33887.3
2026-03-12T14:00:00Z,34067.4
2026-03-12T15:00:00Z,31737.9
2026-03-12T16:00:00Z,31513.0
2026-03-12T17:00:00Z,30207.6
2026-03-12T18:00:00Z,28258.0
2026-03-12T19:00:00Z,26535.3
2026-03-12T20:00:00Z,25938.3
2026-03-12T21:00:00Z,24373.3
2026-03-12T22:00:00Z,22569.4
2026-03-12T23:00:00Z,23052.1
2026-03-13T00:00:00Z,23149.8
2026-03-13T01:00:00Z,21977.9
2026-03-13T02:00:00Z,22514.2
2026-03-13T03:00:00Z,23744.2
2026-03-13T04:00:00Z,25539.0
2026-03-13T05:00:00Z,26826.9
2026-03-13T06:00:00Z,28287.9
2026-03-13T07:00:00Z,29479.3
2026-03-13T08:00:00Z,31978.6
2026-03-13T09:00:00Z,32861.1
2026-03-13T10:00:00Z,33920.4
2026-03-13T11:00:00Z,34477.5
2026-03-13T12:00:00Z,34863.6
2026-03-13T13:00:00Z,33665.2
2026-03-13T14:00:00Z,33590.3
2026-03-13T15:00:00Z,32909.8
2026-03-13T16:00:00Z,31758.6
2026-03-13T17:00:00Z,30339.9
2026-03-13T18:00:00Z,28978.9
2026-03-13T19:00:00Z,26836.2
2026-03-13T20:00:00Z,25785.0
2026-03-13T21:00:00Z,24422.7
2026-03-13T22:00:00Z,23261.9
2026-03-13T23:00:00Z,22369.6
2026-03-14T00:00:00Z,20271.3
2026-03-14T01:00:00Z,20662.4
2026-03-14T02:00:00Z,21684.0
2026-03-14T03:00:00Z,21859.6
2026-03-14T04:00:00Z,23124.7
2026-03-14T05:00:00Z,25307.3
2026-03-14T06:00:00Z,26798.2
2026-03-14T07:00:00Z,28811.2
2026-03-14T08:00:00Z,30441.1
2026-03-14T09:00:00Z,31328.6
2026-03-14T10:00:00Z,31262.5
2026-03-14T11:00:00Z,33238.4
2026-03-14T12:00:00Z,33143.9
2026-03-14T13:00:00Z,33104.7
2026-03-14T14:00:00Z,32360.0
2026-03-14T15:00:00Z,31095.7
2026-03-14T16:00:00Z,30036.6
2026-03-14T17:00:00Z,27652.5
2026-03-14T18:00:00Z,26099.7
2026-03-14T19:00:00Z,25071.4
2026-03-14T20:00:00Z,24344.2
2026-03-14T21:00:00Z,22417.5
2026-03-14T22:00:00Z,21951.1
2026-03-14T23:00:00Z,20660.8
2026-03-15T00:00:00Z,20466.7
2026-03-15T01:00:00Z,21099.5
2026-03-15T02:00:00Z,21693.6
2026-03-15T03:00:00Z,22252.8
2026-03-15T04:00:00Z,23359.2
2026-03-15T05:00:00Z,25475.6
2026-03-15T06:00:00Z,26783.4
2026-03-15T07:00:00Z,28023.1
2026-03-15T08:00:00Z,29633.8
2026-03-15T09:00:00Z,30542.2
2026-03-15T10:00:00Z,32098.5
2026-03-15T11:00:00Z,33075.4
2026-03-15T12:00:00Z,31678.5
2026-03-15T13:00:00Z,32446.4
2026-03-15T14:00:00Z,31353.6
2026-03-15T15:00:00Z,30794.5
2026-03-15T16:00:00Z,29466.3
2026-03-15T17:00:00Z,27615.1
2026-03-15T18:00:00Z,26668.3
2026-03-15T19:00:00Z,24309.5
2026-03-15T20:00:00Z,23009.4
2026-03-15T21:00:00Z,21452.4
2026-03-15T22:00:00Z,20799.4
2026-03-15T23:00:00Z,20831.8
2026-03-16T00:00:00Z,21815.8
2026-03-16T01:00:00Z,22893.2
2026-03-16T02:00:00Z,22733.8
2026-03-16T03:00:00Z,23513.8
2026-03-16T04:00:00Z,25732.1
2026-03-16T05:00:00Z,26831.5
2026-03-16T06:00:00Z,28673.9
2026-03-16T07:00:00Z,30113.4
2026-03-16T08:00:00Z,32123.5
2026-03-16T09:00:00Z,33135.9
2026-03-16T10:00:00Z,34304.9
2026-03-16T11:00:00Z,33830.9
2026-03-16T12:00:00Z,34807.4
2026-03-16T13:00:00Z,34737.6
2026-03-16T14:00:00Z,33678.7
2026-03-16T15:00:00Z,33305.7
2026-03-16T16:00:00Z,31452.4
2026-03-16T17:00:00Z,29774.2
2026-03-16T18:00:00Z,28538.5
2026-03-16T19:00:00Z,26026.0
2026-03-16T20:00:00Z,24371.0
2026-03-16T21:00:00Z,23756.1
2026-03-16T22:00:00Z,21698.8
2026-03-16T23:00:00Z,22785.9
2026-03-17T00:00:00Z,21671.0
2026-03-17T01:00:00Z,22982.4
2026-03-17T02:00:00Z,22884.4
2026-03-17T03:00:00Z,23439.3
2026-03-17T04:00:00Z,24793.9
2026-03-17T05:00:00Z,26887.3
2026-03-17T06:00:00Z,28688.8
2026-03-17T07:00:00Z,29718.6
2026-03-17T08:00:00Z,30641.4
2026-03-17T09:00:00Z,32708.8
2026-03-17T10:00:00Z,33889.6
2026-03-17T11:00:00Z,34591.2
2026-03-17T12:00:00Z,33781.7
2026-03-17T13:00:00Z,33928.7
2026-03-17T14:00:00Z,33946.5
2026-03-17T15:00:00Z,33559.3
2026-03-17T16:00:00Z,31321.1
2026-03-17T17:00:00Z,29214.1
2026-03-17T18:00:00Z,28492.1
2026-03-17T19:00:00Z,24966.4
2026-03-17T20:00:00Z,25147.2
2026-03-17T21:00:00Z,23534.5
2026-03-17T22:00:00Z,23684.8
2026-03-17T23:00:00Z,21936.9
2026-03-18T00:00:00Z,21266.9
2026-03-18T01:00:00Z,23428.8
2026-03-18T02:00:00Z,22923.4
2026-03-18T03:00:00Z,23739.4
2026-03-18T04:00:00Z,24687.9
2026-03-18T05:00:00Z,26040.0
2026-03-18T06:00:00Z,27230.8
2026-03-18T07:00:00Z,30047.0
2026-03-18T08:00:00Z,30803.2
2026-03-18T09:00:00Z,32935.5
2026-03-18T10:00:00Z,33751.4
2026-03-18T11:00:00Z,34620.1
2026-03-18T12:00:00Z,34190.2
2026-03-18T13:00:00Z,34206.8
2026-03-18T14:00:00Z,33214.5
2026-03-18T15:00:00Z,32387.9
2026-03-18T16:00:00Z,30770.8
2026-03-18T17:00:00Z,28541.7
2026-03-18T18:00:00Z,28228.9
2026-03-18T19:00:00Z,25856.3
2026-03-18T20:00:00Z,26197.8
2026-03-18T21:00:00Z,23710.2
2026-03-18T22:00:00Z,21870.2
2026-03-18T23:00:00Z,21978.3
2026-03-19T00:00:00Z,22132.2
2026-03-19T01:00:00Z,22261.8
2026-03-19T02:00:00Z,22263.4
2026-03-19T03:00:00Z,23789.8
2026-03-19T04:00:00Z,25035.0
2026-03-19T05:00:00Z,26222.2
2026-03-19T06:00:00Z,27936.4
2026-03-19T07:00:00Z,29797.3
2026-03-19T08:00:00Z,31175.5
2026-03-19T09:00:00Z,32733.7
2026-03-19T10:00:00Z,33947.4
2026-03-19T11:00:00Z,34751.0
2026-03-19T12:00:00Z,33728.3
2026-03-19T13:00:00Z,33871.6
2026-03-19T14:00:00Z,33622.1
2026-03-19T15:00:00Z,32616.4
2026-03-19T16:00:00Z,30842.7
2026-03-19T17:00:00Z,29612.6
2026-03-19T18:00:00Z,28022.6
2026-03-19T19:00:00Z,26534.9
2026-03-19T20:00:00Z,25258.8
2026-03-19T21:00:00Z,23403.6
2026-03-19T22:00:00Z,21737.5
2026-03-19T23:00:00Z,21853.5
2026-03-20T00:00:00Z,21638.5
2026-03-20T01:00:00Z,21867.3
2026-03-20T02:00:00Z,23077.0
2026-03-20T03:00:00Z,23062.8
2026-03-20T04:00:00Z,25156.4
2026-03-20T05:00:00Z,27263.9
2026-03-20T06:00:00Z,27394.6
2026-03-20T07:00:00Z,29510.7
2026-03-20T08:00:00Z,31093.7
2026-03-20T09:00:00Z,32746.6
2026-03-20T10:00:00Z,33685.7
2026-03-20T11:00:00Z,33728.9
2026-03-20T12:00:00Z,35623.7
2026-03-20T13:00:00Z,33895.6
2026-03-20T14:00:00Z,33502.0
2026-03-20T15:00:00Z,32682.0
2026-03-20T16:00:00Z,31266.6
2026-03-20T17:00:00Z,29623.6
2026-03-20T18:00:00Z,27717.0
2026-03-20T19:00:00Z,26200.3
2026-03-20T20:00:00Z,24772.9
2026-03-20T21:00:00Z,24277.2
2026-03-20T22:00:00Z,21855.9
2026-03-20T23:00:00Z,21737.6
2026-03-21T00:00:00Z,19760.8
2026-03-21T01:00:00Z,19757.3
2026-03-21T02:00:00Z,21241.0
2026-03-21T03:00:00Z,21653.0
2026-03-21T04:00:00Z,22777.9
2026-03-21T05:00:00Z,24277.3
2026-03-21T06:00:00Z,26650.0
2026-03-21T07:00:00Z,28062.2
2026-03-21T08:00:00Z,29034.4
2026-03-21T09:00:00Z,30783.7
2026-03-21T10:00:00Z,31642.4
2026-03-21T11:00:00Z,32968.7
2026-03-21T12:00:00Z,31870.1
2026-03-21T13:00:00Z,31221.8
2026-03-21T14:00:00Z,31358.0
2026-03-21T15:00:00Z,30233.1
2026-03-21T16:00:00Z,28858.9
2026-03-21T17:00:00Z,27765.6
2026-03-21T18:00:00Z,26334.5
2026-03-21T19:00:00Z,24686.7
2026-03-21T20:00:00Z,23157.8
2026-03-21T21:00:00Z,21392.8
2026-03-21T22:00:00Z,21659.8
2026-03-21T23:00:00Z,19950.2
2026-03-22T00:00:00Z,19360.1
2026-03-22T01:00:00Z,20105.3
2026-03-22T02:00:00Z,20972.6
2026-03-22T03:00:00Z,20805.6
2026-03-22T04:00:00Z,23378.3
2026-03-22T05:00:00Z,24691.5
2026-03-22T06:00:00Z,26187.8
2026-03-22T07:00:00Z,27698.1
2026-03-22T08:00:00Z,30120.0
2026-03-22T09:00:00Z,31526.5
2026-03-22T10:00:00Z,30903.6
2026-03-22T11:00:00Z,31933.0
2026-03-22T12:00:00Z,32036.7
2026-03-22T13:00:00Z,32062.1
2026-03-22T14:00:00Z,31006.7
2026-03-22T15:00:00Z,29889.5
2026-03-22T16:00:00Z,29013.5
2026-03-22T17:00:00Z,27533.0
2026-03-22T18:00:00Z,26573.7
2026-03-22T19:00:00Z,24943.1
2026-03-22T20:00:00Z,23330.8
2026-03-22T21:00:00Z,21963.5
2026-03-22T22:00:00Z,21549.4
2026-03-22T23:00:00Z,19694.9
2026-03-23T00:00:00Z,21408.8
2026-03-23T01:00:00Z,22127.5
2026-03-23T02:00:00Z,21948.3
2026-03-23T03:00:00Z,23740.6
2026-03-23T04:00:00Z,24268.7
2026-03-23T05:00:00Z,26003.0
2026-03-23T06:00:00Z,27453.4
2026-03-23T07:00:00Z,29785.5
2026-03-23T08:00:00Z,30537.4
2026-03-23T09:00:00Z,32262.2
2026-03-23T10:00:00Z,33567.7
2026-03-23T11:00:00Z,34121.5
2026-03-23T12:00:00Z,34043.7
2026-03-23T13:00:00Z,33248.3
2026-03-23T14:00:00Z,33487.2
2026-03-23T15:00:00Z,31753.5
2026-03-23T16:00:00Z,31310.9
2026-03-23T17:00:00Z,29263.0
2026-03-23T18:00:00Z,28312.9
2026-03-23T19:00:00Z,26135.5
2026-03-23T20:00:00Z,24697.5
2026-03-23T21:00:00Z,22845.8
2026-03-23T22:00:00Z,22455.6
2026-03-23T23:00:00Z,22362.7
2026-03-24T00:00:00Z,21574.7
2026-03-24T01:00:00Z,21904.0
2026-03-24T02:00:00Z,21875.8
2026-03-24T03:00:00Z,24098.2
2026-03-24T04:00:00Z,24020.6
2026-03-24T05:00:00Z,26905.4
2026-03-24T06:00:00Z,27527.4
2026-03-24T07:00:00Z,28131.6
2026-03-24T08:00:00Z,30955.2
2026-03-24T09:00:00Z,32064.5
2026-03-24T10:00:00Z,32659.1
2026-03-24T11:00:00Z,33065.5
2026-03-24T12:00:00Z,34112.0
2026-03-24T13:00:00Z,33747.0
2026-03-24T14:00:00Z,33033.0
2026-03-24T15:00:00Z,32829.9
2026-03-24T16:00:00Z,30850.4
2026-03-24T17:00:00Z,29134.0
2026-03-24T18:00:00Z,26927.4
2026-03-24T19:00:00Z,25917.8
2026-03-24T20:00:00Z,24903.5
2026-03-24T21:00:00Z,23595.2
2026-03-24T22:00:00Z,22623.5
2026-03-24T23:00:00Z,21585.2
2026-03-25T00:00:00Z,21696.8
2026-03-25T01:00:00Z,20633.6
2026-03-25T02:00:00Z,22108.3
2026-03-25T03:00:00Z,24479.7
2026-03-25T04:00:00Z,24918.1
2026-03-25T05:00:00Z,26155.9
2026-03-25T06:00:00Z,28026.1
2026-03-25T07:00:00Z,30202.3
2026-03-25T08:00:00Z,30795.8
2026-03-25T09:00:00Z,32337.7
2026-03-25T10:00:00Z,33551.2
2026-03-25T11:00:00Z,33724.6
2026-03-25T12:00:00Z,34332.7
2026-03-25T13:00:00Z,33352.9
2026-03-25T14:00:00Z,34319.3
2026-03-25T15:00:00Z,31970.5
2026-03-25T16:00:00Z,30935.6
2026-03-25T17:00:00Z,30205.2
2026-03-25T18:00:00Z,28900.9
2026-03-25T19:00:00Z,26604.7
2026-03-25T20:00:00Z,24840.9
2026-03-25T21:00:00Z,23823.9
2026-03-25T22:00:00Z,21111.5
2026-03-25T23:00:00Z,21695.1
2026-03-26T00:00:00Z,22126.3
2026-03-26T01:00:00Z,21550.3
2026-03-26T02:00:00Z,23128.8
2026-03-26T03:00:00Z,23976.6
2026-03-26T04:00:00Z,24520.7
2026-03-26T05:00:00Z,26320.2
2026-03-26T06:00:00Z,28055.0
2026-03-26T07:00:00Z,29976.5
2026-03-26T08:00:00Z,30680.5
2026-03-26T09:00:00Z,31198.7
2026-03-26T10:00:00Z,33137.9
2026-03-26T11:00:00Z,35122.2
2026-03-26T12:00:00Z,33464.0
2026-03-26T13:00:00Z,33846.1
2026-03-26T14:00:00Z,32914.2
2026-03-26T15:00:00Z,32295.2
2026-03-26T16:00:00Z,31941.1
2026-03-26T17:00:00Z,30011.5
2026-03-26T18:00:00Z,26913.6
2026-03-26T19:00:00Z,26014.9
2026-03-26T20:00:00Z,24585.4
2026-03-26T21:00:00Z,23248.4
2026-03-26T22:00:00Z,22101.2
2026-03-26T23:00:00Z,21101.8
2026-03-27T00:00:00Z,20670.4
2026-03-27T01:00:00Z,21481.8
2026-03-27T02:00:00Z,22431.6
2026-03-27T03:00:00Z,23055.8
2026-03-27T04:00:00Z,24393.1
2026-03-27T05:00:00Z,26928.2
2026-03-27T06:00:00Z,27474.3
2026-03-27T07:00:00Z,29539.6
2026-03-27T08:00:00Z,31065.3
2026-03-27T09:00:00Z,31685.9
2026-03-27T10:00:00Z,33809.2
2026-03-27T11:00:00Z,32944.6
2026-03-27T12:00:00Z,33510.5
2026-03-27T13:00:00Z,33696.3
2026-03-27T14:00:00Z,33603.5
2026-03-27T15:00:00Z,32744.5
2026-03-27T16:00:00Z,30252.7
2026-03-27T17:00:00Z,29108.7
2026-03-27T18:00:00Z,26871.2
2026-03-27T19:00:00Z,25366.4
2026-03-27T20:00:00Z,25328.4
2026-03-27T21:00:00Z,23448.3
2026-03-27T22:00:00Z,22527.2
2026-03-27T23:00:00Z,21083.7
2026-03-28T00:00:00Z,19669.3
2026-03-28T01:00:00Z,18670.6
2026-03-28T02:00:00Z,20516.9
2026-03-28T03:00:00Z,21595.2
2026-03-28T04:00:00Z,23617.7
2026-03-28T05:00:00Z,24261.9
2026-03-28T06:00:00Z,25963.3
2026-03-28T07:00:00Z,27837.1
2026-03-28T08:00:00Z,30187.6
2026-03-28T09:00:00Z,30904.6
2026-03-28T10:00:00Z,31775.3
2026-03-28T11:00:00Z,31588.0
2026-03-28T12:00:00Z,32113.0
2026-03-28T13:00:00Z,31738.7
2026-03-28T14:00:00Z,30702.7
2026-03-28T15:00:00Z,30620.8
2026-03-28T16:00:00Z,28716.4
2026-03-28T17:00:00Z,27678.8
2026-03-28T18:00:00Z,25382.9
2026-03-28T19:00:00Z,24358.1
2026-03-28T20:00:00Z,21759.0
2026-03-28T21:00:00Z,21389.2
2026-03-28T22:00:00Z,21180.4
2026-03-28T23:00:00Z,19606.0
2026-03-29T00:00:00Z,19158.8
2026-03-29T01:00:00Z,19885.4
2026-03-29T02:00:00Z,20094.0
2026-03-29T03:00:00Z,21250.9
2026-03-29T04:00:00Z,22905.7
2026-03-29T05:00:00Z,23960.8
2026-03-29T06:00:00Z,25477.7
2026-03-29T07:00:00Z,26347.8
2026-03-29T08:00:00Z,28107.9
2026-03-29T09:00:00Z,29720.9
2026-03-29T10:00:00Z,31346.3
2026-03-29T11:00:00Z,32039.1
2026-03-29T12:00:00Z,32161.2
2026-03-29T13:00:00Z,31568.4
2026-03-29T14:00:00Z,31238.3
2026-03-29T15:00:00Z,30227.4
2026-03-29T16:00:00Z,29708.2
2026-03-29T17:00:00Z,27356.4
2026-03-29T18:00:00Z,25376.9
2026-03-29T19:00:00Z,23994.3
2026-03-29T20:00:00Z,22948.1
2026-03-29T21:00:00Z,21726.1
2026-03-29T22:00:00Z,19980.1
2026-03-29T23:00:00Z,20119.1
2026-03-30T00:00:00Z,20952.7
2026-03-30T01:00:00Z,22387.5
2026-03-30T02:00:00Z,22034.8
2026-03-30T03:00:00Z,22846.9
2026-03-30T04:00:00Z,23297.7
2026-03-30T05:00:00Z,26621.8
2026-03-30T06:00:00Z,27047.0
2026-03-30T07:00:00Z,29163.2
2026-03-30T08:00:00Z,30382.3
2026-03-30T09:00:00Z,30738.7
2026-03-30T10:00:00Z,32863.3
2026-03-30T11:00:00Z,33274.3
2026-03-30T12:00:00Z,33571.5
2026-03-30T13:00:00Z,33160.6
2026-03-30T14:00:00Z,32656.2
2026-03-30T15:00:00Z,32445.2
2026-03-30T16:00:00Z,30705.1
2026-03-30T17:00:00Z,29508.4
2026-03-30T18:00:00Z,27209.6
2026-03-30T19:00:00Z,25685.0
2026-03-30T20:00:00Z,23912.8
2026-03-30T21:00:00Z,23220.5
2026-03-30T22:00:00Z,21903.9
2026-03-30T23:00:00Z,21207.5
2026-03-31T00:00:00Z,21014.9
2026-03-31T01:00:00Z,20993.1
2026-03-31T02:00:00Z,22479.9
2026-03-31T03:00:00Z,22474.3
2026-03-31T04:00:00Z,25008.3
2026-03-31T05:00:00Z,25911.9
2026-03-31T06:00:00Z,28087.2
2026-03-31T07:00:00Z,30133.0
2026-03-31T08:00:00Z,30781.1
2026-03-31T09:00:00Z,32145.3
2026-03-31T10:00:00Z,32907.1
2026-03-31T11:00:00Z,33805.0
2026-03-31T12:00:00Z,34260.4
2026-03-31T13:00:00Z,33489.0
2026-03-31T14:00:00Z,32947.6
2026-03-31T15:00:00Z,31676.2
2026-03-31T16:00:00Z,30048.8
2026-03-31T17:00:00Z,29685.2
2026-03-31T18:00:00Z,27920.7
2026-03-31T19:00:00Z,26575.1
2026-03-31T20:00:00Z,23755.4
2026-03-31T21:00:00Z,23241.8
2026-03-31T22:00:00Z,22350.6
2026-03-31T23:00:00Z,22127.2
2026-04-01T00:00:00Z,21385.0
2026-04-01T01:00:00Z,21211.7
2026-04-01T02:00:00Z,22142.0
2026-04-01T03:00:00Z,23715.6
2026-04-01T04:00:00Z,24178.6
2026-04-01T05:00:00Z,25899.9
2026-04-01T06:00:00Z,27462.0
2026-04-01T07:00:00Z,29218.2
2026-04-01T08:00:00Z,30838.3
2026-04-01T09:00:00Z,31383.6
2026-04-01T10:00:00Z,33904.3
2026-04-01T11:00:00Z,32969.3
2026-04-01T12:00:00Z,33185.8
2026-04-01T13:00:00Z,33458.0
2026-04-01T14:00:00Z,33388.0
2026-04-01T15:00:00Z,32467.9
2026-04-01T16:00:00Z,31604.9
2026-04-01T17:00:00Z,29174.0
2026-04-01T18:00:00Z,27110.7
2026-04-01T19:00:00Z,25263.8
2026-04-01T20:00:00Z,24080.1
2026-04-01T21:00:00Z,23187.5
2026-04-01T22:00:00Z,21988.4
2026-04-01T23:00:00Z,20219.9
2026-04-02T00:00:00Z,21078.1
2026-04-02T01:00:00Z,21538.8
2026-04-02T02:00:00Z,21505.5
2026-04-02T03:00:00Z,22515.7
2026-04-02T04:00:00Z,23666.7
2026-04-02T05:00:00Z,26272.1
2026-04-02T06:00:00Z,28225.0
2026-04-02T07:00:00Z,29486.6
2026-04-02T08:00:00Z,30153.5
2026-04-02T09:00:00Z,31500.7
2026-04-02T10:00:00Z,33679.8
2026-04-02T11:00:00Z,34463.0
2026-04-02T12:00:00Z,34207.8
2026-04-02T13:00:00Z,33336.1
2026-04-02T14:00:00Z,31929.6
2026-04-02T15:00:00Z,32104.6
2026-04-02T16:00:00Z,31242.1
2026-04-02T17:00:00Z,28959.4
2026-04-02T18:00:00Z,26923.6
2026-04-02T19:00:00Z,25855.8
2026-04-02T20:00:00Z,24355.3
2026-04-02T21:00:00Z,22749.8
2026-04-02T22:00:00Z,21802.9
2026-04-02T23:00:00Z,20280.6
2026-04-03T00:00:00Z,20999.5
2026-04-03T01:00:00Z,20336.3
2026-04-03T02:00:00Z,21516.3
2026-04-03T03:00:00Z,22472.9
2026-04-03T04:00:00Z,24104.0
2026-04-03T05:00:00Z,26180.5
2026-04-03T06:00:00Z,26824.0
2026-04-03T07:00:00Z,29004.5
2026-04-03T08:00:00Z,29721.2
2026-04-03T09:00:00Z,31668.8
2026-04-03T10:00:00Z,32556.6
2026-04-03T11:00:00Z,33075.5
2026-04-03T12:00:00Z,33158.8
2026-04-03T13:00:00Z,32846.3
2026-04-03T14:00:00Z,31757.9
2026-04-03T15:00:00Z,30947.4
2026-04-03T16:00:00Z,29481.3
2026-04-03T17:00:00Z,29138.1
2026-04-03T18:00:00Z,26796.7
2026-04-03T19:00:00Z,26159.0
2026-04-03T20:00:00Z,24510.9
2026-04-03T21:00:00Z,22770.4
2026-04-03T22:00:00Z,22512.2
2026-04-03T23:00:00Z,21101.0
2026-04-04T00:00:00Z,18319.4
2026-04-04T01:00:00Z,19192.3
2026-04-04T02:00:00Z,20123.2
2026-04-04T03:00:00Z,21051.9
2026-04-04T04:00:00Z,21744.2
2026-04-04T05:00:00Z,24265.1
2026-04-04T06:00:00Z,25180.1
2026-04-04T07:00:00Z,27699.2
2026-04-04T08:00:00Z,28753.3
2026-04-04T09:00:00Z,30694.2
2026-04-04T10:00:00Z,31422.7
2026-04-04T11:00:00Z,31368.2
2026-04-04T12:00:00Z,32461.0
2026-04-04T13:00:00Z,31431.2
2026-04-04T14:00:00Z,31097.6
2026-04-04T15:00:00Z,30569.7
2026-04-04T16:00:00Z,28781.1
2026-04-04T17:00:00Z,27713.1
2026-04-04T18:00:00Z,26054.9
2026-04-04T19:00:00Z,24264.4
2026-04-04T20:00:00Z,22195.1
2026-04-04T21:00:00Z,20324.6
2026-04-04T22:00:00Z,19739.8
2026-04-04T23:00:00Z,19125.6
2026-04-05T00:00:00Z,19981.6
2026-04-05T01:00:00Z,19544.5
2026-04-05T02:00:00Z,20268.9
2026-04-05T03:00:00Z,20974.0
2026-04-05T04:00:00Z,21600.7
2026-04-05T05:00:00Z,23582.3
2026-04-05T06:00:00Z,25754.4
2026-04-05T07:00:00Z,27747.1
2026-04-05T08:00:00Z,29540.8
2026-04-05T09:00:00Z,30462.6
2026-04-05T10:00:00Z,31618.4
2026-04-05T11:00:00Z,31337.5
2026-04-05T12:00:00Z,32264.6
2026-04-05T13:00:00Z,31944.4
2026-04-05T14:00:00Z,30297.3
2026-04-05T15:00:00Z,29970.3
2026-04-05T16:00:00Z,28623.8
2026-04-05T17:00:00Z,27893.7
2026-04-05T18:00:00Z,25570.0
2026-04-05T19:00:00Z,23175.3
2026-04-05T20:00:00Z,22422.6
2026-04-05T21:00:00Z,22289.0
2026-04-05T22:00:00Z,19424.7
2026-04-05T23:00:00Z,19454.0
2026-04-06T00:00:00Z,21190.9
2026-04-06T01:00:00Z,21205.7
2026-04-06T02:00:00Z,22052.2
2026-04-06T03:00:00Z,22277.5
2026-04-06T04:00:00Z,23867.8
2026-04-06T05:00:00Z,25414.6
2026-04-06T06:00:00Z,27337.7
2026-04-06T07:00:00Z,28388.2
2026-04-06T08:00:00Z,29545.4
2026-04-06T09:00:00Z,32077.4
2026-04-06T10:00:00Z,33298.2
2026-04-06T11:00:00Z,33606.9
2026-04-06T12:00:00Z,33559.1
2026-04-06T13:00:00Z,33701.7
2026-04-06T14:00:00Z,32508.9
2026-04-06T15:00:00Z,31852.0
2026-04-06T16:00:00Z,29764.6
2026-04-06T17:00:00Z,28091.7
2026-04-06T18:00:00Z,26976.8
2026-04-06T19:00:00Z,25636.6
2026-04-06T20:00:00Z,24288.6
2026-04-06T21:00:00Z,23103.6
2026-04-06T22:00:00Z,21184.4
2026-04-06T23:00:00Z,21483.5
2026-04-07T00:00:00Z,21539.1
2026-04-07T01:00:00Z,21005.3
2026-04-07T02:00:00Z,21447.6
2026-04-07T03:00:00Z,22358.8
2026-04-07T04:00:00Z,24269.2
2026-04-07T05:00:00Z,24962.9
2026-04-07T06:00:00Z,27765.3
2026-04-07T07:00:00Z,28968.9
2026-04-07T08:00:00Z,30063.6
2026-04-07T09:00:00Z,31854.4
2026-04-07T10:00:00Z,33048.9
2026-04-07T11:00:00Z,33043.5
2026-04-07T12:00:00Z,32825.3
2026-04-07T13:00:00Z,32981.0
2026-04-07T14:00:00Z,32153.0
2026-04-07T15:00:00Z,31873.9
2026-04-07T16:00:00Z,30573.8
2026-04-07T17:00:00Z,29569.5
2026-04-07T18:00:00Z,27229.2
2026-04-07T19:00:00Z,25861.5
2026-04-07T20:00:00Z,23162.8
2026-04-07T21:00:00Z,22012.8
2026-04-07T22:00:00Z,21067.2
2026-04-07T23:00:00Z,19557.9
2026-04-08T00:00:00Z,21019.2
2026-04-08T01:00:00Z,19937.1
2026-04-08T02:00:00Z,22740.6
2026-04-08T03:00:00Z,21889.9
2026-04-08T04:00:00Z,23930.5
2026-04-08T05:00:00Z,25429.1
2026-04-08T06:00:00Z,27781.7
2026-04-08T07:00:00Z,28383.6
2026-04-08T08:00:00Z,30366.5
2026-04-08T09:00:00Z,31341.4
2026-04-08T10:00:00Z,32669.8
2026-04-08T11:00:00Z,33033.2
2026-04-08T12:00:00Z,32555.7
2026-04-08T13:00:00Z,32821.9
2026-04-08T14:00:00Z,32190.7
2026-04-08T15:00:00Z,31851.5
2026-04-08T16:00:00Z,29435.4
2026-04-08T17:00:00Z,29737.9
2026-04-08T18:00:00Z,26618.2
2026-04-08T19:00:00Z,25636.9
2026-04-08T20:00:00Z,24170.3
2026-04-08T21:00:00Z,22837.2
2026-04-08T22:00:00Z,21071.6
2026-04-08T23:00:00Z,21370.5
2026-04-09T00:00:00Z,20057.7
2026-04-09T01:00:00Z,20927.0
2026-04-09T02:00:00Z,21510.4
2026-04-09T03:00:00Z,22123.6
2026-04-09T04:00:00Z,24514.3
2026-04-09T05:00:00Z,24424.5
2026-04-09T06:00:00Z,27629.6
2026-04-09T07:00:00Z,28450.1
2026-04-09T08:00:00Z,29469.0
2026-04-09T09:00:00Z,31664.8
2026-04-09T10:00:00Z,32634.6
2026-04-09T11:00:00Z,32539.5
2026-04-09T12:00:00Z,33265.9
2026-04-09T13:00:00Z,34005.8
2026-04-09T14:00:00Z,32453.1
2026-04-09T15:00:00Z,31393.0
2026-04-09T16:00:00Z,31543.0
2026-04-09T17:00:00Z,28777.1
2026-04-09T18:00:00Z,27198.7
2026-04-09T19:00:00Z,25588.4
2026-04-09T20:00:00Z,23717.2
2026-04-09T21:00:00Z,22101.2
2026-04-09T22:00:00Z,22012.2
2026-04-09T23:00:00Z,21422.8
2026-04-10T00:00:00Z,20718.8
2026-04-10T01:00:00Z,20471.2
2026-04-10T02:00:00Z,21492.8
2026-04-10T03:00:00Z,22893.9
2026-04-10T04:00:00Z,24489.1
2026-04-10T05:00:00Z,24913.2
2026-04-10T06:00:00Z,26895.1
2026-04-10T07:00:00Z,28846.3
2026-04-10T08:00:00Z,30422.0
2026-04-10T09:00:00Z,31540.4
2026-04-10T10:00:00Z,32336.1
2026-04-10T11:00:00Z,33596.7
2026-04-10T12:00:00Z,33614.9
2026-04-10T13:00:00Z,32461.1
2026-04-10T14:00:00Z,34106.7
2026-04-10T15:00:00Z,32071.5
2026-04-10T16:00:00Z,29726.6
2026-04-10T17:00:00Z,28537.4
2026-04-10T18:00:00Z,26249.3
2026-04-10T19:00:00Z,24990.0
2026-04-10T20:00:00Z,23438.9
2026-04-10T21:00:00Z,22469.3
2026-04-10T22:00:00Z,22238.2
2026-04-10T23:00:00Z,21156.2
2026-04-11T00:00:00Z,18983.4
2026-04-11T01:00:00Z,19363.4
2026-04-11T02:00:00Z,19697.0
2026-04-11T03:00:00Z,21067.2
2026-04-11T04:00:00Z,22642.9
2026-04-11T05:00:00Z,24720.8
2026-04-11T06:00:00Z,25341.3
2026-04-11T07:00:00Z,26418.4
2026-04-11T08:00:00Z,28864.8
2026-04-11T09:00:00Z,29228.8
2026-04-11T10:00:00Z,30214.2
2026-04-11T11:00:00Z,31426.9
2026-04-11T12:00:00Z,32226.5
2026-04-11T13:00:00Z,30818.7
2026-04-11T14:00:00Z,31500.1
2026-04-11T15:00:00Z,29615.1
2026-04-11T16:00:00Z,28931.8
2026-04-11T17:00:00Z,26805.0
2026-04-11T18:00:00Z,25079.4
2026-04-11T19:00:00Z,24008.2
2026-04-11T20:00:00Z,21809.0
2026-04-11T21:00:00Z,20715.5
2026-04-11T22:00:00Z,20509.8
2026-04-11T23:00:00Z,19405.2
2026-04-12T00:00:00Z,19271.7
2026-04-12T01:00:00Z,18379.3
2026-04-12T02:00:00Z,19727.1
2026-04-12T03:00:00Z,20672.0
2026-04-12T04:00:00Z,22023.4
2026-04-12T05:00:00Z,24956.2
2026-04-12T06:00:00Z,24888.7
2026-04-12T07:00:00Z,26428.2
2026-04-12T08:00:00Z,28258.1
2026-04-12T09:00:00Z,29492.2
2026-04-12T10:00:00Z,29504.5
2026-04-12T11:00:00Z,30952.7
2026-04-12T12:00:00Z,31977.4
2026-04-12T13:00:00Z,31600.6
2026-04-12T14:00:00Z,30977.6
2026-04-12T15:00:00Z,29732.9
2026-04-12T16:00:00Z,28387.1
2026-04-12T17:00:00Z,26431.6
2026-04-12T18:00:00Z,25428.8
2026-04-12T19:00:00Z,24484.6
2026-04-12T20:00:00Z,22020.3
2026-04-12T21:00:00Z,21305.6
2026-04-12T22:00:00Z,20700.9
2026-04-12T23:00:00Z,18790.6
2026-04-13T00:00:00Z,20971.0
2026-04-13T01:00:00Z,20878.5
2026-04-13T02:00:00Z,21505.5
2026-04-13T03:00:00Z,22266.7
2026-04-13T04:00:00Z,24002.7
2026-04-13T05:00:00Z,24991.2
2026-04-13T06:00:00Z,26393.9
2026-04-13T07:00:00Z,29373.1
2026-04-13T08:00:00Z,30138.0
2026-04-13T09:00:00Z,30772.7
2026-04-13T10:00:00Z,32492.4
2026-04-13T11:00:00Z,33702.5
2026-04-13T12:00:00Z,33806.3
2026-04-13T13:00:00Z,33326.0
2026-04-13T14:00:00Z,32133.0
2026-04-13T15:00:00Z,32313.9
2026-04-13T16:00:00Z,30478.0
2026-04-13T17:00:00Z,28753.7
2026-04-13T18:00:00Z,27293.6
2026-04-13T19:00:00Z,25362.4
2026-04-13T20:00:00Z,24399.5
2026-04-13T21:00:00Z,22226.5
2026-04-13T22:00:00Z,21710.1
2026-04-13T23:00:00Z,20973.8
2026-04-14T00:00:00Z,20234.6
2026-04-14T01:00:00Z,21291.3
2026-04-14T02:00:00Z,21355.1
2026-04-14T03:00:00Z,22508.7
2026-04-14T04:00:00Z,24781.7
2026-04-14T05:00:00Z,25587.0
2026-04-14T06:00:00Z,27472.6
2026-04-14T07:00:00Z,28351.2
2026-04-14T08:00:00Z,30619.3
2026-04-14T09:00:00Z,30899.7
2026-04-14T10:00:00Z,32113.1
2026-04-14T11:00:00Z,32916.1
2026-04-14T12:00:00Z,33835.4
2026-04-14T13:00:00Z,32784.8
2026-04-14T14:00:00Z,32485.7
2026-04-14T15:00:00Z,31737.2
2026-04-14T16:00:00Z,29238.7
2026-04-14T17:00:00Z,29663.1
2026-04-14T18:00:00Z,27558.3
2026-04-14T19:00:00Z,24995.1
2026-04-14T20:00:00Z,23631.3
2026-04-14T21:00:00Z,23265.8
2026-04-14T22:00:00Z,22188.3
2026-04-14T23:00:00Z,21226.6
2026-04-15T00:00:00Z,20306.6
2026-04-15T01:00:00Z,21625.6
2026-04-15T02:00:00Z,22385.1
2026-04-15T03:00:00Z,21883.1
2026-04-15T04:00:00Z,23930.4
2026-04-15T05:00:00Z,26207.0
2026-04-15T06:00:00Z,26474.1
2026-04-15T07:00:00Z,28590.3
2026-04-15T08:00:00Z,30657.3
2026-04-15T09:00:00Z,30852.6
2026-04-15T10:00:00Z,32522.0
2026-04-15T11:00:00Z,32007.4
2026-04-15T12:00:00Z,33743.1
2026-04-15T13:00:00Z,33850.5
2026-04-15T14:00:00Z,32528.4
2026-04-15T15:00:00Z,31490.2
2026-04-15T16:00:00Z,30227.6
2026-04-15T17:00:00Z,28871.5
2026-04-15T18:00:00Z,26796.8
2026-04-15T19:00:00Z,25589.3
2026-04-15T20:00:00Z,24298.0
2026-04-15T21:00:00Z,22755.4
2026-04-15T22:00:00Z,21949.4
2026-04-15T23:00:00Z,21023.4
2026-04-16T00:00:00Z,21186.0
2026-04-16T01:00:00Z,20596.9
2026-04-16T02:00:00Z,21491.7
2026-04-16T03:00:00Z,22654.4
2026-04-16T04:00:00Z,24969.0
2026-04-16T05:00:00Z,26319.0
2026-04-16T06:00:00Z,26697.2
2026-04-16T07:00:00Z,28654.4
2026-04-16T08:00:00Z,30007.7
2026-04-16T09:00:00Z,30983.6
2026-04-16T10:00:00Z,32107.4
2026-04-16T11:00:00Z,33488.4
2026-04-16T12:00:00Z,32453.6
2026-04-16T13:00:00Z,33635.1
2026-04-16T14:00:00Z,32119.6
2026-04-16T15:00:00Z,31517.0
2026-04-16T16:00:00Z,30154.4
2026-04-16T17:00:00Z,28390.0
2026-04-16T18:00:00Z,27298.7
2026-04-16T19:00:00Z,25180.9
2026-04-16T20:00:00Z,23973.6
2026-04-16T21:00:00Z,23628.5
2026-04-16T22:00:00Z,21371.0
2026-04-16T23:00:00Z,21685.0
2026-04-17T00:00:00Z,20170.3
2026-04-17T01:00:00Z,22166.6
2026-04-17T02:00:00Z,20428.6
2026-04-17T03:00:00Z,22536.2
2026-04-17T04:00:00Z,22913.1
2026-04-17T05:00:00Z,25336.9
2026-04-17T06:00:00Z,26916.7
2026-04-17T07:00:00Z,27860.6
2026-04-17T08:00:00Z,30179.5
2026-04-17T09:00:00Z,31956.7
2026-04-17T10:00:00Z,32588.0
2026-04-17T11:00:00Z,32794.3
2026-04-17T12:00:00Z,33819.1
2026-04-17T13:00:00Z,33845.5
2026-04-17T14:00:00Z,31966.4
2026-04-17T15:00:00Z,31638.0
2026-04-17T16:00:00Z,29518.3
2026-04-17T17:00:00Z,28267.8
2026-04-17T18:00:00Z,27315.8
2026-04-17T19:00:00Z,25734.1
2026-04-17T20:00:00Z,24384.8
2026-04-17T21:00:00Z,22400.4
2026-04-17T22:00:00Z,22125.9
2026-04-17T23:00:00Z,22002.7
2026-04-18T00:00:00Z,19343.4
2026-04-18T01:00:00Z,19750.2
2026-04-18T02:00:00Z,19915.4
2026-04-18T03:00:00Z,21340.1
2026-04-18T04:00:00Z,23138.4
2026-04-18T05:00:00Z,23812.9
2026-04-18T06:00:00Z,24896.1
2026-04-18T07:00:00Z,26820.1
2026-04-18T08:00:00Z,28657.7
2026-04-18T09:00:00Z,29481.5
2026-04-18T10:00:00Z,31703.3
2026-04-18T11:00:00Z,30402.2
2026-04-18T12:00:00Z,31612.8
2026-04-18T13:00:00Z,31462.0
2026-04-18T14:00:00Z,31175.9
2026-04-18T15:00:00Z,30224.5
2026-04-18T16:00:00Z,28323.2
2026-04-18T17:00:00Z,27077.8
2026-04-18T18:00:00Z,24908.5
2026-04-18T19:00:00Z,23271.2
2026-04-18T20:00:00Z,22249.8
2026-04-18T21:00:00Z,20849.4
2026-04-18T22:00:00Z,20117.1
2026-04-18T23:00:00Z,19027.5
2026-04-19T00:00:00Z,18340.9
2026-04-19T01:00:00Z,19716.2
2026-04-19T02:00:00Z,20450.6
2026-04-19T03:00:00Z,20930.7
2026-04-19T04:00:00Z,22646.2
2026-04-19T05:00:00Z,23301.4
2026-04-19T06:00:00Z,25862.3
2026-04-19T07:00:00Z,26455.6
2026-04-19T08:00:00Z,28734.2
2026-04-19T09:00:00Z,29799.5
2026-04-19T10:00:00Z,31334.1
2026-04-19T11:00:00Z,31703.7
2026-04-19T12:00:00Z,32000.1
2026-04-19T13:00:00Z,31418.2
2026-04-19T14:00:00Z,31515.3
2026-04-19T15:00:00Z,30717.2
2026-04-19T16:00:00Z,28133.0
2026-04-19T17:00:00Z,27052.6
2026-04-19T18:00:00Z,25589.3
2026-04-19T19:00:00Z,23894.0
2026-04-19T20:00:00Z,21794.4
2026-04-19T21:00:00Z,20754.9
2026-04-19T22:00:00Z,19594.4
2026-04-19T23:00:00Z,18837.2
2026-04-20T00:00:00Z,20646.2
2026-04-20T01:00:00Z,21216.5
2026-04-20T02:00:00Z,21349.7
2026-04-20T03:00:00Z,21951.7
2026-04-20T04:00:00Z,23689.9
2026-04-20T05:00:00Z,25178.8
2026-04-20T06:00:00Z,27097.2
2026-04-20T07:00:00Z,29299.3
2026-04-20T08:00:00Z,30733.0
2026-04-20T09:00:00Z,29966.6
2026-04-20T10:00:00Z,34202.4
2026-04-20T11:00:00Z,33931.1
2026-04-20T12:00:00Z,32690.0
2026-04-20T13:00:00Z,33244.6
2026-04-20T14:00:00Z,31944.6
2026-04-20T15:00:00Z,32611.6
2026-04-20T16:00:00Z,29619.6
2026-04-20T17:00:00Z,29189.3
2026-04-20T18:00:00Z,27040.4
2026-04-20T19:00:00Z,25804.3
2026-04-20T20:00:00Z,23993.6
2026-04-20T21:00:00Z,21928.5
2026-04-20T22:00:00Z,20714.0
2026-04-20T23:00:00Z,21000.5
2026-04-21T00:00:00Z,20742.2
2026-04-21T01:00:00Z,20736.4
2026-04-21T02:00:00Z,22300.4
2026-04-21T03:00:00Z,22613.0
2026-04-21T04:00:00Z,23616.8
2026-04-21T05:00:00Z,26475.4
2026-04-21T06:00:00Z,27129.9
2026-04-21T07:00:00Z,28485.6
2026-04-21T08:00:00Z,29829.3
2026-04-21T09:00:00Z,31124.4
2026-04-21T10:00:00Z,31935.1
2026-04-21T11:00:00Z,32583.2
2026-04-21T12:00:00Z,32785.2
2026-04-21T13:00:00Z,32405.6
2026-04-21T14:00:00Z,31719.0
2026-04-21T15:00:00Z,31583.6
2026-04-21T16:00:00Z,29170.4
2026-04-21T17:00:00Z,28664.8
2026-04-21T18:00:00Z,27577.4
2026-04-21T19:00:00Z,25100.5
2026-04-21T20:00:00Z,23880.8
2026-04-21T21:00:00Z,23265.4
2026-04-21T22:00:00Z,21960.3
2026-04-21T23:00:00Z,20458.5
2026-04-22T00:00:00Z,20746.5
2026-04-22T01:00:00Z,20876.1
2026-04-22T02:00:00Z,22229.1
2026-04-22T03:00:00Z,23648.3
2026-04-22T04:00:00Z,23589.9
2026-04-22T05:00:00Z,25789.0
2026-04-22T06:00:00Z,27474.1
2026-04-22T07:00:00Z,28986.9
2026-04-22T08:00:00Z,29093.2
2026-04-22T09:00:00Z,30833.9
2026-04-22T10:00:00Z,31911.7
2026-04-22T11:00:00Z,32562.3
2026-04-22T12:00:00Z,32519.8
2026-04-22T13:00:00Z,33387.0
2026-04-22T14:00:00Z,32554.7
2026-04-22T15:00:00Z,31301.3
2026-04-22T16:00:00Z,28777.1
2026-04-22T17:00:00Z,29062.4
2026-04-22T18:00:00Z,26057.3
2026-04-22T19:00:00Z,25706.1
2026-04-22T20:00:00Z,23668.2
2026-04-22T21:00:00Z,22968.4
2026-04-22T22:00:00Z,21353.3
2026-04-22T23:00:00Z,21095.7
2026-04-23T00:00:00Z,20389.7
2026-04-23T01:00:00Z,21373.6
2026-04-23T02:00:00Z,21966.2
2026-04-23T03:00:00Z,22631.4
2026-04-23T04:00:00Z,24754.6
2026-04-23T05:00:00Z,25077.0
2026-04-23T06:00:00Z,25326.5
2026-04-23T07:00:00Z,29916.2
2026-04-23T08:00:00Z,31424.3
2026-04-23T09:00:00Z,31780.4
2026-04-23T10:00:00Z,32001.6
2026-04-23T11:00:00Z,32917.7
2026-04-23T12:00:00Z,31982.8
2026-04-23T13:00:00Z,32328.4
2026-04-23T14:00:00Z,32062.7
2026-04-23T15:00:00Z,31374.8
2026-04-23T16:00:00Z,29815.4
2026-04-23T17:00:00Z,29004.4
2026-04-23T18:00:00Z,27264.9
2026-04-23T19:00:00Z,25483.2
2026-04-23T20:00:00Z,23425.5
2026-04-23T21:00:00Z,22596.9
2026-04-23T22:00:00Z,22125.5
2026-04-23T23:00:00Z,20949.6
2026-04-24T00:00:00Z,21428.1
2026-04-24T01:00:00Z,20850.3
2026-04-24T02:00:00Z,21972.6
2026-04-24T03:00:00Z,22026.2
2026-04-24T04:00:00Z,23285.9
2026-04-24T05:00:00Z,25202.3
2026-04-24T06:00:00Z,27932.4
2026-04-24T07:00:00Z,28065.3
2026-04-24T08:00:00Z,30055.7
2026-04-24T09:00:00Z,31660.9
2026-04-24T10:00:00Z,32897.9
2026-04-24T11:00:00Z,33351.2
2026-04-24T12:00:00Z,33287.0
2026-04-24T13:00:00Z,33023.4
2026-04-24T14:00:00Z,32896.6
2026-04-24T15:00:00Z,32364.9
2026-04-24T16:00:00Z,30898.5
2026-04-24T17:00:00Z,28256.2
2026-04-24T18:00:00Z,26353.8
2026-04-24T19:00:00Z,25320.7
2026-04-24T20:00:00Z,24493.7
2026-04-24T21:00:00Z,23368.1
2026-04-24T22:00:00Z,21561.7
2026-04-24T23:00:00Z,20461.9
2026-04-25T00:00:00Z,18598.3
2026-04-25T01:00:00Z,19569.5
2026-04-25T02:00:00Z,19766.9
2026-04-25T03:00:00Z,22171.5
2026-04-25T04:00:00Z,21888.1
2026-04-25T05:00:00Z,22468.8
2026-04-25T06:00:00Z,26629.9
2026-04-25T07:00:00Z,27623.2
2026-04-25T08:00:00Z,27767.2
2026-04-25T09:00:00Z,29109.4
2026-04-25T10:00:00Z,29969.6
2026-04-25T11:00:00Z,31787.9
2026-04-25T12:00:00Z,31430.6
2026-04-25T13:00:00Z,31607.0
2026-04-25T14:00:00Z,29972.5
2026-04-25T15:00:00Z,29477.4
2026-04-25T16:00:00Z,29157.1
2026-04-25T17:00:00Z,26248.2
2026-04-25T18:00:00Z,24796.8
2026-04-25T19:00:00Z,24407.6
2026-04-25T20:00:00Z,22090.3
2026-04-25T21:00:00Z,20826.4
2026-04-25T22:00:00Z,19324.7
2026-04-25T23:00:00Z,19058.8
2026-04-26T00:00:00Z,18223.2
2026-04-26T01:00:00Z,20269.7
2026-04-26T02:00:00Z,19987.6
2026-04-26T03:00:00Z,21095.6
2026-04-26T04:00:00Z,21846.0
2026-04-26T05:00:00Z,23185.4
2026-04-26T06:00:00Z,25161.3
2026-04-26T07:00:00Z,26296.9
2026-04-26T08:00:00Z,28208.3
2026-04-26T09:00:00Z,29220.9
2026-04-26T10:00:00Z,30951.8
2026-04-26T11:00:00Z,30933.2
2026-04-26T12:00:00Z,31945.5
2026-04-26T13:00:00Z,31975.7
2026-04-26T14:00:00Z,30440.8
2026-04-26T15:00:00Z,29522.2
2026-04-26T16:00:00Z,28469.2
2026-04-26T17:00:00Z,26298.0
2026-04-26T18:00:00Z,25558.9
2026-04-26T19:00:00Z,24197.1
2026-04-26T20:00:00Z,21185.6
2026-04-26T21:00:00Z,21235.2
2026-04-26T22:00:00Z,19818.7
2026-04-26T23:00:00Z,18955.9
2026-04-27T00:00:00Z,20614.1
2026-04-27T01:00:00Z,20687.9
2026-04-27T02:00:00Z,21964.5
2026-04-27T03:00:00Z,22347.4
2026-04-27T04:00:00Z,24752.6
2026-04-27T05:00:00Z,25518.1
2026-04-27T06:00:00Z,27636.3
2026-04-27T07:00:00Z,28210.4
2026-04-27T08:00:00Z,30035.3
2026-04-27T09:00:00Z,32176.9
2026-04-27T10:00:00Z,32309.1
2026-04-27T11:00:00Z,32695.8
2026-04-27T12:00:00Z,34222.8
2026-04-27T13:00:00Z,32317.1
2026-04-27T14:00:00Z,32931.3
2026-04-27T15:00:00Z,31301.6
2026-04-27T16:00:00Z,31058.8
2026-04-27T17:00:00Z,28883.3
2026-04-27T18:00:00Z,26888.2
2026-04-27T19:00:00Z,26460.0
2026-04-27T20:00:00Z,23660.5
2026-04-27T21:00:00Z,24192.1
2026-04-27T22:00:00Z,22025.9
2026-04-27T23:00:00Z,21127.6
2026-04-28T00:00:00Z,20882.6
2026-04-28T01:00:00Z,21303.8
2026-04-28T02:00:00Z,21611.9
2026-04-28T03:00:00Z,23002.9
2026-04-28T04:00:00Z,24030.7
2026-04-28T05:00:00Z,25210.2
2026-04-28T06:00:00Z,27568.3
2026-04-28T07:00:00Z,28684.0
2026-04-28T08:00:00Z,29374.7
2026-04-28T09:00:00Z,31540.3
2026-04-28T10:00:00Z,31634.5
2026-04-28T11:00:00Z,32856.7
2026-04-28T12:00:00Z,32858.1
2026-04-28T13:00:00Z,33010.2
2026-04-28T14:00:00Z,32679.4
2026-04-28T15:00:00Z,31947.5
2026-04-28T16:00:00Z,30005.0
2026-04-28T17:00:00Z,28766.9
2026-04-28T18:00:00Z,26868.4
2026-04-28T19:00:00Z,25666.6
2026-04-28T20:00:00Z,24509.6
2026-04-28T21:00:00Z,23480.2
2026-04-28T22:00:00Z,21217.0
2026-04-28T23:00:00Z,21534.3
2026-04-29T00:00:00Z,20772.3
2026-04-29T01:00:00Z,21101.7
2026-04-29T02:00:00Z,20560.5
2026-04-29T03:00:00Z,23270.7
2026-04-29T04:00:00Z,23455.7
2026-04-29T05:00:00Z,25176.8
2026-04-29T06:00:00Z,27022.6
2026-04-29T07:00:00Z,29808.5
2026-04-29T08:00:00Z,29567.6
2026-04-29T09:00:00Z,30974.7
2026-04-29T10:00:00Z,31694.8
2026-04-29T11:00:00Z,32939.7
2026-04-29T12:00:00Z,33061.9
2026-04-29T13:00:00Z,33501.6
2026-04-29T14:00:00Z,32628.5
2026-04-29T15:00:00Z,31216.3
2026-04-29T16:00:00Z,30399.9
2026-04-29T17:00:00Z,28752.1
2026-04-29T18:00:00Z,27353.4
2026-04-29T19:00:00Z,25638.4
2026-04-29T20:00:00Z,24284.7
2026-04-29T21:00:00Z,22888.0
2026-04-29T22:00:00Z,22138.2
2026-04-29T23:00:00Z,20245.8
2026-04-30T00:00:00Z,21071.3
2026-04-30T01:00:00Z,21255.7
2026-04-30T02:00:00Z,21591.2
2026-04-30T03:00:00Z,23056.1
2026-04-30T04:00:00Z,23692.4
2026-04-30T05:00:00Z,24410.0
2026-04-30T06:00:00Z,26595.0
2026-04-30T07:00:00Z,28941.7
2026-04-30T08:00:00Z,30653.9
2026-04-30T09:00:00Z,31599.4
2026-04-30T10:00:00Z,32043.2
2026-04-30T11:00:00Z,33288.2
2026-04-30T12:00:00Z,33627.6
2026-04-30T13:00:00Z,33250.0
2026-04-30T14:00:00Z,32467.1
2026-04-30T15:00:00Z,31609.7
2026-04-30T16:00:00Z,29885.5
2026-04-30T17:00:00Z,28930.1
2026-04-30T18:00:00Z,27005.5
2026-04-30T19:00:00Z,25812.3
2026-04-30T20:00:00Z,23889.5
2026-04-30T21:00:00Z,21477.7
2026-04-30T22:00:00Z,21603.2
2026-04-30T23:00:00Z,21492.9
2026-05-01T00:00:00Z,20943.4
2026-05-01T01:00:00Z,21829.9
2026-05-01T02:00:00Z,21322.8
2026-05-01T03:00:00Z,23428.2
2026-05-01T04:00:00Z,24229.4
2026-05-01T05:00:00Z,26342.9
2026-05-01T06:00:00Z,27741.5
2026-05-01T07:00:00Z,27990.7
2026-05-01T08:00:00Z,29861.0
2026-05-01T09:00:00Z,31924.8
2026-05-01T10:00:00Z,33122.5
2026-05-01T11:00:00Z,33721.0
2026-05-01T12:00:00Z,32935.5
2026-05-01T13:00:00Z,33451.9
2026-05-01T14:00:00Z,32343.3
2026-05-01T15:00:00Z,32429.6
2026-05-01T16:00:00Z,30882.7
2026-05-01T17:00:00Z,28512.5
2026-05-01T18:00:00Z,28238.4
2026-05-01T19:00:00Z,25512.3
2026-05-01T20:00:00Z,24084.9
2026-05-01T21:00:00Z,22956.1
2026-05-01T22:00:00Z,20782.0
2026-05-01T23:00:00Z,21786.7
2026-05-02T00:00:00Z,19598.1
2026-05-02T01:00:00Z,19395.7
2026-05-02T02:00:00Z,20917.8
2026-05-02T03:00:00Z,20526.0
2026-05-02T04:00:00Z,23166.1
2026-05-02T05:00:00Z,23728.1
2026-05-02T06:00:00Z,26250.6
2026-05-02T07:00:00Z,26493.8
2026-05-02T08:00:00Z,28037.5
2026-05-02T09:00:00Z,30469.7
2026-05-02T10:00:00Z,30253.6
2026-05-02T11:00:00Z,31538.9
2026-05-02T12:00:00Z,31489.6
2026-05-02T13:00:00Z,31732.5
2026-05-02T14:00:00Z,31615.9
2026-05-02T15:00:00Z,29738.7
2026-05-02T16:00:00Z,29419.4
2026-05-02T17:00:00Z,27554.2
2026-05-02T18:00:00Z,25770.9
2026-05-02T19:00:00Z,24547.2
2026-05-02T20:00:00Z,22255.5
2026-05-02T21:00:00Z,21755.8
2026-05-02T22:00:00Z,19989.0
2026-05-02T23:00:00Z,19436.2
2026-05-03T00:00:00Z,20086.6
2026-05-03T01:00:00Z,19372.1
2026-05-03T02:00:00Z,19033.6
2026-05-03T03:00:00Z,21355.9
2026-05-03T04:00:00Z,21958.3
2026-05-03T05:00:00Z,23738.4
2026-05-03T06:00:00Z,26203.3
2026-05-03T07:00:00Z,26180.9
2026-05-03T08:00:00Z,29090.1
2026-05-03T09:00:00Z,30405.9
2026-05-03T10:00:00Z,31897.7
2026-05-03T11:00:00Z,30987.3
2026-05-03T12:00:00Z,30845.3
2026-05-03T13:00:00Z,31670.4
2026-05-03T14:00:00Z,31330.9
2026-05-03T15:00:00Z,29530.7
2026-05-03T16:00:00Z,28955.1
2026-05-03T17:00:00Z,26200.0
2026-05-03T18:00:00Z,25709.5
2026-05-03T19:00:00Z,23041.6
2026-05-03T20:00:00Z,21760.9
2026-05-03T21:00:00Z,21003.4
2026-05-03T22:00:00Z,20111.3
2026-05-03T23:00:00Z,19831.2
2026-05-04T00:00:00Z,21371.1
2026-05-04T01:00:00Z,21194.0
2026-05-04T02:00:00Z,23020.6
2026-05-04T03:00:00Z,22687.1
2026-05-04T04:00:00Z,23203.3
2026-05-04T05:00:00Z,26361.8
2026-05-04T06:00:00Z,27724.1
2026-05-04T07:00:00Z,28998.2
2026-05-04T08:00:00Z,30498.6
2026-05-04T09:00:00Z,31265.5
2026-05-04T10:00:00Z,33148.1
2026-05-04T11:00:00Z,33819.1
2026-05-04T12:00:00Z,34286.1
2026-05-04T13:00:00Z,32587.1
2026-05-04T14:00:00Z,32528.4
2026-05-04T15:00:00Z,30886.0
2026-05-04T16:00:00Z,30508.2
2026-05-04T17:00:00Z,29047.9
2026-05-04T18:00:00Z,27626.7
2026-05-04T19:00:00Z,25902.0
2026-05-04T20:00:00Z,24452.2
2026-05-04T21:00:00Z,23021.1
2026-05-04T22:00:00Z,21580.9
2026-05-04T23:00:00Z,20979.1
2026-05-05T00:00:00Z,21584.8
2026-05-05T01:00:00Z,20158.5
2026-05-05T02:00:00Z,21448.1
2026-05-05T03:00:00Z,21452.9
2026-05-05T04:00:00Z,24385.5
2026-05-05T05:00:00Z,25959.3
2026-05-05T06:00:00Z,27811.5
2026-05-05T07:00:00Z,28912.8
2026-05-05T08:00:00Z,30326.3
2026-05-05T09:00:00Z,32242.5
2026-05-05T10:00:00Z,33078.7
2026-05-05T11:00:00Z,33228.8
2026-05-05T12:00:00Z,33187.3
2026-05-05T13:00:00Z,34193.0
2026-05-05T14:00:00Z,32547.2
2026-05-05T15:00:00Z,31796.1
2026-05-05T16:00:00Z,29073.7
2026-05-05T17:00:00Z,29034.1
2026-05-05T18:00:00Z,28059.1
2026-05-05T19:00:00Z,25856.8
2026-05-05T20:00:00Z,22796.7
2026-05-05T21:00:00Z,22407.6
2026-05-05T22:00:00Z,22212.2
2026-05-05T23:00:00Z,21172.9
2026-05-06T00:00:00Z,20909.5
2026-05-06T01:00:00Z,21171.8
2026-05-06T02:00:00Z,21345.0
2026-05-06T03:00:00Z,22465.9
2026-05-06T04:00:00Z,24839.5
2026-05-06T05:00:00Z,25292.8
2026-05-06T06:00:00Z,27320.9
2026-05-06T07:00:00Z,29532.7
2026-05-06T08:00:00Z,30768.8
2026-05-06T09:00:00Z,32314.1
2026-05-06T10:00:00Z,32522.0
2026-05-06T11:00:00Z,33905.4
2026-05-06T12:00:00Z,34145.9
2026-05-06T13:00:00Z,32928.1
2026-05-06T14:00:00Z,33049.8
2026-05-06T15:00:00Z,30497.5
2026-05-06T16:00:00Z,30260.0
2026-05-06T17:00:00Z,29121.8
2026-05-06T18:00:00Z,27634.8
2026-05-06T19:00:00Z,25104.9
2026-05-06T20:00:00Z,24337.1
2026-05-06T21:00:00Z,23220.8
2026-05-06T22:00:00Z,22408.5
2026-05-06T23:00:00Z,21503.8
2026-05-07T00:00:00Z,21507.7
2026-05-07T01:00:00Z,21664.8
2026-05-07T02:00:00Z,22175.4
2026-05-07T03:00:00Z,23356.4
2026-05-07T04:00:00Z,24360.1
2026-05-07T05:00:00Z,25245.1
2026-05-07T06:00:00Z,27468.4
2026-05-07T07:00:00Z,29719.0
2026-05-07T08:00:00Z,30299.0
2026-05-07T09:00:00Z,31241.8
2026-05-07T10:00:00Z,32069.2
2026-05-07T11:00:00Z,33725.8
2026-05-07T12:00:00Z,33253.7
2026-05-07T13:00:00Z,33473.9
2026-05-07T14:00:00Z,31580.8
2026-05-07T15:00:00Z,31205.5
2026-05-07T16:00:00Z,31330.6
2026-05-07T17:00:00Z,29781.4
2026-05-07T18:00:00Z,28278.0
2026-05-07T19:00:00Z,25329.7
2026-05-07T20:00:00Z,24033.2
2026-05-07T21:00:00Z,23060.7
2026-05-07T22:00:00Z,22614.1
2026-05-07T23:00:00Z,21092.0
2026-05-08T00:00:00Z,21194.0
2026-05-08T01:00:00Z,21495.1
2026-05-08T02:00:00Z,21796.1
2026-05-08T03:00:00Z,22855.1
2026-05-08T04:00:00Z,24409.1
2026-05-08T05:00:00Z,25140.5
2026-05-08T06:00:00Z,27916.3
2026-05-08T07:00:00Z,29034.3
2026-05-08T08:00:00Z,30098.4
2026-05-08T09:00:00Z,32528.2
2026-05-08T10:00:00Z,32639.2
2026-05-08T11:00:00Z,34210.2
2026-05-08T12:00:00Z,34421.2
2026-05-08T13:00:00Z,33790.8
2026-05-08T14:00:00Z,32788.5
2026-05-08T15:00:00Z,32294.4
2026-05-08T16:00:00Z,30464.8
2026-05-08T17:00:00Z,29466.9
2026-05-08T18:00:00Z,27406.4
2026-05-08T19:00:00Z,24938.6
2026-05-08T20:00:00Z,24098.0
2026-05-08T21:00:00Z,23418.8
2026-05-08T22:00:00Z,21931.1
2026-05-08T23:00:00Z,21665.3
2026-05-09T00:00:00Z,19007.5
2026-05-09T01:00:00Z,18725.9
2026-05-09T02:00:00Z,20901.2
2026-05-09T03:00:00Z,22103.2
2026-05-09T04:00:00Z,23029.1
2026-05-09T05:00:00Z,23614.6
2026-05-09T06:00:00Z,25286.4
2026-05-09T07:00:00Z,27348.7
2026-05-09T08:00:00Z,28181.2
2026-05-09T09:00:00Z,29880.8
2026-05-09T10:00:00Z,31413.0
2026-05-09T11:00:00Z,32377.5
2026-05-09T12:00:00Z,33489.8
2026-05-09T13:00:00Z,31747.3
2026-05-09T14:00:00Z,30604.9
2026-05-09T15:00:00Z,30051.8
2026-05-09T16:00:00Z,29505.7
2026-05-09T17:00:00Z,26602.9
2026-05-09T18:00:00Z,25947.1
2026-05-09T19:00:00Z,23976.5
2026-05-09T20:00:00Z,23729.1
2026-05-09T21:00:00Z,22025.4
2026-05-09T22:00:00Z,20657.2
2026-05-09T23:00:00Z,19561.3
2026-05-10T00:00:00Z,19760.5
2026-05-10T01:00:00Z,19767.5
2026-05-10T02:00:00Z,21307.7
2026-05-10T03:00:00Z,21775.7
2026-05-10T04:00:00Z,23311.2
2026-05-10T05:00:00Z,23707.3
2026-05-10T06:00:00Z,26252.0
2026-05-10T07:00:00Z,27556.6
2026-05-10T08:00:00Z,29788.1
2026-05-10T09:00:00Z,29612.7
2026-05-10T10:00:00Z,31181.2
2026-05-10T11:00:00Z,31880.4
2026-05-10T12:00:00Z,31564.7
2026-05-10T13:00:00Z,32769.9
2026-05-10T14:00:00Z,30717.6
2026-05-10T15:00:00Z,30029.2
2026-05-10T16:00:00Z,28622.9
2026-05-10T17:00:00Z,27037.7
2026-05-10T18:00:00Z,26187.7
2026-05-10T19:00:00Z,24164.9
2026-05-10T20:00:00Z,23479.5
2026-05-10T21:00:00Z,21657.0
2026-05-10T22:00:00Z,20972.1
2026-05-10T23:00:00Z,19780.7
2026-05-11T00:00:00Z,21647.5
2026-05-11T01:00:00Z,21159.6
2026-05-11T02:00:00Z,21863.8
2026-05-11T03:00:00Z,23212.9
2026-05-11T04:00:00Z,24556.8
2026-05-11T05:00:00Z,26467.6
2026-05-11T06:00:00Z,27734.4
2026-05-11T07:00:00Z,29075.3
2026-05-11T08:00:00Z,31054.8
2026-05-11T09:00:00Z,31190.6
2026-05-11T10:00:00Z,31860.6
2026-05-11T11:00:00Z,33544.5
2026-05-11T12:00:00Z,34254.9
2026-05-11T13:00:00Z,33359.7
2026-05-11T14:00:00Z,33291.9
2026-05-11T15:00:00Z,32408.2
2026-05-11T16:00:00Z,30868.5
2026-05-11T17:00:00Z,30704.3
2026-05-11T18:00:00Z,27630.0
2026-05-11T19:00:00Z,26196.1
2026-05-11T20:00:00Z,24315.5
2026-05-11T21:00:00Z,23751.6
2026-05-11T22:00:00Z,22142.8
2026-05-11T23:00:00Z,21233.3
2026-05-12T00:00:00Z,21300.1
2026-05-12T01:00:00Z,21227.4
2026-05-12T02:00:00Z,22369.3
2026-05-12T03:00:00Z,23384.7
2026-05-12T04:00:00Z,24651.0
2026-05-12T05:00:00Z,25944.1
2026-05-12T06:00:00Z,27123.6
2026-05-12T07:00:00Z,29491.4
2026-05-12T08:00:00Z,30715.5
2026-05-12T09:00:00Z,31447.0
2026-05-12T10:00:00Z,32941.0
2026-05-12T11:00:00Z,33765.1
2026-05-12T12:00:00Z,34170.7
2026-05-12T13:00:00Z,33522.0
2026-05-12T14:00:00Z,33154.5
2026-05-12T15:00:00Z,31536.4
2026-05-12T16:00:00Z,29780.2
2026-05-12T17:00:00Z,28983.7
2026-05-12T18:00:00Z,27509.4
2026-05-12T19:00:00Z,25471.9
2026-05-12T20:00:00Z,24121.1
2026-05-12T21:00:00Z,23251.0
2026-05-12T22:00:00Z,22547.6
2026-05-12T23:00:00Z,22610.8
2026-05-13T00:00:00Z,20688.4
2026-05-13T01:00:00Z,21625.6
2026-05-13T02:00:00Z,21872.3
2026-05-13T03:00:00Z,23216.1
2026-05-13T04:00:00Z,23896.8
2026-05-13T05:00:00Z,26353.0
2026-05-13T06:00:00Z,27742.4
2026-05-13T07:00:00Z,29725.6
2026-05-13T08:00:00Z,31144.7
2026-05-13T09:00:00Z,32049.2
2026-05-13T10:00:00Z,33244.4
2026-05-13T11:00:00Z,34230.9
2026-05-13T12:00:00Z,33735.0
2026-05-13T13:00:00Z,33034.9
2026-05-13T14:00:00Z,32533.8
2026-05-13T15:00:00Z,31811.4
2026-05-13T16:00:00Z,30552.3
2026-05-13T17:00:00Z,28257.0
2026-05-13T18:00:00Z,28768.5
2026-05-13T19:00:00Z,26349.6
2026-05-13T20:00:00Z,24912.8
2026-05-13T21:00:00Z,23455.3
2026-05-13T22:00:00Z,22419.2
2026-05-13T23:00:00Z,21589.5
2026-05-14T00:00:00Z,20920.3
2026-05-14T01:00:00Z,21483.4
2026-05-14T02:00:00Z,21788.1
2026-05-14T03:00:00Z,23483.1
2026-05-14T04:00:00Z,25038.6
2026-05-14T05:00:00Z,25660.5
2026-05-14T06:00:00Z,27515.6
2026-05-14T07:00:00Z,29370.3
2026-05-14T08:00:00Z,30500.0
2026-05-14T09:00:00Z,32350.4
2026-05-14T10:00:00Z,32464.9
2026-05-14T11:00:00Z,32933.1
2026-05-14T12:00:00Z,33666.9
2026-05-14T13:00:00Z,34029.1
2026-05-14T14:00:00Z,33117.2
2026-05-14T15:00:00Z,32461.7
2026-05-14T16:00:00Z,30687.7
2026-05-14T17:00:00Z,29319.8
2026-05-14T18:00:00Z,28167.8
2026-05-14T19:00:00Z,27311.7
2026-05-14T20:00:00Z,24870.3
2026-05-14T21:00:00Z,23674.0
2026-05-14T22:00:00Z,22743.4
2026-05-14T23:00:00Z,21990.4
2026-05-15T00:00:00Z,21538.5
2026-05-15T01:00:00Z,21097.9
2026-05-15T02:00:00Z,22584.5
2026-05-15T03:00:00Z,24090.9
2026-05-15T04:00:00Z,24210.2
2026-05-15T05:00:00Z,27088.4
2026-05-15T06:00:00Z,28077.4
2026-05-15T07:00:00Z,29128.1
2026-05-15T08:00:00Z,30156.5
2026-05-15T09:00:00Z,32426.1
2026-05-15T10:00:00Z,32870.1
2026-05-15T11:00:00Z,33740.0
2026-05-15T12:00:00Z,34543.7
2026-05-15T13:00:00Z,34538.4
2026-05-15T14:00:00Z,33427.9
2026-05-15T15:00:00Z,31568.5
2026-05-15T16:00:00Z,30679.5
2026-05-15T17:00:00Z,29346.0
2026-05-15T18:00:00Z,28785.3
2026-05-15T19:00:00Z,26456.5
2026-05-15T20:00:00Z,24525.5
2026-05-15T21:00:00Z,22646.2
2026-05-15T22:00:00Z,21940.4
2026-05-15T23:00:00Z,22303.5
2026-05-16T00:00:00Z,19547.1
2026-05-16T01:00:00Z,20374.2
2026-05-16T02:00:00Z,20708.9
2026-05-16T03:00:00Z,22539.4
2026-05-16T04:00:00Z,22859.8
2026-05-16T05:00:00Z,24115.8
2026-05-16T06:00:00Z,26069.3
2026-05-16T07:00:00Z,28241.5
2026-05-16T08:00:00Z,29239.0
2026-05-16T09:00:00Z,30171.6
2026-05-16T10:00:00Z,31367.7
2026-05-16T11:00:00Z,31401.9
2026-05-16T12:00:00Z,32358.4
2026-05-16T13:00:00Z,32110.8
2026-05-16T14:00:00Z,31175.1
2026-05-16T15:00:00Z,29944.4
2026-05-16T16:00:00Z,29950.1
2026-05-16T17:00:00Z,27463.6
2026-05-16T18:00:00Z,25996.9
2026-05-16T19:00:00Z,25538.3
2026-05-16T20:00:00Z,22949.2
2026-05-16T21:00:00Z,21466.2
2026-05-16T22:00:00Z,20869.8
2026-05-16T23:00:00Z,21098.3
2026-05-17T00:00:00Z,19968.3
2026-05-17T01:00:00Z,20265.6
2026-05-17T02:00:00Z,20681.2
2026-05-17T03:00:00Z,21658.6
2026-05-17T04:00:00Z,22844.4
2026-05-17T05:00:00Z,24095.8
2026-05-17T06:00:00Z,25923.2
2026-05-17T07:00:00Z,27741.2
2026-05-17T08:00:00Z,29035.1
2026-05-17T09:00:00Z,31513.3
2026-05-17T10:00:00Z,32284.7
2026-05-17T11:00:00Z,31398.0
2026-05-17T12:00:00Z,32675.9
2026-05-17T13:00:00Z,32416.5
2026-05-17T14:00:00Z,31258.6
2026-05-17T15:00:00Z,30710.6
2026-05-17T16:00:00Z,30329.7
2026-05-17T17:00:00Z,27719.5
2026-05-17T18:00:00Z,26814.4
2026-05-17T19:00:00Z,24659.5
2026-05-17T20:00:00Z,23165.4
2026-05-17T21:00:00Z,21431.7
2026-05-17T22:00:00Z,21245.7
2026-05-17T23:00:00Z,20325.5
2026-05-18T00:00:00Z,21415.4
2026-05-18T01:00:00Z,21940.9
2026-05-18T02:00:00Z,22666.5
2026-05-18T03:00:00Z,23747.6
2026-05-18T04:00:00Z,25077.5
2026-05-18T05:00:00Z,26068.1
2026-05-18T06:00:00Z,28037.6
2026-05-18T07:00:00Z,30140.7
2026-05-18T08:00:00Z,30843.7
2026-05-18T09:00:00Z,33328.8
2026-05-18T10:00:00Z,32745.6
2026-05-18T11:00:00Z,33238.2
2026-05-18T12:00:00Z,34644.2
2026-05-18T13:00:00Z,33799.8
2026-05-18T14:00:00Z,33069.6
2026-05-18T15:00:00Z,32060.9
2026-05-18T16:00:00Z,31897.4
2026-05-18T17:00:00Z,30622.1
2026-05-18T18:00:00Z,28460.2
2026-05-18T19:00:00Z,27088.2
2026-05-18T20:00:00Z,24860.0
2026-05-18T21:00:00Z,23474.4
2026-05-18T22:00:00Z,22846.7
2026-05-18T23:00:00Z,22221.4
2026-05-19T00:00:00Z,22581.3
2026-05-19T01:00:00Z,22002.9
2026-05-19T02:00:00Z,22427.1
2026-05-19T03:00:00Z,23868.7
2026-05-19T04:00:00Z,25312.9
2026-05-19T05:00:00Z,25145.7
2026-05-19T06:00:00Z,28337.9
2026-05-19T07:00:00Z,28611.3
2026-05-19T08:00:00Z,31368.6
2026-05-19T09:00:00Z,32220.8
2026-05-19T10:00:00Z,33478.8
2026-05-19T11:00:00Z,33000.5
2026-05-19T12:00:00Z,34305.0
2026-05-19T13:00:00Z,34129.4
2026-05-19T14:00:00Z,32383.6
2026-05-19T15:00:00Z,32214.9
2026-05-19T16:00:00Z,31973.2
2026-05-19T17:00:00Z,30215.8
2026-05-19T18:00:00Z,27894.2
2026-05-19T19:00:00Z,26052.5
2026-05-19T20:00:00Z,24944.7
2026-05-19T21:00:00Z,23557.4
2026-05-19T22:00:00Z,22361.1
2026-05-19T23:00:00Z,22068.9
2026-05-20T00:00:00Z,22291.5
2026-05-20T01:00:00Z,21883.5
2026-05-20T02:00:00Z,22346.6
2026-05-20T03:00:00Z,23837.3
2026-05-20T04:00:00Z,25384.6
2026-05-20T05:00:00Z,26887.4
2026-05-20T06:00:00Z,28610.6
2026-05-20T07:00:00Z,29897.9
2026-05-20T08:00:00Z,32496.5
2026-05-20T09:00:00Z,32306.8
2026-05-20T10:00:00Z,33745.2
2026-05-20T11:00:00Z,33684.1
2026-05-20T12:00:00Z,34541.4
2026-05-20T13:00:00Z,33366.7
2026-05-20T14:00:00Z,32738.8
2026-05-20T15:00:00Z,32587.6
2026-05-20T16:00:00Z,31449.2
2026-05-20T17:00:00Z,30110.8
2026-05-20T18:00:00Z,27210.8
2026-05-20T19:00:00Z,26850.0
2026-05-20T20:00:00Z,24762.9
2026-05-20T21:00:00Z,25158.3
2026-05-20T22:00:00Z,22317.6
2026-05-20T23:00:00Z,21589.2
2026-05-21T00:00:00Z,21913.1
2026-05-21T01:00:00Z,22838.9
2026-05-21T02:00:00Z,22672.4
2026-05-21T03:00:00Z,23354.6
2026-05-21T04:00:00Z,24671.2
2026-05-21T05:00:00Z,26415.3
2026-05-21T06:00:00Z,27233.2
2026-05-21T07:00:00Z,30866.8
2026-05-21T08:00:00Z,31546.2
2026-05-21T09:00:00Z,32405.2
2026-05-21T10:00:00Z,33405.5
2026-05-21T11:00:00Z,34166.9
2026-05-21T12:00:00Z,34176.6
2026-05-21T13:00:00Z,34278.0
2026-05-21T14:00:00Z,33210.3
2026-05-21T15:00:00Z,32355.2
2026-05-21T16:00:00Z,30565.2
2026-05-21T17:00:00Z,30376.6
2026-05-21T18:00:00Z,27974.0
2026-05-21T19:00:00Z,26297.7
2026-05-21T20:00:00Z,25251.3
2026-05-21T21:00:00Z,22911.0
2026-05-21T22:00:00Z,22840.8
2026-05-21T23:00:00Z,22358.5
2026-05-22T00:00:00Z,21901.1
2026-05-22T01:00:00Z,20958.6
2026-05-22T02:00:00Z,23271.9
2026-05-22T03:00:00Z,24192.1
2026-05-22T04:00:00Z,24583.2
2026-05-22T05:00:00Z,27332.2
2026-05-22T06:00:00Z,27644.2
2026-05-22T07:00:00Z,29401.6
2026-05-22T08:00:00Z,32018.7
2026-05-22T09:00:00Z,33091.1
2026-05-22T10:00:00Z,33501.1
2026-05-22T11:00:00Z,34530.3
2026-05-22T12:00:00Z,34101.8
2026-05-22T13:00:00Z,33698.4
2026-05-22T14:00:00Z,33315.4
2026-05-22T15:00:00Z,33312.6
2026-05-22T16:00:00Z,31918.2
2026-05-22T17:00:00Z,29989.6
2026-05-22T18:00:00Z,29638.8
2026-05-22T19:00:00Z,27044.1
2026-05-22T20:00:00Z,24896.7
2026-05-22T21:00:00Z,24242.2
2026-05-22T22:00:00Z,23185.6
2026-05-22T23:00:00Z,21441.9
2026-05-23T00:00:00Z,19739.9
2026-05-23T01:00:00Z,21278.2
2026-05-23T02:00:00Z,20550.7
2026-05-23T03:00:00Z,22143.5
2026-05-23T04:00:00Z,24054.5
2026-05-23T05:00:00Z,25697.3
2026-05-23T06:00:00Z,26414.7
2026-05-23T07:00:00Z,26894.4
2026-05-23T08:00:00Z,29679.1
2026-05-23T09:00:00Z,31344.0
2026-05-23T10:00:00Z,31778.6
2026-05-23T11:00:00Z,31598.0
2026-05-23T12:00:00Z,32482.8
2026-05-23T13:00:00Z,33034.7
2026-05-23T14:00:00Z,32343.4
2026-05-23T15:00:00Z,30633.5
2026-05-23T16:00:00Z,29823.3
2026-05-23T17:00:00Z,27957.2
2026-05-23T18:00:00Z,26775.1
2026-05-23T19:00:00Z,24494.3
2026-05-23T20:00:00Z,23480.2
2026-05-23T21:00:00Z,21738.4
2026-05-23T22:00:00Z,21814.8
2026-05-23T23:00:00Z,20287.7
2026-05-24T00:00:00Z,20464.9
2026-05-24T01:00:00Z,20165.0
2026-05-24T02:00:00Z,20159.8
2026-05-24T03:00:00Z,22109.2
2026-05-24T04:00:00Z,22845.9
2026-05-24T05:00:00Z,25474.9
2026-05-24T06:00:00Z,27220.6
2026-05-24T07:00:00Z,28060.7
2026-05-24T08:00:00Z,29239.2
2026-05-24T09:00:00Z,31457.2
2026-05-24T10:00:00Z,31824.4
2026-05-24T11:00:00Z,33066.3
2026-05-24T12:00:00Z,33333.9
2026-05-24T13:00:00Z,32518.3
2026-05-24T14:00:00Z,32935.9
2026-05-24T15:00:00Z,31234.2
2026-05-24T16:00:00Z,30156.8
2026-05-24T17:00:00Z,28300.9
2026-05-24T18:00:00Z,26115.0
2026-05-24T19:00:00Z,25129.6
2026-05-24T20:00:00Z,23364.8
2026-05-24T21:00:00Z,22780.2
2026-05-24T22:00:00Z,20849.7
2026-05-24T23:00:00Z,20722.6
2026-05-25T00:00:00Z,22530.1
2026-05-25T01:00:00Z,23313.5
2026-05-25T02:00:00Z,22759.6
2026-05-25T03:00:00Z,24099.9
2026-05-25T04:00:00Z,24911.4
2026-05-25T05:00:00Z,26333.2
2026-05-25T06:00:00Z,28162.4
2026-05-25T07:00:00Z,30643.5
2026-05-25T08:00:00Z,32103.5
2026-05-25T09:00:00Z,32851.5
2026-05-25T10:00:00Z,33411.8
2026-05-25T11:00:00Z,35042.8
2026-05-25T12:00:00Z,34814.5
2026-05-25T13:00:00Z,34684.3
2026-05-25T14:00:00Z,34095.2
2026-05-25T15:00:00Z,33539.2
2026-05-25T16:00:00Z,31828.7
2026-05-25T17:00:00Z,30011.7
2026-05-25T18:00:00Z,28266.7
2026-05-25T19:00:00Z,26743.3
2026-05-25T20:00:00Z,25230.8
2026-05-25T21:00:00Z,23555.8
2026-05-25T22:00:00Z,22587.8
2026-05-25T23:00:00Z,23325.8
2026-05-26T00:00:00Z,22869.0
2026-05-26T01:00:00Z,22207.8
2026-05-26T02:00:00Z,23125.6
2026-05-26T03:00:00Z,23970.2
2026-05-26T04:00:00Z,25658.2
2026-05-26T05:00:00Z,26726.1
2026-05-26T06:00:00Z,28520.9
2026-05-26T07:00:00Z,30281.6
2026-05-26T08:00:00Z,32277.9
2026-05-26T09:00:00Z,32807.8
2026-05-26T10:00:00Z,33879.4
2026-05-26T11:00:00Z,33921.8
2026-05-26T12:00:00Z,34240.7
2026-05-26T13:00:00Z,34444.9
2026-05-26T14:00:00Z,33404.4
2026-05-26T15:00:00Z,31805.1
2026-05-26T16:00:00Z,31063.6
2026-05-26T17:00:00Z,29972.0
2026-05-26T18:00:00Z,28220.0
2026-05-26T19:00:00Z,26794.7
2026-05-26T20:00:00Z,24970.4
2026-05-26T21:00:00Z,24299.5
2026-05-26T22:00:00Z,23568.6
2026-05-26T23:00:00Z,23321.4
2026-05-27T00:00:00Z,22701.1
2026-05-27T01:00:00Z,22502.1
2026-05-27T02:00:00Z,23674.8
2026-05-27T03:00:00Z,23486.3
2026-05-27T04:00:00Z,24287.0
2026-05-27T05:00:00Z,27804.2
2026-05-27T06:00:00Z,28605.1
2026-05-27T07:00:00Z,29539.5
2026-05-27T08:00:00Z,32454.3
2026-05-27T09:00:00Z,33781.6
2026-05-27T10:00:00Z,34276.4
2026-05-27T11:00:00Z,34383.5
2026-05-27T12:00:00Z,35972.2
2026-05-27T13:00:00Z,34379.1
2026-05-27T14:00:00Z,33853.2
2026-05-27T15:00:00Z,32809.3
2026-05-27T16:00:00Z,31736.0
2026-05-27T17:00:00Z,29346.7
2026-05-27T18:00:00Z,28291.6
2026-05-27T19:00:00Z,27233.9
2026-05-27T20:00:00Z,26461.3
2026-05-27T21:00:00Z,24034.6
2026-05-27T22:00:00Z,23062.3
2026-05-27T23:00:00Z,22708.6
2026-05-28T00:00:00Z,22909.5
2026-05-28T01:00:00Z,23322.1
2026-05-28T02:00:00Z,23064.3
2026-05-28T03:00:00Z,23420.5
2026-05-28T04:00:00Z,24253.4
2026-05-28T05:00:00Z,27844.0
2026-05-28T06:00:00Z,28843.8
2026-05-28T07:00:00Z,30724.8
2026-05-28T08:00:00Z,32231.3
2026-05-28T09:00:00Z,33411.4
2026-05-28T10:00:00Z,35128.8
2026-05-28T11:00:00Z,34923.8
2026-05-28T12:00:00Z,35675.6
2026-05-28T13:00:00Z,34400.3
2026-05-28T14:00:00Z,34357.5
2026-05-28T15:00:00Z,32812.0
2026-05-28T16:00:00Z,31522.2
2026-05-28T17:00:00Z,29463.4
2026-05-28T18:00:00Z,28733.3
2026-05-28T19:00:00Z,27059.5
2026-05-28T20:00:00Z,26196.4
2026-05-28T21:00:00Z,24030.9
2026-05-28T22:00:00Z,22871.7
2026-05-28T23:00:00Z,22335.8
2026-05-29T00:00:00Z,22045.7
2026-05-29T01:00:00Z,23216.5
2026-05-29T02:00:00Z,23769.4
2026-05-29T03:00:00Z,23286.2
2026-05-29T04:00:00Z,26106.9
2026-05-29T05:00:00Z,26743.9
2026-05-29T06:00:00Z,29008.6
2026-05-29T07:00:00Z,29760.5
2026-05-29T08:00:00Z,32563.5
2026-05-29T09:00:00Z,32331.4
2026-05-29T10:00:00Z,33718.1
2026-05-29T11:00:00Z,34963.2
2026-05-29T12:00:00Z,34425.2
2026-05-29T13:00:00Z,35036.8
2026-05-29T14:00:00Z,33566.2
2026-05-29T15:00:00Z,33448.7
2026-05-29T16:00:00Z,32487.7
2026-05-29T17:00:00Z,29109.7
2026-05-29T18:00:00Z,29151.7
2026-05-29T19:00:00Z,27416.9
2026-05-29T20:00:00Z,25087.7
2026-05-29T21:00:00Z,24387.8
2026-05-29T22:00:00Z,23327.7
2026-05-29T23:00:00Z,23845.1
2026-05-30T00:00:00Z,20761.5
2026-05-30T01:00:00Z,21421.5
2026-05-30T02:00:00Z,21505.6
2026-05-30T03:00:00Z,22786.2
2026-05-30T04:00:00Z,24210.8
2026-05-30T05:00:00Z,25298.2
2026-05-30T06:00:00Z,27512.0
2026-05-30T07:00:00Z,28477.2
2026-05-30T08:00:00Z,30042.4
2026-05-30T09:00:00Z,31262.2
2026-05-30T10:00:00Z,32295.8
2026-05-30T11:00:00Z,33371.7
2026-05-30T12:00:00Z,33668.2
2026-05-30T13:00:00Z,32151.5
2026-05-30T14:00:00Z,31885.0
2026-05-30T15:00:00Z,31444.1
2026-05-30T16:00:00Z,30259.0
2026-05-30T17:00:00Z,27803.1
2026-05-30T18:00:00Z,27509.0
2026-05-30T19:00:00Z,26565.7
2026-05-30T20:00:00Z,23882.3
2026-05-30T21:00:00Z,22407.5
2026-05-30T22:00:00Z,21104.8
2026-05-30T23:00:00Z,20844.1
2026-05-31T00:00:00Z,20509.1
2026-05-31T01:00:00Z,21101.1
2026-05-31T02:00:00Z,21850.3
2026-05-31T03:00:00Z,21858.3
2026-05-31T04:00:00Z,24389.6
2026-05-31T05:00:00Z,25752.2
2026-05-31T06:00:00Z,26570.3
2026-05-31T07:00:00Z,29320.8
2026-05-31T08:00:00Z,31058.6
2026-05-31T09:00:00Z,31134.9
2026-05-31T10:00:00Z,32815.3
2026-05-31T11:00:00Z,32865.1
2026-05-31T12:00:00Z,33134.7
2026-05-31T13:00:00Z,33074.4
2026-05-31T14:00:00Z,31603.5
2026-05-31T15:00:00Z,31553.8
2026-05-31T16:00:00Z,29901.1
2026-05-31T17:00:00Z,28533.1
2026-05-31T18:00:00Z,26960.7
2026-05-31T19:00:00Z,25114.1
2026-05-31T20:00:00Z,24666.6
2026-05-31T21:00:00Z,22739.2
2026-05-31T22:00:00Z,22494.0
2026-05-31T23:00:00Z,20519.0
2026-06-01T00:00:00Z,22485.7
2026-06-01T01:00:00Z,22469.6
2026-06-01T02:00:00Z,23180.4
2026-06-01T03:00:00Z,24706.3
2026-06-01T04:00:00Z,26237.7
2026-06-01T05:00:00Z,28521.2
2026-06-01T06:00:00Z,28731.8
2026-06-01T07:00:00Z,30901.8
2026-06-01T08:00:00Z,32133.0
2026-06-01T09:00:00Z,33179.2
2026-06-01T10:00:00Z,34226.5
2026-06-01T11:00:00Z,34768.1
2026-06-01T12:00:00Z,36315.9
2026-06-01T13:00:00Z,35181.2
2026-06-01T14:00:00Z,34803.7
2026-06-01T15:00:00Z,33130.4
2026-06-01T16:00:00Z,32407.3
2026-06-01T17:00:00Z,30610.1
2026-06-01T18:00:00Z,28787.4
2026-06-01T19:00:00Z,27371.4
2026-06-01T20:00:00Z,25497.2
2026-06-01T21:00:00Z,25343.7
2026-06-01T22:00:00Z,23402.1
2026-06-01T23:00:00Z,22668.6
2026-06-02T00:00:00Z,22384.9
2026-06-02T01:00:00Z,22623.6
2026-06-02T02:00:00Z,23325.8
2026-06-02T03:00:00Z,23698.5
2026-06-02T04:00:00Z,25594.2
2026-06-02T05:00:00Z,27746.4
2026-06-02T06:00:00Z,29852.2
2026-06-02T07:00:00Z,31083.4
2026-06-02T08:00:00Z,32534.1
2026-06-02T09:00:00Z,34089.7
2026-06-02T10:00:00Z,33929.7
2026-06-02T11:00:00Z,35703.0
2026-06-02T12:00:00Z,35711.1
2026-06-02T13:00:00Z,35235.7
2026-06-02T14:00:00Z,34367.6
2026-06-02T15:00:00Z,33771.3
2026-06-02T16:00:00Z,32609.7
2026-06-02T17:00:00Z,29853.9
2026-06-02T18:00:00Z,29243.5
2026-06-02T19:00:00Z,27775.3
2026-06-02T20:00:00Z,26294.0
2026-06-02T21:00:00Z,24146.3
2026-06-02T22:00:00Z,23391.0
2026-06-02T23:00:00Z,22671.3
2026-06-03T00:00:00Z,23310.7
2026-06-03T01:00:00Z,24473.6
2026-06-03T02:00:00Z,24109.5
2026-06-03T03:00:00Z,25224.0
2026-06-03T04:00:00Z,25415.7
2026-06-03T05:00:00Z,27260.5
2026-06-03T06:00:00Z,29505.9
2026-06-03T07:00:00Z,30704.9
2026-06-03T08:00:00Z,32049.0
2026-06-03T09:00:00Z,33359.3
2026-06-03T10:00:00Z,34512.6
2026-06-03T11:00:00Z,35565.2
2026-06-03T12:00:00Z,35671.4
2026-06-03T13:00:00Z,35758.5
2026-06-03T14:00:00Z,34628.7
2026-06-03T15:00:00Z,34509.8
2026-06-03T16:00:00Z,30851.8
2026-06-03T17:00:00Z,30666.6
2026-06-03T18:00:00Z,30096.6
2026-06-03T19:00:00Z,27409.5
2026-06-03T20:00:00Z,25537.2
2026-06-03T21:00:00Z,24375.3
2026-06-03T22:00:00Z,23869.5
2026-06-03T23:00:00Z,23555.3
2026-06-04T00:00:00Z,22587.4
2026-06-04T01:00:00Z,23476.7
2026-06-04T02:00:00Z,23320.7
2026-06-04T03:00:00Z,24941.3
2026-06-04T04:00:00Z,26029.7
2026-06-04T05:00:00Z,28065.6
2026-06-04T06:00:00Z,29507.0
2026-06-04T07:00:00Z,31543.8
2026-06-04T08:00:00Z,32023.3
2026-06-04T09:00:00Z,31701.3
2026-06-04T10:00:00Z,35071.7
2026-06-04T11:00:00Z,35527.1
2026-06-04T12:00:00Z,35431.9
2026-06-04T13:00:00Z,34938.0
2026-06-04T14:00:00Z,34021.5
2026-06-04T15:00:00Z,33619.2
2026-06-04T16:00:00Z,32647.4
2026-06-04T17:00:00Z,31339.3
2026-06-04T18:00:00Z,28959.9
2026-06-04T19:00:00Z,26936.2
2026-06-04T20:00:00Z,26509.2
2026-06-04T21:00:00Z,25529.4
2026-06-04T22:00:00Z,24030.7
2026-06-04T23:00:00Z,22214.4
2026-06-05T00:00:00Z,23804.7
2026-06-05T01:00:00Z,22464.6
2026-06-05T02:00:00Z,24337.9
2026-06-05T03:00:00Z,23577.4
2026-06-05T04:00:00Z,25597.7
2026-06-05T05:00:00Z,27860.5
2026-06-05T06:00:00Z,29093.0
2026-06-05T07:00:00Z,31044.4
2026-06-05T08:00:00Z,32712.4
2026-06-05T09:00:00Z,34311.1
2026-06-05T10:00:00Z,35188.8
2026-06-05T11:00:00Z,34489.8
2026-06-05T12:00:00Z,35282.5
2026-06-05T13:00:00Z,36434.2
2026-06-05T14:00:00Z,34565.4
2026-06-05T15:00:00Z,32795.3
2026-06-05T16:00:00Z,32930.3
2026-06-05T17:00:00Z,30874.0
2026-06-05T18:00:00Z,29268.6
2026-06-05T19:00:00Z,28448.2
2026-06-05T20:00:00Z,26822.1
2026-06-05T21:00:00Z,25001.3
2026-06-05T22:00:00Z,24750.4
2026-06-05T23:00:00Z,23356.7
2026-06-06T00:00:00Z,21564.2
2026-06-06T01:00:00Z,22215.1
2026-06-06T02:00:00Z,22177.3
2026-06-06T03:00:00Z,23399.3
2026-06-06T04:00:00Z,24930.6
2026-06-06T05:00:00Z,26216.8
2026-06-06T06:00:00Z,27493.0
2026-06-06T07:00:00Z,30422.7
2026-06-06T08:00:00Z,30905.2
2026-06-06T09:00:00Z,32719.3
2026-06-06T10:00:00Z,32910.3
2026-06-06T11:00:00Z,33986.4
2026-06-06T12:00:00Z,33599.1
2026-06-06T13:00:00Z,34615.9
2026-06-06T14:00:00Z,33165.7
2026-06-06T15:00:00Z,32219.3
2026-06-06T16:00:00Z,32548.0
2026-06-06T17:00:00Z,28616.7
2026-06-06T18:00:00Z,27792.4
2026-06-06T19:00:00Z,26149.9
2026-06-06T20:00:00Z,24713.3
2026-06-06T21:00:00Z,23546.8
2026-06-06T22:00:00Z,21825.6
2026-06-06T23:00:00Z,21340.0
2026-06-07T00:00:00Z,21988.7
2026-06-07T01:00:00Z,21562.0
2026-06-07T02:00:00Z,22640.2
2026-06-07T03:00:00Z,23508.5
2026-06-07T04:00:00Z,25341.4
2026-06-07T05:00:00Z,26827.1
2026-06-07T06:00:00Z,28446.7
2026-06-07T07:00:00Z,28647.0
2026-06-07T08:00:00Z,31261.9
2026-06-07T09:00:00Z,32313.3
2026-06-07T10:00:00Z,33875.7
2026-06-07T11:00:00Z,34068.6
2026-06-07T12:00:00Z,34829.5
2026-06-07T13:00:00Z,33216.2
2026-06-07T14:00:00Z,34312.0
2026-06-07T15:00:00Z,32357.1
2026-06-07T16:00:00Z,31161.3
2026-06-07T17:00:00Z,29349.4
2026-06-07T18:00:00Z,27508.9
2026-06-07T19:00:00Z,26735.8
2026-06-07T20:00:00Z,24643.6
2026-06-07T21:00:00Z,24165.2
2026-06-07T22:00:00Z,23259.1
2026-06-07T23:00:00Z,22507.8
2026-06-08T00:00:00Z,23823.6
2026-06-08T01:00:00Z,23642.2
2026-06-08T02:00:00Z,24026.2
2026-06-08T03:00:00Z,24742.3
2026-06-08T04:00:00Z,26507.3
2026-06-08T05:00:00Z,28644.9
2026-06-08T06:00:00Z,29040.9
2026-06-08T07:00:00Z,31383.8
2026-06-08T08:00:00Z,32668.9
2026-06-08T09:00:00Z,33572.9
2026-06-08T10:00:00Z,34920.4
2026-06-08T11:00:00Z,35520.9
2026-06-08T12:00:00Z,35012.3
2026-06-08T13:00:00Z,34583.4
2026-06-08T14:00:00Z,33853.8
2026-06-08T15:00:00Z,34750.9
2026-06-08T16:00:00Z,33152.4
2026-06-08T17:00:00Z,30862.1
2026-06-08T18:00:00Z,30154.1
2026-06-08T19:00:00Z,28175.4
2026-06-08T20:00:00Z,26322.9
2026-06-08T21:00:00Z,25809.1
2026-06-08T22:00:00Z,23590.9
2026-06-08T23:00:00Z,22712.6
2026-06-09T00:00:00Z,23028.1
2026-06-09T01:00:00Z,23377.6
2026-06-09T02:00:00Z,25063.0
2026-06-09T03:00:00Z,26038.0
2026-06-09T04:00:00Z,25901.1
2026-06-09T05:00:00Z,28076.8
2026-06-09T06:00:00Z,30468.3
2026-06-09T07:00:00Z,32098.2
2026-06-09T08:00:00Z,32242.5
2026-06-09T09:00:00Z,34832.9
2026-06-09T10:00:00Z,35382.9
2026-06-09T11:00:00Z,35862.4
2026-06-09T12:00:00Z,36454.7
2026-06-09T13:00:00Z,35223.8
2026-06-09T14:00:00Z,35302.5
2026-06-09T15:00:00Z,33903.2
2026-06-09T16:00:00Z,33021.0
2026-06-09T17:00:00Z,31169.3
2026-06-09T18:00:00Z,30024.7
2026-06-09T19:00:00Z,28937.5
2026-06-09T20:00:00Z,26635.6
2026-06-09T21:00:00Z,25167.1
2026-06-09T22:00:00Z,24101.4
2026-06-09T23:00:00Z,23599.1
2026-06-10T00:00:00Z,23452.0
2026-06-10T01:00:00Z,24264.7
2026-06-10T02:00:00Z,24242.4
2026-06-10T03:00:00Z,24646.8
2026-06-10T04:00:00Z,26798.6
2026-06-10T05:00:00Z,28374.7
2026-06-10T06:00:00Z,30128.8
2026-06-10T07:00:00Z,31638.7
2026-06-10T08:00:00Z,32625.1
2026-06-10T09:00:00Z,34249.0
2026-06-10T10:00:00Z,35684.3
2026-06-10T11:00:00Z,36366.9
2026-06-10T12:00:00Z,35374.2
2026-06-10T13:00:00Z,36360.8
2026-06-10T14:00:00Z,34769.9
2026-06-10T15:00:00Z,34163.7
2026-06-10T16:00:00Z,33428.2
2026-06-10T17:00:00Z,31832.6
2026-06-10T18:00:00Z,30025.4
2026-06-10T19:00:00Z,28402.1
2026-06-10T20:00:00Z,27062.3
2026-06-10T21:00:00Z,25035.3
2026-06-10T22:00:00Z,24467.0
2026-06-10T23:00:00Z,23919.4
2026-06-11T00:00:00Z,23888.7
2026-06-11T01:00:00Z,23678.6
2026-06-11T02:00:00Z,25907.8
2026-06-11T03:00:00Z,25851.5
2026-06-11T04:00:00Z,27566.5
2026-06-11T05:00:00Z,28405.9
2026-06-11T06:00:00Z,30297.8
2026-06-11T07:00:00Z,31691.8
2026-06-11T08:00:00Z,33144.9
2026-06-11T09:00:00Z,34578.6
2026-06-11T10:00:00Z,35184.2
2026-06-11T11:00:00Z,36400.5
2026-06-11T12:00:00Z,36972.7
2026-06-11T13:00:00Z,35610.8
2026-06-11T14:00:00Z,34994.9
2026-06-11T15:00:00Z,33682.5
2026-06-11T16:00:00Z,33474.6
2026-06-11T17:00:00Z,32270.0
2026-06-11T18:00:00Z,30341.4
2026-06-11T19:00:00Z,27938.4
2026-06-11T20:00:00Z,26892.3
2026-06-11T21:00:00Z,25889.7
2026-06-11T22:00:00Z,25053.8
2026-06-11T23:00:00Z,24370.1
2026-06-12T00:00:00Z,23122.6
2026-06-12T01:00:00Z,23071.1
2026-06-12T02:00:00Z,24426.5
2026-06-12T03:00:00Z,24801.2
2026-06-12T04:00:00Z,28032.6
2026-06-12T05:00:00Z,28022.9
2026-06-12T06:00:00Z,30906.4
2026-06-12T07:00:00Z,32114.6
2026-06-12T08:00:00Z,33073.9
2026-06-12T09:00:00Z,34350.6
2026-06-12T10:00:00Z,35867.3
2026-06-12T11:00:00Z,36725.8
2026-06-12T12:00:00Z,35821.6
2026-06-12T13:00:00Z,35853.5
2026-06-12T14:00:00Z,34675.2
2026-06-12T15:00:00Z,34701.6
2026-06-12T16:00:00Z,32678.4
2026-06-12T17:00:00Z,31584.9
2026-06-12T18:00:00Z,29690.9
2026-06-12T19:00:00Z,27861.9
2026-06-12T20:00:00Z,26959.4
2026-06-12T21:00:00Z,25562.7
2026-06-12T22:00:00Z,25503.9
2026-06-12T23:00:00Z,24086.3
2026-06-13T00:00:00Z,21233.5
2026-06-13T01:00:00Z,22983.7
2026-06-13T02:00:00Z,22922.3
2026-06-13T03:00:00Z,24240.6
2026-06-13T04:00:00Z,25870.6
2026-06-13T05:00:00Z,25841.9
2026-06-13T06:00:00Z,27682.1
2026-06-13T07:00:00Z,29185.4
2026-06-13T08:00:00Z,31768.5
2026-06-13T09:00:00Z,32550.5
2026-06-13T10:00:00Z,34214.0
2026-06-13T11:00:00Z,34844.7
2026-06-13T12:00:00Z,34277.8
2026-06-13T13:00:00Z,34332.8
2026-06-13T14:00:00Z,34384.7
2026-06-13T15:00:00Z,33775.1
2026-06-13T16:00:00Z,32446.2
2026-06-13T17:00:00Z,30133.1
2026-06-13T18:00:00Z,28862.4
2026-06-13T19:00:00Z,27366.6
2026-06-13T20:00:00Z,25868.7
2026-06-13T21:00:00Z,23934.5
2026-06-13T22:00:00Z,23551.3
2026-06-13T23:00:00Z,22287.4
2026-06-14T00:00:00Z,21838.2
2026-06-14T01:00:00Z,23940.9
2026-06-14T02:00:00Z,22575.5
2026-06-14T03:00:00Z,23767.9
2026-06-14T04:00:00Z,25432.1
2026-06-14T05:00:00Z,26717.1
2026-06-14T06:00:00Z,28904.6
2026-06-14T07:00:00Z,30026.9
2026-06-14T08:00:00Z,31095.0
2026-06-14T09:00:00Z,33145.6
2026-06-14T10:00:00Z,33536.2
2026-06-14T11:00:00Z,34498.9
2026-06-14T12:00:00Z,34409.0
2026-06-14T13:00:00Z,33906.2
2026-06-14T14:00:00Z,34522.5
2026-06-14T15:00:00Z,33288.2
2026-06-14T16:00:00Z,31502.1
2026-06-14T17:00:00Z,30169.4
2026-06-14T18:00:00Z,27862.0
2026-06-14T19:00:00Z,26349.6
2026-06-14T20:00:00Z,25417.4
2026-06-14T21:00:00Z,24642.2
2026-06-14T22:00:00Z,22812.5
2026-06-14T23:00:00Z,22339.5
2026-06-15T00:00:00Z,23365.7
2026-06-15T01:00:00Z,24486.4
2026-06-15T02:00:00Z,24474.1
2026-06-15T03:00:00Z,25477.9
2026-06-15T04:00:00Z,26445.4
2026-06-15T05:00:00Z,28724.8
2026-06-15T06:00:00Z,31307.7
2026-06-15T07:00:00Z,32504.1
2026-06-15T08:00:00Z,32771.1
2026-06-15T09:00:00Z,35702.8
2026-06-15T10:00:00Z,35538.5
2026-06-15T11:00:00Z,36679.4
2026-06-15T12:00:00Z,36819.2
2026-06-15T13:00:00Z,37735.9
2026-06-15T14:00:00Z,35158.7
2026-06-15T15:00:00Z,35098.1
2026-06-15T16:00:00Z,33495.3
2026-06-15T17:00:00Z,31728.5
2026-06-15T18:00:00Z,30644.8
2026-06-15T19:00:00Z,28136.3
2026-06-15T20:00:00Z,28384.3
2026-06-15T21:00:00Z,26455.3
2026-06-15T22:00:00Z,24161.7
2026-06-15T23:00:00Z,24476.8
2026-06-16T00:00:00Z,23723.3
2026-06-16T01:00:00Z,24711.6
2026-06-16T02:00:00Z,25031.2
2026-06-16T03:00:00Z,27053.0
2026-06-16T04:00:00Z,28304.6
2026-06-16T05:00:00Z,28352.7
2026-06-16T06:00:00Z,30536.0
2026-06-16T07:00:00Z,31550.0
2026-06-16T08:00:00Z,34099.2
2026-06-16T09:00:00Z,35107.9
2026-06-16T10:00:00Z,36580.9
2026-06-16T11:00:00Z,37439.8
2026-06-16T12:00:00Z,36641.5
2026-06-16T13:00:00Z,36808.8
2026-06-16T14:00:00Z,34780.2
2026-06-16T15:00:00Z,35220.5
2026-06-16T16:00:00Z,33661.7
2026-06-16T17:00:00Z,32367.8
2026-06-16T18:00:00Z,30319.2
2026-06-16T19:00:00Z,30290.8
2026-06-16T20:00:00Z,26933.5
2026-06-16T21:00:00Z,25895.6
2026-06-16T22:00:00Z,24910.9
2026-06-16T23:00:00Z,25150.7
2026-06-17T00:00:00Z,24752.4
2026-06-17T01:00:00Z,24933.5
2026-06-17T02:00:00Z,24655.0
2026-06-17T03:00:00Z,26834.7
2026-06-17T04:00:00Z,27731.3
2026-06-17T05:00:00Z,28610.9
2026-06-17T06:00:00Z,29202.1
2026-06-17T07:00:00Z,32679.3
2026-06-17T08:00:00Z,33731.3
2026-06-17T09:00:00Z,33784.5
2026-06-17T10:00:00Z,36673.7
2026-06-17T11:00:00Z,37305.8
2026-06-17T12:00:00Z,35904.0
2026-06-17T13:00:00Z,37073.8
2026-06-17T14:00:00Z,36403.9
2026-06-17T15:00:00Z,34621.8
2026-06-17T16:00:00Z,33509.3
2026-06-17T17:00:00Z,32088.4
2026-06-17T18:00:00Z,31367.4
2026-06-17T19:00:00Z,28774.0
2026-06-17T20:00:00Z,27547.7
2026-06-17T21:00:00Z,26085.1
2026-06-17T22:00:00Z,24800.7
2026-06-17T23:00:00Z,24815.0
2026-06-18T00:00:00Z,23718.8
2026-06-18T01:00:00Z,23809.3
2026-06-18T02:00:00Z,24411.6
2026-06-18T03:00:00Z,26726.4
2026-06-18T04:00:00Z,28869.4
2026-06-18T05:00:00Z,29425.7
2026-06-18T06:00:00Z,30759.6
2026-06-18T07:00:00Z,32445.6
2026-06-18T08:00:00Z,34192.7
2026-06-18T09:00:00Z,35124.4
2026-06-18T10:00:00Z,35768.7
2026-06-18T11:00:00Z,37518.3
2026-06-18T12:00:00Z,37046.7
2026-06-18T13:00:00Z,36717.1
2026-06-18T14:00:00Z,36521.8
2026-06-18T15:00:00Z,35925.8
2026-06-18T16:00:00Z,33950.3
2026-06-18T17:00:00Z,32728.0
2026-06-18T18:00:00Z,30524.5
2026-06-18T19:00:00Z,28943.2
2026-06-18T20:00:00Z,28000.5
2026-06-18T21:00:00Z,26795.6
2026-06-18T22:00:00Z,25589.3
2026-06-18T23:00:00Z,25255.0
2026-06-19T00:00:00Z,24339.3
2026-06-19T01:00:00Z,24120.8
2026-06-19T02:00:00Z,24748.2
2026-06-19T03:00:00Z,26668.6
2026-06-19T04:00:00Z,26875.5
2026-06-19T05:00:00Z,29615.3
2026-06-19T06:00:00Z,31027.0
2026-06-19T07:00:00Z,32971.5
2026-06-19T08:00:00Z,33658.1
2026-06-19T09:00:00Z,34824.0
2026-06-19T10:00:00Z,36622.6
2026-06-19T11:00:00Z,36498.6
2026-06-19T12:00:00Z,37007.8
2026-06-19T13:00:00Z,36956.9
2026-06-19T14:00:00Z,36210.3
2026-06-19T15:00:00Z,35384.5
2026-06-19T16:00:00Z,34182.1
2026-06-19T17:00:00Z,32348.6
2026-06-19T18:00:00Z,30901.7
2026-06-19T19:00:00Z,29509.9
2026-06-19T20:00:00Z,26816.9
2026-06-19T21:00:00Z,27060.6
2026-06-19T22:00:00Z,25630.7
2026-06-19T23:00:00Z,24437.7
2026-06-20T00:00:00Z,22903.6
2026-06-20T01:00:00Z,23709.3
2026-06-20T02:00:00Z,23751.9
2026-06-20T03:00:00Z,24959.0
2026-06-20T04:00:00Z,26569.3
2026-06-20T05:00:00Z,28231.6
2026-06-20T06:00:00Z,29235.0
2026-06-20T07:00:00Z,30875.2
2026-06-20T08:00:00Z,32114.5
2026-06-20T09:00:00Z,33599.0
2026-06-20T10:00:00Z,35041.3
2026-06-20T11:00:00Z,35459.5
2026-06-20T12:00:00Z,35150.7
2026-06-20T13:00:00Z,35707.6
2026-06-20T14:00:00Z,34377.9
2026-06-20T15:00:00Z,33315.3
2026-06-20T16:00:00Z,32074.5
2026-06-20T17:00:00Z,30158.0
2026-06-20T18:00:00Z,29991.3
2026-06-20T19:00:00Z,26614.9
2026-06-20T20:00:00Z,26101.0
2026-06-20T21:00:00Z,25016.0
2026-06-20T22:00:00Z,23239.2
2026-06-20T23:00:00Z,23683.0
2026-06-21T00:00:00Z,23656.0
2026-06-21T01:00:00Z,23742.9
2026-06-21T02:00:00Z,23829.2
2026-06-21T03:00:00Z,25537.2
2026-06-21T04:00:00Z,25029.7
2026-06-21T05:00:00Z,28598.5
2026-06-21T06:00:00Z,29493.6
2026-06-21T07:00:00Z,31108.1
2026-06-21T08:00:00Z,32310.0
2026-06-21T09:00:00Z,34154.4
2026-06-21T10:00:00Z,34334.2
2026-06-21T11:00:00Z,35325.8
2026-06-21T12:00:00Z,35666.5
2026-06-21T13:00:00Z,35790.6
2026-06-21T14:00:00Z,33876.0
2026-06-21T15:00:00Z,33831.7
2026-06-21T16:00:00Z,32524.3
2026-06-21T17:00:00Z,31479.5
2026-06-21T18:00:00Z,29052.4
2026-06-21T19:00:00Z,27199.2
2026-06-21T20:00:00Z,26223.9
2026-06-21T21:00:00Z,24956.3
2026-06-21T22:00:00Z,23648.8
2026-06-21T23:00:00Z,23135.0
2026-06-22T00:00:00Z,25452.7
2026-06-22T01:00:00Z,25296.0
2026-06-22T02:00:00Z,26182.6
2026-06-22T03:00:00Z,26102.8
2026-06-22T04:00:00Z,27962.7
2026-06-22T05:00:00Z,28879.2
2026-06-22T06:00:00Z,31642.9
2026-06-22T07:00:00Z,33392.8
2026-06-22T08:00:00Z,35736.9
2026-06-22T09:00:00Z,35840.5
2026-06-22T10:00:00Z,36437.4
2026-06-22T11:00:00Z,38186.6
2026-06-22T12:00:00Z,38237.5
2026-06-22T13:00:00Z,36616.5
2026-06-22T14:00:00Z,36367.0
2026-06-22T15:00:00Z,34846.2
2026-06-22T16:00:00Z,33682.1
2026-06-22T17:00:00Z,31915.0
2026-06-22T18:00:00Z,30648.4
2026-06-22T19:00:00Z,30073.0
2026-06-22T20:00:00Z,28488.2
2026-06-22T21:00:00Z,27429.0
2026-06-22T22:00:00Z,25200.3
2026-06-22T23:00:00Z,25332.1
2026-06-23T00:00:00Z,25182.4
2026-06-23T01:00:00Z,24873.1
2026-06-23T02:00:00Z,26488.1
2026-06-23T03:00:00Z,27561.1
2026-06-23T04:00:00Z,28235.5
2026-06-23T05:00:00Z,30175.1
2026-06-23T06:00:00Z,31311.9
2026-06-23T07:00:00Z,33621.9
2026-06-23T08:00:00Z,35088.6
2026-06-23T09:00:00Z,35075.8
2026-06-23T10:00:00Z,36394.8
2026-06-23T11:00:00Z,37882.4
2026-06-23T12:00:00Z,37720.7
2026-06-23T13:00:00Z,38346.3
2026-06-23T14:00:00Z,36628.9
2026-06-23T15:00:00Z,35333.2
2026-06-23T16:00:00Z,34828.4
2026-06-23T17:00:00Z,32776.5
2026-06-23T18:00:00Z,30485.7
2026-06-23T19:00:00Z,29309.1
2026-06-23T20:00:00Z,28564.6
2026-06-23T21:00:00Z,26956.0
2026-06-23T22:00:00Z,25937.3
2026-06-23T23:00:00Z,25455.5
2026-06-24T00:00:00Z,25452.2
2026-06-24T01:00:00Z,25774.7
2026-06-24T02:00:00Z,25895.5
2026-06-24T03:00:00Z,27594.3
2026-06-24T04:00:00Z,28456.3
2026-06-24T05:00:00Z,29476.9
2026-06-24T06:00:00Z,31888.1
2026-06-24T07:00:00Z,33803.7
2026-06-24T08:00:00Z,34003.6
2026-06-24T09:00:00Z,36172.1
2026-06-24T10:00:00Z,37762.5
2026-06-24T11:00:00Z,37725.8
2026-06-24T12:00:00Z,36744.1
2026-06-24T13:00:00Z,37535.4
2026-06-24T14:00:00Z,37454.9
2026-06-24T15:00:00Z,36424.6
2026-06-24T16:00:00Z,34569.0
2026-06-24T17:00:00Z,33084.6
2026-06-24T18:00:00Z,31239.0
2026-06-24T19:00:00Z,29369.9
2026-06-24T20:00:00Z,27925.5
2026-06-24T21:00:00Z,27303.4
2026-06-24T22:00:00Z,25931.0
2026-06-24T23:00:00Z,24788.9
2026-06-25T00:00:00Z,24371.8
2026-06-25T01:00:00Z,25184.6
2026-06-25T02:00:00Z,26872.0
2026-06-25T03:00:00Z,26236.5
2026-06-25T04:00:00Z,28555.9
2026-06-25T05:00:00Z,28296.2
2026-06-25T06:00:00Z,32292.5
2026-06-25T07:00:00Z,34076.8
2026-06-25T08:00:00Z,35115.8
2026-06-25T09:00:00Z,36459.6
2026-06-25T10:00:00Z,37311.8
2026-06-25T11:00:00Z,37628.6
2026-06-25T12:00:00Z,38238.2
2026-06-25T13:00:00Z,36784.8
2026-06-25T14:00:00Z,36879.9
2026-06-25T15:00:00Z,35539.0
2026-06-25T16:00:00Z,35137.1
2026-06-25T17:00:00Z,33830.3
2026-06-25T18:00:00Z,32360.4
2026-06-25T19:00:00Z,30531.9
2026-06-25T20:00:00Z,28605.7
2026-06-25T21:00:00Z,27830.6
2026-06-25T22:00:00Z,26862.3
2026-06-25T23:00:00Z,25811.6
2026-06-26T00:00:00Z,25736.8
2026-06-26T01:00:00Z,25673.9
2026-06-26T02:00:00Z,25842.2
2026-06-26T03:00:00Z,27883.6
2026-06-26T04:00:00Z,28819.5
2026-06-26T05:00:00Z,30538.3
2026-06-26T06:00:00Z,31969.3
2026-06-26T07:00:00Z,34196.3
2026-06-26T08:00:00Z,34127.6
2026-06-26T09:00:00Z,36226.8
2026-06-26T10:00:00Z,37739.6
2026-06-26T11:00:00Z,38462.3
2026-06-26T12:00:00Z,37961.3
2026-06-26T13:00:00Z,38293.9
2026-06-26T14:00:00Z,37218.2
2026-06-26T15:00:00Z,35899.8
2026-06-26T16:00:00Z,34719.2
2026-06-26T17:00:00Z,33450.3
2026-06-26T18:00:00Z,32564.4
2026-06-26T19:00:00Z,29745.9
2026-06-26T20:00:00Z,28295.3
2026-06-26T21:00:00Z,27042.9
2026-06-26T22:00:00Z,25589.2
2026-06-26T23:00:00Z,25689.5
2026-06-27T00:00:00Z,22936.0
2026-06-27T01:00:00Z,24858.0
2026-06-27T02:00:00Z,25070.7
2026-06-27T03:00:00Z,24899.1
2026-06-27T04:00:00Z,27061.3
2026-06-27T05:00:00Z,28114.9
2026-06-27T06:00:00Z,30286.9
2026-06-27T07:00:00Z,32019.1
2026-06-27T08:00:00Z,33255.5
2026-06-27T09:00:00Z,33417.4
2026-06-27T10:00:00Z,36579.4
2026-06-27T11:00:00Z,36654.0
2026-06-27T12:00:00Z,36367.2
2026-06-27T13:00:00Z,35328.6
2026-06-27T14:00:00Z,35379.3
2026-06-27T15:00:00Z,33392.3
2026-06-27T16:00:00Z,33652.4
2026-06-27T17:00:00Z,31845.9
2026-06-27T18:00:00Z,30023.5
2026-06-27T19:00:00Z,28775.3
2026-06-27T20:00:00Z,28092.9
2026-06-27T21:00:00Z,25545.8
2026-06-27T22:00:00Z,24861.1
2026-06-27T23:00:00Z,23938.1
2026-06-28T00:00:00Z,22705.1
2026-06-28T01:00:00Z,25058.9
2026-06-28T02:00:00Z,25209.2
2026-06-28T03:00:00Z,26282.2
2026-06-28T04:00:00Z,27142.9
2026-06-28T05:00:00Z,29717.8
2026-06-28T06:00:00Z,30498.4
2026-06-28T07:00:00Z,31763.7
2026-06-28T08:00:00Z,33903.2
2026-06-28T09:00:00Z,34691.6
2026-06-28T10:00:00Z,35125.7
2026-06-28T11:00:00Z,36336.6
2026-06-28T12:00:00Z,37493.1
2026-06-28T13:00:00Z,35522.0
2026-06-28T14:00:00Z,35502.2
2026-06-28T15:00:00Z,34545.8
2026-06-28T16:00:00Z,33209.3
2026-06-28T17:00:00Z,32142.3
2026-06-28T18:00:00Z,30608.5
2026-06-28T19:00:00Z,27918.5
2026-06-28T20:00:00Z,27543.3
2026-06-28T21:00:00Z,26588.8
2026-06-28T22:00:00Z,24323.2
2026-06-28T23:00:00Z,23343.5
2026-06-29T00:00:00Z,25753.9
2026-06-29T01:00:00Z,25812.0
2026-06-29T02:00:00Z,26488.2
2026-06-29T03:00:00Z,27404.4
2026-06-29T04:00:00Z,28322.5
2026-06-29T05:00:00Z,30956.0
2026-06-29T06:00:00Z,32647.1
2026-06-29T07:00:00Z,33129.5
2026-06-29T08:00:00Z,35345.6
2026-06-29T09:00:00Z,36791.2
2026-06-29T10:00:00Z,37737.3
2026-06-29T11:00:00Z,37588.1
2026-06-29T12:00:00Z,37692.3
2026-06-29T13:00:00Z,39159.3
2026-06-29T14:00:00Z,36642.6
2026-06-29T15:00:00Z,36104.4
2026-06-29T16:00:00Z,35097.7
2026-06-29T17:00:00Z,33892.6
2026-06-29T18:00:00Z,31462.8
2026-06-29T19:00:00Z,30187.6
2026-06-29T20:00:00Z,29715.1
2026-06-29T21:00:00Z,28419.7
2026-06-29T22:00:00Z,26685.4
2026-06-29T23:00:00Z,25653.3
2026-06-30T00:00:00Z,25541.2
2026-06-30T01:00:00Z,26504.6
2026-06-30T02:00:00Z,26218.4
2026-06-30T03:00:00Z,28220.3
2026-06-30T04:00:00Z,28683.4
2026-06-30T05:00:00Z,29842.9
2026-06-30T06:00:00Z,31514.1
2026-06-30T07:00:00Z,34613.8
2026-06-30T08:00:00Z,34857.2
2026-06-30T09:00:00Z,36483.9
2026-06-30T10:00:00Z,37491.9
2026-06-30T11:00:00Z,37343.1
2026-06-30T12:00:00Z,38432.2
2026-06-30T13:00:00Z,38324.1
2026-06-30T14:00:00Z,38045.7
2026-06-30T15:00:00Z,36189.1
2026-06-30T16:00:00Z,34871.1
2026-06-30T17:00:00Z,33786.1
2026-06-30T18:00:00Z,32393.9
2026-06-30T19:00:00Z,31053.0
2026-06-30T20:00:00Z,28120.5
2026-06-30T21:00:00Z,27306.2
2026-06-30T22:00:00Z,27075.8
2026-06-30T23:00:00Z,26247.7
2026-07-01T00:00:00Z,27096.3
2026-07-01T01:00:00Z,26813.8
2026-07-01T02:00:00Z,26040.1
2026-07-01T03:00:00Z,28810.5
2026-07-01T04:00:00Z,29116.9
2026-07-01T05:00:00Z,30668.3
2026-07-01T06:00:00Z,32376.3
2026-07-01T07:00:00Z,33349.9
2026-07-01T08:00:00Z,36334.0
2026-07-01T09:00:00Z,36256.2
2026-07-01T10:00:00Z,37163.1
2026-07-01T11:00:00Z,38531.2
2026-07-01T12:00:00Z,38784.3
2026-07-01T13:00:00Z,39043.4
2026-07-01T14:00:00Z,37057.2
2026-07-01T15:00:00Z,36856.9
2026-07-01T16:00:00Z,35420.1
2026-07-01T17:00:00Z,33312.6
2026-07-01T18:00:00Z,31808.9
2026-07-01T19:00:00Z,31617.6
2026-07-01T20:00:00Z,28561.8
2026-07-01T21:00:00Z,27993.5
2026-07-01T22:00:00Z,26105.2
2026-07-01T23:00:00Z,26243.5
2026-07-02T00:00:00Z,26675.3
2026-07-02T01:00:00Z,25321.5
2026-07-02T02:00:00Z,26930.0
2026-07-02T03:00:00Z,29052.1
2026-07-02T04:00:00Z,29354.3
2026-07-02T05:00:00Z,31077.2
2026-07-02T06:00:00Z,31693.0
2026-07-02T07:00:00Z,33957.1
2026-07-02T08:00:00Z,35089.4
2026-07-02T09:00:00Z,37320.0
2026-07-02T10:00:00Z,37589.4
2026-07-02T11:00:00Z,38119.7
2026-07-02T12:00:00Z,38623.9
2026-07-02T13:00:00Z,37553.6
2026-07-02T14:00:00Z,37663.3
2026-07-02T15:00:00Z,36455.3
2026-07-02T16:00:00Z,35484.2
2026-07-02T17:00:00Z,34048.3
2026-07-02T18:00:00Z,32446.8
2026-07-02T19:00:00Z,31077.1
2026-07-02T20:00:00Z,29461.1
2026-07-02T21:00:00Z,27358.9
2026-07-02T22:00:00Z,25552.5
2026-07-02T23:00:00Z,26873.9
2026-07-03T00:00:00Z,26695.8
2026-07-03T01:00:00Z,26920.0
2026-07-03T02:00:00Z,27069.5
2026-07-03T03:00:00Z,28814.1
2026-07-03T04:00:00Z,28922.5
2026-07-03T05:00:00Z,30326.1
2026-07-03T06:00:00Z,34101.0
2026-07-03T07:00:00Z,33854.2
2026-07-03T08:00:00Z,35947.5
2026-07-03T09:00:00Z,37198.1
2026-07-03T10:00:00Z,38397.8
2026-07-03T11:00:00Z,38584.2
2026-07-03T12:00:00Z,39181.3
2026-07-03T13:00:00Z,39224.4
2026-07-03T14:00:00Z,37468.3
2026-07-03T15:00:00Z,35695.1
2026-07-03T16:00:00Z,36052.8
2026-07-03T17:00:00Z,33063.0
2026-07-03T18:00:00Z,32864.2
2026-07-03T19:00:00Z,31057.1
2026-07-03T20:00:00Z,30153.2
2026-07-03T21:00:00Z,28373.9
2026-07-03T22:00:00Z,27952.7
2026-07-03T23:00:00Z,26476.2
2026-07-04T00:00:00Z,23845.1
2026-07-04T01:00:00Z,25493.3
2026-07-04T02:00:00Z,26017.5
2026-07-04T03:00:00Z,26691.2
2026-07-04T04:00:00Z,28303.7
2026-07-04T05:00:00Z,29459.1
2026-07-04T06:00:00Z,30335.8
2026-07-04T07:00:00Z,32161.1
2026-07-04T08:00:00Z,34304.5
2026-07-04T09:00:00Z,36588.2
2026-07-04T10:00:00Z,36771.1
2026-07-04T11:00:00Z,35412.7
2026-07-04T12:00:00Z,37012.2
2026-07-04T13:00:00Z,36066.1
2026-07-04T14:00:00Z,35882.9
2026-07-04T15:00:00Z,34435.6
2026-07-04T16:00:00Z,34234.8
2026-07-04T17:00:00Z,32653.9
2026-07-04T18:00:00Z,30967.3
2026-07-04T19:00:00Z,29553.5
2026-07-04T20:00:00Z,27757.7
2026-07-04T21:00:00Z,26723.3
2026-07-04T22:00:00Z,26499.9
2026-07-04T23:00:00Z,24987.8
2026-07-05T00:00:00Z,24441.9
2026-07-05T01:00:00Z,25717.7
2026-07-05T02:00:00Z,25223.2
2026-07-05T03:00:00Z,27757.0
2026-07-05T04:00:00Z,28184.5
2026-07-05T05:00:00Z,30053.8
2026-07-05T06:00:00Z,30949.7
2026-07-05T07:00:00Z,33621.1
2026-07-05T08:00:00Z,34122.1
2026-07-05T09:00:00Z,35128.5
2026-07-05T10:00:00Z,36437.1
2026-07-05T11:00:00Z,37052.2
2026-07-05T12:00:00Z,37424.0
2026-07-05T13:00:00Z,37483.2
2026-07-05T14:00:00Z,37010.9
2026-07-05T15:00:00Z,35790.3
2026-07-05T16:00:00Z,34398.6
2026-07-05T17:00:00Z,32603.4
2026-07-05T18:00:00Z,30407.6
2026-07-05T19:00:00Z,29404.4
2026-07-05T20:00:00Z,28560.2
2026-07-05T21:00:00Z,26898.0
2026-07-05T22:00:00Z,26234.0
2026-07-05T23:00:00Z,25368.6
2026-07-06T00:00:00Z,27443.9
2026-07-06T01:00:00Z,26267.8
2026-07-06T02:00:00Z,26897.9
2026-07-06T03:00:00Z,27220.0
2026-07-06T04:00:00Z,29134.6
2026-07-06T05:00:00Z,31309.0
2026-07-06T06:00:00Z,32217.0
2026-07-06T07:00:00Z,35680.2
2026-07-06T08:00:00Z,35981.6
2026-07-06T09:00:00Z,37030.7
2026-07-06T10:00:00Z,38824.5
2026-07-06T11:00:00Z,39376.4
2026-07-06T12:00:00Z,39938.7
2026-07-06T13:00:00Z,38922.4
2026-07-06T14:00:00Z,38311.8
2026-07-06T15:00:00Z,37720.2
2026-07-06T16:00:00Z,36826.3
2026-07-06T17:00:00Z,35022.8
2026-07-06T18:00:00Z,33171.0
2026-07-06T19:00:00Z,30908.9
2026-07-06T20:00:00Z,29166.7
2026-07-06T21:00:00Z,29093.4
2026-07-06T22:00:00Z,27371.9
2026-07-06T23:00:00Z,27083.9
2026-07-07T00:00:00Z,26198.2
2026-07-07T01:00:00Z,27848.0
2026-07-07T02:00:00Z,28359.3
2026-07-07T03:00:00Z,28814.5
2026-07-07T04:00:00Z,30517.4
2026-07-07T05:00:00Z,30921.9
2026-07-07T06:00:00Z,32500.6
2026-07-07T07:00:00Z,33825.1
2026-07-07T08:00:00Z,36929.5
2026-07-07T09:00:00Z,37613.9
2026-07-07T10:00:00Z,38680.3
2026-07-07T11:00:00Z,39442.8
2026-07-07T12:00:00Z,39332.0
2026-07-07T13:00:00Z,38646.1
2026-07-07T14:00:00Z,36880.5
2026-07-07T15:00:00Z,37467.1
2026-07-07T16:00:00Z,36516.8
2026-07-07T17:00:00Z,34633.4
2026-07-07T18:00:00Z,32369.2
2026-07-07T19:00:00Z,31146.8
2026-07-07T20:00:00Z,30485.1
2026-07-07T21:00:00Z,28797.6
2026-07-07T22:00:00Z,26989.0
2026-07-07T23:00:00Z,27133.4
2026-07-08T00:00:00Z,28023.3
2026-07-08T01:00:00Z,26753.4
2026-07-08T02:00:00Z,27040.6
2026-07-08T03:00:00Z,28834.1
2026-07-08T04:00:00Z,29974.0
2026-07-08T05:00:00Z,32298.6
2026-07-08T06:00:00Z,32797.1
2026-07-08T07:00:00Z,34103.6
2026-07-08T08:00:00Z,36447.1
2026-07-08T09:00:00Z,37033.2
2026-07-08T10:00:00Z,38882.4
2026-07-08T11:00:00Z,38378.1
2026-07-08T12:00:00Z,39075.5
2026-07-08T13:00:00Z,38777.0
2026-07-08T14:00:00Z,38687.5
2026-07-08T15:00:00Z,38606.2
2026-07-08T16:00:00Z,37090.7
2026-07-08T17:00:00Z,34013.9
2026-07-08T18:00:00Z,34200.7
2026-07-08T19:00:00Z,30471.5
2026-07-08T20:00:00Z,30826.4
2026-07-08T21:00:00Z,28309.5
2026-07-08T22:00:00Z,27719.7
2026-07-08T23:00:00Z,27308.1
2026-07-09T00:00:00Z,27133.8
2026-07-09T01:00:00Z,26083.6
2026-07-09T02:00:00Z,28972.4
2026-07-09T03:00:00Z,29381.0
2026-07-09T04:00:00Z,30495.1
2026-07-09T05:00:00Z,30785.4
2026-07-09T06:00:00Z,33200.0
2026-07-09T07:00:00Z,34287.1
2026-07-09T08:00:00Z,36742.8
2026-07-09T09:00:00Z,37502.7
2026-07-09T10:00:00Z,39840.2
2026-07-09T11:00:00Z,39129.9
2026-07-09T12:00:00Z,39697.1
2026-07-09T13:00:00Z,39595.8
2026-07-09T14:00:00Z,38351.4
2026-07-09T15:00:00Z,37825.1
2026-07-09T16:00:00Z,35967.2
2026-07-09T17:00:00Z,34710.4
2026-07-09T18:00:00Z,32456.2
2026-07-09T19:00:00Z,31552.5
2026-07-09T20:00:00Z,29811.8
2026-07-09T21:00:00Z,29381.3
2026-07-09T22:00:00Z,27571.8
2026-07-09T23:00:00Z,26807.3
2026-07-10T00:00:00Z,27282.6
2026-07-10T01:00:00Z,26457.3
2026-07-10T02:00:00Z,27975.7
2026-07-10T03:00:00Z,27960.7
2026-07-10T04:00:00Z,29999.6
2026-07-10T05:00:00Z,31987.1
2026-07-10T06:00:00Z,33100.6
2026-07-10T07:00:00Z,34754.4
2026-07-10T08:00:00Z,36937.9
2026-07-10T09:00:00Z,37531.4
2026-07-10T10:00:00Z,39315.2
2026-07-10T11:00:00Z,39907.3
2026-07-10T12:00:00Z,39910.1
2026-07-10T13:00:00Z,38784.5
2026-07-10T14:00:00Z,39298.5
2026-07-10T15:00:00Z,37205.2
2026-07-10T16:00:00Z,35893.8
2026-07-10T17:00:00Z,34751.6
2026-07-10T18:00:00Z,32773.6
2026-07-10T19:00:00Z,32345.0
2026-07-10T20:00:00Z,29618.0
2026-07-10T21:00:00Z,28993.3
2026-07-10T22:00:00Z,28389.3
2026-07-10T23:00:00Z,27896.8
2026-07-11T00:00:00Z,26158.7
2026-07-11T01:00:00Z,25840.3
2026-07-11T02:00:00Z,27096.6
2026-07-11T03:00:00Z,28311.2
2026-07-11T04:00:00Z,29054.5
2026-07-11T05:00:00Z,30897.0
2026-07-11T06:00:00Z,32133.2
2026-07-11T07:00:00Z,33494.0
2026-07-11T08:00:00Z,35210.7
2026-07-11T09:00:00Z,35779.4
2026-07-11T10:00:00Z,37474.9
2026-07-11T11:00:00Z,37032.9
2026-07-11T12:00:00Z,38563.4
2026-07-11T13:00:00Z,37936.4
2026-07-11T14:00:00Z,37857.3
2026-07-11T15:00:00Z,35781.8
2026-07-11T16:00:00Z,34743.4
2026-07-11T17:00:00Z,33107.6
2026-07-11T18:00:00Z,31245.0
2026-07-11T19:00:00Z,29990.7
2026-07-11T20:00:00Z,28742.4
2026-07-11T21:00:00Z,26588.3
2026-07-11T22:00:00Z,26500.7
2026-07-11T23:00:00Z,25180.4
2026-07-12T00:00:00Z,25504.8
2026-07-12T01:00:00Z,25743.3
2026-07-12T02:00:00Z,26880.1
2026-07-12T03:00:00Z,27279.2
2026-07-12T04:00:00Z,29518.2
2026-07-12T05:00:00Z,29248.9
2026-07-12T06:00:00Z,32262.0
2026-07-12T07:00:00Z,33928.8
2026-07-12T08:00:00Z,35385.1
2026-07-12T09:00:00Z,36963.4
2026-07-12T10:00:00Z,35977.9
2026-07-12T11:00:00Z,38290.9
2026-07-12T12:00:00Z,38402.3
2026-07-12T13:00:00Z,38018.3
2026-07-12T14:00:00Z,37255.3
2026-07-12T15:00:00Z,35188.8
2026-07-12T16:00:00Z,35339.1
2026-07-12T17:00:00Z,34491.5
2026-07-12T18:00:00Z,32008.3
2026-07-12T19:00:00Z,30031.0
2026-07-12T20:00:00Z,28006.1
2026-07-12T21:00:00Z,28230.8
2026-07-12T22:00:00Z,26366.7
2026-07-12T23:00:00Z,25604.6
2026-07-13T00:00:00Z,27000.6
2026-07-13T01:00:00Z,27258.0
2026-07-13T02:00:00Z,28438.0
2026-07-13T03:00:00Z,29069.9
2026-07-13T04:00:00Z,30932.8
2026-07-13T05:00:00Z,31722.7
2026-07-13T06:00:00Z,32731.5
2026-07-13T07:00:00Z,35370.4
2026-07-13T08:00:00Z,37561.2
2026-07-13T09:00:00Z,38495.7
2026-07-13T10:00:00Z,38968.5
2026-07-13T11:00:00Z,39612.0
2026-07-13T12:00:00Z,40058.6
2026-07-13T13:00:00Z,38860.4
2026-07-13T14:00:00Z,38189.8
2026-07-13T15:00:00Z,38603.8
2026-07-13T16:00:00Z,36210.3
2026-07-13T17:00:00Z,35514.9
2026-07-13T18:00:00Z,33888.2
2026-07-13T19:00:00Z,32898.7
2026-07-13T20:00:00Z,31134.5
2026-07-13T21:00:00Z,29089.9
2026-07-13T22:00:00Z,26918.2
2026-07-13T23:00:00Z,27396.2
2026-07-14T00:00:00Z,27580.7
2026-07-14T01:00:00Z,27652.3
2026-07-14T02:00:00Z,29113.2
2026-07-14T03:00:00Z,28804.8
2026-07-14T04:00:00Z,30787.4
2026-07-14T05:00:00Z,33107.8
2026-07-14T06:00:00Z,33534.6
2026-07-14T07:00:00Z,35499.5
2026-07-14T08:00:00Z,36941.7
2026-07-14T09:00:00Z,38532.7
2026-07-14T10:00:00Z,40080.2
2026-07-14T11:00:00Z,39375.7
2026-07-14T12:00:00Z,40411.0
2026-07-14T13:00:00Z,40354.5
2026-07-14T14:00:00Z,39278.2
2026-07-14T15:00:00Z,38424.1
2026-07-14T16:00:00Z,37653.2
2026-07-14T17:00:00Z,37170.7
2026-07-14T18:00:00Z,34308.5
2026-07-14T19:00:00Z,32384.0
2026-07-14T20:00:00Z,30721.6
2026-07-14T21:00:00Z,30909.0
2026-07-14T22:00:00Z,29146.2
2026-07-14T23:00:00Z,27342.2
2026-07-15T00:00:00Z,29148.3
2026-07-15T01:00:00Z,27752.9
2026-07-15T02:00:00Z,29186.1
2026-07-15T03:00:00Z,29134.5
2026-07-15T04:00:00Z,31003.3
2026-07-15T05:00:00Z,31760.8
2026-07-15T06:00:00Z,34664.6
2026-07-15T07:00:00Z,35781.5
2026-07-15T08:00:00Z,37062.3
2026-07-15T09:00:00Z,39119.8
2026-07-15T10:00:00Z,39231.0
2026-07-15T11:00:00Z,40385.4
2026-07-15T12:00:00Z,40685.7
2026-07-15T13:00:00Z,39934.5
2026-07-15T14:00:00Z,40072.3
2026-07-15T15:00:00Z,38272.7
2026-07-15T16:00:00Z,37005.7
2026-07-15T17:00:00Z,35250.5
2026-07-15T18:00:00Z,33976.2
2026-07-15T19:00:00Z,32866.9
2026-07-15T20:00:00Z,30934.4
2026-07-15T21:00:00Z,29828.3
2026-07-15T22:00:00Z,28825.3
2026-07-15T23:00:00Z,28388.1
2026-07-16T00:00:00Z,27792.9
2026-07-16T01:00:00Z,28667.7
2026-07-16T02:00:00Z,29415.1
2026-07-16T03:00:00Z,29235.7
2026-07-16T04:00:00Z,31752.1
2026-07-16T05:00:00Z,32449.6
2026-07-16T06:00:00Z,33421.9
2026-07-16T07:00:00Z,35843.7
2026-07-16T08:00:00Z,37526.6
2026-07-16T09:00:00Z,38946.6
2026-07-16T10:00:00Z,39949.4
2026-07-16T11:00:00Z,40357.8
2026-07-16T12:00:00Z,41271.5
2026-07-16T13:00:00Z,39611.6
2026-07-16T14:00:00Z,39743.1
2026-07-16T15:00:00Z,37556.1
2026-07-16T16:00:00Z,38096.4
2026-07-16T17:00:00Z,36826.1
2026-07-16T18:00:00Z,33530.4
2026-07-16T19:00:00Z,31842.2
2026-07-16T20:00:00Z,31494.4
2026-07-16T21:00:00Z,29176.7
2026-07-16T22:00:00Z,28836.6
2026-07-16T23:00:00Z,29170.7
2026-07-17T00:00:00Z,28423.7
2026-07-17T01:00:00Z,29315.0
2026-07-17T02:00:00Z,28781.1
2026-07-17T03:00:00Z,29909.3
2026-07-17T04:00:00Z,31920.5
2026-07-17T05:00:00Z,31756.4
2026-07-17T06:00:00Z,34794.0
2026-07-17T07:00:00Z,35878.6
2026-07-17T08:00:00Z,38001.1
2026-07-17T09:00:00Z,38215.5
2026-07-17T10:00:00Z,39863.4
2026-07-17T11:00:00Z,39065.1
2026-07-17T12:00:00Z,41087.4
2026-07-17T13:00:00Z,40875.3
2026-07-17T14:00:00Z,39482.6
2026-07-17T15:00:00Z,39073.3
2026-07-17T16:00:00Z,37289.4
2026-07-17T17:00:00Z,35993.8
2026-07-17T18:00:00Z,34827.0
2026-07-17T19:00:00Z,32173.5
2026-07-17T20:00:00Z,30935.8
2026-07-17T21:00:00Z,30728.2
2026-07-17T22:00:00Z,28791.6
2026-07-17T23:00:00Z,27990.3
2026-07-18T00:00:00Z,26460.5
2026-07-18T01:00:00Z,25885.3
2026-07-18T02:00:00Z,27054.8
2026-07-18T03:00:00Z,27442.5
2026-07-18T04:00:00Z,29470.8
2026-07-18T05:00:00Z,31628.2
2026-07-18T06:00:00Z,34262.1
2026-07-18T07:00:00Z,35105.7
2026-07-18T08:00:00Z,35119.9
2026-07-18T09:00:00Z,37318.8
2026-07-18T10:00:00Z,37962.5
2026-07-18T11:00:00Z,39135.7
2026-07-18T12:00:00Z,39082.3
2026-07-18T13:00:00Z,38543.7
2026-07-18T14:00:00Z,38313.6
2026-07-18T15:00:00Z,37003.9
2026-07-18T16:00:00Z,36134.4
2026-07-18T17:00:00Z,34517.7
2026-07-18T18:00:00Z,32851.5
2026-07-18T19:00:00Z,29978.0
2026-07-18T20:00:00Z,30008.4
2026-07-18T21:00:00Z,28005.5
2026-07-18T22:00:00Z,26754.8
2026-07-18T23:00:00Z,27806.9
2026-07-19T00:00:00Z,27374.1
2026-07-19T01:00:00Z,26568.5
2026-07-19T02:00:00Z,27567.4
2026-07-19T03:00:00Z,28592.9
2026-07-19T04:00:00Z,29145.0
2026-07-19T05:00:00Z,30951.9
2026-07-19T06:00:00Z,32760.1
2026-07-19T07:00:00Z,35152.3
2026-07-19T08:00:00Z,35616.3
2026-07-19T09:00:00Z,37102.6
2026-07-19T10:00:00Z,38967.9
2026-07-19T11:00:00Z,38122.0
2026-07-19T12:00:00Z,40199.2
2026-07-19T13:00:00Z,39912.3
2026-07-19T14:00:00Z,37542.6
2026-07-19T15:00:00Z,37935.0
2026-07-19T16:00:00Z,35363.9
2026-07-19T17:00:00Z,34389.6
2026-07-19T18:00:00Z,33364.1
2026-07-19T19:00:00Z,30780.9
2026-07-19T20:00:00Z,29759.9
2026-07-19T21:00:00Z,28437.0
2026-07-19T22:00:00Z,26781.5
2026-07-19T23:00:00Z,26405.0
2026-07-20T00:00:00Z,28298.2
2026-07-20T01:00:00Z,28403.5
2026-07-20T02:00:00Z,29888.6
2026-07-20T03:00:00Z,31642.7
2026-07-20T04:00:00Z,31671.7
2026-07-20T05:00:00Z,33007.5
2026-07-20T06:00:00Z,33857.7
2026-07-20T07:00:00Z,36435.6
2026-07-20T08:00:00Z,37626.2
2026-07-20T09:00:00Z,38305.0
2026-07-20T10:00:00Z,38994.8
2026-07-20T11:00:00Z,41258.8
2026-07-20T12:00:00Z,40634.9
2026-07-20T13:00:00Z,42219.5
2026-07-20T14:00:00Z,40536.2
2026-07-20T15:00:00Z,39488.5
2026-07-20T16:00:00Z,36731.2
2026-07-20T17:00:00Z,35500.1
2026-07-20T18:00:00Z,34887.3
2026-07-20T19:00:00Z,33026.9
2026-07-20T20:00:00Z,32669.1
2026-07-20T21:00:00Z,29344.9
2026-07-20T22:00:00Z,29169.1
2026-07-20T23:00:00Z,28690.0
2026-07-21T00:00:00Z,28504.9
2026-07-21T01:00:00Z,29412.0
2026-07-21T02:00:00Z,30308.5
2026-07-21T03:00:00Z,31123.3
2026-07-21T04:00:00Z,31233.4
2026-07-21T05:00:00Z,31862.2
2026-07-21T06:00:00Z,35270.6
2026-07-21T07:00:00Z,35895.6
2026-07-21T08:00:00Z,38375.8
2026-07-21T09:00:00Z,39084.6
2026-07-21T10:00:00Z,40272.3
2026-07-21T11:00:00Z,41522.1
2026-07-21T12:00:00Z,41731.2
2026-07-21T13:00:00Z,40420.6
2026-07-21T14:00:00Z,39412.1
2026-07-21T15:00:00Z,39879.0
2026-07-21T16:00:00Z,37436.7
2026-07-21T17:00:00Z,36564.7
2026-07-21T18:00:00Z,34060.0
2026-07-21T19:00:00Z,33159.5
2026-07-21T20:00:00Z,31428.6
2026-07-21T21:00:00Z,30749.0
2026-07-21T22:00:00Z,30175.1
2026-07-21T23:00:00Z,29006.4
2026-07-22T00:00:00Z,28708.5
2026-07-22T01:00:00Z,29025.0
2026-07-22T02:00:00Z,28939.2
2026-07-22T03:00:00Z,30218.4
2026-07-22T04:00:00Z,32660.6
2026-07-22T05:00:00Z,33062.5
2026-07-22T06:00:00Z,34321.9
2026-07-22T07:00:00Z,36444.4
2026-07-22T08:00:00Z,37831.4
2026-07-22T09:00:00Z,39169.2
2026-07-22T10:00:00Z,40651.1
2026-07-22T11:00:00Z,40702.1
2026-07-22T12:00:00Z,41177.1
2026-07-22T13:00:00Z,40545.2
2026-07-22T14:00:00Z,40918.1
2026-07-22T15:00:00Z,39539.2
2026-07-22T16:00:00Z,39245.4
2026-07-22T17:00:00Z,36796.0
2026-07-22T18:00:00Z,34342.8
2026-07-22T19:00:00Z,32566.6
2026-07-22T20:00:00Z,31571.5
2026-07-22T21:00:00Z,30681.6
2026-07-22T22:00:00Z,29565.2
2026-07-22T23:00:00Z,28781.0
2026-07-23T00:00:00Z,29091.7
2026-07-23T01:00:00Z,29343.7
2026-07-23T02:00:00Z,30216.1
2026-07-23T03:00:00Z,31678.8
2026-07-23T04:00:00Z,31281.7
2026-07-23T05:00:00Z,33125.9
2026-07-23T06:00:00Z,35348.0
2026-07-23T07:00:00Z,36469.2
2026-07-23T08:00:00Z,37455.2
2026-07-23T09:00:00Z,40133.6
2026-07-23T10:00:00Z,40055.9
2026-07-23T11:00:00Z,40337.7
2026-07-23T12:00:00Z,41607.7
2026-07-23T13:00:00Z,42006.5
2026-07-23T14:00:00Z,40480.7
2026-07-23T15:00:00Z,38149.9
2026-07-23T16:00:00Z,38413.7
2026-07-23T17:00:00Z,37447.9
2026-07-23T18:00:00Z,36428.2
2026-07-23T19:00:00Z,34695.6
2026-07-23T20:00:00Z,32808.2
2026-07-23T21:00:00Z,30529.6
2026-07-23T22:00:00Z,29761.7
2026-07-23T23:00:00Z,29322.7
2026-07-24T00:00:00Z,28977.4
2026-07-24T01:00:00Z,29351.5
2026-07-24T02:00:00Z,30172.1
2026-07-24T03:00:00Z,30757.1
2026-07-24T04:00:00Z,31853.9
2026-07-24T05:00:00Z,33687.2
2026-07-24T06:00:00Z,35334.8
2026-07-24T07:00:00Z,36426.5
2026-07-24T08:00:00Z,37897.1
2026-07-24T09:00:00Z,39704.6
2026-07-24T10:00:00Z,40035.1
2026-07-24T11:00:00Z,41963.9
2026-07-24T12:00:00Z,41757.1
2026-07-24T13:00:00Z,42193.3
2026-07-24T14:00:00Z,40278.7
2026-07-24T15:00:00Z,39572.3
2026-07-24T16:00:00Z,37571.1
2026-07-24T17:00:00Z,36496.5
2026-07-24T18:00:00Z,35474.9
2026-07-24T19:00:00Z,33958.1
2026-07-24T20:00:00Z,31327.0
2026-07-24T21:00:00Z,30293.5
2026-07-24T22:00:00Z,29794.8
2026-07-24T23:00:00Z,29036.6
2026-07-25T00:00:00Z,27683.0
2026-07-25T01:00:00Z,27240.4
2026-07-25T02:00:00Z,28180.9
2026-07-25T03:00:00Z,28452.5
2026-07-25T04:00:00Z,31311.3
2026-07-25T05:00:00Z,32225.2
2026-07-25T06:00:00Z,33935.2
2026-07-25T07:00:00Z,35649.3
2026-07-25T08:00:00Z,36940.4
2026-07-25T09:00:00Z,38506.7
2026-07-25T10:00:00Z,39736.3
2026-07-25T11:00:00Z,40012.4
2026-07-25T12:00:00Z,40547.9
2026-07-25T13:00:00Z,40586.4
2026-07-25T14:00:00Z,38918.4
2026-07-25T15:00:00Z,38913.5
2026-07-25T16:00:00Z,36025.4
2026-07-25T17:00:00Z,35409.6
2026-07-25T18:00:00Z,33919.2
2026-07-25T19:00:00Z,32650.5
2026-07-25T20:00:00Z,30640.8
2026-07-25T21:00:00Z,29316.7
2026-07-25T22:00:00Z,28130.4
2026-07-25T23:00:00Z,27907.8
2026-07-26T00:00:00Z,28047.7
2026-07-26T01:00:00Z,27614.7
2026-07-26T02:00:00Z,29331.9
2026-07-26T03:00:00Z,29358.5
2026-07-26T04:00:00Z,31201.9
2026-07-26T05:00:00Z,32311.0
2026-07-26T06:00:00Z,33463.6
2026-07-26T07:00:00Z,34823.6
2026-07-26T08:00:00Z,36761.3
2026-07-26T09:00:00Z,37550.9
2026-07-26T10:00:00Z,39148.9
2026-07-26T11:00:00Z,39913.0
2026-07-26T12:00:00Z,40212.9
2026-07-26T13:00:00Z,39597.4
2026-07-26T14:00:00Z,38526.8
2026-07-26T15:00:00Z,38201.9
2026-07-26T16:00:00Z,37149.8
2026-07-26T17:00:00Z,35776.7
2026-07-26T18:00:00Z,33997.5
2026-07-26T19:00:00Z,31539.7
2026-07-26T20:00:00Z,30385.9
2026-07-26T21:00:00Z,29546.5
2026-07-26T22:00:00Z,28439.3
2026-07-26T23:00:00Z,27522.9
2026-07-27T00:00:00Z,29200.1
2026-07-27T01:00:00Z,29457.5
2026-07-27T02:00:00Z,30795.0
2026-07-27T03:00:00Z,30670.8
2026-07-27T04:00:00Z,33637.7
2026-07-27T05:00:00Z,34138.1
2026-07-27T06:00:00Z,36301.8
2026-07-27T07:00:00Z,37512.3
2026-07-27T08:00:00Z,39750.7
2026-07-27T09:00:00Z,40181.4
2026-07-27T10:00:00Z,39417.1
2026-07-27T11:00:00Z,41335.6
2026-07-27T12:00:00Z,42815.9
2026-07-27T13:00:00Z,41173.6
2026-07-27T14:00:00Z,40478.8
2026-07-27T15:00:00Z,38882.9
2026-07-27T16:00:00Z,39090.7
2026-07-27T17:00:00Z,38409.7
2026-07-27T18:00:00Z,35316.2
2026-07-27T19:00:00Z,33320.4
2026-07-27T20:00:00Z,33066.4
2026-07-27T21:00:00Z,31353.9
2026-07-27T22:00:00Z,29766.7
2026-07-27T23:00:00Z,29037.2
2026-07-28T00:00:00Z,29903.6
2026-07-28T01:00:00Z,29613.9
2026-07-28T02:00:00Z,29838.2
2026-07-28T03:00:00Z,30753.5
2026-07-28T04:00:00Z,32342.8
2026-07-28T05:00:00Z,32977.6
2026-07-28T06:00:00Z,36341.9
2026-07-28T07:00:00Z,37357.1
2026-07-28T08:00:00Z,39235.8
2026-07-28T09:00:00Z,40298.5
2026-07-28T10:00:00Z,41011.4
2026-07-28T11:00:00Z,42316.3
2026-07-28T12:00:00Z,41238.0
