timestamp,demand_mwh
2025-06-23T13:00:00Z,61529.8
2025-06-23T14:00:00Z,61552.9
2025-06-23T15:00:00Z,60260.0
2025-06-23T16:00:00Z,58108.5
2025-06-23T17:00:00Z,56290.4
2025-06-23T18:00:00Z,51710.0
2025-06-23T19:00:00Z,49832.2
2025-06-23T20:00:00Z,46549.7
2025-06-23T21:00:00Z,43492.1
2025-06-23T22:00:00Z,42468.8
2025-06-23T23:00:00Z,42159.2
2025-06-24T00:00:00Z,41096.6
2025-06-24T01:00:00Z,42073.7
2025-06-24T02:00:00Z,44239.8
2025-06-24T03:00:00Z,45410.8
2025-06-24T04:00:00Z,47556.7
2025-06-24T05:00:00Z,49857.7
2025-06-24T06:00:00Z,52088.3
2025-06-24T07:00:00Z,53307.7
2025-06-24T08:00:00Z,58271.6
2025-06-24T09:00:00Z,58260.6
2025-06-24T10:00:00Z,61392.3
2025-06-24T11:00:00Z,62146.6
2025-06-24T12:00:00Z,62711.4
2025-06-24T13:00:00Z,62457.8
2025-06-24T14:00:00Z,60917.8
2025-06-24T15:00:00Z,60337.8
2025-06-24T16:00:00Z,56307.5
2025-06-24T17:00:00Z,55602.4
2025-06-24T18:00:00Z,50779.8
2025-06-24T19:00:00Z,50583.4
2025-06-24T20:00:00Z,46623.7
2025-06-24T21:00:00Z,45241.3
2025-06-24T22:00:00Z,44574.4
2025-06-24T23:00:00Z,40373.0
2025-06-25T00:00:00Z,41813.4
2025-06-25T01:00:00Z,42932.5
2025-06-25T02:00:00Z,44247.9
2025-06-25T03:00:00Z,46289.2
2025-06-25T04:00:00Z,47784.6
2025-06-25T05:00:00Z,50202.2
2025-06-25T06:00:00Z,52530.0
2025-06-25T07:00:00Z,55347.1
2025-06-25T08:00:00Z,57676.2
2025-06-25T09:00:00Z,60614.9
2025-06-25T10:00:00Z,61542.0
2025-06-25T11:00:00Z,63016.0
2025-06-25T12:00:00Z,64186.0
2025-06-25T13:00:00Z,63448.5
2025-06-25T14:00:00Z,61107.7
2025-06-25T15:00:00Z,59670.0
2025-06-25T16:00:00Z,58249.0
2025-06-25T17:00:00Z,54563.8
2025-06-25T18:00:00Z,50858.6
2025-06-25T19:00:00Z,48886.0
2025-06-25T20:00:00Z,47726.3
2025-06-25T21:00:00Z,44935.2
2025-06-25T22:00:00Z,43164.1
2025-06-25T23:00:00Z,43082.2
2025-06-26T00:00:00Z,41377.8
2025-06-26T01:00:00Z,44591.7
2025-06-26T02:00:00Z,43692.1
2025-06-26T03:00:00Z,45037.9
2025-06-26T04:00:00Z,49219.3
2025-06-26T05:00:00Z,49019.3
2025-06-26T06:00:00Z,52209.5
2025-06-26T07:00:00Z,55241.0
2025-06-26T08:00:00Z,56986.7
2025-06-26T09:00:00Z,59666.0
2025-06-26T10:00:00Z,62107.5
2025-06-26T11:00:00Z,62785.3
2025-06-26T12:00:00Z,62950.0
2025-06-26T13:00:00Z,63491.8
2025-06-26T14:00:00Z,63232.5
2025-06-26T15:00:00Z,61308.4
2025-06-26T16:00:00Z,56009.1
2025-06-26T17:00:00Z,56501.1
2025-06-26T18:00:00Z,53307.8
2025-06-26T19:00:00Z,50310.9
2025-06-26T20:00:00Z,46613.6
2025-06-26T21:00:00Z,44927.7
2025-06-26T22:00:00Z,43491.4
2025-06-26T23:00:00Z,41436.4
2025-06-27T00:00:00Z,43551.7
2025-06-27T01:00:00Z,43608.1
2025-06-27T02:00:00Z,43862.4
2025-06-27T03:00:00Z,44701.3
2025-06-27T04:00:00Z,48824.7
2025-06-27T05:00:00Z,50713.6
2025-06-27T06:00:00Z,53757.5
2025-06-27T07:00:00Z,55158.7
2025-06-27T08:00:00Z,60084.0
2025-06-27T09:00:00Z,60041.4
2025-06-27T10:00:00Z,63493.0
2025-06-27T11:00:00Z,61111.0
2025-06-27T12:00:00Z,63459.6
2025-06-27T13:00:00Z,62912.0
2025-06-27T14:00:00Z,59630.8
2025-06-27T15:00:00Z,59604.6
2025-06-27T16:00:00Z,56959.7
2025-06-27T17:00:00Z,54306.2
2025-06-27T18:00:00Z,52189.9
2025-06-27T19:00:00Z,49150.8
2025-06-27T20:00:00Z,47944.4
2025-06-27T21:00:00Z,45920.3
2025-06-27T22:00:00Z,44105.7
2025-06-27T23:00:00Z,42124.5
2025-06-28T00:00:00Z,39397.9
2025-06-28T01:00:00Z,41614.8
2025-06-28T02:00:00Z,40903.7
2025-06-28T03:00:00Z,42828.5
2025-06-28T04:00:00Z,44483.6
2025-06-28T05:00:00Z,47942.8
2025-06-28T06:00:00Z,50931.2
2025-06-28T07:00:00Z,53533.4
2025-06-28T08:00:00Z,55711.4
2025-06-28T09:00:00Z,58101.3
2025-06-28T10:00:00Z,58949.7
2025-06-28T11:00:00Z,60703.9
2025-06-28T12:00:00Z,59667.2
2025-06-28T13:00:00Z,60255.1
2025-06-28T14:00:00Z,59879.9
2025-06-28T15:00:00Z,56612.2
2025-06-28T16:00:00Z,56016.1
2025-06-28T17:00:00Z,53121.0
2025-06-28T18:00:00Z,49110.3
2025-06-28T19:00:00Z,46018.3
2025-06-28T20:00:00Z,43565.0
2025-06-28T21:00:00Z,41943.9
2025-06-28T22:00:00Z,41476.2
2025-06-28T23:00:00Z,40380.4
2025-06-29T00:00:00Z,41078.1
2025-06-29T01:00:00Z,42328.8
2025-06-29T02:00:00Z,40992.5
2025-06-29T03:00:00Z,41291.3
2025-06-29T04:00:00Z,43909.6
2025-06-29T05:00:00Z,45939.9
2025-06-29T06:00:00Z,49776.0
2025-06-29T07:00:00Z,52584.6
2025-06-29T08:00:00Z,56649.7
2025-06-29T09:00:00Z,56390.6
2025-06-29T10:00:00Z,59122.8
2025-06-29T11:00:00Z,60152.4
2025-06-29T12:00:00Z,60610.2
2025-06-29T13:00:00Z,59875.9
2025-06-29T14:00:00Z,61158.5
2025-06-29T15:00:00Z,57529.8
2025-06-29T16:00:00Z,55577.8
2025-06-29T17:00:00Z,53658.0
2025-06-29T18:00:00Z,50559.0
2025-06-29T19:00:00Z,49220.6
2025-06-29T20:00:00Z,44152.4
2025-06-29T21:00:00Z,42877.1
2025-06-29T22:00:00Z,40963.3
2025-06-29T23:00:00Z,40299.3
2025-06-30T00:00:00Z,43868.6
2025-06-30T01:00:00Z,42925.6
2025-06-30T02:00:00Z,42789.4
2025-06-30T03:00:00Z,46189.0
2025-06-30T04:00:00Z,47368.5
2025-06-30T05:00:00Z,51301.4
2025-06-30T06:00:00Z,53645.0
2025-06-30T07:00:00Z,57937.7
2025-06-30T08:00:00Z,59092.7
2025-06-30T09:00:00Z,60056.3
2025-06-30T10:00:00Z,62732.8
2025-06-30T11:00:00Z,64370.9
2025-06-30T12:00:00Z,63875.6
2025-06-30T13:00:00Z,63425.0
2025-06-30T14:00:00Z,62185.6
2025-06-30T15:00:00Z,60418.4
2025-06-30T16:00:00Z,57834.5
2025-06-30T17:00:00Z,57174.0
2025-06-30T18:00:00Z,53795.9
2025-06-30T19:00:00Z,49538.3
2025-06-30T20:00:00Z,49203.1
2025-06-30T21:00:00Z,46151.6
2025-06-30T22:00:00Z,44682.7
2025-06-30T23:00:00Z,43586.3
2025-07-01T00:00:00Z,44332.9
2025-07-01T01:00:00Z,41738.5
2025-07-01T02:00:00Z,44678.8
2025-07-01T03:00:00Z,46819.3
2025-07-01T04:00:00Z,48372.8
2025-07-01T05:00:00Z,49560.0
2025-07-01T06:00:00Z,52568.0
2025-07-01T07:00:00Z,56527.7
2025-07-01T08:00:00Z,60068.2
2025-07-01T09:00:00Z,59313.7
2025-07-01T10:00:00Z,62125.3
2025-07-01T11:00:00Z,63941.5
2025-07-01T12:00:00Z,64230.3
2025-07-01T13:00:00Z,64144.7
2025-07-01T14:00:00Z,63646.1
2025-07-01T15:00:00Z,61667.4
2025-07-01T16:00:00Z,57589.2
2025-07-01T17:00:00Z,56105.1
2025-07-01T18:00:00Z,52739.3
2025-07-01T19:00:00Z,50998.1
2025-07-01T20:00:00Z,49814.0
2025-07-01T21:00:00Z,47255.0
2025-07-01T22:00:00Z,46726.2
2025-07-01T23:00:00Z,44885.1
2025-07-02T00:00:00Z,44496.3
2025-07-02T01:00:00Z,44792.9
2025-07-02T02:00:00Z,44361.1
2025-07-02T03:00:00Z,46472.8
2025-07-02T04:00:00Z,49250.6
2025-07-02T05:00:00Z,51893.3
2025-07-02T06:00:00Z,54439.1
2025-07-02T07:00:00Z,55789.3
2025-07-02T08:00:00Z,58178.0
2025-07-02T09:00:00Z,60260.6
2025-07-02T10:00:00Z,64479.4
2025-07-02T11:00:00Z,63823.4
2025-07-02T12:00:00Z,64990.3
2025-07-02T13:00:00Z,63870.3
2025-07-02T14:00:00Z,62738.9
2025-07-02T15:00:00Z,61035.8
2025-07-02T16:00:00Z,58763.1
2025-07-02T17:00:00Z,56657.5
2025-07-02T18:00:00Z,54609.5
2025-07-02T19:00:00Z,50128.7
2025-07-02T20:00:00Z,48772.7
2025-07-02T21:00:00Z,46338.7
2025-07-02T22:00:00Z,44570.7
2025-07-02T23:00:00Z,44477.1
2025-07-03T00:00:00Z,45142.1
2025-07-03T01:00:00Z,42958.0
2025-07-03T02:00:00Z,45284.8
2025-07-03T03:00:00Z,47726.8
2025-07-03T04:00:00Z,49672.1
2025-07-03T05:00:00Z,50043.8
2025-07-03T06:00:00Z,54545.6
2025-07-03T07:00:00Z,56450.8
2025-07-03T08:00:00Z,58912.9
2025-07-03T09:00:00Z,62085.3
2025-07-03T10:00:00Z,62199.5
2025-07-03T11:00:00Z,64319.0
2025-07-03T12:00:00Z,65203.9
2025-07-03T13:00:00Z,63560.2
2025-07-03T14:00:00Z,62224.2
2025-07-03T15:00:00Z,63283.0
2025-07-03T16:00:00Z,58425.8
2025-07-03T17:00:00Z,57926.7
2025-07-03T18:00:00Z,53526.8
2025-07-03T19:00:00Z,51594.3
2025-07-03T20:00:00Z,48506.5
2025-07-03T21:00:00Z,46918.2
2025-07-03T22:00:00Z,45282.3
2025-07-03T23:00:00Z,43170.6
2025-07-04T00:00:00Z,43834.2
2025-07-04T01:00:00Z,45119.2
2025-07-04T02:00:00Z,44679.6
2025-07-04T03:00:00Z,45074.8
2025-07-04T04:00:00Z,49371.6
2025-07-04T05:00:00Z,50907.4
2025-07-04T06:00:00Z,54624.3
2025-07-04T07:00:00Z,56647.7
2025-07-04T08:00:00Z,58807.2
2025-07-04T09:00:00Z,61398.8
2025-07-04T10:00:00Z,63575.0
2025-07-04T11:00:00Z,64580.7
2025-07-04T12:00:00Z,63527.6
2025-07-04T13:00:00Z,63110.2
2025-07-04T14:00:00Z,62185.6
2025-07-04T15:00:00Z,62601.9
2025-07-04T16:00:00Z,59613.5
2025-07-04T17:00:00Z,56175.2
2025-07-04T18:00:00Z,54046.5
2025-07-04T19:00:00Z,52739.2
2025-07-04T20:00:00Z,48118.1
2025-07-04T21:00:00Z,46589.2
2025-07-04T22:00:00Z,45956.3
2025-07-04T23:00:00Z,44897.4
2025-07-05T00:00:00Z,41809.8
2025-07-05T01:00:00Z,40824.7
2025-07-05T02:00:00Z,42638.4
2025-07-05T03:00:00Z,42212.5
2025-07-05T04:00:00Z,46098.7
2025-07-05T05:00:00Z,48389.2
2025-07-05T06:00:00Z,51098.2
2025-07-05T07:00:00Z,55292.6
2025-07-05T08:00:00Z,56601.0
2025-07-05T09:00:00Z,58736.9
2025-07-05T10:00:00Z,61162.2
2025-07-05T11:00:00Z,63144.5
2025-07-05T12:00:00Z,61229.9
2025-07-05T13:00:00Z,62220.6
2025-07-05T14:00:00Z,60304.4
2025-07-05T15:00:00Z,57574.5
2025-07-05T16:00:00Z,56285.9
2025-07-05T17:00:00Z,54559.0
2025-07-05T18:00:00Z,51386.7
2025-07-05T19:00:00Z,48535.8
2025-07-05T20:00:00Z,46414.4
2025-07-05T21:00:00Z,44036.6
2025-07-05T22:00:00Z,42389.7
2025-07-05T23:00:00Z,40713.4
2025-07-06T00:00:00Z,41962.8
2025-07-06T01:00:00Z,39843.8
2025-07-06T02:00:00Z,43006.9
2025-07-06T03:00:00Z,43829.7
2025-07-06T04:00:00Z,47304.6
2025-07-06T05:00:00Z,48144.0
2025-07-06T06:00:00Z,49787.6
2025-07-06T07:00:00Z,54918.8
2025-07-06T08:00:00Z,57870.6
2025-07-06T09:00:00Z,57554.3
2025-07-06T10:00:00Z,61137.6
2025-07-06T11:00:00Z,62058.1
2025-07-06T12:00:00Z,61323.2
2025-07-06T13:00:00Z,62354.9
2025-07-06T14:00:00Z,60043.8
2025-07-06T15:00:00Z,60004.0
2025-07-06T16:00:00Z,58028.0
2025-07-06T17:00:00Z,54141.9
2025-07-06T18:00:00Z,51530.6
2025-07-06T19:00:00Z,49208.2
2025-07-06T20:00:00Z,44998.1
2025-07-06T21:00:00Z,43932.6
2025-07-06T22:00:00Z,42853.8
2025-07-06T23:00:00Z,43747.1
2025-07-07T00:00:00Z,45593.5
2025-07-07T01:00:00Z,45133.1
2025-07-07T02:00:00Z,45195.0
2025-07-07T03:00:00Z,47915.7
2025-07-07T04:00:00Z,49808.7
2025-07-07T05:00:00Z,51067.5
2025-07-07T06:00:00Z,54685.0
2025-07-07T07:00:00Z,56424.6
2025-07-07T08:00:00Z,59650.6
2025-07-07T09:00:00Z,59406.2
2025-07-07T10:00:00Z,65104.2
2025-07-07T11:00:00Z,64456.4
2025-07-07T12:00:00Z,64323.6
2025-07-07T13:00:00Z,64341.7
2025-07-07T14:00:00Z,62432.4
2025-07-07T15:00:00Z,62064.4
2025-07-07T16:00:00Z,61232.3
2025-07-07T17:00:00Z,57822.1
2025-07-07T18:00:00Z,54580.1
2025-07-07T19:00:00Z,52090.2
2025-07-07T20:00:00Z,49802.1
2025-07-07T21:00:00Z,47235.1
2025-07-07T22:00:00Z,45414.7
2025-07-07T23:00:00Z,44907.6
2025-07-08T00:00:00Z,44979.0
2025-07-08T01:00:00Z,44631.6
2025-07-08T02:00:00Z,46387.4
2025-07-08T03:00:00Z,46746.1
2025-07-08T04:00:00Z,48372.7
2025-07-08T05:00:00Z,50776.1
2025-07-08T06:00:00Z,55403.0
2025-07-08T07:00:00Z,57117.5
2025-07-08T08:00:00Z,60219.9
2025-07-08T09:00:00Z,61744.7
2025-07-08T10:00:00Z,63735.7
2025-07-08T11:00:00Z,65239.0
2025-07-08T12:00:00Z,64222.4
2025-07-08T13:00:00Z,64530.7
2025-07-08T14:00:00Z,65316.9
2025-07-08T15:00:00Z,64086.9
2025-07-08T16:00:00Z,60408.7
2025-07-08T17:00:00Z,57945.2
2025-07-08T18:00:00Z,54582.5
2025-07-08T19:00:00Z,51495.4
2025-07-08T20:00:00Z,50597.1
2025-07-08T21:00:00Z,48829.5
2025-07-08T22:00:00Z,46539.9
2025-07-08T23:00:00Z,45574.3
2025-07-09T00:00:00Z,44350.3
2025-07-09T01:00:00Z,46332.1
2025-07-09T02:00:00Z,46606.3
2025-07-09T03:00:00Z,47483.9
2025-07-09T04:00:00Z,51077.3
2025-07-09T05:00:00Z,51946.8
2025-07-09T06:00:00Z,54495.7
2025-07-09T07:00:00Z,58130.5
2025-07-09T08:00:00Z,59635.5
2025-07-09T09:00:00Z,61758.6
2025-07-09T10:00:00Z,64844.4
2025-07-09T11:00:00Z,65493.8
2025-07-09T12:00:00Z,65291.9
2025-07-09T13:00:00Z,65890.5
2025-07-09T14:00:00Z,64437.9
2025-07-09T15:00:00Z,63350.3
2025-07-09T16:00:00Z,61232.4
2025-07-09T17:00:00Z,58732.1
2025-07-09T18:00:00Z,54415.1
2025-07-09T19:00:00Z,53424.4
2025-07-09T20:00:00Z,50204.5
2025-07-09T21:00:00Z,48426.6
2025-07-09T22:00:00Z,46426.4
2025-07-09T23:00:00Z,46011.3
2025-07-10T00:00:00Z,45083.2
2025-07-10T01:00:00Z,45140.2
2025-07-10T02:00:00Z,47087.9
2025-07-10T03:00:00Z,47927.8
2025-07-10T04:00:00Z,49372.7
2025-07-10T05:00:00Z,52690.0
2025-07-10T06:00:00Z,55273.2
2025-07-10T07:00:00Z,57907.2
2025-07-10T08:00:00Z,60557.6
2025-07-10T09:00:00Z,62260.2
2025-07-10T10:00:00Z,63863.9
2025-07-10T11:00:00Z,68000.5
2025-07-10T12:00:00Z,65091.9
2025-07-10T13:00:00Z,65797.5
2025-07-10T14:00:00Z,64625.5
2025-07-10T15:00:00Z,62283.3
2025-07-10T16:00:00Z,60212.1
2025-07-10T17:00:00Z,57258.7
2025-07-10T18:00:00Z,54434.6
2025-07-10T19:00:00Z,54237.1
2025-07-10T20:00:00Z,49392.8
2025-07-10T21:00:00Z,47411.0
2025-07-10T22:00:00Z,47346.6
2025-07-10T23:00:00Z,44322.5
2025-07-11T00:00:00Z,46529.4
2025-07-11T01:00:00Z,45656.6
2025-07-11T02:00:00Z,47927.3
2025-07-11T03:00:00Z,47631.0
2025-07-11T04:00:00Z,49953.2
2025-07-11T05:00:00Z,53688.2
2025-07-11T06:00:00Z,55391.5
2025-07-11T07:00:00Z,57749.2
2025-07-11T08:00:00Z,61656.9
2025-07-11T09:00:00Z,62954.1
2025-07-11T10:00:00Z,63908.1
2025-07-11T11:00:00Z,65672.7
2025-07-11T12:00:00Z,66444.7
2025-07-11T13:00:00Z,65453.3
2025-07-11T14:00:00Z,66592.6
2025-07-11T15:00:00Z,63479.1
2025-07-11T16:00:00Z,60788.8
2025-07-11T17:00:00Z,58499.7
2025-07-11T18:00:00Z,56482.3
2025-07-11T19:00:00Z,52537.9
2025-07-11T20:00:00Z,50231.2
2025-07-11T21:00:00Z,48353.2
2025-07-11T22:00:00Z,46444.6
2025-07-11T23:00:00Z,45345.2
2025-07-12T00:00:00Z,40190.4
2025-07-12T01:00:00Z,42405.9
2025-07-12T02:00:00Z,43928.4
2025-07-12T03:00:00Z,46510.7
2025-07-12T04:00:00Z,47023.9
2025-07-12T05:00:00Z,50322.0
2025-07-12T06:00:00Z,52728.7
2025-07-12T07:00:00Z,55738.9
2025-07-12T08:00:00Z,59742.2
2025-07-12T09:00:00Z,61608.1
2025-07-12T10:00:00Z,63420.3
2025-07-12T11:00:00Z,62124.5
2025-07-12T12:00:00Z,62638.1
2025-07-12T13:00:00Z,63563.2
2025-07-12T14:00:00Z,61041.6
2025-07-12T15:00:00Z,61102.2
2025-07-12T16:00:00Z,61083.0
2025-07-12T17:00:00Z,54728.5
2025-07-12T18:00:00Z,53864.0
2025-07-12T19:00:00Z,50464.7
2025-07-12T20:00:00Z,48286.0
2025-07-12T21:00:00Z,45534.4
2025-07-12T22:00:00Z,42587.3
2025-07-12T23:00:00Z,42598.2
2025-07-13T00:00:00Z,42134.3
2025-07-13T01:00:00Z,42111.8
2025-07-13T02:00:00Z,44179.2
2025-07-13T03:00:00Z,46151.7
2025-07-13T04:00:00Z,47249.4
2025-07-13T05:00:00Z,51104.7
2025-07-13T06:00:00Z,53346.9
2025-07-13T07:00:00Z,56378.0
2025-07-13T08:00:00Z,58810.8
2025-07-13T09:00:00Z,60117.4
2025-07-13T10:00:00Z,64312.7
2025-07-13T11:00:00Z,63795.9
2025-07-13T12:00:00Z,64477.6
2025-07-13T13:00:00Z,63043.6
2025-07-13T14:00:00Z,62298.6
2025-07-13T15:00:00Z,61359.8
2025-07-13T16:00:00Z,57796.7
2025-07-13T17:00:00Z,56245.4
2025-07-13T18:00:00Z,54638.5
2025-07-13T19:00:00Z,50396.0
2025-07-13T20:00:00Z,48296.4
2025-07-13T21:00:00Z,45010.2
2025-07-13T22:00:00Z,44495.5
2025-07-13T23:00:00Z,43647.0
2025-07-14T00:00:00Z,46073.9
2025-07-14T01:00:00Z,46875.3
2025-07-14T02:00:00Z,47176.9
2025-07-14T03:00:00Z,48929.9
2025-07-14T04:00:00Z,52200.2
2025-07-14T05:00:00Z,54522.5
2025-07-14T06:00:00Z,56694.0
2025-07-14T07:00:00Z,60635.9
2025-07-14T08:00:00Z,61587.2
2025-07-14T09:00:00Z,63696.6
2025-07-14T10:00:00Z,66009.3
2025-07-14T11:00:00Z,68422.6
2025-07-14T12:00:00Z,66530.8
2025-07-14T13:00:00Z,66220.7
2025-07-14T14:00:00Z,65224.3
2025-07-14T15:00:00Z,63293.8
2025-07-14T16:00:00Z,60621.2
2025-07-14T17:00:00Z,59678.7
2025-07-14T18:00:00Z,57283.1
2025-07-14T19:00:00Z,54252.1
2025-07-14T20:00:00Z,51583.9
2025-07-14T21:00:00Z,48755.5
2025-07-14T22:00:00Z,48024.9
2025-07-14T23:00:00Z,46672.3
2025-07-15T00:00:00Z,45748.5
2025-07-15T01:00:00Z,46834.3
2025-07-15T02:00:00Z,46830.4
2025-07-15T03:00:00Z,49068.0
2025-07-15T04:00:00Z,50818.6
2025-07-15T05:00:00Z,54610.9
2025-07-15T06:00:00Z,56070.0
2025-07-15T07:00:00Z,59689.5
2025-07-15T08:00:00Z,60652.2
2025-07-15T09:00:00Z,64141.9
2025-07-15T10:00:00Z,66178.6
2025-07-15T11:00:00Z,66584.2
2025-07-15T12:00:00Z,66319.1
2025-07-15T13:00:00Z,66080.3
2025-07-15T14:00:00Z,65774.2
2025-07-15T15:00:00Z,63935.9
2025-07-15T16:00:00Z,61434.8
2025-07-15T17:00:00Z,58118.0
2025-07-15T18:00:00Z,55401.8
2025-07-15T19:00:00Z,53575.0
2025-07-15T20:00:00Z,50741.4
2025-07-15T21:00:00Z,49462.7
2025-07-15T22:00:00Z,48224.9
2025-07-15T23:00:00Z,46655.7
2025-07-16T00:00:00Z,45955.1
2025-07-16T01:00:00Z,46545.6
2025-07-16T02:00:00Z,48333.6
2025-07-16T03:00:00Z,48112.9
2025-07-16T04:00:00Z,52298.5
2025-07-16T05:00:00Z,54738.4
2025-07-16T06:00:00Z,56327.4
2025-07-16T07:00:00Z,59534.4
2025-07-16T08:00:00Z,62019.8
2025-07-16T09:00:00Z,65131.9
2025-07-16T10:00:00Z,66309.8
2025-07-16T11:00:00Z,66219.1
2025-07-16T12:00:00Z,64509.8
2025-07-16T13:00:00Z,68539.9
2025-07-16T14:00:00Z,66492.4
2025-07-16T15:00:00Z,63712.8
2025-07-16T16:00:00Z,60617.2
2025-07-16T17:00:00Z,59031.5
2025-07-16T18:00:00Z,55850.1
2025-07-16T19:00:00Z,55293.6
2025-07-16T20:00:00Z,52288.1
2025-07-16T21:00:00Z,47989.0
2025-07-16T22:00:00Z,48345.8
2025-07-16T23:00:00Z,46381.7
2025-07-17T00:00:00Z,46970.6
2025-07-17T01:00:00Z,46419.2
2025-07-17T02:00:00Z,46394.4
2025-07-17T03:00:00Z,48344.6
2025-07-17T04:00:00Z,51824.4
2025-07-17T05:00:00Z,55047.6
2025-07-17T06:00:00Z,58225.7
2025-07-17T07:00:00Z,60869.5
2025-07-17T08:00:00Z,62138.5
2025-07-17T09:00:00Z,64560.0
2025-07-17T10:00:00Z,66476.7
2025-07-17T11:00:00Z,66941.5
2025-07-17T12:00:00Z,68397.7
2025-07-17T13:00:00Z,66628.1
2025-07-17T14:00:00Z,66293.5
2025-07-17T15:00:00Z,64452.5
2025-07-17T16:00:00Z,62501.4
2025-07-17T17:00:00Z,61001.3
2025-07-17T18:00:00Z,57338.1
2025-07-17T19:00:00Z,55029.4
2025-07-17T20:00:00Z,52154.6
2025-07-17T21:00:00Z,49928.8
2025-07-17T22:00:00Z,49326.5
2025-07-17T23:00:00Z,46711.7
2025-07-18T00:00:00Z,46902.0
2025-07-18T01:00:00Z,48009.0
2025-07-18T02:00:00Z,48787.5
2025-07-18T03:00:00Z,50063.3
2025-07-18T04:00:00Z,51961.9
2025-07-18T05:00:00Z,53525.3
2025-07-18T06:00:00Z,57479.5
2025-07-18T07:00:00Z,59540.6
2025-07-18T08:00:00Z,63392.3
2025-07-18T09:00:00Z,64998.3
2025-07-18T10:00:00Z,64351.2
2025-07-18T11:00:00Z,67536.6
2025-07-18T12:00:00Z,68295.7
2025-07-18T13:00:00Z,67207.1
2025-07-18T14:00:00Z,66495.4
2025-07-18T15:00:00Z,64927.6
2025-07-18T16:00:00Z,62907.4
2025-07-18T17:00:00Z,59141.1
2025-07-18T18:00:00Z,57517.1
2025-07-18T19:00:00Z,55753.3
2025-07-18T20:00:00Z,51006.3
2025-07-18T21:00:00Z,50423.3
2025-07-18T22:00:00Z,46423.2
2025-07-18T23:00:00Z,47684.8
2025-07-19T00:00:00Z,45363.9
2025-07-19T01:00:00Z,45447.3
2025-07-19T02:00:00Z,44534.9
2025-07-19T03:00:00Z,49077.1
2025-07-19T04:00:00Z,49745.2
2025-07-19T05:00:00Z,52967.6
2025-07-19T06:00:00Z,53872.5
2025-07-19T07:00:00Z,56635.5
2025-07-19T08:00:00Z,59355.7
2025-07-19T09:00:00Z,62112.3
2025-07-19T10:00:00Z,64072.6
2025-07-19T11:00:00Z,63539.6
2025-07-19T12:00:00Z,65242.4
2025-07-19T13:00:00Z,65373.1
2025-07-19T14:00:00Z,64527.0
2025-07-19T15:00:00Z,61648.3
2025-07-19T16:00:00Z,59389.8
2025-07-19T17:00:00Z,58562.6
2025-07-19T18:00:00Z,54925.5
2025-07-19T19:00:00Z,51568.0
2025-07-19T20:00:00Z,49479.9
2025-07-19T21:00:00Z,46977.4
2025-07-19T22:00:00Z,45760.2
2025-07-19T23:00:00Z,44304.0
2025-07-20T00:00:00Z,44714.3
2025-07-20T01:00:00Z,44754.1
2025-07-20T02:00:00Z,45424.5
2025-07-20T03:00:00Z,46865.0
2025-07-20T04:00:00Z,49553.9
2025-07-20T05:00:00Z,52587.2
2025-07-20T06:00:00Z,55226.7
2025-07-20T07:00:00Z,57159.9
2025-07-20T08:00:00Z,60243.0
2025-07-20T09:00:00Z,63873.7
2025-07-20T10:00:00Z,62682.2
2025-07-20T11:00:00Z,65064.1
2025-07-20T12:00:00Z,64199.4
2025-07-20T13:00:00Z,65411.8
2025-07-20T14:00:00Z,64192.7
2025-07-20T15:00:00Z,62583.2
2025-07-20T16:00:00Z,59758.9
2025-07-20T17:00:00Z,57111.0
2025-07-20T18:00:00Z,53380.7
2025-07-20T19:00:00Z,51819.7
2025-07-20T20:00:00Z,49275.1
2025-07-20T21:00:00Z,46631.1
2025-07-20T22:00:00Z,45283.3
2025-07-20T23:00:00Z,46123.0
2025-07-21T00:00:00Z,47333.3
2025-07-21T01:00:00Z,47332.3
2025-07-21T02:00:00Z,47307.1
2025-07-21T03:00:00Z,50567.1
2025-07-21T04:00:00Z,51791.5
2025-07-21T05:00:00Z,56231.7
2025-07-21T06:00:00Z,57120.7
2025-07-21T07:00:00Z,59882.0
2025-07-21T08:00:00Z,62880.2
2025-07-21T09:00:00Z,64376.4
2025-07-21T10:00:00Z,66910.2
2025-07-21T11:00:00Z,68642.8
2025-07-21T12:00:00Z,69128.5
2025-07-21T13:00:00Z,68306.6
2025-07-21T14:00:00Z,66487.9
2025-07-21T15:00:00Z,66697.5
2025-07-21T16:00:00Z,65158.1
2025-07-21T17:00:00Z,61322.3
2025-07-21T18:00:00Z,56567.8
2025-07-21T19:00:00Z,55590.2
2025-07-21T20:00:00Z,52645.6
2025-07-21T21:00:00Z,50836.4
2025-07-21T22:00:00Z,49580.9
2025-07-21T23:00:00Z,48840.9
2025-07-22T00:00:00Z,47077.5
2025-07-22T01:00:00Z,48444.4
2025-07-22T02:00:00Z,48382.0
2025-07-22T03:00:00Z,50995.5
2025-07-22T04:00:00Z,54471.1
2025-07-22T05:00:00Z,55548.4
2025-07-22T06:00:00Z,57980.7
2025-07-22T07:00:00Z,62010.8
2025-07-22T08:00:00Z,63162.8
2025-07-22T09:00:00Z,64734.8
2025-07-22T10:00:00Z,67445.0
2025-07-22T11:00:00Z,67333.4
2025-07-22T12:00:00Z,68427.2
2025-07-22T13:00:00Z,67812.6
2025-07-22T14:00:00Z,66114.5
2025-07-22T15:00:00Z,67160.1
2025-07-22T16:00:00Z,62846.5
2025-07-22T17:00:00Z,61898.1
2025-07-22T18:00:00Z,57872.1
2025-07-22T19:00:00Z,56067.7
2025-07-22T20:00:00Z,53669.3
2025-07-22T21:00:00Z,52530.9
2025-07-22T22:00:00Z,48982.4
2025-07-22T23:00:00Z,47729.4
2025-07-23T00:00:00Z,48326.1
2025-07-23T01:00:00Z,48218.8
2025-07-23T02:00:00Z,48197.7
2025-07-23T03:00:00Z,51756.0
2025-07-23T04:00:00Z,52973.9
2025-07-23T05:00:00Z,55274.3
2025-07-23T06:00:00Z,57859.8
2025-07-23T07:00:00Z,61622.9
2025-07-23T08:00:00Z,62028.2
2025-07-23T09:00:00Z,65886.3
2025-07-23T10:00:00Z,66642.1
2025-07-23T11:00:00Z,68765.2
2025-07-23T12:00:00Z,67720.5
2025-07-23T13:00:00Z,70290.9
2025-07-23T14:00:00Z,66756.2
2025-07-23T15:00:00Z,65278.1
2025-07-23T16:00:00Z,62557.3
2025-07-23T17:00:00Z,61760.1
2025-07-23T18:00:00Z,58264.2
2025-07-23T19:00:00Z,54296.4
2025-07-23T20:00:00Z,53218.6
2025-07-23T21:00:00Z,50967.0
2025-07-23T22:00:00Z,48300.2
2025-07-23T23:00:00Z,48673.0
2025-07-24T00:00:00Z,47813.7
2025-07-24T01:00:00Z,48513.2
2025-07-24T02:00:00Z,50006.1
2025-07-24T03:00:00Z,50504.8
2025-07-24T04:00:00Z,53926.7
2025-07-24T05:00:00Z,54990.5
2025-07-24T06:00:00Z,56973.7
2025-07-24T07:00:00Z,60578.7
2025-07-24T08:00:00Z,64135.2
2025-07-24T09:00:00Z,65807.7
2025-07-24T10:00:00Z,66447.7
2025-07-24T11:00:00Z,69560.0
2025-07-24T12:00:00Z,70293.7
2025-07-24T13:00:00Z,67875.3
2025-07-24T14:00:00Z,68776.7
2025-07-24T15:00:00Z,65884.8
2025-07-24T16:00:00Z,64082.1
2025-07-24T17:00:00Z,62748.8
2025-07-24T18:00:00Z,59297.5
2025-07-24T19:00:00Z,53856.1
2025-07-24T20:00:00Z,53545.5
2025-07-24T21:00:00Z,49900.8
2025-07-24T22:00:00Z,49467.1
2025-07-24T23:00:00Z,48276.6
2025-07-25T00:00:00Z,48317.0
2025-07-25T01:00:00Z,49598.7
2025-07-25T02:00:00Z,49803.0
2025-07-25T03:00:00Z,51310.2
2025-07-25T04:00:00Z,53450.8
2025-07-25T05:00:00Z,56591.8
2025-07-25T06:00:00Z,59776.5
2025-07-25T07:00:00Z,63975.8
2025-07-25T08:00:00Z,63745.4
2025-07-25T09:00:00Z,66105.9
2025-07-25T10:00:00Z,67571.9
2025-07-25T11:00:00Z,68288.6
2025-07-25T12:00:00Z,69679.9
2025-07-25T13:00:00Z,68400.3
2025-07-25T14:00:00Z,66805.0
2025-07-25T15:00:00Z,66815.7
2025-07-25T16:00:00Z,65343.4
2025-07-25T17:00:00Z,61641.7
2025-07-25T18:00:00Z,59565.4
2025-07-25T19:00:00Z,56381.9
2025-07-25T20:00:00Z,52997.8
2025-07-25T21:00:00Z,51921.9
2025-07-25T22:00:00Z,49988.2
2025-07-25T23:00:00Z,48252.5
2025-07-26T00:00:00Z,46836.1
2025-07-26T01:00:00Z,46360.2
2025-07-26T02:00:00Z,48131.1
2025-07-26T03:00:00Z,49324.4
2025-07-26T04:00:00Z,50588.9
2025-07-26T05:00:00Z,53147.9
2025-07-26T06:00:00Z,56488.5
2025-07-26T07:00:00Z,58981.5
2025-07-26T08:00:00Z,60881.7
2025-07-26T09:00:00Z,63905.5
2025-07-26T10:00:00Z,64454.8
2025-07-26T11:00:00Z,66517.1
2025-07-26T12:00:00Z,67013.0
2025-07-26T13:00:00Z,64085.2
2025-07-26T14:00:00Z,63928.5
2025-07-26T15:00:00Z,63612.5
2025-07-26T16:00:00Z,61533.4
2025-07-26T17:00:00Z,59766.5
2025-07-26T18:00:00Z,56320.4
2025-07-26T19:00:00Z,53114.4
2025-07-26T20:00:00Z,51159.2
2025-07-26T21:00:00Z,47995.3
2025-07-26T22:00:00Z,47916.3
2025-07-26T23:00:00Z,47488.5
2025-07-27T00:00:00Z,46726.3
2025-07-27T01:00:00Z,45828.6
2025-07-27T02:00:00Z,49514.7
2025-07-27T03:00:00Z,48301.8
2025-07-27T04:00:00Z,50506.4
2025-07-27T05:00:00Z,54526.8
2025-07-27T06:00:00Z,56977.7
2025-07-27T07:00:00Z,58709.7
2025-07-27T08:00:00Z,60956.2
2025-07-27T09:00:00Z,64008.7
2025-07-27T10:00:00Z,65335.7
2025-07-27T11:00:00Z,66503.2
2025-07-27T12:00:00Z,66011.3
2025-07-27T13:00:00Z,65317.0
2025-07-27T14:00:00Z,66422.1
2025-07-27T15:00:00Z,64400.9
2025-07-27T16:00:00Z,61066.9
2025-07-27T17:00:00Z,60184.1
2025-07-27T18:00:00Z,55662.8
2025-07-27T19:00:00Z,52341.0
2025-07-27T20:00:00Z,52952.6
2025-07-27T21:00:00Z,49842.6
2025-07-27T22:00:00Z,46888.1
2025-07-27T23:00:00Z,45956.2
2025-07-28T00:00:00Z,48391.1
2025-07-28T01:00:00Z,48682.5
2025-07-28T02:00:00Z,49077.4
2025-07-28T03:00:00Z,51773.0
2025-07-28T04:00:00Z,55341.0
2025-07-28T05:00:00Z,57570.4
2025-07-28T06:00:00Z,59576.0
2025-07-28T07:00:00Z,61362.7
2025-07-28T08:00:00Z,64784.6
2025-07-28T09:00:00Z,66692.4
2025-07-28T10:00:00Z,69429.2
2025-07-28T11:00:00Z,71137.9
2025-07-28T12:00:00Z,69885.2
2025-07-28T13:00:00Z,68802.2
2025-07-28T14:00:00Z,69790.1
2025-07-28T15:00:00Z,65599.7
2025-07-28T16:00:00Z,63031.4
2025-07-28T17:00:00Z,62738.2
2025-07-28T18:00:00Z,58743.0
2025-07-28T19:00:00Z,57171.6
2025-07-28T20:00:00Z,52620.8
2025-07-28T21:00:00Z,51834.3
2025-07-28T22:00:00Z,49214.9
2025-07-28T23:00:00Z,48918.6
2025-07-29T00:00:00Z,50297.9
2025-07-29T01:00:00Z,50085.4
2025-07-29T02:00:00Z,51438.7
2025-07-29T03:00:00Z,53293.0
2025-07-29T04:00:00Z,54641.2
2025-07-29T05:00:00Z,56160.5
2025-07-29T06:00:00Z,58705.1
2025-07-29T07:00:00Z,62889.8
2025-07-29T08:00:00Z,63370.6
2025-07-29T09:00:00Z,68102.3
2025-07-29T10:00:00Z,69876.8
2025-07-29T11:00:00Z,70760.9
2025-07-29T12:00:00Z,70706.0
2025-07-29T13:00:00Z,71820.8
2025-07-29T14:00:00Z,68202.8
2025-07-29T15:00:00Z,67630.6
2025-07-29T16:00:00Z,65260.9
2025-07-29T17:00:00Z,61586.0
2025-07-29T18:00:00Z,58853.0
2025-07-29T19:00:00Z,56464.1
2025-07-29T20:00:00Z,53431.8
2025-07-29T21:00:00Z,51357.7
2025-07-29T22:00:00Z,48845.7
2025-07-29T23:00:00Z,49949.2
2025-07-30T00:00:00Z,50287.8
2025-07-30T01:00:00Z,50068.8
2025-07-30T02:00:00Z,51013.9
2025-07-30T03:00:00Z,53493.0
2025-07-30T04:00:00Z,54437.3
2025-07-30T05:00:00Z,58286.1
2025-07-30T06:00:00Z,59424.1
2025-07-30T07:00:00Z,61726.0
2025-07-30T08:00:00Z,64875.8
2025-07-30T09:00:00Z,65042.7
2025-07-30T10:00:00Z,68416.6
2025-07-30T11:00:00Z,70451.0
2025-07-30T12:00:00Z,71333.0
2025-07-30T13:00:00Z,69292.2
2025-07-30T14:00:00Z,67994.5
2025-07-30T15:00:00Z,68463.7
2025-07-30T16:00:00Z,65742.7
2025-07-30T17:00:00Z,64220.5
2025-07-30T18:00:00Z,60902.7
2025-07-30T19:00:00Z,57971.0
2025-07-30T20:00:00Z,55014.5
2025-07-30T21:00:00Z,51760.3
2025-07-30T22:00:00Z,50007.3
2025-07-30T23:00:00Z,49521.1
2025-07-31T00:00:00Z,49805.8
2025-07-31T01:00:00Z,49516.9
2025-07-31T02:00:00Z,49709.8
2025-07-31T03:00:00Z,54364.3
2025-07-31T04:00:00Z,53469.3
2025-07-31T05:00:00Z,57400.2
2025-07-31T06:00:00Z,59034.4
2025-07-31T07:00:00Z,62543.5
2025-07-31T08:00:00Z,67237.7
2025-07-31T09:00:00Z,68172.5
2025-07-31T10:00:00Z,68640.5
2025-07-31T11:00:00Z,71416.2
2025-07-31T12:00:00Z,69940.8
2025-07-31T13:00:00Z,71547.9
2025-07-31T14:00:00Z,69279.4
2025-07-31T15:00:00Z,67115.6
2025-07-31T16:00:00Z,65402.7
2025-07-31T17:00:00Z,62003.1
2025-07-31T18:00:00Z,59016.5
2025-07-31T19:00:00Z,57149.4
2025-07-31T20:00:00Z,54620.2
2025-07-31T21:00:00Z,52685.5
2025-07-31T22:00:00Z,51531.5
2025-07-31T23:00:00Z,50453.0
2025-08-01T00:00:00Z,50279.5
2025-08-01T01:00:00Z,50126.5
2025-08-01T02:00:00Z,50743.7
2025-08-01T03:00:00Z,53526.1
2025-08-01T04:00:00Z,54607.9
2025-08-01T05:00:00Z,57784.5
2025-08-01T06:00:00Z,59630.3
2025-08-01T07:00:00Z,62916.5
2025-08-01T08:00:00Z,64979.6
2025-08-01T09:00:00Z,67683.4
2025-08-01T10:00:00Z,70417.0
2025-08-01T11:00:00Z,70061.9
2025-08-01T12:00:00Z,70397.4
2025-08-01T13:00:00Z,69632.0
2025-08-01T14:00:00Z,68943.4
2025-08-01T15:00:00Z,67604.4
2025-08-01T16:00:00Z,64594.1
2025-08-01T17:00:00Z,63151.2
2025-08-01T18:00:00Z,59787.7
2025-08-01T19:00:00Z,57303.3
2025-08-01T20:00:00Z,55995.7
2025-08-01T21:00:00Z,52502.2
2025-08-01T22:00:00Z,51214.8
2025-08-01T23:00:00Z,50401.6
2025-08-02T00:00:00Z,47974.9
2025-08-02T01:00:00Z,46644.4
2025-08-02T02:00:00Z,47523.1
2025-08-02T03:00:00Z,51031.3
2025-08-02T04:00:00Z,53322.8
2025-08-02T05:00:00Z,56044.3
2025-08-02T06:00:00Z,58704.9
2025-08-02T07:00:00Z,60024.3
2025-08-02T08:00:00Z,63164.4
2025-08-02T09:00:00Z,66072.1
2025-08-02T10:00:00Z,67633.4
2025-08-02T11:00:00Z,65562.8
2025-08-02T12:00:00Z,68482.2
2025-08-02T13:00:00Z,68128.2
2025-08-02T14:00:00Z,67474.0
2025-08-02T15:00:00Z,66014.9
2025-08-02T16:00:00Z,63702.2
2025-08-02T17:00:00Z,60505.3
2025-08-02T18:00:00Z,56391.2
2025-08-02T19:00:00Z,55311.9
2025-08-02T20:00:00Z,52109.3
2025-08-02T21:00:00Z,51021.5
2025-08-02T22:00:00Z,48261.0
2025-08-02T23:00:00Z,47499.3
2025-08-03T00:00:00Z,47234.3
2025-08-03T01:00:00Z,48421.0
2025-08-03T02:00:00Z,50146.9
2025-08-03T03:00:00Z,50725.9
2025-08-03T04:00:00Z,54203.4
2025-08-03T05:00:00Z,56188.6
2025-08-03T06:00:00Z,56503.2
2025-08-03T07:00:00Z,59323.7
2025-08-03T08:00:00Z,62809.3
2025-08-03T09:00:00Z,65385.8
2025-08-03T10:00:00Z,65523.8
2025-08-03T11:00:00Z,68635.4
2025-08-03T12:00:00Z,67174.8
2025-08-03T13:00:00Z,68885.0
2025-08-03T14:00:00Z,66821.5
2025-08-03T15:00:00Z,65439.7
2025-08-03T16:00:00Z,61804.9
2025-08-03T17:00:00Z,61000.4
2025-08-03T18:00:00Z,56682.6
2025-08-03T19:00:00Z,54953.1
2025-08-03T20:00:00Z,52765.4
2025-08-03T21:00:00Z,51419.7
2025-08-03T22:00:00Z,48814.3
2025-08-03T23:00:00Z,47211.4
2025-08-04T00:00:00Z,51495.9
2025-08-04T01:00:00Z,51472.7
2025-08-04T02:00:00Z,52274.2
2025-08-04T03:00:00Z,54633.7
2025-08-04T04:00:00Z,56147.5
2025-08-04T05:00:00Z,59310.7
2025-08-04T06:00:00Z,60048.0
2025-08-04T07:00:00Z,64034.6
2025-08-04T08:00:00Z,67603.1
2025-08-04T09:00:00Z,67365.9
2025-08-04T10:00:00Z,69553.2
2025-08-04T11:00:00Z,70838.7
2025-08-04T12:00:00Z,71802.6
2025-08-04T13:00:00Z,71684.9
2025-08-04T14:00:00Z,68787.4
2025-08-04T15:00:00Z,68910.6
2025-08-04T16:00:00Z,66007.2
2025-08-04T17:00:00Z,63474.6
2025-08-04T18:00:00Z,60793.8
2025-08-04T19:00:00Z,57672.1
2025-08-04T20:00:00Z,56091.6
2025-08-04T21:00:00Z,54357.7
2025-08-04T22:00:00Z,52357.4
2025-08-04T23:00:00Z,50508.2
2025-08-05T00:00:00Z,49834.2
2025-08-05T01:00:00Z,51372.4
2025-08-05T02:00:00Z,52202.1
2025-08-05T03:00:00Z,53654.3
2025-08-05T04:00:00Z,55339.0
2025-08-05T05:00:00Z,58562.6
2025-08-05T06:00:00Z,60716.0
2025-08-05T07:00:00Z,64274.6
2025-08-05T08:00:00Z,67820.9
2025-08-05T09:00:00Z,67384.5
2025-08-05T10:00:00Z,70834.8
2025-08-05T11:00:00Z,70798.3
2025-08-05T12:00:00Z,72339.0
2025-08-05T13:00:00Z,72976.2
2025-08-05T14:00:00Z,68648.5
2025-08-05T15:00:00Z,66941.4
2025-08-05T16:00:00Z,64378.3
2025-08-05T17:00:00Z,64800.9
2025-08-05T18:00:00Z,61993.1
2025-08-05T19:00:00Z,57984.0
2025-08-05T20:00:00Z,55481.7
2025-08-05T21:00:00Z,53303.5
2025-08-05T22:00:00Z,51735.4
2025-08-05T23:00:00Z,48752.5
2025-08-06T00:00:00Z,50487.1
2025-08-06T01:00:00Z,50255.3
2025-08-06T02:00:00Z,53079.5
2025-08-06T03:00:00Z,53612.6
2025-08-06T04:00:00Z,55272.6
2025-08-06T05:00:00Z,59540.7
2025-08-06T06:00:00Z,60575.6
2025-08-06T07:00:00Z,63593.3
2025-08-06T08:00:00Z,67012.3
2025-08-06T09:00:00Z,68253.3
2025-08-06T10:00:00Z,69466.6
2025-08-06T11:00:00Z,71558.5
2025-08-06T12:00:00Z,70404.3
2025-08-06T13:00:00Z,70137.2
2025-08-06T14:00:00Z,71004.6
2025-08-06T15:00:00Z,67152.4
2025-08-06T16:00:00Z,68205.3
2025-08-06T17:00:00Z,64889.1
2025-08-06T18:00:00Z,61811.9
2025-08-06T19:00:00Z,58372.7
2025-08-06T20:00:00Z,56434.8
2025-08-06T21:00:00Z,54694.1
2025-08-06T22:00:00Z,52321.4
2025-08-06T23:00:00Z,51831.3
2025-08-07T00:00:00Z,51252.2
2025-08-07T01:00:00Z,50226.0
2025-08-07T02:00:00Z,52056.5
2025-08-07T03:00:00Z,54368.7
2025-08-07T04:00:00Z,55562.3
2025-08-07T05:00:00Z,57353.1
2025-08-07T06:00:00Z,60911.9
2025-08-07T07:00:00Z,63320.6
2025-08-07T08:00:00Z,66927.7
2025-08-07T09:00:00Z,66639.6
2025-08-07T10:00:00Z,71715.3
2025-08-07T11:00:00Z,72521.6
2025-08-07T12:00:00Z,72733.2
2025-08-07T13:00:00Z,72152.3
2025-08-07T14:00:00Z,69709.4
2025-08-07T15:00:00Z,68933.1
2025-08-07T16:00:00Z,67980.3
2025-08-07T17:00:00Z,63277.9
2025-08-07T18:00:00Z,62278.5
2025-08-07T19:00:00Z,57439.3
2025-08-07T20:00:00Z,54418.6
2025-08-07T21:00:00Z,54415.8
2025-08-07T22:00:00Z,50716.7
2025-08-07T23:00:00Z,50027.3
2025-08-08T00:00:00Z,51703.5
2025-08-08T01:00:00Z,52390.0
2025-08-08T02:00:00Z,53534.4
2025-08-08T03:00:00Z,52961.1
2025-08-08T04:00:00Z,56251.8
2025-08-08T05:00:00Z,58242.2
2025-08-08T06:00:00Z,63843.8
2025-08-08T07:00:00Z,65506.4
2025-08-08T08:00:00Z,67245.5
2025-08-08T09:00:00Z,68686.8
2025-08-08T10:00:00Z,69566.5
2025-08-08T11:00:00Z,72643.8
2025-08-08T12:00:00Z,72213.0
2025-08-08T13:00:00Z,71768.8
2025-08-08T14:00:00Z,70523.1
2025-08-08T15:00:00Z,67385.9
2025-08-08T16:00:00Z,66302.9
2025-08-08T17:00:00Z,64603.8
2025-08-08T18:00:00Z,62594.7
2025-08-08T19:00:00Z,60494.2
2025-08-08T20:00:00Z,56794.5
2025-08-08T21:00:00Z,53799.2
2025-08-08T22:00:00Z,51463.1
2025-08-08T23:00:00Z,50665.0
2025-08-09T00:00:00Z,49927.6
2025-08-09T01:00:00Z,49968.8
2025-08-09T02:00:00Z,50246.0
2025-08-09T03:00:00Z,51848.3
2025-08-09T04:00:00Z,55120.4
2025-08-09T05:00:00Z,56589.8
2025-08-09T06:00:00Z,60108.7
2025-08-09T07:00:00Z,60820.2
2025-08-09T08:00:00Z,63437.7
2025-08-09T09:00:00Z,66081.5
2025-08-09T10:00:00Z,67891.7
2025-08-09T11:00:00Z,69417.8
2025-08-09T12:00:00Z,69483.5
2025-08-09T13:00:00Z,70556.8
2025-08-09T14:00:00Z,66228.2
2025-08-09T15:00:00Z,66748.0
2025-08-09T16:00:00Z,64230.5
2025-08-09T17:00:00Z,61817.7
2025-08-09T18:00:00Z,58846.1
2025-08-09T19:00:00Z,56281.7
2025-08-09T20:00:00Z,52927.7
2025-08-09T21:00:00Z,51300.3
2025-08-09T22:00:00Z,51811.1
2025-08-09T23:00:00Z,50348.7
2025-08-10T00:00:00Z,49914.3
2025-08-10T01:00:00Z,49564.1
2025-08-10T02:00:00Z,49733.7
2025-08-10T03:00:00Z,53664.7
2025-08-10T04:00:00Z,53440.2
2025-08-10T05:00:00Z,56586.9
2025-08-10T06:00:00Z,58962.1
2025-08-10T07:00:00Z,60943.2
2025-08-10T08:00:00Z,63046.9
2025-08-10T09:00:00Z,66469.3
2025-08-10T10:00:00Z,67010.3
2025-08-10T11:00:00Z,69416.4
2025-08-10T12:00:00Z,71243.0
2025-08-10T13:00:00Z,68632.0
2025-08-10T14:00:00Z,67954.3
2025-08-10T15:00:00Z,67081.9
2025-08-10T16:00:00Z,65163.3
2025-08-10T17:00:00Z,63242.6
2025-08-10T18:00:00Z,59988.8
2025-08-10T19:00:00Z,56852.4
2025-08-10T20:00:00Z,53028.6
2025-08-10T21:00:00Z,52446.6
2025-08-10T22:00:00Z,50095.1
2025-08-10T23:00:00Z,49001.0
2025-08-11T00:00:00Z,50132.3
2025-08-11T01:00:00Z,52349.5
2025-08-11T02:00:00Z,54329.0
2025-08-11T03:00:00Z,55109.2
2025-08-11T04:00:00Z,57712.5
2025-08-11T05:00:00Z,59464.7
2025-08-11T06:00:00Z,60843.8
2025-08-11T07:00:00Z,66174.7
2025-08-11T08:00:00Z,66760.2
2025-08-11T09:00:00Z,70926.6
2025-08-11T10:00:00Z,69807.6
2025-08-11T11:00:00Z,71697.7
2025-08-11T12:00:00Z,73540.6
2025-08-11T13:00:00Z,71542.0
2025-08-11T14:00:00Z,70770.2
2025-08-11T15:00:00Z,70427.1
2025-08-11T16:00:00Z,68243.2
2025-08-11T17:00:00Z,66981.9
2025-08-11T18:00:00Z,63114.0
2025-08-11T19:00:00Z,59789.9
2025-08-11T20:00:00Z,58473.6
2025-08-11T21:00:00Z,54030.0
2025-08-11T22:00:00Z,54130.7
2025-08-11T23:00:00Z,51695.6
2025-08-12T00:00:00Z,52970.9
2025-08-12T01:00:00Z,52677.2
2025-08-12T02:00:00Z,52468.5
2025-08-12T03:00:00Z,56910.1
2025-08-12T04:00:00Z,58256.9
2025-08-12T05:00:00Z,59704.0
2025-08-12T06:00:00Z,61830.3
2025-08-12T07:00:00Z,64912.2
2025-08-12T08:00:00Z,67327.8
2025-08-12T09:00:00Z,70106.0
2025-08-12T10:00:00Z,71361.8
2025-08-12T11:00:00Z,72805.9
2025-08-12T12:00:00Z,72389.2
2025-08-12T13:00:00Z,74289.5
2025-08-12T14:00:00Z,72952.7
2025-08-12T15:00:00Z,71478.2
2025-08-12T16:00:00Z,67453.1
2025-08-12T17:00:00Z,65423.7
2025-08-12T18:00:00Z,62857.7
2025-08-12T19:00:00Z,59283.5
2025-08-12T20:00:00Z,56876.8
2025-08-12T21:00:00Z,54486.2
2025-08-12T22:00:00Z,53338.0
2025-08-12T23:00:00Z,52150.4
2025-08-13T00:00:00Z,51144.9
2025-08-13T01:00:00Z,53585.0
2025-08-13T02:00:00Z,53813.2
2025-08-13T03:00:00Z,56309.3
2025-08-13T04:00:00Z,58136.6
2025-08-13T05:00:00Z,61674.9
2025-08-13T06:00:00Z,63809.4
2025-08-13T07:00:00Z,64930.5
2025-08-13T08:00:00Z,68393.4
2025-08-13T09:00:00Z,70419.7
2025-08-13T10:00:00Z,71784.9
2025-08-13T11:00:00Z,72113.4
2025-08-13T12:00:00Z,73142.8
2025-08-13T13:00:00Z,72607.3
2025-08-13T14:00:00Z,71883.7
2025-08-13T15:00:00Z,70652.4
2025-08-13T16:00:00Z,65672.4
2025-08-13T17:00:00Z,64707.6
2025-08-13T18:00:00Z,61935.8
2025-08-13T19:00:00Z,60840.8
2025-08-13T20:00:00Z,58328.4
2025-08-13T21:00:00Z,55674.4
2025-08-13T22:00:00Z,54729.6
2025-08-13T23:00:00Z,53080.3
2025-08-14T00:00:00Z,53533.9
2025-08-14T01:00:00Z,52471.2
2025-08-14T02:00:00Z,53405.8
2025-08-14T03:00:00Z,57387.1
2025-08-14T04:00:00Z,58182.0
2025-08-14T05:00:00Z,60527.5
2025-08-14T06:00:00Z,63541.5
2025-08-14T07:00:00Z,66347.9
2025-08-14T08:00:00Z,67741.9
2025-08-14T09:00:00Z,70127.3
2025-08-14T10:00:00Z,73376.1
2025-08-14T11:00:00Z,73361.2
2025-08-14T12:00:00Z,73507.2
2025-08-14T13:00:00Z,71198.7
2025-08-14T14:00:00Z,71031.1
2025-08-14T15:00:00Z,71050.5
2025-08-14T16:00:00Z,68664.9
2025-08-14T17:00:00Z,65313.9
2025-08-14T18:00:00Z,63882.2
2025-08-14T19:00:00Z,60916.8
2025-08-14T20:00:00Z,56428.5
2025-08-14T21:00:00Z,56421.2
2025-08-14T22:00:00Z,53868.7
2025-08-14T23:00:00Z,52402.9
2025-08-15T00:00:00Z,53505.8
2025-08-15T01:00:00Z,54480.8
2025-08-15T02:00:00Z,54414.4
2025-08-15T03:00:00Z,56022.1
2025-08-15T04:00:00Z,58355.3
2025-08-15T05:00:00Z,60286.7
2025-08-15T06:00:00Z,62817.7
2025-08-15T07:00:00Z,65202.0
2025-08-15T08:00:00Z,67161.6
2025-08-15T09:00:00Z,71158.6
2025-08-15T10:00:00Z,72558.6
2025-08-15T11:00:00Z,73440.3
2025-08-15T12:00:00Z,73512.6
2025-08-15T13:00:00Z,73926.6
2025-08-15T14:00:00Z,72927.0
2025-08-15T15:00:00Z,69138.8
2025-08-15T16:00:00Z,69579.8
2025-08-15T17:00:00Z,65614.0
2025-08-15T18:00:00Z,62594.5
2025-08-15T19:00:00Z,60991.0
2025-08-15T20:00:00Z,58210.9
2025-08-15T21:00:00Z,55113.1
2025-08-15T22:00:00Z,55096.4
2025-08-15T23:00:00Z,53032.7
2025-08-16T00:00:00Z,48835.8
2025-08-16T01:00:00Z,50410.0
2025-08-16T02:00:00Z,51113.3
2025-08-16T03:00:00Z,53075.5
2025-08-16T04:00:00Z,55019.8
2025-08-16T05:00:00Z,58457.4
2025-08-16T06:00:00Z,61122.1
2025-08-16T07:00:00Z,62398.3
2025-08-16T08:00:00Z,67018.3
2025-08-16T09:00:00Z,67952.7
2025-08-16T10:00:00Z,68840.8
2025-08-16T11:00:00Z,70979.8
2025-08-16T12:00:00Z,69887.4
2025-08-16T13:00:00Z,69953.8
2025-08-16T14:00:00Z,68843.9
2025-08-16T15:00:00Z,68377.0
2025-08-16T16:00:00Z,67056.6
2025-08-16T17:00:00Z,62709.4
2025-08-16T18:00:00Z,59762.2
2025-08-16T19:00:00Z,57649.7
2025-08-16T20:00:00Z,56174.5
2025-08-16T21:00:00Z,53042.6
2025-08-16T22:00:00Z,51620.3
2025-08-16T23:00:00Z,49915.2
2025-08-17T00:00:00Z,51956.5
2025-08-17T01:00:00Z,49023.3
2025-08-17T02:00:00Z,51478.5
2025-08-17T03:00:00Z,52598.3
2025-08-17T04:00:00Z,55491.4
2025-08-17T05:00:00Z,59066.9
2025-08-17T06:00:00Z,62171.0
2025-08-17T07:00:00Z,62245.1
2025-08-17T08:00:00Z,65285.1
2025-08-17T09:00:00Z,67394.5
2025-08-17T10:00:00Z,68811.0
2025-08-17T11:00:00Z,70258.9
2025-08-17T12:00:00Z,70358.3
2025-08-17T13:00:00Z,69921.9
2025-08-17T14:00:00Z,70867.0
2025-08-17T15:00:00Z,68272.0
2025-08-17T16:00:00Z,66643.4
2025-08-17T17:00:00Z,63626.9
2025-08-17T18:00:00Z,60440.7
2025-08-17T19:00:00Z,57378.9
2025-08-17T20:00:00Z,56167.9
2025-08-17T21:00:00Z,53488.4
2025-08-17T22:00:00Z,51159.7
2025-08-17T23:00:00Z,50640.9
2025-08-18T00:00:00Z,54805.7
2025-08-18T01:00:00Z,52411.6
2025-08-18T02:00:00Z,55376.4
2025-08-18T03:00:00Z,56796.1
2025-08-18T04:00:00Z,58735.7
2025-08-18T05:00:00Z,60087.1
2025-08-18T06:00:00Z,63882.0
2025-08-18T07:00:00Z,66650.6
2025-08-18T08:00:00Z,69500.0
2025-08-18T09:00:00Z,70127.2
2025-08-18T10:00:00Z,73057.8
2025-08-18T11:00:00Z,75875.5
2025-08-18T12:00:00Z,74173.1
2025-08-18T13:00:00Z,74163.1
2025-08-18T14:00:00Z,73765.3
2025-08-18T15:00:00Z,69655.2
2025-08-18T16:00:00Z,69959.9
2025-08-18T17:00:00Z,66082.1
2025-08-18T18:00:00Z,61994.6
2025-08-18T19:00:00Z,60852.5
2025-08-18T20:00:00Z,58454.8
2025-08-18T21:00:00Z,57273.8
2025-08-18T22:00:00Z,54258.5
2025-08-18T23:00:00Z,52747.2
2025-08-19T00:00:00Z,54120.5
2025-08-19T01:00:00Z,53762.9
2025-08-19T02:00:00Z,55097.0
2025-08-19T03:00:00Z,57557.1
2025-08-19T04:00:00Z,58078.9
2025-08-19T05:00:00Z,60905.7
2025-08-19T06:00:00Z,63392.8
2025-08-19T07:00:00Z,65947.4
2025-08-19T08:00:00Z,69065.7
2025-08-19T09:00:00Z,70510.1
2025-08-19T10:00:00Z,72224.1
2025-08-19T11:00:00Z,75621.8
2025-08-19T12:00:00Z,74671.8
2025-08-19T13:00:00Z,74963.9
2025-08-19T14:00:00Z,72777.8
2025-08-19T15:00:00Z,71899.8
2025-08-19T16:00:00Z,68018.9
2025-08-19T17:00:00Z,66814.0
2025-08-19T18:00:00Z,63431.2
2025-08-19T19:00:00Z,61215.2
2025-08-19T20:00:00Z,59280.8
2025-08-19T21:00:00Z,57064.5
2025-08-19T22:00:00Z,52876.7
2025-08-19T23:00:00Z,53863.8
2025-08-20T00:00:00Z,54592.9
2025-08-20T01:00:00Z,53853.5
2025-08-20T02:00:00Z,54097.9
2025-08-20T03:00:00Z,56676.2
2025-08-20T04:00:00Z,59790.8
2025-08-20T05:00:00Z,62106.0
2025-08-20T06:00:00Z,64878.6
2025-08-20T07:00:00Z,67040.5
2025-08-20T08:00:00Z,69119.3
2025-08-20T09:00:00Z,69577.0
2025-08-20T10:00:00Z,73031.8
2025-08-20T11:00:00Z,74913.5
2025-08-20T12:00:00Z,75077.7
2025-08-20T13:00:00Z,75762.4
2025-08-20T14:00:00Z,73533.7
2025-08-20T15:00:00Z,70624.0
2025-08-20T16:00:00Z,67766.2
2025-08-20T17:00:00Z,67186.9
2025-08-20T18:00:00Z,64932.5
2025-08-20T19:00:00Z,61118.0
2025-08-20T20:00:00Z,60193.7
2025-08-20T21:00:00Z,57087.1
2025-08-20T22:00:00Z,54522.1
2025-08-20T23:00:00Z,54871.4
2025-08-21T00:00:00Z,55011.1
2025-08-21T01:00:00Z,54060.1
2025-08-21T02:00:00Z,55422.8
2025-08-21T03:00:00Z,54721.2
2025-08-21T04:00:00Z,59133.4
2025-08-21T05:00:00Z,62117.8
2025-08-21T06:00:00Z,64214.3
2025-08-21T07:00:00Z,67205.4
2025-08-21T08:00:00Z,69425.2
2025-08-21T09:00:00Z,70490.7
2025-08-21T10:00:00Z,74125.3
2025-08-21T11:00:00Z,74700.2
2025-08-21T12:00:00Z,75100.4
2025-08-21T13:00:00Z,72933.2
2025-08-21T14:00:00Z,73696.2
2025-08-21T15:00:00Z,72725.3
2025-08-21T16:00:00Z,68921.4
2025-08-21T17:00:00Z,68328.1
2025-08-21T18:00:00Z,63761.7
2025-08-21T19:00:00Z,63311.5
2025-08-21T20:00:00Z,58298.4
2025-08-21T21:00:00Z,56821.4
2025-08-21T22:00:00Z,55639.5
2025-08-21T23:00:00Z,54935.3
2025-08-22T00:00:00Z,51096.7
2025-08-22T01:00:00Z,55581.8
2025-08-22T02:00:00Z,54854.5
2025-08-22T03:00:00Z,57087.9
2025-08-22T04:00:00Z,61479.5
2025-08-22T05:00:00Z,61762.9
2025-08-22T06:00:00Z,63911.2
2025-08-22T07:00:00Z,69092.8
2025-08-22T08:00:00Z,70963.2
2025-08-22T09:00:00Z,72509.0
2025-08-22T10:00:00Z,75338.0
2025-08-22T11:00:00Z,75423.2
2025-08-22T12:00:00Z,76101.0
2025-08-22T13:00:00Z,74785.5
2025-08-22T14:00:00Z,74417.0
2025-08-22T15:00:00Z,72204.5
2025-08-22T16:00:00Z,68394.8
2025-08-22T17:00:00Z,69421.4
2025-08-22T18:00:00Z,64369.0
2025-08-22T19:00:00Z,60877.7
2025-08-22T20:00:00Z,59461.6
2025-08-22T21:00:00Z,57592.5
2025-08-22T22:00:00Z,54642.8
2025-08-22T23:00:00Z,54104.2
2025-08-23T00:00:00Z,51269.1
2025-08-23T01:00:00Z,51766.3
2025-08-23T02:00:00Z,53278.4
2025-08-23T03:00:00Z,55252.9
2025-08-23T04:00:00Z,57143.2
2025-08-23T05:00:00Z,59374.5
2025-08-23T06:00:00Z,62378.2
2025-08-23T07:00:00Z,64418.0
2025-08-23T08:00:00Z,65848.9
2025-08-23T09:00:00Z,68543.2
2025-08-23T10:00:00Z,71768.4
2025-08-23T11:00:00Z,70998.2
2025-08-23T12:00:00Z,71152.9
2025-08-23T13:00:00Z,72903.6
2025-08-23T14:00:00Z,70396.5
2025-08-23T15:00:00Z,69177.2
2025-08-23T16:00:00Z,66403.2
2025-08-23T17:00:00Z,64415.9
2025-08-23T18:00:00Z,61126.9
2025-08-23T19:00:00Z,59312.8
2025-08-23T20:00:00Z,57337.9
2025-08-23T21:00:00Z,53873.2
2025-08-23T22:00:00Z,53351.6
2025-08-23T23:00:00Z,50743.8
2025-08-24T00:00:00Z,52516.1
2025-08-24T01:00:00Z,52681.5
2025-08-24T02:00:00Z,52499.3
2025-08-24T03:00:00Z,54618.1
2025-08-24T04:00:00Z,56718.6
2025-08-24T05:00:00Z,57064.4
2025-08-24T06:00:00Z,61136.0
2025-08-24T07:00:00Z,63997.8
2025-08-24T08:00:00Z,66957.2
2025-08-24T09:00:00Z,68472.1
2025-08-24T10:00:00Z,70568.4
2025-08-24T11:00:00Z,72111.4
2025-08-24T12:00:00Z,72247.6
2025-08-24T13:00:00Z,71437.7
2025-08-24T14:00:00Z,72244.6
2025-08-24T15:00:00Z,69525.1
2025-08-24T16:00:00Z,66401.5
2025-08-24T17:00:00Z,63787.6
2025-08-24T18:00:00Z,62480.9
2025-08-24T19:00:00Z,58186.4
2025-08-24T20:00:00Z,55967.8
2025-08-24T21:00:00Z,55114.6
2025-08-24T22:00:00Z,53096.6
2025-08-24T23:00:00Z,50467.5
2025-08-25T00:00:00Z,56967.5
2025-08-25T01:00:00Z,55110.3
2025-08-25T02:00:00Z,54932.3
2025-08-25T03:00:00Z,57410.1
2025-08-25T04:00:00Z,60084.5
2025-08-25T05:00:00Z,62235.0
2025-08-25T06:00:00Z,64318.5
2025-08-25T07:00:00Z,68598.1
2025-08-25T08:00:00Z,69211.5
2025-08-25T09:00:00Z,71481.3
2025-08-25T10:00:00Z,73040.2
2025-08-25T11:00:00Z,75821.4
2025-08-25T12:00:00Z,76134.3
2025-08-25T13:00:00Z,74484.4
2025-08-25T14:00:00Z,74187.0
2025-08-25T15:00:00Z,72703.0
2025-08-25T16:00:00Z,69578.6
2025-08-25T17:00:00Z,66965.8
2025-08-25T18:00:00Z,66001.7
2025-08-25T19:00:00Z,61371.9
2025-08-25T20:00:00Z,60296.0
2025-08-25T21:00:00Z,57755.8
2025-08-25T22:00:00Z,56845.7
2025-08-25T23:00:00Z,54779.1
2025-08-26T00:00:00Z,54466.4
2025-08-26T01:00:00Z,54098.1
2025-08-26T02:00:00Z,56515.5
2025-08-26T03:00:00Z,58422.8
2025-08-26T04:00:00Z,58904.2
2025-08-26T05:00:00Z,62730.2
2025-08-26T06:00:00Z,65112.6
2025-08-26T07:00:00Z,64913.2
2025-08-26T08:00:00Z,69621.5
2025-08-26T09:00:00Z,72121.2
2025-08-26T10:00:00Z,72859.3
2025-08-26T11:00:00Z,75859.0
2025-08-26T12:00:00Z,75099.4
2025-08-26T13:00:00Z,74856.5
2025-08-26T14:00:00Z,75672.2
2025-08-26T15:00:00Z,72193.8
2025-08-26T16:00:00Z,71870.5
2025-08-26T17:00:00Z,68023.0
2025-08-26T18:00:00Z,65096.0
2025-08-26T19:00:00Z,63620.1
2025-08-26T20:00:00Z,58267.0
2025-08-26T21:00:00Z,57088.3
2025-08-26T22:00:00Z,55185.2
2025-08-26T23:00:00Z,54489.7
2025-08-27T00:00:00Z,53113.7
2025-08-27T01:00:00Z,54545.7
2025-08-27T02:00:00Z,55901.2
2025-08-27T03:00:00Z,58201.8
2025-08-27T04:00:00Z,62016.2
2025-08-27T05:00:00Z,61080.0
2025-08-27T06:00:00Z,64654.8
2025-08-27T07:00:00Z,68474.3
2025-08-27T08:00:00Z,71776.3
2025-08-27T09:00:00Z,72848.2
2025-08-27T10:00:00Z,73392.0
2025-08-27T11:00:00Z,76049.5
2025-08-27T12:00:00Z,75222.3
2025-08-27T13:00:00Z,75675.8
2025-08-27T14:00:00Z,74857.4
2025-08-27T15:00:00Z,72718.5
2025-08-27T16:00:00Z,70861.4
2025-08-27T17:00:00Z,67313.7
2025-08-27T18:00:00Z,66215.7
2025-08-27T19:00:00Z,61906.7
2025-08-27T20:00:00Z,60365.3
2025-08-27T21:00:00Z,58948.7
2025-08-27T22:00:00Z,55821.2
2025-08-27T23:00:00Z,55382.4
2025-08-28T00:00:00Z,55563.4
2025-08-28T01:00:00Z,55066.4
2025-08-28T02:00:00Z,56829.0
2025-08-28T03:00:00Z,58089.4
2025-08-28T04:00:00Z,58861.6
2025-08-28T05:00:00Z,62223.0
2025-08-28T06:00:00Z,65049.1
2025-08-28T07:00:00Z,68931.2
2025-08-28T08:00:00Z,69889.0
2025-08-28T09:00:00Z,73683.3
2025-08-28T10:00:00Z,74931.1
2025-08-28T11:00:00Z,75277.1
2025-08-28T12:00:00Z,76578.3
2025-08-28T13:00:00Z,74442.7
2025-08-28T14:00:00Z,74611.5
2025-08-28T15:00:00Z,72720.6
2025-08-28T16:00:00Z,70078.5
2025-08-28T17:00:00Z,68284.2
2025-08-28T18:00:00Z,66544.7
2025-08-28T19:00:00Z,63244.5
2025-08-28T20:00:00Z,59246.9
2025-08-28T21:00:00Z,58693.0
2025-08-28T22:00:00Z,57191.7
2025-08-28T23:00:00Z,55090.9
2025-08-29T00:00:00Z,53474.5
2025-08-29T01:00:00Z,55856.3
2025-08-29T02:00:00Z,56661.3
2025-08-29T03:00:00Z,59037.4
2025-08-29T04:00:00Z,62595.1
2025-08-29T05:00:00Z,61664.6
2025-08-29T06:00:00Z,65171.3
2025-08-29T07:00:00Z,67879.0
2025-08-29T08:00:00Z,69126.8
2025-08-29T09:00:00Z,72818.4
2025-08-29T10:00:00Z,73681.1
2025-08-29T11:00:00Z,76776.2
2025-08-29T12:00:00Z,76851.9
2025-08-29T13:00:00Z,76541.1
2025-08-29T14:00:00Z,74776.3
2025-08-29T15:00:00Z,72967.8
2025-08-29T16:00:00Z,71520.9
2025-08-29T17:00:00Z,70015.8
2025-08-29T18:00:00Z,66794.3
2025-08-29T19:00:00Z,63174.8
2025-08-29T20:00:00Z,60885.2
2025-08-29T21:00:00Z,57016.5
2025-08-29T22:00:00Z,56717.2
2025-08-29T23:00:00Z,53846.2
2025-08-30T00:00:00Z,52467.1
2025-08-30T01:00:00Z,52672.6
2025-08-30T02:00:00Z,54540.7
2025-08-30T03:00:00Z,56838.5
2025-08-30T04:00:00Z,57682.7
2025-08-30T05:00:00Z,59300.7
2025-08-30T06:00:00Z,62379.4
2025-08-30T07:00:00Z,64616.5
2025-08-30T08:00:00Z,66491.9
2025-08-30T09:00:00Z,68628.0
2025-08-30T10:00:00Z,71548.0
2025-08-30T11:00:00Z,72042.2
2025-08-30T12:00:00Z,74137.2
2025-08-30T13:00:00Z,73677.1
2025-08-30T14:00:00Z,71356.6
2025-08-30T15:00:00Z,70684.9
2025-08-30T16:00:00Z,68463.2
2025-08-30T17:00:00Z,65707.2
2025-08-30T18:00:00Z,62603.5
2025-08-30T19:00:00Z,61834.6
2025-08-30T20:00:00Z,59494.5
2025-08-30T21:00:00Z,56641.1
2025-08-30T22:00:00Z,54127.4
2025-08-30T23:00:00Z,53830.4
2025-08-31T00:00:00Z,54589.4
2025-08-31T01:00:00Z,52409.6
2025-08-31T02:00:00Z,54105.3
2025-08-31T03:00:00Z,55976.6
2025-08-31T04:00:00Z,57910.0
2025-08-31T05:00:00Z,61614.2
2025-08-31T06:00:00Z,64397.6
2025-08-31T07:00:00Z,66559.5
2025-08-31T08:00:00Z,68203.0
2025-08-31T09:00:00Z,69949.9
2025-08-31T10:00:00Z,71498.7
2025-08-31T11:00:00Z,74255.7
2025-08-31T12:00:00Z,75639.5
2025-08-31T13:00:00Z,73834.0
2025-08-31T14:00:00Z,72880.0
2025-08-31T15:00:00Z,70543.9
2025-08-31T16:00:00Z,68146.1
2025-08-31T17:00:00Z,65344.5
2025-08-31T18:00:00Z,63340.9
2025-08-31T19:00:00Z,60892.4
2025-08-31T20:00:00Z,59369.3
2025-08-31T21:00:00Z,56327.7
2025-08-31T22:00:00Z,54208.3
2025-08-31T23:00:00Z,52061.4
2025-09-01T00:00:00Z,57591.2
2025-09-01T01:00:00Z,57048.7
2025-09-01T02:00:00Z,56703.5
2025-09-01T03:00:00Z,59610.1
2025-09-01T04:00:00Z,62056.4
2025-09-01T05:00:00Z,64726.9
2025-09-01T06:00:00Z,66657.2
2025-09-01T07:00:00Z,70113.8
2025-09-01T08:00:00Z,71940.5
2025-09-01T09:00:00Z,73261.8
2025-09-01T10:00:00Z,75533.0
2025-09-01T11:00:00Z,77100.0
2025-09-01T12:00:00Z,76676.2
2025-09-01T13:00:00Z,76684.2
2025-09-01T14:00:00Z,74865.9
2025-09-01T15:00:00Z,73134.9
2025-09-01T16:00:00Z,69957.9
2025-09-01T17:00:00Z,68853.9
2025-09-01T18:00:00Z,66407.7
2025-09-01T19:00:00Z,63857.0
2025-09-01T20:00:00Z,61744.6
2025-09-01T21:00:00Z,56351.3
2025-09-01T22:00:00Z,56624.0
2025-09-01T23:00:00Z,57664.3
2025-09-02T00:00:00Z,54370.8
2025-09-02T01:00:00Z,56953.9
2025-09-02T02:00:00Z,57581.1
2025-09-02T03:00:00Z,57767.8
2025-09-02T04:00:00Z,59886.5
2025-09-02T05:00:00Z,64720.3
2025-09-02T06:00:00Z,65434.6
2025-09-02T07:00:00Z,70838.1
2025-09-02T08:00:00Z,71940.8
2025-09-02T09:00:00Z,74644.0
2025-09-02T10:00:00Z,74364.5
2025-09-02T11:00:00Z,76146.2
2025-09-02T12:00:00Z,77255.0
2025-09-02T13:00:00Z,77781.9
2025-09-02T14:00:00Z,74091.3
2025-09-02T15:00:00Z,73540.1
2025-09-02T16:00:00Z,71799.6
2025-09-02T17:00:00Z,68984.7
2025-09-02T18:00:00Z,68377.4
2025-09-02T19:00:00Z,62080.4
2025-09-02T20:00:00Z,61630.5
2025-09-02T21:00:00Z,57098.2
2025-09-02T22:00:00Z,57770.7
2025-09-02T23:00:00Z,55109.3
2025-09-03T00:00:00Z,56626.1
2025-09-03T01:00:00Z,57220.1
2025-09-03T02:00:00Z,59411.7
2025-09-03T03:00:00Z,59542.8
2025-09-03T04:00:00Z,61430.5
2025-09-03T05:00:00Z,63290.3
2025-09-03T06:00:00Z,65078.6
2025-09-03T07:00:00Z,68960.8
2025-09-03T08:00:00Z,71883.3
2025-09-03T09:00:00Z,74127.1
2025-09-03T10:00:00Z,76328.5
2025-09-03T11:00:00Z,75991.4
2025-09-03T12:00:00Z,75752.3
2025-09-03T13:00:00Z,77365.3
2025-09-03T14:00:00Z,74034.3
2025-09-03T15:00:00Z,72655.8
2025-09-03T16:00:00Z,71880.7
2025-09-03T17:00:00Z,70100.9
2025-09-03T18:00:00Z,67812.5
2025-09-03T19:00:00Z,64948.1
2025-09-03T20:00:00Z,62023.8
2025-09-03T21:00:00Z,58941.0
2025-09-03T22:00:00Z,57853.0
2025-09-03T23:00:00Z,56015.8
2025-09-04T00:00:00Z,54839.1
2025-09-04T01:00:00Z,56152.6
2025-09-04T02:00:00Z,58600.9
2025-09-04T03:00:00Z,59696.3
2025-09-04T04:00:00Z,61534.9
2025-09-04T05:00:00Z,64267.0
2025-09-04T06:00:00Z,68033.4
2025-09-04T07:00:00Z,70409.5
2025-09-04T08:00:00Z,71170.4
2025-09-04T09:00:00Z,74827.9
2025-09-04T10:00:00Z,76449.7
2025-09-04T11:00:00Z,76556.7
2025-09-04T12:00:00Z,76905.4
2025-09-04T13:00:00Z,77874.1
2025-09-04T14:00:00Z,74736.3
2025-09-04T15:00:00Z,74885.1
2025-09-04T16:00:00Z,71835.4
2025-09-04T17:00:00Z,69972.7
2025-09-04T18:00:00Z,65883.8
2025-09-04T19:00:00Z,63732.4
2025-09-04T20:00:00Z,61250.6
2025-09-04T21:00:00Z,59072.5
2025-09-04T22:00:00Z,56898.2
2025-09-04T23:00:00Z,56933.6
2025-09-05T00:00:00Z,56115.0
2025-09-05T01:00:00Z,56749.8
2025-09-05T02:00:00Z,58692.2
2025-09-05T03:00:00Z,58187.1
2025-09-05T04:00:00Z,62144.3
2025-09-05T05:00:00Z,63377.2
2025-09-05T06:00:00Z,67245.3
2025-09-05T07:00:00Z,70156.7
2025-09-05T08:00:00Z,72424.1
2025-09-05T09:00:00Z,74345.1
2025-09-05T10:00:00Z,76043.8
2025-09-05T11:00:00Z,77960.4
2025-09-05T12:00:00Z,76462.1
2025-09-05T13:00:00Z,76060.5
2025-09-05T14:00:00Z,76254.4
2025-09-05T15:00:00Z,72938.1
2025-09-05T16:00:00Z,72554.8
2025-09-05T17:00:00Z,69824.7
2025-09-05T18:00:00Z,66560.3
2025-09-05T19:00:00Z,63904.4
2025-09-05T20:00:00Z,62024.4
2025-09-05T21:00:00Z,59595.1
2025-09-05T22:00:00Z,55810.9
2025-09-05T23:00:00Z,57195.0
2025-09-06T00:00:00Z,54145.3
2025-09-06T01:00:00Z,53365.1
2025-09-06T02:00:00Z,56099.4
2025-09-06T03:00:00Z,56455.0
2025-09-06T04:00:00Z,59305.1
2025-09-06T05:00:00Z,62302.7
2025-09-06T06:00:00Z,64569.4
2025-09-06T07:00:00Z,68037.2
2025-09-06T08:00:00Z,70268.2
2025-09-06T09:00:00Z,70093.9
2025-09-06T10:00:00Z,71776.6
2025-09-06T11:00:00Z,75013.5
2025-09-06T12:00:00Z,76562.6
2025-09-06T13:00:00Z,75489.5
2025-09-06T14:00:00Z,73701.4
2025-09-06T15:00:00Z,70734.4
2025-09-06T16:00:00Z,69392.9
2025-09-06T17:00:00Z,66643.3
2025-09-06T18:00:00Z,65748.3
2025-09-06T19:00:00Z,61271.4
2025-09-06T20:00:00Z,58559.5
2025-09-06T21:00:00Z,56757.2
2025-09-06T22:00:00Z,54499.8
2025-09-06T23:00:00Z,51201.9
2025-09-07T00:00:00Z,55139.8
2025-09-07T01:00:00Z,54340.1
2025-09-07T02:00:00Z,54966.4
2025-09-07T03:00:00Z,57173.4
2025-09-07T04:00:00Z,59467.7
2025-09-07T05:00:00Z,60999.0
2025-09-07T06:00:00Z,63852.8
2025-09-07T07:00:00Z,66658.4
2025-09-07T08:00:00Z,69072.4
2025-09-07T09:00:00Z,71208.3
2025-09-07T10:00:00Z,71642.0
2025-09-07T11:00:00Z,73333.0
2025-09-07T12:00:00Z,75741.2
2025-09-07T13:00:00Z,74943.5
2025-09-07T14:00:00Z,73409.6
2025-09-07T15:00:00Z,72521.1
2025-09-07T16:00:00Z,69950.9
2025-09-07T17:00:00Z,66285.6
2025-09-07T18:00:00Z,64807.9
2025-09-07T19:00:00Z,61264.2
2025-09-07T20:00:00Z,58171.6
2025-09-07T21:00:00Z,56388.9
2025-09-07T22:00:00Z,54956.4
2025-09-07T23:00:00Z,53628.7
2025-09-08T00:00:00Z,56377.1
2025-09-08T01:00:00Z,56905.2
2025-09-08T02:00:00Z,59025.7
2025-09-08T03:00:00Z,60663.8
2025-09-08T04:00:00Z,62951.6
2025-09-08T05:00:00Z,64313.4
2025-09-08T06:00:00Z,67758.2
2025-09-08T07:00:00Z,70258.7
2025-09-08T08:00:00Z,71302.4
2025-09-08T09:00:00Z,74657.5
2025-09-08T10:00:00Z,77036.3
2025-09-08T11:00:00Z,75405.4
2025-09-08T12:00:00Z,76929.7
2025-09-08T13:00:00Z,78007.2
2025-09-08T14:00:00Z,77052.3
2025-09-08T15:00:00Z,74977.9
2025-09-08T16:00:00Z,73270.2
2025-09-08T17:00:00Z,69733.9
2025-09-08T18:00:00Z,67002.3
2025-09-08T19:00:00Z,64808.2
2025-09-08T20:00:00Z,62640.3
2025-09-08T21:00:00Z,60315.4
2025-09-08T22:00:00Z,57945.4
2025-09-08T23:00:00Z,57988.8
2025-09-09T00:00:00Z,57078.5
2025-09-09T01:00:00Z,55924.3
2025-09-09T02:00:00Z,57997.8
2025-09-09T03:00:00Z,60825.3
2025-09-09T04:00:00Z,60428.2
2025-09-09T05:00:00Z,64734.4
2025-09-09T06:00:00Z,67368.5
2025-09-09T07:00:00Z,68741.1
2025-09-09T08:00:00Z,74288.7
2025-09-09T09:00:00Z,76157.0
2025-09-09T10:00:00Z,75294.2
2025-09-09T11:00:00Z,77684.8
2025-09-09T12:00:00Z,77057.7
2025-09-09T13:00:00Z,76311.0
2025-09-09T14:00:00Z,76155.0
2025-09-09T15:00:00Z,73667.3
2025-09-09T16:00:00Z,72547.0
2025-09-09T17:00:00Z,69342.9
2025-09-09T18:00:00Z,66880.0
2025-09-09T19:00:00Z,63637.1
2025-09-09T20:00:00Z,61361.3
2025-09-09T21:00:00Z,60385.4
2025-09-09T22:00:00Z,58526.6
2025-09-09T23:00:00Z,58451.5
2025-09-10T00:00:00Z,57687.2
2025-09-10T01:00:00Z,56749.8
2025-09-10T02:00:00Z,57784.1
2025-09-10T03:00:00Z,60373.3
2025-09-10T04:00:00Z,62191.0
2025-09-10T05:00:00Z,63949.9
2025-09-10T06:00:00Z,67648.1
2025-09-10T07:00:00Z,69984.6
2025-09-10T08:00:00Z,72258.8
2025-09-10T09:00:00Z,74482.9
2025-09-10T10:00:00Z,77134.7
2025-09-10T11:00:00Z,79088.3
2025-09-10T12:00:00Z,80266.8
2025-09-10T13:00:00Z,78405.3
2025-09-10T14:00:00Z,77080.6
2025-09-10T15:00:00Z,73971.4
2025-09-10T16:00:00Z,71452.5
2025-09-10T17:00:00Z,72280.5
2025-09-10T18:00:00Z,65574.4
2025-09-10T19:00:00Z,65020.1
2025-09-10T20:00:00Z,62465.9
2025-09-10T21:00:00Z,60470.2
2025-09-10T22:00:00Z,59719.1
2025-09-10T23:00:00Z,56520.3
2025-09-11T00:00:00Z,56331.9
2025-09-11T01:00:00Z,57199.1
2025-09-11T02:00:00Z,58613.0
2025-09-11T03:00:00Z,62108.0
2025-09-11T04:00:00Z,61098.8
2025-09-11T05:00:00Z,65494.7
2025-09-11T06:00:00Z,68461.2
2025-09-11T07:00:00Z,70016.8
2025-09-11T08:00:00Z,73386.0
2025-09-11T09:00:00Z,76336.7
2025-09-11T10:00:00Z,76959.0
2025-09-11T11:00:00Z,77080.2
2025-09-11T12:00:00Z,78918.4
2025-09-11T13:00:00Z,77716.0
2025-09-11T14:00:00Z,76212.7
2025-09-11T15:00:00Z,75262.6
2025-09-11T16:00:00Z,73051.8
2025-09-11T17:00:00Z,70362.7
2025-09-11T18:00:00Z,65966.5
2025-09-11T19:00:00Z,64809.1
2025-09-11T20:00:00Z,61175.8
2025-09-11T21:00:00Z,61592.8
2025-09-11T22:00:00Z,57780.7
2025-09-11T23:00:00Z,57334.1
2025-09-12T00:00:00Z,56290.0
2025-09-12T01:00:00Z,58808.5
2025-09-12T02:00:00Z,58648.2
2025-09-12T03:00:00Z,61336.0
2025-09-12T04:00:00Z,63115.4
2025-09-12T05:00:00Z,65668.8
2025-09-12T06:00:00Z,69179.2
2025-09-12T07:00:00Z,71699.6
2025-09-12T08:00:00Z,73732.4
2025-09-12T09:00:00Z,73845.0
2025-09-12T10:00:00Z,77410.2
2025-09-12T11:00:00Z,77834.2
2025-09-12T12:00:00Z,78083.9
2025-09-12T13:00:00Z,78941.8
2025-09-12T14:00:00Z,76370.4
2025-09-12T15:00:00Z,74656.5
2025-09-12T16:00:00Z,73346.4
2025-09-12T17:00:00Z,71102.2
2025-09-12T18:00:00Z,67340.5
2025-09-12T19:00:00Z,65338.5
2025-09-12T20:00:00Z,63276.1
2025-09-12T21:00:00Z,62018.6
2025-09-12T22:00:00Z,59010.9
2025-09-12T23:00:00Z,57543.2
2025-09-13T00:00:00Z,53392.2
2025-09-13T01:00:00Z,55584.4
2025-09-13T02:00:00Z,55163.3
2025-09-13T03:00:00Z,57170.8
2025-09-13T04:00:00Z,59938.1
2025-09-13T05:00:00Z,61727.3
2025-09-13T06:00:00Z,63681.5
2025-09-13T07:00:00Z,67419.8
2025-09-13T08:00:00Z,69881.5
2025-09-13T09:00:00Z,74058.9
2025-09-13T10:00:00Z,72708.5
2025-09-13T11:00:00Z,76035.8
2025-09-13T12:00:00Z,75500.1
2025-09-13T13:00:00Z,74525.9
2025-09-13T14:00:00Z,75248.2
2025-09-13T15:00:00Z,72804.6
2025-09-13T16:00:00Z,69323.5
2025-09-13T17:00:00Z,67682.8
2025-09-13T18:00:00Z,64246.4
2025-09-13T19:00:00Z,63026.6
2025-09-13T20:00:00Z,60393.1
2025-09-13T21:00:00Z,57868.2
2025-09-13T22:00:00Z,56737.4
2025-09-13T23:00:00Z,54365.9
2025-09-14T00:00:00Z,53828.8
2025-09-14T01:00:00Z,55895.4
2025-09-14T02:00:00Z,57394.9
2025-09-14T03:00:00Z,58526.3
2025-09-14T04:00:00Z,61081.6
2025-09-14T05:00:00Z,63533.0
2025-09-14T06:00:00Z,65256.5
2025-09-14T07:00:00Z,67872.1
2025-09-14T08:00:00Z,70272.3
2025-09-14T09:00:00Z,73528.6
2025-09-14T10:00:00Z,75514.6
2025-09-14T11:00:00Z,74393.0
2025-09-14T12:00:00Z,74018.1
2025-09-14T13:00:00Z,74566.9
2025-09-14T14:00:00Z,73015.2
2025-09-14T15:00:00Z,72195.9
2025-09-14T16:00:00Z,70724.5
2025-09-14T17:00:00Z,68631.0
2025-09-14T18:00:00Z,63723.5
2025-09-14T19:00:00Z,62233.4
2025-09-14T20:00:00Z,60970.7
2025-09-14T21:00:00Z,58343.6
2025-09-14T22:00:00Z,55966.1
2025-09-14T23:00:00Z,56658.2
2025-09-15T00:00:00Z,57278.6
2025-09-15T01:00:00Z,58704.2
2025-09-15T02:00:00Z,60531.9
2025-09-15T03:00:00Z,62251.6
2025-09-15T04:00:00Z,62927.5
2025-09-15T05:00:00Z,65330.1
2025-09-15T06:00:00Z,68054.8
2025-09-15T07:00:00Z,72181.3
2025-09-15T08:00:00Z,72934.3
2025-09-15T09:00:00Z,75624.4
2025-09-15T10:00:00Z,78119.8
2025-09-15T11:00:00Z,77461.3
2025-09-15T12:00:00Z,78630.9
2025-09-15T13:00:00Z,78996.7
2025-09-15T14:00:00Z,78157.6
2025-09-15T15:00:00Z,76189.9
2025-09-15T16:00:00Z,72307.4
2025-09-15T17:00:00Z,71899.7
2025-09-15T18:00:00Z,67953.2
2025-09-15T19:00:00Z,65825.6
2025-09-15T20:00:00Z,64483.8
2025-09-15T21:00:00Z,60166.8
2025-09-15T22:00:00Z,59741.0
2025-09-15T23:00:00Z,59382.6
2025-09-16T00:00:00Z,56344.8
2025-09-16T01:00:00Z,58091.0
2025-09-16T02:00:00Z,59547.4
2025-09-16T03:00:00Z,60940.6
2025-09-16T04:00:00Z,62583.9
2025-09-16T05:00:00Z,64592.9
2025-09-16T06:00:00Z,67671.3
2025-09-16T07:00:00Z,71218.9
2025-09-16T08:00:00Z,73589.6
2025-09-16T09:00:00Z,76284.3
2025-09-16T10:00:00Z,77096.1
2025-09-16T11:00:00Z,77272.6
2025-09-16T12:00:00Z,79860.5
2025-09-16T13:00:00Z,77015.2
2025-09-16T14:00:00Z,77632.3
2025-09-16T15:00:00Z,74483.1
2025-09-16T16:00:00Z,74612.3
2025-09-16T17:00:00Z,71744.5
2025-09-16T18:00:00Z,68772.6
2025-09-16T19:00:00Z,66433.1
2025-09-16T20:00:00Z,61285.9
2025-09-16T21:00:00Z,61048.5
2025-09-16T22:00:00Z,58992.9
2025-09-16T23:00:00Z,58772.4
2025-09-17T00:00:00Z,57319.6
2025-09-17T01:00:00Z,59486.0
2025-09-17T02:00:00Z,58870.2
2025-09-17T03:00:00Z,61340.0
2025-09-17T04:00:00Z,62523.4
2025-09-17T05:00:00Z,65363.0
2025-09-17T06:00:00Z,68072.0
2025-09-17T07:00:00Z,69257.9
2025-09-17T08:00:00Z,74175.4
2025-09-17T09:00:00Z,75347.9
2025-09-17T10:00:00Z,77447.4
2025-09-17T11:00:00Z,77844.0
2025-09-17T12:00:00Z,78394.2
2025-09-17T13:00:00Z,78587.8
2025-09-17T14:00:00Z,77224.0
2025-09-17T15:00:00Z,77602.9
2025-09-17T16:00:00Z,72692.0
2025-09-17T17:00:00Z,71108.4
2025-09-17T18:00:00Z,67455.0
2025-09-17T19:00:00Z,65230.8
2025-09-17T20:00:00Z,62076.8
2025-09-17T21:00:00Z,61319.8
2025-09-17T22:00:00Z,58893.5
2025-09-17T23:00:00Z,59739.1
2025-09-18T00:00:00Z,58628.4
2025-09-18T01:00:00Z,59438.7
2025-09-18T02:00:00Z,60573.1
2025-09-18T03:00:00Z,61230.0
2025-09-18T04:00:00Z,64348.3
2025-09-18T05:00:00Z,65433.2
2025-09-18T06:00:00Z,67344.3
2025-09-18T07:00:00Z,69762.4
2025-09-18T08:00:00Z,73122.5
2025-09-18T09:00:00Z,75269.2
2025-09-18T10:00:00Z,79569.7
2025-09-18T11:00:00Z,78631.4
2025-09-18T12:00:00Z,78364.2
2025-09-18T13:00:00Z,76395.4
2025-09-18T14:00:00Z,77504.7
2025-09-18T15:00:00Z,76957.8
2025-09-18T16:00:00Z,71573.7
2025-09-18T17:00:00Z,69330.2
2025-09-18T18:00:00Z,69185.7
2025-09-18T19:00:00Z,64836.0
2025-09-18T20:00:00Z,62468.6
2025-09-18T21:00:00Z,60547.5
2025-09-18T22:00:00Z,59251.7
2025-09-18T23:00:00Z,57542.9
2025-09-19T00:00:00Z,57528.3
2025-09-19T01:00:00Z,57867.2
2025-09-19T02:00:00Z,60554.5
2025-09-19T03:00:00Z,59832.6
2025-09-19T04:00:00Z,63027.5
2025-09-19T05:00:00Z,67236.0
2025-09-19T06:00:00Z,69696.5
2025-09-19T07:00:00Z,70702.7
2025-09-19T08:00:00Z,73583.1
2025-09-19T09:00:00Z,76529.4
2025-09-19T10:00:00Z,78870.2
2025-09-19T11:00:00Z,78554.8
2025-09-19T12:00:00Z,79469.1
2025-09-19T13:00:00Z,78074.8
2025-09-19T14:00:00Z,77894.3
2025-09-19T15:00:00Z,76067.2
2025-09-19T16:00:00Z,72682.7
2025-09-19T17:00:00Z,72385.1
2025-09-19T18:00:00Z,68618.8
2025-09-19T19:00:00Z,64125.6
2025-09-19T20:00:00Z,63232.5
2025-09-19T21:00:00Z,61416.3
2025-09-19T22:00:00Z,61239.3
2025-09-19T23:00:00Z,57119.1
2025-09-20T00:00:00Z,55464.9
2025-09-20T01:00:00Z,56185.9
2025-09-20T02:00:00Z,56565.7
2025-09-20T03:00:00Z,58569.1
2025-09-20T04:00:00Z,61043.7
2025-09-20T05:00:00Z,62540.4
2025-09-20T06:00:00Z,66439.0
2025-09-20T07:00:00Z,69041.8
2025-09-20T08:00:00Z,69945.0
2025-09-20T09:00:00Z,73824.8
2025-09-20T10:00:00Z,75158.5
2025-09-20T11:00:00Z,75647.9
2025-09-20T12:00:00Z,74678.0
2025-09-20T13:00:00Z,75763.2
2025-09-20T14:00:00Z,72857.2
2025-09-20T15:00:00Z,72464.1
2025-09-20T16:00:00Z,71449.7
2025-09-20T17:00:00Z,69381.1
2025-09-20T18:00:00Z,67067.3
2025-09-20T19:00:00Z,62079.5
2025-09-20T20:00:00Z,60691.3
2025-09-20T21:00:00Z,57920.8
2025-09-20T22:00:00Z,55752.0
2025-09-20T23:00:00Z,55665.7
2025-09-21T00:00:00Z,54213.3
2025-09-21T01:00:00Z,54776.8
2025-09-21T02:00:00Z,56503.9
2025-09-21T03:00:00Z,58129.6
2025-09-21T04:00:00Z,61682.7
2025-09-21T05:00:00Z,63809.8
2025-09-21T06:00:00Z,65185.9
2025-09-21T07:00:00Z,67653.6
2025-09-21T08:00:00Z,71176.7
2025-09-21T09:00:00Z,73444.8
2025-09-21T10:00:00Z,74156.2
2025-09-21T11:00:00Z,76083.8
2025-09-21T12:00:00Z,78230.9
2025-09-21T13:00:00Z,75338.9
2025-09-21T14:00:00Z,76353.8
2025-09-21T15:00:00Z,73307.4
2025-09-21T16:00:00Z,71164.0
2025-09-21T17:00:00Z,67469.9
2025-09-21T18:00:00Z,64669.5
2025-09-21T19:00:00Z,64086.8
2025-09-21T20:00:00Z,59830.5
2025-09-21T21:00:00Z,58075.4
2025-09-21T22:00:00Z,58535.6
2025-09-21T23:00:00Z,56524.0
2025-09-22T00:00:00Z,57472.5
2025-09-22T01:00:00Z,57721.0
2025-09-22T02:00:00Z,59726.5
2025-09-22T03:00:00Z,61445.8
2025-09-22T04:00:00Z,63779.3
2025-09-22T05:00:00Z,65580.0
2025-09-22T06:00:00Z,68426.5
2025-09-22T07:00:00Z,71318.7
2025-09-22T08:00:00Z,74561.6
2025-09-22T09:00:00Z,76462.8
2025-09-22T10:00:00Z,80184.1
2025-09-22T11:00:00Z,78081.4
2025-09-22T12:00:00Z,79564.9
2025-09-22T13:00:00Z,79618.4
2025-09-22T14:00:00Z,79298.5
2025-09-22T15:00:00Z,76131.0
2025-09-22T16:00:00Z,74014.5
2025-09-22T17:00:00Z,72366.3
2025-09-22T18:00:00Z,70063.9
2025-09-22T19:00:00Z,66158.1
2025-09-22T20:00:00Z,63797.5
2025-09-22T21:00:00Z,61939.2
2025-09-22T22:00:00Z,59030.1
2025-09-22T23:00:00Z,57013.4
2025-09-23T00:00:00Z,57103.7
2025-09-23T01:00:00Z,59639.1
2025-09-23T02:00:00Z,60616.8
2025-09-23T03:00:00Z,61141.1
2025-09-23T04:00:00Z,64702.6
2025-09-23T05:00:00Z,66678.7
2025-09-23T06:00:00Z,69685.6
2025-09-23T07:00:00Z,71161.5
2025-09-23T08:00:00Z,75196.0
2025-09-23T09:00:00Z,76127.2
2025-09-23T10:00:00Z,77368.2
2025-09-23T11:00:00Z,79800.2
2025-09-23T12:00:00Z,79813.7
2025-09-23T13:00:00Z,79405.2
2025-09-23T14:00:00Z,79137.6
2025-09-23T15:00:00Z,77237.2
2025-09-23T16:00:00Z,74962.8
2025-09-23T17:00:00Z,72355.3
2025-09-23T18:00:00Z,70334.3
2025-09-23T19:00:00Z,65585.7
2025-09-23T20:00:00Z,62087.5
2025-09-23T21:00:00Z,60898.5
2025-09-23T22:00:00Z,60001.6
2025-09-23T23:00:00Z,59747.4
2025-09-24T00:00:00Z,59524.5
2025-09-24T01:00:00Z,59765.9
2025-09-24T02:00:00Z,59215.5
2025-09-24T03:00:00Z,61561.5
2025-09-24T04:00:00Z,63462.1
2025-09-24T05:00:00Z,67418.1
2025-09-24T06:00:00Z,69479.4
2025-09-24T07:00:00Z,72347.4
2025-09-24T08:00:00Z,74524.3
2025-09-24T09:00:00Z,77436.2
2025-09-24T10:00:00Z,76801.8
2025-09-24T11:00:00Z,78576.0
2025-09-24T12:00:00Z,78828.0
2025-09-24T13:00:00Z,78540.7
2025-09-24T14:00:00Z,77051.6
2025-09-24T15:00:00Z,76920.5
2025-09-24T16:00:00Z,74073.7
2025-09-24T17:00:00Z,71259.9
2025-09-24T18:00:00Z,69485.0
2025-09-24T19:00:00Z,66738.2
2025-09-24T20:00:00Z,64946.3
2025-09-24T21:00:00Z,61225.3
2025-09-24T22:00:00Z,60838.4
2025-09-24T23:00:00Z,59303.1
2025-09-25T00:00:00Z,59112.5
2025-09-25T01:00:00Z,59133.3
2025-09-25T02:00:00Z,60331.9
2025-09-25T03:00:00Z,61269.4
2025-09-25T04:00:00Z,64547.4
2025-09-25T05:00:00Z,67134.2
2025-09-25T06:00:00Z,68298.7
2025-09-25T07:00:00Z,72007.0
2025-09-25T08:00:00Z,73925.0
2025-09-25T09:00:00Z,75607.7
2025-09-25T10:00:00Z,77615.5
2025-09-25T11:00:00Z,79013.2
2025-09-25T12:00:00Z,78092.4
2025-09-25T13:00:00Z,80081.2
2025-09-25T14:00:00Z,77747.0
2025-09-25T15:00:00Z,77829.3
2025-09-25T16:00:00Z,74308.3
2025-09-25T17:00:00Z,71006.9
2025-09-25T18:00:00Z,67267.9
2025-09-25T19:00:00Z,66698.7
2025-09-25T20:00:00Z,63472.0
2025-09-25T21:00:00Z,61158.0
2025-09-25T22:00:00Z,60368.9
2025-09-25T23:00:00Z,58324.4
2025-09-26T00:00:00Z,58033.0
2025-09-26T01:00:00Z,59176.1
2025-09-26T02:00:00Z,58919.5
2025-09-26T03:00:00Z,60872.1
2025-09-26T04:00:00Z,65026.7
2025-09-26T05:00:00Z,65481.7
2025-09-26T06:00:00Z,68293.8
2025-09-26T07:00:00Z,71720.3
2025-09-26T08:00:00Z,74572.5
2025-09-26T09:00:00Z,75022.4
2025-09-26T10:00:00Z,78141.7
2025-09-26T11:00:00Z,79582.2
2025-09-26T12:00:00Z,79099.4
2025-09-26T13:00:00Z,78174.1
2025-09-26T14:00:00Z,78920.8
2025-09-26T15:00:00Z,75602.2
2025-09-26T16:00:00Z,73385.1
2025-09-26T17:00:00Z,72696.3
2025-09-26T18:00:00Z,67440.2
2025-09-26T19:00:00Z,64968.6
2025-09-26T20:00:00Z,62435.0
2025-09-26T21:00:00Z,61055.8
2025-09-26T22:00:00Z,59851.6
2025-09-26T23:00:00Z,59682.1
2025-09-27T00:00:00Z,55882.3
2025-09-27T01:00:00Z,57167.3
2025-09-27T02:00:00Z,56185.7
2025-09-27T03:00:00Z,60886.2
2025-09-27T04:00:00Z,62075.5
2025-09-27T05:00:00Z,64198.0
2025-09-27T06:00:00Z,67191.1
2025-09-27T07:00:00Z,70466.0
2025-09-27T08:00:00Z,70516.1
2025-09-27T09:00:00Z,74083.9
2025-09-27T10:00:00Z,75963.2
2025-09-27T11:00:00Z,75219.0
2025-09-27T12:00:00Z,78663.2
2025-09-27T13:00:00Z,76998.2
2025-09-27T14:00:00Z,75215.0
2025-09-27T15:00:00Z,73464.1
2025-09-27T16:00:00Z,71461.9
2025-09-27T17:00:00Z,70221.2
2025-09-27T18:00:00Z,68437.8
2025-09-27T19:00:00Z,64136.8
2025-09-27T20:00:00Z,61660.3
2025-09-27T21:00:00Z,59107.5
2025-09-27T22:00:00Z,58545.4
2025-09-27T23:00:00Z,56720.3
2025-09-28T00:00:00Z,54200.7
2025-09-28T01:00:00Z,56069.6
2025-09-28T02:00:00Z,57138.9
2025-09-28T03:00:00Z,58266.6
2025-09-28T04:00:00Z,60735.6
2025-09-28T05:00:00Z,64613.1
2025-09-28T06:00:00Z,66611.7
2025-09-28T07:00:00Z,69506.8
2025-09-28T08:00:00Z,72277.4
2025-09-28T09:00:00Z,73646.4
2025-09-28T10:00:00Z,76024.6
2025-09-28T11:00:00Z,76237.2
2025-09-28T12:00:00Z,76989.0
2025-09-28T13:00:00Z,77394.4
2025-09-28T14:00:00Z,75481.5
2025-09-28T15:00:00Z,74190.8
2025-09-28T16:00:00Z,70768.8
2025-09-28T17:00:00Z,68924.3
2025-09-28T18:00:00Z,67141.6
2025-09-28T19:00:00Z,63372.8
2025-09-28T20:00:00Z,61357.4
2025-09-28T21:00:00Z,59344.3
2025-09-28T22:00:00Z,58200.4
2025-09-28T23:00:00Z,57509.7
2025-09-29T00:00:00Z,60448.6
2025-09-29T01:00:00Z,57410.8
2025-09-29T02:00:00Z,61881.4
2025-09-29T03:00:00Z,62987.1
2025-09-29T04:00:00Z,62845.1
2025-09-29T05:00:00Z,67141.8
2025-09-29T06:00:00Z,68785.9
2025-09-29T07:00:00Z,70898.7
2025-09-29T08:00:00Z,75675.2
2025-09-29T09:00:00Z,76986.7
2025-09-29T10:00:00Z,78098.2
2025-09-29T11:00:00Z,79956.1
2025-09-29T12:00:00Z,80534.6
2025-09-29T13:00:00Z,80889.7
2025-09-29T14:00:00Z,78309.6
2025-09-29T15:00:00Z,77357.9
2025-09-29T16:00:00Z,76303.9
2025-09-29T17:00:00Z,71896.9
2025-09-29T18:00:00Z,69316.1
2025-09-29T19:00:00Z,67075.0
2025-09-29T20:00:00Z,64375.4
2025-09-29T21:00:00Z,62138.9
2025-09-29T22:00:00Z,60700.0
2025-09-29T23:00:00Z,59519.6
2025-09-30T00:00:00Z,60270.5
2025-09-30T01:00:00Z,59260.0
2025-09-30T02:00:00Z,61498.4
2025-09-30T03:00:00Z,61025.4
2025-09-30T04:00:00Z,64306.3
2025-09-30T05:00:00Z,67212.4
2025-09-30T06:00:00Z,69895.1
2025-09-30T07:00:00Z,71882.6
2025-09-30T08:00:00Z,75118.2
2025-09-30T09:00:00Z,76995.4
2025-09-30T10:00:00Z,78831.2
2025-09-30T11:00:00Z,80301.0
2025-09-30T12:00:00Z,79741.2
2025-09-30T13:00:00Z,78438.6
2025-09-30T14:00:00Z,78144.4
2025-09-30T15:00:00Z,75702.6
2025-09-30T16:00:00Z,75066.9
2025-09-30T17:00:00Z,73439.4
2025-09-30T18:00:00Z,69271.9
2025-09-30T19:00:00Z,67276.2
2025-09-30T20:00:00Z,65382.1
2025-09-30T21:00:00Z,62215.4
2025-09-30T22:00:00Z,59601.1
2025-09-30T23:00:00Z,60474.0
2025-10-01T00:00:00Z,58815.9
2025-10-01T01:00:00Z,60056.0
2025-10-01T02:00:00Z,61359.4
2025-10-01T03:00:00Z,63234.2
2025-10-01T04:00:00Z,64353.5
2025-10-01T05:00:00Z,68396.9
2025-10-01T06:00:00Z,70498.3
2025-10-01T07:00:00Z,71623.1
2025-10-01T08:00:00Z,76016.6
2025-10-01T09:00:00Z,76405.0
2025-10-01T10:00:00Z,79146.6
2025-10-01T11:00:00Z,79385.4
2025-10-01T12:00:00Z,80134.9
2025-10-01T13:00:00Z,82568.9
2025-10-01T14:00:00Z,78704.3
2025-10-01T15:00:00Z,76280.5
2025-10-01T16:00:00Z,74044.3
2025-10-01T17:00:00Z,71718.7
2025-10-01T18:00:00Z,69412.9
2025-10-01T19:00:00Z,67649.7
2025-10-01T20:00:00Z,64633.1
2025-10-01T21:00:00Z,60964.8
2025-10-01T22:00:00Z,61944.4
2025-10-01T23:00:00Z,58291.8
2025-10-02T00:00:00Z,57732.3
2025-10-02T01:00:00Z,60258.7
2025-10-02T02:00:00Z,62303.7
2025-10-02T03:00:00Z,62657.9
2025-10-02T04:00:00Z,63001.4
2025-10-02T05:00:00Z,68087.3
2025-10-02T06:00:00Z,68985.1
2025-10-02T07:00:00Z,73277.7
2025-10-02T08:00:00Z,76257.6
2025-10-02T09:00:00Z,78039.6
2025-10-02T10:00:00Z,79849.3
2025-10-02T11:00:00Z,79485.5
2025-10-02T12:00:00Z,80511.2
2025-10-02T13:00:00Z,79910.6
2025-10-02T14:00:00Z,79818.4
2025-10-02T15:00:00Z,76780.4
2025-10-02T16:00:00Z,73829.2
2025-10-02T17:00:00Z,72686.0
2025-10-02T18:00:00Z,68910.4
2025-10-02T19:00:00Z,65905.6
2025-10-02T20:00:00Z,65178.7
2025-10-02T21:00:00Z,62302.5
2025-10-02T22:00:00Z,61487.4
2025-10-02T23:00:00Z,58000.2
2025-10-03T00:00:00Z,59876.6
2025-10-03T01:00:00Z,59705.2
2025-10-03T02:00:00Z,60037.3
2025-10-03T03:00:00Z,61296.6
2025-10-03T04:00:00Z,64894.2
2025-10-03T05:00:00Z,67091.1
2025-10-03T06:00:00Z,68973.0
2025-10-03T07:00:00Z,72998.7
2025-10-03T08:00:00Z,75849.2
2025-10-03T09:00:00Z,76987.1
2025-10-03T10:00:00Z,78227.0
2025-10-03T11:00:00Z,79349.4
2025-10-03T12:00:00Z,80729.8
2025-10-03T13:00:00Z,79154.4
2025-10-03T14:00:00Z,78570.5
2025-10-03T15:00:00Z,78215.9
2025-10-03T16:00:00Z,74782.7
2025-10-03T17:00:00Z,71327.6
2025-10-03T18:00:00Z,69096.2
2025-10-03T19:00:00Z,66929.8
2025-10-03T20:00:00Z,64727.3
2025-10-03T21:00:00Z,60052.8
2025-10-03T22:00:00Z,61522.6
2025-10-03T23:00:00Z,59734.1
2025-10-04T00:00:00Z,57743.9
2025-10-04T01:00:00Z,56138.6
2025-10-04T02:00:00Z,58228.6
2025-10-04T03:00:00Z,59540.6
2025-10-04T04:00:00Z,62625.4
2025-10-04T05:00:00Z,62974.5
2025-10-04T06:00:00Z,65835.1
2025-10-04T07:00:00Z,69333.3
2025-10-04T08:00:00Z,72106.4
2025-10-04T09:00:00Z,74590.2
2025-10-04T10:00:00Z,75533.7
2025-10-04T11:00:00Z,77942.1
2025-10-04T12:00:00Z,78297.8
2025-10-04T13:00:00Z,78808.1
2025-10-04T14:00:00Z,74345.9
2025-10-04T15:00:00Z,73885.8
2025-10-04T16:00:00Z,71771.9
2025-10-04T17:00:00Z,72363.7
2025-10-04T18:00:00Z,65692.3
2025-10-04T19:00:00Z,61980.0
2025-10-04T20:00:00Z,62494.1
2025-10-04T21:00:00Z,59536.2
2025-10-04T22:00:00Z,57671.0
2025-10-04T23:00:00Z,58951.5
2025-10-05T00:00:00Z,57202.0
2025-10-05T01:00:00Z,57414.5
2025-10-05T02:00:00Z,56347.4
2025-10-05T03:00:00Z,59641.4
2025-10-05T04:00:00Z,62078.4
2025-10-05T05:00:00Z,65428.0
2025-10-05T06:00:00Z,65333.1
2025-10-05T07:00:00Z,68258.4
2025-10-05T08:00:00Z,71030.7
2025-10-05T09:00:00Z,74028.9
2025-10-05T10:00:00Z,75487.6
2025-10-05T11:00:00Z,77123.2
2025-10-05T12:00:00Z,78216.7
2025-10-05T13:00:00Z,78391.3
2025-10-05T14:00:00Z,75439.5
2025-10-05T15:00:00Z,75069.0
2025-10-05T16:00:00Z,73039.3
2025-10-05T17:00:00Z,69291.5
2025-10-05T18:00:00Z,68342.7
2025-10-05T19:00:00Z,62955.7
2025-10-05T20:00:00Z,62218.2
2025-10-05T21:00:00Z,60643.2
2025-10-05T22:00:00Z,58096.9
2025-10-05T23:00:00Z,57502.8
2025-10-06T00:00:00Z,58199.1
2025-10-06T01:00:00Z,60989.0
2025-10-06T02:00:00Z,62191.9
2025-10-06T03:00:00Z,62160.2
2025-10-06T04:00:00Z,65158.2
2025-10-06T05:00:00Z,66775.5
2025-10-06T06:00:00Z,68341.2
2025-10-06T07:00:00Z,72189.2
2025-10-06T08:00:00Z,74971.8
2025-10-06T09:00:00Z,77690.9
2025-10-06T10:00:00Z,79210.4
2025-10-06T11:00:00Z,77586.8
2025-10-06T12:00:00Z,79659.0
2025-10-06T13:00:00Z,80344.9
2025-10-06T14:00:00Z,79279.0
2025-10-06T15:00:00Z,76870.0
2025-10-06T16:00:00Z,74451.3
2025-10-06T17:00:00Z,73911.3
2025-10-06T18:00:00Z,70906.8
2025-10-06T19:00:00Z,66938.0
2025-10-06T20:00:00Z,64614.9
2025-10-06T21:00:00Z,63638.5
2025-10-06T22:00:00Z,60701.0
2025-10-06T23:00:00Z,58922.0
2025-10-07T00:00:00Z,61342.5
2025-10-07T01:00:00Z,60700.8
2025-10-07T02:00:00Z,60550.3
2025-10-07T03:00:00Z,63156.4
2025-10-07T04:00:00Z,63081.6
2025-10-07T05:00:00Z,67411.3
2025-10-07T06:00:00Z,69647.0
2025-10-07T07:00:00Z,72274.0
2025-10-07T08:00:00Z,74120.0
2025-10-07T09:00:00Z,76183.8
2025-10-07T10:00:00Z,78195.5
2025-10-07T11:00:00Z,79098.9
2025-10-07T12:00:00Z,81856.8
2025-10-07T13:00:00Z,81282.9
2025-10-07T14:00:00Z,79028.8
2025-10-07T15:00:00Z,76815.2
2025-10-07T16:00:00Z,74264.8
2025-10-07T17:00:00Z,72480.6
2025-10-07T18:00:00Z,70301.7
2025-10-07T19:00:00Z,67178.9
2025-10-07T20:00:00Z,65048.1
2025-10-07T21:00:00Z,63093.9
2025-10-07T22:00:00Z,61559.8
2025-10-07T23:00:00Z,59599.3
2025-10-08T00:00:00Z,59218.3
2025-10-08T01:00:00Z,60345.8
2025-10-08T02:00:00Z,60713.7
2025-10-08T03:00:00Z,61852.7
2025-10-08T04:00:00Z,64767.9
2025-10-08T05:00:00Z,67781.4
2025-10-08T06:00:00Z,69103.1
2025-10-08T07:00:00Z,72020.4
2025-10-08T08:00:00Z,74989.0
2025-10-08T09:00:00Z,75586.8
2025-10-08T10:00:00Z,78499.1
2025-10-08T11:00:00Z,79964.1
2025-10-08T12:00:00Z,80034.0
2025-10-08T13:00:00Z,79898.9
2025-10-08T14:00:00Z,79539.3
2025-10-08T15:00:00Z,76083.3
2025-10-08T16:00:00Z,75050.2
2025-10-08T17:00:00Z,72293.4
2025-10-08T18:00:00Z,71513.3
2025-10-08T19:00:00Z,66132.8
2025-10-08T20:00:00Z,63923.6
2025-10-08T21:00:00Z,63399.1
2025-10-08T22:00:00Z,61075.9
2025-10-08T23:00:00Z,59388.2
2025-10-09T00:00:00Z,58883.7
2025-10-09T01:00:00Z,59658.0
2025-10-09T02:00:00Z,60278.6
2025-10-09T03:00:00Z,63869.6
2025-10-09T04:00:00Z,63902.5
2025-10-09T05:00:00Z,66503.3
2025-10-09T06:00:00Z,70035.7
2025-10-09T07:00:00Z,71231.7
2025-10-09T08:00:00Z,75515.8
2025-10-09T09:00:00Z,76238.0
2025-10-09T10:00:00Z,79413.6
2025-10-09T11:00:00Z,79231.7
2025-10-09T12:00:00Z,80400.6
2025-10-09T13:00:00Z,79317.2
2025-10-09T14:00:00Z,79913.9
2025-10-09T15:00:00Z,77416.9
2025-10-09T16:00:00Z,75769.9
2025-10-09T17:00:00Z,72464.6
2025-10-09T18:00:00Z,70492.3
2025-10-09T19:00:00Z,66535.1
2025-10-09T20:00:00Z,65485.3
2025-10-09T21:00:00Z,61998.3
2025-10-09T22:00:00Z,59743.1
2025-10-09T23:00:00Z,60311.1
2025-10-10T00:00:00Z,58530.3
2025-10-10T01:00:00Z,60731.6
2025-10-10T02:00:00Z,62243.9
2025-10-10T03:00:00Z,63489.3
2025-10-10T04:00:00Z,65395.2
2025-10-10T05:00:00Z,68098.9
2025-10-10T06:00:00Z,68608.6
2025-10-10T07:00:00Z,71473.8
2025-10-10T08:00:00Z,75796.1
2025-10-10T09:00:00Z,76463.2
2025-10-10T10:00:00Z,78377.1
2025-10-10T11:00:00Z,79380.1
2025-10-10T12:00:00Z,81098.2
2025-10-10T13:00:00Z,79014.4
2025-10-10T14:00:00Z,78460.5
2025-10-10T15:00:00Z,78519.0
2025-10-10T16:00:00Z,74900.1
2025-10-10T17:00:00Z,73543.2
2025-10-10T18:00:00Z,70274.2
2025-10-10T19:00:00Z,67419.2
2025-10-10T20:00:00Z,65687.9
2025-10-10T21:00:00Z,61463.8
2025-10-10T22:00:00Z,59277.8
2025-10-10T23:00:00Z,60022.2
2025-10-11T00:00:00Z,56408.1
2025-10-11T01:00:00Z,58408.0
2025-10-11T02:00:00Z,57640.4
2025-10-11T03:00:00Z,59603.5
2025-10-11T04:00:00Z,61882.7
2025-10-11T05:00:00Z,65365.9
2025-10-11T06:00:00Z,66084.4
2025-10-11T07:00:00Z,69835.1
2025-10-11T08:00:00Z,71664.4
2025-10-11T09:00:00Z,75544.6
2025-10-11T10:00:00Z,74407.1
2025-10-11T11:00:00Z,78000.1
2025-10-11T12:00:00Z,77132.8
2025-10-11T13:00:00Z,76151.9
2025-10-11T14:00:00Z,76015.5
2025-10-11T15:00:00Z,72998.7
2025-10-11T16:00:00Z,73341.0
2025-10-11T17:00:00Z,69050.9
2025-10-11T18:00:00Z,68264.0
2025-10-11T19:00:00Z,64317.7
2025-10-11T20:00:00Z,62165.9
2025-10-11T21:00:00Z,58381.5
2025-10-11T22:00:00Z,59593.7
2025-10-11T23:00:00Z,58568.3
2025-10-12T00:00:00Z,55449.3
2025-10-12T01:00:00Z,56680.9
2025-10-12T02:00:00Z,59255.0
2025-10-12T03:00:00Z,59123.9
2025-10-12T04:00:00Z,64399.4
2025-10-12T05:00:00Z,65461.0
2025-10-12T06:00:00Z,66514.4
2025-10-12T07:00:00Z,67769.7
2025-10-12T08:00:00Z,73375.0
2025-10-12T09:00:00Z,75827.5
2025-10-12T10:00:00Z,75352.5
2025-10-12T11:00:00Z,76434.3
2025-10-12T12:00:00Z,77332.3
2025-10-12T13:00:00Z,75739.7
2025-10-12T14:00:00Z,76304.0
2025-10-12T15:00:00Z,75547.3
2025-10-12T16:00:00Z,72105.8
2025-10-12T17:00:00Z,68626.5
2025-10-12T18:00:00Z,66541.3
2025-10-12T19:00:00Z,62982.2
2025-10-12T20:00:00Z,60831.0
2025-10-12T21:00:00Z,59518.6
2025-10-12T22:00:00Z,58739.3
2025-10-12T23:00:00Z,57100.3
2025-10-13T00:00:00Z,60423.7
2025-10-13T01:00:00Z,59371.5
2025-10-13T02:00:00Z,63195.0
2025-10-13T03:00:00Z,63478.9
2025-10-13T04:00:00Z,66481.7
2025-10-13T05:00:00Z,66507.3
2025-10-13T06:00:00Z,69890.5
2025-10-13T07:00:00Z,71899.7
2025-10-13T08:00:00Z,76106.7
2025-10-13T09:00:00Z,76111.3
2025-10-13T10:00:00Z,80094.9
2025-10-13T11:00:00Z,79556.4
2025-10-13T12:00:00Z,79455.8
2025-10-13T13:00:00Z,79401.2
2025-10-13T14:00:00Z,78255.6
2025-10-13T15:00:00Z,76574.5
2025-10-13T16:00:00Z,76321.1
2025-10-13T17:00:00Z,72671.4
2025-10-13T18:00:00Z,69081.2
2025-10-13T19:00:00Z,67376.0
2025-10-13T20:00:00Z,64019.2
2025-10-13T21:00:00Z,61137.5
2025-10-13T22:00:00Z,60623.2
2025-10-13T23:00:00Z,59563.7
2025-10-14T00:00:00Z,60193.2
2025-10-14T01:00:00Z,58990.3
2025-10-14T02:00:00Z,62495.3
2025-10-14T03:00:00Z,61415.6
2025-10-14T04:00:00Z,63926.2
2025-10-14T05:00:00Z,66361.1
2025-10-14T06:00:00Z,69059.7
2025-10-14T07:00:00Z,73255.6
2025-10-14T08:00:00Z,75093.6
2025-10-14T09:00:00Z,76400.5
2025-10-14T10:00:00Z,79150.2
2025-10-14T11:00:00Z,78871.4
2025-10-14T12:00:00Z,81051.4
2025-10-14T13:00:00Z,79946.3
2025-10-14T14:00:00Z,78188.3
2025-10-14T15:00:00Z,77150.2
2025-10-14T16:00:00Z,75006.4
2025-10-14T17:00:00Z,72193.0
2025-10-14T18:00:00Z,70883.7
2025-10-14T19:00:00Z,66718.0
2025-10-14T20:00:00Z,64184.8
2025-10-14T21:00:00Z,63234.8
2025-10-14T22:00:00Z,61112.2
2025-10-14T23:00:00Z,60468.8
2025-10-15T00:00:00Z,58914.1
2025-10-15T01:00:00Z,60546.6
2025-10-15T02:00:00Z,61589.1
2025-10-15T03:00:00Z,64078.7
2025-10-15T04:00:00Z,65139.4
2025-10-15T05:00:00Z,66871.9
2025-10-15T06:00:00Z,70097.6
2025-10-15T07:00:00Z,73342.9
2025-10-15T08:00:00Z,75212.5
2025-10-15T09:00:00Z,77674.5
2025-10-15T10:00:00Z,78995.7
2025-10-15T11:00:00Z,79101.9
2025-10-15T12:00:00Z,79703.6
2025-10-15T13:00:00Z,80503.4
2025-10-15T14:00:00Z,77061.0
2025-10-15T15:00:00Z,79088.6
2025-10-15T16:00:00Z,74615.8
2025-10-15T17:00:00Z,72355.0
2025-10-15T18:00:00Z,71103.9
2025-10-15T19:00:00Z,66953.1
2025-10-15T20:00:00Z,64617.8
2025-10-15T21:00:00Z,62046.9
2025-10-15T22:00:00Z,62737.0
2025-10-15T23:00:00Z,61603.4
2025-10-16T00:00:00Z,58918.4
2025-10-16T01:00:00Z,60996.6
2025-10-16T02:00:00Z,62634.1
2025-10-16T03:00:00Z,62676.4
2025-10-16T04:00:00Z,65588.1
2025-10-16T05:00:00Z,66642.5
2025-10-16T06:00:00Z,69672.6
2025-10-16T07:00:00Z,72474.8
2025-10-16T08:00:00Z,74928.0
2025-10-16T09:00:00Z,76994.5
2025-10-16T10:00:00Z,78581.4
2025-10-16T11:00:00Z,79564.4
2025-10-16T12:00:00Z,79878.4
2025-10-16T13:00:00Z,80310.1
2025-10-16T14:00:00Z,79188.6
2025-10-16T15:00:00Z,77773.1
2025-10-16T16:00:00Z,75446.6
2025-10-16T17:00:00Z,71713.2
2025-10-16T18:00:00Z,69504.8
2025-10-16T19:00:00Z,66132.2
2025-10-16T20:00:00Z,65650.0
2025-10-16T21:00:00Z,63259.2
2025-10-16T22:00:00Z,59927.1
2025-10-16T23:00:00Z,60038.5
2025-10-17T00:00:00Z,59820.6
2025-10-17T01:00:00Z,60889.2
2025-10-17T02:00:00Z,62508.3
2025-10-17T03:00:00Z,63142.4
2025-10-17T04:00:00Z,64971.5
2025-10-17T05:00:00Z,65885.4
2025-10-17T06:00:00Z,70814.3
2025-10-17T07:00:00Z,71772.3
2025-10-17T08:00:00Z,75292.0
2025-10-17T09:00:00Z,78899.0
2025-10-17T10:00:00Z,79426.2
2025-10-17T11:00:00Z,79754.9
2025-10-17T12:00:00Z,79507.5
2025-10-17T13:00:00Z,80197.4
2025-10-17T14:00:00Z,78470.4
2025-10-17T15:00:00Z,75543.0
2025-10-17T16:00:00Z,75731.7
2025-10-17T17:00:00Z,72644.8
2025-10-17T18:00:00Z,69603.3
2025-10-17T19:00:00Z,68016.7
2025-10-17T20:00:00Z,66268.9
2025-10-17T21:00:00Z,62402.9
2025-10-17T22:00:00Z,62033.1
2025-10-17T23:00:00Z,60140.8
2025-10-18T00:00:00Z,56940.9
2025-10-18T01:00:00Z,57612.1
2025-10-18T02:00:00Z,58372.2
2025-10-18T03:00:00Z,59185.3
2025-10-18T04:00:00Z,63246.4
2025-10-18T05:00:00Z,64543.8
2025-10-18T06:00:00Z,68756.4
2025-10-18T07:00:00Z,70291.4
2025-10-18T08:00:00Z,72654.7
2025-10-18T09:00:00Z,73469.5
2025-10-18T10:00:00Z,77918.2
2025-10-18T11:00:00Z,78781.9
2025-10-18T12:00:00Z,78251.3
2025-10-18T13:00:00Z,77555.9
2025-10-18T14:00:00Z,75569.2
2025-10-18T15:00:00Z,74727.0
2025-10-18T16:00:00Z,71186.3
2025-10-18T17:00:00Z,71006.3
2025-10-18T18:00:00Z,67337.6
2025-10-18T19:00:00Z,65336.7
2025-10-18T20:00:00Z,63487.9
2025-10-18T21:00:00Z,58518.6
2025-10-18T22:00:00Z,56975.2
2025-10-18T23:00:00Z,58785.2
2025-10-19T00:00:00Z,58485.7
2025-10-19T01:00:00Z,57138.5
2025-10-19T02:00:00Z,57450.1
2025-10-19T03:00:00Z,58293.8
2025-10-19T04:00:00Z,62100.3
2025-10-19T05:00:00Z,63173.5
2025-10-19T06:00:00Z,67449.8
2025-10-19T07:00:00Z,70590.6
2025-10-19T08:00:00Z,72022.3
2025-10-19T09:00:00Z,75085.5
2025-10-19T10:00:00Z,77308.3
2025-10-19T11:00:00Z,77558.1
2025-10-19T12:00:00Z,75753.9
2025-10-19T13:00:00Z,77405.0
2025-10-19T14:00:00Z,76147.8
2025-10-19T15:00:00Z,74382.8
2025-10-19T16:00:00Z,74589.9
2025-10-19T17:00:00Z,71552.1
2025-10-19T18:00:00Z,67646.0
2025-10-19T19:00:00Z,64994.7
2025-10-19T20:00:00Z,63021.2
2025-10-19T21:00:00Z,61621.9
2025-10-19T22:00:00Z,57817.4
2025-10-19T23:00:00Z,57247.9
2025-10-20T00:00:00Z,60067.7
2025-10-20T01:00:00Z,60347.0
2025-10-20T02:00:00Z,62398.1
2025-10-20T03:00:00Z,64243.5
2025-10-20T04:00:00Z,63453.0
2025-10-20T05:00:00Z,66869.7
2025-10-20T06:00:00Z,69793.1
2025-10-20T07:00:00Z,74310.9
2025-10-20T08:00:00Z,76938.3
2025-10-20T09:00:00Z,75739.7
2025-10-20T10:00:00Z,79727.2
2025-10-20T11:00:00Z,80796.3
2025-10-20T12:00:00Z,80290.3
2025-10-20T13:00:00Z,78201.7
2025-10-20T14:00:00Z,78187.1
2025-10-20T15:00:00Z,77696.7
2025-10-20T16:00:00Z,75738.3
2025-10-20T17:00:00Z,72509.2
2025-10-20T18:00:00Z,67251.9
2025-10-20T19:00:00Z,67492.1
2025-10-20T20:00:00Z,64854.6
2025-10-20T21:00:00Z,63666.7
2025-10-20T22:00:00Z,60634.6
2025-10-20T23:00:00Z,60219.1
2025-10-21T00:00:00Z,59735.6
2025-10-21T01:00:00Z,59668.0
2025-10-21T02:00:00Z,60449.2
2025-10-21T03:00:00Z,63747.9
2025-10-21T04:00:00Z,66215.3
2025-10-21T05:00:00Z,67525.4
2025-10-21T06:00:00Z,69961.4
2025-10-21T07:00:00Z,73255.6
2025-10-21T08:00:00Z,75371.0
2025-10-21T09:00:00Z,78994.2
2025-10-21T10:00:00Z,79705.4
2025-10-21T11:00:00Z,79943.7
2025-10-21T12:00:00Z,81162.8
2025-10-21T13:00:00Z,79824.6
2025-10-21T14:00:00Z,79176.3
2025-10-21T15:00:00Z,76619.5
2025-10-21T16:00:00Z,74576.7
2025-10-21T17:00:00Z,73273.2
2025-10-21T18:00:00Z,69929.4
2025-10-21T19:00:00Z,67705.4
2025-10-21T20:00:00Z,65120.1
2025-10-21T21:00:00Z,62112.8
2025-10-21T22:00:00Z,62449.8
2025-10-21T23:00:00Z,60173.6
2025-10-22T00:00:00Z,61054.7
2025-10-22T01:00:00Z,59534.8
2025-10-22T02:00:00Z,60495.6
2025-10-22T03:00:00Z,62280.7
2025-10-22T04:00:00Z,64599.5
2025-10-22T05:00:00Z,67609.1
2025-10-22T06:00:00Z,69733.9
2025-10-22T07:00:00Z,73757.6
2025-10-22T08:00:00Z,74719.8
2025-10-22T09:00:00Z,78177.0
2025-10-22T10:00:00Z,79382.8
2025-10-22T11:00:00Z,79037.1
2025-10-22T12:00:00Z,79810.9
2025-10-22T13:00:00Z,78591.8
2025-10-22T14:00:00Z,79845.2
2025-10-22T15:00:00Z,76243.1
2025-10-22T16:00:00Z,75972.1
2025-10-22T17:00:00Z,71846.5
2025-10-22T18:00:00Z,71130.9
2025-10-22T19:00:00Z,68154.9
2025-10-22T20:00:00Z,65353.2
2025-10-22T21:00:00Z,62071.0
2025-10-22T22:00:00Z,61659.5
2025-10-22T23:00:00Z,59995.5
2025-10-23T00:00:00Z,59516.1
2025-10-23T01:00:00Z,60670.2
2025-10-23T02:00:00Z,61328.9
2025-10-23T03:00:00Z,61523.9
2025-10-23T04:00:00Z,64762.7
2025-10-23T05:00:00Z,67683.7
2025-10-23T06:00:00Z,70270.0
2025-10-23T07:00:00Z,72086.6
2025-10-23T08:00:00Z,74755.3
2025-10-23T09:00:00Z,78503.3
2025-10-23T10:00:00Z,79372.4
2025-10-23T11:00:00Z,79412.0
2025-10-23T12:00:00Z,79026.0
2025-10-23T13:00:00Z,79218.0
2025-10-23T14:00:00Z,79282.2
2025-10-23T15:00:00Z,76404.6
2025-10-23T16:00:00Z,75814.6
2025-10-23T17:00:00Z,73997.0
2025-10-23T18:00:00Z,70407.0
2025-10-23T19:00:00Z,67947.6
2025-10-23T20:00:00Z,64124.3
2025-10-23T21:00:00Z,62478.5
2025-10-23T22:00:00Z,62064.7
2025-10-23T23:00:00Z,59781.9
2025-10-24T00:00:00Z,59683.2
2025-10-24T01:00:00Z,60430.1
2025-10-24T02:00:00Z,61007.0
2025-10-24T03:00:00Z,63889.0
2025-10-24T04:00:00Z,64651.4
2025-10-24T05:00:00Z,66050.5
2025-10-24T06:00:00Z,71195.3
2025-10-24T07:00:00Z,74355.3
2025-10-24T08:00:00Z,75154.3
2025-10-24T09:00:00Z,76085.6
2025-10-24T10:00:00Z,80455.3
2025-10-24T11:00:00Z,79636.9
2025-10-24T12:00:00Z,81532.4
2025-10-24T13:00:00Z,81112.9
2025-10-24T14:00:00Z,78026.3
2025-10-24T15:00:00Z,78788.4
2025-10-24T16:00:00Z,75746.9
2025-10-24T17:00:00Z,71800.7
2025-10-24T18:00:00Z,71502.4
2025-10-24T19:00:00Z,69160.8
2025-10-24T20:00:00Z,65331.2
2025-10-24T21:00:00Z,63001.7
2025-10-24T22:00:00Z,60906.1
2025-10-24T23:00:00Z,59679.3
2025-10-25T00:00:00Z,59620.4
2025-10-25T01:00:00Z,59419.0
2025-10-25T02:00:00Z,57658.9
2025-10-25T03:00:00Z,59697.0
2025-10-25T04:00:00Z,61308.1
2025-10-25T05:00:00Z,64185.0
2025-10-25T06:00:00Z,66460.2
2025-10-25T07:00:00Z,71190.4
2025-10-25T08:00:00Z,72199.0
2025-10-25T09:00:00Z,72606.5
2025-10-25T10:00:00Z,78059.9
2025-10-25T11:00:00Z,77776.6
2025-10-25T12:00:00Z,78756.0
2025-10-25T13:00:00Z,78706.5
2025-10-25T14:00:00Z,77882.0
2025-10-25T15:00:00Z,73133.8
2025-10-25T16:00:00Z,72581.0
2025-10-25T17:00:00Z,69824.0
2025-10-25T18:00:00Z,67074.9
2025-10-25T19:00:00Z,66111.4
2025-10-25T20:00:00Z,62255.0
2025-10-25T21:00:00Z,59886.4
2025-10-25T22:00:00Z,57678.1
2025-10-25T23:00:00Z,56641.8
2025-10-26T00:00:00Z,55188.4
2025-10-26T01:00:00Z,55563.8
2025-10-26T02:00:00Z,58120.2
2025-10-26T03:00:00Z,59571.2
2025-10-26T04:00:00Z,63165.3
2025-10-26T05:00:00Z,65640.3
2025-10-26T06:00:00Z,67401.4
2025-10-26T07:00:00Z,70440.7
2025-10-26T08:00:00Z,72648.3
2025-10-26T09:00:00Z,74700.7
2025-10-26T10:00:00Z,76308.4
2025-10-26T11:00:00Z,78606.7
2025-10-26T12:00:00Z,75861.7
2025-10-26T13:00:00Z,77236.2
2025-10-26T14:00:00Z,76201.2
2025-10-26T15:00:00Z,75367.7
2025-10-26T16:00:00Z,73105.5
2025-10-26T17:00:00Z,70944.4
2025-10-26T18:00:00Z,68368.5
2025-10-26T19:00:00Z,63485.7
2025-10-26T20:00:00Z,62539.6
2025-10-26T21:00:00Z,59937.7
2025-10-26T22:00:00Z,59229.9
2025-10-26T23:00:00Z,56622.3
2025-10-27T00:00:00Z,58893.0
2025-10-27T01:00:00Z,59256.2
2025-10-27T02:00:00Z,61435.1
2025-10-27T03:00:00Z,61910.8
2025-10-27T04:00:00Z,64461.9
2025-10-27T05:00:00Z,68692.0
2025-10-27T06:00:00Z,70416.5
2025-10-27T07:00:00Z,72594.0
2025-10-27T08:00:00Z,74400.2
2025-10-27T09:00:00Z,78174.8
2025-10-27T10:00:00Z,77886.7
2025-10-27T11:00:00Z,80869.4
2025-10-27T12:00:00Z,80443.2
2025-10-27T13:00:00Z,80350.5
2025-10-27T14:00:00Z,79363.8
2025-10-27T15:00:00Z,76125.8
2025-10-27T16:00:00Z,75392.3
2025-10-27T17:00:00Z,72272.0
2025-10-27T18:00:00Z,70542.5
2025-10-27T19:00:00Z,65845.3
2025-10-27T20:00:00Z,65766.6
2025-10-27T21:00:00Z,62720.9
2025-10-27T22:00:00Z,60032.1
2025-10-27T23:00:00Z,60033.3
2025-10-28T00:00:00Z,59788.7
2025-10-28T01:00:00Z,59142.8
2025-10-28T02:00:00Z,60669.5
2025-10-28T03:00:00Z,61611.9
2025-10-28T04:00:00Z,64509.7
2025-10-28T05:00:00Z,67126.0
2025-10-28T06:00:00Z,69551.5
2025-10-28T07:00:00Z,73112.1
2025-10-28T08:00:00Z,75995.3
2025-10-28T09:00:00Z,76260.5
2025-10-28T10:00:00Z,79399.0
2025-10-28T11:00:00Z,80289.5
2025-10-28T12:00:00Z,79375.2
2025-10-28T13:00:00Z,81279.3
2025-10-28T14:00:00Z,79841.1
2025-10-28T15:00:00Z,77491.9
2025-10-28T16:00:00Z,74096.7
2025-10-28T17:00:00Z,71665.8
2025-10-28T18:00:00Z,71352.5
2025-10-28T19:00:00Z,66205.3
2025-10-28T20:00:00Z,64060.3
2025-10-28T21:00:00Z,63232.2
2025-10-28T22:00:00Z,60269.1
2025-10-28T23:00:00Z,59856.1
2025-10-29T00:00:00Z,58967.9
2025-10-29T01:00:00Z,60082.2
2025-10-29T02:00:00Z,61392.5
2025-10-29T03:00:00Z,61302.1
2025-10-29T04:00:00Z,64650.0
2025-10-29T05:00:00Z,65951.5
2025-10-29T06:00:00Z,69659.3
2025-10-29T07:00:00Z,72506.5
2025-10-29T08:00:00Z,76220.0
2025-10-29T09:00:00Z,77027.9
2025-10-29T10:00:00Z,78628.4
2025-10-29T11:00:00Z,80622.8
2025-10-29T12:00:00Z,79016.6
2025-10-29T13:00:00Z,79120.7
2025-10-29T14:00:00Z,79761.7
2025-10-29T15:00:00Z,77725.8
2025-10-29T16:00:00Z,76012.6
2025-10-29T17:00:00Z,72900.5
2025-10-29T18:00:00Z,70931.4
2025-10-29T19:00:00Z,67088.4
2025-10-29T20:00:00Z,65632.3
2025-10-29T21:00:00Z,63073.6
2025-10-29T22:00:00Z,61231.9
2025-10-29T23:00:00Z,60915.8
2025-10-30T00:00:00Z,57683.3
2025-10-30T01:00:00Z,60262.7
2025-10-30T02:00:00Z,61417.3
2025-10-30T03:00:00Z,63466.8
2025-10-30T04:00:00Z,65509.1
2025-10-30T05:00:00Z,66087.4
2025-10-30T06:00:00Z,69292.2
2025-10-30T07:00:00Z,71626.1
2025-10-30T08:00:00Z,74751.2
2025-10-30T09:00:00Z,76032.2
2025-10-30T10:00:00Z,77863.7
2025-10-30T11:00:00Z,79588.1
2025-10-30T12:00:00Z,80287.4
2025-10-30T13:00:00Z,79702.8
2025-10-30T14:00:00Z,78507.2
2025-10-30T15:00:00Z,77030.7
2025-10-30T16:00:00Z,76005.3
2025-10-30T17:00:00Z,71123.3
2025-10-30T18:00:00Z,69555.7
2025-10-30T19:00:00Z,66366.5
2025-10-30T20:00:00Z,64373.9
2025-10-30T21:00:00Z,63176.0
2025-10-30T22:00:00Z,60051.7
2025-10-30T23:00:00Z,58854.2
2025-10-31T00:00:00Z,60141.5
2025-10-31T01:00:00Z,60733.3
2025-10-31T02:00:00Z,59103.6
2025-10-31T03:00:00Z,62500.5
2025-10-31T04:00:00Z,64876.1
2025-10-31T05:00:00Z,68770.1
2025-10-31T06:00:00Z,69548.4
2025-10-31T07:00:00Z,73294.1
2025-10-31T08:00:00Z,75501.5
2025-10-31T09:00:00Z,77566.5
2025-10-31T10:00:00Z,78496.5
2025-10-31T11:00:00Z,80571.2
2025-10-31T12:00:00Z,80800.8
2025-10-31T13:00:00Z,80347.0
2025-10-31T14:00:00Z,77091.5
2025-10-31T15:00:00Z,76496.6
2025-10-31T16:00:00Z,74510.0
2025-10-31T17:00:00Z,71925.7
2025-10-31T18:00:00Z,69848.1
2025-10-31T19:00:00Z,66697.9
2025-10-31T20:00:00Z,64467.0
2025-10-31T21:00:00Z,62708.9
2025-10-31T22:00:00Z,61392.6
2025-10-31T23:00:00Z,60205.9
2025-11-01T00:00:00Z,56299.8
2025-11-01T01:00:00Z,56219.7
2025-11-01T02:00:00Z,58439.9
2025-11-01T03:00:00Z,60009.2
2025-11-01T04:00:00Z,60932.9
2025-11-01T05:00:00Z,64979.4
2025-11-01T06:00:00Z,67436.9
2025-11-01T07:00:00Z,68272.0
2025-11-01T08:00:00Z,72663.0
2025-11-01T09:00:00Z,73055.1
2025-11-01T10:00:00Z,76639.0
2025-11-01T11:00:00Z,75381.3
2025-11-01T12:00:00Z,77927.5
2025-11-01T13:00:00Z,76903.1
2025-11-01T14:00:00Z,75730.4
2025-11-01T15:00:00Z,73695.8
2025-11-01T16:00:00Z,71922.3
2025-11-01T17:00:00Z,70095.7
2025-11-01T18:00:00Z,66443.0
2025-11-01T19:00:00Z,64171.2
2025-11-01T20:00:00Z,60500.1
2025-11-01T21:00:00Z,59790.2
2025-11-01T22:00:00Z,57787.0
2025-11-01T23:00:00Z,57092.3
2025-11-02T00:00:00Z,58653.8
2025-11-02T01:00:00Z,57094.7
2025-11-02T02:00:00Z,58222.4
2025-11-02T03:00:00Z,60479.1
2025-11-02T04:00:00Z,61552.5
2025-11-02T05:00:00Z,64161.2
2025-11-02T06:00:00Z,67988.1
2025-11-02T07:00:00Z,69001.2
2025-11-02T08:00:00Z,70441.8
2025-11-02T09:00:00Z,74666.0
2025-11-02T10:00:00Z,77136.4
2025-11-02T11:00:00Z,77461.4
2025-11-02T12:00:00Z,75670.3
2025-11-02T13:00:00Z,77672.1
2025-11-02T14:00:00Z,75931.3
2025-11-02T15:00:00Z,74180.3
2025-11-02T16:00:00Z,73386.5
2025-11-02T17:00:00Z,67090.3
2025-11-02T18:00:00Z,66384.4
2025-11-02T19:00:00Z,63606.3
2025-11-02T20:00:00Z,62304.1
2025-11-02T21:00:00Z,59171.1
2025-11-02T22:00:00Z,57576.8
2025-11-02T23:00:00Z,57776.0
2025-11-03T00:00:00Z,58706.9
2025-11-03T01:00:00Z,59925.0
2025-11-03T02:00:00Z,59855.6
2025-11-03T03:00:00Z,63931.4
2025-11-03T04:00:00Z,65124.9
2025-11-03T05:00:00Z,67463.0
2025-11-03T06:00:00Z,70145.3
2025-11-03T07:00:00Z,72203.6
2025-11-03T08:00:00Z,75742.2
2025-11-03T09:00:00Z,75702.9
2025-11-03T10:00:00Z,78639.0
2025-11-03T11:00:00Z,78528.1
2025-11-03T12:00:00Z,80255.1
2025-11-03T13:00:00Z,78843.1
2025-11-03T14:00:00Z,77443.9
2025-11-03T15:00:00Z,76779.4
2025-11-03T16:00:00Z,74869.9
2025-11-03T17:00:00Z,72293.0
2025-11-03T18:00:00Z,69220.0
2025-11-03T19:00:00Z,67420.3
2025-11-03T20:00:00Z,63861.4
2025-11-03T21:00:00Z,63495.6
2025-11-03T22:00:00Z,60752.1
2025-11-03T23:00:00Z,60853.3
2025-11-04T00:00:00Z,58722.7
2025-11-04T01:00:00Z,60263.4
2025-11-04T02:00:00Z,60843.5
2025-11-04T03:00:00Z,62466.7
2025-11-04T04:00:00Z,65250.3
2025-11-04T05:00:00Z,66297.9
2025-11-04T06:00:00Z,70637.6
2025-11-04T07:00:00Z,74065.2
2025-11-04T08:00:00Z,75466.1
2025-11-04T09:00:00Z,75795.1
2025-11-04T10:00:00Z,79082.3
2025-11-04T11:00:00Z,79266.7
2025-11-04T12:00:00Z,80533.8
2025-11-04T13:00:00Z,80351.3
2025-11-04T14:00:00Z,77863.8
2025-11-04T15:00:00Z,79548.9
2025-11-04T16:00:00Z,74161.6
2025-11-04T17:00:00Z,72612.9
2025-11-04T18:00:00Z,68771.6
2025-11-04T19:00:00Z,66433.6
2025-11-04T20:00:00Z,63098.7
2025-11-04T21:00:00Z,61395.5
2025-11-04T22:00:00Z,60112.2
2025-11-04T23:00:00Z,59743.8
2025-11-05T00:00:00Z,59554.8
2025-11-05T01:00:00Z,58660.0
2025-11-05T02:00:00Z,60929.6
2025-11-05T03:00:00Z,62467.7
2025-11-05T04:00:00Z,64167.4
2025-11-05T05:00:00Z,66744.7
2025-11-05T06:00:00Z,70854.2
2025-11-05T07:00:00Z,74440.5
2025-11-05T08:00:00Z,73759.7
2025-11-05T09:00:00Z,78216.0
2025-11-05T10:00:00Z,79763.5
2025-11-05T11:00:00Z,79585.2
2025-11-05T12:00:00Z,80555.7
2025-11-05T13:00:00Z,79725.3
2025-11-05T14:00:00Z,79341.7
2025-11-05T15:00:00Z,76481.8
2025-11-05T16:00:00Z,73413.3
2025-11-05T17:00:00Z,71418.9
2025-11-05T18:00:00Z,70453.9
2025-11-05T19:00:00Z,67497.0
2025-11-05T20:00:00Z,65175.1
2025-11-05T21:00:00Z,62419.3
2025-11-05T22:00:00Z,60482.9
2025-11-05T23:00:00Z,60068.6
2025-11-06T00:00:00Z,57867.5
2025-11-06T01:00:00Z,59653.6
2025-11-06T02:00:00Z,61498.5
2025-11-06T03:00:00Z,62598.4
2025-11-06T04:00:00Z,63397.5
2025-11-06T05:00:00Z,65576.1
2025-11-06T06:00:00Z,69145.3
2025-11-06T07:00:00Z,70938.1
2025-11-06T08:00:00Z,75333.7
2025-11-06T09:00:00Z,77588.0
2025-11-06T10:00:00Z,79699.7
2025-11-06T11:00:00Z,79853.0
2025-11-06T12:00:00Z,79519.5
2025-11-06T13:00:00Z,80667.9
2025-11-06T14:00:00Z,79244.3
2025-11-06T15:00:00Z,78221.5
2025-11-06T16:00:00Z,73303.0
2025-11-06T17:00:00Z,71744.5
2025-11-06T18:00:00Z,67859.8
2025-11-06T19:00:00Z,68159.1
2025-11-06T20:00:00Z,65032.3
2025-11-06T21:00:00Z,61257.3
2025-11-06T22:00:00Z,60725.4
2025-11-06T23:00:00Z,57874.3
2025-11-07T00:00:00Z,59182.5
2025-11-07T01:00:00Z,58356.2
2025-11-07T02:00:00Z,61266.4
2025-11-07T03:00:00Z,61958.3
2025-11-07T04:00:00Z,63936.3
2025-11-07T05:00:00Z,67461.8
2025-11-07T06:00:00Z,69190.2
2025-11-07T07:00:00Z,71506.0
2025-11-07T08:00:00Z,75101.6
2025-11-07T09:00:00Z,75461.6
2025-11-07T10:00:00Z,78628.6
2025-11-07T11:00:00Z,79285.5
2025-11-07T12:00:00Z,80627.0
2025-11-07T13:00:00Z,79940.1
2025-11-07T14:00:00Z,78141.8
2025-11-07T15:00:00Z,76833.7
2025-11-07T16:00:00Z,76092.1
2025-11-07T17:00:00Z,74022.2
2025-11-07T18:00:00Z,68707.0
2025-11-07T19:00:00Z,65780.7
2025-11-07T20:00:00Z,64135.9
2025-11-07T21:00:00Z,62374.4
2025-11-07T22:00:00Z,61479.7
2025-11-07T23:00:00Z,58927.8
2025-11-08T00:00:00Z,55759.8
2025-11-08T01:00:00Z,56815.2
2025-11-08T02:00:00Z,56738.1
2025-11-08T03:00:00Z,58779.4
2025-11-08T04:00:00Z,61394.1
2025-11-08T05:00:00Z,64044.3
2025-11-08T06:00:00Z,67203.5
2025-11-08T07:00:00Z,69770.7
2025-11-08T08:00:00Z,70928.5
2025-11-08T09:00:00Z,74375.2
2025-11-08T10:00:00Z,75869.4
2025-11-08T11:00:00Z,77757.4
2025-11-08T12:00:00Z,76654.5
2025-11-08T13:00:00Z,77602.4
2025-11-08T14:00:00Z,76021.9
2025-11-08T15:00:00Z,72249.9
2025-11-08T16:00:00Z,72601.8
2025-11-08T17:00:00Z,67644.3
2025-11-08T18:00:00Z,66841.9
2025-11-08T19:00:00Z,65048.6
2025-11-08T20:00:00Z,60120.1
2025-11-08T21:00:00Z,58520.5
2025-11-08T22:00:00Z,56315.8
2025-11-08T23:00:00Z,54534.1
2025-11-09T00:00:00Z,55389.0
2025-11-09T01:00:00Z,56854.0
2025-11-09T02:00:00Z,58518.1
2025-11-09T03:00:00Z,58616.1
2025-11-09T04:00:00Z,61130.8
2025-11-09T05:00:00Z,61285.9
2025-11-09T06:00:00Z,68794.8
2025-11-09T07:00:00Z,68068.0
2025-11-09T08:00:00Z,71646.9
2025-11-09T09:00:00Z,74014.4
2025-11-09T10:00:00Z,75473.5
2025-11-09T11:00:00Z,77302.7
2025-11-09T12:00:00Z,77268.1
2025-11-09T13:00:00Z,76618.6
2025-11-09T14:00:00Z,73616.8
2025-11-09T15:00:00Z,73094.2
2025-11-09T16:00:00Z,72395.2
2025-11-09T17:00:00Z,69623.9
2025-11-09T18:00:00Z,66242.9
2025-11-09T19:00:00Z,63534.9
2025-11-09T20:00:00Z,60676.4
2025-11-09T21:00:00Z,59892.3
2025-11-09T22:00:00Z,58019.8
2025-11-09T23:00:00Z,56635.6
2025-11-10T00:00:00Z,59072.0
2025-11-10T01:00:00Z,59827.5
2025-11-10T02:00:00Z,60287.1
2025-11-10T03:00:00Z,62106.8
2025-11-10T04:00:00Z,64697.0
2025-11-10T05:00:00Z,64743.2
2025-11-10T06:00:00Z,69341.6
2025-11-10T07:00:00Z,71021.6
2025-11-10T08:00:00Z,74520.9
2025-11-10T09:00:00Z,77524.3
2025-11-10T10:00:00Z,78882.2
2025-11-10T11:00:00Z,79222.1
2025-11-10T12:00:00Z,79590.8
2025-11-10T13:00:00Z,79846.8
2025-11-10T14:00:00Z,79009.0
2025-11-10T15:00:00Z,76060.7
2025-11-10T16:00:00Z,75118.1
2025-11-10T17:00:00Z,71087.6
2025-11-10T18:00:00Z,69001.0
2025-11-10T19:00:00Z,67001.9
2025-11-10T20:00:00Z,64141.2
2025-11-10T21:00:00Z,60779.8
2025-11-10T22:00:00Z,60495.5
2025-11-10T23:00:00Z,57748.5
2025-11-11T00:00:00Z,58313.2
2025-11-11T01:00:00Z,58722.0
2025-11-11T02:00:00Z,60210.6
2025-11-11T03:00:00Z,60793.4
2025-11-11T04:00:00Z,64006.8
2025-11-11T05:00:00Z,67678.2
2025-11-11T06:00:00Z,68784.7
2025-11-11T07:00:00Z,71220.7
2025-11-11T08:00:00Z,72778.4
2025-11-11T09:00:00Z,77476.4
2025-11-11T10:00:00Z,78496.7
2025-11-11T11:00:00Z,78568.4
2025-11-11T12:00:00Z,79702.8
2025-11-11T13:00:00Z,78864.3
2025-11-11T14:00:00Z,79156.2
2025-11-11T15:00:00Z,76319.3
2025-11-11T16:00:00Z,74202.5
2025-11-11T17:00:00Z,72223.6
2025-11-11T18:00:00Z,68924.2
2025-11-11T19:00:00Z,66019.4
2025-11-11T20:00:00Z,64765.2
2025-11-11T21:00:00Z,61399.8
2025-11-11T22:00:00Z,60203.6
2025-11-11T23:00:00Z,59434.9
2025-11-12T00:00:00Z,59565.8
2025-11-12T01:00:00Z,59408.8
2025-11-12T02:00:00Z,60397.0
2025-11-12T03:00:00Z,62545.0
2025-11-12T04:00:00Z,64892.1
2025-11-12T05:00:00Z,66517.0
2025-11-12T06:00:00Z,69529.9
2025-11-12T07:00:00Z,72197.9
2025-11-12T08:00:00Z,73767.0
2025-11-12T09:00:00Z,77246.5
2025-11-12T10:00:00Z,77011.0
2025-11-12T11:00:00Z,78913.4
2025-11-12T12:00:00Z,78569.5
2025-11-12T13:00:00Z,77130.3
2025-11-12T14:00:00Z,78376.4
2025-11-12T15:00:00Z,76721.3
2025-11-12T16:00:00Z,73156.2
2025-11-12T17:00:00Z,71220.2
2025-11-12T18:00:00Z,68536.8
2025-11-12T19:00:00Z,67378.5
2025-11-12T20:00:00Z,64240.4
2025-11-12T21:00:00Z,60970.6
2025-11-12T22:00:00Z,60233.2
2025-11-12T23:00:00Z,59272.0
2025-11-13T00:00:00Z,59626.1
2025-11-13T01:00:00Z,59430.7
2025-11-13T02:00:00Z,59907.1
2025-11-13T03:00:00Z,60687.1
2025-11-13T04:00:00Z,62331.5
2025-11-13T05:00:00Z,64138.2
2025-11-13T06:00:00Z,68970.6
2025-11-13T07:00:00Z,72244.3
2025-11-13T08:00:00Z,74524.1
2025-11-13T09:00:00Z,76283.8
2025-11-13T10:00:00Z,78809.6
2025-11-13T11:00:00Z,78480.8
2025-11-13T12:00:00Z,80206.5
2025-11-13T13:00:00Z,78474.9
2025-11-13T14:00:00Z,78227.0
2025-11-13T15:00:00Z,76331.9
2025-11-13T16:00:00Z,73967.5
2025-11-13T17:00:00Z,71507.3
2025-11-13T18:00:00Z,69431.4
2025-11-13T19:00:00Z,65284.0
2025-11-13T20:00:00Z,64828.0
2025-11-13T21:00:00Z,62621.9
2025-11-13T22:00:00Z,61105.6
2025-11-13T23:00:00Z,59266.3
2025-11-14T00:00:00Z,56911.3
2025-11-14T01:00:00Z,59428.4
2025-11-14T02:00:00Z,59195.1
2025-11-14T03:00:00Z,61140.3
2025-11-14T04:00:00Z,64059.5
2025-11-14T05:00:00Z,66101.8
2025-11-14T06:00:00Z,69463.4
2025-11-14T07:00:00Z,70457.3
2025-11-14T08:00:00Z,74125.6
2025-11-14T09:00:00Z,75857.7
2025-11-14T10:00:00Z,77603.2
2025-11-14T11:00:00Z,79124.7
2025-11-14T12:00:00Z,77685.0
2025-11-14T13:00:00Z,79129.9
2025-11-14T14:00:00Z,77275.4
2025-11-14T15:00:00Z,76476.1
2025-11-14T16:00:00Z,72857.0
2025-11-14T17:00:00Z,71624.0
2025-11-14T18:00:00Z,69598.3
2025-11-14T19:00:00Z,65450.8
2025-11-14T20:00:00Z,64285.7
2025-11-14T21:00:00Z,60391.8
2025-11-14T22:00:00Z,59278.5
2025-11-14T23:00:00Z,60789.4
2025-11-15T00:00:00Z,56112.0
2025-11-15T01:00:00Z,56431.1
2025-11-15T02:00:00Z,56559.2
2025-11-15T03:00:00Z,58992.9
2025-11-15T04:00:00Z,62328.4
2025-11-15T05:00:00Z,64175.4
2025-11-15T06:00:00Z,66022.0
2025-11-15T07:00:00Z,67998.3
2025-11-15T08:00:00Z,70501.2
2025-11-15T09:00:00Z,72048.6
2025-11-15T10:00:00Z,75242.3
2025-11-15T11:00:00Z,76587.8
2025-11-15T12:00:00Z,75259.3
2025-11-15T13:00:00Z,75831.5
2025-11-15T14:00:00Z,74483.4
2025-11-15T15:00:00Z,72286.5
2025-11-15T16:00:00Z,70849.9
2025-11-15T17:00:00Z,69204.3
2025-11-15T18:00:00Z,66078.8
2025-11-15T19:00:00Z,62574.1
2025-11-15T20:00:00Z,60537.4
2025-11-15T21:00:00Z,57342.5
2025-11-15T22:00:00Z,55498.0
2025-11-15T23:00:00Z,57438.5
2025-11-16T00:00:00Z,54842.2
2025-11-16T01:00:00Z,55694.7
2025-11-16T02:00:00Z,55776.5
2025-11-16T03:00:00Z,57900.6
2025-11-16T04:00:00Z,59782.2
2025-11-16T05:00:00Z,62277.1
2025-11-16T06:00:00Z,65192.8
2025-11-16T07:00:00Z,68311.6
2025-11-16T08:00:00Z,71414.2
2025-11-16T09:00:00Z,72766.1
2025-11-16T10:00:00Z,75848.5
2025-11-16T11:00:00Z,76089.4
2025-11-16T12:00:00Z,76447.4
2025-11-16T13:00:00Z,75168.1
2025-11-16T14:00:00Z,75222.3
2025-11-16T15:00:00Z,74122.2
2025-11-16T16:00:00Z,70486.8
2025-11-16T17:00:00Z,67608.3
2025-11-16T18:00:00Z,66515.0
2025-11-16T19:00:00Z,65046.3
2025-11-16T20:00:00Z,59825.4
2025-11-16T21:00:00Z,59774.6
2025-11-16T22:00:00Z,57189.5
2025-11-16T23:00:00Z,55119.1
2025-11-17T00:00:00Z,57189.9
2025-11-17T01:00:00Z,60325.0
2025-11-17T02:00:00Z,60174.7
2025-11-17T03:00:00Z,62812.4
2025-11-17T04:00:00Z,62412.4
2025-11-17T05:00:00Z,66555.5
2025-11-17T06:00:00Z,68162.8
2025-11-17T07:00:00Z,70721.1
2025-11-17T08:00:00Z,74508.8
2025-11-17T09:00:00Z,76106.4
2025-11-17T10:00:00Z,76062.6
2025-11-17T11:00:00Z,78561.3
2025-11-17T12:00:00Z,78909.1
2025-11-17T13:00:00Z,78413.1
2025-11-17T14:00:00Z,77254.2
2025-11-17T15:00:00Z,76603.8
2025-11-17T16:00:00Z,73321.9
2025-11-17T17:00:00Z,71155.9
2025-11-17T18:00:00Z,67410.0
2025-11-17T19:00:00Z,66503.2
2025-11-17T20:00:00Z,63535.4
2025-11-17T21:00:00Z,60992.2
2025-11-17T22:00:00Z,58123.8
2025-11-17T23:00:00Z,59613.7
2025-11-18T00:00:00Z,56700.2
2025-11-18T01:00:00Z,59889.1
2025-11-18T02:00:00Z,61041.4
2025-11-18T03:00:00Z,59885.3
2025-11-18T04:00:00Z,63497.4
2025-11-18T05:00:00Z,65113.3
2025-11-18T06:00:00Z,68305.7
2025-11-18T07:00:00Z,70410.7
2025-11-18T08:00:00Z,74215.6
2025-11-18T09:00:00Z,75974.5
2025-11-18T10:00:00Z,77803.2
2025-11-18T11:00:00Z,78750.8
2025-11-18T12:00:00Z,79245.9
2025-11-18T13:00:00Z,78443.1
2025-11-18T14:00:00Z,77450.4
2025-11-18T15:00:00Z,76215.8
2025-11-18T16:00:00Z,73777.2
2025-11-18T17:00:00Z,70552.2
2025-11-18T18:00:00Z,67608.1
2025-11-18T19:00:00Z,67317.9
2025-11-18T20:00:00Z,63399.8
2025-11-18T21:00:00Z,60971.5
2025-11-18T22:00:00Z,58761.5
2025-11-18T23:00:00Z,58050.2
2025-11-19T00:00:00Z,57814.2
2025-11-19T01:00:00Z,58405.5
2025-11-19T02:00:00Z,58205.8
2025-11-19T03:00:00Z,60670.3
2025-11-19T04:00:00Z,64237.4
2025-11-19T05:00:00Z,66115.0
2025-11-19T06:00:00Z,67968.0
2025-11-19T07:00:00Z,70189.5
2025-11-19T08:00:00Z,73960.5
2025-11-19T09:00:00Z,75044.7
2025-11-19T10:00:00Z,77373.1
2025-11-19T11:00:00Z,79244.6
2025-11-19T12:00:00Z,77985.7
2025-11-19T13:00:00Z,78058.4
2025-11-19T14:00:00Z,78346.4
2025-11-19T15:00:00Z,75865.1
2025-11-19T16:00:00Z,73252.6
2025-11-19T17:00:00Z,69995.8
2025-11-19T18:00:00Z,67767.6
2025-11-19T19:00:00Z,63525.5
2025-11-19T20:00:00Z,61747.7
2025-11-19T21:00:00Z,60808.4
2025-11-19T22:00:00Z,58429.4
2025-11-19T23:00:00Z,58988.3
2025-11-20T00:00:00Z,58036.1
2025-11-20T01:00:00Z,56875.3
2025-11-20T02:00:00Z,60014.4
2025-11-20T03:00:00Z,61810.5
2025-11-20T04:00:00Z,62529.6
2025-11-20T05:00:00Z,66892.3
2025-11-20T06:00:00Z,68651.1
2025-11-20T07:00:00Z,70368.9
2025-11-20T08:00:00Z,73637.2
2025-11-20T09:00:00Z,75335.3
2025-11-20T10:00:00Z,75926.1
2025-11-20T11:00:00Z,79145.7
2025-11-20T12:00:00Z,79589.3
2025-11-20T13:00:00Z,77134.0
2025-11-20T14:00:00Z,78336.5
2025-11-20T15:00:00Z,77010.3
2025-11-20T16:00:00Z,73664.4
2025-11-20T17:00:00Z,71231.6
2025-11-20T18:00:00Z,68707.1
2025-11-20T19:00:00Z,64176.0
2025-11-20T20:00:00Z,64121.0
2025-11-20T21:00:00Z,61650.9
2025-11-20T22:00:00Z,57577.3
2025-11-20T23:00:00Z,58596.6
2025-11-21T00:00:00Z,57935.3
2025-11-21T01:00:00Z,59541.3
2025-11-21T02:00:00Z,60254.6
2025-11-21T03:00:00Z,60265.2
2025-11-21T04:00:00Z,60638.1
2025-11-21T05:00:00Z,65259.1
2025-11-21T06:00:00Z,69041.3
2025-11-21T07:00:00Z,70332.1
2025-11-21T08:00:00Z,74331.0
2025-11-21T09:00:00Z,73904.7
2025-11-21T10:00:00Z,76957.5
2025-11-21T11:00:00Z,77888.7
2025-11-21T12:00:00Z,78641.7
2025-11-21T13:00:00Z,76239.8
2025-11-21T14:00:00Z,78183.1
2025-11-21T15:00:00Z,75575.3
2025-11-21T16:00:00Z,75099.7
2025-11-21T17:00:00Z,70983.0
2025-11-21T18:00:00Z,67968.6
2025-11-21T19:00:00Z,65936.5
2025-11-21T20:00:00Z,62821.8
2025-11-21T21:00:00Z,60904.8
2025-11-21T22:00:00Z,57326.4
2025-11-21T23:00:00Z,57239.5
2025-11-22T00:00:00Z,54803.3
2025-11-22T01:00:00Z,55798.4
2025-11-22T02:00:00Z,54854.1
2025-11-22T03:00:00Z,57730.7
2025-11-22T04:00:00Z,60362.5
2025-11-22T05:00:00Z,63541.2
2025-11-22T06:00:00Z,64450.3
2025-11-22T07:00:00Z,67906.2
2025-11-22T08:00:00Z,70423.7
2025-11-22T09:00:00Z,72756.3
2025-11-22T10:00:00Z,74699.1
2025-11-22T11:00:00Z,75042.5
2025-11-22T12:00:00Z,74921.1
2025-11-22T13:00:00Z,74665.8
2025-11-22T14:00:00Z,74441.9
2025-11-22T15:00:00Z,71798.8
2025-11-22T16:00:00Z,69612.3
2025-11-22T17:00:00Z,69297.2
2025-11-22T18:00:00Z,65132.5
2025-11-22T19:00:00Z,61631.3
2025-11-22T20:00:00Z,59828.3
2025-11-22T21:00:00Z,57448.2
2025-11-22T22:00:00Z,56563.7
2025-11-22T23:00:00Z,54917.6
2025-11-23T00:00:00Z,54516.7
2025-11-23T01:00:00Z,56846.3
2025-11-23T02:00:00Z,55753.3
2025-11-23T03:00:00Z,58065.3
2025-11-23T04:00:00Z,58989.2
2025-11-23T05:00:00Z,62238.8
2025-11-23T06:00:00Z,63642.6
2025-11-23T07:00:00Z,67693.4
2025-11-23T08:00:00Z,69124.6
2025-11-23T09:00:00Z,73233.8
2025-11-23T10:00:00Z,74487.3
2025-11-23T11:00:00Z,74533.2
2025-11-23T12:00:00Z,74620.9
2025-11-23T13:00:00Z,75087.8
2025-11-23T14:00:00Z,74275.9
2025-11-23T15:00:00Z,70849.3
2025-11-23T16:00:00Z,70489.3
2025-11-23T17:00:00Z,66746.4
2025-11-23T18:00:00Z,62854.5
2025-11-23T19:00:00Z,63005.8
2025-11-23T20:00:00Z,59175.0
2025-11-23T21:00:00Z,58253.5
2025-11-23T22:00:00Z,54908.9
2025-11-23T23:00:00Z,54635.7
2025-11-24T00:00:00Z,56617.1
2025-11-24T01:00:00Z,57610.4
2025-11-24T02:00:00Z,58931.5
2025-11-24T03:00:00Z,59874.6
2025-11-24T04:00:00Z,61458.6
2025-11-24T05:00:00Z,63778.0
2025-11-24T06:00:00Z,68233.1
2025-11-24T07:00:00Z,70011.8
2025-11-24T08:00:00Z,75546.6
2025-11-24T09:00:00Z,74886.2
2025-11-24T10:00:00Z,75121.7
2025-11-24T11:00:00Z,79605.9
2025-11-24T12:00:00Z,78025.6
2025-11-24T13:00:00Z,78353.0
2025-11-24T14:00:00Z,76786.4
2025-11-24T15:00:00Z,74760.1
2025-11-24T16:00:00Z,71940.9
2025-11-24T17:00:00Z,69217.5
2025-11-24T18:00:00Z,66273.5
2025-11-24T19:00:00Z,64180.2
2025-11-24T20:00:00Z,62676.7
2025-11-24T21:00:00Z,61714.5
2025-11-24T22:00:00Z,59084.6
2025-11-24T23:00:00Z,58919.9
2025-11-25T00:00:00Z,57416.5
2025-11-25T01:00:00Z,58449.5
2025-11-25T02:00:00Z,58276.3
2025-11-25T03:00:00Z,60344.4
2025-11-25T04:00:00Z,61494.5
2025-11-25T05:00:00Z,64083.9
2025-11-25T06:00:00Z,66954.6
2025-11-25T07:00:00Z,71569.2
2025-11-25T08:00:00Z,72618.6
2025-11-25T09:00:00Z,75701.4
2025-11-25T10:00:00Z,76508.8
2025-11-25T11:00:00Z,77019.5
2025-11-25T12:00:00Z,79752.2
2025-11-25T13:00:00Z,75879.7
2025-11-25T14:00:00Z,75962.5
2025-11-25T15:00:00Z,75537.5
2025-11-25T16:00:00Z,73421.6
2025-11-25T17:00:00Z,71509.8
2025-11-25T18:00:00Z,69461.7
2025-11-25T19:00:00Z,65246.5
2025-11-25T20:00:00Z,61951.9
2025-11-25T21:00:00Z,60169.7
2025-11-25T22:00:00Z,56930.7
2025-11-25T23:00:00Z,56862.2
2025-11-26T00:00:00Z,57018.1
2025-11-26T01:00:00Z,57147.9
2025-11-26T02:00:00Z,58804.3
2025-11-26T03:00:00Z,59551.6
2025-11-26T04:00:00Z,60834.2
2025-11-26T05:00:00Z,64378.7
2025-11-26T06:00:00Z,66240.9
2025-11-26T07:00:00Z,70559.5
2025-11-26T08:00:00Z,72440.6
2025-11-26T09:00:00Z,74890.8
2025-11-26T10:00:00Z,75233.8
2025-11-26T11:00:00Z,77343.2
2025-11-26T12:00:00Z,78097.9
2025-11-26T13:00:00Z,77568.5
2025-11-26T14:00:00Z,77201.8
2025-11-26T15:00:00Z,74824.0
2025-11-26T16:00:00Z,72023.5
2025-11-26T17:00:00Z,69684.8
2025-11-26T18:00:00Z,68925.2
2025-11-26T19:00:00Z,66181.8
2025-11-26T20:00:00Z,62168.3
2025-11-26T21:00:00Z,59355.4
2025-11-26T22:00:00Z,58705.1
2025-11-26T23:00:00Z,56278.8
2025-11-27T00:00:00Z,54882.6
2025-11-27T01:00:00Z,56411.7
2025-11-27T02:00:00Z,57019.4
2025-11-27T03:00:00Z,60449.2
2025-11-27T04:00:00Z,61850.9
2025-11-27T05:00:00Z,63550.8
2025-11-27T06:00:00Z,67805.1
2025-11-27T07:00:00Z,70412.1
2025-11-27T08:00:00Z,72716.1
2025-11-27T09:00:00Z,74111.1
2025-11-27T10:00:00Z,78268.9
2025-11-27T11:00:00Z,77636.9
2025-11-27T12:00:00Z,77002.7
2025-11-27T13:00:00Z,76688.2
2025-11-27T14:00:00Z,76440.6
2025-11-27T15:00:00Z,75244.1
2025-11-27T16:00:00Z,72643.8
2025-11-27T17:00:00Z,69870.9
2025-11-27T18:00:00Z,66902.9
2025-11-27T19:00:00Z,64129.7
2025-11-27T20:00:00Z,62963.7
2025-11-27T21:00:00Z,60407.4
2025-11-27T22:00:00Z,58527.1
2025-11-27T23:00:00Z,58614.7
2025-11-28T00:00:00Z,56786.6
2025-11-28T01:00:00Z,57583.3
2025-11-28T02:00:00Z,58069.2
2025-11-28T03:00:00Z,60690.8
2025-11-28T04:00:00Z,62351.5
2025-11-28T05:00:00Z,64447.8
2025-11-28T06:00:00Z,68540.0
2025-11-28T07:00:00Z,70065.4
2025-11-28T08:00:00Z,70472.4
2025-11-28T09:00:00Z,73294.9
2025-11-28T10:00:00Z,75865.4
2025-11-28T11:00:00Z,77010.7
2025-11-28T12:00:00Z,78016.9
2025-11-28T13:00:00Z,77983.4
2025-11-28T14:00:00Z,76117.5
2025-11-28T15:00:00Z,74488.4
2025-11-28T16:00:00Z,72481.0
2025-11-28T17:00:00Z,70713.8
2025-11-28T18:00:00Z,67291.5
2025-11-28T19:00:00Z,64224.5
2025-11-28T20:00:00Z,61796.4
2025-11-28T21:00:00Z,58493.3
2025-11-28T22:00:00Z,59254.1
2025-11-28T23:00:00Z,57959.6
2025-11-29T00:00:00Z,53328.6
2025-11-29T01:00:00Z,54937.3
2025-11-29T02:00:00Z,55151.6
2025-11-29T03:00:00Z,56948.3
2025-11-29T04:00:00Z,58707.0
2025-11-29T05:00:00Z,61483.1
2025-11-29T06:00:00Z,64634.1
2025-11-29T07:00:00Z,66843.3
2025-11-29T08:00:00Z,68972.1
2025-11-29T09:00:00Z,71802.3
2025-11-29T10:00:00Z,72514.5
2025-11-29T11:00:00Z,74796.8
2025-11-29T12:00:00Z,73782.8
2025-11-29T13:00:00Z,74402.0
2025-11-29T14:00:00Z,73914.1
2025-11-29T15:00:00Z,72071.6
2025-11-29T16:00:00Z,67658.4
2025-11-29T17:00:00Z,67005.0
2025-11-29T18:00:00Z,63559.8
2025-11-29T19:00:00Z,61049.5
2025-11-29T20:00:00Z,59914.4
2025-11-29T21:00:00Z,55871.9
2025-11-29T22:00:00Z,55017.7
2025-11-29T23:00:00Z,53634.8
2025-11-30T00:00:00Z,53359.4
2025-11-30T01:00:00Z,53953.7
2025-11-30T02:00:00Z,54077.9
2025-11-30T03:00:00Z,58014.2
2025-11-30T04:00:00Z,58131.3
2025-11-30T05:00:00Z,62889.2
2025-11-30T06:00:00Z,64441.3
2025-11-30T07:00:00Z,66462.1
2025-11-30T08:00:00Z,68926.5
2025-11-30T09:00:00Z,71166.2
2025-11-30T10:00:00Z,71927.1
2025-11-30T11:00:00Z,73074.0
2025-11-30T12:00:00Z,74272.0
2025-11-30T13:00:00Z,73176.9
2025-11-30T14:00:00Z,73521.2
2025-11-30T15:00:00Z,71875.0
2025-11-30T16:00:00Z,70653.3
2025-11-30T17:00:00Z,67187.9
2025-11-30T18:00:00Z,63655.0
2025-11-30T19:00:00Z,61576.1
2025-11-30T20:00:00Z,57876.3
2025-11-30T21:00:00Z,56232.6
2025-11-30T22:00:00Z,55509.6
2025-11-30T23:00:00Z,52999.5
2025-12-01T00:00:00Z,56448.8
2025-12-01T01:00:00Z,56236.2
2025-12-01T02:00:00Z,57900.7
2025-12-01T03:00:00Z,60351.2
2025-12-01T04:00:00Z,62174.1
2025-12-01T05:00:00Z,61861.0
2025-12-01T06:00:00Z,67613.7
2025-12-01T07:00:00Z,69785.2
2025-12-01T08:00:00Z,72745.2
2025-12-01T09:00:00Z,73945.5
2025-12-01T10:00:00Z,76130.2
2025-12-01T11:00:00Z,75567.4
2025-12-01T12:00:00Z,77692.4
2025-12-01T13:00:00Z,77312.1
2025-12-01T14:00:00Z,77217.2
2025-12-01T15:00:00Z,73300.5
2025-12-01T16:00:00Z,72789.0
2025-12-01T17:00:00Z,68631.8
2025-12-01T18:00:00Z,66315.3
2025-12-01T19:00:00Z,63786.1
2025-12-01T20:00:00Z,61410.1
2025-12-01T21:00:00Z,60409.6
2025-12-01T22:00:00Z,56871.6
2025-12-01T23:00:00Z,56885.1
2025-12-02T00:00:00Z,56919.8
2025-12-02T01:00:00Z,56248.6
2025-12-02T02:00:00Z,57789.3
2025-12-02T03:00:00Z,59683.0
2025-12-02T04:00:00Z,61275.3
2025-12-02T05:00:00Z,63999.4
2025-12-02T06:00:00Z,66155.7
2025-12-02T07:00:00Z,69339.1
2025-12-02T08:00:00Z,72547.5
2025-12-02T09:00:00Z,74066.9
2025-12-02T10:00:00Z,75296.6
2025-12-02T11:00:00Z,76779.8
2025-12-02T12:00:00Z,77434.5
2025-12-02T13:00:00Z,76488.5
2025-12-02T14:00:00Z,74900.0
2025-12-02T15:00:00Z,73278.2
2025-12-02T16:00:00Z,70704.8
2025-12-02T17:00:00Z,68879.7
2025-12-02T18:00:00Z,67137.7
2025-12-02T19:00:00Z,63970.7
2025-12-02T20:00:00Z,61254.7
2025-12-02T21:00:00Z,58689.4
2025-12-02T22:00:00Z,56493.6
2025-12-02T23:00:00Z,56513.7
2025-12-03T00:00:00Z,56394.6
2025-12-03T01:00:00Z,56783.0
2025-12-03T02:00:00Z,58614.7
2025-12-03T03:00:00Z,58578.7
2025-12-03T04:00:00Z,61386.3
2025-12-03T05:00:00Z,61248.8
2025-12-03T06:00:00Z,66860.9
2025-12-03T07:00:00Z,70134.2
2025-12-03T08:00:00Z,70656.9
2025-12-03T09:00:00Z,73581.0
2025-12-03T10:00:00Z,76666.7
2025-12-03T11:00:00Z,76380.1
2025-12-03T12:00:00Z,76515.5
2025-12-03T13:00:00Z,77816.9
2025-12-03T14:00:00Z,77098.4
2025-12-03T15:00:00Z,73558.5
2025-12-03T16:00:00Z,71721.0
2025-12-03T17:00:00Z,69806.0
2025-12-03T18:00:00Z,67076.4
2025-12-03T19:00:00Z,65959.7
2025-12-03T20:00:00Z,63432.4
2025-12-03T21:00:00Z,58127.7
2025-12-03T22:00:00Z,56844.9
2025-12-03T23:00:00Z,55112.5
2025-12-04T00:00:00Z,57773.7
2025-12-04T01:00:00Z,57845.8
2025-12-04T02:00:00Z,57425.0
2025-12-04T03:00:00Z,59379.9
2025-12-04T04:00:00Z,60957.5
2025-12-04T05:00:00Z,62918.8
2025-12-04T06:00:00Z,67244.2
2025-12-04T07:00:00Z,69498.4
2025-12-04T08:00:00Z,71530.3
2025-12-04T09:00:00Z,73634.5
2025-12-04T10:00:00Z,77446.3
2025-12-04T11:00:00Z,75660.7
2025-12-04T12:00:00Z,76339.2
2025-12-04T13:00:00Z,75471.2
2025-12-04T14:00:00Z,73754.8
2025-12-04T15:00:00Z,73921.0
2025-12-04T16:00:00Z,70973.2
2025-12-04T17:00:00Z,68024.1
2025-12-04T18:00:00Z,66224.5
2025-12-04T19:00:00Z,64832.0
2025-12-04T20:00:00Z,59928.2
2025-12-04T21:00:00Z,58655.8
2025-12-04T22:00:00Z,55336.8
2025-12-04T23:00:00Z,56587.6
2025-12-05T00:00:00Z,56930.6
2025-12-05T01:00:00Z,54069.1
2025-12-05T02:00:00Z,57254.8
2025-12-05T03:00:00Z,59301.1
2025-12-05T04:00:00Z,60666.8
2025-12-05T05:00:00Z,63792.7
2025-12-05T06:00:00Z,65913.2
2025-12-05T07:00:00Z,68627.5
2025-12-05T08:00:00Z,72383.7
2025-12-05T09:00:00Z,73026.2
2025-12-05T10:00:00Z,73885.8
2025-12-05T11:00:00Z,77149.1
2025-12-05T12:00:00Z,77117.7
2025-12-05T13:00:00Z,75204.1
2025-12-05T14:00:00Z,73861.0
2025-12-05T15:00:00Z,72077.3
2025-12-05T16:00:00Z,70755.1
2025-12-05T17:00:00Z,69208.6
2025-12-05T18:00:00Z,67242.3
2025-12-05T19:00:00Z,63716.0
2025-12-05T20:00:00Z,60712.2
2025-12-05T21:00:00Z,57369.5
2025-12-05T22:00:00Z,57576.7
2025-12-05T23:00:00Z,56703.0
2025-12-06T00:00:00Z,51747.9
2025-12-06T01:00:00Z,52869.0
2025-12-06T02:00:00Z,52423.3
2025-12-06T03:00:00Z,55718.3
2025-12-06T04:00:00Z,57961.1
2025-12-06T05:00:00Z,59903.0
2025-12-06T06:00:00Z,62244.6
2025-12-06T07:00:00Z,65922.1
2025-12-06T08:00:00Z,69515.4
2025-12-06T09:00:00Z,71463.2
2025-12-06T10:00:00Z,72232.0
2025-12-06T11:00:00Z,72072.3
2025-12-06T12:00:00Z,73222.6
2025-12-06T13:00:00Z,73005.7
2025-12-06T14:00:00Z,72399.9
2025-12-06T15:00:00Z,69839.7
2025-12-06T16:00:00Z,68552.2
2025-12-06T17:00:00Z,66794.2
2025-12-06T18:00:00Z,62270.3
2025-12-06T19:00:00Z,61276.9
2025-12-06T20:00:00Z,57377.9
2025-12-06T21:00:00Z,55498.8
2025-12-06T22:00:00Z,53955.3
2025-12-06T23:00:00Z,53807.9
2025-12-07T00:00:00Z,53890.0
2025-12-07T01:00:00Z,54116.5
2025-12-07T02:00:00Z,54642.5
2025-12-07T03:00:00Z,55450.9
2025-12-07T04:00:00Z,55864.7
2025-12-07T05:00:00Z,59803.4
2025-12-07T06:00:00Z,63703.0
2025-12-07T07:00:00Z,65179.0
2025-12-07T08:00:00Z,67853.6
2025-12-07T09:00:00Z,69652.6
2025-12-07T10:00:00Z,70143.5
2025-12-07T11:00:00Z,73008.1
2025-12-07T12:00:00Z,73511.6
2025-12-07T13:00:00Z,74284.6
2025-12-07T14:00:00Z,72607.1
2025-12-07T15:00:00Z,69294.5
2025-12-07T16:00:00Z,67975.7
2025-12-07T17:00:00Z,65458.0
2025-12-07T18:00:00Z,62918.7
2025-12-07T19:00:00Z,60343.1
2025-12-07T20:00:00Z,58350.2
2025-12-07T21:00:00Z,55301.1
2025-12-07T22:00:00Z,54339.8
2025-12-07T23:00:00Z,53335.1
2025-12-08T00:00:00Z,55192.3
2025-12-08T01:00:00Z,56592.4
2025-12-08T02:00:00Z,55181.9
2025-12-08T03:00:00Z,58436.0
2025-12-08T04:00:00Z,61725.0
2025-12-08T05:00:00Z,64420.4
2025-12-08T06:00:00Z,66140.1
2025-12-08T07:00:00Z,68307.0
2025-12-08T08:00:00Z,70517.2
2025-12-08T09:00:00Z,72715.8
2025-12-08T10:00:00Z,75570.4
2025-12-08T11:00:00Z,75653.8
2025-12-08T12:00:00Z,75826.9
2025-12-08T13:00:00Z,76281.2
2025-12-08T14:00:00Z,74670.5
2025-12-08T15:00:00Z,73443.2
2025-12-08T16:00:00Z,70428.4
2025-12-08T17:00:00Z,69154.8
2025-12-08T18:00:00Z,65512.3
2025-12-08T19:00:00Z,63358.8
2025-12-08T20:00:00Z,60266.1
2025-12-08T21:00:00Z,58759.1
2025-12-08T22:00:00Z,58386.7
2025-12-08T23:00:00Z,56594.7
2025-12-09T00:00:00Z,54726.8
2025-12-09T01:00:00Z,55750.8
2025-12-09T02:00:00Z,55224.6
2025-12-09T03:00:00Z,58167.4
2025-12-09T04:00:00Z,62451.4
2025-12-09T05:00:00Z,63761.7
2025-12-09T06:00:00Z,65731.1
2025-12-09T07:00:00Z,68710.9
2025-12-09T08:00:00Z,71597.1
2025-12-09T09:00:00Z,72989.2
2025-12-09T10:00:00Z,74738.3
2025-12-09T11:00:00Z,76370.7
2025-12-09T12:00:00Z,75374.8
2025-12-09T13:00:00Z,75973.1
2025-12-09T14:00:00Z,73094.6
2025-12-09T15:00:00Z,72426.2
2025-12-09T16:00:00Z,70244.4
2025-12-09T17:00:00Z,69491.9
2025-12-09T18:00:00Z,65312.2
2025-12-09T19:00:00Z,62151.6
2025-12-09T20:00:00Z,58199.1
2025-12-09T21:00:00Z,58402.0
2025-12-09T22:00:00Z,57248.3
2025-12-09T23:00:00Z,55778.2
2025-12-10T00:00:00Z,55039.9
2025-12-10T01:00:00Z,56420.2
2025-12-10T02:00:00Z,56266.7
2025-12-10T03:00:00Z,57897.1
2025-12-10T04:00:00Z,60718.6
2025-12-10T05:00:00Z,62407.4
2025-12-10T06:00:00Z,64131.8
2025-12-10T07:00:00Z,67841.9
2025-12-10T08:00:00Z,70808.2
2025-12-10T09:00:00Z,72051.7
2025-12-10T10:00:00Z,72803.0
2025-12-10T11:00:00Z,75445.0
2025-12-10T12:00:00Z,74843.6
2025-12-10T13:00:00Z,77431.0
2025-12-10T14:00:00Z,75320.8
2025-12-10T15:00:00Z,72233.8
2025-12-10T16:00:00Z,70841.4
2025-12-10T17:00:00Z,67504.8
2025-12-10T18:00:00Z,65577.1
2025-12-10T19:00:00Z,61227.8
2025-12-10T20:00:00Z,60494.4
2025-12-10T21:00:00Z,57939.4
2025-12-10T22:00:00Z,56022.8
2025-12-10T23:00:00Z,56069.4
2025-12-11T00:00:00Z,55283.2
2025-12-11T01:00:00Z,53526.0
2025-12-11T02:00:00Z,56041.2
2025-12-11T03:00:00Z,57890.5
2025-12-11T04:00:00Z,60447.9
2025-12-11T05:00:00Z,62630.1
2025-12-11T06:00:00Z,64323.1
2025-12-11T07:00:00Z,67280.5
2025-12-11T08:00:00Z,69696.4
2025-12-11T09:00:00Z,70918.7
2025-12-11T10:00:00Z,74904.0
2025-12-11T11:00:00Z,74125.1
2025-12-11T12:00:00Z,75940.8
2025-12-11T13:00:00Z,76258.8
2025-12-11T14:00:00Z,74618.8
2025-12-11T15:00:00Z,71367.4
2025-12-11T16:00:00Z,70327.4
2025-12-11T17:00:00Z,67869.2
2025-12-11T18:00:00Z,65483.4
2025-12-11T19:00:00Z,63115.8
2025-12-11T20:00:00Z,59611.9
2025-12-11T21:00:00Z,58794.7
2025-12-11T22:00:00Z,57550.1
2025-12-11T23:00:00Z,55348.6
2025-12-12T00:00:00Z,53096.8
2025-12-12T01:00:00Z,54366.3
2025-12-12T02:00:00Z,54379.1
2025-12-12T03:00:00Z,56234.4
2025-12-12T04:00:00Z,59447.9
2025-12-12T05:00:00Z,63741.6
2025-12-12T06:00:00Z,65708.2
2025-12-12T07:00:00Z,66725.6
2025-12-12T08:00:00Z,70783.7
2025-12-12T09:00:00Z,71408.5
2025-12-12T10:00:00Z,75002.2
2025-12-12T11:00:00Z,75158.9
2025-12-12T12:00:00Z,76628.8
2025-12-12T13:00:00Z,73837.6
2025-12-12T14:00:00Z,73609.0
2025-12-12T15:00:00Z,72160.5
2025-12-12T16:00:00Z,71760.7
2025-12-12T17:00:00Z,67665.8
2025-12-12T18:00:00Z,65530.7
2025-12-12T19:00:00Z,61054.8
2025-12-12T20:00:00Z,60557.3
2025-12-12T21:00:00Z,58009.6
2025-12-12T22:00:00Z,55887.1
2025-12-12T23:00:00Z,54940.8
2025-12-13T00:00:00Z,51131.1
2025-12-13T01:00:00Z,52562.1
2025-12-13T02:00:00Z,52465.0
2025-12-13T03:00:00Z,53796.7
2025-12-13T04:00:00Z,55659.0
2025-12-13T05:00:00Z,59113.6
2025-12-13T06:00:00Z,61555.7
2025-12-13T07:00:00Z,63979.3
2025-12-13T08:00:00Z,66278.3
2025-12-13T09:00:00Z,70121.6
2025-12-13T10:00:00Z,70784.0
2025-12-13T11:00:00Z,70659.4
2025-12-13T12:00:00Z,71589.4
2025-12-13T13:00:00Z,72332.2
2025-12-13T14:00:00Z,72990.5
2025-12-13T15:00:00Z,69792.7
2025-12-13T16:00:00Z,68288.5
2025-12-13T17:00:00Z,63906.4
2025-12-13T18:00:00Z,61945.7
2025-12-13T19:00:00Z,58759.6
2025-12-13T20:00:00Z,57305.9
2025-12-13T21:00:00Z,52791.5
2025-12-13T22:00:00Z,52270.0
2025-12-13T23:00:00Z,51692.0
2025-12-14T00:00:00Z,51336.9
2025-12-14T01:00:00Z,52778.0
2025-12-14T02:00:00Z,52281.8
2025-12-14T03:00:00Z,53858.9
2025-12-14T04:00:00Z,58199.2
2025-12-14T05:00:00Z,59396.8
2025-12-14T06:00:00Z,62731.3
2025-12-14T07:00:00Z,63658.4
2025-12-14T08:00:00Z,67628.7
2025-12-14T09:00:00Z,69713.4
2025-12-14T10:00:00Z,71713.2
2025-12-14T11:00:00Z,71170.8
2025-12-14T12:00:00Z,72905.6
2025-12-14T13:00:00Z,69913.3
2025-12-14T14:00:00Z,70113.5
2025-12-14T15:00:00Z,69675.8
2025-12-14T16:00:00Z,66507.2
2025-12-14T17:00:00Z,65020.1
2025-12-14T18:00:00Z,62464.4
2025-12-14T19:00:00Z,57923.8
2025-12-14T20:00:00Z,56914.4
2025-12-14T21:00:00Z,52993.2
2025-12-14T22:00:00Z,51433.7
2025-12-14T23:00:00Z,51264.5
2025-12-15T00:00:00Z,53067.5
2025-12-15T01:00:00Z,53512.0
2025-12-15T02:00:00Z,54800.2
2025-12-15T03:00:00Z,58545.5
2025-12-15T04:00:00Z,58806.1
2025-12-15T05:00:00Z,61148.6
2025-12-15T06:00:00Z,63923.1
2025-12-15T07:00:00Z,67072.5
2025-12-15T08:00:00Z,70555.8
2025-12-15T09:00:00Z,72382.2
2025-12-15T10:00:00Z,73010.2
2025-12-15T11:00:00Z,74916.5
2025-12-15T12:00:00Z,74271.9
2025-12-15T13:00:00Z,74643.6
2025-12-15T14:00:00Z,73103.0
2025-12-15T15:00:00Z,71124.5
2025-12-15T16:00:00Z,70347.8
2025-12-15T17:00:00Z,67532.8
2025-12-15T18:00:00Z,64752.6
2025-12-15T19:00:00Z,60764.6
2025-12-15T20:00:00Z,59140.3
2025-12-15T21:00:00Z,57433.9
2025-12-15T22:00:00Z,57801.9
2025-12-15T23:00:00Z,54157.6
2025-12-16T00:00:00Z,54548.2
2025-12-16T01:00:00Z,52179.4
2025-12-16T02:00:00Z,53320.5
2025-12-16T03:00:00Z,56540.2
2025-12-16T04:00:00Z,60693.7
2025-12-16T05:00:00Z,62561.5
2025-12-16T06:00:00Z,64373.8
2025-12-16T07:00:00Z,67637.3
2025-12-16T08:00:00Z,70528.2
2025-12-16T09:00:00Z,70992.4
2025-12-16T10:00:00Z,72994.7
2025-12-16T11:00:00Z,73752.1
2025-12-16T12:00:00Z,75270.5
2025-12-16T13:00:00Z,73585.0
2025-12-16T14:00:00Z,71832.1
2025-12-16T15:00:00Z,70888.7
2025-12-16T16:00:00Z,68034.0
2025-12-16T17:00:00Z,67782.1
2025-12-16T18:00:00Z,65645.3
2025-12-16T19:00:00Z,61205.2
2025-12-16T20:00:00Z,60857.6
2025-12-16T21:00:00Z,56928.1
2025-12-16T22:00:00Z,55032.5
2025-12-16T23:00:00Z,54559.1
2025-12-17T00:00:00Z,53442.2
2025-12-17T01:00:00Z,52893.8
2025-12-17T02:00:00Z,55251.3
2025-12-17T03:00:00Z,56172.0
2025-12-17T04:00:00Z,58141.6
2025-12-17T05:00:00Z,61240.6
2025-12-17T06:00:00Z,64075.6
2025-12-17T07:00:00Z,67771.8
2025-12-17T08:00:00Z,69717.0
2025-12-17T09:00:00Z,71314.4
2025-12-17T10:00:00Z,73735.9
2025-12-17T11:00:00Z,73421.3
2025-12-17T12:00:00Z,74960.4
2025-12-17T13:00:00Z,74054.5
2025-12-17T14:00:00Z,72793.3
2025-12-17T15:00:00Z,70770.9
2025-12-17T16:00:00Z,69513.2
2025-12-17T17:00:00Z,66977.8
2025-12-17T18:00:00Z,65210.4
2025-12-17T19:00:00Z,60288.9
2025-12-17T20:00:00Z,59394.8
2025-12-17T21:00:00Z,54917.5
2025-12-17T22:00:00Z,55065.2
2025-12-17T23:00:00Z,54564.7
2025-12-18T00:00:00Z,53284.8
2025-12-18T01:00:00Z,53162.8
2025-12-18T02:00:00Z,54733.0
2025-12-18T03:00:00Z,56797.7
2025-12-18T04:00:00Z,57461.3
2025-12-18T05:00:00Z,62342.2
2025-12-18T06:00:00Z,62827.8
2025-12-18T07:00:00Z,66068.2
2025-12-18T08:00:00Z,69098.8
2025-12-18T09:00:00Z,69283.1
2025-12-18T10:00:00Z,72328.2
2025-12-18T11:00:00Z,72394.1
2025-12-18T12:00:00Z,74183.0
2025-12-18T13:00:00Z,72873.2
2025-12-18T14:00:00Z,73024.4
2025-12-18T15:00:00Z,71918.2
2025-12-18T16:00:00Z,71033.3
2025-12-18T17:00:00Z,64806.7
2025-12-18T18:00:00Z,62462.9
2025-12-18T19:00:00Z,63134.9
2025-12-18T20:00:00Z,60797.2
2025-12-18T21:00:00Z,56077.5
2025-12-18T22:00:00Z,54477.8
2025-12-18T23:00:00Z,52752.2
2025-12-19T00:00:00Z,51864.3
2025-12-19T01:00:00Z,53582.5
2025-12-19T02:00:00Z,54026.1
2025-12-19T03:00:00Z,55885.0
2025-12-19T04:00:00Z,59031.7
2025-12-19T05:00:00Z,59837.4
2025-12-19T06:00:00Z,62533.4
2025-12-19T07:00:00Z,66861.6
2025-12-19T08:00:00Z,67480.5
2025-12-19T09:00:00Z,70517.7
2025-12-19T10:00:00Z,72781.4
2025-12-19T11:00:00Z,72299.2
2025-12-19T12:00:00Z,75450.0
2025-12-19T13:00:00Z,72387.7
2025-12-19T14:00:00Z,73403.7
2025-12-19T15:00:00Z,73019.7
2025-12-19T16:00:00Z,68046.5
2025-12-19T17:00:00Z,65871.7
2025-12-19T18:00:00Z,64288.3
2025-12-19T19:00:00Z,61749.6
2025-12-19T20:00:00Z,59106.3
2025-12-19T21:00:00Z,56539.8
2025-12-19T22:00:00Z,54348.5
2025-12-19T23:00:00Z,52921.9
2025-12-20T00:00:00Z,48901.5
2025-12-20T01:00:00Z,50777.1
2025-12-20T02:00:00Z,51717.4
2025-12-20T03:00:00Z,52903.9
2025-12-20T04:00:00Z,55490.6
2025-12-20T05:00:00Z,58696.9
2025-12-20T06:00:00Z,62365.7
2025-12-20T07:00:00Z,64606.8
2025-12-20T08:00:00Z,64220.2
2025-12-20T09:00:00Z,67071.5
2025-12-20T10:00:00Z,70192.5
2025-12-20T11:00:00Z,70959.6
2025-12-20T12:00:00Z,69827.2
2025-12-20T13:00:00Z,71148.7
2025-12-20T14:00:00Z,69220.7
2025-12-20T15:00:00Z,66375.1
2025-12-20T16:00:00Z,66026.1
2025-12-20T17:00:00Z,63244.5
2025-12-20T18:00:00Z,59712.3
2025-12-20T19:00:00Z,59273.7
2025-12-20T20:00:00Z,54143.9
2025-12-20T21:00:00Z,53979.9
2025-12-20T22:00:00Z,49882.6
2025-12-20T23:00:00Z,50985.1
2025-12-21T00:00:00Z,51481.7
2025-12-21T01:00:00Z,51957.9
2025-12-21T02:00:00Z,51517.7
2025-12-21T03:00:00Z,52398.4
2025-12-21T04:00:00Z,54371.7
2025-12-21T05:00:00Z,59091.3
2025-12-21T06:00:00Z,60377.3
2025-12-21T07:00:00Z,62284.1
2025-12-21T08:00:00Z,66849.7
2025-12-21T09:00:00Z,67337.4
2025-12-21T10:00:00Z,68455.3
2025-12-21T11:00:00Z,69623.1
2025-12-21T12:00:00Z,70033.6
2025-12-21T13:00:00Z,71757.8
2025-12-21T14:00:00Z,69760.6
2025-12-21T15:00:00Z,66889.0
2025-12-21T16:00:00Z,65664.3
2025-12-21T17:00:00Z,63809.0
2025-12-21T18:00:00Z,61026.6
2025-12-21T19:00:00Z,57394.9
2025-12-21T20:00:00Z,55022.4
2025-12-21T21:00:00Z,53412.5
2025-12-21T22:00:00Z,50779.1
2025-12-21T23:00:00Z,49691.3
2025-12-22T00:00:00Z,52611.3
2025-12-22T01:00:00Z,52312.8
2025-12-22T02:00:00Z,55025.8
2025-12-22T03:00:00Z,54501.0
2025-12-22T04:00:00Z,58293.4
2025-12-22T05:00:00Z,60269.4
2025-12-22T06:00:00Z,63066.8
2025-12-22T07:00:00Z,65363.6
2025-12-22T08:00:00Z,65761.6
2025-12-22T09:00:00Z,71312.2
2025-12-22T10:00:00Z,73031.9
2025-12-22T11:00:00Z,71796.3
2025-12-22T12:00:00Z,72467.3
2025-12-22T13:00:00Z,72553.3
2025-12-22T14:00:00Z,71310.7
2025-12-22T15:00:00Z,70371.9
2025-12-22T16:00:00Z,68800.0
2025-12-22T17:00:00Z,65619.2
2025-12-22T18:00:00Z,62849.6
2025-12-22T19:00:00Z,60890.1
2025-12-22T20:00:00Z,58862.5
2025-12-22T21:00:00Z,55624.4
2025-12-22T22:00:00Z,54258.8
2025-12-22T23:00:00Z,54091.3
2025-12-23T00:00:00Z,51149.7
2025-12-23T01:00:00Z,52627.4
2025-12-23T02:00:00Z,52973.9
2025-12-23T03:00:00Z,54846.8
2025-12-23T04:00:00Z,57117.5
2025-12-23T05:00:00Z,58496.9
2025-12-23T06:00:00Z,62268.4
2025-12-23T07:00:00Z,65551.0
2025-12-23T08:00:00Z,69161.4
2025-12-23T09:00:00Z,69369.4
2025-12-23T10:00:00Z,72035.9
2025-12-23T11:00:00Z,72555.2
2025-12-23T12:00:00Z,72098.6
2025-12-23T13:00:00Z,73078.7
2025-12-23T14:00:00Z,73858.8
2025-12-23T15:00:00Z,70689.9
2025-12-23T16:00:00Z,66816.1
2025-12-23T17:00:00Z,65647.5
2025-12-23T18:00:00Z,61811.9
2025-12-23T19:00:00Z,59705.0
2025-12-23T20:00:00Z,58364.9
2025-12-23T21:00:00Z,55148.3
2025-12-23T22:00:00Z,53732.6
2025-12-23T23:00:00Z,52060.8
2025-12-24T00:00:00Z,52262.8
2025-12-24T01:00:00Z,54121.1
2025-12-24T02:00:00Z,54049.9
2025-12-24T03:00:00Z,54770.9
2025-12-24T04:00:00Z,57866.9
2025-12-24T05:00:00Z,59091.5
2025-12-24T06:00:00Z,63125.6
2025-12-24T07:00:00Z,65787.2
2025-12-24T08:00:00Z,67133.6
2025-12-24T09:00:00Z,71363.9
2025-12-24T10:00:00Z,71297.0
2025-12-24T11:00:00Z,73590.5
2025-12-24T12:00:00Z,72989.0
2025-12-24T13:00:00Z,73262.2
2025-12-24T14:00:00Z,71163.9
2025-12-24T15:00:00Z,70348.7
2025-12-24T16:00:00Z,67102.7
2025-12-24T17:00:00Z,63636.1
2025-12-24T18:00:00Z,62932.7
2025-12-24T19:00:00Z,60408.3
2025-12-24T20:00:00Z,56770.6
2025-12-24T21:00:00Z,55711.5
2025-12-24T22:00:00Z,54296.7
2025-12-24T23:00:00Z,51320.0
2025-12-25T00:00:00Z,51410.0
2025-12-25T01:00:00Z,51086.8
2025-12-25T02:00:00Z,53768.6
2025-12-25T03:00:00Z,54276.7
2025-12-25T04:00:00Z,56988.6
2025-12-25T05:00:00Z,60084.9
2025-12-25T06:00:00Z,63399.9
2025-12-25T07:00:00Z,63542.8
2025-12-25T08:00:00Z,69436.2
2025-12-25T09:00:00Z,68635.8
2025-12-25T10:00:00Z,71528.7
2025-12-25T11:00:00Z,72791.0
2025-12-25T12:00:00Z,72261.3
2025-12-25T13:00:00Z,72059.9
2025-12-25T14:00:00Z,70958.2
2025-12-25T15:00:00Z,70241.8
2025-12-25T16:00:00Z,68903.3
2025-12-25T17:00:00Z,64453.1
2025-12-25T18:00:00Z,62832.8
2025-12-25T19:00:00Z,59297.8
2025-12-25T20:00:00Z,57225.5
2025-12-25T21:00:00Z,55711.4
2025-12-25T22:00:00Z,53040.6
2025-12-25T23:00:00Z,51046.8
2025-12-26T00:00:00Z,53500.2
2025-12-26T01:00:00Z,53122.2
2025-12-26T02:00:00Z,54590.9
2025-12-26T03:00:00Z,54647.0
2025-12-26T04:00:00Z,56290.7
2025-12-26T05:00:00Z,59320.0
2025-12-26T06:00:00Z,61789.1
2025-12-26T07:00:00Z,65294.1
2025-12-26T08:00:00Z,68808.3
2025-12-26T09:00:00Z,69016.2
2025-12-26T10:00:00Z,71416.1
2025-12-26T11:00:00Z,72653.5
2025-12-26T12:00:00Z,72406.4
2025-12-26T13:00:00Z,73169.7
2025-12-26T14:00:00Z,71299.6
2025-12-26T15:00:00Z,69154.0
2025-12-26T16:00:00Z,66520.8
2025-12-26T17:00:00Z,64588.0
2025-12-26T18:00:00Z,62470.4
2025-12-26T19:00:00Z,58473.0
2025-12-26T20:00:00Z,58211.7
2025-12-26T21:00:00Z,55982.8
2025-12-26T22:00:00Z,52460.7
2025-12-26T23:00:00Z,50841.1
2025-12-27T00:00:00Z,49757.6
2025-12-27T01:00:00Z,48846.8
2025-12-27T02:00:00Z,51391.1
2025-12-27T03:00:00Z,51353.5
2025-12-27T04:00:00Z,53704.1
2025-12-27T05:00:00Z,56765.7
2025-12-27T06:00:00Z,57128.4
2025-12-27T07:00:00Z,63228.4
2025-12-27T08:00:00Z,65920.8
2025-12-27T09:00:00Z,68333.1
2025-12-27T10:00:00Z,67622.6
2025-12-27T11:00:00Z,69492.7
2025-12-27T12:00:00Z,69730.7
2025-12-27T13:00:00Z,68165.5
2025-12-27T14:00:00Z,69190.2
2025-12-27T15:00:00Z,66282.3
2025-12-27T16:00:00Z,63552.2
2025-12-27T17:00:00Z,61681.5
2025-12-27T18:00:00Z,60575.8
2025-12-27T19:00:00Z,54798.8
2025-12-27T20:00:00Z,53238.8
2025-12-27T21:00:00Z,52524.4
2025-12-27T22:00:00Z,50849.1
2025-12-27T23:00:00Z,48931.3
2025-12-28T00:00:00Z,46679.6
2025-12-28T01:00:00Z,48519.5
2025-12-28T02:00:00Z,49082.0
2025-12-28T03:00:00Z,51728.9
2025-12-28T04:00:00Z,54957.4
2025-12-28T05:00:00Z,56624.1
2025-12-28T06:00:00Z,59088.5
2025-12-28T07:00:00Z,60852.2
2025-12-28T08:00:00Z,63958.7
2025-12-28T09:00:00Z,67022.0
2025-12-28T10:00:00Z,67783.5
2025-12-28T11:00:00Z,68692.3
2025-12-28T12:00:00Z,69343.4
2025-12-28T13:00:00Z,69023.7
2025-12-28T14:00:00Z,66734.8
2025-12-28T15:00:00Z,65902.4
2025-12-28T16:00:00Z,62831.2
2025-12-28T17:00:00Z,61240.7
2025-12-28T18:00:00Z,61166.4
2025-12-28T19:00:00Z,55577.4
2025-12-28T20:00:00Z,54647.8
2025-12-28T21:00:00Z,51738.2
2025-12-28T22:00:00Z,49522.8
2025-12-28T23:00:00Z,47640.1
2025-12-29T00:00:00Z,52530.8
2025-12-29T01:00:00Z,52818.8
2025-12-29T02:00:00Z,52891.3
2025-12-29T03:00:00Z,53277.5
2025-12-29T04:00:00Z,56295.5
2025-12-29T05:00:00Z,58959.0
2025-12-29T06:00:00Z,61997.8
2025-12-29T07:00:00Z,64089.5
2025-12-29T08:00:00Z,68173.4
2025-12-29T09:00:00Z,69732.1
2025-12-29T10:00:00Z,72861.0
2025-12-29T11:00:00Z,71511.7
2025-12-29T12:00:00Z,73708.6
2025-12-29T13:00:00Z,72589.7
2025-12-29T14:00:00Z,70885.2
2025-12-29T15:00:00Z,69023.4
2025-12-29T16:00:00Z,68027.2
2025-12-29T17:00:00Z,63958.6
2025-12-29T18:00:00Z,61523.2
2025-12-29T19:00:00Z,57829.7
2025-12-29T20:00:00Z,55870.1
2025-12-29T21:00:00Z,53944.9
2025-12-29T22:00:00Z,51301.2
2025-12-29T23:00:00Z,50929.3
2025-12-30T00:00:00Z,51184.7
2025-12-30T01:00:00Z,49392.5
2025-12-30T02:00:00Z,52216.4
2025-12-30T03:00:00Z,53750.2
2025-12-30T04:00:00Z,55680.1
2025-12-30T05:00:00Z,58259.0
2025-12-30T06:00:00Z,60516.3
2025-12-30T07:00:00Z,63253.4
2025-12-30T08:00:00Z,66109.7
2025-12-30T09:00:00Z,69383.1
2025-12-30T10:00:00Z,70983.0
2025-12-30T11:00:00Z,70735.2
2025-12-30T12:00:00Z,70253.6
2025-12-30T13:00:00Z,72210.2
2025-12-30T14:00:00Z,71652.2
2025-12-30T15:00:00Z,68977.9
2025-12-30T16:00:00Z,66430.0
2025-12-30T17:00:00Z,64384.8
2025-12-30T18:00:00Z,62353.5
2025-12-30T19:00:00Z,58269.3
2025-12-30T20:00:00Z,56749.7
2025-12-30T21:00:00Z,52771.1
2025-12-30T22:00:00Z,53043.7
2025-12-30T23:00:00Z,50008.9
2025-12-31T00:00:00Z,49895.6
2025-12-31T01:00:00Z,51651.7
2025-12-31T02:00:00Z,50488.2
2025-12-31T03:00:00Z,54365.3
2025-12-31T04:00:00Z,56568.8
2025-12-31T05:00:00Z,59482.4
2025-12-31T06:00:00Z,61435.4
2025-12-31T07:00:00Z,64634.1
2025-12-31T08:00:00Z,66371.7
2025-12-31T09:00:00Z,68807.5
2025-12-31T10:00:00Z,68421.6
2025-12-31T11:00:00Z,71860.0
2025-12-31T12:00:00Z,72015.8
2025-12-31T13:00:00Z,71065.6
2025-12-31T14:00:00Z,71216.2
2025-12-31T15:00:00Z,68196.7
2025-12-31T16:00:00Z,66847.8
2025-12-31T17:00:00Z,63551.2
2025-12-31T18:00:00Z,61757.0
2025-12-31T19:00:00Z,59441.5
2025-12-31T20:00:00Z,56155.6
2025-12-31T21:00:00Z,54907.3
2025-12-31T22:00:00Z,51192.4
2025-12-31T23:00:00Z,50947.1
2026-01-01T00:00:00Z,50883.0
2026-01-01T01:00:00Z,50955.6
2026-01-01T02:00:00Z,51664.1
2026-01-01T03:00:00Z,54155.6
2026-01-01T04:00:00Z,55540.7
2026-01-01T05:00:00Z,58452.9
2026-01-01T06:00:00Z,61255.1
2026-01-01T07:00:00Z,62200.9
2026-01-01T08:00:00Z,66476.5
2026-01-01T09:00:00Z,68721.7
2026-01-01T10:00:00Z,69154.9
2026-01-01T11:00:00Z,71669.4
2026-01-01T12:00:00Z,70242.3
2026-01-01T13:00:00Z,72020.8
2026-01-01T14:00:00Z,69615.9
2026-01-01T15:00:00Z,67921.4
2026-01-01T16:00:00Z,66687.3
2026-01-01T17:00:00Z,64792.1
2026-01-01T18:00:00Z,61336.1
2026-01-01T19:00:00Z,58729.5
2026-01-01T20:00:00Z,57879.6
2026-01-01T21:00:00Z,54194.5
2026-01-01T22:00:00Z,52994.6
2026-01-01T23:00:00Z,51728.2
2026-01-02T00:00:00Z,50443.0
2026-01-02T01:00:00Z,51128.0
2026-01-02T02:00:00Z,51902.2
2026-01-02T03:00:00Z,53231.7
2026-01-02T04:00:00Z,56166.1
2026-01-02T05:00:00Z,59028.7
2026-01-02T06:00:00Z,61694.4
2026-01-02T07:00:00Z,64146.4
2026-01-02T08:00:00Z,67971.1
2026-01-02T09:00:00Z,67057.9
2026-01-02T10:00:00Z,69103.5
2026-01-02T11:00:00Z,70889.8
2026-01-02T12:00:00Z,69988.0
2026-01-02T13:00:00Z,71557.0
2026-01-02T14:00:00Z,69701.3
2026-01-02T15:00:00Z,68678.6
2026-01-02T16:00:00Z,66294.1
2026-01-02T17:00:00Z,64696.1
2026-01-02T18:00:00Z,59898.1
2026-01-02T19:00:00Z,59503.4
2026-01-02T20:00:00Z,55730.0
2026-01-02T21:00:00Z,52605.8
2026-01-02T22:00:00Z,52318.8
2026-01-02T23:00:00Z,52579.3
2026-01-03T00:00:00Z,48012.8
2026-01-03T01:00:00Z,48025.6
2026-01-03T02:00:00Z,47808.1
2026-01-03T03:00:00Z,49647.0
2026-01-03T04:00:00Z,52819.4
2026-01-03T05:00:00Z,53746.8
2026-01-03T06:00:00Z,56508.5
2026-01-03T07:00:00Z,60267.2
2026-01-03T08:00:00Z,61468.6
2026-01-03T09:00:00Z,66127.6
2026-01-03T10:00:00Z,67524.3
2026-01-03T11:00:00Z,67856.1
2026-01-03T12:00:00Z,68478.4
2026-01-03T13:00:00Z,68059.1
2026-01-03T14:00:00Z,65671.2
2026-01-03T15:00:00Z,63784.8
2026-01-03T16:00:00Z,63046.6
2026-01-03T17:00:00Z,59934.4
2026-01-03T18:00:00Z,56645.7
2026-01-03T19:00:00Z,55827.7
2026-01-03T20:00:00Z,54775.3
2026-01-03T21:00:00Z,49863.9
2026-01-03T22:00:00Z,47964.7
2026-01-03T23:00:00Z,48237.5
2026-01-04T00:00:00Z,46687.8
2026-01-04T01:00:00Z,48200.4
2026-01-04T02:00:00Z,48448.1
2026-01-04T03:00:00Z,49996.7
2026-01-04T04:00:00Z,53814.3
2026-01-04T05:00:00Z,53449.9
2026-01-04T06:00:00Z,58525.0
2026-01-04T07:00:00Z,61633.5
2026-01-04T08:00:00Z,61702.4
2026-01-04T09:00:00Z,65177.7
2026-01-04T10:00:00Z,66825.8
2026-01-04T11:00:00Z,67060.0
2026-01-04T12:00:00Z,67883.4
2026-01-04T13:00:00Z,68185.3
2026-01-04T14:00:00Z,66259.4
2026-01-04T15:00:00Z,63959.8
2026-01-04T16:00:00Z,63454.1
2026-01-04T17:00:00Z,59693.0
2026-01-04T18:00:00Z,56211.4
2026-01-04T19:00:00Z,54822.4
2026-01-04T20:00:00Z,52194.8
2026-01-04T21:00:00Z,49784.3
2026-01-04T22:00:00Z,48107.3
2026-01-04T23:00:00Z,47716.2
2026-01-05T00:00:00Z,50980.9
2026-01-05T01:00:00Z,48960.6
2026-01-05T02:00:00Z,51072.2
2026-01-05T03:00:00Z,54067.8
2026-01-05T04:00:00Z,54796.4
2026-01-05T05:00:00Z,58388.1
2026-01-05T06:00:00Z,61573.3
2026-01-05T07:00:00Z,62783.7
2026-01-05T08:00:00Z,65849.2
2026-01-05T09:00:00Z,66912.8
2026-01-05T10:00:00Z,69053.8
2026-01-05T11:00:00Z,68495.5
2026-01-05T12:00:00Z,70360.2
2026-01-05T13:00:00Z,70716.7
2026-01-05T14:00:00Z,69314.7
2026-01-05T15:00:00Z,67366.3
2026-01-05T16:00:00Z,65436.7
2026-01-05T17:00:00Z,61037.5
2026-01-05T18:00:00Z,59188.8
2026-01-05T19:00:00Z,57225.6
2026-01-05T20:00:00Z,54830.6
2026-01-05T21:00:00Z,52335.7
2026-01-05T22:00:00Z,49961.6
2026-01-05T23:00:00Z,50344.8
2026-01-06T00:00:00Z,50104.4
2026-01-06T01:00:00Z,51329.0
2026-01-06T02:00:00Z,51110.8
2026-01-06T03:00:00Z,53456.6
2026-01-06T04:00:00Z,55133.2
2026-01-06T05:00:00Z,58463.1
2026-01-06T06:00:00Z,60009.8
2026-01-06T07:00:00Z,62923.5
2026-01-06T08:00:00Z,65068.1
2026-01-06T09:00:00Z,66520.0
2026-01-06T10:00:00Z,68761.5
2026-01-06T11:00:00Z,69801.1
2026-01-06T12:00:00Z,69522.5
2026-01-06T13:00:00Z,70260.8
2026-01-06T14:00:00Z,69250.9
2026-01-06T15:00:00Z,67945.0
2026-01-06T16:00:00Z,66027.9
2026-01-06T17:00:00Z,61656.4
2026-01-06T18:00:00Z,58901.3
2026-01-06T19:00:00Z,57638.2
2026-01-06T20:00:00Z,56064.2
2026-01-06T21:00:00Z,52732.9
2026-01-06T22:00:00Z,50660.7
2026-01-06T23:00:00Z,50258.0
2026-01-07T00:00:00Z,49737.0
2026-01-07T01:00:00Z,50417.7
2026-01-07T02:00:00Z,50603.8
2026-01-07T03:00:00Z,52974.4
2026-01-07T04:00:00Z,54034.9
2026-01-07T05:00:00Z,57002.2
2026-01-07T06:00:00Z,60342.1
2026-01-07T07:00:00Z,61900.1
2026-01-07T08:00:00Z,66026.6
2026-01-07T09:00:00Z,66439.8
2026-01-07T10:00:00Z,68315.4
2026-01-07T11:00:00Z,69181.9
2026-01-07T12:00:00Z,68039.6
2026-01-07T13:00:00Z,70185.5
2026-01-07T14:00:00Z,68400.9
2026-01-07T15:00:00Z,66463.5
2026-01-07T16:00:00Z,65327.9
2026-01-07T17:00:00Z,63386.9
2026-01-07T18:00:00Z,59979.3
2026-01-07T19:00:00Z,57682.2
2026-01-07T20:00:00Z,55386.4
2026-01-07T21:00:00Z,52741.1
2026-01-07T22:00:00Z,50247.7
2026-01-07T23:00:00Z,50292.8
2026-01-08T00:00:00Z,48102.5
2026-01-08T01:00:00Z,49010.9
2026-01-08T02:00:00Z,49971.4
2026-01-08T03:00:00Z,52536.6
2026-01-08T04:00:00Z,54703.2
2026-01-08T05:00:00Z,56604.2
2026-01-08T06:00:00Z,60283.5
2026-01-08T07:00:00Z,62488.5
2026-01-08T08:00:00Z,63990.7
2026-01-08T09:00:00Z,66342.1
2026-01-08T10:00:00Z,68193.5
2026-01-08T11:00:00Z,70725.6
2026-01-08T12:00:00Z,69782.7
2026-01-08T13:00:00Z,71576.3
2026-01-08T14:00:00Z,67901.8
2026-01-08T15:00:00Z,67745.3
2026-01-08T16:00:00Z,64690.9
2026-01-08T17:00:00Z,61685.4
2026-01-08T18:00:00Z,59602.5
2026-01-08T19:00:00Z,56502.4
2026-01-08T20:00:00Z,53301.5
2026-01-08T21:00:00Z,51643.0
2026-01-08T22:00:00Z,51525.1
2026-01-08T23:00:00Z,49906.5
2026-01-09T00:00:00Z,51203.8
2026-01-09T01:00:00Z,49851.2
2026-01-09T02:00:00Z,49950.3
2026-01-09T03:00:00Z,53062.4
2026-01-09T04:00:00Z,53241.2
2026-01-09T05:00:00Z,56615.0
2026-01-09T06:00:00Z,59808.4
2026-01-09T07:00:00Z,62139.3
2026-01-09T08:00:00Z,65333.4
2026-01-09T09:00:00Z,67768.0
2026-01-09T10:00:00Z,69230.1
2026-01-09T11:00:00Z,70082.8
2026-01-09T12:00:00Z,68942.1
2026-01-09T13:00:00Z,68912.9
2026-01-09T14:00:00Z,67086.6
2026-01-09T15:00:00Z,68348.8
2026-01-09T16:00:00Z,63162.7
2026-01-09T17:00:00Z,60420.8
2026-01-09T18:00:00Z,59900.6
2026-01-09T19:00:00Z,56981.2
2026-01-09T20:00:00Z,53147.9
2026-01-09T21:00:00Z,50278.1
2026-01-09T22:00:00Z,50595.1
2026-01-09T23:00:00Z,48923.1
2026-01-10T00:00:00Z,46314.2
2026-01-10T01:00:00Z,45724.6
2026-01-10T02:00:00Z,46758.4
2026-01-10T03:00:00Z,49900.7
2026-01-10T04:00:00Z,51358.7
2026-01-10T05:00:00Z,53647.4
2026-01-10T06:00:00Z,57829.7
2026-01-10T07:00:00Z,57815.9
2026-01-10T08:00:00Z,61034.7
2026-01-10T09:00:00Z,63351.8
2026-01-10T10:00:00Z,64607.8
2026-01-10T11:00:00Z,66678.5
2026-01-10T12:00:00Z,66779.9
2026-01-10T13:00:00Z,66767.9
2026-01-10T14:00:00Z,66733.7
2026-01-10T15:00:00Z,63977.0
2026-01-10T16:00:00Z,60730.4
2026-01-10T17:00:00Z,58754.1
2026-01-10T18:00:00Z,56265.3
2026-01-10T19:00:00Z,53389.9
2026-01-10T20:00:00Z,52016.9
2026-01-10T21:00:00Z,48457.0
2026-01-10T22:00:00Z,46288.3
2026-01-10T23:00:00Z,46605.2
2026-01-11T00:00:00Z,44438.3
2026-01-11T01:00:00Z,45668.2
2026-01-11T02:00:00Z,48028.2
2026-01-11T03:00:00Z,49155.0
2026-01-11T04:00:00Z,50029.8
2026-01-11T05:00:00Z,53492.7
2026-01-11T06:00:00Z,56995.7
2026-01-11T07:00:00Z,59122.0
2026-01-11T08:00:00Z,60881.4
2026-01-11T09:00:00Z,63371.4
2026-01-11T10:00:00Z,64142.0
2026-01-11T11:00:00Z,65351.2
2026-01-11T12:00:00Z,67074.1
2026-01-11T13:00:00Z,64869.2
2026-01-11T14:00:00Z,64155.4
2026-01-11T15:00:00Z,62367.8
2026-01-11T16:00:00Z,60755.8
2026-01-11T17:00:00Z,58909.5
2026-01-11T18:00:00Z,56401.4
2026-01-11T19:00:00Z,52524.9
2026-01-11T20:00:00Z,50606.3
2026-01-11T21:00:00Z,49133.9
2026-01-11T22:00:00Z,47767.0
2026-01-11T23:00:00Z,45666.3
2026-01-12T00:00:00Z,48760.8
2026-01-12T01:00:00Z,49619.9
2026-01-12T02:00:00Z,49765.5
2026-01-12T03:00:00Z,50662.6
2026-01-12T04:00:00Z,52611.7
2026-01-12T05:00:00Z,56493.3
2026-01-12T06:00:00Z,58633.9
2026-01-12T07:00:00Z,60004.4
2026-01-12T08:00:00Z,65284.6
2026-01-12T09:00:00Z,66938.1
2026-01-12T10:00:00Z,66993.0
2026-01-12T11:00:00Z,68002.2
2026-01-12T12:00:00Z,69437.5
2026-01-12T13:00:00Z,68645.2
2026-01-12T14:00:00Z,67394.9
2026-01-12T15:00:00Z,67894.1
2026-01-12T16:00:00Z,63291.2
2026-01-12T17:00:00Z,60726.5
2026-01-12T18:00:00Z,58464.0
2026-01-12T19:00:00Z,56184.9
2026-01-12T20:00:00Z,52744.4
2026-01-12T21:00:00Z,51041.8
2026-01-12T22:00:00Z,49385.8
2026-01-12T23:00:00Z,49084.7
2026-01-13T00:00:00Z,48624.6
2026-01-13T01:00:00Z,50349.0
2026-01-13T02:00:00Z,49015.2
2026-01-13T03:00:00Z,51613.0
2026-01-13T04:00:00Z,53847.6
2026-01-13T05:00:00Z,56186.1
2026-01-13T06:00:00Z,58411.1
2026-01-13T07:00:00Z,61135.0
2026-01-13T08:00:00Z,63766.1
2026-01-13T09:00:00Z,65335.6
2026-01-13T10:00:00Z,67931.2
2026-01-13T11:00:00Z,69438.9
2026-01-13T12:00:00Z,69658.8
2026-01-13T13:00:00Z,67940.2
2026-01-13T14:00:00Z,67073.6
2026-01-13T15:00:00Z,66341.9
2026-01-13T16:00:00Z,64750.2
2026-01-13T17:00:00Z,60183.5
2026-01-13T18:00:00Z,57417.9
2026-01-13T19:00:00Z,56660.2
2026-01-13T20:00:00Z,54689.0
2026-01-13T21:00:00Z,50696.0
2026-01-13T22:00:00Z,48951.8
2026-01-13T23:00:00Z,47751.9
2026-01-14T00:00:00Z,47033.4
2026-01-14T01:00:00Z,47615.8
2026-01-14T02:00:00Z,49363.0
2026-01-14T03:00:00Z,50909.2
2026-01-14T04:00:00Z,52050.5
2026-01-14T05:00:00Z,55814.1
2026-01-14T06:00:00Z,57774.5
2026-01-14T07:00:00Z,60985.0
2026-01-14T08:00:00Z,63997.2
2026-01-14T09:00:00Z,65310.1
2026-01-14T10:00:00Z,66204.6
2026-01-14T11:00:00Z,68101.9
2026-01-14T12:00:00Z,68815.6
2026-01-14T13:00:00Z,68916.0
2026-01-14T14:00:00Z,67530.3
2026-01-14T15:00:00Z,65325.8
2026-01-14T16:00:00Z,63662.3
2026-01-14T17:00:00Z,61144.4
2026-01-14T18:00:00Z,58271.1
2026-01-14T19:00:00Z,54816.0
2026-01-14T20:00:00Z,53892.1
2026-01-14T21:00:00Z,51079.4
2026-01-14T22:00:00Z,49117.9
2026-01-14T23:00:00Z,47851.7
2026-01-15T00:00:00Z,47262.0
2026-01-15T01:00:00Z,47839.6
2026-01-15T02:00:00Z,50822.1
2026-01-15T03:00:00Z,51556.0
2026-01-15T04:00:00Z,51949.5
2026-01-15T05:00:00Z,55385.5
2026-01-15T06:00:00Z,59029.1
2026-01-15T07:00:00Z,59582.9
2026-01-15T08:00:00Z,62698.0
2026-01-15T09:00:00Z,65043.3
2026-01-15T10:00:00Z,67339.5
2026-01-15T11:00:00Z,67392.8
2026-01-15T12:00:00Z,66021.6
2026-01-15T13:00:00Z,68388.2
2026-01-15T14:00:00Z,66478.5
2026-01-15T15:00:00Z,64762.5
2026-01-15T16:00:00Z,64123.5
2026-01-15T17:00:00Z,60946.9
2026-01-15T18:00:00Z,58364.4
2026-01-15T19:00:00Z,55606.1
2026-01-15T20:00:00Z,53681.2
2026-01-15T21:00:00Z,51948.8
2026-01-15T22:00:00Z,49378.9
2026-01-15T23:00:00Z,49708.3
2026-01-16T00:00:00Z,47380.5
2026-01-16T01:00:00Z,47682.0
2026-01-16T02:00:00Z,47634.1
2026-01-16T03:00:00Z,50399.0
2026-01-16T04:00:00Z,53699.4
2026-01-16T05:00:00Z,54711.9
2026-01-16T06:00:00Z,58218.2
2026-01-16T07:00:00Z,60390.1
2026-01-16T08:00:00Z,62714.0
2026-01-16T09:00:00Z,63921.5
2026-01-16T10:00:00Z,67087.8
2026-01-16T11:00:00Z,67924.8
2026-01-16T12:00:00Z,67904.0
2026-01-16T13:00:00Z,67307.8
2026-01-16T14:00:00Z,65878.1
2026-01-16T15:00:00Z,63892.9
2026-01-16T16:00:00Z,62476.7
2026-01-16T17:00:00Z,62360.3
2026-01-16T18:00:00Z,56989.7
2026-01-16T19:00:00Z,54517.0
2026-01-16T20:00:00Z,51139.4
2026-01-16T21:00:00Z,49883.8
2026-01-16T22:00:00Z,47887.0
2026-01-16T23:00:00Z,48155.1
2026-01-17T00:00:00Z,45470.1
2026-01-17T01:00:00Z,45308.7
2026-01-17T02:00:00Z,45898.6
2026-01-17T03:00:00Z,47332.9
2026-01-17T04:00:00Z,50338.1
2026-01-17T05:00:00Z,52008.8
2026-01-17T06:00:00Z,54939.4
2026-01-17T07:00:00Z,56432.2
2026-01-17T08:00:00Z,60701.3
2026-01-17T09:00:00Z,61818.3
2026-01-17T10:00:00Z,64661.1
2026-01-17T11:00:00Z,65776.7
2026-01-17T12:00:00Z,65765.3
2026-01-17T13:00:00Z,65162.2
2026-01-17T14:00:00Z,63845.8
2026-01-17T15:00:00Z,61700.7
2026-01-17T16:00:00Z,60156.7
2026-01-17T17:00:00Z,55709.6
2026-01-17T18:00:00Z,54755.6
2026-01-17T19:00:00Z,52194.2
2026-01-17T20:00:00Z,48786.6
2026-01-17T21:00:00Z,46685.0
2026-01-17T22:00:00Z,44460.4
2026-01-17T23:00:00Z,44319.5
2026-01-18T00:00:00Z,43680.4
2026-01-18T01:00:00Z,42653.8
2026-01-18T02:00:00Z,45141.7
2026-01-18T03:00:00Z,46123.1
2026-01-18T04:00:00Z,49652.0
2026-01-18T05:00:00Z,51788.2
2026-01-18T06:00:00Z,53945.4
2026-01-18T07:00:00Z,56292.4
2026-01-18T08:00:00Z,59877.9
2026-01-18T09:00:00Z,62258.5
2026-01-18T10:00:00Z,63056.3
2026-01-18T11:00:00Z,65659.5
2026-01-18T12:00:00Z,63968.8
2026-01-18T13:00:00Z,65572.6
2026-01-18T14:00:00Z,61774.5
2026-01-18T15:00:00Z,63074.7
2026-01-18T16:00:00Z,59976.8
2026-01-18T17:00:00Z,57738.6
2026-01-18T18:00:00Z,55863.3
2026-01-18T19:00:00Z,52865.9
2026-01-18T20:00:00Z,49257.3
2026-01-18T21:00:00Z,46887.9
2026-01-18T22:00:00Z,45230.4
2026-01-18T23:00:00Z,45065.0
2026-01-19T00:00:00Z,45256.6
2026-01-19T01:00:00Z,48067.1
2026-01-19T02:00:00Z,47660.1
2026-01-19T03:00:00Z,51361.1
2026-01-19T04:00:00Z,51366.2
2026-01-19T05:00:00Z,53739.9
2026-01-19T06:00:00Z,57531.3
2026-01-19T07:00:00Z,58752.6
2026-01-19T08:00:00Z,63417.4
2026-01-19T09:00:00Z,64792.6
2026-01-19T10:00:00Z,63940.3
2026-01-19T11:00:00Z,68604.7
2026-01-19T12:00:00Z,67987.5
2026-01-19T13:00:00Z,66733.2
2026-01-19T14:00:00Z,67109.4
2026-01-19T15:00:00Z,63600.4
2026-01-19T16:00:00Z,62236.2
2026-01-19T17:00:00Z,59701.0
2026-01-19T18:00:00Z,56833.7
2026-01-19T19:00:00Z,53831.7
2026-01-19T20:00:00Z,51764.7
2026-01-19T21:00:00Z,49310.9
2026-01-19T22:00:00Z,47235.2
2026-01-19T23:00:00Z,45872.9
2026-01-20T00:00:00Z,46489.0
2026-01-20T01:00:00Z,45335.6
2026-01-20T02:00:00Z,48486.5
2026-01-20T03:00:00Z,50765.6
2026-01-20T04:00:00Z,50775.8
2026-01-20T05:00:00Z,53918.7
2026-01-20T06:00:00Z,57532.2
2026-01-20T07:00:00Z,59285.1
2026-01-20T08:00:00Z,62073.5
2026-01-20T09:00:00Z,64730.2
2026-01-20T10:00:00Z,65770.4
2026-01-20T11:00:00Z,68822.0
2026-01-20T12:00:00Z,68465.0
2026-01-20T13:00:00Z,66013.6
2026-01-20T14:00:00Z,65099.5
2026-01-20T15:00:00Z,64530.5
2026-01-20T16:00:00Z,63712.2
2026-01-20T17:00:00Z,60463.4
2026-01-20T18:00:00Z,57333.8
2026-01-20T19:00:00Z,54688.4
2026-01-20T20:00:00Z,51726.6
2026-01-20T21:00:00Z,50114.7
2026-01-20T22:00:00Z,47666.1
2026-01-20T23:00:00Z,46240.9
2026-01-21T00:00:00Z,48475.8
2026-01-21T01:00:00Z,45944.7
2026-01-21T02:00:00Z,47245.7
2026-01-21T03:00:00Z,49086.4
2026-01-21T04:00:00Z,53393.9
2026-01-21T05:00:00Z,53846.8
2026-01-21T06:00:00Z,54757.9
2026-01-21T07:00:00Z,61471.1
2026-01-21T08:00:00Z,62143.3
2026-01-21T09:00:00Z,65273.8
2026-01-21T10:00:00Z,65347.7
2026-01-21T11:00:00Z,68271.2
2026-01-21T12:00:00Z,67762.8
2026-01-21T13:00:00Z,66730.9
2026-01-21T14:00:00Z,66583.3
2026-01-21T15:00:00Z,64302.5
2026-01-21T16:00:00Z,63023.6
2026-01-21T17:00:00Z,60031.1
2026-01-21T18:00:00Z,56589.0
2026-01-21T19:00:00Z,55745.7
2026-01-21T20:00:00Z,51511.4
2026-01-21T21:00:00Z,49346.3
2026-01-21T22:00:00Z,47171.8
2026-01-21T23:00:00Z,46256.5
2026-01-22T00:00:00Z,45455.2
2026-01-22T01:00:00Z,46093.9
2026-01-22T02:00:00Z,47624.9
2026-01-22T03:00:00Z,49383.3
2026-01-22T04:00:00Z,52638.2
2026-01-22T05:00:00Z,52979.8
2026-01-22T06:00:00Z,58060.7
2026-01-22T07:00:00Z,58860.0
2026-01-22T08:00:00Z,62207.6
2026-01-22T09:00:00Z,64441.1
2026-01-22T10:00:00Z,64426.9
2026-01-22T11:00:00Z,67825.3
2026-01-22T12:00:00Z,67090.6
2026-01-22T13:00:00Z,65760.5
2026-01-22T14:00:00Z,65149.5
2026-01-22T15:00:00Z,63006.2
2026-01-22T16:00:00Z,62848.7
2026-01-22T17:00:00Z,58136.2
2026-01-22T18:00:00Z,55936.9
2026-01-22T19:00:00Z,55380.9
2026-01-22T20:00:00Z,51574.0
2026-01-22T21:00:00Z,49249.6
2026-01-22T22:00:00Z,47369.8
2026-01-22T23:00:00Z,46579.0
2026-01-23T00:00:00Z,45940.5
2026-01-23T01:00:00Z,46964.9
2026-01-23T02:00:00Z,47560.6
2026-01-23T03:00:00Z,50511.4
2026-01-23T04:00:00Z,51337.8
2026-01-23T05:00:00Z,53759.1
2026-01-23T06:00:00Z,57094.9
2026-01-23T07:00:00Z,58411.0
2026-01-23T08:00:00Z,61314.1
2026-01-23T09:00:00Z,64077.7
2026-01-23T10:00:00Z,65895.2
2026-01-23T11:00:00Z,64951.3
2026-01-23T12:00:00Z,66923.7
2026-01-23T13:00:00Z,66374.5
2026-01-23T14:00:00Z,64754.6
2026-01-23T15:00:00Z,63395.7
2026-01-23T16:00:00Z,60995.8
2026-01-23T17:00:00Z,59358.9
2026-01-23T18:00:00Z,55715.6
2026-01-23T19:00:00Z,52519.8
2026-01-23T20:00:00Z,51079.5
2026-01-23T21:00:00Z,49465.9
2026-01-23T22:00:00Z,46756.8
2026-01-23T23:00:00Z,46450.8
2026-01-24T00:00:00Z,42846.6
2026-01-24T01:00:00Z,43130.3
2026-01-24T02:00:00Z,42339.2
2026-01-24T03:00:00Z,48290.5
2026-01-24T04:00:00Z,47737.2
2026-01-24T05:00:00Z,51009.5
2026-01-24T06:00:00Z,53157.6
2026-01-24T07:00:00Z,56687.5
2026-01-24T08:00:00Z,58020.5
2026-01-24T09:00:00Z,60846.3
2026-01-24T10:00:00Z,61004.8
2026-01-24T11:00:00Z,62296.4
2026-01-24T12:00:00Z,61988.9
2026-01-24T13:00:00Z,63319.3
2026-01-24T14:00:00Z,63066.2
2026-01-24T15:00:00Z,59292.5
2026-01-24T16:00:00Z,59237.6
2026-01-24T17:00:00Z,55836.7
2026-01-24T18:00:00Z,52259.6
2026-01-24T19:00:00Z,50892.1
2026-01-24T20:00:00Z,47419.0
2026-01-24T21:00:00Z,45768.7
2026-01-24T22:00:00Z,43157.4
2026-01-24T23:00:00Z,42955.4
2026-01-25T00:00:00Z,42052.7
2026-01-25T01:00:00Z,44036.2
2026-01-25T02:00:00Z,43984.8
2026-01-25T03:00:00Z,44280.4
2026-01-25T04:00:00Z,48894.6
2026-01-25T05:00:00Z,50788.2
2026-01-25T06:00:00Z,53000.6
2026-01-25T07:00:00Z,57037.5
2026-01-25T08:00:00Z,57705.6
2026-01-25T09:00:00Z,61699.1
2026-01-25T10:00:00Z,61087.5
2026-01-25T11:00:00Z,61286.6
2026-01-25T12:00:00Z,63148.8
2026-01-25T13:00:00Z,63337.3
2026-01-25T14:00:00Z,61079.2
2026-01-25T15:00:00Z,60846.9
2026-01-25T16:00:00Z,57723.1
2026-01-25T17:00:00Z,54654.9
2026-01-25T18:00:00Z,55157.3
2026-01-25T19:00:00Z,49578.2
2026-01-25T20:00:00Z,46471.7
2026-01-25T21:00:00Z,44730.4
2026-01-25T22:00:00Z,43906.0
2026-01-25T23:00:00Z,43467.9
2026-01-26T00:00:00Z,45185.1
2026-01-26T01:00:00Z,44266.7
2026-01-26T02:00:00Z,46322.4
2026-01-26T03:00:00Z,47484.9
2026-01-26T04:00:00Z,51114.7
2026-01-26T05:00:00Z,54586.0
2026-01-26T06:00:00Z,56455.2
2026-01-26T07:00:00Z,58449.3
2026-01-26T08:00:00Z,60993.1
2026-01-26T09:00:00Z,62595.3
2026-01-26T10:00:00Z,64742.8
2026-01-26T11:00:00Z,64610.5
2026-01-26T12:00:00Z,64940.6
2026-01-26T13:00:00Z,66160.4
2026-01-26T14:00:00Z,64717.7
2026-01-26T15:00:00Z,63332.2
2026-01-26T16:00:00Z,60032.5
2026-01-26T17:00:00Z,57555.9
2026-01-26T18:00:00Z,56493.6
2026-01-26T19:00:00Z,53132.3
2026-01-26T20:00:00Z,49336.2
2026-01-26T21:00:00Z,48309.2
2026-01-26T22:00:00Z,46480.3
2026-01-26T23:00:00Z,46175.0
2026-01-27T00:00:00Z,44687.8
2026-01-27T01:00:00Z,45289.3
2026-01-27T02:00:00Z,47495.9
2026-01-27T03:00:00Z,48567.1
2026-01-27T04:00:00Z,49740.9
2026-01-27T05:00:00Z,53045.9
2026-01-27T06:00:00Z,55050.1
2026-01-27T07:00:00Z,57198.7
2026-01-27T08:00:00Z,60988.1
2026-01-27T09:00:00Z,61858.7
2026-01-27T10:00:00Z,65564.5
2026-01-27T11:00:00Z,65302.8
2026-01-27T12:00:00Z,65492.1
2026-01-27T13:00:00Z,65193.8
2026-01-27T14:00:00Z,65492.2
2026-01-27T15:00:00Z,62577.4
2026-01-27T16:00:00Z,61035.8
2026-01-27T17:00:00Z,59448.1
2026-01-27T18:00:00Z,56013.2
2026-01-27T19:00:00Z,53192.3
2026-01-27T20:00:00Z,50482.6
2026-01-27T21:00:00Z,49509.6
2026-01-27T22:00:00Z,46621.2
2026-01-27T23:00:00Z,45166.8
2026-01-28T00:00:00Z,43717.2
2026-01-28T01:00:00Z,46398.1
2026-01-28T02:00:00Z,47432.0
2026-01-28T03:00:00Z,48477.2
2026-01-28T04:00:00Z,50632.8
2026-01-28T05:00:00Z,53852.7
2026-01-28T06:00:00Z,55565.3
2026-01-28T07:00:00Z,58647.4
2026-01-28T08:00:00Z,61444.2
2026-01-28T09:00:00Z,61033.3
2026-01-28T10:00:00Z,63485.4
2026-01-28T11:00:00Z,65817.5
2026-01-28T12:00:00Z,65648.4
2026-01-28T13:00:00Z,62642.9
2026-01-28T14:00:00Z,62514.6
2026-01-28T15:00:00Z,63679.4
2026-01-28T16:00:00Z,60575.5
2026-01-28T17:00:00Z,59234.7
2026-01-28T18:00:00Z,56231.4
2026-01-28T19:00:00Z,52277.4
2026-01-28T20:00:00Z,48566.2
2026-01-28T21:00:00Z,48871.0
2026-01-28T22:00:00Z,44492.4
2026-01-28T23:00:00Z,45334.1
2026-01-29T00:00:00Z,44340.4
2026-01-29T01:00:00Z,44267.8
2026-01-29T02:00:00Z,45970.8
2026-01-29T03:00:00Z,47236.3
2026-01-29T04:00:00Z,50507.4
2026-01-29T05:00:00Z,50721.8
2026-01-29T06:00:00Z,53617.3
2026-01-29T07:00:00Z,57769.5
2026-01-29T08:00:00Z,59964.6
2026-01-29T09:00:00Z,60986.6
2026-01-29T10:00:00Z,64334.5
2026-01-29T11:00:00Z,64856.7
2026-01-29T12:00:00Z,65970.3
2026-01-29T13:00:00Z,65490.6
2026-01-29T14:00:00Z,63385.4
2026-01-29T15:00:00Z,63373.6
2026-01-29T16:00:00Z,61218.5
2026-01-29T17:00:00Z,56984.6
2026-01-29T18:00:00Z,55288.3
2026-01-29T19:00:00Z,53519.7
2026-01-29T20:00:00Z,50671.4
2026-01-29T21:00:00Z,47304.4
2026-01-29T22:00:00Z,45025.7
2026-01-29T23:00:00Z,44775.8
2026-01-30T00:00:00Z,44698.4
2026-01-30T01:00:00Z,45367.3
2026-01-30T02:00:00Z,45961.1
2026-01-30T03:00:00Z,46989.3
2026-01-30T04:00:00Z,50647.2
2026-01-30T05:00:00Z,50006.2
2026-01-30T06:00:00Z,55601.4
2026-01-30T07:00:00Z,56932.3
2026-01-30T08:00:00Z,60998.8
2026-01-30T09:00:00Z,62511.5
2026-01-30T10:00:00Z,63011.3
2026-01-30T11:00:00Z,65913.8
2026-01-30T12:00:00Z,64153.7
2026-01-30T13:00:00Z,64971.0
2026-01-30T14:00:00Z,63537.5
2026-01-30T15:00:00Z,62247.6
2026-01-30T16:00:00Z,59460.6
2026-01-30T17:00:00Z,58254.9
2026-01-30T18:00:00Z,55574.5
2026-01-30T19:00:00Z,52804.8
2026-01-30T20:00:00Z,49890.3
2026-01-30T21:00:00Z,46937.7
2026-01-30T22:00:00Z,45745.0
2026-01-30T23:00:00Z,47101.0
2026-01-31T00:00:00Z,41293.7
2026-01-31T01:00:00Z,42028.4
2026-01-31T02:00:00Z,42519.1
2026-01-31T03:00:00Z,44276.5
2026-01-31T04:00:00Z,46814.9
2026-01-31T05:00:00Z,47808.9
2026-01-31T06:00:00Z,52896.7
2026-01-31T07:00:00Z,55247.0
2026-01-31T08:00:00Z,56494.7
2026-01-31T09:00:00Z,59721.4
2026-01-31T10:00:00Z,61519.6
2026-01-31T11:00:00Z,61409.7
2026-01-31T12:00:00Z,63182.2
2026-01-31T13:00:00Z,61838.7
2026-01-31T14:00:00Z,60619.9
2026-01-31T15:00:00Z,59663.6
2026-01-31T16:00:00Z,56258.5
2026-01-31T17:00:00Z,54545.0
2026-01-31T18:00:00Z,51918.2
2026-01-31T19:00:00Z,48367.8
2026-01-31T20:00:00Z,47591.6
2026-01-31T21:00:00Z,43604.3
2026-01-31T22:00:00Z,42665.5
2026-01-31T23:00:00Z,41287.3
2026-02-01T00:00:00Z,41238.1
2026-02-01T01:00:00Z,42458.8
2026-02-01T02:00:00Z,41167.9
2026-02-01T03:00:00Z,43937.7
2026-02-01T04:00:00Z,46417.5
2026-02-01T05:00:00Z,48758.6
2026-02-01T06:00:00Z,50463.6
2026-02-01T07:00:00Z,54223.1
2026-02-01T08:00:00Z,57624.9
2026-02-01T09:00:00Z,58796.3
2026-02-01T10:00:00Z,60709.4
2026-02-01T11:00:00Z,60842.4
2026-02-01T12:00:00Z,62479.3
2026-02-01T13:00:00Z,61100.4
2026-02-01T14:00:00Z,60272.7
2026-02-01T15:00:00Z,59297.4
2026-02-01T16:00:00Z,56347.8
2026-02-01T17:00:00Z,54224.1
2026-02-01T18:00:00Z,50506.1
2026-02-01T19:00:00Z,48200.0
2026-02-01T20:00:00Z,47244.3
2026-02-01T21:00:00Z,44412.5
2026-02-01T22:00:00Z,41726.0
2026-02-01T23:00:00Z,41564.8
2026-02-02T00:00:00Z,43428.4
2026-02-02T01:00:00Z,45112.3
2026-02-02T02:00:00Z,46195.0
2026-02-02T03:00:00Z,45744.3
2026-02-02T04:00:00Z,50023.3
2026-02-02T05:00:00Z,52503.0
2026-02-02T06:00:00Z,53584.7
2026-02-02T07:00:00Z,56731.6
2026-02-02T08:00:00Z,59126.8
2026-02-02T09:00:00Z,61903.5
2026-02-02T10:00:00Z,64025.1
2026-02-02T11:00:00Z,64383.4
2026-02-02T12:00:00Z,66487.2
2026-02-02T13:00:00Z,64140.2
2026-02-02T14:00:00Z,62235.6
2026-02-02T15:00:00Z,61655.7
2026-02-02T16:00:00Z,59172.0
2026-02-02T17:00:00Z,57135.6
2026-02-02T18:00:00Z,53871.8
2026-02-02T19:00:00Z,52200.7
2026-02-02T20:00:00Z,49647.5
2026-02-02T21:00:00Z,45918.8
2026-02-02T22:00:00Z,45538.6
2026-02-02T23:00:00Z,44346.3
2026-02-03T00:00:00Z,42933.7
2026-02-03T01:00:00Z,45279.6
2026-02-03T02:00:00Z,43976.9
2026-02-03T03:00:00Z,45888.1
2026-02-03T04:00:00Z,49071.6
2026-02-03T05:00:00Z,50857.5
2026-02-03T06:00:00Z,54328.1
2026-02-03T07:00:00Z,54440.2
2026-02-03T08:00:00Z,59341.7
2026-02-03T09:00:00Z,62568.4
2026-02-03T10:00:00Z,62538.9
2026-02-03T11:00:00Z,62764.8
2026-02-03T12:00:00Z,65417.1
2026-02-03T13:00:00Z,63106.1
2026-02-03T14:00:00Z,64236.8
2026-02-03T15:00:00Z,61314.6
2026-02-03T16:00:00Z,58719.2
2026-02-03T17:00:00Z,56434.7
2026-02-03T18:00:00Z,53494.2
2026-02-03T19:00:00Z,52380.8
2026-02-03T20:00:00Z,48208.7
2026-02-03T21:00:00Z,45962.7
2026-02-03T22:00:00Z,45078.6
2026-02-03T23:00:00Z,43955.4
2026-02-04T00:00:00Z,41517.4
2026-02-04T01:00:00Z,44334.0
2026-02-04T02:00:00Z,45131.8
2026-02-04T03:00:00Z,46645.3
2026-02-04T04:00:00Z,49575.1
2026-02-04T05:00:00Z,51372.5
2026-02-04T06:00:00Z,53883.7
2026-02-04T07:00:00Z,56580.3
2026-02-04T08:00:00Z,58475.0
2026-02-04T09:00:00Z,61162.6
2026-02-04T10:00:00Z,63011.9
2026-02-04T11:00:00Z,62184.2
2026-02-04T12:00:00Z,64481.9
2026-02-04T13:00:00Z,63485.4
2026-02-04T14:00:00Z,62073.2
2026-02-04T15:00:00Z,61977.0
2026-02-04T16:00:00Z,59263.8
2026-02-04T17:00:00Z,55202.7
2026-02-04T18:00:00Z,52713.2
2026-02-04T19:00:00Z,51524.6
2026-02-04T20:00:00Z,49412.0
2026-02-04T21:00:00Z,45812.6
2026-02-04T22:00:00Z,45669.2
2026-02-04T23:00:00Z,43375.2
2026-02-05T00:00:00Z,43994.0
2026-02-05T01:00:00Z,43642.3
2026-02-05T02:00:00Z,43718.7
2026-02-05T03:00:00Z,45648.9
2026-02-05T04:00:00Z,47793.6
2026-02-05T05:00:00Z,52222.6
2026-02-05T06:00:00Z,53278.8
2026-02-05T07:00:00Z,57211.3
2026-02-05T08:00:00Z,58360.7
2026-02-05T09:00:00Z,60175.4
2026-02-05T10:00:00Z,63047.9
2026-02-05T11:00:00Z,64286.0
2026-02-05T12:00:00Z,63762.7
2026-02-05T13:00:00Z,65672.7
2026-02-05T14:00:00Z,62249.0
2026-02-05T15:00:00Z,62015.1
2026-02-05T16:00:00Z,58964.9
2026-02-05T17:00:00Z,55663.0
2026-02-05T18:00:00Z,54005.6
2026-02-05T19:00:00Z,50387.1
2026-02-05T20:00:00Z,47955.2
2026-02-05T21:00:00Z,47477.3
2026-02-05T22:00:00Z,46022.3
2026-02-05T23:00:00Z,43830.6
2026-02-06T00:00:00Z,42320.2
2026-02-06T01:00:00Z,42574.5
2026-02-06T02:00:00Z,43573.8
2026-02-06T03:00:00Z,46649.8
2026-02-06T04:00:00Z,48148.8
2026-02-06T05:00:00Z,51546.6
2026-02-06T06:00:00Z,54128.9
2026-02-06T07:00:00Z,55221.6
2026-02-06T08:00:00Z,57787.5
2026-02-06T09:00:00Z,60196.5
2026-02-06T10:00:00Z,61347.6
2026-02-06T11:00:00Z,63792.9
2026-02-06T12:00:00Z,63701.6
2026-02-06T13:00:00Z,63699.2
2026-02-06T14:00:00Z,62838.1
2026-02-06T15:00:00Z,60663.6
2026-02-06T16:00:00Z,59123.4
2026-02-06T17:00:00Z,56820.3
2026-02-06T18:00:00Z,53975.3
2026-02-06T19:00:00Z,51248.6
2026-02-06T20:00:00Z,48722.8
2026-02-06T21:00:00Z,45816.9
2026-02-06T22:00:00Z,44375.1
2026-02-06T23:00:00Z,43220.5
2026-02-07T00:00:00Z,41009.6
2026-02-07T01:00:00Z,40621.0
2026-02-07T02:00:00Z,41205.1
2026-02-07T03:00:00Z,43129.4
2026-02-07T04:00:00Z,45879.5
2026-02-07T05:00:00Z,48945.8
2026-02-07T06:00:00Z,49420.5
2026-02-07T07:00:00Z,51996.6
2026-02-07T08:00:00Z,54440.4
2026-02-07T09:00:00Z,56854.9
2026-02-07T10:00:00Z,59024.7
2026-02-07T11:00:00Z,59459.0
2026-02-07T12:00:00Z,60259.6
2026-02-07T13:00:00Z,60455.2
2026-02-07T14:00:00Z,59368.5
2026-02-07T15:00:00Z,56371.7
2026-02-07T16:00:00Z,54832.4
2026-02-07T17:00:00Z,51883.1
2026-02-07T18:00:00Z,49970.1
2026-02-07T19:00:00Z,46582.6
2026-02-07T20:00:00Z,46087.7
2026-02-07T21:00:00Z,42587.7
2026-02-07T22:00:00Z,43050.9
2026-02-07T23:00:00Z,39205.7
2026-02-08T00:00:00Z,39954.8
2026-02-08T01:00:00Z,39096.9
2026-02-08T02:00:00Z,40226.6
2026-02-08T03:00:00Z,41874.4
2026-02-08T04:00:00Z,45116.8
2026-02-08T05:00:00Z,47891.7
2026-02-08T06:00:00Z,48963.8
2026-02-08T07:00:00Z,51318.4
2026-02-08T08:00:00Z,55631.4
2026-02-08T09:00:00Z,57544.6
2026-02-08T10:00:00Z,59779.0
2026-02-08T11:00:00Z,59618.7
2026-02-08T12:00:00Z,60027.3
2026-02-08T13:00:00Z,58894.4
2026-02-08T14:00:00Z,58402.0
2026-02-08T15:00:00Z,57957.8
2026-02-08T16:00:00Z,54414.9
2026-02-08T17:00:00Z,50866.4
2026-02-08T18:00:00Z,50433.8
2026-02-08T19:00:00Z,46849.8
2026-02-08T20:00:00Z,44164.5
2026-02-08T21:00:00Z,40869.4
2026-02-08T22:00:00Z,42127.9
2026-02-08T23:00:00Z,41172.4
2026-02-09T00:00:00Z,43343.4
2026-02-09T01:00:00Z,42359.2
2026-02-09T02:00:00Z,43640.8
2026-02-09T03:00:00Z,46176.0
2026-02-09T04:00:00Z,47772.6
2026-02-09T05:00:00Z,50379.0
2026-02-09T06:00:00Z,51394.6
2026-02-09T07:00:00Z,53158.1
2026-02-09T08:00:00Z,58023.6
2026-02-09T09:00:00Z,60191.6
2026-02-09T10:00:00Z,62251.5
2026-02-09T11:00:00Z,61849.8
2026-02-09T12:00:00Z,62575.5
2026-02-09T13:00:00Z,62704.3
2026-02-09T14:00:00Z,62181.6
2026-02-09T15:00:00Z,58926.4
2026-02-09T16:00:00Z,59670.8
2026-02-09T17:00:00Z,54525.2
2026-02-09T18:00:00Z,52138.2
2026-02-09T19:00:00Z,50264.3
2026-02-09T20:00:00Z,48657.5
2026-02-09T21:00:00Z,45881.9
2026-02-09T22:00:00Z,44328.0
2026-02-09T23:00:00Z,43762.6
2026-02-10T00:00:00Z,42107.2
2026-02-10T01:00:00Z,42155.7
2026-02-10T02:00:00Z,44208.5
2026-02-10T03:00:00Z,44131.1
2026-02-10T04:00:00Z,48621.2
2026-02-10T05:00:00Z,50812.2
2026-02-10T06:00:00Z,51722.1
2026-02-10T07:00:00Z,55257.8
2026-02-10T08:00:00Z,56944.7
2026-02-10T09:00:00Z,60838.1
2026-02-10T10:00:00Z,62578.2
2026-02-10T11:00:00Z,62496.0
2026-02-10T12:00:00Z,62286.3
2026-02-10T13:00:00Z,62887.1
2026-02-10T14:00:00Z,61496.1
2026-02-10T15:00:00Z,60271.9
2026-02-10T16:00:00Z,58449.3
2026-02-10T17:00:00Z,54765.6
2026-02-10T18:00:00Z,53751.9
2026-02-10T19:00:00Z,49263.1
2026-02-10T20:00:00Z,46968.6
2026-02-10T21:00:00Z,45638.2
2026-02-10T22:00:00Z,43531.9
2026-02-10T23:00:00Z,44145.1
2026-02-11T00:00:00Z,41145.7
2026-02-11T01:00:00Z,43238.4
2026-02-11T02:00:00Z,44688.2
2026-02-11T03:00:00Z,44711.5
2026-02-11T04:00:00Z,47626.9
2026-02-11T05:00:00Z,51405.1
2026-02-11T06:00:00Z,51125.1
2026-02-11T07:00:00Z,54918.7
2026-02-11T08:00:00Z,57703.4
2026-02-11T09:00:00Z,59809.0
2026-02-11T10:00:00Z,61592.1
2026-02-11T11:00:00Z,63071.4
2026-02-11T12:00:00Z,61791.2
2026-02-11T13:00:00Z,62804.0
2026-02-11T14:00:00Z,61246.9
2026-02-11T15:00:00Z,58567.4
2026-02-11T16:00:00Z,58263.4
2026-02-11T17:00:00Z,53470.1
2026-02-11T18:00:00Z,50917.2
2026-02-11T19:00:00Z,47920.2
2026-02-11T20:00:00Z,46795.2
2026-02-11T21:00:00Z,45105.0
2026-02-11T22:00:00Z,41711.5
2026-02-11T23:00:00Z,42207.3
2026-02-12T00:00:00Z,42112.5
2026-02-12T01:00:00Z,41898.6
2026-02-12T02:00:00Z,43571.1
2026-02-12T03:00:00Z,44446.7
2026-02-12T04:00:00Z,47471.4
2026-02-12T05:00:00Z,50788.7
2026-02-12T06:00:00Z,51693.1
2026-02-12T07:00:00Z,53025.1
2026-02-12T08:00:00Z,56651.9
2026-02-12T09:00:00Z,58432.2
2026-02-12T10:00:00Z,62426.4
2026-02-12T11:00:00Z,63119.1
2026-02-12T12:00:00Z,63592.9
2026-02-12T13:00:00Z,62473.5
2026-02-12T14:00:00Z,61028.3
2026-02-12T15:00:00Z,59591.9
2026-02-12T16:00:00Z,57220.5
2026-02-12T17:00:00Z,55280.6
2026-02-12T18:00:00Z,51833.4
2026-02-12T19:00:00Z,48235.2
2026-02-12T20:00:00Z,47528.1
2026-02-12T21:00:00Z,43528.1
2026-02-12T22:00:00Z,44724.8
2026-02-12T23:00:00Z,42055.6
2026-02-13T00:00:00Z,41340.6
2026-02-13T01:00:00Z,42834.6
2026-02-13T02:00:00Z,41801.2
2026-02-13T03:00:00Z,43643.2
2026-02-13T04:00:00Z,46307.2
2026-02-13T05:00:00Z,48336.0
2026-02-13T06:00:00Z,50697.5
2026-02-13T07:00:00Z,55237.3
2026-02-13T08:00:00Z,57846.0
2026-02-13T09:00:00Z,57932.3
2026-02-13T10:00:00Z,60234.9
2026-02-13T11:00:00Z,61223.8
2026-02-13T12:00:00Z,63030.0
2026-02-13T13:00:00Z,63666.6
2026-02-13T14:00:00Z,60684.5
2026-02-13T15:00:00Z,58233.9
2026-02-13T16:00:00Z,56935.0
2026-02-13T17:00:00Z,56961.8
2026-02-13T18:00:00Z,51407.3
2026-02-13T19:00:00Z,50634.2
2026-02-13T20:00:00Z,45617.4
2026-02-13T21:00:00Z,44636.3
2026-02-13T22:00:00Z,42772.6
2026-02-13T23:00:00Z,42995.3
2026-02-14T00:00:00Z,39187.5
2026-02-14T01:00:00Z,38805.4
2026-02-14T02:00:00Z,40580.9
2026-02-14T03:00:00Z,41837.5
2026-02-14T04:00:00Z,44013.2
2026-02-14T05:00:00Z,46899.7
2026-02-14T06:00:00Z,49092.8
2026-02-14T07:00:00Z,51398.1
2026-02-14T08:00:00Z,55834.7
2026-02-14T09:00:00Z,56034.2
2026-02-14T10:00:00Z,58847.8
2026-02-14T11:00:00Z,58182.9
2026-02-14T12:00:00Z,61063.3
2026-02-14T13:00:00Z,58549.8
2026-02-14T14:00:00Z,58127.6
2026-02-14T15:00:00Z,54931.1
2026-02-14T16:00:00Z,52938.7
2026-02-14T17:00:00Z,51335.1
2026-02-14T18:00:00Z,48039.6
2026-02-14T19:00:00Z,45988.8
2026-02-14T20:00:00Z,42530.9
2026-02-14T21:00:00Z,41686.0
2026-02-14T22:00:00Z,39682.2
2026-02-14T23:00:00Z,38237.8
2026-02-15T00:00:00Z,37590.7
2026-02-15T01:00:00Z,38297.5
2026-02-15T02:00:00Z,41464.9
2026-02-15T03:00:00Z,42180.3
2026-02-15T04:00:00Z,43761.7
2026-02-15T05:00:00Z,46931.0
2026-02-15T06:00:00Z,48402.9
2026-02-15T07:00:00Z,51173.1
2026-02-15T08:00:00Z,52866.4
2026-02-15T09:00:00Z,54630.8
2026-02-15T10:00:00Z,57843.5
2026-02-15T11:00:00Z,61015.9
2026-02-15T12:00:00Z,59262.9
2026-02-15T13:00:00Z,58624.4
2026-02-15T14:00:00Z,57534.4
2026-02-15T15:00:00Z,57223.8
2026-02-15T16:00:00Z,54009.3
2026-02-15T17:00:00Z,51565.3
2026-02-15T18:00:00Z,49100.6
2026-02-15T19:00:00Z,46940.7
2026-02-15T20:00:00Z,44552.5
2026-02-15T21:00:00Z,41537.7
2026-02-15T22:00:00Z,38608.6
2026-02-15T23:00:00Z,37998.4
2026-02-16T00:00:00Z,39377.7
2026-02-16T01:00:00Z,40808.8
2026-02-16T02:00:00Z,42070.4
2026-02-16T03:00:00Z,42730.6
2026-02-16T04:00:00Z,47192.2
2026-02-16T05:00:00Z,47183.8
2026-02-16T06:00:00Z,50880.4
2026-02-16T07:00:00Z,53871.8
2026-02-16T08:00:00Z,55084.7
2026-02-16T09:00:00Z,59176.9
2026-02-16T10:00:00Z,61272.9
2026-02-16T11:00:00Z,60760.0
2026-02-16T12:00:00Z,59184.6
2026-02-16T13:00:00Z,61133.9
2026-02-16T14:00:00Z,60419.8
2026-02-16T15:00:00Z,58924.3
2026-02-16T16:00:00Z,57114.6
2026-02-16T17:00:00Z,53363.6
2026-02-16T18:00:00Z,50959.0
2026-02-16T19:00:00Z,49421.7
2026-02-16T20:00:00Z,44652.8
2026-02-16T21:00:00Z,44379.2
2026-02-16T22:00:00Z,42768.2
2026-02-16T23:00:00Z,42113.5
2026-02-17T00:00:00Z,39074.8
2026-02-17T01:00:00Z,41780.3
2026-02-17T02:00:00Z,42979.8
2026-02-17T03:00:00Z,43091.2
2026-02-17T04:00:00Z,45190.3
2026-02-17T05:00:00Z,47483.7
2026-02-17T06:00:00Z,51971.4
2026-02-17T07:00:00Z,53809.8
2026-02-17T08:00:00Z,56855.1
2026-02-17T09:00:00Z,57915.6
2026-02-17T10:00:00Z,59737.2
2026-02-17T11:00:00Z,60554.9
2026-02-17T12:00:00Z,62230.2
2026-02-17T13:00:00Z,60510.3
2026-02-17T14:00:00Z,59521.9
2026-02-17T15:00:00Z,59044.4
2026-02-17T16:00:00Z,57224.3
2026-02-17T17:00:00Z,54295.8
2026-02-17T18:00:00Z,51782.6
2026-02-17T19:00:00Z,49095.1
2026-02-17T20:00:00Z,45834.1
2026-02-17T21:00:00Z,44105.2
2026-02-17T22:00:00Z,42195.5
2026-02-17T23:00:00Z,40198.8
2026-02-18T00:00:00Z,40386.8
2026-02-18T01:00:00Z,40204.4
2026-02-18T02:00:00Z,43515.9
2026-02-18T03:00:00Z,42177.5
2026-02-18T04:00:00Z,44620.8
2026-02-18T05:00:00Z,48968.9
2026-02-18T06:00:00Z,50601.4
2026-02-18T07:00:00Z,53442.3
2026-02-18T08:00:00Z,55444.9
2026-02-18T09:00:00Z,57388.8
2026-02-18T10:00:00Z,59864.6
2026-02-18T11:00:00Z,60433.9
2026-02-18T12:00:00Z,61075.0
2026-02-18T13:00:00Z,60225.6
2026-02-18T14:00:00Z,58947.4
2026-02-18T15:00:00Z,58517.2
2026-02-18T16:00:00Z,56112.2
2026-02-18T17:00:00Z,52512.9
2026-02-18T18:00:00Z,49926.8
2026-02-18T19:00:00Z,48686.1
2026-02-18T20:00:00Z,46559.8
2026-02-18T21:00:00Z,44851.7
2026-02-18T22:00:00Z,41905.5
2026-02-18T23:00:00Z,43343.8
2026-02-19T00:00:00Z,41467.6
2026-02-19T01:00:00Z,41191.6
2026-02-19T02:00:00Z,42187.3
2026-02-19T03:00:00Z,42793.9
2026-02-19T04:00:00Z,44844.9
2026-02-19T05:00:00Z,46954.4
2026-02-19T06:00:00Z,51209.3
2026-02-19T07:00:00Z,53651.1
2026-02-19T08:00:00Z,57172.8
2026-02-19T09:00:00Z,57688.1
2026-02-19T10:00:00Z,59360.5
2026-02-19T11:00:00Z,60037.6
2026-02-19T12:00:00Z,61036.3
2026-02-19T13:00:00Z,61613.6
2026-02-19T14:00:00Z,60811.3
2026-02-19T15:00:00Z,58124.8
2026-02-19T16:00:00Z,56073.7
2026-02-19T17:00:00Z,54524.2
2026-02-19T18:00:00Z,51653.6
2026-02-19T19:00:00Z,48525.0
2026-02-19T20:00:00Z,46553.4
2026-02-19T21:00:00Z,43304.4
2026-02-19T22:00:00Z,41777.8
2026-02-19T23:00:00Z,41493.1
2026-02-20T00:00:00Z,40542.5
2026-02-20T01:00:00Z,39881.9
2026-02-20T02:00:00Z,42227.2
2026-02-20T03:00:00Z,44361.9
2026-02-20T04:00:00Z,45169.2
2026-02-20T05:00:00Z,47298.3
2026-02-20T06:00:00Z,49984.6
2026-02-20T07:00:00Z,53472.9
2026-02-20T08:00:00Z,55313.0
2026-02-20T09:00:00Z,58524.8
2026-02-20T10:00:00Z,59812.9
2026-02-20T11:00:00Z,61025.1
2026-02-20T12:00:00Z,60379.7
2026-02-20T13:00:00Z,62276.3
2026-02-20T14:00:00Z,59042.4
2026-02-20T15:00:00Z,58765.5
2026-02-20T16:00:00Z,55281.1
2026-02-20T17:00:00Z,52843.7
2026-02-20T18:00:00Z,51772.4
2026-02-20T19:00:00Z,48762.6
2026-02-20T20:00:00Z,45312.4
2026-02-20T21:00:00Z,43693.6
2026-02-20T22:00:00Z,40708.6
2026-02-20T23:00:00Z,41240.3
2026-02-21T00:00:00Z,37585.8
2026-02-21T01:00:00Z,36479.7
2026-02-21T02:00:00Z,38009.0
2026-02-21T03:00:00Z,41012.5
2026-02-21T04:00:00Z,42306.8
2026-02-21T05:00:00Z,45298.6
2026-02-21T06:00:00Z,47632.0
2026-02-21T07:00:00Z,50424.0
2026-02-21T08:00:00Z,53142.4
2026-02-21T09:00:00Z,53476.8
2026-02-21T10:00:00Z,58496.1
2026-02-21T11:00:00Z,56571.1
2026-02-21T12:00:00Z,57873.8
2026-02-21T13:00:00Z,58287.9
2026-02-21T14:00:00Z,57872.4
2026-02-21T15:00:00Z,55387.8
2026-02-21T16:00:00Z,52956.6
2026-02-21T17:00:00Z,49928.9
2026-02-21T18:00:00Z,46080.6
2026-02-21T19:00:00Z,44965.0
2026-02-21T20:00:00Z,43225.0
2026-02-21T21:00:00Z,40426.6
2026-02-21T22:00:00Z,39915.2
2026-02-21T23:00:00Z,37302.5
2026-02-22T00:00:00Z,37253.3
2026-02-22T01:00:00Z,36752.1
2026-02-22T02:00:00Z,38941.9
2026-02-22T03:00:00Z,39381.7
2026-02-22T04:00:00Z,42455.3
2026-02-22T05:00:00Z,43830.8
2026-02-22T06:00:00Z,45498.8
2026-02-22T07:00:00Z,49883.3
2026-02-22T08:00:00Z,52562.9
2026-02-22T09:00:00Z,54156.6
2026-02-22T10:00:00Z,56811.3
2026-02-22T11:00:00Z,56531.8
2026-02-22T12:00:00Z,57895.7
2026-02-22T13:00:00Z,58151.4
2026-02-22T14:00:00Z,55868.9
2026-02-22T15:00:00Z,53465.4
2026-02-22T16:00:00Z,51204.4
2026-02-22T17:00:00Z,49588.3
2026-02-22T18:00:00Z,48258.7
2026-02-22T19:00:00Z,45780.6
2026-02-22T20:00:00Z,41786.4
2026-02-22T21:00:00Z,41499.2
2026-02-22T22:00:00Z,38708.0
2026-02-22T23:00:00Z,38289.3
2026-02-23T00:00:00Z,38861.6
2026-02-23T01:00:00Z,39235.2
2026-02-23T02:00:00Z,42966.3
2026-02-23T03:00:00Z,42740.7
2026-02-23T04:00:00Z,42643.5
2026-02-23T05:00:00Z,46779.7
2026-02-23T06:00:00Z,52586.4
2026-02-23T07:00:00Z,52350.4
2026-02-23T08:00:00Z,55191.1
2026-02-23T09:00:00Z,58030.7
2026-02-23T10:00:00Z,59425.3
2026-02-23T11:00:00Z,60924.4
2026-02-23T12:00:00Z,60964.0
2026-02-23T13:00:00Z,60782.9
2026-02-23T14:00:00Z,59222.5
2026-02-23T15:00:00Z,56861.6
2026-02-23T16:00:00Z,54294.0
2026-02-23T17:00:00Z,52351.4
2026-02-23T18:00:00Z,49890.8
2026-02-23T19:00:00Z,47494.2
2026-02-23T20:00:00Z,45073.9
2026-02-23T21:00:00Z,43584.4
2026-02-23T22:00:00Z,39391.8
2026-02-23T23:00:00Z,40010.6
2026-02-24T00:00:00Z,39965.8
2026-02-24T01:00:00Z,40781.0
2026-02-24T02:00:00Z,40700.4
2026-02-24T03:00:00Z,42803.8
2026-02-24T04:00:00Z,44312.8
2026-02-24T05:00:00Z,48407.1
2026-02-24T06:00:00Z,49368.2
2026-02-24T07:00:00Z,52279.7
2026-02-24T08:00:00Z,54804.8
2026-02-24T09:00:00Z,56429.5
2026-02-24T10:00:00Z,58842.7
2026-02-24T11:00:00Z,60671.9
2026-02-24T12:00:00Z,59393.8
2026-02-24T13:00:00Z,60235.5
2026-02-24T14:00:00Z,58530.2
2026-02-24T15:00:00Z,57556.8
2026-02-24T16:00:00Z,54552.0
2026-02-24T17:00:00Z,51197.3
2026-02-24T18:00:00Z,51399.7
2026-02-24T19:00:00Z,48266.1
2026-02-24T20:00:00Z,44532.6
2026-02-24T21:00:00Z,42978.9
2026-02-24T22:00:00Z,40706.3
2026-02-24T23:00:00Z,39808.4
2026-02-25T00:00:00Z,38968.0
2026-02-25T01:00:00Z,39333.7
2026-02-25T02:00:00Z,39842.7
2026-02-25T03:00:00Z,43371.4
2026-02-25T04:00:00Z,43953.2
2026-02-25T05:00:00Z,47786.1
2026-02-25T06:00:00Z,48674.4
2026-02-25T07:00:00Z,51566.0
2026-02-25T08:00:00Z,55734.0
2026-02-25T09:00:00Z,57908.6
2026-02-25T10:00:00Z,58316.0
2026-02-25T11:00:00Z,61014.6
2026-02-25T12:00:00Z,61167.9
2026-02-25T13:00:00Z,61624.7
2026-02-25T14:00:00Z,58539.5
2026-02-25T15:00:00Z,56753.8
2026-02-25T16:00:00Z,53976.1
2026-02-25T17:00:00Z,53151.9
2026-02-25T18:00:00Z,48640.0
2026-02-25T19:00:00Z,47495.1
2026-02-25T20:00:00Z,44569.6
2026-02-25T21:00:00Z,42887.1
2026-02-25T22:00:00Z,41099.1
2026-02-25T23:00:00Z,38428.6
2026-02-26T00:00:00Z,39126.4
2026-02-26T01:00:00Z,38125.8
2026-02-26T02:00:00Z,40552.0
2026-02-26T03:00:00Z,44607.9
2026-02-26T04:00:00Z,43902.8
2026-02-26T05:00:00Z,46992.8
2026-02-26T06:00:00Z,47963.5
2026-02-26T07:00:00Z,53408.7
2026-02-26T08:00:00Z,54520.3
2026-02-26T09:00:00Z,56181.8
2026-02-26T10:00:00Z,58257.8
2026-02-26T11:00:00Z,60097.7
2026-02-26T12:00:00Z,60128.5
2026-02-26T13:00:00Z,59440.2
2026-02-26T14:00:00Z,60134.9
2026-02-26T15:00:00Z,55328.2
2026-02-26T16:00:00Z,54224.2
2026-02-26T17:00:00Z,52054.5
2026-02-26T18:00:00Z,49117.1
2026-02-26T19:00:00Z,46978.4
2026-02-26T20:00:00Z,45524.2
2026-02-26T21:00:00Z,42587.8
2026-02-26T22:00:00Z,39819.2
2026-02-26T23:00:00Z,40383.5
2026-02-27T00:00:00Z,38388.9
2026-02-27T01:00:00Z,39350.0
2026-02-27T02:00:00Z,39748.9
2026-02-27T03:00:00Z,41948.1
2026-02-27T04:00:00Z,45509.7
2026-02-27T05:00:00Z,47812.7
2026-02-27T06:00:00Z,49360.7
2026-02-27T07:00:00Z,53768.2
2026-02-27T08:00:00Z,55948.6
2026-02-27T09:00:00Z,55617.5
2026-02-27T10:00:00Z,57312.3
2026-02-27T11:00:00Z,58744.9
2026-02-27T12:00:00Z,59743.2
2026-02-27T13:00:00Z,59436.8
2026-02-27T14:00:00Z,59791.5
2026-02-27T15:00:00Z,56444.9
2026-02-27T16:00:00Z,54504.8
2026-02-27T17:00:00Z,52116.6
2026-02-27T18:00:00Z,50801.4
2026-02-27T19:00:00Z,46854.2
2026-02-27T20:00:00Z,43855.2
2026-02-27T21:00:00Z,42154.7
2026-02-27T22:00:00Z,40989.6
2026-02-27T23:00:00Z,39593.8
2026-02-28T00:00:00Z,37133.4
2026-02-28T01:00:00Z,36998.9
2026-02-28T02:00:00Z,37153.0
2026-02-28T03:00:00Z,38494.9
2026-02-28T04:00:00Z,42026.2
2026-02-28T05:00:00Z,43161.7
2026-02-28T06:00:00Z,45986.7
2026-02-28T07:00:00Z,49902.0
2026-02-28T08:00:00Z,51330.7
2026-02-28T09:00:00Z,53223.3
2026-02-28T10:00:00Z,54251.9
2026-02-28T11:00:00Z,55757.6
2026-02-28T12:00:00Z,56289.7
2026-02-28T13:00:00Z,55797.1
2026-02-28T14:00:00Z,55944.0
2026-02-28T15:00:00Z,53957.3
2026-02-28T16:00:00Z,52254.7
2026-02-28T17:00:00Z,49067.7
2026-02-28T18:00:00Z,46167.8
2026-02-28T19:00:00Z,43773.8
2026-02-28T20:00:00Z,41775.7
2026-02-28T21:00:00Z,39831.1
2026-02-28T22:00:00Z,35897.0
2026-02-28T23:00:00Z,37860.7
2026-03-01T00:00:00Z,35875.0
2026-03-01T01:00:00Z,35980.7
2026-03-01T02:00:00Z,36538.8
2026-03-01T03:00:00Z,39005.0
2026-03-01T04:00:00Z,40916.7
2026-03-01T05:00:00Z,44560.7
2026-03-01T06:00:00Z,46305.6
2026-03-01T07:00:00Z,48792.8
2026-03-01T08:00:00Z,51846.3
2026-03-01T09:00:00Z,52383.4
2026-03-01T10:00:00Z,56751.0
2026-03-01T11:00:00Z,56523.8
2026-03-01T12:00:00Z,57553.1
2026-03-01T13:00:00Z,56065.9
2026-03-01T14:00:00Z,55128.5
2026-03-01T15:00:00Z,51817.0
2026-03-01T16:00:00Z,49753.3
2026-03-01T17:00:00Z,48159.0
2026-03-01T18:00:00Z,44768.6
2026-03-01T19:00:00Z,43103.5
2026-03-01T20:00:00Z,42158.6
2026-03-01T21:00:00Z,39384.8
2026-03-01T22:00:00Z,38003.4
2026-03-01T23:00:00Z,35835.7
2026-03-02T00:00:00Z,37558.2
2026-03-02T01:00:00Z,40403.3
2026-03-02T02:00:00Z,40063.4
2026-03-02T03:00:00Z,42290.2
2026-03-02T04:00:00Z,43233.3
2026-03-02T05:00:00Z,46100.2
2026-03-02T06:00:00Z,49056.0
2026-03-02T07:00:00Z,51632.1
2026-03-02T08:00:00Z,54163.5
2026-03-02T09:00:00Z,55349.6
2026-03-02T10:00:00Z,57401.7
2026-03-02T11:00:00Z,58264.3
2026-03-02T12:00:00Z,60856.0
2026-03-02T13:00:00Z,58819.1
2026-03-02T14:00:00Z,57590.1
2026-03-02T15:00:00Z,57829.6
2026-03-02T16:00:00Z,53203.1
2026-03-02T17:00:00Z,51402.3
2026-03-02T18:00:00Z,48611.5
2026-03-02T19:00:00Z,46025.8
2026-03-02T20:00:00Z,43056.3
2026-03-02T21:00:00Z,42459.0
2026-03-02T22:00:00Z,40833.6
2026-03-02T23:00:00Z,39333.7
2026-03-03T00:00:00Z,39332.6
2026-03-03T01:00:00Z,38043.7
2026-03-03T02:00:00Z,38693.7
2026-03-03T03:00:00Z,42147.2
2026-03-03T04:00:00Z,43787.8
2026-03-03T05:00:00Z,46406.3
2026-03-03T06:00:00Z,50982.6
2026-03-03T07:00:00Z,50655.1
2026-03-03T08:00:00Z,54266.6
2026-03-03T09:00:00Z,57321.4
2026-03-03T10:00:00Z,57771.6
2026-03-03T11:00:00Z,57921.4
2026-03-03T12:00:00Z,58611.4
2026-03-03T13:00:00Z,59008.9
2026-03-03T14:00:00Z,58476.0
2026-03-03T15:00:00Z,57035.0
2026-03-03T16:00:00Z,54108.5
2026-03-03T17:00:00Z,52480.0
2026-03-03T18:00:00Z,47655.4
2026-03-03T19:00:00Z,45553.2
2026-03-03T20:00:00Z,43303.1
2026-03-03T21:00:00Z,43157.4
2026-03-03T22:00:00Z,40166.5
2026-03-03T23:00:00Z,39426.6
2026-03-04T00:00:00Z,39451.4
2026-03-04T01:00:00Z,38336.3
2026-03-04T02:00:00Z,40309.0
2026-03-04T03:00:00Z,42098.5
2026-03-04T04:00:00Z,43738.8
2026-03-04T05:00:00Z,46657.1
2026-03-04T06:00:00Z,47298.4
2026-03-04T07:00:00Z,49767.8
2026-03-04T08:00:00Z,52177.8
2026-03-04T09:00:00Z,56703.8
2026-03-04T10:00:00Z,57474.6
2026-03-04T11:00:00Z,58870.3
2026-03-04T12:00:00Z,58816.6
2026-03-04T13:00:00Z,58302.7
2026-03-04T14:00:00Z,56613.8
2026-03-04T15:00:00Z,57099.6
2026-03-04T16:00:00Z,52942.2
2026-03-04T17:00:00Z,51358.7
2026-03-04T18:00:00Z,50175.7
2026-03-04T19:00:00Z,47947.0
2026-03-04T20:00:00Z,42975.1
2026-03-04T21:00:00Z,43173.9
2026-03-04T22:00:00Z,40256.4
2026-03-04T23:00:00Z,38612.1
2026-03-05T00:00:00Z,38024.3
2026-03-05T01:00:00Z,38341.6
2026-03-05T02:00:00Z,39872.3
2026-03-05T03:00:00Z,40604.9
2026-03-05T04:00:00Z,42655.7
2026-03-05T05:00:00Z,45464.2
2026-03-05T06:00:00Z,47931.6
2026-03-05T07:00:00Z,51806.0
2026-03-05T08:00:00Z,52766.9
2026-03-05T09:00:00Z,56329.8
2026-03-05T10:00:00Z,56268.4
2026-03-05T11:00:00Z,58626.5
2026-03-05T12:00:00Z,58988.8
2026-03-05T13:00:00Z,58243.3
2026-03-05T14:00:00Z,56662.4
2026-03-05T15:00:00Z,56047.1
2026-03-05T16:00:00Z,53176.8
2026-03-05T17:00:00Z,51561.9
2026-03-05T18:00:00Z,47535.4
2026-03-05T19:00:00Z,46040.7
2026-03-05T20:00:00Z,43276.4
2026-03-05T21:00:00Z,41070.6
2026-03-05T22:00:00Z,38812.5
2026-03-05T23:00:00Z,40054.9
2026-03-06T00:00:00Z,37366.9
2026-03-06T01:00:00Z,37652.0
2026-03-06T02:00:00Z,37401.2
2026-03-06T03:00:00Z,42099.6
2026-03-06T04:00:00Z,43551.1
2026-03-06T05:00:00Z,45660.9
2026-03-06T06:00:00Z,49274.8
2026-03-06T07:00:00Z,50615.0
2026-03-06T08:00:00Z,53749.8
2026-03-06T09:00:00Z,55580.7
2026-03-06T10:00:00Z,58923.8
2026-03-06T11:00:00Z,59548.9
2026-03-06T12:00:00Z,58660.3
2026-03-06T13:00:00Z,57525.7
2026-03-06T14:00:00Z,58922.4
2026-03-06T15:00:00Z,54724.7
2026-03-06T16:00:00Z,53685.1
2026-03-06T17:00:00Z,50479.2
2026-03-06T18:00:00Z,49307.8
2026-03-06T19:00:00Z,45264.0
2026-03-06T20:00:00Z,43097.1
2026-03-06T21:00:00Z,41785.1
2026-03-06T22:00:00Z,40001.8
2026-03-06T23:00:00Z,38374.1
2026-03-07T00:00:00Z,35830.2
2026-03-07T01:00:00Z,36665.0
2026-03-07T02:00:00Z,35740.0
2026-03-07T03:00:00Z,38533.2
2026-03-07T04:00:00Z,39066.5
2026-03-07T05:00:00Z,42754.5
2026-03-07T06:00:00Z,45004.9
2026-03-07T07:00:00Z,46896.4
2026-03-07T08:00:00Z,50752.6
2026-03-07T09:00:00Z,52357.6
2026-03-07T10:00:00Z,56292.4
2026-03-07T11:00:00Z,55626.6
2026-03-07T12:00:00Z,55358.9
2026-03-07T13:00:00Z,55989.6
2026-03-07T14:00:00Z,53692.2
2026-03-07T15:00:00Z,52811.8
2026-03-07T16:00:00Z,49854.6
2026-03-07T17:00:00Z,47054.0
2026-03-07T18:00:00Z,44526.5
2026-03-07T19:00:00Z,42593.1
2026-03-07T20:00:00Z,40692.2
2026-03-07T21:00:00Z,36558.2
2026-03-07T22:00:00Z,36443.2
2026-03-07T23:00:00Z,36391.9
2026-03-08T00:00:00Z,36126.2
2026-03-08T01:00:00Z,34820.5
2026-03-08T02:00:00Z,35333.6
2026-03-08T03:00:00Z,36988.6
2026-03-08T04:00:00Z,40902.6
2026-03-08T05:00:00Z,42327.5
2026-03-08T06:00:00Z,44873.1
2026-03-08T07:00:00Z,48031.8
2026-03-08T08:00:00Z,50725.6
2026-03-08T09:00:00Z,53388.0
2026-03-08T10:00:00Z,55242.6
2026-03-08T11:00:00Z,54431.9
2026-03-08T12:00:00Z,56112.8
2026-03-08T13:00:00Z,54838.6
2026-03-08T14:00:00Z,55101.7
2026-03-08T15:00:00Z,51380.1
2026-03-08T16:00:00Z,49810.8
2026-03-08T17:00:00Z,47796.0
2026-03-08T18:00:00Z,44495.6
2026-03-08T19:00:00Z,43815.8
2026-03-08T20:00:00Z,39811.3
2026-03-08T21:00:00Z,36806.4
2026-03-08T22:00:00Z,36656.5
2026-03-08T23:00:00Z,35254.8
2026-03-09T00:00:00Z,37135.3
2026-03-09T01:00:00Z,37160.9
2026-03-09T02:00:00Z,38147.6
2026-03-09T03:00:00Z,39918.9
2026-03-09T04:00:00Z,43311.9
2026-03-09T05:00:00Z,46137.7
2026-03-09T06:00:00Z,48527.9
2026-03-09T07:00:00Z,49916.5
2026-03-09T08:00:00Z,53281.6
2026-03-09T09:00:00Z,55137.7
2026-03-09T10:00:00Z,57426.6
2026-03-09T11:00:00Z,56739.9
2026-03-09T12:00:00Z,59364.6
2026-03-09T13:00:00Z,56774.9
2026-03-09T14:00:00Z,56750.8
2026-03-09T15:00:00Z,54806.5
2026-03-09T16:00:00Z,53470.0
2026-03-09T17:00:00Z,50240.3
2026-03-09T18:00:00Z,46415.9
2026-03-09T19:00:00Z,45679.9
2026-03-09T20:00:00Z,43653.3
2026-03-09T21:00:00Z,42581.0
2026-03-09T22:00:00Z,38627.8
2026-03-09T23:00:00Z,37512.2
2026-03-10T00:00:00Z,38045.3
2026-03-10T01:00:00Z,36957.0
2026-03-10T02:00:00Z,38744.4
2026-03-10T03:00:00Z,39349.0
2026-03-10T04:00:00Z,43825.2
2026-03-10T05:00:00Z,45022.6
2026-03-10T06:00:00Z,47103.3
2026-03-10T07:00:00Z,49859.4
2026-03-10T08:00:00Z,51984.9
2026-03-10T09:00:00Z,56154.3
2026-03-10T10:00:00Z,55597.5
2026-03-10T11:00:00Z,56508.8
2026-03-10T12:00:00Z,56654.1
2026-03-10T13:00:00Z,56791.3
2026-03-10T14:00:00Z,56808.4
2026-03-10T15:00:00Z,56468.5
2026-03-10T16:00:00Z,50091.5
2026-03-10T17:00:00Z,51056.0
2026-03-10T18:00:00Z,46840.4
2026-03-10T19:00:00Z,44794.5
2026-03-10T20:00:00Z,43147.9
2026-03-10T21:00:00Z,38956.2
2026-03-10T22:00:00Z,38071.3
2026-03-10T23:00:00Z,38772.7
2026-03-11T00:00:00Z,36292.3
2026-03-11T01:00:00Z,37623.7
2026-03-11T02:00:00Z,39445.9
2026-03-11T03:00:00Z,38718.7
2026-03-11T04:00:00Z,43107.1
2026-03-11T05:00:00Z,43993.1
2026-03-11T06:00:00Z,47460.4
2026-03-11T07:00:00Z,49114.4
2026-03-11T08:00:00Z,53655.4
2026-03-11T09:00:00Z,55086.1
2026-03-11T10:00:00Z,54740.7
2026-03-11T11:00:00Z,57907.0
2026-03-11T12:00:00Z,56955.1
2026-03-11T13:00:00Z,56882.1
2026-03-11T14:00:00Z,55804.0
2026-03-11T15:00:00Z,56232.4
2026-03-11T16:00:00Z,52709.5
2026-03-11T17:00:00Z,50195.4
2026-03-11T18:00:00Z,49019.8
2026-03-11T19:00:00Z,45882.0
2026-03-11T20:00:00Z,41960.0
2026-03-11T21:00:00Z,38737.7
2026-03-11T22:00:00Z,38723.2
2026-03-11T23:00:00Z,38416.2
2026-03-12T00:00:00Z,36697.6
2026-03-12T01:00:00Z,38171.5
2026-03-12T02:00:00Z,37974.1
2026-03-12T03:00:00Z,39271.5
2026-03-12T04:00:00Z,41261.6
2026-03-12T05:00:00Z,44589.4
2026-03-12T06:00:00Z,47450.6
2026-03-12T07:00:00Z,48651.3
2026-03-12T08:00:00Z,52614.1
2026-03-12T09:00:00Z,54541.9
2026-03-12T10:00:00Z,56278.6
2026-03-12T11:00:00Z,57777.5
2026-03-12T12:00:00Z,57918.0
2026-03-12T13:00:00Z,56980.9
2026-03-12T14:00:00Z,56067.6
2026-03-12T15:00:00Z,53923.9
2026-03-12T16:00:00Z,52057.5
2026-03-12T17:00:00Z,49910.4
2026-03-12T18:00:00Z,48931.1
2026-03-12T19:00:00Z,45323.9
2026-03-12T20:00:00Z,43654.9
2026-03-12T21:00:00Z,40096.8
2026-03-12T22:00:00Z,37572.0
2026-03-12T23:00:00Z,37316.8
2026-03-13T00:00:00Z,36642.0
2026-03-13T01:00:00Z,39306.4
2026-03-13T02:00:00Z,38877.2
2026-03-13T03:00:00Z,40136.3
2026-03-13T04:00:00Z,42073.7
2026-03-13T05:00:00Z,44011.5
2026-03-13T06:00:00Z,47671.5
2026-03-13T07:00:00Z,50886.5
2026-03-13T08:00:00Z,52733.7
2026-03-13T09:00:00Z,54111.4
2026-03-13T10:00:00Z,54647.5
2026-03-13T11:00:00Z,57076.2
2026-03-13T12:00:00Z,58104.8
2026-03-13T13:00:00Z,56571.2
2026-03-13T14:00:00Z,56584.5
2026-03-13T15:00:00Z,54220.6
2026-03-13T16:00:00Z,52476.6
2026-03-13T17:00:00Z,49617.9
2026-03-13T18:00:00Z,47718.8
2026-03-13T19:00:00Z,44599.4
2026-03-13T20:00:00Z,41270.3
2026-03-13T21:00:00Z,39540.6
2026-03-13T22:00:00Z,37974.9
2026-03-13T23:00:00Z,36498.6
2026-03-14T00:00:00Z,34429.7
2026-03-14T01:00:00Z,33277.3
2026-03-14T02:00:00Z,34248.1
2026-03-14T03:00:00Z,37309.9
2026-03-14T04:00:00Z,39234.7
2026-03-14T05:00:00Z,41045.2
2026-03-14T06:00:00Z,43418.5
2026-03-14T07:00:00Z,46237.6
2026-03-14T08:00:00Z,48240.4
2026-03-14T09:00:00Z,52154.0
2026-03-14T10:00:00Z,52778.1
2026-03-14T11:00:00Z,55255.4
2026-03-14T12:00:00Z,54306.3
2026-03-14T13:00:00Z,57017.9
2026-03-14T14:00:00Z,54252.5
2026-03-14T15:00:00Z,51271.6
2026-03-14T16:00:00Z,49372.1
2026-03-14T17:00:00Z,46841.8
2026-03-14T18:00:00Z,43068.3
2026-03-14T19:00:00Z,41783.2
2026-03-14T20:00:00Z,39137.4
2026-03-14T21:00:00Z,35163.6
2026-03-14T22:00:00Z,35572.1
2026-03-14T23:00:00Z,35196.1
2026-03-15T00:00:00Z,32955.9
2026-03-15T01:00:00Z,33996.2
2026-03-15T02:00:00Z,36030.5
2026-03-15T03:00:00Z,36165.6
2026-03-15T04:00:00Z,38546.8
2026-03-15T05:00:00Z,40676.8
2026-03-15T06:00:00Z,45461.5
2026-03-15T07:00:00Z,47606.6
2026-03-15T08:00:00Z,50383.7
2026-03-15T09:00:00Z,50758.1
2026-03-15T10:00:00Z,53717.3
2026-03-15T11:00:00Z,54108.7
2026-03-15T12:00:00Z,54237.1
2026-03-15T13:00:00Z,55849.0
2026-03-15T14:00:00Z,52979.8
2026-03-15T15:00:00Z,50809.2
2026-03-15T16:00:00Z,50202.2
2026-03-15T17:00:00Z,48379.1
2026-03-15T18:00:00Z,44320.1
2026-03-15T19:00:00Z,41405.0
2026-03-15T20:00:00Z,38921.9
2026-03-15T21:00:00Z,36315.5
2026-03-15T22:00:00Z,35112.6
2026-03-15T23:00:00Z,34629.9
2026-03-16T00:00:00Z,38014.0
2026-03-16T01:00:00Z,36796.3
2026-03-16T02:00:00Z,38700.6
2026-03-16T03:00:00Z,38610.0
2026-03-16T04:00:00Z,40332.8
2026-03-16T05:00:00Z,46653.4
2026-03-16T06:00:00Z,46518.5
2026-03-16T07:00:00Z,48673.4
2026-03-16T08:00:00Z,52234.2
2026-03-16T09:00:00Z,54721.4
2026-03-16T10:00:00Z,53511.5
2026-03-16T11:00:00Z,57434.9
2026-03-16T12:00:00Z,57395.5
2026-03-16T13:00:00Z,57403.8
2026-03-16T14:00:00Z,55982.1
2026-03-16T15:00:00Z,54249.0
2026-03-16T16:00:00Z,52055.9
2026-03-16T17:00:00Z,50761.5
2026-03-16T18:00:00Z,45736.9
2026-03-16T19:00:00Z,43663.9
2026-03-16T20:00:00Z,39468.4
2026-03-16T21:00:00Z,39482.4
2026-03-16T22:00:00Z,38600.5
2026-03-16T23:00:00Z,37421.7
2026-03-17T00:00:00Z,37869.9
2026-03-17T01:00:00Z,37931.5
2026-03-17T02:00:00Z,36053.3
2026-03-17T03:00:00Z,38210.7
2026-03-17T04:00:00Z,39684.7
2026-03-17T05:00:00Z,43150.0
2026-03-17T06:00:00Z,45324.4
2026-03-17T07:00:00Z,49296.3
2026-03-17T08:00:00Z,50975.8
2026-03-17T09:00:00Z,55211.0
2026-03-17T10:00:00Z,55093.8
2026-03-17T11:00:00Z,56895.3
2026-03-17T12:00:00Z,58134.8
2026-03-17T13:00:00Z,57239.1
2026-03-17T14:00:00Z,56194.1
2026-03-17T15:00:00Z,55161.5
2026-03-17T16:00:00Z,52846.6
2026-03-17T17:00:00Z,49642.2
2026-03-17T18:00:00Z,48153.4
2026-03-17T19:00:00Z,43065.1
2026-03-17T20:00:00Z,39895.2
2026-03-17T21:00:00Z,39307.2
2026-03-17T22:00:00Z,39160.6
2026-03-17T23:00:00Z,35685.2
2026-03-18T00:00:00Z,36865.7
2026-03-18T01:00:00Z,36843.5
2026-03-18T02:00:00Z,37595.4
2026-03-18T03:00:00Z,37922.2
2026-03-18T04:00:00Z,40436.9
2026-03-18T05:00:00Z,43679.9
2026-03-18T06:00:00Z,46716.1
2026-03-18T07:00:00Z,50932.6
2026-03-18T08:00:00Z,51891.9
2026-03-18T09:00:00Z,53683.3
2026-03-18T10:00:00Z,54929.2
2026-03-18T11:00:00Z,57404.4
2026-03-18T12:00:00Z,56544.3
2026-03-18T13:00:00Z,56905.9
2026-03-18T14:00:00Z,55380.1
2026-03-18T15:00:00Z,53560.7
2026-03-18T16:00:00Z,50839.0
2026-03-18T17:00:00Z,47514.9
2026-03-18T18:00:00Z,45870.7
2026-03-18T19:00:00Z,43689.4
2026-03-18T20:00:00Z,42388.1
2026-03-18T21:00:00Z,38361.5
2026-03-18T22:00:00Z,37503.6
2026-03-18T23:00:00Z,36864.3
2026-03-19T00:00:00Z,36608.4
2026-03-19T01:00:00Z,37321.0
2026-03-19T02:00:00Z,39021.5
2026-03-19T03:00:00Z,39341.4
2026-03-19T04:00:00Z,40492.0
2026-03-19T05:00:00Z,43533.8
2026-03-19T06:00:00Z,46536.6
2026-03-19T07:00:00Z,50092.2
2026-03-19T08:00:00Z,50561.7
2026-03-19T09:00:00Z,54334.9
2026-03-19T10:00:00Z,56090.5
2026-03-19T11:00:00Z,56030.5
2026-03-19T12:00:00Z,58175.4
2026-03-19T13:00:00Z,56104.8
2026-03-19T14:00:00Z,56274.7
2026-03-19T15:00:00Z,51769.6
2026-03-19T16:00:00Z,53349.3
2026-03-19T17:00:00Z,49477.8
2026-03-19T18:00:00Z,46332.9
2026-03-19T19:00:00Z,42191.2
2026-03-19T20:00:00Z,41127.7
2026-03-19T21:00:00Z,38594.5
2026-03-19T22:00:00Z,36320.6
2026-03-19T23:00:00Z,36938.1
2026-03-20T00:00:00Z,37020.4
2026-03-20T01:00:00Z,35384.4
2026-03-20T02:00:00Z,39044.6
2026-03-20T03:00:00Z,39403.1
2026-03-20T04:00:00Z,40931.5
2026-03-20T05:00:00Z,43982.2
2026-03-20T06:00:00Z,46249.7
2026-03-20T07:00:00Z,48741.2
2026-03-20T08:00:00Z,52440.2
2026-03-20T09:00:00Z,54972.1
2026-03-20T10:00:00Z,55074.0
2026-03-20T11:00:00Z,56085.4
2026-03-20T12:00:00Z,58072.1
2026-03-20T13:00:00Z,57229.8
2026-03-20T14:00:00Z,54954.4
2026-03-20T15:00:00Z,54265.9
2026-03-20T16:00:00Z,51609.4
2026-03-20T17:00:00Z,47953.0
2026-03-20T18:00:00Z,46993.3
2026-03-20T19:00:00Z,45013.9
2026-03-20T20:00:00Z,40504.3
2026-03-20T21:00:00Z,39713.3
2026-03-20T22:00:00Z,37483.3
2026-03-20T23:00:00Z,35943.9
2026-03-21T00:00:00Z,33215.2
2026-03-21T01:00:00Z,31499.1
2026-03-21T02:00:00Z,34278.5
2026-03-21T03:00:00Z,35671.7
2026-03-21T04:00:00Z,40099.9
2026-03-21T05:00:00Z,41020.5
2026-03-21T06:00:00Z,44082.3
2026-03-21T07:00:00Z,47367.8
2026-03-21T08:00:00Z,49430.5
2026-03-21T09:00:00Z,51416.4
2026-03-21T10:00:00Z,52645.3
2026-03-21T11:00:00Z,53775.5
2026-03-21T12:00:00Z,54254.6
2026-03-21T13:00:00Z,54259.5
2026-03-21T14:00:00Z,51884.7
2026-03-21T15:00:00Z,50506.6
2026-03-21T16:00:00Z,48812.8
2026-03-21T17:00:00Z,46146.6
2026-03-21T18:00:00Z,44240.9
2026-03-21T19:00:00Z,40719.7
2026-03-21T20:00:00Z,38848.1
2026-03-21T21:00:00Z,36242.5
2026-03-21T22:00:00Z,34982.4
2026-03-21T23:00:00Z,33711.1
2026-03-22T00:00:00Z,33464.0
2026-03-22T01:00:00Z,33573.7
2026-03-22T02:00:00Z,34929.9
2026-03-22T03:00:00Z,35756.5
2026-03-22T04:00:00Z,37098.1
2026-03-22T05:00:00Z,41347.6
2026-03-22T06:00:00Z,45045.8
2026-03-22T07:00:00Z,47401.4
2026-03-22T08:00:00Z,49031.5
2026-03-22T09:00:00Z,51144.5
2026-03-22T10:00:00Z,53175.3
2026-03-22T11:00:00Z,51418.7
2026-03-22T12:00:00Z,53753.9
2026-03-22T13:00:00Z,53358.1
2026-03-22T14:00:00Z,51926.0
2026-03-22T15:00:00Z,50412.8
2026-03-22T16:00:00Z,48146.8
2026-03-22T17:00:00Z,46506.1
2026-03-22T18:00:00Z,43364.8
2026-03-22T19:00:00Z,40064.4
2026-03-22T20:00:00Z,39461.4
2026-03-22T21:00:00Z,36462.3
2026-03-22T22:00:00Z,34744.6
2026-03-22T23:00:00Z,31929.8
2026-03-23T00:00:00Z,35800.8
2026-03-23T01:00:00Z,37746.7
2026-03-23T02:00:00Z,37642.4
2026-03-23T03:00:00Z,37079.9
2026-03-23T04:00:00Z,40344.1
2026-03-23T05:00:00Z,43337.0
2026-03-23T06:00:00Z,47530.4
2026-03-23T07:00:00Z,47922.6
2026-03-23T08:00:00Z,51288.1
2026-03-23T09:00:00Z,53237.5
2026-03-23T10:00:00Z,57540.4
2026-03-23T11:00:00Z,55921.5
2026-03-23T12:00:00Z,56434.8
2026-03-23T13:00:00Z,57002.3
2026-03-23T14:00:00Z,56130.6
2026-03-23T15:00:00Z,54640.1
2026-03-23T16:00:00Z,50676.1
2026-03-23T17:00:00Z,47466.1
2026-03-23T18:00:00Z,46714.3
2026-03-23T19:00:00Z,43750.2
2026-03-23T20:00:00Z,40437.0
2026-03-23T21:00:00Z,38024.8
2026-03-23T22:00:00Z,37277.3
2026-03-23T23:00:00Z,37599.4
2026-03-24T00:00:00Z,36907.0
2026-03-24T01:00:00Z,35948.1
2026-03-24T02:00:00Z,36482.6
2026-03-24T03:00:00Z,38218.9
2026-03-24T04:00:00Z,40746.7
2026-03-24T05:00:00Z,43236.0
2026-03-24T06:00:00Z,45950.3
2026-03-24T07:00:00Z,47781.7
2026-03-24T08:00:00Z,50832.4
2026-03-24T09:00:00Z,53185.1
2026-03-24T10:00:00Z,54172.8
2026-03-24T11:00:00Z,55049.3
2026-03-24T12:00:00Z,57029.8
2026-03-24T13:00:00Z,57363.2
2026-03-24T14:00:00Z,55283.4
2026-03-24T15:00:00Z,53369.5
2026-03-24T16:00:00Z,52066.9
2026-03-24T17:00:00Z,48643.3
2026-03-24T18:00:00Z,47042.4
2026-03-24T19:00:00Z,42141.4
2026-03-24T20:00:00Z,41868.3
2026-03-24T21:00:00Z,38370.9
2026-03-24T22:00:00Z,37932.7
2026-03-24T23:00:00Z,36213.5
2026-03-25T00:00:00Z,35738.8
2026-03-25T01:00:00Z,36809.0
2026-03-25T02:00:00Z,36545.6
2026-03-25T03:00:00Z,39069.3
2026-03-25T04:00:00Z,40940.3
2026-03-25T05:00:00Z,44058.2
2026-03-25T06:00:00Z,46046.9
2026-03-25T07:00:00Z,48583.5
2026-03-25T08:00:00Z,50585.7
2026-03-25T09:00:00Z,52566.0
2026-03-25T10:00:00Z,54962.5
2026-03-25T11:00:00Z,54595.5
2026-03-25T12:00:00Z,56089.1
2026-03-25T13:00:00Z,55901.2
2026-03-25T14:00:00Z,54086.3
2026-03-25T15:00:00Z,53692.7
2026-03-25T16:00:00Z,50160.5
2026-03-25T17:00:00Z,47615.3
2026-03-25T18:00:00Z,45486.7
2026-03-25T19:00:00Z,42730.6
2026-03-25T20:00:00Z,40033.0
2026-03-25T21:00:00Z,40471.1
2026-03-25T22:00:00Z,36314.7
2026-03-25T23:00:00Z,36645.0
2026-03-26T00:00:00Z,34260.6
2026-03-26T01:00:00Z,34838.5
2026-03-26T02:00:00Z,37366.2
2026-03-26T03:00:00Z,36017.0
2026-03-26T04:00:00Z,40981.0
2026-03-26T05:00:00Z,43416.9
2026-03-26T06:00:00Z,46060.4
2026-03-26T07:00:00Z,47972.4
2026-03-26T08:00:00Z,51311.1
2026-03-26T09:00:00Z,52214.1
2026-03-26T10:00:00Z,54644.6
2026-03-26T11:00:00Z,55803.1
2026-03-26T12:00:00Z,56345.7
2026-03-26T13:00:00Z,56164.4
2026-03-26T14:00:00Z,53430.9
2026-03-26T15:00:00Z,53960.6
2026-03-26T16:00:00Z,51185.8
2026-03-26T17:00:00Z,50466.3
2026-03-26T18:00:00Z,47288.2
2026-03-26T19:00:00Z,44410.0
2026-03-26T20:00:00Z,40198.3
2026-03-26T21:00:00Z,39232.4
2026-03-26T22:00:00Z,36492.7
2026-03-26T23:00:00Z,35595.9
2026-03-27T00:00:00Z,36621.6
2026-03-27T01:00:00Z,35908.8
2026-03-27T02:00:00Z,36667.4
2026-03-27T03:00:00Z,38598.5
2026-03-27T04:00:00Z,40997.5
2026-03-27T05:00:00Z,43971.1
2026-03-27T06:00:00Z,44842.6
2026-03-27T07:00:00Z,48028.1
2026-03-27T08:00:00Z,52727.1
2026-03-27T09:00:00Z,52648.3
2026-03-27T10:00:00Z,55825.4
2026-03-27T11:00:00Z,55935.9
2026-03-27T12:00:00Z,55516.1
2026-03-27T13:00:00Z,54865.5
2026-03-27T14:00:00Z,55705.2
2026-03-27T15:00:00Z,52229.7
2026-03-27T16:00:00Z,51293.1
2026-03-27T17:00:00Z,48783.4
2026-03-27T18:00:00Z,45769.9
2026-03-27T19:00:00Z,44526.2
2026-03-27T20:00:00Z,41022.0
2026-03-27T21:00:00Z,38602.9
2026-03-27T22:00:00Z,37133.9
2026-03-27T23:00:00Z,36349.6
2026-03-28T00:00:00Z,32356.7
2026-03-28T01:00:00Z,33273.9
2026-03-28T02:00:00Z,35589.7
2026-03-28T03:00:00Z,34270.4
2026-03-28T04:00:00Z,36970.8
2026-03-28T05:00:00Z,39978.9
2026-03-28T06:00:00Z,42293.0
2026-03-28T07:00:00Z,46916.6
2026-03-28T08:00:00Z,46216.2
2026-03-28T09:00:00Z,50753.2
2026-03-28T10:00:00Z,51010.2
2026-03-28T11:00:00Z,52574.4
2026-03-28T12:00:00Z,53265.8
2026-03-28T13:00:00Z,53795.5
2026-03-28T14:00:00Z,52108.3
2026-03-28T15:00:00Z,49933.4
2026-03-28T16:00:00Z,48547.1
2026-03-28T17:00:00Z,46802.9
2026-03-28T18:00:00Z,44404.2
2026-03-28T19:00:00Z,40616.0
2026-03-28T20:00:00Z,37655.1
2026-03-28T21:00:00Z,34867.5
2026-03-28T22:00:00Z,34661.3
2026-03-28T23:00:00Z,33320.3
2026-03-29T00:00:00Z,32027.1
2026-03-29T01:00:00Z,32820.8
2026-03-29T02:00:00Z,33436.1
2026-03-29T03:00:00Z,35521.3
2026-03-29T04:00:00Z,39195.7
2026-03-29T05:00:00Z,39705.4
2026-03-29T06:00:00Z,43512.9
2026-03-29T07:00:00Z,44931.2
2026-03-29T08:00:00Z,47005.7
2026-03-29T09:00:00Z,50920.8
2026-03-29T10:00:00Z,52055.3
2026-03-29T11:00:00Z,53759.2
2026-03-29T12:00:00Z,53752.2
2026-03-29T13:00:00Z,53971.0
2026-03-29T14:00:00Z,52761.1
2026-03-29T15:00:00Z,50552.9
2026-03-29T16:00:00Z,47115.2
2026-03-29T17:00:00Z,45083.1
2026-03-29T18:00:00Z,42117.5
2026-03-29T19:00:00Z,40026.6
2026-03-29T20:00:00Z,37351.9
2026-03-29T21:00:00Z,35515.5
2026-03-29T22:00:00Z,33382.4
2026-03-29T23:00:00Z,32798.4
2026-03-30T00:00:00Z,35843.9
2026-03-30T01:00:00Z,35755.8
2026-03-30T02:00:00Z,37471.2
2026-03-30T03:00:00Z,40236.8
2026-03-30T04:00:00Z,39630.7
2026-03-30T05:00:00Z,43861.9
2026-03-30T06:00:00Z,47117.7
2026-03-30T07:00:00Z,47397.0
2026-03-30T08:00:00Z,50991.8
2026-03-30T09:00:00Z,53333.3
2026-03-30T10:00:00Z,53913.5
2026-03-30T11:00:00Z,56949.7
2026-03-30T12:00:00Z,55396.5
2026-03-30T13:00:00Z,55186.1
2026-03-30T14:00:00Z,55377.4
2026-03-30T15:00:00Z,53753.6
2026-03-30T16:00:00Z,50817.0
2026-03-30T17:00:00Z,48332.7
2026-03-30T18:00:00Z,45334.2
2026-03-30T19:00:00Z,44047.0
2026-03-30T20:00:00Z,41944.3
2026-03-30T21:00:00Z,39288.1
2026-03-30T22:00:00Z,36241.9
2026-03-30T23:00:00Z,34490.5
2026-03-31T00:00:00Z,34926.7
2026-03-31T01:00:00Z,36641.5
2026-03-31T02:00:00Z,35970.3
2026-03-31T03:00:00Z,38124.0
2026-03-31T04:00:00Z,39652.9
2026-03-31T05:00:00Z,42735.3
2026-03-31T06:00:00Z,45110.0
2026-03-31T07:00:00Z,49270.7
2026-03-31T08:00:00Z,51054.3
2026-03-31T09:00:00Z,53112.8
2026-03-31T10:00:00Z,54353.2
2026-03-31T11:00:00Z,55990.2
2026-03-31T12:00:00Z,56357.9
2026-03-31T13:00:00Z,57219.3
2026-03-31T14:00:00Z,54631.0
2026-03-31T15:00:00Z,52924.2
2026-03-31T16:00:00Z,50766.3
2026-03-31T17:00:00Z,47722.9
2026-03-31T18:00:00Z,45992.7
2026-03-31T19:00:00Z,42978.8
2026-03-31T20:00:00Z,40787.5
2026-03-31T21:00:00Z,37093.2
2026-03-31T22:00:00Z,36963.5
2026-03-31T23:00:00Z,36432.4
2026-04-01T00:00:00Z,35832.3
2026-04-01T01:00:00Z,36310.5
2026-04-01T02:00:00Z,35800.1
2026-04-01T03:00:00Z,36794.5
2026-04-01T04:00:00Z,40792.8
2026-04-01T05:00:00Z,42903.4
2026-04-01T06:00:00Z,45436.2
2026-04-01T07:00:00Z,47925.1
2026-04-01T08:00:00Z,50002.3
2026-04-01T09:00:00Z,52932.1
2026-04-01T10:00:00Z,55074.2
2026-04-01T11:00:00Z,55773.9
2026-04-01T12:00:00Z,55676.3
2026-04-01T13:00:00Z,54372.5
2026-04-01T14:00:00Z,55751.7
2026-04-01T15:00:00Z,52613.9
2026-04-01T16:00:00Z,51894.2
2026-04-01T17:00:00Z,47246.2
2026-04-01T18:00:00Z,43950.4
2026-04-01T19:00:00Z,43054.2
2026-04-01T20:00:00Z,40108.9
2026-04-01T21:00:00Z,38081.9
2026-04-01T22:00:00Z,36225.5
2026-04-01T23:00:00Z,34765.5
2026-04-02T00:00:00Z,35864.6
2026-04-02T01:00:00Z,35220.8
2026-04-02T02:00:00Z,38322.6
2026-04-02T03:00:00Z,38555.3
2026-04-02T04:00:00Z,40925.8
2026-04-02T05:00:00Z,43995.4
2026-04-02T06:00:00Z,44715.2
2026-04-02T07:00:00Z,47891.6
2026-04-02T08:00:00Z,50840.5
2026-04-02T09:00:00Z,51214.8
2026-04-02T10:00:00Z,54660.8
2026-04-02T11:00:00Z,54913.8
2026-04-02T12:00:00Z,55024.1
2026-04-02T13:00:00Z,56214.5
2026-04-02T14:00:00Z,55802.0
2026-04-02T15:00:00Z,53305.1
2026-04-02T16:00:00Z,49891.7
2026-04-02T17:00:00Z,48871.5
2026-04-02T18:00:00Z,44431.5
2026-04-02T19:00:00Z,42693.5
2026-04-02T20:00:00Z,40657.6
2026-04-02T21:00:00Z,38165.2
2026-04-02T22:00:00Z,35839.6
2026-04-02T23:00:00Z,35910.6
2026-04-03T00:00:00Z,35426.9
2026-04-03T01:00:00Z,35573.9
2026-04-03T02:00:00Z,35361.8
2026-04-03T03:00:00Z,39425.0
2026-04-03T04:00:00Z,39281.0
2026-04-03T05:00:00Z,41374.1
2026-04-03T06:00:00Z,44665.6
2026-04-03T07:00:00Z,48953.1
2026-04-03T08:00:00Z,50222.7
2026-04-03T09:00:00Z,52599.4
2026-04-03T10:00:00Z,54190.5
2026-04-03T11:00:00Z,55795.7
2026-04-03T12:00:00Z,56014.9
2026-04-03T13:00:00Z,55283.3
2026-04-03T14:00:00Z,53922.1
2026-04-03T15:00:00Z,51694.0
2026-04-03T16:00:00Z,50584.8
2026-04-03T17:00:00Z,48424.9
2026-04-03T18:00:00Z,44734.7
2026-04-03T19:00:00Z,41599.4
2026-04-03T20:00:00Z,40899.6
2026-04-03T21:00:00Z,37583.4
2026-04-03T22:00:00Z,37320.7
2026-04-03T23:00:00Z,35902.3
2026-04-04T00:00:00Z,32164.3
2026-04-04T01:00:00Z,32646.1
2026-04-04T02:00:00Z,31954.2
2026-04-04T03:00:00Z,34492.2
2026-04-04T04:00:00Z,37886.7
2026-04-04T05:00:00Z,41178.0
2026-04-04T06:00:00Z,42764.4
2026-04-04T07:00:00Z,44301.2
2026-04-04T08:00:00Z,46196.9
2026-04-04T09:00:00Z,48441.0
2026-04-04T10:00:00Z,51143.6
2026-04-04T11:00:00Z,51845.9
2026-04-04T12:00:00Z,52618.3
2026-04-04T13:00:00Z,51549.0
2026-04-04T14:00:00Z,51766.6
2026-04-04T15:00:00Z,49985.5
2026-04-04T16:00:00Z,47303.9
2026-04-04T17:00:00Z,43719.2
2026-04-04T18:00:00Z,42549.2
2026-04-04T19:00:00Z,38864.7
2026-04-04T20:00:00Z,37298.5
2026-04-04T21:00:00Z,34174.3
2026-04-04T22:00:00Z,33925.3
2026-04-04T23:00:00Z,32639.7
2026-04-05T00:00:00Z,32190.0
2026-04-05T01:00:00Z,33104.1
2026-04-05T02:00:00Z,32948.9
2026-04-05T03:00:00Z,35418.5
2026-04-05T04:00:00Z,35922.7
2026-04-05T05:00:00Z,38164.0
2026-04-05T06:00:00Z,43368.2
2026-04-05T07:00:00Z,44776.6
2026-04-05T08:00:00Z,47289.8
2026-04-05T09:00:00Z,50078.8
2026-04-05T10:00:00Z,51244.2
2026-04-05T11:00:00Z,51731.9
2026-04-05T12:00:00Z,52906.3
2026-04-05T13:00:00Z,51757.0
2026-04-05T14:00:00Z,51042.3
2026-04-05T15:00:00Z,49192.7
2026-04-05T16:00:00Z,47995.3
2026-04-05T17:00:00Z,45843.9
2026-04-05T18:00:00Z,41616.4
2026-04-05T19:00:00Z,39617.2
2026-04-05T20:00:00Z,36337.4
2026-04-05T21:00:00Z,34781.9
2026-04-05T22:00:00Z,34334.8
2026-04-05T23:00:00Z,31699.3
2026-04-06T00:00:00Z,35479.9
2026-04-06T01:00:00Z,34561.5
2026-04-06T02:00:00Z,35439.1
2026-04-06T03:00:00Z,37206.8
2026-04-06T04:00:00Z,40626.7
2026-04-06T05:00:00Z,42501.2
2026-04-06T06:00:00Z,46186.3
2026-04-06T07:00:00Z,46676.5
2026-04-06T08:00:00Z,49559.6
2026-04-06T09:00:00Z,52940.2
2026-04-06T10:00:00Z,53401.5
2026-04-06T11:00:00Z,54634.0
2026-04-06T12:00:00Z,55401.6
2026-04-06T13:00:00Z,54897.2
2026-04-06T14:00:00Z,53434.0
2026-04-06T15:00:00Z,51133.0
2026-04-06T16:00:00Z,49850.2
2026-04-06T17:00:00Z,48979.7
2026-04-06T18:00:00Z,44647.2
2026-04-06T19:00:00Z,42402.3
2026-04-06T20:00:00Z,40860.8
2026-04-06T21:00:00Z,38473.7
2026-04-06T22:00:00Z,35848.7
2026-04-06T23:00:00Z,35607.5
2026-04-07T00:00:00Z,34664.9
2026-04-07T01:00:00Z,36341.2
2026-04-07T02:00:00Z,35501.2
2026-04-07T03:00:00Z,37300.0
2026-04-07T04:00:00Z,38507.6
2026-04-07T05:00:00Z,43370.2
2026-04-07T06:00:00Z,45937.3
2026-04-07T07:00:00Z,46950.6
2026-04-07T08:00:00Z,49438.6
2026-04-07T09:00:00Z,53475.8
2026-04-07T10:00:00Z,53377.3
2026-04-07T11:00:00Z,55056.9
2026-04-07T12:00:00Z,56513.5
2026-04-07T13:00:00Z,55940.7
2026-04-07T14:00:00Z,53884.2
2026-04-07T15:00:00Z,51782.8
2026-04-07T16:00:00Z,50846.4
2026-04-07T17:00:00Z,46972.8
2026-04-07T18:00:00Z,44201.4
2026-04-07T19:00:00Z,43209.3
2026-04-07T20:00:00Z,38394.6
2026-04-07T21:00:00Z,38811.0
2026-04-07T22:00:00Z,37400.5
2026-04-07T23:00:00Z,35875.7
2026-04-08T00:00:00Z,35141.4
2026-04-08T01:00:00Z,35168.3
2026-04-08T02:00:00Z,36903.3
2026-04-08T03:00:00Z,38358.2
2026-04-08T04:00:00Z,39792.8
2026-04-08T05:00:00Z,43816.0
2026-04-08T06:00:00Z,45960.1
2026-04-08T07:00:00Z,47966.1
2026-04-08T08:00:00Z,50283.9
2026-04-08T09:00:00Z,50878.9
2026-04-08T10:00:00Z,53246.6
2026-04-08T11:00:00Z,55914.4
2026-04-08T12:00:00Z,55870.0
2026-04-08T13:00:00Z,53699.3
2026-04-08T14:00:00Z,53945.7
2026-04-08T15:00:00Z,51114.2
2026-04-08T16:00:00Z,49777.6
2026-04-08T17:00:00Z,48652.5
2026-04-08T18:00:00Z,45284.5
2026-04-08T19:00:00Z,41505.9
2026-04-08T20:00:00Z,42150.9
2026-04-08T21:00:00Z,37345.3
2026-04-08T22:00:00Z,34757.7
2026-04-08T23:00:00Z,33986.4
2026-04-09T00:00:00Z,34233.9
2026-04-09T01:00:00Z,33343.1
2026-04-09T02:00:00Z,36271.8
2026-04-09T03:00:00Z,38171.2
2026-04-09T04:00:00Z,39376.6
2026-04-09T05:00:00Z,42009.5
2026-04-09T06:00:00Z,44065.2
2026-04-09T07:00:00Z,49928.5
2026-04-09T08:00:00Z,49563.5
2026-04-09T09:00:00Z,52264.1
2026-04-09T10:00:00Z,54005.1
2026-04-09T11:00:00Z,56354.1
2026-04-09T12:00:00Z,54325.4
2026-04-09T13:00:00Z,56648.3
2026-04-09T14:00:00Z,54439.1
2026-04-09T15:00:00Z,52731.5
2026-04-09T16:00:00Z,49774.7
2026-04-09T17:00:00Z,48849.3
2026-04-09T18:00:00Z,45618.1
2026-04-09T19:00:00Z,42067.1
2026-04-09T20:00:00Z,40769.6
2026-04-09T21:00:00Z,37644.7
2026-04-09T22:00:00Z,36794.8
2026-04-09T23:00:00Z,35874.9
2026-04-10T00:00:00Z,35446.4
2026-04-10T01:00:00Z,35256.5
2026-04-10T02:00:00Z,34943.6
2026-04-10T03:00:00Z,38310.9
2026-04-10T04:00:00Z,39944.7
2026-04-10T05:00:00Z,40744.8
2026-04-10T06:00:00Z,45011.4
2026-04-10T07:00:00Z,48768.6
2026-04-10T08:00:00Z,51256.8
2026-04-10T09:00:00Z,52554.2
2026-04-10T10:00:00Z,52753.0
2026-04-10T11:00:00Z,55957.9
2026-04-10T12:00:00Z,55212.0
2026-04-10T13:00:00Z,56412.0
2026-04-10T14:00:00Z,53324.2
2026-04-10T15:00:00Z,53004.6
2026-04-10T16:00:00Z,50162.6
2026-04-10T17:00:00Z,47878.6
2026-04-10T18:00:00Z,45678.2
2026-04-10T19:00:00Z,42218.1
2026-04-10T20:00:00Z,38445.6
2026-04-10T21:00:00Z,37377.8
2026-04-10T22:00:00Z,34082.4
2026-04-10T23:00:00Z,34582.9
2026-04-11T00:00:00Z,33088.1
2026-04-11T01:00:00Z,31110.9
2026-04-11T02:00:00Z,33822.9
2026-04-11T03:00:00Z,33987.2
2026-04-11T04:00:00Z,36606.8
2026-04-11T05:00:00Z,39167.3
2026-04-11T06:00:00Z,42126.8
2026-04-11T07:00:00Z,45882.2
2026-04-11T08:00:00Z,47119.7
2026-04-11T09:00:00Z,49161.8
2026-04-11T10:00:00Z,51043.0
2026-04-11T11:00:00Z,50775.6
2026-04-11T12:00:00Z,52029.3
2026-04-11T13:00:00Z,52452.1
2026-04-11T14:00:00Z,51702.8
2026-04-11T15:00:00Z,49515.1
2026-04-11T16:00:00Z,47615.1
2026-04-11T17:00:00Z,44734.1
2026-04-11T18:00:00Z,42174.2
2026-04-11T19:00:00Z,40080.9
2026-04-11T20:00:00Z,37379.9
2026-04-11T21:00:00Z,35587.2
2026-04-11T22:00:00Z,34419.2
2026-04-11T23:00:00Z,31495.7
2026-04-12T00:00:00Z,31050.2
2026-04-12T01:00:00Z,33133.1
2026-04-12T02:00:00Z,33427.1
2026-04-12T03:00:00Z,36383.6
2026-04-12T04:00:00Z,38201.9
2026-04-12T05:00:00Z,38882.2
2026-04-12T06:00:00Z,41726.9
2026-04-12T07:00:00Z,45075.6
2026-04-12T08:00:00Z,46074.1
2026-04-12T09:00:00Z,49591.3
2026-04-12T10:00:00Z,52171.3
2026-04-12T11:00:00Z,52157.8
2026-04-12T12:00:00Z,51767.0
2026-04-12T13:00:00Z,51592.6
2026-04-12T14:00:00Z,51957.7
2026-04-12T15:00:00Z,49709.9
2026-04-12T16:00:00Z,47246.8
2026-04-12T17:00:00Z,44875.9
2026-04-12T18:00:00Z,42876.6
2026-04-12T19:00:00Z,39561.1
2026-04-12T20:00:00Z,38076.5
2026-04-12T21:00:00Z,35060.2
2026-04-12T22:00:00Z,33635.8
2026-04-12T23:00:00Z,32522.0
2026-04-13T00:00:00Z,34482.4
2026-04-13T01:00:00Z,33697.9
2026-04-13T02:00:00Z,35801.8
2026-04-13T03:00:00Z,37920.3
2026-04-13T04:00:00Z,40045.9
2026-04-13T05:00:00Z,40977.8
2026-04-13T06:00:00Z,45369.5
2026-04-13T07:00:00Z,47923.2
2026-04-13T08:00:00Z,51058.3
2026-04-13T09:00:00Z,52859.2
2026-04-13T10:00:00Z,53303.9
2026-04-13T11:00:00Z,53646.8
2026-04-13T12:00:00Z,55810.5
2026-04-13T13:00:00Z,54590.6
2026-04-13T14:00:00Z,53309.0
2026-04-13T15:00:00Z,51715.2
2026-04-13T16:00:00Z,48567.0
2026-04-13T17:00:00Z,48735.5
2026-04-13T18:00:00Z,44718.4
2026-04-13T19:00:00Z,44775.2
2026-04-13T20:00:00Z,39892.5
2026-04-13T21:00:00Z,36365.7
2026-04-13T22:00:00Z,37987.0
2026-04-13T23:00:00Z,33962.7
2026-04-14T00:00:00Z,34770.8
2026-04-14T01:00:00Z,34656.7
2026-04-14T02:00:00Z,35581.0
2026-04-14T03:00:00Z,36602.3
2026-04-14T04:00:00Z,40934.4
2026-04-14T05:00:00Z,43041.2
2026-04-14T06:00:00Z,45391.7
2026-04-14T07:00:00Z,46859.2
2026-04-14T08:00:00Z,51810.9
2026-04-14T09:00:00Z,52636.4
2026-04-14T10:00:00Z,52275.2
2026-04-14T11:00:00Z,56564.4
2026-04-14T12:00:00Z,54250.0
2026-04-14T13:00:00Z,55231.6
2026-04-14T14:00:00Z,54897.1
2026-04-14T15:00:00Z,51995.1
2026-04-14T16:00:00Z,49238.8
2026-04-14T17:00:00Z,48466.0
2026-04-14T18:00:00Z,44129.2
2026-04-14T19:00:00Z,40584.4
2026-04-14T20:00:00Z,37990.5
2026-04-14T21:00:00Z,37788.1
2026-04-14T22:00:00Z,36688.0
2026-04-14T23:00:00Z,35877.1
2026-04-15T00:00:00Z,34284.5
2026-04-15T01:00:00Z,35314.1
2026-04-15T02:00:00Z,35427.5
2026-04-15T03:00:00Z,37920.2
2026-04-15T04:00:00Z,38470.5
2026-04-15T05:00:00Z,43099.9
2026-04-15T06:00:00Z,43761.4
2026-04-15T07:00:00Z,46575.2
2026-04-15T08:00:00Z,49245.7
2026-04-15T09:00:00Z,52287.1
2026-04-15T10:00:00Z,52426.6
2026-04-15T11:00:00Z,55251.6
2026-04-15T12:00:00Z,53407.9
2026-04-15T13:00:00Z,54495.3
2026-04-15T14:00:00Z,53042.9
2026-04-15T15:00:00Z,52650.6
2026-04-15T16:00:00Z,51255.5
2026-04-15T17:00:00Z,48552.3
2026-04-15T18:00:00Z,45617.6
2026-04-15T19:00:00Z,43018.7
2026-04-15T20:00:00Z,39940.6
2026-04-15T21:00:00Z,38831.8
2026-04-15T22:00:00Z,35314.9
2026-04-15T23:00:00Z,35119.1
2026-04-16T00:00:00Z,34908.7
2026-04-16T01:00:00Z,35171.1
2026-04-16T02:00:00Z,35620.0
2026-04-16T03:00:00Z,37331.5
2026-04-16T04:00:00Z,40316.5
2026-04-16T05:00:00Z,43057.0
2026-04-16T06:00:00Z,43883.3
2026-04-16T07:00:00Z,48068.5
2026-04-16T08:00:00Z,47903.4
2026-04-16T09:00:00Z,50830.8
2026-04-16T10:00:00Z,54970.5
2026-04-16T11:00:00Z,55518.3
2026-04-16T12:00:00Z,56427.9
2026-04-16T13:00:00Z,53027.1
2026-04-16T14:00:00Z,54003.2
2026-04-16T15:00:00Z,52336.2
2026-04-16T16:00:00Z,50771.9
2026-04-16T17:00:00Z,47506.1
2026-04-16T18:00:00Z,43311.8
2026-04-16T19:00:00Z,42499.0
2026-04-16T20:00:00Z,39746.6
2026-04-16T21:00:00Z,36464.7
2026-04-16T22:00:00Z,36546.9
2026-04-16T23:00:00Z,33521.5
2026-04-17T00:00:00Z,35423.4
2026-04-17T01:00:00Z,34302.3
2026-04-17T02:00:00Z,37021.6
2026-04-17T03:00:00Z,37866.7
2026-04-17T04:00:00Z,40782.6
2026-04-17T05:00:00Z,43557.4
2026-04-17T06:00:00Z,45202.7
2026-04-17T07:00:00Z,47508.3
2026-04-17T08:00:00Z,51483.3
2026-04-17T09:00:00Z,53340.3
2026-04-17T10:00:00Z,54444.4
2026-04-17T11:00:00Z,54041.7
2026-04-17T12:00:00Z,54431.6
2026-04-17T13:00:00Z,54336.9
2026-04-17T14:00:00Z,53998.9
2026-04-17T15:00:00Z,51617.1
2026-04-17T16:00:00Z,50525.7
2026-04-17T17:00:00Z,48249.7
2026-04-17T18:00:00Z,45025.5
2026-04-17T19:00:00Z,42568.7
2026-04-17T20:00:00Z,40103.6
2026-04-17T21:00:00Z,37382.8
2026-04-17T22:00:00Z,37262.5
2026-04-17T23:00:00Z,34373.7
2026-04-18T00:00:00Z,32539.1
2026-04-18T01:00:00Z,31067.3
2026-04-18T02:00:00Z,33278.8
2026-04-18T03:00:00Z,33999.7
2026-04-18T04:00:00Z,38927.6
2026-04-18T05:00:00Z,38128.6
2026-04-18T06:00:00Z,41669.5
2026-04-18T07:00:00Z,44972.4
2026-04-18T08:00:00Z,46647.8
2026-04-18T09:00:00Z,49805.1
2026-04-18T10:00:00Z,52161.1
2026-04-18T11:00:00Z,53107.2
2026-04-18T12:00:00Z,52506.9
2026-04-18T13:00:00Z,51846.2
2026-04-18T14:00:00Z,48650.4
2026-04-18T15:00:00Z,48940.9
2026-04-18T16:00:00Z,46731.2
2026-04-18T17:00:00Z,43047.8
2026-04-18T18:00:00Z,42639.9
2026-04-18T19:00:00Z,37684.3
2026-04-18T20:00:00Z,35862.5
2026-04-18T21:00:00Z,34815.0
2026-04-18T22:00:00Z,31295.5
2026-04-18T23:00:00Z,31296.3
2026-04-19T00:00:00Z,30543.5
2026-04-19T01:00:00Z,31627.1
2026-04-19T02:00:00Z,33806.0
2026-04-19T03:00:00Z,37080.3
2026-04-19T04:00:00Z,36971.3
2026-04-19T05:00:00Z,39044.8
2026-04-19T06:00:00Z,41846.3
2026-04-19T07:00:00Z,46014.3
2026-04-19T08:00:00Z,47020.3
2026-04-19T09:00:00Z,48322.5
2026-04-19T10:00:00Z,53460.8
2026-04-19T11:00:00Z,52108.1
2026-04-19T12:00:00Z,51388.9
2026-04-19T13:00:00Z,51947.2
2026-04-19T14:00:00Z,50955.0
2026-04-19T15:00:00Z,50544.1
2026-04-19T16:00:00Z,47496.1
2026-04-19T17:00:00Z,44811.9
2026-04-19T18:00:00Z,40844.9
2026-04-19T19:00:00Z,38941.9
2026-04-19T20:00:00Z,37359.7
2026-04-19T21:00:00Z,34547.3
2026-04-19T22:00:00Z,31869.0
2026-04-19T23:00:00Z,31618.1
2026-04-20T00:00:00Z,33780.7
2026-04-20T01:00:00Z,34775.1
2026-04-20T02:00:00Z,36246.3
2026-04-20T03:00:00Z,36972.6
2026-04-20T04:00:00Z,38487.2
2026-04-20T05:00:00Z,42429.6
2026-04-20T06:00:00Z,44900.3
2026-04-20T07:00:00Z,47454.3
2026-04-20T08:00:00Z,48579.7
2026-04-20T09:00:00Z,51485.9
2026-04-20T10:00:00Z,53444.3
2026-04-20T11:00:00Z,54690.4
2026-04-20T12:00:00Z,54751.6
2026-04-20T13:00:00Z,54182.9
2026-04-20T14:00:00Z,56297.0
2026-04-20T15:00:00Z,52858.2
2026-04-20T16:00:00Z,52138.5
2026-04-20T17:00:00Z,47856.7
2026-04-20T18:00:00Z,44683.2
2026-04-20T19:00:00Z,42686.6
2026-04-20T20:00:00Z,40018.3
2026-04-20T21:00:00Z,38292.2
2026-04-20T22:00:00Z,35451.9
2026-04-20T23:00:00Z,34417.6
2026-04-21T00:00:00Z,33820.6
2026-04-21T01:00:00Z,34393.2
2026-04-21T02:00:00Z,35212.2
2026-04-21T03:00:00Z,37869.6
2026-04-21T04:00:00Z,39926.3
2026-04-21T05:00:00Z,42350.8
2026-04-21T06:00:00Z,45010.2
2026-04-21T07:00:00Z,47163.7
2026-04-21T08:00:00Z,50004.0
2026-04-21T09:00:00Z,51259.3
2026-04-21T10:00:00Z,55329.0
2026-04-21T11:00:00Z,54495.1
2026-04-21T12:00:00Z,53565.8
2026-04-21T13:00:00Z,53911.9
2026-04-21T14:00:00Z,54174.2
2026-04-21T15:00:00Z,50778.8
2026-04-21T16:00:00Z,51853.3
2026-04-21T17:00:00Z,47662.6
2026-04-21T18:00:00Z,44957.6
2026-04-21T19:00:00Z,41467.0
2026-04-21T20:00:00Z,39507.0
2026-04-21T21:00:00Z,39321.8
2026-04-21T22:00:00Z,35621.8
2026-04-21T23:00:00Z,34936.9
2026-04-22T00:00:00Z,33620.8
2026-04-22T01:00:00Z,34021.6
2026-04-22T02:00:00Z,37274.0
2026-04-22T03:00:00Z,37831.3
2026-04-22T04:00:00Z,38780.7
2026-04-22T05:00:00Z,41355.6
2026-04-22T06:00:00Z,44433.9
2026-04-22T07:00:00Z,47274.3
2026-04-22T08:00:00Z,50988.7
2026-04-22T09:00:00Z,50802.4
2026-04-22T10:00:00Z,53464.3
2026-04-22T11:00:00Z,55360.3
2026-04-22T12:00:00Z,54770.9
2026-04-22T13:00:00Z,55251.1
2026-04-22T14:00:00Z,54283.8
2026-04-22T15:00:00Z,53296.0
2026-04-22T16:00:00Z,48868.0
2026-04-22T17:00:00Z,46773.4
2026-04-22T18:00:00Z,45065.2
2026-04-22T19:00:00Z,41096.2
2026-04-22T20:00:00Z,39915.9
2026-04-22T21:00:00Z,38877.8
2026-04-22T22:00:00Z,35663.9
2026-04-22T23:00:00Z,34716.6
2026-04-23T00:00:00Z,34438.7
2026-04-23T01:00:00Z,34848.1
2026-04-23T02:00:00Z,35608.7
2026-04-23T03:00:00Z,35824.7
2026-04-23T04:00:00Z,39570.8
2026-04-23T05:00:00Z,42027.5
2026-04-23T06:00:00Z,44468.8
2026-04-23T07:00:00Z,46306.1
2026-04-23T08:00:00Z,50050.4
2026-04-23T09:00:00Z,53261.4
2026-04-23T10:00:00Z,54332.5
2026-04-23T11:00:00Z,56211.0
2026-04-23T12:00:00Z,55692.5
2026-04-23T13:00:00Z,54180.6
2026-04-23T14:00:00Z,53610.8
2026-04-23T15:00:00Z,51191.8
2026-04-23T16:00:00Z,49571.7
2026-04-23T17:00:00Z,48039.9
2026-04-23T18:00:00Z,44475.6
2026-04-23T19:00:00Z,41408.7
2026-04-23T20:00:00Z,38888.1
2026-04-23T21:00:00Z,38527.7
2026-04-23T22:00:00Z,36961.1
2026-04-23T23:00:00Z,35044.3
2026-04-24T00:00:00Z,33771.1
2026-04-24T01:00:00Z,34378.9
2026-04-24T02:00:00Z,34704.2
2026-04-24T03:00:00Z,36836.4
2026-04-24T04:00:00Z,38593.5
2026-04-24T05:00:00Z,41689.3
2026-04-24T06:00:00Z,44714.0
2026-04-24T07:00:00Z,47684.4
2026-04-24T08:00:00Z,52047.7
2026-04-24T09:00:00Z,51957.6
2026-04-24T10:00:00Z,53303.6
2026-04-24T11:00:00Z,54472.9
2026-04-24T12:00:00Z,56230.8
2026-04-24T13:00:00Z,54175.1
2026-04-24T14:00:00Z,54367.6
2026-04-24T15:00:00Z,52371.3
2026-04-24T16:00:00Z,49137.9
2026-04-24T17:00:00Z,47599.1
2026-04-24T18:00:00Z,43827.6
2026-04-24T19:00:00Z,42428.0
2026-04-24T20:00:00Z,41631.4
2026-04-24T21:00:00Z,37504.3
2026-04-24T22:00:00Z,35544.9
2026-04-24T23:00:00Z,34522.8
2026-04-25T00:00:00Z,32193.3
2026-04-25T01:00:00Z,32523.7
2026-04-25T02:00:00Z,32829.3
2026-04-25T03:00:00Z,34184.1
2026-04-25T04:00:00Z,36480.1
2026-04-25T05:00:00Z,39889.1
2026-04-25T06:00:00Z,41171.3
2026-04-25T07:00:00Z,45865.6
2026-04-25T08:00:00Z,48508.0
2026-04-25T09:00:00Z,46938.6
2026-04-25T10:00:00Z,49854.7
2026-04-25T11:00:00Z,52355.0
2026-04-25T12:00:00Z,51571.5
2026-04-25T13:00:00Z,51205.0
2026-04-25T14:00:00Z,50957.0
2026-04-25T15:00:00Z,49500.6
2026-04-25T16:00:00Z,47068.9
2026-04-25T17:00:00Z,44965.6
2026-04-25T18:00:00Z,42724.4
2026-04-25T19:00:00Z,39437.9
2026-04-25T20:00:00Z,36843.9
2026-04-25T21:00:00Z,34477.0
2026-04-25T22:00:00Z,34083.1
2026-04-25T23:00:00Z,32249.8
2026-04-26T00:00:00Z,31248.6
2026-04-26T01:00:00Z,33047.3
2026-04-26T02:00:00Z,34065.8
2026-04-26T03:00:00Z,35006.8
2026-04-26T04:00:00Z,37375.4
2026-04-26T05:00:00Z,39838.6
2026-04-26T06:00:00Z,40995.0
2026-04-26T07:00:00Z,44608.9
2026-04-26T08:00:00Z,46813.6
2026-04-26T09:00:00Z,49971.5
2026-04-26T10:00:00Z,50764.1
2026-04-26T11:00:00Z,51733.9
2026-04-26T12:00:00Z,52345.0
2026-04-26T13:00:00Z,51272.5
2026-04-26T14:00:00Z,51435.7
2026-04-26T15:00:00Z,48981.7
2026-04-26T16:00:00Z,47989.9
2026-04-26T17:00:00Z,44553.5
2026-04-26T18:00:00Z,41263.9
2026-04-26T19:00:00Z,40372.3
2026-04-26T20:00:00Z,37316.8
2026-04-26T21:00:00Z,33222.1
2026-04-26T22:00:00Z,33582.8
2026-04-26T23:00:00Z,32563.6
2026-04-27T00:00:00Z,33484.0
2026-04-27T01:00:00Z,35283.1
2026-04-27T02:00:00Z,34342.1
2026-04-27T03:00:00Z,38363.1
2026-04-27T04:00:00Z,40198.1
2026-04-27T05:00:00Z,43210.9
2026-04-27T06:00:00Z,44938.0
2026-04-27T07:00:00Z,47555.9
2026-04-27T08:00:00Z,50590.9
2026-04-27T09:00:00Z,52001.2
2026-04-27T10:00:00Z,54150.2
2026-04-27T11:00:00Z,54842.2
2026-04-27T12:00:00Z,56033.4
2026-04-27T13:00:00Z,53393.2
2026-04-27T14:00:00Z,54553.7
2026-04-27T15:00:00Z,51044.3
2026-04-27T16:00:00Z,49527.0
2026-04-27T17:00:00Z,47445.8
2026-04-27T18:00:00Z,46863.3
2026-04-27T19:00:00Z,41675.3
2026-04-27T20:00:00Z,38656.6
2026-04-27T21:00:00Z,36180.6
2026-04-27T22:00:00Z,33795.8
2026-04-27T23:00:00Z,35541.7
2026-04-28T00:00:00Z,34556.0
2026-04-28T01:00:00Z,35140.1
2026-04-28T02:00:00Z,35856.9
2026-04-28T03:00:00Z,37029.9
2026-04-28T04:00:00Z,40896.8
2026-04-28T05:00:00Z,41909.1
2026-04-28T06:00:00Z,45990.2
2026-04-28T07:00:00Z,49713.1
2026-04-28T08:00:00Z,50530.0
2026-04-28T09:00:00Z,53222.1
2026-04-28T10:00:00Z,53907.7
2026-04-28T11:00:00Z,53854.0
2026-04-28T12:00:00Z,55469.5
2026-04-28T13:00:00Z,54204.2
2026-04-28T14:00:00Z,53468.0
2026-04-28T15:00:00Z,53903.5
2026-04-28T16:00:00Z,51877.6
2026-04-28T17:00:00Z,46992.5
2026-04-28T18:00:00Z,46096.6
2026-04-28T19:00:00Z,43681.8
2026-04-28T20:00:00Z,39344.6
2026-04-28T21:00:00Z,35824.4
2026-04-28T22:00:00Z,34689.9
2026-04-28T23:00:00Z,35766.1
2026-04-29T00:00:00Z,36165.3
2026-04-29T01:00:00Z,34331.3
2026-04-29T02:00:00Z,37092.4
2026-04-29T03:00:00Z,38749.0
2026-04-29T04:00:00Z,38787.0
2026-04-29T05:00:00Z,41862.8
2026-04-29T06:00:00Z,45539.1
2026-04-29T07:00:00Z,46940.6
2026-04-29T08:00:00Z,50859.0
2026-04-29T09:00:00Z,52891.3
2026-04-29T10:00:00Z,53372.6
2026-04-29T11:00:00Z,55784.2
2026-04-29T12:00:00Z,56140.8
2026-04-29T13:00:00Z,54240.9
2026-04-29T14:00:00Z,53220.0
2026-04-29T15:00:00Z,51696.0
2026-04-29T16:00:00Z,50300.7
2026-04-29T17:00:00Z,47565.0
2026-04-29T18:00:00Z,45443.2
2026-04-29T19:00:00Z,40989.4
2026-04-29T20:00:00Z,38910.6
2026-04-29T21:00:00Z,37859.1
2026-04-29T22:00:00Z,36131.5
2026-04-29T23:00:00Z,35186.3
2026-04-30T00:00:00Z,35482.6
2026-04-30T01:00:00Z,34550.2
2026-04-30T02:00:00Z,34674.1
2026-04-30T03:00:00Z,37526.6
2026-04-30T04:00:00Z,39936.6
2026-04-30T05:00:00Z,41982.8
2026-04-30T06:00:00Z,44123.4
2026-04-30T07:00:00Z,47187.8
2026-04-30T08:00:00Z,49472.7
2026-04-30T09:00:00Z,54633.7
2026-04-30T10:00:00Z,53585.4
2026-04-30T11:00:00Z,54667.8
2026-04-30T12:00:00Z,55973.6
2026-04-30T13:00:00Z,54624.2
2026-04-30T14:00:00Z,55622.7
2026-04-30T15:00:00Z,52887.1
2026-04-30T16:00:00Z,50452.4
2026-04-30T17:00:00Z,48318.7
2026-04-30T18:00:00Z,45163.2
2026-04-30T19:00:00Z,43196.1
2026-04-30T20:00:00Z,40904.9
2026-04-30T21:00:00Z,37590.1
2026-04-30T22:00:00Z,37423.1
2026-04-30T23:00:00Z,35142.1
2026-05-01T00:00:00Z,33493.8
2026-05-01T01:00:00Z,33462.9
2026-05-01T02:00:00Z,37327.0
2026-05-01T03:00:00Z,37161.9
2026-05-01T04:00:00Z,39789.2
2026-05-01T05:00:00Z,43103.8
2026-05-01T06:00:00Z,45001.3
2026-05-01T07:00:00Z,47673.6
2026-05-01T08:00:00Z,50018.1
2026-05-01T09:00:00Z,51706.9
2026-05-01T10:00:00Z,54298.6
2026-05-01T11:00:00Z,56232.9
2026-05-01T12:00:00Z,55723.9
2026-05-01T13:00:00Z,52524.3
2026-05-01T14:00:00Z,54278.1
2026-05-01T15:00:00Z,52768.7
2026-05-01T16:00:00Z,52392.9
2026-05-01T17:00:00Z,47581.9
2026-05-01T18:00:00Z,46379.8
2026-05-01T19:00:00Z,41202.5
2026-05-01T20:00:00Z,39246.1
2026-05-01T21:00:00Z,37741.8
2026-05-01T22:00:00Z,36609.0
2026-05-01T23:00:00Z,34374.9
2026-05-02T00:00:00Z,31918.8
2026-05-02T01:00:00Z,31193.0
2026-05-02T02:00:00Z,35239.6
2026-05-02T03:00:00Z,34543.7
2026-05-02T04:00:00Z,37631.5
2026-05-02T05:00:00Z,39852.5
2026-05-02T06:00:00Z,44101.8
2026-05-02T07:00:00Z,44959.8
2026-05-02T08:00:00Z,49053.7
2026-05-02T09:00:00Z,50087.9
2026-05-02T10:00:00Z,52015.8
2026-05-02T11:00:00Z,51290.1
2026-05-02T12:00:00Z,52950.3
2026-05-02T13:00:00Z,52460.6
2026-05-02T14:00:00Z,50343.8
2026-05-02T15:00:00Z,49471.7
2026-05-02T16:00:00Z,46667.5
2026-05-02T17:00:00Z,44493.7
2026-05-02T18:00:00Z,43462.3
2026-05-02T19:00:00Z,40739.9
2026-05-02T20:00:00Z,36705.1
2026-05-02T21:00:00Z,35540.2
2026-05-02T22:00:00Z,33887.9
2026-05-02T23:00:00Z,33347.4
2026-05-03T00:00:00Z,31558.6
2026-05-03T01:00:00Z,32117.2
2026-05-03T02:00:00Z,32716.5
2026-05-03T03:00:00Z,36650.9
2026-05-03T04:00:00Z,36315.0
2026-05-03T05:00:00Z,39010.6
2026-05-03T06:00:00Z,42642.1
2026-05-03T07:00:00Z,45658.1
2026-05-03T08:00:00Z,47157.6
2026-05-03T09:00:00Z,49840.2
2026-05-03T10:00:00Z,50531.6
2026-05-03T11:00:00Z,52810.3
2026-05-03T12:00:00Z,51586.1
2026-05-03T13:00:00Z,51972.4
2026-05-03T14:00:00Z,50467.3
2026-05-03T15:00:00Z,51150.7
2026-05-03T16:00:00Z,47072.3
2026-05-03T17:00:00Z,46393.7
2026-05-03T18:00:00Z,43357.6
2026-05-03T19:00:00Z,39360.7
2026-05-03T20:00:00Z,36868.6
2026-05-03T21:00:00Z,35558.2
2026-05-03T22:00:00Z,33767.7
2026-05-03T23:00:00Z,33319.1
2026-05-04T00:00:00Z,33734.2
2026-05-04T01:00:00Z,35457.8
2026-05-04T02:00:00Z,34975.7
2026-05-04T03:00:00Z,37003.0
2026-05-04T04:00:00Z,40061.9
2026-05-04T05:00:00Z,42936.1
2026-05-04T06:00:00Z,45021.7
2026-05-04T07:00:00Z,48375.9
2026-05-04T08:00:00Z,48918.8
2026-05-04T09:00:00Z,52011.8
2026-05-04T10:00:00Z,52612.9
2026-05-04T11:00:00Z,55329.1
2026-05-04T12:00:00Z,56215.7
2026-05-04T13:00:00Z,55146.8
2026-05-04T14:00:00Z,53902.3
2026-05-04T15:00:00Z,52372.8
2026-05-04T16:00:00Z,49685.3
2026-05-04T17:00:00Z,49430.6
2026-05-04T18:00:00Z,45873.2
2026-05-04T19:00:00Z,42832.8
2026-05-04T20:00:00Z,38832.2
2026-05-04T21:00:00Z,38668.4
2026-05-04T22:00:00Z,36315.6
2026-05-04T23:00:00Z,34884.8
2026-05-05T00:00:00Z,35895.4
2026-05-05T01:00:00Z,35432.6
2026-05-05T02:00:00Z,36897.0
2026-05-05T03:00:00Z,38143.1
2026-05-05T04:00:00Z,40801.8
2026-05-05T05:00:00Z,41872.4
2026-05-05T06:00:00Z,45442.7
2026-05-05T07:00:00Z,47269.9
2026-05-05T08:00:00Z,49485.3
2026-05-05T09:00:00Z,52348.6
2026-05-05T10:00:00Z,54712.1
2026-05-05T11:00:00Z,56634.8
2026-05-05T12:00:00Z,55964.8
2026-05-05T13:00:00Z,54810.0
2026-05-05T14:00:00Z,54258.6
2026-05-05T15:00:00Z,53306.4
2026-05-05T16:00:00Z,49869.9
2026-05-05T17:00:00Z,48786.0
2026-05-05T18:00:00Z,44731.0
2026-05-05T19:00:00Z,42465.6
2026-05-05T20:00:00Z,40210.5
2026-05-05T21:00:00Z,37856.4
2026-05-05T22:00:00Z,35868.0
2026-05-05T23:00:00Z,34944.4
2026-05-06T00:00:00Z,34143.5
2026-05-06T01:00:00Z,34423.0
2026-05-06T02:00:00Z,37142.3
2026-05-06T03:00:00Z,38265.7
2026-05-06T04:00:00Z,40125.1
2026-05-06T05:00:00Z,42152.8
2026-05-06T06:00:00Z,46060.3
2026-05-06T07:00:00Z,48736.1
2026-05-06T08:00:00Z,50729.1
2026-05-06T09:00:00Z,54297.3
2026-05-06T10:00:00Z,54119.4
2026-05-06T11:00:00Z,56102.5
2026-05-06T12:00:00Z,55270.9
2026-05-06T13:00:00Z,55592.5
2026-05-06T14:00:00Z,54481.9
2026-05-06T15:00:00Z,52269.9
2026-05-06T16:00:00Z,50435.4
2026-05-06T17:00:00Z,47553.9
2026-05-06T18:00:00Z,46059.0
2026-05-06T19:00:00Z,43984.3
2026-05-06T20:00:00Z,39683.1
2026-05-06T21:00:00Z,39460.7
2026-05-06T22:00:00Z,36278.0
2026-05-06T23:00:00Z,36152.0
2026-05-07T00:00:00Z,35234.4
2026-05-07T01:00:00Z,35076.4
2026-05-07T02:00:00Z,35668.9
2026-05-07T03:00:00Z,38087.8
2026-05-07T04:00:00Z,40561.3
2026-05-07T05:00:00Z,43343.2
2026-05-07T06:00:00Z,46024.5
2026-05-07T07:00:00Z,47231.9
2026-05-07T08:00:00Z,51847.7
2026-05-07T09:00:00Z,53389.3
2026-05-07T10:00:00Z,52877.7
2026-05-07T11:00:00Z,54107.9
2026-05-07T12:00:00Z,55894.4
2026-05-07T13:00:00Z,53981.3
2026-05-07T14:00:00Z,54289.0
2026-05-07T15:00:00Z,53527.3
2026-05-07T16:00:00Z,49895.1
2026-05-07T17:00:00Z,47884.3
2026-05-07T18:00:00Z,45447.3
2026-05-07T19:00:00Z,43022.5
2026-05-07T20:00:00Z,41218.0
2026-05-07T21:00:00Z,37091.7
2026-05-07T22:00:00Z,36476.6
2026-05-07T23:00:00Z,34191.5
2026-05-08T00:00:00Z,35806.8
2026-05-08T01:00:00Z,34766.6
2026-05-08T02:00:00Z,36392.4
2026-05-08T03:00:00Z,37613.8
2026-05-08T04:00:00Z,39676.5
2026-05-08T05:00:00Z,42124.2
2026-05-08T06:00:00Z,45027.4
2026-05-08T07:00:00Z,48669.6
2026-05-08T08:00:00Z,51669.4
2026-05-08T09:00:00Z,53026.8
2026-05-08T10:00:00Z,55372.7
2026-05-08T11:00:00Z,55140.2
2026-05-08T12:00:00Z,56811.4
2026-05-08T13:00:00Z,55102.0
2026-05-08T14:00:00Z,53591.6
2026-05-08T15:00:00Z,54648.6
2026-05-08T16:00:00Z,49168.8
2026-05-08T17:00:00Z,47547.1
2026-05-08T18:00:00Z,44541.4
2026-05-08T19:00:00Z,43748.3
2026-05-08T20:00:00Z,41006.5
2026-05-08T21:00:00Z,38661.3
2026-05-08T22:00:00Z,36760.8
2026-05-08T23:00:00Z,35783.9
2026-05-09T00:00:00Z,32929.4
2026-05-09T01:00:00Z,32309.8
2026-05-09T02:00:00Z,33836.9
2026-05-09T03:00:00Z,35318.6
2026-05-09T04:00:00Z,37993.6
2026-05-09T05:00:00Z,39905.3
2026-05-09T06:00:00Z,44840.3
2026-05-09T07:00:00Z,44598.7
2026-05-09T08:00:00Z,47991.4
2026-05-09T09:00:00Z,50658.4
2026-05-09T10:00:00Z,51077.1
2026-05-09T11:00:00Z,52332.4
2026-05-09T12:00:00Z,53499.7
2026-05-09T13:00:00Z,53563.3
2026-05-09T14:00:00Z,51797.5
2026-05-09T15:00:00Z,50142.7
2026-05-09T16:00:00Z,48547.0
2026-05-09T17:00:00Z,44834.8
2026-05-09T18:00:00Z,42563.4
2026-05-09T19:00:00Z,40234.4
2026-05-09T20:00:00Z,38804.9
2026-05-09T21:00:00Z,35207.6
2026-05-09T22:00:00Z,33252.0
2026-05-09T23:00:00Z,33174.7
2026-05-10T00:00:00Z,32573.6
2026-05-10T01:00:00Z,33010.6
2026-05-10T02:00:00Z,34426.8
2026-05-10T03:00:00Z,36508.0
2026-05-10T04:00:00Z,40139.6
2026-05-10T05:00:00Z,39626.3
2026-05-10T06:00:00Z,43903.5
2026-05-10T07:00:00Z,46517.7
2026-05-10T08:00:00Z,48211.2
2026-05-10T09:00:00Z,50254.2
2026-05-10T10:00:00Z,51022.1
2026-05-10T11:00:00Z,52860.4
2026-05-10T12:00:00Z,52157.4
2026-05-10T13:00:00Z,52493.7
2026-05-10T14:00:00Z,52849.9
2026-05-10T15:00:00Z,51126.9
2026-05-10T16:00:00Z,46770.2
2026-05-10T17:00:00Z,44755.8
2026-05-10T18:00:00Z,42652.3
2026-05-10T19:00:00Z,41828.7
2026-05-10T20:00:00Z,37592.0
2026-05-10T21:00:00Z,35441.7
2026-05-10T22:00:00Z,33430.3
2026-05-10T23:00:00Z,31867.6
2026-05-11T00:00:00Z,35557.8
2026-05-11T01:00:00Z,35361.6
2026-05-11T02:00:00Z,37689.0
2026-05-11T03:00:00Z,38033.0
2026-05-11T04:00:00Z,40393.7
2026-05-11T05:00:00Z,44996.0
2026-05-11T06:00:00Z,45637.1
2026-05-11T07:00:00Z,49157.8
2026-05-11T08:00:00Z,52305.9
2026-05-11T09:00:00Z,52697.9
2026-05-11T10:00:00Z,53783.4
2026-05-11T11:00:00Z,55984.7
2026-05-11T12:00:00Z,56582.4
2026-05-11T13:00:00Z,56444.9
2026-05-11T14:00:00Z,54757.6
2026-05-11T15:00:00Z,53643.2
2026-05-11T16:00:00Z,51517.9
2026-05-11T17:00:00Z,47849.1
2026-05-11T18:00:00Z,45691.0
2026-05-11T19:00:00Z,43863.9
2026-05-11T20:00:00Z,39325.0
2026-05-11T21:00:00Z,37042.0
2026-05-11T22:00:00Z,36967.5
2026-05-11T23:00:00Z,34577.1
2026-05-12T00:00:00Z,36574.3
2026-05-12T01:00:00Z,34707.8
2026-05-12T02:00:00Z,35636.1
2026-05-12T03:00:00Z,39669.0
2026-05-12T04:00:00Z,41409.0
2026-05-12T05:00:00Z,42487.3
2026-05-12T06:00:00Z,45320.4
2026-05-12T07:00:00Z,47912.9
2026-05-12T08:00:00Z,51993.9
2026-05-12T09:00:00Z,52190.5
2026-05-12T10:00:00Z,54630.6
2026-05-12T11:00:00Z,53685.9
2026-05-12T12:00:00Z,55858.0
2026-05-12T13:00:00Z,56138.2
2026-05-12T14:00:00Z,54682.9
2026-05-12T15:00:00Z,51213.7
2026-05-12T16:00:00Z,51278.2
2026-05-12T17:00:00Z,49281.1
2026-05-12T18:00:00Z,45546.7
2026-05-12T19:00:00Z,45156.9
2026-05-12T20:00:00Z,40262.5
2026-05-12T21:00:00Z,38064.2
2026-05-12T22:00:00Z,37361.9
2026-05-12T23:00:00Z,35690.0
2026-05-13T00:00:00Z,34627.2
2026-05-13T01:00:00Z,35691.8
2026-05-13T02:00:00Z,36258.1
2026-05-13T03:00:00Z,39372.4
2026-05-13T04:00:00Z,41508.7
2026-05-13T05:00:00Z,43184.7
2026-05-13T06:00:00Z,45885.0
2026-05-13T07:00:00Z,47821.5
2026-05-13T08:00:00Z,51469.4
2026-05-13T09:00:00Z,53766.4
2026-05-13T10:00:00Z,54756.0
2026-05-13T11:00:00Z,54724.9
2026-05-13T12:00:00Z,56110.9
2026-05-13T13:00:00Z,57100.9
2026-05-13T14:00:00Z,55560.8
2026-05-13T15:00:00Z,53217.6
2026-05-13T16:00:00Z,50557.9
2026-05-13T17:00:00Z,47867.5
2026-05-13T18:00:00Z,46268.3
2026-05-13T19:00:00Z,41996.9
2026-05-13T20:00:00Z,43182.1
2026-05-13T21:00:00Z,39881.8
2026-05-13T22:00:00Z,37813.9
2026-05-13T23:00:00Z,35270.2
2026-05-14T00:00:00Z,36147.7
2026-05-14T01:00:00Z,35714.2
2026-05-14T02:00:00Z,37431.3
2026-05-14T03:00:00Z,40083.4
2026-05-14T04:00:00Z,41169.1
2026-05-14T05:00:00Z,43296.9
2026-05-14T06:00:00Z,46066.1
2026-05-14T07:00:00Z,49911.3
2026-05-14T08:00:00Z,50197.6
2026-05-14T09:00:00Z,52966.9
2026-05-14T10:00:00Z,55412.2
2026-05-14T11:00:00Z,57799.5
2026-05-14T12:00:00Z,56992.0
2026-05-14T13:00:00Z,55566.9
2026-05-14T14:00:00Z,54427.4
2026-05-14T15:00:00Z,54071.4
2026-05-14T16:00:00Z,51674.0
2026-05-14T17:00:00Z,48151.6
2026-05-14T18:00:00Z,47444.3
2026-05-14T19:00:00Z,42828.0
2026-05-14T20:00:00Z,39874.2
2026-05-14T21:00:00Z,38309.0
2026-05-14T22:00:00Z,37331.8
2026-05-14T23:00:00Z,36551.7
2026-05-15T00:00:00Z,35331.9
2026-05-15T01:00:00Z,34365.3
2026-05-15T02:00:00Z,36048.6
2026-05-15T03:00:00Z,38566.1
2026-05-15T04:00:00Z,42443.8
2026-05-15T05:00:00Z,43151.4
2026-05-15T06:00:00Z,45533.4
2026-05-15T07:00:00Z,48686.4
2026-05-15T08:00:00Z,51171.5
2026-05-15T09:00:00Z,54968.3
2026-05-15T10:00:00Z,56152.0
2026-05-15T11:00:00Z,55753.8
2026-05-15T12:00:00Z,57149.5
2026-05-15T13:00:00Z,56889.3
2026-05-15T14:00:00Z,56084.9
2026-05-15T15:00:00Z,53684.4
2026-05-15T16:00:00Z,52470.6
2026-05-15T17:00:00Z,49485.0
2026-05-15T18:00:00Z,46965.5
2026-05-15T19:00:00Z,43250.7
2026-05-15T20:00:00Z,42191.2
2026-05-15T21:00:00Z,39042.8
2026-05-15T22:00:00Z,36329.8
2026-05-15T23:00:00Z,35517.7
2026-05-16T00:00:00Z,32358.1
2026-05-16T01:00:00Z,34136.2
2026-05-16T02:00:00Z,35085.7
2026-05-16T03:00:00Z,36804.1
2026-05-16T04:00:00Z,39302.1
2026-05-16T05:00:00Z,40229.2
2026-05-16T06:00:00Z,43985.2
2026-05-16T07:00:00Z,46804.8
2026-05-16T08:00:00Z,49318.1
2026-05-16T09:00:00Z,51273.6
2026-05-16T10:00:00Z,51209.2
2026-05-16T11:00:00Z,53331.3
2026-05-16T12:00:00Z,53607.5
2026-05-16T13:00:00Z,52742.6
2026-05-16T14:00:00Z,51545.5
2026-05-16T15:00:00Z,51212.3
2026-05-16T16:00:00Z,49476.0
2026-05-16T17:00:00Z,46001.1
2026-05-16T18:00:00Z,43918.4
2026-05-16T19:00:00Z,41265.4
2026-05-16T20:00:00Z,37978.6
2026-05-16T21:00:00Z,36268.8
2026-05-16T22:00:00Z,34242.1
2026-05-16T23:00:00Z,35031.3
2026-05-17T00:00:00Z,32934.2
2026-05-17T01:00:00Z,32296.7
2026-05-17T02:00:00Z,34026.5
2026-05-17T03:00:00Z,35228.6
2026-05-17T04:00:00Z,38756.4
2026-05-17T05:00:00Z,42721.0
2026-05-17T06:00:00Z,43469.6
2026-05-17T07:00:00Z,45680.9
2026-05-17T08:00:00Z,49600.0
2026-05-17T09:00:00Z,50868.1
2026-05-17T10:00:00Z,54615.4
2026-05-17T11:00:00Z,54629.5
2026-05-17T12:00:00Z,54006.6
2026-05-17T13:00:00Z,54492.9
2026-05-17T14:00:00Z,50798.7
2026-05-17T15:00:00Z,50200.7
2026-05-17T16:00:00Z,48658.3
2026-05-17T17:00:00Z,47618.2
2026-05-17T18:00:00Z,42338.6
2026-05-17T19:00:00Z,39582.2
2026-05-17T20:00:00Z,38257.4
2026-05-17T21:00:00Z,35119.5
2026-05-17T22:00:00Z,32738.3
2026-05-17T23:00:00Z,34232.8
2026-05-18T00:00:00Z,35743.8
2026-05-18T01:00:00Z,38452.2
2026-05-18T02:00:00Z,34924.7
2026-05-18T03:00:00Z,38454.9
2026-05-18T04:00:00Z,41005.5
2026-05-18T05:00:00Z,44066.1
2026-05-18T06:00:00Z,46269.7
2026-05-18T07:00:00Z,47461.1
2026-05-18T08:00:00Z,52439.4
2026-05-18T09:00:00Z,53791.4
2026-05-18T10:00:00Z,56059.1
2026-05-18T11:00:00Z,57384.3
2026-05-18T12:00:00Z,57461.7
2026-05-18T13:00:00Z,55282.5
2026-05-18T14:00:00Z,54941.0
2026-05-18T15:00:00Z,52689.4
2026-05-18T16:00:00Z,51510.6
2026-05-18T17:00:00Z,50274.0
2026-05-18T18:00:00Z,46411.6
2026-05-18T19:00:00Z,43454.8
2026-05-18T20:00:00Z,39397.8
2026-05-18T21:00:00Z,40190.9
2026-05-18T22:00:00Z,37872.4
2026-05-18T23:00:00Z,36018.2
2026-05-19T00:00:00Z,35455.3
2026-05-19T01:00:00Z,35234.2
2026-05-19T02:00:00Z,37383.8
2026-05-19T03:00:00Z,38699.1
2026-05-19T04:00:00Z,41008.8
2026-05-19T05:00:00Z,43982.2
2026-05-19T06:00:00Z,46446.4
2026-05-19T07:00:00Z,48719.0
2026-05-19T08:00:00Z,51061.0
2026-05-19T09:00:00Z,53482.7
2026-05-19T10:00:00Z,55815.3
2026-05-19T11:00:00Z,56414.6
2026-05-19T12:00:00Z,57753.8
2026-05-19T13:00:00Z,56991.3
2026-05-19T14:00:00Z,54259.5
2026-05-19T15:00:00Z,55029.4
2026-05-19T16:00:00Z,52157.9
2026-05-19T17:00:00Z,49535.3
2026-05-19T18:00:00Z,46668.8
2026-05-19T19:00:00Z,45413.6
2026-05-19T20:00:00Z,39470.9
2026-05-19T21:00:00Z,38892.0
2026-05-19T22:00:00Z,37383.2
2026-05-19T23:00:00Z,37746.1
2026-05-20T00:00:00Z,35449.3
2026-05-20T01:00:00Z,36754.6
2026-05-20T02:00:00Z,37016.4
2026-05-20T03:00:00Z,38857.8
2026-05-20T04:00:00Z,41107.7
2026-05-20T05:00:00Z,42556.5
2026-05-20T06:00:00Z,48102.9
2026-05-20T07:00:00Z,49334.4
2026-05-20T08:00:00Z,53224.5
2026-05-20T09:00:00Z,53547.2
2026-05-20T10:00:00Z,55328.0
2026-05-20T11:00:00Z,57956.5
2026-05-20T12:00:00Z,56523.3
2026-05-20T13:00:00Z,56553.5
2026-05-20T14:00:00Z,55664.9
2026-05-20T15:00:00Z,54192.6
2026-05-20T16:00:00Z,51949.2
2026-05-20T17:00:00Z,49461.9
2026-05-20T18:00:00Z,47397.0
2026-05-20T19:00:00Z,44412.8
2026-05-20T20:00:00Z,42845.9
2026-05-20T21:00:00Z,38277.0
2026-05-20T22:00:00Z,37153.2
2026-05-20T23:00:00Z,38146.6
2026-05-21T00:00:00Z,35875.5
2026-05-21T01:00:00Z,38176.3
2026-05-21T02:00:00Z,37785.9
2026-05-21T03:00:00Z,38104.9
2026-05-21T04:00:00Z,41446.5
2026-05-21T05:00:00Z,45589.4
2026-05-21T06:00:00Z,46547.8
2026-05-21T07:00:00Z,49120.3
2026-05-21T08:00:00Z,53009.4
2026-05-21T09:00:00Z,56015.7
2026-05-21T10:00:00Z,55135.0
2026-05-21T11:00:00Z,57280.7
2026-05-21T12:00:00Z,56778.1
2026-05-21T13:00:00Z,57693.3
2026-05-21T14:00:00Z,56204.7
2026-05-21T15:00:00Z,52959.7
2026-05-21T16:00:00Z,51842.4
2026-05-21T17:00:00Z,48602.5
2026-05-21T18:00:00Z,45724.0
2026-05-21T19:00:00Z,44589.4
2026-05-21T20:00:00Z,41789.0
2026-05-21T21:00:00Z,38899.3
2026-05-21T22:00:00Z,37468.9
2026-05-21T23:00:00Z,36700.0
2026-05-22T00:00:00Z,35915.7
2026-05-22T01:00:00Z,37496.7
2026-05-22T02:00:00Z,37877.6
2026-05-22T03:00:00Z,40585.2
2026-05-22T04:00:00Z,41701.4
2026-05-22T05:00:00Z,43785.5
2026-05-22T06:00:00Z,47204.5
2026-05-22T07:00:00Z,48831.5
2026-05-22T08:00:00Z,51998.6
2026-05-22T09:00:00Z,54280.4
2026-05-22T10:00:00Z,58088.8
2026-05-22T11:00:00Z,56256.1
2026-05-22T12:00:00Z,56693.1
2026-05-22T13:00:00Z,56072.4
2026-05-22T14:00:00Z,56503.3
2026-05-22T15:00:00Z,53944.7
2026-05-22T16:00:00Z,52063.8
2026-05-22T17:00:00Z,48403.2
2026-05-22T18:00:00Z,45741.6
2026-05-22T19:00:00Z,43949.7
2026-05-22T20:00:00Z,40925.5
2026-05-22T21:00:00Z,39552.6
2026-05-22T22:00:00Z,36532.1
2026-05-22T23:00:00Z,35767.6
2026-05-23T00:00:00Z,36189.2
2026-05-23T01:00:00Z,33264.8
2026-05-23T02:00:00Z,34518.3
2026-05-23T03:00:00Z,37339.5
2026-05-23T04:00:00Z,39435.0
2026-05-23T05:00:00Z,40240.2
2026-05-23T06:00:00Z,44542.7
2026-05-23T07:00:00Z,47338.9
2026-05-23T08:00:00Z,48132.5
2026-05-23T09:00:00Z,50513.7
2026-05-23T10:00:00Z,53108.6
2026-05-23T11:00:00Z,52841.4
2026-05-23T12:00:00Z,54282.2
2026-05-23T13:00:00Z,52978.4
2026-05-23T14:00:00Z,52996.5
2026-05-23T15:00:00Z,52640.9
2026-05-23T16:00:00Z,50084.9
2026-05-23T17:00:00Z,46902.2
2026-05-23T18:00:00Z,45255.3
2026-05-23T19:00:00Z,41115.2
2026-05-23T20:00:00Z,40256.8
2026-05-23T21:00:00Z,37556.2
2026-05-23T22:00:00Z,34802.0
2026-05-23T23:00:00Z,33180.6
2026-05-24T00:00:00Z,33361.2
2026-05-24T01:00:00Z,34383.8
2026-05-24T02:00:00Z,33987.7
2026-05-24T03:00:00Z,35931.4
2026-05-24T04:00:00Z,40242.8
2026-05-24T05:00:00Z,42246.9
2026-05-24T06:00:00Z,42951.2
2026-05-24T07:00:00Z,47008.4
2026-05-24T08:00:00Z,48398.7
2026-05-24T09:00:00Z,51538.9
2026-05-24T10:00:00Z,53285.8
2026-05-24T11:00:00Z,54656.7
2026-05-24T12:00:00Z,53356.1
2026-05-24T13:00:00Z,54533.8
2026-05-24T14:00:00Z,53397.3
2026-05-24T15:00:00Z,52064.6
2026-05-24T16:00:00Z,49784.8
2026-05-24T17:00:00Z,48220.0
2026-05-24T18:00:00Z,43338.9
2026-05-24T19:00:00Z,42477.9
2026-05-24T20:00:00Z,38502.8
2026-05-24T21:00:00Z,36783.9
2026-05-24T22:00:00Z,35493.7
2026-05-24T23:00:00Z,33156.9
2026-05-25T00:00:00Z,36618.4
2026-05-25T01:00:00Z,36798.0
2026-05-25T02:00:00Z,39038.0
2026-05-25T03:00:00Z,38982.7
2026-05-25T04:00:00Z,42003.8
2026-05-25T05:00:00Z,43646.6
2026-05-25T06:00:00Z,46577.5
2026-05-25T07:00:00Z,48974.2
2026-05-25T08:00:00Z,53308.0
2026-05-25T09:00:00Z,54183.9
2026-05-25T10:00:00Z,56915.0
2026-05-25T11:00:00Z,56808.8
2026-05-25T12:00:00Z,58825.9
2026-05-25T13:00:00Z,57790.5
2026-05-25T14:00:00Z,58273.9
2026-05-25T15:00:00Z,54679.9
2026-05-25T16:00:00Z,52569.5
2026-05-25T17:00:00Z,49135.5
2026-05-25T18:00:00Z,47603.4
2026-05-25T19:00:00Z,45262.1
2026-05-25T20:00:00Z,41912.6
2026-05-25T21:00:00Z,39195.1
2026-05-25T22:00:00Z,38655.7
2026-05-25T23:00:00Z,37932.1
2026-05-26T00:00:00Z,36771.3
2026-05-26T01:00:00Z,36557.7
2026-05-26T02:00:00Z,37673.8
2026-05-26T03:00:00Z,40215.6
2026-05-26T04:00:00Z,41594.5
2026-05-26T05:00:00Z,44363.3
2026-05-26T06:00:00Z,48570.6
2026-05-26T07:00:00Z,49639.4
2026-05-26T08:00:00Z,51248.3
2026-05-26T09:00:00Z,53265.1
2026-05-26T10:00:00Z,56821.7
2026-05-26T11:00:00Z,56271.5
2026-05-26T12:00:00Z,57683.4
2026-05-26T13:00:00Z,58061.8
2026-05-26T14:00:00Z,56375.8
2026-05-26T15:00:00Z,55150.4
2026-05-26T16:00:00Z,52532.1
2026-05-26T17:00:00Z,49598.7
2026-05-26T18:00:00Z,46999.7
2026-05-26T19:00:00Z,44381.4
2026-05-26T20:00:00Z,42854.1
2026-05-26T21:00:00Z,40798.2
2026-05-26T22:00:00Z,37390.8
2026-05-26T23:00:00Z,35088.7
2026-05-27T00:00:00Z,36329.8
2026-05-27T01:00:00Z,37818.1
2026-05-27T02:00:00Z,37606.2
2026-05-27T03:00:00Z,40437.8
2026-05-27T04:00:00Z,42673.2
2026-05-27T05:00:00Z,44549.9
2026-05-27T06:00:00Z,48297.9
2026-05-27T07:00:00Z,50805.7
2026-05-27T08:00:00Z,53314.2
2026-05-27T09:00:00Z,55028.0
2026-05-27T10:00:00Z,56642.7
2026-05-27T11:00:00Z,57309.0
2026-05-27T12:00:00Z,57909.9
2026-05-27T13:00:00Z,57802.0
2026-05-27T14:00:00Z,57667.3
2026-05-27T15:00:00Z,54431.1
2026-05-27T16:00:00Z,52517.4
2026-05-27T17:00:00Z,50797.4
2026-05-27T18:00:00Z,48035.3
2026-05-27T19:00:00Z,46437.1
2026-05-27T20:00:00Z,43047.4
2026-05-27T21:00:00Z,40059.0
2026-05-27T22:00:00Z,36722.9
2026-05-27T23:00:00Z,37452.0
2026-05-28T00:00:00Z,36465.7
2026-05-28T01:00:00Z,37234.2
2026-05-28T02:00:00Z,39146.3
2026-05-28T03:00:00Z,39514.8
2026-05-28T04:00:00Z,41725.0
2026-05-28T05:00:00Z,45563.6
2026-05-28T06:00:00Z,46885.8
2026-05-28T07:00:00Z,50031.5
2026-05-28T08:00:00Z,54331.9
2026-05-28T09:00:00Z,55794.0
2026-05-28T10:00:00Z,57125.4
2026-05-28T11:00:00Z,57324.4
2026-05-28T12:00:00Z,58262.4
2026-05-28T13:00:00Z,56435.7
2026-05-28T14:00:00Z,57060.0
2026-05-28T15:00:00Z,55460.3
2026-05-28T16:00:00Z,52436.6
2026-05-28T17:00:00Z,50195.6
2026-05-28T18:00:00Z,48089.8
2026-05-28T19:00:00Z,45752.8
2026-05-28T20:00:00Z,42177.9
2026-05-28T21:00:00Z,41704.8
2026-05-28T22:00:00Z,38837.9
2026-05-28T23:00:00Z,37927.8
2026-05-29T00:00:00Z,37549.3
2026-05-29T01:00:00Z,38295.9
2026-05-29T02:00:00Z,39721.5
2026-05-29T03:00:00Z,39787.9
2026-05-29T04:00:00Z,42272.7
2026-05-29T05:00:00Z,44468.6
2026-05-29T06:00:00Z,48415.8
2026-05-29T07:00:00Z,50751.4
2026-05-29T08:00:00Z,53227.7
2026-05-29T09:00:00Z,55208.5
2026-05-29T10:00:00Z,56853.6
2026-05-29T11:00:00Z,55824.3
2026-05-29T12:00:00Z,56578.3
2026-05-29T13:00:00Z,58239.3
2026-05-29T14:00:00Z,57585.0
2026-05-29T15:00:00Z,55687.8
2026-05-29T16:00:00Z,53511.8
2026-05-29T17:00:00Z,49124.2
2026-05-29T18:00:00Z,47583.4
2026-05-29T19:00:00Z,44541.2
2026-05-29T20:00:00Z,43664.1
2026-05-29T21:00:00Z,40980.6
2026-05-29T22:00:00Z,38589.8
2026-05-29T23:00:00Z,38662.2
2026-05-30T00:00:00Z,33362.6
2026-05-30T01:00:00Z,34541.7
2026-05-30T02:00:00Z,36041.2
2026-05-30T03:00:00Z,38720.0
2026-05-30T04:00:00Z,39210.2
2026-05-30T05:00:00Z,43195.3
2026-05-30T06:00:00Z,45572.5
2026-05-30T07:00:00Z,48585.7
2026-05-30T08:00:00Z,50549.6
2026-05-30T09:00:00Z,52347.5
2026-05-30T10:00:00Z,53637.2
2026-05-30T11:00:00Z,54414.7
2026-05-30T12:00:00Z,54806.7
2026-05-30T13:00:00Z,54930.8
2026-05-30T14:00:00Z,54227.9
2026-05-30T15:00:00Z,51430.1
2026-05-30T16:00:00Z,49694.9
2026-05-30T17:00:00Z,47348.0
2026-05-30T18:00:00Z,43801.8
2026-05-30T19:00:00Z,40548.4
2026-05-30T20:00:00Z,39545.5
2026-05-30T21:00:00Z,37318.3
2026-05-30T22:00:00Z,34857.8
2026-05-30T23:00:00Z,34761.3
2026-05-31T00:00:00Z,35225.5
2026-05-31T01:00:00Z,35030.2
2026-05-31T02:00:00Z,35947.0
2026-05-31T03:00:00Z,39847.5
2026-05-31T04:00:00Z,40348.8
2026-05-31T05:00:00Z,41795.5
2026-05-31T06:00:00Z,45199.3
2026-05-31T07:00:00Z,47389.3
2026-05-31T08:00:00Z,49859.3
2026-05-31T09:00:00Z,53173.2
2026-05-31T10:00:00Z,53562.3
2026-05-31T11:00:00Z,54065.2
2026-05-31T12:00:00Z,56834.3
2026-05-31T13:00:00Z,54390.4
2026-05-31T14:00:00Z,53776.3
2026-05-31T15:00:00Z,53050.1
2026-05-31T16:00:00Z,50350.3
2026-05-31T17:00:00Z,46996.8
2026-05-31T18:00:00Z,44763.1
2026-05-31T19:00:00Z,43127.9
2026-05-31T20:00:00Z,39370.4
2026-05-31T21:00:00Z,37867.0
2026-05-31T22:00:00Z,36946.3
2026-05-31T23:00:00Z,35047.6
2026-06-01T00:00:00Z,37055.9
2026-06-01T01:00:00Z,38279.6
2026-06-01T02:00:00Z,39638.2
2026-06-01T03:00:00Z,40247.3
2026-06-01T04:00:00Z,42877.5
2026-06-01T05:00:00Z,45964.7
2026-06-01T06:00:00Z,48603.6
2026-06-01T07:00:00Z,50346.7
2026-06-01T08:00:00Z,51451.5
2026-06-01T09:00:00Z,56335.1
2026-06-01T10:00:00Z,56332.6
2026-06-01T11:00:00Z,57167.3
2026-06-01T12:00:00Z,58235.9
2026-06-01T13:00:00Z,58975.1
2026-06-01T14:00:00Z,57850.7
2026-06-01T15:00:00Z,56076.7
2026-06-01T16:00:00Z,53152.8
2026-06-01T17:00:00Z,51394.0
2026-06-01T18:00:00Z,48169.9
2026-06-01T19:00:00Z,45940.1
2026-06-01T20:00:00Z,42450.9
2026-06-01T21:00:00Z,41787.5
2026-06-01T22:00:00Z,38954.5
2026-06-01T23:00:00Z,38998.7
2026-06-02T00:00:00Z,39704.6
2026-06-02T01:00:00Z,37947.3
2026-06-02T02:00:00Z,39281.2
2026-06-02T03:00:00Z,41475.7
2026-06-02T04:00:00Z,43337.1
2026-06-02T05:00:00Z,45039.9
2026-06-02T06:00:00Z,47900.1
2026-06-02T07:00:00Z,50353.6
2026-06-02T08:00:00Z,52625.9
2026-06-02T09:00:00Z,55591.0
2026-06-02T10:00:00Z,57038.0
2026-06-02T11:00:00Z,59278.3
2026-06-02T12:00:00Z,57794.8
2026-06-02T13:00:00Z,58740.8
2026-06-02T14:00:00Z,57414.8
2026-06-02T15:00:00Z,54881.9
2026-06-02T16:00:00Z,53778.3
2026-06-02T17:00:00Z,51759.5
2026-06-02T18:00:00Z,49842.8
2026-06-02T19:00:00Z,46080.9
2026-06-02T20:00:00Z,44559.0
2026-06-02T21:00:00Z,41375.7
2026-06-02T22:00:00Z,40794.8
2026-06-02T23:00:00Z,37383.6
2026-06-03T00:00:00Z,37941.9
2026-06-03T01:00:00Z,38048.2
2026-06-03T02:00:00Z,38461.3
2026-06-03T03:00:00Z,39804.7
2026-06-03T04:00:00Z,42107.9
2026-06-03T05:00:00Z,45972.9
2026-06-03T06:00:00Z,46565.2
2026-06-03T07:00:00Z,51910.5
2026-06-03T08:00:00Z,54160.5
2026-06-03T09:00:00Z,56209.8
2026-06-03T10:00:00Z,57181.0
2026-06-03T11:00:00Z,58128.4
2026-06-03T12:00:00Z,59757.1
2026-06-03T13:00:00Z,58439.5
2026-06-03T14:00:00Z,58989.3
2026-06-03T15:00:00Z,55935.5
2026-06-03T16:00:00Z,54294.7
2026-06-03T17:00:00Z,51724.1
2026-06-03T18:00:00Z,49143.3
2026-06-03T19:00:00Z,44588.3
2026-06-03T20:00:00Z,43511.1
2026-06-03T21:00:00Z,41077.8
2026-06-03T22:00:00Z,39793.0
2026-06-03T23:00:00Z,37744.2
2026-06-04T00:00:00Z,38620.7
2026-06-04T01:00:00Z,39165.5
2026-06-04T02:00:00Z,38799.6
2026-06-04T03:00:00Z,41110.5
2026-06-04T04:00:00Z,42914.2
2026-06-04T05:00:00Z,44282.4
2026-06-04T06:00:00Z,48699.2
2026-06-04T07:00:00Z,50558.7
2026-06-04T08:00:00Z,53193.0
2026-06-04T09:00:00Z,54599.1
2026-06-04T10:00:00Z,57705.4
2026-06-04T11:00:00Z,58313.0
2026-06-04T12:00:00Z,58460.5
2026-06-04T13:00:00Z,60266.3
2026-06-04T14:00:00Z,57223.8
2026-06-04T15:00:00Z,56425.9
2026-06-04T16:00:00Z,53693.3
2026-06-04T17:00:00Z,51967.7
2026-06-04T18:00:00Z,49148.4
2026-06-04T19:00:00Z,46850.1
2026-06-04T20:00:00Z,43478.7
2026-06-04T21:00:00Z,42592.1
2026-06-04T22:00:00Z,38121.0
2026-06-04T23:00:00Z,38494.5
2026-06-05T00:00:00Z,40261.7
2026-06-05T01:00:00Z,37994.9
2026-06-05T02:00:00Z,39705.9
2026-06-05T03:00:00Z,42397.9
2026-06-05T04:00:00Z,42384.9
2026-06-05T05:00:00Z,47250.8
2026-06-05T06:00:00Z,49671.5
2026-06-05T07:00:00Z,52862.7
2026-06-05T08:00:00Z,55287.5
2026-06-05T09:00:00Z,55938.5
2026-06-05T10:00:00Z,59083.4
2026-06-05T11:00:00Z,56380.4
2026-06-05T12:00:00Z,59388.3
2026-06-05T13:00:00Z,59318.0
2026-06-05T14:00:00Z,57638.2
2026-06-05T15:00:00Z,56105.9
2026-06-05T16:00:00Z,53431.1
2026-06-05T17:00:00Z,51613.2
2026-06-05T18:00:00Z,50241.3
2026-06-05T19:00:00Z,46875.3
2026-06-05T20:00:00Z,42976.4
2026-06-05T21:00:00Z,41132.6
2026-06-05T22:00:00Z,39615.1
2026-06-05T23:00:00Z,37996.0
2026-06-06T00:00:00Z,34920.0
2026-06-06T01:00:00Z,35143.0
2026-06-06T02:00:00Z,38037.9
2026-06-06T03:00:00Z,37803.4
2026-06-06T04:00:00Z,40988.8
2026-06-06T05:00:00Z,43656.2
2026-06-06T06:00:00Z,47203.0
2026-06-06T07:00:00Z,49417.4
2026-06-06T08:00:00Z,50131.5
2026-06-06T09:00:00Z,54467.2
2026-06-06T10:00:00Z,54564.1
2026-06-06T11:00:00Z,55635.3
2026-06-06T12:00:00Z,58273.9
2026-06-06T13:00:00Z,55443.1
2026-06-06T14:00:00Z,56407.8
2026-06-06T15:00:00Z,53627.8
2026-06-06T16:00:00Z,51509.8
2026-06-06T17:00:00Z,49636.7
2026-06-06T18:00:00Z,46298.4
2026-06-06T19:00:00Z,42872.2
2026-06-06T20:00:00Z,40065.3
2026-06-06T21:00:00Z,39277.4
2026-06-06T22:00:00Z,37424.5
2026-06-06T23:00:00Z,35377.6
2026-06-07T00:00:00Z,36502.6
2026-06-07T01:00:00Z,36375.9
2026-06-07T02:00:00Z,35618.5
2026-06-07T03:00:00Z,38195.1
2026-06-07T04:00:00Z,41858.1
2026-06-07T05:00:00Z,44094.4
2026-06-07T06:00:00Z,45805.2
2026-06-07T07:00:00Z,48995.6
2026-06-07T08:00:00Z,51231.0
2026-06-07T09:00:00Z,54713.5
2026-06-07T10:00:00Z,54709.5
2026-06-07T11:00:00Z,54498.4
2026-06-07T12:00:00Z,56099.9
2026-06-07T13:00:00Z,56399.3
2026-06-07T14:00:00Z,54631.8
2026-06-07T15:00:00Z,54700.6
2026-06-07T16:00:00Z,50126.1
2026-06-07T17:00:00Z,47795.5
2026-06-07T18:00:00Z,46281.8
2026-06-07T19:00:00Z,42790.3
2026-06-07T20:00:00Z,41650.9
2026-06-07T21:00:00Z,38570.1
2026-06-07T22:00:00Z,37701.1
2026-06-07T23:00:00Z,37249.5
2026-06-08T00:00:00Z,38610.8
2026-06-08T01:00:00Z,39357.8
2026-06-08T02:00:00Z,39212.5
2026-06-08T03:00:00Z,41953.8
2026-06-08T04:00:00Z,42161.8
2026-06-08T05:00:00Z,46172.4
2026-06-08T06:00:00Z,48882.6
2026-06-08T07:00:00Z,51012.3
2026-06-08T08:00:00Z,55009.8
2026-06-08T09:00:00Z,54798.3
2026-06-08T10:00:00Z,58089.2
2026-06-08T11:00:00Z,58876.2
2026-06-08T12:00:00Z,59098.1
2026-06-08T13:00:00Z,59122.5
2026-06-08T14:00:00Z,57580.0
2026-06-08T15:00:00Z,58218.8
2026-06-08T16:00:00Z,56047.5
2026-06-08T17:00:00Z,51364.1
2026-06-08T18:00:00Z,49688.2
2026-06-08T19:00:00Z,46116.2
2026-06-08T20:00:00Z,43999.8
2026-06-08T21:00:00Z,41111.5
2026-06-08T22:00:00Z,41589.3
2026-06-08T23:00:00Z,40615.6
2026-06-09T00:00:00Z,39192.3
2026-06-09T01:00:00Z,39483.5
2026-06-09T02:00:00Z,40469.6
2026-06-09T03:00:00Z,41422.4
2026-06-09T04:00:00Z,45170.0
2026-06-09T05:00:00Z,47421.7
2026-06-09T06:00:00Z,49577.8
2026-06-09T07:00:00Z,52808.4
2026-06-09T08:00:00Z,55250.8
2026-06-09T09:00:00Z,56161.7
2026-06-09T10:00:00Z,58994.8
2026-06-09T11:00:00Z,58649.3
2026-06-09T12:00:00Z,58936.4
2026-06-09T13:00:00Z,60125.1
2026-06-09T14:00:00Z,59948.4
2026-06-09T15:00:00Z,57244.6
2026-06-09T16:00:00Z,54140.5
2026-06-09T17:00:00Z,53399.0
2026-06-09T18:00:00Z,49826.7
2026-06-09T19:00:00Z,47195.6
2026-06-09T20:00:00Z,44678.2
2026-06-09T21:00:00Z,41601.7
2026-06-09T22:00:00Z,39921.1
2026-06-09T23:00:00Z,39463.1
2026-06-10T00:00:00Z,38382.6
2026-06-10T01:00:00Z,39433.2
2026-06-10T02:00:00Z,42077.7
2026-06-10T03:00:00Z,41362.4
2026-06-10T04:00:00Z,43439.0
2026-06-10T05:00:00Z,48564.9
2026-06-10T06:00:00Z,50420.2
2026-06-10T07:00:00Z,51930.3
2026-06-10T08:00:00Z,54126.7
2026-06-10T09:00:00Z,55851.8
2026-06-10T10:00:00Z,59469.2
2026-06-10T11:00:00Z,58464.1
2026-06-10T12:00:00Z,59910.6
2026-06-10T13:00:00Z,59356.1
2026-06-10T14:00:00Z,59050.2
2026-06-10T15:00:00Z,56436.8
2026-06-10T16:00:00Z,55422.3
2026-06-10T17:00:00Z,50884.7
2026-06-10T18:00:00Z,48730.8
2026-06-10T19:00:00Z,46370.9
2026-06-10T20:00:00Z,43225.2
2026-06-10T21:00:00Z,42083.2
2026-06-10T22:00:00Z,40223.0
2026-06-10T23:00:00Z,39591.5
2026-06-11T00:00:00Z,39381.1
2026-06-11T01:00:00Z,39725.2
2026-06-11T02:00:00Z,41007.1
2026-06-11T03:00:00Z,41742.4
2026-06-11T04:00:00Z,43672.4
2026-06-11T05:00:00Z,47165.8
2026-06-11T06:00:00Z,48905.5
2026-06-11T07:00:00Z,53935.7
2026-06-11T08:00:00Z,55091.3
2026-06-11T09:00:00Z,58551.3
2026-06-11T10:00:00Z,59208.0
2026-06-11T11:00:00Z,61312.5
2026-06-11T12:00:00Z,60368.6
2026-06-11T13:00:00Z,59221.1
2026-06-11T14:00:00Z,58186.0
2026-06-11T15:00:00Z,58010.4
2026-06-11T16:00:00Z,53217.5
2026-06-11T17:00:00Z,52486.1
2026-06-11T18:00:00Z,48501.3
2026-06-11T19:00:00Z,46751.5
2026-06-11T20:00:00Z,43364.1
2026-06-11T21:00:00Z,42117.9
2026-06-11T22:00:00Z,40362.4
2026-06-11T23:00:00Z,41123.8
2026-06-12T00:00:00Z,41104.8
2026-06-12T01:00:00Z,40044.7
2026-06-12T02:00:00Z,40677.7
2026-06-12T03:00:00Z,43929.6
2026-06-12T04:00:00Z,45206.9
2026-06-12T05:00:00Z,46525.2
2026-06-12T06:00:00Z,50565.6
2026-06-12T07:00:00Z,53232.6
2026-06-12T08:00:00Z,53831.4
2026-06-12T09:00:00Z,57636.9
2026-06-12T10:00:00Z,59495.3
2026-06-12T11:00:00Z,61997.0
2026-06-12T12:00:00Z,59159.7
2026-06-12T13:00:00Z,61959.5
2026-06-12T14:00:00Z,59861.8
2026-06-12T15:00:00Z,57772.2
2026-06-12T16:00:00Z,55775.1
2026-06-12T17:00:00Z,52898.5
2026-06-12T18:00:00Z,50671.8
2026-06-12T19:00:00Z,48633.1
2026-06-12T20:00:00Z,44359.1
2026-06-12T21:00:00Z,41258.9
2026-06-12T22:00:00Z,40771.8
2026-06-12T23:00:00Z,39898.2
2026-06-13T00:00:00Z,37634.2
2026-06-13T01:00:00Z,36991.2
2026-06-13T02:00:00Z,36709.7
2026-06-13T03:00:00Z,40971.9
2026-06-13T04:00:00Z,42415.1
2026-06-13T05:00:00Z,44241.2
2026-06-13T06:00:00Z,47984.7
2026-06-13T07:00:00Z,50032.2
2026-06-13T08:00:00Z,52933.0
2026-06-13T09:00:00Z,54223.8
2026-06-13T10:00:00Z,56631.5
2026-06-13T11:00:00Z,58146.9
2026-06-13T12:00:00Z,57603.1
2026-06-13T13:00:00Z,57671.3
2026-06-13T14:00:00Z,55663.9
2026-06-13T15:00:00Z,54337.7
2026-06-13T16:00:00Z,54065.7
2026-06-13T17:00:00Z,49364.2
2026-06-13T18:00:00Z,48520.9
2026-06-13T19:00:00Z,43251.3
2026-06-13T20:00:00Z,41894.3
2026-06-13T21:00:00Z,39043.6
2026-06-13T22:00:00Z,38467.7
2026-06-13T23:00:00Z,37922.7
2026-06-14T00:00:00Z,35975.0
2026-06-14T01:00:00Z,36200.3
2026-06-14T02:00:00Z,38980.3
2026-06-14T03:00:00Z,40420.3
2026-06-14T04:00:00Z,42935.7
2026-06-14T05:00:00Z,44745.4
2026-06-14T06:00:00Z,46608.8
2026-06-14T07:00:00Z,49995.8
2026-06-14T08:00:00Z,53926.9
2026-06-14T09:00:00Z,54900.5
2026-06-14T10:00:00Z,57114.3
2026-06-14T11:00:00Z,57778.6
2026-06-14T12:00:00Z,57923.6
2026-06-14T13:00:00Z,57728.3
2026-06-14T14:00:00Z,56748.6
2026-06-14T15:00:00Z,55575.4
2026-06-14T16:00:00Z,52379.9
2026-06-14T17:00:00Z,49826.0
2026-06-14T18:00:00Z,47975.5
2026-06-14T19:00:00Z,46560.8
2026-06-14T20:00:00Z,42027.7
2026-06-14T21:00:00Z,39351.9
2026-06-14T22:00:00Z,39381.7
2026-06-14T23:00:00Z,37694.7
2026-06-15T00:00:00Z,40799.3
2026-06-15T01:00:00Z,39586.4
2026-06-15T02:00:00Z,41875.9
2026-06-15T03:00:00Z,43118.3
2026-06-15T04:00:00Z,46153.6
2026-06-15T05:00:00Z,46868.0
2026-06-15T06:00:00Z,48427.9
2026-06-15T07:00:00Z,53055.5
2026-06-15T08:00:00Z,55388.7
2026-06-15T09:00:00Z,57137.9
2026-06-15T10:00:00Z,61427.1
2026-06-15T11:00:00Z,60084.1
2026-06-15T12:00:00Z,59430.1
2026-06-15T13:00:00Z,60300.0
2026-06-15T14:00:00Z,58012.1
2026-06-15T15:00:00Z,57660.8
2026-06-15T16:00:00Z,56311.9
2026-06-15T17:00:00Z,53774.9
2026-06-15T18:00:00Z,50016.4
2026-06-15T19:00:00Z,46191.0
2026-06-15T20:00:00Z,45011.0
2026-06-15T21:00:00Z,42433.3
2026-06-15T22:00:00Z,40788.9
2026-06-15T23:00:00Z,40724.9
2026-06-16T00:00:00Z,41527.0
2026-06-16T01:00:00Z,40592.8
2026-06-16T02:00:00Z,41361.3
2026-06-16T03:00:00Z,44455.7
2026-06-16T04:00:00Z,44993.7
2026-06-16T05:00:00Z,48441.7
2026-06-16T06:00:00Z,50585.4
2026-06-16T07:00:00Z,52624.1
2026-06-16T08:00:00Z,55110.7
2026-06-16T09:00:00Z,58124.1
2026-06-16T10:00:00Z,60103.8
2026-06-16T11:00:00Z,60159.2
2026-06-16T12:00:00Z,61924.0
2026-06-16T13:00:00Z,60080.7
2026-06-16T14:00:00Z,59257.4
2026-06-16T15:00:00Z,56145.8
2026-06-16T16:00:00Z,56720.1
2026-06-16T17:00:00Z,52546.1
2026-06-16T18:00:00Z,50467.0
2026-06-16T19:00:00Z,46337.0
2026-06-16T20:00:00Z,45377.3
2026-06-16T21:00:00Z,45087.1
2026-06-16T22:00:00Z,40807.0
2026-06-16T23:00:00Z,40763.5
2026-06-17T00:00:00Z,39853.2
2026-06-17T01:00:00Z,40043.0
2026-06-17T02:00:00Z,42372.8
2026-06-17T03:00:00Z,44732.5
2026-06-17T04:00:00Z,46970.9
2026-06-17T05:00:00Z,48819.6
2026-06-17T06:00:00Z,50037.7
2026-06-17T07:00:00Z,51312.9
2026-06-17T08:00:00Z,56730.5
2026-06-17T09:00:00Z,58262.8
2026-06-17T10:00:00Z,59450.2
2026-06-17T11:00:00Z,61361.7
2026-06-17T12:00:00Z,62807.5
2026-06-17T13:00:00Z,61871.3
2026-06-17T14:00:00Z,58707.9
2026-06-17T15:00:00Z,56206.1
2026-06-17T16:00:00Z,55800.1
2026-06-17T17:00:00Z,54284.1
2026-06-17T18:00:00Z,49807.9
2026-06-17T19:00:00Z,48286.5
2026-06-17T20:00:00Z,47108.1
2026-06-17T21:00:00Z,43918.5
2026-06-17T22:00:00Z,43368.6
2026-06-17T23:00:00Z,41053.6
2026-06-18T00:00:00Z,40513.5
2026-06-18T01:00:00Z,41159.8
2026-06-18T02:00:00Z,42209.2
2026-06-18T03:00:00Z,42947.0
2026-06-18T04:00:00Z,46958.3
2026-06-18T05:00:00Z,47999.7
2026-06-18T06:00:00Z,51244.5
2026-06-18T07:00:00Z,54172.9
2026-06-18T08:00:00Z,56048.5
2026-06-18T09:00:00Z,58205.2
2026-06-18T10:00:00Z,61979.5
2026-06-18T11:00:00Z,60346.9
2026-06-18T12:00:00Z,62075.7
2026-06-18T13:00:00Z,59905.2
2026-06-18T14:00:00Z,60934.6
2026-06-18T15:00:00Z,57847.7
2026-06-18T16:00:00Z,56949.5
2026-06-18T17:00:00Z,54682.1
2026-06-18T18:00:00Z,50862.1
2026-06-18T19:00:00Z,48842.6
2026-06-18T20:00:00Z,46423.8
2026-06-18T21:00:00Z,44554.6
2026-06-18T22:00:00Z,42335.3
2026-06-18T23:00:00Z,40845.8
2026-06-19T00:00:00Z,42201.6
2026-06-19T01:00:00Z,41053.2
2026-06-19T02:00:00Z,43453.6
2026-06-19T03:00:00Z,44588.4
2026-06-19T04:00:00Z,46972.6
2026-06-19T05:00:00Z,49105.6
2026-06-19T06:00:00Z,50864.6
2026-06-19T07:00:00Z,53104.5
2026-06-19T08:00:00Z,55327.8
2026-06-19T09:00:00Z,58352.3
2026-06-19T10:00:00Z,60954.4
2026-06-19T11:00:00Z,62511.4
2026-06-19T12:00:00Z,62506.2
2026-06-19T13:00:00Z,59540.0
2026-06-19T14:00:00Z,60383.7
2026-06-19T15:00:00Z,56972.5
2026-06-19T16:00:00Z,57418.3
2026-06-19T17:00:00Z,52213.9
2026-06-19T18:00:00Z,50973.6
2026-06-19T19:00:00Z,47065.2
2026-06-19T20:00:00Z,45221.1
2026-06-19T21:00:00Z,43463.0
2026-06-19T22:00:00Z,42024.0
2026-06-19T23:00:00Z,41268.7
2026-06-20T00:00:00Z,37397.0
2026-06-20T01:00:00Z,39331.6
2026-06-20T02:00:00Z,38693.5
2026-06-20T03:00:00Z,41986.9
2026-06-20T04:00:00Z,41431.1
2026-06-20T05:00:00Z,44456.8
2026-06-20T06:00:00Z,50116.3
2026-06-20T07:00:00Z,51757.3
2026-06-20T08:00:00Z,52668.9
2026-06-20T09:00:00Z,56209.3
2026-06-20T10:00:00Z,59221.1
2026-06-20T11:00:00Z,55730.0
2026-06-20T12:00:00Z,59244.3
2026-06-20T13:00:00Z,57151.6
2026-06-20T14:00:00Z,58283.0
2026-06-20T15:00:00Z,57248.7
2026-06-20T16:00:00Z,53084.6
2026-06-20T17:00:00Z,51496.0
2026-06-20T18:00:00Z,48574.5
2026-06-20T19:00:00Z,45455.2
2026-06-20T20:00:00Z,42958.2
2026-06-20T21:00:00Z,40572.7
2026-06-20T22:00:00Z,40238.5
2026-06-20T23:00:00Z,39322.0
2026-06-21T00:00:00Z,38561.6
2026-06-21T01:00:00Z,36824.8
2026-06-21T02:00:00Z,40781.9
2026-06-21T03:00:00Z,41380.1
2026-06-21T04:00:00Z,44907.3
2026-06-21T05:00:00Z,46034.1
2026-06-21T06:00:00Z,49130.8
2026-06-21T07:00:00Z,51823.8
2026-06-21T08:00:00Z,57822.3
2026-06-21T09:00:00Z,55946.9
2026-06-21T10:00:00Z,57686.1
2026-06-21T11:00:00Z,59798.6
2026-06-21T12:00:00Z,60305.6
2026-06-21T13:00:00Z,58642.0
2026-06-21T14:00:00Z,59047.2
2026-06-21T15:00:00Z,56353.7
2026-06-21T16:00:00Z,52811.1
2026-06-21T17:00:00Z,51437.5
2026-06-21T18:00:00Z,49400.5
2026-06-21T19:00:00Z,44597.1
2026-06-21T20:00:00Z,43088.4
2026-06-21T21:00:00Z,41721.7
2026-06-21T22:00:00Z,39517.7
2026-06-21T23:00:00Z,39053.6
2026-06-22T00:00:00Z,41477.4
2026-06-22T01:00:00Z,41164.0
2026-06-22T02:00:00Z,43015.1
2026-06-22T03:00:00Z,43627.9
2026-06-22T04:00:00Z,47431.7
2026-06-22T05:00:00Z,49735.2
2026-06-22T06:00:00Z,51549.7
2026-06-22T07:00:00Z,54594.6
2026-06-22T08:00:00Z,56064.4
2026-06-22T09:00:00Z,57040.9
2026-06-22T10:00:00Z,62660.1
2026-06-22T11:00:00Z,61747.9
2026-06-22T12:00:00Z,62378.3
2026-06-22T13:00:00Z,60878.6
2026-06-22T14:00:00Z,61131.3
2026-06-22T15:00:00Z,60515.4
2026-06-22T16:00:00Z,57163.8
2026-06-22T17:00:00Z,54304.2
2026-06-22T18:00:00Z,51764.5
2026-06-22T19:00:00Z,50559.5
2026-06-22T20:00:00Z,47059.6
2026-06-22T21:00:00Z,44846.3
2026-06-22T22:00:00Z,44576.1
2026-06-22T23:00:00Z,43098.6
2026-06-23T00:00:00Z,41786.4
2026-06-23T01:00:00Z,43204.8
2026-06-23T02:00:00Z,43003.8
2026-06-23T03:00:00Z,45341.6
2026-06-23T04:00:00Z,46738.8
2026-06-23T05:00:00Z,50082.3
2026-06-23T06:00:00Z,52695.0
2026-06-23T07:00:00Z,53394.1
2026-06-23T08:00:00Z,56787.5
2026-06-23T09:00:00Z,59119.0
2026-06-23T10:00:00Z,60116.1
2026-06-23T11:00:00Z,60435.8
2026-06-23T12:00:00Z,62078.1
2026-06-23T13:00:00Z,59822.0
2026-06-23T14:00:00Z,61135.8
2026-06-23T15:00:00Z,59186.8
2026-06-23T16:00:00Z,54880.7
2026-06-23T17:00:00Z,54730.4
2026-06-23T18:00:00Z,52662.4
2026-06-23T19:00:00Z,49253.3
2026-06-23T20:00:00Z,46804.8
2026-06-23T21:00:00Z,44926.8
2026-06-23T22:00:00Z,43429.7
2026-06-23T23:00:00Z,41094.2
2026-06-24T00:00:00Z,41631.8
2026-06-24T01:00:00Z,43215.7
2026-06-24T02:00:00Z,43104.9
2026-06-24T03:00:00Z,45741.6
2026-06-24T04:00:00Z,46196.6
2026-06-24T05:00:00Z,50094.1
2026-06-24T06:00:00Z,51804.7
2026-06-24T07:00:00Z,54580.5
2026-06-24T08:00:00Z,57487.1
2026-06-24T09:00:00Z,59576.9
2026-06-24T10:00:00Z,61202.9
2026-06-24T11:00:00Z,62731.7
2026-06-24T12:00:00Z,61619.2
2026-06-24T13:00:00Z,62306.0
2026-06-24T14:00:00Z,61810.1
2026-06-24T15:00:00Z,58811.1
2026-06-24T16:00:00Z,56646.0
2026-06-24T17:00:00Z,53839.1
2026-06-24T18:00:00Z,52056.9
2026-06-24T19:00:00Z,48855.4
2026-06-24T20:00:00Z,47675.3
2026-06-24T21:00:00Z,45470.9
2026-06-24T22:00:00Z,43286.9
2026-06-24T23:00:00Z,41277.9
2026-06-25T00:00:00Z,42657.5
2026-06-25T01:00:00Z,42278.4
2026-06-25T02:00:00Z,42592.2
2026-06-25T03:00:00Z,44200.0
2026-06-25T04:00:00Z,48123.9
2026-06-25T05:00:00Z,50339.5
2026-06-25T06:00:00Z,52360.0
2026-06-25T07:00:00Z,55174.7
2026-06-25T08:00:00Z,57910.8
2026-06-25T09:00:00Z,60652.7
2026-06-25T10:00:00Z,61336.2
2026-06-25T11:00:00Z,63619.0
2026-06-25T12:00:00Z,61443.7
2026-06-25T13:00:00Z,63199.8
2026-06-25T14:00:00Z,62523.0
2026-06-25T15:00:00Z,59994.2
2026-06-25T16:00:00Z,58173.8
2026-06-25T17:00:00Z,55054.0
2026-06-25T18:00:00Z,53834.8
2026-06-25T19:00:00Z,50211.4
2026-06-25T20:00:00Z,48077.8
2026-06-25T21:00:00Z,45176.3
2026-06-25T22:00:00Z,42420.8
2026-06-25T23:00:00Z,43243.7
2026-06-26T00:00:00Z,41643.2
2026-06-26T01:00:00Z,40944.5
2026-06-26T02:00:00Z,44769.1
2026-06-26T03:00:00Z,45547.1
2026-06-26T04:00:00Z,46503.5
2026-06-26T05:00:00Z,49010.2
2026-06-26T06:00:00Z,51849.2
2026-06-26T07:00:00Z,54623.2
2026-06-26T08:00:00Z,57799.3
2026-06-26T09:00:00Z,60330.8
2026-06-26T10:00:00Z,61514.3
2026-06-26T11:00:00Z,60754.6
2026-06-26T12:00:00Z,62127.0
2026-06-26T13:00:00Z,63615.5
2026-06-26T14:00:00Z,61517.7
2026-06-26T15:00:00Z,59579.8
2026-06-26T16:00:00Z,59961.8
2026-06-26T17:00:00Z,54162.4
2026-06-26T18:00:00Z,51153.1
2026-06-26T19:00:00Z,49655.1
2026-06-26T20:00:00Z,48632.6
2026-06-26T21:00:00Z,46435.4
2026-06-26T22:00:00Z,41693.5
2026-06-26T23:00:00Z,42372.8
2026-06-27T00:00:00Z,40198.0
2026-06-27T01:00:00Z,39601.9
2026-06-27T02:00:00Z,40796.8
2026-06-27T03:00:00Z,41705.4
2026-06-27T04:00:00Z,44328.1
2026-06-27T05:00:00Z,47277.5
2026-06-27T06:00:00Z,49004.6
2026-06-27T07:00:00Z,51687.5
2026-06-27T08:00:00Z,54619.7
2026-06-27T09:00:00Z,57686.1
2026-06-27T10:00:00Z,58328.9
2026-06-27T11:00:00Z,58785.9
2026-06-27T12:00:00Z,58969.8
2026-06-27T13:00:00Z,59041.9
2026-06-27T14:00:00Z,58574.7
2026-06-27T15:00:00Z,57427.2
2026-06-27T16:00:00Z,55205.7
2026-06-27T17:00:00Z,52761.6
2026-06-27T18:00:00Z,49884.7
2026-06-27T19:00:00Z,47866.0
2026-06-27T20:00:00Z,43183.6
2026-06-27T21:00:00Z,41804.3
2026-06-27T22:00:00Z,39663.9
2026-06-27T23:00:00Z,39918.9
2026-06-28T00:00:00Z,40629.4
2026-06-28T01:00:00Z,41089.4
2026-06-28T02:00:00Z,40778.1
2026-06-28T03:00:00Z,43072.2
2026-06-28T04:00:00Z,45720.2
2026-06-28T05:00:00Z,46569.9
2026-06-28T06:00:00Z,51540.4
2026-06-28T07:00:00Z,52235.6
2026-06-28T08:00:00Z,56295.3
2026-06-28T09:00:00Z,57670.0
2026-06-28T10:00:00Z,58687.6
2026-06-28T11:00:00Z,60342.3
2026-06-28T12:00:00Z,60580.3
2026-06-28T13:00:00Z,61151.7
2026-06-28T14:00:00Z,58859.2
2026-06-28T15:00:00Z,57196.0
2026-06-28T16:00:00Z,54588.8
2026-06-28T17:00:00Z,52865.3
2026-06-28T18:00:00Z,50686.5
2026-06-28T19:00:00Z,46857.3
2026-06-28T20:00:00Z,43881.4
2026-06-28T21:00:00Z,42467.0
2026-06-28T22:00:00Z,40500.1
2026-06-28T23:00:00Z,40010.5
2026-06-29T00:00:00Z,42329.8
2026-06-29T01:00:00Z,43411.6
2026-06-29T02:00:00Z,45169.3
2026-06-29T03:00:00Z,45173.7
2026-06-29T04:00:00Z,48951.7
2026-06-29T05:00:00Z,49764.8
2026-06-29T06:00:00Z,52961.0
2026-06-29T07:00:00Z,56461.4
2026-06-29T08:00:00Z,58995.8
2026-06-29T09:00:00Z,61404.1
2026-06-29T10:00:00Z,63345.1
2026-06-29T11:00:00Z,62046.6
2026-06-29T12:00:00Z,63363.0
2026-06-29T13:00:00Z,63504.3
2026-06-29T14:00:00Z,61292.5
2026-06-29T15:00:00Z,58808.2
2026-06-29T16:00:00Z,57742.4
2026-06-29T17:00:00Z,56670.6
2026-06-29T18:00:00Z,54787.6
2026-06-29T19:00:00Z,50008.8
2026-06-29T20:00:00Z,48762.4
2026-06-29T21:00:00Z,45917.0
2026-06-29T22:00:00Z,42888.2
2026-06-29T23:00:00Z,43485.6
2026-06-30T00:00:00Z,42763.0
2026-06-30T01:00:00Z,43332.5
2026-06-30T02:00:00Z,44539.2
2026-06-30T03:00:00Z,46812.5
2026-06-30T04:00:00Z,48479.4
2026-06-30T05:00:00Z,50555.4
2026-06-30T06:00:00Z,53892.6
2026-06-30T07:00:00Z,53986.7
2026-06-30T08:00:00Z,58521.5
2026-06-30T09:00:00Z,60780.1
2026-06-30T10:00:00Z,63016.5
2026-06-30T11:00:00Z,63239.9
2026-06-30T12:00:00Z,62235.8
2026-06-30T13:00:00Z,62129.1
2026-06-30T14:00:00Z,63238.4
2026-06-30T15:00:00Z,60966.4
2026-06-30T16:00:00Z,59146.2
2026-06-30T17:00:00Z,57104.6
2026-06-30T18:00:00Z,53494.3
2026-06-30T19:00:00Z,52386.3
2026-06-30T20:00:00Z,48037.4
2026-06-30T21:00:00Z,44433.5
2026-06-30T22:00:00Z,44826.7
2026-06-30T23:00:00Z,43833.2
2026-07-01T00:00:00Z,42656.2
2026-07-01T01:00:00Z,44000.2
2026-07-01T02:00:00Z,46303.9
2026-07-01T03:00:00Z,44489.6
2026-07-01T04:00:00Z,48164.7
2026-07-01T05:00:00Z,50242.8
2026-07-01T06:00:00Z,52157.0
2026-07-01T07:00:00Z,56673.4
2026-07-01T08:00:00Z,56814.1
2026-07-01T09:00:00Z,61485.7
2026-07-01T10:00:00Z,61297.2
2026-07-01T11:00:00Z,63322.6
2026-07-01T12:00:00Z,62472.6
2026-07-01T13:00:00Z,63605.7
2026-07-01T14:00:00Z,62603.0
2026-07-01T15:00:00Z,59213.8
2026-07-01T16:00:00Z,59620.4
2026-07-01T17:00:00Z,56842.0
2026-07-01T18:00:00Z,53673.0
2026-07-01T19:00:00Z,52389.2
2026-07-01T20:00:00Z,49130.8
2026-07-01T21:00:00Z,46312.3
2026-07-01T22:00:00Z,43921.7
2026-07-01T23:00:00Z,43915.8
2026-07-02T00:00:00Z,43750.7
2026-07-02T01:00:00Z,43898.4
2026-07-02T02:00:00Z,44661.6
2026-07-02T03:00:00Z,47384.8
2026-07-02T04:00:00Z,48153.9
2026-07-02T05:00:00Z,52098.2
2026-07-02T06:00:00Z,52773.0
2026-07-02T07:00:00Z,55699.2
2026-07-02T08:00:00Z,60346.5
2026-07-02T09:00:00Z,61492.3
2026-07-02T10:00:00Z,63290.9
2026-07-02T11:00:00Z,64946.4
2026-07-02T12:00:00Z,65508.6
2026-07-02T13:00:00Z,64220.6
2026-07-02T14:00:00Z,64689.4
2026-07-02T15:00:00Z,60135.4
2026-07-02T16:00:00Z,59251.3
2026-07-02T17:00:00Z,55862.6
2026-07-02T18:00:00Z,54185.1
2026-07-02T19:00:00Z,50804.1
2026-07-02T20:00:00Z,48148.0
2026-07-02T21:00:00Z,46440.2
2026-07-02T22:00:00Z,44934.6
2026-07-02T23:00:00Z,44040.9
2026-07-03T00:00:00Z,43365.8
2026-07-03T01:00:00Z,45957.6
2026-07-03T02:00:00Z,46366.4
2026-07-03T03:00:00Z,46633.6
2026-07-03T04:00:00Z,48508.3
2026-07-03T05:00:00Z,52695.4
2026-07-03T06:00:00Z,54082.5
2026-07-03T07:00:00Z,56245.0
2026-07-03T08:00:00Z,60346.1
2026-07-03T09:00:00Z,62533.1
2026-07-03T10:00:00Z,62689.0
2026-07-03T11:00:00Z,63865.2
2026-07-03T12:00:00Z,63605.3
2026-07-03T13:00:00Z,64280.9
2026-07-03T14:00:00Z,61402.6
2026-07-03T15:00:00Z,61146.2
2026-07-03T16:00:00Z,59894.0
2026-07-03T17:00:00Z,56329.5
2026-07-03T18:00:00Z,53179.5
2026-07-03T19:00:00Z,51619.9
2026-07-03T20:00:00Z,48659.7
2026-07-03T21:00:00Z,46426.1
2026-07-03T22:00:00Z,45452.3
2026-07-03T23:00:00Z,45063.0
2026-07-04T00:00:00Z,41676.9
2026-07-04T01:00:00Z,40661.7
2026-07-04T02:00:00Z,42554.4
2026-07-04T03:00:00Z,45101.1
2026-07-04T04:00:00Z,46904.8
2026-07-04T05:00:00Z,48388.2
2026-07-04T06:00:00Z,52864.4
2026-07-04T07:00:00Z,53419.0
2026-07-04T08:00:00Z,57430.0
2026-07-04T09:00:00Z,60078.2
2026-07-04T10:00:00Z,58969.9
2026-07-04T11:00:00Z,60811.3
2026-07-04T12:00:00Z,62243.1
2026-07-04T13:00:00Z,61140.7
2026-07-04T14:00:00Z,59256.7
2026-07-04T15:00:00Z,59641.8
2026-07-04T16:00:00Z,56843.0
2026-07-04T17:00:00Z,54425.1
2026-07-04T18:00:00Z,53066.5
2026-07-04T19:00:00Z,48794.7
2026-07-04T20:00:00Z,46483.5
2026-07-04T21:00:00Z,43767.5
2026-07-04T22:00:00Z,41442.3
2026-07-04T23:00:00Z,42233.0
2026-07-05T00:00:00Z,42678.8
2026-07-05T01:00:00Z,41962.5
2026-07-05T02:00:00Z,42694.7
2026-07-05T03:00:00Z,45277.1
2026-07-05T04:00:00Z,47270.6
2026-07-05T05:00:00Z,48289.0
2026-07-05T06:00:00Z,52064.3
2026-07-05T07:00:00Z,55108.3
2026-07-05T08:00:00Z,56935.9
2026-07-05T09:00:00Z,60015.6
2026-07-05T10:00:00Z,60547.0
2026-07-05T11:00:00Z,61505.8
2026-07-05T12:00:00Z,63018.7
2026-07-05T13:00:00Z,61935.3
2026-07-05T14:00:00Z,59756.0
2026-07-05T15:00:00Z,59278.7
2026-07-05T16:00:00Z,56146.3
2026-07-05T17:00:00Z,53769.1
2026-07-05T18:00:00Z,52221.0
2026-07-05T19:00:00Z,49604.4
2026-07-05T20:00:00Z,46691.3
2026-07-05T21:00:00Z,44389.4
2026-07-05T22:00:00Z,41648.2
2026-07-05T23:00:00Z,41478.2
2026-07-06T00:00:00Z,44308.5
2026-07-06T01:00:00Z,44221.4
2026-07-06T02:00:00Z,45345.6
2026-07-06T03:00:00Z,46557.8
2026-07-06T04:00:00Z,49181.1
2026-07-06T05:00:00Z,52651.5
2026-07-06T06:00:00Z,54145.6
2026-07-06T07:00:00Z,57780.6
2026-07-06T08:00:00Z,60301.1
2026-07-06T09:00:00Z,61438.7
2026-07-06T10:00:00Z,64045.1
2026-07-06T11:00:00Z,63685.3
2026-07-06T12:00:00Z,65806.6
2026-07-06T13:00:00Z,63712.7
2026-07-06T14:00:00Z,63059.7
2026-07-06T15:00:00Z,62785.4
2026-07-06T16:00:00Z,60318.5
2026-07-06T17:00:00Z,57166.7
2026-07-06T18:00:00Z,55536.9
2026-07-06T19:00:00Z,51827.8
2026-07-06T20:00:00Z,47570.2
2026-07-06T21:00:00Z,47666.6
2026-07-06T22:00:00Z,44982.4
2026-07-06T23:00:00Z,45370.4
2026-07-07T00:00:00Z,43867.5
2026-07-07T01:00:00Z,45429.6
2026-07-07T02:00:00Z,46599.3
2026-07-07T03:00:00Z,47580.2
2026-07-07T04:00:00Z,49341.0
2026-07-07T05:00:00Z,52966.6
2026-07-07T06:00:00Z,54905.5
2026-07-07T07:00:00Z,57230.3
2026-07-07T08:00:00Z,59294.7
2026-07-07T09:00:00Z,64887.5
2026-07-07T10:00:00Z,63355.8
2026-07-07T11:00:00Z,65621.2
2026-07-07T12:00:00Z,63739.9
2026-07-07T13:00:00Z,65248.2
2026-07-07T14:00:00Z,64133.5
2026-07-07T15:00:00Z,61734.3
2026-07-07T16:00:00Z,60353.8
2026-07-07T17:00:00Z,56828.8
2026-07-07T18:00:00Z,54885.6
2026-07-07T19:00:00Z,52680.5
2026-07-07T20:00:00Z,47702.0
2026-07-07T21:00:00Z,47041.0
2026-07-07T22:00:00Z,47175.0
2026-07-07T23:00:00Z,45284.8
2026-07-08T00:00:00Z,44878.6
2026-07-08T01:00:00Z,45345.1
2026-07-08T02:00:00Z,46812.6
2026-07-08T03:00:00Z,47822.7
2026-07-08T04:00:00Z,50615.6
2026-07-08T05:00:00Z,52748.6
2026-07-08T06:00:00Z,56129.1
2026-07-08T07:00:00Z,58552.2
2026-07-08T08:00:00Z,60504.6
2026-07-08T09:00:00Z,63472.5
2026-07-08T10:00:00Z,64362.2
2026-07-08T11:00:00Z,65177.1
2026-07-08T12:00:00Z,64064.0
2026-07-08T13:00:00Z,65114.5
2026-07-08T14:00:00Z,64840.5
2026-07-08T15:00:00Z,61217.3
2026-07-08T16:00:00Z,59278.2
2026-07-08T17:00:00Z,56243.8
2026-07-08T18:00:00Z,54330.3
2026-07-08T19:00:00Z,52105.1
2026-07-08T20:00:00Z,48949.6
2026-07-08T21:00:00Z,48238.8
2026-07-08T22:00:00Z,46177.2
2026-07-08T23:00:00Z,44989.5
2026-07-09T00:00:00Z,44755.2
2026-07-09T01:00:00Z,46849.6
2026-07-09T02:00:00Z,45199.7
2026-07-09T03:00:00Z,48974.5
2026-07-09T04:00:00Z,50482.3
2026-07-09T05:00:00Z,51455.5
2026-07-09T06:00:00Z,56535.5
2026-07-09T07:00:00Z,56808.5
2026-07-09T08:00:00Z,59964.8
2026-07-09T09:00:00Z,62373.6
2026-07-09T10:00:00Z,64631.0
2026-07-09T11:00:00Z,65418.7
2026-07-09T12:00:00Z,65828.6
2026-07-09T13:00:00Z,64964.7
2026-07-09T14:00:00Z,65119.8
2026-07-09T15:00:00Z,62909.3
2026-07-09T16:00:00Z,60455.7
2026-07-09T17:00:00Z,58384.7
2026-07-09T18:00:00Z,54368.7
2026-07-09T19:00:00Z,53150.9
2026-07-09T20:00:00Z,50726.8
2026-07-09T21:00:00Z,46291.4
2026-07-09T22:00:00Z,45995.9
2026-07-09T23:00:00Z,44727.5
2026-07-10T00:00:00Z,45835.7
2026-07-10T01:00:00Z,45294.0
2026-07-10T02:00:00Z,46631.0
2026-07-10T03:00:00Z,47549.2
2026-07-10T04:00:00Z,50044.9
2026-07-10T05:00:00Z,53370.9
2026-07-10T06:00:00Z,55452.6
2026-07-10T07:00:00Z,58185.8
2026-07-10T08:00:00Z,62029.4
2026-07-10T09:00:00Z,64022.0
2026-07-10T10:00:00Z,63974.9
2026-07-10T11:00:00Z,65179.2
2026-07-10T12:00:00Z,66427.2
2026-07-10T13:00:00Z,64446.3
2026-07-10T14:00:00Z,64494.3
2026-07-10T15:00:00Z,62275.8
2026-07-10T16:00:00Z,59917.8
2026-07-10T17:00:00Z,59591.4
2026-07-10T18:00:00Z,55420.0
2026-07-10T19:00:00Z,51585.2
2026-07-10T20:00:00Z,51811.0
2026-07-10T21:00:00Z,48484.5
2026-07-10T22:00:00Z,46946.0
2026-07-10T23:00:00Z,46361.4
2026-07-11T00:00:00Z,42334.2
2026-07-11T01:00:00Z,44840.7
2026-07-11T02:00:00Z,44890.2
2026-07-11T03:00:00Z,46067.5
2026-07-11T04:00:00Z,49327.0
2026-07-11T05:00:00Z,49844.8
2026-07-11T06:00:00Z,52850.8
2026-07-11T07:00:00Z,55637.2
2026-07-11T08:00:00Z,59167.6
2026-07-11T09:00:00Z,60604.5
2026-07-11T10:00:00Z,62037.5
2026-07-11T11:00:00Z,62366.7
2026-07-11T12:00:00Z,61355.2
2026-07-11T13:00:00Z,62485.0
2026-07-11T14:00:00Z,62182.7
2026-07-11T15:00:00Z,62306.8
2026-07-11T16:00:00Z,56839.6
2026-07-11T17:00:00Z,55337.0
2026-07-11T18:00:00Z,52139.1
2026-07-11T19:00:00Z,51702.5
2026-07-11T20:00:00Z,47158.8
2026-07-11T21:00:00Z,43009.7
2026-07-11T22:00:00Z,43625.1
2026-07-11T23:00:00Z,43426.2
2026-07-12T00:00:00Z,42249.9
2026-07-12T01:00:00Z,43190.2
2026-07-12T02:00:00Z,45411.9
2026-07-12T03:00:00Z,45453.3
2026-07-12T04:00:00Z,47765.6
2026-07-12T05:00:00Z,49613.6
2026-07-12T06:00:00Z,52049.7
2026-07-12T07:00:00Z,56041.6
2026-07-12T08:00:00Z,57902.4
2026-07-12T09:00:00Z,60309.5
2026-07-12T10:00:00Z,62440.9
2026-07-12T11:00:00Z,62062.4
2026-07-12T12:00:00Z,64717.9
2026-07-12T13:00:00Z,63940.9
2026-07-12T14:00:00Z,61851.1
2026-07-12T15:00:00Z,59658.6
2026-07-12T16:00:00Z,58868.5
2026-07-12T17:00:00Z,55919.2
2026-07-12T18:00:00Z,51680.7
2026-07-12T19:00:00Z,48508.6
2026-07-12T20:00:00Z,47969.7
2026-07-12T21:00:00Z,46321.9
2026-07-12T22:00:00Z,45173.5
2026-07-12T23:00:00Z,43921.1
2026-07-13T00:00:00Z,45952.1
2026-07-13T01:00:00Z,46537.8
2026-07-13T02:00:00Z,46380.8
2026-07-13T03:00:00Z,49994.3
2026-07-13T04:00:00Z,50634.7
2026-07-13T05:00:00Z,51252.9
2026-07-13T06:00:00Z,55374.4
2026-07-13T07:00:00Z,58462.6
2026-07-13T08:00:00Z,62004.1
2026-07-13T09:00:00Z,62830.8
2026-07-13T10:00:00Z,65806.5
2026-07-13T11:00:00Z,67424.3
2026-07-13T12:00:00Z,66618.6
2026-07-13T13:00:00Z,66226.7
2026-07-13T14:00:00Z,64423.1
2026-07-13T15:00:00Z,63817.9
2026-07-13T16:00:00Z,60558.9
2026-07-13T17:00:00Z,59160.7
2026-07-13T18:00:00Z,56943.3
2026-07-13T19:00:00Z,52585.6
2026-07-13T20:00:00Z,49903.8
2026-07-13T21:00:00Z,47727.1
2026-07-13T22:00:00Z,46179.3
2026-07-13T23:00:00Z,45004.1
2026-07-14T00:00:00Z,44921.6
2026-07-14T01:00:00Z,46055.1
2026-07-14T02:00:00Z,46335.6
2026-07-14T03:00:00Z,49755.1
2026-07-14T04:00:00Z,50059.8
2026-07-14T05:00:00Z,55091.0
2026-07-14T06:00:00Z,56096.3
2026-07-14T07:00:00Z,59126.9
2026-07-14T08:00:00Z,61214.7
2026-07-14T09:00:00Z,63119.2
2026-07-14T10:00:00Z,64742.0
2026-07-14T11:00:00Z,65868.0
2026-07-14T12:00:00Z,65553.6
2026-07-14T13:00:00Z,66412.3
2026-07-14T14:00:00Z,64571.5
2026-07-14T15:00:00Z,63290.4
2026-07-14T16:00:00Z,61866.5
2026-07-14T17:00:00Z,59485.5
2026-07-14T18:00:00Z,55670.6
2026-07-14T19:00:00Z,53863.2
2026-07-14T20:00:00Z,50789.0
2026-07-14T21:00:00Z,50917.4
2026-07-14T22:00:00Z,48266.6
2026-07-14T23:00:00Z,47477.2
2026-07-15T00:00:00Z,47391.0
2026-07-15T01:00:00Z,46112.1
2026-07-15T02:00:00Z,46826.4
2026-07-15T03:00:00Z,48679.2
2026-07-15T04:00:00Z,50746.0
2026-07-15T05:00:00Z,53865.4
2026-07-15T06:00:00Z,56427.7
2026-07-15T07:00:00Z,59592.1
2026-07-15T08:00:00Z,60784.1
2026-07-15T09:00:00Z,64160.5
2026-07-15T10:00:00Z,67289.1
2026-07-15T11:00:00Z,67718.9
2026-07-15T12:00:00Z,66478.9
2026-07-15T13:00:00Z,66841.8
2026-07-15T14:00:00Z,64380.7
2026-07-15T15:00:00Z,64690.0
2026-07-15T16:00:00Z,60708.3
2026-07-15T17:00:00Z,58297.6
2026-07-15T18:00:00Z,55537.9
2026-07-15T19:00:00Z,54206.5
2026-07-15T20:00:00Z,49690.3
2026-07-15T21:00:00Z,49751.5
2026-07-15T22:00:00Z,47421.3
2026-07-15T23:00:00Z,47197.8
2026-07-16T00:00:00Z,45496.7
2026-07-16T01:00:00Z,45658.4
2026-07-16T02:00:00Z,46816.9
2026-07-16T03:00:00Z,48790.5
2026-07-16T04:00:00Z,50321.9
2026-07-16T05:00:00Z,54438.6
2026-07-16T06:00:00Z,57215.6
2026-07-16T07:00:00Z,60081.2
2026-07-16T08:00:00Z,63351.0
2026-07-16T09:00:00Z,63910.3
2026-07-16T10:00:00Z,65909.5
2026-07-16T11:00:00Z,67004.0
2026-07-16T12:00:00Z,66841.8
2026-07-16T13:00:00Z,66891.7
2026-07-16T14:00:00Z,64107.7
2026-07-16T15:00:00Z,63121.8
2026-07-16T16:00:00Z,61088.2
2026-07-16T17:00:00Z,59690.2
2026-07-16T18:00:00Z,56574.0
2026-07-16T19:00:00Z,55224.0
2026-07-16T20:00:00Z,50564.2
2026-07-16T21:00:00Z,48154.7
2026-07-16T22:00:00Z,48348.0
2026-07-16T23:00:00Z,45630.4
2026-07-17T00:00:00Z,45961.6
2026-07-17T01:00:00Z,46650.9
2026-07-17T02:00:00Z,49172.7
2026-07-17T03:00:00Z,49908.6
2026-07-17T04:00:00Z,53987.3
2026-07-17T05:00:00Z,53319.0
2026-07-17T06:00:00Z,57938.7
2026-07-17T07:00:00Z,60512.4
2026-07-17T08:00:00Z,61770.3
2026-07-17T09:00:00Z,64534.7
2026-07-17T10:00:00Z,66650.0
2026-07-17T11:00:00Z,67468.5
2026-07-17T12:00:00Z,68017.8
2026-07-17T13:00:00Z,66577.2
2026-07-17T14:00:00Z,64418.3
2026-07-17T15:00:00Z,63911.5
2026-07-17T16:00:00Z,63222.5
2026-07-17T17:00:00Z,59713.2
2026-07-17T18:00:00Z,56483.8
2026-07-17T19:00:00Z,53535.0
2026-07-17T20:00:00Z,52576.5
2026-07-17T21:00:00Z,51412.2
2026-07-17T22:00:00Z,48492.3
2026-07-17T23:00:00Z,47964.4
2026-07-18T00:00:00Z,44405.9
2026-07-18T01:00:00Z,42568.1
2026-07-18T02:00:00Z,46588.9
2026-07-18T03:00:00Z,46901.6
2026-07-18T04:00:00Z,48869.7
2026-07-18T05:00:00Z,51094.9
2026-07-18T06:00:00Z,54047.5
2026-07-18T07:00:00Z,58078.1
2026-07-18T08:00:00Z,61366.3
2026-07-18T09:00:00Z,61200.8
2026-07-18T10:00:00Z,63572.2
2026-07-18T11:00:00Z,64797.3
2026-07-18T12:00:00Z,65116.3
2026-07-18T13:00:00Z,63821.9
2026-07-18T14:00:00Z,62569.9
2026-07-18T15:00:00Z,62215.6
2026-07-18T16:00:00Z,59678.5
2026-07-18T17:00:00Z,56764.0
2026-07-18T18:00:00Z,54593.1
2026-07-18T19:00:00Z,51050.7
2026-07-18T20:00:00Z,49208.4
2026-07-18T21:00:00Z,46667.2
2026-07-18T22:00:00Z,46589.4
2026-07-18T23:00:00Z,46172.0
2026-07-19T00:00:00Z,44398.3
2026-07-19T01:00:00Z,44414.7
2026-07-19T02:00:00Z,45080.5
2026-07-19T03:00:00Z,47296.8
2026-07-19T04:00:00Z,48949.4
2026-07-19T05:00:00Z,51577.2
2026-07-19T06:00:00Z,54333.2
2026-07-19T07:00:00Z,58775.6
2026-07-19T08:00:00Z,59090.4
2026-07-19T09:00:00Z,62692.2
2026-07-19T10:00:00Z,61821.4
2026-07-19T11:00:00Z,64593.8
2026-07-19T12:00:00Z,64522.8
2026-07-19T13:00:00Z,63870.9
2026-07-19T14:00:00Z,62194.9
2026-07-19T15:00:00Z,62881.5
2026-07-19T16:00:00Z,60098.1
2026-07-19T17:00:00Z,56985.2
2026-07-19T18:00:00Z,55517.0
2026-07-19T19:00:00Z,51165.8
2026-07-19T20:00:00Z,50514.3
2026-07-19T21:00:00Z,46530.6
2026-07-19T22:00:00Z,45618.4
2026-07-19T23:00:00Z,44657.1
2026-07-20T00:00:00Z,48380.3
2026-07-20T01:00:00Z,46870.4
2026-07-20T02:00:00Z,48164.1
2026-07-20T03:00:00Z,49923.5
2026-07-20T04:00:00Z,52486.6
2026-07-20T05:00:00Z,53873.2
2026-07-20T06:00:00Z,57754.6
2026-07-20T07:00:00Z,59416.2
2026-07-20T08:00:00Z,61804.9
2026-07-20T09:00:00Z,64879.7
2026-07-20T10:00:00Z,66831.8
2026-07-20T11:00:00Z,67472.4
2026-07-20T12:00:00Z,68792.3
2026-07-20T13:00:00Z,67424.0
2026-07-20T14:00:00Z,66652.5
2026-07-20T15:00:00Z,64382.1
2026-07-20T16:00:00Z,62331.6
2026-07-20T17:00:00Z,60100.2
2026-07-20T18:00:00Z,56391.1
2026-07-20T19:00:00Z,55747.7
2026-07-20T20:00:00Z,52546.7
2026-07-20T21:00:00Z,49543.0
2026-07-20T22:00:00Z,48826.4
2026-07-20T23:00:00Z,47029.1
2026-07-21T00:00:00Z,47146.0
2026-07-21T01:00:00Z,48184.1
2026-07-21T02:00:00Z,49552.0
2026-07-21T03:00:00Z,50934.9
2026-07-21T04:00:00Z,52911.6
2026-07-21T05:00:00Z,55958.3
2026-07-21T06:00:00Z,58227.7
2026-07-21T07:00:00Z,60210.6
2026-07-21T08:00:00Z,61192.3
2026-07-21T09:00:00Z,64880.0
2026-07-21T10:00:00Z,66239.0
2026-07-21T11:00:00Z,69873.3
2026-07-21T12:00:00Z,67604.2
2026-07-21T13:00:00Z,70039.3
2026-07-21T14:00:00Z,66436.9
2026-07-21T15:00:00Z,64194.9
2026-07-21T16:00:00Z,62099.3
2026-07-21T17:00:00Z,60279.6
2026-07-21T18:00:00Z,58738.6
2026-07-21T19:00:00Z,53469.3
2026-07-21T20:00:00Z,53174.9
2026-07-21T21:00:00Z,50849.8
2026-07-21T22:00:00Z,48592.4
2026-07-21T23:00:00Z,47660.0
2026-07-22T00:00:00Z,47333.5
2026-07-22T01:00:00Z,48021.2
2026-07-22T02:00:00Z,47743.9
2026-07-22T03:00:00Z,50994.7
2026-07-22T04:00:00Z,51615.1
2026-07-22T05:00:00Z,55491.7
2026-07-22T06:00:00Z,57733.4
2026-07-22T07:00:00Z,61083.9
2026-07-22T08:00:00Z,62376.9
2026-07-22T09:00:00Z,65712.1
2026-07-22T10:00:00Z,66350.8
2026-07-22T11:00:00Z,68477.5
2026-07-22T12:00:00Z,69495.5
2026-07-22T13:00:00Z,68472.6
2026-07-22T14:00:00Z,67047.6
2026-07-22T15:00:00Z,64053.5
2026-07-22T16:00:00Z,63152.5
2026-07-22T17:00:00Z,60668.1
2026-07-22T18:00:00Z,57750.6
2026-07-22T19:00:00Z,56196.1
2026-07-22T20:00:00Z,53872.3
2026-07-22T21:00:00Z,52593.0
2026-07-22T22:00:00Z,50347.7
2026-07-22T23:00:00Z,46710.3
2026-07-23T00:00:00Z,49185.3
2026-07-23T01:00:00Z,47872.1
2026-07-23T02:00:00Z,50437.7
2026-07-23T03:00:00Z,50046.9
2026-07-23T04:00:00Z,55044.0
2026-07-23T05:00:00Z,55855.1
2026-07-23T06:00:00Z,58738.8
2026-07-23T07:00:00Z,60654.5
2026-07-23T08:00:00Z,63229.0
2026-07-23T09:00:00Z,64948.0
2026-07-23T10:00:00Z,66885.5
2026-07-23T11:00:00Z,68827.4
2026-07-23T12:00:00Z,69038.2
2026-07-23T13:00:00Z,68110.5
2026-07-23T14:00:00Z,67093.4
2026-07-23T15:00:00Z,66201.3
2026-07-23T16:00:00Z,64097.6
2026-07-23T17:00:00Z,61121.6
2026-07-23T18:00:00Z,58455.5
2026-07-23T19:00:00Z,54763.3
2026-07-23T20:00:00Z,53222.4
2026-07-23T21:00:00Z,52504.4
2026-07-23T22:00:00Z,49872.6
2026-07-23T23:00:00Z,49445.7
2026-07-24T00:00:00Z,49223.5
2026-07-24T01:00:00Z,47772.1
2026-07-24T02:00:00Z,48788.7
2026-07-24T03:00:00Z,50293.3
2026-07-24T04:00:00Z,54753.8
2026-07-24T05:00:00Z,55100.4
2026-07-24T06:00:00Z,57994.1
2026-07-24T07:00:00Z,61449.6
2026-07-24T08:00:00Z,63598.4
2026-07-24T09:00:00Z,65559.4
2026-07-24T10:00:00Z,67251.4
2026-07-24T11:00:00Z,66914.8
2026-07-24T12:00:00Z,69109.8
2026-07-24T13:00:00Z,70176.6
2026-07-24T14:00:00Z,68428.4
2026-07-24T15:00:00Z,66231.6
2026-07-24T16:00:00Z,64653.9
2026-07-24T17:00:00Z,61612.0
2026-07-24T18:00:00Z,58082.8
2026-07-24T19:00:00Z,56935.5
2026-07-24T20:00:00Z,52777.1
2026-07-24T21:00:00Z,51798.7
2026-07-24T22:00:00Z,51013.1
2026-07-24T23:00:00Z,48192.6
2026-07-25T00:00:00Z,45865.1
2026-07-25T01:00:00Z,46261.2
2026-07-25T02:00:00Z,45975.0
2026-07-25T03:00:00Z,46686.5
2026-07-25T04:00:00Z,51186.3
2026-07-25T05:00:00Z,52876.1
2026-07-25T06:00:00Z,56979.4
2026-07-25T07:00:00Z,57756.5
2026-07-25T08:00:00Z,61727.2
2026-07-25T09:00:00Z,61856.2
2026-07-25T10:00:00Z,65614.4
2026-07-25T11:00:00Z,64889.5
2026-07-25T12:00:00Z,65067.1
2026-07-25T13:00:00Z,66620.4
2026-07-25T14:00:00Z,66098.6
2026-07-25T15:00:00Z,62170.3
2026-07-25T16:00:00Z,60701.2
2026-07-25T17:00:00Z,59524.4
2026-07-25T18:00:00Z,56320.7
2026-07-25T19:00:00Z,53795.7
2026-07-25T20:00:00Z,50768.2
2026-07-25T21:00:00Z,48818.2
2026-07-25T22:00:00Z,47035.2
2026-07-25T23:00:00Z,47339.9
2026-07-26T00:00:00Z,46629.3
2026-07-26T01:00:00Z,48022.7
2026-07-26T02:00:00Z,47598.3
2026-07-26T03:00:00Z,48190.5
2026-07-26T04:00:00Z,51270.4
2026-07-26T05:00:00Z,52978.8
2026-07-26T06:00:00Z,56351.0
2026-07-26T07:00:00Z,59074.4
2026-07-26T08:00:00Z,59904.5
2026-07-26T09:00:00Z,63485.8
2026-07-26T10:00:00Z,64350.0
2026-07-26T11:00:00Z,65885.0
2026-07-26T12:00:00Z,65292.5
2026-07-26T13:00:00Z,65967.0
2026-07-26T14:00:00Z,65116.8
2026-07-26T15:00:00Z,62529.6
2026-07-26T16:00:00Z,61042.3
2026-07-26T17:00:00Z,58715.8
2026-07-26T18:00:00Z,56853.9
2026-07-26T19:00:00Z,51926.2
2026-07-26T20:00:00Z,50496.9
2026-07-26T21:00:00Z,47433.1
2026-07-26T22:00:00Z,47670.7
2026-07-26T23:00:00Z,46247.3
2026-07-27T00:00:00Z,48290.9
2026-07-27T01:00:00Z,48765.6
2026-07-27T02:00:00Z,50497.4
2026-07-27T03:00:00Z,53496.4
2026-07-27T04:00:00Z,53482.8
2026-07-27T05:00:00Z,55805.1
2026-07-27T06:00:00Z,59959.1
2026-07-27T07:00:00Z,61748.9
2026-07-27T08:00:00Z,64044.9
2026-07-27T09:00:00Z,65905.3
2026-07-27T10:00:00Z,67846.0
2026-07-27T11:00:00Z,68686.9
2026-07-27T12:00:00Z,69376.1
2026-07-27T13:00:00Z,70161.3
2026-07-27T14:00:00Z,67263.2
2026-07-27T15:00:00Z,66738.4
2026-07-27T16:00:00Z,62541.4
2026-07-27T17:00:00Z,63234.8
2026-07-27T18:00:00Z,58134.8
2026-07-27T19:00:00Z,57568.4
2026-07-27T20:00:00Z,53269.2
2026-07-27T21:00:00Z,50741.8
2026-07-27T22:00:00Z,51471.8
2026-07-27T23:00:00Z,49936.4
2026-07-28T00:00:00Z,49667.8
2026-07-28T01:00:00Z,48194.6
2026-07-28T02:00:00Z,50288.5
2026-07-28T03:00:00Z,51349.6
2026-07-28T04:00:00Z,53107.7
2026-07-28T05:00:00Z,56480.2
2026-07-28T06:00:00Z,58805.3
2026-07-28T07:00:00Z,60763.9
2026-07-28T08:00:00Z,65738.3
2026-07-28T09:00:00Z,67080.4
2026-07-28T10:00:00Z,68316.8
2026-07-28T11:00:00Z,68743.4
2026-07-28T12:00:00Z,70658.4
