timestamp,demand_mwh
2025-06-23T13:00:00Z,36467.9
2025-06-23T14:00:00Z,36393.9
2025-06-23T15:00:00Z,35272.2
2025-06-23T16:00:00Z,34002.8
2025-06-23T17:00:00Z,32988.8
2025-06-23T18:00:00Z,29981.2
2025-06-23T19:00:00Z,28699.4
2025-06-23T20:00:00Z,26879.7
2025-06-23T21:00:00Z,26234.4
2025-06-23T22:00:00Z,25828.4
2025-06-23T23:00:00Z,24702.7
2025-06-24T00:00:00Z,24873.9
2025-06-24T01:00:00Z,23860.6
2025-06-24T02:00:00Z,25512.3
2025-06-24T03:00:00Z,25945.0
2025-06-24T04:00:00Z,28565.9
2025-06-24T05:00:00Z,29583.1
2025-06-24T06:00:00Z,31190.0
2025-06-24T07:00:00Z,32254.4
2025-06-24T08:00:00Z,34062.4
2025-06-24T09:00:00Z,35345.7
2025-06-24T10:00:00Z,35804.6
2025-06-24T11:00:00Z,36335.0
2025-06-24T12:00:00Z,36736.4
2025-06-24T13:00:00Z,36280.2
2025-06-24T14:00:00Z,35677.8
2025-06-24T15:00:00Z,34868.3
2025-06-24T16:00:00Z,33382.1
2025-06-24T17:00:00Z,32672.4
2025-06-24T18:00:00Z,29899.0
2025-06-24T19:00:00Z,29551.0
2025-06-24T20:00:00Z,27348.2
2025-06-24T21:00:00Z,26128.1
2025-06-24T22:00:00Z,24752.6
2025-06-24T23:00:00Z,24756.6
2025-06-25T00:00:00Z,24613.6
2025-06-25T01:00:00Z,25043.7
2025-06-25T02:00:00Z,25283.9
2025-06-25T03:00:00Z,26569.3
2025-06-25T04:00:00Z,28705.2
2025-06-25T05:00:00Z,29457.6
2025-06-25T06:00:00Z,30534.4
2025-06-25T07:00:00Z,32883.9
2025-06-25T08:00:00Z,33803.1
2025-06-25T09:00:00Z,35430.1
2025-06-25T10:00:00Z,36406.8
2025-06-25T11:00:00Z,36505.7
2025-06-25T12:00:00Z,35932.5
2025-06-25T13:00:00Z,36527.8
2025-06-25T14:00:00Z,36375.8
2025-06-25T15:00:00Z,34936.1
2025-06-25T16:00:00Z,34091.0
2025-06-25T17:00:00Z,32897.3
2025-06-25T18:00:00Z,30549.4
2025-06-25T19:00:00Z,29874.6
2025-06-25T20:00:00Z,28604.8
2025-06-25T21:00:00Z,27069.0
2025-06-25T22:00:00Z,26145.7
2025-06-25T23:00:00Z,25502.8
2025-06-26T00:00:00Z,26000.4
2025-06-26T01:00:00Z,25158.6
2025-06-26T02:00:00Z,25673.4
2025-06-26T03:00:00Z,26945.4
2025-06-26T04:00:00Z,27439.4
2025-06-26T05:00:00Z,28580.1
2025-06-26T06:00:00Z,30495.7
2025-06-26T07:00:00Z,32707.2
2025-06-26T08:00:00Z,34226.0
2025-06-26T09:00:00Z,34467.4
2025-06-26T10:00:00Z,35258.5
2025-06-26T11:00:00Z,36661.4
2025-06-26T12:00:00Z,36933.8
2025-06-26T13:00:00Z,36796.8
2025-06-26T14:00:00Z,36554.3
2025-06-26T15:00:00Z,35869.8
2025-06-26T16:00:00Z,34103.2
2025-06-26T17:00:00Z,32829.0
2025-06-26T18:00:00Z,30387.6
2025-06-26T19:00:00Z,28771.2
2025-06-26T20:00:00Z,28019.8
2025-06-26T21:00:00Z,26976.6
2025-06-26T22:00:00Z,26040.6
2025-06-26T23:00:00Z,25364.9
2025-06-27T00:00:00Z,25373.2
2025-06-27T01:00:00Z,25593.6
2025-06-27T02:00:00Z,24902.2
2025-06-27T03:00:00Z,26385.7
2025-06-27T04:00:00Z,28249.4
2025-06-27T05:00:00Z,29789.0
2025-06-27T06:00:00Z,30294.7
2025-06-27T07:00:00Z,33231.8
2025-06-27T08:00:00Z,33882.1
2025-06-27T09:00:00Z,35247.3
2025-06-27T10:00:00Z,36471.2
2025-06-27T11:00:00Z,37320.5
2025-06-27T12:00:00Z,36420.9
2025-06-27T13:00:00Z,37442.4
2025-06-27T14:00:00Z,36371.5
2025-06-27T15:00:00Z,34974.2
2025-06-27T16:00:00Z,33965.1
2025-06-27T17:00:00Z,31528.2
2025-06-27T18:00:00Z,30733.1
2025-06-27T19:00:00Z,29578.7
2025-06-27T20:00:00Z,27658.9
2025-06-27T21:00:00Z,26591.7
2025-06-27T22:00:00Z,25716.4
2025-06-27T23:00:00Z,25207.4
2025-06-28T00:00:00Z,23921.9
2025-06-28T01:00:00Z,23599.0
2025-06-28T02:00:00Z,24087.8
2025-06-28T03:00:00Z,25460.0
2025-06-28T04:00:00Z,27500.5
2025-06-28T05:00:00Z,27741.3
2025-06-28T06:00:00Z,29750.5
2025-06-28T07:00:00Z,30265.6
2025-06-28T08:00:00Z,33215.9
2025-06-28T09:00:00Z,34128.4
2025-06-28T10:00:00Z,35437.1
2025-06-28T11:00:00Z,35339.2
2025-06-28T12:00:00Z,35047.6
2025-06-28T13:00:00Z,35818.5
2025-06-28T14:00:00Z,35143.3
2025-06-28T15:00:00Z,33354.2
2025-06-28T16:00:00Z,31786.4
2025-06-28T17:00:00Z,31293.4
2025-06-28T18:00:00Z,29403.5
2025-06-28T19:00:00Z,29240.0
2025-06-28T20:00:00Z,26135.8
2025-06-28T21:00:00Z,24918.8
2025-06-28T22:00:00Z,24163.5
2025-06-28T23:00:00Z,22767.2
2025-06-29T00:00:00Z,23073.5
2025-06-29T01:00:00Z,24565.8
2025-06-29T02:00:00Z,24273.2
2025-06-29T03:00:00Z,24998.4
2025-06-29T04:00:00Z,25922.4
2025-06-29T05:00:00Z,28329.7
2025-06-29T06:00:00Z,29944.4
2025-06-29T07:00:00Z,31315.8
2025-06-29T08:00:00Z,32456.2
2025-06-29T09:00:00Z,34069.0
2025-06-29T10:00:00Z,35074.8
2025-06-29T11:00:00Z,35144.0
2025-06-29T12:00:00Z,36012.3
2025-06-29T13:00:00Z,34416.4
2025-06-29T14:00:00Z,34227.5
2025-06-29T15:00:00Z,33759.9
2025-06-29T16:00:00Z,32598.6
2025-06-29T17:00:00Z,30595.3
2025-06-29T18:00:00Z,29777.3
2025-06-29T19:00:00Z,28570.7
2025-06-29T20:00:00Z,26796.2
2025-06-29T21:00:00Z,25420.9
2025-06-29T22:00:00Z,24759.9
2025-06-29T23:00:00Z,23936.9
2025-06-30T00:00:00Z,24756.5
2025-06-30T01:00:00Z,25440.6
2025-06-30T02:00:00Z,26806.2
2025-06-30T03:00:00Z,26541.6
2025-06-30T04:00:00Z,28410.6
2025-06-30T05:00:00Z,29649.5
2025-06-30T06:00:00Z,30966.6
2025-06-30T07:00:00Z,32484.2
2025-06-30T08:00:00Z,34516.3
2025-06-30T09:00:00Z,35885.5
2025-06-30T10:00:00Z,36849.5
2025-06-30T11:00:00Z,36567.4
2025-06-30T12:00:00Z,37361.7
2025-06-30T13:00:00Z,37476.1
2025-06-30T14:00:00Z,37173.0
2025-06-30T15:00:00Z,36066.7
2025-06-30T16:00:00Z,34886.9
2025-06-30T17:00:00Z,33553.7
2025-06-30T18:00:00Z,31839.9
2025-06-30T19:00:00Z,29433.4
2025-06-30T20:00:00Z,28408.4
2025-06-30T21:00:00Z,26756.8
2025-06-30T22:00:00Z,24943.5
2025-06-30T23:00:00Z,24690.8
2025-07-01T00:00:00Z,26517.0
2025-07-01T01:00:00Z,25098.2
2025-07-01T02:00:00Z,25135.8
2025-07-01T03:00:00Z,26943.5
2025-07-01T04:00:00Z,29271.6
2025-07-01T05:00:00Z,29945.6
2025-07-01T06:00:00Z,31750.6
2025-07-01T07:00:00Z,32981.8
2025-07-01T08:00:00Z,34544.5
2025-07-01T09:00:00Z,36489.6
2025-07-01T10:00:00Z,37218.1
2025-07-01T11:00:00Z,37378.7
2025-07-01T12:00:00Z,38082.0
2025-07-01T13:00:00Z,37967.3
2025-07-01T14:00:00Z,36703.2
2025-07-01T15:00:00Z,35984.1
2025-07-01T16:00:00Z,34715.6
2025-07-01T17:00:00Z,32779.9
2025-07-01T18:00:00Z,32127.3
2025-07-01T19:00:00Z,29883.7
2025-07-01T20:00:00Z,28186.4
2025-07-01T21:00:00Z,26390.2
2025-07-01T22:00:00Z,25631.1
2025-07-01T23:00:00Z,26438.6
2025-07-02T00:00:00Z,25001.6
2025-07-02T01:00:00Z,26005.0
2025-07-02T02:00:00Z,26209.0
2025-07-02T03:00:00Z,27621.7
2025-07-02T04:00:00Z,28928.3
2025-07-02T05:00:00Z,29697.0
2025-07-02T06:00:00Z,31517.9
2025-07-02T07:00:00Z,33291.5
2025-07-02T08:00:00Z,34767.1
2025-07-02T09:00:00Z,35955.0
2025-07-02T10:00:00Z,36777.8
2025-07-02T11:00:00Z,37863.9
2025-07-02T12:00:00Z,38420.1
2025-07-02T13:00:00Z,37818.8
2025-07-02T14:00:00Z,36561.3
2025-07-02T15:00:00Z,36170.3
2025-07-02T16:00:00Z,34740.0
2025-07-02T17:00:00Z,33475.3
2025-07-02T18:00:00Z,32601.6
2025-07-02T19:00:00Z,29982.2
2025-07-02T20:00:00Z,28617.0
2025-07-02T21:00:00Z,26912.7
2025-07-02T22:00:00Z,26248.6
2025-07-02T23:00:00Z,25498.5
2025-07-03T00:00:00Z,26514.1
2025-07-03T01:00:00Z,26064.3
2025-07-03T02:00:00Z,26228.0
2025-07-03T03:00:00Z,28463.9
2025-07-03T04:00:00Z,28072.2
2025-07-03T05:00:00Z,30650.5
2025-07-03T06:00:00Z,32304.3
2025-07-03T07:00:00Z,33655.1
2025-07-03T08:00:00Z,34699.5
2025-07-03T09:00:00Z,36026.8
2025-07-03T10:00:00Z,36885.4
2025-07-03T11:00:00Z,38066.3
2025-07-03T12:00:00Z,36693.8
2025-07-03T13:00:00Z,37408.3
2025-07-03T14:00:00Z,37136.7
2025-07-03T15:00:00Z,35797.6
2025-07-03T16:00:00Z,33910.1
2025-07-03T17:00:00Z,33240.9
2025-07-03T18:00:00Z,31405.8
2025-07-03T19:00:00Z,30619.5
2025-07-03T20:00:00Z,29454.5
2025-07-03T21:00:00Z,27520.5
2025-07-03T22:00:00Z,25537.2
2025-07-03T23:00:00Z,25810.6
2025-07-04T00:00:00Z,25357.5
2025-07-04T01:00:00Z,26379.5
2025-07-04T02:00:00Z,27499.5
2025-07-04T03:00:00Z,27769.8
2025-07-04T04:00:00Z,29901.5
2025-07-04T05:00:00Z,31105.3
2025-07-04T06:00:00Z,32265.6
2025-07-04T07:00:00Z,33051.3
2025-07-04T08:00:00Z,35061.4
2025-07-04T09:00:00Z,35536.7
2025-07-04T10:00:00Z,37766.8
2025-07-04T11:00:00Z,37912.2
2025-07-04T12:00:00Z,38758.7
2025-07-04T13:00:00Z,38004.2
2025-07-04T14:00:00Z,36268.0
2025-07-04T15:00:00Z,36615.4
2025-07-04T16:00:00Z,35500.4
2025-07-04T17:00:00Z,34405.2
2025-07-04T18:00:00Z,31493.5
2025-07-04T19:00:00Z,29943.8
2025-07-04T20:00:00Z,28976.8
2025-07-04T21:00:00Z,27148.0
2025-07-04T22:00:00Z,26016.9
2025-07-04T23:00:00Z,25550.5
2025-07-05T00:00:00Z,25644.2
2025-07-05T01:00:00Z,24213.8
2025-07-05T02:00:00Z,24623.2
2025-07-05T03:00:00Z,25874.0
2025-07-05T04:00:00Z,27359.9
2025-07-05T05:00:00Z,29479.3
2025-07-05T06:00:00Z,30878.4
2025-07-05T07:00:00Z,32373.5
2025-07-05T08:00:00Z,33463.6
2025-07-05T09:00:00Z,34780.8
2025-07-05T10:00:00Z,35344.6
2025-07-05T11:00:00Z,35512.4
2025-07-05T12:00:00Z,37517.0
2025-07-05T13:00:00Z,36043.9
2025-07-05T14:00:00Z,36180.8
2025-07-05T15:00:00Z,34538.8
2025-07-05T16:00:00Z,33392.4
2025-07-05T17:00:00Z,31892.2
2025-07-05T18:00:00Z,29696.0
2025-07-05T19:00:00Z,28779.2
2025-07-05T20:00:00Z,27543.8
2025-07-05T21:00:00Z,26510.2
2025-07-05T22:00:00Z,25372.8
2025-07-05T23:00:00Z,25031.2
2025-07-06T00:00:00Z,24579.9
2025-07-06T01:00:00Z,24634.5
2025-07-06T02:00:00Z,24247.2
2025-07-06T03:00:00Z,25939.3
2025-07-06T04:00:00Z,28259.3
2025-07-06T05:00:00Z,29000.6
2025-07-06T06:00:00Z,30918.0
2025-07-06T07:00:00Z,31981.3
2025-07-06T08:00:00Z,33214.8
2025-07-06T09:00:00Z,35855.4
2025-07-06T10:00:00Z,35965.5
2025-07-06T11:00:00Z,37150.2
2025-07-06T12:00:00Z,36868.4
2025-07-06T13:00:00Z,36242.1
2025-07-06T14:00:00Z,34645.2
2025-07-06T15:00:00Z,34862.4
2025-07-06T16:00:00Z,32760.8
2025-07-06T17:00:00Z,30960.8
2025-07-06T18:00:00Z,31141.6
2025-07-06T19:00:00Z,29303.4
2025-07-06T20:00:00Z,27794.5
2025-07-06T21:00:00Z,26233.2
2025-07-06T22:00:00Z,25222.4
2025-07-06T23:00:00Z,24847.3
2025-07-07T00:00:00Z,26319.7
2025-07-07T01:00:00Z,26484.0
2025-07-07T02:00:00Z,27431.6
2025-07-07T03:00:00Z,26775.3
2025-07-07T04:00:00Z,29735.5
2025-07-07T05:00:00Z,30428.4
2025-07-07T06:00:00Z,32758.0
2025-07-07T07:00:00Z,34494.7
2025-07-07T08:00:00Z,34937.2
2025-07-07T09:00:00Z,37026.5
2025-07-07T10:00:00Z,37985.7
2025-07-07T11:00:00Z,37831.7
2025-07-07T12:00:00Z,38124.0
2025-07-07T13:00:00Z,38239.4
2025-07-07T14:00:00Z,36440.0
2025-07-07T15:00:00Z,36373.9
2025-07-07T16:00:00Z,35433.0
2025-07-07T17:00:00Z,33642.1
2025-07-07T18:00:00Z,31481.2
2025-07-07T19:00:00Z,30518.4
2025-07-07T20:00:00Z,30018.2
2025-07-07T21:00:00Z,28660.4
2025-07-07T22:00:00Z,26959.4
2025-07-07T23:00:00Z,26002.7
2025-07-08T00:00:00Z,26321.1
2025-07-08T01:00:00Z,26543.9
2025-07-08T02:00:00Z,26800.1
2025-07-08T03:00:00Z,27940.8
2025-07-08T04:00:00Z,29687.8
2025-07-08T05:00:00Z,31313.4
2025-07-08T06:00:00Z,31176.0
2025-07-08T07:00:00Z,34485.3
2025-07-08T08:00:00Z,35525.9
2025-07-08T09:00:00Z,37301.3
2025-07-08T10:00:00Z,37674.6
2025-07-08T11:00:00Z,38516.0
2025-07-08T12:00:00Z,39332.4
2025-07-08T13:00:00Z,36785.2
2025-07-08T14:00:00Z,38491.6
2025-07-08T15:00:00Z,36813.6
2025-07-08T16:00:00Z,34531.5
2025-07-08T17:00:00Z,32635.2
2025-07-08T18:00:00Z,32571.6
2025-07-08T19:00:00Z,30316.4
2025-07-08T20:00:00Z,29879.5
2025-07-08T21:00:00Z,28219.0
2025-07-08T22:00:00Z,27074.4
2025-07-08T23:00:00Z,27039.0
2025-07-09T00:00:00Z,26551.1
2025-07-09T01:00:00Z,27036.9
2025-07-09T02:00:00Z,27690.4
2025-07-09T03:00:00Z,28398.5
2025-07-09T04:00:00Z,29896.5
2025-07-09T05:00:00Z,31363.6
2025-07-09T06:00:00Z,31844.2
2025-07-09T07:00:00Z,33975.1
2025-07-09T08:00:00Z,35520.3
2025-07-09T09:00:00Z,36650.1
2025-07-09T10:00:00Z,37003.3
2025-07-09T11:00:00Z,38129.2
2025-07-09T12:00:00Z,38796.4
2025-07-09T13:00:00Z,38514.8
2025-07-09T14:00:00Z,38582.0
2025-07-09T15:00:00Z,36534.1
2025-07-09T16:00:00Z,35361.8
2025-07-09T17:00:00Z,33822.8
2025-07-09T18:00:00Z,32377.8
2025-07-09T19:00:00Z,30656.6
2025-07-09T20:00:00Z,28546.0
2025-07-09T21:00:00Z,28409.6
2025-07-09T22:00:00Z,27769.0
2025-07-09T23:00:00Z,27227.7
2025-07-10T00:00:00Z,26026.9
2025-07-10T01:00:00Z,26687.6
2025-07-10T02:00:00Z,28331.9
2025-07-10T03:00:00Z,28306.1
2025-07-10T04:00:00Z,29798.1
2025-07-10T05:00:00Z,31011.9
2025-07-10T06:00:00Z,33174.6
2025-07-10T07:00:00Z,34730.7
2025-07-10T08:00:00Z,36887.9
2025-07-10T09:00:00Z,37221.1
2025-07-10T10:00:00Z,38162.7
2025-07-10T11:00:00Z,37927.7
2025-07-10T12:00:00Z,38542.5
2025-07-10T13:00:00Z,38186.8
2025-07-10T14:00:00Z,37768.3
2025-07-10T15:00:00Z,36302.7
2025-07-10T16:00:00Z,36324.3
2025-07-10T17:00:00Z,33704.8
2025-07-10T18:00:00Z,32802.8
2025-07-10T19:00:00Z,30449.8
2025-07-10T20:00:00Z,29797.1
2025-07-10T21:00:00Z,29201.4
2025-07-10T22:00:00Z,26977.4
2025-07-10T23:00:00Z,26970.4
2025-07-11T00:00:00Z,26670.7
2025-07-11T01:00:00Z,27055.9
2025-07-11T02:00:00Z,27733.4
2025-07-11T03:00:00Z,28164.8
2025-07-11T04:00:00Z,29656.4
2025-07-11T05:00:00Z,30916.7
2025-07-11T06:00:00Z,32372.4
2025-07-11T07:00:00Z,33743.0
2025-07-11T08:00:00Z,36323.4
2025-07-11T09:00:00Z,36719.9
2025-07-11T10:00:00Z,38399.1
2025-07-11T11:00:00Z,38951.1
2025-07-11T12:00:00Z,38370.4
2025-07-11T13:00:00Z,39201.2
2025-07-11T14:00:00Z,37625.0
2025-07-11T15:00:00Z,37413.2
2025-07-11T16:00:00Z,36573.3
2025-07-11T17:00:00Z,34003.1
2025-07-11T18:00:00Z,32319.6
2025-07-11T19:00:00Z,30737.4
2025-07-11T20:00:00Z,30912.6
2025-07-11T21:00:00Z,28296.6
2025-07-11T22:00:00Z,26878.3
2025-07-11T23:00:00Z,27324.8
2025-07-12T00:00:00Z,25050.1
2025-07-12T01:00:00Z,25330.0
2025-07-12T02:00:00Z,25448.6
2025-07-12T03:00:00Z,25792.3
2025-07-12T04:00:00Z,27810.3
2025-07-12T05:00:00Z,29117.6
2025-07-12T06:00:00Z,30401.0
2025-07-12T07:00:00Z,32246.4
2025-07-12T08:00:00Z,33784.0
2025-07-12T09:00:00Z,35933.8
2025-07-12T10:00:00Z,36850.7
2025-07-12T11:00:00Z,37362.2
2025-07-12T12:00:00Z,37036.9
2025-07-12T13:00:00Z,36461.7
2025-07-12T14:00:00Z,36643.0
2025-07-12T15:00:00Z,35758.2
2025-07-12T16:00:00Z,34773.0
2025-07-12T17:00:00Z,32782.7
2025-07-12T18:00:00Z,31155.8
2025-07-12T19:00:00Z,29802.9
2025-07-12T20:00:00Z,27708.2
2025-07-12T21:00:00Z,26509.9
2025-07-12T22:00:00Z,26276.4
2025-07-12T23:00:00Z,24704.1
2025-07-13T00:00:00Z,25222.6
2025-07-13T01:00:00Z,25867.4
2025-07-13T02:00:00Z,26199.1
2025-07-13T03:00:00Z,27264.9
2025-07-13T04:00:00Z,27745.1
2025-07-13T05:00:00Z,29713.0
2025-07-13T06:00:00Z,31214.6
2025-07-13T07:00:00Z,33233.7
2025-07-13T08:00:00Z,34609.2
2025-07-13T09:00:00Z,35673.1
2025-07-13T10:00:00Z,37590.7
2025-07-13T11:00:00Z,37511.5
2025-07-13T12:00:00Z,37298.9
2025-07-13T13:00:00Z,36927.0
2025-07-13T14:00:00Z,36612.4
2025-07-13T15:00:00Z,35374.8
2025-07-13T16:00:00Z,35234.6
2025-07-13T17:00:00Z,33226.0
2025-07-13T18:00:00Z,31206.0
2025-07-13T19:00:00Z,29456.4
2025-07-13T20:00:00Z,27777.2
2025-07-13T21:00:00Z,26921.6
2025-07-13T22:00:00Z,26759.6
2025-07-13T23:00:00Z,25913.5
2025-07-14T00:00:00Z,27070.5
2025-07-14T01:00:00Z,27377.5
2025-07-14T02:00:00Z,26969.3
2025-07-14T03:00:00Z,29268.2
2025-07-14T04:00:00Z,30031.6
2025-07-14T05:00:00Z,32309.3
2025-07-14T06:00:00Z,33096.8
2025-07-14T07:00:00Z,34517.4
2025-07-14T08:00:00Z,36340.5
2025-07-14T09:00:00Z,37169.5
2025-07-14T10:00:00Z,39141.5
2025-07-14T11:00:00Z,39214.7
2025-07-14T12:00:00Z,39464.0
2025-07-14T13:00:00Z,39240.6
2025-07-14T14:00:00Z,38284.9
2025-07-14T15:00:00Z,37741.6
2025-07-14T16:00:00Z,36326.2
2025-07-14T17:00:00Z,35661.3
2025-07-14T18:00:00Z,33227.3
2025-07-14T19:00:00Z,31812.1
2025-07-14T20:00:00Z,29924.2
2025-07-14T21:00:00Z,28708.2
2025-07-14T22:00:00Z,27776.8
2025-07-14T23:00:00Z,27982.6
2025-07-15T00:00:00Z,27291.2
2025-07-15T01:00:00Z,27952.8
2025-07-15T02:00:00Z,27937.1
2025-07-15T03:00:00Z,28853.7
2025-07-15T04:00:00Z,29323.3
2025-07-15T05:00:00Z,32189.2
2025-07-15T06:00:00Z,34390.1
2025-07-15T07:00:00Z,34805.3
2025-07-15T08:00:00Z,37117.5
2025-07-15T09:00:00Z,38082.2
2025-07-15T10:00:00Z,38271.6
2025-07-15T11:00:00Z,39614.8
2025-07-15T12:00:00Z,38980.3
2025-07-15T13:00:00Z,39076.2
2025-07-15T14:00:00Z,39239.5
2025-07-15T15:00:00Z,37734.8
2025-07-15T16:00:00Z,35799.3
2025-07-15T17:00:00Z,35642.6
2025-07-15T18:00:00Z,32793.5
2025-07-15T19:00:00Z,31693.7
2025-07-15T20:00:00Z,30132.3
2025-07-15T21:00:00Z,28965.4
2025-07-15T22:00:00Z,27648.4
2025-07-15T23:00:00Z,26643.0
2025-07-16T00:00:00Z,28332.8
2025-07-16T01:00:00Z,27119.7
2025-07-16T02:00:00Z,27758.8
2025-07-16T03:00:00Z,27937.8
2025-07-16T04:00:00Z,30479.7
2025-07-16T05:00:00Z,32556.0
2025-07-16T06:00:00Z,34187.3
2025-07-16T07:00:00Z,36454.8
2025-07-16T08:00:00Z,37281.5
2025-07-16T09:00:00Z,37990.1
2025-07-16T10:00:00Z,38764.3
2025-07-16T11:00:00Z,40086.6
2025-07-16T12:00:00Z,39549.5
2025-07-16T13:00:00Z,39460.8
2025-07-16T14:00:00Z,38266.8
2025-07-16T15:00:00Z,37836.0
2025-07-16T16:00:00Z,37525.1
2025-07-16T17:00:00Z,35020.4
2025-07-16T18:00:00Z,33683.1
2025-07-16T19:00:00Z,30687.2
2025-07-16T20:00:00Z,31119.8
2025-07-16T21:00:00Z,29365.8
2025-07-16T22:00:00Z,28923.3
2025-07-16T23:00:00Z,27721.5
2025-07-17T00:00:00Z,27086.0
2025-07-17T01:00:00Z,27033.0
2025-07-17T02:00:00Z,28583.1
2025-07-17T03:00:00Z,29279.6
2025-07-17T04:00:00Z,30056.9
2025-07-17T05:00:00Z,31982.2
2025-07-17T06:00:00Z,33265.8
2025-07-17T07:00:00Z,35523.2
2025-07-17T08:00:00Z,36415.8
2025-07-17T09:00:00Z,37261.1
2025-07-17T10:00:00Z,38800.8
2025-07-17T11:00:00Z,39165.9
2025-07-17T12:00:00Z,40401.5
2025-07-17T13:00:00Z,39207.8
2025-07-17T14:00:00Z,38164.2
2025-07-17T15:00:00Z,37832.3
2025-07-17T16:00:00Z,36467.6
2025-07-17T17:00:00Z,35262.2
2025-07-17T18:00:00Z,33657.1
2025-07-17T19:00:00Z,31447.6
2025-07-17T20:00:00Z,30473.2
2025-07-17T21:00:00Z,29184.3
2025-07-17T22:00:00Z,27660.7
2025-07-17T23:00:00Z,27368.3
2025-07-18T00:00:00Z,27678.3
2025-07-18T01:00:00Z,26974.9
2025-07-18T02:00:00Z,27838.0
2025-07-18T03:00:00Z,29115.0
2025-07-18T04:00:00Z,30562.7
2025-07-18T05:00:00Z,32333.7
2025-07-18T06:00:00Z,32959.7
2025-07-18T07:00:00Z,35371.9
2025-07-18T08:00:00Z,37003.1
2025-07-18T09:00:00Z,38729.2
2025-07-18T10:00:00Z,38700.2
2025-07-18T11:00:00Z,39056.2
2025-07-18T12:00:00Z,38950.1
2025-07-18T13:00:00Z,39799.5
2025-07-18T14:00:00Z,39564.8
2025-07-18T15:00:00Z,37596.7
2025-07-18T16:00:00Z,36911.5
2025-07-18T17:00:00Z,35658.0
2025-07-18T18:00:00Z,34134.1
2025-07-18T19:00:00Z,31876.5
2025-07-18T20:00:00Z,30942.4
2025-07-18T21:00:00Z,29336.6
2025-07-18T22:00:00Z,27920.1
2025-07-18T23:00:00Z,27928.8
2025-07-19T00:00:00Z,26212.9
2025-07-19T01:00:00Z,25753.3
2025-07-19T02:00:00Z,27076.7
2025-07-19T03:00:00Z,28832.1
2025-07-19T04:00:00Z,28324.9
2025-07-19T05:00:00Z,30909.0
2025-07-19T06:00:00Z,32592.6
2025-07-19T07:00:00Z,33731.6
2025-07-19T08:00:00Z,35339.2
2025-07-19T09:00:00Z,36300.1
2025-07-19T10:00:00Z,38086.6
2025-07-19T11:00:00Z,37530.2
2025-07-19T12:00:00Z,38141.9
2025-07-19T13:00:00Z,37018.6
2025-07-19T14:00:00Z,37554.6
2025-07-19T15:00:00Z,36610.5
2025-07-19T16:00:00Z,34310.5
2025-07-19T17:00:00Z,33247.5
2025-07-19T18:00:00Z,32352.9
2025-07-19T19:00:00Z,30285.2
2025-07-19T20:00:00Z,28449.8
2025-07-19T21:00:00Z,26533.1
2025-07-19T22:00:00Z,27006.4
2025-07-19T23:00:00Z,27203.1
2025-07-20T00:00:00Z,25907.6
2025-07-20T01:00:00Z,26566.4
2025-07-20T02:00:00Z,27165.4
2025-07-20T03:00:00Z,27876.9
2025-07-20T04:00:00Z,29228.7
2025-07-20T05:00:00Z,30705.5
2025-07-20T06:00:00Z,31780.6
2025-07-20T07:00:00Z,35063.8
2025-07-20T08:00:00Z,36644.9
2025-07-20T09:00:00Z,36683.8
2025-07-20T10:00:00Z,38399.6
2025-07-20T11:00:00Z,37685.4
2025-07-20T12:00:00Z,38194.0
2025-07-20T13:00:00Z,38676.2
2025-07-20T14:00:00Z,36909.9
2025-07-20T15:00:00Z,35866.8
2025-07-20T16:00:00Z,35440.9
2025-07-20T17:00:00Z,32796.0
2025-07-20T18:00:00Z,33100.2
2025-07-20T19:00:00Z,31032.9
2025-07-20T20:00:00Z,29311.7
2025-07-20T21:00:00Z,28270.1
2025-07-20T22:00:00Z,26504.4
2025-07-20T23:00:00Z,25881.5
2025-07-21T00:00:00Z,28395.1
2025-07-21T01:00:00Z,28657.2
2025-07-21T02:00:00Z,28863.1
2025-07-21T03:00:00Z,29734.6
2025-07-21T04:00:00Z,30747.4
2025-07-21T05:00:00Z,33195.8
2025-07-21T06:00:00Z,33311.5
2025-07-21T07:00:00Z,35205.1
2025-07-21T08:00:00Z,36835.1
2025-07-21T09:00:00Z,37594.0
2025-07-21T10:00:00Z,38663.1
2025-07-21T11:00:00Z,39422.5
2025-07-21T12:00:00Z,40666.2
2025-07-21T13:00:00Z,40861.2
2025-07-21T14:00:00Z,39515.4
2025-07-21T15:00:00Z,37549.4
2025-07-21T16:00:00Z,36803.1
2025-07-21T17:00:00Z,35573.9
2025-07-21T18:00:00Z,33931.5
2025-07-21T19:00:00Z,32304.5
2025-07-21T20:00:00Z,31286.9
2025-07-21T21:00:00Z,28778.7
2025-07-21T22:00:00Z,28505.5
2025-07-21T23:00:00Z,28299.2
2025-07-22T00:00:00Z,28474.6
2025-07-22T01:00:00Z,28464.8
2025-07-22T02:00:00Z,28938.9
2025-07-22T03:00:00Z,29827.4
2025-07-22T04:00:00Z,30821.3
2025-07-22T05:00:00Z,32673.3
2025-07-22T06:00:00Z,34101.5
2025-07-22T07:00:00Z,35424.5
2025-07-22T08:00:00Z,37861.5
2025-07-22T09:00:00Z,39114.7
2025-07-22T10:00:00Z,39292.5
2025-07-22T11:00:00Z,40403.2
2025-07-22T12:00:00Z,40906.0
2025-07-22T13:00:00Z,40227.2
2025-07-22T14:00:00Z,39549.3
2025-07-22T15:00:00Z,38770.0
2025-07-22T16:00:00Z,36422.6
2025-07-22T17:00:00Z,35066.7
2025-07-22T18:00:00Z,34482.0
2025-07-22T19:00:00Z,32781.9
2025-07-22T20:00:00Z,31868.3
2025-07-22T21:00:00Z,29663.4
2025-07-22T22:00:00Z,29504.9
2025-07-22T23:00:00Z,28877.6
2025-07-23T00:00:00Z,29260.5
2025-07-23T01:00:00Z,28062.6
2025-07-23T02:00:00Z,28897.8
2025-07-23T03:00:00Z,30184.6
2025-07-23T04:00:00Z,31440.5
2025-07-23T05:00:00Z,32268.4
2025-07-23T06:00:00Z,34061.0
2025-07-23T07:00:00Z,35264.7
2025-07-23T08:00:00Z,38562.7
2025-07-23T09:00:00Z,38619.7
2025-07-23T10:00:00Z,39615.6
2025-07-23T11:00:00Z,39917.7
2025-07-23T12:00:00Z,40449.0
2025-07-23T13:00:00Z,40628.2
2025-07-23T14:00:00Z,39452.7
2025-07-23T15:00:00Z,38638.7
2025-07-23T16:00:00Z,38493.5
2025-07-23T17:00:00Z,36392.9
2025-07-23T18:00:00Z,34469.8
2025-07-23T19:00:00Z,32561.0
2025-07-23T20:00:00Z,31295.1
2025-07-23T21:00:00Z,29669.6
2025-07-23T22:00:00Z,29215.9
2025-07-23T23:00:00Z,28129.0
2025-07-24T00:00:00Z,28019.7
2025-07-24T01:00:00Z,28387.1
2025-07-24T02:00:00Z,28657.1
2025-07-24T03:00:00Z,30263.9
2025-07-24T04:00:00Z,32698.6
2025-07-24T05:00:00Z,32573.5
2025-07-24T06:00:00Z,33621.5
2025-07-24T07:00:00Z,36520.2
2025-07-24T08:00:00Z,37447.5
2025-07-24T09:00:00Z,39760.8
2025-07-24T10:00:00Z,39916.2
2025-07-24T11:00:00Z,40800.3
2025-07-24T12:00:00Z,40141.8
2025-07-24T13:00:00Z,39517.6
2025-07-24T14:00:00Z,39621.6
2025-07-24T15:00:00Z,39082.7
2025-07-24T16:00:00Z,37046.3
2025-07-24T17:00:00Z,35206.9
2025-07-24T18:00:00Z,34134.0
2025-07-24T19:00:00Z,32633.0
2025-07-24T20:00:00Z,31221.8
2025-07-24T21:00:00Z,30108.9
2025-07-24T22:00:00Z,30367.6
2025-07-24T23:00:00Z,28562.0
2025-07-25T00:00:00Z,28214.5
2025-07-25T01:00:00Z,28123.2
2025-07-25T02:00:00Z,29683.8
2025-07-25T03:00:00Z,29444.6
2025-07-25T04:00:00Z,32237.0
2025-07-25T05:00:00Z,32968.5
2025-07-25T06:00:00Z,33786.3
2025-07-25T07:00:00Z,36214.3
2025-07-25T08:00:00Z,37530.4
2025-07-25T09:00:00Z,39468.6
2025-07-25T10:00:00Z,39057.1
2025-07-25T11:00:00Z,40525.0
2025-07-25T12:00:00Z,40621.3
2025-07-25T13:00:00Z,40886.4
2025-07-25T14:00:00Z,39238.8
2025-07-25T15:00:00Z,38452.1
2025-07-25T16:00:00Z,38580.0
2025-07-25T17:00:00Z,36398.2
2025-07-25T18:00:00Z,33794.5
2025-07-25T19:00:00Z,33130.2
2025-07-25T20:00:00Z,31099.4
2025-07-25T21:00:00Z,29888.9
2025-07-25T22:00:00Z,28652.8
2025-07-25T23:00:00Z,29158.9
2025-07-26T00:00:00Z,26619.0
2025-07-26T01:00:00Z,27198.0
2025-07-26T02:00:00Z,27744.0
2025-07-26T03:00:00Z,27904.7
2025-07-26T04:00:00Z,29557.3
2025-07-26T05:00:00Z,31788.6
2025-07-26T06:00:00Z,32183.2
2025-07-26T07:00:00Z,34676.5
2025-07-26T08:00:00Z,35966.3
2025-07-26T09:00:00Z,37606.5
2025-07-26T10:00:00Z,38594.2
2025-07-26T11:00:00Z,39272.9
2025-07-26T12:00:00Z,39093.6
2025-07-26T13:00:00Z,38986.9
2025-07-26T14:00:00Z,37893.0
2025-07-26T15:00:00Z,37008.5
2025-07-26T16:00:00Z,36477.7
2025-07-26T17:00:00Z,34253.2
2025-07-26T18:00:00Z,33498.7
2025-07-26T19:00:00Z,31911.3
2025-07-26T20:00:00Z,29535.0
2025-07-26T21:00:00Z,28961.9
2025-07-26T22:00:00Z,27300.4
2025-07-26T23:00:00Z,27276.2
2025-07-27T00:00:00Z,26630.8
2025-07-27T01:00:00Z,27401.4
2025-07-27T02:00:00Z,27925.6
2025-07-27T03:00:00Z,28281.2
2025-07-27T04:00:00Z,31106.5
2025-07-27T05:00:00Z,32024.3
2025-07-27T06:00:00Z,32303.8
2025-07-27T07:00:00Z,34865.6
2025-07-27T08:00:00Z,35942.3
2025-07-27T09:00:00Z,38456.2
2025-07-27T10:00:00Z,38358.0
2025-07-27T11:00:00Z,39195.5
2025-07-27T12:00:00Z,39112.3
2025-07-27T13:00:00Z,39317.1
2025-07-27T14:00:00Z,38118.7
2025-07-27T15:00:00Z,36968.2
2025-07-27T16:00:00Z,35911.5
2025-07-27T17:00:00Z,34481.2
2025-07-27T18:00:00Z,33437.6
2025-07-27T19:00:00Z,31590.0
2025-07-27T20:00:00Z,29853.4
2025-07-27T21:00:00Z,28612.2
2025-07-27T22:00:00Z,27388.3
2025-07-27T23:00:00Z,27308.4
2025-07-28T00:00:00Z,27824.8
2025-07-28T01:00:00Z,28948.8
2025-07-28T02:00:00Z,30268.8
2025-07-28T03:00:00Z,30453.7
2025-07-28T04:00:00Z,31566.4
2025-07-28T05:00:00Z,33388.0
2025-07-28T06:00:00Z,34470.2
2025-07-28T07:00:00Z,36132.9
2025-07-28T08:00:00Z,38330.6
2025-07-28T09:00:00Z,38924.2
2025-07-28T10:00:00Z,41202.9
2025-07-28T11:00:00Z,41093.4
2025-07-28T12:00:00Z,40976.2
2025-07-28T13:00:00Z,40507.7
2025-07-28T14:00:00Z,40083.2
2025-07-28T15:00:00Z,38097.6
2025-07-28T16:00:00Z,38109.1
2025-07-28T17:00:00Z,36967.6
2025-07-28T18:00:00Z,35232.3
2025-07-28T19:00:00Z,33149.2
2025-07-28T20:00:00Z,32211.5
2025-07-28T21:00:00Z,30962.6
2025-07-28T22:00:00Z,29606.1
2025-07-28T23:00:00Z,29241.4
2025-07-29T00:00:00Z,29509.0
2025-07-29T01:00:00Z,29422.5
2025-07-29T02:00:00Z,29607.3
2025-07-29T03:00:00Z,30772.7
2025-07-29T04:00:00Z,32104.3
2025-07-29T05:00:00Z,32683.4
2025-07-29T06:00:00Z,35136.1
2025-07-29T07:00:00Z,36581.2
2025-07-29T08:00:00Z,37016.7
2025-07-29T09:00:00Z,38508.1
2025-07-29T10:00:00Z,41253.0
2025-07-29T11:00:00Z,41001.9
2025-07-29T12:00:00Z,41838.3
2025-07-29T13:00:00Z,40760.9
2025-07-29T14:00:00Z,41119.7
2025-07-29T15:00:00Z,39664.0
2025-07-29T16:00:00Z,37769.4
2025-07-29T17:00:00Z,36789.3
2025-07-29T18:00:00Z,35867.6
2025-07-29T19:00:00Z,34710.2
2025-07-29T20:00:00Z,32293.3
2025-07-29T21:00:00Z,30546.2
2025-07-29T22:00:00Z,29367.9
2025-07-29T23:00:00Z,29546.4
2025-07-30T00:00:00Z,29672.1
2025-07-30T01:00:00Z,29398.4
2025-07-30T02:00:00Z,29881.0
2025-07-30T03:00:00Z,31317.7
2025-07-30T04:00:00Z,32412.3
2025-07-30T05:00:00Z,33833.4
2025-07-30T06:00:00Z,34435.3
2025-07-30T07:00:00Z,36618.5
2025-07-30T08:00:00Z,39210.5
2025-07-30T09:00:00Z,39506.7
2025-07-30T10:00:00Z,41712.7
2025-07-30T11:00:00Z,41286.5
2025-07-30T12:00:00Z,41153.9
2025-07-30T13:00:00Z,41234.4
2025-07-30T14:00:00Z,40789.6
2025-07-30T15:00:00Z,39151.1
2025-07-30T16:00:00Z,38380.0
2025-07-30T17:00:00Z,36577.3
2025-07-30T18:00:00Z,35950.9
2025-07-30T19:00:00Z,33407.8
2025-07-30T20:00:00Z,32230.5
2025-07-30T21:00:00Z,30148.2
2025-07-30T22:00:00Z,29250.0
2025-07-30T23:00:00Z,29288.0
2025-07-31T00:00:00Z,28788.4
2025-07-31T01:00:00Z,29310.2
2025-07-31T02:00:00Z,30186.2
2025-07-31T03:00:00Z,31318.4
2025-07-31T04:00:00Z,31581.1
2025-07-31T05:00:00Z,33668.4
2025-07-31T06:00:00Z,35673.7
2025-07-31T07:00:00Z,36570.1
2025-07-31T08:00:00Z,37720.3
2025-07-31T09:00:00Z,39290.5
2025-07-31T10:00:00Z,41432.4
2025-07-31T11:00:00Z,41226.0
2025-07-31T12:00:00Z,42213.7
2025-07-31T13:00:00Z,41061.1
2025-07-31T14:00:00Z,41212.0
2025-07-31T15:00:00Z,38909.2
2025-07-31T16:00:00Z,38252.9
2025-07-31T17:00:00Z,36957.7
2025-07-31T18:00:00Z,36229.2
2025-07-31T19:00:00Z,34001.5
2025-07-31T20:00:00Z,32862.8
2025-07-31T21:00:00Z,30822.0
2025-07-31T22:00:00Z,29857.1
2025-07-31T23:00:00Z,30106.0
2025-08-01T00:00:00Z,30101.7
2025-08-01T01:00:00Z,30208.5
2025-08-01T02:00:00Z,30803.2
2025-08-01T03:00:00Z,30896.6
2025-08-01T04:00:00Z,33515.9
2025-08-01T05:00:00Z,33977.2
2025-08-01T06:00:00Z,36110.7
2025-08-01T07:00:00Z,37422.0
2025-08-01T08:00:00Z,37619.5
2025-08-01T09:00:00Z,38784.0
2025-08-01T10:00:00Z,39924.5
2025-08-01T11:00:00Z,41320.2
2025-08-01T12:00:00Z,42119.2
2025-08-01T13:00:00Z,41219.2
2025-08-01T14:00:00Z,41164.4
2025-08-01T15:00:00Z,39142.9
2025-08-01T16:00:00Z,38193.2
2025-08-01T17:00:00Z,36584.8
2025-08-01T18:00:00Z,35481.7
2025-08-01T19:00:00Z,33306.5
2025-08-01T20:00:00Z,32370.2
2025-08-01T21:00:00Z,31462.7
2025-08-01T22:00:00Z,29960.3
2025-08-01T23:00:00Z,29132.9
2025-08-02T00:00:00Z,27582.9
2025-08-02T01:00:00Z,27400.6
2025-08-02T02:00:00Z,28102.8
2025-08-02T03:00:00Z,30002.8
2025-08-02T04:00:00Z,31028.3
2025-08-02T05:00:00Z,31592.5
2025-08-02T06:00:00Z,33755.8
2025-08-02T07:00:00Z,35704.2
2025-08-02T08:00:00Z,37348.9
2025-08-02T09:00:00Z,38527.9
2025-08-02T10:00:00Z,39667.8
2025-08-02T11:00:00Z,39758.4
2025-08-02T12:00:00Z,39977.5
2025-08-02T13:00:00Z,39653.5
2025-08-02T14:00:00Z,39728.1
2025-08-02T15:00:00Z,38638.6
2025-08-02T16:00:00Z,37848.5
2025-08-02T17:00:00Z,36044.5
2025-08-02T18:00:00Z,33488.4
2025-08-02T19:00:00Z,31575.7
2025-08-02T20:00:00Z,30150.1
2025-08-02T21:00:00Z,29141.6
2025-08-02T22:00:00Z,28941.4
2025-08-02T23:00:00Z,27308.4
2025-08-03T00:00:00Z,26906.2
2025-08-03T01:00:00Z,28050.6
2025-08-03T02:00:00Z,29161.0
2025-08-03T03:00:00Z,30111.9
2025-08-03T04:00:00Z,31824.5
2025-08-03T05:00:00Z,32424.8
2025-08-03T06:00:00Z,33732.8
2025-08-03T07:00:00Z,35436.2
2025-08-03T08:00:00Z,36378.6
2025-08-03T09:00:00Z,37975.8
2025-08-03T10:00:00Z,39936.2
2025-08-03T11:00:00Z,40958.0
2025-08-03T12:00:00Z,40743.8
2025-08-03T13:00:00Z,40040.5
2025-08-03T14:00:00Z,39157.7
2025-08-03T15:00:00Z,38437.7
2025-08-03T16:00:00Z,36092.0
2025-08-03T17:00:00Z,35876.7
2025-08-03T18:00:00Z,34406.3
2025-08-03T19:00:00Z,32364.1
2025-08-03T20:00:00Z,30974.0
2025-08-03T21:00:00Z,28840.3
2025-08-03T22:00:00Z,29135.4
2025-08-03T23:00:00Z,28528.1
2025-08-04T00:00:00Z,28326.6
2025-08-04T01:00:00Z,29644.4
2025-08-04T02:00:00Z,30724.4
2025-08-04T03:00:00Z,32364.8
2025-08-04T04:00:00Z,32336.8
2025-08-04T05:00:00Z,34224.2
2025-08-04T06:00:00Z,36566.9
2025-08-04T07:00:00Z,37636.2
2025-08-04T08:00:00Z,38751.9
2025-08-04T09:00:00Z,39898.2
2025-08-04T10:00:00Z,41108.3
2025-08-04T11:00:00Z,41295.6
2025-08-04T12:00:00Z,42425.3
2025-08-04T13:00:00Z,41261.7
2025-08-04T14:00:00Z,41385.6
2025-08-04T15:00:00Z,40608.1
2025-08-04T16:00:00Z,39491.4
2025-08-04T17:00:00Z,37476.6
2025-08-04T18:00:00Z,35856.7
2025-08-04T19:00:00Z,34449.2
2025-08-04T20:00:00Z,32861.7
2025-08-04T21:00:00Z,32119.2
2025-08-04T22:00:00Z,30544.1
2025-08-04T23:00:00Z,30971.4
2025-08-05T00:00:00Z,31331.6
2025-08-05T01:00:00Z,29787.0
2025-08-05T02:00:00Z,30930.5
2025-08-05T03:00:00Z,31102.8
2025-08-05T04:00:00Z,33333.8
2025-08-05T05:00:00Z,34630.2
2025-08-05T06:00:00Z,35883.5
2025-08-05T07:00:00Z,37035.7
2025-08-05T08:00:00Z,39048.0
2025-08-05T09:00:00Z,41317.5
2025-08-05T10:00:00Z,42078.7
2025-08-05T11:00:00Z,42064.3
2025-08-05T12:00:00Z,41760.8
2025-08-05T13:00:00Z,41853.5
2025-08-05T14:00:00Z,40849.1
2025-08-05T15:00:00Z,39599.9
2025-08-05T16:00:00Z,38541.9
2025-08-05T17:00:00Z,37867.5
2025-08-05T18:00:00Z,36137.0
2025-08-05T19:00:00Z,34495.6
2025-08-05T20:00:00Z,32373.9
2025-08-05T21:00:00Z,30956.0
2025-08-05T22:00:00Z,31221.8
2025-08-05T23:00:00Z,29914.5
2025-08-06T00:00:00Z,30617.3
2025-08-06T01:00:00Z,29839.8
2025-08-06T02:00:00Z,31325.1
2025-08-06T03:00:00Z,31917.1
2025-08-06T04:00:00Z,32833.6
2025-08-06T05:00:00Z,34303.5
2025-08-06T06:00:00Z,37075.2
2025-08-06T07:00:00Z,38146.7
2025-08-06T08:00:00Z,39006.7
2025-08-06T09:00:00Z,40487.0
2025-08-06T10:00:00Z,40577.3
2025-08-06T11:00:00Z,42853.3
2025-08-06T12:00:00Z,42895.8
2025-08-06T13:00:00Z,41769.4
2025-08-06T14:00:00Z,41601.8
2025-08-06T15:00:00Z,38992.0
2025-08-06T16:00:00Z,39636.8
2025-08-06T17:00:00Z,37912.5
2025-08-06T18:00:00Z,36230.0
2025-08-06T19:00:00Z,34941.9
2025-08-06T20:00:00Z,33204.2
2025-08-06T21:00:00Z,31292.6
2025-08-06T22:00:00Z,30464.8
2025-08-06T23:00:00Z,30116.5
2025-08-07T00:00:00Z,30581.5
2025-08-07T01:00:00Z,30339.6
2025-08-07T02:00:00Z,30591.7
2025-08-07T03:00:00Z,32083.0
2025-08-07T04:00:00Z,32531.1
2025-08-07T05:00:00Z,35686.5
2025-08-07T06:00:00Z,36355.9
2025-08-07T07:00:00Z,37273.8
2025-08-07T08:00:00Z,39328.6
2025-08-07T09:00:00Z,41053.5
2025-08-07T10:00:00Z,41747.2
2025-08-07T11:00:00Z,43118.3
2025-08-07T12:00:00Z,41562.3
2025-08-07T13:00:00Z,42891.0
2025-08-07T14:00:00Z,41457.1
2025-08-07T15:00:00Z,40954.1
2025-08-07T16:00:00Z,40119.1
2025-08-07T17:00:00Z,37164.6
2025-08-07T18:00:00Z,35479.5
2025-08-07T19:00:00Z,34427.5
2025-08-07T20:00:00Z,32310.4
2025-08-07T21:00:00Z,30869.5
2025-08-07T22:00:00Z,30972.9
2025-08-07T23:00:00Z,30916.4
2025-08-08T00:00:00Z,29992.8
2025-08-08T01:00:00Z,30700.6
2025-08-08T02:00:00Z,32928.5
2025-08-08T03:00:00Z,32191.4
2025-08-08T04:00:00Z,33125.2
2025-08-08T05:00:00Z,34666.7
2025-08-08T06:00:00Z,36544.8
2025-08-08T07:00:00Z,37755.5
2025-08-08T08:00:00Z,39722.0
2025-08-08T09:00:00Z,40741.7
2025-08-08T10:00:00Z,42066.5
2025-08-08T11:00:00Z,42282.7
2025-08-08T12:00:00Z,42373.1
2025-08-08T13:00:00Z,41732.6
2025-08-08T14:00:00Z,40893.5
2025-08-08T15:00:00Z,40486.4
2025-08-08T16:00:00Z,39173.3
2025-08-08T17:00:00Z,38047.2
2025-08-08T18:00:00Z,36289.8
2025-08-08T19:00:00Z,34554.4
2025-08-08T20:00:00Z,34438.7
2025-08-08T21:00:00Z,32188.0
2025-08-08T22:00:00Z,31677.5
2025-08-08T23:00:00Z,29927.3
2025-08-09T00:00:00Z,29186.7
2025-08-09T01:00:00Z,29478.2
2025-08-09T02:00:00Z,29717.3
2025-08-09T03:00:00Z,30002.5
2025-08-09T04:00:00Z,32356.1
2025-08-09T05:00:00Z,32814.6
2025-08-09T06:00:00Z,33964.7
2025-08-09T07:00:00Z,35506.4
2025-08-09T08:00:00Z,37833.8
2025-08-09T09:00:00Z,38810.1
2025-08-09T10:00:00Z,40438.1
2025-08-09T11:00:00Z,40978.1
2025-08-09T12:00:00Z,41542.3
2025-08-09T13:00:00Z,40808.4
2025-08-09T14:00:00Z,40085.8
2025-08-09T15:00:00Z,39065.0
2025-08-09T16:00:00Z,37398.3
2025-08-09T17:00:00Z,35908.5
2025-08-09T18:00:00Z,34384.6
2025-08-09T19:00:00Z,33299.6
2025-08-09T20:00:00Z,31280.0
2025-08-09T21:00:00Z,30406.6
2025-08-09T22:00:00Z,30034.7
2025-08-09T23:00:00Z,27655.9
2025-08-10T00:00:00Z,28338.3
2025-08-10T01:00:00Z,28485.0
2025-08-10T02:00:00Z,29592.0
2025-08-10T03:00:00Z,29802.7
2025-08-10T04:00:00Z,31480.7
2025-08-10T05:00:00Z,34457.2
2025-08-10T06:00:00Z,34165.4
2025-08-10T07:00:00Z,36391.9
2025-08-10T08:00:00Z,38010.1
2025-08-10T09:00:00Z,39011.9
2025-08-10T10:00:00Z,39516.6
2025-08-10T11:00:00Z,41245.5
2025-08-10T12:00:00Z,39966.6
2025-08-10T13:00:00Z,40240.6
2025-08-10T14:00:00Z,40007.8
2025-08-10T15:00:00Z,38833.0
2025-08-10T16:00:00Z,38489.1
2025-08-10T17:00:00Z,36259.6
2025-08-10T18:00:00Z,35814.0
2025-08-10T19:00:00Z,33259.0
2025-08-10T20:00:00Z,32579.8
2025-08-10T21:00:00Z,30746.6
2025-08-10T22:00:00Z,29434.5
2025-08-10T23:00:00Z,28804.6
2025-08-11T00:00:00Z,31073.9
2025-08-11T01:00:00Z,30480.3
2025-08-11T02:00:00Z,31346.0
2025-08-11T03:00:00Z,31925.4
2025-08-11T04:00:00Z,32549.1
2025-08-11T05:00:00Z,35333.9
2025-08-11T06:00:00Z,36957.7
2025-08-11T07:00:00Z,37591.9
2025-08-11T08:00:00Z,39916.6
2025-08-11T09:00:00Z,40811.4
2025-08-11T10:00:00Z,40931.8
2025-08-11T11:00:00Z,42031.4
2025-08-11T12:00:00Z,43058.1
2025-08-11T13:00:00Z,43040.6
2025-08-11T14:00:00Z,42105.9
2025-08-11T15:00:00Z,42363.5
2025-08-11T16:00:00Z,39860.5
2025-08-11T17:00:00Z,37832.0
2025-08-11T18:00:00Z,35888.5
2025-08-11T19:00:00Z,35828.9
2025-08-11T20:00:00Z,33359.4
2025-08-11T21:00:00Z,32149.7
2025-08-11T22:00:00Z,30956.3
2025-08-11T23:00:00Z,30351.7
2025-08-12T00:00:00Z,30494.6
2025-08-12T01:00:00Z,31125.9
2025-08-12T02:00:00Z,31778.9
2025-08-12T03:00:00Z,32648.3
2025-08-12T04:00:00Z,34216.7
2025-08-12T05:00:00Z,34953.9
2025-08-12T06:00:00Z,36258.3
2025-08-12T07:00:00Z,38329.8
2025-08-12T08:00:00Z,38776.3
2025-08-12T09:00:00Z,41524.3
2025-08-12T10:00:00Z,42319.2
2025-08-12T11:00:00Z,42938.5
2025-08-12T12:00:00Z,42321.7
2025-08-12T13:00:00Z,42416.1
2025-08-12T14:00:00Z,42072.3
2025-08-12T15:00:00Z,40577.3
2025-08-12T16:00:00Z,39276.9
2025-08-12T17:00:00Z,38258.1
2025-08-12T18:00:00Z,36866.3
2025-08-12T19:00:00Z,34875.8
2025-08-12T20:00:00Z,34272.8
2025-08-12T21:00:00Z,33618.2
2025-08-12T22:00:00Z,31815.6
2025-08-12T23:00:00Z,30819.5
2025-08-13T00:00:00Z,30658.4
2025-08-13T01:00:00Z,31851.9
2025-08-13T02:00:00Z,31794.7
2025-08-13T03:00:00Z,32917.4
2025-08-13T04:00:00Z,33981.9
2025-08-13T05:00:00Z,35045.4
2025-08-13T06:00:00Z,37683.5
2025-08-13T07:00:00Z,38363.0
2025-08-13T08:00:00Z,40031.7
2025-08-13T09:00:00Z,40120.1
2025-08-13T10:00:00Z,43285.9
2025-08-13T11:00:00Z,43174.1
2025-08-13T12:00:00Z,42947.4
2025-08-13T13:00:00Z,42384.7
2025-08-13T14:00:00Z,41867.4
2025-08-13T15:00:00Z,40342.5
2025-08-13T16:00:00Z,40190.8
2025-08-13T17:00:00Z,38038.8
2025-08-13T18:00:00Z,37126.4
2025-08-13T19:00:00Z,35564.5
2025-08-13T20:00:00Z,34845.2
2025-08-13T21:00:00Z,32716.6
2025-08-13T22:00:00Z,31791.5
2025-08-13T23:00:00Z,31289.9
2025-08-14T00:00:00Z,30626.8
2025-08-14T01:00:00Z,31026.7
2025-08-14T02:00:00Z,31927.1
2025-08-14T03:00:00Z,33320.7
2025-08-14T04:00:00Z,34372.8
2025-08-14T05:00:00Z,35326.0
2025-08-14T06:00:00Z,37661.4
2025-08-14T07:00:00Z,38424.6
2025-08-14T08:00:00Z,39309.9
2025-08-14T09:00:00Z,42146.7
2025-08-14T10:00:00Z,42329.0
2025-08-14T11:00:00Z,42695.4
2025-08-14T12:00:00Z,42524.3
2025-08-14T13:00:00Z,42710.3
2025-08-14T14:00:00Z,43186.3
2025-08-14T15:00:00Z,41332.8
2025-08-14T16:00:00Z,41236.5
2025-08-14T17:00:00Z,38653.0
2025-08-14T18:00:00Z,37642.5
2025-08-14T19:00:00Z,35509.6
2025-08-14T20:00:00Z,33792.2
2025-08-14T21:00:00Z,32547.7
2025-08-14T22:00:00Z,31662.8
2025-08-14T23:00:00Z,30575.3
2025-08-15T00:00:00Z,30467.3
2025-08-15T01:00:00Z,31491.0
2025-08-15T02:00:00Z,32550.8
2025-08-15T03:00:00Z,32964.5
2025-08-15T04:00:00Z,34170.6
2025-08-15T05:00:00Z,35149.1
2025-08-15T06:00:00Z,37766.7
2025-08-15T07:00:00Z,39300.9
2025-08-15T08:00:00Z,39642.4
2025-08-15T09:00:00Z,41530.8
2025-08-15T10:00:00Z,42292.4
2025-08-15T11:00:00Z,42308.9
2025-08-15T12:00:00Z,44098.6
2025-08-15T13:00:00Z,43674.7
2025-08-15T14:00:00Z,42626.3
2025-08-15T15:00:00Z,42217.6
2025-08-15T16:00:00Z,39977.3
2025-08-15T17:00:00Z,38910.6
2025-08-15T18:00:00Z,37882.2
2025-08-15T19:00:00Z,35469.3
2025-08-15T20:00:00Z,34306.0
2025-08-15T21:00:00Z,32397.3
2025-08-15T22:00:00Z,32254.1
2025-08-15T23:00:00Z,31904.9
2025-08-16T00:00:00Z,29030.8
2025-08-16T01:00:00Z,29332.4
2025-08-16T02:00:00Z,30305.0
2025-08-16T03:00:00Z,32019.4
2025-08-16T04:00:00Z,32305.5
2025-08-16T05:00:00Z,33606.9
2025-08-16T06:00:00Z,35550.7
2025-08-16T07:00:00Z,37759.4
2025-08-16T08:00:00Z,37866.9
2025-08-16T09:00:00Z,39818.3
2025-08-16T10:00:00Z,41537.4
2025-08-16T11:00:00Z,41461.5
2025-08-16T12:00:00Z,41539.5
2025-08-16T13:00:00Z,41910.2
2025-08-16T14:00:00Z,40250.8
2025-08-16T15:00:00Z,40943.1
2025-08-16T16:00:00Z,38880.2
2025-08-16T17:00:00Z,36972.0
2025-08-16T18:00:00Z,35632.3
2025-08-16T19:00:00Z,33979.6
2025-08-16T20:00:00Z,32395.4
2025-08-16T21:00:00Z,30658.1
2025-08-16T22:00:00Z,30186.4
2025-08-16T23:00:00Z,28827.2
2025-08-17T00:00:00Z,30305.4
2025-08-17T01:00:00Z,29238.0
2025-08-17T02:00:00Z,30044.0
2025-08-17T03:00:00Z,30978.7
2025-08-17T04:00:00Z,33009.0
2025-08-17T05:00:00Z,34008.3
2025-08-17T06:00:00Z,36413.3
2025-08-17T07:00:00Z,37026.1
2025-08-17T08:00:00Z,38802.4
2025-08-17T09:00:00Z,39953.3
2025-08-17T10:00:00Z,40781.0
2025-08-17T11:00:00Z,42128.7
2025-08-17T12:00:00Z,42393.3
2025-08-17T13:00:00Z,42228.2
2025-08-17T14:00:00Z,40250.8
2025-08-17T15:00:00Z,40162.8
2025-08-17T16:00:00Z,38154.8
2025-08-17T17:00:00Z,36672.2
2025-08-17T18:00:00Z,34766.1
2025-08-17T19:00:00Z,33626.9
2025-08-17T20:00:00Z,32942.2
2025-08-17T21:00:00Z,32085.5
2025-08-17T22:00:00Z,31292.4
2025-08-17T23:00:00Z,29342.6
2025-08-18T00:00:00Z,31081.7
2025-08-18T01:00:00Z,31724.7
2025-08-18T02:00:00Z,32288.3
2025-08-18T03:00:00Z,33291.3
2025-08-18T04:00:00Z,33551.2
2025-08-18T05:00:00Z,35812.4
2025-08-18T06:00:00Z,37779.6
2025-08-18T07:00:00Z,39193.3
2025-08-18T08:00:00Z,40466.2
2025-08-18T09:00:00Z,41419.0
2025-08-18T10:00:00Z,42706.9
2025-08-18T11:00:00Z,44174.1
2025-08-18T12:00:00Z,43824.6
2025-08-18T13:00:00Z,43896.5
2025-08-18T14:00:00Z,43596.3
2025-08-18T15:00:00Z,41234.3
2025-08-18T16:00:00Z,40865.4
2025-08-18T17:00:00Z,39291.3
2025-08-18T18:00:00Z,38154.0
2025-08-18T19:00:00Z,35782.5
2025-08-18T20:00:00Z,34325.6
2025-08-18T21:00:00Z,32840.8
2025-08-18T22:00:00Z,32298.1
2025-08-18T23:00:00Z,31454.1
2025-08-19T00:00:00Z,31420.7
2025-08-19T01:00:00Z,31874.3
2025-08-19T02:00:00Z,32119.7
2025-08-19T03:00:00Z,32807.9
2025-08-19T04:00:00Z,34330.8
2025-08-19T05:00:00Z,35727.4
2025-08-19T06:00:00Z,37796.8
2025-08-19T07:00:00Z,39787.2
2025-08-19T08:00:00Z,40449.2
2025-08-19T09:00:00Z,40640.8
2025-08-19T10:00:00Z,43145.8
2025-08-19T11:00:00Z,43425.5
2025-08-19T12:00:00Z,43186.1
2025-08-19T13:00:00Z,43329.0
2025-08-19T14:00:00Z,43790.1
2025-08-19T15:00:00Z,41123.1
2025-08-19T16:00:00Z,40029.3
2025-08-19T17:00:00Z,39119.5
2025-08-19T18:00:00Z,35994.8
2025-08-19T19:00:00Z,35765.8
2025-08-19T20:00:00Z,35025.6
2025-08-19T21:00:00Z,33545.7
2025-08-19T22:00:00Z,32493.0
2025-08-19T23:00:00Z,31524.3
2025-08-20T00:00:00Z,31515.6
2025-08-20T01:00:00Z,33196.0
2025-08-20T02:00:00Z,32532.0
2025-08-20T03:00:00Z,34064.3
2025-08-20T04:00:00Z,34004.3
2025-08-20T05:00:00Z,36234.1
2025-08-20T06:00:00Z,37868.4
2025-08-20T07:00:00Z,39337.8
2025-08-20T08:00:00Z,39627.0
2025-08-20T09:00:00Z,41774.4
2025-08-20T10:00:00Z,43694.3
2025-08-20T11:00:00Z,43844.2
2025-08-20T12:00:00Z,43374.5
2025-08-20T13:00:00Z,44007.6
2025-08-20T14:00:00Z,42003.7
2025-08-20T15:00:00Z,42284.2
2025-08-20T16:00:00Z,40903.1
2025-08-20T17:00:00Z,38948.1
2025-08-20T18:00:00Z,37166.7
2025-08-20T19:00:00Z,35265.1
2025-08-20T20:00:00Z,34528.0
2025-08-20T21:00:00Z,34259.0
2025-08-20T22:00:00Z,32850.8
2025-08-20T23:00:00Z,32012.9
2025-08-21T00:00:00Z,32175.0
2025-08-21T01:00:00Z,31612.9
2025-08-21T02:00:00Z,32788.7
2025-08-21T03:00:00Z,32008.9
2025-08-21T04:00:00Z,34498.5
2025-08-21T05:00:00Z,35970.3
2025-08-21T06:00:00Z,37753.9
2025-08-21T07:00:00Z,39275.6
2025-08-21T08:00:00Z,41128.3
2025-08-21T09:00:00Z,41774.0
2025-08-21T10:00:00Z,43525.0
2025-08-21T11:00:00Z,43537.3
2025-08-21T12:00:00Z,44313.0
2025-08-21T13:00:00Z,43721.4
2025-08-21T14:00:00Z,43484.8
2025-08-21T15:00:00Z,42320.1
2025-08-21T16:00:00Z,40519.1
2025-08-21T17:00:00Z,39450.7
2025-08-21T18:00:00Z,37119.3
2025-08-21T19:00:00Z,36229.6
2025-08-21T20:00:00Z,34928.5
2025-08-21T21:00:00Z,33335.5
2025-08-21T22:00:00Z,32424.3
2025-08-21T23:00:00Z,32397.5
2025-08-22T00:00:00Z,32410.9
2025-08-22T01:00:00Z,32726.7
2025-08-22T02:00:00Z,32325.8
2025-08-22T03:00:00Z,33366.5
2025-08-22T04:00:00Z,35244.2
2025-08-22T05:00:00Z,36762.4
2025-08-22T06:00:00Z,36962.7
2025-08-22T07:00:00Z,40463.6
2025-08-22T08:00:00Z,41516.0
2025-08-22T09:00:00Z,41560.1
2025-08-22T10:00:00Z,43745.4
2025-08-22T11:00:00Z,43557.6
2025-08-22T12:00:00Z,43915.8
2025-08-22T13:00:00Z,43273.2
2025-08-22T14:00:00Z,42749.3
2025-08-22T15:00:00Z,42002.7
2025-08-22T16:00:00Z,40983.7
2025-08-22T17:00:00Z,38908.7
2025-08-22T18:00:00Z,37861.9
2025-08-22T19:00:00Z,35962.1
2025-08-22T20:00:00Z,34586.3
2025-08-22T21:00:00Z,33144.9
2025-08-22T22:00:00Z,32309.3
2025-08-22T23:00:00Z,32830.3
2025-08-23T00:00:00Z,29407.3
2025-08-23T01:00:00Z,29767.4
2025-08-23T02:00:00Z,31006.6
2025-08-23T03:00:00Z,31755.8
2025-08-23T04:00:00Z,32736.0
2025-08-23T05:00:00Z,34942.3
2025-08-23T06:00:00Z,35717.8
2025-08-23T07:00:00Z,37883.6
2025-08-23T08:00:00Z,39835.4
2025-08-23T09:00:00Z,40900.3
2025-08-23T10:00:00Z,41434.7
2025-08-23T11:00:00Z,42190.7
2025-08-23T12:00:00Z,42483.3
2025-08-23T13:00:00Z,42493.6
2025-08-23T14:00:00Z,41096.9
2025-08-23T15:00:00Z,41255.8
2025-08-23T16:00:00Z,39734.2
2025-08-23T17:00:00Z,38829.6
2025-08-23T18:00:00Z,36736.2
2025-08-23T19:00:00Z,35255.4
2025-08-23T20:00:00Z,31771.0
2025-08-23T21:00:00Z,31782.0
2025-08-23T22:00:00Z,31983.1
2025-08-23T23:00:00Z,30626.0
2025-08-24T00:00:00Z,30098.0
2025-08-24T01:00:00Z,30888.4
2025-08-24T02:00:00Z,31188.9
2025-08-24T03:00:00Z,32314.5
2025-08-24T04:00:00Z,33006.5
2025-08-24T05:00:00Z,35107.4
2025-08-24T06:00:00Z,37185.2
2025-08-24T07:00:00Z,38112.8
2025-08-24T08:00:00Z,39683.4
2025-08-24T09:00:00Z,40364.2
2025-08-24T10:00:00Z,41931.7
2025-08-24T11:00:00Z,42086.8
2025-08-24T12:00:00Z,41812.0
2025-08-24T13:00:00Z,42080.9
2025-08-24T14:00:00Z,41565.5
2025-08-24T15:00:00Z,41001.5
2025-08-24T16:00:00Z,39940.3
2025-08-24T17:00:00Z,37887.0
2025-08-24T18:00:00Z,36229.7
2025-08-24T19:00:00Z,35161.9
2025-08-24T20:00:00Z,32911.1
2025-08-24T21:00:00Z,31938.0
2025-08-24T22:00:00Z,31020.6
2025-08-24T23:00:00Z,30449.0
2025-08-25T00:00:00Z,31817.2
2025-08-25T01:00:00Z,33154.5
2025-08-25T02:00:00Z,33421.8
2025-08-25T03:00:00Z,33817.4
2025-08-25T04:00:00Z,34434.5
2025-08-25T05:00:00Z,36375.0
2025-08-25T06:00:00Z,38507.1
2025-08-25T07:00:00Z,38791.7
2025-08-25T08:00:00Z,42511.8
2025-08-25T09:00:00Z,42471.5
2025-08-25T10:00:00Z,43451.8
2025-08-25T11:00:00Z,44409.0
2025-08-25T12:00:00Z,43568.7
2025-08-25T13:00:00Z,44120.1
2025-08-25T14:00:00Z,43475.6
2025-08-25T15:00:00Z,42873.7
2025-08-25T16:00:00Z,40738.3
2025-08-25T17:00:00Z,40102.3
2025-08-25T18:00:00Z,38814.3
2025-08-25T19:00:00Z,36784.9
2025-08-25T20:00:00Z,34890.8
2025-08-25T21:00:00Z,33474.9
2025-08-25T22:00:00Z,32036.3
2025-08-25T23:00:00Z,32040.2
2025-08-26T00:00:00Z,32482.1
2025-08-26T01:00:00Z,33196.4
2025-08-26T02:00:00Z,33568.7
2025-08-26T03:00:00Z,34619.4
2025-08-26T04:00:00Z,35029.6
2025-08-26T05:00:00Z,36519.3
2025-08-26T06:00:00Z,37533.1
2025-08-26T07:00:00Z,39547.4
2025-08-26T08:00:00Z,40781.2
2025-08-26T09:00:00Z,42490.1
2025-08-26T10:00:00Z,43926.8
2025-08-26T11:00:00Z,44132.3
2025-08-26T12:00:00Z,44232.5
2025-08-26T13:00:00Z,44542.6
2025-08-26T14:00:00Z,44354.0
2025-08-26T15:00:00Z,43167.6
2025-08-26T16:00:00Z,40495.1
2025-08-26T17:00:00Z,40776.5
2025-08-26T18:00:00Z,38091.2
2025-08-26T19:00:00Z,36007.0
2025-08-26T20:00:00Z,35090.1
2025-08-26T21:00:00Z,34520.9
2025-08-26T22:00:00Z,31692.4
2025-08-26T23:00:00Z,33102.7
2025-08-27T00:00:00Z,32442.6
2025-08-27T01:00:00Z,32824.2
2025-08-27T02:00:00Z,32450.3
2025-08-27T03:00:00Z,33832.4
2025-08-27T04:00:00Z,34796.9
2025-08-27T05:00:00Z,37440.7
2025-08-27T06:00:00Z,38022.6
2025-08-27T07:00:00Z,40183.6
2025-08-27T08:00:00Z,41125.4
2025-08-27T09:00:00Z,41875.6
2025-08-27T10:00:00Z,44136.7
2025-08-27T11:00:00Z,44901.4
2025-08-27T12:00:00Z,45271.0
2025-08-27T13:00:00Z,44013.6
2025-08-27T14:00:00Z,43712.7
2025-08-27T15:00:00Z,43073.9
2025-08-27T16:00:00Z,41629.5
2025-08-27T17:00:00Z,40100.7
2025-08-27T18:00:00Z,39606.3
2025-08-27T19:00:00Z,36628.6
2025-08-27T20:00:00Z,35824.4
2025-08-27T21:00:00Z,33842.5
2025-08-27T22:00:00Z,33869.5
2025-08-27T23:00:00Z,32406.7
2025-08-28T00:00:00Z,31930.2
2025-08-28T01:00:00Z,33021.9
2025-08-28T02:00:00Z,33273.5
2025-08-28T03:00:00Z,34020.4
2025-08-28T04:00:00Z,35361.6
2025-08-28T05:00:00Z,36628.5
2025-08-28T06:00:00Z,38782.2
2025-08-28T07:00:00Z,40261.6
2025-08-28T08:00:00Z,42409.4
2025-08-28T09:00:00Z,42475.9
2025-08-28T10:00:00Z,44518.3
2025-08-28T11:00:00Z,44679.5
2025-08-28T12:00:00Z,43886.6
2025-08-28T13:00:00Z,45162.3
2025-08-28T14:00:00Z,42887.8
2025-08-28T15:00:00Z,43083.1
2025-08-28T16:00:00Z,40615.7
2025-08-28T17:00:00Z,40236.2
2025-08-28T18:00:00Z,38333.2
2025-08-28T19:00:00Z,36809.7
2025-08-28T20:00:00Z,34506.4
2025-08-28T21:00:00Z,33832.0
2025-08-28T22:00:00Z,33859.4
2025-08-28T23:00:00Z,32970.0
2025-08-29T00:00:00Z,32511.2
2025-08-29T01:00:00Z,32688.9
2025-08-29T02:00:00Z,33034.3
2025-08-29T03:00:00Z,35072.5
2025-08-29T04:00:00Z,35580.6
2025-08-29T05:00:00Z,37622.8
2025-08-29T06:00:00Z,37888.2
2025-08-29T07:00:00Z,39431.6
2025-08-29T08:00:00Z,42387.2
2025-08-29T09:00:00Z,42506.3
2025-08-29T10:00:00Z,43823.7
2025-08-29T11:00:00Z,44776.4
2025-08-29T12:00:00Z,45212.7
2025-08-29T13:00:00Z,44860.2
2025-08-29T14:00:00Z,44212.7
2025-08-29T15:00:00Z,43792.9
2025-08-29T16:00:00Z,41835.6
2025-08-29T17:00:00Z,40700.9
2025-08-29T18:00:00Z,38684.7
2025-08-29T19:00:00Z,37170.5
2025-08-29T20:00:00Z,36590.0
2025-08-29T21:00:00Z,34229.3
2025-08-29T22:00:00Z,32098.5
2025-08-29T23:00:00Z,32823.3
2025-08-30T00:00:00Z,31079.6
2025-08-30T01:00:00Z,32125.3
2025-08-30T02:00:00Z,31604.8
2025-08-30T03:00:00Z,32172.5
2025-08-30T04:00:00Z,34085.9
2025-08-30T05:00:00Z,36435.0
2025-08-30T06:00:00Z,36886.9
2025-08-30T07:00:00Z,39286.9
2025-08-30T08:00:00Z,40360.9
2025-08-30T09:00:00Z,41693.5
2025-08-30T10:00:00Z,41898.8
2025-08-30T11:00:00Z,42969.6
2025-08-30T12:00:00Z,42723.8
2025-08-30T13:00:00Z,42931.4
2025-08-30T14:00:00Z,41959.6
2025-08-30T15:00:00Z,41914.1
2025-08-30T16:00:00Z,39812.5
2025-08-30T17:00:00Z,38494.3
2025-08-30T18:00:00Z,35893.6
2025-08-30T19:00:00Z,34952.2
2025-08-30T20:00:00Z,35237.8
2025-08-30T21:00:00Z,32522.2
2025-08-30T22:00:00Z,30929.9
2025-08-30T23:00:00Z,31136.3
2025-08-31T00:00:00Z,30911.6
2025-08-31T01:00:00Z,30977.6
2025-08-31T02:00:00Z,31691.1
2025-08-31T03:00:00Z,32568.8
2025-08-31T04:00:00Z,34548.3
2025-08-31T05:00:00Z,34923.1
2025-08-31T06:00:00Z,37223.2
2025-08-31T07:00:00Z,39118.7
2025-08-31T08:00:00Z,39698.6
2025-08-31T09:00:00Z,42575.5
2025-08-31T10:00:00Z,42412.7
2025-08-31T11:00:00Z,42939.9
2025-08-31T12:00:00Z,42913.5
2025-08-31T13:00:00Z,43394.0
2025-08-31T14:00:00Z,41566.3
2025-08-31T15:00:00Z,41713.7
2025-08-31T16:00:00Z,41289.2
2025-08-31T17:00:00Z,38867.6
2025-08-31T18:00:00Z,37549.0
2025-08-31T19:00:00Z,35078.6
2025-08-31T20:00:00Z,34484.8
2025-08-31T21:00:00Z,32430.2
2025-08-31T22:00:00Z,31634.3
2025-08-31T23:00:00Z,31255.6
2025-09-01T00:00:00Z,33811.9
2025-09-01T01:00:00Z,32741.4
2025-09-01T02:00:00Z,32656.3
2025-09-01T03:00:00Z,34686.4
2025-09-01T04:00:00Z,36281.2
2025-09-01T05:00:00Z,37691.5
2025-09-01T06:00:00Z,39047.2
2025-09-01T07:00:00Z,41211.0
2025-09-01T08:00:00Z,42432.9
2025-09-01T09:00:00Z,43671.9
2025-09-01T10:00:00Z,43993.3
2025-09-01T11:00:00Z,44071.7
2025-09-01T12:00:00Z,45856.4
2025-09-01T13:00:00Z,44377.7
2025-09-01T14:00:00Z,44874.2
2025-09-01T15:00:00Z,43853.0
2025-09-01T16:00:00Z,41392.5
2025-09-01T17:00:00Z,40193.6
2025-09-01T18:00:00Z,39165.3
2025-09-01T19:00:00Z,37872.8
2025-09-01T20:00:00Z,35418.1
2025-09-01T21:00:00Z,34498.2
2025-09-01T22:00:00Z,33152.6
2025-09-01T23:00:00Z,32448.5
2025-09-02T00:00:00Z,33003.0
2025-09-02T01:00:00Z,32917.0
2025-09-02T02:00:00Z,32729.0
2025-09-02T03:00:00Z,34941.0
2025-09-02T04:00:00Z,35794.7
2025-09-02T05:00:00Z,37256.5
2025-09-02T06:00:00Z,38352.5
2025-09-02T07:00:00Z,40976.6
2025-09-02T08:00:00Z,42231.6
2025-09-02T09:00:00Z,43489.7
2025-09-02T10:00:00Z,44268.9
2025-09-02T11:00:00Z,45092.9
2025-09-02T12:00:00Z,45931.2
2025-09-02T13:00:00Z,45003.1
2025-09-02T14:00:00Z,44423.2
2025-09-02T15:00:00Z,43104.1
2025-09-02T16:00:00Z,42412.6
2025-09-02T17:00:00Z,40484.8
2025-09-02T18:00:00Z,38661.0
2025-09-02T19:00:00Z,38038.1
2025-09-02T20:00:00Z,35904.3
2025-09-02T21:00:00Z,34283.9
2025-09-02T22:00:00Z,33399.1
2025-09-02T23:00:00Z,32885.0
2025-09-03T00:00:00Z,32484.3
2025-09-03T01:00:00Z,33984.4
2025-09-03T02:00:00Z,34154.6
2025-09-03T03:00:00Z,34122.7
2025-09-03T04:00:00Z,36680.8
2025-09-03T05:00:00Z,37359.1
2025-09-03T06:00:00Z,39256.8
2025-09-03T07:00:00Z,40502.4
2025-09-03T08:00:00Z,42380.0
2025-09-03T09:00:00Z,43622.6
2025-09-03T10:00:00Z,44782.5
2025-09-03T11:00:00Z,45423.2
2025-09-03T12:00:00Z,43891.9
2025-09-03T13:00:00Z,44733.0
2025-09-03T14:00:00Z,44361.0
2025-09-03T15:00:00Z,43297.3
2025-09-03T16:00:00Z,41395.0
2025-09-03T17:00:00Z,40472.8
2025-09-03T18:00:00Z,38988.9
2025-09-03T19:00:00Z,36461.7
2025-09-03T20:00:00Z,35590.8
2025-09-03T21:00:00Z,35139.2
2025-09-03T22:00:00Z,33415.6
2025-09-03T23:00:00Z,33094.6
2025-09-04T00:00:00Z,33066.5
2025-09-04T01:00:00Z,33531.0
2025-09-04T02:00:00Z,34255.9
2025-09-04T03:00:00Z,35390.5
2025-09-04T04:00:00Z,36177.1
2025-09-04T05:00:00Z,37690.8
2025-09-04T06:00:00Z,39096.3
2025-09-04T07:00:00Z,40846.8
2025-09-04T08:00:00Z,42156.3
2025-09-04T09:00:00Z,43859.5
2025-09-04T10:00:00Z,44805.4
2025-09-04T11:00:00Z,44353.9
2025-09-04T12:00:00Z,44106.8
2025-09-04T13:00:00Z,45275.2
2025-09-04T14:00:00Z,44179.2
2025-09-04T15:00:00Z,42690.2
2025-09-04T16:00:00Z,42703.4
2025-09-04T17:00:00Z,41516.7
2025-09-04T18:00:00Z,38592.1
2025-09-04T19:00:00Z,37115.0
2025-09-04T20:00:00Z,35782.0
2025-09-04T21:00:00Z,34459.0
2025-09-04T22:00:00Z,33835.8
2025-09-04T23:00:00Z,32715.2
2025-09-05T00:00:00Z,33157.5
2025-09-05T01:00:00Z,33169.5
2025-09-05T02:00:00Z,34513.9
2025-09-05T03:00:00Z,34895.4
2025-09-05T04:00:00Z,36661.1
2025-09-05T05:00:00Z,38439.6
2025-09-05T06:00:00Z,39517.1
2025-09-05T07:00:00Z,41157.6
2025-09-05T08:00:00Z,42045.3
2025-09-05T09:00:00Z,43559.0
2025-09-05T10:00:00Z,45685.0
2025-09-05T11:00:00Z,45829.6
2025-09-05T12:00:00Z,45356.8
2025-09-05T13:00:00Z,44926.3
2025-09-05T14:00:00Z,44442.3
2025-09-05T15:00:00Z,44109.6
2025-09-05T16:00:00Z,41244.9
2025-09-05T17:00:00Z,40950.8
2025-09-05T18:00:00Z,38575.2
2025-09-05T19:00:00Z,38399.0
2025-09-05T20:00:00Z,35473.9
2025-09-05T21:00:00Z,35411.3
2025-09-05T22:00:00Z,33828.7
2025-09-05T23:00:00Z,33377.9
2025-09-06T00:00:00Z,32402.1
2025-09-06T01:00:00Z,31761.9
2025-09-06T02:00:00Z,32722.5
2025-09-06T03:00:00Z,33538.9
2025-09-06T04:00:00Z,34011.8
2025-09-06T05:00:00Z,36050.7
2025-09-06T06:00:00Z,38146.5
2025-09-06T07:00:00Z,39402.1
2025-09-06T08:00:00Z,40793.2
2025-09-06T09:00:00Z,41587.5
2025-09-06T10:00:00Z,43713.6
2025-09-06T11:00:00Z,43244.5
2025-09-06T12:00:00Z,44657.1
2025-09-06T13:00:00Z,43629.3
2025-09-06T14:00:00Z,43285.5
2025-09-06T15:00:00Z,41234.2
2025-09-06T16:00:00Z,40755.1
2025-09-06T17:00:00Z,38745.8
2025-09-06T18:00:00Z,37699.4
2025-09-06T19:00:00Z,36699.9
2025-09-06T20:00:00Z,34797.9
2025-09-06T21:00:00Z,33485.4
2025-09-06T22:00:00Z,32888.5
2025-09-06T23:00:00Z,31172.7
2025-09-07T00:00:00Z,31717.2
2025-09-07T01:00:00Z,31560.2
2025-09-07T02:00:00Z,33044.3
2025-09-07T03:00:00Z,33088.5
2025-09-07T04:00:00Z,35540.0
2025-09-07T05:00:00Z,37224.6
2025-09-07T06:00:00Z,36675.6
2025-09-07T07:00:00Z,39255.4
2025-09-07T08:00:00Z,39989.9
2025-09-07T09:00:00Z,42699.0
2025-09-07T10:00:00Z,42588.7
2025-09-07T11:00:00Z,43965.5
2025-09-07T12:00:00Z,44012.1
2025-09-07T13:00:00Z,43166.5
2025-09-07T14:00:00Z,42255.7
2025-09-07T15:00:00Z,42641.8
2025-09-07T16:00:00Z,40501.0
2025-09-07T17:00:00Z,39479.0
2025-09-07T18:00:00Z,38496.4
2025-09-07T19:00:00Z,36176.2
2025-09-07T20:00:00Z,34568.3
2025-09-07T21:00:00Z,32939.0
2025-09-07T22:00:00Z,32734.0
2025-09-07T23:00:00Z,31467.6
2025-09-08T00:00:00Z,32588.5
2025-09-08T01:00:00Z,33359.5
2025-09-08T02:00:00Z,33945.7
2025-09-08T03:00:00Z,34400.5
2025-09-08T04:00:00Z,36369.6
2025-09-08T05:00:00Z,38378.6
2025-09-08T06:00:00Z,39830.9
2025-09-08T07:00:00Z,42152.1
2025-09-08T08:00:00Z,43163.2
2025-09-08T09:00:00Z,43975.9
2025-09-08T10:00:00Z,43765.4
2025-09-08T11:00:00Z,45534.8
2025-09-08T12:00:00Z,46254.3
2025-09-08T13:00:00Z,45281.5
2025-09-08T14:00:00Z,45550.2
2025-09-08T15:00:00Z,43374.0
2025-09-08T16:00:00Z,42723.3
2025-09-08T17:00:00Z,41548.8
2025-09-08T18:00:00Z,40420.2
2025-09-08T19:00:00Z,37946.2
2025-09-08T20:00:00Z,37513.0
2025-09-08T21:00:00Z,35059.4
2025-09-08T22:00:00Z,33350.9
2025-09-08T23:00:00Z,33610.1
2025-09-09T00:00:00Z,34254.2
2025-09-09T01:00:00Z,33572.5
2025-09-09T02:00:00Z,35207.1
2025-09-09T03:00:00Z,35216.3
2025-09-09T04:00:00Z,37566.1
2025-09-09T05:00:00Z,36906.2
2025-09-09T06:00:00Z,40813.6
2025-09-09T07:00:00Z,40138.3
2025-09-09T08:00:00Z,42635.4
2025-09-09T09:00:00Z,43309.7
2025-09-09T10:00:00Z,45059.2
2025-09-09T11:00:00Z,45388.4
2025-09-09T12:00:00Z,45553.2
2025-09-09T13:00:00Z,45831.7
2025-09-09T14:00:00Z,45395.9
2025-09-09T15:00:00Z,43753.8
2025-09-09T16:00:00Z,43309.7
2025-09-09T17:00:00Z,40292.4
2025-09-09T18:00:00Z,39065.5
2025-09-09T19:00:00Z,37332.2
2025-09-09T20:00:00Z,36828.0
2025-09-09T21:00:00Z,35792.7
2025-09-09T22:00:00Z,34125.5
2025-09-09T23:00:00Z,33405.5
2025-09-10T00:00:00Z,32984.9
2025-09-10T01:00:00Z,34173.4
2025-09-10T02:00:00Z,35023.5
2025-09-10T03:00:00Z,35101.4
2025-09-10T04:00:00Z,36558.7
2025-09-10T05:00:00Z,37909.5
2025-09-10T06:00:00Z,39682.8
2025-09-10T07:00:00Z,41512.6
2025-09-10T08:00:00Z,41578.3
2025-09-10T09:00:00Z,43716.9
2025-09-10T10:00:00Z,45392.4
2025-09-10T11:00:00Z,45098.6
2025-09-10T12:00:00Z,46447.1
2025-09-10T13:00:00Z,46316.8
2025-09-10T14:00:00Z,44474.2
2025-09-10T15:00:00Z,43586.7
2025-09-10T16:00:00Z,43431.6
2025-09-10T17:00:00Z,40414.4
2025-09-10T18:00:00Z,39147.7
2025-09-10T19:00:00Z,37271.1
2025-09-10T20:00:00Z,36669.8
2025-09-10T21:00:00Z,35581.9
2025-09-10T22:00:00Z,34684.1
2025-09-10T23:00:00Z,33967.9
2025-09-11T00:00:00Z,32955.6
2025-09-11T01:00:00Z,34515.0
2025-09-11T02:00:00Z,34473.5
2025-09-11T03:00:00Z,35264.6
2025-09-11T04:00:00Z,37633.7
2025-09-11T05:00:00Z,38264.8
2025-09-11T06:00:00Z,39959.7
2025-09-11T07:00:00Z,41789.6
2025-09-11T08:00:00Z,43875.2
2025-09-11T09:00:00Z,44070.6
2025-09-11T10:00:00Z,45406.5
2025-09-11T11:00:00Z,44426.8
2025-09-11T12:00:00Z,45345.4
2025-09-11T13:00:00Z,46733.3
2025-09-11T14:00:00Z,46089.1
2025-09-11T15:00:00Z,43995.1
2025-09-11T16:00:00Z,42344.5
2025-09-11T17:00:00Z,40627.8
2025-09-11T18:00:00Z,39139.3
2025-09-11T19:00:00Z,37891.6
2025-09-11T20:00:00Z,35818.7
2025-09-11T21:00:00Z,35408.0
2025-09-11T22:00:00Z,34408.7
2025-09-11T23:00:00Z,33240.4
2025-09-12T00:00:00Z,33073.5
2025-09-12T01:00:00Z,33349.1
2025-09-12T02:00:00Z,34315.5
2025-09-12T03:00:00Z,35424.0
2025-09-12T04:00:00Z,37097.9
2025-09-12T05:00:00Z,37348.7
2025-09-12T06:00:00Z,39659.0
2025-09-12T07:00:00Z,41434.4
2025-09-12T08:00:00Z,43053.9
2025-09-12T09:00:00Z,44594.0
2025-09-12T10:00:00Z,44900.6
2025-09-12T11:00:00Z,46372.6
2025-09-12T12:00:00Z,47133.3
2025-09-12T13:00:00Z,45957.3
2025-09-12T14:00:00Z,45933.7
2025-09-12T15:00:00Z,44666.1
2025-09-12T16:00:00Z,43131.3
2025-09-12T17:00:00Z,41318.2
2025-09-12T18:00:00Z,39990.8
2025-09-12T19:00:00Z,39357.3
2025-09-12T20:00:00Z,36854.9
2025-09-12T21:00:00Z,35151.6
2025-09-12T22:00:00Z,34330.6
2025-09-12T23:00:00Z,34390.7
2025-09-13T00:00:00Z,31826.5
2025-09-13T01:00:00Z,32846.0
2025-09-13T02:00:00Z,33360.4
2025-09-13T03:00:00Z,34066.4
2025-09-13T04:00:00Z,36074.8
2025-09-13T05:00:00Z,35993.7
2025-09-13T06:00:00Z,37963.3
2025-09-13T07:00:00Z,39734.9
2025-09-13T08:00:00Z,41498.3
2025-09-13T09:00:00Z,41847.2
2025-09-13T10:00:00Z,43220.2
2025-09-13T11:00:00Z,44805.2
2025-09-13T12:00:00Z,44123.1
2025-09-13T13:00:00Z,44602.8
2025-09-13T14:00:00Z,43388.4
2025-09-13T15:00:00Z,42149.7
2025-09-13T16:00:00Z,41549.2
2025-09-13T17:00:00Z,40493.4
2025-09-13T18:00:00Z,38209.0
2025-09-13T19:00:00Z,35973.3
2025-09-13T20:00:00Z,34781.7
2025-09-13T21:00:00Z,33690.8
2025-09-13T22:00:00Z,32820.0
2025-09-13T23:00:00Z,31856.8
2025-09-14T00:00:00Z,32570.4
2025-09-14T01:00:00Z,31864.0
2025-09-14T02:00:00Z,33538.1
2025-09-14T03:00:00Z,33441.1
2025-09-14T04:00:00Z,34742.9
2025-09-14T05:00:00Z,37307.1
2025-09-14T06:00:00Z,38666.0
2025-09-14T07:00:00Z,39691.3
2025-09-14T08:00:00Z,41023.9
2025-09-14T09:00:00Z,42478.2
2025-09-14T10:00:00Z,43587.8
2025-09-14T11:00:00Z,44301.8
2025-09-14T12:00:00Z,44925.2
2025-09-14T13:00:00Z,43740.6
2025-09-14T14:00:00Z,43568.2
2025-09-14T15:00:00Z,42630.8
2025-09-14T16:00:00Z,40624.4
2025-09-14T17:00:00Z,40476.7
2025-09-14T18:00:00Z,39166.8
2025-09-14T19:00:00Z,36714.0
2025-09-14T20:00:00Z,34333.9
2025-09-14T21:00:00Z,33561.7
2025-09-14T22:00:00Z,33505.8
2025-09-14T23:00:00Z,31349.1
2025-09-15T00:00:00Z,32919.4
2025-09-15T01:00:00Z,33899.1
2025-09-15T02:00:00Z,35015.3
2025-09-15T03:00:00Z,36170.1
2025-09-15T04:00:00Z,37526.2
2025-09-15T05:00:00Z,37231.9
2025-09-15T06:00:00Z,39733.4
2025-09-15T07:00:00Z,41107.1
2025-09-15T08:00:00Z,42568.9
2025-09-15T09:00:00Z,44744.3
2025-09-15T10:00:00Z,45526.8
2025-09-15T11:00:00Z,45532.3
2025-09-15T12:00:00Z,46242.0
2025-09-15T13:00:00Z,46027.0
2025-09-15T14:00:00Z,45970.9
2025-09-15T15:00:00Z,44059.4
2025-09-15T16:00:00Z,43410.7
2025-09-15T17:00:00Z,41246.8
2025-09-15T18:00:00Z,40272.8
2025-09-15T19:00:00Z,38451.8
2025-09-15T20:00:00Z,37140.0
2025-09-15T21:00:00Z,35744.6
2025-09-15T22:00:00Z,35559.8
2025-09-15T23:00:00Z,33820.3
2025-09-16T00:00:00Z,33567.1
2025-09-16T01:00:00Z,33970.2
2025-09-16T02:00:00Z,35103.7
2025-09-16T03:00:00Z,36201.8
2025-09-16T04:00:00Z,37075.1
2025-09-16T05:00:00Z,38235.2
2025-09-16T06:00:00Z,39943.3
2025-09-16T07:00:00Z,41378.6
2025-09-16T08:00:00Z,43450.3
2025-09-16T09:00:00Z,44452.5
2025-09-16T10:00:00Z,45544.5
2025-09-16T11:00:00Z,46069.2
2025-09-16T12:00:00Z,46282.8
2025-09-16T13:00:00Z,46615.6
2025-09-16T14:00:00Z,45187.5
2025-09-16T15:00:00Z,44673.4
2025-09-16T16:00:00Z,43430.1
2025-09-16T17:00:00Z,41368.2
2025-09-16T18:00:00Z,40973.0
2025-09-16T19:00:00Z,38691.9
2025-09-16T20:00:00Z,36540.2
2025-09-16T21:00:00Z,36324.7
2025-09-16T22:00:00Z,35158.6
2025-09-16T23:00:00Z,34620.3
2025-09-17T00:00:00Z,34023.5
2025-09-17T01:00:00Z,34155.3
2025-09-17T02:00:00Z,35016.4
2025-09-17T03:00:00Z,35229.4
2025-09-17T04:00:00Z,37248.3
2025-09-17T05:00:00Z,38668.3
2025-09-17T06:00:00Z,40652.2
2025-09-17T07:00:00Z,41676.5
2025-09-17T08:00:00Z,43549.4
2025-09-17T09:00:00Z,43803.0
2025-09-17T10:00:00Z,45096.1
2025-09-17T11:00:00Z,46469.8
2025-09-17T12:00:00Z,47013.9
2025-09-17T13:00:00Z,46524.5
2025-09-17T14:00:00Z,44730.1
2025-09-17T15:00:00Z,43991.5
2025-09-17T16:00:00Z,42938.4
2025-09-17T17:00:00Z,42390.2
2025-09-17T18:00:00Z,39898.4
2025-09-17T19:00:00Z,38740.9
2025-09-17T20:00:00Z,37386.5
2025-09-17T21:00:00Z,36124.2
2025-09-17T22:00:00Z,34857.0
2025-09-17T23:00:00Z,34484.3
2025-09-18T00:00:00Z,34599.3
2025-09-18T01:00:00Z,34468.6
2025-09-18T02:00:00Z,34971.5
2025-09-18T03:00:00Z,36353.6
2025-09-18T04:00:00Z,37975.6
2025-09-18T05:00:00Z,39917.5
2025-09-18T06:00:00Z,39705.8
2025-09-18T07:00:00Z,41982.0
2025-09-18T08:00:00Z,43366.0
2025-09-18T09:00:00Z,44029.4
2025-09-18T10:00:00Z,45399.4
2025-09-18T11:00:00Z,45810.7
2025-09-18T12:00:00Z,45868.0
2025-09-18T13:00:00Z,45843.6
2025-09-18T14:00:00Z,45850.2
2025-09-18T15:00:00Z,44057.9
2025-09-18T16:00:00Z,43045.6
2025-09-18T17:00:00Z,41771.6
2025-09-18T18:00:00Z,39768.6
2025-09-18T19:00:00Z,38075.4
2025-09-18T20:00:00Z,36425.3
2025-09-18T21:00:00Z,35579.9
2025-09-18T22:00:00Z,35679.2
2025-09-18T23:00:00Z,33533.2
2025-09-19T00:00:00Z,34647.7
2025-09-19T01:00:00Z,33978.5
2025-09-19T02:00:00Z,34574.5
2025-09-19T03:00:00Z,36392.0
2025-09-19T04:00:00Z,37543.9
2025-09-19T05:00:00Z,39053.9
2025-09-19T06:00:00Z,40307.5
2025-09-19T07:00:00Z,42313.3
2025-09-19T08:00:00Z,43042.3
2025-09-19T09:00:00Z,44786.4
2025-09-19T10:00:00Z,46060.4
2025-09-19T11:00:00Z,46167.5
2025-09-19T12:00:00Z,45971.8
2025-09-19T13:00:00Z,47017.8
2025-09-19T14:00:00Z,45471.7
2025-09-19T15:00:00Z,44130.3
2025-09-19T16:00:00Z,43667.8
2025-09-19T17:00:00Z,42519.1
2025-09-19T18:00:00Z,40596.3
2025-09-19T19:00:00Z,38146.6
2025-09-19T20:00:00Z,37303.1
2025-09-19T21:00:00Z,36167.6
2025-09-19T22:00:00Z,35361.1
2025-09-19T23:00:00Z,33731.7
2025-09-20T00:00:00Z,31971.1
2025-09-20T01:00:00Z,32905.6
2025-09-20T02:00:00Z,33423.8
2025-09-20T03:00:00Z,34611.0
2025-09-20T04:00:00Z,36223.1
2025-09-20T05:00:00Z,36436.2
2025-09-20T06:00:00Z,38123.1
2025-09-20T07:00:00Z,39970.0
2025-09-20T08:00:00Z,42482.2
2025-09-20T09:00:00Z,42886.4
2025-09-20T10:00:00Z,44439.0
2025-09-20T11:00:00Z,43380.0
2025-09-20T12:00:00Z,44881.2
2025-09-20T13:00:00Z,45023.4
2025-09-20T14:00:00Z,44662.1
2025-09-20T15:00:00Z,42640.1
2025-09-20T16:00:00Z,42740.2
2025-09-20T17:00:00Z,39863.5
2025-09-20T18:00:00Z,39427.7
2025-09-20T19:00:00Z,37978.6
2025-09-20T20:00:00Z,35622.8
2025-09-20T21:00:00Z,33732.6
2025-09-20T22:00:00Z,34537.6
2025-09-20T23:00:00Z,33019.9
2025-09-21T00:00:00Z,32081.6
2025-09-21T01:00:00Z,33136.1
2025-09-21T02:00:00Z,32968.3
2025-09-21T03:00:00Z,34547.5
2025-09-21T04:00:00Z,35171.5
2025-09-21T05:00:00Z,36049.1
2025-09-21T06:00:00Z,39099.7
2025-09-21T07:00:00Z,39983.4
2025-09-21T08:00:00Z,41732.3
2025-09-21T09:00:00Z,43112.5
2025-09-21T10:00:00Z,43935.9
2025-09-21T11:00:00Z,44277.9
2025-09-21T12:00:00Z,45020.1
2025-09-21T13:00:00Z,44934.7
2025-09-21T14:00:00Z,44137.7
2025-09-21T15:00:00Z,42884.3
2025-09-21T16:00:00Z,41820.0
2025-09-21T17:00:00Z,41092.2
2025-09-21T18:00:00Z,39369.1
2025-09-21T19:00:00Z,37070.7
2025-09-21T20:00:00Z,36037.6
2025-09-21T21:00:00Z,34771.4
2025-09-21T22:00:00Z,33807.9
2025-09-21T23:00:00Z,32935.4
2025-09-22T00:00:00Z,34702.5
2025-09-22T01:00:00Z,34502.2
2025-09-22T02:00:00Z,35628.4
2025-09-22T03:00:00Z,36514.6
2025-09-22T04:00:00Z,37849.1
2025-09-22T05:00:00Z,39310.1
2025-09-22T06:00:00Z,40833.3
2025-09-22T07:00:00Z,41738.6
2025-09-22T08:00:00Z,43007.6
2025-09-22T09:00:00Z,44925.8
2025-09-22T10:00:00Z,45625.6
2025-09-22T11:00:00Z,46796.8
2025-09-22T12:00:00Z,46312.6
2025-09-22T13:00:00Z,46193.4
2025-09-22T14:00:00Z,45142.3
2025-09-22T15:00:00Z,44787.0
2025-09-22T16:00:00Z,43385.3
2025-09-22T17:00:00Z,42689.6
2025-09-22T18:00:00Z,40571.5
2025-09-22T19:00:00Z,39665.2
2025-09-22T20:00:00Z,37119.5
2025-09-22T21:00:00Z,35442.8
2025-09-22T22:00:00Z,35810.2
2025-09-22T23:00:00Z,34916.0
2025-09-23T00:00:00Z,35299.9
2025-09-23T01:00:00Z,34389.2
2025-09-23T02:00:00Z,34467.3
2025-09-23T03:00:00Z,37092.7
2025-09-23T04:00:00Z,37720.9
2025-09-23T05:00:00Z,38756.6
2025-09-23T06:00:00Z,41700.6
2025-09-23T07:00:00Z,42234.9
2025-09-23T08:00:00Z,43271.1
2025-09-23T09:00:00Z,45137.1
2025-09-23T10:00:00Z,45650.8
2025-09-23T11:00:00Z,46109.3
2025-09-23T12:00:00Z,46934.4
2025-09-23T13:00:00Z,46545.0
2025-09-23T14:00:00Z,45822.6
2025-09-23T15:00:00Z,44895.8
2025-09-23T16:00:00Z,43012.5
2025-09-23T17:00:00Z,42576.5
2025-09-23T18:00:00Z,41597.9
2025-09-23T19:00:00Z,39212.3
2025-09-23T20:00:00Z,38241.0
2025-09-23T21:00:00Z,37332.8
2025-09-23T22:00:00Z,35265.1
2025-09-23T23:00:00Z,34426.9
2025-09-24T00:00:00Z,34131.2
2025-09-24T01:00:00Z,34580.8
2025-09-24T02:00:00Z,35815.2
2025-09-24T03:00:00Z,36319.1
2025-09-24T04:00:00Z,38243.2
2025-09-24T05:00:00Z,38799.8
2025-09-24T06:00:00Z,41518.5
2025-09-24T07:00:00Z,42110.9
2025-09-24T08:00:00Z,43694.6
2025-09-24T09:00:00Z,45031.4
2025-09-24T10:00:00Z,45848.9
2025-09-24T11:00:00Z,46513.8
2025-09-24T12:00:00Z,47071.6
2025-09-24T13:00:00Z,46512.7
2025-09-24T14:00:00Z,46181.8
2025-09-24T15:00:00Z,44597.1
2025-09-24T16:00:00Z,43336.1
2025-09-24T17:00:00Z,41559.7
2025-09-24T18:00:00Z,41043.2
2025-09-24T19:00:00Z,38690.8
2025-09-24T20:00:00Z,37856.8
2025-09-24T21:00:00Z,36428.3
2025-09-24T22:00:00Z,35470.6
2025-09-24T23:00:00Z,34687.0
2025-09-25T00:00:00Z,34928.8
2025-09-25T01:00:00Z,35097.3
2025-09-25T02:00:00Z,36279.7
2025-09-25T03:00:00Z,36319.4
2025-09-25T04:00:00Z,37507.5
2025-09-25T05:00:00Z,38560.3
2025-09-25T06:00:00Z,41818.8
2025-09-25T07:00:00Z,41961.5
2025-09-25T08:00:00Z,44184.2
2025-09-25T09:00:00Z,45420.2
2025-09-25T10:00:00Z,45401.9
2025-09-25T11:00:00Z,46295.5
2025-09-25T12:00:00Z,47183.6
2025-09-25T13:00:00Z,46606.6
2025-09-25T14:00:00Z,45363.1
2025-09-25T15:00:00Z,45094.7
2025-09-25T16:00:00Z,44522.1
2025-09-25T17:00:00Z,42472.5
2025-09-25T18:00:00Z,40996.7
2025-09-25T19:00:00Z,39784.8
2025-09-25T20:00:00Z,38754.7
2025-09-25T21:00:00Z,36434.9
2025-09-25T22:00:00Z,35143.9
2025-09-25T23:00:00Z,34805.2
2025-09-26T00:00:00Z,34442.2
2025-09-26T01:00:00Z,34205.9
2025-09-26T02:00:00Z,35414.2
2025-09-26T03:00:00Z,35977.4
2025-09-26T04:00:00Z,38336.2
2025-09-26T05:00:00Z,39122.4
2025-09-26T06:00:00Z,39451.2
2025-09-26T07:00:00Z,41807.4
2025-09-26T08:00:00Z,43969.1
2025-09-26T09:00:00Z,44749.4
2025-09-26T10:00:00Z,45593.4
2025-09-26T11:00:00Z,46325.7
2025-09-26T12:00:00Z,46386.1
2025-09-26T13:00:00Z,46895.6
2025-09-26T14:00:00Z,45748.0
2025-09-26T15:00:00Z,44553.6
2025-09-26T16:00:00Z,44167.9
2025-09-26T17:00:00Z,41686.9
2025-09-26T18:00:00Z,40811.0
2025-09-26T19:00:00Z,38621.3
2025-09-26T20:00:00Z,37438.7
2025-09-26T21:00:00Z,36140.7
2025-09-26T22:00:00Z,34853.3
2025-09-26T23:00:00Z,34515.3
2025-09-27T00:00:00Z,33696.3
2025-09-27T01:00:00Z,32604.6
2025-09-27T02:00:00Z,34772.4
2025-09-27T03:00:00Z,35153.7
2025-09-27T04:00:00Z,36787.8
2025-09-27T05:00:00Z,37221.6
2025-09-27T06:00:00Z,39588.4
2025-09-27T07:00:00Z,40722.9
2025-09-27T08:00:00Z,43116.4
2025-09-27T09:00:00Z,43133.1
2025-09-27T10:00:00Z,44944.6
2025-09-27T11:00:00Z,44627.9
2025-09-27T12:00:00Z,45842.1
2025-09-27T13:00:00Z,44742.0
2025-09-27T14:00:00Z,43756.0
2025-09-27T15:00:00Z,42659.1
2025-09-27T16:00:00Z,41796.1
2025-09-27T17:00:00Z,41396.7
2025-09-27T18:00:00Z,38379.4
2025-09-27T19:00:00Z,37080.4
2025-09-27T20:00:00Z,35940.3
2025-09-27T21:00:00Z,34752.0
2025-09-27T22:00:00Z,33886.1
2025-09-27T23:00:00Z,33971.4
2025-09-28T00:00:00Z,32891.7
2025-09-28T01:00:00Z,32473.5
2025-09-28T02:00:00Z,34190.1
2025-09-28T03:00:00Z,34571.4
2025-09-28T04:00:00Z,35929.0
2025-09-28T05:00:00Z,37580.0
2025-09-28T06:00:00Z,39895.1
2025-09-28T07:00:00Z,41291.2
2025-09-28T08:00:00Z,42160.3
2025-09-28T09:00:00Z,43220.5
2025-09-28T10:00:00Z,44594.6
2025-09-28T11:00:00Z,44589.6
2025-09-28T12:00:00Z,44286.8
2025-09-28T13:00:00Z,44638.3
2025-09-28T14:00:00Z,44862.1
2025-09-28T15:00:00Z,43056.7
2025-09-28T16:00:00Z,41883.4
2025-09-28T17:00:00Z,41410.4
2025-09-28T18:00:00Z,39841.7
2025-09-28T19:00:00Z,38280.5
2025-09-28T20:00:00Z,35669.8
2025-09-28T21:00:00Z,35055.6
2025-09-28T22:00:00Z,34521.6
2025-09-28T23:00:00Z,33749.4
2025-09-29T00:00:00Z,34563.0
2025-09-29T01:00:00Z,34855.1
2025-09-29T02:00:00Z,35191.8
2025-09-29T03:00:00Z,36267.5
2025-09-29T04:00:00Z,37986.0
2025-09-29T05:00:00Z,39453.2
2025-09-29T06:00:00Z,40399.9
2025-09-29T07:00:00Z,42749.2
2025-09-29T08:00:00Z,43984.6
2025-09-29T09:00:00Z,45799.0
2025-09-29T10:00:00Z,45841.8
2025-09-29T11:00:00Z,46834.4
2025-09-29T12:00:00Z,45794.7
2025-09-29T13:00:00Z,47113.2
2025-09-29T14:00:00Z,46408.5
2025-09-29T15:00:00Z,45583.1
2025-09-29T16:00:00Z,43909.2
2025-09-29T17:00:00Z,42438.3
2025-09-29T18:00:00Z,40818.1
2025-09-29T19:00:00Z,39903.6
2025-09-29T20:00:00Z,37321.2
2025-09-29T21:00:00Z,36503.0
2025-09-29T22:00:00Z,35889.1
2025-09-29T23:00:00Z,34795.2
2025-09-30T00:00:00Z,34344.9
2025-09-30T01:00:00Z,34868.7
2025-09-30T02:00:00Z,35785.7
2025-09-30T03:00:00Z,37391.3
2025-09-30T04:00:00Z,37592.0
2025-09-30T05:00:00Z,38233.1
2025-09-30T06:00:00Z,41411.7
2025-09-30T07:00:00Z,42473.2
2025-09-30T08:00:00Z,44244.0
2025-09-30T09:00:00Z,45147.1
2025-09-30T10:00:00Z,46149.0
2025-09-30T11:00:00Z,45802.0
2025-09-30T12:00:00Z,47260.6
2025-09-30T13:00:00Z,46212.1
2025-09-30T14:00:00Z,46484.8
2025-09-30T15:00:00Z,44224.7
2025-09-30T16:00:00Z,44516.2
2025-09-30T17:00:00Z,42363.0
2025-09-30T18:00:00Z,39710.1
2025-09-30T19:00:00Z,39354.4
2025-09-30T20:00:00Z,37874.5
2025-09-30T21:00:00Z,36616.9
2025-09-30T22:00:00Z,35038.9
2025-09-30T23:00:00Z,36111.5
2025-10-01T00:00:00Z,34564.9
2025-10-01T01:00:00Z,35527.5
2025-10-01T02:00:00Z,34377.4
2025-10-01T03:00:00Z,36908.1
2025-10-01T04:00:00Z,38105.7
2025-10-01T05:00:00Z,39314.9
2025-10-01T06:00:00Z,41523.9
2025-10-01T07:00:00Z,42174.3
2025-10-01T08:00:00Z,44170.9
2025-10-01T09:00:00Z,45171.9
2025-10-01T10:00:00Z,46309.7
2025-10-01T11:00:00Z,46288.9
2025-10-01T12:00:00Z,47312.7
2025-10-01T13:00:00Z,47057.7
2025-10-01T14:00:00Z,46324.1
2025-10-01T15:00:00Z,45364.3
2025-10-01T16:00:00Z,43752.5
2025-10-01T17:00:00Z,42177.7
2025-10-01T18:00:00Z,40795.8
2025-10-01T19:00:00Z,39520.8
2025-10-01T20:00:00Z,37258.2
2025-10-01T21:00:00Z,36556.0
2025-10-01T22:00:00Z,36420.9
2025-10-01T23:00:00Z,35398.3
2025-10-02T00:00:00Z,34394.1
2025-10-02T01:00:00Z,35694.3
2025-10-02T02:00:00Z,34839.8
2025-10-02T03:00:00Z,36549.6
2025-10-02T04:00:00Z,38471.0
2025-10-02T05:00:00Z,39717.6
2025-10-02T06:00:00Z,41135.2
2025-10-02T07:00:00Z,42016.6
2025-10-02T08:00:00Z,43180.9
2025-10-02T09:00:00Z,45526.2
2025-10-02T10:00:00Z,46367.2
2025-10-02T11:00:00Z,47678.1
2025-10-02T12:00:00Z,46749.7
2025-10-02T13:00:00Z,46281.5
2025-10-02T14:00:00Z,45945.3
2025-10-02T15:00:00Z,44333.6
2025-10-02T16:00:00Z,43803.6
2025-10-02T17:00:00Z,42484.6
2025-10-02T18:00:00Z,40848.2
2025-10-02T19:00:00Z,40261.7
2025-10-02T20:00:00Z,38828.2
2025-10-02T21:00:00Z,36465.4
2025-10-02T22:00:00Z,35387.3
2025-10-02T23:00:00Z,35697.0
2025-10-03T00:00:00Z,35422.6
2025-10-03T01:00:00Z,34474.1
2025-10-03T02:00:00Z,35335.1
2025-10-03T03:00:00Z,36278.3
2025-10-03T04:00:00Z,37284.1
2025-10-03T05:00:00Z,39112.1
2025-10-03T06:00:00Z,40342.4
2025-10-03T07:00:00Z,42927.5
2025-10-03T08:00:00Z,44260.0
2025-10-03T09:00:00Z,44418.2
2025-10-03T10:00:00Z,45922.5
2025-10-03T11:00:00Z,46556.5
2025-10-03T12:00:00Z,47765.6
2025-10-03T13:00:00Z,46532.9
2025-10-03T14:00:00Z,46688.6
2025-10-03T15:00:00Z,46097.5
2025-10-03T16:00:00Z,43581.8
2025-10-03T17:00:00Z,42826.2
2025-10-03T18:00:00Z,41036.2
2025-10-03T19:00:00Z,39859.8
2025-10-03T20:00:00Z,37256.4
2025-10-03T21:00:00Z,36500.1
2025-10-03T22:00:00Z,34883.0
2025-10-03T23:00:00Z,35477.1
2025-10-04T00:00:00Z,32254.0
2025-10-04T01:00:00Z,33489.3
2025-10-04T02:00:00Z,33268.0
2025-10-04T03:00:00Z,34653.2
2025-10-04T04:00:00Z,35874.1
2025-10-04T05:00:00Z,37793.3
2025-10-04T06:00:00Z,39609.2
2025-10-04T07:00:00Z,41491.1
2025-10-04T08:00:00Z,43073.7
2025-10-04T09:00:00Z,43658.2
2025-10-04T10:00:00Z,44052.6
2025-10-04T11:00:00Z,45841.4
2025-10-04T12:00:00Z,44798.8
2025-10-04T13:00:00Z,45222.2
2025-10-04T14:00:00Z,44261.4
2025-10-04T15:00:00Z,43332.9
2025-10-04T16:00:00Z,42482.6
2025-10-04T17:00:00Z,40342.7
2025-10-04T18:00:00Z,39294.0
2025-10-04T19:00:00Z,37720.9
2025-10-04T20:00:00Z,36834.5
2025-10-04T21:00:00Z,35613.3
2025-10-04T22:00:00Z,34469.3
2025-10-04T23:00:00Z,33495.9
2025-10-05T00:00:00Z,34166.5
2025-10-05T01:00:00Z,33996.6
2025-10-05T02:00:00Z,33470.2
2025-10-05T03:00:00Z,35232.7
2025-10-05T04:00:00Z,36573.5
2025-10-05T05:00:00Z,37382.3
2025-10-05T06:00:00Z,39507.8
2025-10-05T07:00:00Z,40793.6
2025-10-05T08:00:00Z,41970.2
2025-10-05T09:00:00Z,43716.1
2025-10-05T10:00:00Z,44336.6
2025-10-05T11:00:00Z,44639.8
2025-10-05T12:00:00Z,45476.9
2025-10-05T13:00:00Z,44320.7
2025-10-05T14:00:00Z,45228.9
2025-10-05T15:00:00Z,43509.7
2025-10-05T16:00:00Z,42469.5
2025-10-05T17:00:00Z,41446.1
2025-10-05T18:00:00Z,39858.8
2025-10-05T19:00:00Z,37656.3
2025-10-05T20:00:00Z,36506.3
2025-10-05T21:00:00Z,35570.3
2025-10-05T22:00:00Z,34827.4
2025-10-05T23:00:00Z,33101.0
2025-10-06T00:00:00Z,35166.4
2025-10-06T01:00:00Z,34668.4
2025-10-06T02:00:00Z,35372.2
2025-10-06T03:00:00Z,36750.6
2025-10-06T04:00:00Z,37941.7
2025-10-06T05:00:00Z,38960.0
2025-10-06T06:00:00Z,40628.4
2025-10-06T07:00:00Z,42618.9
2025-10-06T08:00:00Z,43394.3
2025-10-06T09:00:00Z,45464.1
2025-10-06T10:00:00Z,45742.9
2025-10-06T11:00:00Z,47671.4
2025-10-06T12:00:00Z,47250.5
2025-10-06T13:00:00Z,47330.5
2025-10-06T14:00:00Z,46157.7
2025-10-06T15:00:00Z,45939.6
2025-10-06T16:00:00Z,44377.0
2025-10-06T17:00:00Z,43028.7
2025-10-06T18:00:00Z,41130.3
2025-10-06T19:00:00Z,39817.3
2025-10-06T20:00:00Z,37979.8
2025-10-06T21:00:00Z,37083.0
2025-10-06T22:00:00Z,35651.1
2025-10-06T23:00:00Z,35037.5
2025-10-07T00:00:00Z,35095.1
2025-10-07T01:00:00Z,35276.7
2025-10-07T02:00:00Z,35803.9
2025-10-07T03:00:00Z,36404.4
2025-10-07T04:00:00Z,37925.5
2025-10-07T05:00:00Z,40006.3
2025-10-07T06:00:00Z,41170.4
2025-10-07T07:00:00Z,42850.6
2025-10-07T08:00:00Z,43885.9
2025-10-07T09:00:00Z,46116.0
2025-10-07T10:00:00Z,46271.0
2025-10-07T11:00:00Z,47263.2
2025-10-07T12:00:00Z,47181.3
2025-10-07T13:00:00Z,47594.8
2025-10-07T14:00:00Z,45574.5
2025-10-07T15:00:00Z,44354.8
2025-10-07T16:00:00Z,43966.6
2025-10-07T17:00:00Z,41395.9
2025-10-07T18:00:00Z,40689.9
2025-10-07T19:00:00Z,39145.0
2025-10-07T20:00:00Z,37909.6
2025-10-07T21:00:00Z,37116.1
2025-10-07T22:00:00Z,35125.0
2025-10-07T23:00:00Z,35474.1
2025-10-08T00:00:00Z,35661.4
2025-10-08T01:00:00Z,36057.3
2025-10-08T02:00:00Z,35276.4
2025-10-08T03:00:00Z,36631.1
2025-10-08T04:00:00Z,39055.1
2025-10-08T05:00:00Z,39039.2
2025-10-08T06:00:00Z,41706.9
2025-10-08T07:00:00Z,42894.0
2025-10-08T08:00:00Z,44459.5
2025-10-08T09:00:00Z,44583.1
2025-10-08T10:00:00Z,45677.1
2025-10-08T11:00:00Z,46557.5
2025-10-08T12:00:00Z,47533.0
2025-10-08T13:00:00Z,47421.9
2025-10-08T14:00:00Z,45995.9
2025-10-08T15:00:00Z,45585.9
2025-10-08T16:00:00Z,44244.9
2025-10-08T17:00:00Z,42212.2
2025-10-08T18:00:00Z,40565.8
2025-10-08T19:00:00Z,38552.9
2025-10-08T20:00:00Z,37487.4
2025-10-08T21:00:00Z,36385.6
2025-10-08T22:00:00Z,36458.8
2025-10-08T23:00:00Z,35650.5
2025-10-09T00:00:00Z,34932.5
2025-10-09T01:00:00Z,35399.7
2025-10-09T02:00:00Z,35410.7
2025-10-09T03:00:00Z,35611.8
2025-10-09T04:00:00Z,38192.5
2025-10-09T05:00:00Z,39821.4
2025-10-09T06:00:00Z,40705.1
2025-10-09T07:00:00Z,43294.0
2025-10-09T08:00:00Z,44683.7
2025-10-09T09:00:00Z,45822.6
2025-10-09T10:00:00Z,45409.7
2025-10-09T11:00:00Z,47004.1
2025-10-09T12:00:00Z,47511.3
2025-10-09T13:00:00Z,46536.6
2025-10-09T14:00:00Z,46108.3
2025-10-09T15:00:00Z,45844.4
2025-10-09T16:00:00Z,45201.0
2025-10-09T17:00:00Z,43101.3
2025-10-09T18:00:00Z,41235.6
2025-10-09T19:00:00Z,39280.3
2025-10-09T20:00:00Z,37518.5
2025-10-09T21:00:00Z,36377.6
2025-10-09T22:00:00Z,36040.4
2025-10-09T23:00:00Z,34991.0
2025-10-10T00:00:00Z,35741.6
2025-10-10T01:00:00Z,34582.2
2025-10-10T02:00:00Z,35285.6
2025-10-10T03:00:00Z,36818.0
2025-10-10T04:00:00Z,38218.6
2025-10-10T05:00:00Z,39637.4
2025-10-10T06:00:00Z,40603.9
2025-10-10T07:00:00Z,42358.4
2025-10-10T08:00:00Z,44689.0
2025-10-10T09:00:00Z,45279.2
2025-10-10T10:00:00Z,46193.9
2025-10-10T11:00:00Z,47376.7
2025-10-10T12:00:00Z,47466.8
2025-10-10T13:00:00Z,47060.3
2025-10-10T14:00:00Z,47307.6
2025-10-10T15:00:00Z,44790.1
2025-10-10T16:00:00Z,44415.0
2025-10-10T17:00:00Z,42448.2
2025-10-10T18:00:00Z,41688.7
2025-10-10T19:00:00Z,39114.9
2025-10-10T20:00:00Z,38471.1
2025-10-10T21:00:00Z,36673.0
2025-10-10T22:00:00Z,37199.6
2025-10-10T23:00:00Z,35420.3
2025-10-11T00:00:00Z,34545.6
2025-10-11T01:00:00Z,33286.0
2025-10-11T02:00:00Z,33929.1
2025-10-11T03:00:00Z,35385.8
2025-10-11T04:00:00Z,35595.1
2025-10-11T05:00:00Z,37454.6
2025-10-11T06:00:00Z,40269.8
2025-10-11T07:00:00Z,41644.9
2025-10-11T08:00:00Z,42439.8
2025-10-11T09:00:00Z,44381.5
2025-10-11T10:00:00Z,45012.0
2025-10-11T11:00:00Z,45626.7
2025-10-11T12:00:00Z,45107.5
2025-10-11T13:00:00Z,45878.5
2025-10-11T14:00:00Z,44490.0
2025-10-11T15:00:00Z,44570.0
2025-10-11T16:00:00Z,42027.1
2025-10-11T17:00:00Z,42357.4
2025-10-11T18:00:00Z,39171.6
2025-10-11T19:00:00Z,37241.3
2025-10-11T20:00:00Z,35893.0
2025-10-11T21:00:00Z,35399.7
2025-10-11T22:00:00Z,34383.2
2025-10-11T23:00:00Z,33280.1
2025-10-12T00:00:00Z,33827.7
2025-10-12T01:00:00Z,34634.8
2025-10-12T02:00:00Z,34318.3
2025-10-12T03:00:00Z,35614.7
2025-10-12T04:00:00Z,36934.3
2025-10-12T05:00:00Z,38385.6
2025-10-12T06:00:00Z,38648.0
2025-10-12T07:00:00Z,41875.1
2025-10-12T08:00:00Z,42557.6
2025-10-12T09:00:00Z,43913.2
2025-10-12T10:00:00Z,45426.9
2025-10-12T11:00:00Z,44072.4
2025-10-12T12:00:00Z,46044.2
2025-10-12T13:00:00Z,45576.8
2025-10-12T14:00:00Z,45668.3
2025-10-12T15:00:00Z,44045.8
2025-10-12T16:00:00Z,43285.1
2025-10-12T17:00:00Z,41681.3
2025-10-12T18:00:00Z,38947.8
2025-10-12T19:00:00Z,37949.0
2025-10-12T20:00:00Z,36142.5
2025-10-12T21:00:00Z,35215.8
2025-10-12T22:00:00Z,33832.7
2025-10-12T23:00:00Z,32901.5
2025-10-13T00:00:00Z,35099.4
2025-10-13T01:00:00Z,35206.8
2025-10-13T02:00:00Z,36217.2
2025-10-13T03:00:00Z,37786.1
2025-10-13T04:00:00Z,38017.7
2025-10-13T05:00:00Z,39558.4
2025-10-13T06:00:00Z,41865.0
2025-10-13T07:00:00Z,43315.0
2025-10-13T08:00:00Z,43474.7
2025-10-13T09:00:00Z,45528.8
2025-10-13T10:00:00Z,45733.6
2025-10-13T11:00:00Z,46667.0
2025-10-13T12:00:00Z,47050.1
2025-10-13T13:00:00Z,47014.8
2025-10-13T14:00:00Z,46329.5
2025-10-13T15:00:00Z,45614.1
2025-10-13T16:00:00Z,44412.6
2025-10-13T17:00:00Z,43580.6
2025-10-13T18:00:00Z,41608.9
2025-10-13T19:00:00Z,39087.6
2025-10-13T20:00:00Z,38848.9
2025-10-13T21:00:00Z,37060.9
2025-10-13T22:00:00Z,35338.2
2025-10-13T23:00:00Z,34824.3
2025-10-14T00:00:00Z,35150.0
2025-10-14T01:00:00Z,35381.4
2025-10-14T02:00:00Z,36116.3
2025-10-14T03:00:00Z,36134.0
2025-10-14T04:00:00Z,37997.5
2025-10-14T05:00:00Z,40688.8
2025-10-14T06:00:00Z,40329.2
2025-10-14T07:00:00Z,42098.7
2025-10-14T08:00:00Z,44265.0
2025-10-14T09:00:00Z,45655.8
2025-10-14T10:00:00Z,46180.6
2025-10-14T11:00:00Z,47155.7
2025-10-14T12:00:00Z,47231.9
2025-10-14T13:00:00Z,46649.4
2025-10-14T14:00:00Z,46450.8
2025-10-14T15:00:00Z,45341.2
2025-10-14T16:00:00Z,44416.8
2025-10-14T17:00:00Z,43121.0
2025-10-14T18:00:00Z,40745.2
2025-10-14T19:00:00Z,39570.3
2025-10-14T20:00:00Z,37619.7
2025-10-14T21:00:00Z,36710.2
2025-10-14T22:00:00Z,35989.0
2025-10-14T23:00:00Z,35672.9
2025-10-15T00:00:00Z,34717.5
2025-10-15T01:00:00Z,35644.1
2025-10-15T02:00:00Z,35884.1
2025-10-15T03:00:00Z,36768.0
2025-10-15T04:00:00Z,38042.3
2025-10-15T05:00:00Z,39326.5
2025-10-15T06:00:00Z,41382.8
2025-10-15T07:00:00Z,42147.6
2025-10-15T08:00:00Z,44476.2
2025-10-15T09:00:00Z,45234.6
2025-10-15T10:00:00Z,47213.3
2025-10-15T11:00:00Z,46829.0
2025-10-15T12:00:00Z,47448.3
2025-10-15T13:00:00Z,47445.4
2025-10-15T14:00:00Z,46864.8
2025-10-15T15:00:00Z,46296.6
2025-10-15T16:00:00Z,45083.6
2025-10-15T17:00:00Z,42719.9
2025-10-15T18:00:00Z,40987.4
2025-10-15T19:00:00Z,40367.2
2025-10-15T20:00:00Z,38396.8
2025-10-15T21:00:00Z,36875.5
2025-10-15T22:00:00Z,35981.6
2025-10-15T23:00:00Z,35800.7
2025-10-16T00:00:00Z,35571.0
2025-10-16T01:00:00Z,34302.3
2025-10-16T02:00:00Z,35585.8
2025-10-16T03:00:00Z,36673.8
2025-10-16T04:00:00Z,37695.4
2025-10-16T05:00:00Z,40246.6
2025-10-16T06:00:00Z,41876.2
2025-10-16T07:00:00Z,42766.6
2025-10-16T08:00:00Z,45023.6
2025-10-16T09:00:00Z,45415.2
2025-10-16T10:00:00Z,47239.6
2025-10-16T11:00:00Z,47560.8
2025-10-16T12:00:00Z,47490.4
2025-10-16T13:00:00Z,47445.3
2025-10-16T14:00:00Z,46329.1
2025-10-16T15:00:00Z,46185.6
2025-10-16T16:00:00Z,44172.1
2025-10-16T17:00:00Z,43181.5
2025-10-16T18:00:00Z,40919.1
2025-10-16T19:00:00Z,39362.4
2025-10-16T20:00:00Z,38350.2
2025-10-16T21:00:00Z,37104.2
2025-10-16T22:00:00Z,36707.6
2025-10-16T23:00:00Z,35362.7
2025-10-17T00:00:00Z,35424.3
2025-10-17T01:00:00Z,35653.0
2025-10-17T02:00:00Z,37072.7
2025-10-17T03:00:00Z,37112.6
2025-10-17T04:00:00Z,37725.3
2025-10-17T05:00:00Z,39013.3
2025-10-17T06:00:00Z,41116.8
2025-10-17T07:00:00Z,42909.4
2025-10-17T08:00:00Z,43743.7
2025-10-17T09:00:00Z,44993.6
2025-10-17T10:00:00Z,46058.3
2025-10-17T11:00:00Z,47118.7
2025-10-17T12:00:00Z,47635.9
2025-10-17T13:00:00Z,46759.0
2025-10-17T14:00:00Z,46091.5
2025-10-17T15:00:00Z,46171.8
2025-10-17T16:00:00Z,45155.2
2025-10-17T17:00:00Z,43075.0
2025-10-17T18:00:00Z,40936.2
2025-10-17T19:00:00Z,39353.5
2025-10-17T20:00:00Z,38525.1
2025-10-17T21:00:00Z,36041.1
2025-10-17T22:00:00Z,35141.1
2025-10-17T23:00:00Z,35800.3
2025-10-18T00:00:00Z,32705.9
2025-10-18T01:00:00Z,33243.8
2025-10-18T02:00:00Z,35276.3
2025-10-18T03:00:00Z,34960.4
2025-10-18T04:00:00Z,37145.0
2025-10-18T05:00:00Z,37794.8
2025-10-18T06:00:00Z,38966.1
2025-10-18T07:00:00Z,41310.0
2025-10-18T08:00:00Z,42507.9
2025-10-18T09:00:00Z,44241.6
2025-10-18T10:00:00Z,44051.7
2025-10-18T11:00:00Z,45660.9
2025-10-18T12:00:00Z,45727.9
2025-10-18T13:00:00Z,45813.5
2025-10-18T14:00:00Z,44941.1
2025-10-18T15:00:00Z,43348.7
2025-10-18T16:00:00Z,43249.6
2025-10-18T17:00:00Z,41571.9
2025-10-18T18:00:00Z,40007.6
2025-10-18T19:00:00Z,38277.7
2025-10-18T20:00:00Z,36683.6
2025-10-18T21:00:00Z,34955.8
2025-10-18T22:00:00Z,33383.0
2025-10-18T23:00:00Z,32876.7
2025-10-19T00:00:00Z,33373.9
2025-10-19T01:00:00Z,32529.7
2025-10-19T02:00:00Z,33940.9
2025-10-19T03:00:00Z,35654.0
2025-10-19T04:00:00Z,36016.3
2025-10-19T05:00:00Z,38905.3
2025-10-19T06:00:00Z,38683.9
2025-10-19T07:00:00Z,41437.5
2025-10-19T08:00:00Z,41587.6
2025-10-19T09:00:00Z,43995.9
2025-10-19T10:00:00Z,45624.9
2025-10-19T11:00:00Z,45238.6
2025-10-19T12:00:00Z,44977.0
2025-10-19T13:00:00Z,44824.0
2025-10-19T14:00:00Z,45116.1
2025-10-19T15:00:00Z,44253.8
2025-10-19T16:00:00Z,42763.6
2025-10-19T17:00:00Z,40837.6
2025-10-19T18:00:00Z,38965.3
2025-10-19T19:00:00Z,37515.6
2025-10-19T20:00:00Z,35941.3
2025-10-19T21:00:00Z,34401.5
2025-10-19T22:00:00Z,34772.6
2025-10-19T23:00:00Z,34266.1
2025-10-20T00:00:00Z,35767.1
2025-10-20T01:00:00Z,36182.1
2025-10-20T02:00:00Z,35591.0
2025-10-20T03:00:00Z,35953.3
2025-10-20T04:00:00Z,38255.1
2025-10-20T05:00:00Z,39475.0
2025-10-20T06:00:00Z,40616.7
2025-10-20T07:00:00Z,42977.0
2025-10-20T08:00:00Z,43997.7
2025-10-20T09:00:00Z,45819.1
2025-10-20T10:00:00Z,46653.5
2025-10-20T11:00:00Z,46629.1
2025-10-20T12:00:00Z,47261.4
2025-10-20T13:00:00Z,46787.7
2025-10-20T14:00:00Z,46615.1
2025-10-20T15:00:00Z,45442.9
2025-10-20T16:00:00Z,43723.9
2025-10-20T17:00:00Z,42958.0
2025-10-20T18:00:00Z,41053.0
2025-10-20T19:00:00Z,39511.9
2025-10-20T20:00:00Z,38182.5
2025-10-20T21:00:00Z,37982.8
2025-10-20T22:00:00Z,36092.5
2025-10-20T23:00:00Z,35190.1
2025-10-21T00:00:00Z,34755.1
2025-10-21T01:00:00Z,34449.4
2025-10-21T02:00:00Z,35885.7
2025-10-21T03:00:00Z,36869.1
2025-10-21T04:00:00Z,37845.0
2025-10-21T05:00:00Z,39962.5
2025-10-21T06:00:00Z,41373.9
2025-10-21T07:00:00Z,43083.8
2025-10-21T08:00:00Z,44090.0
2025-10-21T09:00:00Z,46237.7
2025-10-21T10:00:00Z,46744.9
2025-10-21T11:00:00Z,46741.5
2025-10-21T12:00:00Z,47274.2
2025-10-21T13:00:00Z,47568.4
2025-10-21T14:00:00Z,46140.0
2025-10-21T15:00:00Z,46133.0
2025-10-21T16:00:00Z,44022.3
2025-10-21T17:00:00Z,41851.5
2025-10-21T18:00:00Z,41550.9
2025-10-21T19:00:00Z,39358.2
2025-10-21T20:00:00Z,38166.2
2025-10-21T21:00:00Z,36810.2
2025-10-21T22:00:00Z,36453.6
2025-10-21T23:00:00Z,35305.7
2025-10-22T00:00:00Z,35528.1
2025-10-22T01:00:00Z,34866.4
2025-10-22T02:00:00Z,35940.1
2025-10-22T03:00:00Z,36575.2
2025-10-22T04:00:00Z,38128.0
2025-10-22T05:00:00Z,40688.4
2025-10-22T06:00:00Z,40784.8
2025-10-22T07:00:00Z,42939.5
2025-10-22T08:00:00Z,44039.4
2025-10-22T09:00:00Z,45686.4
2025-10-22T10:00:00Z,46018.3
2025-10-22T11:00:00Z,46770.9
2025-10-22T12:00:00Z,46390.5
2025-10-22T13:00:00Z,47661.7
2025-10-22T14:00:00Z,46461.8
2025-10-22T15:00:00Z,45595.0
2025-10-22T16:00:00Z,43551.7
2025-10-22T17:00:00Z,43485.0
2025-10-22T18:00:00Z,41715.3
2025-10-22T19:00:00Z,39405.1
2025-10-22T20:00:00Z,38258.1
2025-10-22T21:00:00Z,36725.7
2025-10-22T22:00:00Z,36364.7
2025-10-22T23:00:00Z,34191.9
2025-10-23T00:00:00Z,35163.5
2025-10-23T01:00:00Z,35405.9
2025-10-23T02:00:00Z,36311.3
2025-10-23T03:00:00Z,36342.0
2025-10-23T04:00:00Z,37741.9
2025-10-23T05:00:00Z,39051.7
2025-10-23T06:00:00Z,41627.8
2025-10-23T07:00:00Z,42950.7
2025-10-23T08:00:00Z,44747.0
2025-10-23T09:00:00Z,45886.0
2025-10-23T10:00:00Z,46779.2
2025-10-23T11:00:00Z,46486.1
2025-10-23T12:00:00Z,47173.0
2025-10-23T13:00:00Z,47733.3
2025-10-23T14:00:00Z,46638.5
2025-10-23T15:00:00Z,45019.8
2025-10-23T16:00:00Z,43826.3
2025-10-23T17:00:00Z,42559.9
2025-10-23T18:00:00Z,41087.9
2025-10-23T19:00:00Z,39693.2
2025-10-23T20:00:00Z,38175.8
2025-10-23T21:00:00Z,37137.3
2025-10-23T22:00:00Z,36468.4
2025-10-23T23:00:00Z,35654.2
2025-10-24T00:00:00Z,34609.5
2025-10-24T01:00:00Z,36349.0
2025-10-24T02:00:00Z,35830.6
2025-10-24T03:00:00Z,36574.5
2025-10-24T04:00:00Z,38716.7
2025-10-24T05:00:00Z,40332.3
2025-10-24T06:00:00Z,41458.7
2025-10-24T07:00:00Z,43442.7
2025-10-24T08:00:00Z,44183.6
2025-10-24T09:00:00Z,45457.3
2025-10-24T10:00:00Z,45952.2
2025-10-24T11:00:00Z,47622.6
2025-10-24T12:00:00Z,47417.4
2025-10-24T13:00:00Z,47935.1
2025-10-24T14:00:00Z,46356.1
2025-10-24T15:00:00Z,46109.4
2025-10-24T16:00:00Z,44346.1
2025-10-24T17:00:00Z,43668.6
2025-10-24T18:00:00Z,41267.8
2025-10-24T19:00:00Z,40387.7
2025-10-24T20:00:00Z,37717.8
2025-10-24T21:00:00Z,36753.2
2025-10-24T22:00:00Z,35732.7
2025-10-24T23:00:00Z,35905.4
2025-10-25T00:00:00Z,32439.1
2025-10-25T01:00:00Z,33106.4
2025-10-25T02:00:00Z,34395.6
2025-10-25T03:00:00Z,35227.4
2025-10-25T04:00:00Z,36491.4
2025-10-25T05:00:00Z,38189.2
2025-10-25T06:00:00Z,39438.7
2025-10-25T07:00:00Z,41452.7
2025-10-25T08:00:00Z,43231.1
2025-10-25T09:00:00Z,43391.1
2025-10-25T10:00:00Z,45440.3
2025-10-25T11:00:00Z,45037.9
2025-10-25T12:00:00Z,44974.7
2025-10-25T13:00:00Z,45369.2
2025-10-25T14:00:00Z,44740.1
2025-10-25T15:00:00Z,43958.9
2025-10-25T16:00:00Z,41992.7
2025-10-25T17:00:00Z,41035.4
2025-10-25T18:00:00Z,39214.7
2025-10-25T19:00:00Z,38463.0
2025-10-25T20:00:00Z,36485.8
2025-10-25T21:00:00Z,34889.1
2025-10-25T22:00:00Z,33710.2
2025-10-25T23:00:00Z,33607.9
2025-10-26T00:00:00Z,34350.9
2025-10-26T01:00:00Z,32747.3
2025-10-26T02:00:00Z,33871.8
2025-10-26T03:00:00Z,35779.4
2025-10-26T04:00:00Z,36934.7
2025-10-26T05:00:00Z,37796.8
2025-10-26T06:00:00Z,39413.3
2025-10-26T07:00:00Z,40837.3
2025-10-26T08:00:00Z,42082.8
2025-10-26T09:00:00Z,43639.7
2025-10-26T10:00:00Z,45013.3
2025-10-26T11:00:00Z,45540.9
2025-10-26T12:00:00Z,44832.5
2025-10-26T13:00:00Z,45263.7
2025-10-26T14:00:00Z,44431.3
2025-10-26T15:00:00Z,44394.8
2025-10-26T16:00:00Z,41851.9
2025-10-26T17:00:00Z,40492.9
2025-10-26T18:00:00Z,38821.3
2025-10-26T19:00:00Z,39678.9
2025-10-26T20:00:00Z,37318.7
2025-10-26T21:00:00Z,35087.7
2025-10-26T22:00:00Z,34712.4
2025-10-26T23:00:00Z,32767.2
2025-10-27T00:00:00Z,34973.3
2025-10-27T01:00:00Z,36444.1
2025-10-27T02:00:00Z,35827.6
2025-10-27T03:00:00Z,36212.3
2025-10-27T04:00:00Z,37821.0
2025-10-27T05:00:00Z,39300.9
2025-10-27T06:00:00Z,41090.8
2025-10-27T07:00:00Z,42668.4
2025-10-27T08:00:00Z,43968.3
2025-10-27T09:00:00Z,44722.3
2025-10-27T10:00:00Z,46417.6
2025-10-27T11:00:00Z,47031.0
2025-10-27T12:00:00Z,46454.4
2025-10-27T13:00:00Z,47323.9
2025-10-27T14:00:00Z,46351.9
2025-10-27T15:00:00Z,46334.4
2025-10-27T16:00:00Z,44454.0
2025-10-27T17:00:00Z,42420.1
2025-10-27T18:00:00Z,40724.7
2025-10-27T19:00:00Z,40487.4
2025-10-27T20:00:00Z,38718.4
2025-10-27T21:00:00Z,37150.7
2025-10-27T22:00:00Z,36338.1
2025-10-27T23:00:00Z,34626.6
2025-10-28T00:00:00Z,35665.7
2025-10-28T01:00:00Z,35221.5
2025-10-28T02:00:00Z,35885.1
2025-10-28T03:00:00Z,37389.1
2025-10-28T04:00:00Z,38418.7
2025-10-28T05:00:00Z,38842.6
2025-10-28T06:00:00Z,41518.4
2025-10-28T07:00:00Z,42676.9
2025-10-28T08:00:00Z,44824.2
2025-10-28T09:00:00Z,45594.1
2025-10-28T10:00:00Z,46780.0
2025-10-28T11:00:00Z,46603.8
2025-10-28T12:00:00Z,46883.5
2025-10-28T13:00:00Z,46537.9
2025-10-28T14:00:00Z,46657.6
2025-10-28T15:00:00Z,45067.2
2025-10-28T16:00:00Z,44113.6
2025-10-28T17:00:00Z,43903.7
2025-10-28T18:00:00Z,41723.5
2025-10-28T19:00:00Z,40925.9
2025-10-28T20:00:00Z,37900.9
2025-10-28T21:00:00Z,36572.8
2025-10-28T22:00:00Z,35832.8
2025-10-28T23:00:00Z,35771.4
2025-10-29T00:00:00Z,34806.4
2025-10-29T01:00:00Z,36443.8
2025-10-29T02:00:00Z,35594.5
2025-10-29T03:00:00Z,37700.2
2025-10-29T04:00:00Z,37757.6
2025-10-29T05:00:00Z,39304.5
2025-10-29T06:00:00Z,41478.9
2025-10-29T07:00:00Z,42853.2
2025-10-29T08:00:00Z,44159.6
2025-10-29T09:00:00Z,45349.1
2025-10-29T10:00:00Z,46685.9
2025-10-29T11:00:00Z,46859.8
2025-10-29T12:00:00Z,48286.9
2025-10-29T13:00:00Z,47531.7
2025-10-29T14:00:00Z,46780.5
2025-10-29T15:00:00Z,45055.8
2025-10-29T16:00:00Z,45722.2
2025-10-29T17:00:00Z,42972.6
2025-10-29T18:00:00Z,40893.5
2025-10-29T19:00:00Z,39184.5
2025-10-29T20:00:00Z,36895.6
2025-10-29T21:00:00Z,36575.0
2025-10-29T22:00:00Z,34893.6
2025-10-29T23:00:00Z,34553.3
2025-10-30T00:00:00Z,35727.7
2025-10-30T01:00:00Z,35075.9
2025-10-30T02:00:00Z,35436.3
2025-10-30T03:00:00Z,37676.3
2025-10-30T04:00:00Z,37744.5
2025-10-30T05:00:00Z,40578.9
2025-10-30T06:00:00Z,40977.1
2025-10-30T07:00:00Z,42892.0
2025-10-30T08:00:00Z,43974.0
2025-10-30T09:00:00Z,45141.3
2025-10-30T10:00:00Z,46499.1
2025-10-30T11:00:00Z,47698.9
2025-10-30T12:00:00Z,47261.2
2025-10-30T13:00:00Z,46500.1
2025-10-30T14:00:00Z,45514.4
2025-10-30T15:00:00Z,46044.6
2025-10-30T16:00:00Z,43808.0
2025-10-30T17:00:00Z,42161.1
2025-10-30T18:00:00Z,41367.5
2025-10-30T19:00:00Z,39801.9
2025-10-30T20:00:00Z,38392.1
2025-10-30T21:00:00Z,36517.1
2025-10-30T22:00:00Z,34896.4
2025-10-30T23:00:00Z,35534.8
2025-10-31T00:00:00Z,34997.3
2025-10-31T01:00:00Z,35197.2
2025-10-31T02:00:00Z,35373.5
2025-10-31T03:00:00Z,37069.2
2025-10-31T04:00:00Z,38087.5
2025-10-31T05:00:00Z,39668.3
2025-10-31T06:00:00Z,41721.4
2025-10-31T07:00:00Z,42554.0
2025-10-31T08:00:00Z,43966.9
2025-10-31T09:00:00Z,45233.6
2025-10-31T10:00:00Z,45544.6
2025-10-31T11:00:00Z,46768.2
2025-10-31T12:00:00Z,47662.8
2025-10-31T13:00:00Z,47349.2
2025-10-31T14:00:00Z,46056.0
2025-10-31T15:00:00Z,44751.5
2025-10-31T16:00:00Z,44334.2
2025-10-31T17:00:00Z,42657.1
2025-10-31T18:00:00Z,41140.1
2025-10-31T19:00:00Z,40234.4
2025-10-31T20:00:00Z,37904.7
2025-10-31T21:00:00Z,37319.9
2025-10-31T22:00:00Z,35941.9
2025-10-31T23:00:00Z,35609.5
2025-11-01T00:00:00Z,32895.2
2025-11-01T01:00:00Z,33423.5
2025-11-01T02:00:00Z,34222.4
2025-11-01T03:00:00Z,34957.0
2025-11-01T04:00:00Z,36329.7
2025-11-01T05:00:00Z,37619.2
2025-11-01T06:00:00Z,40250.5
2025-11-01T07:00:00Z,39776.3
2025-11-01T08:00:00Z,42788.9
2025-11-01T09:00:00Z,43693.0
2025-11-01T10:00:00Z,44033.3
2025-11-01T11:00:00Z,44898.3
2025-11-01T12:00:00Z,44666.0
2025-11-01T13:00:00Z,45523.7
2025-11-01T14:00:00Z,44985.6
2025-11-01T15:00:00Z,43858.2
2025-11-01T16:00:00Z,43220.4
2025-11-01T17:00:00Z,40062.9
2025-11-01T18:00:00Z,38689.6
2025-11-01T19:00:00Z,37540.5
2025-11-01T20:00:00Z,36661.4
2025-11-01T21:00:00Z,35274.3
2025-11-01T22:00:00Z,33531.0
2025-11-01T23:00:00Z,33473.2
2025-11-02T00:00:00Z,33611.4
2025-11-02T01:00:00Z,32679.6
2025-11-02T02:00:00Z,34315.8
2025-11-02T03:00:00Z,35466.8
2025-11-02T04:00:00Z,36806.0
2025-11-02T05:00:00Z,38262.5
2025-11-02T06:00:00Z,39138.2
2025-11-02T07:00:00Z,39791.9
2025-11-02T08:00:00Z,41630.9
2025-11-02T09:00:00Z,43133.3
2025-11-02T10:00:00Z,44432.5
2025-11-02T11:00:00Z,45540.8
2025-11-02T12:00:00Z,45389.7
2025-11-02T13:00:00Z,45318.4
2025-11-02T14:00:00Z,45265.5
2025-11-02T15:00:00Z,42791.7
2025-11-02T16:00:00Z,42460.2
2025-11-02T17:00:00Z,41200.5
2025-11-02T18:00:00Z,39951.5
2025-11-02T19:00:00Z,38840.8
2025-11-02T20:00:00Z,36782.8
2025-11-02T21:00:00Z,34455.5
2025-11-02T22:00:00Z,34326.9
2025-11-02T23:00:00Z,32987.7
2025-11-03T00:00:00Z,35086.7
2025-11-03T01:00:00Z,34763.9
2025-11-03T02:00:00Z,35421.2
2025-11-03T03:00:00Z,36795.5
2025-11-03T04:00:00Z,37600.9
2025-11-03T05:00:00Z,39425.5
2025-11-03T06:00:00Z,40931.1
2025-11-03T07:00:00Z,42806.4
2025-11-03T08:00:00Z,43702.7
2025-11-03T09:00:00Z,44675.6
2025-11-03T10:00:00Z,45329.1
2025-11-03T11:00:00Z,47076.3
2025-11-03T12:00:00Z,47369.3
2025-11-03T13:00:00Z,46303.9
2025-11-03T14:00:00Z,45281.7
2025-11-03T15:00:00Z,45613.6
2025-11-03T16:00:00Z,44021.6
2025-11-03T17:00:00Z,42938.5
2025-11-03T18:00:00Z,40982.6
2025-11-03T19:00:00Z,40030.5
2025-11-03T20:00:00Z,38119.3
2025-11-03T21:00:00Z,36626.8
2025-11-03T22:00:00Z,36196.3
2025-11-03T23:00:00Z,34520.7
2025-11-04T00:00:00Z,34823.1
2025-11-04T01:00:00Z,35114.2
2025-11-04T02:00:00Z,35505.2
2025-11-04T03:00:00Z,36794.0
2025-11-04T04:00:00Z,37686.2
2025-11-04T05:00:00Z,38515.0
2025-11-04T06:00:00Z,41918.0
2025-11-04T07:00:00Z,42498.5
2025-11-04T08:00:00Z,43837.0
2025-11-04T09:00:00Z,44518.5
2025-11-04T10:00:00Z,46222.2
2025-11-04T11:00:00Z,46711.8
2025-11-04T12:00:00Z,46302.4
2025-11-04T13:00:00Z,47403.6
2025-11-04T14:00:00Z,46682.1
2025-11-04T15:00:00Z,44315.3
2025-11-04T16:00:00Z,44374.1
2025-11-04T17:00:00Z,42135.6
2025-11-04T18:00:00Z,41335.6
2025-11-04T19:00:00Z,39632.3
2025-11-04T20:00:00Z,38419.2
2025-11-04T21:00:00Z,36927.5
2025-11-04T22:00:00Z,36424.7
2025-11-04T23:00:00Z,34907.0
2025-11-05T00:00:00Z,34659.9
2025-11-05T01:00:00Z,34876.2
2025-11-05T02:00:00Z,35426.9
2025-11-05T03:00:00Z,37710.4
2025-11-05T04:00:00Z,37965.4
2025-11-05T05:00:00Z,39993.3
2025-11-05T06:00:00Z,41053.4
2025-11-05T07:00:00Z,42458.8
2025-11-05T08:00:00Z,44443.9
2025-11-05T09:00:00Z,44906.5
2025-11-05T10:00:00Z,46542.4
2025-11-05T11:00:00Z,47457.7
2025-11-05T12:00:00Z,47072.2
2025-11-05T13:00:00Z,46894.8
2025-11-05T14:00:00Z,46005.7
2025-11-05T15:00:00Z,45589.2
2025-11-05T16:00:00Z,44454.7
2025-11-05T17:00:00Z,43050.9
2025-11-05T18:00:00Z,40734.6
2025-11-05T19:00:00Z,39372.4
2025-11-05T20:00:00Z,37467.3
2025-11-05T21:00:00Z,36825.8
2025-11-05T22:00:00Z,36014.4
2025-11-05T23:00:00Z,35118.0
2025-11-06T00:00:00Z,34757.9
2025-11-06T01:00:00Z,35208.0
2025-11-06T02:00:00Z,35755.3
2025-11-06T03:00:00Z,36812.8
2025-11-06T04:00:00Z,37483.6
2025-11-06T05:00:00Z,38884.3
2025-11-06T06:00:00Z,40630.6
2025-11-06T07:00:00Z,41998.7
2025-11-06T08:00:00Z,44068.8
2025-11-06T09:00:00Z,46177.6
2025-11-06T10:00:00Z,46188.1
2025-11-06T11:00:00Z,45931.2
2025-11-06T12:00:00Z,46554.7
2025-11-06T13:00:00Z,46249.4
2025-11-06T14:00:00Z,46384.5
2025-11-06T15:00:00Z,45280.2
2025-11-06T16:00:00Z,44792.4
2025-11-06T17:00:00Z,42491.8
2025-11-06T18:00:00Z,40791.7
2025-11-06T19:00:00Z,39917.9
2025-11-06T20:00:00Z,37345.5
2025-11-06T21:00:00Z,36549.7
2025-11-06T22:00:00Z,36167.0
2025-11-06T23:00:00Z,35109.8
2025-11-07T00:00:00Z,34948.9
2025-11-07T01:00:00Z,34483.0
2025-11-07T02:00:00Z,34780.5
2025-11-07T03:00:00Z,36367.9
2025-11-07T04:00:00Z,38279.2
2025-11-07T05:00:00Z,38970.9
2025-11-07T06:00:00Z,40279.8
2025-11-07T07:00:00Z,41618.8
2025-11-07T08:00:00Z,44811.6
2025-11-07T09:00:00Z,44338.1
2025-11-07T10:00:00Z,45781.1
2025-11-07T11:00:00Z,46116.6
2025-11-07T12:00:00Z,47247.8
2025-11-07T13:00:00Z,45847.9
2025-11-07T14:00:00Z,45384.7
2025-11-07T15:00:00Z,45226.1
2025-11-07T16:00:00Z,43053.3
2025-11-07T17:00:00Z,42656.8
2025-11-07T18:00:00Z,41416.2
2025-11-07T19:00:00Z,39303.9
2025-11-07T20:00:00Z,36503.1
2025-11-07T21:00:00Z,36193.0
2025-11-07T22:00:00Z,35425.4
2025-11-07T23:00:00Z,35620.0
2025-11-08T00:00:00Z,33772.1
2025-11-08T01:00:00Z,33722.5
2025-11-08T02:00:00Z,33849.3
2025-11-08T03:00:00Z,34670.7
2025-11-08T04:00:00Z,36000.1
2025-11-08T05:00:00Z,37201.6
2025-11-08T06:00:00Z,38870.9
2025-11-08T07:00:00Z,40371.1
2025-11-08T08:00:00Z,42124.1
2025-11-08T09:00:00Z,44042.7
2025-11-08T10:00:00Z,43684.8
2025-11-08T11:00:00Z,45911.5
2025-11-08T12:00:00Z,45494.5
2025-11-08T13:00:00Z,45429.2
2025-11-08T14:00:00Z,44348.8
2025-11-08T15:00:00Z,43370.4
2025-11-08T16:00:00Z,42758.5
2025-11-08T17:00:00Z,40472.7
2025-11-08T18:00:00Z,38631.3
2025-11-08T19:00:00Z,37491.8
2025-11-08T20:00:00Z,35766.4
2025-11-08T21:00:00Z,35475.9
2025-11-08T22:00:00Z,33907.4
2025-11-08T23:00:00Z,33497.0
2025-11-09T00:00:00Z,33005.2
2025-11-09T01:00:00Z,33184.9
2025-11-09T02:00:00Z,34382.2
2025-11-09T03:00:00Z,34927.0
2025-11-09T04:00:00Z,36782.4
2025-11-09T05:00:00Z,36577.6
2025-11-09T06:00:00Z,39305.1
2025-11-09T07:00:00Z,41104.8
2025-11-09T08:00:00Z,42095.3
2025-11-09T09:00:00Z,42479.4
2025-11-09T10:00:00Z,44338.8
2025-11-09T11:00:00Z,44817.1
2025-11-09T12:00:00Z,45824.6
2025-11-09T13:00:00Z,45558.6
2025-11-09T14:00:00Z,44896.0
2025-11-09T15:00:00Z,43522.8
2025-11-09T16:00:00Z,42320.6
2025-11-09T17:00:00Z,40809.6
2025-11-09T18:00:00Z,39663.5
2025-11-09T19:00:00Z,37574.3
2025-11-09T20:00:00Z,36417.6
2025-11-09T21:00:00Z,35281.6
2025-11-09T22:00:00Z,33839.0
2025-11-09T23:00:00Z,33363.3
2025-11-10T00:00:00Z,34376.1
2025-11-10T01:00:00Z,34363.3
2025-11-10T02:00:00Z,35209.3
2025-11-10T03:00:00Z,36120.4
2025-11-10T04:00:00Z,36964.8
2025-11-10T05:00:00Z,39280.3
2025-11-10T06:00:00Z,41206.7
2025-11-10T07:00:00Z,42812.1
2025-11-10T08:00:00Z,44581.1
2025-11-10T09:00:00Z,44968.7
2025-11-10T10:00:00Z,47180.6
2025-11-10T11:00:00Z,46485.4
2025-11-10T12:00:00Z,46975.5
2025-11-10T13:00:00Z,47334.2
2025-11-10T14:00:00Z,45240.8
2025-11-10T15:00:00Z,45287.5
2025-11-10T16:00:00Z,44007.6
2025-11-10T17:00:00Z,43435.9
2025-11-10T18:00:00Z,40480.0
2025-11-10T19:00:00Z,39295.5
2025-11-10T20:00:00Z,36507.5
2025-11-10T21:00:00Z,36471.6
2025-11-10T22:00:00Z,34712.3
2025-11-10T23:00:00Z,34248.2
2025-11-11T00:00:00Z,34942.3
2025-11-11T01:00:00Z,34498.5
2025-11-11T02:00:00Z,34757.7
2025-11-11T03:00:00Z,36764.9
2025-11-11T04:00:00Z,37727.7
2025-11-11T05:00:00Z,38909.2
2025-11-11T06:00:00Z,39901.6
2025-11-11T07:00:00Z,41884.0
2025-11-11T08:00:00Z,43049.4
2025-11-11T09:00:00Z,44827.6
2025-11-11T10:00:00Z,45753.1
2025-11-11T11:00:00Z,46472.9
2025-11-11T12:00:00Z,46404.8
2025-11-11T13:00:00Z,46386.6
2025-11-11T14:00:00Z,46374.6
2025-11-11T15:00:00Z,44701.7
2025-11-11T16:00:00Z,44134.8
2025-11-11T17:00:00Z,42616.1
2025-11-11T18:00:00Z,41030.9
2025-11-11T19:00:00Z,38177.1
2025-11-11T20:00:00Z,38000.4
2025-11-11T21:00:00Z,36402.7
2025-11-11T22:00:00Z,35593.4
2025-11-11T23:00:00Z,34626.0
2025-11-12T00:00:00Z,34359.8
2025-11-12T01:00:00Z,34143.4
2025-11-12T02:00:00Z,34695.0
2025-11-12T03:00:00Z,36424.5
2025-11-12T04:00:00Z,37079.2
2025-11-12T05:00:00Z,38750.2
2025-11-12T06:00:00Z,41039.4
2025-11-12T07:00:00Z,42809.6
2025-11-12T08:00:00Z,43551.8
2025-11-12T09:00:00Z,43878.4
2025-11-12T10:00:00Z,46015.9
2025-11-12T11:00:00Z,46932.3
2025-11-12T12:00:00Z,46709.8
2025-11-12T13:00:00Z,46284.9
2025-11-12T14:00:00Z,45300.9
2025-11-12T15:00:00Z,44986.2
2025-11-12T16:00:00Z,45028.7
2025-11-12T17:00:00Z,42498.4
2025-11-12T18:00:00Z,40440.9
2025-11-12T19:00:00Z,38572.4
2025-11-12T20:00:00Z,37788.4
2025-11-12T21:00:00Z,35614.1
2025-11-12T22:00:00Z,35079.5
2025-11-12T23:00:00Z,34605.7
2025-11-13T00:00:00Z,34334.6
2025-11-13T01:00:00Z,34887.7
2025-11-13T02:00:00Z,35263.2
2025-11-13T03:00:00Z,35647.4
2025-11-13T04:00:00Z,36453.0
2025-11-13T05:00:00Z,39038.1
2025-11-13T06:00:00Z,39200.5
2025-11-13T07:00:00Z,41413.5
2025-11-13T08:00:00Z,44630.0
2025-11-13T09:00:00Z,44473.6
2025-11-13T10:00:00Z,46540.7
2025-11-13T11:00:00Z,46097.4
2025-11-13T12:00:00Z,46806.3
2025-11-13T13:00:00Z,46769.1
2025-11-13T14:00:00Z,46393.1
2025-11-13T15:00:00Z,44703.1
2025-11-13T16:00:00Z,43003.3
2025-11-13T17:00:00Z,42106.5
2025-11-13T18:00:00Z,39769.6
2025-11-13T19:00:00Z,38208.2
2025-11-13T20:00:00Z,38000.2
2025-11-13T21:00:00Z,35798.6
2025-11-13T22:00:00Z,35884.9
2025-11-13T23:00:00Z,35249.5
2025-11-14T00:00:00Z,33988.0
2025-11-14T01:00:00Z,34390.8
2025-11-14T02:00:00Z,35101.3
2025-11-14T03:00:00Z,36711.6
2025-11-14T04:00:00Z,37467.6
2025-11-14T05:00:00Z,39536.2
2025-11-14T06:00:00Z,40507.0
2025-11-14T07:00:00Z,42678.3
2025-11-14T08:00:00Z,43482.2
2025-11-14T09:00:00Z,45515.6
2025-11-14T10:00:00Z,46240.7
2025-11-14T11:00:00Z,47113.3
2025-11-14T12:00:00Z,47139.6
2025-11-14T13:00:00Z,45590.5
2025-11-14T14:00:00Z,46781.6
2025-11-14T15:00:00Z,44934.2
2025-11-14T16:00:00Z,42877.7
2025-11-14T17:00:00Z,41834.3
2025-11-14T18:00:00Z,40089.4
2025-11-14T19:00:00Z,39301.6
2025-11-14T20:00:00Z,37331.3
2025-11-14T21:00:00Z,36251.4
2025-11-14T22:00:00Z,35769.6
2025-11-14T23:00:00Z,33899.0
2025-11-15T00:00:00Z,31962.5
2025-11-15T01:00:00Z,33008.3
2025-11-15T02:00:00Z,32744.6
2025-11-15T03:00:00Z,34900.6
2025-11-15T04:00:00Z,35140.1
2025-11-15T05:00:00Z,36701.3
2025-11-15T06:00:00Z,39161.1
2025-11-15T07:00:00Z,41127.1
2025-11-15T08:00:00Z,41783.7
2025-11-15T09:00:00Z,42835.9
2025-11-15T10:00:00Z,43319.0
2025-11-15T11:00:00Z,44451.7
2025-11-15T12:00:00Z,44604.9
2025-11-15T13:00:00Z,44061.1
2025-11-15T14:00:00Z,43767.4
2025-11-15T15:00:00Z,43482.3
2025-11-15T16:00:00Z,41840.6
2025-11-15T17:00:00Z,39027.0
2025-11-15T18:00:00Z,39563.3
2025-11-15T19:00:00Z,37723.4
2025-11-15T20:00:00Z,35059.6
2025-11-15T21:00:00Z,35058.1
2025-11-15T22:00:00Z,32865.5
2025-11-15T23:00:00Z,33143.2
2025-11-16T00:00:00Z,32675.7
2025-11-16T01:00:00Z,32321.0
2025-11-16T02:00:00Z,33592.1
2025-11-16T03:00:00Z,34452.7
2025-11-16T04:00:00Z,35741.7
2025-11-16T05:00:00Z,36462.2
2025-11-16T06:00:00Z,39068.8
2025-11-16T07:00:00Z,40138.6
2025-11-16T08:00:00Z,42420.0
2025-11-16T09:00:00Z,43421.6
2025-11-16T10:00:00Z,44307.1
2025-11-16T11:00:00Z,44025.7
2025-11-16T12:00:00Z,45777.5
2025-11-16T13:00:00Z,44755.3
2025-11-16T14:00:00Z,43953.3
2025-11-16T15:00:00Z,42711.3
2025-11-16T16:00:00Z,41723.6
2025-11-16T17:00:00Z,40822.7
2025-11-16T18:00:00Z,37666.9
2025-11-16T19:00:00Z,37357.5
2025-11-16T20:00:00Z,35017.3
2025-11-16T21:00:00Z,33934.4
2025-11-16T22:00:00Z,33652.8
2025-11-16T23:00:00Z,33080.6
2025-11-17T00:00:00Z,34111.1
2025-11-17T01:00:00Z,34615.4
2025-11-17T02:00:00Z,35808.2
2025-11-17T03:00:00Z,36080.5
2025-11-17T04:00:00Z,36737.1
2025-11-17T05:00:00Z,38583.4
2025-11-17T06:00:00Z,40141.9
2025-11-17T07:00:00Z,42615.6
2025-11-17T08:00:00Z,43181.0
2025-11-17T09:00:00Z,43776.0
2025-11-17T10:00:00Z,44917.8
2025-11-17T11:00:00Z,46812.2
2025-11-17T12:00:00Z,46659.0
2025-11-17T13:00:00Z,45629.3
2025-11-17T14:00:00Z,44871.5
2025-11-17T15:00:00Z,45008.5
2025-11-17T16:00:00Z,42716.1
2025-11-17T17:00:00Z,41767.2
2025-11-17T18:00:00Z,40708.1
2025-11-17T19:00:00Z,39055.8
2025-11-17T20:00:00Z,36779.9
2025-11-17T21:00:00Z,36267.4
2025-11-17T22:00:00Z,34216.8
2025-11-17T23:00:00Z,34535.6
2025-11-18T00:00:00Z,33839.7
2025-11-18T01:00:00Z,33383.6
2025-11-18T02:00:00Z,35587.3
2025-11-18T03:00:00Z,35803.5
2025-11-18T04:00:00Z,37395.9
2025-11-18T05:00:00Z,38411.2
2025-11-18T06:00:00Z,41651.8
2025-11-18T07:00:00Z,42585.1
2025-11-18T08:00:00Z,43158.3
2025-11-18T09:00:00Z,45539.0
2025-11-18T10:00:00Z,45968.5
2025-11-18T11:00:00Z,46938.6
2025-11-18T12:00:00Z,45287.9
2025-11-18T13:00:00Z,46260.2
2025-11-18T14:00:00Z,44953.5
2025-11-18T15:00:00Z,44461.1
2025-11-18T16:00:00Z,43087.2
2025-11-18T17:00:00Z,41940.3
2025-11-18T18:00:00Z,39205.4
2025-11-18T19:00:00Z,38463.8
2025-11-18T20:00:00Z,36445.6
2025-11-18T21:00:00Z,36449.9
2025-11-18T22:00:00Z,35090.1
2025-11-18T23:00:00Z,34662.5
2025-11-19T00:00:00Z,34582.6
2025-11-19T01:00:00Z,34664.3
2025-11-19T02:00:00Z,34565.4
2025-11-19T03:00:00Z,35891.7
2025-11-19T04:00:00Z,36159.1
2025-11-19T05:00:00Z,38345.5
2025-11-19T06:00:00Z,39957.9
2025-11-19T07:00:00Z,41600.9
2025-11-19T08:00:00Z,43362.9
2025-11-19T09:00:00Z,44456.0
2025-11-19T10:00:00Z,46308.8
2025-11-19T11:00:00Z,46527.3
2025-11-19T12:00:00Z,46284.1
2025-11-19T13:00:00Z,45902.6
2025-11-19T14:00:00Z,45173.9
2025-11-19T15:00:00Z,45088.4
2025-11-19T16:00:00Z,42829.3
2025-11-19T17:00:00Z,42213.5
2025-11-19T18:00:00Z,39615.7
2025-11-19T19:00:00Z,38551.9
2025-11-19T20:00:00Z,36481.7
2025-11-19T21:00:00Z,36100.4
2025-11-19T22:00:00Z,35008.3
2025-11-19T23:00:00Z,34042.5
2025-11-20T00:00:00Z,33207.8
2025-11-20T01:00:00Z,32841.2
2025-11-20T02:00:00Z,34544.2
2025-11-20T03:00:00Z,36303.7
2025-11-20T04:00:00Z,36561.8
2025-11-20T05:00:00Z,38633.1
2025-11-20T06:00:00Z,39613.0
2025-11-20T07:00:00Z,41979.2
2025-11-20T08:00:00Z,42661.1
2025-11-20T09:00:00Z,45035.1
2025-11-20T10:00:00Z,44897.5
2025-11-20T11:00:00Z,45818.5
2025-11-20T12:00:00Z,47042.3
2025-11-20T13:00:00Z,46119.3
2025-11-20T14:00:00Z,45419.2
2025-11-20T15:00:00Z,44336.7
2025-11-20T16:00:00Z,43357.4
2025-11-20T17:00:00Z,41178.4
2025-11-20T18:00:00Z,39538.6
2025-11-20T19:00:00Z,39284.0
2025-11-20T20:00:00Z,37066.5
2025-11-20T21:00:00Z,35914.1
2025-11-20T22:00:00Z,34830.9
2025-11-20T23:00:00Z,34293.1
2025-11-21T00:00:00Z,34553.8
2025-11-21T01:00:00Z,34268.5
2025-11-21T02:00:00Z,34718.8
2025-11-21T03:00:00Z,35430.1
2025-11-21T04:00:00Z,37098.2
2025-11-21T05:00:00Z,39049.5
2025-11-21T06:00:00Z,39786.0
2025-11-21T07:00:00Z,41414.2
2025-11-21T08:00:00Z,43704.0
2025-11-21T09:00:00Z,44476.7
2025-11-21T10:00:00Z,45888.3
2025-11-21T11:00:00Z,45415.3
2025-11-21T12:00:00Z,45774.9
2025-11-21T13:00:00Z,45417.7
2025-11-21T14:00:00Z,45547.9
2025-11-21T15:00:00Z,43603.4
2025-11-21T16:00:00Z,43381.9
2025-11-21T17:00:00Z,41624.1
2025-11-21T18:00:00Z,40321.9
2025-11-21T19:00:00Z,38915.8
2025-11-21T20:00:00Z,37523.0
2025-11-21T21:00:00Z,34587.7
2025-11-21T22:00:00Z,35121.1
2025-11-21T23:00:00Z,34765.2
2025-11-22T00:00:00Z,32033.9
2025-11-22T01:00:00Z,32790.9
2025-11-22T02:00:00Z,33375.9
2025-11-22T03:00:00Z,34399.8
2025-11-22T04:00:00Z,34739.3
2025-11-22T05:00:00Z,37421.0
2025-11-22T06:00:00Z,37674.2
2025-11-22T07:00:00Z,40184.4
2025-11-22T08:00:00Z,41723.2
2025-11-22T09:00:00Z,42951.5
2025-11-22T10:00:00Z,43854.2
2025-11-22T11:00:00Z,45017.5
2025-11-22T12:00:00Z,44827.0
2025-11-22T13:00:00Z,44467.4
2025-11-22T14:00:00Z,44259.1
2025-11-22T15:00:00Z,41980.3
2025-11-22T16:00:00Z,41214.6
2025-11-22T17:00:00Z,39357.4
2025-11-22T18:00:00Z,37729.5
2025-11-22T19:00:00Z,37298.7
2025-11-22T20:00:00Z,35405.0
2025-11-22T21:00:00Z,34834.0
2025-11-22T22:00:00Z,33428.0
2025-11-22T23:00:00Z,30956.0
2025-11-23T00:00:00Z,31998.0
2025-11-23T01:00:00Z,32127.4
2025-11-23T02:00:00Z,32629.9
2025-11-23T03:00:00Z,34786.3
2025-11-23T04:00:00Z,34902.5
2025-11-23T05:00:00Z,37193.8
2025-11-23T06:00:00Z,38170.1
2025-11-23T07:00:00Z,39730.2
2025-11-23T08:00:00Z,40951.0
2025-11-23T09:00:00Z,43394.8
2025-11-23T10:00:00Z,43473.0
2025-11-23T11:00:00Z,43571.4
2025-11-23T12:00:00Z,44379.1
2025-11-23T13:00:00Z,43361.5
2025-11-23T14:00:00Z,44156.9
2025-11-23T15:00:00Z,41904.6
2025-11-23T16:00:00Z,40910.1
2025-11-23T17:00:00Z,39897.0
2025-11-23T18:00:00Z,37691.6
2025-11-23T19:00:00Z,37380.3
2025-11-23T20:00:00Z,35150.5
2025-11-23T21:00:00Z,33963.1
2025-11-23T22:00:00Z,32978.8
2025-11-23T23:00:00Z,32326.6
2025-11-24T00:00:00Z,33802.7
2025-11-24T01:00:00Z,34948.8
2025-11-24T02:00:00Z,34443.4
2025-11-24T03:00:00Z,35018.3
2025-11-24T04:00:00Z,37430.7
2025-11-24T05:00:00Z,38751.7
2025-11-24T06:00:00Z,39610.4
2025-11-24T07:00:00Z,41181.5
2025-11-24T08:00:00Z,43530.6
2025-11-24T09:00:00Z,44215.0
2025-11-24T10:00:00Z,45073.0
2025-11-24T11:00:00Z,45638.0
2025-11-24T12:00:00Z,45586.3
2025-11-24T13:00:00Z,46022.1
2025-11-24T14:00:00Z,44400.3
2025-11-24T15:00:00Z,43535.7
2025-11-24T16:00:00Z,41943.4
2025-11-24T17:00:00Z,41083.0
2025-11-24T18:00:00Z,39239.6
2025-11-24T19:00:00Z,38373.6
2025-11-24T20:00:00Z,36397.5
2025-11-24T21:00:00Z,35412.2
2025-11-24T22:00:00Z,34868.9
2025-11-24T23:00:00Z,33967.3
2025-11-25T00:00:00Z,33311.9
2025-11-25T01:00:00Z,33585.2
2025-11-25T02:00:00Z,34080.3
2025-11-25T03:00:00Z,35457.6
2025-11-25T04:00:00Z,36742.6
2025-11-25T05:00:00Z,38845.9
2025-11-25T06:00:00Z,40125.7
2025-11-25T07:00:00Z,41513.2
2025-11-25T08:00:00Z,42482.2
2025-11-25T09:00:00Z,44227.8
2025-11-25T10:00:00Z,44490.6
2025-11-25T11:00:00Z,44653.1
2025-11-25T12:00:00Z,46075.3
2025-11-25T13:00:00Z,46044.5
2025-11-25T14:00:00Z,43369.0
2025-11-25T15:00:00Z,44533.4
2025-11-25T16:00:00Z,41916.4
2025-11-25T17:00:00Z,40758.1
2025-11-25T18:00:00Z,39944.1
2025-11-25T19:00:00Z,38020.7
2025-11-25T20:00:00Z,36626.0
2025-11-25T21:00:00Z,34845.2
2025-11-25T22:00:00Z,35068.2
2025-11-25T23:00:00Z,33749.5
2025-11-26T00:00:00Z,33428.7
2025-11-26T01:00:00Z,34595.6
2025-11-26T02:00:00Z,34373.6
2025-11-26T03:00:00Z,35640.8
2025-11-26T04:00:00Z,37013.9
2025-11-26T05:00:00Z,38080.1
2025-11-26T06:00:00Z,38982.3
2025-11-26T07:00:00Z,41531.7
2025-11-26T08:00:00Z,42361.6
2025-11-26T09:00:00Z,44634.7
2025-11-26T10:00:00Z,45505.6
2025-11-26T11:00:00Z,43972.4
2025-11-26T12:00:00Z,46783.6
2025-11-26T13:00:00Z,44890.5
2025-11-26T14:00:00Z,45063.5
2025-11-26T15:00:00Z,44180.0
2025-11-26T16:00:00Z,42674.5
2025-11-26T17:00:00Z,41421.7
2025-11-26T18:00:00Z,40350.1
2025-11-26T19:00:00Z,38257.7
2025-11-26T20:00:00Z,36543.6
2025-11-26T21:00:00Z,35426.5
2025-11-26T22:00:00Z,34384.6
2025-11-26T23:00:00Z,33722.6
2025-11-27T00:00:00Z,33485.8
2025-11-27T01:00:00Z,33657.6
2025-11-27T02:00:00Z,34816.2
2025-11-27T03:00:00Z,34989.5
2025-11-27T04:00:00Z,36038.9
2025-11-27T05:00:00Z,38728.0
2025-11-27T06:00:00Z,39524.7
2025-11-27T07:00:00Z,41892.4
2025-11-27T08:00:00Z,42769.3
2025-11-27T09:00:00Z,43525.6
2025-11-27T10:00:00Z,45154.3
2025-11-27T11:00:00Z,46516.0
2025-11-27T12:00:00Z,45361.7
2025-11-27T13:00:00Z,45379.0
2025-11-27T14:00:00Z,44159.3
2025-11-27T15:00:00Z,44115.2
2025-11-27T16:00:00Z,42649.0
2025-11-27T17:00:00Z,42364.2
2025-11-27T18:00:00Z,38540.1
2025-11-27T19:00:00Z,38357.9
2025-11-27T20:00:00Z,36681.2
2025-11-27T21:00:00Z,35672.4
2025-11-27T22:00:00Z,34279.7
2025-11-27T23:00:00Z,33915.1
2025-11-28T00:00:00Z,33217.8
2025-11-28T01:00:00Z,33503.8
2025-11-28T02:00:00Z,34749.4
2025-11-28T03:00:00Z,34018.5
2025-11-28T04:00:00Z,37109.6
2025-11-28T05:00:00Z,37651.3
2025-11-28T06:00:00Z,39556.2
2025-11-28T07:00:00Z,41764.8
2025-11-28T08:00:00Z,43230.5
2025-11-28T09:00:00Z,43988.0
2025-11-28T10:00:00Z,44820.0
2025-11-28T11:00:00Z,44697.4
2025-11-28T12:00:00Z,45656.0
2025-11-28T13:00:00Z,45289.7
2025-11-28T14:00:00Z,44550.0
2025-11-28T15:00:00Z,43283.1
2025-11-28T16:00:00Z,42537.3
2025-11-28T17:00:00Z,41349.0
2025-11-28T18:00:00Z,39185.8
2025-11-28T19:00:00Z,37108.8
2025-11-28T20:00:00Z,36713.2
2025-11-28T21:00:00Z,34657.1
2025-11-28T22:00:00Z,33874.3
2025-11-28T23:00:00Z,33413.9
2025-11-29T00:00:00Z,31355.0
2025-11-29T01:00:00Z,31252.5
2025-11-29T02:00:00Z,31992.2
2025-11-29T03:00:00Z,33331.6
2025-11-29T04:00:00Z,34368.5
2025-11-29T05:00:00Z,36160.6
2025-11-29T06:00:00Z,38071.7
2025-11-29T07:00:00Z,39811.4
2025-11-29T08:00:00Z,40187.1
2025-11-29T09:00:00Z,41640.4
2025-11-29T10:00:00Z,42769.3
2025-11-29T11:00:00Z,43396.1
2025-11-29T12:00:00Z,43916.4
2025-11-29T13:00:00Z,43550.5
2025-11-29T14:00:00Z,42011.8
2025-11-29T15:00:00Z,41149.7
2025-11-29T16:00:00Z,40810.2
2025-11-29T17:00:00Z,39772.2
2025-11-29T18:00:00Z,38229.6
2025-11-29T19:00:00Z,36277.6
2025-11-29T20:00:00Z,34787.2
2025-11-29T21:00:00Z,32674.9
2025-11-29T22:00:00Z,31599.1
2025-11-29T23:00:00Z,31717.9
2025-11-30T00:00:00Z,32882.5
2025-11-30T01:00:00Z,32215.3
2025-11-30T02:00:00Z,32091.0
2025-11-30T03:00:00Z,32893.8
2025-11-30T04:00:00Z,34253.7
2025-11-30T05:00:00Z,35637.6
2025-11-30T06:00:00Z,38232.2
2025-11-30T07:00:00Z,38604.0
2025-11-30T08:00:00Z,40871.4
2025-11-30T09:00:00Z,41579.9
2025-11-30T10:00:00Z,43005.5
2025-11-30T11:00:00Z,44016.3
2025-11-30T12:00:00Z,43711.8
2025-11-30T13:00:00Z,43531.7
2025-11-30T14:00:00Z,42463.3
2025-11-30T15:00:00Z,41559.3
2025-11-30T16:00:00Z,41471.5
2025-11-30T17:00:00Z,38883.6
2025-11-30T18:00:00Z,37533.9
2025-11-30T19:00:00Z,35448.2
2025-11-30T20:00:00Z,34793.4
2025-11-30T21:00:00Z,32850.4
2025-11-30T22:00:00Z,32472.5
2025-11-30T23:00:00Z,31534.7
2025-12-01T00:00:00Z,32774.1
2025-12-01T01:00:00Z,33525.1
2025-12-01T02:00:00Z,34349.5
2025-12-01T03:00:00Z,34348.6
2025-12-01T04:00:00Z,36678.1
2025-12-01T05:00:00Z,37740.2
2025-12-01T06:00:00Z,39638.1
2025-12-01T07:00:00Z,41344.5
2025-12-01T08:00:00Z,42006.6
2025-12-01T09:00:00Z,43389.6
2025-12-01T10:00:00Z,44620.7
2025-12-01T11:00:00Z,45650.0
2025-12-01T12:00:00Z,44116.7
2025-12-01T13:00:00Z,45928.2
2025-12-01T14:00:00Z,44370.3
2025-12-01T15:00:00Z,42677.9
2025-12-01T16:00:00Z,42168.6
2025-12-01T17:00:00Z,40278.2
2025-12-01T18:00:00Z,40169.0
2025-12-01T19:00:00Z,37412.0
2025-12-01T20:00:00Z,35860.8
2025-12-01T21:00:00Z,34716.6
2025-12-01T22:00:00Z,33468.7
2025-12-01T23:00:00Z,33404.9
2025-12-02T00:00:00Z,33321.5
2025-12-02T01:00:00Z,33306.2
2025-12-02T02:00:00Z,33390.1
2025-12-02T03:00:00Z,35255.6
2025-12-02T04:00:00Z,36008.3
2025-12-02T05:00:00Z,37412.7
2025-12-02T06:00:00Z,39649.9
2025-12-02T07:00:00Z,40771.1
2025-12-02T08:00:00Z,40767.5
2025-12-02T09:00:00Z,43689.2
2025-12-02T10:00:00Z,43435.5
2025-12-02T11:00:00Z,44390.2
2025-12-02T12:00:00Z,45008.8
2025-12-02T13:00:00Z,45063.2
2025-12-02T14:00:00Z,44548.5
2025-12-02T15:00:00Z,43198.5
2025-12-02T16:00:00Z,42543.0
2025-12-02T17:00:00Z,40883.0
2025-12-02T18:00:00Z,38943.2
2025-12-02T19:00:00Z,36719.7
2025-12-02T20:00:00Z,36302.9
2025-12-02T21:00:00Z,34192.8
2025-12-02T22:00:00Z,33407.5
2025-12-02T23:00:00Z,32937.7
2025-12-03T00:00:00Z,32575.4
2025-12-03T01:00:00Z,31979.7
2025-12-03T02:00:00Z,33689.3
2025-12-03T03:00:00Z,34214.9
2025-12-03T04:00:00Z,35581.9
2025-12-03T05:00:00Z,37781.8
2025-12-03T06:00:00Z,39877.7
2025-12-03T07:00:00Z,40698.3
2025-12-03T08:00:00Z,41656.4
2025-12-03T09:00:00Z,42989.9
2025-12-03T10:00:00Z,44856.0
2025-12-03T11:00:00Z,44885.8
2025-12-03T12:00:00Z,44508.5
2025-12-03T13:00:00Z,46018.6
2025-12-03T14:00:00Z,44691.2
2025-12-03T15:00:00Z,42996.7
2025-12-03T16:00:00Z,41731.8
2025-12-03T17:00:00Z,39789.0
2025-12-03T18:00:00Z,37947.2
2025-12-03T19:00:00Z,37511.9
2025-12-03T20:00:00Z,35533.3
2025-12-03T21:00:00Z,35378.8
2025-12-03T22:00:00Z,33417.1
2025-12-03T23:00:00Z,33073.2
2025-12-04T00:00:00Z,33266.0
2025-12-04T01:00:00Z,32329.8
2025-12-04T02:00:00Z,33902.7
2025-12-04T03:00:00Z,33790.0
2025-12-04T04:00:00Z,37099.5
2025-12-04T05:00:00Z,36672.6
2025-12-04T06:00:00Z,38485.5
2025-12-04T07:00:00Z,41750.4
2025-12-04T08:00:00Z,41739.7
2025-12-04T09:00:00Z,43601.2
2025-12-04T10:00:00Z,44167.2
2025-12-04T11:00:00Z,43674.3
2025-12-04T12:00:00Z,45072.0
2025-12-04T13:00:00Z,44326.8
2025-12-04T14:00:00Z,45099.6
2025-12-04T15:00:00Z,42685.1
2025-12-04T16:00:00Z,42854.3
2025-12-04T17:00:00Z,40321.3
2025-12-04T18:00:00Z,39143.2
2025-12-04T19:00:00Z,38666.7
2025-12-04T20:00:00Z,35684.0
2025-12-04T21:00:00Z,34435.4
2025-12-04T22:00:00Z,33987.8
2025-12-04T23:00:00Z,32525.7
2025-12-05T00:00:00Z,33181.7
2025-12-05T01:00:00Z,33402.8
2025-12-05T02:00:00Z,33574.0
2025-12-05T03:00:00Z,33621.5
2025-12-05T04:00:00Z,34612.6
2025-12-05T05:00:00Z,36824.1
2025-12-05T06:00:00Z,38596.3
2025-12-05T07:00:00Z,39214.4
2025-12-05T08:00:00Z,41729.0
2025-12-05T09:00:00Z,43158.7
2025-12-05T10:00:00Z,44118.2
2025-12-05T11:00:00Z,45359.6
2025-12-05T12:00:00Z,44661.4
2025-12-05T13:00:00Z,44861.7
2025-12-05T14:00:00Z,43672.5
2025-12-05T15:00:00Z,43638.2
2025-12-05T16:00:00Z,41741.1
2025-12-05T17:00:00Z,40297.4
2025-12-05T18:00:00Z,38872.4
2025-12-05T19:00:00Z,36210.6
2025-12-05T20:00:00Z,36261.3
2025-12-05T21:00:00Z,34215.0
2025-12-05T22:00:00Z,33443.4
2025-12-05T23:00:00Z,32853.6
2025-12-06T00:00:00Z,32303.0
2025-12-06T01:00:00Z,31169.2
2025-12-06T02:00:00Z,31480.1
2025-12-06T03:00:00Z,32697.6
2025-12-06T04:00:00Z,33870.3
2025-12-06T05:00:00Z,35319.9
2025-12-06T06:00:00Z,37141.4
2025-12-06T07:00:00Z,39163.2
2025-12-06T08:00:00Z,39528.9
2025-12-06T09:00:00Z,41568.9
2025-12-06T10:00:00Z,42259.0
2025-12-06T11:00:00Z,42985.8
2025-12-06T12:00:00Z,43642.1
2025-12-06T13:00:00Z,42861.1
2025-12-06T14:00:00Z,41016.9
2025-12-06T15:00:00Z,41715.7
2025-12-06T16:00:00Z,40475.7
2025-12-06T17:00:00Z,38991.0
2025-12-06T18:00:00Z,36711.0
2025-12-06T19:00:00Z,36373.9
2025-12-06T20:00:00Z,33932.3
2025-12-06T21:00:00Z,32337.6
2025-12-06T22:00:00Z,32784.1
2025-12-06T23:00:00Z,29910.4
2025-12-07T00:00:00Z,31230.2
2025-12-07T01:00:00Z,31368.2
2025-12-07T02:00:00Z,31532.2
2025-12-07T03:00:00Z,32273.3
2025-12-07T04:00:00Z,34712.8
2025-12-07T05:00:00Z,36039.0
2025-12-07T06:00:00Z,37845.1
2025-12-07T07:00:00Z,38609.2
2025-12-07T08:00:00Z,40017.4
2025-12-07T09:00:00Z,41317.5
2025-12-07T10:00:00Z,41612.0
2025-12-07T11:00:00Z,43585.2
2025-12-07T12:00:00Z,43730.8
2025-12-07T13:00:00Z,43298.6
2025-12-07T14:00:00Z,41591.4
2025-12-07T15:00:00Z,41241.4
2025-12-07T16:00:00Z,40262.4
2025-12-07T17:00:00Z,38877.6
2025-12-07T18:00:00Z,36643.6
2025-12-07T19:00:00Z,35804.4
2025-12-07T20:00:00Z,34848.9
2025-12-07T21:00:00Z,32078.3
2025-12-07T22:00:00Z,31511.1
2025-12-07T23:00:00Z,30425.7
2025-12-08T00:00:00Z,31745.7
2025-12-08T01:00:00Z,32367.0
2025-12-08T02:00:00Z,33461.5
2025-12-08T03:00:00Z,34528.8
2025-12-08T04:00:00Z,35462.1
2025-12-08T05:00:00Z,37494.7
2025-12-08T06:00:00Z,38908.9
2025-12-08T07:00:00Z,39902.5
2025-12-08T08:00:00Z,41908.8
2025-12-08T09:00:00Z,42901.7
2025-12-08T10:00:00Z,43863.6
2025-12-08T11:00:00Z,43877.5
2025-12-08T12:00:00Z,44951.0
2025-12-08T13:00:00Z,44066.9
2025-12-08T14:00:00Z,44555.4
2025-12-08T15:00:00Z,42763.0
2025-12-08T16:00:00Z,41990.4
2025-12-08T17:00:00Z,39920.3
2025-12-08T18:00:00Z,37708.9
2025-12-08T19:00:00Z,37061.4
2025-12-08T20:00:00Z,34996.7
2025-12-08T21:00:00Z,34219.7
2025-12-08T22:00:00Z,33077.0
2025-12-08T23:00:00Z,33722.7
2025-12-09T00:00:00Z,32252.9
2025-12-09T01:00:00Z,32546.1
2025-12-09T02:00:00Z,33108.4
2025-12-09T03:00:00Z,35009.1
2025-12-09T04:00:00Z,35512.9
2025-12-09T05:00:00Z,36907.6
2025-12-09T06:00:00Z,39330.0
2025-12-09T07:00:00Z,40749.6
2025-12-09T08:00:00Z,41411.5
2025-12-09T09:00:00Z,41973.8
2025-12-09T10:00:00Z,44110.7
2025-12-09T11:00:00Z,44350.3
2025-12-09T12:00:00Z,44163.4
2025-12-09T13:00:00Z,44605.2
2025-12-09T14:00:00Z,43880.4
2025-12-09T15:00:00Z,42211.6
2025-12-09T16:00:00Z,41916.4
2025-12-09T17:00:00Z,40259.5
2025-12-09T18:00:00Z,39205.5
2025-12-09T19:00:00Z,36837.4
2025-12-09T20:00:00Z,36197.4
2025-12-09T21:00:00Z,34205.3
2025-12-09T22:00:00Z,33169.0
2025-12-09T23:00:00Z,32717.0
2025-12-10T00:00:00Z,32638.8
2025-12-10T01:00:00Z,32073.9
2025-12-10T02:00:00Z,33810.3
2025-12-10T03:00:00Z,34294.7
2025-12-10T04:00:00Z,35880.9
2025-12-10T05:00:00Z,36967.8
2025-12-10T06:00:00Z,38686.5
2025-12-10T07:00:00Z,40149.0
2025-12-10T08:00:00Z,40786.3
2025-12-10T09:00:00Z,41949.2
2025-12-10T10:00:00Z,43505.4
2025-12-10T11:00:00Z,45332.2
2025-12-10T12:00:00Z,43955.2
2025-12-10T13:00:00Z,44540.0
2025-12-10T14:00:00Z,44263.2
2025-12-10T15:00:00Z,42519.2
2025-12-10T16:00:00Z,41774.7
2025-12-10T17:00:00Z,40086.2
2025-12-10T18:00:00Z,39630.4
2025-12-10T19:00:00Z,37390.8
2025-12-10T20:00:00Z,34692.3
2025-12-10T21:00:00Z,34022.5
2025-12-10T22:00:00Z,32487.5
2025-12-10T23:00:00Z,32399.9
2025-12-11T00:00:00Z,31798.7
2025-12-11T01:00:00Z,31930.9
2025-12-11T02:00:00Z,33787.5
2025-12-11T03:00:00Z,34218.9
2025-12-11T04:00:00Z,35525.5
2025-12-11T05:00:00Z,37319.0
2025-12-11T06:00:00Z,39001.0
2025-12-11T07:00:00Z,40058.9
2025-12-11T08:00:00Z,40401.2
2025-12-11T09:00:00Z,43171.7
2025-12-11T10:00:00Z,43806.8
2025-12-11T11:00:00Z,43191.7
2025-12-11T12:00:00Z,44171.2
2025-12-11T13:00:00Z,43609.4
2025-12-11T14:00:00Z,42938.5
2025-12-11T15:00:00Z,43036.2
2025-12-11T16:00:00Z,40949.4
2025-12-11T17:00:00Z,39738.4
2025-12-11T18:00:00Z,37882.7
2025-12-11T19:00:00Z,37260.5
2025-12-11T20:00:00Z,34458.7
2025-12-11T21:00:00Z,33862.8
2025-12-11T22:00:00Z,33419.7
2025-12-11T23:00:00Z,32327.4
2025-12-12T00:00:00Z,31614.5
2025-12-12T01:00:00Z,31440.4
2025-12-12T02:00:00Z,33460.0
2025-12-12T03:00:00Z,34139.9
2025-12-12T04:00:00Z,35274.3
2025-12-12T05:00:00Z,36546.4
2025-12-12T06:00:00Z,38543.7
2025-12-12T07:00:00Z,40005.1
2025-12-12T08:00:00Z,40414.5
2025-12-12T09:00:00Z,42409.5
2025-12-12T10:00:00Z,43913.5
2025-12-12T11:00:00Z,44733.1
2025-12-12T12:00:00Z,43009.7
2025-12-12T13:00:00Z,44363.6
2025-12-12T14:00:00Z,44226.2
2025-12-12T15:00:00Z,42685.1
2025-12-12T16:00:00Z,41955.5
2025-12-12T17:00:00Z,39591.4
2025-12-12T18:00:00Z,38253.2
2025-12-12T19:00:00Z,36435.3
2025-12-12T20:00:00Z,34881.0
2025-12-12T21:00:00Z,34211.3
2025-12-12T22:00:00Z,32808.1
2025-12-12T23:00:00Z,32767.5
2025-12-13T00:00:00Z,30556.5
2025-12-13T01:00:00Z,29925.4
2025-12-13T02:00:00Z,31558.1
2025-12-13T03:00:00Z,30841.7
2025-12-13T04:00:00Z,33103.6
2025-12-13T05:00:00Z,34428.0
2025-12-13T06:00:00Z,35781.3
2025-12-13T07:00:00Z,38024.4
2025-12-13T08:00:00Z,40068.7
2025-12-13T09:00:00Z,41046.8
2025-12-13T10:00:00Z,41773.5
2025-12-13T11:00:00Z,41587.5
2025-12-13T12:00:00Z,42703.1
2025-12-13T13:00:00Z,41948.0
2025-12-13T14:00:00Z,41342.0
2025-12-13T15:00:00Z,40816.7
2025-12-13T16:00:00Z,39009.8
2025-12-13T17:00:00Z,37549.9
2025-12-13T18:00:00Z,36528.3
2025-12-13T19:00:00Z,34473.2
2025-12-13T20:00:00Z,33741.8
2025-12-13T21:00:00Z,31378.9
2025-12-13T22:00:00Z,31479.7
2025-12-13T23:00:00Z,30817.4
2025-12-14T00:00:00Z,30255.5
2025-12-14T01:00:00Z,29875.5
2025-12-14T02:00:00Z,31422.5
2025-12-14T03:00:00Z,31603.4
2025-12-14T04:00:00Z,33791.6
2025-12-14T05:00:00Z,34962.2
2025-12-14T06:00:00Z,35758.5
2025-12-14T07:00:00Z,38057.9
2025-12-14T08:00:00Z,39676.7
2025-12-14T09:00:00Z,40922.0
2025-12-14T10:00:00Z,41593.8
2025-12-14T11:00:00Z,42234.2
2025-12-14T12:00:00Z,43335.7
2025-12-14T13:00:00Z,42369.3
2025-12-14T14:00:00Z,41976.5
2025-12-14T15:00:00Z,40724.7
2025-12-14T16:00:00Z,38612.0
2025-12-14T17:00:00Z,38198.8
2025-12-14T18:00:00Z,36220.7
2025-12-14T19:00:00Z,34779.1
2025-12-14T20:00:00Z,33169.9
2025-12-14T21:00:00Z,31595.0
2025-12-14T22:00:00Z,30735.1
2025-12-14T23:00:00Z,30031.6
2025-12-15T00:00:00Z,32034.1
2025-12-15T01:00:00Z,31689.1
2025-12-15T02:00:00Z,32395.2
2025-12-15T03:00:00Z,32975.9
2025-12-15T04:00:00Z,35336.5
2025-12-15T05:00:00Z,36133.2
2025-12-15T06:00:00Z,37851.3
2025-12-15T07:00:00Z,39647.0
2025-12-15T08:00:00Z,40460.8
2025-12-15T09:00:00Z,42175.7
2025-12-15T10:00:00Z,43484.5
2025-12-15T11:00:00Z,44793.2
2025-12-15T12:00:00Z,44018.4
2025-12-15T13:00:00Z,43624.7
2025-12-15T14:00:00Z,43290.7
2025-12-15T15:00:00Z,42005.7
2025-12-15T16:00:00Z,40164.5
2025-12-15T17:00:00Z,39297.1
2025-12-15T18:00:00Z,37649.2
2025-12-15T19:00:00Z,36399.8
2025-12-15T20:00:00Z,33321.9
2025-12-15T21:00:00Z,33590.2
2025-12-15T22:00:00Z,32511.8
2025-12-15T23:00:00Z,32053.7
2025-12-16T00:00:00Z,31429.5
2025-12-16T01:00:00Z,31859.9
2025-12-16T02:00:00Z,31616.6
2025-12-16T03:00:00Z,33071.2
2025-12-16T04:00:00Z,34162.5
2025-12-16T05:00:00Z,36713.8
2025-12-16T06:00:00Z,37974.7
2025-12-16T07:00:00Z,38978.4
2025-12-16T08:00:00Z,39833.5
2025-12-16T09:00:00Z,42039.4
2025-12-16T10:00:00Z,43225.6
2025-12-16T11:00:00Z,43016.8
2025-12-16T12:00:00Z,43818.3
2025-12-16T13:00:00Z,43456.1
2025-12-16T14:00:00Z,43224.8
2025-12-16T15:00:00Z,42083.9
2025-12-16T16:00:00Z,40505.1
2025-12-16T17:00:00Z,39151.2
2025-12-16T18:00:00Z,38444.5
2025-12-16T19:00:00Z,36551.5
2025-12-16T20:00:00Z,35345.0
2025-12-16T21:00:00Z,33560.5
2025-12-16T22:00:00Z,32632.6
2025-12-16T23:00:00Z,32608.3
2025-12-17T00:00:00Z,31326.6
2025-12-17T01:00:00Z,31828.7
2025-12-17T02:00:00Z,32498.2
2025-12-17T03:00:00Z,32664.7
2025-12-17T04:00:00Z,35661.0
2025-12-17T05:00:00Z,35187.6
2025-12-17T06:00:00Z,36883.9
2025-12-17T07:00:00Z,38733.2
2025-12-17T08:00:00Z,40765.3
2025-12-17T09:00:00Z,42356.8
2025-12-17T10:00:00Z,43761.3
2025-12-17T11:00:00Z,43847.2
2025-12-17T12:00:00Z,43340.4
2025-12-17T13:00:00Z,43756.9
2025-12-17T14:00:00Z,42072.4
2025-12-17T15:00:00Z,42705.2
2025-12-17T16:00:00Z,40599.2
2025-12-17T17:00:00Z,37970.8
2025-12-17T18:00:00Z,37574.4
2025-12-17T19:00:00Z,36260.5
2025-12-17T20:00:00Z,33926.3
2025-12-17T21:00:00Z,33001.7
2025-12-17T22:00:00Z,32132.8
2025-12-17T23:00:00Z,31714.6
2025-12-18T00:00:00Z,30743.9
2025-12-18T01:00:00Z,31929.5
2025-12-18T02:00:00Z,32041.1
2025-12-18T03:00:00Z,32003.1
2025-12-18T04:00:00Z,33852.3
2025-12-18T05:00:00Z,36556.8
2025-12-18T06:00:00Z,38348.4
2025-12-18T07:00:00Z,39396.8
2025-12-18T08:00:00Z,40546.3
2025-12-18T09:00:00Z,41521.7
2025-12-18T10:00:00Z,41969.2
2025-12-18T11:00:00Z,42611.9
2025-12-18T12:00:00Z,44326.8
2025-12-18T13:00:00Z,42123.3
2025-12-18T14:00:00Z,42862.0
2025-12-18T15:00:00Z,42725.9
2025-12-18T16:00:00Z,40833.5
2025-12-18T17:00:00Z,38374.8
2025-12-18T18:00:00Z,37358.6
2025-12-18T19:00:00Z,36250.1
2025-12-18T20:00:00Z,33961.8
2025-12-18T21:00:00Z,33052.4
2025-12-18T22:00:00Z,32726.5
2025-12-18T23:00:00Z,31108.4
2025-12-19T00:00:00Z,31302.1
2025-12-19T01:00:00Z,31753.8
2025-12-19T02:00:00Z,32215.8
2025-12-19T03:00:00Z,33159.4
2025-12-19T04:00:00Z,34778.5
2025-12-19T05:00:00Z,36392.5
2025-12-19T06:00:00Z,38114.5
2025-12-19T07:00:00Z,39725.6
2025-12-19T08:00:00Z,40786.3
2025-12-19T09:00:00Z,41478.6
2025-12-19T10:00:00Z,42294.2
2025-12-19T11:00:00Z,43789.9
2025-12-19T12:00:00Z,43241.5
2025-12-19T13:00:00Z,42608.2
2025-12-19T14:00:00Z,42683.2
2025-12-19T15:00:00Z,41346.4
2025-12-19T16:00:00Z,40355.6
2025-12-19T17:00:00Z,38131.3
2025-12-19T18:00:00Z,37110.0
2025-12-19T19:00:00Z,36405.9
2025-12-19T20:00:00Z,34428.5
2025-12-19T21:00:00Z,32509.4
2025-12-19T22:00:00Z,31778.2
2025-12-19T23:00:00Z,31883.6
2025-12-20T00:00:00Z,29505.8
2025-12-20T01:00:00Z,29867.0
2025-12-20T02:00:00Z,29514.2
2025-12-20T03:00:00Z,31274.5
2025-12-20T04:00:00Z,32358.4
2025-12-20T05:00:00Z,33867.2
2025-12-20T06:00:00Z,36540.6
2025-12-20T07:00:00Z,36886.2
2025-12-20T08:00:00Z,38267.2
2025-12-20T09:00:00Z,39789.2
2025-12-20T10:00:00Z,40108.6
2025-12-20T11:00:00Z,41051.6
2025-12-20T12:00:00Z,40965.0
2025-12-20T13:00:00Z,41381.9
2025-12-20T14:00:00Z,40527.9
2025-12-20T15:00:00Z,38903.9
2025-12-20T16:00:00Z,38292.1
2025-12-20T17:00:00Z,36546.4
2025-12-20T18:00:00Z,34456.1
2025-12-20T19:00:00Z,33827.7
2025-12-20T20:00:00Z,33281.6
2025-12-20T21:00:00Z,29746.4
2025-12-20T22:00:00Z,30229.9
2025-12-20T23:00:00Z,30505.3
2025-12-21T00:00:00Z,29980.3
2025-12-21T01:00:00Z,30433.0
2025-12-21T02:00:00Z,31317.8
2025-12-21T03:00:00Z,31520.0
2025-12-21T04:00:00Z,33408.1
2025-12-21T05:00:00Z,34770.5
2025-12-21T06:00:00Z,35444.2
2025-12-21T07:00:00Z,36454.6
2025-12-21T08:00:00Z,39908.1
2025-12-21T09:00:00Z,40651.6
2025-12-21T10:00:00Z,40953.4
2025-12-21T11:00:00Z,41144.9
2025-12-21T12:00:00Z,40978.9
2025-12-21T13:00:00Z,41690.6
2025-12-21T14:00:00Z,40798.5
2025-12-21T15:00:00Z,39572.8
2025-12-21T16:00:00Z,38500.2
2025-12-21T17:00:00Z,37501.4
2025-12-21T18:00:00Z,35719.9
2025-12-21T19:00:00Z,34282.4
2025-12-21T20:00:00Z,31946.4
2025-12-21T21:00:00Z,32211.9
2025-12-21T22:00:00Z,30682.2
2025-12-21T23:00:00Z,29875.6
2025-12-22T00:00:00Z,31345.5
2025-12-22T01:00:00Z,30971.7
2025-12-22T02:00:00Z,32168.8
2025-12-22T03:00:00Z,33006.5
2025-12-22T04:00:00Z,34234.3
2025-12-22T05:00:00Z,36487.9
2025-12-22T06:00:00Z,37662.7
2025-12-22T07:00:00Z,38538.0
2025-12-22T08:00:00Z,39665.9
2025-12-22T09:00:00Z,41796.3
2025-12-22T10:00:00Z,42162.6
2025-12-22T11:00:00Z,43032.3
2025-12-22T12:00:00Z,43174.7
2025-12-22T13:00:00Z,42270.5
2025-12-22T14:00:00Z,42806.0
2025-12-22T15:00:00Z,41361.0
2025-12-22T16:00:00Z,39872.9
2025-12-22T17:00:00Z,38872.3
2025-12-22T18:00:00Z,37045.4
2025-12-22T19:00:00Z,35250.5
2025-12-22T20:00:00Z,32757.2
2025-12-22T21:00:00Z,32932.8
2025-12-22T22:00:00Z,32591.9
2025-12-22T23:00:00Z,31370.8
2025-12-23T00:00:00Z,31056.2
2025-12-23T01:00:00Z,31172.7
2025-12-23T02:00:00Z,31606.5
2025-12-23T03:00:00Z,32076.6
2025-12-23T04:00:00Z,35455.7
2025-12-23T05:00:00Z,35570.9
2025-12-23T06:00:00Z,37065.7
2025-12-23T07:00:00Z,38952.9
2025-12-23T08:00:00Z,41313.7
2025-12-23T09:00:00Z,40437.0
2025-12-23T10:00:00Z,42649.1
2025-12-23T11:00:00Z,42279.2
2025-12-23T12:00:00Z,42847.4
2025-12-23T13:00:00Z,42940.7
2025-12-23T14:00:00Z,42092.7
2025-12-23T15:00:00Z,41401.7
2025-12-23T16:00:00Z,39747.0
2025-12-23T17:00:00Z,40007.6
2025-12-23T18:00:00Z,36666.9
2025-12-23T19:00:00Z,34568.9
2025-12-23T20:00:00Z,34108.7
2025-12-23T21:00:00Z,32871.4
2025-12-23T22:00:00Z,31040.6
2025-12-23T23:00:00Z,31717.9
2025-12-24T00:00:00Z,30746.7
2025-12-24T01:00:00Z,31606.3
2025-12-24T02:00:00Z,32002.7
2025-12-24T03:00:00Z,33473.5
2025-12-24T04:00:00Z,34032.5
2025-12-24T05:00:00Z,34970.4
2025-12-24T06:00:00Z,36730.6
2025-12-24T07:00:00Z,38579.7
2025-12-24T08:00:00Z,39813.0
2025-12-24T09:00:00Z,41075.5
2025-12-24T10:00:00Z,42495.1
2025-12-24T11:00:00Z,42947.3
2025-12-24T12:00:00Z,42946.9
2025-12-24T13:00:00Z,42244.3
2025-12-24T14:00:00Z,41600.3
2025-12-24T15:00:00Z,41398.0
2025-12-24T16:00:00Z,40545.0
2025-12-24T17:00:00Z,38921.7
2025-12-24T18:00:00Z,36148.1
2025-12-24T19:00:00Z,35338.3
2025-12-24T20:00:00Z,33998.4
2025-12-24T21:00:00Z,33065.7
2025-12-24T22:00:00Z,31876.2
2025-12-24T23:00:00Z,30737.1
2025-12-25T00:00:00Z,30177.5
2025-12-25T01:00:00Z,30604.8
2025-12-25T02:00:00Z,31431.9
2025-12-25T03:00:00Z,32178.4
2025-12-25T04:00:00Z,34588.2
2025-12-25T05:00:00Z,36244.9
2025-12-25T06:00:00Z,36632.1
2025-12-25T07:00:00Z,38222.5
2025-12-25T08:00:00Z,38964.2
2025-12-25T09:00:00Z,41812.3
2025-12-25T10:00:00Z,42437.1
2025-12-25T11:00:00Z,43140.1
2025-12-25T12:00:00Z,42698.5
2025-12-25T13:00:00Z,42511.2
2025-12-25T14:00:00Z,41882.4
2025-12-25T15:00:00Z,41066.9
2025-12-25T16:00:00Z,40207.7
2025-12-25T17:00:00Z,38927.2
2025-12-25T18:00:00Z,36596.6
2025-12-25T19:00:00Z,34648.3
2025-12-25T20:00:00Z,34394.6
2025-12-25T21:00:00Z,31278.4
2025-12-25T22:00:00Z,31679.6
2025-12-25T23:00:00Z,30471.3
2025-12-26T00:00:00Z,30526.3
2025-12-26T01:00:00Z,30098.3
2025-12-26T02:00:00Z,30988.6
2025-12-26T03:00:00Z,32443.1
2025-12-26T04:00:00Z,33323.2
2025-12-26T05:00:00Z,35409.9
2025-12-26T06:00:00Z,35861.7
2025-12-26T07:00:00Z,38084.7
2025-12-26T08:00:00Z,39778.7
2025-12-26T09:00:00Z,41203.4
2025-12-26T10:00:00Z,42431.7
2025-12-26T11:00:00Z,43093.7
2025-12-26T12:00:00Z,44305.9
2025-12-26T13:00:00Z,43171.1
2025-12-26T14:00:00Z,41792.8
2025-12-26T15:00:00Z,41879.0
2025-12-26T16:00:00Z,40801.7
2025-12-26T17:00:00Z,38080.7
2025-12-26T18:00:00Z,37031.9
2025-12-26T19:00:00Z,35501.4
2025-12-26T20:00:00Z,33218.1
2025-12-26T21:00:00Z,32547.4
2025-12-26T22:00:00Z,30781.4
2025-12-26T23:00:00Z,29991.4
2025-12-27T00:00:00Z,29378.6
2025-12-27T01:00:00Z,29497.0
2025-12-27T02:00:00Z,30558.9
2025-12-27T03:00:00Z,30043.2
2025-12-27T04:00:00Z,31605.1
2025-12-27T05:00:00Z,32867.3
2025-12-27T06:00:00Z,34697.6
2025-12-27T07:00:00Z,35681.5
2025-12-27T08:00:00Z,36789.8
2025-12-27T09:00:00Z,39966.9
2025-12-27T10:00:00Z,40175.8
2025-12-27T11:00:00Z,40194.7
2025-12-27T12:00:00Z,40804.7
2025-12-27T13:00:00Z,41174.8
2025-12-27T14:00:00Z,39818.6
2025-12-27T15:00:00Z,39334.3
2025-12-27T16:00:00Z,38059.2
2025-12-27T17:00:00Z,36732.0
2025-12-27T18:00:00Z,35197.5
2025-12-27T19:00:00Z,32728.1
2025-12-27T20:00:00Z,31723.6
2025-12-27T21:00:00Z,30648.2
2025-12-27T22:00:00Z,29673.5
2025-12-27T23:00:00Z,28716.3
2025-12-28T00:00:00Z,27687.7
2025-12-28T01:00:00Z,28882.7
2025-12-28T02:00:00Z,29203.8
2025-12-28T03:00:00Z,30429.3
2025-12-28T04:00:00Z,31646.1
2025-12-28T05:00:00Z,33033.3
2025-12-28T06:00:00Z,34241.3
2025-12-28T07:00:00Z,35862.6
2025-12-28T08:00:00Z,37311.4
2025-12-28T09:00:00Z,39261.2
2025-12-28T10:00:00Z,39704.1
2025-12-28T11:00:00Z,40359.1
2025-12-28T12:00:00Z,40870.8
2025-12-28T13:00:00Z,40570.8
2025-12-28T14:00:00Z,39548.1
2025-12-28T15:00:00Z,39280.2
2025-12-28T16:00:00Z,37621.6
2025-12-28T17:00:00Z,36475.0
2025-12-28T18:00:00Z,34011.6
2025-12-28T19:00:00Z,32545.2
2025-12-28T20:00:00Z,32753.2
2025-12-28T21:00:00Z,30879.5
2025-12-28T22:00:00Z,29393.1
2025-12-28T23:00:00Z,28634.4
2025-12-29T00:00:00Z,31227.3
2025-12-29T01:00:00Z,30041.7
2025-12-29T02:00:00Z,31297.6
2025-12-29T03:00:00Z,31965.9
2025-12-29T04:00:00Z,32616.4
2025-12-29T05:00:00Z,35596.4
2025-12-29T06:00:00Z,36126.6
2025-12-29T07:00:00Z,38135.8
2025-12-29T08:00:00Z,39119.2
2025-12-29T09:00:00Z,40947.2
2025-12-29T10:00:00Z,42050.7
2025-12-29T11:00:00Z,41511.1
2025-12-29T12:00:00Z,42066.9
2025-12-29T13:00:00Z,43248.4
2025-12-29T14:00:00Z,41703.7
2025-12-29T15:00:00Z,40062.5
2025-12-29T16:00:00Z,40026.5
2025-12-29T17:00:00Z,38219.6
2025-12-29T18:00:00Z,36653.4
2025-12-29T19:00:00Z,34243.7
2025-12-29T20:00:00Z,33638.9
2025-12-29T21:00:00Z,32065.6
2025-12-29T22:00:00Z,31409.1
2025-12-29T23:00:00Z,30662.9
2025-12-30T00:00:00Z,30068.0
2025-12-30T01:00:00Z,30145.8
2025-12-30T02:00:00Z,31219.9
2025-12-30T03:00:00Z,32461.9
2025-12-30T04:00:00Z,32802.2
2025-12-30T05:00:00Z,34611.4
2025-12-30T06:00:00Z,37231.4
2025-12-30T07:00:00Z,37749.0
2025-12-30T08:00:00Z,39814.3
2025-12-30T09:00:00Z,41276.0
2025-12-30T10:00:00Z,41236.5
2025-12-30T11:00:00Z,41615.3
2025-12-30T12:00:00Z,41873.4
2025-12-30T13:00:00Z,42064.8
2025-12-30T14:00:00Z,41752.1
2025-12-30T15:00:00Z,40744.5
2025-12-30T16:00:00Z,39512.1
2025-12-30T17:00:00Z,36408.2
2025-12-30T18:00:00Z,35633.7
2025-12-30T19:00:00Z,35350.5
2025-12-30T20:00:00Z,32573.0
2025-12-30T21:00:00Z,31324.2
2025-12-30T22:00:00Z,30932.8
2025-12-30T23:00:00Z,30773.1
2025-12-31T00:00:00Z,30545.6
2025-12-31T01:00:00Z,29058.2
2025-12-31T02:00:00Z,30132.7
2025-12-31T03:00:00Z,31282.5
2025-12-31T04:00:00Z,33017.2
2025-12-31T05:00:00Z,34451.7
2025-12-31T06:00:00Z,35592.2
2025-12-31T07:00:00Z,37883.8
2025-12-31T08:00:00Z,39917.5
2025-12-31T09:00:00Z,40666.5
2025-12-31T10:00:00Z,42120.3
2025-12-31T11:00:00Z,42077.7
2025-12-31T12:00:00Z,41941.8
2025-12-31T13:00:00Z,41728.7
2025-12-31T14:00:00Z,42462.3
2025-12-31T15:00:00Z,39988.3
2025-12-31T16:00:00Z,38640.1
2025-12-31T17:00:00Z,37973.6
2025-12-31T18:00:00Z,35978.1
2025-12-31T19:00:00Z,34165.2
2025-12-31T20:00:00Z,33479.7
2025-12-31T21:00:00Z,31722.5
2025-12-31T22:00:00Z,29861.2
2025-12-31T23:00:00Z,29931.4
2026-01-01T00:00:00Z,30307.5
2026-01-01T01:00:00Z,30626.8
2026-01-01T02:00:00Z,31180.5
2026-01-01T03:00:00Z,31501.7
2026-01-01T04:00:00Z,32414.3
2026-01-01T05:00:00Z,33341.2
2026-01-01T06:00:00Z,35829.5
2026-01-01T07:00:00Z,37731.5
2026-01-01T08:00:00Z,38603.5
2026-01-01T09:00:00Z,40364.8
2026-01-01T10:00:00Z,42108.9
2026-01-01T11:00:00Z,41922.7
2026-01-01T12:00:00Z,42338.7
2026-01-01T13:00:00Z,41683.2
2026-01-01T14:00:00Z,41007.5
2026-01-01T15:00:00Z,41174.8
2026-01-01T16:00:00Z,38687.8
2026-01-01T17:00:00Z,36812.4
2026-01-01T18:00:00Z,35614.0
2026-01-01T19:00:00Z,34057.4
2026-01-01T20:00:00Z,33545.6
2026-01-01T21:00:00Z,31627.8
2026-01-01T22:00:00Z,30981.9
2026-01-01T23:00:00Z,29986.1
2026-01-02T00:00:00Z,29059.8
2026-01-02T01:00:00Z,29330.2
2026-01-02T02:00:00Z,30761.5
2026-01-02T03:00:00Z,31500.1
2026-01-02T04:00:00Z,32344.1
2026-01-02T05:00:00Z,34186.6
2026-01-02T06:00:00Z,35131.7
2026-01-02T07:00:00Z,37470.8
2026-01-02T08:00:00Z,38564.0
2026-01-02T09:00:00Z,40635.7
2026-01-02T10:00:00Z,41141.6
2026-01-02T11:00:00Z,41804.8
2026-01-02T12:00:00Z,41599.3
2026-01-02T13:00:00Z,41446.8
2026-01-02T14:00:00Z,40979.9
2026-01-02T15:00:00Z,39919.1
2026-01-02T16:00:00Z,38366.7
2026-01-02T17:00:00Z,36721.9
2026-01-02T18:00:00Z,35793.0
2026-01-02T19:00:00Z,34032.2
2026-01-02T20:00:00Z,31536.2
2026-01-02T21:00:00Z,31135.1
2026-01-02T22:00:00Z,30229.4
2026-01-02T23:00:00Z,29778.1
2026-01-03T00:00:00Z,27658.9
2026-01-03T01:00:00Z,28000.0
2026-01-03T02:00:00Z,28946.4
2026-01-03T03:00:00Z,29824.7
2026-01-03T04:00:00Z,30498.3
2026-01-03T05:00:00Z,32651.0
2026-01-03T06:00:00Z,33717.7
2026-01-03T07:00:00Z,35085.9
2026-01-03T08:00:00Z,37658.3
2026-01-03T09:00:00Z,37940.3
2026-01-03T10:00:00Z,39259.4
2026-01-03T11:00:00Z,39167.4
2026-01-03T12:00:00Z,40098.2
2026-01-03T13:00:00Z,38772.2
2026-01-03T14:00:00Z,38342.9
2026-01-03T15:00:00Z,37841.7
2026-01-03T16:00:00Z,36934.2
2026-01-03T17:00:00Z,35250.8
2026-01-03T18:00:00Z,34344.3
2026-01-03T19:00:00Z,32608.5
2026-01-03T20:00:00Z,31142.8
2026-01-03T21:00:00Z,29933.8
2026-01-03T22:00:00Z,29402.1
2026-01-03T23:00:00Z,28744.8
2026-01-04T00:00:00Z,27490.4
2026-01-04T01:00:00Z,28268.0
2026-01-04T02:00:00Z,28557.4
2026-01-04T03:00:00Z,29575.8
2026-01-04T04:00:00Z,30828.3
2026-01-04T05:00:00Z,32489.4
2026-01-04T06:00:00Z,32672.3
2026-01-04T07:00:00Z,35399.1
2026-01-04T08:00:00Z,37158.9
2026-01-04T09:00:00Z,38167.2
2026-01-04T10:00:00Z,38377.9
2026-01-04T11:00:00Z,39987.4
2026-01-04T12:00:00Z,40152.4
2026-01-04T13:00:00Z,39903.3
2026-01-04T14:00:00Z,38429.5
2026-01-04T15:00:00Z,38992.5
2026-01-04T16:00:00Z,36719.6
2026-01-04T17:00:00Z,34975.9
2026-01-04T18:00:00Z,33629.6
2026-01-04T19:00:00Z,32748.9
2026-01-04T20:00:00Z,30038.1
2026-01-04T21:00:00Z,29016.2
2026-01-04T22:00:00Z,28649.9
2026-01-04T23:00:00Z,28023.4
2026-01-05T00:00:00Z,28754.9
2026-01-05T01:00:00Z,29196.8
2026-01-05T02:00:00Z,30321.0
2026-01-05T03:00:00Z,32344.2
2026-01-05T04:00:00Z,33168.5
2026-01-05T05:00:00Z,32446.5
2026-01-05T06:00:00Z,35524.8
2026-01-05T07:00:00Z,36520.4
2026-01-05T08:00:00Z,38561.3
2026-01-05T09:00:00Z,39914.1
2026-01-05T10:00:00Z,40375.3
2026-01-05T11:00:00Z,41248.8
2026-01-05T12:00:00Z,41336.3
2026-01-05T13:00:00Z,41224.6
2026-01-05T14:00:00Z,40864.4
2026-01-05T15:00:00Z,39758.4
2026-01-05T16:00:00Z,38370.0
2026-01-05T17:00:00Z,37687.1
2026-01-05T18:00:00Z,35641.6
2026-01-05T19:00:00Z,33769.9
2026-01-05T20:00:00Z,32213.1
2026-01-05T21:00:00Z,31229.9
2026-01-05T22:00:00Z,30944.5
2026-01-05T23:00:00Z,29837.8
2026-01-06T00:00:00Z,30169.6
2026-01-06T01:00:00Z,28975.8
2026-01-06T02:00:00Z,29926.5
2026-01-06T03:00:00Z,30614.2
2026-01-06T04:00:00Z,31678.4
2026-01-06T05:00:00Z,34162.5
2026-01-06T06:00:00Z,35630.8
2026-01-06T07:00:00Z,37277.0
2026-01-06T08:00:00Z,38970.2
2026-01-06T09:00:00Z,39159.5
2026-01-06T10:00:00Z,40370.7
2026-01-06T11:00:00Z,41198.5
2026-01-06T12:00:00Z,40654.3
2026-01-06T13:00:00Z,40858.8
2026-01-06T14:00:00Z,40698.6
2026-01-06T15:00:00Z,39993.4
2026-01-06T16:00:00Z,38457.5
2026-01-06T17:00:00Z,36802.0
2026-01-06T18:00:00Z,34751.4
2026-01-06T19:00:00Z,33377.8
2026-01-06T20:00:00Z,32511.0
2026-01-06T21:00:00Z,31200.3
2026-01-06T22:00:00Z,30181.3
2026-01-06T23:00:00Z,29975.2
2026-01-07T00:00:00Z,29883.9
2026-01-07T01:00:00Z,29287.3
2026-01-07T02:00:00Z,30181.9
2026-01-07T03:00:00Z,31045.0
2026-01-07T04:00:00Z,32471.3
2026-01-07T05:00:00Z,33786.1
2026-01-07T06:00:00Z,34611.0
2026-01-07T07:00:00Z,36453.5
2026-01-07T08:00:00Z,38119.4
2026-01-07T09:00:00Z,39277.5
2026-01-07T10:00:00Z,40282.7
2026-01-07T11:00:00Z,40469.6
2026-01-07T12:00:00Z,40823.5
2026-01-07T13:00:00Z,40872.2
2026-01-07T14:00:00Z,40687.2
2026-01-07T15:00:00Z,39530.3
2026-01-07T16:00:00Z,38408.8
2026-01-07T17:00:00Z,36515.6
2026-01-07T18:00:00Z,34712.0
2026-01-07T19:00:00Z,33990.3
2026-01-07T20:00:00Z,32607.1
2026-01-07T21:00:00Z,31366.9
2026-01-07T22:00:00Z,29450.4
2026-01-07T23:00:00Z,28638.8
2026-01-08T00:00:00Z,29586.3
2026-01-08T01:00:00Z,29407.8
2026-01-08T02:00:00Z,29737.4
2026-01-08T03:00:00Z,30471.1
2026-01-08T04:00:00Z,31014.3
2026-01-08T05:00:00Z,34005.9
2026-01-08T06:00:00Z,35031.1
2026-01-08T07:00:00Z,37044.9
2026-01-08T08:00:00Z,38766.8
2026-01-08T09:00:00Z,38920.9
2026-01-08T10:00:00Z,39498.4
2026-01-08T11:00:00Z,40921.2
2026-01-08T12:00:00Z,41187.5
2026-01-08T13:00:00Z,40266.8
2026-01-08T14:00:00Z,39654.0
2026-01-08T15:00:00Z,38267.7
2026-01-08T16:00:00Z,38351.9
2026-01-08T17:00:00Z,37013.8
2026-01-08T18:00:00Z,34911.1
2026-01-08T19:00:00Z,33631.2
2026-01-08T20:00:00Z,31523.7
2026-01-08T21:00:00Z,30169.8
2026-01-08T22:00:00Z,29657.6
2026-01-08T23:00:00Z,28688.4
2026-01-09T00:00:00Z,28831.9
2026-01-09T01:00:00Z,29355.8
2026-01-09T02:00:00Z,29307.4
2026-01-09T03:00:00Z,30756.6
2026-01-09T04:00:00Z,32209.6
2026-01-09T05:00:00Z,32967.6
2026-01-09T06:00:00Z,34760.8
2026-01-09T07:00:00Z,36429.6
2026-01-09T08:00:00Z,37940.0
2026-01-09T09:00:00Z,39157.4
2026-01-09T10:00:00Z,40190.1
2026-01-09T11:00:00Z,40464.4
2026-01-09T12:00:00Z,41128.0
2026-01-09T13:00:00Z,40516.1
2026-01-09T14:00:00Z,40650.0
2026-01-09T15:00:00Z,38655.2
2026-01-09T16:00:00Z,37259.4
2026-01-09T17:00:00Z,36323.0
2026-01-09T18:00:00Z,34483.8
2026-01-09T19:00:00Z,33351.8
2026-01-09T20:00:00Z,31503.3
2026-01-09T21:00:00Z,31740.6
2026-01-09T22:00:00Z,29075.3
2026-01-09T23:00:00Z,28794.2
2026-01-10T00:00:00Z,26970.9
2026-01-10T01:00:00Z,26188.5
2026-01-10T02:00:00Z,28262.8
2026-01-10T03:00:00Z,29721.2
2026-01-10T04:00:00Z,29373.7
2026-01-10T05:00:00Z,30911.9
2026-01-10T06:00:00Z,33217.0
2026-01-10T07:00:00Z,34788.6
2026-01-10T08:00:00Z,36194.6
2026-01-10T09:00:00Z,36971.3
2026-01-10T10:00:00Z,37878.2
2026-01-10T11:00:00Z,38701.2
2026-01-10T12:00:00Z,38955.6
2026-01-10T13:00:00Z,39031.0
2026-01-10T14:00:00Z,38232.9
2026-01-10T15:00:00Z,37919.1
2026-01-10T16:00:00Z,36211.0
2026-01-10T17:00:00Z,34540.0
2026-01-10T18:00:00Z,33360.9
2026-01-10T19:00:00Z,31765.9
2026-01-10T20:00:00Z,30082.3
2026-01-10T21:00:00Z,28376.4
2026-01-10T22:00:00Z,27805.2
2026-01-10T23:00:00Z,27188.7
2026-01-11T00:00:00Z,27189.2
2026-01-11T01:00:00Z,27249.0
2026-01-11T02:00:00Z,28091.5
2026-01-11T03:00:00Z,28771.4
2026-01-11T04:00:00Z,30314.4
2026-01-11T05:00:00Z,31481.1
2026-01-11T06:00:00Z,32935.0
2026-01-11T07:00:00Z,34279.1
2026-01-11T08:00:00Z,36211.5
2026-01-11T09:00:00Z,37221.7
2026-01-11T10:00:00Z,38108.5
2026-01-11T11:00:00Z,38932.8
2026-01-11T12:00:00Z,39312.2
2026-01-11T13:00:00Z,38447.2
2026-01-11T14:00:00Z,37229.5
2026-01-11T15:00:00Z,36633.1
2026-01-11T16:00:00Z,35968.6
2026-01-11T17:00:00Z,34384.6
2026-01-11T18:00:00Z,32850.6
2026-01-11T19:00:00Z,30936.8
2026-01-11T20:00:00Z,28903.2
2026-01-11T21:00:00Z,29353.7
2026-01-11T22:00:00Z,27185.3
2026-01-11T23:00:00Z,26703.5
2026-01-12T00:00:00Z,29029.7
2026-01-12T01:00:00Z,28678.0
2026-01-12T02:00:00Z,29654.3
2026-01-12T03:00:00Z,30036.5
2026-01-12T04:00:00Z,31580.1
2026-01-12T05:00:00Z,33164.5
2026-01-12T06:00:00Z,33856.2
2026-01-12T07:00:00Z,36662.4
2026-01-12T08:00:00Z,37201.9
2026-01-12T09:00:00Z,38417.2
2026-01-12T10:00:00Z,40384.5
2026-01-12T11:00:00Z,40869.6
2026-01-12T12:00:00Z,40616.2
2026-01-12T13:00:00Z,41246.0
2026-01-12T14:00:00Z,39056.6
2026-01-12T15:00:00Z,38095.9
2026-01-12T16:00:00Z,38530.7
2026-01-12T17:00:00Z,35756.7
2026-01-12T18:00:00Z,34424.2
2026-01-12T19:00:00Z,33379.3
2026-01-12T20:00:00Z,31835.0
2026-01-12T21:00:00Z,30584.5
2026-01-12T22:00:00Z,29840.8
2026-01-12T23:00:00Z,28392.9
2026-01-13T00:00:00Z,28023.7
2026-01-13T01:00:00Z,28772.4
2026-01-13T02:00:00Z,29641.7
2026-01-13T03:00:00Z,30109.2
2026-01-13T04:00:00Z,30459.2
2026-01-13T05:00:00Z,32494.8
2026-01-13T06:00:00Z,33918.4
2026-01-13T07:00:00Z,36643.7
2026-01-13T08:00:00Z,37477.3
2026-01-13T09:00:00Z,38642.6
2026-01-13T10:00:00Z,39453.4
2026-01-13T11:00:00Z,40170.7
2026-01-13T12:00:00Z,39624.1
2026-01-13T13:00:00Z,40190.3
2026-01-13T14:00:00Z,39700.8
2026-01-13T15:00:00Z,39039.7
2026-01-13T16:00:00Z,37290.3
2026-01-13T17:00:00Z,35342.1
2026-01-13T18:00:00Z,34642.8
2026-01-13T19:00:00Z,32331.4
2026-01-13T20:00:00Z,31600.5
2026-01-13T21:00:00Z,30480.7
2026-01-13T22:00:00Z,29608.0
2026-01-13T23:00:00Z,28421.7
2026-01-14T00:00:00Z,28821.9
2026-01-14T01:00:00Z,29542.1
2026-01-14T02:00:00Z,28576.8
2026-01-14T03:00:00Z,30078.7
2026-01-14T04:00:00Z,31235.9
2026-01-14T05:00:00Z,33147.9
2026-01-14T06:00:00Z,34527.9
2026-01-14T07:00:00Z,35845.4
2026-01-14T08:00:00Z,38354.9
2026-01-14T09:00:00Z,38848.1
2026-01-14T10:00:00Z,39907.3
2026-01-14T11:00:00Z,39878.0
2026-01-14T12:00:00Z,40111.8
2026-01-14T13:00:00Z,39718.1
2026-01-14T14:00:00Z,38638.3
2026-01-14T15:00:00Z,39478.3
2026-01-14T16:00:00Z,37901.1
2026-01-14T17:00:00Z,36537.5
2026-01-14T18:00:00Z,35284.2
2026-01-14T19:00:00Z,33062.1
2026-01-14T20:00:00Z,31636.6
2026-01-14T21:00:00Z,29894.0
2026-01-14T22:00:00Z,29504.1
2026-01-14T23:00:00Z,28066.9
2026-01-15T00:00:00Z,27439.0
2026-01-15T01:00:00Z,27541.1
2026-01-15T02:00:00Z,28533.2
2026-01-15T03:00:00Z,30124.7
2026-01-15T04:00:00Z,31349.2
2026-01-15T05:00:00Z,32854.9
2026-01-15T06:00:00Z,34712.3
2026-01-15T07:00:00Z,35839.5
2026-01-15T08:00:00Z,36986.2
2026-01-15T09:00:00Z,38512.4
2026-01-15T10:00:00Z,40250.8
2026-01-15T11:00:00Z,39721.0
2026-01-15T12:00:00Z,40152.2
2026-01-15T13:00:00Z,40864.9
2026-01-15T14:00:00Z,39694.6
2026-01-15T15:00:00Z,38044.9
2026-01-15T16:00:00Z,37113.3
2026-01-15T17:00:00Z,36043.2
2026-01-15T18:00:00Z,34684.5
2026-01-15T19:00:00Z,32885.4
2026-01-15T20:00:00Z,31063.2
2026-01-15T21:00:00Z,30097.8
2026-01-15T22:00:00Z,29725.5
2026-01-15T23:00:00Z,28693.6
2026-01-16T00:00:00Z,27500.2
2026-01-16T01:00:00Z,27661.5
2026-01-16T02:00:00Z,28442.6
2026-01-16T03:00:00Z,30139.9
2026-01-16T04:00:00Z,31222.9
2026-01-16T05:00:00Z,32400.7
2026-01-16T06:00:00Z,34412.0
2026-01-16T07:00:00Z,35352.9
2026-01-16T08:00:00Z,36853.8
2026-01-16T09:00:00Z,38376.7
2026-01-16T10:00:00Z,39600.8
2026-01-16T11:00:00Z,38536.6
2026-01-16T12:00:00Z,40781.5
2026-01-16T13:00:00Z,40315.4
2026-01-16T14:00:00Z,38964.1
2026-01-16T15:00:00Z,38417.3
2026-01-16T16:00:00Z,37286.3
2026-01-16T17:00:00Z,35207.7
2026-01-16T18:00:00Z,34028.6
2026-01-16T19:00:00Z,32793.7
2026-01-16T20:00:00Z,30857.3
2026-01-16T21:00:00Z,29429.0
2026-01-16T22:00:00Z,28602.3
2026-01-16T23:00:00Z,28368.6
2026-01-17T00:00:00Z,25797.2
2026-01-17T01:00:00Z,26097.3
2026-01-17T02:00:00Z,26289.8
2026-01-17T03:00:00Z,27192.0
2026-01-17T04:00:00Z,29347.9
2026-01-17T05:00:00Z,30504.1
2026-01-17T06:00:00Z,31738.0
2026-01-17T07:00:00Z,34500.1
2026-01-17T08:00:00Z,34647.6
2026-01-17T09:00:00Z,36841.3
2026-01-17T10:00:00Z,37948.2
2026-01-17T11:00:00Z,39320.5
2026-01-17T12:00:00Z,38179.9
2026-01-17T13:00:00Z,38151.7
2026-01-17T14:00:00Z,36982.5
2026-01-17T15:00:00Z,36452.1
2026-01-17T16:00:00Z,35804.8
2026-01-17T17:00:00Z,34495.9
2026-01-17T18:00:00Z,32390.7
2026-01-17T19:00:00Z,30694.6
2026-01-17T20:00:00Z,29794.9
2026-01-17T21:00:00Z,27512.7
2026-01-17T22:00:00Z,27728.9
2026-01-17T23:00:00Z,26295.7
2026-01-18T00:00:00Z,25377.9
2026-01-18T01:00:00Z,26578.7
2026-01-18T02:00:00Z,27236.4
2026-01-18T03:00:00Z,27245.7
2026-01-18T04:00:00Z,30056.6
2026-01-18T05:00:00Z,30947.3
2026-01-18T06:00:00Z,31250.3
2026-01-18T07:00:00Z,33742.7
2026-01-18T08:00:00Z,34760.0
2026-01-18T09:00:00Z,35608.5
2026-01-18T10:00:00Z,37429.6
2026-01-18T11:00:00Z,38238.0
2026-01-18T12:00:00Z,37926.6
2026-01-18T13:00:00Z,37970.4
2026-01-18T14:00:00Z,37389.1
2026-01-18T15:00:00Z,36234.7
2026-01-18T16:00:00Z,34719.4
2026-01-18T17:00:00Z,33532.8
2026-01-18T18:00:00Z,32578.3
2026-01-18T19:00:00Z,31001.4
2026-01-18T20:00:00Z,29418.0
2026-01-18T21:00:00Z,28304.9
2026-01-18T22:00:00Z,26702.7
2026-01-18T23:00:00Z,25777.9
2026-01-19T00:00:00Z,26814.7
2026-01-19T01:00:00Z,28266.1
2026-01-19T02:00:00Z,28671.1
2026-01-19T03:00:00Z,29153.5
2026-01-19T04:00:00Z,30594.3
2026-01-19T05:00:00Z,32256.1
2026-01-19T06:00:00Z,33487.8
2026-01-19T07:00:00Z,35062.5
2026-01-19T08:00:00Z,36849.6
2026-01-19T09:00:00Z,37289.5
2026-01-19T10:00:00Z,38090.1
2026-01-19T11:00:00Z,39612.5
2026-01-19T12:00:00Z,39479.2
2026-01-19T13:00:00Z,39414.8
2026-01-19T14:00:00Z,39438.4
2026-01-19T15:00:00Z,38036.3
2026-01-19T16:00:00Z,37172.8
2026-01-19T17:00:00Z,35294.3
2026-01-19T18:00:00Z,34530.9
2026-01-19T19:00:00Z,31670.2
2026-01-19T20:00:00Z,30791.5
2026-01-19T21:00:00Z,29252.2
2026-01-19T22:00:00Z,28092.6
2026-01-19T23:00:00Z,28012.1
2026-01-20T00:00:00Z,27492.4
2026-01-20T01:00:00Z,27568.8
2026-01-20T02:00:00Z,28037.5
2026-01-20T03:00:00Z,28057.9
2026-01-20T04:00:00Z,30223.4
2026-01-20T05:00:00Z,30599.3
2026-01-20T06:00:00Z,34548.9
2026-01-20T07:00:00Z,36504.1
2026-01-20T08:00:00Z,36584.6
2026-01-20T09:00:00Z,38849.2
2026-01-20T10:00:00Z,37931.5
2026-01-20T11:00:00Z,39206.5
2026-01-20T12:00:00Z,39604.6
2026-01-20T13:00:00Z,39031.6
2026-01-20T14:00:00Z,38181.9
2026-01-20T15:00:00Z,37657.7
2026-01-20T16:00:00Z,36687.1
2026-01-20T17:00:00Z,35781.7
2026-01-20T18:00:00Z,33695.7
2026-01-20T19:00:00Z,32408.9
2026-01-20T20:00:00Z,29730.9
2026-01-20T21:00:00Z,28367.9
2026-01-20T22:00:00Z,28168.8
2026-01-20T23:00:00Z,27728.2
2026-01-21T00:00:00Z,26916.7
2026-01-21T01:00:00Z,27245.0
2026-01-21T02:00:00Z,28269.4
2026-01-21T03:00:00Z,29782.1
2026-01-21T04:00:00Z,31135.2
2026-01-21T05:00:00Z,31220.6
2026-01-21T06:00:00Z,32865.2
2026-01-21T07:00:00Z,34705.0
2026-01-21T08:00:00Z,36598.2
2026-01-21T09:00:00Z,37282.7
2026-01-21T10:00:00Z,38533.7
2026-01-21T11:00:00Z,38923.8
2026-01-21T12:00:00Z,39460.3
2026-01-21T13:00:00Z,38984.3
2026-01-21T14:00:00Z,38726.3
2026-01-21T15:00:00Z,37693.0
2026-01-21T16:00:00Z,35627.7
2026-01-21T17:00:00Z,35061.6
2026-01-21T18:00:00Z,33085.8
2026-01-21T19:00:00Z,31613.2
2026-01-21T20:00:00Z,30819.1
2026-01-21T21:00:00Z,29333.4
2026-01-21T22:00:00Z,27984.6
2026-01-21T23:00:00Z,27460.7
2026-01-22T00:00:00Z,27281.0
2026-01-22T01:00:00Z,26359.9
2026-01-22T02:00:00Z,27534.4
2026-01-22T03:00:00Z,29006.0
2026-01-22T04:00:00Z,30257.4
2026-01-22T05:00:00Z,30987.6
2026-01-22T06:00:00Z,33114.9
2026-01-22T07:00:00Z,35350.1
2026-01-22T08:00:00Z,36953.1
2026-01-22T09:00:00Z,37760.7
2026-01-22T10:00:00Z,38258.4
2026-01-22T11:00:00Z,38794.1
2026-01-22T12:00:00Z,39327.1
2026-01-22T13:00:00Z,38703.7
2026-01-22T14:00:00Z,38421.9
2026-01-22T15:00:00Z,36628.9
2026-01-22T16:00:00Z,37113.6
2026-01-22T17:00:00Z,34986.1
2026-01-22T18:00:00Z,33623.6
2026-01-22T19:00:00Z,30933.4
2026-01-22T20:00:00Z,30032.1
2026-01-22T21:00:00Z,29105.2
2026-01-22T22:00:00Z,28185.9
2026-01-22T23:00:00Z,27536.0
2026-01-23T00:00:00Z,26705.8
2026-01-23T01:00:00Z,27506.1
2026-01-23T02:00:00Z,27524.7
2026-01-23T03:00:00Z,29600.2
2026-01-23T04:00:00Z,29910.8
2026-01-23T05:00:00Z,31948.5
2026-01-23T06:00:00Z,33386.8
2026-01-23T07:00:00Z,34328.5
2026-01-23T08:00:00Z,36361.4
2026-01-23T09:00:00Z,37962.7
2026-01-23T10:00:00Z,38540.8
2026-01-23T11:00:00Z,38875.8
2026-01-23T12:00:00Z,39387.0
2026-01-23T13:00:00Z,39206.7
2026-01-23T14:00:00Z,37660.2
2026-01-23T15:00:00Z,36259.6
2026-01-23T16:00:00Z,35796.2
2026-01-23T17:00:00Z,34273.8
2026-01-23T18:00:00Z,33432.7
2026-01-23T19:00:00Z,31764.5
2026-01-23T20:00:00Z,29778.6
2026-01-23T21:00:00Z,29104.8
2026-01-23T22:00:00Z,28003.0
2026-01-23T23:00:00Z,28011.0
2026-01-24T00:00:00Z,25729.5
2026-01-24T01:00:00Z,24747.1
2026-01-24T02:00:00Z,26098.8
2026-01-24T03:00:00Z,27234.2
2026-01-24T04:00:00Z,28356.7
2026-01-24T05:00:00Z,29950.0
2026-01-24T06:00:00Z,30533.4
2026-01-24T07:00:00Z,32880.8
2026-01-24T08:00:00Z,34202.8
2026-01-24T09:00:00Z,35311.2
2026-01-24T10:00:00Z,36813.8
2026-01-24T11:00:00Z,36795.0
2026-01-24T12:00:00Z,37008.8
2026-01-24T13:00:00Z,37666.8
2026-01-24T14:00:00Z,37244.9
2026-01-24T15:00:00Z,35973.1
2026-01-24T16:00:00Z,34622.0
2026-01-24T17:00:00Z,33385.8
2026-01-24T18:00:00Z,31819.1
2026-01-24T19:00:00Z,29633.9
2026-01-24T20:00:00Z,27970.3
2026-01-24T21:00:00Z,26460.7
2026-01-24T22:00:00Z,26419.7
2026-01-24T23:00:00Z,25567.4
2026-01-25T00:00:00Z,25539.3
2026-01-25T01:00:00Z,25769.6
2026-01-25T02:00:00Z,26357.3
2026-01-25T03:00:00Z,27152.8
2026-01-25T04:00:00Z,28150.3
2026-01-25T05:00:00Z,29951.3
2026-01-25T06:00:00Z,31530.1
2026-01-25T07:00:00Z,33137.3
2026-01-25T08:00:00Z,34110.9
2026-01-25T09:00:00Z,35705.5
2026-01-25T10:00:00Z,35674.0
2026-01-25T11:00:00Z,37568.6
2026-01-25T12:00:00Z,37918.1
2026-01-25T13:00:00Z,37241.8
2026-01-25T14:00:00Z,36734.3
2026-01-25T15:00:00Z,35025.3
2026-01-25T16:00:00Z,35091.0
2026-01-25T17:00:00Z,31391.1
2026-01-25T18:00:00Z,31424.0
2026-01-25T19:00:00Z,28670.6
2026-01-25T20:00:00Z,27863.0
2026-01-25T21:00:00Z,27027.9
2026-01-25T22:00:00Z,25337.1
2026-01-25T23:00:00Z,25181.1
2026-01-26T00:00:00Z,26529.8
2026-01-26T01:00:00Z,26775.0
2026-01-26T02:00:00Z,27602.7
2026-01-26T03:00:00Z,28347.5
2026-01-26T04:00:00Z,29737.1
2026-01-26T05:00:00Z,31259.2
2026-01-26T06:00:00Z,32248.4
2026-01-26T07:00:00Z,33533.5
2026-01-26T08:00:00Z,36447.7
2026-01-26T09:00:00Z,37512.5
2026-01-26T10:00:00Z,37793.4
2026-01-26T11:00:00Z,38414.0
2026-01-26T12:00:00Z,39580.9
2026-01-26T13:00:00Z,38775.0
2026-01-26T14:00:00Z,37073.5
2026-01-26T15:00:00Z,37140.0
2026-01-26T16:00:00Z,36354.5
2026-01-26T17:00:00Z,33766.7
2026-01-26T18:00:00Z,32614.7
2026-01-26T19:00:00Z,30759.2
2026-01-26T20:00:00Z,29989.8
2026-01-26T21:00:00Z,28862.1
2026-01-26T22:00:00Z,27219.4
2026-01-26T23:00:00Z,26327.3
2026-01-27T00:00:00Z,27365.2
2026-01-27T01:00:00Z,26632.5
2026-01-27T02:00:00Z,26691.4
2026-01-27T03:00:00Z,28784.8
2026-01-27T04:00:00Z,30812.9
2026-01-27T05:00:00Z,31323.7
2026-01-27T06:00:00Z,32841.3
2026-01-27T07:00:00Z,34538.3
2026-01-27T08:00:00Z,35850.1
2026-01-27T09:00:00Z,36781.2
2026-01-27T10:00:00Z,38023.7
2026-01-27T11:00:00Z,38589.5
2026-01-27T12:00:00Z,38877.4
2026-01-27T13:00:00Z,39749.3
2026-01-27T14:00:00Z,38043.6
2026-01-27T15:00:00Z,36531.3
2026-01-27T16:00:00Z,35148.9
2026-01-27T17:00:00Z,34604.1
2026-01-27T18:00:00Z,32466.1
2026-01-27T19:00:00Z,31299.4
2026-01-27T20:00:00Z,29554.1
2026-01-27T21:00:00Z,27972.8
2026-01-27T22:00:00Z,28146.0
2026-01-27T23:00:00Z,28061.3
2026-01-28T00:00:00Z,26757.0
2026-01-28T01:00:00Z,25981.3
2026-01-28T02:00:00Z,27686.7
2026-01-28T03:00:00Z,27621.6
2026-01-28T04:00:00Z,30840.6
2026-01-28T05:00:00Z,30423.0
2026-01-28T06:00:00Z,33400.1
2026-01-28T07:00:00Z,34039.9
2026-01-28T08:00:00Z,34806.1
2026-01-28T09:00:00Z,37039.0
2026-01-28T10:00:00Z,37690.1
2026-01-28T11:00:00Z,38165.9
2026-01-28T12:00:00Z,39223.0
2026-01-28T13:00:00Z,38355.6
2026-01-28T14:00:00Z,37605.3
2026-01-28T15:00:00Z,36864.0
2026-01-28T16:00:00Z,35112.8
2026-01-28T17:00:00Z,34027.0
2026-01-28T18:00:00Z,32969.0
2026-01-28T19:00:00Z,31748.2
2026-01-28T20:00:00Z,29740.7
2026-01-28T21:00:00Z,27335.8
2026-01-28T22:00:00Z,27036.8
2026-01-28T23:00:00Z,26396.3
2026-01-29T00:00:00Z,26024.2
2026-01-29T01:00:00Z,26529.5
2026-01-29T02:00:00Z,27539.9
2026-01-29T03:00:00Z,28138.7
2026-01-29T04:00:00Z,28784.9
2026-01-29T05:00:00Z,30808.6
2026-01-29T06:00:00Z,32367.4
2026-01-29T07:00:00Z,33954.9
2026-01-29T08:00:00Z,35289.2
2026-01-29T09:00:00Z,36272.1
2026-01-29T10:00:00Z,37069.2
2026-01-29T11:00:00Z,39078.9
2026-01-29T12:00:00Z,39392.8
2026-01-29T13:00:00Z,38553.6
2026-01-29T14:00:00Z,37585.6
2026-01-29T15:00:00Z,37338.1
2026-01-29T16:00:00Z,35592.1
2026-01-29T17:00:00Z,34403.5
2026-01-29T18:00:00Z,32156.6
2026-01-29T19:00:00Z,30678.2
2026-01-29T20:00:00Z,29241.3
2026-01-29T21:00:00Z,28107.7
2026-01-29T22:00:00Z,26756.9
2026-01-29T23:00:00Z,26104.3
2026-01-30T00:00:00Z,26293.8
2026-01-30T01:00:00Z,25921.9
2026-01-30T02:00:00Z,26804.9
2026-01-30T03:00:00Z,27786.2
2026-01-30T04:00:00Z,29302.1
2026-01-30T05:00:00Z,29776.6
2026-01-30T06:00:00Z,32006.2
2026-01-30T07:00:00Z,34090.7
2026-01-30T08:00:00Z,35445.7
2026-01-30T09:00:00Z,37427.2
2026-01-30T10:00:00Z,37015.6
2026-01-30T11:00:00Z,38737.0
2026-01-30T12:00:00Z,38758.5
2026-01-30T13:00:00Z,37759.2
2026-01-30T14:00:00Z,37496.8
2026-01-30T15:00:00Z,36741.7
2026-01-30T16:00:00Z,34835.2
2026-01-30T17:00:00Z,33505.4
2026-01-30T18:00:00Z,32008.8
2026-01-30T19:00:00Z,30479.0
2026-01-30T20:00:00Z,28788.2
2026-01-30T21:00:00Z,27752.7
2026-01-30T22:00:00Z,27714.4
2026-01-30T23:00:00Z,26355.4
2026-01-31T00:00:00Z,24711.9
2026-01-31T01:00:00Z,23969.1
2026-01-31T02:00:00Z,25089.7
2026-01-31T03:00:00Z,26420.5
2026-01-31T04:00:00Z,27652.7
2026-01-31T05:00:00Z,29276.5
2026-01-31T06:00:00Z,30683.1
2026-01-31T07:00:00Z,32716.4
2026-01-31T08:00:00Z,32757.7
2026-01-31T09:00:00Z,34731.5
2026-01-31T10:00:00Z,36143.0
2026-01-31T11:00:00Z,36423.9
2026-01-31T12:00:00Z,35567.5
2026-01-31T13:00:00Z,34500.3
2026-01-31T14:00:00Z,34983.8
2026-01-31T15:00:00Z,34384.7
2026-01-31T16:00:00Z,33564.6
2026-01-31T17:00:00Z,32983.8
2026-01-31T18:00:00Z,30825.1
2026-01-31T19:00:00Z,29144.3
2026-01-31T20:00:00Z,27932.2
2026-01-31T21:00:00Z,26094.0
2026-01-31T22:00:00Z,25198.1
2026-01-31T23:00:00Z,24202.9
2026-02-01T00:00:00Z,23955.2
2026-02-01T01:00:00Z,24577.3
2026-02-01T02:00:00Z,24313.6
2026-02-01T03:00:00Z,26054.1
2026-02-01T04:00:00Z,27077.5
2026-02-01T05:00:00Z,28139.2
2026-02-01T06:00:00Z,29711.8
2026-02-01T07:00:00Z,31252.6
2026-02-01T08:00:00Z,34099.4
2026-02-01T09:00:00Z,34283.4
2026-02-01T10:00:00Z,35432.3
2026-02-01T11:00:00Z,35550.6
2026-02-01T12:00:00Z,36579.8
2026-02-01T13:00:00Z,36084.6
2026-02-01T14:00:00Z,34741.2
2026-02-01T15:00:00Z,34576.8
2026-02-01T16:00:00Z,34138.2
2026-02-01T17:00:00Z,30847.9
2026-02-01T18:00:00Z,31323.1
2026-02-01T19:00:00Z,28652.3
2026-02-01T20:00:00Z,28180.6
2026-02-01T21:00:00Z,25485.4
2026-02-01T22:00:00Z,25379.5
2026-02-01T23:00:00Z,24611.5
2026-02-02T00:00:00Z,25688.4
2026-02-02T01:00:00Z,26274.6
2026-02-02T02:00:00Z,26261.1
2026-02-02T03:00:00Z,27445.8
2026-02-02T04:00:00Z,28768.6
2026-02-02T05:00:00Z,29879.7
2026-02-02T06:00:00Z,31996.3
2026-02-02T07:00:00Z,32489.2
2026-02-02T08:00:00Z,35117.2
2026-02-02T09:00:00Z,36989.6
2026-02-02T10:00:00Z,36809.7
2026-02-02T11:00:00Z,37390.9
2026-02-02T12:00:00Z,39125.4
2026-02-02T13:00:00Z,38193.5
2026-02-02T14:00:00Z,37343.9
2026-02-02T15:00:00Z,36214.7
2026-02-02T16:00:00Z,35790.8
2026-02-02T17:00:00Z,33180.7
2026-02-02T18:00:00Z,31990.8
2026-02-02T19:00:00Z,30285.5
2026-02-02T20:00:00Z,28126.0
2026-02-02T21:00:00Z,28029.2
2026-02-02T22:00:00Z,26549.3
2026-02-02T23:00:00Z,25794.6
2026-02-03T00:00:00Z,25395.0
2026-02-03T01:00:00Z,26333.9
2026-02-03T02:00:00Z,26783.6
2026-02-03T03:00:00Z,27779.1
2026-02-03T04:00:00Z,29228.9
2026-02-03T05:00:00Z,31208.0
2026-02-03T06:00:00Z,31354.1
2026-02-03T07:00:00Z,33689.2
2026-02-03T08:00:00Z,34970.6
2026-02-03T09:00:00Z,36516.0
2026-02-03T10:00:00Z,36393.5
2026-02-03T11:00:00Z,37566.4
2026-02-03T12:00:00Z,38467.8
2026-02-03T13:00:00Z,36964.0
2026-02-03T14:00:00Z,36844.1
2026-02-03T15:00:00Z,35073.5
2026-02-03T16:00:00Z,34367.6
2026-02-03T17:00:00Z,33065.1
2026-02-03T18:00:00Z,32070.0
2026-02-03T19:00:00Z,30307.2
2026-02-03T20:00:00Z,28074.2
2026-02-03T21:00:00Z,27694.9
2026-02-03T22:00:00Z,26201.3
2026-02-03T23:00:00Z,25840.6
2026-02-04T00:00:00Z,25223.7
2026-02-04T01:00:00Z,25627.2
2026-02-04T02:00:00Z,26704.5
2026-02-04T03:00:00Z,27704.4
2026-02-04T04:00:00Z,28368.2
2026-02-04T05:00:00Z,30052.1
2026-02-04T06:00:00Z,31873.2
2026-02-04T07:00:00Z,32954.0
2026-02-04T08:00:00Z,35159.1
2026-02-04T09:00:00Z,36223.0
2026-02-04T10:00:00Z,36800.5
2026-02-04T11:00:00Z,36627.7
2026-02-04T12:00:00Z,36961.5
2026-02-04T13:00:00Z,37194.6
2026-02-04T14:00:00Z,36720.6
2026-02-04T15:00:00Z,36279.7
2026-02-04T16:00:00Z,34565.6
2026-02-04T17:00:00Z,32843.0
2026-02-04T18:00:00Z,30627.8
2026-02-04T19:00:00Z,30370.3
2026-02-04T20:00:00Z,28595.1
2026-02-04T21:00:00Z,27713.3
2026-02-04T22:00:00Z,26835.9
2026-02-04T23:00:00Z,26164.4
2026-02-05T00:00:00Z,25471.8
2026-02-05T01:00:00Z,26529.0
2026-02-05T02:00:00Z,26641.9
2026-02-05T03:00:00Z,26502.6
2026-02-05T04:00:00Z,28759.9
2026-02-05T05:00:00Z,29398.5
2026-02-05T06:00:00Z,31935.0
2026-02-05T07:00:00Z,33014.7
2026-02-05T08:00:00Z,34638.8
2026-02-05T09:00:00Z,36396.2
2026-02-05T10:00:00Z,36997.5
2026-02-05T11:00:00Z,37665.6
2026-02-05T12:00:00Z,37371.7
2026-02-05T13:00:00Z,36954.3
2026-02-05T14:00:00Z,36521.6
2026-02-05T15:00:00Z,36230.7
2026-02-05T16:00:00Z,35524.7
2026-02-05T17:00:00Z,33422.0
2026-02-05T18:00:00Z,33258.6
2026-02-05T19:00:00Z,29631.7
2026-02-05T20:00:00Z,28169.9
2026-02-05T21:00:00Z,27747.4
2026-02-05T22:00:00Z,26418.6
2026-02-05T23:00:00Z,25385.3
2026-02-06T00:00:00Z,25118.9
2026-02-06T01:00:00Z,25786.5
2026-02-06T02:00:00Z,26235.8
2026-02-06T03:00:00Z,27129.3
2026-02-06T04:00:00Z,28196.7
2026-02-06T05:00:00Z,30087.8
2026-02-06T06:00:00Z,31129.1
2026-02-06T07:00:00Z,32369.3
2026-02-06T08:00:00Z,34793.9
2026-02-06T09:00:00Z,35407.3
2026-02-06T10:00:00Z,36208.4
2026-02-06T11:00:00Z,37425.1
2026-02-06T12:00:00Z,37727.9
2026-02-06T13:00:00Z,36622.9
2026-02-06T14:00:00Z,35940.3
2026-02-06T15:00:00Z,36770.0
2026-02-06T16:00:00Z,34609.7
2026-02-06T17:00:00Z,33010.9
2026-02-06T18:00:00Z,31674.1
2026-02-06T19:00:00Z,29686.1
2026-02-06T20:00:00Z,28359.9
2026-02-06T21:00:00Z,27104.5
2026-02-06T22:00:00Z,25971.8
2026-02-06T23:00:00Z,25524.4
2026-02-07T00:00:00Z,23464.8
2026-02-07T01:00:00Z,23718.0
2026-02-07T02:00:00Z,24637.5
2026-02-07T03:00:00Z,25670.8
2026-02-07T04:00:00Z,26210.7
2026-02-07T05:00:00Z,27131.1
2026-02-07T06:00:00Z,29959.1
2026-02-07T07:00:00Z,31242.1
2026-02-07T08:00:00Z,32858.9
2026-02-07T09:00:00Z,33633.0
2026-02-07T10:00:00Z,35075.2
2026-02-07T11:00:00Z,35790.3
2026-02-07T12:00:00Z,36431.1
2026-02-07T13:00:00Z,34678.5
2026-02-07T14:00:00Z,34682.6
2026-02-07T15:00:00Z,33828.8
2026-02-07T16:00:00Z,32975.6
2026-02-07T17:00:00Z,30706.4
2026-02-07T18:00:00Z,29260.7
2026-02-07T19:00:00Z,27793.8
2026-02-07T20:00:00Z,26543.7
2026-02-07T21:00:00Z,24293.1
2026-02-07T22:00:00Z,24753.3
2026-02-07T23:00:00Z,22876.6
2026-02-08T00:00:00Z,23622.9
2026-02-08T01:00:00Z,23385.2
2026-02-08T02:00:00Z,23983.8
2026-02-08T03:00:00Z,24216.4
2026-02-08T04:00:00Z,26618.8
2026-02-08T05:00:00Z,26519.4
2026-02-08T06:00:00Z,28920.3
2026-02-08T07:00:00Z,31014.5
2026-02-08T08:00:00Z,32419.9
2026-02-08T09:00:00Z,33840.1
2026-02-08T10:00:00Z,34113.0
2026-02-08T11:00:00Z,36134.3
2026-02-08T12:00:00Z,36432.5
2026-02-08T13:00:00Z,35256.4
2026-02-08T14:00:00Z,34495.1
2026-02-08T15:00:00Z,33117.0
2026-02-08T16:00:00Z,32788.9
2026-02-08T17:00:00Z,30736.6
2026-02-08T18:00:00Z,28910.7
2026-02-08T19:00:00Z,27906.1
2026-02-08T20:00:00Z,26489.3
2026-02-08T21:00:00Z,25616.9
2026-02-08T22:00:00Z,23639.9
2026-02-08T23:00:00Z,23972.8
2026-02-09T00:00:00Z,25813.4
2026-02-09T01:00:00Z,25588.7
2026-02-09T02:00:00Z,26349.5
2026-02-09T03:00:00Z,27171.4
2026-02-09T04:00:00Z,29209.5
2026-02-09T05:00:00Z,29244.6
2026-02-09T06:00:00Z,30772.5
2026-02-09T07:00:00Z,33804.7
2026-02-09T08:00:00Z,33714.2
2026-02-09T09:00:00Z,35477.9
2026-02-09T10:00:00Z,36265.6
2026-02-09T11:00:00Z,36956.2
2026-02-09T12:00:00Z,37625.4
2026-02-09T13:00:00Z,36246.5
2026-02-09T14:00:00Z,36911.1
2026-02-09T15:00:00Z,35263.2
2026-02-09T16:00:00Z,34637.5
2026-02-09T17:00:00Z,32966.3
2026-02-09T18:00:00Z,31127.4
2026-02-09T19:00:00Z,30258.3
2026-02-09T20:00:00Z,28382.4
2026-02-09T21:00:00Z,26875.6
2026-02-09T22:00:00Z,26373.4
2026-02-09T23:00:00Z,25916.2
2026-02-10T00:00:00Z,24683.9
2026-02-10T01:00:00Z,25966.6
2026-02-10T02:00:00Z,25424.0
2026-02-10T03:00:00Z,25969.4
2026-02-10T04:00:00Z,28031.9
2026-02-10T05:00:00Z,29114.3
2026-02-10T06:00:00Z,30659.9
2026-02-10T07:00:00Z,32282.5
2026-02-10T08:00:00Z,34322.8
2026-02-10T09:00:00Z,34680.7
2026-02-10T10:00:00Z,36871.8
2026-02-10T11:00:00Z,37702.5
2026-02-10T12:00:00Z,36930.0
2026-02-10T13:00:00Z,37102.2
2026-02-10T14:00:00Z,34737.5
2026-02-10T15:00:00Z,34623.6
2026-02-10T16:00:00Z,33752.3
2026-02-10T17:00:00Z,32720.6
2026-02-10T18:00:00Z,30804.0
2026-02-10T19:00:00Z,29145.0
2026-02-10T20:00:00Z,27666.2
2026-02-10T21:00:00Z,26502.4
2026-02-10T22:00:00Z,25329.9
2026-02-10T23:00:00Z,24484.9
2026-02-11T00:00:00Z,24275.0
2026-02-11T01:00:00Z,25199.2
2026-02-11T02:00:00Z,25194.6
2026-02-11T03:00:00Z,26444.9
2026-02-11T04:00:00Z,27645.1
2026-02-11T05:00:00Z,28843.1
2026-02-11T06:00:00Z,31479.9
2026-02-11T07:00:00Z,32984.0
2026-02-11T08:00:00Z,33794.0
2026-02-11T09:00:00Z,34780.4
2026-02-11T10:00:00Z,35581.7
2026-02-11T11:00:00Z,37150.6
2026-02-11T12:00:00Z,37383.7
2026-02-11T13:00:00Z,35476.0
2026-02-11T14:00:00Z,35933.5
2026-02-11T15:00:00Z,34808.3
2026-02-11T16:00:00Z,33667.1
2026-02-11T17:00:00Z,32653.0
2026-02-11T18:00:00Z,31255.5
2026-02-11T19:00:00Z,29722.5
2026-02-11T20:00:00Z,27704.8
2026-02-11T21:00:00Z,26730.3
2026-02-11T22:00:00Z,24387.8
2026-02-11T23:00:00Z,25969.8
2026-02-12T00:00:00Z,24739.8
2026-02-12T01:00:00Z,24297.7
2026-02-12T02:00:00Z,25361.6
2026-02-12T03:00:00Z,26373.8
2026-02-12T04:00:00Z,27553.3
2026-02-12T05:00:00Z,28339.1
2026-02-12T06:00:00Z,31142.6
2026-02-12T07:00:00Z,32493.2
2026-02-12T08:00:00Z,33890.6
2026-02-12T09:00:00Z,35006.4
2026-02-12T10:00:00Z,35189.4
2026-02-12T11:00:00Z,37082.8
2026-02-12T12:00:00Z,36115.6
2026-02-12T13:00:00Z,36201.6
2026-02-12T14:00:00Z,35562.8
2026-02-12T15:00:00Z,34791.4
2026-02-12T16:00:00Z,33604.6
2026-02-12T17:00:00Z,32093.3
2026-02-12T18:00:00Z,31239.3
2026-02-12T19:00:00Z,29775.8
2026-02-12T20:00:00Z,27099.6
2026-02-12T21:00:00Z,26222.1
2026-02-12T22:00:00Z,25558.6
2026-02-12T23:00:00Z,24459.2
2026-02-13T00:00:00Z,24718.2
2026-02-13T01:00:00Z,24447.3
2026-02-13T02:00:00Z,24757.2
2026-02-13T03:00:00Z,27102.6
2026-02-13T04:00:00Z,27868.5
2026-02-13T05:00:00Z,29406.0
2026-02-13T06:00:00Z,31062.7
2026-02-13T07:00:00Z,32534.5
2026-02-13T08:00:00Z,34034.7
2026-02-13T09:00:00Z,35128.4
2026-02-13T10:00:00Z,36237.0
2026-02-13T11:00:00Z,36586.4
2026-02-13T12:00:00Z,36540.4
2026-02-13T13:00:00Z,36918.2
2026-02-13T14:00:00Z,36197.3
2026-02-13T15:00:00Z,34469.5
2026-02-13T16:00:00Z,32923.6
2026-02-13T17:00:00Z,32395.4
2026-02-13T18:00:00Z,30158.3
2026-02-13T19:00:00Z,29318.5
2026-02-13T20:00:00Z,28423.8
2026-02-13T21:00:00Z,26464.6
2026-02-13T22:00:00Z,24790.6
2026-02-13T23:00:00Z,24646.2
2026-02-14T00:00:00Z,21794.1
2026-02-14T01:00:00Z,23420.6
2026-02-14T02:00:00Z,23979.3
2026-02-14T03:00:00Z,25403.5
2026-02-14T04:00:00Z,26713.8
2026-02-14T05:00:00Z,27151.5
2026-02-14T06:00:00Z,27667.8
2026-02-14T07:00:00Z,30347.0
2026-02-14T08:00:00Z,31870.4
2026-02-14T09:00:00Z,32637.4
2026-02-14T10:00:00Z,34280.7
2026-02-14T11:00:00Z,35140.1
2026-02-14T12:00:00Z,35339.0
2026-02-14T13:00:00Z,34647.4
2026-02-14T14:00:00Z,33807.4
2026-02-14T15:00:00Z,33078.9
2026-02-14T16:00:00Z,31972.2
2026-02-14T17:00:00Z,29963.9
2026-02-14T18:00:00Z,29145.2
2026-02-14T19:00:00Z,27205.4
2026-02-14T20:00:00Z,25583.8
2026-02-14T21:00:00Z,24258.3
2026-02-14T22:00:00Z,23147.0
2026-02-14T23:00:00Z,22331.0
2026-02-15T00:00:00Z,22628.3
2026-02-15T01:00:00Z,23300.4
2026-02-15T02:00:00Z,23529.9
2026-02-15T03:00:00Z,24178.6
2026-02-15T04:00:00Z,24765.6
2026-02-15T05:00:00Z,27530.0
2026-02-15T06:00:00Z,27593.5
2026-02-15T07:00:00Z,30232.3
2026-02-15T08:00:00Z,31347.7
2026-02-15T09:00:00Z,32750.4
2026-02-15T10:00:00Z,34191.2
2026-02-15T11:00:00Z,34640.7
2026-02-15T12:00:00Z,34375.9
2026-02-15T13:00:00Z,33976.6
2026-02-15T14:00:00Z,34090.1
2026-02-15T15:00:00Z,32924.9
2026-02-15T16:00:00Z,32085.4
2026-02-15T17:00:00Z,30203.0
2026-02-15T18:00:00Z,28373.3
2026-02-15T19:00:00Z,27314.7
2026-02-15T20:00:00Z,25331.9
2026-02-15T21:00:00Z,24511.7
2026-02-15T22:00:00Z,23472.6
2026-02-15T23:00:00Z,22248.0
2026-02-16T00:00:00Z,23044.5
2026-02-16T01:00:00Z,24380.4
2026-02-16T02:00:00Z,25005.6
2026-02-16T03:00:00Z,25709.4
2026-02-16T04:00:00Z,27655.7
2026-02-16T05:00:00Z,29187.8
2026-02-16T06:00:00Z,30619.4
2026-02-16T07:00:00Z,31649.4
2026-02-16T08:00:00Z,33353.8
2026-02-16T09:00:00Z,33986.9
2026-02-16T10:00:00Z,35731.6
2026-02-16T11:00:00Z,35846.5
2026-02-16T12:00:00Z,36239.2
2026-02-16T13:00:00Z,35928.5
2026-02-16T14:00:00Z,35335.9
2026-02-16T15:00:00Z,35464.4
2026-02-16T16:00:00Z,34081.9
2026-02-16T17:00:00Z,31411.2
2026-02-16T18:00:00Z,30612.1
2026-02-16T19:00:00Z,28343.1
2026-02-16T20:00:00Z,27557.9
2026-02-16T21:00:00Z,25778.1
2026-02-16T22:00:00Z,24659.4
2026-02-16T23:00:00Z,24425.2
2026-02-17T00:00:00Z,24159.7
2026-02-17T01:00:00Z,23818.0
2026-02-17T02:00:00Z,24617.1
2026-02-17T03:00:00Z,25211.9
2026-02-17T04:00:00Z,25814.6
2026-02-17T05:00:00Z,29012.3
2026-02-17T06:00:00Z,29671.7
2026-02-17T07:00:00Z,31898.6
2026-02-17T08:00:00Z,32357.6
2026-02-17T09:00:00Z,34867.4
2026-02-17T10:00:00Z,35597.5
2026-02-17T11:00:00Z,36093.3
2026-02-17T12:00:00Z,37377.3
2026-02-17T13:00:00Z,36044.9
2026-02-17T14:00:00Z,36327.7
2026-02-17T15:00:00Z,33608.2
2026-02-17T16:00:00Z,33193.4
2026-02-17T17:00:00Z,31469.0
2026-02-17T18:00:00Z,29258.1
2026-02-17T19:00:00Z,27636.5
2026-02-17T20:00:00Z,26745.2
2026-02-17T21:00:00Z,25933.9
2026-02-17T22:00:00Z,24192.8
2026-02-17T23:00:00Z,23935.2
2026-02-18T00:00:00Z,23888.7
2026-02-18T01:00:00Z,24194.1
2026-02-18T02:00:00Z,23983.2
2026-02-18T03:00:00Z,25535.9
2026-02-18T04:00:00Z,26135.3
2026-02-18T05:00:00Z,28218.9
2026-02-18T06:00:00Z,29924.0
2026-02-18T07:00:00Z,32216.2
2026-02-18T08:00:00Z,33302.6
2026-02-18T09:00:00Z,33564.2
2026-02-18T10:00:00Z,35561.9
2026-02-18T11:00:00Z,35594.6
2026-02-18T12:00:00Z,36977.8
2026-02-18T13:00:00Z,35633.0
2026-02-18T14:00:00Z,35914.4
2026-02-18T15:00:00Z,35048.2
2026-02-18T16:00:00Z,32528.9
2026-02-18T17:00:00Z,31017.0
2026-02-18T18:00:00Z,31441.8
2026-02-18T19:00:00Z,28582.1
2026-02-18T20:00:00Z,26993.9
2026-02-18T21:00:00Z,24875.7
2026-02-18T22:00:00Z,24558.0
2026-02-18T23:00:00Z,24585.1
2026-02-19T00:00:00Z,22423.7
2026-02-19T01:00:00Z,23054.7
2026-02-19T02:00:00Z,25069.0
2026-02-19T03:00:00Z,25153.9
2026-02-19T04:00:00Z,26589.0
2026-02-19T05:00:00Z,28837.8
2026-02-19T06:00:00Z,29102.8
2026-02-19T07:00:00Z,30641.3
2026-02-19T08:00:00Z,33440.6
2026-02-19T09:00:00Z,33595.4
2026-02-19T10:00:00Z,35018.5
2026-02-19T11:00:00Z,35760.8
2026-02-19T12:00:00Z,35564.5
2026-02-19T13:00:00Z,35317.1
2026-02-19T14:00:00Z,34848.5
2026-02-19T15:00:00Z,33741.1
2026-02-19T16:00:00Z,33305.5
2026-02-19T17:00:00Z,31575.2
2026-02-19T18:00:00Z,28871.8
2026-02-19T19:00:00Z,28797.1
2026-02-19T20:00:00Z,27274.0
2026-02-19T21:00:00Z,25231.1
2026-02-19T22:00:00Z,24873.3
2026-02-19T23:00:00Z,24670.7
2026-02-20T00:00:00Z,24187.8
2026-02-20T01:00:00Z,24224.9
2026-02-20T02:00:00Z,24458.3
2026-02-20T03:00:00Z,26020.6
2026-02-20T04:00:00Z,27087.6
2026-02-20T05:00:00Z,28328.7
2026-02-20T06:00:00Z,29863.7
2026-02-20T07:00:00Z,30766.9
2026-02-20T08:00:00Z,32975.4
2026-02-20T09:00:00Z,34976.6
2026-02-20T10:00:00Z,33599.2
2026-02-20T11:00:00Z,35266.9
2026-02-20T12:00:00Z,36153.7
2026-02-20T13:00:00Z,35850.0
2026-02-20T14:00:00Z,35695.7
2026-02-20T15:00:00Z,34358.3
2026-02-20T16:00:00Z,33796.3
2026-02-20T17:00:00Z,31268.5
2026-02-20T18:00:00Z,29132.1
2026-02-20T19:00:00Z,28298.6
2026-02-20T20:00:00Z,26608.4
2026-02-20T21:00:00Z,25318.8
2026-02-20T22:00:00Z,24148.8
2026-02-20T23:00:00Z,24194.4
2026-02-21T00:00:00Z,21816.1
2026-02-21T01:00:00Z,21790.3
2026-02-21T02:00:00Z,22995.4
2026-02-21T03:00:00Z,23417.2
2026-02-21T04:00:00Z,24282.3
2026-02-21T05:00:00Z,26681.1
2026-02-21T06:00:00Z,27208.9
2026-02-21T07:00:00Z,29454.8
2026-02-21T08:00:00Z,29667.1
2026-02-21T09:00:00Z,32327.2
2026-02-21T10:00:00Z,33382.6
2026-02-21T11:00:00Z,34402.1
2026-02-21T12:00:00Z,33640.4
2026-02-21T13:00:00Z,34367.3
2026-02-21T14:00:00Z,32548.8
2026-02-21T15:00:00Z,32457.4
2026-02-21T16:00:00Z,30642.1
2026-02-21T17:00:00Z,28457.6
2026-02-21T18:00:00Z,27590.6
2026-02-21T19:00:00Z,26733.9
2026-02-21T20:00:00Z,25320.8
2026-02-21T21:00:00Z,23575.7
2026-02-21T22:00:00Z,22323.9
2026-02-21T23:00:00Z,21926.4
2026-02-22T00:00:00Z,21297.3
2026-02-22T01:00:00Z,21654.2
2026-02-22T02:00:00Z,22515.3
2026-02-22T03:00:00Z,23833.7
2026-02-22T04:00:00Z,24708.3
2026-02-22T05:00:00Z,25818.9
2026-02-22T06:00:00Z,27218.2
2026-02-22T07:00:00Z,28786.6
2026-02-22T08:00:00Z,31025.8
2026-02-22T09:00:00Z,32011.8
2026-02-22T10:00:00Z,32697.8
2026-02-22T11:00:00Z,33577.2
2026-02-22T12:00:00Z,34361.9
2026-02-22T13:00:00Z,33856.0
2026-02-22T14:00:00Z,33116.3
2026-02-22T15:00:00Z,31988.6
2026-02-22T16:00:00Z,30189.2
2026-02-22T17:00:00Z,30040.6
2026-02-22T18:00:00Z,27643.5
2026-02-22T19:00:00Z,26009.2
2026-02-22T20:00:00Z,24400.4
2026-02-22T21:00:00Z,22861.6
2026-02-22T22:00:00Z,22201.9
2026-02-22T23:00:00Z,21982.7
2026-02-23T00:00:00Z,23668.0
2026-02-23T01:00:00Z,23823.0
2026-02-23T02:00:00Z,24443.2
2026-02-23T03:00:00Z,24359.5
2026-02-23T04:00:00Z,26829.0
2026-02-23T05:00:00Z,27941.7
2026-02-23T06:00:00Z,29351.8
2026-02-23T07:00:00Z,30501.8
2026-02-23T08:00:00Z,32636.5
2026-02-23T09:00:00Z,33626.2
2026-02-23T10:00:00Z,35151.0
2026-02-23T11:00:00Z,35700.7
2026-02-23T12:00:00Z,36689.1
2026-02-23T13:00:00Z,35418.1
2026-02-23T14:00:00Z,34441.2
2026-02-23T15:00:00Z,34132.2
2026-02-23T16:00:00Z,32795.9
2026-02-23T17:00:00Z,31012.5
2026-02-23T18:00:00Z,29100.8
2026-02-23T19:00:00Z,27595.6
2026-02-23T20:00:00Z,26026.2
2026-02-23T21:00:00Z,25318.5
2026-02-23T22:00:00Z,24576.0
2026-02-23T23:00:00Z,24322.6
2026-02-24T00:00:00Z,23035.6
2026-02-24T01:00:00Z,22881.4
2026-02-24T02:00:00Z,23382.5
2026-02-24T03:00:00Z,25005.9
2026-02-24T04:00:00Z,26175.8
2026-02-24T05:00:00Z,27744.9
2026-02-24T06:00:00Z,28368.5
2026-02-24T07:00:00Z,30491.1
2026-02-24T08:00:00Z,31438.1
2026-02-24T09:00:00Z,33886.7
2026-02-24T10:00:00Z,34767.2
2026-02-24T11:00:00Z,35343.9
2026-02-24T12:00:00Z,35288.2
2026-02-24T13:00:00Z,35814.5
2026-02-24T14:00:00Z,34477.6
2026-02-24T15:00:00Z,33665.1
2026-02-24T16:00:00Z,31940.5
2026-02-24T17:00:00Z,30808.2
2026-02-24T18:00:00Z,29429.6
2026-02-24T19:00:00Z,27630.0
2026-02-24T20:00:00Z,26051.0
2026-02-24T21:00:00Z,24666.2
2026-02-24T22:00:00Z,24101.7
2026-02-24T23:00:00Z,23279.5
2026-02-25T00:00:00Z,22644.1
2026-02-25T01:00:00Z,23580.7
2026-02-25T02:00:00Z,23680.1
2026-02-25T03:00:00Z,24530.9
2026-02-25T04:00:00Z,26089.3
2026-02-25T05:00:00Z,27278.1
2026-02-25T06:00:00Z,29641.5
2026-02-25T07:00:00Z,30207.4
2026-02-25T08:00:00Z,31946.6
2026-02-25T09:00:00Z,34209.4
2026-02-25T10:00:00Z,34806.3
2026-02-25T11:00:00Z,35739.9
2026-02-25T12:00:00Z,35947.7
2026-02-25T13:00:00Z,35253.1
2026-02-25T14:00:00Z,34286.9
2026-02-25T15:00:00Z,33377.6
2026-02-25T16:00:00Z,33346.3
2026-02-25T17:00:00Z,30895.2
2026-02-25T18:00:00Z,29804.5
2026-02-25T19:00:00Z,27769.0
2026-02-25T20:00:00Z,26609.9
2026-02-25T21:00:00Z,24801.1
2026-02-25T22:00:00Z,24630.9
2026-02-25T23:00:00Z,23161.6
2026-02-26T00:00:00Z,22703.1
2026-02-26T01:00:00Z,23322.6
2026-02-26T02:00:00Z,24044.3
2026-02-26T03:00:00Z,25874.8
2026-02-26T04:00:00Z,25410.8
2026-02-26T05:00:00Z,28428.5
2026-02-26T06:00:00Z,29403.7
2026-02-26T07:00:00Z,30943.7
2026-02-26T08:00:00Z,32414.2
2026-02-26T09:00:00Z,33569.2
2026-02-26T10:00:00Z,34238.6
2026-02-26T11:00:00Z,35152.5
2026-02-26T12:00:00Z,35749.7
2026-02-26T13:00:00Z,34325.3
2026-02-26T14:00:00Z,33963.9
2026-02-26T15:00:00Z,32924.3
2026-02-26T16:00:00Z,32133.0
2026-02-26T17:00:00Z,30593.3
2026-02-26T18:00:00Z,29126.7
2026-02-26T19:00:00Z,27800.5
2026-02-26T20:00:00Z,26806.3
2026-02-26T21:00:00Z,25881.2
2026-02-26T22:00:00Z,23866.5
2026-02-26T23:00:00Z,23398.1
2026-02-27T00:00:00Z,23203.3
2026-02-27T01:00:00Z,24106.8
2026-02-27T02:00:00Z,24670.6
2026-02-27T03:00:00Z,24313.6
2026-02-27T04:00:00Z,26264.4
2026-02-27T05:00:00Z,26905.8
2026-02-27T06:00:00Z,29338.5
2026-02-27T07:00:00Z,29840.8
2026-02-27T08:00:00Z,31820.8
2026-02-27T09:00:00Z,32480.0
2026-02-27T10:00:00Z,34212.0
2026-02-27T11:00:00Z,34432.4
2026-02-27T12:00:00Z,35357.3
2026-02-27T13:00:00Z,33673.4
2026-02-27T14:00:00Z,34771.9
2026-02-27T15:00:00Z,33448.2
2026-02-27T16:00:00Z,32598.0
2026-02-27T17:00:00Z,30526.7
2026-02-27T18:00:00Z,28186.3
2026-02-27T19:00:00Z,27408.1
2026-02-27T20:00:00Z,26591.4
2026-02-27T21:00:00Z,25021.4
2026-02-27T22:00:00Z,24684.5
2026-02-27T23:00:00Z,22976.0
2026-02-28T00:00:00Z,20403.7
2026-02-28T01:00:00Z,20501.0
2026-02-28T02:00:00Z,21668.7
2026-02-28T03:00:00Z,22726.7
2026-02-28T04:00:00Z,24360.7
2026-02-28T05:00:00Z,25906.5
2026-02-28T06:00:00Z,26783.7
2026-02-28T07:00:00Z,28992.5
2026-02-28T08:00:00Z,30667.6
2026-02-28T09:00:00Z,31743.9
2026-02-28T10:00:00Z,32861.4
2026-02-28T11:00:00Z,32813.1
2026-02-28T12:00:00Z,33512.7
2026-02-28T13:00:00Z,32887.7
2026-02-28T14:00:00Z,32623.8
2026-02-28T15:00:00Z,31764.2
2026-02-28T16:00:00Z,29734.1
2026-02-28T17:00:00Z,28070.5
2026-02-28T18:00:00Z,27705.1
2026-02-28T19:00:00Z,26273.0
2026-02-28T20:00:00Z,24816.4
2026-02-28T21:00:00Z,22657.0
2026-02-28T22:00:00Z,22164.8
2026-02-28T23:00:00Z,20974.7
2026-03-01T00:00:00Z,21487.2
2026-03-01T01:00:00Z,21271.8
2026-03-01T02:00:00Z,22523.1
2026-03-01T03:00:00Z,23159.0
2026-03-01T04:00:00Z,24187.2
2026-03-01T05:00:00Z,25750.3
2026-03-01T06:00:00Z,27006.5
2026-03-01T07:00:00Z,28329.8
2026-03-01T08:00:00Z,30131.4
2026-03-01T09:00:00Z,31371.8
2026-03-01T10:00:00Z,33111.4
2026-03-01T11:00:00Z,32726.3
2026-03-01T12:00:00Z,32840.5
2026-03-01T13:00:00Z,32831.1
2026-03-01T14:00:00Z,33004.4
2026-03-01T15:00:00Z,30755.9
2026-03-01T16:00:00Z,29900.0
2026-03-01T17:00:00Z,28020.0
2026-03-01T18:00:00Z,27186.7
2026-03-01T19:00:00Z,26576.3
2026-03-01T20:00:00Z,23332.6
2026-03-01T21:00:00Z,22972.0
2026-03-01T22:00:00Z,22422.1
2026-03-01T23:00:00Z,21830.0
2026-03-02T00:00:00Z,22285.2
2026-03-02T01:00:00Z,22521.8
2026-03-02T02:00:00Z,23931.7
2026-03-02T03:00:00Z,24517.2
2026-03-02T04:00:00Z,25456.0
2026-03-02T05:00:00Z,27466.0
2026-03-02T06:00:00Z,29221.5
2026-03-02T07:00:00Z,29741.5
2026-03-02T08:00:00Z,31558.4
2026-03-02T09:00:00Z,33503.9
2026-03-02T10:00:00Z,33678.2
2026-03-02T11:00:00Z,35019.8
2026-03-02T12:00:00Z,34084.9
2026-03-02T13:00:00Z,34386.0
2026-03-02T14:00:00Z,33972.1
2026-03-02T15:00:00Z,33436.7
2026-03-02T16:00:00Z,31748.1
2026-03-02T17:00:00Z,30871.6
2026-03-02T18:00:00Z,28534.7
2026-03-02T19:00:00Z,28051.1
2026-03-02T20:00:00Z,26805.2
2026-03-02T21:00:00Z,24613.6
2026-03-02T22:00:00Z,22850.7
2026-03-02T23:00:00Z,22787.9
2026-03-03T00:00:00Z,22412.8
2026-03-03T01:00:00Z,22708.2
2026-03-03T02:00:00Z,23354.3
2026-03-03T03:00:00Z,25280.7
2026-03-03T04:00:00Z,26836.6
2026-03-03T05:00:00Z,27245.4
2026-03-03T06:00:00Z,29013.5
2026-03-03T07:00:00Z,30647.8
2026-03-03T08:00:00Z,31581.5
2026-03-03T09:00:00Z,32672.8
2026-03-03T10:00:00Z,33294.7
2026-03-03T11:00:00Z,33754.2
2026-03-03T12:00:00Z,34396.3
2026-03-03T13:00:00Z,34642.9
2026-03-03T14:00:00Z,33548.3
2026-03-03T15:00:00Z,32829.9
2026-03-03T16:00:00Z,31483.8
2026-03-03T17:00:00Z,29913.8
2026-03-03T18:00:00Z,28171.4
2026-03-03T19:00:00Z,27282.7
2026-03-03T20:00:00Z,25037.3
2026-03-03T21:00:00Z,25070.9
2026-03-03T22:00:00Z,22892.7
2026-03-03T23:00:00Z,22776.7
2026-03-04T00:00:00Z,21979.2
2026-03-04T01:00:00Z,22295.5
2026-03-04T02:00:00Z,23072.5
2026-03-04T03:00:00Z,24382.5
2026-03-04T04:00:00Z,25681.1
2026-03-04T05:00:00Z,26405.4
2026-03-04T06:00:00Z,27509.2
2026-03-04T07:00:00Z,30400.9
2026-03-04T08:00:00Z,31232.0
2026-03-04T09:00:00Z,32410.5
2026-03-04T10:00:00Z,33718.7
2026-03-04T11:00:00Z,34377.9
2026-03-04T12:00:00Z,35161.2
2026-03-04T13:00:00Z,34369.9
2026-03-04T14:00:00Z,34105.4
2026-03-04T15:00:00Z,33207.8
2026-03-04T16:00:00Z,31988.8
2026-03-04T17:00:00Z,29877.1
2026-03-04T18:00:00Z,29166.0
2026-03-04T19:00:00Z,27158.8
2026-03-04T20:00:00Z,25656.0
2026-03-04T21:00:00Z,24698.4
2026-03-04T22:00:00Z,23027.7
2026-03-04T23:00:00Z,21621.1
2026-03-05T00:00:00Z,21862.2
2026-03-05T01:00:00Z,23119.1
2026-03-05T02:00:00Z,23355.7
2026-03-05T03:00:00Z,24956.2
2026-03-05T04:00:00Z,25222.0
2026-03-05T05:00:00Z,26922.3
2026-03-05T06:00:00Z,27923.6
2026-03-05T07:00:00Z,29817.8
2026-03-05T08:00:00Z,32410.2
2026-03-05T09:00:00Z,32906.8
2026-03-05T10:00:00Z,33085.8
2026-03-05T11:00:00Z,34636.8
2026-03-05T12:00:00Z,34940.0
2026-03-05T13:00:00Z,34181.5
2026-03-05T14:00:00Z,33518.3
2026-03-05T15:00:00Z,32961.0
2026-03-05T16:00:00Z,31885.0
2026-03-05T17:00:00Z,30358.7
2026-03-05T18:00:00Z,28257.2
2026-03-05T19:00:00Z,26509.8
2026-03-05T20:00:00Z,24959.8
2026-03-05T21:00:00Z,24689.4
2026-03-05T22:00:00Z,23149.4
2026-03-05T23:00:00Z,22410.9
2026-03-06T00:00:00Z,22646.7
2026-03-06T01:00:00Z,23270.3
2026-03-06T02:00:00Z,23789.1
2026-03-06T03:00:00Z,24132.1
2026-03-06T04:00:00Z,24978.1
2026-03-06T05:00:00Z,26314.6
2026-03-06T06:00:00Z,28880.7
2026-03-06T07:00:00Z,29544.9
2026-03-06T08:00:00Z,31627.2
2026-03-06T09:00:00Z,33055.9
2026-03-06T10:00:00Z,34350.2
2026-03-06T11:00:00Z,34244.2
2026-03-06T12:00:00Z,34830.9
2026-03-06T13:00:00Z,33811.5
2026-03-06T14:00:00Z,33271.4
2026-03-06T15:00:00Z,33671.9
2026-03-06T16:00:00Z,31227.1
2026-03-06T17:00:00Z,30404.8
2026-03-06T18:00:00Z,28718.0
2026-03-06T19:00:00Z,26938.6
2026-03-06T20:00:00Z,24763.9
2026-03-06T21:00:00Z,24468.7
2026-03-06T22:00:00Z,22810.4
2026-03-06T23:00:00Z,22606.1
2026-03-07T00:00:00Z,20538.4
2026-03-07T01:00:00Z,20486.1
2026-03-07T02:00:00Z,22292.3
2026-03-07T03:00:00Z,22012.6
2026-03-07T04:00:00Z,24012.0
2026-03-07T05:00:00Z,25126.1
2026-03-07T06:00:00Z,25986.3
2026-03-07T07:00:00Z,28642.8
2026-03-07T08:00:00Z,30709.5
2026-03-07T09:00:00Z,30980.4
2026-03-07T10:00:00Z,32087.1
2026-03-07T11:00:00Z,33200.5
2026-03-07T12:00:00Z,33253.0
2026-03-07T13:00:00Z,31617.4
2026-03-07T14:00:00Z,31832.7
2026-03-07T15:00:00Z,31763.5
2026-03-07T16:00:00Z,29096.1
2026-03-07T17:00:00Z,28599.1
2026-03-07T18:00:00Z,26107.0
2026-03-07T19:00:00Z,24797.8
2026-03-07T20:00:00Z,23237.0
2026-03-07T21:00:00Z,22553.4
2026-03-07T22:00:00Z,21650.6
2026-03-07T23:00:00Z,20338.1
2026-03-08T00:00:00Z,20774.7
2026-03-08T01:00:00Z,20654.0
2026-03-08T02:00:00Z,21671.8
2026-03-08T03:00:00Z,21311.7
2026-03-08T04:00:00Z,22727.7
2026-03-08T05:00:00Z,24354.9
2026-03-08T06:00:00Z,26289.4
2026-03-08T07:00:00Z,27911.5
2026-03-08T08:00:00Z,28661.6
2026-03-08T09:00:00Z,30953.7
2026-03-08T10:00:00Z,31736.8
2026-03-08T11:00:00Z,33081.0
2026-03-08T12:00:00Z,32642.4
2026-03-08T13:00:00Z,33156.4
2026-03-08T14:00:00Z,31548.3
2026-03-08T15:00:00Z,30282.1
2026-03-08T16:00:00Z,29322.8
2026-03-08T17:00:00Z,28563.8
2026-03-08T18:00:00Z,25994.9
2026-03-08T19:00:00Z,24873.7
2026-03-08T20:00:00Z,23043.6
2026-03-08T21:00:00Z,23147.4
2026-03-08T22:00:00Z,21588.5
2026-03-08T23:00:00Z,21245.1
2026-03-09T00:00:00Z,21102.2
2026-03-09T01:00:00Z,22744.2
2026-03-09T02:00:00Z,23220.3
2026-03-09T03:00:00Z,23175.3
2026-03-09T04:00:00Z,25454.2
2026-03-09T05:00:00Z,26511.3
2026-03-09T06:00:00Z,27622.8
2026-03-09T07:00:00Z,29417.9
2026-03-09T08:00:00Z,31216.4
2026-03-09T09:00:00Z,32616.8
2026-03-09T10:00:00Z,32861.2
2026-03-09T11:00:00Z,35097.9
2026-03-09T12:00:00Z,34006.3
2026-03-09T13:00:00Z,33383.3
2026-03-09T14:00:00Z,33620.8
2026-03-09T15:00:00Z,33014.6
2026-03-09T16:00:00Z,31146.5
2026-03-09T17:00:00Z,29884.0
2026-03-09T18:00:00Z,28469.8
2026-03-09T19:00:00Z,26109.3
2026-03-09T20:00:00Z,24827.4
2026-03-09T21:00:00Z,23471.4
2026-03-09T22:00:00Z,22333.3
2026-03-09T23:00:00Z,20957.6
2026-03-10T00:00:00Z,21092.5
2026-03-10T01:00:00Z,22374.8
2026-03-10T02:00:00Z,21970.1
2026-03-10T03:00:00Z,24267.9
2026-03-10T04:00:00Z,24734.1
2026-03-10T05:00:00Z,26923.5
2026-03-10T06:00:00Z,28142.5
2026-03-10T07:00:00Z,29397.8
2026-03-10T08:00:00Z,32211.4
2026-03-10T09:00:00Z,32860.9
2026-03-10T10:00:00Z,33120.0
2026-03-10T11:00:00Z,34877.1
2026-03-10T12:00:00Z,34311.8
2026-03-10T13:00:00Z,33615.3
2026-03-10T14:00:00Z,33588.9
2026-03-10T15:00:00Z,32281.6
2026-03-10T16:00:00Z,31295.8
2026-03-10T17:00:00Z,30082.5
2026-03-10T18:00:00Z,27510.9
2026-03-10T19:00:00Z,26568.9
2026-03-10T20:00:00Z,25098.0
2026-03-10T21:00:00Z,23713.3
2026-03-10T22:00:00Z,22713.3
2026-03-10T23:00:00Z,22891.3
2026-03-11T00:00:00Z,22170.9
2026-03-11T01:00:00Z,21402.7
2026-03-11T02:00:00Z,22734.0
2026-03-11T03:00:00Z,23551.3
2026-03-11T04:00:00Z,24880.0
2026-03-11T05:00:00Z,26108.6
2026-03-11T06:00:00Z,27611.7
2026-03-11T07:00:00Z,29201.5
2026-03-11T08:00:00Z,31580.2
2026-03-11T09:00:00Z,33116.1
2026-03-11T10:00:00Z,33060.6
2026-03-11T11:00:00Z,32947.6
2026-03-11T12:00:00Z,33938.1
2026-03-11T13:00:00Z,33893.4
2026-03-11T14:00:00Z,33170.3
2026-03-11T15:00:00Z,32390.3
2026-03-11T16:00:00Z,30780.4
2026-03-11T17:00:00Z,30117.5
2026-03-11T18:00:00Z,27192.3
2026-03-11T19:00:00Z,27110.9
2026-03-11T20:00:00Z,24882.8
2026-03-11T21:00:00Z,23552.0
2026-03-11T22:00:00Z,22746.9
2026-03-11T23:00:00Z,22009.1
2026-03-12T00:00:00Z,21653.7
2026-03-12T01:00:00Z,22018.4
2026-03-12T02:00:00Z,22814.4
2026-03-12T03:00:00Z,22932.0
2026-03-12T04:00:00Z,25164.4
2026-03-12T05:00:00Z,26407.2
2026-03-12T06:00:00Z,27237.6
2026-03-12T07:00:00Z,29034.5
2026-03-12T08:00:00Z,31213.0
2026-03-12T09:00:00Z,32984.3
2026-03-12T10:00:00Z,33116.1
2026-03-12T11:00:00Z,32943.8
2026-03-12T12:00:00Z,33805.7
2026-03-12T13:00:00Z,33797.4
2026-03-12T14:00:00Z,33100.4
2026-03-12T15:00:00Z,32135.5
2026-03-12T16:00:00Z,31166.4
2026-03-12T17:00:00Z,29476.4
2026-03-12T18:00:00Z,27160.5
2026-03-12T19:00:00Z,25569.3
2026-03-12T20:00:00Z,25235.7
2026-03-12T21:00:00Z,23477.5
2026-03-12T22:00:00Z,22474.6
2026-03-12T23:00:00Z,22130.3
2026-03-13T00:00:00Z,21982.1
2026-03-13T01:00:00Z,21375.5
2026-03-13T02:00:00Z,21875.0
2026-03-13T03:00:00Z,24506.6
2026-03-13T04:00:00Z,24354.0
2026-03-13T05:00:00Z,25982.9
2026-03-13T06:00:00Z,27609.5
2026-03-13T07:00:00Z,28773.1
2026-03-13T08:00:00Z,31187.0
2026-03-13T09:00:00Z,31699.0
2026-03-13T10:00:00Z,33306.3
2026-03-13T11:00:00Z,33743.3
2026-03-13T12:00:00Z,34527.9
2026-03-13T13:00:00Z,34585.6
2026-03-13T14:00:00Z,33109.5
2026-03-13T15:00:00Z,32827.0
2026-03-13T16:00:00Z,30993.9
2026-03-13T17:00:00Z,28993.7
2026-03-13T18:00:00Z,27973.2
2026-03-13T19:00:00Z,26571.3
2026-03-13T20:00:00Z,24996.9
2026-03-13T21:00:00Z,23678.2
2026-03-13T22:00:00Z,22293.4
2026-03-13T23:00:00Z,22641.8
2026-03-14T00:00:00Z,20641.5
2026-03-14T01:00:00Z,20483.6
2026-03-14T02:00:00Z,19828.7
2026-03-14T03:00:00Z,21608.1
2026-03-14T04:00:00Z,22654.3
2026-03-14T05:00:00Z,24431.3
2026-03-14T06:00:00Z,26787.4
2026-03-14T07:00:00Z,27127.8
2026-03-14T08:00:00Z,29938.6
2026-03-14T09:00:00Z,30724.1
2026-03-14T10:00:00Z,30903.1
2026-03-14T11:00:00Z,32168.8
2026-03-14T12:00:00Z,32395.5
2026-03-14T13:00:00Z,31951.6
2026-03-14T14:00:00Z,31798.1
2026-03-14T15:00:00Z,30779.7
2026-03-14T16:00:00Z,28103.8
2026-03-14T17:00:00Z,28258.6
2026-03-14T18:00:00Z,26977.7
2026-03-14T19:00:00Z,23577.3
2026-03-14T20:00:00Z,22684.2
2026-03-14T21:00:00Z,21351.9
2026-03-14T22:00:00Z,21295.5
2026-03-14T23:00:00Z,20314.7
2026-03-15T00:00:00Z,20560.6
2026-03-15T01:00:00Z,19585.8
2026-03-15T02:00:00Z,19728.4
2026-03-15T03:00:00Z,22246.1
2026-03-15T04:00:00Z,23433.2
2026-03-15T05:00:00Z,24282.0
2026-03-15T06:00:00Z,25362.0
2026-03-15T07:00:00Z,26852.7
2026-03-15T08:00:00Z,28845.1
2026-03-15T09:00:00Z,29899.0
2026-03-15T10:00:00Z,29847.1
2026-03-15T11:00:00Z,31506.0
2026-03-15T12:00:00Z,31420.1
2026-03-15T13:00:00Z,31276.2
2026-03-15T14:00:00Z,31533.8
2026-03-15T15:00:00Z,30594.8
2026-03-15T16:00:00Z,29332.2
2026-03-15T17:00:00Z,27535.1
2026-03-15T18:00:00Z,25511.0
2026-03-15T19:00:00Z,23278.3
2026-03-15T20:00:00Z,23091.6
2026-03-15T21:00:00Z,21118.3
2026-03-15T22:00:00Z,20181.9
2026-03-15T23:00:00Z,19980.8
2026-03-16T00:00:00Z,21406.9
2026-03-16T01:00:00Z,22219.2
2026-03-16T02:00:00Z,23438.4
2026-03-16T03:00:00Z,22713.7
2026-03-16T04:00:00Z,24321.5
2026-03-16T05:00:00Z,26560.7
2026-03-16T06:00:00Z,27752.3
2026-03-16T07:00:00Z,29165.5
2026-03-16T08:00:00Z,30589.0
2026-03-16T09:00:00Z,32389.2
2026-03-16T10:00:00Z,32382.2
2026-03-16T11:00:00Z,32703.9
2026-03-16T12:00:00Z,33663.9
2026-03-16T13:00:00Z,33455.5
2026-03-16T14:00:00Z,31821.8
2026-03-16T15:00:00Z,32208.5
2026-03-16T16:00:00Z,30705.9
2026-03-16T17:00:00Z,29575.7
2026-03-16T18:00:00Z,28154.9
2026-03-16T19:00:00Z,26056.8
2026-03-16T20:00:00Z,24624.1
2026-03-16T21:00:00Z,23213.4
2026-03-16T22:00:00Z,23292.7
2026-03-16T23:00:00Z,21746.6
2026-03-17T00:00:00Z,20822.6
2026-03-17T01:00:00Z,21431.6
2026-03-17T02:00:00Z,21806.2
2026-03-17T03:00:00Z,23558.8
2026-03-17T04:00:00Z,25001.7
2026-03-17T05:00:00Z,25771.5
2026-03-17T06:00:00Z,27186.4
2026-03-17T07:00:00Z,29032.2
2026-03-17T08:00:00Z,29976.7
2026-03-17T09:00:00Z,31600.4
2026-03-17T10:00:00Z,33151.4
2026-03-17T11:00:00Z,33521.7
2026-03-17T12:00:00Z,33301.9
2026-03-17T13:00:00Z,34006.5
2026-03-17T14:00:00Z,31880.7
2026-03-17T15:00:00Z,31758.6
2026-03-17T16:00:00Z,30510.3
2026-03-17T17:00:00Z,29833.7
2026-03-17T18:00:00Z,26959.5
2026-03-17T19:00:00Z,25254.9
2026-03-17T20:00:00Z,24581.7
2026-03-17T21:00:00Z,23520.4
2026-03-17T22:00:00Z,21665.7
2026-03-17T23:00:00Z,22239.0
2026-03-18T00:00:00Z,20653.4
2026-03-18T01:00:00Z,21182.5
2026-03-18T02:00:00Z,22321.3
2026-03-18T03:00:00Z,22425.5
2026-03-18T04:00:00Z,25200.4
2026-03-18T05:00:00Z,25410.0
2026-03-18T06:00:00Z,27212.1
2026-03-18T07:00:00Z,30055.9
2026-03-18T08:00:00Z,30690.7
2026-03-18T09:00:00Z,31157.5
2026-03-18T10:00:00Z,33695.6
2026-03-18T11:00:00Z,33567.5
2026-03-18T12:00:00Z,33118.1
2026-03-18T13:00:00Z,32725.2
2026-03-18T14:00:00Z,31579.5
2026-03-18T15:00:00Z,31326.1
2026-03-18T16:00:00Z,30966.8
2026-03-18T17:00:00Z,28217.5
2026-03-18T18:00:00Z,28135.0
2026-03-18T19:00:00Z,26359.6
2026-03-18T20:00:00Z,23278.8
2026-03-18T21:00:00Z,23331.6
2026-03-18T22:00:00Z,22425.2
2026-03-18T23:00:00Z,21803.5
2026-03-19T00:00:00Z,20590.3
2026-03-19T01:00:00Z,21356.1
2026-03-19T02:00:00Z,22157.5
2026-03-19T03:00:00Z,22896.3
2026-03-19T04:00:00Z,24213.6
2026-03-19T05:00:00Z,25726.1
2026-03-19T06:00:00Z,27878.5
2026-03-19T07:00:00Z,29234.5
2026-03-19T08:00:00Z,31378.9
2026-03-19T09:00:00Z,31063.1
2026-03-19T10:00:00Z,32223.8
2026-03-19T11:00:00Z,33116.6
2026-03-19T12:00:00Z,33316.8
2026-03-19T13:00:00Z,34116.9
2026-03-19T14:00:00Z,33555.2
2026-03-19T15:00:00Z,31698.0
2026-03-19T16:00:00Z,31182.1
2026-03-19T17:00:00Z,28413.5
2026-03-19T18:00:00Z,28026.8
2026-03-19T19:00:00Z,24918.3
2026-03-19T20:00:00Z,23764.5
2026-03-19T21:00:00Z,22680.3
2026-03-19T22:00:00Z,21378.5
2026-03-19T23:00:00Z,21138.1
2026-03-20T00:00:00Z,20410.7
2026-03-20T01:00:00Z,21984.3
2026-03-20T02:00:00Z,21625.1
2026-03-20T03:00:00Z,23680.0
2026-03-20T04:00:00Z,24079.0
2026-03-20T05:00:00Z,26314.6
2026-03-20T06:00:00Z,27146.8
2026-03-20T07:00:00Z,28118.5
2026-03-20T08:00:00Z,30674.9
2026-03-20T09:00:00Z,31357.6
2026-03-20T10:00:00Z,31895.5
2026-03-20T11:00:00Z,33441.3
2026-03-20T12:00:00Z,33577.1
2026-03-20T13:00:00Z,33421.1
2026-03-20T14:00:00Z,32541.8
2026-03-20T15:00:00Z,31215.5
2026-03-20T16:00:00Z,30651.6
2026-03-20T17:00:00Z,28839.3
2026-03-20T18:00:00Z,27448.1
2026-03-20T19:00:00Z,26322.5
2026-03-20T20:00:00Z,25097.7
2026-03-20T21:00:00Z,22495.1
2026-03-20T22:00:00Z,20816.9
2026-03-20T23:00:00Z,21585.1
2026-03-21T00:00:00Z,19512.7
2026-03-21T01:00:00Z,19815.3
2026-03-21T02:00:00Z,19931.5
2026-03-21T03:00:00Z,21340.1
2026-03-21T04:00:00Z,22254.3
2026-03-21T05:00:00Z,24109.2
2026-03-21T06:00:00Z,24746.3
2026-03-21T07:00:00Z,27180.8
2026-03-21T08:00:00Z,28483.5
2026-03-21T09:00:00Z,31176.5
2026-03-21T10:00:00Z,31198.8
2026-03-21T11:00:00Z,31817.3
2026-03-21T12:00:00Z,32113.3
2026-03-21T13:00:00Z,32314.4
2026-03-21T14:00:00Z,31355.9
2026-03-21T15:00:00Z,30318.0
2026-03-21T16:00:00Z,28366.2
2026-03-21T17:00:00Z,26510.2
2026-03-21T18:00:00Z,26862.8
2026-03-21T19:00:00Z,23346.2
2026-03-21T20:00:00Z,22186.2
2026-03-21T21:00:00Z,21986.2
2026-03-21T22:00:00Z,20678.1
2026-03-21T23:00:00Z,20043.3
2026-03-22T00:00:00Z,19135.8
2026-03-22T01:00:00Z,20171.1
2026-03-22T02:00:00Z,19806.3
2026-03-22T03:00:00Z,21210.7
2026-03-22T04:00:00Z,22496.1
2026-03-22T05:00:00Z,24000.9
2026-03-22T06:00:00Z,24845.2
2026-03-22T07:00:00Z,27047.2
2026-03-22T08:00:00Z,28910.4
2026-03-22T09:00:00Z,30267.2
2026-03-22T10:00:00Z,30264.6
2026-03-22T11:00:00Z,31083.2
2026-03-22T12:00:00Z,30332.3
2026-03-22T13:00:00Z,31091.6
2026-03-22T14:00:00Z,31099.2
2026-03-22T15:00:00Z,29292.7
2026-03-22T16:00:00Z,28859.1
2026-03-22T17:00:00Z,26698.4
2026-03-22T18:00:00Z,26549.6
2026-03-22T19:00:00Z,23679.0
2026-03-22T20:00:00Z,22333.2
2026-03-22T21:00:00Z,21914.4
2026-03-22T22:00:00Z,19920.1
2026-03-22T23:00:00Z,18864.8
2026-03-23T00:00:00Z,21641.8
2026-03-23T01:00:00Z,22166.4
2026-03-23T02:00:00Z,21644.7
2026-03-23T03:00:00Z,22410.9
2026-03-23T04:00:00Z,23987.1
2026-03-23T05:00:00Z,24924.2
2026-03-23T06:00:00Z,26767.1
2026-03-23T07:00:00Z,28138.5
2026-03-23T08:00:00Z,29563.1
2026-03-23T09:00:00Z,31131.0
2026-03-23T10:00:00Z,33156.1
2026-03-23T11:00:00Z,32914.2
2026-03-23T12:00:00Z,33044.8
2026-03-23T13:00:00Z,33340.1
2026-03-23T14:00:00Z,32473.8
2026-03-23T15:00:00Z,32326.2
2026-03-23T16:00:00Z,30822.0
2026-03-23T17:00:00Z,28255.8
2026-03-23T18:00:00Z,27184.8
2026-03-23T19:00:00Z,25213.5
2026-03-23T20:00:00Z,24096.1
2026-03-23T21:00:00Z,22477.7
2026-03-23T22:00:00Z,21911.7
2026-03-23T23:00:00Z,21884.9
2026-03-24T00:00:00Z,20921.1
2026-03-24T01:00:00Z,20418.2
2026-03-24T02:00:00Z,21809.5
2026-03-24T03:00:00Z,22649.6
2026-03-24T04:00:00Z,24989.4
2026-03-24T05:00:00Z,24905.6
2026-03-24T06:00:00Z,27538.7
2026-03-24T07:00:00Z,28098.8
2026-03-24T08:00:00Z,30578.4
2026-03-24T09:00:00Z,31515.0
2026-03-24T10:00:00Z,32144.2
2026-03-24T11:00:00Z,32254.9
2026-03-24T12:00:00Z,34127.6
2026-03-24T13:00:00Z,32509.5
2026-03-24T14:00:00Z,32202.1
2026-03-24T15:00:00Z,31387.2
2026-03-24T16:00:00Z,30678.6
2026-03-24T17:00:00Z,28163.1
2026-03-24T18:00:00Z,26942.0
2026-03-24T19:00:00Z,26012.2
2026-03-24T20:00:00Z,24800.6
2026-03-24T21:00:00Z,23204.4
2026-03-24T22:00:00Z,21962.1
2026-03-24T23:00:00Z,20326.2
2026-03-25T00:00:00Z,20306.6
2026-03-25T01:00:00Z,21687.0
2026-03-25T02:00:00Z,22057.2
2026-03-25T03:00:00Z,22647.7
2026-03-25T04:00:00Z,24804.7
2026-03-25T05:00:00Z,25811.6
2026-03-25T06:00:00Z,26782.9
2026-03-25T07:00:00Z,28899.9
2026-03-25T08:00:00Z,30525.1
2026-03-25T09:00:00Z,31080.8
2026-03-25T10:00:00Z,32617.0
2026-03-25T11:00:00Z,32737.8
2026-03-25T12:00:00Z,33137.1
2026-03-25T13:00:00Z,32534.1
2026-03-25T14:00:00Z,32304.5
2026-03-25T15:00:00Z,31729.9
2026-03-25T16:00:00Z,30422.8
2026-03-25T17:00:00Z,29058.6
2026-03-25T18:00:00Z,27464.7
2026-03-25T19:00:00Z,25055.6
2026-03-25T20:00:00Z,23764.9
2026-03-25T21:00:00Z,22762.0
2026-03-25T22:00:00Z,22544.3
2026-03-25T23:00:00Z,21812.6
2026-03-26T00:00:00Z,21735.8
2026-03-26T01:00:00Z,20513.4
2026-03-26T02:00:00Z,21100.1
2026-03-26T03:00:00Z,22245.3
2026-03-26T04:00:00Z,23128.5
2026-03-26T05:00:00Z,25423.6
2026-03-26T06:00:00Z,27673.3
2026-03-26T07:00:00Z,28386.6
2026-03-26T08:00:00Z,29716.5
2026-03-26T09:00:00Z,31784.1
2026-03-26T10:00:00Z,31515.2
2026-03-26T11:00:00Z,32541.2
2026-03-26T12:00:00Z,32924.0
2026-03-26T13:00:00Z,32747.1
2026-03-26T14:00:00Z,31480.5
2026-03-26T15:00:00Z,31192.8
2026-03-26T16:00:00Z,30023.6
2026-03-26T17:00:00Z,28742.8
2026-03-26T18:00:00Z,27361.1
2026-03-26T19:00:00Z,24719.7
2026-03-26T20:00:00Z,24141.7
2026-03-26T21:00:00Z,22613.2
2026-03-26T22:00:00Z,22234.4
2026-03-26T23:00:00Z,21375.0
2026-03-27T00:00:00Z,20741.8
2026-03-27T01:00:00Z,20981.2
2026-03-27T02:00:00Z,21474.5
2026-03-27T03:00:00Z,23036.3
2026-03-27T04:00:00Z,23590.8
2026-03-27T05:00:00Z,24092.9
2026-03-27T06:00:00Z,27154.3
2026-03-27T07:00:00Z,28977.2
2026-03-27T08:00:00Z,29001.3
2026-03-27T09:00:00Z,30643.1
2026-03-27T10:00:00Z,32312.0
2026-03-27T11:00:00Z,32779.0
2026-03-27T12:00:00Z,32638.4
2026-03-27T13:00:00Z,32577.6
2026-03-27T14:00:00Z,32482.4
2026-03-27T15:00:00Z,31814.1
2026-03-27T16:00:00Z,30349.8
2026-03-27T17:00:00Z,28638.6
2026-03-27T18:00:00Z,26759.2
2026-03-27T19:00:00Z,25502.0
2026-03-27T20:00:00Z,23918.2
2026-03-27T21:00:00Z,22448.6
2026-03-27T22:00:00Z,22137.2
2026-03-27T23:00:00Z,21099.2
2026-03-28T00:00:00Z,19146.6
2026-03-28T01:00:00Z,19625.9
2026-03-28T02:00:00Z,20024.0
2026-03-28T03:00:00Z,20995.6
2026-03-28T04:00:00Z,22008.7
2026-03-28T05:00:00Z,24530.8
2026-03-28T06:00:00Z,24805.4
2026-03-28T07:00:00Z,26285.5
2026-03-28T08:00:00Z,27804.3
2026-03-28T09:00:00Z,30059.6
2026-03-28T10:00:00Z,30758.6
2026-03-28T11:00:00Z,31025.3
2026-03-28T12:00:00Z,32087.5
2026-03-28T13:00:00Z,30724.4
2026-03-28T14:00:00Z,30356.5
2026-03-28T15:00:00Z,29194.3
2026-03-28T16:00:00Z,28027.1
2026-03-28T17:00:00Z,26600.8
2026-03-28T18:00:00Z,24982.9
2026-03-28T19:00:00Z,25001.9
2026-03-28T20:00:00Z,21879.9
2026-03-28T21:00:00Z,21049.1
2026-03-28T22:00:00Z,20039.0
2026-03-28T23:00:00Z,19525.6
2026-03-29T00:00:00Z,18550.5
2026-03-29T01:00:00Z,19054.9
2026-03-29T02:00:00Z,19757.1
2026-03-29T03:00:00Z,21224.6
2026-03-29T04:00:00Z,21957.9
2026-03-29T05:00:00Z,23085.7
2026-03-29T06:00:00Z,24962.4
2026-03-29T07:00:00Z,27263.7
2026-03-29T08:00:00Z,28391.4
2026-03-29T09:00:00Z,29979.8
2026-03-29T10:00:00Z,30499.4
2026-03-29T11:00:00Z,30145.7
2026-03-29T12:00:00Z,31685.5
2026-03-29T13:00:00Z,31095.7
2026-03-29T14:00:00Z,29947.5
2026-03-29T15:00:00Z,29027.5
2026-03-29T16:00:00Z,28230.5
2026-03-29T17:00:00Z,26281.1
2026-03-29T18:00:00Z,25481.7
2026-03-29T19:00:00Z,24109.7
2026-03-29T20:00:00Z,21324.6
2026-03-29T21:00:00Z,20931.2
2026-03-29T22:00:00Z,20195.3
2026-03-29T23:00:00Z,19125.1
2026-03-30T00:00:00Z,20907.8
2026-03-30T01:00:00Z,20551.5
2026-03-30T02:00:00Z,21736.2
2026-03-30T03:00:00Z,21728.6
2026-03-30T04:00:00Z,23485.9
2026-03-30T05:00:00Z,25579.2
2026-03-30T06:00:00Z,27937.1
2026-03-30T07:00:00Z,28134.6
2026-03-30T08:00:00Z,29890.5
2026-03-30T09:00:00Z,31602.0
2026-03-30T10:00:00Z,32087.4
2026-03-30T11:00:00Z,33155.3
2026-03-30T12:00:00Z,33272.6
2026-03-30T13:00:00Z,32017.3
2026-03-30T14:00:00Z,32065.5
2026-03-30T15:00:00Z,31741.6
2026-03-30T16:00:00Z,30196.7
2026-03-30T17:00:00Z,29260.1
2026-03-30T18:00:00Z,27058.1
2026-03-30T19:00:00Z,25495.0
2026-03-30T20:00:00Z,23784.6
2026-03-30T21:00:00Z,22360.3
2026-03-30T22:00:00Z,21423.5
2026-03-30T23:00:00Z,20729.0
2026-03-31T00:00:00Z,20579.8
2026-03-31T01:00:00Z,20865.7
2026-03-31T02:00:00Z,21559.5
2026-03-31T03:00:00Z,23138.3
2026-03-31T04:00:00Z,24078.8
2026-03-31T05:00:00Z,25678.1
2026-03-31T06:00:00Z,25522.8
2026-03-31T07:00:00Z,28152.7
2026-03-31T08:00:00Z,29259.8
2026-03-31T09:00:00Z,30241.2
2026-03-31T10:00:00Z,31497.7
2026-03-31T11:00:00Z,32762.2
2026-03-31T12:00:00Z,31947.0
2026-03-31T13:00:00Z,31817.2
2026-03-31T14:00:00Z,32149.7
2026-03-31T15:00:00Z,31404.0
2026-03-31T16:00:00Z,29648.6
2026-03-31T17:00:00Z,28516.8
2026-03-31T18:00:00Z,26929.5
2026-03-31T19:00:00Z,25634.4
2026-03-31T20:00:00Z,23222.2
2026-03-31T21:00:00Z,21755.1
2026-03-31T22:00:00Z,22425.0
2026-03-31T23:00:00Z,20768.6
2026-04-01T00:00:00Z,21091.0
2026-04-01T01:00:00Z,20365.9
2026-04-01T02:00:00Z,21121.6
2026-04-01T03:00:00Z,21871.9
2026-04-01T04:00:00Z,24263.5
2026-04-01T05:00:00Z,24061.4
2026-04-01T06:00:00Z,25952.9
2026-04-01T07:00:00Z,27766.5
2026-04-01T08:00:00Z,30153.3
2026-04-01T09:00:00Z,30293.9
2026-04-01T10:00:00Z,31354.9
2026-04-01T11:00:00Z,32117.5
2026-04-01T12:00:00Z,32813.1
2026-04-01T13:00:00Z,31854.3
2026-04-01T14:00:00Z,31402.3
2026-04-01T15:00:00Z,30275.8
2026-04-01T16:00:00Z,29183.6
2026-04-01T17:00:00Z,28926.7
2026-04-01T18:00:00Z,26670.9
2026-04-01T19:00:00Z,24823.3
2026-04-01T20:00:00Z,23624.3
2026-04-01T21:00:00Z,21494.8
2026-04-01T22:00:00Z,20343.4
2026-04-01T23:00:00Z,20718.7
2026-04-02T00:00:00Z,20284.8
2026-04-02T01:00:00Z,20249.8
2026-04-02T02:00:00Z,20286.8
2026-04-02T03:00:00Z,22062.6
2026-04-02T04:00:00Z,23871.8
2026-04-02T05:00:00Z,24516.4
2026-04-02T06:00:00Z,27158.8
2026-04-02T07:00:00Z,28410.2
2026-04-02T08:00:00Z,29135.9
2026-04-02T09:00:00Z,31256.0
2026-04-02T10:00:00Z,32152.4
2026-04-02T11:00:00Z,32399.6
2026-04-02T12:00:00Z,32786.7
2026-04-02T13:00:00Z,31925.2
2026-04-02T14:00:00Z,32093.5
2026-04-02T15:00:00Z,31950.1
2026-04-02T16:00:00Z,29491.5
2026-04-02T17:00:00Z,27750.3
2026-04-02T18:00:00Z,25957.6
2026-04-02T19:00:00Z,25669.5
2026-04-02T20:00:00Z,23823.3
2026-04-02T21:00:00Z,22236.9
2026-04-02T22:00:00Z,21449.4
2026-04-02T23:00:00Z,20176.2
2026-04-03T00:00:00Z,20152.4
2026-04-03T01:00:00Z,20549.6
2026-04-03T02:00:00Z,21390.3
2026-04-03T03:00:00Z,22655.9
2026-04-03T04:00:00Z,23824.2
2026-04-03T05:00:00Z,24162.1
2026-04-03T06:00:00Z,27039.0
2026-04-03T07:00:00Z,28457.3
2026-04-03T08:00:00Z,29389.0
2026-04-03T09:00:00Z,30876.6
2026-04-03T10:00:00Z,32119.6
2026-04-03T11:00:00Z,33254.9
2026-04-03T12:00:00Z,33014.6
2026-04-03T13:00:00Z,32927.5
2026-04-03T14:00:00Z,32253.5
2026-04-03T15:00:00Z,31148.6
2026-04-03T16:00:00Z,29340.7
2026-04-03T17:00:00Z,28495.2
2026-04-03T18:00:00Z,26252.7
2026-04-03T19:00:00Z,25299.2
2026-04-03T20:00:00Z,24073.8
2026-04-03T21:00:00Z,23191.5
2026-04-03T22:00:00Z,21559.9
2026-04-03T23:00:00Z,20538.7
2026-04-04T00:00:00Z,19013.6
2026-04-04T01:00:00Z,19367.5
2026-04-04T02:00:00Z,20108.3
2026-04-04T03:00:00Z,20695.6
2026-04-04T04:00:00Z,21925.2
2026-04-04T05:00:00Z,23297.2
2026-04-04T06:00:00Z,24791.2
2026-04-04T07:00:00Z,25841.8
2026-04-04T08:00:00Z,28668.4
2026-04-04T09:00:00Z,29711.4
2026-04-04T10:00:00Z,29541.8
2026-04-04T11:00:00Z,30772.8
2026-04-04T12:00:00Z,30551.3
2026-04-04T13:00:00Z,31132.9
2026-04-04T14:00:00Z,29777.1
2026-04-04T15:00:00Z,28930.8
2026-04-04T16:00:00Z,27738.9
2026-04-04T17:00:00Z,26593.4
2026-04-04T18:00:00Z,24438.0
2026-04-04T19:00:00Z,23444.8
2026-04-04T20:00:00Z,22028.2
2026-04-04T21:00:00Z,21627.6
2026-04-04T22:00:00Z,19411.1
2026-04-04T23:00:00Z,19079.6
2026-04-05T00:00:00Z,18724.4
2026-04-05T01:00:00Z,18376.0
2026-04-05T02:00:00Z,19301.8
2026-04-05T03:00:00Z,20942.6
2026-04-05T04:00:00Z,22263.2
2026-04-05T05:00:00Z,22369.5
2026-04-05T06:00:00Z,25115.0
2026-04-05T07:00:00Z,26919.7
2026-04-05T08:00:00Z,28603.8
2026-04-05T09:00:00Z,30290.8
2026-04-05T10:00:00Z,30988.9
2026-04-05T11:00:00Z,31591.4
2026-04-05T12:00:00Z,30123.7
2026-04-05T13:00:00Z,30412.3
2026-04-05T14:00:00Z,30226.1
2026-04-05T15:00:00Z,28899.5
2026-04-05T16:00:00Z,28240.2
2026-04-05T17:00:00Z,26039.3
2026-04-05T18:00:00Z,24127.8
2026-04-05T19:00:00Z,22986.1
2026-04-05T20:00:00Z,21132.8
2026-04-05T21:00:00Z,19509.1
2026-04-05T22:00:00Z,19724.0
2026-04-05T23:00:00Z,18727.9
2026-04-06T00:00:00Z,20130.6
2026-04-06T01:00:00Z,20120.0
2026-04-06T02:00:00Z,21606.6
2026-04-06T03:00:00Z,22210.9
2026-04-06T04:00:00Z,23301.9
2026-04-06T05:00:00Z,24527.0
2026-04-06T06:00:00Z,26682.8
2026-04-06T07:00:00Z,28196.0
2026-04-06T08:00:00Z,30117.2
2026-04-06T09:00:00Z,30366.3
2026-04-06T10:00:00Z,32221.9
2026-04-06T11:00:00Z,32314.4
2026-04-06T12:00:00Z,32680.1
2026-04-06T13:00:00Z,32179.6
2026-04-06T14:00:00Z,32483.2
2026-04-06T15:00:00Z,31090.5
2026-04-06T16:00:00Z,29108.8
2026-04-06T17:00:00Z,28014.8
2026-04-06T18:00:00Z,26370.6
2026-04-06T19:00:00Z,23710.2
2026-04-06T20:00:00Z,23651.5
2026-04-06T21:00:00Z,22378.9
2026-04-06T22:00:00Z,21033.8
2026-04-06T23:00:00Z,21200.1
2026-04-07T00:00:00Z,20725.8
2026-04-07T01:00:00Z,20462.0
2026-04-07T02:00:00Z,21153.7
2026-04-07T03:00:00Z,22951.4
2026-04-07T04:00:00Z,22874.9
2026-04-07T05:00:00Z,25972.6
2026-04-07T06:00:00Z,26619.2
2026-04-07T07:00:00Z,28796.7
2026-04-07T08:00:00Z,28967.9
2026-04-07T09:00:00Z,30646.0
2026-04-07T10:00:00Z,31513.8
2026-04-07T11:00:00Z,31872.9
2026-04-07T12:00:00Z,33742.0
2026-04-07T13:00:00Z,32709.2
2026-04-07T14:00:00Z,31849.9
2026-04-07T15:00:00Z,30910.9
2026-04-07T16:00:00Z,30481.6
2026-04-07T17:00:00Z,28995.7
2026-04-07T18:00:00Z,26870.7
2026-04-07T19:00:00Z,25324.0
2026-04-07T20:00:00Z,23003.1
2026-04-07T21:00:00Z,22513.5
2026-04-07T22:00:00Z,21718.1
2026-04-07T23:00:00Z,20591.7
2026-04-08T00:00:00Z,19338.4
2026-04-08T01:00:00Z,20081.7
2026-04-08T02:00:00Z,21055.8
2026-04-08T03:00:00Z,22284.2
2026-04-08T04:00:00Z,22923.9
2026-04-08T05:00:00Z,25282.7
2026-04-08T06:00:00Z,25850.2
2026-04-08T07:00:00Z,29177.7
2026-04-08T08:00:00Z,29817.9
2026-04-08T09:00:00Z,31348.5
2026-04-08T10:00:00Z,31622.9
2026-04-08T11:00:00Z,32444.3
2026-04-08T12:00:00Z,31761.9
2026-04-08T13:00:00Z,31878.4
2026-04-08T14:00:00Z,31770.9
2026-04-08T15:00:00Z,30639.5
2026-04-08T16:00:00Z,29388.0
2026-04-08T17:00:00Z,28189.8
2026-04-08T18:00:00Z,26800.9
2026-04-08T19:00:00Z,24299.2
2026-04-08T20:00:00Z,23865.8
2026-04-08T21:00:00Z,22931.4
2026-04-08T22:00:00Z,20555.2
2026-04-08T23:00:00Z,19651.4
2026-04-09T00:00:00Z,20651.2
2026-04-09T01:00:00Z,20115.2
2026-04-09T02:00:00Z,21308.4
2026-04-09T03:00:00Z,22166.8
2026-04-09T04:00:00Z,23334.7
2026-04-09T05:00:00Z,24874.8
2026-04-09T06:00:00Z,26969.3
2026-04-09T07:00:00Z,27877.7
2026-04-09T08:00:00Z,30030.8
2026-04-09T09:00:00Z,30628.9
2026-04-09T10:00:00Z,31422.7
2026-04-09T11:00:00Z,33286.4
2026-04-09T12:00:00Z,32387.7
2026-04-09T13:00:00Z,32360.9
2026-04-09T14:00:00Z,31602.6
2026-04-09T15:00:00Z,30458.6
2026-04-09T16:00:00Z,29197.3
2026-04-09T17:00:00Z,28413.6
2026-04-09T18:00:00Z,26444.9
2026-04-09T19:00:00Z,25752.2
2026-04-09T20:00:00Z,23885.6
2026-04-09T21:00:00Z,22158.8
2026-04-09T22:00:00Z,20669.2
2026-04-09T23:00:00Z,20209.5
2026-04-10T00:00:00Z,20340.2
2026-04-10T01:00:00Z,20565.4
2026-04-10T02:00:00Z,21043.0
2026-04-10T03:00:00Z,21875.1
2026-04-10T04:00:00Z,24065.2
2026-04-10T05:00:00Z,24574.9
2026-04-10T06:00:00Z,25895.4
2026-04-10T07:00:00Z,28393.1
2026-04-10T08:00:00Z,29832.3
2026-04-10T09:00:00Z,30270.9
2026-04-10T10:00:00Z,31855.3
2026-04-10T11:00:00Z,32738.2
2026-04-10T12:00:00Z,31827.6
2026-04-10T13:00:00Z,32000.4
2026-04-10T14:00:00Z,31420.6
2026-04-10T15:00:00Z,30826.2
2026-04-10T16:00:00Z,29329.3
2026-04-10T17:00:00Z,28251.5
2026-04-10T18:00:00Z,26236.9
2026-04-10T19:00:00Z,24019.6
2026-04-10T20:00:00Z,23246.5
2026-04-10T21:00:00Z,21850.1
2026-04-10T22:00:00Z,21969.8
2026-04-10T23:00:00Z,21290.2
2026-04-11T00:00:00Z,19176.7
2026-04-11T01:00:00Z,18204.6
2026-04-11T02:00:00Z,19467.3
2026-04-11T03:00:00Z,20366.1
2026-04-11T04:00:00Z,21913.4
2026-04-11T05:00:00Z,23320.2
2026-04-11T06:00:00Z,24436.5
2026-04-11T07:00:00Z,26605.6
2026-04-11T08:00:00Z,27647.0
2026-04-11T09:00:00Z,29453.6
2026-04-11T10:00:00Z,30141.8
2026-04-11T11:00:00Z,30896.9
2026-04-11T12:00:00Z,32305.9
2026-04-11T13:00:00Z,30652.7
2026-04-11T14:00:00Z,30579.3
2026-04-11T15:00:00Z,28555.6
2026-04-11T16:00:00Z,28545.6
2026-04-11T17:00:00Z,26277.7
2026-04-11T18:00:00Z,24045.3
2026-04-11T19:00:00Z,23996.9
2026-04-11T20:00:00Z,21287.6
2026-04-11T21:00:00Z,21210.5
2026-04-11T22:00:00Z,19373.0
2026-04-11T23:00:00Z,18217.6
2026-04-12T00:00:00Z,18513.4
2026-04-12T01:00:00Z,19811.8
2026-04-12T02:00:00Z,19774.7
2026-04-12T03:00:00Z,20499.5
2026-04-12T04:00:00Z,21901.3
2026-04-12T05:00:00Z,23480.8
2026-04-12T06:00:00Z,25112.1
2026-04-12T07:00:00Z,26901.3
2026-04-12T08:00:00Z,28071.8
2026-04-12T09:00:00Z,29602.2
2026-04-12T10:00:00Z,29442.1
2026-04-12T11:00:00Z,30072.2
2026-04-12T12:00:00Z,30762.7
2026-04-12T13:00:00Z,30247.7
2026-04-12T14:00:00Z,30045.9
2026-04-12T15:00:00Z,29348.2
2026-04-12T16:00:00Z,27720.7
2026-04-12T17:00:00Z,26382.0
2026-04-12T18:00:00Z,25108.7
2026-04-12T19:00:00Z,23210.2
2026-04-12T20:00:00Z,21649.1
2026-04-12T21:00:00Z,20687.2
2026-04-12T22:00:00Z,18861.1
2026-04-12T23:00:00Z,19381.4
2026-04-13T00:00:00Z,19633.1
2026-04-13T01:00:00Z,20533.0
2026-04-13T02:00:00Z,20974.3
2026-04-13T03:00:00Z,21663.6
2026-04-13T04:00:00Z,23336.2
2026-04-13T05:00:00Z,25283.4
2026-04-13T06:00:00Z,26591.7
2026-04-13T07:00:00Z,28147.8
2026-04-13T08:00:00Z,29363.5
2026-04-13T09:00:00Z,31615.3
2026-04-13T10:00:00Z,31660.1
2026-04-13T11:00:00Z,32422.4
2026-04-13T12:00:00Z,32587.2
2026-04-13T13:00:00Z,33085.9
2026-04-13T14:00:00Z,32344.5
2026-04-13T15:00:00Z,30720.4
2026-04-13T16:00:00Z,30121.7
2026-04-13T17:00:00Z,28601.3
2026-04-13T18:00:00Z,26228.8
2026-04-13T19:00:00Z,25156.0
2026-04-13T20:00:00Z,22989.6
2026-04-13T21:00:00Z,21945.1
2026-04-13T22:00:00Z,20124.1
2026-04-13T23:00:00Z,19968.3
2026-04-14T00:00:00Z,20259.4
2026-04-14T01:00:00Z,21061.8
2026-04-14T02:00:00Z,21963.3
2026-04-14T03:00:00Z,21827.9
2026-04-14T04:00:00Z,24043.8
2026-04-14T05:00:00Z,25217.9
2026-04-14T06:00:00Z,25287.5
2026-04-14T07:00:00Z,28382.9
2026-04-14T08:00:00Z,28833.9
2026-04-14T09:00:00Z,30108.9
2026-04-14T10:00:00Z,31962.8
2026-04-14T11:00:00Z,31914.6
2026-04-14T12:00:00Z,32012.9
2026-04-14T13:00:00Z,33917.0
2026-04-14T14:00:00Z,31419.8
2026-04-14T15:00:00Z,29967.7
2026-04-14T16:00:00Z,29575.7
2026-04-14T17:00:00Z,27968.3
2026-04-14T18:00:00Z,26733.6
2026-04-14T19:00:00Z,25829.3
2026-04-14T20:00:00Z,22169.5
2026-04-14T21:00:00Z,21273.2
2026-04-14T22:00:00Z,21897.2
2026-04-14T23:00:00Z,21077.8
2026-04-15T00:00:00Z,20287.4
2026-04-15T01:00:00Z,20342.9
2026-04-15T02:00:00Z,21643.8
2026-04-15T03:00:00Z,23298.5
2026-04-15T04:00:00Z,24101.4
2026-04-15T05:00:00Z,24591.8
2026-04-15T06:00:00Z,25889.6
2026-04-15T07:00:00Z,28344.7
2026-04-15T08:00:00Z,28809.3
2026-04-15T09:00:00Z,30436.3
2026-04-15T10:00:00Z,30940.3
2026-04-15T11:00:00Z,32533.5
2026-04-15T12:00:00Z,32888.3
2026-04-15T13:00:00Z,32872.1
2026-04-15T14:00:00Z,31346.4
2026-04-15T15:00:00Z,30927.4
2026-04-15T16:00:00Z,30233.3
2026-04-15T17:00:00Z,28144.1
2026-04-15T18:00:00Z,27272.0
2026-04-15T19:00:00Z,24901.9
2026-04-15T20:00:00Z,23043.4
2026-04-15T21:00:00Z,22973.3
2026-04-15T22:00:00Z,20733.8
2026-04-15T23:00:00Z,20940.5
2026-04-16T00:00:00Z,20408.2
2026-04-16T01:00:00Z,20343.9
2026-04-16T02:00:00Z,21045.6
2026-04-16T03:00:00Z,22682.1
2026-04-16T04:00:00Z,23400.2
2026-04-16T05:00:00Z,24757.1
2026-04-16T06:00:00Z,25438.3
2026-04-16T07:00:00Z,27520.7
2026-04-16T08:00:00Z,28730.7
2026-04-16T09:00:00Z,30538.1
2026-04-16T10:00:00Z,32108.5
2026-04-16T11:00:00Z,32832.5
2026-04-16T12:00:00Z,32722.9
2026-04-16T13:00:00Z,31655.6
2026-04-16T14:00:00Z,31869.3
2026-04-16T15:00:00Z,31412.9
2026-04-16T16:00:00Z,28773.5
2026-04-16T17:00:00Z,27872.2
2026-04-16T18:00:00Z,26816.3
2026-04-16T19:00:00Z,24231.4
2026-04-16T20:00:00Z,24404.1
2026-04-16T21:00:00Z,21841.7
2026-04-16T22:00:00Z,21316.8
2026-04-16T23:00:00Z,20459.4
2026-04-17T00:00:00Z,19995.3
2026-04-17T01:00:00Z,20948.7
2026-04-17T02:00:00Z,20807.7
2026-04-17T03:00:00Z,21699.7
2026-04-17T04:00:00Z,23557.1
2026-04-17T05:00:00Z,24501.5
2026-04-17T06:00:00Z,26617.0
2026-04-17T07:00:00Z,28612.7
2026-04-17T08:00:00Z,28538.8
2026-04-17T09:00:00Z,30074.7
2026-04-17T10:00:00Z,32431.8
2026-04-17T11:00:00Z,30871.4
2026-04-17T12:00:00Z,32602.4
2026-04-17T13:00:00Z,31627.9
2026-04-17T14:00:00Z,31612.5
2026-04-17T15:00:00Z,30616.1
2026-04-17T16:00:00Z,29230.8
2026-04-17T17:00:00Z,28110.8
2026-04-17T18:00:00Z,26130.6
2026-04-17T19:00:00Z,24778.2
2026-04-17T20:00:00Z,23841.2
2026-04-17T21:00:00Z,23310.7
2026-04-17T22:00:00Z,21954.7
2026-04-17T23:00:00Z,21309.1
2026-04-18T00:00:00Z,18434.1
2026-04-18T01:00:00Z,18049.1
2026-04-18T02:00:00Z,19665.6
2026-04-18T03:00:00Z,21391.0
2026-04-18T04:00:00Z,21653.7
2026-04-18T05:00:00Z,22874.9
2026-04-18T06:00:00Z,24823.2
2026-04-18T07:00:00Z,26486.4
2026-04-18T08:00:00Z,27188.2
2026-04-18T09:00:00Z,28851.2
2026-04-18T10:00:00Z,30319.8
2026-04-18T11:00:00Z,30148.5
2026-04-18T12:00:00Z,30374.0
2026-04-18T13:00:00Z,29354.1
2026-04-18T14:00:00Z,29955.2
2026-04-18T15:00:00Z,29097.3
2026-04-18T16:00:00Z,27834.9
2026-04-18T17:00:00Z,26613.9
2026-04-18T18:00:00Z,24418.3
2026-04-18T19:00:00Z,22737.7
2026-04-18T20:00:00Z,20906.5
2026-04-18T21:00:00Z,20403.1
2026-04-18T22:00:00Z,20099.0
2026-04-18T23:00:00Z,19355.3
2026-04-19T00:00:00Z,18226.4
2026-04-19T01:00:00Z,19512.9
2026-04-19T02:00:00Z,19186.6
2026-04-19T03:00:00Z,19970.6
2026-04-19T04:00:00Z,21878.3
2026-04-19T05:00:00Z,22634.7
2026-04-19T06:00:00Z,24061.2
2026-04-19T07:00:00Z,26012.0
2026-04-19T08:00:00Z,27226.7
2026-04-19T09:00:00Z,28312.8
2026-04-19T10:00:00Z,30695.3
2026-04-19T11:00:00Z,31804.3
2026-04-19T12:00:00Z,31535.4
2026-04-19T13:00:00Z,30465.8
2026-04-19T14:00:00Z,29285.4
2026-04-19T15:00:00Z,28702.0
2026-04-19T16:00:00Z,27816.2
2026-04-19T17:00:00Z,26314.0
2026-04-19T18:00:00Z,25324.9
2026-04-19T19:00:00Z,23620.0
2026-04-19T20:00:00Z,21828.5
2026-04-19T21:00:00Z,20508.3
2026-04-19T22:00:00Z,19122.3
2026-04-19T23:00:00Z,19154.4
2026-04-20T00:00:00Z,20717.1
2026-04-20T01:00:00Z,20548.6
2026-04-20T02:00:00Z,21643.6
2026-04-20T03:00:00Z,22084.9
2026-04-20T04:00:00Z,23023.4
2026-04-20T05:00:00Z,25428.4
2026-04-20T06:00:00Z,25975.1
2026-04-20T07:00:00Z,29330.1
2026-04-20T08:00:00Z,29524.9
2026-04-20T09:00:00Z,31540.8
2026-04-20T10:00:00Z,31473.3
2026-04-20T11:00:00Z,31507.5
2026-04-20T12:00:00Z,32851.1
2026-04-20T13:00:00Z,32385.3
2026-04-20T14:00:00Z,31236.1
2026-04-20T15:00:00Z,30912.4
2026-04-20T16:00:00Z,29731.4
2026-04-20T17:00:00Z,28317.8
2026-04-20T18:00:00Z,26813.7
2026-04-20T19:00:00Z,24260.6
2026-04-20T20:00:00Z,22880.5
2026-04-20T21:00:00Z,21780.2
2026-04-20T22:00:00Z,21884.2
2026-04-20T23:00:00Z,19656.5
2026-04-21T00:00:00Z,20679.3
2026-04-21T01:00:00Z,20604.0
2026-04-21T02:00:00Z,21367.6
2026-04-21T03:00:00Z,21433.0
2026-04-21T04:00:00Z,23799.1
2026-04-21T05:00:00Z,24124.3
2026-04-21T06:00:00Z,25717.1
2026-04-21T07:00:00Z,28789.9
2026-04-21T08:00:00Z,29615.8
2026-04-21T09:00:00Z,30254.7
2026-04-21T10:00:00Z,32029.1
2026-04-21T11:00:00Z,31662.6
2026-04-21T12:00:00Z,33311.0
2026-04-21T13:00:00Z,32173.8
2026-04-21T14:00:00Z,30975.0
2026-04-21T15:00:00Z,30667.3
2026-04-21T16:00:00Z,28755.0
2026-04-21T17:00:00Z,28518.2
2026-04-21T18:00:00Z,26167.3
2026-04-21T19:00:00Z,25452.2
2026-04-21T20:00:00Z,23801.0
2026-04-21T21:00:00Z,23011.7
2026-04-21T22:00:00Z,21744.0
2026-04-21T23:00:00Z,21247.4
2026-04-22T00:00:00Z,20415.9
2026-04-22T01:00:00Z,20246.5
2026-04-22T02:00:00Z,21859.5
2026-04-22T03:00:00Z,21560.0
2026-04-22T04:00:00Z,23551.1
2026-04-22T05:00:00Z,25041.0
2026-04-22T06:00:00Z,26491.6
2026-04-22T07:00:00Z,28684.9
2026-04-22T08:00:00Z,29950.8
2026-04-22T09:00:00Z,30433.0
2026-04-22T10:00:00Z,32185.4
2026-04-22T11:00:00Z,32164.4
2026-04-22T12:00:00Z,31512.7
2026-04-22T13:00:00Z,31927.5
2026-04-22T14:00:00Z,31809.2
2026-04-22T15:00:00Z,30619.4
2026-04-22T16:00:00Z,29724.1
2026-04-22T17:00:00Z,27919.8
2026-04-22T18:00:00Z,26457.1
2026-04-22T19:00:00Z,25002.0
2026-04-22T20:00:00Z,23698.3
2026-04-22T21:00:00Z,22161.3
2026-04-22T22:00:00Z,20159.6
2026-04-22T23:00:00Z,20962.8
2026-04-23T00:00:00Z,20065.0
2026-04-23T01:00:00Z,19621.0
2026-04-23T02:00:00Z,21483.2
2026-04-23T03:00:00Z,21678.7
2026-04-23T04:00:00Z,22983.2
2026-04-23T05:00:00Z,25217.5
2026-04-23T06:00:00Z,25958.3
2026-04-23T07:00:00Z,27853.4
2026-04-23T08:00:00Z,29225.5
2026-04-23T09:00:00Z,30944.1
2026-04-23T10:00:00Z,32905.6
2026-04-23T11:00:00Z,31631.5
2026-04-23T12:00:00Z,32029.4
2026-04-23T13:00:00Z,32120.8
2026-04-23T14:00:00Z,30455.3
2026-04-23T15:00:00Z,30372.3
2026-04-23T16:00:00Z,28778.0
2026-04-23T17:00:00Z,27864.0
2026-04-23T18:00:00Z,26907.6
2026-04-23T19:00:00Z,25158.5
2026-04-23T20:00:00Z,23020.7
2026-04-23T21:00:00Z,21814.0
2026-04-23T22:00:00Z,20665.6
2026-04-23T23:00:00Z,21021.7
2026-04-24T00:00:00Z,20308.4
2026-04-24T01:00:00Z,20860.3
2026-04-24T02:00:00Z,21757.2
2026-04-24T03:00:00Z,21544.1
2026-04-24T04:00:00Z,22927.6
2026-04-24T05:00:00Z,24099.1
2026-04-24T06:00:00Z,27389.9
2026-04-24T07:00:00Z,28044.0
2026-04-24T08:00:00Z,30440.3
2026-04-24T09:00:00Z,30753.7
2026-04-24T10:00:00Z,32029.6
2026-04-24T11:00:00Z,33200.2
2026-04-24T12:00:00Z,33298.7
2026-04-24T13:00:00Z,32104.3
2026-04-24T14:00:00Z,31279.9
2026-04-24T15:00:00Z,31352.1
2026-04-24T16:00:00Z,30367.7
2026-04-24T17:00:00Z,27891.6
2026-04-24T18:00:00Z,27272.9
2026-04-24T19:00:00Z,23992.5
2026-04-24T20:00:00Z,22692.7
2026-04-24T21:00:00Z,21292.1
2026-04-24T22:00:00Z,20489.6
2026-04-24T23:00:00Z,20913.6
2026-04-25T00:00:00Z,18625.6
2026-04-25T01:00:00Z,19141.2
2026-04-25T02:00:00Z,19614.8
2026-04-25T03:00:00Z,19709.7
2026-04-25T04:00:00Z,22121.9
2026-04-25T05:00:00Z,22639.2
2026-04-25T06:00:00Z,25104.5
2026-04-25T07:00:00Z,26212.7
2026-04-25T08:00:00Z,27625.3
2026-04-25T09:00:00Z,28976.9
2026-04-25T10:00:00Z,30319.2
2026-04-25T11:00:00Z,30840.8
2026-04-25T12:00:00Z,30315.1
2026-04-25T13:00:00Z,31526.9
2026-04-25T14:00:00Z,29393.0
2026-04-25T15:00:00Z,27874.3
2026-04-25T16:00:00Z,27929.4
2026-04-25T17:00:00Z,25229.5
2026-04-25T18:00:00Z,24714.4
2026-04-25T19:00:00Z,24415.9
2026-04-25T20:00:00Z,21974.3
2026-04-25T21:00:00Z,21485.6
2026-04-25T22:00:00Z,18895.0
2026-04-25T23:00:00Z,18583.2
2026-04-26T00:00:00Z,18460.3
2026-04-26T01:00:00Z,18454.4
2026-04-26T02:00:00Z,19192.7
2026-04-26T03:00:00Z,19792.4
2026-04-26T04:00:00Z,21988.1
2026-04-26T05:00:00Z,24009.7
2026-04-26T06:00:00Z,24719.9
2026-04-26T07:00:00Z,27137.0
2026-04-26T08:00:00Z,27820.7
2026-04-26T09:00:00Z,28181.7
2026-04-26T10:00:00Z,29414.9
2026-04-26T11:00:00Z,30899.5
2026-04-26T12:00:00Z,30882.0
2026-04-26T13:00:00Z,30892.7
2026-04-26T14:00:00Z,30468.0
2026-04-26T15:00:00Z,28542.9
2026-04-26T16:00:00Z,27669.5
2026-04-26T17:00:00Z,26247.7
2026-04-26T18:00:00Z,24523.6
2026-04-26T19:00:00Z,23152.5
2026-04-26T20:00:00Z,20949.9
2026-04-26T21:00:00Z,20947.2
2026-04-26T22:00:00Z,19829.3
2026-04-26T23:00:00Z,19242.7
2026-04-27T00:00:00Z,21170.6
2026-04-27T01:00:00Z,21353.4
2026-04-27T02:00:00Z,22662.0
2026-04-27T03:00:00Z,21637.4
2026-04-27T04:00:00Z,24603.0
2026-04-27T05:00:00Z,24612.4
2026-04-27T06:00:00Z,26711.3
2026-04-27T07:00:00Z,27502.7
2026-04-27T08:00:00Z,31022.7
2026-04-27T09:00:00Z,31024.4
2026-04-27T10:00:00Z,31465.5
2026-04-27T11:00:00Z,31621.4
2026-04-27T12:00:00Z,32794.9
2026-04-27T13:00:00Z,32527.6
2026-04-27T14:00:00Z,31727.8
2026-04-27T15:00:00Z,30641.4
2026-04-27T16:00:00Z,29806.2
2026-04-27T17:00:00Z,28009.5
2026-04-27T18:00:00Z,27417.8
2026-04-27T19:00:00Z,23767.7
2026-04-27T20:00:00Z,23266.8
2026-04-27T21:00:00Z,22481.2
2026-04-27T22:00:00Z,20469.7
2026-04-27T23:00:00Z,20195.9
2026-04-28T00:00:00Z,21881.6
2026-04-28T01:00:00Z,20662.4
2026-04-28T02:00:00Z,20794.4
2026-04-28T03:00:00Z,21834.4
2026-04-28T04:00:00Z,23495.6
2026-04-28T05:00:00Z,23598.1
2026-04-28T06:00:00Z,27142.5
2026-04-28T07:00:00Z,27158.8
2026-04-28T08:00:00Z,29875.7
2026-04-28T09:00:00Z,30782.7
2026-04-28T10:00:00Z,32668.1
2026-04-28T11:00:00Z,32375.7
2026-04-28T12:00:00Z,31515.1
2026-04-28T13:00:00Z,32219.3
2026-04-28T14:00:00Z,32715.3
2026-04-28T15:00:00Z,30846.3
2026-04-28T16:00:00Z,29500.7
2026-04-28T17:00:00Z,28097.1
2026-04-28T18:00:00Z,27942.5
2026-04-28T19:00:00Z,24697.4
2026-04-28T20:00:00Z,24428.3
2026-04-28T21:00:00Z,21627.5
2026-04-28T22:00:00Z,20655.3
2026-04-28T23:00:00Z,21093.1
2026-04-29T00:00:00Z,21059.1
2026-04-29T01:00:00Z,20968.1
2026-04-29T02:00:00Z,20956.3
2026-04-29T03:00:00Z,21950.1
2026-04-29T04:00:00Z,23291.7
2026-04-29T05:00:00Z,24107.3
2026-04-29T06:00:00Z,26122.6
2026-04-29T07:00:00Z,27907.5
2026-04-29T08:00:00Z,28834.2
2026-04-29T09:00:00Z,30400.0
2026-04-29T10:00:00Z,30898.1
2026-04-29T11:00:00Z,32981.8
2026-04-29T12:00:00Z,32534.6
2026-04-29T13:00:00Z,32455.4
2026-04-29T14:00:00Z,31354.2
2026-04-29T15:00:00Z,31020.4
2026-04-29T16:00:00Z,29597.9
2026-04-29T17:00:00Z,28667.9
2026-04-29T18:00:00Z,27062.3
2026-04-29T19:00:00Z,24205.9
2026-04-29T20:00:00Z,24413.8
2026-04-29T21:00:00Z,22861.7
2026-04-29T22:00:00Z,20469.4
2026-04-29T23:00:00Z,20514.1
2026-04-30T00:00:00Z,21447.0
2026-04-30T01:00:00Z,20396.7
2026-04-30T02:00:00Z,22292.2
2026-04-30T03:00:00Z,21275.6
2026-04-30T04:00:00Z,23191.0
2026-04-30T05:00:00Z,24994.3
2026-04-30T06:00:00Z,26453.6
2026-04-30T07:00:00Z,28363.9
2026-04-30T08:00:00Z,29787.6
2026-04-30T09:00:00Z,29809.4
2026-04-30T10:00:00Z,31663.3
2026-04-30T11:00:00Z,32422.9
2026-04-30T12:00:00Z,33000.7
2026-04-30T13:00:00Z,33000.6
2026-04-30T14:00:00Z,32208.8
2026-04-30T15:00:00Z,30298.9
2026-04-30T16:00:00Z,29261.4
2026-04-30T17:00:00Z,27494.4
2026-04-30T18:00:00Z,27640.2
2026-04-30T19:00:00Z,25855.0
2026-04-30T20:00:00Z,23930.1
2026-04-30T21:00:00Z,21828.7
2026-04-30T22:00:00Z,21911.9
2026-04-30T23:00:00Z,20998.2
2026-05-01T00:00:00Z,20766.3
2026-05-01T01:00:00Z,20234.8
2026-05-01T02:00:00Z,21658.1
2026-05-01T03:00:00Z,22701.0
2026-05-01T04:00:00Z,23544.5
2026-05-01T05:00:00Z,24971.5
2026-05-01T06:00:00Z,26766.2
2026-05-01T07:00:00Z,28654.9
2026-05-01T08:00:00Z,29276.7
2026-05-01T09:00:00Z,31185.0
2026-05-01T10:00:00Z,32074.4
2026-05-01T11:00:00Z,32730.9
2026-05-01T12:00:00Z,32253.8
2026-05-01T13:00:00Z,32073.4
2026-05-01T14:00:00Z,31758.6
2026-05-01T15:00:00Z,31147.6
2026-05-01T16:00:00Z,29716.5
2026-05-01T17:00:00Z,28355.8
2026-05-01T18:00:00Z,26662.8
2026-05-01T19:00:00Z,24401.6
2026-05-01T20:00:00Z,23468.3
2026-05-01T21:00:00Z,22187.9
2026-05-01T22:00:00Z,20977.5
2026-05-01T23:00:00Z,20441.3
2026-05-02T00:00:00Z,18858.9
2026-05-02T01:00:00Z,18475.3
2026-05-02T02:00:00Z,19952.1
2026-05-02T03:00:00Z,21746.1
2026-05-02T04:00:00Z,21732.1
2026-05-02T05:00:00Z,23073.0
2026-05-02T06:00:00Z,25318.0
2026-05-02T07:00:00Z,26288.9
2026-05-02T08:00:00Z,27882.4
2026-05-02T09:00:00Z,28518.1
2026-05-02T10:00:00Z,30336.7
2026-05-02T11:00:00Z,29940.9
2026-05-02T12:00:00Z,31736.2
2026-05-02T13:00:00Z,31427.7
2026-05-02T14:00:00Z,30514.4
2026-05-02T15:00:00Z,29932.3
2026-05-02T16:00:00Z,27692.9
2026-05-02T17:00:00Z,26940.1
2026-05-02T18:00:00Z,24811.9
2026-05-02T19:00:00Z,22516.7
2026-05-02T20:00:00Z,21265.4
2026-05-02T21:00:00Z,20200.6
2026-05-02T22:00:00Z,18658.0
2026-05-02T23:00:00Z,19641.1
2026-05-03T00:00:00Z,18825.0
2026-05-03T01:00:00Z,18102.5
2026-05-03T02:00:00Z,19980.6
2026-05-03T03:00:00Z,21054.9
2026-05-03T04:00:00Z,22487.8
2026-05-03T05:00:00Z,22337.0
2026-05-03T06:00:00Z,25105.1
2026-05-03T07:00:00Z,26472.9
2026-05-03T08:00:00Z,27780.4
2026-05-03T09:00:00Z,29097.4
2026-05-03T10:00:00Z,30301.6
2026-05-03T11:00:00Z,30698.4
2026-05-03T12:00:00Z,30354.6
2026-05-03T13:00:00Z,30812.2
2026-05-03T14:00:00Z,30271.1
2026-05-03T15:00:00Z,28990.3
2026-05-03T16:00:00Z,27473.2
2026-05-03T17:00:00Z,26230.4
2026-05-03T18:00:00Z,24871.0
2026-05-03T19:00:00Z,23186.1
2026-05-03T20:00:00Z,21551.1
2026-05-03T21:00:00Z,19997.8
2026-05-03T22:00:00Z,19200.3
2026-05-03T23:00:00Z,18810.8
2026-05-04T00:00:00Z,20411.3
2026-05-04T01:00:00Z,20219.2
2026-05-04T02:00:00Z,21312.2
2026-05-04T03:00:00Z,22129.7
2026-05-04T04:00:00Z,22958.8
2026-05-04T05:00:00Z,24982.1
2026-05-04T06:00:00Z,27569.9
2026-05-04T07:00:00Z,28595.0
2026-05-04T08:00:00Z,29753.1
2026-05-04T09:00:00Z,31440.8
2026-05-04T10:00:00Z,32305.8
2026-05-04T11:00:00Z,32912.5
2026-05-04T12:00:00Z,33455.2
2026-05-04T13:00:00Z,32508.0
2026-05-04T14:00:00Z,31401.4
2026-05-04T15:00:00Z,31753.1
2026-05-04T16:00:00Z,29615.4
2026-05-04T17:00:00Z,28620.5
2026-05-04T18:00:00Z,25923.8
2026-05-04T19:00:00Z,25009.6
2026-05-04T20:00:00Z,23036.1
2026-05-04T21:00:00Z,22019.6
2026-05-04T22:00:00Z,20644.4
2026-05-04T23:00:00Z,20518.3
2026-05-05T00:00:00Z,20769.0
2026-05-05T01:00:00Z,21561.2
2026-05-05T02:00:00Z,21068.7
2026-05-05T03:00:00Z,22698.5
2026-05-05T04:00:00Z,23806.3
2026-05-05T05:00:00Z,25223.7
2026-05-05T06:00:00Z,26086.3
2026-05-05T07:00:00Z,28540.9
2026-05-05T08:00:00Z,29824.2
2026-05-05T09:00:00Z,30741.9
2026-05-05T10:00:00Z,31186.4
2026-05-05T11:00:00Z,32999.6
2026-05-05T12:00:00Z,33193.3
2026-05-05T13:00:00Z,32227.7
2026-05-05T14:00:00Z,31594.1
2026-05-05T15:00:00Z,29866.2
2026-05-05T16:00:00Z,29781.6
2026-05-05T17:00:00Z,28717.1
2026-05-05T18:00:00Z,27196.9
2026-05-05T19:00:00Z,25022.2
2026-05-05T20:00:00Z,23525.7
2026-05-05T21:00:00Z,21805.9
2026-05-05T22:00:00Z,20824.0
2026-05-05T23:00:00Z,19952.3
2026-05-06T00:00:00Z,20933.6
2026-05-06T01:00:00Z,20245.4
2026-05-06T02:00:00Z,21394.2
2026-05-06T03:00:00Z,23132.0
2026-05-06T04:00:00Z,23305.7
2026-05-06T05:00:00Z,24796.0
2026-05-06T06:00:00Z,26605.3
2026-05-06T07:00:00Z,28079.9
2026-05-06T08:00:00Z,28923.3
2026-05-06T09:00:00Z,31736.1
2026-05-06T10:00:00Z,32362.1
2026-05-06T11:00:00Z,32543.3
2026-05-06T12:00:00Z,32243.9
2026-05-06T13:00:00Z,32411.7
2026-05-06T14:00:00Z,31901.4
2026-05-06T15:00:00Z,31058.7
2026-05-06T16:00:00Z,30763.5
2026-05-06T17:00:00Z,28415.6
2026-05-06T18:00:00Z,26645.3
2026-05-06T19:00:00Z,25266.0
2026-05-06T20:00:00Z,23876.6
2026-05-06T21:00:00Z,22109.5
2026-05-06T22:00:00Z,21158.7
2026-05-06T23:00:00Z,20381.6
2026-05-07T00:00:00Z,21105.2
2026-05-07T01:00:00Z,19725.2
2026-05-07T02:00:00Z,21317.8
2026-05-07T03:00:00Z,22435.8
2026-05-07T04:00:00Z,24108.9
2026-05-07T05:00:00Z,24489.8
2026-05-07T06:00:00Z,26031.1
2026-05-07T07:00:00Z,28097.6
2026-05-07T08:00:00Z,29646.4
2026-05-07T09:00:00Z,31727.2
2026-05-07T10:00:00Z,31873.5
2026-05-07T11:00:00Z,33152.4
2026-05-07T12:00:00Z,32769.0
2026-05-07T13:00:00Z,32811.9
2026-05-07T14:00:00Z,32672.6
2026-05-07T15:00:00Z,31095.2
2026-05-07T16:00:00Z,29102.9
2026-05-07T17:00:00Z,28497.8
2026-05-07T18:00:00Z,26128.6
2026-05-07T19:00:00Z,24887.1
2026-05-07T20:00:00Z,24028.3
2026-05-07T21:00:00Z,21644.0
2026-05-07T22:00:00Z,21250.1
2026-05-07T23:00:00Z,20468.4
2026-05-08T00:00:00Z,20355.7
2026-05-08T01:00:00Z,20424.7
2026-05-08T02:00:00Z,21626.0
2026-05-08T03:00:00Z,23647.4
2026-05-08T04:00:00Z,23601.5
2026-05-08T05:00:00Z,24918.6
2026-05-08T06:00:00Z,26554.4
2026-05-08T07:00:00Z,28169.2
2026-05-08T08:00:00Z,29360.6
2026-05-08T09:00:00Z,31868.8
2026-05-08T10:00:00Z,32036.4
2026-05-08T11:00:00Z,32329.4
2026-05-08T12:00:00Z,33069.7
2026-05-08T13:00:00Z,32329.4
2026-05-08T14:00:00Z,32426.4
2026-05-08T15:00:00Z,30471.8
2026-05-08T16:00:00Z,29064.2
2026-05-08T17:00:00Z,28365.9
2026-05-08T18:00:00Z,27441.1
2026-05-08T19:00:00Z,24275.9
2026-05-08T20:00:00Z,22228.9
2026-05-08T21:00:00Z,22309.4
2026-05-08T22:00:00Z,21886.8
2026-05-08T23:00:00Z,21310.9
2026-05-09T00:00:00Z,18668.2
2026-05-09T01:00:00Z,18725.6
2026-05-09T02:00:00Z,19762.1
2026-05-09T03:00:00Z,20569.0
2026-05-09T04:00:00Z,21809.8
2026-05-09T05:00:00Z,23697.1
2026-05-09T06:00:00Z,25211.6
2026-05-09T07:00:00Z,26544.8
2026-05-09T08:00:00Z,28001.0
2026-05-09T09:00:00Z,29550.3
2026-05-09T10:00:00Z,30377.7
2026-05-09T11:00:00Z,30100.0
2026-05-09T12:00:00Z,31612.8
2026-05-09T13:00:00Z,30491.2
2026-05-09T14:00:00Z,31670.9
2026-05-09T15:00:00Z,29341.0
2026-05-09T16:00:00Z,27610.3
2026-05-09T17:00:00Z,27277.9
2026-05-09T18:00:00Z,24975.1
2026-05-09T19:00:00Z,23102.8
2026-05-09T20:00:00Z,22274.3
2026-05-09T21:00:00Z,20490.5
2026-05-09T22:00:00Z,20496.7
2026-05-09T23:00:00Z,19555.2
2026-05-10T00:00:00Z,20134.5
2026-05-10T01:00:00Z,18994.3
2026-05-10T02:00:00Z,19654.9
2026-05-10T03:00:00Z,20304.7
2026-05-10T04:00:00Z,21439.0
2026-05-10T05:00:00Z,22702.7
2026-05-10T06:00:00Z,24500.2
2026-05-10T07:00:00Z,27222.8
2026-05-10T08:00:00Z,28769.3
2026-05-10T09:00:00Z,29745.3
2026-05-10T10:00:00Z,30054.5
2026-05-10T11:00:00Z,30476.0
2026-05-10T12:00:00Z,31329.7
2026-05-10T13:00:00Z,31004.1
2026-05-10T14:00:00Z,30183.2
2026-05-10T15:00:00Z,29381.4
2026-05-10T16:00:00Z,27472.3
2026-05-10T17:00:00Z,25836.3
2026-05-10T18:00:00Z,24716.5
2026-05-10T19:00:00Z,22669.4
2026-05-10T20:00:00Z,20560.7
2026-05-10T21:00:00Z,20752.0
2026-05-10T22:00:00Z,19778.6
2026-05-10T23:00:00Z,18608.4
2026-05-11T00:00:00Z,20826.0
2026-05-11T01:00:00Z,21132.8
2026-05-11T02:00:00Z,22303.1
2026-05-11T03:00:00Z,22649.8
2026-05-11T04:00:00Z,23448.9
2026-05-11T05:00:00Z,24871.8
2026-05-11T06:00:00Z,27110.2
2026-05-11T07:00:00Z,27838.9
2026-05-11T08:00:00Z,29896.5
2026-05-11T09:00:00Z,30303.4
2026-05-11T10:00:00Z,32059.6
2026-05-11T11:00:00Z,32805.2
2026-05-11T12:00:00Z,33131.8
2026-05-11T13:00:00Z,32478.9
2026-05-11T14:00:00Z,32229.6
2026-05-11T15:00:00Z,30693.3
2026-05-11T16:00:00Z,29384.0
2026-05-11T17:00:00Z,28947.4
2026-05-11T18:00:00Z,26919.4
2026-05-11T19:00:00Z,25066.1
2026-05-11T20:00:00Z,23638.8
2026-05-11T21:00:00Z,22727.2
2026-05-11T22:00:00Z,21646.6
2026-05-11T23:00:00Z,20384.5
2026-05-12T00:00:00Z,21551.1
2026-05-12T01:00:00Z,20940.3
2026-05-12T02:00:00Z,22515.0
2026-05-12T03:00:00Z,23273.3
2026-05-12T04:00:00Z,23866.5
2026-05-12T05:00:00Z,25682.1
2026-05-12T06:00:00Z,26034.7
2026-05-12T07:00:00Z,28481.2
2026-05-12T08:00:00Z,30125.5
2026-05-12T09:00:00Z,31894.7
2026-05-12T10:00:00Z,32051.5
2026-05-12T11:00:00Z,33810.5
2026-05-12T12:00:00Z,32879.1
2026-05-12T13:00:00Z,33320.1
2026-05-12T14:00:00Z,32918.3
2026-05-12T15:00:00Z,31152.2
2026-05-12T16:00:00Z,30734.0
2026-05-12T17:00:00Z,28820.9
2026-05-12T18:00:00Z,27519.5
2026-05-12T19:00:00Z,24938.1
2026-05-12T20:00:00Z,23461.2
2026-05-12T21:00:00Z,23500.0
2026-05-12T22:00:00Z,22432.0
2026-05-12T23:00:00Z,21753.6
2026-05-13T00:00:00Z,21091.9
2026-05-13T01:00:00Z,21431.4
2026-05-13T02:00:00Z,21623.8
2026-05-13T03:00:00Z,22536.5
2026-05-13T04:00:00Z,23633.3
2026-05-13T05:00:00Z,24996.8
2026-05-13T06:00:00Z,27064.7
2026-05-13T07:00:00Z,28645.8
2026-05-13T08:00:00Z,29684.1
2026-05-13T09:00:00Z,31058.8
2026-05-13T10:00:00Z,33180.7
2026-05-13T11:00:00Z,33185.3
2026-05-13T12:00:00Z,33380.6
2026-05-13T13:00:00Z,33770.6
2026-05-13T14:00:00Z,32318.0
2026-05-13T15:00:00Z,31671.2
2026-05-13T16:00:00Z,31137.8
2026-05-13T17:00:00Z,28454.7
2026-05-13T18:00:00Z,26991.0
2026-05-13T19:00:00Z,26217.9
2026-05-13T20:00:00Z,23768.9
2026-05-13T21:00:00Z,23617.3
2026-05-13T22:00:00Z,21279.2
2026-05-13T23:00:00Z,20947.0
2026-05-14T00:00:00Z,21492.1
2026-05-14T01:00:00Z,21010.8
2026-05-14T02:00:00Z,21784.4
2026-05-14T03:00:00Z,23584.4
2026-05-14T04:00:00Z,23542.7
2026-05-14T05:00:00Z,25642.8
2026-05-14T06:00:00Z,27153.5
2026-05-14T07:00:00Z,28770.4
2026-05-14T08:00:00Z,31115.9
2026-05-14T09:00:00Z,30683.2
2026-05-14T10:00:00Z,32333.9
2026-05-14T11:00:00Z,32317.5
2026-05-14T12:00:00Z,33848.8
2026-05-14T13:00:00Z,33091.0
2026-05-14T14:00:00Z,32538.1
2026-05-14T15:00:00Z,31331.4
2026-05-14T16:00:00Z,29370.8
2026-05-14T17:00:00Z,28096.0
2026-05-14T18:00:00Z,27421.8
2026-05-14T19:00:00Z,25509.1
2026-05-14T20:00:00Z,24230.7
2026-05-14T21:00:00Z,22835.3
2026-05-14T22:00:00Z,21151.9
2026-05-14T23:00:00Z,21423.4
2026-05-15T00:00:00Z,21139.0
2026-05-15T01:00:00Z,22219.2
2026-05-15T02:00:00Z,22557.4
2026-05-15T03:00:00Z,23099.7
2026-05-15T04:00:00Z,24046.9
2026-05-15T05:00:00Z,24935.0
2026-05-15T06:00:00Z,27480.7
2026-05-15T07:00:00Z,28678.7
2026-05-15T08:00:00Z,30085.5
2026-05-15T09:00:00Z,31310.3
2026-05-15T10:00:00Z,32225.6
2026-05-15T11:00:00Z,32899.3
2026-05-15T12:00:00Z,33324.5
2026-05-15T13:00:00Z,32388.2
2026-05-15T14:00:00Z,33188.8
2026-05-15T15:00:00Z,31355.1
2026-05-15T16:00:00Z,29718.1
2026-05-15T17:00:00Z,28753.7
2026-05-15T18:00:00Z,26994.6
2026-05-15T19:00:00Z,25813.9
2026-05-15T20:00:00Z,23949.6
2026-05-15T21:00:00Z,22874.2
2026-05-15T22:00:00Z,21679.1
2026-05-15T23:00:00Z,21659.8
2026-05-16T00:00:00Z,19068.0
2026-05-16T01:00:00Z,19214.6
2026-05-16T02:00:00Z,20136.2
2026-05-16T03:00:00Z,21443.8
2026-05-16T04:00:00Z,21648.0
2026-05-16T05:00:00Z,23267.5
2026-05-16T06:00:00Z,25402.2
2026-05-16T07:00:00Z,27711.7
2026-05-16T08:00:00Z,29041.9
2026-05-16T09:00:00Z,29654.5
2026-05-16T10:00:00Z,29942.5
2026-05-16T11:00:00Z,32362.4
2026-05-16T12:00:00Z,30824.4
2026-05-16T13:00:00Z,31521.8
2026-05-16T14:00:00Z,30084.3
2026-05-16T15:00:00Z,29417.6
2026-05-16T16:00:00Z,28810.9
2026-05-16T17:00:00Z,26684.3
2026-05-16T18:00:00Z,25274.3
2026-05-16T19:00:00Z,23701.4
2026-05-16T20:00:00Z,22280.7
2026-05-16T21:00:00Z,22227.5
2026-05-16T22:00:00Z,20000.6
2026-05-16T23:00:00Z,19077.2
2026-05-17T00:00:00Z,20107.6
2026-05-17T01:00:00Z,18621.0
2026-05-17T02:00:00Z,20493.5
2026-05-17T03:00:00Z,21972.4
2026-05-17T04:00:00Z,23054.7
2026-05-17T05:00:00Z,24254.1
2026-05-17T06:00:00Z,25151.6
2026-05-17T07:00:00Z,27472.5
2026-05-17T08:00:00Z,28051.3
2026-05-17T09:00:00Z,29381.5
2026-05-17T10:00:00Z,31992.0
2026-05-17T11:00:00Z,32173.6
2026-05-17T12:00:00Z,32521.2
2026-05-17T13:00:00Z,30915.6
2026-05-17T14:00:00Z,30848.3
2026-05-17T15:00:00Z,30029.7
2026-05-17T16:00:00Z,28229.8
2026-05-17T17:00:00Z,27795.5
2026-05-17T18:00:00Z,25397.2
2026-05-17T19:00:00Z,23824.9
2026-05-17T20:00:00Z,23216.4
2026-05-17T21:00:00Z,22262.2
2026-05-17T22:00:00Z,19742.8
2026-05-17T23:00:00Z,18795.7
2026-05-18T00:00:00Z,20937.2
2026-05-18T01:00:00Z,21810.7
2026-05-18T02:00:00Z,22350.9
2026-05-18T03:00:00Z,23030.8
2026-05-18T04:00:00Z,23980.6
2026-05-18T05:00:00Z,25466.6
2026-05-18T06:00:00Z,26618.6
2026-05-18T07:00:00Z,29281.6
2026-05-18T08:00:00Z,30644.8
2026-05-18T09:00:00Z,31458.6
2026-05-18T10:00:00Z,33775.3
2026-05-18T11:00:00Z,33448.2
2026-05-18T12:00:00Z,33621.5
2026-05-18T13:00:00Z,32423.5
2026-05-18T14:00:00Z,33273.9
2026-05-18T15:00:00Z,30130.3
2026-05-18T16:00:00Z,30644.6
2026-05-18T17:00:00Z,29232.7
2026-05-18T18:00:00Z,26969.7
2026-05-18T19:00:00Z,24646.7
2026-05-18T20:00:00Z,24436.8
2026-05-18T21:00:00Z,23499.0
2026-05-18T22:00:00Z,21419.0
2026-05-18T23:00:00Z,21898.8
2026-05-19T00:00:00Z,21949.2
2026-05-19T01:00:00Z,22299.4
2026-05-19T02:00:00Z,22775.3
2026-05-19T03:00:00Z,22090.0
2026-05-19T04:00:00Z,24883.4
2026-05-19T05:00:00Z,25364.1
2026-05-19T06:00:00Z,27575.3
2026-05-19T07:00:00Z,28879.9
2026-05-19T08:00:00Z,31248.1
2026-05-19T09:00:00Z,31806.6
2026-05-19T10:00:00Z,33159.9
2026-05-19T11:00:00Z,33533.5
2026-05-19T12:00:00Z,33831.0
2026-05-19T13:00:00Z,33694.7
2026-05-19T14:00:00Z,32771.7
2026-05-19T15:00:00Z,31212.0
2026-05-19T16:00:00Z,30643.4
2026-05-19T17:00:00Z,28774.1
2026-05-19T18:00:00Z,27355.8
2026-05-19T19:00:00Z,25915.0
2026-05-19T20:00:00Z,24446.6
2026-05-19T21:00:00Z,23090.3
2026-05-19T22:00:00Z,23734.6
2026-05-19T23:00:00Z,22927.6
2026-05-20T00:00:00Z,22060.7
2026-05-20T01:00:00Z,20983.0
2026-05-20T02:00:00Z,21262.6
2026-05-20T03:00:00Z,22838.0
2026-05-20T04:00:00Z,24182.5
2026-05-20T05:00:00Z,25903.1
2026-05-20T06:00:00Z,27215.7
2026-05-20T07:00:00Z,29432.5
2026-05-20T08:00:00Z,30726.6
2026-05-20T09:00:00Z,31728.7
2026-05-20T10:00:00Z,33358.7
2026-05-20T11:00:00Z,33915.9
2026-05-20T12:00:00Z,33631.1
2026-05-20T13:00:00Z,33027.8
2026-05-20T14:00:00Z,33271.8
2026-05-20T15:00:00Z,32635.3
2026-05-20T16:00:00Z,30367.4
2026-05-20T17:00:00Z,28828.5
2026-05-20T18:00:00Z,26983.5
2026-05-20T19:00:00Z,25147.7
2026-05-20T20:00:00Z,23675.7
2026-05-20T21:00:00Z,23314.2
2026-05-20T22:00:00Z,22228.2
2026-05-20T23:00:00Z,20975.9
2026-05-21T00:00:00Z,21489.0
2026-05-21T01:00:00Z,21677.6
2026-05-21T02:00:00Z,21877.5
2026-05-21T03:00:00Z,23580.4
2026-05-21T04:00:00Z,24862.2
2026-05-21T05:00:00Z,26114.3
2026-05-21T06:00:00Z,28294.8
2026-05-21T07:00:00Z,29181.0
2026-05-21T08:00:00Z,30618.0
2026-05-21T09:00:00Z,31499.1
2026-05-21T10:00:00Z,32985.0
2026-05-21T11:00:00Z,33717.9
2026-05-21T12:00:00Z,33677.9
2026-05-21T13:00:00Z,33451.3
2026-05-21T14:00:00Z,32424.8
2026-05-21T15:00:00Z,32240.9
2026-05-21T16:00:00Z,30416.4
2026-05-21T17:00:00Z,29199.7
2026-05-21T18:00:00Z,26491.6
2026-05-21T19:00:00Z,25972.3
2026-05-21T20:00:00Z,24055.9
2026-05-21T21:00:00Z,22905.4
2026-05-21T22:00:00Z,21959.6
2026-05-21T23:00:00Z,21026.9
2026-05-22T00:00:00Z,20654.7
2026-05-22T01:00:00Z,22152.4
2026-05-22T02:00:00Z,22418.6
2026-05-22T03:00:00Z,23030.5
2026-05-22T04:00:00Z,24707.6
2026-05-22T05:00:00Z,25925.9
2026-05-22T06:00:00Z,27133.7
2026-05-22T07:00:00Z,29205.2
2026-05-22T08:00:00Z,31134.5
2026-05-22T09:00:00Z,32518.9
2026-05-22T10:00:00Z,32698.6
2026-05-22T11:00:00Z,34222.8
2026-05-22T12:00:00Z,32835.3
2026-05-22T13:00:00Z,33749.1
2026-05-22T14:00:00Z,33577.6
2026-05-22T15:00:00Z,32517.3
2026-05-22T16:00:00Z,30983.3
2026-05-22T17:00:00Z,28024.6
2026-05-22T18:00:00Z,27263.2
2026-05-22T19:00:00Z,25455.0
2026-05-22T20:00:00Z,24608.7
2026-05-22T21:00:00Z,23842.3
2026-05-22T22:00:00Z,22471.1
2026-05-22T23:00:00Z,21289.2
2026-05-23T00:00:00Z,18696.7
2026-05-23T01:00:00Z,21220.6
2026-05-23T02:00:00Z,20898.2
2026-05-23T03:00:00Z,20427.5
2026-05-23T04:00:00Z,21837.9
2026-05-23T05:00:00Z,24370.7
2026-05-23T06:00:00Z,25458.8
2026-05-23T07:00:00Z,27598.8
2026-05-23T08:00:00Z,28702.9
2026-05-23T09:00:00Z,30655.8
2026-05-23T10:00:00Z,31611.7
2026-05-23T11:00:00Z,31962.4
2026-05-23T12:00:00Z,30553.7
2026-05-23T13:00:00Z,32720.9
2026-05-23T14:00:00Z,31468.2
2026-05-23T15:00:00Z,31495.9
2026-05-23T16:00:00Z,28599.6
2026-05-23T17:00:00Z,27654.7
2026-05-23T18:00:00Z,26241.8
2026-05-23T19:00:00Z,24874.1
2026-05-23T20:00:00Z,23899.9
2026-05-23T21:00:00Z,22111.2
2026-05-23T22:00:00Z,21981.5
2026-05-23T23:00:00Z,20139.9
2026-05-24T00:00:00Z,19023.7
2026-05-24T01:00:00Z,20265.5
2026-05-24T02:00:00Z,20360.1
2026-05-24T03:00:00Z,21884.0
2026-05-24T04:00:00Z,23152.1
2026-05-24T05:00:00Z,24313.3
2026-05-24T06:00:00Z,25409.8
2026-05-24T07:00:00Z,27927.3
2026-05-24T08:00:00Z,29216.9
2026-05-24T09:00:00Z,30034.2
2026-05-24T10:00:00Z,31884.2
2026-05-24T11:00:00Z,32362.4
2026-05-24T12:00:00Z,32911.9
2026-05-24T13:00:00Z,31842.5
2026-05-24T14:00:00Z,30032.6
2026-05-24T15:00:00Z,29770.8
2026-05-24T16:00:00Z,28597.3
2026-05-24T17:00:00Z,27532.2
2026-05-24T18:00:00Z,25477.0
2026-05-24T19:00:00Z,23704.6
2026-05-24T20:00:00Z,23455.9
2026-05-24T21:00:00Z,21569.1
2026-05-24T22:00:00Z,20857.3
2026-05-24T23:00:00Z,20940.5
2026-05-25T00:00:00Z,21923.9
2026-05-25T01:00:00Z,22185.4
2026-05-25T02:00:00Z,22109.0
2026-05-25T03:00:00Z,23900.8
2026-05-25T04:00:00Z,24668.6
2026-05-25T05:00:00Z,25927.7
2026-05-25T06:00:00Z,28115.6
2026-05-25T07:00:00Z,29047.4
2026-05-25T08:00:00Z,31133.6
2026-05-25T09:00:00Z,32083.6
2026-05-25T10:00:00Z,32925.3
2026-05-25T11:00:00Z,33780.6
2026-05-25T12:00:00Z,33815.3
2026-05-25T13:00:00Z,34075.6
2026-05-25T14:00:00Z,33115.6
2026-05-25T15:00:00Z,32047.9
2026-05-25T16:00:00Z,30302.3
2026-05-25T17:00:00Z,29269.0
2026-05-25T18:00:00Z,27420.5
2026-05-25T19:00:00Z,25895.8
2026-05-25T20:00:00Z,24334.6
2026-05-25T21:00:00Z,23481.8
2026-05-25T22:00:00Z,23824.8
2026-05-25T23:00:00Z,22400.6
2026-05-26T00:00:00Z,22673.3
2026-05-26T01:00:00Z,21728.3
2026-05-26T02:00:00Z,22797.1
2026-05-26T03:00:00Z,24107.4
2026-05-26T04:00:00Z,25271.3
2026-05-26T05:00:00Z,25322.9
2026-05-26T06:00:00Z,27981.2
2026-05-26T07:00:00Z,29728.1
2026-05-26T08:00:00Z,30525.3
2026-05-26T09:00:00Z,31250.5
2026-05-26T10:00:00Z,32983.3
2026-05-26T11:00:00Z,33895.8
2026-05-26T12:00:00Z,35037.8
2026-05-26T13:00:00Z,33668.4
2026-05-26T14:00:00Z,32744.0
2026-05-26T15:00:00Z,33148.5
2026-05-26T16:00:00Z,30708.9
2026-05-26T17:00:00Z,29385.2
2026-05-26T18:00:00Z,27813.0
2026-05-26T19:00:00Z,26635.9
2026-05-26T20:00:00Z,23470.2
2026-05-26T21:00:00Z,22731.6
2026-05-26T22:00:00Z,22256.5
2026-05-26T23:00:00Z,22322.9
2026-05-27T00:00:00Z,21828.0
2026-05-27T01:00:00Z,22168.7
2026-05-27T02:00:00Z,22875.3
2026-05-27T03:00:00Z,24049.6
2026-05-27T04:00:00Z,25352.6
2026-05-27T05:00:00Z,26831.2
2026-05-27T06:00:00Z,28424.6
2026-05-27T07:00:00Z,28672.4
2026-05-27T08:00:00Z,31014.6
2026-05-27T09:00:00Z,32533.7
2026-05-27T10:00:00Z,32398.0
2026-05-27T11:00:00Z,34845.3
2026-05-27T12:00:00Z,33499.1
2026-05-27T13:00:00Z,33933.9
2026-05-27T14:00:00Z,32191.0
2026-05-27T15:00:00Z,32840.4
2026-05-27T16:00:00Z,31128.5
2026-05-27T17:00:00Z,30353.1
2026-05-27T18:00:00Z,28218.5
2026-05-27T19:00:00Z,27207.8
2026-05-27T20:00:00Z,25836.9
2026-05-27T21:00:00Z,23552.5
2026-05-27T22:00:00Z,22665.4
2026-05-27T23:00:00Z,21601.1
2026-05-28T00:00:00Z,22624.6
2026-05-28T01:00:00Z,21673.8
2026-05-28T02:00:00Z,22941.8
2026-05-28T03:00:00Z,23954.3
2026-05-28T04:00:00Z,25626.3
2026-05-28T05:00:00Z,26354.3
2026-05-28T06:00:00Z,27995.9
2026-05-28T07:00:00Z,29732.0
2026-05-28T08:00:00Z,31895.4
2026-05-28T09:00:00Z,33149.9
2026-05-28T10:00:00Z,33689.5
2026-05-28T11:00:00Z,35247.4
2026-05-28T12:00:00Z,33296.3
2026-05-28T13:00:00Z,34112.9
2026-05-28T14:00:00Z,33218.5
2026-05-28T15:00:00Z,32723.7
2026-05-28T16:00:00Z,31962.3
2026-05-28T17:00:00Z,30041.2
2026-05-28T18:00:00Z,28078.7
2026-05-28T19:00:00Z,26772.5
2026-05-28T20:00:00Z,25345.1
2026-05-28T21:00:00Z,23162.4
2026-05-28T22:00:00Z,23669.1
2026-05-28T23:00:00Z,21996.2
2026-05-29T00:00:00Z,21784.1
2026-05-29T01:00:00Z,22026.2
2026-05-29T02:00:00Z,22542.7
2026-05-29T03:00:00Z,23549.8
2026-05-29T04:00:00Z,25612.5
2026-05-29T05:00:00Z,26193.3
2026-05-29T06:00:00Z,28592.1
2026-05-29T07:00:00Z,29472.6
2026-05-29T08:00:00Z,31337.7
2026-05-29T09:00:00Z,33065.0
2026-05-29T10:00:00Z,33381.7
2026-05-29T11:00:00Z,33931.9
2026-05-29T12:00:00Z,35131.8
2026-05-29T13:00:00Z,34034.0
2026-05-29T14:00:00Z,33654.5
2026-05-29T15:00:00Z,32483.4
2026-05-29T16:00:00Z,30479.8
2026-05-29T17:00:00Z,29506.5
2026-05-29T18:00:00Z,28435.1
2026-05-29T19:00:00Z,27037.9
2026-05-29T20:00:00Z,24887.4
2026-05-29T21:00:00Z,24202.0
2026-05-29T22:00:00Z,23187.1
2026-05-29T23:00:00Z,23008.2
2026-05-30T00:00:00Z,18891.3
2026-05-30T01:00:00Z,21322.8
2026-05-30T02:00:00Z,21469.1
2026-05-30T03:00:00Z,21922.2
2026-05-30T04:00:00Z,23060.2
2026-05-30T05:00:00Z,25099.0
2026-05-30T06:00:00Z,26432.0
2026-05-30T07:00:00Z,28715.5
2026-05-30T08:00:00Z,28450.1
2026-05-30T09:00:00Z,30818.6
2026-05-30T10:00:00Z,31839.5
2026-05-30T11:00:00Z,32222.9
2026-05-30T12:00:00Z,31578.4
2026-05-30T13:00:00Z,32273.7
2026-05-30T14:00:00Z,31516.9
2026-05-30T15:00:00Z,30547.5
2026-05-30T16:00:00Z,29911.3
2026-05-30T17:00:00Z,28192.1
2026-05-30T18:00:00Z,26671.8
2026-05-30T19:00:00Z,24566.3
2026-05-30T20:00:00Z,23652.5
2026-05-30T21:00:00Z,22971.5
2026-05-30T22:00:00Z,21886.8
2026-05-30T23:00:00Z,21287.0
2026-05-31T00:00:00Z,19787.4
2026-05-31T01:00:00Z,20323.6
2026-05-31T02:00:00Z,21289.1
2026-05-31T03:00:00Z,21354.2
2026-05-31T04:00:00Z,24168.5
2026-05-31T05:00:00Z,24079.9
2026-05-31T06:00:00Z,27013.3
2026-05-31T07:00:00Z,28731.9
2026-05-31T08:00:00Z,29671.1
2026-05-31T09:00:00Z,29320.6
2026-05-31T10:00:00Z,32596.1
2026-05-31T11:00:00Z,32259.4
2026-05-31T12:00:00Z,32625.6
2026-05-31T13:00:00Z,32654.7
2026-05-31T14:00:00Z,31601.9
2026-05-31T15:00:00Z,31054.7
2026-05-31T16:00:00Z,29143.6
2026-05-31T17:00:00Z,28625.3
2026-05-31T18:00:00Z,27349.6
2026-05-31T19:00:00Z,24685.1
2026-05-31T20:00:00Z,24297.3
2026-05-31T21:00:00Z,22856.9
2026-05-31T22:00:00Z,20916.4
2026-05-31T23:00:00Z,21695.9
2026-06-01T00:00:00Z,22838.4
2026-06-01T01:00:00Z,22193.1
2026-06-01T02:00:00Z,22988.2
2026-06-01T03:00:00Z,23162.6
2026-06-01T04:00:00Z,25826.3
2026-06-01T05:00:00Z,27654.8
2026-06-01T06:00:00Z,28723.1
2026-06-01T07:00:00Z,30021.8
2026-06-01T08:00:00Z,30604.1
2026-06-01T09:00:00Z,32515.7
2026-06-01T10:00:00Z,33353.4
2026-06-01T11:00:00Z,34794.3
2026-06-01T12:00:00Z,35652.6
2026-06-01T13:00:00Z,33846.4
2026-06-01T14:00:00Z,34473.1
2026-06-01T15:00:00Z,32823.9
2026-06-01T16:00:00Z,31592.3
2026-06-01T17:00:00Z,30493.3
2026-06-01T18:00:00Z,28427.1
2026-06-01T19:00:00Z,26813.5
2026-06-01T20:00:00Z,24871.9
2026-06-01T21:00:00Z,23746.6
2026-06-01T22:00:00Z,23169.9
2026-06-01T23:00:00Z,22715.2
2026-06-02T00:00:00Z,23384.6
2026-06-02T01:00:00Z,22042.0
2026-06-02T02:00:00Z,23542.4
2026-06-02T03:00:00Z,24211.2
2026-06-02T04:00:00Z,25333.3
2026-06-02T05:00:00Z,26291.4
2026-06-02T06:00:00Z,28264.3
2026-06-02T07:00:00Z,29992.3
2026-06-02T08:00:00Z,31971.3
2026-06-02T09:00:00Z,32509.6
2026-06-02T10:00:00Z,34515.1
2026-06-02T11:00:00Z,34398.3
2026-06-02T12:00:00Z,35127.5
2026-06-02T13:00:00Z,34052.5
2026-06-02T14:00:00Z,33591.4
2026-06-02T15:00:00Z,32088.1
2026-06-02T16:00:00Z,31071.7
2026-06-02T17:00:00Z,29622.5
2026-06-02T18:00:00Z,28516.9
2026-06-02T19:00:00Z,26946.7
2026-06-02T20:00:00Z,24738.9
2026-06-02T21:00:00Z,23736.5
2026-06-02T22:00:00Z,23014.4
2026-06-02T23:00:00Z,23206.8
2026-06-03T00:00:00Z,21403.5
2026-06-03T01:00:00Z,22066.8
2026-06-03T02:00:00Z,23081.7
2026-06-03T03:00:00Z,23488.1
2026-06-03T04:00:00Z,26514.1
2026-06-03T05:00:00Z,27037.0
2026-06-03T06:00:00Z,28496.9
2026-06-03T07:00:00Z,31036.7
2026-06-03T08:00:00Z,31993.4
2026-06-03T09:00:00Z,32279.0
2026-06-03T10:00:00Z,33292.7
2026-06-03T11:00:00Z,34592.4
2026-06-03T12:00:00Z,34802.3
2026-06-03T13:00:00Z,34269.2
2026-06-03T14:00:00Z,34136.2
2026-06-03T15:00:00Z,32908.1
2026-06-03T16:00:00Z,31019.3
2026-06-03T17:00:00Z,30149.3
2026-06-03T18:00:00Z,28275.1
2026-06-03T19:00:00Z,26933.2
2026-06-03T20:00:00Z,24774.1
2026-06-03T21:00:00Z,25166.4
2026-06-03T22:00:00Z,23484.4
2026-06-03T23:00:00Z,21524.0
2026-06-04T00:00:00Z,22494.6
2026-06-04T01:00:00Z,23346.3
2026-06-04T02:00:00Z,23625.2
2026-06-04T03:00:00Z,23958.4
2026-06-04T04:00:00Z,25277.3
2026-06-04T05:00:00Z,27674.1
2026-06-04T06:00:00Z,29633.2
2026-06-04T07:00:00Z,29734.9
2026-06-04T08:00:00Z,31441.4
2026-06-04T09:00:00Z,33083.5
2026-06-04T10:00:00Z,33684.2
2026-06-04T11:00:00Z,34685.8
2026-06-04T12:00:00Z,34256.8
2026-06-04T13:00:00Z,34224.7
2026-06-04T14:00:00Z,33823.3
2026-06-04T15:00:00Z,32978.5
2026-06-04T16:00:00Z,32497.4
2026-06-04T17:00:00Z,30410.5
2026-06-04T18:00:00Z,28557.3
2026-06-04T19:00:00Z,28082.2
2026-06-04T20:00:00Z,24358.0
2026-06-04T21:00:00Z,24390.6
2026-06-04T22:00:00Z,22207.4
2026-06-04T23:00:00Z,22511.8
2026-06-05T00:00:00Z,23138.3
2026-06-05T01:00:00Z,23122.4
2026-06-05T02:00:00Z,23915.4
2026-06-05T03:00:00Z,25016.0
2026-06-05T04:00:00Z,25994.1
2026-06-05T05:00:00Z,26937.8
2026-06-05T06:00:00Z,29010.5
2026-06-05T07:00:00Z,30237.6
2026-06-05T08:00:00Z,31333.2
2026-06-05T09:00:00Z,32288.2
2026-06-05T10:00:00Z,34170.7
2026-06-05T11:00:00Z,34031.9
2026-06-05T12:00:00Z,34226.8
2026-06-05T13:00:00Z,34647.7
2026-06-05T14:00:00Z,33828.8
2026-06-05T15:00:00Z,33441.7
2026-06-05T16:00:00Z,31551.8
2026-06-05T17:00:00Z,29944.8
2026-06-05T18:00:00Z,29155.2
2026-06-05T19:00:00Z,27149.4
2026-06-05T20:00:00Z,25470.1
2026-06-05T21:00:00Z,25939.8
2026-06-05T22:00:00Z,23151.4
2026-06-05T23:00:00Z,22889.1
2026-06-06T00:00:00Z,19887.0
2026-06-06T01:00:00Z,21434.1
2026-06-06T02:00:00Z,21405.0
2026-06-06T03:00:00Z,22945.4
2026-06-06T04:00:00Z,23355.6
2026-06-06T05:00:00Z,24995.5
2026-06-06T06:00:00Z,27272.8
2026-06-06T07:00:00Z,28856.9
2026-06-06T08:00:00Z,30173.5
2026-06-06T09:00:00Z,30942.9
2026-06-06T10:00:00Z,32608.2
2026-06-06T11:00:00Z,32567.7
2026-06-06T12:00:00Z,33654.9
2026-06-06T13:00:00Z,33417.6
2026-06-06T14:00:00Z,32839.3
2026-06-06T15:00:00Z,31253.4
2026-06-06T16:00:00Z,30175.5
2026-06-06T17:00:00Z,27584.8
2026-06-06T18:00:00Z,27170.3
2026-06-06T19:00:00Z,25337.6
2026-06-06T20:00:00Z,24559.8
2026-06-06T21:00:00Z,23305.4
2026-06-06T22:00:00Z,22194.3
2026-06-06T23:00:00Z,21048.7
2026-06-07T00:00:00Z,21866.9
2026-06-07T01:00:00Z,21040.8
2026-06-07T02:00:00Z,22369.9
2026-06-07T03:00:00Z,24050.2
2026-06-07T04:00:00Z,23214.1
2026-06-07T05:00:00Z,26263.6
2026-06-07T06:00:00Z,26915.6
2026-06-07T07:00:00Z,28541.6
2026-06-07T08:00:00Z,30171.7
2026-06-07T09:00:00Z,31290.5
2026-06-07T10:00:00Z,33131.7
2026-06-07T11:00:00Z,33986.6
2026-06-07T12:00:00Z,32577.7
2026-06-07T13:00:00Z,32917.8
2026-06-07T14:00:00Z,33174.0
2026-06-07T15:00:00Z,31104.4
2026-06-07T16:00:00Z,29547.6
2026-06-07T17:00:00Z,28192.6
2026-06-07T18:00:00Z,27185.0
2026-06-07T19:00:00Z,25508.4
2026-06-07T20:00:00Z,24203.4
2026-06-07T21:00:00Z,21907.8
2026-06-07T22:00:00Z,21661.5
2026-06-07T23:00:00Z,21490.4
2026-06-08T00:00:00Z,23147.8
2026-06-08T01:00:00Z,23297.8
2026-06-08T02:00:00Z,23280.9
2026-06-08T03:00:00Z,25154.1
2026-06-08T04:00:00Z,25921.7
2026-06-08T05:00:00Z,27670.3
2026-06-08T06:00:00Z,28446.4
2026-06-08T07:00:00Z,31206.2
2026-06-08T08:00:00Z,32233.2
2026-06-08T09:00:00Z,33020.3
2026-06-08T10:00:00Z,34130.8
2026-06-08T11:00:00Z,34271.7
2026-06-08T12:00:00Z,34927.6
2026-06-08T13:00:00Z,35223.7
2026-06-08T14:00:00Z,34660.6
2026-06-08T15:00:00Z,33317.1
2026-06-08T16:00:00Z,31130.2
2026-06-08T17:00:00Z,31212.1
2026-06-08T18:00:00Z,29142.0
2026-06-08T19:00:00Z,27896.4
2026-06-08T20:00:00Z,26598.6
2026-06-08T21:00:00Z,24600.3
2026-06-08T22:00:00Z,23999.8
2026-06-08T23:00:00Z,22927.2
2026-06-09T00:00:00Z,22465.1
2026-06-09T01:00:00Z,23657.5
2026-06-09T02:00:00Z,23453.0
2026-06-09T03:00:00Z,24956.7
2026-06-09T04:00:00Z,26493.3
2026-06-09T05:00:00Z,28178.0
2026-06-09T06:00:00Z,29025.1
2026-06-09T07:00:00Z,30490.4
2026-06-09T08:00:00Z,32661.8
2026-06-09T09:00:00Z,33229.0
2026-06-09T10:00:00Z,34920.6
2026-06-09T11:00:00Z,34862.9
2026-06-09T12:00:00Z,34950.4
2026-06-09T13:00:00Z,35555.2
2026-06-09T14:00:00Z,33614.5
2026-06-09T15:00:00Z,33196.8
2026-06-09T16:00:00Z,30957.5
2026-06-09T17:00:00Z,30589.0
2026-06-09T18:00:00Z,29391.7
2026-06-09T19:00:00Z,27555.6
2026-06-09T20:00:00Z,26460.9
2026-06-09T21:00:00Z,24867.9
2026-06-09T22:00:00Z,23698.1
2026-06-09T23:00:00Z,23343.3
2026-06-10T00:00:00Z,22528.4
2026-06-10T01:00:00Z,22258.5
2026-06-10T02:00:00Z,23128.5
2026-06-10T03:00:00Z,25151.1
2026-06-10T04:00:00Z,26719.7
2026-06-10T05:00:00Z,27339.7
2026-06-10T06:00:00Z,28656.4
2026-06-10T07:00:00Z,30760.0
2026-06-10T08:00:00Z,32128.8
2026-06-10T09:00:00Z,33145.3
2026-06-10T10:00:00Z,33898.6
2026-06-10T11:00:00Z,36302.7
2026-06-10T12:00:00Z,35982.9
2026-06-10T13:00:00Z,35094.7
2026-06-10T14:00:00Z,35460.8
2026-06-10T15:00:00Z,33955.1
2026-06-10T16:00:00Z,32273.7
2026-06-10T17:00:00Z,30990.0
2026-06-10T18:00:00Z,28868.3
2026-06-10T19:00:00Z,28511.8
2026-06-10T20:00:00Z,25714.4
2026-06-10T21:00:00Z,24103.1
2026-06-10T22:00:00Z,23593.2
2026-06-10T23:00:00Z,23287.4
2026-06-11T00:00:00Z,22771.8
2026-06-11T01:00:00Z,24083.4
2026-06-11T02:00:00Z,23680.9
2026-06-11T03:00:00Z,25780.5
2026-06-11T04:00:00Z,26608.3
2026-06-11T05:00:00Z,26469.4
2026-06-11T06:00:00Z,30164.8
2026-06-11T07:00:00Z,31025.9
2026-06-11T08:00:00Z,31993.3
2026-06-11T09:00:00Z,33814.6
2026-06-11T10:00:00Z,34179.2
2026-06-11T11:00:00Z,35447.2
2026-06-11T12:00:00Z,35616.4
2026-06-11T13:00:00Z,34220.0
2026-06-11T14:00:00Z,34163.6
2026-06-11T15:00:00Z,34121.0
2026-06-11T16:00:00Z,32860.8
2026-06-11T17:00:00Z,32437.5
2026-06-11T18:00:00Z,28924.0
2026-06-11T19:00:00Z,28112.5
2026-06-11T20:00:00Z,26093.1
2026-06-11T21:00:00Z,24930.8
2026-06-11T22:00:00Z,23710.4
2026-06-11T23:00:00Z,23381.7
2026-06-12T00:00:00Z,23502.3
2026-06-12T01:00:00Z,24181.3
2026-06-12T02:00:00Z,24376.8
2026-06-12T03:00:00Z,24769.4
2026-06-12T04:00:00Z,26086.4
2026-06-12T05:00:00Z,27844.0
2026-06-12T06:00:00Z,29478.4
2026-06-12T07:00:00Z,30337.2
2026-06-12T08:00:00Z,31998.4
2026-06-12T09:00:00Z,34479.5
2026-06-12T10:00:00Z,34415.7
2026-06-12T11:00:00Z,34928.3
2026-06-12T12:00:00Z,35440.4
2026-06-12T13:00:00Z,35113.9
2026-06-12T14:00:00Z,35366.5
2026-06-12T15:00:00Z,34426.8
2026-06-12T16:00:00Z,32502.8
2026-06-12T17:00:00Z,31237.7
2026-06-12T18:00:00Z,29879.9
2026-06-12T19:00:00Z,27614.8
2026-06-12T20:00:00Z,26452.7
2026-06-12T21:00:00Z,24619.6
2026-06-12T22:00:00Z,24487.5
2026-06-12T23:00:00Z,23564.5
2026-06-13T00:00:00Z,21169.9
2026-06-13T01:00:00Z,21811.0
2026-06-13T02:00:00Z,22360.2
2026-06-13T03:00:00Z,23065.6
2026-06-13T04:00:00Z,25127.5
2026-06-13T05:00:00Z,26408.9
2026-06-13T06:00:00Z,27591.2
2026-06-13T07:00:00Z,29607.2
2026-06-13T08:00:00Z,29167.0
2026-06-13T09:00:00Z,32242.5
2026-06-13T10:00:00Z,33208.6
2026-06-13T11:00:00Z,33719.8
2026-06-13T12:00:00Z,33382.8
2026-06-13T13:00:00Z,34005.6
2026-06-13T14:00:00Z,32856.7
2026-06-13T15:00:00Z,32378.6
2026-06-13T16:00:00Z,30188.7
2026-06-13T17:00:00Z,29672.5
2026-06-13T18:00:00Z,28193.5
2026-06-13T19:00:00Z,25113.3
2026-06-13T20:00:00Z,24893.6
2026-06-13T21:00:00Z,23357.9
2026-06-13T22:00:00Z,22650.6
2026-06-13T23:00:00Z,21488.6
2026-06-14T00:00:00Z,22337.3
2026-06-14T01:00:00Z,22084.9
2026-06-14T02:00:00Z,23079.6
2026-06-14T03:00:00Z,23248.0
2026-06-14T04:00:00Z,23940.3
2026-06-14T05:00:00Z,25990.6
2026-06-14T06:00:00Z,28343.0
2026-06-14T07:00:00Z,29212.9
2026-06-14T08:00:00Z,30673.3
2026-06-14T09:00:00Z,32480.1
2026-06-14T10:00:00Z,33212.4
2026-06-14T11:00:00Z,33871.0
2026-06-14T12:00:00Z,33939.4
2026-06-14T13:00:00Z,33341.6
2026-06-14T14:00:00Z,32980.6
2026-06-14T15:00:00Z,31643.6
2026-06-14T16:00:00Z,30710.4
2026-06-14T17:00:00Z,29393.7
2026-06-14T18:00:00Z,27902.9
2026-06-14T19:00:00Z,26577.7
2026-06-14T20:00:00Z,24450.5
2026-06-14T21:00:00Z,22886.3
2026-06-14T22:00:00Z,21943.1
2026-06-14T23:00:00Z,21495.1
2026-06-15T00:00:00Z,23909.7
2026-06-15T01:00:00Z,22915.0
2026-06-15T02:00:00Z,23725.8
2026-06-15T03:00:00Z,25255.6
2026-06-15T04:00:00Z,26559.9
2026-06-15T05:00:00Z,27530.8
2026-06-15T06:00:00Z,29716.4
2026-06-15T07:00:00Z,31082.1
2026-06-15T08:00:00Z,32695.8
2026-06-15T09:00:00Z,33461.3
2026-06-15T10:00:00Z,35019.4
2026-06-15T11:00:00Z,35301.8
2026-06-15T12:00:00Z,35948.8
2026-06-15T13:00:00Z,35134.7
2026-06-15T14:00:00Z,34926.3
2026-06-15T15:00:00Z,34257.5
2026-06-15T16:00:00Z,31511.8
2026-06-15T17:00:00Z,30850.1
2026-06-15T18:00:00Z,29618.2
2026-06-15T19:00:00Z,28722.1
2026-06-15T20:00:00Z,26666.9
2026-06-15T21:00:00Z,26013.9
2026-06-15T22:00:00Z,24155.9
2026-06-15T23:00:00Z,23302.2
2026-06-16T00:00:00Z,23546.3
2026-06-16T01:00:00Z,24087.9
2026-06-16T02:00:00Z,24863.7
2026-06-16T03:00:00Z,25858.4
2026-06-16T04:00:00Z,26371.4
2026-06-16T05:00:00Z,28558.6
2026-06-16T06:00:00Z,29958.1
2026-06-16T07:00:00Z,30945.6
2026-06-16T08:00:00Z,33155.9
2026-06-16T09:00:00Z,34499.8
2026-06-16T10:00:00Z,34468.7
2026-06-16T11:00:00Z,35692.3
2026-06-16T12:00:00Z,35710.0
2026-06-16T13:00:00Z,34012.7
2026-06-16T14:00:00Z,35223.2
2026-06-16T15:00:00Z,33293.8
2026-06-16T16:00:00Z,32779.9
2026-06-16T17:00:00Z,30688.6
2026-06-16T18:00:00Z,29361.8
2026-06-16T19:00:00Z,28126.0
2026-06-16T20:00:00Z,26670.1
2026-06-16T21:00:00Z,25414.7
2026-06-16T22:00:00Z,24555.2
2026-06-16T23:00:00Z,23636.7
2026-06-17T00:00:00Z,23590.0
2026-06-17T01:00:00Z,24149.5
2026-06-17T02:00:00Z,25135.4
2026-06-17T03:00:00Z,25542.4
2026-06-17T04:00:00Z,26763.9
2026-06-17T05:00:00Z,28379.6
2026-06-17T06:00:00Z,30083.9
2026-06-17T07:00:00Z,30971.2
2026-06-17T08:00:00Z,33482.4
2026-06-17T09:00:00Z,33901.7
2026-06-17T10:00:00Z,34514.3
2026-06-17T11:00:00Z,36706.0
2026-06-17T12:00:00Z,36833.0
2026-06-17T13:00:00Z,35263.6
2026-06-17T14:00:00Z,34939.6
2026-06-17T15:00:00Z,34242.8
2026-06-17T16:00:00Z,33756.4
2026-06-17T17:00:00Z,32595.9
2026-06-17T18:00:00Z,29968.5
2026-06-17T19:00:00Z,28755.3
2026-06-17T20:00:00Z,27435.0
2026-06-17T21:00:00Z,25945.5
2026-06-17T22:00:00Z,24147.5
2026-06-17T23:00:00Z,24026.9
2026-06-18T00:00:00Z,23665.8
2026-06-18T01:00:00Z,24342.7
2026-06-18T02:00:00Z,25041.7
2026-06-18T03:00:00Z,25361.9
2026-06-18T04:00:00Z,26972.5
2026-06-18T05:00:00Z,28250.9
2026-06-18T06:00:00Z,29974.9
2026-06-18T07:00:00Z,32445.0
2026-06-18T08:00:00Z,32776.2
2026-06-18T09:00:00Z,34813.2
2026-06-18T10:00:00Z,34741.1
2026-06-18T11:00:00Z,35407.4
2026-06-18T12:00:00Z,36666.1
2026-06-18T13:00:00Z,36050.5
2026-06-18T14:00:00Z,35352.4
2026-06-18T15:00:00Z,33951.7
2026-06-18T16:00:00Z,33183.0
2026-06-18T17:00:00Z,30825.0
2026-06-18T18:00:00Z,29380.6
2026-06-18T19:00:00Z,29004.4
2026-06-18T20:00:00Z,27140.3
2026-06-18T21:00:00Z,25659.7
2026-06-18T22:00:00Z,24618.4
2026-06-18T23:00:00Z,25071.5
2026-06-19T00:00:00Z,23741.7
2026-06-19T01:00:00Z,24493.4
2026-06-19T02:00:00Z,25501.8
2026-06-19T03:00:00Z,26810.3
2026-06-19T04:00:00Z,28000.1
2026-06-19T05:00:00Z,28130.3
2026-06-19T06:00:00Z,30546.7
2026-06-19T07:00:00Z,32228.9
2026-06-19T08:00:00Z,33367.7
2026-06-19T09:00:00Z,34522.6
2026-06-19T10:00:00Z,35018.6
2026-06-19T11:00:00Z,36617.7
2026-06-19T12:00:00Z,36188.6
2026-06-19T13:00:00Z,35595.1
2026-06-19T14:00:00Z,35088.5
2026-06-19T15:00:00Z,34245.3
2026-06-19T16:00:00Z,33019.4
2026-06-19T17:00:00Z,32525.9
2026-06-19T18:00:00Z,29898.5
2026-06-19T19:00:00Z,28070.5
2026-06-19T20:00:00Z,27409.9
2026-06-19T21:00:00Z,25908.9
2026-06-19T22:00:00Z,24572.5
2026-06-19T23:00:00Z,23482.1
2026-06-20T00:00:00Z,21768.8
2026-06-20T01:00:00Z,22699.0
2026-06-20T02:00:00Z,23699.4
2026-06-20T03:00:00Z,24893.8
2026-06-20T04:00:00Z,24507.8
2026-06-20T05:00:00Z,26538.7
2026-06-20T06:00:00Z,28328.2
2026-06-20T07:00:00Z,30168.7
2026-06-20T08:00:00Z,31246.9
2026-06-20T09:00:00Z,33198.2
2026-06-20T10:00:00Z,34386.4
2026-06-20T11:00:00Z,34929.5
2026-06-20T12:00:00Z,34145.7
2026-06-20T13:00:00Z,35196.8
2026-06-20T14:00:00Z,33039.4
2026-06-20T15:00:00Z,32301.6
2026-06-20T16:00:00Z,32543.7
2026-06-20T17:00:00Z,29837.0
2026-06-20T18:00:00Z,28338.4
2026-06-20T19:00:00Z,26867.8
2026-06-20T20:00:00Z,25148.4
2026-06-20T21:00:00Z,25466.7
2026-06-20T22:00:00Z,23097.8
2026-06-20T23:00:00Z,23203.0
2026-06-21T00:00:00Z,22837.7
2026-06-21T01:00:00Z,22696.3
2026-06-21T02:00:00Z,24058.1
2026-06-21T03:00:00Z,24504.8
2026-06-21T04:00:00Z,25062.0
2026-06-21T05:00:00Z,27839.3
2026-06-21T06:00:00Z,27861.1
2026-06-21T07:00:00Z,30520.3
2026-06-21T08:00:00Z,31880.5
2026-06-21T09:00:00Z,33129.8
2026-06-21T10:00:00Z,33608.8
2026-06-21T11:00:00Z,34280.4
2026-06-21T12:00:00Z,34690.4
2026-06-21T13:00:00Z,34186.5
2026-06-21T14:00:00Z,33525.9
2026-06-21T15:00:00Z,33368.3
2026-06-21T16:00:00Z,32382.8
2026-06-21T17:00:00Z,29793.8
2026-06-21T18:00:00Z,29789.5
2026-06-21T19:00:00Z,27240.0
2026-06-21T20:00:00Z,26303.5
2026-06-21T21:00:00Z,23442.5
2026-06-21T22:00:00Z,23360.2
2026-06-21T23:00:00Z,22501.1
2026-06-22T00:00:00Z,24106.1
2026-06-22T01:00:00Z,24182.1
2026-06-22T02:00:00Z,25000.0
2026-06-22T03:00:00Z,25967.6
2026-06-22T04:00:00Z,28148.4
2026-06-22T05:00:00Z,28948.7
2026-06-22T06:00:00Z,30539.0
2026-06-22T07:00:00Z,32428.0
2026-06-22T08:00:00Z,33803.8
2026-06-22T09:00:00Z,35458.8
2026-06-22T10:00:00Z,35831.8
2026-06-22T11:00:00Z,35886.3
2026-06-22T12:00:00Z,36360.4
2026-06-22T13:00:00Z,36956.1
2026-06-22T14:00:00Z,36179.1
2026-06-22T15:00:00Z,34982.5
2026-06-22T16:00:00Z,33343.4
2026-06-22T17:00:00Z,31049.7
2026-06-22T18:00:00Z,31246.5
2026-06-22T19:00:00Z,29091.3
2026-06-22T20:00:00Z,26844.9
2026-06-22T21:00:00Z,25456.1
2026-06-22T22:00:00Z,24376.3
2026-06-22T23:00:00Z,24395.2
2026-06-23T00:00:00Z,25147.0
2026-06-23T01:00:00Z,24257.5
2026-06-23T02:00:00Z,25943.6
2026-06-23T03:00:00Z,26051.8
2026-06-23T04:00:00Z,27707.7
2026-06-23T05:00:00Z,28889.3
2026-06-23T06:00:00Z,31073.7
2026-06-23T07:00:00Z,31861.5
2026-06-23T08:00:00Z,33959.3
2026-06-23T09:00:00Z,35316.2
2026-06-23T10:00:00Z,36006.5
2026-06-23T11:00:00Z,36863.5
2026-06-23T12:00:00Z,36756.4
2026-06-23T13:00:00Z,36042.6
2026-06-23T14:00:00Z,34823.8
2026-06-23T15:00:00Z,34873.7
2026-06-23T16:00:00Z,33705.9
2026-06-23T17:00:00Z,33307.1
2026-06-23T18:00:00Z,31016.8
2026-06-23T19:00:00Z,28205.1
2026-06-23T20:00:00Z,28249.9
2026-06-23T21:00:00Z,26081.2
2026-06-23T22:00:00Z,25429.8
2026-06-23T23:00:00Z,24749.0
2026-06-24T00:00:00Z,24593.4
2026-06-24T01:00:00Z,24891.4
2026-06-24T02:00:00Z,24873.3
2026-06-24T03:00:00Z,26530.6
2026-06-24T04:00:00Z,28330.9
2026-06-24T05:00:00Z,28290.1
2026-06-24T06:00:00Z,29848.0
2026-06-24T07:00:00Z,32477.9
2026-06-24T08:00:00Z,33741.7
2026-06-24T09:00:00Z,35183.5
2026-06-24T10:00:00Z,37190.1
2026-06-24T11:00:00Z,36418.6
2026-06-24T12:00:00Z,36070.8
2026-06-24T13:00:00Z,35636.1
2026-06-24T14:00:00Z,36346.7
2026-06-24T15:00:00Z,34038.6
2026-06-24T16:00:00Z,33746.9
2026-06-24T17:00:00Z,32858.9
2026-06-24T18:00:00Z,30003.0
2026-06-24T19:00:00Z,29600.1
2026-06-24T20:00:00Z,27937.6
2026-06-24T21:00:00Z,27037.4
2026-06-24T22:00:00Z,26249.9
2026-06-24T23:00:00Z,24606.6
2026-06-25T00:00:00Z,24026.5
2026-06-25T01:00:00Z,25519.1
2026-06-25T02:00:00Z,25559.9
2026-06-25T03:00:00Z,26121.4
2026-06-25T04:00:00Z,27677.2
2026-06-25T05:00:00Z,29674.7
2026-06-25T06:00:00Z,30640.3
2026-06-25T07:00:00Z,32799.1
2026-06-25T08:00:00Z,34899.0
2026-06-25T09:00:00Z,35183.9
2026-06-25T10:00:00Z,35939.1
2026-06-25T11:00:00Z,36782.6
2026-06-25T12:00:00Z,35209.1
2026-06-25T13:00:00Z,37687.1
2026-06-25T14:00:00Z,36182.4
2026-06-25T15:00:00Z,35862.2
2026-06-25T16:00:00Z,33922.8
2026-06-25T17:00:00Z,31841.0
2026-06-25T18:00:00Z,30573.5
2026-06-25T19:00:00Z,29767.6
2026-06-25T20:00:00Z,27803.2
2026-06-25T21:00:00Z,26356.0
2026-06-25T22:00:00Z,25933.6
2026-06-25T23:00:00Z,24677.5
2026-06-26T00:00:00Z,25114.1
2026-06-26T01:00:00Z,24789.1
2026-06-26T02:00:00Z,27006.2
2026-06-26T03:00:00Z,26090.6
2026-06-26T04:00:00Z,27518.6
2026-06-26T05:00:00Z,29577.5
2026-06-26T06:00:00Z,30787.9
2026-06-26T07:00:00Z,32444.6
2026-06-26T08:00:00Z,34259.9
2026-06-26T09:00:00Z,34786.9
2026-06-26T10:00:00Z,36303.4
2026-06-26T11:00:00Z,38006.8
2026-06-26T12:00:00Z,36932.9
2026-06-26T13:00:00Z,36247.4
2026-06-26T14:00:00Z,36127.0
2026-06-26T15:00:00Z,34238.0
2026-06-26T16:00:00Z,34273.3
2026-06-26T17:00:00Z,31998.3
2026-06-26T18:00:00Z,30121.4
2026-06-26T19:00:00Z,28173.6
2026-06-26T20:00:00Z,28012.8
2026-06-26T21:00:00Z,26489.1
2026-06-26T22:00:00Z,25421.1
2026-06-26T23:00:00Z,25709.7
2026-06-27T00:00:00Z,23060.0
2026-06-27T01:00:00Z,24849.0
2026-06-27T02:00:00Z,23850.1
2026-06-27T03:00:00Z,25026.7
2026-06-27T04:00:00Z,26382.2
2026-06-27T05:00:00Z,27976.4
2026-06-27T06:00:00Z,29310.6
2026-06-27T07:00:00Z,30838.2
2026-06-27T08:00:00Z,32228.4
2026-06-27T09:00:00Z,34021.7
2026-06-27T10:00:00Z,34629.1
2026-06-27T11:00:00Z,35303.3
2026-06-27T12:00:00Z,34993.0
2026-06-27T13:00:00Z,34985.5
2026-06-27T14:00:00Z,34756.1
2026-06-27T15:00:00Z,33701.0
2026-06-27T16:00:00Z,32894.9
2026-06-27T17:00:00Z,32098.3
2026-06-27T18:00:00Z,28574.5
2026-06-27T19:00:00Z,28064.2
2026-06-27T20:00:00Z,25857.0
2026-06-27T21:00:00Z,24738.0
2026-06-27T22:00:00Z,24322.2
2026-06-27T23:00:00Z,23334.6
2026-06-28T00:00:00Z,23507.8
2026-06-28T01:00:00Z,23622.2
2026-06-28T02:00:00Z,23601.4
2026-06-28T03:00:00Z,24972.1
2026-06-28T04:00:00Z,25598.0
2026-06-28T05:00:00Z,27650.7
2026-06-28T06:00:00Z,29997.5
2026-06-28T07:00:00Z,31310.5
2026-06-28T08:00:00Z,31471.9
2026-06-28T09:00:00Z,33952.4
2026-06-28T10:00:00Z,34329.4
2026-06-28T11:00:00Z,35789.9
2026-06-28T12:00:00Z,34691.7
2026-06-28T13:00:00Z,34702.8
2026-06-28T14:00:00Z,35152.0
2026-06-28T15:00:00Z,34057.5
2026-06-28T16:00:00Z,32405.3
2026-06-28T17:00:00Z,31773.9
2026-06-28T18:00:00Z,29653.3
2026-06-28T19:00:00Z,27849.3
2026-06-28T20:00:00Z,26794.7
2026-06-28T21:00:00Z,25931.9
2026-06-28T22:00:00Z,24912.5
2026-06-28T23:00:00Z,23276.5
2026-06-29T00:00:00Z,25734.1
2026-06-29T01:00:00Z,25729.1
2026-06-29T02:00:00Z,26210.5
2026-06-29T03:00:00Z,26560.9
2026-06-29T04:00:00Z,29181.9
2026-06-29T05:00:00Z,29201.6
2026-06-29T06:00:00Z,31308.9
2026-06-29T07:00:00Z,33560.0
2026-06-29T08:00:00Z,35503.3
2026-06-29T09:00:00Z,34271.8
2026-06-29T10:00:00Z,37292.0
2026-06-29T11:00:00Z,37590.1
2026-06-29T12:00:00Z,37436.6
2026-06-29T13:00:00Z,37586.1
2026-06-29T14:00:00Z,36056.1
2026-06-29T15:00:00Z,35338.9
2026-06-29T16:00:00Z,34320.6
2026-06-29T17:00:00Z,33044.2
2026-06-29T18:00:00Z,31595.2
2026-06-29T19:00:00Z,29924.3
2026-06-29T20:00:00Z,28750.0
2026-06-29T21:00:00Z,27139.6
2026-06-29T22:00:00Z,26874.3
2026-06-29T23:00:00Z,25592.7
2026-06-30T00:00:00Z,26143.3
2026-06-30T01:00:00Z,25751.0
2026-06-30T02:00:00Z,26608.4
2026-06-30T03:00:00Z,26952.2
2026-06-30T04:00:00Z,28171.7
2026-06-30T05:00:00Z,29825.1
2026-06-30T06:00:00Z,31666.6
2026-06-30T07:00:00Z,33818.5
2026-06-30T08:00:00Z,33645.3
2026-06-30T09:00:00Z,37096.5
2026-06-30T10:00:00Z,36479.3
2026-06-30T11:00:00Z,37145.9
2026-06-30T12:00:00Z,37958.7
2026-06-30T13:00:00Z,37560.7
2026-06-30T14:00:00Z,37605.1
2026-06-30T15:00:00Z,35551.6
2026-06-30T16:00:00Z,35389.0
2026-06-30T17:00:00Z,32836.8
2026-06-30T18:00:00Z,31694.9
2026-06-30T19:00:00Z,28832.1
2026-06-30T20:00:00Z,29230.0
2026-06-30T21:00:00Z,26934.1
2026-06-30T22:00:00Z,27040.3
2026-06-30T23:00:00Z,25675.6
2026-07-01T00:00:00Z,25722.5
2026-07-01T01:00:00Z,25822.1
2026-07-01T02:00:00Z,25599.4
2026-07-01T03:00:00Z,27193.7
2026-07-01T04:00:00Z,27809.6
2026-07-01T05:00:00Z,29687.2
2026-07-01T06:00:00Z,31645.4
2026-07-01T07:00:00Z,32792.0
2026-07-01T08:00:00Z,34415.3
2026-07-01T09:00:00Z,36522.0
2026-07-01T10:00:00Z,36839.3
2026-07-01T11:00:00Z,37514.8
2026-07-01T12:00:00Z,38102.2
2026-07-01T13:00:00Z,37065.8
2026-07-01T14:00:00Z,37070.1
2026-07-01T15:00:00Z,35720.5
2026-07-01T16:00:00Z,34372.1
2026-07-01T17:00:00Z,32718.2
2026-07-01T18:00:00Z,30658.6
2026-07-01T19:00:00Z,30050.4
2026-07-01T20:00:00Z,28777.9
2026-07-01T21:00:00Z,26823.1
2026-07-01T22:00:00Z,25762.8
2026-07-01T23:00:00Z,24892.9
2026-07-02T00:00:00Z,26695.1
2026-07-02T01:00:00Z,25743.9
2026-07-02T02:00:00Z,26026.6
2026-07-02T03:00:00Z,26600.9
2026-07-02T04:00:00Z,29245.7
2026-07-02T05:00:00Z,30073.1
2026-07-02T06:00:00Z,31509.7
2026-07-02T07:00:00Z,32953.6
2026-07-02T08:00:00Z,34571.0
2026-07-02T09:00:00Z,35517.5
2026-07-02T10:00:00Z,36681.2
2026-07-02T11:00:00Z,38461.7
2026-07-02T12:00:00Z,37276.7
2026-07-02T13:00:00Z,37797.0
2026-07-02T14:00:00Z,37109.8
2026-07-02T15:00:00Z,36059.7
2026-07-02T16:00:00Z,35688.1
2026-07-02T17:00:00Z,34040.6
2026-07-02T18:00:00Z,32168.6
2026-07-02T19:00:00Z,30434.1
2026-07-02T20:00:00Z,28705.0
2026-07-02T21:00:00Z,27581.5
2026-07-02T22:00:00Z,26743.6
2026-07-02T23:00:00Z,25892.6
2026-07-03T00:00:00Z,25045.5
2026-07-03T01:00:00Z,25237.6
2026-07-03T02:00:00Z,27342.0
2026-07-03T03:00:00Z,27715.2
2026-07-03T04:00:00Z,28940.3
2026-07-03T05:00:00Z,30323.7
2026-07-03T06:00:00Z,32303.3
2026-07-03T07:00:00Z,34083.9
2026-07-03T08:00:00Z,34191.3
2026-07-03T09:00:00Z,36388.5
2026-07-03T10:00:00Z,38398.0
2026-07-03T11:00:00Z,38223.8
2026-07-03T12:00:00Z,38145.7
2026-07-03T13:00:00Z,38073.3
2026-07-03T14:00:00Z,36511.6
2026-07-03T15:00:00Z,35386.7
2026-07-03T16:00:00Z,34516.6
2026-07-03T17:00:00Z,32815.9
2026-07-03T18:00:00Z,32198.2
2026-07-03T19:00:00Z,30816.0
2026-07-03T20:00:00Z,28860.6
2026-07-03T21:00:00Z,27911.4
2026-07-03T22:00:00Z,26986.7
2026-07-03T23:00:00Z,25280.5
2026-07-04T00:00:00Z,24693.7
2026-07-04T01:00:00Z,25314.1
2026-07-04T02:00:00Z,24981.7
2026-07-04T03:00:00Z,26414.1
2026-07-04T04:00:00Z,27121.0
2026-07-04T05:00:00Z,28709.6
2026-07-04T06:00:00Z,29443.4
2026-07-04T07:00:00Z,30743.4
2026-07-04T08:00:00Z,32311.3
2026-07-04T09:00:00Z,34946.0
2026-07-04T10:00:00Z,35884.6
2026-07-04T11:00:00Z,36361.9
2026-07-04T12:00:00Z,36313.8
2026-07-04T13:00:00Z,35247.2
2026-07-04T14:00:00Z,35210.7
2026-07-04T15:00:00Z,34589.2
2026-07-04T16:00:00Z,32806.2
2026-07-04T17:00:00Z,31437.7
2026-07-04T18:00:00Z,31059.4
2026-07-04T19:00:00Z,28893.6
2026-07-04T20:00:00Z,27683.9
2026-07-04T21:00:00Z,25152.2
2026-07-04T22:00:00Z,24904.9
2026-07-04T23:00:00Z,22517.3
2026-07-05T00:00:00Z,24790.5
2026-07-05T01:00:00Z,24213.4
2026-07-05T02:00:00Z,23796.5
2026-07-05T03:00:00Z,24859.8
2026-07-05T04:00:00Z,27167.0
2026-07-05T05:00:00Z,28839.0
2026-07-05T06:00:00Z,30889.2
2026-07-05T07:00:00Z,31179.7
2026-07-05T08:00:00Z,34689.4
2026-07-05T09:00:00Z,34649.8
2026-07-05T10:00:00Z,36116.1
2026-07-05T11:00:00Z,35903.2
2026-07-05T12:00:00Z,36640.9
2026-07-05T13:00:00Z,35976.5
2026-07-05T14:00:00Z,36701.5
2026-07-05T15:00:00Z,34641.1
2026-07-05T16:00:00Z,32210.6
2026-07-05T17:00:00Z,32075.1
2026-07-05T18:00:00Z,31388.8
2026-07-05T19:00:00Z,28628.7
2026-07-05T20:00:00Z,27259.9
2026-07-05T21:00:00Z,26367.9
2026-07-05T22:00:00Z,26152.0
2026-07-05T23:00:00Z,24441.7
2026-07-06T00:00:00Z,25945.7
2026-07-06T01:00:00Z,26581.5
2026-07-06T02:00:00Z,26400.3
2026-07-06T03:00:00Z,27893.3
2026-07-06T04:00:00Z,29829.1
2026-07-06T05:00:00Z,30904.2
2026-07-06T06:00:00Z,32792.3
2026-07-06T07:00:00Z,33920.5
2026-07-06T08:00:00Z,34333.7
2026-07-06T09:00:00Z,36917.3
2026-07-06T10:00:00Z,38181.6
2026-07-06T11:00:00Z,37967.7
2026-07-06T12:00:00Z,38073.3
2026-07-06T13:00:00Z,38741.9
2026-07-06T14:00:00Z,37420.3
2026-07-06T15:00:00Z,35585.5
2026-07-06T16:00:00Z,35174.7
2026-07-06T17:00:00Z,34696.4
2026-07-06T18:00:00Z,32777.4
2026-07-06T19:00:00Z,29788.4
2026-07-06T20:00:00Z,28056.7
2026-07-06T21:00:00Z,28594.9
2026-07-06T22:00:00Z,26989.4
2026-07-06T23:00:00Z,25973.9
2026-07-07T00:00:00Z,25883.7
2026-07-07T01:00:00Z,26633.0
2026-07-07T02:00:00Z,27149.8
2026-07-07T03:00:00Z,27571.8
2026-07-07T04:00:00Z,29318.0
2026-07-07T05:00:00Z,31841.2
2026-07-07T06:00:00Z,32026.4
2026-07-07T07:00:00Z,34519.1
2026-07-07T08:00:00Z,35325.4
2026-07-07T09:00:00Z,36379.6
2026-07-07T10:00:00Z,37970.0
2026-07-07T11:00:00Z,39014.9
2026-07-07T12:00:00Z,38547.2
2026-07-07T13:00:00Z,37476.4
2026-07-07T14:00:00Z,38701.0
2026-07-07T15:00:00Z,36930.0
2026-07-07T16:00:00Z,34973.2
2026-07-07T17:00:00Z,33444.9
2026-07-07T18:00:00Z,31696.1
2026-07-07T19:00:00Z,31024.0
2026-07-07T20:00:00Z,29466.0
2026-07-07T21:00:00Z,27747.5
2026-07-07T22:00:00Z,27338.4
2026-07-07T23:00:00Z,26235.8
2026-07-08T00:00:00Z,26516.1
2026-07-08T01:00:00Z,27083.7
2026-07-08T02:00:00Z,26378.1
2026-07-08T03:00:00Z,28354.9
2026-07-08T04:00:00Z,30004.9
2026-07-08T05:00:00Z,31185.7
2026-07-08T06:00:00Z,32974.0
2026-07-08T07:00:00Z,34137.5
2026-07-08T08:00:00Z,35924.8
2026-07-08T09:00:00Z,36637.9
2026-07-08T10:00:00Z,37122.3
2026-07-08T11:00:00Z,37812.9
2026-07-08T12:00:00Z,37868.5
2026-07-08T13:00:00Z,38709.5
2026-07-08T14:00:00Z,37767.8
2026-07-08T15:00:00Z,36231.0
2026-07-08T16:00:00Z,34948.5
2026-07-08T17:00:00Z,33846.1
2026-07-08T18:00:00Z,32063.2
2026-07-08T19:00:00Z,30604.6
2026-07-08T20:00:00Z,28602.8
2026-07-08T21:00:00Z,27456.0
2026-07-08T22:00:00Z,27134.5
2026-07-08T23:00:00Z,26127.3
2026-07-09T00:00:00Z,25755.9
2026-07-09T01:00:00Z,26713.4
2026-07-09T02:00:00Z,27429.9
2026-07-09T03:00:00Z,28272.2
2026-07-09T04:00:00Z,29401.9
2026-07-09T05:00:00Z,30338.3
2026-07-09T06:00:00Z,31799.8
2026-07-09T07:00:00Z,34170.2
2026-07-09T08:00:00Z,35861.4
2026-07-09T09:00:00Z,36662.9
2026-07-09T10:00:00Z,37303.8
2026-07-09T11:00:00Z,38462.4
2026-07-09T12:00:00Z,38880.0
2026-07-09T13:00:00Z,38709.5
2026-07-09T14:00:00Z,38566.9
2026-07-09T15:00:00Z,36299.2
2026-07-09T16:00:00Z,34836.3
2026-07-09T17:00:00Z,34448.1
2026-07-09T18:00:00Z,32312.5
2026-07-09T19:00:00Z,31116.8
2026-07-09T20:00:00Z,29475.7
2026-07-09T21:00:00Z,27657.1
2026-07-09T22:00:00Z,27256.9
2026-07-09T23:00:00Z,26371.7
2026-07-10T00:00:00Z,27077.8
2026-07-10T01:00:00Z,26923.4
2026-07-10T02:00:00Z,27195.1
2026-07-10T03:00:00Z,28408.8
2026-07-10T04:00:00Z,29387.4
2026-07-10T05:00:00Z,31737.3
2026-07-10T06:00:00Z,32118.7
2026-07-10T07:00:00Z,34562.8
2026-07-10T08:00:00Z,35543.4
2026-07-10T09:00:00Z,36632.3
2026-07-10T10:00:00Z,36872.2
2026-07-10T11:00:00Z,38543.8
2026-07-10T12:00:00Z,39409.0
2026-07-10T13:00:00Z,39803.9
2026-07-10T14:00:00Z,38531.2
2026-07-10T15:00:00Z,37424.8
2026-07-10T16:00:00Z,35007.5
2026-07-10T17:00:00Z,33984.9
2026-07-10T18:00:00Z,33154.1
2026-07-10T19:00:00Z,30969.5
2026-07-10T20:00:00Z,29459.0
2026-07-10T21:00:00Z,28047.7
2026-07-10T22:00:00Z,26961.1
2026-07-10T23:00:00Z,26572.2
2026-07-11T00:00:00Z,24791.6
2026-07-11T01:00:00Z,24697.7
2026-07-11T02:00:00Z,26338.4
2026-07-11T03:00:00Z,26365.6
2026-07-11T04:00:00Z,28265.7
2026-07-11T05:00:00Z,29115.1
2026-07-11T06:00:00Z,31401.7
2026-07-11T07:00:00Z,32578.2
2026-07-11T08:00:00Z,33943.3
2026-07-11T09:00:00Z,35929.7
2026-07-11T10:00:00Z,36745.6
2026-07-11T11:00:00Z,37609.6
2026-07-11T12:00:00Z,36748.6
2026-07-11T13:00:00Z,36121.3
2026-07-11T14:00:00Z,36214.7
2026-07-11T15:00:00Z,34917.3
2026-07-11T16:00:00Z,34776.4
2026-07-11T17:00:00Z,32935.8
2026-07-11T18:00:00Z,31699.3
2026-07-11T19:00:00Z,29270.8
2026-07-11T20:00:00Z,28588.6
2026-07-11T21:00:00Z,26675.7
2026-07-11T22:00:00Z,25131.2
2026-07-11T23:00:00Z,24694.3
2026-07-12T00:00:00Z,25305.2
2026-07-12T01:00:00Z,24358.8
2026-07-12T02:00:00Z,27235.4
2026-07-12T03:00:00Z,27145.7
2026-07-12T04:00:00Z,27275.3
2026-07-12T05:00:00Z,29971.0
2026-07-12T06:00:00Z,31614.0
2026-07-12T07:00:00Z,32453.0
2026-07-12T08:00:00Z,33399.1
2026-07-12T09:00:00Z,35703.5
2026-07-12T10:00:00Z,37136.5
2026-07-12T11:00:00Z,36911.2
2026-07-12T12:00:00Z,36696.9
2026-07-12T13:00:00Z,37151.7
2026-07-12T14:00:00Z,37660.5
2026-07-12T15:00:00Z,35664.6
2026-07-12T16:00:00Z,33638.5
2026-07-12T17:00:00Z,32978.0
2026-07-12T18:00:00Z,31257.4
2026-07-12T19:00:00Z,29918.2
2026-07-12T20:00:00Z,27525.0
2026-07-12T21:00:00Z,27289.8
2026-07-12T22:00:00Z,27031.5
2026-07-12T23:00:00Z,25451.0
2026-07-13T00:00:00Z,26451.2
2026-07-13T01:00:00Z,25629.7
2026-07-13T02:00:00Z,27350.9
2026-07-13T03:00:00Z,29555.0
2026-07-13T04:00:00Z,30211.5
2026-07-13T05:00:00Z,31315.4
2026-07-13T06:00:00Z,32899.7
2026-07-13T07:00:00Z,34100.3
2026-07-13T08:00:00Z,36609.7
2026-07-13T09:00:00Z,38336.6
2026-07-13T10:00:00Z,38003.6
2026-07-13T11:00:00Z,38331.2
2026-07-13T12:00:00Z,39136.0
2026-07-13T13:00:00Z,38970.3
2026-07-13T14:00:00Z,38252.0
2026-07-13T15:00:00Z,37211.5
2026-07-13T16:00:00Z,35365.9
2026-07-13T17:00:00Z,35376.5
2026-07-13T18:00:00Z,33503.9
2026-07-13T19:00:00Z,31612.0
2026-07-13T20:00:00Z,30852.5
2026-07-13T21:00:00Z,29818.7
2026-07-13T22:00:00Z,27658.2
2026-07-13T23:00:00Z,27373.1
2026-07-14T00:00:00Z,27467.5
2026-07-14T01:00:00Z,27209.9
2026-07-14T02:00:00Z,28631.6
2026-07-14T03:00:00Z,28656.3
2026-07-14T04:00:00Z,29842.8
2026-07-14T05:00:00Z,32173.2
2026-07-14T06:00:00Z,32315.9
2026-07-14T07:00:00Z,34759.0
2026-07-14T08:00:00Z,36753.0
2026-07-14T09:00:00Z,36632.3
2026-07-14T10:00:00Z,37810.6
2026-07-14T11:00:00Z,39066.8
2026-07-14T12:00:00Z,39210.9
2026-07-14T13:00:00Z,38914.9
2026-07-14T14:00:00Z,38599.6
2026-07-14T15:00:00Z,37055.3
2026-07-14T16:00:00Z,37239.5
2026-07-14T17:00:00Z,33818.1
2026-07-14T18:00:00Z,32729.5
2026-07-14T19:00:00Z,31624.4
2026-07-14T20:00:00Z,29294.0
2026-07-14T21:00:00Z,28919.6
2026-07-14T22:00:00Z,27802.8
2026-07-14T23:00:00Z,27125.7
2026-07-15T00:00:00Z,26552.6
2026-07-15T01:00:00Z,27137.0
2026-07-15T02:00:00Z,27725.9
2026-07-15T03:00:00Z,28908.4
2026-07-15T04:00:00Z,29987.9
2026-07-15T05:00:00Z,31737.2
2026-07-15T06:00:00Z,33695.2
2026-07-15T07:00:00Z,34803.6
2026-07-15T08:00:00Z,36290.7
2026-07-15T09:00:00Z,37480.6
2026-07-15T10:00:00Z,39112.0
2026-07-15T11:00:00Z,38893.6
2026-07-15T12:00:00Z,39816.2
2026-07-15T13:00:00Z,39030.1
2026-07-15T14:00:00Z,38687.1
2026-07-15T15:00:00Z,37998.1
2026-07-15T16:00:00Z,36461.2
2026-07-15T17:00:00Z,35245.8
2026-07-15T18:00:00Z,34103.9
2026-07-15T19:00:00Z,31795.8
2026-07-15T20:00:00Z,30282.9
2026-07-15T21:00:00Z,28726.2
2026-07-15T22:00:00Z,27235.5
2026-07-15T23:00:00Z,27397.2
2026-07-16T00:00:00Z,26731.4
2026-07-16T01:00:00Z,27514.5
2026-07-16T02:00:00Z,28324.3
2026-07-16T03:00:00Z,29752.5
2026-07-16T04:00:00Z,30227.5
2026-07-16T05:00:00Z,31288.8
2026-07-16T06:00:00Z,34219.4
2026-07-16T07:00:00Z,35144.4
2026-07-16T08:00:00Z,36906.9
2026-07-16T09:00:00Z,37875.6
2026-07-16T10:00:00Z,39107.3
2026-07-16T11:00:00Z,39976.7
2026-07-16T12:00:00Z,40023.7
2026-07-16T13:00:00Z,40133.2
2026-07-16T14:00:00Z,38733.9
2026-07-16T15:00:00Z,38134.6
2026-07-16T16:00:00Z,36872.8
2026-07-16T17:00:00Z,35357.4
2026-07-16T18:00:00Z,32862.4
2026-07-16T19:00:00Z,32834.8
2026-07-16T20:00:00Z,31029.5
2026-07-16T21:00:00Z,28420.3
2026-07-16T22:00:00Z,28192.8
2026-07-16T23:00:00Z,27748.0
2026-07-17T00:00:00Z,28098.2
2026-07-17T01:00:00Z,27468.8
2026-07-17T02:00:00Z,28808.7
2026-07-17T03:00:00Z,29278.2
2026-07-17T04:00:00Z,30238.4
2026-07-17T05:00:00Z,31737.9
2026-07-17T06:00:00Z,33490.0
2026-07-17T07:00:00Z,34697.9
2026-07-17T08:00:00Z,36486.8
2026-07-17T09:00:00Z,37712.6
2026-07-17T10:00:00Z,38630.7
2026-07-17T11:00:00Z,39368.0
2026-07-17T12:00:00Z,39755.5
2026-07-17T13:00:00Z,39166.3
2026-07-17T14:00:00Z,38803.2
2026-07-17T15:00:00Z,38267.9
2026-07-17T16:00:00Z,36292.7
2026-07-17T17:00:00Z,35217.7
2026-07-17T18:00:00Z,34144.4
2026-07-17T19:00:00Z,32575.3
2026-07-17T20:00:00Z,30666.9
2026-07-17T21:00:00Z,29471.4
2026-07-17T22:00:00Z,27844.6
2026-07-17T23:00:00Z,27554.1
2026-07-18T00:00:00Z,26161.6
2026-07-18T01:00:00Z,25783.8
2026-07-18T02:00:00Z,25938.0
2026-07-18T03:00:00Z,28443.8
2026-07-18T04:00:00Z,28947.2
2026-07-18T05:00:00Z,30214.8
2026-07-18T06:00:00Z,32552.6
2026-07-18T07:00:00Z,33561.0
2026-07-18T08:00:00Z,34649.4
2026-07-18T09:00:00Z,36571.3
2026-07-18T10:00:00Z,37461.4
2026-07-18T11:00:00Z,36718.4
2026-07-18T12:00:00Z,39501.2
2026-07-18T13:00:00Z,37910.7
2026-07-18T14:00:00Z,36847.5
2026-07-18T15:00:00Z,36349.9
2026-07-18T16:00:00Z,34905.6
2026-07-18T17:00:00Z,32843.4
2026-07-18T18:00:00Z,32770.9
2026-07-18T19:00:00Z,30302.7
2026-07-18T20:00:00Z,28810.5
2026-07-18T21:00:00Z,28193.1
2026-07-18T22:00:00Z,26244.1
2026-07-18T23:00:00Z,27515.4
2026-07-19T00:00:00Z,25997.8
2026-07-19T01:00:00Z,25943.8
2026-07-19T02:00:00Z,26819.0
2026-07-19T03:00:00Z,27582.8
2026-07-19T04:00:00Z,29051.5
2026-07-19T05:00:00Z,31439.0
2026-07-19T06:00:00Z,31776.7
2026-07-19T07:00:00Z,34907.4
2026-07-19T08:00:00Z,35669.5
2026-07-19T09:00:00Z,36564.4
2026-07-19T10:00:00Z,37211.7
2026-07-19T11:00:00Z,38000.9
2026-07-19T12:00:00Z,38388.7
2026-07-19T13:00:00Z,38125.6
2026-07-19T14:00:00Z,37074.7
2026-07-19T15:00:00Z,35664.3
2026-07-19T16:00:00Z,35375.1
2026-07-19T17:00:00Z,33384.3
2026-07-19T18:00:00Z,32171.8
2026-07-19T19:00:00Z,29982.0
2026-07-19T20:00:00Z,29120.3
2026-07-19T21:00:00Z,28381.5
2026-07-19T22:00:00Z,26932.6
2026-07-19T23:00:00Z,27069.1
2026-07-20T00:00:00Z,28428.6
2026-07-20T01:00:00Z,28038.6
2026-07-20T02:00:00Z,28466.4
2026-07-20T03:00:00Z,30058.7
2026-07-20T04:00:00Z,30784.1
2026-07-20T05:00:00Z,31940.1
2026-07-20T06:00:00Z,33925.3
2026-07-20T07:00:00Z,35190.1
2026-07-20T08:00:00Z,37378.6
2026-07-20T09:00:00Z,38024.1
2026-07-20T10:00:00Z,39367.2
2026-07-20T11:00:00Z,40142.8
2026-07-20T12:00:00Z,39199.7
2026-07-20T13:00:00Z,39816.1
2026-07-20T14:00:00Z,39140.4
2026-07-20T15:00:00Z,38660.9
2026-07-20T16:00:00Z,36523.1
2026-07-20T17:00:00Z,36252.8
2026-07-20T18:00:00Z,34102.9
2026-07-20T19:00:00Z,32235.0
2026-07-20T20:00:00Z,30432.8
2026-07-20T21:00:00Z,29115.8
2026-07-20T22:00:00Z,28613.2
2026-07-20T23:00:00Z,28342.1
2026-07-21T00:00:00Z,28276.3
2026-07-21T01:00:00Z,28150.8
2026-07-21T02:00:00Z,28675.7
2026-07-21T03:00:00Z,29330.3
2026-07-21T04:00:00Z,31017.4
2026-07-21T05:00:00Z,32859.2
2026-07-21T06:00:00Z,33194.1
2026-07-21T07:00:00Z,35232.1
2026-07-21T08:00:00Z,37923.6
2026-07-21T09:00:00Z,39239.4
2026-07-21T10:00:00Z,39123.4
2026-07-21T11:00:00Z,40200.5
2026-07-21T12:00:00Z,40340.5
2026-07-21T13:00:00Z,40359.6
2026-07-21T14:00:00Z,40119.0
2026-07-21T15:00:00Z,38386.9
2026-07-21T16:00:00Z,37309.7
2026-07-21T17:00:00Z,35931.3
2026-07-21T18:00:00Z,34999.1
2026-07-21T19:00:00Z,33201.4
2026-07-21T20:00:00Z,31225.1
2026-07-21T21:00:00Z,29799.7
2026-07-21T22:00:00Z,28024.2
2026-07-21T23:00:00Z,28658.0
2026-07-22T00:00:00Z,28153.9
2026-07-22T01:00:00Z,28393.5
2026-07-22T02:00:00Z,29192.6
2026-07-22T03:00:00Z,30024.0
2026-07-22T04:00:00Z,30878.1
2026-07-22T05:00:00Z,31261.3
2026-07-22T06:00:00Z,34953.5
2026-07-22T07:00:00Z,35538.0
2026-07-22T08:00:00Z,37031.6
2026-07-22T09:00:00Z,38480.4
2026-07-22T10:00:00Z,39069.7
2026-07-22T11:00:00Z,39959.5
2026-07-22T12:00:00Z,40574.7
2026-07-22T13:00:00Z,39985.9
2026-07-22T14:00:00Z,38446.4
2026-07-22T15:00:00Z,38800.9
2026-07-22T16:00:00Z,37722.5
2026-07-22T17:00:00Z,36050.4
2026-07-22T18:00:00Z,33907.2
2026-07-22T19:00:00Z,33294.7
2026-07-22T20:00:00Z,31495.7
2026-07-22T21:00:00Z,30013.9
2026-07-22T22:00:00Z,28832.1
2026-07-22T23:00:00Z,28951.0
2026-07-23T00:00:00Z,28250.6
2026-07-23T01:00:00Z,27904.8
2026-07-23T02:00:00Z,29703.8
2026-07-23T03:00:00Z,29726.5
2026-07-23T04:00:00Z,30719.0
2026-07-23T05:00:00Z,33149.2
2026-07-23T06:00:00Z,34773.5
2026-07-23T07:00:00Z,35548.6
2026-07-23T08:00:00Z,36790.2
2026-07-23T09:00:00Z,39378.2
2026-07-23T10:00:00Z,39743.1
2026-07-23T11:00:00Z,40641.6
2026-07-23T12:00:00Z,40100.3
2026-07-23T13:00:00Z,40761.4
2026-07-23T14:00:00Z,39591.6
2026-07-23T15:00:00Z,37784.7
2026-07-23T16:00:00Z,37128.3
2026-07-23T17:00:00Z,36062.0
2026-07-23T18:00:00Z,34523.4
2026-07-23T19:00:00Z,32985.3
2026-07-23T20:00:00Z,30650.5
2026-07-23T21:00:00Z,30152.7
2026-07-23T22:00:00Z,28958.0
2026-07-23T23:00:00Z,28328.2
2026-07-24T00:00:00Z,28366.7
2026-07-24T01:00:00Z,29224.8
2026-07-24T02:00:00Z,29511.2
2026-07-24T03:00:00Z,29771.3
2026-07-24T04:00:00Z,31691.7
2026-07-24T05:00:00Z,32082.7
2026-07-24T06:00:00Z,33932.3
2026-07-24T07:00:00Z,35961.7
2026-07-24T08:00:00Z,36918.7
2026-07-24T09:00:00Z,39189.7
2026-07-24T10:00:00Z,39796.3
2026-07-24T11:00:00Z,41110.3
2026-07-24T12:00:00Z,40613.7
2026-07-24T13:00:00Z,40987.8
2026-07-24T14:00:00Z,40718.7
2026-07-24T15:00:00Z,37996.4
2026-07-24T16:00:00Z,36911.2
2026-07-24T17:00:00Z,36574.8
2026-07-24T18:00:00Z,34632.6
2026-07-24T19:00:00Z,32196.3
2026-07-24T20:00:00Z,32005.4
2026-07-24T21:00:00Z,30589.5
2026-07-24T22:00:00Z,28404.5
2026-07-24T23:00:00Z,28664.2
2026-07-25T00:00:00Z,26349.9
2026-07-25T01:00:00Z,27440.7
2026-07-25T02:00:00Z,27921.1
2026-07-25T03:00:00Z,28577.7
2026-07-25T04:00:00Z,30551.8
2026-07-25T05:00:00Z,31205.5
2026-07-25T06:00:00Z,33520.3
2026-07-25T07:00:00Z,35205.7
2026-07-25T08:00:00Z,36472.8
2026-07-25T09:00:00Z,36130.4
2026-07-25T10:00:00Z,38292.1
2026-07-25T11:00:00Z,38578.1
2026-07-25T12:00:00Z,38838.5
2026-07-25T13:00:00Z,38579.5
2026-07-25T14:00:00Z,38092.9
2026-07-25T15:00:00Z,37928.1
2026-07-25T16:00:00Z,35816.6
2026-07-25T17:00:00Z,34634.1
2026-07-25T18:00:00Z,33056.7
2026-07-25T19:00:00Z,31238.7
2026-07-25T20:00:00Z,29643.2
2026-07-25T21:00:00Z,28794.8
2026-07-25T22:00:00Z,27706.2
2026-07-25T23:00:00Z,26731.6
2026-07-26T00:00:00Z,26354.4
2026-07-26T01:00:00Z,27066.2
2026-07-26T02:00:00Z,28030.7
2026-07-26T03:00:00Z,28288.3
2026-07-26T04:00:00Z,30278.6
2026-07-26T05:00:00Z,31112.4
2026-07-26T06:00:00Z,32663.6
2026-07-26T07:00:00Z,34567.0
2026-07-26T08:00:00Z,35840.9
2026-07-26T09:00:00Z,37613.5
2026-07-26T10:00:00Z,39669.8
2026-07-26T11:00:00Z,37487.4
2026-07-26T12:00:00Z,38492.8
2026-07-26T13:00:00Z,39447.1
2026-07-26T14:00:00Z,39215.3
2026-07-26T15:00:00Z,36824.6
2026-07-26T16:00:00Z,36507.0
2026-07-26T17:00:00Z,34757.7
2026-07-26T18:00:00Z,33213.4
2026-07-26T19:00:00Z,32048.7
2026-07-26T20:00:00Z,30536.6
2026-07-26T21:00:00Z,28784.4
2026-07-26T22:00:00Z,27889.3
2026-07-26T23:00:00Z,26754.1
2026-07-27T00:00:00Z,28721.2
2026-07-27T01:00:00Z,29305.7
2026-07-27T02:00:00Z,29921.4
2026-07-27T03:00:00Z,31269.6
2026-07-27T04:00:00Z,32280.7
2026-07-27T05:00:00Z,33580.4
2026-07-27T06:00:00Z,35548.7
2026-07-27T07:00:00Z,35794.6
2026-07-27T08:00:00Z,37614.3
2026-07-27T09:00:00Z,38842.9
2026-07-27T10:00:00Z,40008.8
2026-07-27T11:00:00Z,41000.1
2026-07-27T12:00:00Z,40868.6
2026-07-27T13:00:00Z,40267.1
2026-07-27T14:00:00Z,39581.3
2026-07-27T15:00:00Z,39540.5
2026-07-27T16:00:00Z,38256.0
2026-07-27T17:00:00Z,36906.6
2026-07-27T18:00:00Z,34368.0
2026-07-27T19:00:00Z,33302.6
2026-07-27T20:00:00Z,32265.2
2026-07-27T21:00:00Z,30637.7
2026-07-27T22:00:00Z,29478.4
2026-07-27T23:00:00Z,29213.7
2026-07-28T00:00:00Z,28409.6
2026-07-28T01:00:00Z,29758.6
2026-07-28T02:00:00Z,29825.1
2026-07-28T03:00:00Z,29767.2
2026-07-28T04:00:00Z,32157.1
2026-07-28T05:00:00Z,33524.4
2026-07-28T06:00:00Z,35033.8
2026-07-28T07:00:00Z,36370.9
2026-07-28T08:00:00Z,37698.1
2026-07-28T09:00:00Z,38819.2
2026-07-28T10:00:00Z,39248.7
2026-07-28T11:00:00Z,40321.7
2026-07-28T12:00:00Z,41574.5
