timestamp,demand_mwh
2025-06-23T13:00:00Z,70785.1
2025-06-23T14:00:00Z,70077.6
2025-06-23T15:00:00Z,69498.6
2025-06-23T16:00:00Z,66080.5
2025-06-23T17:00:00Z,64228.0
2025-06-23T18:00:00Z,61391.7
2025-06-23T19:00:00Z,56011.8
2025-06-23T20:00:00Z,55576.3
2025-06-23T21:00:00Z,51460.5
2025-06-23T22:00:00Z,52246.6
2025-06-23T23:00:00Z,49671.3
2025-06-24T00:00:00Z,48217.0
2025-06-24T01:00:00Z,49371.4
2025-06-24T02:00:00Z,50588.9
2025-06-24T03:00:00Z,52619.3
2025-06-24T04:00:00Z,56183.7
2025-06-24T05:00:00Z,58226.2
2025-06-24T06:00:00Z,62478.2
2025-06-24T07:00:00Z,64566.6
2025-06-24T08:00:00Z,66657.9
2025-06-24T09:00:00Z,67801.4
2025-06-24T10:00:00Z,69680.4
2025-06-24T11:00:00Z,72657.4
2025-06-24T12:00:00Z,73556.4
2025-06-24T13:00:00Z,73901.3
2025-06-24T14:00:00Z,70631.8
2025-06-24T15:00:00Z,69410.6
2025-06-24T16:00:00Z,66019.9
2025-06-24T17:00:00Z,63505.5
2025-06-24T18:00:00Z,58521.0
2025-06-24T19:00:00Z,58433.1
2025-06-24T20:00:00Z,54058.6
2025-06-24T21:00:00Z,52215.3
2025-06-24T22:00:00Z,50820.7
2025-06-24T23:00:00Z,49509.6
2025-06-25T00:00:00Z,47669.8
2025-06-25T01:00:00Z,50925.1
2025-06-25T02:00:00Z,51365.0
2025-06-25T03:00:00Z,53022.0
2025-06-25T04:00:00Z,54353.3
2025-06-25T05:00:00Z,56311.2
2025-06-25T06:00:00Z,59404.5
2025-06-25T07:00:00Z,63951.7
2025-06-25T08:00:00Z,67229.1
2025-06-25T09:00:00Z,68857.4
2025-06-25T10:00:00Z,73316.5
2025-06-25T11:00:00Z,72985.5
2025-06-25T12:00:00Z,74096.6
2025-06-25T13:00:00Z,73593.6
2025-06-25T14:00:00Z,70404.0
2025-06-25T15:00:00Z,70562.0
2025-06-25T16:00:00Z,67519.9
2025-06-25T17:00:00Z,62886.9
2025-06-25T18:00:00Z,61768.3
2025-06-25T19:00:00Z,58999.1
2025-06-25T20:00:00Z,55996.5
2025-06-25T21:00:00Z,53576.1
2025-06-25T22:00:00Z,49188.1
2025-06-25T23:00:00Z,49151.8
2025-06-26T00:00:00Z,48674.7
2025-06-26T01:00:00Z,49688.0
2025-06-26T02:00:00Z,50944.2
2025-06-26T03:00:00Z,53883.7
2025-06-26T04:00:00Z,56004.2
2025-06-26T05:00:00Z,57323.0
2025-06-26T06:00:00Z,62180.2
2025-06-26T07:00:00Z,66027.3
2025-06-26T08:00:00Z,67608.5
2025-06-26T09:00:00Z,68284.8
2025-06-26T10:00:00Z,71064.7
2025-06-26T11:00:00Z,72735.9
2025-06-26T12:00:00Z,71696.5
2025-06-26T13:00:00Z,72777.3
2025-06-26T14:00:00Z,70434.0
2025-06-26T15:00:00Z,70593.0
2025-06-26T16:00:00Z,67988.2
2025-06-26T17:00:00Z,64317.3
2025-06-26T18:00:00Z,60014.6
2025-06-26T19:00:00Z,58446.0
2025-06-26T20:00:00Z,54608.6
2025-06-26T21:00:00Z,52062.0
2025-06-26T22:00:00Z,51952.3
2025-06-26T23:00:00Z,48873.0
2025-06-27T00:00:00Z,48074.8
2025-06-27T01:00:00Z,50662.0
2025-06-27T02:00:00Z,52858.0
2025-06-27T03:00:00Z,54603.8
2025-06-27T04:00:00Z,56268.0
2025-06-27T05:00:00Z,60491.5
2025-06-27T06:00:00Z,61152.5
2025-06-27T07:00:00Z,66813.7
2025-06-27T08:00:00Z,69643.2
2025-06-27T09:00:00Z,69687.9
2025-06-27T10:00:00Z,72361.9
2025-06-27T11:00:00Z,71858.6
2025-06-27T12:00:00Z,72531.0
2025-06-27T13:00:00Z,73719.3
2025-06-27T14:00:00Z,70778.3
2025-06-27T15:00:00Z,70247.5
2025-06-27T16:00:00Z,68000.4
2025-06-27T17:00:00Z,64769.6
2025-06-27T18:00:00Z,62492.2
2025-06-27T19:00:00Z,60356.1
2025-06-27T20:00:00Z,55680.0
2025-06-27T21:00:00Z,54014.2
2025-06-27T22:00:00Z,52593.0
2025-06-27T23:00:00Z,49429.2
2025-06-28T00:00:00Z,45694.1
2025-06-28T01:00:00Z,44332.9
2025-06-28T02:00:00Z,48414.9
2025-06-28T03:00:00Z,50957.6
2025-06-28T04:00:00Z,52835.1
2025-06-28T05:00:00Z,57415.4
2025-06-28T06:00:00Z,59962.7
2025-06-28T07:00:00Z,62366.6
2025-06-28T08:00:00Z,64415.3
2025-06-28T09:00:00Z,66065.6
2025-06-28T10:00:00Z,68975.6
2025-06-28T11:00:00Z,70573.6
2025-06-28T12:00:00Z,70413.6
2025-06-28T13:00:00Z,69763.3
2025-06-28T14:00:00Z,68479.0
2025-06-28T15:00:00Z,67654.2
2025-06-28T16:00:00Z,62736.9
2025-06-28T17:00:00Z,61228.2
2025-06-28T18:00:00Z,58500.5
2025-06-28T19:00:00Z,56008.5
2025-06-28T20:00:00Z,53109.0
2025-06-28T21:00:00Z,49677.7
2025-06-28T22:00:00Z,47403.8
2025-06-28T23:00:00Z,45609.7
2025-06-29T00:00:00Z,47787.8
2025-06-29T01:00:00Z,47614.5
2025-06-29T02:00:00Z,48436.9
2025-06-29T03:00:00Z,49414.9
2025-06-29T04:00:00Z,51508.0
2025-06-29T05:00:00Z,56723.4
2025-06-29T06:00:00Z,58656.7
2025-06-29T07:00:00Z,62262.8
2025-06-29T08:00:00Z,66506.1
2025-06-29T09:00:00Z,65649.9
2025-06-29T10:00:00Z,68326.4
2025-06-29T11:00:00Z,70680.3
2025-06-29T12:00:00Z,71349.1
2025-06-29T13:00:00Z,69262.0
2025-06-29T14:00:00Z,69025.1
2025-06-29T15:00:00Z,66581.9
2025-06-29T16:00:00Z,64111.3
2025-06-29T17:00:00Z,62174.0
2025-06-29T18:00:00Z,58866.2
2025-06-29T19:00:00Z,56733.2
2025-06-29T20:00:00Z,53251.5
2025-06-29T21:00:00Z,51649.4
2025-06-29T22:00:00Z,47405.0
2025-06-29T23:00:00Z,47437.3
2025-06-30T00:00:00Z,48765.0
2025-06-30T01:00:00Z,48927.4
2025-06-30T02:00:00Z,50399.5
2025-06-30T03:00:00Z,54432.1
2025-06-30T04:00:00Z,56411.0
2025-06-30T05:00:00Z,57465.7
2025-06-30T06:00:00Z,63546.5
2025-06-30T07:00:00Z,66321.6
2025-06-30T08:00:00Z,68068.4
2025-06-30T09:00:00Z,70502.3
2025-06-30T10:00:00Z,72648.8
2025-06-30T11:00:00Z,72636.0
2025-06-30T12:00:00Z,76636.8
2025-06-30T13:00:00Z,73392.1
2025-06-30T14:00:00Z,72463.4
2025-06-30T15:00:00Z,70415.4
2025-06-30T16:00:00Z,67572.7
2025-06-30T17:00:00Z,64425.1
2025-06-30T18:00:00Z,62555.9
2025-06-30T19:00:00Z,57854.6
2025-06-30T20:00:00Z,55140.0
2025-06-30T21:00:00Z,52880.8
2025-06-30T22:00:00Z,52589.9
2025-06-30T23:00:00Z,49572.7
2025-07-01T00:00:00Z,49402.2
2025-07-01T01:00:00Z,51143.5
2025-07-01T02:00:00Z,50877.6
2025-07-01T03:00:00Z,53604.9
2025-07-01T04:00:00Z,57325.5
2025-07-01T05:00:00Z,59749.8
2025-07-01T06:00:00Z,62485.6
2025-07-01T07:00:00Z,67108.7
2025-07-01T08:00:00Z,68058.6
2025-07-01T09:00:00Z,70363.7
2025-07-01T10:00:00Z,71122.0
2025-07-01T11:00:00Z,74127.0
2025-07-01T12:00:00Z,75139.3
2025-07-01T13:00:00Z,73420.0
2025-07-01T14:00:00Z,74783.1
2025-07-01T15:00:00Z,71999.8
2025-07-01T16:00:00Z,69407.2
2025-07-01T17:00:00Z,64356.8
2025-07-01T18:00:00Z,62746.0
2025-07-01T19:00:00Z,59701.3
2025-07-01T20:00:00Z,54369.3
2025-07-01T21:00:00Z,53904.3
2025-07-01T22:00:00Z,51770.1
2025-07-01T23:00:00Z,49060.0
2025-07-02T00:00:00Z,51135.8
2025-07-02T01:00:00Z,53115.6
2025-07-02T02:00:00Z,53011.1
2025-07-02T03:00:00Z,53312.9
2025-07-02T04:00:00Z,56407.5
2025-07-02T05:00:00Z,60704.6
2025-07-02T06:00:00Z,61854.6
2025-07-02T07:00:00Z,66171.6
2025-07-02T08:00:00Z,68754.6
2025-07-02T09:00:00Z,71399.8
2025-07-02T10:00:00Z,74801.2
2025-07-02T11:00:00Z,72803.8
2025-07-02T12:00:00Z,75929.4
2025-07-02T13:00:00Z,74607.8
2025-07-02T14:00:00Z,73043.2
2025-07-02T15:00:00Z,69543.3
2025-07-02T16:00:00Z,69035.7
2025-07-02T17:00:00Z,65406.1
2025-07-02T18:00:00Z,59736.0
2025-07-02T19:00:00Z,58196.5
2025-07-02T20:00:00Z,55461.8
2025-07-02T21:00:00Z,53154.1
2025-07-02T22:00:00Z,51641.6
2025-07-02T23:00:00Z,50215.4
2025-07-03T00:00:00Z,52459.6
2025-07-03T01:00:00Z,52376.3
2025-07-03T02:00:00Z,52422.1
2025-07-03T03:00:00Z,55820.6
2025-07-03T04:00:00Z,59069.8
2025-07-03T05:00:00Z,60317.9
2025-07-03T06:00:00Z,61612.6
2025-07-03T07:00:00Z,66442.6
2025-07-03T08:00:00Z,70412.7
2025-07-03T09:00:00Z,70460.5
2025-07-03T10:00:00Z,73375.4
2025-07-03T11:00:00Z,75532.2
2025-07-03T12:00:00Z,76192.7
2025-07-03T13:00:00Z,75446.0
2025-07-03T14:00:00Z,73761.2
2025-07-03T15:00:00Z,71328.6
2025-07-03T16:00:00Z,68400.2
2025-07-03T17:00:00Z,67078.1
2025-07-03T18:00:00Z,63881.3
2025-07-03T19:00:00Z,59340.1
2025-07-03T20:00:00Z,56226.3
2025-07-03T21:00:00Z,55692.8
2025-07-03T22:00:00Z,53518.4
2025-07-03T23:00:00Z,50533.9
2025-07-04T00:00:00Z,49475.1
2025-07-04T01:00:00Z,51668.2
2025-07-04T02:00:00Z,53568.5
2025-07-04T03:00:00Z,55637.8
2025-07-04T04:00:00Z,57987.6
2025-07-04T05:00:00Z,58513.8
2025-07-04T06:00:00Z,63237.0
2025-07-04T07:00:00Z,65922.2
2025-07-04T08:00:00Z,68472.8
2025-07-04T09:00:00Z,74363.1
2025-07-04T10:00:00Z,73625.9
2025-07-04T11:00:00Z,75084.7
2025-07-04T12:00:00Z,74937.1
2025-07-04T13:00:00Z,75518.7
2025-07-04T14:00:00Z,74800.1
2025-07-04T15:00:00Z,71425.3
2025-07-04T16:00:00Z,69184.2
2025-07-04T17:00:00Z,65856.8
2025-07-04T18:00:00Z,62157.4
2025-07-04T19:00:00Z,59882.7
2025-07-04T20:00:00Z,57510.8
2025-07-04T21:00:00Z,54682.3
2025-07-04T22:00:00Z,52501.6
2025-07-04T23:00:00Z,49655.2
2025-07-05T00:00:00Z,48366.9
2025-07-05T01:00:00Z,48607.3
2025-07-05T02:00:00Z,51185.4
2025-07-05T03:00:00Z,50907.3
2025-07-05T04:00:00Z,52655.3
2025-07-05T05:00:00Z,55009.2
2025-07-05T06:00:00Z,59419.3
2025-07-05T07:00:00Z,63116.6
2025-07-05T08:00:00Z,66347.0
2025-07-05T09:00:00Z,66995.8
2025-07-05T10:00:00Z,69934.4
2025-07-05T11:00:00Z,72725.5
2025-07-05T12:00:00Z,72181.5
2025-07-05T13:00:00Z,71364.9
2025-07-05T14:00:00Z,70132.1
2025-07-05T15:00:00Z,66998.8
2025-07-05T16:00:00Z,64678.1
2025-07-05T17:00:00Z,62654.6
2025-07-05T18:00:00Z,61296.2
2025-07-05T19:00:00Z,58103.8
2025-07-05T20:00:00Z,53882.3
2025-07-05T21:00:00Z,52170.5
2025-07-05T22:00:00Z,50051.8
2025-07-05T23:00:00Z,49589.8
2025-07-06T00:00:00Z,47555.4
2025-07-06T01:00:00Z,48939.8
2025-07-06T02:00:00Z,50833.3
2025-07-06T03:00:00Z,50526.6
2025-07-06T04:00:00Z,54220.0
2025-07-06T05:00:00Z,57450.9
2025-07-06T06:00:00Z,60740.2
2025-07-06T07:00:00Z,63964.1
2025-07-06T08:00:00Z,66942.9
2025-07-06T09:00:00Z,69853.6
2025-07-06T10:00:00Z,72162.8
2025-07-06T11:00:00Z,72347.8
2025-07-06T12:00:00Z,74590.5
2025-07-06T13:00:00Z,71495.7
2025-07-06T14:00:00Z,70575.6
2025-07-06T15:00:00Z,69183.7
2025-07-06T16:00:00Z,65577.4
2025-07-06T17:00:00Z,61973.2
2025-07-06T18:00:00Z,59013.0
2025-07-06T19:00:00Z,58385.4
2025-07-06T20:00:00Z,53653.7
2025-07-06T21:00:00Z,50468.2
2025-07-06T22:00:00Z,51796.3
2025-07-06T23:00:00Z,49071.1
2025-07-07T00:00:00Z,52075.2
2025-07-07T01:00:00Z,51323.7
2025-07-07T02:00:00Z,53766.3
2025-07-07T03:00:00Z,54893.9
2025-07-07T04:00:00Z,58146.4
2025-07-07T05:00:00Z,60780.0
2025-07-07T06:00:00Z,63691.6
2025-07-07T07:00:00Z,67255.8
2025-07-07T08:00:00Z,69038.2
2025-07-07T09:00:00Z,72015.5
2025-07-07T10:00:00Z,73559.4
2025-07-07T11:00:00Z,75948.5
2025-07-07T12:00:00Z,76679.7
2025-07-07T13:00:00Z,76364.8
2025-07-07T14:00:00Z,72416.2
2025-07-07T15:00:00Z,74172.5
2025-07-07T16:00:00Z,69722.0
2025-07-07T17:00:00Z,66912.0
2025-07-07T18:00:00Z,63866.1
2025-07-07T19:00:00Z,60734.5
2025-07-07T20:00:00Z,59148.0
2025-07-07T21:00:00Z,55522.7
2025-07-07T22:00:00Z,53778.0
2025-07-07T23:00:00Z,53227.6
2025-07-08T00:00:00Z,53433.7
2025-07-08T01:00:00Z,51506.6
2025-07-08T02:00:00Z,52505.6
2025-07-08T03:00:00Z,53715.1
2025-07-08T04:00:00Z,56230.0
2025-07-08T05:00:00Z,61357.5
2025-07-08T06:00:00Z,64262.7
2025-07-08T07:00:00Z,67260.6
2025-07-08T08:00:00Z,70536.7
2025-07-08T09:00:00Z,73001.2
2025-07-08T10:00:00Z,75812.7
2025-07-08T11:00:00Z,77529.9
2025-07-08T12:00:00Z,75426.6
2025-07-08T13:00:00Z,77325.3
2025-07-08T14:00:00Z,75693.0
2025-07-08T15:00:00Z,71909.5
2025-07-08T16:00:00Z,70399.9
2025-07-08T17:00:00Z,66881.2
2025-07-08T18:00:00Z,62493.9
2025-07-08T19:00:00Z,61117.3
2025-07-08T20:00:00Z,56539.3
2025-07-08T21:00:00Z,55719.4
2025-07-08T22:00:00Z,52715.0
2025-07-08T23:00:00Z,52222.9
2025-07-09T00:00:00Z,53201.9
2025-07-09T01:00:00Z,52923.0
2025-07-09T02:00:00Z,53205.7
2025-07-09T03:00:00Z,56153.3
2025-07-09T04:00:00Z,59111.5
2025-07-09T05:00:00Z,62296.6
2025-07-09T06:00:00Z,63613.8
2025-07-09T07:00:00Z,68698.1
2025-07-09T08:00:00Z,70300.8
2025-07-09T09:00:00Z,72418.0
2025-07-09T10:00:00Z,76064.7
2025-07-09T11:00:00Z,76715.4
2025-07-09T12:00:00Z,77182.3
2025-07-09T13:00:00Z,76224.3
2025-07-09T14:00:00Z,73087.5
2025-07-09T15:00:00Z,73436.2
2025-07-09T16:00:00Z,71039.7
2025-07-09T17:00:00Z,67456.2
2025-07-09T18:00:00Z,66150.0
2025-07-09T19:00:00Z,61466.5
2025-07-09T20:00:00Z,60134.0
2025-07-09T21:00:00Z,57127.4
2025-07-09T22:00:00Z,53352.8
2025-07-09T23:00:00Z,51994.8
2025-07-10T00:00:00Z,52349.8
2025-07-10T01:00:00Z,53030.0
2025-07-10T02:00:00Z,54975.7
2025-07-10T03:00:00Z,55597.9
2025-07-10T04:00:00Z,57645.9
2025-07-10T05:00:00Z,63753.0
2025-07-10T06:00:00Z,64763.4
2025-07-10T07:00:00Z,68139.9
2025-07-10T08:00:00Z,72512.0
2025-07-10T09:00:00Z,73375.4
2025-07-10T10:00:00Z,72852.2
2025-07-10T11:00:00Z,76861.3
2025-07-10T12:00:00Z,76170.5
2025-07-10T13:00:00Z,77382.0
2025-07-10T14:00:00Z,73377.1
2025-07-10T15:00:00Z,73455.8
2025-07-10T16:00:00Z,71578.6
2025-07-10T17:00:00Z,69286.7
2025-07-10T18:00:00Z,65722.6
2025-07-10T19:00:00Z,62570.6
2025-07-10T20:00:00Z,58720.3
2025-07-10T21:00:00Z,56207.6
2025-07-10T22:00:00Z,53311.1
2025-07-10T23:00:00Z,54076.1
2025-07-11T00:00:00Z,54506.5
2025-07-11T01:00:00Z,53973.2
2025-07-11T02:00:00Z,53696.2
2025-07-11T03:00:00Z,55077.4
2025-07-11T04:00:00Z,58460.4
2025-07-11T05:00:00Z,63459.2
2025-07-11T06:00:00Z,65174.9
2025-07-11T07:00:00Z,67155.0
2025-07-11T08:00:00Z,70677.3
2025-07-11T09:00:00Z,74350.9
2025-07-11T10:00:00Z,74789.7
2025-07-11T11:00:00Z,76173.5
2025-07-11T12:00:00Z,76521.0
2025-07-11T13:00:00Z,75756.3
2025-07-11T14:00:00Z,77386.7
2025-07-11T15:00:00Z,72728.5
2025-07-11T16:00:00Z,71307.4
2025-07-11T17:00:00Z,69310.5
2025-07-11T18:00:00Z,64899.7
2025-07-11T19:00:00Z,61484.9
2025-07-11T20:00:00Z,58830.7
2025-07-11T21:00:00Z,56486.9
2025-07-11T22:00:00Z,54365.8
2025-07-11T23:00:00Z,52927.3
2025-07-12T00:00:00Z,49477.9
2025-07-12T01:00:00Z,50384.5
2025-07-12T02:00:00Z,53236.1
2025-07-12T03:00:00Z,52981.3
2025-07-12T04:00:00Z,56687.4
2025-07-12T05:00:00Z,58610.1
2025-07-12T06:00:00Z,60954.4
2025-07-12T07:00:00Z,63887.7
2025-07-12T08:00:00Z,68266.5
2025-07-12T09:00:00Z,69138.2
2025-07-12T10:00:00Z,72791.7
2025-07-12T11:00:00Z,73219.7
2025-07-12T12:00:00Z,75655.4
2025-07-12T13:00:00Z,72522.0
2025-07-12T14:00:00Z,73447.2
2025-07-12T15:00:00Z,71827.7
2025-07-12T16:00:00Z,68770.3
2025-07-12T17:00:00Z,64510.6
2025-07-12T18:00:00Z,62271.8
2025-07-12T19:00:00Z,58942.4
2025-07-12T20:00:00Z,55751.0
2025-07-12T21:00:00Z,54304.3
2025-07-12T22:00:00Z,51411.7
2025-07-12T23:00:00Z,50527.7
2025-07-13T00:00:00Z,51209.9
2025-07-13T01:00:00Z,50435.6
2025-07-13T02:00:00Z,51378.6
2025-07-13T03:00:00Z,53858.2
2025-07-13T04:00:00Z,55654.6
2025-07-13T05:00:00Z,56750.7
2025-07-13T06:00:00Z,61669.3
2025-07-13T07:00:00Z,65128.9
2025-07-13T08:00:00Z,67029.9
2025-07-13T09:00:00Z,68829.0
2025-07-13T10:00:00Z,73067.6
2025-07-13T11:00:00Z,73155.1
2025-07-13T12:00:00Z,74863.2
2025-07-13T13:00:00Z,74275.4
2025-07-13T14:00:00Z,74133.6
2025-07-13T15:00:00Z,71274.4
2025-07-13T16:00:00Z,69113.5
2025-07-13T17:00:00Z,66662.3
2025-07-13T18:00:00Z,61834.1
2025-07-13T19:00:00Z,60166.4
2025-07-13T20:00:00Z,57348.5
2025-07-13T21:00:00Z,51858.9
2025-07-13T22:00:00Z,50680.3
2025-07-13T23:00:00Z,50682.2
2025-07-14T00:00:00Z,55436.1
2025-07-14T01:00:00Z,53799.9
2025-07-14T02:00:00Z,54053.8
2025-07-14T03:00:00Z,55668.7
2025-07-14T04:00:00Z,60050.4
2025-07-14T05:00:00Z,62854.4
2025-07-14T06:00:00Z,65112.9
2025-07-14T07:00:00Z,69168.6
2025-07-14T08:00:00Z,71408.4
2025-07-14T09:00:00Z,75411.8
2025-07-14T10:00:00Z,74789.2
2025-07-14T11:00:00Z,76911.3
2025-07-14T12:00:00Z,78911.8
2025-07-14T13:00:00Z,76755.6
2025-07-14T14:00:00Z,75315.3
2025-07-14T15:00:00Z,73970.0
2025-07-14T16:00:00Z,73603.7
2025-07-14T17:00:00Z,69127.0
2025-07-14T18:00:00Z,67143.6
2025-07-14T19:00:00Z,61695.6
2025-07-14T20:00:00Z,59510.6
2025-07-14T21:00:00Z,57899.9
2025-07-14T22:00:00Z,55542.6
2025-07-14T23:00:00Z,53557.1
2025-07-15T00:00:00Z,51703.3
2025-07-15T01:00:00Z,54868.4
2025-07-15T02:00:00Z,56290.6
2025-07-15T03:00:00Z,57928.7
2025-07-15T04:00:00Z,58254.2
2025-07-15T05:00:00Z,61430.5
2025-07-15T06:00:00Z,65377.8
2025-07-15T07:00:00Z,68057.3
2025-07-15T08:00:00Z,73031.8
2025-07-15T09:00:00Z,73385.3
2025-07-15T10:00:00Z,76061.5
2025-07-15T11:00:00Z,76487.2
2025-07-15T12:00:00Z,76263.6
2025-07-15T13:00:00Z,78585.5
2025-07-15T14:00:00Z,76545.7
2025-07-15T15:00:00Z,73766.3
2025-07-15T16:00:00Z,71994.1
2025-07-15T17:00:00Z,66889.7
2025-07-15T18:00:00Z,67517.0
2025-07-15T19:00:00Z,61791.3
2025-07-15T20:00:00Z,58009.1
2025-07-15T21:00:00Z,56362.7
2025-07-15T22:00:00Z,55728.2
2025-07-15T23:00:00Z,54309.2
2025-07-16T00:00:00Z,54810.0
2025-07-16T01:00:00Z,55247.8
2025-07-16T02:00:00Z,55802.6
2025-07-16T03:00:00Z,58699.3
2025-07-16T04:00:00Z,58344.4
2025-07-16T05:00:00Z,63543.6
2025-07-16T06:00:00Z,66661.7
2025-07-16T07:00:00Z,69660.6
2025-07-16T08:00:00Z,72059.9
2025-07-16T09:00:00Z,74183.5
2025-07-16T10:00:00Z,76026.8
2025-07-16T11:00:00Z,76136.5
2025-07-16T12:00:00Z,77739.5
2025-07-16T13:00:00Z,78904.8
2025-07-16T14:00:00Z,78073.8
2025-07-16T15:00:00Z,74231.9
2025-07-16T16:00:00Z,71673.4
2025-07-16T17:00:00Z,68798.0
2025-07-16T18:00:00Z,66042.5
2025-07-16T19:00:00Z,63067.3
2025-07-16T20:00:00Z,60633.9
2025-07-16T21:00:00Z,59091.4
2025-07-16T22:00:00Z,53727.5
2025-07-16T23:00:00Z,53477.1
2025-07-17T00:00:00Z,53909.4
2025-07-17T01:00:00Z,54733.9
2025-07-17T02:00:00Z,56398.7
2025-07-17T03:00:00Z,59688.7
2025-07-17T04:00:00Z,59484.8
2025-07-17T05:00:00Z,63965.0
2025-07-17T06:00:00Z,66358.1
2025-07-17T07:00:00Z,69626.0
2025-07-17T08:00:00Z,72777.3
2025-07-17T09:00:00Z,75827.4
2025-07-17T10:00:00Z,77012.3
2025-07-17T11:00:00Z,76993.2
2025-07-17T12:00:00Z,78975.9
2025-07-17T13:00:00Z,78579.6
2025-07-17T14:00:00Z,75339.8
2025-07-17T15:00:00Z,75410.7
2025-07-17T16:00:00Z,72401.3
2025-07-17T17:00:00Z,69401.4
2025-07-17T18:00:00Z,66539.0
2025-07-17T19:00:00Z,65065.0
2025-07-17T20:00:00Z,58767.9
2025-07-17T21:00:00Z,58112.1
2025-07-17T22:00:00Z,54144.7
2025-07-17T23:00:00Z,54824.6
2025-07-18T00:00:00Z,55567.6
2025-07-18T01:00:00Z,53252.9
2025-07-18T02:00:00Z,57405.8
2025-07-18T03:00:00Z,58659.0
2025-07-18T04:00:00Z,60563.1
2025-07-18T05:00:00Z,63413.2
2025-07-18T06:00:00Z,66699.7
2025-07-18T07:00:00Z,69899.2
2025-07-18T08:00:00Z,72709.0
2025-07-18T09:00:00Z,76297.5
2025-07-18T10:00:00Z,77966.9
2025-07-18T11:00:00Z,77483.3
2025-07-18T12:00:00Z,79872.4
2025-07-18T13:00:00Z,80219.1
2025-07-18T14:00:00Z,78809.2
2025-07-18T15:00:00Z,75577.3
2025-07-18T16:00:00Z,71214.4
2025-07-18T17:00:00Z,69373.0
2025-07-18T18:00:00Z,66655.6
2025-07-18T19:00:00Z,63574.6
2025-07-18T20:00:00Z,59284.8
2025-07-18T21:00:00Z,58868.6
2025-07-18T22:00:00Z,57251.7
2025-07-18T23:00:00Z,53805.9
2025-07-19T00:00:00Z,50900.3
2025-07-19T01:00:00Z,51060.2
2025-07-19T02:00:00Z,53317.3
2025-07-19T03:00:00Z,56346.5
2025-07-19T04:00:00Z,55618.4
2025-07-19T05:00:00Z,62185.5
2025-07-19T06:00:00Z,64715.3
2025-07-19T07:00:00Z,65553.0
2025-07-19T08:00:00Z,71396.6
2025-07-19T09:00:00Z,73447.9
2025-07-19T10:00:00Z,74723.2
2025-07-19T11:00:00Z,75719.0
2025-07-19T12:00:00Z,74899.6
2025-07-19T13:00:00Z,75883.9
2025-07-19T14:00:00Z,73362.0
2025-07-19T15:00:00Z,72337.1
2025-07-19T16:00:00Z,70820.7
2025-07-19T17:00:00Z,66499.4
2025-07-19T18:00:00Z,63113.8
2025-07-19T19:00:00Z,61157.2
2025-07-19T20:00:00Z,58683.1
2025-07-19T21:00:00Z,56219.2
2025-07-19T22:00:00Z,53094.0
2025-07-19T23:00:00Z,53501.7
2025-07-20T00:00:00Z,53603.0
2025-07-20T01:00:00Z,52030.1
2025-07-20T02:00:00Z,54166.2
2025-07-20T03:00:00Z,53692.0
2025-07-20T04:00:00Z,57817.2
2025-07-20T05:00:00Z,59826.1
2025-07-20T06:00:00Z,64126.2
2025-07-20T07:00:00Z,66487.8
2025-07-20T08:00:00Z,67665.0
2025-07-20T09:00:00Z,73125.8
2025-07-20T10:00:00Z,73404.4
2025-07-20T11:00:00Z,76809.3
2025-07-20T12:00:00Z,77489.1
2025-07-20T13:00:00Z,76210.6
2025-07-20T14:00:00Z,74337.5
2025-07-20T15:00:00Z,72741.5
2025-07-20T16:00:00Z,68575.6
2025-07-20T17:00:00Z,67185.7
2025-07-20T18:00:00Z,64948.7
2025-07-20T19:00:00Z,61565.6
2025-07-20T20:00:00Z,56909.2
2025-07-20T21:00:00Z,56975.4
2025-07-20T22:00:00Z,54050.3
2025-07-20T23:00:00Z,51381.3
2025-07-21T00:00:00Z,55975.5
2025-07-21T01:00:00Z,54987.9
2025-07-21T02:00:00Z,56646.0
2025-07-21T03:00:00Z,59090.1
2025-07-21T04:00:00Z,63403.6
2025-07-21T05:00:00Z,66947.7
2025-07-21T06:00:00Z,66050.5
2025-07-21T07:00:00Z,70614.9
2025-07-21T08:00:00Z,73423.6
2025-07-21T09:00:00Z,76731.6
2025-07-21T10:00:00Z,78350.5
2025-07-21T11:00:00Z,78578.1
2025-07-21T12:00:00Z,79910.6
2025-07-21T13:00:00Z,78526.7
2025-07-21T14:00:00Z,77147.2
2025-07-21T15:00:00Z,76613.3
2025-07-21T16:00:00Z,73735.9
2025-07-21T17:00:00Z,70045.2
2025-07-21T18:00:00Z,68175.3
2025-07-21T19:00:00Z,64002.9
2025-07-21T20:00:00Z,60715.7
2025-07-21T21:00:00Z,58872.5
2025-07-21T22:00:00Z,57693.0
2025-07-21T23:00:00Z,55258.0
2025-07-22T00:00:00Z,57159.3
2025-07-22T01:00:00Z,55886.8
2025-07-22T02:00:00Z,57620.8
2025-07-22T03:00:00Z,60029.3
2025-07-22T04:00:00Z,61737.5
2025-07-22T05:00:00Z,64007.2
2025-07-22T06:00:00Z,67556.1
2025-07-22T07:00:00Z,71833.5
2025-07-22T08:00:00Z,75041.7
2025-07-22T09:00:00Z,76916.5
2025-07-22T10:00:00Z,77744.5
2025-07-22T11:00:00Z,78441.8
2025-07-22T12:00:00Z,79249.2
2025-07-22T13:00:00Z,78944.9
2025-07-22T14:00:00Z,78433.2
2025-07-22T15:00:00Z,76268.4
2025-07-22T16:00:00Z,73021.2
2025-07-22T17:00:00Z,71584.7
2025-07-22T18:00:00Z,67048.1
2025-07-22T19:00:00Z,64727.6
2025-07-22T20:00:00Z,60999.7
2025-07-22T21:00:00Z,60290.4
2025-07-22T22:00:00Z,57740.7
2025-07-22T23:00:00Z,56332.0
2025-07-23T00:00:00Z,57069.8
2025-07-23T01:00:00Z,57333.4
2025-07-23T02:00:00Z,56315.9
2025-07-23T03:00:00Z,59709.1
2025-07-23T04:00:00Z,60975.9
2025-07-23T05:00:00Z,64322.8
2025-07-23T06:00:00Z,67600.4
2025-07-23T07:00:00Z,69717.7
2025-07-23T08:00:00Z,72824.4
2025-07-23T09:00:00Z,76633.0
2025-07-23T10:00:00Z,78559.4
2025-07-23T11:00:00Z,80167.8
2025-07-23T12:00:00Z,79917.5
2025-07-23T13:00:00Z,79253.4
2025-07-23T14:00:00Z,78120.6
2025-07-23T15:00:00Z,76211.4
2025-07-23T16:00:00Z,73254.2
2025-07-23T17:00:00Z,71206.6
2025-07-23T18:00:00Z,67051.9
2025-07-23T19:00:00Z,63849.0
2025-07-23T20:00:00Z,60455.7
2025-07-23T21:00:00Z,59557.8
2025-07-23T22:00:00Z,56838.4
2025-07-23T23:00:00Z,56065.2
2025-07-24T00:00:00Z,56240.6
2025-07-24T01:00:00Z,55672.1
2025-07-24T02:00:00Z,57950.9
2025-07-24T03:00:00Z,59725.4
2025-07-24T04:00:00Z,62143.1
2025-07-24T05:00:00Z,63213.9
2025-07-24T06:00:00Z,69203.8
2025-07-24T07:00:00Z,71828.7
2025-07-24T08:00:00Z,74807.7
2025-07-24T09:00:00Z,78411.7
2025-07-24T10:00:00Z,77629.1
2025-07-24T11:00:00Z,81748.1
2025-07-24T12:00:00Z,80057.3
2025-07-24T13:00:00Z,80741.4
2025-07-24T14:00:00Z,79815.4
2025-07-24T15:00:00Z,75746.9
2025-07-24T16:00:00Z,74532.0
2025-07-24T17:00:00Z,70783.4
2025-07-24T18:00:00Z,68666.1
2025-07-24T19:00:00Z,63687.8
2025-07-24T20:00:00Z,63871.9
2025-07-24T21:00:00Z,60133.4
2025-07-24T22:00:00Z,57561.6
2025-07-24T23:00:00Z,55749.9
2025-07-25T00:00:00Z,57747.2
2025-07-25T01:00:00Z,56345.6
2025-07-25T02:00:00Z,58825.3
2025-07-25T03:00:00Z,58803.9
2025-07-25T04:00:00Z,62992.3
2025-07-25T05:00:00Z,63521.7
2025-07-25T06:00:00Z,68821.3
2025-07-25T07:00:00Z,70625.4
2025-07-25T08:00:00Z,73499.2
2025-07-25T09:00:00Z,77899.2
2025-07-25T10:00:00Z,79579.9
2025-07-25T11:00:00Z,79499.0
2025-07-25T12:00:00Z,79769.6
2025-07-25T13:00:00Z,81147.1
2025-07-25T14:00:00Z,77396.8
2025-07-25T15:00:00Z,76689.1
2025-07-25T16:00:00Z,73757.3
2025-07-25T17:00:00Z,71568.5
2025-07-25T18:00:00Z,68375.8
2025-07-25T19:00:00Z,65149.3
2025-07-25T20:00:00Z,61218.0
2025-07-25T21:00:00Z,60160.6
2025-07-25T22:00:00Z,58467.5
2025-07-25T23:00:00Z,56369.5
2025-07-26T00:00:00Z,54969.5
2025-07-26T01:00:00Z,53260.6
2025-07-26T02:00:00Z,54906.6
2025-07-26T03:00:00Z,58747.9
2025-07-26T04:00:00Z,59038.3
2025-07-26T05:00:00Z,62111.1
2025-07-26T06:00:00Z,63893.5
2025-07-26T07:00:00Z,68475.0
2025-07-26T08:00:00Z,70952.2
2025-07-26T09:00:00Z,74161.7
2025-07-26T10:00:00Z,74724.7
2025-07-26T11:00:00Z,78153.6
2025-07-26T12:00:00Z,77906.4
2025-07-26T13:00:00Z,77854.5
2025-07-26T14:00:00Z,75422.1
2025-07-26T15:00:00Z,72141.9
2025-07-26T16:00:00Z,71703.1
2025-07-26T17:00:00Z,68439.3
2025-07-26T18:00:00Z,64867.8
2025-07-26T19:00:00Z,63817.9
2025-07-26T20:00:00Z,59602.2
2025-07-26T21:00:00Z,56966.2
2025-07-26T22:00:00Z,55359.0
2025-07-26T23:00:00Z,54053.9
2025-07-27T00:00:00Z,53962.2
2025-07-27T01:00:00Z,54744.7
2025-07-27T02:00:00Z,55287.2
2025-07-27T03:00:00Z,56662.1
2025-07-27T04:00:00Z,58792.9
2025-07-27T05:00:00Z,62715.4
2025-07-27T06:00:00Z,66092.1
2025-07-27T07:00:00Z,69503.7
2025-07-27T08:00:00Z,70858.5
2025-07-27T09:00:00Z,72667.9
2025-07-27T10:00:00Z,74645.3
2025-07-27T11:00:00Z,78685.2
2025-07-27T12:00:00Z,78255.3
2025-07-27T13:00:00Z,77240.6
2025-07-27T14:00:00Z,75757.2
2025-07-27T15:00:00Z,76276.0
2025-07-27T16:00:00Z,72422.3
2025-07-27T17:00:00Z,69429.3
2025-07-27T18:00:00Z,65098.6
2025-07-27T19:00:00Z,63636.4
2025-07-27T20:00:00Z,59207.1
2025-07-27T21:00:00Z,56347.7
2025-07-27T22:00:00Z,56522.5
2025-07-27T23:00:00Z,54322.4
2025-07-28T00:00:00Z,57843.5
2025-07-28T01:00:00Z,56129.9
2025-07-28T02:00:00Z,58408.9
2025-07-28T03:00:00Z,59851.1
2025-07-28T04:00:00Z,63389.9
2025-07-28T05:00:00Z,65979.0
2025-07-28T06:00:00Z,69170.6
2025-07-28T07:00:00Z,71561.6
2025-07-28T08:00:00Z,76579.5
2025-07-28T09:00:00Z,76428.6
2025-07-28T10:00:00Z,80059.9
2025-07-28T11:00:00Z,80768.4
2025-07-28T12:00:00Z,82226.4
2025-07-28T13:00:00Z,79856.6
2025-07-28T14:00:00Z,80602.4
2025-07-28T15:00:00Z,76865.8
2025-07-28T16:00:00Z,75427.8
2025-07-28T17:00:00Z,72079.4
2025-07-28T18:00:00Z,71487.6
2025-07-28T19:00:00Z,64754.3
2025-07-28T20:00:00Z,62463.4
2025-07-28T21:00:00Z,58817.4
2025-07-28T22:00:00Z,57656.9
2025-07-28T23:00:00Z,57277.5
2025-07-29T00:00:00Z,56926.3
2025-07-29T01:00:00Z,56877.2
2025-07-29T02:00:00Z,58229.3
2025-07-29T03:00:00Z,60592.3
2025-07-29T04:00:00Z,63412.6
2025-07-29T05:00:00Z,67831.0
2025-07-29T06:00:00Z,69715.3
2025-07-29T07:00:00Z,72406.2
2025-07-29T08:00:00Z,75000.0
2025-07-29T09:00:00Z,78510.4
2025-07-29T10:00:00Z,81057.2
2025-07-29T11:00:00Z,80707.1
2025-07-29T12:00:00Z,82322.5
2025-07-29T13:00:00Z,81480.7
2025-07-29T14:00:00Z,77694.7
2025-07-29T15:00:00Z,79754.5
2025-07-29T16:00:00Z,76281.9
2025-07-29T17:00:00Z,71101.1
2025-07-29T18:00:00Z,67435.4
2025-07-29T19:00:00Z,66424.9
2025-07-29T20:00:00Z,62833.2
2025-07-29T21:00:00Z,61335.8
2025-07-29T22:00:00Z,58537.4
2025-07-29T23:00:00Z,58939.4
2025-07-30T00:00:00Z,57008.8
2025-07-30T01:00:00Z,58401.9
2025-07-30T02:00:00Z,59851.1
2025-07-30T03:00:00Z,60835.6
2025-07-30T04:00:00Z,64499.0
2025-07-30T05:00:00Z,66649.1
2025-07-30T06:00:00Z,69646.6
2025-07-30T07:00:00Z,72564.4
2025-07-30T08:00:00Z,73335.2
2025-07-30T09:00:00Z,77175.8
2025-07-30T10:00:00Z,81908.7
2025-07-30T11:00:00Z,80930.6
2025-07-30T12:00:00Z,80930.6
2025-07-30T13:00:00Z,81112.1
2025-07-30T14:00:00Z,79889.4
2025-07-30T15:00:00Z,80245.5
2025-07-30T16:00:00Z,74601.0
2025-07-30T17:00:00Z,72088.0
2025-07-30T18:00:00Z,70301.5
2025-07-30T19:00:00Z,64798.7
2025-07-30T20:00:00Z,62053.0
2025-07-30T21:00:00Z,59897.7
2025-07-30T22:00:00Z,58543.6
2025-07-30T23:00:00Z,59040.7
2025-07-31T00:00:00Z,59182.9
2025-07-31T01:00:00Z,58785.6
2025-07-31T02:00:00Z,61436.9
2025-07-31T03:00:00Z,59548.6
2025-07-31T04:00:00Z,64947.6
2025-07-31T05:00:00Z,66129.3
2025-07-31T06:00:00Z,70412.9
2025-07-31T07:00:00Z,72781.2
2025-07-31T08:00:00Z,74546.8
2025-07-31T09:00:00Z,79601.6
2025-07-31T10:00:00Z,81801.5
2025-07-31T11:00:00Z,81843.1
2025-07-31T12:00:00Z,81186.7
2025-07-31T13:00:00Z,83601.6
2025-07-31T14:00:00Z,78069.5
2025-07-31T15:00:00Z,78681.0
2025-07-31T16:00:00Z,75104.7
2025-07-31T17:00:00Z,72376.3
2025-07-31T18:00:00Z,70924.1
2025-07-31T19:00:00Z,66392.3
2025-07-31T20:00:00Z,64925.3
2025-07-31T21:00:00Z,61690.4
2025-07-31T22:00:00Z,60910.0
2025-07-31T23:00:00Z,59273.1
2025-08-01T00:00:00Z,59010.2
2025-08-01T01:00:00Z,58608.3
2025-08-01T02:00:00Z,59728.3
2025-08-01T03:00:00Z,60737.6
2025-08-01T04:00:00Z,64632.9
2025-08-01T05:00:00Z,67815.9
2025-08-01T06:00:00Z,69539.1
2025-08-01T07:00:00Z,73718.4
2025-08-01T08:00:00Z,75478.1
2025-08-01T09:00:00Z,78703.7
2025-08-01T10:00:00Z,79583.2
2025-08-01T11:00:00Z,81866.9
2025-08-01T12:00:00Z,83327.9
2025-08-01T13:00:00Z,82134.0
2025-08-01T14:00:00Z,78930.0
2025-08-01T15:00:00Z,79389.4
2025-08-01T16:00:00Z,75909.8
2025-08-01T17:00:00Z,74596.3
2025-08-01T18:00:00Z,70905.7
2025-08-01T19:00:00Z,67770.6
2025-08-01T20:00:00Z,63888.0
2025-08-01T21:00:00Z,61838.7
2025-08-01T22:00:00Z,59028.7
2025-08-01T23:00:00Z,58656.6
2025-08-02T00:00:00Z,55829.0
2025-08-02T01:00:00Z,53997.1
2025-08-02T02:00:00Z,56347.0
2025-08-02T03:00:00Z,59315.8
2025-08-02T04:00:00Z,60069.6
2025-08-02T05:00:00Z,63840.2
2025-08-02T06:00:00Z,67590.5
2025-08-02T07:00:00Z,70552.7
2025-08-02T08:00:00Z,73734.1
2025-08-02T09:00:00Z,76392.8
2025-08-02T10:00:00Z,78737.9
2025-08-02T11:00:00Z,78452.6
2025-08-02T12:00:00Z,79652.5
2025-08-02T13:00:00Z,79158.1
2025-08-02T14:00:00Z,76389.5
2025-08-02T15:00:00Z,75236.1
2025-08-02T16:00:00Z,73860.2
2025-08-02T17:00:00Z,70585.5
2025-08-02T18:00:00Z,67800.5
2025-08-02T19:00:00Z,63984.8
2025-08-02T20:00:00Z,61057.9
2025-08-02T21:00:00Z,59531.3
2025-08-02T22:00:00Z,54763.7
2025-08-02T23:00:00Z,53835.0
2025-08-03T00:00:00Z,55351.4
2025-08-03T01:00:00Z,55978.5
2025-08-03T02:00:00Z,57575.7
2025-08-03T03:00:00Z,59497.1
2025-08-03T04:00:00Z,61523.1
2025-08-03T05:00:00Z,63097.7
2025-08-03T06:00:00Z,67868.9
2025-08-03T07:00:00Z,70680.0
2025-08-03T08:00:00Z,72404.2
2025-08-03T09:00:00Z,74220.8
2025-08-03T10:00:00Z,77349.7
2025-08-03T11:00:00Z,79653.9
2025-08-03T12:00:00Z,79419.4
2025-08-03T13:00:00Z,80120.1
2025-08-03T14:00:00Z,77421.0
2025-08-03T15:00:00Z,75169.2
2025-08-03T16:00:00Z,72787.4
2025-08-03T17:00:00Z,70509.9
2025-08-03T18:00:00Z,67616.5
2025-08-03T19:00:00Z,65112.3
2025-08-03T20:00:00Z,61204.9
2025-08-03T21:00:00Z,57667.2
2025-08-03T22:00:00Z,56121.4
2025-08-03T23:00:00Z,55948.4
2025-08-04T00:00:00Z,58752.3
2025-08-04T01:00:00Z,59459.9
2025-08-04T02:00:00Z,59929.4
2025-08-04T03:00:00Z,61998.7
2025-08-04T04:00:00Z,64431.1
2025-08-04T05:00:00Z,67220.7
2025-08-04T06:00:00Z,71094.6
2025-08-04T07:00:00Z,75679.5
2025-08-04T08:00:00Z,76965.6
2025-08-04T09:00:00Z,79601.0
2025-08-04T10:00:00Z,79524.5
2025-08-04T11:00:00Z,83080.6
2025-08-04T12:00:00Z,82745.3
2025-08-04T13:00:00Z,83869.5
2025-08-04T14:00:00Z,81887.3
2025-08-04T15:00:00Z,80856.6
2025-08-04T16:00:00Z,76035.5
2025-08-04T17:00:00Z,74757.4
2025-08-04T18:00:00Z,71834.5
2025-08-04T19:00:00Z,67478.6
2025-08-04T20:00:00Z,66094.7
2025-08-04T21:00:00Z,61119.4
2025-08-04T22:00:00Z,60778.9
2025-08-04T23:00:00Z,58898.8
2025-08-05T00:00:00Z,59966.9
2025-08-05T01:00:00Z,57669.5
2025-08-05T02:00:00Z,61625.4
2025-08-05T03:00:00Z,64328.8
2025-08-05T04:00:00Z,64194.5
2025-08-05T05:00:00Z,69014.1
2025-08-05T06:00:00Z,70381.9
2025-08-05T07:00:00Z,75223.6
2025-08-05T08:00:00Z,78374.7
2025-08-05T09:00:00Z,78620.4
2025-08-05T10:00:00Z,83301.2
2025-08-05T11:00:00Z,82791.9
2025-08-05T12:00:00Z,83353.0
2025-08-05T13:00:00Z,83656.5
2025-08-05T14:00:00Z,82618.2
2025-08-05T15:00:00Z,79836.8
2025-08-05T16:00:00Z,77926.8
2025-08-05T17:00:00Z,75034.1
2025-08-05T18:00:00Z,70204.5
2025-08-05T19:00:00Z,68433.2
2025-08-05T20:00:00Z,65465.8
2025-08-05T21:00:00Z,62786.8
2025-08-05T22:00:00Z,61524.0
2025-08-05T23:00:00Z,59138.8
2025-08-06T00:00:00Z,57749.3
2025-08-06T01:00:00Z,60497.9
2025-08-06T02:00:00Z,61463.7
2025-08-06T03:00:00Z,62996.3
2025-08-06T04:00:00Z,65016.7
2025-08-06T05:00:00Z,70557.7
2025-08-06T06:00:00Z,71619.1
2025-08-06T07:00:00Z,73628.6
2025-08-06T08:00:00Z,77847.5
2025-08-06T09:00:00Z,80543.8
2025-08-06T10:00:00Z,80602.4
2025-08-06T11:00:00Z,83791.3
2025-08-06T12:00:00Z,81522.0
2025-08-06T13:00:00Z,82750.7
2025-08-06T14:00:00Z,82792.4
2025-08-06T15:00:00Z,81117.3
2025-08-06T16:00:00Z,77907.7
2025-08-06T17:00:00Z,75403.1
2025-08-06T18:00:00Z,70705.3
2025-08-06T19:00:00Z,68473.5
2025-08-06T20:00:00Z,66144.5
2025-08-06T21:00:00Z,61298.0
2025-08-06T22:00:00Z,61354.7
2025-08-06T23:00:00Z,60484.0
2025-08-07T00:00:00Z,60785.8
2025-08-07T01:00:00Z,60877.3
2025-08-07T02:00:00Z,62310.4
2025-08-07T03:00:00Z,64064.3
2025-08-07T04:00:00Z,64854.7
2025-08-07T05:00:00Z,67743.1
2025-08-07T06:00:00Z,71179.6
2025-08-07T07:00:00Z,73656.2
2025-08-07T08:00:00Z,78574.5
2025-08-07T09:00:00Z,81935.3
2025-08-07T10:00:00Z,83470.4
2025-08-07T11:00:00Z,83610.5
2025-08-07T12:00:00Z,84841.9
2025-08-07T13:00:00Z,83449.8
2025-08-07T14:00:00Z,82657.4
2025-08-07T15:00:00Z,81382.4
2025-08-07T16:00:00Z,76760.1
2025-08-07T17:00:00Z,74287.4
2025-08-07T18:00:00Z,72156.2
2025-08-07T19:00:00Z,71502.6
2025-08-07T20:00:00Z,66351.4
2025-08-07T21:00:00Z,64004.3
2025-08-07T22:00:00Z,62719.6
2025-08-07T23:00:00Z,59643.1
2025-08-08T00:00:00Z,57869.7
2025-08-08T01:00:00Z,59226.8
2025-08-08T02:00:00Z,60551.8
2025-08-08T03:00:00Z,65169.5
2025-08-08T04:00:00Z,65690.0
2025-08-08T05:00:00Z,68593.5
2025-08-08T06:00:00Z,71717.8
2025-08-08T07:00:00Z,74801.3
2025-08-08T08:00:00Z,77869.0
2025-08-08T09:00:00Z,80491.6
2025-08-08T10:00:00Z,83483.7
2025-08-08T11:00:00Z,83722.3
2025-08-08T12:00:00Z,82528.9
2025-08-08T13:00:00Z,84312.9
2025-08-08T14:00:00Z,82804.2
2025-08-08T15:00:00Z,80041.7
2025-08-08T16:00:00Z,78125.7
2025-08-08T17:00:00Z,74381.0
2025-08-08T18:00:00Z,74081.9
2025-08-08T19:00:00Z,69862.2
2025-08-08T20:00:00Z,66144.8
2025-08-08T21:00:00Z,62557.1
2025-08-08T22:00:00Z,62082.8
2025-08-08T23:00:00Z,60856.9
2025-08-09T00:00:00Z,56795.4
2025-08-09T01:00:00Z,56880.6
2025-08-09T02:00:00Z,60306.6
2025-08-09T03:00:00Z,59917.9
2025-08-09T04:00:00Z,63676.2
2025-08-09T05:00:00Z,66883.8
2025-08-09T06:00:00Z,67752.7
2025-08-09T07:00:00Z,72146.9
2025-08-09T08:00:00Z,75819.9
2025-08-09T09:00:00Z,77397.5
2025-08-09T10:00:00Z,77829.7
2025-08-09T11:00:00Z,81065.8
2025-08-09T12:00:00Z,82854.4
2025-08-09T13:00:00Z,80938.5
2025-08-09T14:00:00Z,79586.8
2025-08-09T15:00:00Z,76622.0
2025-08-09T16:00:00Z,74684.0
2025-08-09T17:00:00Z,72404.0
2025-08-09T18:00:00Z,67550.6
2025-08-09T19:00:00Z,64817.7
2025-08-09T20:00:00Z,62862.8
2025-08-09T21:00:00Z,60290.5
2025-08-09T22:00:00Z,58476.6
2025-08-09T23:00:00Z,57128.1
2025-08-10T00:00:00Z,58365.0
2025-08-10T01:00:00Z,57309.6
2025-08-10T02:00:00Z,58574.5
2025-08-10T03:00:00Z,59752.5
2025-08-10T04:00:00Z,62225.7
2025-08-10T05:00:00Z,65833.2
2025-08-10T06:00:00Z,71520.7
2025-08-10T07:00:00Z,73265.2
2025-08-10T08:00:00Z,73835.7
2025-08-10T09:00:00Z,79123.9
2025-08-10T10:00:00Z,79517.5
2025-08-10T11:00:00Z,79483.7
2025-08-10T12:00:00Z,81394.8
2025-08-10T13:00:00Z,79776.2
2025-08-10T14:00:00Z,78863.9
2025-08-10T15:00:00Z,76649.9
2025-08-10T16:00:00Z,74941.9
2025-08-10T17:00:00Z,70236.7
2025-08-10T18:00:00Z,70000.7
2025-08-10T19:00:00Z,67558.6
2025-08-10T20:00:00Z,62882.9
2025-08-10T21:00:00Z,60604.3
2025-08-10T22:00:00Z,59051.7
2025-08-10T23:00:00Z,57221.8
2025-08-11T00:00:00Z,60359.6
2025-08-11T01:00:00Z,61682.3
2025-08-11T02:00:00Z,63218.9
2025-08-11T03:00:00Z,63760.0
2025-08-11T04:00:00Z,67301.1
2025-08-11T05:00:00Z,69852.2
2025-08-11T06:00:00Z,72079.4
2025-08-11T07:00:00Z,75719.6
2025-08-11T08:00:00Z,76858.9
2025-08-11T09:00:00Z,80088.4
2025-08-11T10:00:00Z,83369.2
2025-08-11T11:00:00Z,84835.5
2025-08-11T12:00:00Z,85726.6
2025-08-11T13:00:00Z,85708.6
2025-08-11T14:00:00Z,82024.8
2025-08-11T15:00:00Z,81462.2
2025-08-11T16:00:00Z,77104.8
2025-08-11T17:00:00Z,75695.0
2025-08-11T18:00:00Z,72083.8
2025-08-11T19:00:00Z,69941.3
2025-08-11T20:00:00Z,66494.9
2025-08-11T21:00:00Z,64157.3
2025-08-11T22:00:00Z,61653.1
2025-08-11T23:00:00Z,60982.9
2025-08-12T00:00:00Z,62081.7
2025-08-12T01:00:00Z,61985.8
2025-08-12T02:00:00Z,62465.8
2025-08-12T03:00:00Z,62774.7
2025-08-12T04:00:00Z,65150.4
2025-08-12T05:00:00Z,69704.7
2025-08-12T06:00:00Z,73210.8
2025-08-12T07:00:00Z,76548.6
2025-08-12T08:00:00Z,79127.9
2025-08-12T09:00:00Z,80662.4
2025-08-12T10:00:00Z,81674.3
2025-08-12T11:00:00Z,85300.3
2025-08-12T12:00:00Z,85468.0
2025-08-12T13:00:00Z,85661.6
2025-08-12T14:00:00Z,81729.9
2025-08-12T15:00:00Z,82000.5
2025-08-12T16:00:00Z,79561.2
2025-08-12T17:00:00Z,74958.3
2025-08-12T18:00:00Z,71925.7
2025-08-12T19:00:00Z,68745.2
2025-08-12T20:00:00Z,66059.7
2025-08-12T21:00:00Z,64237.0
2025-08-12T22:00:00Z,62049.9
2025-08-12T23:00:00Z,62500.7
2025-08-13T00:00:00Z,61429.7
2025-08-13T01:00:00Z,60873.8
2025-08-13T02:00:00Z,62870.4
2025-08-13T03:00:00Z,63882.8
2025-08-13T04:00:00Z,64936.5
2025-08-13T05:00:00Z,70278.2
2025-08-13T06:00:00Z,72551.6
2025-08-13T07:00:00Z,77408.2
2025-08-13T08:00:00Z,79027.8
2025-08-13T09:00:00Z,82944.2
2025-08-13T10:00:00Z,84332.5
2025-08-13T11:00:00Z,83286.1
2025-08-13T12:00:00Z,86760.7
2025-08-13T13:00:00Z,84349.9
2025-08-13T14:00:00Z,83491.6
2025-08-13T15:00:00Z,80541.2
2025-08-13T16:00:00Z,78586.2
2025-08-13T17:00:00Z,78755.9
2025-08-13T18:00:00Z,73260.0
2025-08-13T19:00:00Z,66551.5
2025-08-13T20:00:00Z,68778.6
2025-08-13T21:00:00Z,64785.2
2025-08-13T22:00:00Z,62060.5
2025-08-13T23:00:00Z,62099.5
2025-08-14T00:00:00Z,61640.5
2025-08-14T01:00:00Z,61048.0
2025-08-14T02:00:00Z,64392.7
2025-08-14T03:00:00Z,65356.1
2025-08-14T04:00:00Z,68399.8
2025-08-14T05:00:00Z,70429.2
2025-08-14T06:00:00Z,73300.6
2025-08-14T07:00:00Z,76622.1
2025-08-14T08:00:00Z,78405.6
2025-08-14T09:00:00Z,81019.0
2025-08-14T10:00:00Z,84630.2
2025-08-14T11:00:00Z,84882.7
2025-08-14T12:00:00Z,85944.7
2025-08-14T13:00:00Z,84957.6
2025-08-14T14:00:00Z,83318.1
2025-08-14T15:00:00Z,82877.9
2025-08-14T16:00:00Z,78790.8
2025-08-14T17:00:00Z,75532.0
2025-08-14T18:00:00Z,73303.8
2025-08-14T19:00:00Z,71218.2
2025-08-14T20:00:00Z,68296.3
2025-08-14T21:00:00Z,63729.2
2025-08-14T22:00:00Z,61859.8
2025-08-14T23:00:00Z,61134.7
2025-08-15T00:00:00Z,60487.0
2025-08-15T01:00:00Z,61855.3
2025-08-15T02:00:00Z,63913.1
2025-08-15T03:00:00Z,64678.4
2025-08-15T04:00:00Z,65764.9
2025-08-15T05:00:00Z,68604.5
2025-08-15T06:00:00Z,71903.7
2025-08-15T07:00:00Z,76138.6
2025-08-15T08:00:00Z,79966.7
2025-08-15T09:00:00Z,80429.9
2025-08-15T10:00:00Z,84263.8
2025-08-15T11:00:00Z,85728.4
2025-08-15T12:00:00Z,87932.6
2025-08-15T13:00:00Z,84035.6
2025-08-15T14:00:00Z,83995.3
2025-08-15T15:00:00Z,82700.4
2025-08-15T16:00:00Z,79942.8
2025-08-15T17:00:00Z,77455.0
2025-08-15T18:00:00Z,73882.2
2025-08-15T19:00:00Z,71132.2
2025-08-15T20:00:00Z,67350.9
2025-08-15T21:00:00Z,64914.4
2025-08-15T22:00:00Z,61397.6
2025-08-15T23:00:00Z,63855.3
2025-08-16T00:00:00Z,57013.2
2025-08-16T01:00:00Z,58895.5
2025-08-16T02:00:00Z,60121.9
2025-08-16T03:00:00Z,61054.9
2025-08-16T04:00:00Z,62804.6
2025-08-16T05:00:00Z,67532.4
2025-08-16T06:00:00Z,68762.3
2025-08-16T07:00:00Z,74589.0
2025-08-16T08:00:00Z,79096.5
2025-08-16T09:00:00Z,80298.8
2025-08-16T10:00:00Z,78294.9
2025-08-16T11:00:00Z,82489.7
2025-08-16T12:00:00Z,82554.0
2025-08-16T13:00:00Z,81880.9
2025-08-16T14:00:00Z,81733.3
2025-08-16T15:00:00Z,78483.0
2025-08-16T16:00:00Z,77007.4
2025-08-16T17:00:00Z,72902.3
2025-08-16T18:00:00Z,69436.0
2025-08-16T19:00:00Z,67900.7
2025-08-16T20:00:00Z,65477.3
2025-08-16T21:00:00Z,61346.5
2025-08-16T22:00:00Z,61590.0
2025-08-16T23:00:00Z,58643.9
2025-08-17T00:00:00Z,57737.3
2025-08-17T01:00:00Z,58311.3
2025-08-17T02:00:00Z,59625.6
2025-08-17T03:00:00Z,62860.4
2025-08-17T04:00:00Z,65398.3
2025-08-17T05:00:00Z,67646.4
2025-08-17T06:00:00Z,72038.2
2025-08-17T07:00:00Z,72908.1
2025-08-17T08:00:00Z,77163.2
2025-08-17T09:00:00Z,79497.5
2025-08-17T10:00:00Z,78994.4
2025-08-17T11:00:00Z,82657.2
2025-08-17T12:00:00Z,82277.3
2025-08-17T13:00:00Z,83856.2
2025-08-17T14:00:00Z,80673.1
2025-08-17T15:00:00Z,80565.6
2025-08-17T16:00:00Z,77251.7
2025-08-17T17:00:00Z,72350.7
2025-08-17T18:00:00Z,71838.2
2025-08-17T19:00:00Z,68277.6
2025-08-17T20:00:00Z,65052.7
2025-08-17T21:00:00Z,62041.4
2025-08-17T22:00:00Z,62144.3
2025-08-17T23:00:00Z,58817.2
2025-08-18T00:00:00Z,63412.2
2025-08-18T01:00:00Z,63288.2
2025-08-18T02:00:00Z,63725.6
2025-08-18T03:00:00Z,65076.5
2025-08-18T04:00:00Z,68658.7
2025-08-18T05:00:00Z,71146.0
2025-08-18T06:00:00Z,73171.1
2025-08-18T07:00:00Z,77854.1
2025-08-18T08:00:00Z,80916.2
2025-08-18T09:00:00Z,82937.4
2025-08-18T10:00:00Z,83060.1
2025-08-18T11:00:00Z,86560.5
2025-08-18T12:00:00Z,86088.3
2025-08-18T13:00:00Z,86805.0
2025-08-18T14:00:00Z,84440.1
2025-08-18T15:00:00Z,82206.2
2025-08-18T16:00:00Z,80206.8
2025-08-18T17:00:00Z,77358.2
2025-08-18T18:00:00Z,76445.5
2025-08-18T19:00:00Z,70180.3
2025-08-18T20:00:00Z,66783.7
2025-08-18T21:00:00Z,65607.6
2025-08-18T22:00:00Z,63773.5
2025-08-18T23:00:00Z,60815.1
2025-08-19T00:00:00Z,60752.5
2025-08-19T01:00:00Z,61943.1
2025-08-19T02:00:00Z,63763.1
2025-08-19T03:00:00Z,65628.2
2025-08-19T04:00:00Z,69248.1
2025-08-19T05:00:00Z,71296.9
2025-08-19T06:00:00Z,73689.8
2025-08-19T07:00:00Z,77480.1
2025-08-19T08:00:00Z,80749.1
2025-08-19T09:00:00Z,83552.4
2025-08-19T10:00:00Z,82050.6
2025-08-19T11:00:00Z,86118.0
2025-08-19T12:00:00Z,86782.3
2025-08-19T13:00:00Z,87497.8
2025-08-19T14:00:00Z,84514.5
2025-08-19T15:00:00Z,83082.2
2025-08-19T16:00:00Z,78863.5
2025-08-19T17:00:00Z,78339.2
2025-08-19T18:00:00Z,75430.9
2025-08-19T19:00:00Z,70444.1
2025-08-19T20:00:00Z,68498.4
2025-08-19T21:00:00Z,65438.5
2025-08-19T22:00:00Z,65053.3
2025-08-19T23:00:00Z,62546.3
2025-08-20T00:00:00Z,62788.4
2025-08-20T01:00:00Z,63241.0
2025-08-20T02:00:00Z,63872.6
2025-08-20T03:00:00Z,66347.3
2025-08-20T04:00:00Z,70249.3
2025-08-20T05:00:00Z,71540.4
2025-08-20T06:00:00Z,73920.3
2025-08-20T07:00:00Z,78944.9
2025-08-20T08:00:00Z,82588.6
2025-08-20T09:00:00Z,84143.2
2025-08-20T10:00:00Z,85161.3
2025-08-20T11:00:00Z,86301.6
2025-08-20T12:00:00Z,87370.8
2025-08-20T13:00:00Z,87359.8
2025-08-20T14:00:00Z,87997.6
2025-08-20T15:00:00Z,85574.9
2025-08-20T16:00:00Z,79683.2
2025-08-20T17:00:00Z,78615.4
2025-08-20T18:00:00Z,76138.1
2025-08-20T19:00:00Z,72266.5
2025-08-20T20:00:00Z,68600.7
2025-08-20T21:00:00Z,65523.4
2025-08-20T22:00:00Z,64896.8
2025-08-20T23:00:00Z,63759.7
2025-08-21T00:00:00Z,63204.3
2025-08-21T01:00:00Z,62379.2
2025-08-21T02:00:00Z,62561.2
2025-08-21T03:00:00Z,68065.5
2025-08-21T04:00:00Z,67909.2
2025-08-21T05:00:00Z,71614.7
2025-08-21T06:00:00Z,73540.6
2025-08-21T07:00:00Z,78969.3
2025-08-21T08:00:00Z,80461.1
2025-08-21T09:00:00Z,83498.3
2025-08-21T10:00:00Z,87867.2
2025-08-21T11:00:00Z,87592.0
2025-08-21T12:00:00Z,87306.9
2025-08-21T13:00:00Z,84758.1
2025-08-21T14:00:00Z,86320.3
2025-08-21T15:00:00Z,84415.5
2025-08-21T16:00:00Z,82099.3
2025-08-21T17:00:00Z,78349.9
2025-08-21T18:00:00Z,73632.4
2025-08-21T19:00:00Z,71237.7
2025-08-21T20:00:00Z,69887.4
2025-08-21T21:00:00Z,67272.9
2025-08-21T22:00:00Z,65109.6
2025-08-21T23:00:00Z,65582.3
2025-08-22T00:00:00Z,64203.8
2025-08-22T01:00:00Z,63740.8
2025-08-22T02:00:00Z,64989.3
2025-08-22T03:00:00Z,64892.0
2025-08-22T04:00:00Z,68585.5
2025-08-22T05:00:00Z,73009.0
2025-08-22T06:00:00Z,73400.2
2025-08-22T07:00:00Z,78598.9
2025-08-22T08:00:00Z,82130.5
2025-08-22T09:00:00Z,83359.3
2025-08-22T10:00:00Z,86188.2
2025-08-22T11:00:00Z,85819.7
2025-08-22T12:00:00Z,88959.8
2025-08-22T13:00:00Z,86408.3
2025-08-22T14:00:00Z,83300.0
2025-08-22T15:00:00Z,84100.2
2025-08-22T16:00:00Z,80674.1
2025-08-22T17:00:00Z,79920.1
2025-08-22T18:00:00Z,75841.2
2025-08-22T19:00:00Z,71639.6
2025-08-22T20:00:00Z,70677.7
2025-08-22T21:00:00Z,66259.8
2025-08-22T22:00:00Z,63357.1
2025-08-22T23:00:00Z,64611.8
2025-08-23T00:00:00Z,61345.7
2025-08-23T01:00:00Z,60061.6
2025-08-23T02:00:00Z,62537.4
2025-08-23T03:00:00Z,65281.0
2025-08-23T04:00:00Z,65260.3
2025-08-23T05:00:00Z,65750.6
2025-08-23T06:00:00Z,72518.3
2025-08-23T07:00:00Z,74811.5
2025-08-23T08:00:00Z,78920.3
2025-08-23T09:00:00Z,80683.5
2025-08-23T10:00:00Z,81957.0
2025-08-23T11:00:00Z,82554.5
2025-08-23T12:00:00Z,82806.3
2025-08-23T13:00:00Z,83013.2
2025-08-23T14:00:00Z,81423.0
2025-08-23T15:00:00Z,81266.4
2025-08-23T16:00:00Z,78677.1
2025-08-23T17:00:00Z,74427.1
2025-08-23T18:00:00Z,73165.5
2025-08-23T19:00:00Z,68458.2
2025-08-23T20:00:00Z,65412.3
2025-08-23T21:00:00Z,64309.7
2025-08-23T22:00:00Z,61788.2
2025-08-23T23:00:00Z,59717.0
2025-08-24T00:00:00Z,60950.6
2025-08-24T01:00:00Z,62206.7
2025-08-24T02:00:00Z,60393.8
2025-08-24T03:00:00Z,63363.0
2025-08-24T04:00:00Z,64000.6
2025-08-24T05:00:00Z,68927.4
2025-08-24T06:00:00Z,74654.0
2025-08-24T07:00:00Z,75524.0
2025-08-24T08:00:00Z,78031.2
2025-08-24T09:00:00Z,80851.6
2025-08-24T10:00:00Z,81592.8
2025-08-24T11:00:00Z,83973.0
2025-08-24T12:00:00Z,83841.6
2025-08-24T13:00:00Z,83009.7
2025-08-24T14:00:00Z,83481.2
2025-08-24T15:00:00Z,80451.0
2025-08-24T16:00:00Z,78438.5
2025-08-24T17:00:00Z,74609.5
2025-08-24T18:00:00Z,72317.4
2025-08-24T19:00:00Z,69621.9
2025-08-24T20:00:00Z,66091.6
2025-08-24T21:00:00Z,65222.3
2025-08-24T22:00:00Z,61686.9
2025-08-24T23:00:00Z,60915.3
2025-08-25T00:00:00Z,63559.5
2025-08-25T01:00:00Z,65066.7
2025-08-25T02:00:00Z,64686.6
2025-08-25T03:00:00Z,66186.8
2025-08-25T04:00:00Z,69743.2
2025-08-25T05:00:00Z,72252.4
2025-08-25T06:00:00Z,75074.4
2025-08-25T07:00:00Z,80433.3
2025-08-25T08:00:00Z,81461.4
2025-08-25T09:00:00Z,84510.1
2025-08-25T10:00:00Z,84898.6
2025-08-25T11:00:00Z,86496.0
2025-08-25T12:00:00Z,87517.5
2025-08-25T13:00:00Z,88882.8
2025-08-25T14:00:00Z,85746.7
2025-08-25T15:00:00Z,84503.5
2025-08-25T16:00:00Z,79751.4
2025-08-25T17:00:00Z,78204.3
2025-08-25T18:00:00Z,75471.3
2025-08-25T19:00:00Z,73454.5
2025-08-25T20:00:00Z,70214.8
2025-08-25T21:00:00Z,65559.8
2025-08-25T22:00:00Z,66283.8
2025-08-25T23:00:00Z,64757.2
2025-08-26T00:00:00Z,64675.3
2025-08-26T01:00:00Z,63118.5
2025-08-26T02:00:00Z,67200.9
2025-08-26T03:00:00Z,65513.8
2025-08-26T04:00:00Z,69816.5
2025-08-26T05:00:00Z,72792.9
2025-08-26T06:00:00Z,76459.5
2025-08-26T07:00:00Z,79224.1
2025-08-26T08:00:00Z,81349.1
2025-08-26T09:00:00Z,86068.9
2025-08-26T10:00:00Z,84382.7
2025-08-26T11:00:00Z,86826.3
2025-08-26T12:00:00Z,87532.1
2025-08-26T13:00:00Z,88595.4
2025-08-26T14:00:00Z,86687.3
2025-08-26T15:00:00Z,82701.3
2025-08-26T16:00:00Z,84149.3
2025-08-26T17:00:00Z,78930.4
2025-08-26T18:00:00Z,77160.5
2025-08-26T19:00:00Z,74874.9
2025-08-26T20:00:00Z,69491.6
2025-08-26T21:00:00Z,67744.0
2025-08-26T22:00:00Z,63953.1
2025-08-26T23:00:00Z,63568.1
2025-08-27T00:00:00Z,65665.9
2025-08-27T01:00:00Z,64222.6
2025-08-27T02:00:00Z,66679.0
2025-08-27T03:00:00Z,67595.8
2025-08-27T04:00:00Z,70830.0
2025-08-27T05:00:00Z,73687.6
2025-08-27T06:00:00Z,78255.4
2025-08-27T07:00:00Z,79847.7
2025-08-27T08:00:00Z,82342.6
2025-08-27T09:00:00Z,85260.1
2025-08-27T10:00:00Z,85968.0
2025-08-27T11:00:00Z,86710.6
2025-08-27T12:00:00Z,85624.8
2025-08-27T13:00:00Z,88473.4
2025-08-27T14:00:00Z,86836.0
2025-08-27T15:00:00Z,84304.6
2025-08-27T16:00:00Z,83095.9
2025-08-27T17:00:00Z,79651.6
2025-08-27T18:00:00Z,75828.5
2025-08-27T19:00:00Z,73761.2
2025-08-27T20:00:00Z,70716.4
2025-08-27T21:00:00Z,68405.2
2025-08-27T22:00:00Z,66886.5
2025-08-27T23:00:00Z,64900.9
2025-08-28T00:00:00Z,65027.2
2025-08-28T01:00:00Z,64624.5
2025-08-28T02:00:00Z,64927.9
2025-08-28T03:00:00Z,67634.1
2025-08-28T04:00:00Z,70356.4
2025-08-28T05:00:00Z,72225.9
2025-08-28T06:00:00Z,76280.6
2025-08-28T07:00:00Z,79762.1
2025-08-28T08:00:00Z,81439.0
2025-08-28T09:00:00Z,84744.2
2025-08-28T10:00:00Z,86986.8
2025-08-28T11:00:00Z,87925.8
2025-08-28T12:00:00Z,89651.6
2025-08-28T13:00:00Z,86902.9
2025-08-28T14:00:00Z,88960.7
2025-08-28T15:00:00Z,84385.9
2025-08-28T16:00:00Z,84114.6
2025-08-28T17:00:00Z,79578.9
2025-08-28T18:00:00Z,78290.7
2025-08-28T19:00:00Z,73167.8
2025-08-28T20:00:00Z,70038.1
2025-08-28T21:00:00Z,66581.6
2025-08-28T22:00:00Z,65322.3
2025-08-28T23:00:00Z,65424.9
2025-08-29T00:00:00Z,64628.4
2025-08-29T01:00:00Z,65097.5
2025-08-29T02:00:00Z,66057.8
2025-08-29T03:00:00Z,67991.8
2025-08-29T04:00:00Z,71190.7
2025-08-29T05:00:00Z,73547.1
2025-08-29T06:00:00Z,75738.2
2025-08-29T07:00:00Z,80797.0
2025-08-29T08:00:00Z,82516.5
2025-08-29T09:00:00Z,84938.0
2025-08-29T10:00:00Z,87162.5
2025-08-29T11:00:00Z,87655.1
2025-08-29T12:00:00Z,87975.1
2025-08-29T13:00:00Z,87100.5
2025-08-29T14:00:00Z,87947.6
2025-08-29T15:00:00Z,83554.0
2025-08-29T16:00:00Z,82753.0
2025-08-29T17:00:00Z,77962.3
2025-08-29T18:00:00Z,75089.6
2025-08-29T19:00:00Z,74443.4
2025-08-29T20:00:00Z,70468.4
2025-08-29T21:00:00Z,68654.5
2025-08-29T22:00:00Z,66131.5
2025-08-29T23:00:00Z,64784.9
2025-08-30T00:00:00Z,62167.3
2025-08-30T01:00:00Z,62023.3
2025-08-30T02:00:00Z,64070.7
2025-08-30T03:00:00Z,65712.8
2025-08-30T04:00:00Z,66384.2
2025-08-30T05:00:00Z,69024.5
2025-08-30T06:00:00Z,74779.1
2025-08-30T07:00:00Z,77617.3
2025-08-30T08:00:00Z,78774.4
2025-08-30T09:00:00Z,82914.3
2025-08-30T10:00:00Z,82585.9
2025-08-30T11:00:00Z,83513.7
2025-08-30T12:00:00Z,86547.1
2025-08-30T13:00:00Z,84648.8
2025-08-30T14:00:00Z,82525.4
2025-08-30T15:00:00Z,80797.6
2025-08-30T16:00:00Z,80595.9
2025-08-30T17:00:00Z,78236.1
2025-08-30T18:00:00Z,73021.2
2025-08-30T19:00:00Z,72019.9
2025-08-30T20:00:00Z,66222.4
2025-08-30T21:00:00Z,62088.6
2025-08-30T22:00:00Z,62662.8
2025-08-30T23:00:00Z,62986.2
2025-08-31T00:00:00Z,61642.6
2025-08-31T01:00:00Z,61429.7
2025-08-31T02:00:00Z,63891.3
2025-08-31T03:00:00Z,64711.8
2025-08-31T04:00:00Z,67820.4
2025-08-31T05:00:00Z,69255.9
2025-08-31T06:00:00Z,74345.5
2025-08-31T07:00:00Z,75777.5
2025-08-31T08:00:00Z,79012.8
2025-08-31T09:00:00Z,83922.6
2025-08-31T10:00:00Z,84059.9
2025-08-31T11:00:00Z,86932.6
2025-08-31T12:00:00Z,84172.3
2025-08-31T13:00:00Z,85117.3
2025-08-31T14:00:00Z,84379.2
2025-08-31T15:00:00Z,83051.5
2025-08-31T16:00:00Z,80963.6
2025-08-31T17:00:00Z,77342.4
2025-08-31T18:00:00Z,74673.9
2025-08-31T19:00:00Z,70628.6
2025-08-31T20:00:00Z,68637.3
2025-08-31T21:00:00Z,66063.1
2025-08-31T22:00:00Z,63633.4
2025-08-31T23:00:00Z,63098.3
2025-09-01T00:00:00Z,65183.0
2025-09-01T01:00:00Z,65348.6
2025-09-01T02:00:00Z,65841.5
2025-09-01T03:00:00Z,68149.8
2025-09-01T04:00:00Z,71571.4
2025-09-01T05:00:00Z,72151.3
2025-09-01T06:00:00Z,77583.8
2025-09-01T07:00:00Z,79782.8
2025-09-01T08:00:00Z,84043.5
2025-09-01T09:00:00Z,84698.5
2025-09-01T10:00:00Z,87611.3
2025-09-01T11:00:00Z,87553.8
2025-09-01T12:00:00Z,88562.4
2025-09-01T13:00:00Z,89077.1
2025-09-01T14:00:00Z,89336.8
2025-09-01T15:00:00Z,86179.5
2025-09-01T16:00:00Z,83302.1
2025-09-01T17:00:00Z,78960.3
2025-09-01T18:00:00Z,77629.5
2025-09-01T19:00:00Z,73072.6
2025-09-01T20:00:00Z,72067.3
2025-09-01T21:00:00Z,69314.0
2025-09-01T22:00:00Z,67644.9
2025-09-01T23:00:00Z,62938.7
2025-09-02T00:00:00Z,63950.7
2025-09-02T01:00:00Z,64812.6
2025-09-02T02:00:00Z,66539.3
2025-09-02T03:00:00Z,68448.7
2025-09-02T04:00:00Z,71012.7
2025-09-02T05:00:00Z,74659.1
2025-09-02T06:00:00Z,78175.9
2025-09-02T07:00:00Z,79941.1
2025-09-02T08:00:00Z,82143.2
2025-09-02T09:00:00Z,85720.8
2025-09-02T10:00:00Z,87874.3
2025-09-02T11:00:00Z,89003.6
2025-09-02T12:00:00Z,88103.5
2025-09-02T13:00:00Z,89532.1
2025-09-02T14:00:00Z,88080.8
2025-09-02T15:00:00Z,86207.8
2025-09-02T16:00:00Z,82187.7
2025-09-02T17:00:00Z,81278.1
2025-09-02T18:00:00Z,77315.7
2025-09-02T19:00:00Z,74564.8
2025-09-02T20:00:00Z,71615.7
2025-09-02T21:00:00Z,67682.6
2025-09-02T22:00:00Z,66639.9
2025-09-02T23:00:00Z,66412.3
2025-09-03T00:00:00Z,65515.4
2025-09-03T01:00:00Z,66162.8
2025-09-03T02:00:00Z,65947.1
2025-09-03T03:00:00Z,67423.2
2025-09-03T04:00:00Z,71222.4
2025-09-03T05:00:00Z,71687.2
2025-09-03T06:00:00Z,78344.3
2025-09-03T07:00:00Z,79661.4
2025-09-03T08:00:00Z,85152.4
2025-09-03T09:00:00Z,85091.7
2025-09-03T10:00:00Z,87600.2
2025-09-03T11:00:00Z,87676.8
2025-09-03T12:00:00Z,87922.0
2025-09-03T13:00:00Z,89208.2
2025-09-03T14:00:00Z,88330.8
2025-09-03T15:00:00Z,84403.4
2025-09-03T16:00:00Z,83889.1
2025-09-03T17:00:00Z,79821.7
2025-09-03T18:00:00Z,76392.5
2025-09-03T19:00:00Z,74340.6
2025-09-03T20:00:00Z,72403.0
2025-09-03T21:00:00Z,68479.0
2025-09-03T22:00:00Z,66270.3
2025-09-03T23:00:00Z,65864.8
2025-09-04T00:00:00Z,64723.2
2025-09-04T01:00:00Z,66449.4
2025-09-04T02:00:00Z,66430.4
2025-09-04T03:00:00Z,68793.2
2025-09-04T04:00:00Z,69458.3
2025-09-04T05:00:00Z,73732.0
2025-09-04T06:00:00Z,75774.0
2025-09-04T07:00:00Z,82078.8
2025-09-04T08:00:00Z,82718.6
2025-09-04T09:00:00Z,86060.3
2025-09-04T10:00:00Z,88049.3
2025-09-04T11:00:00Z,88772.6
2025-09-04T12:00:00Z,89088.9
2025-09-04T13:00:00Z,89900.2
2025-09-04T14:00:00Z,89120.3
2025-09-04T15:00:00Z,86861.8
2025-09-04T16:00:00Z,83797.2
2025-09-04T17:00:00Z,80072.0
2025-09-04T18:00:00Z,77551.2
2025-09-04T19:00:00Z,74888.6
2025-09-04T20:00:00Z,73259.8
2025-09-04T21:00:00Z,69359.7
2025-09-04T22:00:00Z,66360.4
2025-09-04T23:00:00Z,65123.7
2025-09-05T00:00:00Z,65443.2
2025-09-05T01:00:00Z,65911.6
2025-09-05T02:00:00Z,68809.6
2025-09-05T03:00:00Z,69585.3
2025-09-05T04:00:00Z,72455.6
2025-09-05T05:00:00Z,74019.8
2025-09-05T06:00:00Z,76386.1
2025-09-05T07:00:00Z,83460.6
2025-09-05T08:00:00Z,86028.5
2025-09-05T09:00:00Z,87006.7
2025-09-05T10:00:00Z,89166.2
2025-09-05T11:00:00Z,88808.0
2025-09-05T12:00:00Z,91308.2
2025-09-05T13:00:00Z,92600.7
2025-09-05T14:00:00Z,88179.1
2025-09-05T15:00:00Z,86752.1
2025-09-05T16:00:00Z,84722.4
2025-09-05T17:00:00Z,80520.7
2025-09-05T18:00:00Z,77639.4
2025-09-05T19:00:00Z,74905.3
2025-09-05T20:00:00Z,70951.9
2025-09-05T21:00:00Z,69854.0
2025-09-05T22:00:00Z,66163.2
2025-09-05T23:00:00Z,66133.1
2025-09-06T00:00:00Z,62449.0
2025-09-06T01:00:00Z,63328.5
2025-09-06T02:00:00Z,63581.8
2025-09-06T03:00:00Z,64605.9
2025-09-06T04:00:00Z,68267.3
2025-09-06T05:00:00Z,71320.0
2025-09-06T06:00:00Z,75893.7
2025-09-06T07:00:00Z,77651.7
2025-09-06T08:00:00Z,81447.2
2025-09-06T09:00:00Z,83102.5
2025-09-06T10:00:00Z,85040.9
2025-09-06T11:00:00Z,85862.4
2025-09-06T12:00:00Z,85018.2
2025-09-06T13:00:00Z,84717.6
2025-09-06T14:00:00Z,83023.8
2025-09-06T15:00:00Z,82817.4
2025-09-06T16:00:00Z,82186.7
2025-09-06T17:00:00Z,76291.4
2025-09-06T18:00:00Z,75538.3
2025-09-06T19:00:00Z,73342.5
2025-09-06T20:00:00Z,68639.5
2025-09-06T21:00:00Z,66872.4
2025-09-06T22:00:00Z,63913.9
2025-09-06T23:00:00Z,62175.1
2025-09-07T00:00:00Z,61910.4
2025-09-07T01:00:00Z,62490.6
2025-09-07T02:00:00Z,64922.2
2025-09-07T03:00:00Z,66505.4
2025-09-07T04:00:00Z,68060.1
2025-09-07T05:00:00Z,72752.2
2025-09-07T06:00:00Z,75007.7
2025-09-07T07:00:00Z,76928.1
2025-09-07T08:00:00Z,81103.3
2025-09-07T09:00:00Z,84823.7
2025-09-07T10:00:00Z,86624.7
2025-09-07T11:00:00Z,85435.1
2025-09-07T12:00:00Z,87424.3
2025-09-07T13:00:00Z,86578.3
2025-09-07T14:00:00Z,86549.6
2025-09-07T15:00:00Z,85392.9
2025-09-07T16:00:00Z,78200.4
2025-09-07T17:00:00Z,78779.0
2025-09-07T18:00:00Z,73469.1
2025-09-07T19:00:00Z,71866.0
2025-09-07T20:00:00Z,70275.5
2025-09-07T21:00:00Z,67705.6
2025-09-07T22:00:00Z,63709.6
2025-09-07T23:00:00Z,64877.3
2025-09-08T00:00:00Z,65814.7
2025-09-08T01:00:00Z,66673.1
2025-09-08T02:00:00Z,66595.2
2025-09-08T03:00:00Z,69225.3
2025-09-08T04:00:00Z,71086.4
2025-09-08T05:00:00Z,75863.2
2025-09-08T06:00:00Z,77565.7
2025-09-08T07:00:00Z,82429.7
2025-09-08T08:00:00Z,83594.5
2025-09-08T09:00:00Z,87872.5
2025-09-08T10:00:00Z,89526.2
2025-09-08T11:00:00Z,89836.4
2025-09-08T12:00:00Z,90980.6
2025-09-08T13:00:00Z,91437.1
2025-09-08T14:00:00Z,90415.1
2025-09-08T15:00:00Z,86562.7
2025-09-08T16:00:00Z,84278.4
2025-09-08T17:00:00Z,82563.1
2025-09-08T18:00:00Z,81293.7
2025-09-08T19:00:00Z,75992.9
2025-09-08T20:00:00Z,71152.9
2025-09-08T21:00:00Z,68978.8
2025-09-08T22:00:00Z,67622.1
2025-09-08T23:00:00Z,66846.2
2025-09-09T00:00:00Z,64996.7
2025-09-09T01:00:00Z,64755.7
2025-09-09T02:00:00Z,68224.2
2025-09-09T03:00:00Z,69545.3
2025-09-09T04:00:00Z,72466.2
2025-09-09T05:00:00Z,73756.1
2025-09-09T06:00:00Z,77811.4
2025-09-09T07:00:00Z,82605.3
2025-09-09T08:00:00Z,84200.9
2025-09-09T09:00:00Z,85759.4
2025-09-09T10:00:00Z,89617.8
2025-09-09T11:00:00Z,89708.5
2025-09-09T12:00:00Z,91404.0
2025-09-09T13:00:00Z,90513.4
2025-09-09T14:00:00Z,88659.0
2025-09-09T15:00:00Z,86612.4
2025-09-09T16:00:00Z,85468.8
2025-09-09T17:00:00Z,81106.7
2025-09-09T18:00:00Z,78927.0
2025-09-09T19:00:00Z,76639.5
2025-09-09T20:00:00Z,71838.6
2025-09-09T21:00:00Z,69345.3
2025-09-09T22:00:00Z,67969.5
2025-09-09T23:00:00Z,65361.4
2025-09-10T00:00:00Z,66967.9
2025-09-10T01:00:00Z,66063.9
2025-09-10T02:00:00Z,67616.9
2025-09-10T03:00:00Z,68656.6
2025-09-10T04:00:00Z,73768.4
2025-09-10T05:00:00Z,76888.9
2025-09-10T06:00:00Z,78769.6
2025-09-10T07:00:00Z,82363.9
2025-09-10T08:00:00Z,85062.5
2025-09-10T09:00:00Z,88279.2
2025-09-10T10:00:00Z,91154.9
2025-09-10T11:00:00Z,92777.0
2025-09-10T12:00:00Z,91307.2
2025-09-10T13:00:00Z,91304.2
2025-09-10T14:00:00Z,88444.9
2025-09-10T15:00:00Z,88045.5
2025-09-10T16:00:00Z,85918.9
2025-09-10T17:00:00Z,80736.2
2025-09-10T18:00:00Z,78387.5
2025-09-10T19:00:00Z,74170.9
2025-09-10T20:00:00Z,72481.1
2025-09-10T21:00:00Z,69722.4
2025-09-10T22:00:00Z,66822.5
2025-09-10T23:00:00Z,65241.5
2025-09-11T00:00:00Z,66417.4
2025-09-11T01:00:00Z,65484.1
2025-09-11T02:00:00Z,69091.5
2025-09-11T03:00:00Z,69524.4
2025-09-11T04:00:00Z,71874.4
2025-09-11T05:00:00Z,75836.1
2025-09-11T06:00:00Z,79025.5
2025-09-11T07:00:00Z,80892.0
2025-09-11T08:00:00Z,85488.8
2025-09-11T09:00:00Z,87688.2
2025-09-11T10:00:00Z,89713.8
2025-09-11T11:00:00Z,92296.2
2025-09-11T12:00:00Z,90545.3
2025-09-11T13:00:00Z,90520.4
2025-09-11T14:00:00Z,87661.1
2025-09-11T15:00:00Z,87672.2
2025-09-11T16:00:00Z,83886.1
2025-09-11T17:00:00Z,81036.2
2025-09-11T18:00:00Z,78698.5
2025-09-11T19:00:00Z,75810.4
2025-09-11T20:00:00Z,72512.2
2025-09-11T21:00:00Z,70135.7
2025-09-11T22:00:00Z,67887.2
2025-09-11T23:00:00Z,65346.3
2025-09-12T00:00:00Z,68506.1
2025-09-12T01:00:00Z,66850.2
2025-09-12T02:00:00Z,68688.7
2025-09-12T03:00:00Z,68863.0
2025-09-12T04:00:00Z,72158.7
2025-09-12T05:00:00Z,76121.6
2025-09-12T06:00:00Z,78545.6
2025-09-12T07:00:00Z,81045.8
2025-09-12T08:00:00Z,84585.8
2025-09-12T09:00:00Z,87577.2
2025-09-12T10:00:00Z,88831.6
2025-09-12T11:00:00Z,89335.5
2025-09-12T12:00:00Z,92166.4
2025-09-12T13:00:00Z,90469.7
2025-09-12T14:00:00Z,91259.0
2025-09-12T15:00:00Z,87799.0
2025-09-12T16:00:00Z,83421.1
2025-09-12T17:00:00Z,80927.1
2025-09-12T18:00:00Z,77957.8
2025-09-12T19:00:00Z,76324.7
2025-09-12T20:00:00Z,71299.4
2025-09-12T21:00:00Z,71848.6
2025-09-12T22:00:00Z,67870.1
2025-09-12T23:00:00Z,67868.0
2025-09-13T00:00:00Z,64592.6
2025-09-13T01:00:00Z,63100.5
2025-09-13T02:00:00Z,64648.2
2025-09-13T03:00:00Z,67414.3
2025-09-13T04:00:00Z,70848.2
2025-09-13T05:00:00Z,73420.6
2025-09-13T06:00:00Z,75486.5
2025-09-13T07:00:00Z,79823.1
2025-09-13T08:00:00Z,81777.2
2025-09-13T09:00:00Z,84908.9
2025-09-13T10:00:00Z,85136.8
2025-09-13T11:00:00Z,89061.9
2025-09-13T12:00:00Z,87622.7
2025-09-13T13:00:00Z,86881.5
2025-09-13T14:00:00Z,86105.0
2025-09-13T15:00:00Z,84596.4
2025-09-13T16:00:00Z,82551.0
2025-09-13T17:00:00Z,78286.6
2025-09-13T18:00:00Z,73919.6
2025-09-13T19:00:00Z,74802.7
2025-09-13T20:00:00Z,69053.7
2025-09-13T21:00:00Z,68407.2
2025-09-13T22:00:00Z,64561.5
2025-09-13T23:00:00Z,62978.1
2025-09-14T00:00:00Z,64769.3
2025-09-14T01:00:00Z,62849.2
2025-09-14T02:00:00Z,62608.0
2025-09-14T03:00:00Z,68233.3
2025-09-14T04:00:00Z,70439.6
2025-09-14T05:00:00Z,73829.9
2025-09-14T06:00:00Z,76179.3
2025-09-14T07:00:00Z,78108.9
2025-09-14T08:00:00Z,80948.8
2025-09-14T09:00:00Z,84298.3
2025-09-14T10:00:00Z,86527.8
2025-09-14T11:00:00Z,87172.8
2025-09-14T12:00:00Z,88207.7
2025-09-14T13:00:00Z,88688.7
2025-09-14T14:00:00Z,86616.2
2025-09-14T15:00:00Z,85377.7
2025-09-14T16:00:00Z,81430.4
2025-09-14T17:00:00Z,78321.1
2025-09-14T18:00:00Z,74964.9
2025-09-14T19:00:00Z,73170.2
2025-09-14T20:00:00Z,69178.7
2025-09-14T21:00:00Z,67662.8
2025-09-14T22:00:00Z,64390.9
2025-09-14T23:00:00Z,64609.1
2025-09-15T00:00:00Z,68487.5
2025-09-15T01:00:00Z,67885.6
2025-09-15T02:00:00Z,68875.7
2025-09-15T03:00:00Z,70116.8
2025-09-15T04:00:00Z,72932.3
2025-09-15T05:00:00Z,75568.7
2025-09-15T06:00:00Z,80349.7
2025-09-15T07:00:00Z,83532.9
2025-09-15T08:00:00Z,86146.2
2025-09-15T09:00:00Z,87919.7
2025-09-15T10:00:00Z,90477.1
2025-09-15T11:00:00Z,91119.2
2025-09-15T12:00:00Z,89744.6
2025-09-15T13:00:00Z,90108.7
2025-09-15T14:00:00Z,88539.8
2025-09-15T15:00:00Z,87787.3
2025-09-15T16:00:00Z,84738.9
2025-09-15T17:00:00Z,82811.5
2025-09-15T18:00:00Z,77930.4
2025-09-15T19:00:00Z,76535.3
2025-09-15T20:00:00Z,73962.9
2025-09-15T21:00:00Z,70558.1
2025-09-15T22:00:00Z,68003.2
2025-09-15T23:00:00Z,66862.6
2025-09-16T00:00:00Z,67685.8
2025-09-16T01:00:00Z,67908.4
2025-09-16T02:00:00Z,66696.7
2025-09-16T03:00:00Z,72085.4
2025-09-16T04:00:00Z,73556.3
2025-09-16T05:00:00Z,76692.2
2025-09-16T06:00:00Z,78792.6
2025-09-16T07:00:00Z,83549.0
2025-09-16T08:00:00Z,87168.0
2025-09-16T09:00:00Z,87206.3
2025-09-16T10:00:00Z,90029.2
2025-09-16T11:00:00Z,90996.6
2025-09-16T12:00:00Z,91249.6
2025-09-16T13:00:00Z,90544.2
2025-09-16T14:00:00Z,91366.3
2025-09-16T15:00:00Z,86291.3
2025-09-16T16:00:00Z,85724.5
2025-09-16T17:00:00Z,82464.0
2025-09-16T18:00:00Z,78041.0
2025-09-16T19:00:00Z,76586.5
2025-09-16T20:00:00Z,72135.4
2025-09-16T21:00:00Z,71834.2
2025-09-16T22:00:00Z,69840.8
2025-09-16T23:00:00Z,68597.2
2025-09-17T00:00:00Z,69155.1
2025-09-17T01:00:00Z,67102.0
2025-09-17T02:00:00Z,68975.9
2025-09-17T03:00:00Z,71468.8
2025-09-17T04:00:00Z,75537.8
2025-09-17T05:00:00Z,77176.5
2025-09-17T06:00:00Z,79921.7
2025-09-17T07:00:00Z,83353.2
2025-09-17T08:00:00Z,86444.8
2025-09-17T09:00:00Z,87367.2
2025-09-17T10:00:00Z,91258.7
2025-09-17T11:00:00Z,92247.1
2025-09-17T12:00:00Z,91395.9
2025-09-17T13:00:00Z,90553.6
2025-09-17T14:00:00Z,88372.5
2025-09-17T15:00:00Z,88811.1
2025-09-17T16:00:00Z,85422.9
2025-09-17T17:00:00Z,82070.0
2025-09-17T18:00:00Z,78536.4
2025-09-17T19:00:00Z,75518.1
2025-09-17T20:00:00Z,74375.8
2025-09-17T21:00:00Z,69777.2
2025-09-17T22:00:00Z,69999.3
2025-09-17T23:00:00Z,68239.2
2025-09-18T00:00:00Z,68030.7
2025-09-18T01:00:00Z,67997.5
2025-09-18T02:00:00Z,68058.2
2025-09-18T03:00:00Z,73742.9
2025-09-18T04:00:00Z,74905.6
2025-09-18T05:00:00Z,76563.6
2025-09-18T06:00:00Z,79927.5
2025-09-18T07:00:00Z,83021.2
2025-09-18T08:00:00Z,83234.3
2025-09-18T09:00:00Z,88944.7
2025-09-18T10:00:00Z,89736.6
2025-09-18T11:00:00Z,91237.8
2025-09-18T12:00:00Z,89839.1
2025-09-18T13:00:00Z,90580.7
2025-09-18T14:00:00Z,89105.7
2025-09-18T15:00:00Z,90275.3
2025-09-18T16:00:00Z,85382.4
2025-09-18T17:00:00Z,82731.0
2025-09-18T18:00:00Z,80616.0
2025-09-18T19:00:00Z,76617.0
2025-09-18T20:00:00Z,74327.7
2025-09-18T21:00:00Z,72052.1
2025-09-18T22:00:00Z,69404.2
2025-09-18T23:00:00Z,68026.5
2025-09-19T00:00:00Z,66530.2
2025-09-19T01:00:00Z,67448.2
2025-09-19T02:00:00Z,67637.7
2025-09-19T03:00:00Z,72584.3
2025-09-19T04:00:00Z,74017.4
2025-09-19T05:00:00Z,78199.2
2025-09-19T06:00:00Z,80092.5
2025-09-19T07:00:00Z,84124.0
2025-09-19T08:00:00Z,84661.1
2025-09-19T09:00:00Z,86864.7
2025-09-19T10:00:00Z,90414.6
2025-09-19T11:00:00Z,91499.2
2025-09-19T12:00:00Z,92792.7
2025-09-19T13:00:00Z,90308.6
2025-09-19T14:00:00Z,88865.5
2025-09-19T15:00:00Z,87832.9
2025-09-19T16:00:00Z,86235.8
2025-09-19T17:00:00Z,82662.2
2025-09-19T18:00:00Z,79142.4
2025-09-19T19:00:00Z,75528.3
2025-09-19T20:00:00Z,73392.8
2025-09-19T21:00:00Z,72002.7
2025-09-19T22:00:00Z,69364.7
2025-09-19T23:00:00Z,66772.9
2025-09-20T00:00:00Z,64390.0
2025-09-20T01:00:00Z,66535.4
2025-09-20T02:00:00Z,66176.7
2025-09-20T03:00:00Z,69594.0
2025-09-20T04:00:00Z,69978.7
2025-09-20T05:00:00Z,73273.8
2025-09-20T06:00:00Z,78851.9
2025-09-20T07:00:00Z,78925.1
2025-09-20T08:00:00Z,82475.1
2025-09-20T09:00:00Z,85063.7
2025-09-20T10:00:00Z,87717.3
2025-09-20T11:00:00Z,88235.3
2025-09-20T12:00:00Z,90662.3
2025-09-20T13:00:00Z,89652.3
2025-09-20T14:00:00Z,88201.5
2025-09-20T15:00:00Z,85798.5
2025-09-20T16:00:00Z,83636.5
2025-09-20T17:00:00Z,78287.2
2025-09-20T18:00:00Z,77244.7
2025-09-20T19:00:00Z,72415.2
2025-09-20T20:00:00Z,70508.4
2025-09-20T21:00:00Z,69706.1
2025-09-20T22:00:00Z,67165.5
2025-09-20T23:00:00Z,64149.1
2025-09-21T00:00:00Z,65106.2
2025-09-21T01:00:00Z,65384.1
2025-09-21T02:00:00Z,67387.0
2025-09-21T03:00:00Z,68337.7
2025-09-21T04:00:00Z,69740.3
2025-09-21T05:00:00Z,74631.6
2025-09-21T06:00:00Z,74957.6
2025-09-21T07:00:00Z,80056.8
2025-09-21T08:00:00Z,82387.4
2025-09-21T09:00:00Z,84968.3
2025-09-21T10:00:00Z,88841.8
2025-09-21T11:00:00Z,87585.7
2025-09-21T12:00:00Z,88271.4
2025-09-21T13:00:00Z,88988.2
2025-09-21T14:00:00Z,85001.3
2025-09-21T15:00:00Z,83997.3
2025-09-21T16:00:00Z,83757.8
2025-09-21T17:00:00Z,79884.5
2025-09-21T18:00:00Z,76762.4
2025-09-21T19:00:00Z,75477.2
2025-09-21T20:00:00Z,69171.5
2025-09-21T21:00:00Z,68403.2
2025-09-21T22:00:00Z,66014.3
2025-09-21T23:00:00Z,65394.4
2025-09-22T00:00:00Z,67174.4
2025-09-22T01:00:00Z,66618.2
2025-09-22T02:00:00Z,69679.1
2025-09-22T03:00:00Z,70242.0
2025-09-22T04:00:00Z,73627.0
2025-09-22T05:00:00Z,75601.0
2025-09-22T06:00:00Z,80717.2
2025-09-22T07:00:00Z,82881.7
2025-09-22T08:00:00Z,87314.6
2025-09-22T09:00:00Z,90149.3
2025-09-22T10:00:00Z,89800.0
2025-09-22T11:00:00Z,90827.6
2025-09-22T12:00:00Z,92185.7
2025-09-22T13:00:00Z,92558.1
2025-09-22T14:00:00Z,91637.6
2025-09-22T15:00:00Z,88561.8
2025-09-22T16:00:00Z,86519.9
2025-09-22T17:00:00Z,84196.5
2025-09-22T18:00:00Z,80542.6
2025-09-22T19:00:00Z,76096.9
2025-09-22T20:00:00Z,74571.9
2025-09-22T21:00:00Z,72610.5
2025-09-22T22:00:00Z,68623.3
2025-09-22T23:00:00Z,68658.7
2025-09-23T00:00:00Z,68680.0
2025-09-23T01:00:00Z,68206.6
2025-09-23T02:00:00Z,69575.7
2025-09-23T03:00:00Z,71850.8
2025-09-23T04:00:00Z,74412.6
2025-09-23T05:00:00Z,77237.0
2025-09-23T06:00:00Z,79662.5
2025-09-23T07:00:00Z,83012.7
2025-09-23T08:00:00Z,87367.2
2025-09-23T09:00:00Z,87636.9
2025-09-23T10:00:00Z,90638.8
2025-09-23T11:00:00Z,89910.2
2025-09-23T12:00:00Z,92917.5
2025-09-23T13:00:00Z,90327.5
2025-09-23T14:00:00Z,91374.6
2025-09-23T15:00:00Z,89988.0
2025-09-23T16:00:00Z,86274.9
2025-09-23T17:00:00Z,82711.4
2025-09-23T18:00:00Z,80557.4
2025-09-23T19:00:00Z,78523.5
2025-09-23T20:00:00Z,75478.9
2025-09-23T21:00:00Z,71101.0
2025-09-23T22:00:00Z,70710.4
2025-09-23T23:00:00Z,68331.6
2025-09-24T00:00:00Z,69072.9
2025-09-24T01:00:00Z,69045.1
2025-09-24T02:00:00Z,70277.5
2025-09-24T03:00:00Z,71942.3
2025-09-24T04:00:00Z,74108.4
2025-09-24T05:00:00Z,78299.1
2025-09-24T06:00:00Z,79101.7
2025-09-24T07:00:00Z,82646.6
2025-09-24T08:00:00Z,86399.0
2025-09-24T09:00:00Z,88821.0
2025-09-24T10:00:00Z,91327.9
2025-09-24T11:00:00Z,92941.2
2025-09-24T12:00:00Z,91939.3
2025-09-24T13:00:00Z,90913.4
2025-09-24T14:00:00Z,93010.9
2025-09-24T15:00:00Z,86501.0
2025-09-24T16:00:00Z,86512.1
2025-09-24T17:00:00Z,83559.4
2025-09-24T18:00:00Z,79831.5
2025-09-24T19:00:00Z,79046.6
2025-09-24T20:00:00Z,74531.7
2025-09-24T21:00:00Z,68995.5
2025-09-24T22:00:00Z,70316.4
2025-09-24T23:00:00Z,69465.1
2025-09-25T00:00:00Z,70099.4
2025-09-25T01:00:00Z,69084.5
2025-09-25T02:00:00Z,68822.6
2025-09-25T03:00:00Z,71476.7
2025-09-25T04:00:00Z,73812.7
2025-09-25T05:00:00Z,75857.0
2025-09-25T06:00:00Z,80793.2
2025-09-25T07:00:00Z,84408.5
2025-09-25T08:00:00Z,87466.5
2025-09-25T09:00:00Z,89983.3
2025-09-25T10:00:00Z,91409.8
2025-09-25T11:00:00Z,91614.3
2025-09-25T12:00:00Z,94622.3
2025-09-25T13:00:00Z,92124.4
2025-09-25T14:00:00Z,89739.3
2025-09-25T15:00:00Z,89206.6
2025-09-25T16:00:00Z,85390.0
2025-09-25T17:00:00Z,83558.4
2025-09-25T18:00:00Z,81210.7
2025-09-25T19:00:00Z,76674.1
2025-09-25T20:00:00Z,74210.0
2025-09-25T21:00:00Z,72347.2
2025-09-25T22:00:00Z,69920.1
2025-09-25T23:00:00Z,68734.2
2025-09-26T00:00:00Z,67529.4
2025-09-26T01:00:00Z,68077.1
2025-09-26T02:00:00Z,70389.9
2025-09-26T03:00:00Z,71820.8
2025-09-26T04:00:00Z,74664.6
2025-09-26T05:00:00Z,77168.4
2025-09-26T06:00:00Z,78829.5
2025-09-26T07:00:00Z,83831.2
2025-09-26T08:00:00Z,85152.8
2025-09-26T09:00:00Z,89535.9
2025-09-26T10:00:00Z,91317.7
2025-09-26T11:00:00Z,92250.4
2025-09-26T12:00:00Z,92543.7
2025-09-26T13:00:00Z,93232.8
2025-09-26T14:00:00Z,91694.0
2025-09-26T15:00:00Z,87136.5
2025-09-26T16:00:00Z,86123.5
2025-09-26T17:00:00Z,84671.9
2025-09-26T18:00:00Z,79557.1
2025-09-26T19:00:00Z,76127.8
2025-09-26T20:00:00Z,75303.6
2025-09-26T21:00:00Z,71089.2
2025-09-26T22:00:00Z,71083.0
2025-09-26T23:00:00Z,69814.4
2025-09-27T00:00:00Z,64601.5
2025-09-27T01:00:00Z,64638.5
2025-09-27T02:00:00Z,68906.4
2025-09-27T03:00:00Z,69281.5
2025-09-27T04:00:00Z,71361.6
2025-09-27T05:00:00Z,74419.5
2025-09-27T06:00:00Z,78872.5
2025-09-27T07:00:00Z,80916.9
2025-09-27T08:00:00Z,82925.8
2025-09-27T09:00:00Z,85604.8
2025-09-27T10:00:00Z,88738.8
2025-09-27T11:00:00Z,89468.6
2025-09-27T12:00:00Z,89514.8
2025-09-27T13:00:00Z,89415.7
2025-09-27T14:00:00Z,85933.7
2025-09-27T15:00:00Z,87550.7
2025-09-27T16:00:00Z,83282.7
2025-09-27T17:00:00Z,79899.6
2025-09-27T18:00:00Z,74903.9
2025-09-27T19:00:00Z,74575.0
2025-09-27T20:00:00Z,69090.9
2025-09-27T21:00:00Z,70704.7
2025-09-27T22:00:00Z,64170.4
2025-09-27T23:00:00Z,66054.6
2025-09-28T00:00:00Z,64390.3
2025-09-28T01:00:00Z,66734.4
2025-09-28T02:00:00Z,64015.0
2025-09-28T03:00:00Z,68006.5
2025-09-28T04:00:00Z,69409.2
2025-09-28T05:00:00Z,73779.0
2025-09-28T06:00:00Z,77149.9
2025-09-28T07:00:00Z,80445.6
2025-09-28T08:00:00Z,84065.4
2025-09-28T09:00:00Z,85567.6
2025-09-28T10:00:00Z,86932.1
2025-09-28T11:00:00Z,89122.6
2025-09-28T12:00:00Z,89220.6
2025-09-28T13:00:00Z,88765.5
2025-09-28T14:00:00Z,88054.1
2025-09-28T15:00:00Z,87487.3
2025-09-28T16:00:00Z,83770.8
2025-09-28T17:00:00Z,81611.5
2025-09-28T18:00:00Z,78265.5
2025-09-28T19:00:00Z,73424.8
2025-09-28T20:00:00Z,72928.0
2025-09-28T21:00:00Z,69444.3
2025-09-28T22:00:00Z,66543.5
2025-09-28T23:00:00Z,66292.3
2025-09-29T00:00:00Z,70011.5
2025-09-29T01:00:00Z,69775.7
2025-09-29T02:00:00Z,71596.9
2025-09-29T03:00:00Z,71780.4
2025-09-29T04:00:00Z,72983.2
2025-09-29T05:00:00Z,77018.0
2025-09-29T06:00:00Z,80816.5
2025-09-29T07:00:00Z,83631.0
2025-09-29T08:00:00Z,87630.1
2025-09-29T09:00:00Z,87565.3
2025-09-29T10:00:00Z,91561.4
2025-09-29T11:00:00Z,93843.8
2025-09-29T12:00:00Z,93277.4
2025-09-29T13:00:00Z,92323.4
2025-09-29T14:00:00Z,92434.2
2025-09-29T15:00:00Z,87709.1
2025-09-29T16:00:00Z,87383.5
2025-09-29T17:00:00Z,85780.9
2025-09-29T18:00:00Z,80419.9
2025-09-29T19:00:00Z,78142.5
2025-09-29T20:00:00Z,74812.7
2025-09-29T21:00:00Z,72269.2
2025-09-29T22:00:00Z,71084.6
2025-09-29T23:00:00Z,70233.6
2025-09-30T00:00:00Z,67178.0
2025-09-30T01:00:00Z,66636.7
2025-09-30T02:00:00Z,70843.6
2025-09-30T03:00:00Z,71609.3
2025-09-30T04:00:00Z,74173.3
2025-09-30T05:00:00Z,77574.6
2025-09-30T06:00:00Z,80857.5
2025-09-30T07:00:00Z,83884.0
2025-09-30T08:00:00Z,87793.8
2025-09-30T09:00:00Z,88944.9
2025-09-30T10:00:00Z,91977.6
2025-09-30T11:00:00Z,91930.4
2025-09-30T12:00:00Z,92639.5
2025-09-30T13:00:00Z,92130.5
2025-09-30T14:00:00Z,92806.3
2025-09-30T15:00:00Z,90330.0
2025-09-30T16:00:00Z,87479.8
2025-09-30T17:00:00Z,83621.7
2025-09-30T18:00:00Z,80376.8
2025-09-30T19:00:00Z,78365.0
2025-09-30T20:00:00Z,75831.1
2025-09-30T21:00:00Z,73254.2
2025-09-30T22:00:00Z,70158.2
2025-09-30T23:00:00Z,69209.8
2025-10-01T00:00:00Z,68176.7
2025-10-01T01:00:00Z,70072.9
2025-10-01T02:00:00Z,71157.0
2025-10-01T03:00:00Z,73681.1
2025-10-01T04:00:00Z,75672.6
2025-10-01T05:00:00Z,78648.7
2025-10-01T06:00:00Z,80445.7
2025-10-01T07:00:00Z,82903.7
2025-10-01T08:00:00Z,88120.5
2025-10-01T09:00:00Z,89548.9
2025-10-01T10:00:00Z,92378.9
2025-10-01T11:00:00Z,90829.3
2025-10-01T12:00:00Z,93231.6
2025-10-01T13:00:00Z,92126.8
2025-10-01T14:00:00Z,91998.0
2025-10-01T15:00:00Z,86825.7
2025-10-01T16:00:00Z,86860.6
2025-10-01T17:00:00Z,83631.1
2025-10-01T18:00:00Z,80156.1
2025-10-01T19:00:00Z,76645.9
2025-10-01T20:00:00Z,76438.9
2025-10-01T21:00:00Z,72644.5
2025-10-01T22:00:00Z,70444.2
2025-10-01T23:00:00Z,69284.8
2025-10-02T00:00:00Z,69618.2
2025-10-02T01:00:00Z,70005.6
2025-10-02T02:00:00Z,71845.9
2025-10-02T03:00:00Z,70427.3
2025-10-02T04:00:00Z,72661.0
2025-10-02T05:00:00Z,77524.0
2025-10-02T06:00:00Z,79476.4
2025-10-02T07:00:00Z,84935.4
2025-10-02T08:00:00Z,86596.6
2025-10-02T09:00:00Z,91921.2
2025-10-02T10:00:00Z,91418.5
2025-10-02T11:00:00Z,91538.9
2025-10-02T12:00:00Z,92746.5
2025-10-02T13:00:00Z,93882.4
2025-10-02T14:00:00Z,92034.6
2025-10-02T15:00:00Z,89608.2
2025-10-02T16:00:00Z,86373.7
2025-10-02T17:00:00Z,82761.7
2025-10-02T18:00:00Z,80503.0
2025-10-02T19:00:00Z,79955.3
2025-10-02T20:00:00Z,75099.8
2025-10-02T21:00:00Z,71309.0
2025-10-02T22:00:00Z,69027.2
2025-10-02T23:00:00Z,69680.9
2025-10-03T00:00:00Z,70360.7
2025-10-03T01:00:00Z,70381.5
2025-10-03T02:00:00Z,69961.5
2025-10-03T03:00:00Z,71063.0
2025-10-03T04:00:00Z,75869.4
2025-10-03T05:00:00Z,77211.0
2025-10-03T06:00:00Z,82207.2
2025-10-03T07:00:00Z,82652.9
2025-10-03T08:00:00Z,87063.9
2025-10-03T09:00:00Z,88711.2
2025-10-03T10:00:00Z,90893.7
2025-10-03T11:00:00Z,94228.4
2025-10-03T12:00:00Z,91617.9
2025-10-03T13:00:00Z,91069.1
2025-10-03T14:00:00Z,91816.7
2025-10-03T15:00:00Z,90355.6
2025-10-03T16:00:00Z,86883.2
2025-10-03T17:00:00Z,85516.7
2025-10-03T18:00:00Z,81122.2
2025-10-03T19:00:00Z,75777.7
2025-10-03T20:00:00Z,74845.7
2025-10-03T21:00:00Z,73705.8
2025-10-03T22:00:00Z,70164.8
2025-10-03T23:00:00Z,68889.3
2025-10-04T00:00:00Z,66927.3
2025-10-04T01:00:00Z,68622.0
2025-10-04T02:00:00Z,67823.5
2025-10-04T03:00:00Z,69126.7
2025-10-04T04:00:00Z,73337.2
2025-10-04T05:00:00Z,75288.8
2025-10-04T06:00:00Z,78666.7
2025-10-04T07:00:00Z,80872.3
2025-10-04T08:00:00Z,84778.9
2025-10-04T09:00:00Z,86275.4
2025-10-04T10:00:00Z,90118.9
2025-10-04T11:00:00Z,90017.9
2025-10-04T12:00:00Z,89745.7
2025-10-04T13:00:00Z,91053.2
2025-10-04T14:00:00Z,87901.2
2025-10-04T15:00:00Z,83639.3
2025-10-04T16:00:00Z,82597.8
2025-10-04T17:00:00Z,80311.3
2025-10-04T18:00:00Z,78437.8
2025-10-04T19:00:00Z,75903.2
2025-10-04T20:00:00Z,71183.6
2025-10-04T21:00:00Z,70206.4
2025-10-04T22:00:00Z,67633.3
2025-10-04T23:00:00Z,65702.8
2025-10-05T00:00:00Z,66139.7
2025-10-05T01:00:00Z,64425.3
2025-10-05T02:00:00Z,66774.2
2025-10-05T03:00:00Z,70639.0
2025-10-05T04:00:00Z,70935.7
2025-10-05T05:00:00Z,75550.0
2025-10-05T06:00:00Z,77505.9
2025-10-05T07:00:00Z,81194.1
2025-10-05T08:00:00Z,82275.5
2025-10-05T09:00:00Z,87193.9
2025-10-05T10:00:00Z,87999.4
2025-10-05T11:00:00Z,88602.4
2025-10-05T12:00:00Z,93710.1
2025-10-05T13:00:00Z,87333.4
2025-10-05T14:00:00Z,88380.4
2025-10-05T15:00:00Z,86693.2
2025-10-05T16:00:00Z,85437.0
2025-10-05T17:00:00Z,79726.8
2025-10-05T18:00:00Z,78506.1
2025-10-05T19:00:00Z,75336.4
2025-10-05T20:00:00Z,71972.3
2025-10-05T21:00:00Z,69885.8
2025-10-05T22:00:00Z,67204.1
2025-10-05T23:00:00Z,65720.7
2025-10-06T00:00:00Z,70337.0
2025-10-06T01:00:00Z,68620.2
2025-10-06T02:00:00Z,71463.0
2025-10-06T03:00:00Z,72018.1
2025-10-06T04:00:00Z,74475.5
2025-10-06T05:00:00Z,79657.5
2025-10-06T06:00:00Z,81139.0
2025-10-06T07:00:00Z,83220.7
2025-10-06T08:00:00Z,87235.6
2025-10-06T09:00:00Z,90325.3
2025-10-06T10:00:00Z,90894.6
2025-10-06T11:00:00Z,93061.0
2025-10-06T12:00:00Z,92282.1
2025-10-06T13:00:00Z,91163.9
2025-10-06T14:00:00Z,92787.2
2025-10-06T15:00:00Z,90440.7
2025-10-06T16:00:00Z,88672.2
2025-10-06T17:00:00Z,86738.5
2025-10-06T18:00:00Z,83236.8
2025-10-06T19:00:00Z,78633.5
2025-10-06T20:00:00Z,75330.0
2025-10-06T21:00:00Z,72282.4
2025-10-06T22:00:00Z,72414.4
2025-10-06T23:00:00Z,70089.1
2025-10-07T00:00:00Z,69217.4
2025-10-07T01:00:00Z,68732.1
2025-10-07T02:00:00Z,70417.0
2025-10-07T03:00:00Z,72682.5
2025-10-07T04:00:00Z,75086.6
2025-10-07T05:00:00Z,78138.3
2025-10-07T06:00:00Z,81810.6
2025-10-07T07:00:00Z,86251.0
2025-10-07T08:00:00Z,88210.1
2025-10-07T09:00:00Z,90236.1
2025-10-07T10:00:00Z,92342.6
2025-10-07T11:00:00Z,94120.3
2025-10-07T12:00:00Z,95114.4
2025-10-07T13:00:00Z,91848.1
2025-10-07T14:00:00Z,91079.4
2025-10-07T15:00:00Z,90467.3
2025-10-07T16:00:00Z,89385.7
2025-10-07T17:00:00Z,85277.3
2025-10-07T18:00:00Z,82346.4
2025-10-07T19:00:00Z,77720.1
2025-10-07T20:00:00Z,76115.7
2025-10-07T21:00:00Z,74120.1
2025-10-07T22:00:00Z,70228.2
2025-10-07T23:00:00Z,69871.7
2025-10-08T00:00:00Z,71003.7
2025-10-08T01:00:00Z,70235.2
2025-10-08T02:00:00Z,70529.7
2025-10-08T03:00:00Z,73481.8
2025-10-08T04:00:00Z,75276.9
2025-10-08T05:00:00Z,78757.7
2025-10-08T06:00:00Z,82695.1
2025-10-08T07:00:00Z,84312.7
2025-10-08T08:00:00Z,88092.8
2025-10-08T09:00:00Z,89839.2
2025-10-08T10:00:00Z,89964.0
2025-10-08T11:00:00Z,91611.3
2025-10-08T12:00:00Z,93542.3
2025-10-08T13:00:00Z,93998.2
2025-10-08T14:00:00Z,93179.5
2025-10-08T15:00:00Z,87926.7
2025-10-08T16:00:00Z,87869.4
2025-10-08T17:00:00Z,83262.7
2025-10-08T18:00:00Z,78755.9
2025-10-08T19:00:00Z,77901.8
2025-10-08T20:00:00Z,74446.3
2025-10-08T21:00:00Z,73742.9
2025-10-08T22:00:00Z,71245.9
2025-10-08T23:00:00Z,68554.8
2025-10-09T00:00:00Z,68729.4
2025-10-09T01:00:00Z,70964.0
2025-10-09T02:00:00Z,71500.3
2025-10-09T03:00:00Z,73693.1
2025-10-09T04:00:00Z,74634.4
2025-10-09T05:00:00Z,77339.8
2025-10-09T06:00:00Z,82722.4
2025-10-09T07:00:00Z,85822.8
2025-10-09T08:00:00Z,87128.5
2025-10-09T09:00:00Z,89078.0
2025-10-09T10:00:00Z,92585.1
2025-10-09T11:00:00Z,93645.3
2025-10-09T12:00:00Z,91626.2
2025-10-09T13:00:00Z,93697.3
2025-10-09T14:00:00Z,92737.2
2025-10-09T15:00:00Z,89312.1
2025-10-09T16:00:00Z,89014.6
2025-10-09T17:00:00Z,84842.7
2025-10-09T18:00:00Z,81851.8
2025-10-09T19:00:00Z,77111.4
2025-10-09T20:00:00Z,74670.9
2025-10-09T21:00:00Z,72829.0
2025-10-09T22:00:00Z,71465.8
2025-10-09T23:00:00Z,70243.8
2025-10-10T00:00:00Z,69109.7
2025-10-10T01:00:00Z,70430.4
2025-10-10T02:00:00Z,69675.5
2025-10-10T03:00:00Z,72841.8
2025-10-10T04:00:00Z,74792.0
2025-10-10T05:00:00Z,77744.2
2025-10-10T06:00:00Z,81733.8
2025-10-10T07:00:00Z,84697.2
2025-10-10T08:00:00Z,88140.1
2025-10-10T09:00:00Z,91101.9
2025-10-10T10:00:00Z,90149.4
2025-10-10T11:00:00Z,94038.3
2025-10-10T12:00:00Z,93071.4
2025-10-10T13:00:00Z,93266.9
2025-10-10T14:00:00Z,91884.6
2025-10-10T15:00:00Z,90515.7
2025-10-10T16:00:00Z,86559.1
2025-10-10T17:00:00Z,83664.4
2025-10-10T18:00:00Z,80678.4
2025-10-10T19:00:00Z,77909.6
2025-10-10T20:00:00Z,75674.1
2025-10-10T21:00:00Z,73155.8
2025-10-10T22:00:00Z,70664.2
2025-10-10T23:00:00Z,70754.5
2025-10-11T00:00:00Z,65866.2
2025-10-11T01:00:00Z,65695.0
2025-10-11T02:00:00Z,68312.9
2025-10-11T03:00:00Z,68181.9
2025-10-11T04:00:00Z,72663.8
2025-10-11T05:00:00Z,75947.6
2025-10-11T06:00:00Z,78279.0
2025-10-11T07:00:00Z,83195.4
2025-10-11T08:00:00Z,83678.1
2025-10-11T09:00:00Z,84951.2
2025-10-11T10:00:00Z,90079.3
2025-10-11T11:00:00Z,89852.7
2025-10-11T12:00:00Z,90876.2
2025-10-11T13:00:00Z,89987.9
2025-10-11T14:00:00Z,88006.2
2025-10-11T15:00:00Z,87384.0
2025-10-11T16:00:00Z,82851.7
2025-10-11T17:00:00Z,82252.2
2025-10-11T18:00:00Z,77611.7
2025-10-11T19:00:00Z,75582.1
2025-10-11T20:00:00Z,72937.1
2025-10-11T21:00:00Z,70209.6
2025-10-11T22:00:00Z,67993.2
2025-10-11T23:00:00Z,67940.3
2025-10-12T00:00:00Z,66316.9
2025-10-12T01:00:00Z,66331.3
2025-10-12T02:00:00Z,68341.2
2025-10-12T03:00:00Z,68943.9
2025-10-12T04:00:00Z,71138.4
2025-10-12T05:00:00Z,73306.2
2025-10-12T06:00:00Z,78700.0
2025-10-12T07:00:00Z,80933.6
2025-10-12T08:00:00Z,85680.2
2025-10-12T09:00:00Z,86406.4
2025-10-12T10:00:00Z,89535.6
2025-10-12T11:00:00Z,89798.6
2025-10-12T12:00:00Z,90007.9
2025-10-12T13:00:00Z,90300.0
2025-10-12T14:00:00Z,88374.0
2025-10-12T15:00:00Z,87037.3
2025-10-12T16:00:00Z,83460.3
2025-10-12T17:00:00Z,80150.7
2025-10-12T18:00:00Z,80206.8
2025-10-12T19:00:00Z,75350.1
2025-10-12T20:00:00Z,71390.3
2025-10-12T21:00:00Z,69757.6
2025-10-12T22:00:00Z,67480.2
2025-10-12T23:00:00Z,66785.3
2025-10-13T00:00:00Z,68552.2
2025-10-13T01:00:00Z,70180.4
2025-10-13T02:00:00Z,71342.5
2025-10-13T03:00:00Z,73610.4
2025-10-13T04:00:00Z,75452.4
2025-10-13T05:00:00Z,78364.7
2025-10-13T06:00:00Z,82523.1
2025-10-13T07:00:00Z,86620.1
2025-10-13T08:00:00Z,87975.6
2025-10-13T09:00:00Z,90945.2
2025-10-13T10:00:00Z,92719.5
2025-10-13T11:00:00Z,92866.1
2025-10-13T12:00:00Z,95968.3
2025-10-13T13:00:00Z,92140.3
2025-10-13T14:00:00Z,89832.5
2025-10-13T15:00:00Z,90253.3
2025-10-13T16:00:00Z,87104.2
2025-10-13T17:00:00Z,84046.9
2025-10-13T18:00:00Z,80238.3
2025-10-13T19:00:00Z,78699.2
2025-10-13T20:00:00Z,74870.0
2025-10-13T21:00:00Z,72577.5
2025-10-13T22:00:00Z,69930.5
2025-10-13T23:00:00Z,71135.5
2025-10-14T00:00:00Z,68772.6
2025-10-14T01:00:00Z,69702.2
2025-10-14T02:00:00Z,70794.6
2025-10-14T03:00:00Z,72594.4
2025-10-14T04:00:00Z,75564.3
2025-10-14T05:00:00Z,77620.1
2025-10-14T06:00:00Z,82992.3
2025-10-14T07:00:00Z,84717.8
2025-10-14T08:00:00Z,86462.0
2025-10-14T09:00:00Z,90725.6
2025-10-14T10:00:00Z,93196.6
2025-10-14T11:00:00Z,92117.8
2025-10-14T12:00:00Z,92091.0
2025-10-14T13:00:00Z,92876.2
2025-10-14T14:00:00Z,91752.2
2025-10-14T15:00:00Z,90409.1
2025-10-14T16:00:00Z,86467.4
2025-10-14T17:00:00Z,85727.9
2025-10-14T18:00:00Z,82049.4
2025-10-14T19:00:00Z,76776.0
2025-10-14T20:00:00Z,75700.9
2025-10-14T21:00:00Z,72339.0
2025-10-14T22:00:00Z,70539.3
2025-10-14T23:00:00Z,68957.2
2025-10-15T00:00:00Z,71207.0
2025-10-15T01:00:00Z,70574.2
2025-10-15T02:00:00Z,70670.1
2025-10-15T03:00:00Z,72448.8
2025-10-15T04:00:00Z,73706.8
2025-10-15T05:00:00Z,81296.8
2025-10-15T06:00:00Z,80544.4
2025-10-15T07:00:00Z,86122.9
2025-10-15T08:00:00Z,87853.0
2025-10-15T09:00:00Z,89459.6
2025-10-15T10:00:00Z,92699.8
2025-10-15T11:00:00Z,92772.3
2025-10-15T12:00:00Z,93448.7
2025-10-15T13:00:00Z,94189.9
2025-10-15T14:00:00Z,90995.0
2025-10-15T15:00:00Z,91741.9
2025-10-15T16:00:00Z,85538.0
2025-10-15T17:00:00Z,85795.3
2025-10-15T18:00:00Z,81359.8
2025-10-15T19:00:00Z,77631.5
2025-10-15T20:00:00Z,73952.9
2025-10-15T21:00:00Z,72265.6
2025-10-15T22:00:00Z,71346.3
2025-10-15T23:00:00Z,68936.4
2025-10-16T00:00:00Z,69588.8
2025-10-16T01:00:00Z,70963.7
2025-10-16T02:00:00Z,70505.6
2025-10-16T03:00:00Z,73246.0
2025-10-16T04:00:00Z,74496.7
2025-10-16T05:00:00Z,78386.6
2025-10-16T06:00:00Z,82524.0
2025-10-16T07:00:00Z,82986.5
2025-10-16T08:00:00Z,86561.5
2025-10-16T09:00:00Z,90791.7
2025-10-16T10:00:00Z,93430.6
2025-10-16T11:00:00Z,93846.4
2025-10-16T12:00:00Z,94437.4
2025-10-16T13:00:00Z,92944.6
2025-10-16T14:00:00Z,91282.1
2025-10-16T15:00:00Z,90783.0
2025-10-16T16:00:00Z,86617.1
2025-10-16T17:00:00Z,84969.5
2025-10-16T18:00:00Z,80816.7
2025-10-16T19:00:00Z,78984.3
2025-10-16T20:00:00Z,75309.9
2025-10-16T21:00:00Z,71234.4
2025-10-16T22:00:00Z,71528.6
2025-10-16T23:00:00Z,70077.2
2025-10-17T00:00:00Z,69001.4
2025-10-17T01:00:00Z,69433.0
2025-10-17T02:00:00Z,70583.6
2025-10-17T03:00:00Z,70990.3
2025-10-17T04:00:00Z,76150.7
2025-10-17T05:00:00Z,78681.6
2025-10-17T06:00:00Z,83454.7
2025-10-17T07:00:00Z,86512.2
2025-10-17T08:00:00Z,88007.9
2025-10-17T09:00:00Z,87666.2
2025-10-17T10:00:00Z,91261.6
2025-10-17T11:00:00Z,93773.1
2025-10-17T12:00:00Z,92649.2
2025-10-17T13:00:00Z,94311.0
2025-10-17T14:00:00Z,92524.1
2025-10-17T15:00:00Z,90115.1
2025-10-17T16:00:00Z,86785.8
2025-10-17T17:00:00Z,85456.7
2025-10-17T18:00:00Z,81981.0
2025-10-17T19:00:00Z,76899.8
2025-10-17T20:00:00Z,76258.2
2025-10-17T21:00:00Z,71671.5
2025-10-17T22:00:00Z,71125.8
2025-10-17T23:00:00Z,72156.1
2025-10-18T00:00:00Z,65116.2
2025-10-18T01:00:00Z,67886.1
2025-10-18T02:00:00Z,65849.2
2025-10-18T03:00:00Z,68107.9
2025-10-18T04:00:00Z,70719.1
2025-10-18T05:00:00Z,74185.9
2025-10-18T06:00:00Z,76916.2
2025-10-18T07:00:00Z,81848.6
2025-10-18T08:00:00Z,85482.6
2025-10-18T09:00:00Z,86192.8
2025-10-18T10:00:00Z,87453.7
2025-10-18T11:00:00Z,89499.8
2025-10-18T12:00:00Z,89886.6
2025-10-18T13:00:00Z,88318.6
2025-10-18T14:00:00Z,88244.1
2025-10-18T15:00:00Z,86302.1
2025-10-18T16:00:00Z,84509.1
2025-10-18T17:00:00Z,82982.9
2025-10-18T18:00:00Z,78078.7
2025-10-18T19:00:00Z,75217.6
2025-10-18T20:00:00Z,73081.9
2025-10-18T21:00:00Z,71738.2
2025-10-18T22:00:00Z,67702.1
2025-10-18T23:00:00Z,65839.6
2025-10-19T00:00:00Z,66412.0
2025-10-19T01:00:00Z,67543.1
2025-10-19T02:00:00Z,68140.6
2025-10-19T03:00:00Z,70774.7
2025-10-19T04:00:00Z,71867.0
2025-10-19T05:00:00Z,74923.6
2025-10-19T06:00:00Z,77485.3
2025-10-19T07:00:00Z,81424.1
2025-10-19T08:00:00Z,83852.9
2025-10-19T09:00:00Z,86480.6
2025-10-19T10:00:00Z,87229.1
2025-10-19T11:00:00Z,89738.2
2025-10-19T12:00:00Z,89967.7
2025-10-19T13:00:00Z,89394.0
2025-10-19T14:00:00Z,88429.6
2025-10-19T15:00:00Z,86192.0
2025-10-19T16:00:00Z,84571.5
2025-10-19T17:00:00Z,81613.0
2025-10-19T18:00:00Z,77280.3
2025-10-19T19:00:00Z,75673.7
2025-10-19T20:00:00Z,71738.6
2025-10-19T21:00:00Z,69841.4
2025-10-19T22:00:00Z,68445.8
2025-10-19T23:00:00Z,65385.0
2025-10-20T00:00:00Z,67891.2
2025-10-20T01:00:00Z,70579.2
2025-10-20T02:00:00Z,71238.0
2025-10-20T03:00:00Z,75077.0
2025-10-20T04:00:00Z,75926.4
2025-10-20T05:00:00Z,78285.2
2025-10-20T06:00:00Z,82257.0
2025-10-20T07:00:00Z,85001.4
2025-10-20T08:00:00Z,87554.4
2025-10-20T09:00:00Z,92108.4
2025-10-20T10:00:00Z,92662.6
2025-10-20T11:00:00Z,92982.3
2025-10-20T12:00:00Z,92940.9
2025-10-20T13:00:00Z,93839.6
2025-10-20T14:00:00Z,92466.7
2025-10-20T15:00:00Z,90236.9
2025-10-20T16:00:00Z,88030.5
2025-10-20T17:00:00Z,85435.2
2025-10-20T18:00:00Z,83022.6
2025-10-20T19:00:00Z,80804.1
2025-10-20T20:00:00Z,74095.9
2025-10-20T21:00:00Z,72330.7
2025-10-20T22:00:00Z,70649.8
2025-10-20T23:00:00Z,70535.1
2025-10-21T00:00:00Z,70448.4
2025-10-21T01:00:00Z,72099.0
2025-10-21T02:00:00Z,70835.9
2025-10-21T03:00:00Z,72941.3
2025-10-21T04:00:00Z,75744.9
2025-10-21T05:00:00Z,78677.1
2025-10-21T06:00:00Z,80637.1
2025-10-21T07:00:00Z,85157.1
2025-10-21T08:00:00Z,88184.8
2025-10-21T09:00:00Z,89561.1
2025-10-21T10:00:00Z,91669.7
2025-10-21T11:00:00Z,94970.3
2025-10-21T12:00:00Z,91981.2
2025-10-21T13:00:00Z,93653.2
2025-10-21T14:00:00Z,93164.9
2025-10-21T15:00:00Z,90953.6
2025-10-21T16:00:00Z,88344.4
2025-10-21T17:00:00Z,85360.7
2025-10-21T18:00:00Z,81444.2
2025-10-21T19:00:00Z,78966.7
2025-10-21T20:00:00Z,76396.6
2025-10-21T21:00:00Z,74527.6
2025-10-21T22:00:00Z,70240.5
2025-10-21T23:00:00Z,67684.7
2025-10-22T00:00:00Z,68950.0
2025-10-22T01:00:00Z,69073.6
2025-10-22T02:00:00Z,71326.3
2025-10-22T03:00:00Z,72870.9
2025-10-22T04:00:00Z,75526.5
2025-10-22T05:00:00Z,79829.0
2025-10-22T06:00:00Z,80663.8
2025-10-22T07:00:00Z,84976.7
2025-10-22T08:00:00Z,87615.2
2025-10-22T09:00:00Z,89544.1
2025-10-22T10:00:00Z,91337.1
2025-10-22T11:00:00Z,92503.0
2025-10-22T12:00:00Z,94116.7
2025-10-22T13:00:00Z,93308.4
2025-10-22T14:00:00Z,92856.9
2025-10-22T15:00:00Z,92399.2
2025-10-22T16:00:00Z,88311.8
2025-10-22T17:00:00Z,84550.9
2025-10-22T18:00:00Z,81922.0
2025-10-22T19:00:00Z,77799.8
2025-10-22T20:00:00Z,74660.3
2025-10-22T21:00:00Z,72763.8
2025-10-22T22:00:00Z,71613.4
2025-10-22T23:00:00Z,68993.8
2025-10-23T00:00:00Z,69350.4
2025-10-23T01:00:00Z,67803.4
2025-10-23T02:00:00Z,70017.2
2025-10-23T03:00:00Z,74493.1
2025-10-23T04:00:00Z,76228.3
2025-10-23T05:00:00Z,80877.1
2025-10-23T06:00:00Z,81693.8
2025-10-23T07:00:00Z,85425.8
2025-10-23T08:00:00Z,88470.6
2025-10-23T09:00:00Z,89315.4
2025-10-23T10:00:00Z,91959.9
2025-10-23T11:00:00Z,94234.8
2025-10-23T12:00:00Z,92841.9
2025-10-23T13:00:00Z,93519.7
2025-10-23T14:00:00Z,94191.5
2025-10-23T15:00:00Z,89908.4
2025-10-23T16:00:00Z,87134.4
2025-10-23T17:00:00Z,85008.5
2025-10-23T18:00:00Z,81567.9
2025-10-23T19:00:00Z,80696.4
2025-10-23T20:00:00Z,74221.7
2025-10-23T21:00:00Z,72255.2
2025-10-23T22:00:00Z,72423.3
2025-10-23T23:00:00Z,69704.5
2025-10-24T00:00:00Z,69460.3
2025-10-24T01:00:00Z,72050.2
2025-10-24T02:00:00Z,69839.8
2025-10-24T03:00:00Z,73533.7
2025-10-24T04:00:00Z,75980.2
2025-10-24T05:00:00Z,77837.5
2025-10-24T06:00:00Z,80929.5
2025-10-24T07:00:00Z,84612.8
2025-10-24T08:00:00Z,88536.3
2025-10-24T09:00:00Z,89514.9
2025-10-24T10:00:00Z,90335.7
2025-10-24T11:00:00Z,92986.9
2025-10-24T12:00:00Z,92838.7
2025-10-24T13:00:00Z,94437.4
2025-10-24T14:00:00Z,92890.5
2025-10-24T15:00:00Z,91336.1
2025-10-24T16:00:00Z,86819.0
2025-10-24T17:00:00Z,83720.1
2025-10-24T18:00:00Z,82956.2
2025-10-24T19:00:00Z,78511.9
2025-10-24T20:00:00Z,75796.0
2025-10-24T21:00:00Z,73910.9
2025-10-24T22:00:00Z,70677.4
2025-10-24T23:00:00Z,71028.9
2025-10-25T00:00:00Z,64938.3
2025-10-25T01:00:00Z,64464.1
2025-10-25T02:00:00Z,66613.7
2025-10-25T03:00:00Z,70554.8
2025-10-25T04:00:00Z,72591.6
2025-10-25T05:00:00Z,72264.0
2025-10-25T06:00:00Z,79118.4
2025-10-25T07:00:00Z,80413.7
2025-10-25T08:00:00Z,83199.5
2025-10-25T09:00:00Z,87940.9
2025-10-25T10:00:00Z,88665.7
2025-10-25T11:00:00Z,90832.3
2025-10-25T12:00:00Z,87771.1
2025-10-25T13:00:00Z,89659.4
2025-10-25T14:00:00Z,87088.9
2025-10-25T15:00:00Z,87244.1
2025-10-25T16:00:00Z,84080.1
2025-10-25T17:00:00Z,81801.4
2025-10-25T18:00:00Z,80229.7
2025-10-25T19:00:00Z,75797.0
2025-10-25T20:00:00Z,72401.9
2025-10-25T21:00:00Z,70783.4
2025-10-25T22:00:00Z,68409.0
2025-10-25T23:00:00Z,67358.8
2025-10-26T00:00:00Z,67287.4
2025-10-26T01:00:00Z,68370.7
2025-10-26T02:00:00Z,66936.4
2025-10-26T03:00:00Z,70471.7
2025-10-26T04:00:00Z,72208.9
2025-10-26T05:00:00Z,74874.2
2025-10-26T06:00:00Z,77502.4
2025-10-26T07:00:00Z,80726.4
2025-10-26T08:00:00Z,83198.6
2025-10-26T09:00:00Z,87604.4
2025-10-26T10:00:00Z,88193.0
2025-10-26T11:00:00Z,89903.8
2025-10-26T12:00:00Z,90266.9
2025-10-26T13:00:00Z,89817.2
2025-10-26T14:00:00Z,89065.1
2025-10-26T15:00:00Z,86434.6
2025-10-26T16:00:00Z,85125.4
2025-10-26T17:00:00Z,79763.8
2025-10-26T18:00:00Z,77939.9
2025-10-26T19:00:00Z,74759.1
2025-10-26T20:00:00Z,70440.2
2025-10-26T21:00:00Z,69927.1
2025-10-26T22:00:00Z,66176.6
2025-10-26T23:00:00Z,65063.1
2025-10-27T00:00:00Z,69636.6
2025-10-27T01:00:00Z,69239.2
2025-10-27T02:00:00Z,71115.1
2025-10-27T03:00:00Z,71761.4
2025-10-27T04:00:00Z,74495.4
2025-10-27T05:00:00Z,80022.5
2025-10-27T06:00:00Z,81337.6
2025-10-27T07:00:00Z,83502.0
2025-10-27T08:00:00Z,87436.8
2025-10-27T09:00:00Z,91606.2
2025-10-27T10:00:00Z,92151.4
2025-10-27T11:00:00Z,93074.8
2025-10-27T12:00:00Z,93834.5
2025-10-27T13:00:00Z,94373.5
2025-10-27T14:00:00Z,93164.8
2025-10-27T15:00:00Z,88976.5
2025-10-27T16:00:00Z,89356.6
2025-10-27T17:00:00Z,86408.4
2025-10-27T18:00:00Z,81034.9
2025-10-27T19:00:00Z,79258.4
2025-10-27T20:00:00Z,73931.0
2025-10-27T21:00:00Z,73969.6
2025-10-27T22:00:00Z,69433.6
2025-10-27T23:00:00Z,70331.9
2025-10-28T00:00:00Z,68621.2
2025-10-28T01:00:00Z,69839.8
2025-10-28T02:00:00Z,71666.4
2025-10-28T03:00:00Z,73608.0
2025-10-28T04:00:00Z,75041.6
2025-10-28T05:00:00Z,78591.8
2025-10-28T06:00:00Z,81221.5
2025-10-28T07:00:00Z,83025.5
2025-10-28T08:00:00Z,87086.2
2025-10-28T09:00:00Z,90529.0
2025-10-28T10:00:00Z,91095.0
2025-10-28T11:00:00Z,93453.2
2025-10-28T12:00:00Z,94583.5
2025-10-28T13:00:00Z,91970.6
2025-10-28T14:00:00Z,92390.2
2025-10-28T15:00:00Z,93526.4
2025-10-28T16:00:00Z,87113.8
2025-10-28T17:00:00Z,85662.7
2025-10-28T18:00:00Z,80704.1
2025-10-28T19:00:00Z,78448.6
2025-10-28T20:00:00Z,74207.2
2025-10-28T21:00:00Z,74336.8
2025-10-28T22:00:00Z,69593.0
2025-10-28T23:00:00Z,69175.1
2025-10-29T00:00:00Z,69380.1
2025-10-29T01:00:00Z,69863.5
2025-10-29T02:00:00Z,69197.5
2025-10-29T03:00:00Z,72722.0
2025-10-29T04:00:00Z,75071.0
2025-10-29T05:00:00Z,78745.0
2025-10-29T06:00:00Z,81657.7
2025-10-29T07:00:00Z,82867.1
2025-10-29T08:00:00Z,86282.6
2025-10-29T09:00:00Z,90698.2
2025-10-29T10:00:00Z,93150.8
2025-10-29T11:00:00Z,94212.2
2025-10-29T12:00:00Z,91570.8
2025-10-29T13:00:00Z,92461.3
2025-10-29T14:00:00Z,90634.7
2025-10-29T15:00:00Z,88619.0
2025-10-29T16:00:00Z,88166.5
2025-10-29T17:00:00Z,82984.6
2025-10-29T18:00:00Z,80928.0
2025-10-29T19:00:00Z,76938.6
2025-10-29T20:00:00Z,76413.7
2025-10-29T21:00:00Z,72278.4
2025-10-29T22:00:00Z,71175.8
2025-10-29T23:00:00Z,70488.4
2025-10-30T00:00:00Z,69398.2
2025-10-30T01:00:00Z,68275.5
2025-10-30T02:00:00Z,70972.3
2025-10-30T03:00:00Z,72065.1
2025-10-30T04:00:00Z,74882.9
2025-10-30T05:00:00Z,79249.8
2025-10-30T06:00:00Z,81505.9
2025-10-30T07:00:00Z,82864.8
2025-10-30T08:00:00Z,87515.6
2025-10-30T09:00:00Z,91779.8
2025-10-30T10:00:00Z,93080.6
2025-10-30T11:00:00Z,93538.7
2025-10-30T12:00:00Z,94196.5
2025-10-30T13:00:00Z,93421.4
2025-10-30T14:00:00Z,90847.6
2025-10-30T15:00:00Z,88590.9
2025-10-30T16:00:00Z,88375.8
2025-10-30T17:00:00Z,84443.6
2025-10-30T18:00:00Z,81793.5
2025-10-30T19:00:00Z,78529.3
2025-10-30T20:00:00Z,76877.3
2025-10-30T21:00:00Z,74166.0
2025-10-30T22:00:00Z,71717.3
2025-10-30T23:00:00Z,70468.8
2025-10-31T00:00:00Z,70040.2
2025-10-31T01:00:00Z,69345.0
2025-10-31T02:00:00Z,69412.3
2025-10-31T03:00:00Z,73004.9
2025-10-31T04:00:00Z,75361.6
2025-10-31T05:00:00Z,78457.8
2025-10-31T06:00:00Z,81309.5
2025-10-31T07:00:00Z,85134.6
2025-10-31T08:00:00Z,87983.5
2025-10-31T09:00:00Z,88426.1
2025-10-31T10:00:00Z,91136.5
2025-10-31T11:00:00Z,93511.3
2025-10-31T12:00:00Z,94574.3
2025-10-31T13:00:00Z,94971.6
2025-10-31T14:00:00Z,91343.5
2025-10-31T15:00:00Z,89903.6
2025-10-31T16:00:00Z,86482.3
2025-10-31T17:00:00Z,85117.9
2025-10-31T18:00:00Z,81414.4
2025-10-31T19:00:00Z,77208.3
2025-10-31T20:00:00Z,76199.7
2025-10-31T21:00:00Z,74821.2
2025-10-31T22:00:00Z,72265.8
2025-10-31T23:00:00Z,69557.1
2025-11-01T00:00:00Z,66569.4
2025-11-01T01:00:00Z,65883.4
2025-11-01T02:00:00Z,69911.8
2025-11-01T03:00:00Z,69391.6
2025-11-01T04:00:00Z,71802.0
2025-11-01T05:00:00Z,73770.1
2025-11-01T06:00:00Z,78902.4
2025-11-01T07:00:00Z,80650.4
2025-11-01T08:00:00Z,83777.6
2025-11-01T09:00:00Z,84696.8
2025-11-01T10:00:00Z,87893.7
2025-11-01T11:00:00Z,89832.4
2025-11-01T12:00:00Z,90572.5
2025-11-01T13:00:00Z,90311.6
2025-11-01T14:00:00Z,87898.8
2025-11-01T15:00:00Z,87051.2
2025-11-01T16:00:00Z,83207.8
2025-11-01T17:00:00Z,80166.5
2025-11-01T18:00:00Z,77217.3
2025-11-01T19:00:00Z,75247.3
2025-11-01T20:00:00Z,71708.1
2025-11-01T21:00:00Z,70172.5
2025-11-01T22:00:00Z,69329.5
2025-11-01T23:00:00Z,66252.5
2025-11-02T00:00:00Z,66139.8
2025-11-02T01:00:00Z,65813.6
2025-11-02T02:00:00Z,66392.8
2025-11-02T03:00:00Z,69353.0
2025-11-02T04:00:00Z,71838.4
2025-11-02T05:00:00Z,73849.2
2025-11-02T06:00:00Z,77146.9
2025-11-02T07:00:00Z,82151.6
2025-11-02T08:00:00Z,83606.8
2025-11-02T09:00:00Z,86461.5
2025-11-02T10:00:00Z,89248.7
2025-11-02T11:00:00Z,89855.4
2025-11-02T12:00:00Z,89130.3
2025-11-02T13:00:00Z,88261.4
2025-11-02T14:00:00Z,88748.0
2025-11-02T15:00:00Z,86323.2
2025-11-02T16:00:00Z,83920.3
2025-11-02T17:00:00Z,80814.3
2025-11-02T18:00:00Z,78981.9
2025-11-02T19:00:00Z,74921.9
2025-11-02T20:00:00Z,73762.7
2025-11-02T21:00:00Z,69261.5
2025-11-02T22:00:00Z,68757.6
2025-11-02T23:00:00Z,67202.3
2025-11-03T00:00:00Z,68913.1
2025-11-03T01:00:00Z,70439.8
2025-11-03T02:00:00Z,69729.7
2025-11-03T03:00:00Z,70972.8
2025-11-03T04:00:00Z,76130.1
2025-11-03T05:00:00Z,77677.5
2025-11-03T06:00:00Z,83100.5
2025-11-03T07:00:00Z,83454.8
2025-11-03T08:00:00Z,85482.5
2025-11-03T09:00:00Z,91252.2
2025-11-03T10:00:00Z,90998.7
2025-11-03T11:00:00Z,93480.3
2025-11-03T12:00:00Z,92910.7
2025-11-03T13:00:00Z,94424.2
2025-11-03T14:00:00Z,90666.1
2025-11-03T15:00:00Z,89708.2
2025-11-03T16:00:00Z,86187.2
2025-11-03T17:00:00Z,85239.4
2025-11-03T18:00:00Z,81713.0
2025-11-03T19:00:00Z,77789.4
2025-11-03T20:00:00Z,75556.1
2025-11-03T21:00:00Z,72394.3
2025-11-03T22:00:00Z,69945.0
2025-11-03T23:00:00Z,70840.2
2025-11-04T00:00:00Z,69496.6
2025-11-04T01:00:00Z,71378.9
2025-11-04T02:00:00Z,70851.5
2025-11-04T03:00:00Z,72172.3
2025-11-04T04:00:00Z,75925.7
2025-11-04T05:00:00Z,78413.0
2025-11-04T06:00:00Z,82436.0
2025-11-04T07:00:00Z,84493.2
2025-11-04T08:00:00Z,86763.6
2025-11-04T09:00:00Z,90402.4
2025-11-04T10:00:00Z,91865.4
2025-11-04T11:00:00Z,93342.4
2025-11-04T12:00:00Z,92787.1
2025-11-04T13:00:00Z,92760.5
2025-11-04T14:00:00Z,91754.7
2025-11-04T15:00:00Z,90009.6
2025-11-04T16:00:00Z,88167.6
2025-11-04T17:00:00Z,84116.0
2025-11-04T18:00:00Z,81854.6
2025-11-04T19:00:00Z,77601.4
2025-11-04T20:00:00Z,74983.7
2025-11-04T21:00:00Z,73108.9
2025-11-04T22:00:00Z,71304.4
2025-11-04T23:00:00Z,69880.4
2025-11-05T00:00:00Z,69009.2
2025-11-05T01:00:00Z,69234.3
2025-11-05T02:00:00Z,69410.9
2025-11-05T03:00:00Z,71351.6
2025-11-05T04:00:00Z,75601.9
2025-11-05T05:00:00Z,77911.7
2025-11-05T06:00:00Z,82706.4
2025-11-05T07:00:00Z,85539.5
2025-11-05T08:00:00Z,86240.1
2025-11-05T09:00:00Z,90367.0
2025-11-05T10:00:00Z,92096.2
2025-11-05T11:00:00Z,93456.6
2025-11-05T12:00:00Z,93626.7
2025-11-05T13:00:00Z,91684.9
2025-11-05T14:00:00Z,93920.5
2025-11-05T15:00:00Z,89819.3
2025-11-05T16:00:00Z,88104.1
2025-11-05T17:00:00Z,83120.8
2025-11-05T18:00:00Z,80486.4
2025-11-05T19:00:00Z,78511.5
2025-11-05T20:00:00Z,75891.6
2025-11-05T21:00:00Z,73194.8
2025-11-05T22:00:00Z,70683.5
2025-11-05T23:00:00Z,70631.4
2025-11-06T00:00:00Z,68705.9
2025-11-06T01:00:00Z,68632.6
2025-11-06T02:00:00Z,71186.8
2025-11-06T03:00:00Z,71481.7
2025-11-06T04:00:00Z,74561.4
2025-11-06T05:00:00Z,77341.5
2025-11-06T06:00:00Z,80354.4
2025-11-06T07:00:00Z,83527.2
2025-11-06T08:00:00Z,86623.0
2025-11-06T09:00:00Z,88370.8
2025-11-06T10:00:00Z,92195.4
2025-11-06T11:00:00Z,92429.6
2025-11-06T12:00:00Z,92771.9
2025-11-06T13:00:00Z,93477.6
2025-11-06T14:00:00Z,90571.5
2025-11-06T15:00:00Z,88403.5
2025-11-06T16:00:00Z,86785.5
2025-11-06T17:00:00Z,84791.6
2025-11-06T18:00:00Z,80254.4
2025-11-06T19:00:00Z,77245.0
2025-11-06T20:00:00Z,75783.3
2025-11-06T21:00:00Z,70877.9
2025-11-06T22:00:00Z,71780.9
2025-11-06T23:00:00Z,68442.2
2025-11-07T00:00:00Z,67497.6
2025-11-07T01:00:00Z,68811.3
2025-11-07T02:00:00Z,69936.0
2025-11-07T03:00:00Z,71418.6
2025-11-07T04:00:00Z,75231.2
2025-11-07T05:00:00Z,75609.8
2025-11-07T06:00:00Z,80473.2
2025-11-07T07:00:00Z,83482.2
2025-11-07T08:00:00Z,85042.4
2025-11-07T09:00:00Z,88554.1
2025-11-07T10:00:00Z,92442.0
2025-11-07T11:00:00Z,92027.2
2025-11-07T12:00:00Z,92777.0
2025-11-07T13:00:00Z,91854.4
2025-11-07T14:00:00Z,91023.0
2025-11-07T15:00:00Z,87697.9
2025-11-07T16:00:00Z,87942.2
2025-11-07T17:00:00Z,82601.4
2025-11-07T18:00:00Z,79999.0
2025-11-07T19:00:00Z,79019.0
2025-11-07T20:00:00Z,74861.6
2025-11-07T21:00:00Z,74207.7
2025-11-07T22:00:00Z,71306.9
2025-11-07T23:00:00Z,68850.3
2025-11-08T00:00:00Z,64579.5
2025-11-08T01:00:00Z,65577.4
2025-11-08T02:00:00Z,66623.2
2025-11-08T03:00:00Z,68982.5
2025-11-08T04:00:00Z,72333.2
2025-11-08T05:00:00Z,74845.8
2025-11-08T06:00:00Z,76428.3
2025-11-08T07:00:00Z,81701.1
2025-11-08T08:00:00Z,84023.9
2025-11-08T09:00:00Z,85868.6
2025-11-08T10:00:00Z,88598.8
2025-11-08T11:00:00Z,89623.2
2025-11-08T12:00:00Z,90274.8
2025-11-08T13:00:00Z,88262.1
2025-11-08T14:00:00Z,87870.9
2025-11-08T15:00:00Z,87860.2
2025-11-08T16:00:00Z,82303.9
2025-11-08T17:00:00Z,79722.0
2025-11-08T18:00:00Z,79289.6
2025-11-08T19:00:00Z,74166.8
2025-11-08T20:00:00Z,72525.6
2025-11-08T21:00:00Z,68275.8
2025-11-08T22:00:00Z,66831.9
2025-11-08T23:00:00Z,67447.7
2025-11-09T00:00:00Z,67205.6
2025-11-09T01:00:00Z,66226.0
2025-11-09T02:00:00Z,67303.9
2025-11-09T03:00:00Z,70279.7
2025-11-09T04:00:00Z,71990.3
2025-11-09T05:00:00Z,74584.6
2025-11-09T06:00:00Z,75864.5
2025-11-09T07:00:00Z,79748.8
2025-11-09T08:00:00Z,82410.6
2025-11-09T09:00:00Z,87016.3
2025-11-09T10:00:00Z,87697.5
2025-11-09T11:00:00Z,89183.2
2025-11-09T12:00:00Z,89848.4
2025-11-09T13:00:00Z,88934.3
2025-11-09T14:00:00Z,87724.9
2025-11-09T15:00:00Z,85255.1
2025-11-09T16:00:00Z,83413.4
2025-11-09T17:00:00Z,80200.6
2025-11-09T18:00:00Z,77054.7
2025-11-09T19:00:00Z,77053.8
2025-11-09T20:00:00Z,71992.2
2025-11-09T21:00:00Z,67126.5
2025-11-09T22:00:00Z,66147.2
2025-11-09T23:00:00Z,66241.3
2025-11-10T00:00:00Z,67717.0
2025-11-10T01:00:00Z,68698.4
2025-11-10T02:00:00Z,70558.9
2025-11-10T03:00:00Z,71188.5
2025-11-10T04:00:00Z,73553.0
2025-11-10T05:00:00Z,77049.3
2025-11-10T06:00:00Z,80958.5
2025-11-10T07:00:00Z,82325.4
2025-11-10T08:00:00Z,85704.3
2025-11-10T09:00:00Z,90445.3
2025-11-10T10:00:00Z,93826.9
2025-11-10T11:00:00Z,93577.2
2025-11-10T12:00:00Z,91841.8
2025-11-10T13:00:00Z,92110.7
2025-11-10T14:00:00Z,89210.7
2025-11-10T15:00:00Z,90886.3
2025-11-10T16:00:00Z,87339.9
2025-11-10T17:00:00Z,83595.3
2025-11-10T18:00:00Z,79856.2
2025-11-10T19:00:00Z,77233.2
2025-11-10T20:00:00Z,72658.3
2025-11-10T21:00:00Z,71353.0
2025-11-10T22:00:00Z,68018.7
2025-11-10T23:00:00Z,66141.8
2025-11-11T00:00:00Z,70159.0
2025-11-11T01:00:00Z,68544.7
2025-11-11T02:00:00Z,70481.3
2025-11-11T03:00:00Z,72284.4
2025-11-11T04:00:00Z,74192.0
2025-11-11T05:00:00Z,78246.6
2025-11-11T06:00:00Z,79466.0
2025-11-11T07:00:00Z,83176.1
2025-11-11T08:00:00Z,85532.1
2025-11-11T09:00:00Z,87898.2
2025-11-11T10:00:00Z,89319.4
2025-11-11T11:00:00Z,93012.4
2025-11-11T12:00:00Z,91577.8
2025-11-11T13:00:00Z,92734.4
2025-11-11T14:00:00Z,89350.2
2025-11-11T15:00:00Z,88363.0
2025-11-11T16:00:00Z,87170.6
2025-11-11T17:00:00Z,82703.5
2025-11-11T18:00:00Z,81999.7
2025-11-11T19:00:00Z,75818.4
2025-11-11T20:00:00Z,74853.3
2025-11-11T21:00:00Z,71643.3
2025-11-11T22:00:00Z,68711.6
2025-11-11T23:00:00Z,68997.7
2025-11-12T00:00:00Z,67958.5
2025-11-12T01:00:00Z,69966.5
2025-11-12T02:00:00Z,70883.0
2025-11-12T03:00:00Z,72149.8
2025-11-12T04:00:00Z,75353.1
2025-11-12T05:00:00Z,78268.4
2025-11-12T06:00:00Z,78496.5
2025-11-12T07:00:00Z,82650.1
2025-11-12T08:00:00Z,86590.6
2025-11-12T09:00:00Z,87664.8
2025-11-12T10:00:00Z,89811.5
2025-11-12T11:00:00Z,90259.1
2025-11-12T12:00:00Z,93310.5
2025-11-12T13:00:00Z,92929.4
2025-11-12T14:00:00Z,90990.6
2025-11-12T15:00:00Z,89895.1
2025-11-12T16:00:00Z,86194.4
2025-11-12T17:00:00Z,83159.3
2025-11-12T18:00:00Z,80730.1
2025-11-12T19:00:00Z,78142.5
2025-11-12T20:00:00Z,75150.6
2025-11-12T21:00:00Z,72746.8
2025-11-12T22:00:00Z,70755.7
2025-11-12T23:00:00Z,68005.7
2025-11-13T00:00:00Z,68223.2
2025-11-13T01:00:00Z,68402.9
2025-11-13T02:00:00Z,69989.6
2025-11-13T03:00:00Z,73394.7
2025-11-13T04:00:00Z,73282.8
2025-11-13T05:00:00Z,76601.3
2025-11-13T06:00:00Z,81690.1
2025-11-13T07:00:00Z,83849.4
2025-11-13T08:00:00Z,86610.7
2025-11-13T09:00:00Z,88652.6
2025-11-13T10:00:00Z,88612.3
2025-11-13T11:00:00Z,91979.4
2025-11-13T12:00:00Z,92257.5
2025-11-13T13:00:00Z,92733.3
2025-11-13T14:00:00Z,89219.9
2025-11-13T15:00:00Z,90908.3
2025-11-13T16:00:00Z,85707.0
2025-11-13T17:00:00Z,83855.3
2025-11-13T18:00:00Z,80490.4
2025-11-13T19:00:00Z,77344.9
2025-11-13T20:00:00Z,74108.3
2025-11-13T21:00:00Z,71662.7
2025-11-13T22:00:00Z,71545.9
2025-11-13T23:00:00Z,67977.0
2025-11-14T00:00:00Z,69577.8
2025-11-14T01:00:00Z,68455.6
2025-11-14T02:00:00Z,68754.8
2025-11-14T03:00:00Z,69806.5
2025-11-14T04:00:00Z,73456.9
2025-11-14T05:00:00Z,76869.6
2025-11-14T06:00:00Z,80095.1
2025-11-14T07:00:00Z,84559.5
2025-11-14T08:00:00Z,86246.8
2025-11-14T09:00:00Z,87584.8
2025-11-14T10:00:00Z,91064.8
2025-11-14T11:00:00Z,92282.6
2025-11-14T12:00:00Z,91466.2
2025-11-14T13:00:00Z,90407.8
2025-11-14T14:00:00Z,91932.8
2025-11-14T15:00:00Z,89944.1
2025-11-14T16:00:00Z,85857.0
2025-11-14T17:00:00Z,82154.9
2025-11-14T18:00:00Z,78234.4
2025-11-14T19:00:00Z,78393.6
2025-11-14T20:00:00Z,73414.0
2025-11-14T21:00:00Z,71878.8
2025-11-14T22:00:00Z,68329.2
2025-11-14T23:00:00Z,69441.8
2025-11-15T00:00:00Z,62637.8
2025-11-15T01:00:00Z,63824.3
2025-11-15T02:00:00Z,66316.9
2025-11-15T03:00:00Z,68085.4
2025-11-15T04:00:00Z,72191.7
2025-11-15T05:00:00Z,74891.0
2025-11-15T06:00:00Z,77598.9
2025-11-15T07:00:00Z,81537.1
2025-11-15T08:00:00Z,85301.0
2025-11-15T09:00:00Z,84318.6
2025-11-15T10:00:00Z,89577.5
2025-11-15T11:00:00Z,89075.6
2025-11-15T12:00:00Z,89644.4
2025-11-15T13:00:00Z,89056.9
2025-11-15T14:00:00Z,86792.5
2025-11-15T15:00:00Z,85907.9
2025-11-15T16:00:00Z,84206.9
2025-11-15T17:00:00Z,79043.3
2025-11-15T18:00:00Z,76111.7
2025-11-15T19:00:00Z,73885.5
2025-11-15T20:00:00Z,69627.5
2025-11-15T21:00:00Z,69685.0
2025-11-15T22:00:00Z,66408.4
2025-11-15T23:00:00Z,64838.5
2025-11-16T00:00:00Z,63562.7
2025-11-16T01:00:00Z,65594.4
2025-11-16T02:00:00Z,66459.5
2025-11-16T03:00:00Z,68492.5
2025-11-16T04:00:00Z,70983.5
2025-11-16T05:00:00Z,72700.1
2025-11-16T06:00:00Z,75404.0
2025-11-16T07:00:00Z,79812.5
2025-11-16T08:00:00Z,83409.3
2025-11-16T09:00:00Z,85862.6
2025-11-16T10:00:00Z,87955.2
2025-11-16T11:00:00Z,88582.5
2025-11-16T12:00:00Z,88862.9
2025-11-16T13:00:00Z,89445.8
2025-11-16T14:00:00Z,86774.0
2025-11-16T15:00:00Z,84433.2
2025-11-16T16:00:00Z,81702.1
2025-11-16T17:00:00Z,77872.5
2025-11-16T18:00:00Z,74806.7
2025-11-16T19:00:00Z,74414.0
2025-11-16T20:00:00Z,69746.5
2025-11-16T21:00:00Z,67235.6
2025-11-16T22:00:00Z,67821.7
2025-11-16T23:00:00Z,64007.9
2025-11-17T00:00:00Z,67620.6
2025-11-17T01:00:00Z,68407.9
2025-11-17T02:00:00Z,69035.9
2025-11-17T03:00:00Z,72397.0
2025-11-17T04:00:00Z,74782.1
2025-11-17T05:00:00Z,77084.9
2025-11-17T06:00:00Z,79400.5
2025-11-17T07:00:00Z,83630.7
2025-11-17T08:00:00Z,86231.4
2025-11-17T09:00:00Z,89083.4
2025-11-17T10:00:00Z,89973.2
2025-11-17T11:00:00Z,90210.8
2025-11-17T12:00:00Z,90081.9
2025-11-17T13:00:00Z,90723.9
2025-11-17T14:00:00Z,88036.3
2025-11-17T15:00:00Z,89657.5
2025-11-17T16:00:00Z,84983.4
2025-11-17T17:00:00Z,82174.0
2025-11-17T18:00:00Z,79708.0
2025-11-17T19:00:00Z,76068.6
2025-11-17T20:00:00Z,73247.9
2025-11-17T21:00:00Z,68673.2
2025-11-17T22:00:00Z,70538.7
2025-11-17T23:00:00Z,68320.3
2025-11-18T00:00:00Z,68781.8
2025-11-18T01:00:00Z,68516.6
2025-11-18T02:00:00Z,70146.7
2025-11-18T03:00:00Z,69918.5
2025-11-18T04:00:00Z,72939.3
2025-11-18T05:00:00Z,75954.1
2025-11-18T06:00:00Z,78935.7
2025-11-18T07:00:00Z,82021.9
2025-11-18T08:00:00Z,85611.6
2025-11-18T09:00:00Z,86951.5
2025-11-18T10:00:00Z,90344.2
2025-11-18T11:00:00Z,91168.8
2025-11-18T12:00:00Z,89637.7
2025-11-18T13:00:00Z,90548.6
2025-11-18T14:00:00Z,90812.9
2025-11-18T15:00:00Z,87722.2
2025-11-18T16:00:00Z,85023.0
2025-11-18T17:00:00Z,82299.9
2025-11-18T18:00:00Z,80435.9
2025-11-18T19:00:00Z,75851.0
2025-11-18T20:00:00Z,74800.2
2025-11-18T21:00:00Z,69746.2
2025-11-18T22:00:00Z,68640.3
2025-11-18T23:00:00Z,67063.9
2025-11-19T00:00:00Z,68369.7
2025-11-19T01:00:00Z,68655.6
2025-11-19T02:00:00Z,69361.0
2025-11-19T03:00:00Z,71283.3
2025-11-19T04:00:00Z,71994.0
2025-11-19T05:00:00Z,75449.2
2025-11-19T06:00:00Z,79887.9
2025-11-19T07:00:00Z,82529.8
2025-11-19T08:00:00Z,86638.1
2025-11-19T09:00:00Z,87487.2
2025-11-19T10:00:00Z,90433.9
2025-11-19T11:00:00Z,91800.8
2025-11-19T12:00:00Z,93171.0
2025-11-19T13:00:00Z,93114.5
2025-11-19T14:00:00Z,89585.0
2025-11-19T15:00:00Z,86936.3
2025-11-19T16:00:00Z,86161.1
2025-11-19T17:00:00Z,81560.3
2025-11-19T18:00:00Z,79728.7
2025-11-19T19:00:00Z,76046.6
2025-11-19T20:00:00Z,74803.1
2025-11-19T21:00:00Z,68431.0
2025-11-19T22:00:00Z,68220.3
2025-11-19T23:00:00Z,67812.8
2025-11-20T00:00:00Z,67632.9
2025-11-20T01:00:00Z,68405.3
2025-11-20T02:00:00Z,68156.8
2025-11-20T03:00:00Z,70685.9
2025-11-20T04:00:00Z,74111.2
2025-11-20T05:00:00Z,76058.5
2025-11-20T06:00:00Z,77831.0
2025-11-20T07:00:00Z,84173.6
2025-11-20T08:00:00Z,85664.3
2025-11-20T09:00:00Z,88833.8
2025-11-20T10:00:00Z,89786.9
2025-11-20T11:00:00Z,91313.1
2025-11-20T12:00:00Z,89804.1
2025-11-20T13:00:00Z,90339.1
2025-11-20T14:00:00Z,87561.6
2025-11-20T15:00:00Z,87418.8
2025-11-20T16:00:00Z,86283.6
2025-11-20T17:00:00Z,81571.3
2025-11-20T18:00:00Z,78290.6
2025-11-20T19:00:00Z,78364.7
2025-11-20T20:00:00Z,72266.1
2025-11-20T21:00:00Z,71141.7
2025-11-20T22:00:00Z,69742.3
2025-11-20T23:00:00Z,67994.0
2025-11-21T00:00:00Z,68456.4
2025-11-21T01:00:00Z,68001.6
2025-11-21T02:00:00Z,67228.4
2025-11-21T03:00:00Z,71055.8
2025-11-21T04:00:00Z,71863.2
2025-11-21T05:00:00Z,76305.4
2025-11-21T06:00:00Z,79251.6
2025-11-21T07:00:00Z,82988.5
2025-11-21T08:00:00Z,84142.3
2025-11-21T09:00:00Z,88241.4
2025-11-21T10:00:00Z,90569.3
2025-11-21T11:00:00Z,92144.5
2025-11-21T12:00:00Z,88794.0
2025-11-21T13:00:00Z,90762.5
2025-11-21T14:00:00Z,90608.4
2025-11-21T15:00:00Z,89113.5
2025-11-21T16:00:00Z,86303.2
2025-11-21T17:00:00Z,82089.8
2025-11-21T18:00:00Z,77074.4
2025-11-21T19:00:00Z,75634.0
2025-11-21T20:00:00Z,74548.4
2025-11-21T21:00:00Z,68861.0
2025-11-21T22:00:00Z,68639.6
2025-11-21T23:00:00Z,66265.7
2025-11-22T00:00:00Z,63200.1
2025-11-22T01:00:00Z,63018.2
2025-11-22T02:00:00Z,65800.8
2025-11-22T03:00:00Z,67725.8
2025-11-22T04:00:00Z,69611.9
2025-11-22T05:00:00Z,73586.7
2025-11-22T06:00:00Z,76288.4
2025-11-22T07:00:00Z,78714.2
2025-11-22T08:00:00Z,81817.2
2025-11-22T09:00:00Z,83679.5
2025-11-22T10:00:00Z,87942.9
2025-11-22T11:00:00Z,87701.8
2025-11-22T12:00:00Z,87176.9
2025-11-22T13:00:00Z,85804.9
2025-11-22T14:00:00Z,84595.7
2025-11-22T15:00:00Z,83947.4
2025-11-22T16:00:00Z,81013.6
2025-11-22T17:00:00Z,77751.1
2025-11-22T18:00:00Z,76408.3
2025-11-22T19:00:00Z,71984.1
2025-11-22T20:00:00Z,70845.6
2025-11-22T21:00:00Z,68440.5
2025-11-22T22:00:00Z,64459.2
2025-11-22T23:00:00Z,62517.5
2025-11-23T00:00:00Z,63252.6
2025-11-23T01:00:00Z,63744.8
2025-11-23T02:00:00Z,64504.6
2025-11-23T03:00:00Z,66802.4
2025-11-23T04:00:00Z,68364.0
2025-11-23T05:00:00Z,73249.7
2025-11-23T06:00:00Z,77719.6
2025-11-23T07:00:00Z,78213.3
2025-11-23T08:00:00Z,81684.0
2025-11-23T09:00:00Z,83839.6
2025-11-23T10:00:00Z,85079.2
2025-11-23T11:00:00Z,88997.8
2025-11-23T12:00:00Z,86854.6
2025-11-23T13:00:00Z,87300.3
2025-11-23T14:00:00Z,88645.9
2025-11-23T15:00:00Z,84532.9
2025-11-23T16:00:00Z,81745.0
2025-11-23T17:00:00Z,80115.3
2025-11-23T18:00:00Z,76117.0
2025-11-23T19:00:00Z,71117.4
2025-11-23T20:00:00Z,68727.1
2025-11-23T21:00:00Z,67257.9
2025-11-23T22:00:00Z,66289.5
2025-11-23T23:00:00Z,64313.0
2025-11-24T00:00:00Z,67774.3
2025-11-24T01:00:00Z,67465.6
2025-11-24T02:00:00Z,69210.8
2025-11-24T03:00:00Z,69985.4
2025-11-24T04:00:00Z,72005.2
2025-11-24T05:00:00Z,76108.6
2025-11-24T06:00:00Z,79218.1
2025-11-24T07:00:00Z,82325.2
2025-11-24T08:00:00Z,86098.6
2025-11-24T09:00:00Z,87107.6
2025-11-24T10:00:00Z,91337.2
2025-11-24T11:00:00Z,91644.0
2025-11-24T12:00:00Z,91177.0
2025-11-24T13:00:00Z,90928.7
2025-11-24T14:00:00Z,89126.6
2025-11-24T15:00:00Z,87891.2
2025-11-24T16:00:00Z,84066.4
2025-11-24T17:00:00Z,82715.0
2025-11-24T18:00:00Z,77412.5
2025-11-24T19:00:00Z,75153.0
2025-11-24T20:00:00Z,74518.6
2025-11-24T21:00:00Z,71832.0
2025-11-24T22:00:00Z,66893.3
2025-11-24T23:00:00Z,67490.1
2025-11-25T00:00:00Z,67861.3
2025-11-25T01:00:00Z,68302.3
2025-11-25T02:00:00Z,69036.9
2025-11-25T03:00:00Z,70005.8
2025-11-25T04:00:00Z,72724.1
2025-11-25T05:00:00Z,75928.9
2025-11-25T06:00:00Z,76181.4
2025-11-25T07:00:00Z,82997.1
2025-11-25T08:00:00Z,85127.1
2025-11-25T09:00:00Z,87257.7
2025-11-25T10:00:00Z,88821.2
2025-11-25T11:00:00Z,89057.4
2025-11-25T12:00:00Z,92016.6
2025-11-25T13:00:00Z,91875.6
2025-11-25T14:00:00Z,87706.9
2025-11-25T15:00:00Z,86463.3
2025-11-25T16:00:00Z,85768.6
2025-11-25T17:00:00Z,83189.2
2025-11-25T18:00:00Z,79577.6
2025-11-25T19:00:00Z,75422.5
2025-11-25T20:00:00Z,73439.9
2025-11-25T21:00:00Z,70319.2
2025-11-25T22:00:00Z,68155.7
2025-11-25T23:00:00Z,65201.9
2025-11-26T00:00:00Z,67653.4
2025-11-26T01:00:00Z,66691.9
2025-11-26T02:00:00Z,67674.6
2025-11-26T03:00:00Z,69416.4
2025-11-26T04:00:00Z,71750.8
2025-11-26T05:00:00Z,75954.9
2025-11-26T06:00:00Z,78371.1
2025-11-26T07:00:00Z,81849.6
2025-11-26T08:00:00Z,86187.1
2025-11-26T09:00:00Z,87469.5
2025-11-26T10:00:00Z,88927.5
2025-11-26T11:00:00Z,90373.0
2025-11-26T12:00:00Z,90568.2
2025-11-26T13:00:00Z,90252.3
2025-11-26T14:00:00Z,87875.7
2025-11-26T15:00:00Z,86053.9
2025-11-26T16:00:00Z,84996.5
2025-11-26T17:00:00Z,81481.6
2025-11-26T18:00:00Z,78415.6
2025-11-26T19:00:00Z,75256.9
2025-11-26T20:00:00Z,72630.2
2025-11-26T21:00:00Z,68977.5
2025-11-26T22:00:00Z,67609.4
2025-11-26T23:00:00Z,66098.0
2025-11-27T00:00:00Z,65372.4
2025-11-27T01:00:00Z,66150.3
2025-11-27T02:00:00Z,66861.4
2025-11-27T03:00:00Z,70554.0
2025-11-27T04:00:00Z,71896.8
2025-11-27T05:00:00Z,76070.5
2025-11-27T06:00:00Z,77006.9
2025-11-27T07:00:00Z,81714.3
2025-11-27T08:00:00Z,83579.8
2025-11-27T09:00:00Z,86221.4
2025-11-27T10:00:00Z,89145.7
2025-11-27T11:00:00Z,91236.1
2025-11-27T12:00:00Z,90472.6
2025-11-27T13:00:00Z,90916.3
2025-11-27T14:00:00Z,88525.6
2025-11-27T15:00:00Z,86586.5
2025-11-27T16:00:00Z,84960.5
2025-11-27T17:00:00Z,81035.2
2025-11-27T18:00:00Z,76607.9
2025-11-27T19:00:00Z,74215.3
2025-11-27T20:00:00Z,73371.0
2025-11-27T21:00:00Z,69234.2
2025-11-27T22:00:00Z,66640.9
2025-11-27T23:00:00Z,65639.3
2025-11-28T00:00:00Z,65554.2
2025-11-28T01:00:00Z,66967.5
2025-11-28T02:00:00Z,66839.5
2025-11-28T03:00:00Z,70406.8
2025-11-28T04:00:00Z,70424.0
2025-11-28T05:00:00Z,74672.2
2025-11-28T06:00:00Z,77774.3
2025-11-28T07:00:00Z,82251.1
2025-11-28T08:00:00Z,84715.6
2025-11-28T09:00:00Z,85038.2
2025-11-28T10:00:00Z,88986.0
2025-11-28T11:00:00Z,87766.7
2025-11-28T12:00:00Z,90731.6
2025-11-28T13:00:00Z,89832.5
2025-11-28T14:00:00Z,88814.7
2025-11-28T15:00:00Z,87673.4
2025-11-28T16:00:00Z,85570.0
2025-11-28T17:00:00Z,80121.3
2025-11-28T18:00:00Z,78655.6
2025-11-28T19:00:00Z,75756.0
2025-11-28T20:00:00Z,71721.5
2025-11-28T21:00:00Z,68541.5
2025-11-28T22:00:00Z,68895.4
2025-11-28T23:00:00Z,65785.2
2025-11-29T00:00:00Z,61354.2
2025-11-29T01:00:00Z,62514.1
2025-11-29T02:00:00Z,65233.5
2025-11-29T03:00:00Z,66016.6
2025-11-29T04:00:00Z,68667.2
2025-11-29T05:00:00Z,71406.0
2025-11-29T06:00:00Z,74142.5
2025-11-29T07:00:00Z,79045.4
2025-11-29T08:00:00Z,80535.9
2025-11-29T09:00:00Z,83410.8
2025-11-29T10:00:00Z,87204.3
2025-11-29T11:00:00Z,84841.7
2025-11-29T12:00:00Z,86898.5
2025-11-29T13:00:00Z,85636.9
2025-11-29T14:00:00Z,84569.5
2025-11-29T15:00:00Z,84266.8
2025-11-29T16:00:00Z,81031.0
2025-11-29T17:00:00Z,75974.8
2025-11-29T18:00:00Z,73710.9
2025-11-29T19:00:00Z,71997.4
2025-11-29T20:00:00Z,69722.4
2025-11-29T21:00:00Z,66941.1
2025-11-29T22:00:00Z,64043.6
2025-11-29T23:00:00Z,63750.7
2025-11-30T00:00:00Z,62045.8
2025-11-30T01:00:00Z,62837.0
2025-11-30T02:00:00Z,63348.6
2025-11-30T03:00:00Z,66136.6
2025-11-30T04:00:00Z,69280.3
2025-11-30T05:00:00Z,73138.1
2025-11-30T06:00:00Z,74888.6
2025-11-30T07:00:00Z,78710.1
2025-11-30T08:00:00Z,80542.7
2025-11-30T09:00:00Z,82685.0
2025-11-30T10:00:00Z,83801.1
2025-11-30T11:00:00Z,87227.3
2025-11-30T12:00:00Z,88450.4
2025-11-30T13:00:00Z,88016.6
2025-11-30T14:00:00Z,83810.9
2025-11-30T15:00:00Z,80703.2
2025-11-30T16:00:00Z,79927.8
2025-11-30T17:00:00Z,78660.1
2025-11-30T18:00:00Z,74397.6
2025-11-30T19:00:00Z,72688.0
2025-11-30T20:00:00Z,68043.7
2025-11-30T21:00:00Z,67827.7
2025-11-30T22:00:00Z,65239.1
2025-11-30T23:00:00Z,62322.2
2025-12-01T00:00:00Z,65370.3
2025-12-01T01:00:00Z,66404.7
2025-12-01T02:00:00Z,67360.3
2025-12-01T03:00:00Z,69883.9
2025-12-01T04:00:00Z,71297.3
2025-12-01T05:00:00Z,74481.4
2025-12-01T06:00:00Z,77186.3
2025-12-01T07:00:00Z,80455.9
2025-12-01T08:00:00Z,85321.1
2025-12-01T09:00:00Z,85633.8
2025-12-01T10:00:00Z,87533.2
2025-12-01T11:00:00Z,90881.5
2025-12-01T12:00:00Z,88041.3
2025-12-01T13:00:00Z,89850.2
2025-12-01T14:00:00Z,88862.4
2025-12-01T15:00:00Z,86163.1
2025-12-01T16:00:00Z,85173.9
2025-12-01T17:00:00Z,79806.2
2025-12-01T18:00:00Z,76047.5
2025-12-01T19:00:00Z,72960.8
2025-12-01T20:00:00Z,70918.4
2025-12-01T21:00:00Z,68807.0
2025-12-01T22:00:00Z,69709.3
2025-12-01T23:00:00Z,66529.5
2025-12-02T00:00:00Z,64551.8
2025-12-02T01:00:00Z,65432.3
2025-12-02T02:00:00Z,68766.4
2025-12-02T03:00:00Z,73676.5
2025-12-02T04:00:00Z,71188.1
2025-12-02T05:00:00Z,75049.7
2025-12-02T06:00:00Z,76914.4
2025-12-02T07:00:00Z,80275.0
2025-12-02T08:00:00Z,82206.4
2025-12-02T09:00:00Z,87043.0
2025-12-02T10:00:00Z,87561.6
2025-12-02T11:00:00Z,88049.2
2025-12-02T12:00:00Z,89898.2
2025-12-02T13:00:00Z,88916.4
2025-12-02T14:00:00Z,86266.3
2025-12-02T15:00:00Z,86132.9
2025-12-02T16:00:00Z,83518.4
2025-12-02T17:00:00Z,80771.3
2025-12-02T18:00:00Z,77326.1
2025-12-02T19:00:00Z,73942.5
2025-12-02T20:00:00Z,71809.6
2025-12-02T21:00:00Z,66576.3
2025-12-02T22:00:00Z,67215.5
2025-12-02T23:00:00Z,67273.2
2025-12-03T00:00:00Z,66527.1
2025-12-03T01:00:00Z,67006.1
2025-12-03T02:00:00Z,67457.4
2025-12-03T03:00:00Z,68809.8
2025-12-03T04:00:00Z,70715.1
2025-12-03T05:00:00Z,74088.9
2025-12-03T06:00:00Z,78578.6
2025-12-03T07:00:00Z,80600.3
2025-12-03T08:00:00Z,84289.3
2025-12-03T09:00:00Z,83948.5
2025-12-03T10:00:00Z,86269.0
2025-12-03T11:00:00Z,88409.8
2025-12-03T12:00:00Z,88789.9
2025-12-03T13:00:00Z,88972.8
2025-12-03T14:00:00Z,88438.1
2025-12-03T15:00:00Z,85782.7
2025-12-03T16:00:00Z,82217.5
2025-12-03T17:00:00Z,81356.3
2025-12-03T18:00:00Z,76225.5
2025-12-03T19:00:00Z,74595.8
2025-12-03T20:00:00Z,71984.0
2025-12-03T21:00:00Z,68945.5
2025-12-03T22:00:00Z,66533.4
2025-12-03T23:00:00Z,66840.0
2025-12-04T00:00:00Z,65203.0
2025-12-04T01:00:00Z,65719.7
2025-12-04T02:00:00Z,64791.2
2025-12-04T03:00:00Z,68813.7
2025-12-04T04:00:00Z,71753.1
2025-12-04T05:00:00Z,74827.2
2025-12-04T06:00:00Z,76974.0
2025-12-04T07:00:00Z,79224.2
2025-12-04T08:00:00Z,84092.6
2025-12-04T09:00:00Z,83526.8
2025-12-04T10:00:00Z,87700.8
2025-12-04T11:00:00Z,87426.1
2025-12-04T12:00:00Z,91203.7
2025-12-04T13:00:00Z,88368.4
2025-12-04T14:00:00Z,88120.9
2025-12-04T15:00:00Z,85961.5
2025-12-04T16:00:00Z,82400.1
2025-12-04T17:00:00Z,81297.8
2025-12-04T18:00:00Z,78377.6
2025-12-04T19:00:00Z,71090.0
2025-12-04T20:00:00Z,69630.1
2025-12-04T21:00:00Z,68264.4
2025-12-04T22:00:00Z,65384.5
2025-12-04T23:00:00Z,66338.5
2025-12-05T00:00:00Z,65510.2
2025-12-05T01:00:00Z,65576.7
2025-12-05T02:00:00Z,66313.2
2025-12-05T03:00:00Z,70406.7
2025-12-05T04:00:00Z,70746.6
2025-12-05T05:00:00Z,74129.5
2025-12-05T06:00:00Z,77162.8
2025-12-05T07:00:00Z,80195.0
2025-12-05T08:00:00Z,82399.0
2025-12-05T09:00:00Z,85147.0
2025-12-05T10:00:00Z,88990.3
2025-12-05T11:00:00Z,88040.4
2025-12-05T12:00:00Z,89084.4
2025-12-05T13:00:00Z,88918.3
2025-12-05T14:00:00Z,85251.7
2025-12-05T15:00:00Z,85142.8
2025-12-05T16:00:00Z,82214.8
2025-12-05T17:00:00Z,79268.2
2025-12-05T18:00:00Z,75744.7
2025-12-05T19:00:00Z,73760.4
2025-12-05T20:00:00Z,70891.5
2025-12-05T21:00:00Z,68702.7
2025-12-05T22:00:00Z,67189.0
2025-12-05T23:00:00Z,65736.1
2025-12-06T00:00:00Z,60769.7
2025-12-06T01:00:00Z,60482.9
2025-12-06T02:00:00Z,62734.0
2025-12-06T03:00:00Z,64987.3
2025-12-06T04:00:00Z,68400.8
2025-12-06T05:00:00Z,70958.2
2025-12-06T06:00:00Z,74630.2
2025-12-06T07:00:00Z,76189.8
2025-12-06T08:00:00Z,79214.9
2025-12-06T09:00:00Z,81423.8
2025-12-06T10:00:00Z,84044.2
2025-12-06T11:00:00Z,83736.7
2025-12-06T12:00:00Z,85050.7
2025-12-06T13:00:00Z,85794.6
2025-12-06T14:00:00Z,85228.9
2025-12-06T15:00:00Z,82290.5
2025-12-06T16:00:00Z,80863.1
2025-12-06T17:00:00Z,75700.8
2025-12-06T18:00:00Z,73982.3
2025-12-06T19:00:00Z,69813.5
2025-12-06T20:00:00Z,67959.9
2025-12-06T21:00:00Z,66278.2
2025-12-06T22:00:00Z,63197.8
2025-12-06T23:00:00Z,61402.2
2025-12-07T00:00:00Z,61777.5
2025-12-07T01:00:00Z,61720.7
2025-12-07T02:00:00Z,62603.8
2025-12-07T03:00:00Z,64792.1
2025-12-07T04:00:00Z,65458.5
2025-12-07T05:00:00Z,69185.3
2025-12-07T06:00:00Z,70351.1
2025-12-07T07:00:00Z,74226.1
2025-12-07T08:00:00Z,80692.3
2025-12-07T09:00:00Z,82745.5
2025-12-07T10:00:00Z,84861.9
2025-12-07T11:00:00Z,84350.1
2025-12-07T12:00:00Z,85109.7
2025-12-07T13:00:00Z,85950.6
2025-12-07T14:00:00Z,84585.4
2025-12-07T15:00:00Z,81562.0
2025-12-07T16:00:00Z,77611.8
2025-12-07T17:00:00Z,77245.1
2025-12-07T18:00:00Z,73907.2
2025-12-07T19:00:00Z,69423.6
2025-12-07T20:00:00Z,65767.1
2025-12-07T21:00:00Z,65221.8
2025-12-07T22:00:00Z,59727.5
2025-12-07T23:00:00Z,60942.9
2025-12-08T00:00:00Z,62932.1
2025-12-08T01:00:00Z,64161.5
2025-12-08T02:00:00Z,66332.3
2025-12-08T03:00:00Z,67404.2
2025-12-08T04:00:00Z,70941.5
2025-12-08T05:00:00Z,73771.1
2025-12-08T06:00:00Z,78330.5
2025-12-08T07:00:00Z,80221.1
2025-12-08T08:00:00Z,82660.3
2025-12-08T09:00:00Z,85100.9
2025-12-08T10:00:00Z,86797.9
2025-12-08T11:00:00Z,85905.2
2025-12-08T12:00:00Z,88773.9
2025-12-08T13:00:00Z,86939.0
2025-12-08T14:00:00Z,86929.4
2025-12-08T15:00:00Z,83588.4
2025-12-08T16:00:00Z,84007.5
2025-12-08T17:00:00Z,78396.3
2025-12-08T18:00:00Z,74207.4
2025-12-08T19:00:00Z,73748.5
2025-12-08T20:00:00Z,71697.2
2025-12-08T21:00:00Z,66887.3
2025-12-08T22:00:00Z,64607.7
2025-12-08T23:00:00Z,63153.6
2025-12-09T00:00:00Z,63534.4
2025-12-09T01:00:00Z,63882.6
2025-12-09T02:00:00Z,67851.4
2025-12-09T03:00:00Z,67890.3
2025-12-09T04:00:00Z,68503.7
2025-12-09T05:00:00Z,71725.8
2025-12-09T06:00:00Z,75396.0
2025-12-09T07:00:00Z,79569.0
2025-12-09T08:00:00Z,83506.0
2025-12-09T09:00:00Z,82993.1
2025-12-09T10:00:00Z,86367.0
2025-12-09T11:00:00Z,87883.6
2025-12-09T12:00:00Z,86857.6
2025-12-09T13:00:00Z,89016.2
2025-12-09T14:00:00Z,86969.3
2025-12-09T15:00:00Z,86026.3
2025-12-09T16:00:00Z,80789.5
2025-12-09T17:00:00Z,78933.8
2025-12-09T18:00:00Z,76784.0
2025-12-09T19:00:00Z,72337.7
2025-12-09T20:00:00Z,70760.3
2025-12-09T21:00:00Z,66952.3
2025-12-09T22:00:00Z,64017.8
2025-12-09T23:00:00Z,65879.3
2025-12-10T00:00:00Z,65139.9
2025-12-10T01:00:00Z,64185.2
2025-12-10T02:00:00Z,64199.9
2025-12-10T03:00:00Z,67589.2
2025-12-10T04:00:00Z,70314.9
2025-12-10T05:00:00Z,72296.1
2025-12-10T06:00:00Z,76525.3
2025-12-10T07:00:00Z,80967.8
2025-12-10T08:00:00Z,82818.6
2025-12-10T09:00:00Z,83610.4
2025-12-10T10:00:00Z,86386.8
2025-12-10T11:00:00Z,88396.0
2025-12-10T12:00:00Z,89205.3
2025-12-10T13:00:00Z,87479.6
2025-12-10T14:00:00Z,85169.0
2025-12-10T15:00:00Z,83747.7
2025-12-10T16:00:00Z,81515.0
2025-12-10T17:00:00Z,79379.6
2025-12-10T18:00:00Z,76090.8
2025-12-10T19:00:00Z,70423.3
2025-12-10T20:00:00Z,68785.8
2025-12-10T21:00:00Z,68385.2
2025-12-10T22:00:00Z,63912.9
2025-12-10T23:00:00Z,64318.4
2025-12-11T00:00:00Z,63309.5
2025-12-11T01:00:00Z,61649.3
2025-12-11T02:00:00Z,66088.5
2025-12-11T03:00:00Z,66185.4
2025-12-11T04:00:00Z,71404.0
2025-12-11T05:00:00Z,72687.6
2025-12-11T06:00:00Z,77094.2
2025-12-11T07:00:00Z,79713.5
2025-12-11T08:00:00Z,82183.2
2025-12-11T09:00:00Z,83412.0
2025-12-11T10:00:00Z,87620.4
2025-12-11T11:00:00Z,87816.4
2025-12-11T12:00:00Z,86805.2
2025-12-11T13:00:00Z,86681.3
2025-12-11T14:00:00Z,83709.6
2025-12-11T15:00:00Z,83366.4
2025-12-11T16:00:00Z,82429.9
2025-12-11T17:00:00Z,79580.9
2025-12-11T18:00:00Z,75790.2
2025-12-11T19:00:00Z,73623.1
2025-12-11T20:00:00Z,66472.5
2025-12-11T21:00:00Z,64487.4
2025-12-11T22:00:00Z,65915.4
2025-12-11T23:00:00Z,63271.9
2025-12-12T00:00:00Z,64040.3
2025-12-12T01:00:00Z,62747.9
2025-12-12T02:00:00Z,65545.7
2025-12-12T03:00:00Z,66238.5
2025-12-12T04:00:00Z,69787.4
2025-12-12T05:00:00Z,72966.6
2025-12-12T06:00:00Z,76217.7
2025-12-12T07:00:00Z,77395.4
2025-12-12T08:00:00Z,80937.2
2025-12-12T09:00:00Z,83234.1
2025-12-12T10:00:00Z,86084.9
2025-12-12T11:00:00Z,87753.6
2025-12-12T12:00:00Z,86699.5
2025-12-12T13:00:00Z,88865.5
2025-12-12T14:00:00Z,86001.2
2025-12-12T15:00:00Z,85840.0
2025-12-12T16:00:00Z,82856.5
2025-12-12T17:00:00Z,77739.1
2025-12-12T18:00:00Z,75187.4
2025-12-12T19:00:00Z,71785.5
2025-12-12T20:00:00Z,68769.1
2025-12-12T21:00:00Z,67022.6
2025-12-12T22:00:00Z,64333.0
2025-12-12T23:00:00Z,64960.1
2025-12-13T00:00:00Z,59657.3
2025-12-13T01:00:00Z,60185.5
2025-12-13T02:00:00Z,61203.0
2025-12-13T03:00:00Z,63864.4
2025-12-13T04:00:00Z,66016.8
2025-12-13T05:00:00Z,69062.3
2025-12-13T06:00:00Z,71680.9
2025-12-13T07:00:00Z,75658.3
2025-12-13T08:00:00Z,77502.0
2025-12-13T09:00:00Z,79928.0
2025-12-13T10:00:00Z,81395.2
2025-12-13T11:00:00Z,84385.5
2025-12-13T12:00:00Z,85683.1
2025-12-13T13:00:00Z,83447.2
2025-12-13T14:00:00Z,82363.5
2025-12-13T15:00:00Z,82406.8
2025-12-13T16:00:00Z,78372.3
2025-12-13T17:00:00Z,74806.6
2025-12-13T18:00:00Z,71174.8
2025-12-13T19:00:00Z,70781.8
2025-12-13T20:00:00Z,64121.1
2025-12-13T21:00:00Z,64549.3
2025-12-13T22:00:00Z,62145.5
2025-12-13T23:00:00Z,59808.0
2025-12-14T00:00:00Z,60063.0
2025-12-14T01:00:00Z,61948.9
2025-12-14T02:00:00Z,61695.9
2025-12-14T03:00:00Z,63230.3
2025-12-14T04:00:00Z,66104.3
2025-12-14T05:00:00Z,68324.0
2025-12-14T06:00:00Z,75261.6
2025-12-14T07:00:00Z,73278.5
2025-12-14T08:00:00Z,79370.9
2025-12-14T09:00:00Z,80048.1
2025-12-14T10:00:00Z,81811.2
2025-12-14T11:00:00Z,84491.3
2025-12-14T12:00:00Z,84863.4
2025-12-14T13:00:00Z,81174.1
2025-12-14T14:00:00Z,83568.9
2025-12-14T15:00:00Z,79160.4
2025-12-14T16:00:00Z,78563.9
2025-12-14T17:00:00Z,75155.2
2025-12-14T18:00:00Z,72624.6
2025-12-14T19:00:00Z,68099.9
2025-12-14T20:00:00Z,66973.5
2025-12-14T21:00:00Z,63735.3
2025-12-14T22:00:00Z,61483.3
2025-12-14T23:00:00Z,59370.3
2025-12-15T00:00:00Z,63098.1
2025-12-15T01:00:00Z,62573.6
2025-12-15T02:00:00Z,64195.0
2025-12-15T03:00:00Z,64905.3
2025-12-15T04:00:00Z,68923.9
2025-12-15T05:00:00Z,71335.7
2025-12-15T06:00:00Z,74305.3
2025-12-15T07:00:00Z,77359.3
2025-12-15T08:00:00Z,82728.2
2025-12-15T09:00:00Z,83787.0
2025-12-15T10:00:00Z,86107.0
2025-12-15T11:00:00Z,87554.1
2025-12-15T12:00:00Z,87739.7
2025-12-15T13:00:00Z,86122.5
2025-12-15T14:00:00Z,85656.6
2025-12-15T15:00:00Z,83583.2
2025-12-15T16:00:00Z,80662.6
2025-12-15T17:00:00Z,77354.7
2025-12-15T18:00:00Z,72465.1
2025-12-15T19:00:00Z,70400.8
2025-12-15T20:00:00Z,69801.0
2025-12-15T21:00:00Z,67424.9
2025-12-15T22:00:00Z,64722.6
2025-12-15T23:00:00Z,64954.2
2025-12-16T00:00:00Z,63717.2
2025-12-16T01:00:00Z,62643.4
2025-12-16T02:00:00Z,63661.8
2025-12-16T03:00:00Z,65786.8
2025-12-16T04:00:00Z,67509.7
2025-12-16T05:00:00Z,72408.8
2025-12-16T06:00:00Z,75124.9
2025-12-16T07:00:00Z,77683.6
2025-12-16T08:00:00Z,81480.8
2025-12-16T09:00:00Z,81850.8
2025-12-16T10:00:00Z,84019.4
2025-12-16T11:00:00Z,87032.5
2025-12-16T12:00:00Z,87207.9
2025-12-16T13:00:00Z,85725.7
2025-12-16T14:00:00Z,87385.7
2025-12-16T15:00:00Z,83891.8
2025-12-16T16:00:00Z,81208.1
2025-12-16T17:00:00Z,77692.0
2025-12-16T18:00:00Z,75412.7
2025-12-16T19:00:00Z,71146.2
2025-12-16T20:00:00Z,69038.0
2025-12-16T21:00:00Z,67180.5
2025-12-16T22:00:00Z,63941.2
2025-12-16T23:00:00Z,64878.9
2025-12-17T00:00:00Z,61530.3
2025-12-17T01:00:00Z,63228.6
2025-12-17T02:00:00Z,65007.9
2025-12-17T03:00:00Z,63948.0
2025-12-17T04:00:00Z,67516.6
2025-12-17T05:00:00Z,70868.8
2025-12-17T06:00:00Z,74984.9
2025-12-17T07:00:00Z,76874.1
2025-12-17T08:00:00Z,79270.3
2025-12-17T09:00:00Z,82558.7
2025-12-17T10:00:00Z,84440.4
2025-12-17T11:00:00Z,85078.4
2025-12-17T12:00:00Z,87181.3
2025-12-17T13:00:00Z,85528.2
2025-12-17T14:00:00Z,85793.1
2025-12-17T15:00:00Z,82600.5
2025-12-17T16:00:00Z,82377.3
2025-12-17T17:00:00Z,78491.3
2025-12-17T18:00:00Z,74903.4
2025-12-17T19:00:00Z,71279.5
2025-12-17T20:00:00Z,69128.1
2025-12-17T21:00:00Z,65675.3
2025-12-17T22:00:00Z,65120.3
2025-12-17T23:00:00Z,63491.8
2025-12-18T00:00:00Z,61258.4
2025-12-18T01:00:00Z,62647.9
2025-12-18T02:00:00Z,63545.3
2025-12-18T03:00:00Z,67843.3
2025-12-18T04:00:00Z,67817.5
2025-12-18T05:00:00Z,73785.2
2025-12-18T06:00:00Z,73210.9
2025-12-18T07:00:00Z,75764.3
2025-12-18T08:00:00Z,80095.3
2025-12-18T09:00:00Z,82765.5
2025-12-18T10:00:00Z,83200.2
2025-12-18T11:00:00Z,85755.5
2025-12-18T12:00:00Z,86310.7
2025-12-18T13:00:00Z,85504.3
2025-12-18T14:00:00Z,83123.8
2025-12-18T15:00:00Z,82272.9
2025-12-18T16:00:00Z,81664.0
2025-12-18T17:00:00Z,76568.6
2025-12-18T18:00:00Z,74443.7
2025-12-18T19:00:00Z,71267.0
2025-12-18T20:00:00Z,68895.2
2025-12-18T21:00:00Z,67552.7
2025-12-18T22:00:00Z,63759.2
2025-12-18T23:00:00Z,62139.0
2025-12-19T00:00:00Z,61147.5
2025-12-19T01:00:00Z,63022.7
2025-12-19T02:00:00Z,64168.5
2025-12-19T03:00:00Z,65122.2
2025-12-19T04:00:00Z,68920.8
2025-12-19T05:00:00Z,69099.4
2025-12-19T06:00:00Z,74316.4
2025-12-19T07:00:00Z,76980.0
2025-12-19T08:00:00Z,79952.4
2025-12-19T09:00:00Z,82355.8
2025-12-19T10:00:00Z,83627.2
2025-12-19T11:00:00Z,86190.4
2025-12-19T12:00:00Z,86591.0
2025-12-19T13:00:00Z,86725.0
2025-12-19T14:00:00Z,82863.5
2025-12-19T15:00:00Z,83391.3
2025-12-19T16:00:00Z,78529.5
2025-12-19T17:00:00Z,77238.5
2025-12-19T18:00:00Z,75079.2
2025-12-19T19:00:00Z,71826.1
2025-12-19T20:00:00Z,68043.4
2025-12-19T21:00:00Z,65841.0
2025-12-19T22:00:00Z,62512.4
2025-12-19T23:00:00Z,62626.5
2025-12-20T00:00:00Z,58729.3
2025-12-20T01:00:00Z,59455.0
2025-12-20T02:00:00Z,59686.8
2025-12-20T03:00:00Z,61059.5
2025-12-20T04:00:00Z,63306.9
2025-12-20T05:00:00Z,66286.6
2025-12-20T06:00:00Z,70873.6
2025-12-20T07:00:00Z,73964.5
2025-12-20T08:00:00Z,76549.0
2025-12-20T09:00:00Z,81506.6
2025-12-20T10:00:00Z,81957.8
2025-12-20T11:00:00Z,81718.8
2025-12-20T12:00:00Z,82544.1
2025-12-20T13:00:00Z,82689.4
2025-12-20T14:00:00Z,79831.1
2025-12-20T15:00:00Z,78008.8
2025-12-20T16:00:00Z,76355.1
2025-12-20T17:00:00Z,73071.2
2025-12-20T18:00:00Z,68403.5
2025-12-20T19:00:00Z,66656.4
2025-12-20T20:00:00Z,63335.9
2025-12-20T21:00:00Z,63401.5
2025-12-20T22:00:00Z,60629.8
2025-12-20T23:00:00Z,60090.3
2025-12-21T00:00:00Z,57174.1
2025-12-21T01:00:00Z,58346.5
2025-12-21T02:00:00Z,59240.5
2025-12-21T03:00:00Z,59532.2
2025-12-21T04:00:00Z,63767.0
2025-12-21T05:00:00Z,69425.3
2025-12-21T06:00:00Z,70552.2
2025-12-21T07:00:00Z,72274.6
2025-12-21T08:00:00Z,76783.1
2025-12-21T09:00:00Z,78082.5
2025-12-21T10:00:00Z,81659.4
2025-12-21T11:00:00Z,84052.9
2025-12-21T12:00:00Z,83063.0
2025-12-21T13:00:00Z,82032.6
2025-12-21T14:00:00Z,82460.1
2025-12-21T15:00:00Z,80479.1
2025-12-21T16:00:00Z,75606.5
2025-12-21T17:00:00Z,74402.4
2025-12-21T18:00:00Z,72800.6
2025-12-21T19:00:00Z,65613.8
2025-12-21T20:00:00Z,63820.1
2025-12-21T21:00:00Z,62673.9
2025-12-21T22:00:00Z,61819.7
2025-12-21T23:00:00Z,59208.5
2025-12-22T00:00:00Z,62089.4
2025-12-22T01:00:00Z,62277.0
2025-12-22T02:00:00Z,64524.2
2025-12-22T03:00:00Z,63102.2
2025-12-22T04:00:00Z,65262.8
2025-12-22T05:00:00Z,69655.7
2025-12-22T06:00:00Z,70609.4
2025-12-22T07:00:00Z,77532.7
2025-12-22T08:00:00Z,77337.5
2025-12-22T09:00:00Z,81791.3
2025-12-22T10:00:00Z,82952.2
2025-12-22T11:00:00Z,85985.2
2025-12-22T12:00:00Z,88016.4
2025-12-22T13:00:00Z,84131.1
2025-12-22T14:00:00Z,83978.0
2025-12-22T15:00:00Z,83336.8
2025-12-22T16:00:00Z,78910.1
2025-12-22T17:00:00Z,76062.8
2025-12-22T18:00:00Z,74389.8
2025-12-22T19:00:00Z,71304.5
2025-12-22T20:00:00Z,68621.7
2025-12-22T21:00:00Z,64927.2
2025-12-22T22:00:00Z,64249.8
2025-12-22T23:00:00Z,62628.6
2025-12-23T00:00:00Z,62283.4
2025-12-23T01:00:00Z,60558.8
2025-12-23T02:00:00Z,62868.2
2025-12-23T03:00:00Z,63957.0
2025-12-23T04:00:00Z,67909.9
2025-12-23T05:00:00Z,70204.0
2025-12-23T06:00:00Z,72202.9
2025-12-23T07:00:00Z,77467.1
2025-12-23T08:00:00Z,78247.7
2025-12-23T09:00:00Z,83440.0
2025-12-23T10:00:00Z,83832.3
2025-12-23T11:00:00Z,84183.5
2025-12-23T12:00:00Z,87451.4
2025-12-23T13:00:00Z,83115.4
2025-12-23T14:00:00Z,82769.7
2025-12-23T15:00:00Z,81808.6
2025-12-23T16:00:00Z,80700.7
2025-12-23T17:00:00Z,75888.3
2025-12-23T18:00:00Z,72681.1
2025-12-23T19:00:00Z,69507.6
2025-12-23T20:00:00Z,68312.7
2025-12-23T21:00:00Z,64993.8
2025-12-23T22:00:00Z,63502.7
2025-12-23T23:00:00Z,63468.3
2025-12-24T00:00:00Z,60937.9
2025-12-24T01:00:00Z,62070.0
2025-12-24T02:00:00Z,60707.0
2025-12-24T03:00:00Z,64848.2
2025-12-24T04:00:00Z,67539.0
2025-12-24T05:00:00Z,69781.2
2025-12-24T06:00:00Z,72357.6
2025-12-24T07:00:00Z,76665.6
2025-12-24T08:00:00Z,80622.6
2025-12-24T09:00:00Z,81289.1
2025-12-24T10:00:00Z,82478.7
2025-12-24T11:00:00Z,84943.0
2025-12-24T12:00:00Z,85623.7
2025-12-24T13:00:00Z,85002.6
2025-12-24T14:00:00Z,82693.8
2025-12-24T15:00:00Z,82073.0
2025-12-24T16:00:00Z,79122.1
2025-12-24T17:00:00Z,77313.8
2025-12-24T18:00:00Z,72094.4
2025-12-24T19:00:00Z,69582.0
2025-12-24T20:00:00Z,67263.1
2025-12-24T21:00:00Z,64573.3
2025-12-24T22:00:00Z,62082.0
2025-12-24T23:00:00Z,60929.7
2025-12-25T00:00:00Z,59456.8
2025-12-25T01:00:00Z,62644.2
2025-12-25T02:00:00Z,63094.2
2025-12-25T03:00:00Z,64707.0
2025-12-25T04:00:00Z,65531.5
2025-12-25T05:00:00Z,68337.3
2025-12-25T06:00:00Z,71630.1
2025-12-25T07:00:00Z,76729.8
2025-12-25T08:00:00Z,79238.8
2025-12-25T09:00:00Z,80140.1
2025-12-25T10:00:00Z,84174.2
2025-12-25T11:00:00Z,85373.7
2025-12-25T12:00:00Z,84352.1
2025-12-25T13:00:00Z,85676.6
2025-12-25T14:00:00Z,81858.1
2025-12-25T15:00:00Z,79718.3
2025-12-25T16:00:00Z,76718.0
2025-12-25T17:00:00Z,74755.0
2025-12-25T18:00:00Z,71436.9
2025-12-25T19:00:00Z,68717.4
2025-12-25T20:00:00Z,66224.5
2025-12-25T21:00:00Z,63987.0
2025-12-25T22:00:00Z,61224.6
2025-12-25T23:00:00Z,62726.7
2025-12-26T00:00:00Z,60046.7
2025-12-26T01:00:00Z,59465.2
2025-12-26T02:00:00Z,63873.2
2025-12-26T03:00:00Z,61910.3
2025-12-26T04:00:00Z,68024.5
2025-12-26T05:00:00Z,69538.1
2025-12-26T06:00:00Z,73605.9
2025-12-26T07:00:00Z,75299.2
2025-12-26T08:00:00Z,77580.7
2025-12-26T09:00:00Z,80303.7
2025-12-26T10:00:00Z,82836.4
2025-12-26T11:00:00Z,82340.9
2025-12-26T12:00:00Z,82216.6
2025-12-26T13:00:00Z,83167.3
2025-12-26T14:00:00Z,83169.7
2025-12-26T15:00:00Z,81091.0
2025-12-26T16:00:00Z,81201.0
2025-12-26T17:00:00Z,74323.9
2025-12-26T18:00:00Z,72542.6
2025-12-26T19:00:00Z,68993.1
2025-12-26T20:00:00Z,64190.2
2025-12-26T21:00:00Z,62449.5
2025-12-26T22:00:00Z,62358.5
2025-12-26T23:00:00Z,61607.9
2025-12-27T00:00:00Z,56261.4
2025-12-27T01:00:00Z,57568.2
2025-12-27T02:00:00Z,57833.1
2025-12-27T03:00:00Z,60417.3
2025-12-27T04:00:00Z,62955.3
2025-12-27T05:00:00Z,64694.3
2025-12-27T06:00:00Z,69260.6
2025-12-27T07:00:00Z,72936.5
2025-12-27T08:00:00Z,75327.9
2025-12-27T09:00:00Z,76592.7
2025-12-27T10:00:00Z,80702.9
2025-12-27T11:00:00Z,81183.3
2025-12-27T12:00:00Z,81681.2
2025-12-27T13:00:00Z,78845.7
2025-12-27T14:00:00Z,79605.3
2025-12-27T15:00:00Z,78051.0
2025-12-27T16:00:00Z,75071.9
2025-12-27T17:00:00Z,71546.9
2025-12-27T18:00:00Z,69857.0
2025-12-27T19:00:00Z,66316.4
2025-12-27T20:00:00Z,62484.3
2025-12-27T21:00:00Z,60576.4
2025-12-27T22:00:00Z,57958.6
2025-12-27T23:00:00Z,57659.9
2025-12-28T00:00:00Z,56199.6
2025-12-28T01:00:00Z,56467.1
2025-12-28T02:00:00Z,57870.2
2025-12-28T03:00:00Z,59556.3
2025-12-28T04:00:00Z,61408.6
2025-12-28T05:00:00Z,65465.9
2025-12-28T06:00:00Z,68984.9
2025-12-28T07:00:00Z,72680.7
2025-12-28T08:00:00Z,72660.7
2025-12-28T09:00:00Z,76965.2
2025-12-28T10:00:00Z,79836.4
2025-12-28T11:00:00Z,80081.0
2025-12-28T12:00:00Z,80160.6
2025-12-28T13:00:00Z,80379.3
2025-12-28T14:00:00Z,79523.5
2025-12-28T15:00:00Z,77579.4
2025-12-28T16:00:00Z,73426.0
2025-12-28T17:00:00Z,72705.4
2025-12-28T18:00:00Z,69868.5
2025-12-28T19:00:00Z,64482.1
2025-12-28T20:00:00Z,62353.1
2025-12-28T21:00:00Z,58124.5
2025-12-28T22:00:00Z,58539.9
2025-12-28T23:00:00Z,58306.3
2025-12-29T00:00:00Z,59583.8
2025-12-29T01:00:00Z,60991.2
2025-12-29T02:00:00Z,61738.4
2025-12-29T03:00:00Z,63932.0
2025-12-29T04:00:00Z,67089.8
2025-12-29T05:00:00Z,68083.2
2025-12-29T06:00:00Z,72446.1
2025-12-29T07:00:00Z,74523.6
2025-12-29T08:00:00Z,77637.7
2025-12-29T09:00:00Z,80900.7
2025-12-29T10:00:00Z,82359.6
2025-12-29T11:00:00Z,83735.0
2025-12-29T12:00:00Z,83514.6
2025-12-29T13:00:00Z,83875.9
2025-12-29T14:00:00Z,82997.9
2025-12-29T15:00:00Z,79411.6
2025-12-29T16:00:00Z,78005.0
2025-12-29T17:00:00Z,74919.7
2025-12-29T18:00:00Z,73482.5
2025-12-29T19:00:00Z,66981.0
2025-12-29T20:00:00Z,66553.8
2025-12-29T21:00:00Z,61704.9
2025-12-29T22:00:00Z,61534.4
2025-12-29T23:00:00Z,60610.1
2025-12-30T00:00:00Z,58774.2
2025-12-30T01:00:00Z,58998.2
2025-12-30T02:00:00Z,58700.0
2025-12-30T03:00:00Z,63957.2
2025-12-30T04:00:00Z,64420.7
2025-12-30T05:00:00Z,68820.7
2025-12-30T06:00:00Z,71942.2
2025-12-30T07:00:00Z,74040.4
2025-12-30T08:00:00Z,78261.4
2025-12-30T09:00:00Z,80081.1
2025-12-30T10:00:00Z,81023.0
2025-12-30T11:00:00Z,82741.7
2025-12-30T12:00:00Z,82567.1
2025-12-30T13:00:00Z,84853.1
2025-12-30T14:00:00Z,82697.6
2025-12-30T15:00:00Z,80105.1
2025-12-30T16:00:00Z,75758.3
2025-12-30T17:00:00Z,75307.2
2025-12-30T18:00:00Z,69420.5
2025-12-30T19:00:00Z,68868.1
2025-12-30T20:00:00Z,67029.2
2025-12-30T21:00:00Z,63013.5
2025-12-30T22:00:00Z,62715.2
2025-12-30T23:00:00Z,59174.1
2025-12-31T00:00:00Z,59908.5
2025-12-31T01:00:00Z,59784.3
2025-12-31T02:00:00Z,62010.9
2025-12-31T03:00:00Z,61636.6
2025-12-31T04:00:00Z,65202.7
2025-12-31T05:00:00Z,67662.6
2025-12-31T06:00:00Z,70595.1
2025-12-31T07:00:00Z,73775.4
2025-12-31T08:00:00Z,76421.6
2025-12-31T09:00:00Z,78113.3
2025-12-31T10:00:00Z,81905.4
2025-12-31T11:00:00Z,84056.3
2025-12-31T12:00:00Z,83281.8
2025-12-31T13:00:00Z,83384.9
2025-12-31T14:00:00Z,82162.0
2025-12-31T15:00:00Z,79111.2
2025-12-31T16:00:00Z,77549.5
2025-12-31T17:00:00Z,74560.7
2025-12-31T18:00:00Z,70365.9
2025-12-31T19:00:00Z,67930.2
2025-12-31T20:00:00Z,65906.0
2025-12-31T21:00:00Z,61625.0
2025-12-31T22:00:00Z,60736.0
2025-12-31T23:00:00Z,61368.8
2026-01-01T00:00:00Z,60731.6
2026-01-01T01:00:00Z,59744.7
2026-01-01T02:00:00Z,61433.4
2026-01-01T03:00:00Z,62325.5
2026-01-01T04:00:00Z,65055.4
2026-01-01T05:00:00Z,68506.6
2026-01-01T06:00:00Z,72167.5
2026-01-01T07:00:00Z,73098.3
2026-01-01T08:00:00Z,75737.3
2026-01-01T09:00:00Z,78657.0
2026-01-01T10:00:00Z,82610.8
2026-01-01T11:00:00Z,82856.4
2026-01-01T12:00:00Z,84411.3
2026-01-01T13:00:00Z,83170.9
2026-01-01T14:00:00Z,82197.8
2026-01-01T15:00:00Z,80215.4
2026-01-01T16:00:00Z,77081.3
2026-01-01T17:00:00Z,74286.3
2026-01-01T18:00:00Z,70731.2
2026-01-01T19:00:00Z,69309.2
2026-01-01T20:00:00Z,64384.5
2026-01-01T21:00:00Z,61543.0
2026-01-01T22:00:00Z,62107.3
2026-01-01T23:00:00Z,58383.4
2026-01-02T00:00:00Z,60207.3
2026-01-02T01:00:00Z,59108.3
2026-01-02T02:00:00Z,59322.3
2026-01-02T03:00:00Z,61807.2
2026-01-02T04:00:00Z,65479.3
2026-01-02T05:00:00Z,68520.2
2026-01-02T06:00:00Z,71666.9
2026-01-02T07:00:00Z,72877.1
2026-01-02T08:00:00Z,77487.5
2026-01-02T09:00:00Z,80217.1
2026-01-02T10:00:00Z,81815.9
2026-01-02T11:00:00Z,81614.7
2026-01-02T12:00:00Z,83772.0
2026-01-02T13:00:00Z,83541.4
2026-01-02T14:00:00Z,81176.2
2026-01-02T15:00:00Z,78537.9
2026-01-02T16:00:00Z,77100.2
2026-01-02T17:00:00Z,72022.6
2026-01-02T18:00:00Z,71926.1
2026-01-02T19:00:00Z,67962.4
2026-01-02T20:00:00Z,66175.2
2026-01-02T21:00:00Z,63147.1
2026-01-02T22:00:00Z,58855.1
2026-01-02T23:00:00Z,59071.3
2026-01-03T00:00:00Z,56866.0
2026-01-03T01:00:00Z,56152.4
2026-01-03T02:00:00Z,55863.9
2026-01-03T03:00:00Z,60100.7
2026-01-03T04:00:00Z,61092.9
2026-01-03T05:00:00Z,62803.3
2026-01-03T06:00:00Z,67830.0
2026-01-03T07:00:00Z,70355.9
2026-01-03T08:00:00Z,72547.6
2026-01-03T09:00:00Z,75868.2
2026-01-03T10:00:00Z,77495.4
2026-01-03T11:00:00Z,78960.0
2026-01-03T12:00:00Z,78560.9
2026-01-03T13:00:00Z,79263.1
2026-01-03T14:00:00Z,75915.0
2026-01-03T15:00:00Z,75476.1
2026-01-03T16:00:00Z,72821.9
2026-01-03T17:00:00Z,69509.5
2026-01-03T18:00:00Z,67332.7
2026-01-03T19:00:00Z,64366.1
2026-01-03T20:00:00Z,60211.7
2026-01-03T21:00:00Z,60937.4
2026-01-03T22:00:00Z,56923.8
2026-01-03T23:00:00Z,55335.0
2026-01-04T00:00:00Z,55224.1
2026-01-04T01:00:00Z,55349.3
2026-01-04T02:00:00Z,57019.0
2026-01-04T03:00:00Z,59082.8
2026-01-04T04:00:00Z,61574.1
2026-01-04T05:00:00Z,61930.7
2026-01-04T06:00:00Z,66642.5
2026-01-04T07:00:00Z,69402.7
2026-01-04T08:00:00Z,72606.3
2026-01-04T09:00:00Z,74554.2
2026-01-04T10:00:00Z,75804.1
2026-01-04T11:00:00Z,79577.3
2026-01-04T12:00:00Z,78093.5
2026-01-04T13:00:00Z,80484.0
2026-01-04T14:00:00Z,77639.8
2026-01-04T15:00:00Z,75583.1
2026-01-04T16:00:00Z,75064.1
2026-01-04T17:00:00Z,69328.8
2026-01-04T18:00:00Z,67604.4
2026-01-04T19:00:00Z,65041.0
2026-01-04T20:00:00Z,60874.3
2026-01-04T21:00:00Z,59034.5
2026-01-04T22:00:00Z,57062.0
2026-01-04T23:00:00Z,57152.6
2026-01-05T00:00:00Z,57103.3
2026-01-05T01:00:00Z,58969.0
2026-01-05T02:00:00Z,58340.8
2026-01-05T03:00:00Z,62072.1
2026-01-05T04:00:00Z,63300.3
2026-01-05T05:00:00Z,68166.5
2026-01-05T06:00:00Z,70439.3
2026-01-05T07:00:00Z,74412.6
2026-01-05T08:00:00Z,77471.2
2026-01-05T09:00:00Z,78554.1
2026-01-05T10:00:00Z,79108.2
2026-01-05T11:00:00Z,80130.7
2026-01-05T12:00:00Z,80292.5
2026-01-05T13:00:00Z,81101.6
2026-01-05T14:00:00Z,79014.2
2026-01-05T15:00:00Z,78965.4
2026-01-05T16:00:00Z,76939.9
2026-01-05T17:00:00Z,75273.8
2026-01-05T18:00:00Z,68492.0
2026-01-05T19:00:00Z,68162.1
2026-01-05T20:00:00Z,63367.6
2026-01-05T21:00:00Z,61570.0
2026-01-05T22:00:00Z,57760.8
2026-01-05T23:00:00Z,58892.6
2026-01-06T00:00:00Z,58438.6
2026-01-06T01:00:00Z,58320.6
2026-01-06T02:00:00Z,59869.1
2026-01-06T03:00:00Z,61654.1
2026-01-06T04:00:00Z,64317.2
2026-01-06T05:00:00Z,66741.2
2026-01-06T06:00:00Z,69511.4
2026-01-06T07:00:00Z,74094.4
2026-01-06T08:00:00Z,76714.2
2026-01-06T09:00:00Z,80221.7
2026-01-06T10:00:00Z,81143.9
2026-01-06T11:00:00Z,83018.9
2026-01-06T12:00:00Z,81678.0
2026-01-06T13:00:00Z,81006.6
2026-01-06T14:00:00Z,80916.7
2026-01-06T15:00:00Z,79240.3
2026-01-06T16:00:00Z,75750.0
2026-01-06T17:00:00Z,73101.0
2026-01-06T18:00:00Z,68246.2
2026-01-06T19:00:00Z,67362.8
2026-01-06T20:00:00Z,66023.8
2026-01-06T21:00:00Z,64063.5
2026-01-06T22:00:00Z,59695.9
2026-01-06T23:00:00Z,57711.5
2026-01-07T00:00:00Z,56992.7
2026-01-07T01:00:00Z,57592.2
2026-01-07T02:00:00Z,59606.5
2026-01-07T03:00:00Z,61917.8
2026-01-07T04:00:00Z,63203.1
2026-01-07T05:00:00Z,66100.2
2026-01-07T06:00:00Z,68356.2
2026-01-07T07:00:00Z,75836.7
2026-01-07T08:00:00Z,74625.9
2026-01-07T09:00:00Z,78038.9
2026-01-07T10:00:00Z,81316.6
2026-01-07T11:00:00Z,82355.8
2026-01-07T12:00:00Z,81604.5
2026-01-07T13:00:00Z,80040.1
2026-01-07T14:00:00Z,81528.1
2026-01-07T15:00:00Z,79187.9
2026-01-07T16:00:00Z,76255.9
2026-01-07T17:00:00Z,73596.2
2026-01-07T18:00:00Z,68691.6
2026-01-07T19:00:00Z,65856.3
2026-01-07T20:00:00Z,64109.1
2026-01-07T21:00:00Z,61690.8
2026-01-07T22:00:00Z,58713.5
2026-01-07T23:00:00Z,58223.4
2026-01-08T00:00:00Z,55989.1
2026-01-08T01:00:00Z,57447.1
2026-01-08T02:00:00Z,58501.0
2026-01-08T03:00:00Z,62071.8
2026-01-08T04:00:00Z,62355.2
2026-01-08T05:00:00Z,65579.0
2026-01-08T06:00:00Z,68186.8
2026-01-08T07:00:00Z,72646.3
2026-01-08T08:00:00Z,75226.2
2026-01-08T09:00:00Z,76999.5
2026-01-08T10:00:00Z,79943.2
2026-01-08T11:00:00Z,80012.4
2026-01-08T12:00:00Z,83196.5
2026-01-08T13:00:00Z,81655.0
2026-01-08T14:00:00Z,80886.0
2026-01-08T15:00:00Z,79659.1
2026-01-08T16:00:00Z,73888.1
2026-01-08T17:00:00Z,71304.7
2026-01-08T18:00:00Z,69898.0
2026-01-08T19:00:00Z,67215.3
2026-01-08T20:00:00Z,62879.7
2026-01-08T21:00:00Z,61672.3
2026-01-08T22:00:00Z,59885.4
2026-01-08T23:00:00Z,56840.1
2026-01-09T00:00:00Z,55758.0
2026-01-09T01:00:00Z,58033.1
2026-01-09T02:00:00Z,60730.1
2026-01-09T03:00:00Z,60831.6
2026-01-09T04:00:00Z,62164.9
2026-01-09T05:00:00Z,67577.3
2026-01-09T06:00:00Z,69474.0
2026-01-09T07:00:00Z,71488.5
2026-01-09T08:00:00Z,74998.7
2026-01-09T09:00:00Z,78625.1
2026-01-09T10:00:00Z,77720.9
2026-01-09T11:00:00Z,82497.3
2026-01-09T12:00:00Z,82221.2
2026-01-09T13:00:00Z,80611.1
2026-01-09T14:00:00Z,79487.5
2026-01-09T15:00:00Z,78258.3
2026-01-09T16:00:00Z,73979.0
2026-01-09T17:00:00Z,73256.0
2026-01-09T18:00:00Z,68970.0
2026-01-09T19:00:00Z,65805.3
2026-01-09T20:00:00Z,64334.7
2026-01-09T21:00:00Z,61455.9
2026-01-09T22:00:00Z,57995.0
2026-01-09T23:00:00Z,55264.5
2026-01-10T00:00:00Z,53938.5
2026-01-10T01:00:00Z,54005.1
2026-01-10T02:00:00Z,55878.2
2026-01-10T03:00:00Z,57505.7
2026-01-10T04:00:00Z,59507.4
2026-01-10T05:00:00Z,62955.2
2026-01-10T06:00:00Z,65215.5
2026-01-10T07:00:00Z,69226.9
2026-01-10T08:00:00Z,71136.1
2026-01-10T09:00:00Z,73676.2
2026-01-10T10:00:00Z,76877.0
2026-01-10T11:00:00Z,77616.2
2026-01-10T12:00:00Z,76886.3
2026-01-10T13:00:00Z,77146.8
2026-01-10T14:00:00Z,75361.3
2026-01-10T15:00:00Z,74102.5
2026-01-10T16:00:00Z,69450.4
2026-01-10T17:00:00Z,68265.1
2026-01-10T18:00:00Z,65932.2
2026-01-10T19:00:00Z,62329.9
2026-01-10T20:00:00Z,59532.7
2026-01-10T21:00:00Z,55555.7
2026-01-10T22:00:00Z,53151.3
2026-01-10T23:00:00Z,52220.4
2026-01-11T00:00:00Z,53633.4
2026-01-11T01:00:00Z,54104.7
2026-01-11T02:00:00Z,54141.4
2026-01-11T03:00:00Z,57284.8
2026-01-11T04:00:00Z,58464.3
2026-01-11T05:00:00Z,62899.9
2026-01-11T06:00:00Z,64188.4
2026-01-11T07:00:00Z,68874.6
2026-01-11T08:00:00Z,71160.0
2026-01-11T09:00:00Z,73944.9
2026-01-11T10:00:00Z,76404.1
2026-01-11T11:00:00Z,77207.7
2026-01-11T12:00:00Z,78543.1
2026-01-11T13:00:00Z,77075.0
2026-01-11T14:00:00Z,77536.2
2026-01-11T15:00:00Z,73652.7
2026-01-11T16:00:00Z,72304.2
2026-01-11T17:00:00Z,68281.6
2026-01-11T18:00:00Z,65328.6
2026-01-11T19:00:00Z,61534.2
2026-01-11T20:00:00Z,59943.3
2026-01-11T21:00:00Z,56680.9
2026-01-11T22:00:00Z,56646.7
2026-01-11T23:00:00Z,54654.4
2026-01-12T00:00:00Z,57523.2
2026-01-12T01:00:00Z,54985.3
2026-01-12T02:00:00Z,59372.5
2026-01-12T03:00:00Z,61038.2
2026-01-12T04:00:00Z,60399.1
2026-01-12T05:00:00Z,65014.1
2026-01-12T06:00:00Z,67370.9
2026-01-12T07:00:00Z,71215.1
2026-01-12T08:00:00Z,76110.4
2026-01-12T09:00:00Z,78329.0
2026-01-12T10:00:00Z,79229.1
2026-01-12T11:00:00Z,80031.5
2026-01-12T12:00:00Z,81199.1
2026-01-12T13:00:00Z,81634.2
2026-01-12T14:00:00Z,78962.5
2026-01-12T15:00:00Z,76243.5
2026-01-12T16:00:00Z,74761.4
2026-01-12T17:00:00Z,70159.5
2026-01-12T18:00:00Z,68459.4
2026-01-12T19:00:00Z,66071.8
2026-01-12T20:00:00Z,61953.1
2026-01-12T21:00:00Z,58911.3
2026-01-12T22:00:00Z,58999.0
2026-01-12T23:00:00Z,56695.4
2026-01-13T00:00:00Z,55758.8
2026-01-13T01:00:00Z,57476.0
2026-01-13T02:00:00Z,57295.7
2026-01-13T03:00:00Z,61169.5
2026-01-13T04:00:00Z,60253.9
2026-01-13T05:00:00Z,64869.0
2026-01-13T06:00:00Z,68593.2
2026-01-13T07:00:00Z,71601.1
2026-01-13T08:00:00Z,76296.3
2026-01-13T09:00:00Z,76769.2
2026-01-13T10:00:00Z,79221.8
2026-01-13T11:00:00Z,80513.3
2026-01-13T12:00:00Z,79566.9
2026-01-13T13:00:00Z,81032.8
2026-01-13T14:00:00Z,79339.2
2026-01-13T15:00:00Z,76021.6
2026-01-13T16:00:00Z,73768.1
2026-01-13T17:00:00Z,70811.6
2026-01-13T18:00:00Z,68320.2
2026-01-13T19:00:00Z,67089.2
2026-01-13T20:00:00Z,63182.9
2026-01-13T21:00:00Z,58751.8
2026-01-13T22:00:00Z,58247.0
2026-01-13T23:00:00Z,56689.9
2026-01-14T00:00:00Z,55255.8
2026-01-14T01:00:00Z,56705.4
2026-01-14T02:00:00Z,58125.1
2026-01-14T03:00:00Z,58105.3
2026-01-14T04:00:00Z,64407.5
2026-01-14T05:00:00Z,63647.6
2026-01-14T06:00:00Z,67071.3
2026-01-14T07:00:00Z,69745.4
2026-01-14T08:00:00Z,74175.9
2026-01-14T09:00:00Z,76101.8
2026-01-14T10:00:00Z,77811.7
2026-01-14T11:00:00Z,78143.7
2026-01-14T12:00:00Z,79301.1
2026-01-14T13:00:00Z,79884.4
2026-01-14T14:00:00Z,77860.2
2026-01-14T15:00:00Z,74057.7
2026-01-14T16:00:00Z,73913.4
2026-01-14T17:00:00Z,69527.2
2026-01-14T18:00:00Z,69780.5
2026-01-14T19:00:00Z,64974.5
2026-01-14T20:00:00Z,61400.8
2026-01-14T21:00:00Z,58364.0
2026-01-14T22:00:00Z,58897.6
2026-01-14T23:00:00Z,56489.7
2026-01-15T00:00:00Z,55681.7
2026-01-15T01:00:00Z,54683.0
2026-01-15T02:00:00Z,59039.6
2026-01-15T03:00:00Z,58132.8
2026-01-15T04:00:00Z,61978.6
2026-01-15T05:00:00Z,62893.2
2026-01-15T06:00:00Z,67496.1
2026-01-15T07:00:00Z,69998.7
2026-01-15T08:00:00Z,75998.4
2026-01-15T09:00:00Z,74932.1
2026-01-15T10:00:00Z,78937.1
2026-01-15T11:00:00Z,81029.6
2026-01-15T12:00:00Z,80372.1
2026-01-15T13:00:00Z,78980.6
2026-01-15T14:00:00Z,79519.5
2026-01-15T15:00:00Z,77148.1
2026-01-15T16:00:00Z,73876.1
2026-01-15T17:00:00Z,69359.1
2026-01-15T18:00:00Z,68987.7
2026-01-15T19:00:00Z,65248.4
2026-01-15T20:00:00Z,64377.2
2026-01-15T21:00:00Z,59909.9
2026-01-15T22:00:00Z,60029.7
2026-01-15T23:00:00Z,56723.4
2026-01-16T00:00:00Z,55646.8
2026-01-16T01:00:00Z,56458.0
2026-01-16T02:00:00Z,57581.9
2026-01-16T03:00:00Z,59039.9
2026-01-16T04:00:00Z,60352.5
2026-01-16T05:00:00Z,64133.2
2026-01-16T06:00:00Z,68561.5
2026-01-16T07:00:00Z,68308.0
2026-01-16T08:00:00Z,72496.7
2026-01-16T09:00:00Z,76099.5
2026-01-16T10:00:00Z,78578.0
2026-01-16T11:00:00Z,79654.2
2026-01-16T12:00:00Z,81594.6
2026-01-16T13:00:00Z,80631.8
2026-01-16T14:00:00Z,77800.6
2026-01-16T15:00:00Z,76106.6
2026-01-16T16:00:00Z,73592.9
2026-01-16T17:00:00Z,69236.0
2026-01-16T18:00:00Z,67995.7
2026-01-16T19:00:00Z,64406.9
2026-01-16T20:00:00Z,59305.1
2026-01-16T21:00:00Z,57922.0
2026-01-16T22:00:00Z,55520.0
2026-01-16T23:00:00Z,56002.6
2026-01-17T00:00:00Z,51812.3
2026-01-17T01:00:00Z,53647.4
2026-01-17T02:00:00Z,53767.8
2026-01-17T03:00:00Z,55102.3
2026-01-17T04:00:00Z,57605.5
2026-01-17T05:00:00Z,61220.3
2026-01-17T06:00:00Z,64844.7
2026-01-17T07:00:00Z,65582.6
2026-01-17T08:00:00Z,70846.3
2026-01-17T09:00:00Z,73606.0
2026-01-17T10:00:00Z,74274.4
2026-01-17T11:00:00Z,75249.4
2026-01-17T12:00:00Z,74865.3
2026-01-17T13:00:00Z,74426.5
2026-01-17T14:00:00Z,73485.5
2026-01-17T15:00:00Z,72597.8
2026-01-17T16:00:00Z,71298.8
2026-01-17T17:00:00Z,67046.5
2026-01-17T18:00:00Z,62877.8
2026-01-17T19:00:00Z,61778.9
2026-01-17T20:00:00Z,57401.3
2026-01-17T21:00:00Z,55319.6
2026-01-17T22:00:00Z,54122.5
2026-01-17T23:00:00Z,51707.5
2026-01-18T00:00:00Z,50148.1
2026-01-18T01:00:00Z,52027.4
2026-01-18T02:00:00Z,53557.6
2026-01-18T03:00:00Z,53174.3
2026-01-18T04:00:00Z,57104.9
2026-01-18T05:00:00Z,60341.8
2026-01-18T06:00:00Z,63143.1
2026-01-18T07:00:00Z,68828.9
2026-01-18T08:00:00Z,68709.3
2026-01-18T09:00:00Z,71170.6
2026-01-18T10:00:00Z,73137.1
2026-01-18T11:00:00Z,74918.3
2026-01-18T12:00:00Z,77574.1
2026-01-18T13:00:00Z,77338.9
2026-01-18T14:00:00Z,73700.6
2026-01-18T15:00:00Z,73098.0
2026-01-18T16:00:00Z,66522.4
2026-01-18T17:00:00Z,66295.6
2026-01-18T18:00:00Z,63236.8
2026-01-18T19:00:00Z,60312.7
2026-01-18T20:00:00Z,57094.0
2026-01-18T21:00:00Z,56689.1
2026-01-18T22:00:00Z,54114.0
2026-01-18T23:00:00Z,52131.0
2026-01-19T00:00:00Z,54378.3
2026-01-19T01:00:00Z,53804.4
2026-01-19T02:00:00Z,56082.7
2026-01-19T03:00:00Z,58755.1
2026-01-19T04:00:00Z,60345.5
2026-01-19T05:00:00Z,61112.9
2026-01-19T06:00:00Z,67116.1
2026-01-19T07:00:00Z,69005.7
2026-01-19T08:00:00Z,71726.9
2026-01-19T09:00:00Z,74105.4
2026-01-19T10:00:00Z,76794.6
2026-01-19T11:00:00Z,78709.2
2026-01-19T12:00:00Z,80374.6
2026-01-19T13:00:00Z,78488.2
2026-01-19T14:00:00Z,76354.0
2026-01-19T15:00:00Z,75097.1
2026-01-19T16:00:00Z,71858.8
2026-01-19T17:00:00Z,69211.5
2026-01-19T18:00:00Z,65121.6
2026-01-19T19:00:00Z,63583.2
2026-01-19T20:00:00Z,61606.3
2026-01-19T21:00:00Z,56950.2
2026-01-19T22:00:00Z,57449.8
2026-01-19T23:00:00Z,56308.2
2026-01-20T00:00:00Z,53772.1
2026-01-20T01:00:00Z,55690.3
2026-01-20T02:00:00Z,54603.2
2026-01-20T03:00:00Z,55851.5
2026-01-20T04:00:00Z,61077.0
2026-01-20T05:00:00Z,63398.3
2026-01-20T06:00:00Z,66358.2
2026-01-20T07:00:00Z,68721.4
2026-01-20T08:00:00Z,72934.5
2026-01-20T09:00:00Z,73736.5
2026-01-20T10:00:00Z,75178.0
2026-01-20T11:00:00Z,78175.8
2026-01-20T12:00:00Z,78314.8
2026-01-20T13:00:00Z,78315.6
2026-01-20T14:00:00Z,74928.3
2026-01-20T15:00:00Z,75255.1
2026-01-20T16:00:00Z,72928.2
2026-01-20T17:00:00Z,69058.1
2026-01-20T18:00:00Z,65910.9
2026-01-20T19:00:00Z,63799.7
2026-01-20T20:00:00Z,60856.5
2026-01-20T21:00:00Z,58317.1
2026-01-20T22:00:00Z,55139.6
2026-01-20T23:00:00Z,53903.4
2026-01-21T00:00:00Z,54937.7
2026-01-21T01:00:00Z,54164.7
2026-01-21T02:00:00Z,55093.3
2026-01-21T03:00:00Z,57776.4
2026-01-21T04:00:00Z,61455.7
2026-01-21T05:00:00Z,62790.3
2026-01-21T06:00:00Z,65086.3
2026-01-21T07:00:00Z,68515.9
2026-01-21T08:00:00Z,72149.2
2026-01-21T09:00:00Z,75391.0
2026-01-21T10:00:00Z,78241.2
2026-01-21T11:00:00Z,77399.7
2026-01-21T12:00:00Z,79135.9
2026-01-21T13:00:00Z,77056.5
2026-01-21T14:00:00Z,78143.7
2026-01-21T15:00:00Z,75053.6
2026-01-21T16:00:00Z,73792.9
2026-01-21T17:00:00Z,70340.2
2026-01-21T18:00:00Z,66148.7
2026-01-21T19:00:00Z,63482.1
2026-01-21T20:00:00Z,60640.5
2026-01-21T21:00:00Z,57802.5
2026-01-21T22:00:00Z,55022.0
2026-01-21T23:00:00Z,53876.8
2026-01-22T00:00:00Z,54391.6
2026-01-22T01:00:00Z,52905.7
2026-01-22T02:00:00Z,54344.6
2026-01-22T03:00:00Z,57371.0
2026-01-22T04:00:00Z,58835.8
2026-01-22T05:00:00Z,61412.7
2026-01-22T06:00:00Z,68378.8
2026-01-22T07:00:00Z,66395.7
2026-01-22T08:00:00Z,70619.3
2026-01-22T09:00:00Z,73542.2
2026-01-22T10:00:00Z,77113.0
2026-01-22T11:00:00Z,76980.7
2026-01-22T12:00:00Z,77414.6
2026-01-22T13:00:00Z,77556.0
2026-01-22T14:00:00Z,76012.5
2026-01-22T15:00:00Z,72692.9
2026-01-22T16:00:00Z,72179.0
2026-01-22T17:00:00Z,67561.2
2026-01-22T18:00:00Z,64272.2
2026-01-22T19:00:00Z,62450.0
2026-01-22T20:00:00Z,60436.8
2026-01-22T21:00:00Z,58866.0
2026-01-22T22:00:00Z,55951.7
2026-01-22T23:00:00Z,53843.4
2026-01-23T00:00:00Z,52290.2
2026-01-23T01:00:00Z,54041.9
2026-01-23T02:00:00Z,55274.4
2026-01-23T03:00:00Z,57997.4
2026-01-23T04:00:00Z,60119.9
2026-01-23T05:00:00Z,62770.0
2026-01-23T06:00:00Z,66660.7
2026-01-23T07:00:00Z,67110.0
2026-01-23T08:00:00Z,71924.9
2026-01-23T09:00:00Z,72993.5
2026-01-23T10:00:00Z,74393.3
2026-01-23T11:00:00Z,75973.3
2026-01-23T12:00:00Z,78091.4
2026-01-23T13:00:00Z,77861.6
2026-01-23T14:00:00Z,76635.1
2026-01-23T15:00:00Z,74245.3
2026-01-23T16:00:00Z,71200.9
2026-01-23T17:00:00Z,69064.4
2026-01-23T18:00:00Z,65749.8
2026-01-23T19:00:00Z,62561.2
2026-01-23T20:00:00Z,59778.1
2026-01-23T21:00:00Z,57165.5
2026-01-23T22:00:00Z,55329.8
2026-01-23T23:00:00Z,53049.2
2026-01-24T00:00:00Z,50389.1
2026-01-24T01:00:00Z,52114.9
2026-01-24T02:00:00Z,51828.4
2026-01-24T03:00:00Z,53147.1
2026-01-24T04:00:00Z,54475.1
2026-01-24T05:00:00Z,59438.7
2026-01-24T06:00:00Z,62701.0
2026-01-24T07:00:00Z,64775.7
2026-01-24T08:00:00Z,69299.2
2026-01-24T09:00:00Z,72028.5
2026-01-24T10:00:00Z,71791.2
2026-01-24T11:00:00Z,74111.4
2026-01-24T12:00:00Z,75529.1
2026-01-24T13:00:00Z,73772.0
2026-01-24T14:00:00Z,71628.6
2026-01-24T15:00:00Z,69892.4
2026-01-24T16:00:00Z,67159.5
2026-01-24T17:00:00Z,65266.0
2026-01-24T18:00:00Z,62784.4
2026-01-24T19:00:00Z,59729.8
2026-01-24T20:00:00Z,57588.1
2026-01-24T21:00:00Z,52759.2
2026-01-24T22:00:00Z,52238.0
2026-01-24T23:00:00Z,52295.4
2026-01-25T00:00:00Z,47138.0
2026-01-25T01:00:00Z,50089.9
2026-01-25T02:00:00Z,51047.0
2026-01-25T03:00:00Z,53970.1
2026-01-25T04:00:00Z,55002.7
2026-01-25T05:00:00Z,59757.3
2026-01-25T06:00:00Z,61748.4
2026-01-25T07:00:00Z,64786.4
2026-01-25T08:00:00Z,68470.8
2026-01-25T09:00:00Z,69026.9
2026-01-25T10:00:00Z,70989.5
2026-01-25T11:00:00Z,75242.0
2026-01-25T12:00:00Z,73443.5
2026-01-25T13:00:00Z,74197.0
2026-01-25T14:00:00Z,73471.4
2026-01-25T15:00:00Z,68221.4
2026-01-25T16:00:00Z,65760.9
2026-01-25T17:00:00Z,66834.2
2026-01-25T18:00:00Z,63665.6
2026-01-25T19:00:00Z,57676.9
2026-01-25T20:00:00Z,55536.5
2026-01-25T21:00:00Z,54439.0
2026-01-25T22:00:00Z,53015.7
2026-01-25T23:00:00Z,48792.2
2026-01-26T00:00:00Z,53614.3
2026-01-26T01:00:00Z,53824.1
2026-01-26T02:00:00Z,55315.1
2026-01-26T03:00:00Z,57734.8
2026-01-26T04:00:00Z,59316.8
2026-01-26T05:00:00Z,61870.4
2026-01-26T06:00:00Z,64487.9
2026-01-26T07:00:00Z,68082.4
2026-01-26T08:00:00Z,71216.4
2026-01-26T09:00:00Z,74459.1
2026-01-26T10:00:00Z,75119.5
2026-01-26T11:00:00Z,75329.2
2026-01-26T12:00:00Z,75965.6
2026-01-26T13:00:00Z,75474.1
2026-01-26T14:00:00Z,75234.3
2026-01-26T15:00:00Z,73919.8
2026-01-26T16:00:00Z,70924.9
2026-01-26T17:00:00Z,67946.6
2026-01-26T18:00:00Z,64826.5
2026-01-26T19:00:00Z,63135.1
2026-01-26T20:00:00Z,59942.2
2026-01-26T21:00:00Z,55538.0
2026-01-26T22:00:00Z,53742.4
2026-01-26T23:00:00Z,52959.0
2026-01-27T00:00:00Z,53888.4
2026-01-27T01:00:00Z,52491.8
2026-01-27T02:00:00Z,53510.6
2026-01-27T03:00:00Z,56676.8
2026-01-27T04:00:00Z,59069.6
2026-01-27T05:00:00Z,61355.7
2026-01-27T06:00:00Z,65233.8
2026-01-27T07:00:00Z,66393.3
2026-01-27T08:00:00Z,71011.8
2026-01-27T09:00:00Z,72105.6
2026-01-27T10:00:00Z,75728.4
2026-01-27T11:00:00Z,77452.7
2026-01-27T12:00:00Z,75347.0
2026-01-27T13:00:00Z,77125.8
2026-01-27T14:00:00Z,75915.1
2026-01-27T15:00:00Z,71915.8
2026-01-27T16:00:00Z,71025.2
2026-01-27T17:00:00Z,67086.9
2026-01-27T18:00:00Z,63420.3
2026-01-27T19:00:00Z,62865.1
2026-01-27T20:00:00Z,59593.0
2026-01-27T21:00:00Z,56403.0
2026-01-27T22:00:00Z,52014.0
2026-01-27T23:00:00Z,51721.0
2026-01-28T00:00:00Z,54416.7
2026-01-28T01:00:00Z,51780.5
2026-01-28T02:00:00Z,54643.5
2026-01-28T03:00:00Z,54509.3
2026-01-28T04:00:00Z,60917.5
2026-01-28T05:00:00Z,62300.2
2026-01-28T06:00:00Z,62688.7
2026-01-28T07:00:00Z,68024.2
2026-01-28T08:00:00Z,69919.7
2026-01-28T09:00:00Z,72956.8
2026-01-28T10:00:00Z,73935.1
2026-01-28T11:00:00Z,77208.9
2026-01-28T12:00:00Z,77018.8
2026-01-28T13:00:00Z,76162.5
2026-01-28T14:00:00Z,75566.0
2026-01-28T15:00:00Z,71740.3
2026-01-28T16:00:00Z,70354.9
2026-01-28T17:00:00Z,68060.4
2026-01-28T18:00:00Z,65665.3
2026-01-28T19:00:00Z,60913.8
2026-01-28T20:00:00Z,58937.2
2026-01-28T21:00:00Z,56254.1
2026-01-28T22:00:00Z,52920.7
2026-01-28T23:00:00Z,52900.6
2026-01-29T00:00:00Z,52353.9
2026-01-29T01:00:00Z,53790.8
2026-01-29T02:00:00Z,54534.6
2026-01-29T03:00:00Z,56169.8
2026-01-29T04:00:00Z,57036.9
2026-01-29T05:00:00Z,61475.4
2026-01-29T06:00:00Z,64812.6
2026-01-29T07:00:00Z,67450.3
2026-01-29T08:00:00Z,68892.3
2026-01-29T09:00:00Z,72518.6
2026-01-29T10:00:00Z,74049.7
2026-01-29T11:00:00Z,75332.6
2026-01-29T12:00:00Z,77730.6
2026-01-29T13:00:00Z,75745.1
2026-01-29T14:00:00Z,73765.2
2026-01-29T15:00:00Z,72909.9
2026-01-29T16:00:00Z,70454.9
2026-01-29T17:00:00Z,67320.0
2026-01-29T18:00:00Z,63173.9
2026-01-29T19:00:00Z,60370.6
2026-01-29T20:00:00Z,58292.0
2026-01-29T21:00:00Z,54388.8
2026-01-29T22:00:00Z,53000.6
2026-01-29T23:00:00Z,51596.4
2026-01-30T00:00:00Z,50981.9
2026-01-30T01:00:00Z,51387.7
2026-01-30T02:00:00Z,53587.8
2026-01-30T03:00:00Z,55697.1
2026-01-30T04:00:00Z,57561.1
2026-01-30T05:00:00Z,59384.3
2026-01-30T06:00:00Z,63185.1
2026-01-30T07:00:00Z,66896.7
2026-01-30T08:00:00Z,69483.1
2026-01-30T09:00:00Z,72491.3
2026-01-30T10:00:00Z,73792.8
2026-01-30T11:00:00Z,76326.1
2026-01-30T12:00:00Z,76347.8
2026-01-30T13:00:00Z,74733.6
2026-01-30T14:00:00Z,75933.9
2026-01-30T15:00:00Z,71638.7
2026-01-30T16:00:00Z,69860.6
2026-01-30T17:00:00Z,66684.7
2026-01-30T18:00:00Z,63739.5
2026-01-30T19:00:00Z,60193.7
2026-01-30T20:00:00Z,57745.9
2026-01-30T21:00:00Z,55064.7
2026-01-30T22:00:00Z,53453.2
2026-01-30T23:00:00Z,51581.2
2026-01-31T00:00:00Z,47528.3
2026-01-31T01:00:00Z,47715.8
2026-01-31T02:00:00Z,49049.5
2026-01-31T03:00:00Z,51372.1
2026-01-31T04:00:00Z,52652.0
2026-01-31T05:00:00Z,56507.3
2026-01-31T06:00:00Z,59324.9
2026-01-31T07:00:00Z,62243.1
2026-01-31T08:00:00Z,65884.4
2026-01-31T09:00:00Z,66752.5
2026-01-31T10:00:00Z,68981.0
2026-01-31T11:00:00Z,74887.6
2026-01-31T12:00:00Z,73048.9
2026-01-31T13:00:00Z,71752.3
2026-01-31T14:00:00Z,71775.4
2026-01-31T15:00:00Z,69308.5
2026-01-31T16:00:00Z,67469.1
2026-01-31T17:00:00Z,63320.4
2026-01-31T18:00:00Z,59015.8
2026-01-31T19:00:00Z,58091.5
2026-01-31T20:00:00Z,52638.5
2026-01-31T21:00:00Z,52746.9
2026-01-31T22:00:00Z,48451.9
2026-01-31T23:00:00Z,50697.1
2026-02-01T00:00:00Z,48446.8
2026-02-01T01:00:00Z,47296.9
2026-02-01T02:00:00Z,49127.5
2026-02-01T03:00:00Z,52639.6
2026-02-01T04:00:00Z,54546.0
2026-02-01T05:00:00Z,56005.0
2026-02-01T06:00:00Z,60827.4
2026-02-01T07:00:00Z,62912.3
2026-02-01T08:00:00Z,64900.2
2026-02-01T09:00:00Z,67545.3
2026-02-01T10:00:00Z,68545.6
2026-02-01T11:00:00Z,71187.1
2026-02-01T12:00:00Z,73294.3
2026-02-01T13:00:00Z,71791.9
2026-02-01T14:00:00Z,72046.9
2026-02-01T15:00:00Z,68397.9
2026-02-01T16:00:00Z,66846.5
2026-02-01T17:00:00Z,64423.8
2026-02-01T18:00:00Z,59367.2
2026-02-01T19:00:00Z,57981.1
2026-02-01T20:00:00Z,54027.2
2026-02-01T21:00:00Z,50210.9
2026-02-01T22:00:00Z,49992.1
2026-02-01T23:00:00Z,48492.1
2026-02-02T00:00:00Z,51437.8
2026-02-02T01:00:00Z,49443.0
2026-02-02T02:00:00Z,54696.1
2026-02-02T03:00:00Z,54946.5
2026-02-02T04:00:00Z,57910.4
2026-02-02T05:00:00Z,59541.9
2026-02-02T06:00:00Z,63553.5
2026-02-02T07:00:00Z,65938.4
2026-02-02T08:00:00Z,69531.1
2026-02-02T09:00:00Z,72037.0
2026-02-02T10:00:00Z,73660.1
2026-02-02T11:00:00Z,74611.4
2026-02-02T12:00:00Z,76808.4
2026-02-02T13:00:00Z,74559.3
2026-02-02T14:00:00Z,73476.5
2026-02-02T15:00:00Z,70518.8
2026-02-02T16:00:00Z,66438.7
2026-02-02T17:00:00Z,66574.6
2026-02-02T18:00:00Z,63146.4
2026-02-02T19:00:00Z,59594.0
2026-02-02T20:00:00Z,56661.3
2026-02-02T21:00:00Z,54097.4
2026-02-02T22:00:00Z,53745.7
2026-02-02T23:00:00Z,50786.0
2026-02-03T00:00:00Z,50249.4
2026-02-03T01:00:00Z,52868.5
2026-02-03T02:00:00Z,54347.9
2026-02-03T03:00:00Z,53638.8
2026-02-03T04:00:00Z,56457.9
2026-02-03T05:00:00Z,59879.3
2026-02-03T06:00:00Z,61776.4
2026-02-03T07:00:00Z,65351.0
2026-02-03T08:00:00Z,68719.0
2026-02-03T09:00:00Z,70120.4
2026-02-03T10:00:00Z,72281.5
2026-02-03T11:00:00Z,75058.8
2026-02-03T12:00:00Z,75016.9
2026-02-03T13:00:00Z,75834.6
2026-02-03T14:00:00Z,75056.0
2026-02-03T15:00:00Z,72374.2
2026-02-03T16:00:00Z,68599.6
2026-02-03T17:00:00Z,65807.3
2026-02-03T18:00:00Z,63502.8
2026-02-03T19:00:00Z,59711.5
2026-02-03T20:00:00Z,56521.1
2026-02-03T21:00:00Z,52899.4
2026-02-03T22:00:00Z,51424.2
2026-02-03T23:00:00Z,51898.7
2026-02-04T00:00:00Z,52316.7
2026-02-04T01:00:00Z,50696.9
2026-02-04T02:00:00Z,51068.7
2026-02-04T03:00:00Z,55207.9
2026-02-04T04:00:00Z,55484.4
2026-02-04T05:00:00Z,59200.6
2026-02-04T06:00:00Z,61098.3
2026-02-04T07:00:00Z,64656.6
2026-02-04T08:00:00Z,68513.5
2026-02-04T09:00:00Z,70714.6
2026-02-04T10:00:00Z,72416.2
2026-02-04T11:00:00Z,75194.0
2026-02-04T12:00:00Z,75431.4
2026-02-04T13:00:00Z,74968.9
2026-02-04T14:00:00Z,75248.9
2026-02-04T15:00:00Z,70801.3
2026-02-04T16:00:00Z,69881.2
2026-02-04T17:00:00Z,66044.6
2026-02-04T18:00:00Z,61722.7
2026-02-04T19:00:00Z,58527.0
2026-02-04T20:00:00Z,57778.4
2026-02-04T21:00:00Z,53585.7
2026-02-04T22:00:00Z,53618.3
2026-02-04T23:00:00Z,50394.0
2026-02-05T00:00:00Z,52034.7
2026-02-05T01:00:00Z,49832.6
2026-02-05T02:00:00Z,53615.7
2026-02-05T03:00:00Z,54915.2
2026-02-05T04:00:00Z,55688.5
2026-02-05T05:00:00Z,58572.5
2026-02-05T06:00:00Z,61307.5
2026-02-05T07:00:00Z,65789.2
2026-02-05T08:00:00Z,68406.2
2026-02-05T09:00:00Z,71841.2
2026-02-05T10:00:00Z,72921.6
2026-02-05T11:00:00Z,74978.5
2026-02-05T12:00:00Z,74364.2
2026-02-05T13:00:00Z,73083.4
2026-02-05T14:00:00Z,73795.0
2026-02-05T15:00:00Z,71621.4
2026-02-05T16:00:00Z,67278.8
2026-02-05T17:00:00Z,66837.7
2026-02-05T18:00:00Z,61793.6
2026-02-05T19:00:00Z,60332.8
2026-02-05T20:00:00Z,58161.6
2026-02-05T21:00:00Z,54433.7
2026-02-05T22:00:00Z,51411.7
2026-02-05T23:00:00Z,50820.9
2026-02-06T00:00:00Z,49802.2
2026-02-06T01:00:00Z,48952.2
2026-02-06T02:00:00Z,52242.9
2026-02-06T03:00:00Z,56223.4
2026-02-06T04:00:00Z,57323.7
2026-02-06T05:00:00Z,58920.4
2026-02-06T06:00:00Z,62013.3
2026-02-06T07:00:00Z,64636.8
2026-02-06T08:00:00Z,68399.6
2026-02-06T09:00:00Z,71210.4
2026-02-06T10:00:00Z,71642.8
2026-02-06T11:00:00Z,73920.7
2026-02-06T12:00:00Z,74671.8
2026-02-06T13:00:00Z,73637.3
2026-02-06T14:00:00Z,71048.1
2026-02-06T15:00:00Z,70732.8
2026-02-06T16:00:00Z,68509.0
2026-02-06T17:00:00Z,64801.0
2026-02-06T18:00:00Z,63075.5
2026-02-06T19:00:00Z,59656.5
2026-02-06T20:00:00Z,55319.1
2026-02-06T21:00:00Z,51244.6
2026-02-06T22:00:00Z,51851.6
2026-02-06T23:00:00Z,50256.8
2026-02-07T00:00:00Z,47541.0
2026-02-07T01:00:00Z,46987.5
2026-02-07T02:00:00Z,47973.9
2026-02-07T03:00:00Z,51640.5
2026-02-07T04:00:00Z,52971.9
2026-02-07T05:00:00Z,54707.9
2026-02-07T06:00:00Z,58737.1
2026-02-07T07:00:00Z,61976.5
2026-02-07T08:00:00Z,63599.2
2026-02-07T09:00:00Z,67373.8
2026-02-07T10:00:00Z,70059.0
2026-02-07T11:00:00Z,70978.3
2026-02-07T12:00:00Z,70784.3
2026-02-07T13:00:00Z,69476.1
2026-02-07T14:00:00Z,68185.3
2026-02-07T15:00:00Z,66229.0
2026-02-07T16:00:00Z,66226.3
2026-02-07T17:00:00Z,62785.9
2026-02-07T18:00:00Z,57821.1
2026-02-07T19:00:00Z,53217.9
2026-02-07T20:00:00Z,52393.4
2026-02-07T21:00:00Z,49626.9
2026-02-07T22:00:00Z,47334.7
2026-02-07T23:00:00Z,47334.7
2026-02-08T00:00:00Z,46652.0
2026-02-08T01:00:00Z,45852.7
2026-02-08T02:00:00Z,47555.2
2026-02-08T03:00:00Z,49961.1
2026-02-08T04:00:00Z,50346.4
2026-02-08T05:00:00Z,56090.6
2026-02-08T06:00:00Z,59753.2
2026-02-08T07:00:00Z,60130.0
2026-02-08T08:00:00Z,64787.7
2026-02-08T09:00:00Z,67956.1
2026-02-08T10:00:00Z,68102.0
2026-02-08T11:00:00Z,70376.1
2026-02-08T12:00:00Z,69031.1
2026-02-08T13:00:00Z,68810.4
2026-02-08T14:00:00Z,69588.3
2026-02-08T15:00:00Z,68371.3
2026-02-08T16:00:00Z,64174.7
2026-02-08T17:00:00Z,61177.5
2026-02-08T18:00:00Z,58546.7
2026-02-08T19:00:00Z,55062.9
2026-02-08T20:00:00Z,52094.2
2026-02-08T21:00:00Z,50254.8
2026-02-08T22:00:00Z,47915.8
2026-02-08T23:00:00Z,46827.6
2026-02-09T00:00:00Z,49559.2
2026-02-09T01:00:00Z,49889.4
2026-02-09T02:00:00Z,51142.1
2026-02-09T03:00:00Z,53314.1
2026-02-09T04:00:00Z,54758.1
2026-02-09T05:00:00Z,56833.0
2026-02-09T06:00:00Z,60281.9
2026-02-09T07:00:00Z,64441.3
2026-02-09T08:00:00Z,67817.5
2026-02-09T09:00:00Z,68964.7
2026-02-09T10:00:00Z,72066.9
2026-02-09T11:00:00Z,73582.2
2026-02-09T12:00:00Z,72566.0
2026-02-09T13:00:00Z,74114.2
2026-02-09T14:00:00Z,72937.9
2026-02-09T15:00:00Z,70750.7
2026-02-09T16:00:00Z,66152.9
2026-02-09T17:00:00Z,64472.2
2026-02-09T18:00:00Z,60384.6
2026-02-09T19:00:00Z,58399.5
2026-02-09T20:00:00Z,54759.1
2026-02-09T21:00:00Z,54355.3
2026-02-09T22:00:00Z,49797.9
2026-02-09T23:00:00Z,50121.6
2026-02-10T00:00:00Z,48030.1
2026-02-10T01:00:00Z,48389.7
2026-02-10T02:00:00Z,51484.8
2026-02-10T03:00:00Z,52624.4
2026-02-10T04:00:00Z,55120.3
2026-02-10T05:00:00Z,58653.3
2026-02-10T06:00:00Z,60769.8
2026-02-10T07:00:00Z,64690.7
2026-02-10T08:00:00Z,66200.0
2026-02-10T09:00:00Z,71076.7
2026-02-10T10:00:00Z,70914.6
2026-02-10T11:00:00Z,72939.8
2026-02-10T12:00:00Z,74016.4
2026-02-10T13:00:00Z,73208.6
2026-02-10T14:00:00Z,71925.4
2026-02-10T15:00:00Z,70728.5
2026-02-10T16:00:00Z,67768.4
2026-02-10T17:00:00Z,64111.3
2026-02-10T18:00:00Z,59775.5
2026-02-10T19:00:00Z,57674.4
2026-02-10T20:00:00Z,54469.5
2026-02-10T21:00:00Z,51880.2
2026-02-10T22:00:00Z,50510.5
2026-02-10T23:00:00Z,49576.5
2026-02-11T00:00:00Z,48939.7
2026-02-11T01:00:00Z,49651.4
2026-02-11T02:00:00Z,51554.7
2026-02-11T03:00:00Z,50998.0
2026-02-11T04:00:00Z,53874.1
2026-02-11T05:00:00Z,58404.9
2026-02-11T06:00:00Z,61992.8
2026-02-11T07:00:00Z,64053.2
2026-02-11T08:00:00Z,66929.3
2026-02-11T09:00:00Z,69660.2
2026-02-11T10:00:00Z,70990.8
2026-02-11T11:00:00Z,71796.7
2026-02-11T12:00:00Z,73231.9
2026-02-11T13:00:00Z,71387.6
2026-02-11T14:00:00Z,72165.3
2026-02-11T15:00:00Z,69047.1
2026-02-11T16:00:00Z,67381.3
2026-02-11T17:00:00Z,64822.8
2026-02-11T18:00:00Z,61008.8
2026-02-11T19:00:00Z,58069.5
2026-02-11T20:00:00Z,54298.3
2026-02-11T21:00:00Z,51401.9
2026-02-11T22:00:00Z,51331.6
2026-02-11T23:00:00Z,47077.4
2026-02-12T00:00:00Z,47387.2
2026-02-12T01:00:00Z,47995.9
2026-02-12T02:00:00Z,51862.6
2026-02-12T03:00:00Z,52993.3
2026-02-12T04:00:00Z,54858.7
2026-02-12T05:00:00Z,55400.9
2026-02-12T06:00:00Z,59654.3
2026-02-12T07:00:00Z,66130.8
2026-02-12T08:00:00Z,68445.0
2026-02-12T09:00:00Z,69305.4
2026-02-12T10:00:00Z,70158.3
2026-02-12T11:00:00Z,72717.7
2026-02-12T12:00:00Z,72892.9
2026-02-12T13:00:00Z,69836.2
2026-02-12T14:00:00Z,71088.0
2026-02-12T15:00:00Z,69330.7
2026-02-12T16:00:00Z,65742.0
2026-02-12T17:00:00Z,64917.4
2026-02-12T18:00:00Z,60780.0
2026-02-12T19:00:00Z,57939.5
2026-02-12T20:00:00Z,54649.6
2026-02-12T21:00:00Z,51408.8
2026-02-12T22:00:00Z,50083.7
2026-02-12T23:00:00Z,49377.8
2026-02-13T00:00:00Z,48898.4
2026-02-13T01:00:00Z,48996.9
2026-02-13T02:00:00Z,49447.3
2026-02-13T03:00:00Z,52026.5
2026-02-13T04:00:00Z,55918.1
2026-02-13T05:00:00Z,55833.3
2026-02-13T06:00:00Z,61979.8
2026-02-13T07:00:00Z,63221.1
2026-02-13T08:00:00Z,66394.1
2026-02-13T09:00:00Z,68802.5
2026-02-13T10:00:00Z,72364.1
2026-02-13T11:00:00Z,72658.4
2026-02-13T12:00:00Z,74652.9
2026-02-13T13:00:00Z,72495.2
2026-02-13T14:00:00Z,71902.7
2026-02-13T15:00:00Z,68795.4
2026-02-13T16:00:00Z,68534.9
2026-02-13T17:00:00Z,62894.4
2026-02-13T18:00:00Z,59275.3
2026-02-13T19:00:00Z,56440.8
2026-02-13T20:00:00Z,52269.6
2026-02-13T21:00:00Z,50358.2
2026-02-13T22:00:00Z,48588.2
2026-02-13T23:00:00Z,49083.4
2026-02-14T00:00:00Z,45164.1
2026-02-14T01:00:00Z,44695.2
2026-02-14T02:00:00Z,48871.4
2026-02-14T03:00:00Z,48603.8
2026-02-14T04:00:00Z,51545.4
2026-02-14T05:00:00Z,52855.7
2026-02-14T06:00:00Z,56449.3
2026-02-14T07:00:00Z,59675.0
2026-02-14T08:00:00Z,62676.5
2026-02-14T09:00:00Z,66951.3
2026-02-14T10:00:00Z,67175.9
2026-02-14T11:00:00Z,69324.4
2026-02-14T12:00:00Z,68777.5
2026-02-14T13:00:00Z,68149.9
2026-02-14T14:00:00Z,67147.8
2026-02-14T15:00:00Z,64736.7
2026-02-14T16:00:00Z,62421.7
2026-02-14T17:00:00Z,59042.5
2026-02-14T18:00:00Z,57943.3
2026-02-14T19:00:00Z,54076.0
2026-02-14T20:00:00Z,51600.7
2026-02-14T21:00:00Z,49204.0
2026-02-14T22:00:00Z,47282.3
2026-02-14T23:00:00Z,45260.2
2026-02-15T00:00:00Z,44519.6
2026-02-15T01:00:00Z,45914.9
2026-02-15T02:00:00Z,44750.3
2026-02-15T03:00:00Z,48288.6
2026-02-15T04:00:00Z,49941.7
2026-02-15T05:00:00Z,52491.4
2026-02-15T06:00:00Z,56946.3
2026-02-15T07:00:00Z,61906.1
2026-02-15T08:00:00Z,62203.5
2026-02-15T09:00:00Z,64239.0
2026-02-15T10:00:00Z,67320.8
2026-02-15T11:00:00Z,67855.5
2026-02-15T12:00:00Z,69627.1
2026-02-15T13:00:00Z,68065.6
2026-02-15T14:00:00Z,68843.6
2026-02-15T15:00:00Z,65335.3
2026-02-15T16:00:00Z,60847.4
2026-02-15T17:00:00Z,59660.2
2026-02-15T18:00:00Z,56195.9
2026-02-15T19:00:00Z,53762.1
2026-02-15T20:00:00Z,51101.9
2026-02-15T21:00:00Z,47654.8
2026-02-15T22:00:00Z,44241.1
2026-02-15T23:00:00Z,45181.3
2026-02-16T00:00:00Z,46248.8
2026-02-16T01:00:00Z,48710.5
2026-02-16T02:00:00Z,48858.0
2026-02-16T03:00:00Z,51503.8
2026-02-16T04:00:00Z,55209.3
2026-02-16T05:00:00Z,55732.5
2026-02-16T06:00:00Z,61718.3
2026-02-16T07:00:00Z,61881.1
2026-02-16T08:00:00Z,66369.9
2026-02-16T09:00:00Z,67166.1
2026-02-16T10:00:00Z,71268.9
2026-02-16T11:00:00Z,71042.5
2026-02-16T12:00:00Z,72513.6
2026-02-16T13:00:00Z,71105.7
2026-02-16T14:00:00Z,70227.5
2026-02-16T15:00:00Z,69256.1
2026-02-16T16:00:00Z,66167.7
2026-02-16T17:00:00Z,63530.2
2026-02-16T18:00:00Z,59963.1
2026-02-16T19:00:00Z,56430.3
2026-02-16T20:00:00Z,51507.6
2026-02-16T21:00:00Z,51023.3
2026-02-16T22:00:00Z,50331.8
2026-02-16T23:00:00Z,49929.4
2026-02-17T00:00:00Z,46986.2
2026-02-17T01:00:00Z,49146.2
2026-02-17T02:00:00Z,49039.9
2026-02-17T03:00:00Z,50898.3
2026-02-17T04:00:00Z,54263.8
2026-02-17T05:00:00Z,57494.8
2026-02-17T06:00:00Z,61335.5
2026-02-17T07:00:00Z,62035.0
2026-02-17T08:00:00Z,66304.6
2026-02-17T09:00:00Z,67443.9
2026-02-17T10:00:00Z,70549.1
2026-02-17T11:00:00Z,72091.6
2026-02-17T12:00:00Z,72902.7
2026-02-17T13:00:00Z,71465.8
2026-02-17T14:00:00Z,71026.4
2026-02-17T15:00:00Z,69165.6
2026-02-17T16:00:00Z,65481.3
2026-02-17T17:00:00Z,62629.5
2026-02-17T18:00:00Z,59423.8
2026-02-17T19:00:00Z,55504.9
2026-02-17T20:00:00Z,53190.5
2026-02-17T21:00:00Z,50761.9
2026-02-17T22:00:00Z,49091.1
2026-02-17T23:00:00Z,48144.5
2026-02-18T00:00:00Z,47790.3
2026-02-18T01:00:00Z,47130.2
2026-02-18T02:00:00Z,48698.0
2026-02-18T03:00:00Z,51533.9
2026-02-18T04:00:00Z,53819.2
2026-02-18T05:00:00Z,54961.9
2026-02-18T06:00:00Z,59884.8
2026-02-18T07:00:00Z,64555.2
2026-02-18T08:00:00Z,64223.6
2026-02-18T09:00:00Z,67027.4
2026-02-18T10:00:00Z,71203.2
2026-02-18T11:00:00Z,71736.4
2026-02-18T12:00:00Z,70615.3
2026-02-18T13:00:00Z,70607.1
2026-02-18T14:00:00Z,68856.5
2026-02-18T15:00:00Z,67825.0
2026-02-18T16:00:00Z,65762.5
2026-02-18T17:00:00Z,62235.9
2026-02-18T18:00:00Z,60271.9
2026-02-18T19:00:00Z,55587.1
2026-02-18T20:00:00Z,54750.8
2026-02-18T21:00:00Z,50897.8
2026-02-18T22:00:00Z,48047.1
2026-02-18T23:00:00Z,47959.4
2026-02-19T00:00:00Z,47804.8
2026-02-19T01:00:00Z,47309.4
2026-02-19T02:00:00Z,49220.4
2026-02-19T03:00:00Z,49147.1
2026-02-19T04:00:00Z,52012.8
2026-02-19T05:00:00Z,55657.8
2026-02-19T06:00:00Z,60748.3
2026-02-19T07:00:00Z,62052.7
2026-02-19T08:00:00Z,65924.5
2026-02-19T09:00:00Z,69181.8
2026-02-19T10:00:00Z,69722.1
2026-02-19T11:00:00Z,70480.6
2026-02-19T12:00:00Z,71295.0
2026-02-19T13:00:00Z,70083.5
2026-02-19T14:00:00Z,68937.3
2026-02-19T15:00:00Z,69201.5
2026-02-19T16:00:00Z,65226.9
2026-02-19T17:00:00Z,62835.1
2026-02-19T18:00:00Z,59976.9
2026-02-19T19:00:00Z,55913.4
2026-02-19T20:00:00Z,54278.3
2026-02-19T21:00:00Z,48730.2
2026-02-19T22:00:00Z,48414.2
2026-02-19T23:00:00Z,46665.9
2026-02-20T00:00:00Z,46706.0
2026-02-20T01:00:00Z,47556.3
2026-02-20T02:00:00Z,48423.9
2026-02-20T03:00:00Z,49579.9
2026-02-20T04:00:00Z,54725.6
2026-02-20T05:00:00Z,56227.3
2026-02-20T06:00:00Z,60283.8
2026-02-20T07:00:00Z,62314.8
2026-02-20T08:00:00Z,64747.8
2026-02-20T09:00:00Z,68107.0
2026-02-20T10:00:00Z,68614.7
2026-02-20T11:00:00Z,70746.6
2026-02-20T12:00:00Z,70269.3
2026-02-20T13:00:00Z,71469.4
2026-02-20T14:00:00Z,69242.5
2026-02-20T15:00:00Z,66641.1
2026-02-20T16:00:00Z,65699.2
2026-02-20T17:00:00Z,62165.7
2026-02-20T18:00:00Z,59583.8
2026-02-20T19:00:00Z,54759.0
2026-02-20T20:00:00Z,53196.3
2026-02-20T21:00:00Z,51737.3
2026-02-20T22:00:00Z,48644.3
2026-02-20T23:00:00Z,47498.5
2026-02-21T00:00:00Z,42437.1
2026-02-21T01:00:00Z,43507.1
2026-02-21T02:00:00Z,45458.1
2026-02-21T03:00:00Z,45255.9
2026-02-21T04:00:00Z,50262.9
2026-02-21T05:00:00Z,51952.9
2026-02-21T06:00:00Z,56985.4
2026-02-21T07:00:00Z,57044.4
2026-02-21T08:00:00Z,60335.4
2026-02-21T09:00:00Z,63424.2
2026-02-21T10:00:00Z,66464.6
2026-02-21T11:00:00Z,66831.2
2026-02-21T12:00:00Z,67841.0
2026-02-21T13:00:00Z,66550.7
2026-02-21T14:00:00Z,66705.2
2026-02-21T15:00:00Z,64354.2
2026-02-21T16:00:00Z,61777.1
2026-02-21T17:00:00Z,60291.8
2026-02-21T18:00:00Z,55359.3
2026-02-21T19:00:00Z,54255.2
2026-02-21T20:00:00Z,50669.9
2026-02-21T21:00:00Z,48265.4
2026-02-21T22:00:00Z,43946.5
2026-02-21T23:00:00Z,44121.3
2026-02-22T00:00:00Z,43579.7
2026-02-22T01:00:00Z,42415.3
2026-02-22T02:00:00Z,45777.1
2026-02-22T03:00:00Z,45690.0
2026-02-22T04:00:00Z,48213.5
2026-02-22T05:00:00Z,53880.2
2026-02-22T06:00:00Z,54082.2
2026-02-22T07:00:00Z,57545.3
2026-02-22T08:00:00Z,60236.9
2026-02-22T09:00:00Z,63846.2
2026-02-22T10:00:00Z,66076.4
2026-02-22T11:00:00Z,65594.7
2026-02-22T12:00:00Z,66249.7
2026-02-22T13:00:00Z,67749.9
2026-02-22T14:00:00Z,65328.5
2026-02-22T15:00:00Z,63821.6
2026-02-22T16:00:00Z,61450.4
2026-02-22T17:00:00Z,58886.1
2026-02-22T18:00:00Z,54550.5
2026-02-22T19:00:00Z,51331.6
2026-02-22T20:00:00Z,48213.8
2026-02-22T21:00:00Z,45361.6
2026-02-22T22:00:00Z,45682.3
2026-02-22T23:00:00Z,44357.0
2026-02-23T00:00:00Z,45109.2
2026-02-23T01:00:00Z,47486.9
2026-02-23T02:00:00Z,50368.3
2026-02-23T03:00:00Z,50431.7
2026-02-23T04:00:00Z,51754.6
2026-02-23T05:00:00Z,54236.8
2026-02-23T06:00:00Z,58130.8
2026-02-23T07:00:00Z,59876.3
2026-02-23T08:00:00Z,64358.1
2026-02-23T09:00:00Z,64640.5
2026-02-23T10:00:00Z,67647.5
2026-02-23T11:00:00Z,69604.2
2026-02-23T12:00:00Z,71199.1
2026-02-23T13:00:00Z,71868.7
2026-02-23T14:00:00Z,69212.2
2026-02-23T15:00:00Z,65694.8
2026-02-23T16:00:00Z,64351.8
2026-02-23T17:00:00Z,63384.5
2026-02-23T18:00:00Z,56968.6
2026-02-23T19:00:00Z,53541.8
2026-02-23T20:00:00Z,52674.1
2026-02-23T21:00:00Z,49738.0
2026-02-23T22:00:00Z,48607.8
2026-02-23T23:00:00Z,46009.2
2026-02-24T00:00:00Z,45659.8
2026-02-24T01:00:00Z,45237.0
2026-02-24T02:00:00Z,46899.5
2026-02-24T03:00:00Z,50160.6
2026-02-24T04:00:00Z,52858.8
2026-02-24T05:00:00Z,52842.3
2026-02-24T06:00:00Z,57392.6
2026-02-24T07:00:00Z,62427.9
2026-02-24T08:00:00Z,65346.0
2026-02-24T09:00:00Z,67109.5
2026-02-24T10:00:00Z,68090.9
2026-02-24T11:00:00Z,69640.9
2026-02-24T12:00:00Z,69923.0
2026-02-24T13:00:00Z,71367.3
2026-02-24T14:00:00Z,67231.3
2026-02-24T15:00:00Z,67338.2
2026-02-24T16:00:00Z,65003.7
2026-02-24T17:00:00Z,60808.6
2026-02-24T18:00:00Z,57327.2
2026-02-24T19:00:00Z,55176.4
2026-02-24T20:00:00Z,52010.8
2026-02-24T21:00:00Z,48926.3
2026-02-24T22:00:00Z,48318.5
2026-02-24T23:00:00Z,46504.3
2026-02-25T00:00:00Z,45132.2
2026-02-25T01:00:00Z,45624.4
2026-02-25T02:00:00Z,47181.7
2026-02-25T03:00:00Z,50417.5
2026-02-25T04:00:00Z,51585.7
2026-02-25T05:00:00Z,54465.5
2026-02-25T06:00:00Z,59921.6
2026-02-25T07:00:00Z,60856.4
2026-02-25T08:00:00Z,64361.4
2026-02-25T09:00:00Z,65072.4
2026-02-25T10:00:00Z,69703.3
2026-02-25T11:00:00Z,70149.1
2026-02-25T12:00:00Z,69841.5
2026-02-25T13:00:00Z,69965.7
2026-02-25T14:00:00Z,66894.4
2026-02-25T15:00:00Z,64639.2
2026-02-25T16:00:00Z,64339.8
2026-02-25T17:00:00Z,62139.4
2026-02-25T18:00:00Z,58460.1
2026-02-25T19:00:00Z,55153.1
2026-02-25T20:00:00Z,50187.7
2026-02-25T21:00:00Z,48902.3
2026-02-25T22:00:00Z,45172.4
2026-02-25T23:00:00Z,46811.9
2026-02-26T00:00:00Z,44701.2
2026-02-26T01:00:00Z,46687.7
2026-02-26T02:00:00Z,48555.8
2026-02-26T03:00:00Z,47555.3
2026-02-26T04:00:00Z,51527.3
2026-02-26T05:00:00Z,53868.7
2026-02-26T06:00:00Z,57587.6
2026-02-26T07:00:00Z,61599.5
2026-02-26T08:00:00Z,63413.7
2026-02-26T09:00:00Z,66254.1
2026-02-26T10:00:00Z,68211.6
2026-02-26T11:00:00Z,68608.2
2026-02-26T12:00:00Z,68901.6
2026-02-26T13:00:00Z,70295.1
2026-02-26T14:00:00Z,68220.2
2026-02-26T15:00:00Z,64834.3
2026-02-26T16:00:00Z,63953.0
2026-02-26T17:00:00Z,62010.7
2026-02-26T18:00:00Z,57424.6
2026-02-26T19:00:00Z,54236.6
2026-02-26T20:00:00Z,50680.2
2026-02-26T21:00:00Z,48113.0
2026-02-26T22:00:00Z,47242.3
2026-02-26T23:00:00Z,45348.8
2026-02-27T00:00:00Z,45455.9
2026-02-27T01:00:00Z,44207.6
2026-02-27T02:00:00Z,47989.4
2026-02-27T03:00:00Z,49230.0
2026-02-27T04:00:00Z,52540.9
2026-02-27T05:00:00Z,54445.2
2026-02-27T06:00:00Z,57159.1
2026-02-27T07:00:00Z,61038.8
2026-02-27T08:00:00Z,62541.5
2026-02-27T09:00:00Z,65659.8
2026-02-27T10:00:00Z,66092.8
2026-02-27T11:00:00Z,70891.8
2026-02-27T12:00:00Z,71083.4
2026-02-27T13:00:00Z,70472.1
2026-02-27T14:00:00Z,67315.3
2026-02-27T15:00:00Z,66382.1
2026-02-27T16:00:00Z,63110.9
2026-02-27T17:00:00Z,61791.4
2026-02-27T18:00:00Z,57057.1
2026-02-27T19:00:00Z,53997.0
2026-02-27T20:00:00Z,51332.0
2026-02-27T21:00:00Z,49577.0
2026-02-27T22:00:00Z,47723.0
2026-02-27T23:00:00Z,46820.8
2026-02-28T00:00:00Z,43500.0
2026-02-28T01:00:00Z,43396.0
2026-02-28T02:00:00Z,43349.3
2026-02-28T03:00:00Z,46602.8
2026-02-28T04:00:00Z,47263.2
2026-02-28T05:00:00Z,51823.0
2026-02-28T06:00:00Z,54293.5
2026-02-28T07:00:00Z,57949.7
2026-02-28T08:00:00Z,60061.3
2026-02-28T09:00:00Z,61884.2
2026-02-28T10:00:00Z,62995.6
2026-02-28T11:00:00Z,65697.5
2026-02-28T12:00:00Z,67101.3
2026-02-28T13:00:00Z,64646.1
2026-02-28T14:00:00Z,65336.5
2026-02-28T15:00:00Z,64342.6
2026-02-28T16:00:00Z,58629.4
2026-02-28T17:00:00Z,56874.1
2026-02-28T18:00:00Z,53545.0
2026-02-28T19:00:00Z,51012.9
2026-02-28T20:00:00Z,48060.8
2026-02-28T21:00:00Z,45191.6
2026-02-28T22:00:00Z,43436.5
2026-02-28T23:00:00Z,39824.9
2026-03-01T00:00:00Z,40400.3
2026-03-01T01:00:00Z,42051.3
2026-03-01T02:00:00Z,44082.3
2026-03-01T03:00:00Z,45112.1
2026-03-01T04:00:00Z,46837.5
2026-03-01T05:00:00Z,52162.2
2026-03-01T06:00:00Z,53619.2
2026-03-01T07:00:00Z,56425.0
2026-03-01T08:00:00Z,60501.3
2026-03-01T09:00:00Z,62568.8
2026-03-01T10:00:00Z,62238.0
2026-03-01T11:00:00Z,66058.5
2026-03-01T12:00:00Z,66775.0
2026-03-01T13:00:00Z,63675.0
2026-03-01T14:00:00Z,63849.9
2026-03-01T15:00:00Z,62676.3
2026-03-01T16:00:00Z,59400.7
2026-03-01T17:00:00Z,56091.1
2026-03-01T18:00:00Z,54003.8
2026-03-01T19:00:00Z,52746.1
2026-03-01T20:00:00Z,47921.4
2026-03-01T21:00:00Z,46396.4
2026-03-01T22:00:00Z,44192.5
2026-03-01T23:00:00Z,41581.8
2026-03-02T00:00:00Z,44041.4
2026-03-02T01:00:00Z,44254.7
2026-03-02T02:00:00Z,47220.9
2026-03-02T03:00:00Z,46663.0
2026-03-02T04:00:00Z,51826.3
2026-03-02T05:00:00Z,54193.1
2026-03-02T06:00:00Z,58284.9
2026-03-02T07:00:00Z,60988.7
2026-03-02T08:00:00Z,62894.2
2026-03-02T09:00:00Z,64888.4
2026-03-02T10:00:00Z,68047.6
2026-03-02T11:00:00Z,68437.9
2026-03-02T12:00:00Z,68216.0
2026-03-02T13:00:00Z,70048.2
2026-03-02T14:00:00Z,67571.3
2026-03-02T15:00:00Z,65946.7
2026-03-02T16:00:00Z,63168.3
2026-03-02T17:00:00Z,59136.8
2026-03-02T18:00:00Z,56382.2
2026-03-02T19:00:00Z,53111.0
2026-03-02T20:00:00Z,50995.1
2026-03-02T21:00:00Z,46938.7
2026-03-02T22:00:00Z,46989.3
2026-03-02T23:00:00Z,44593.6
2026-03-03T00:00:00Z,44745.1
2026-03-03T01:00:00Z,45063.4
2026-03-03T02:00:00Z,47808.3
2026-03-03T03:00:00Z,50099.9
2026-03-03T04:00:00Z,49620.4
2026-03-03T05:00:00Z,55248.5
2026-03-03T06:00:00Z,55237.7
2026-03-03T07:00:00Z,61206.5
2026-03-03T08:00:00Z,60874.0
2026-03-03T09:00:00Z,64444.8
2026-03-03T10:00:00Z,67353.2
2026-03-03T11:00:00Z,67014.6
2026-03-03T12:00:00Z,69937.7
2026-03-03T13:00:00Z,68138.4
2026-03-03T14:00:00Z,66981.1
2026-03-03T15:00:00Z,64667.1
2026-03-03T16:00:00Z,62111.6
2026-03-03T17:00:00Z,57926.4
2026-03-03T18:00:00Z,57432.8
2026-03-03T19:00:00Z,53514.7
2026-03-03T20:00:00Z,52894.7
2026-03-03T21:00:00Z,46789.2
2026-03-03T22:00:00Z,46936.3
2026-03-03T23:00:00Z,42850.7
2026-03-04T00:00:00Z,43635.2
2026-03-04T01:00:00Z,45902.3
2026-03-04T02:00:00Z,47635.1
2026-03-04T03:00:00Z,49638.2
2026-03-04T04:00:00Z,49977.3
2026-03-04T05:00:00Z,51864.4
2026-03-04T06:00:00Z,57630.4
2026-03-04T07:00:00Z,57114.8
2026-03-04T08:00:00Z,64080.0
2026-03-04T09:00:00Z,65507.5
2026-03-04T10:00:00Z,67318.7
2026-03-04T11:00:00Z,67189.2
2026-03-04T12:00:00Z,69058.1
2026-03-04T13:00:00Z,66889.1
2026-03-04T14:00:00Z,65462.7
2026-03-04T15:00:00Z,62927.3
2026-03-04T16:00:00Z,60827.5
2026-03-04T17:00:00Z,59044.6
2026-03-04T18:00:00Z,57851.6
2026-03-04T19:00:00Z,51599.9
2026-03-04T20:00:00Z,51174.1
2026-03-04T21:00:00Z,49324.7
2026-03-04T22:00:00Z,46600.1
2026-03-04T23:00:00Z,44016.6
2026-03-05T00:00:00Z,45057.4
2026-03-05T01:00:00Z,44647.5
2026-03-05T02:00:00Z,47067.2
2026-03-05T03:00:00Z,48480.7
2026-03-05T04:00:00Z,50015.2
2026-03-05T05:00:00Z,54099.9
2026-03-05T06:00:00Z,57237.5
2026-03-05T07:00:00Z,61409.3
2026-03-05T08:00:00Z,62409.2
2026-03-05T09:00:00Z,64376.3
2026-03-05T10:00:00Z,66138.8
2026-03-05T11:00:00Z,69030.2
2026-03-05T12:00:00Z,67975.6
2026-03-05T13:00:00Z,68028.2
2026-03-05T14:00:00Z,67268.6
2026-03-05T15:00:00Z,62987.0
2026-03-05T16:00:00Z,62257.4
2026-03-05T17:00:00Z,61021.0
2026-03-05T18:00:00Z,57487.1
2026-03-05T19:00:00Z,53598.7
2026-03-05T20:00:00Z,50592.5
2026-03-05T21:00:00Z,47572.8
2026-03-05T22:00:00Z,45639.7
2026-03-05T23:00:00Z,44657.5
2026-03-06T00:00:00Z,45051.9
2026-03-06T01:00:00Z,44915.0
2026-03-06T02:00:00Z,46382.3
2026-03-06T03:00:00Z,47204.2
2026-03-06T04:00:00Z,50787.0
2026-03-06T05:00:00Z,53148.7
2026-03-06T06:00:00Z,57658.4
2026-03-06T07:00:00Z,59070.5
2026-03-06T08:00:00Z,61786.6
2026-03-06T09:00:00Z,64578.0
2026-03-06T10:00:00Z,67181.8
2026-03-06T11:00:00Z,67287.1
2026-03-06T12:00:00Z,69291.7
2026-03-06T13:00:00Z,68914.7
2026-03-06T14:00:00Z,67159.2
2026-03-06T15:00:00Z,64796.3
2026-03-06T16:00:00Z,61692.5
2026-03-06T17:00:00Z,60159.5
2026-03-06T18:00:00Z,57501.1
2026-03-06T19:00:00Z,52963.9
2026-03-06T20:00:00Z,48974.9
2026-03-06T21:00:00Z,46379.7
2026-03-06T22:00:00Z,45732.2
2026-03-06T23:00:00Z,45029.4
2026-03-07T00:00:00Z,41420.5
2026-03-07T01:00:00Z,41075.5
2026-03-07T02:00:00Z,41942.9
2026-03-07T03:00:00Z,44365.9
2026-03-07T04:00:00Z,45962.2
2026-03-07T05:00:00Z,49076.0
2026-03-07T06:00:00Z,54495.2
2026-03-07T07:00:00Z,54577.2
2026-03-07T08:00:00Z,58352.4
2026-03-07T09:00:00Z,60492.7
2026-03-07T10:00:00Z,61735.1
2026-03-07T11:00:00Z,63812.2
2026-03-07T12:00:00Z,65595.5
2026-03-07T13:00:00Z,63095.2
2026-03-07T14:00:00Z,62954.8
2026-03-07T15:00:00Z,59280.8
2026-03-07T16:00:00Z,58855.0
2026-03-07T17:00:00Z,56546.2
2026-03-07T18:00:00Z,53263.3
2026-03-07T19:00:00Z,49748.6
2026-03-07T20:00:00Z,46523.6
2026-03-07T21:00:00Z,44467.5
2026-03-07T22:00:00Z,42061.8
2026-03-07T23:00:00Z,39911.1
2026-03-08T00:00:00Z,39494.0
2026-03-08T01:00:00Z,40754.5
2026-03-08T02:00:00Z,42762.2
2026-03-08T03:00:00Z,42846.4
2026-03-08T04:00:00Z,44944.3
2026-03-08T05:00:00Z,49437.7
2026-03-08T06:00:00Z,53529.1
2026-03-08T07:00:00Z,55939.4
2026-03-08T08:00:00Z,58698.4
2026-03-08T09:00:00Z,61624.9
2026-03-08T10:00:00Z,64583.4
2026-03-08T11:00:00Z,66191.8
2026-03-08T12:00:00Z,65189.7
2026-03-08T13:00:00Z,63198.7
2026-03-08T14:00:00Z,62268.5
2026-03-08T15:00:00Z,60162.1
2026-03-08T16:00:00Z,58060.3
2026-03-08T17:00:00Z,53144.5
2026-03-08T18:00:00Z,52074.9
2026-03-08T19:00:00Z,49535.4
2026-03-08T20:00:00Z,44995.9
2026-03-08T21:00:00Z,43742.2
2026-03-08T22:00:00Z,42110.2
2026-03-08T23:00:00Z,38908.1
2026-03-09T00:00:00Z,43110.7
2026-03-09T01:00:00Z,46612.1
2026-03-09T02:00:00Z,45374.5
2026-03-09T03:00:00Z,47583.5
2026-03-09T04:00:00Z,50223.7
2026-03-09T05:00:00Z,52057.6
2026-03-09T06:00:00Z,55054.9
2026-03-09T07:00:00Z,58486.2
2026-03-09T08:00:00Z,61500.8
2026-03-09T09:00:00Z,63723.8
2026-03-09T10:00:00Z,66543.9
2026-03-09T11:00:00Z,66287.1
2026-03-09T12:00:00Z,67517.4
2026-03-09T13:00:00Z,66778.5
2026-03-09T14:00:00Z,66794.8
2026-03-09T15:00:00Z,63460.1
2026-03-09T16:00:00Z,61803.7
2026-03-09T17:00:00Z,58423.7
2026-03-09T18:00:00Z,54951.9
2026-03-09T19:00:00Z,52706.0
2026-03-09T20:00:00Z,49903.3
2026-03-09T21:00:00Z,47520.5
2026-03-09T22:00:00Z,42857.7
2026-03-09T23:00:00Z,42664.1
2026-03-10T00:00:00Z,42682.9
2026-03-10T01:00:00Z,44656.9
2026-03-10T02:00:00Z,44809.2
2026-03-10T03:00:00Z,47774.1
2026-03-10T04:00:00Z,49736.1
2026-03-10T05:00:00Z,51371.3
2026-03-10T06:00:00Z,53860.7
2026-03-10T07:00:00Z,59998.3
2026-03-10T08:00:00Z,61489.1
2026-03-10T09:00:00Z,64140.0
2026-03-10T10:00:00Z,65713.9
2026-03-10T11:00:00Z,68013.4
2026-03-10T12:00:00Z,67637.5
2026-03-10T13:00:00Z,66332.1
2026-03-10T14:00:00Z,65433.4
2026-03-10T15:00:00Z,62354.3
2026-03-10T16:00:00Z,63592.7
2026-03-10T17:00:00Z,60491.1
2026-03-10T18:00:00Z,54809.6
2026-03-10T19:00:00Z,53866.4
2026-03-10T20:00:00Z,49316.4
2026-03-10T21:00:00Z,45980.4
2026-03-10T22:00:00Z,45016.9
2026-03-10T23:00:00Z,44503.7
2026-03-11T00:00:00Z,43243.9
2026-03-11T01:00:00Z,42589.0
2026-03-11T02:00:00Z,42400.1
2026-03-11T03:00:00Z,45654.7
2026-03-11T04:00:00Z,51145.4
2026-03-11T05:00:00Z,51672.3
2026-03-11T06:00:00Z,56637.5
2026-03-11T07:00:00Z,58801.0
2026-03-11T08:00:00Z,61698.8
2026-03-11T09:00:00Z,66232.5
2026-03-11T10:00:00Z,66530.0
2026-03-11T11:00:00Z,65750.9
2026-03-11T12:00:00Z,68384.8
2026-03-11T13:00:00Z,67118.6
2026-03-11T14:00:00Z,65923.6
2026-03-11T15:00:00Z,64446.7
2026-03-11T16:00:00Z,62401.8
2026-03-11T17:00:00Z,55748.3
2026-03-11T18:00:00Z,56963.6
2026-03-11T19:00:00Z,54653.9
2026-03-11T20:00:00Z,49397.1
2026-03-11T21:00:00Z,48628.0
2026-03-11T22:00:00Z,44217.1
2026-03-11T23:00:00Z,42846.2
2026-03-12T00:00:00Z,43260.2
2026-03-12T01:00:00Z,41102.2
2026-03-12T02:00:00Z,44503.1
2026-03-12T03:00:00Z,47733.4
2026-03-12T04:00:00Z,48422.7
2026-03-12T05:00:00Z,52177.9
2026-03-12T06:00:00Z,55419.3
2026-03-12T07:00:00Z,59840.1
2026-03-12T08:00:00Z,62323.4
2026-03-12T09:00:00Z,64290.1
2026-03-12T10:00:00Z,66270.3
2026-03-12T11:00:00Z,67708.6
2026-03-12T12:00:00Z,66478.3
2026-03-12T13:00:00Z,67068.2
2026-03-12T14:00:00Z,66278.5
2026-03-12T15:00:00Z,64443.5
2026-03-12T16:00:00Z,60693.7
2026-03-12T17:00:00Z,56359.5
2026-03-12T18:00:00Z,55349.5
2026-03-12T19:00:00Z,51574.8
2026-03-12T20:00:00Z,49432.2
2026-03-12T21:00:00Z,47182.2
2026-03-12T22:00:00Z,43284.4
2026-03-12T23:00:00Z,43635.5
2026-03-13T00:00:00Z,42965.5
2026-03-13T01:00:00Z,43374.8
2026-03-13T02:00:00Z,44208.2
2026-03-13T03:00:00Z,46036.3
2026-03-13T04:00:00Z,49805.7
2026-03-13T05:00:00Z,51198.8
2026-03-13T06:00:00Z,54133.2
2026-03-13T07:00:00Z,59075.9
2026-03-13T08:00:00Z,59395.7
2026-03-13T09:00:00Z,63294.9
2026-03-13T10:00:00Z,65010.5
2026-03-13T11:00:00Z,67649.6
2026-03-13T12:00:00Z,67774.8
2026-03-13T13:00:00Z,67489.3
2026-03-13T14:00:00Z,63880.7
2026-03-13T15:00:00Z,63303.8
2026-03-13T16:00:00Z,62033.6
2026-03-13T17:00:00Z,57683.1
2026-03-13T18:00:00Z,55474.5
2026-03-13T19:00:00Z,52993.2
2026-03-13T20:00:00Z,49960.6
2026-03-13T21:00:00Z,46390.0
2026-03-13T22:00:00Z,46423.9
2026-03-13T23:00:00Z,43759.4
2026-03-14T00:00:00Z,38510.9
2026-03-14T01:00:00Z,40649.9
2026-03-14T02:00:00Z,41900.1
2026-03-14T03:00:00Z,44781.6
2026-03-14T04:00:00Z,45655.4
2026-03-14T05:00:00Z,48642.8
2026-03-14T06:00:00Z,52919.1
2026-03-14T07:00:00Z,54316.7
2026-03-14T08:00:00Z,58046.9
2026-03-14T09:00:00Z,60234.9
2026-03-14T10:00:00Z,62511.9
2026-03-14T11:00:00Z,61962.7
2026-03-14T12:00:00Z,64214.0
2026-03-14T13:00:00Z,63135.1
2026-03-14T14:00:00Z,61899.7
2026-03-14T15:00:00Z,58808.6
2026-03-14T16:00:00Z,56957.5
2026-03-14T17:00:00Z,54490.7
2026-03-14T18:00:00Z,52205.3
2026-03-14T19:00:00Z,48132.6
2026-03-14T20:00:00Z,44677.0
2026-03-14T21:00:00Z,43298.4
2026-03-14T22:00:00Z,42990.1
2026-03-14T23:00:00Z,38797.5
2026-03-15T00:00:00Z,39969.1
2026-03-15T01:00:00Z,38814.3
2026-03-15T02:00:00Z,40944.6
2026-03-15T03:00:00Z,44532.8
2026-03-15T04:00:00Z,45834.8
2026-03-15T05:00:00Z,48165.7
2026-03-15T06:00:00Z,50555.6
2026-03-15T07:00:00Z,54952.7
2026-03-15T08:00:00Z,57545.4
2026-03-15T09:00:00Z,61136.8
2026-03-15T10:00:00Z,60829.1
2026-03-15T11:00:00Z,63968.2
2026-03-15T12:00:00Z,63759.9
2026-03-15T13:00:00Z,64939.2
2026-03-15T14:00:00Z,60962.7
2026-03-15T15:00:00Z,60833.4
2026-03-15T16:00:00Z,58925.3
2026-03-15T17:00:00Z,54011.2
2026-03-15T18:00:00Z,52075.0
2026-03-15T19:00:00Z,46872.7
2026-03-15T20:00:00Z,45833.2
2026-03-15T21:00:00Z,44993.9
2026-03-15T22:00:00Z,42561.2
2026-03-15T23:00:00Z,40190.9
2026-03-16T00:00:00Z,40857.4
2026-03-16T01:00:00Z,42413.0
2026-03-16T02:00:00Z,42446.3
2026-03-16T03:00:00Z,45040.3
2026-03-16T04:00:00Z,48372.0
2026-03-16T05:00:00Z,52137.2
2026-03-16T06:00:00Z,54001.2
2026-03-16T07:00:00Z,56624.3
2026-03-16T08:00:00Z,59676.3
2026-03-16T09:00:00Z,63291.9
2026-03-16T10:00:00Z,66837.0
2026-03-16T11:00:00Z,67062.7
2026-03-16T12:00:00Z,67651.1
2026-03-16T13:00:00Z,66013.5
2026-03-16T14:00:00Z,62986.2
2026-03-16T15:00:00Z,62462.1
2026-03-16T16:00:00Z,60684.2
2026-03-16T17:00:00Z,57684.6
2026-03-16T18:00:00Z,55353.5
2026-03-16T19:00:00Z,50476.6
2026-03-16T20:00:00Z,47886.7
2026-03-16T21:00:00Z,44622.5
2026-03-16T22:00:00Z,44086.9
2026-03-16T23:00:00Z,42958.1
2026-03-17T00:00:00Z,42252.3
2026-03-17T01:00:00Z,43763.5
2026-03-17T02:00:00Z,44222.5
2026-03-17T03:00:00Z,45709.4
2026-03-17T04:00:00Z,49103.4
2026-03-17T05:00:00Z,48777.5
2026-03-17T06:00:00Z,53402.8
2026-03-17T07:00:00Z,57101.7
2026-03-17T08:00:00Z,60366.9
2026-03-17T09:00:00Z,63934.6
2026-03-17T10:00:00Z,66282.3
2026-03-17T11:00:00Z,67277.4
2026-03-17T12:00:00Z,65724.9
2026-03-17T13:00:00Z,67387.2
2026-03-17T14:00:00Z,65711.0
2026-03-17T15:00:00Z,63495.3
2026-03-17T16:00:00Z,60804.4
2026-03-17T17:00:00Z,56217.4
2026-03-17T18:00:00Z,54733.0
2026-03-17T19:00:00Z,51618.5
2026-03-17T20:00:00Z,47755.9
2026-03-17T21:00:00Z,46485.8
2026-03-17T22:00:00Z,43460.7
2026-03-17T23:00:00Z,42845.9
2026-03-18T00:00:00Z,43956.6
2026-03-18T01:00:00Z,42005.9
2026-03-18T02:00:00Z,44838.4
2026-03-18T03:00:00Z,45280.5
2026-03-18T04:00:00Z,47997.9
2026-03-18T05:00:00Z,49749.1
2026-03-18T06:00:00Z,53466.6
2026-03-18T07:00:00Z,58214.0
2026-03-18T08:00:00Z,59463.1
2026-03-18T09:00:00Z,62424.3
2026-03-18T10:00:00Z,64791.0
2026-03-18T11:00:00Z,64140.2
2026-03-18T12:00:00Z,66048.7
2026-03-18T13:00:00Z,66532.4
2026-03-18T14:00:00Z,62866.1
2026-03-18T15:00:00Z,63010.1
2026-03-18T16:00:00Z,61675.7
2026-03-18T17:00:00Z,58259.1
2026-03-18T18:00:00Z,54215.8
2026-03-18T19:00:00Z,52008.2
2026-03-18T20:00:00Z,48752.1
2026-03-18T21:00:00Z,45280.9
2026-03-18T22:00:00Z,45945.9
2026-03-18T23:00:00Z,41778.9
2026-03-19T00:00:00Z,42848.4
2026-03-19T01:00:00Z,42665.9
2026-03-19T02:00:00Z,45029.3
2026-03-19T03:00:00Z,46095.6
2026-03-19T04:00:00Z,49567.6
2026-03-19T05:00:00Z,53713.0
2026-03-19T06:00:00Z,55110.0
2026-03-19T07:00:00Z,57484.1
2026-03-19T08:00:00Z,59920.9
2026-03-19T09:00:00Z,60798.6
2026-03-19T10:00:00Z,64572.8
2026-03-19T11:00:00Z,66242.8
2026-03-19T12:00:00Z,66087.7
2026-03-19T13:00:00Z,66657.9
2026-03-19T14:00:00Z,66474.3
2026-03-19T15:00:00Z,61996.6
2026-03-19T16:00:00Z,60282.2
2026-03-19T17:00:00Z,55285.7
2026-03-19T18:00:00Z,54498.7
2026-03-19T19:00:00Z,50785.6
2026-03-19T20:00:00Z,47910.9
2026-03-19T21:00:00Z,46023.1
2026-03-19T22:00:00Z,43338.1
2026-03-19T23:00:00Z,44613.3
2026-03-20T00:00:00Z,39945.5
2026-03-20T01:00:00Z,43180.8
2026-03-20T02:00:00Z,44413.1
2026-03-20T03:00:00Z,44737.9
2026-03-20T04:00:00Z,50297.1
2026-03-20T05:00:00Z,51122.3
2026-03-20T06:00:00Z,54568.0
2026-03-20T07:00:00Z,56111.3
2026-03-20T08:00:00Z,61819.9
2026-03-20T09:00:00Z,62099.1
2026-03-20T10:00:00Z,63786.3
2026-03-20T11:00:00Z,62916.0
2026-03-20T12:00:00Z,66537.6
2026-03-20T13:00:00Z,65146.8
2026-03-20T14:00:00Z,64398.6
2026-03-20T15:00:00Z,61636.6
2026-03-20T16:00:00Z,62211.2
2026-03-20T17:00:00Z,55817.6
2026-03-20T18:00:00Z,52218.4
2026-03-20T19:00:00Z,50885.1
2026-03-20T20:00:00Z,48045.7
2026-03-20T21:00:00Z,46290.1
2026-03-20T22:00:00Z,43656.5
2026-03-20T23:00:00Z,43320.7
2026-03-21T00:00:00Z,39908.5
2026-03-21T01:00:00Z,40298.8
2026-03-21T02:00:00Z,40998.7
2026-03-21T03:00:00Z,42604.0
2026-03-21T04:00:00Z,45607.3
2026-03-21T05:00:00Z,50349.7
2026-03-21T06:00:00Z,48683.7
2026-03-21T07:00:00Z,52901.4
2026-03-21T08:00:00Z,57399.5
2026-03-21T09:00:00Z,57192.5
2026-03-21T10:00:00Z,61828.8
2026-03-21T11:00:00Z,62007.5
2026-03-21T12:00:00Z,62751.5
2026-03-21T13:00:00Z,60908.1
2026-03-21T14:00:00Z,60694.2
2026-03-21T15:00:00Z,60043.9
2026-03-21T16:00:00Z,58270.0
2026-03-21T17:00:00Z,53122.2
2026-03-21T18:00:00Z,50709.1
2026-03-21T19:00:00Z,47560.9
2026-03-21T20:00:00Z,44661.8
2026-03-21T21:00:00Z,42070.7
2026-03-21T22:00:00Z,40726.5
2026-03-21T23:00:00Z,37773.9
2026-03-22T00:00:00Z,37041.2
2026-03-22T01:00:00Z,39362.5
2026-03-22T02:00:00Z,41165.5
2026-03-22T03:00:00Z,43204.7
2026-03-22T04:00:00Z,45906.5
2026-03-22T05:00:00Z,48934.0
2026-03-22T06:00:00Z,49103.8
2026-03-22T07:00:00Z,52901.3
2026-03-22T08:00:00Z,55816.8
2026-03-22T09:00:00Z,58392.9
2026-03-22T10:00:00Z,61906.0
2026-03-22T11:00:00Z,62755.4
2026-03-22T12:00:00Z,62688.5
2026-03-22T13:00:00Z,61938.4
2026-03-22T14:00:00Z,59600.6
2026-03-22T15:00:00Z,59787.7
2026-03-22T16:00:00Z,57478.5
2026-03-22T17:00:00Z,51805.1
2026-03-22T18:00:00Z,49928.9
2026-03-22T19:00:00Z,45101.1
2026-03-22T20:00:00Z,43848.2
2026-03-22T21:00:00Z,43171.7
2026-03-22T22:00:00Z,40784.6
2026-03-22T23:00:00Z,37812.0
2026-03-23T00:00:00Z,43663.0
2026-03-23T01:00:00Z,43215.0
2026-03-23T02:00:00Z,43826.0
2026-03-23T03:00:00Z,44203.7
2026-03-23T04:00:00Z,48883.5
2026-03-23T05:00:00Z,51094.4
2026-03-23T06:00:00Z,52793.5
2026-03-23T07:00:00Z,56458.8
2026-03-23T08:00:00Z,59872.4
2026-03-23T09:00:00Z,61571.0
2026-03-23T10:00:00Z,65410.5
2026-03-23T11:00:00Z,64308.0
2026-03-23T12:00:00Z,66091.7
2026-03-23T13:00:00Z,65615.2
2026-03-23T14:00:00Z,63563.1
2026-03-23T15:00:00Z,62570.6
2026-03-23T16:00:00Z,60209.8
2026-03-23T17:00:00Z,57451.9
2026-03-23T18:00:00Z,53376.8
2026-03-23T19:00:00Z,50724.6
2026-03-23T20:00:00Z,47982.1
2026-03-23T21:00:00Z,44471.6
2026-03-23T22:00:00Z,43336.9
2026-03-23T23:00:00Z,42950.4
2026-03-24T00:00:00Z,43665.0
2026-03-24T01:00:00Z,41183.2
2026-03-24T02:00:00Z,42608.7
2026-03-24T03:00:00Z,43549.2
2026-03-24T04:00:00Z,45957.9
2026-03-24T05:00:00Z,50761.0
2026-03-24T06:00:00Z,54810.1
2026-03-24T07:00:00Z,57701.2
2026-03-24T08:00:00Z,59745.8
2026-03-24T09:00:00Z,61098.6
2026-03-24T10:00:00Z,66027.3
2026-03-24T11:00:00Z,65183.3
2026-03-24T12:00:00Z,65481.5
2026-03-24T13:00:00Z,64387.8
2026-03-24T14:00:00Z,65223.1
2026-03-24T15:00:00Z,63550.7
2026-03-24T16:00:00Z,59673.3
2026-03-24T17:00:00Z,56523.7
2026-03-24T18:00:00Z,54152.2
2026-03-24T19:00:00Z,52071.4
2026-03-24T20:00:00Z,48444.7
2026-03-24T21:00:00Z,44838.7
2026-03-24T22:00:00Z,42972.1
2026-03-24T23:00:00Z,42271.5
2026-03-25T00:00:00Z,42657.9
2026-03-25T01:00:00Z,43591.1
2026-03-25T02:00:00Z,44287.6
2026-03-25T03:00:00Z,44938.8
2026-03-25T04:00:00Z,47589.1
2026-03-25T05:00:00Z,49995.8
2026-03-25T06:00:00Z,52965.8
2026-03-25T07:00:00Z,55788.6
2026-03-25T08:00:00Z,60935.9
2026-03-25T09:00:00Z,60995.0
2026-03-25T10:00:00Z,63970.9
2026-03-25T11:00:00Z,64765.3
2026-03-25T12:00:00Z,67652.8
2026-03-25T13:00:00Z,62607.9
2026-03-25T14:00:00Z,64336.4
2026-03-25T15:00:00Z,61806.3
2026-03-25T16:00:00Z,60005.8
2026-03-25T17:00:00Z,56344.2
2026-03-25T18:00:00Z,56434.5
2026-03-25T19:00:00Z,50209.6
2026-03-25T20:00:00Z,47842.9
2026-03-25T21:00:00Z,46374.3
2026-03-25T22:00:00Z,41771.9
2026-03-25T23:00:00Z,40777.7
2026-03-26T00:00:00Z,43421.9
2026-03-26T01:00:00Z,41371.9
2026-03-26T02:00:00Z,43875.2
2026-03-26T03:00:00Z,44979.2
2026-03-26T04:00:00Z,47016.6
2026-03-26T05:00:00Z,49607.1
2026-03-26T06:00:00Z,55107.8
2026-03-26T07:00:00Z,58398.5
2026-03-26T08:00:00Z,59885.0
2026-03-26T09:00:00Z,62495.4
2026-03-26T10:00:00Z,63335.2
2026-03-26T11:00:00Z,66359.7
2026-03-26T12:00:00Z,66026.6
2026-03-26T13:00:00Z,66511.4
2026-03-26T14:00:00Z,63280.8
2026-03-26T15:00:00Z,64142.6
2026-03-26T16:00:00Z,60829.9
2026-03-26T17:00:00Z,55792.2
2026-03-26T18:00:00Z,55607.5
2026-03-26T19:00:00Z,49432.7
2026-03-26T20:00:00Z,47542.2
2026-03-26T21:00:00Z,44347.1
2026-03-26T22:00:00Z,41738.5
2026-03-26T23:00:00Z,41966.5
2026-03-27T00:00:00Z,40944.1
2026-03-27T01:00:00Z,39661.4
2026-03-27T02:00:00Z,43123.9
2026-03-27T03:00:00Z,45275.1
2026-03-27T04:00:00Z,48110.6
2026-03-27T05:00:00Z,50355.4
2026-03-27T06:00:00Z,54530.4
2026-03-27T07:00:00Z,56427.8
2026-03-27T08:00:00Z,59662.4
2026-03-27T09:00:00Z,61375.3
2026-03-27T10:00:00Z,63015.6
2026-03-27T11:00:00Z,63467.8
2026-03-27T12:00:00Z,65738.3
2026-03-27T13:00:00Z,65247.9
2026-03-27T14:00:00Z,63211.1
2026-03-27T15:00:00Z,60808.9
2026-03-27T16:00:00Z,58778.4
2026-03-27T17:00:00Z,55913.0
2026-03-27T18:00:00Z,54104.0
2026-03-27T19:00:00Z,49895.7
2026-03-27T20:00:00Z,47214.3
2026-03-27T21:00:00Z,46509.2
2026-03-27T22:00:00Z,43966.2
2026-03-27T23:00:00Z,41953.2
2026-03-28T00:00:00Z,39287.6
2026-03-28T01:00:00Z,37697.9
2026-03-28T02:00:00Z,38791.0
2026-03-28T03:00:00Z,40490.0
2026-03-28T04:00:00Z,42564.8
2026-03-28T05:00:00Z,46067.9
2026-03-28T06:00:00Z,49884.6
2026-03-28T07:00:00Z,52943.3
2026-03-28T08:00:00Z,56303.0
2026-03-28T09:00:00Z,58622.2
2026-03-28T10:00:00Z,61992.8
2026-03-28T11:00:00Z,59472.8
2026-03-28T12:00:00Z,61733.5
2026-03-28T13:00:00Z,62088.0
2026-03-28T14:00:00Z,59642.3
2026-03-28T15:00:00Z,58319.1
2026-03-28T16:00:00Z,56144.9
2026-03-28T17:00:00Z,52605.3
2026-03-28T18:00:00Z,51146.3
2026-03-28T19:00:00Z,47151.2
2026-03-28T20:00:00Z,41847.9
2026-03-28T21:00:00Z,41717.2
2026-03-28T22:00:00Z,37984.1
2026-03-28T23:00:00Z,36118.3
2026-03-29T00:00:00Z,37936.5
2026-03-29T01:00:00Z,37621.2
2026-03-29T02:00:00Z,39639.3
2026-03-29T03:00:00Z,41300.5
2026-03-29T04:00:00Z,42903.6
2026-03-29T05:00:00Z,46385.7
2026-03-29T06:00:00Z,48452.7
2026-03-29T07:00:00Z,53328.3
2026-03-29T08:00:00Z,56028.0
2026-03-29T09:00:00Z,59678.7
2026-03-29T10:00:00Z,58732.4
2026-03-29T11:00:00Z,62037.5
2026-03-29T12:00:00Z,62293.0
2026-03-29T13:00:00Z,61970.1
2026-03-29T14:00:00Z,61473.0
2026-03-29T15:00:00Z,57298.6
2026-03-29T16:00:00Z,55201.1
2026-03-29T17:00:00Z,52057.8
2026-03-29T18:00:00Z,48959.7
2026-03-29T19:00:00Z,45872.0
2026-03-29T20:00:00Z,44972.2
2026-03-29T21:00:00Z,41061.4
2026-03-29T22:00:00Z,39939.0
2026-03-29T23:00:00Z,38653.6
2026-03-30T00:00:00Z,40681.9
2026-03-30T01:00:00Z,41018.0
2026-03-30T02:00:00Z,42153.2
2026-03-30T03:00:00Z,44908.5
2026-03-30T04:00:00Z,46818.2
2026-03-30T05:00:00Z,50024.6
2026-03-30T06:00:00Z,52232.6
2026-03-30T07:00:00Z,57443.8
2026-03-30T08:00:00Z,59418.1
2026-03-30T09:00:00Z,61558.0
2026-03-30T10:00:00Z,63116.8
2026-03-30T11:00:00Z,65135.4
2026-03-30T12:00:00Z,64848.1
2026-03-30T13:00:00Z,63511.9
2026-03-30T14:00:00Z,62374.9
2026-03-30T15:00:00Z,62644.5
2026-03-30T16:00:00Z,57578.9
2026-03-30T17:00:00Z,57236.5
2026-03-30T18:00:00Z,52714.4
2026-03-30T19:00:00Z,48927.2
2026-03-30T20:00:00Z,47352.6
2026-03-30T21:00:00Z,44501.5
2026-03-30T22:00:00Z,42628.6
2026-03-30T23:00:00Z,43273.0
2026-03-31T00:00:00Z,40329.4
2026-03-31T01:00:00Z,42680.3
2026-03-31T02:00:00Z,42156.5
2026-03-31T03:00:00Z,44761.5
2026-03-31T04:00:00Z,48183.2
2026-03-31T05:00:00Z,49903.7
2026-03-31T06:00:00Z,53759.3
2026-03-31T07:00:00Z,56822.1
2026-03-31T08:00:00Z,58001.8
2026-03-31T09:00:00Z,60030.2
2026-03-31T10:00:00Z,64629.5
2026-03-31T11:00:00Z,64498.8
2026-03-31T12:00:00Z,64106.3
2026-03-31T13:00:00Z,66166.4
2026-03-31T14:00:00Z,64018.2
2026-03-31T15:00:00Z,61497.3
2026-03-31T16:00:00Z,60524.7
2026-03-31T17:00:00Z,57290.1
2026-03-31T18:00:00Z,53057.7
2026-03-31T19:00:00Z,49440.7
2026-03-31T20:00:00Z,46404.9
2026-03-31T21:00:00Z,44184.7
2026-03-31T22:00:00Z,41381.8
2026-03-31T23:00:00Z,42649.7
2026-04-01T00:00:00Z,40738.6
2026-04-01T01:00:00Z,41172.9
2026-04-01T02:00:00Z,43185.2
2026-04-01T03:00:00Z,44184.0
2026-04-01T04:00:00Z,44848.4
2026-04-01T05:00:00Z,48532.0
2026-04-01T06:00:00Z,53891.7
2026-04-01T07:00:00Z,57332.8
2026-04-01T08:00:00Z,58385.2
2026-04-01T09:00:00Z,60983.9
2026-04-01T10:00:00Z,63278.2
2026-04-01T11:00:00Z,62315.0
2026-04-01T12:00:00Z,65794.7
2026-04-01T13:00:00Z,64554.2
2026-04-01T14:00:00Z,62901.6
2026-04-01T15:00:00Z,61428.6
2026-04-01T16:00:00Z,58485.4
2026-04-01T17:00:00Z,56160.4
2026-04-01T18:00:00Z,53431.7
2026-04-01T19:00:00Z,49092.4
2026-04-01T20:00:00Z,46244.8
2026-04-01T21:00:00Z,44483.9
2026-04-01T22:00:00Z,43509.0
2026-04-01T23:00:00Z,41666.3
2026-04-02T00:00:00Z,39969.8
2026-04-02T01:00:00Z,41669.7
2026-04-02T02:00:00Z,42575.1
2026-04-02T03:00:00Z,44792.3
2026-04-02T04:00:00Z,46123.9
2026-04-02T05:00:00Z,50328.4
2026-04-02T06:00:00Z,53076.9
2026-04-02T07:00:00Z,56531.8
2026-04-02T08:00:00Z,59172.6
2026-04-02T09:00:00Z,63247.5
2026-04-02T10:00:00Z,63839.6
2026-04-02T11:00:00Z,64654.1
2026-04-02T12:00:00Z,64348.9
2026-04-02T13:00:00Z,64409.8
2026-04-02T14:00:00Z,64529.8
2026-04-02T15:00:00Z,62222.5
2026-04-02T16:00:00Z,60528.6
2026-04-02T17:00:00Z,56149.7
2026-04-02T18:00:00Z,54092.2
2026-04-02T19:00:00Z,50000.4
2026-04-02T20:00:00Z,46404.5
2026-04-02T21:00:00Z,44734.9
2026-04-02T22:00:00Z,44120.6
2026-04-02T23:00:00Z,40284.7
2026-04-03T00:00:00Z,40684.7
2026-04-03T01:00:00Z,41768.9
2026-04-03T02:00:00Z,42495.2
2026-04-03T03:00:00Z,44876.6
2026-04-03T04:00:00Z,49358.7
2026-04-03T05:00:00Z,49775.4
2026-04-03T06:00:00Z,53026.9
2026-04-03T07:00:00Z,55583.1
2026-04-03T08:00:00Z,59027.1
2026-04-03T09:00:00Z,61113.1
2026-04-03T10:00:00Z,64527.5
2026-04-03T11:00:00Z,66677.9
2026-04-03T12:00:00Z,64483.3
2026-04-03T13:00:00Z,63643.6
2026-04-03T14:00:00Z,62369.8
2026-04-03T15:00:00Z,60964.7
2026-04-03T16:00:00Z,58547.5
2026-04-03T17:00:00Z,56460.8
2026-04-03T18:00:00Z,52473.9
2026-04-03T19:00:00Z,47858.5
2026-04-03T20:00:00Z,46544.4
2026-04-03T21:00:00Z,44010.6
2026-04-03T22:00:00Z,42948.8
2026-04-03T23:00:00Z,41047.6
2026-04-04T00:00:00Z,35876.0
2026-04-04T01:00:00Z,37413.0
2026-04-04T02:00:00Z,37658.0
2026-04-04T03:00:00Z,40550.8
2026-04-04T04:00:00Z,43651.5
2026-04-04T05:00:00Z,45326.3
2026-04-04T06:00:00Z,48361.9
2026-04-04T07:00:00Z,51539.6
2026-04-04T08:00:00Z,54543.9
2026-04-04T09:00:00Z,59169.6
2026-04-04T10:00:00Z,58694.2
2026-04-04T11:00:00Z,59545.0
2026-04-04T12:00:00Z,60745.1
2026-04-04T13:00:00Z,61335.7
2026-04-04T14:00:00Z,59386.1
2026-04-04T15:00:00Z,56633.3
2026-04-04T16:00:00Z,53926.8
2026-04-04T17:00:00Z,52329.3
2026-04-04T18:00:00Z,48875.7
2026-04-04T19:00:00Z,46114.4
2026-04-04T20:00:00Z,42769.2
2026-04-04T21:00:00Z,41964.4
2026-04-04T22:00:00Z,38164.9
2026-04-04T23:00:00Z,37542.9
2026-04-05T00:00:00Z,37158.5
2026-04-05T01:00:00Z,37310.0
2026-04-05T02:00:00Z,38997.3
2026-04-05T03:00:00Z,41414.6
2026-04-05T04:00:00Z,43414.4
2026-04-05T05:00:00Z,46303.2
2026-04-05T06:00:00Z,49648.2
2026-04-05T07:00:00Z,53413.0
2026-04-05T08:00:00Z,54775.7
2026-04-05T09:00:00Z,57693.5
2026-04-05T10:00:00Z,60798.0
2026-04-05T11:00:00Z,61644.1
2026-04-05T12:00:00Z,63298.5
2026-04-05T13:00:00Z,60732.8
2026-04-05T14:00:00Z,58744.7
2026-04-05T15:00:00Z,59304.8
2026-04-05T16:00:00Z,54113.0
2026-04-05T17:00:00Z,51895.9
2026-04-05T18:00:00Z,50254.4
2026-04-05T19:00:00Z,46000.3
2026-04-05T20:00:00Z,43397.8
2026-04-05T21:00:00Z,40982.8
2026-04-05T22:00:00Z,39243.1
2026-04-05T23:00:00Z,35767.2
2026-04-06T00:00:00Z,39563.7
2026-04-06T01:00:00Z,41945.3
2026-04-06T02:00:00Z,42949.8
2026-04-06T03:00:00Z,43843.4
2026-04-06T04:00:00Z,45591.0
2026-04-06T05:00:00Z,48489.3
2026-04-06T06:00:00Z,52384.0
2026-04-06T07:00:00Z,55242.4
2026-04-06T08:00:00Z,57162.8
2026-04-06T09:00:00Z,60761.7
2026-04-06T10:00:00Z,62936.0
2026-04-06T11:00:00Z,64398.7
2026-04-06T12:00:00Z,64131.8
2026-04-06T13:00:00Z,63862.6
2026-04-06T14:00:00Z,64028.7
2026-04-06T15:00:00Z,60464.5
2026-04-06T16:00:00Z,57720.9
2026-04-06T17:00:00Z,55426.0
2026-04-06T18:00:00Z,51920.7
2026-04-06T19:00:00Z,49664.2
2026-04-06T20:00:00Z,48092.4
2026-04-06T21:00:00Z,44387.6
2026-04-06T22:00:00Z,41099.7
2026-04-06T23:00:00Z,40641.9
2026-04-07T00:00:00Z,39562.7
2026-04-07T01:00:00Z,39882.4
2026-04-07T02:00:00Z,43186.9
2026-04-07T03:00:00Z,43180.5
2026-04-07T04:00:00Z,45449.1
2026-04-07T05:00:00Z,49677.1
2026-04-07T06:00:00Z,53030.6
2026-04-07T07:00:00Z,56888.4
2026-04-07T08:00:00Z,60118.8
2026-04-07T09:00:00Z,59259.1
2026-04-07T10:00:00Z,63917.6
2026-04-07T11:00:00Z,65202.5
2026-04-07T12:00:00Z,66205.3
2026-04-07T13:00:00Z,64011.3
2026-04-07T14:00:00Z,61180.2
2026-04-07T15:00:00Z,60421.5
2026-04-07T16:00:00Z,58226.0
2026-04-07T17:00:00Z,54903.1
2026-04-07T18:00:00Z,52316.4
2026-04-07T19:00:00Z,50754.9
2026-04-07T20:00:00Z,45685.8
2026-04-07T21:00:00Z,43524.2
2026-04-07T22:00:00Z,43892.8
2026-04-07T23:00:00Z,40815.6
2026-04-08T00:00:00Z,39120.1
2026-04-08T01:00:00Z,42066.1
2026-04-08T02:00:00Z,41663.9
2026-04-08T03:00:00Z,43937.1
2026-04-08T04:00:00Z,45437.9
2026-04-08T05:00:00Z,49393.4
2026-04-08T06:00:00Z,52478.5
2026-04-08T07:00:00Z,56524.4
2026-04-08T08:00:00Z,58739.1
2026-04-08T09:00:00Z,60441.7
2026-04-08T10:00:00Z,62659.3
2026-04-08T11:00:00Z,66023.9
2026-04-08T12:00:00Z,65073.9
2026-04-08T13:00:00Z,63046.8
2026-04-08T14:00:00Z,62582.0
2026-04-08T15:00:00Z,61469.2
2026-04-08T16:00:00Z,59156.8
2026-04-08T17:00:00Z,55020.2
2026-04-08T18:00:00Z,52708.4
2026-04-08T19:00:00Z,48526.3
2026-04-08T20:00:00Z,45856.8
2026-04-08T21:00:00Z,44213.5
2026-04-08T22:00:00Z,43023.3
2026-04-08T23:00:00Z,40765.8
2026-04-09T00:00:00Z,40740.3
2026-04-09T01:00:00Z,40179.6
2026-04-09T02:00:00Z,42455.3
2026-04-09T03:00:00Z,42354.8
2026-04-09T04:00:00Z,45529.5
2026-04-09T05:00:00Z,49371.9
2026-04-09T06:00:00Z,52433.3
2026-04-09T07:00:00Z,54392.9
2026-04-09T08:00:00Z,58708.7
2026-04-09T09:00:00Z,61208.4
2026-04-09T10:00:00Z,63336.7
2026-04-09T11:00:00Z,63720.6
2026-04-09T12:00:00Z,65805.9
2026-04-09T13:00:00Z,63988.1
2026-04-09T14:00:00Z,62056.1
2026-04-09T15:00:00Z,60862.2
2026-04-09T16:00:00Z,57734.0
2026-04-09T17:00:00Z,55061.2
2026-04-09T18:00:00Z,51124.8
2026-04-09T19:00:00Z,48669.4
2026-04-09T20:00:00Z,46479.1
2026-04-09T21:00:00Z,43582.4
2026-04-09T22:00:00Z,41786.7
2026-04-09T23:00:00Z,38385.6
2026-04-10T00:00:00Z,40846.7
2026-04-10T01:00:00Z,40638.8
2026-04-10T02:00:00Z,43413.8
2026-04-10T03:00:00Z,44224.3
2026-04-10T04:00:00Z,48391.7
2026-04-10T05:00:00Z,49779.6
2026-04-10T06:00:00Z,52190.0
2026-04-10T07:00:00Z,55678.2
2026-04-10T08:00:00Z,58487.4
2026-04-10T09:00:00Z,61005.0
2026-04-10T10:00:00Z,63380.3
2026-04-10T11:00:00Z,62270.3
2026-04-10T12:00:00Z,64626.5
2026-04-10T13:00:00Z,63511.0
2026-04-10T14:00:00Z,64157.9
2026-04-10T15:00:00Z,59853.6
2026-04-10T16:00:00Z,56938.0
2026-04-10T17:00:00Z,55158.6
2026-04-10T18:00:00Z,53140.1
2026-04-10T19:00:00Z,48992.8
2026-04-10T20:00:00Z,46749.5
2026-04-10T21:00:00Z,44299.3
2026-04-10T22:00:00Z,40554.5
2026-04-10T23:00:00Z,40167.2
2026-04-11T00:00:00Z,36464.2
2026-04-11T01:00:00Z,38566.4
2026-04-11T02:00:00Z,36110.8
2026-04-11T03:00:00Z,40459.7
2026-04-11T04:00:00Z,43708.5
2026-04-11T05:00:00Z,47805.7
2026-04-11T06:00:00Z,47364.0
2026-04-11T07:00:00Z,49178.0
2026-04-11T08:00:00Z,54790.4
2026-04-11T09:00:00Z,57735.5
2026-04-11T10:00:00Z,56720.1
2026-04-11T11:00:00Z,60452.0
2026-04-11T12:00:00Z,61041.7
2026-04-11T13:00:00Z,61131.5
2026-04-11T14:00:00Z,58893.1
2026-04-11T15:00:00Z,58275.4
2026-04-11T16:00:00Z,52796.9
2026-04-11T17:00:00Z,52250.5
2026-04-11T18:00:00Z,47906.5
2026-04-11T19:00:00Z,46064.5
2026-04-11T20:00:00Z,42605.6
2026-04-11T21:00:00Z,41536.7
2026-04-11T22:00:00Z,37799.8
2026-04-11T23:00:00Z,35941.8
2026-04-12T00:00:00Z,35484.9
2026-04-12T01:00:00Z,36874.6
2026-04-12T02:00:00Z,38826.8
2026-04-12T03:00:00Z,41824.1
2026-04-12T04:00:00Z,43220.6
2026-04-12T05:00:00Z,46656.1
2026-04-12T06:00:00Z,49601.4
2026-04-12T07:00:00Z,51423.8
2026-04-12T08:00:00Z,54471.3
2026-04-12T09:00:00Z,58079.0
2026-04-12T10:00:00Z,57980.0
2026-04-12T11:00:00Z,62072.1
2026-04-12T12:00:00Z,60514.0
2026-04-12T13:00:00Z,60650.5
2026-04-12T14:00:00Z,57738.4
2026-04-12T15:00:00Z,59608.9
2026-04-12T16:00:00Z,54138.0
2026-04-12T17:00:00Z,52580.2
2026-04-12T18:00:00Z,47733.1
2026-04-12T19:00:00Z,46221.6
2026-04-12T20:00:00Z,42975.4
2026-04-12T21:00:00Z,41285.3
2026-04-12T22:00:00Z,36254.4
2026-04-12T23:00:00Z,37791.2
2026-04-13T00:00:00Z,38604.5
2026-04-13T01:00:00Z,41470.8
2026-04-13T02:00:00Z,40960.8
2026-04-13T03:00:00Z,43538.0
2026-04-13T04:00:00Z,46791.9
2026-04-13T05:00:00Z,48864.4
2026-04-13T06:00:00Z,52744.6
2026-04-13T07:00:00Z,54654.8
2026-04-13T08:00:00Z,58082.4
2026-04-13T09:00:00Z,59939.7
2026-04-13T10:00:00Z,64284.6
2026-04-13T11:00:00Z,61749.8
2026-04-13T12:00:00Z,66649.2
2026-04-13T13:00:00Z,65786.7
2026-04-13T14:00:00Z,62425.5
2026-04-13T15:00:00Z,60760.3
2026-04-13T16:00:00Z,59198.2
2026-04-13T17:00:00Z,56185.7
2026-04-13T18:00:00Z,51860.4
2026-04-13T19:00:00Z,52062.9
2026-04-13T20:00:00Z,46030.6
2026-04-13T21:00:00Z,42674.1
2026-04-13T22:00:00Z,42716.2
2026-04-13T23:00:00Z,40517.3
2026-04-14T00:00:00Z,40594.0
2026-04-14T01:00:00Z,40613.4
2026-04-14T02:00:00Z,40894.5
2026-04-14T03:00:00Z,44420.8
2026-04-14T04:00:00Z,46154.0
2026-04-14T05:00:00Z,48377.0
2026-04-14T06:00:00Z,52640.1
2026-04-14T07:00:00Z,55874.6
2026-04-14T08:00:00Z,59026.5
2026-04-14T09:00:00Z,59663.2
2026-04-14T10:00:00Z,62330.7
2026-04-14T11:00:00Z,62860.1
2026-04-14T12:00:00Z,63287.6
2026-04-14T13:00:00Z,63324.7
2026-04-14T14:00:00Z,63643.1
2026-04-14T15:00:00Z,60810.9
2026-04-14T16:00:00Z,58436.3
2026-04-14T17:00:00Z,55558.7
2026-04-14T18:00:00Z,53174.4
2026-04-14T19:00:00Z,49459.5
2026-04-14T20:00:00Z,47651.7
2026-04-14T21:00:00Z,44533.4
2026-04-14T22:00:00Z,42585.6
2026-04-14T23:00:00Z,42374.3
2026-04-15T00:00:00Z,41972.0
2026-04-15T01:00:00Z,40567.7
2026-04-15T02:00:00Z,42964.5
2026-04-15T03:00:00Z,42605.0
2026-04-15T04:00:00Z,44821.0
2026-04-15T05:00:00Z,48676.1
2026-04-15T06:00:00Z,52237.5
2026-04-15T07:00:00Z,56157.6
2026-04-15T08:00:00Z,56923.5
2026-04-15T09:00:00Z,59875.5
2026-04-15T10:00:00Z,64166.0
2026-04-15T11:00:00Z,63376.4
2026-04-15T12:00:00Z,65467.7
2026-04-15T13:00:00Z,65039.4
2026-04-15T14:00:00Z,64290.0
2026-04-15T15:00:00Z,61117.5
2026-04-15T16:00:00Z,57821.5
2026-04-15T17:00:00Z,55849.2
2026-04-15T18:00:00Z,52096.3
2026-04-15T19:00:00Z,47501.3
2026-04-15T20:00:00Z,45852.5
2026-04-15T21:00:00Z,43734.2
2026-04-15T22:00:00Z,42253.0
2026-04-15T23:00:00Z,41178.0
2026-04-16T00:00:00Z,39931.8
2026-04-16T01:00:00Z,39666.6
2026-04-16T02:00:00Z,42331.7
2026-04-16T03:00:00Z,42963.4
2026-04-16T04:00:00Z,46736.5
2026-04-16T05:00:00Z,48615.9
2026-04-16T06:00:00Z,54565.3
2026-04-16T07:00:00Z,57506.3
2026-04-16T08:00:00Z,57952.0
2026-04-16T09:00:00Z,60249.2
2026-04-16T10:00:00Z,63067.4
2026-04-16T11:00:00Z,63552.7
2026-04-16T12:00:00Z,63534.8
2026-04-16T13:00:00Z,66786.5
2026-04-16T14:00:00Z,63950.2
2026-04-16T15:00:00Z,60702.3
2026-04-16T16:00:00Z,58563.1
2026-04-16T17:00:00Z,55234.0
2026-04-16T18:00:00Z,52453.1
2026-04-16T19:00:00Z,48509.2
2026-04-16T20:00:00Z,46377.2
2026-04-16T21:00:00Z,43914.4
2026-04-16T22:00:00Z,42503.1
2026-04-16T23:00:00Z,42071.4
2026-04-17T00:00:00Z,39861.1
2026-04-17T01:00:00Z,41271.2
2026-04-17T02:00:00Z,42796.7
2026-04-17T03:00:00Z,41768.7
2026-04-17T04:00:00Z,46324.1
2026-04-17T05:00:00Z,49029.5
2026-04-17T06:00:00Z,52624.1
2026-04-17T07:00:00Z,55054.6
2026-04-17T08:00:00Z,57784.6
2026-04-17T09:00:00Z,59420.9
2026-04-17T10:00:00Z,64571.2
2026-04-17T11:00:00Z,65463.2
2026-04-17T12:00:00Z,63321.2
2026-04-17T13:00:00Z,63555.3
2026-04-17T14:00:00Z,63070.7
2026-04-17T15:00:00Z,59329.1
2026-04-17T16:00:00Z,58852.0
2026-04-17T17:00:00Z,55798.9
2026-04-17T18:00:00Z,52084.7
2026-04-17T19:00:00Z,48152.5
2026-04-17T20:00:00Z,46208.6
2026-04-17T21:00:00Z,44151.1
2026-04-17T22:00:00Z,43674.9
2026-04-17T23:00:00Z,39965.7
2026-04-18T00:00:00Z,35381.6
2026-04-18T01:00:00Z,36588.2
2026-04-18T02:00:00Z,38788.7
2026-04-18T03:00:00Z,40353.2
2026-04-18T04:00:00Z,42665.3
2026-04-18T05:00:00Z,46242.1
2026-04-18T06:00:00Z,49338.5
2026-04-18T07:00:00Z,52485.8
2026-04-18T08:00:00Z,54065.6
2026-04-18T09:00:00Z,57023.3
2026-04-18T10:00:00Z,58669.3
2026-04-18T11:00:00Z,61241.0
2026-04-18T12:00:00Z,61035.7
2026-04-18T13:00:00Z,60451.2
2026-04-18T14:00:00Z,59966.4
2026-04-18T15:00:00Z,57034.5
2026-04-18T16:00:00Z,53911.3
2026-04-18T17:00:00Z,52260.4
2026-04-18T18:00:00Z,49699.8
2026-04-18T19:00:00Z,46218.5
2026-04-18T20:00:00Z,43990.0
2026-04-18T21:00:00Z,41524.8
2026-04-18T22:00:00Z,38526.4
2026-04-18T23:00:00Z,36289.6
2026-04-19T00:00:00Z,37296.6
2026-04-19T01:00:00Z,34845.6
2026-04-19T02:00:00Z,39372.2
2026-04-19T03:00:00Z,39114.0
2026-04-19T04:00:00Z,42603.2
2026-04-19T05:00:00Z,46200.7
2026-04-19T06:00:00Z,49158.5
2026-04-19T07:00:00Z,52135.6
2026-04-19T08:00:00Z,53962.9
2026-04-19T09:00:00Z,56272.1
2026-04-19T10:00:00Z,58493.1
2026-04-19T11:00:00Z,60772.8
2026-04-19T12:00:00Z,61259.3
2026-04-19T13:00:00Z,60524.1
2026-04-19T14:00:00Z,59757.1
2026-04-19T15:00:00Z,56299.6
2026-04-19T16:00:00Z,54687.3
2026-04-19T17:00:00Z,52751.1
2026-04-19T18:00:00Z,49215.3
2026-04-19T19:00:00Z,45133.0
2026-04-19T20:00:00Z,41533.0
2026-04-19T21:00:00Z,40564.5
2026-04-19T22:00:00Z,38652.6
2026-04-19T23:00:00Z,38733.7
2026-04-20T00:00:00Z,42866.3
2026-04-20T01:00:00Z,41715.2
2026-04-20T02:00:00Z,39359.5
2026-04-20T03:00:00Z,44560.4
2026-04-20T04:00:00Z,46060.4
2026-04-20T05:00:00Z,48262.3
2026-04-20T06:00:00Z,50694.3
2026-04-20T07:00:00Z,55405.6
2026-04-20T08:00:00Z,58208.8
2026-04-20T09:00:00Z,60697.6
2026-04-20T10:00:00Z,62915.5
2026-04-20T11:00:00Z,64517.0
2026-04-20T12:00:00Z,63428.3
2026-04-20T13:00:00Z,64210.1
2026-04-20T14:00:00Z,61889.3
2026-04-20T15:00:00Z,61119.3
2026-04-20T16:00:00Z,58212.3
2026-04-20T17:00:00Z,56411.2
2026-04-20T18:00:00Z,53590.0
2026-04-20T19:00:00Z,49767.9
2026-04-20T20:00:00Z,47890.3
2026-04-20T21:00:00Z,44634.7
2026-04-20T22:00:00Z,39644.4
2026-04-20T23:00:00Z,41655.7
2026-04-21T00:00:00Z,40433.5
2026-04-21T01:00:00Z,39344.4
2026-04-21T02:00:00Z,43098.8
2026-04-21T03:00:00Z,43147.6
2026-04-21T04:00:00Z,47629.7
2026-04-21T05:00:00Z,49365.5
2026-04-21T06:00:00Z,52470.2
2026-04-21T07:00:00Z,54295.5
2026-04-21T08:00:00Z,57645.6
2026-04-21T09:00:00Z,62127.0
2026-04-21T10:00:00Z,62485.4
2026-04-21T11:00:00Z,63344.4
2026-04-21T12:00:00Z,63486.2
2026-04-21T13:00:00Z,64654.0
2026-04-21T14:00:00Z,61543.9
2026-04-21T15:00:00Z,60075.2
2026-04-21T16:00:00Z,57841.9
2026-04-21T17:00:00Z,55297.8
2026-04-21T18:00:00Z,51759.1
2026-04-21T19:00:00Z,49132.4
2026-04-21T20:00:00Z,44937.8
2026-04-21T21:00:00Z,43527.6
2026-04-21T22:00:00Z,41232.4
2026-04-21T23:00:00Z,40447.4
2026-04-22T00:00:00Z,40335.7
2026-04-22T01:00:00Z,40273.9
2026-04-22T02:00:00Z,41208.8
2026-04-22T03:00:00Z,44541.8
2026-04-22T04:00:00Z,44513.0
2026-04-22T05:00:00Z,49206.7
2026-04-22T06:00:00Z,52164.1
2026-04-22T07:00:00Z,56329.8
2026-04-22T08:00:00Z,58250.8
2026-04-22T09:00:00Z,61337.2
2026-04-22T10:00:00Z,60960.5
2026-04-22T11:00:00Z,62901.3
2026-04-22T12:00:00Z,63501.9
2026-04-22T13:00:00Z,65830.3
2026-04-22T14:00:00Z,62845.4
2026-04-22T15:00:00Z,60908.2
2026-04-22T16:00:00Z,58302.2
2026-04-22T17:00:00Z,53575.1
2026-04-22T18:00:00Z,52346.7
2026-04-22T19:00:00Z,49227.2
2026-04-22T20:00:00Z,46488.6
2026-04-22T21:00:00Z,41081.3
2026-04-22T22:00:00Z,41413.3
2026-04-22T23:00:00Z,40359.3
2026-04-23T00:00:00Z,39943.1
2026-04-23T01:00:00Z,39644.8
2026-04-23T02:00:00Z,42709.0
2026-04-23T03:00:00Z,45688.4
2026-04-23T04:00:00Z,45176.0
2026-04-23T05:00:00Z,49890.7
2026-04-23T06:00:00Z,50708.1
2026-04-23T07:00:00Z,55259.2
2026-04-23T08:00:00Z,60042.3
2026-04-23T09:00:00Z,62054.0
2026-04-23T10:00:00Z,64230.8
2026-04-23T11:00:00Z,64619.9
2026-04-23T12:00:00Z,63164.8
2026-04-23T13:00:00Z,64878.6
2026-04-23T14:00:00Z,60281.1
2026-04-23T15:00:00Z,60158.1
2026-04-23T16:00:00Z,58424.3
2026-04-23T17:00:00Z,56286.0
2026-04-23T18:00:00Z,51643.9
2026-04-23T19:00:00Z,50477.6
2026-04-23T20:00:00Z,47745.4
2026-04-23T21:00:00Z,46006.2
2026-04-23T22:00:00Z,42389.7
2026-04-23T23:00:00Z,40333.0
2026-04-24T00:00:00Z,40061.4
2026-04-24T01:00:00Z,40206.2
2026-04-24T02:00:00Z,43722.8
2026-04-24T03:00:00Z,41999.2
2026-04-24T04:00:00Z,45552.5
2026-04-24T05:00:00Z,51336.2
2026-04-24T06:00:00Z,52728.3
2026-04-24T07:00:00Z,55131.1
2026-04-24T08:00:00Z,57187.7
2026-04-24T09:00:00Z,61964.0
2026-04-24T10:00:00Z,62564.7
2026-04-24T11:00:00Z,62407.7
2026-04-24T12:00:00Z,64491.5
2026-04-24T13:00:00Z,64687.2
2026-04-24T14:00:00Z,60939.6
2026-04-24T15:00:00Z,59740.9
2026-04-24T16:00:00Z,58674.7
2026-04-24T17:00:00Z,55084.9
2026-04-24T18:00:00Z,52790.7
2026-04-24T19:00:00Z,48852.5
2026-04-24T20:00:00Z,46509.2
2026-04-24T21:00:00Z,42718.0
2026-04-24T22:00:00Z,43477.3
2026-04-24T23:00:00Z,40863.8
2026-04-25T00:00:00Z,37675.4
2026-04-25T01:00:00Z,35841.6
2026-04-25T02:00:00Z,37408.8
2026-04-25T03:00:00Z,39456.8
2026-04-25T04:00:00Z,42387.4
2026-04-25T05:00:00Z,45333.7
2026-04-25T06:00:00Z,47753.1
2026-04-25T07:00:00Z,53620.3
2026-04-25T08:00:00Z,55380.9
2026-04-25T09:00:00Z,58261.5
2026-04-25T10:00:00Z,59783.4
2026-04-25T11:00:00Z,62351.6
2026-04-25T12:00:00Z,59792.1
2026-04-25T13:00:00Z,62117.5
2026-04-25T14:00:00Z,60754.7
2026-04-25T15:00:00Z,56089.6
2026-04-25T16:00:00Z,56344.9
2026-04-25T17:00:00Z,50233.7
2026-04-25T18:00:00Z,49478.9
2026-04-25T19:00:00Z,45769.3
2026-04-25T20:00:00Z,42345.7
2026-04-25T21:00:00Z,41422.6
2026-04-25T22:00:00Z,38998.8
2026-04-25T23:00:00Z,37607.8
2026-04-26T00:00:00Z,36698.4
2026-04-26T01:00:00Z,39492.4
2026-04-26T02:00:00Z,38522.3
2026-04-26T03:00:00Z,39766.7
2026-04-26T04:00:00Z,40627.5
2026-04-26T05:00:00Z,46915.3
2026-04-26T06:00:00Z,51308.5
2026-04-26T07:00:00Z,53014.5
2026-04-26T08:00:00Z,53486.0
2026-04-26T09:00:00Z,56242.8
2026-04-26T10:00:00Z,58965.0
2026-04-26T11:00:00Z,58977.5
2026-04-26T12:00:00Z,60693.9
2026-04-26T13:00:00Z,62554.1
2026-04-26T14:00:00Z,56346.2
2026-04-26T15:00:00Z,58508.6
2026-04-26T16:00:00Z,53911.9
2026-04-26T17:00:00Z,52846.1
2026-04-26T18:00:00Z,50265.3
2026-04-26T19:00:00Z,47120.9
2026-04-26T20:00:00Z,40492.4
2026-04-26T21:00:00Z,43101.4
2026-04-26T22:00:00Z,37960.1
2026-04-26T23:00:00Z,36966.1
2026-04-27T00:00:00Z,41059.9
2026-04-27T01:00:00Z,40658.0
2026-04-27T02:00:00Z,42158.4
2026-04-27T03:00:00Z,44303.0
2026-04-27T04:00:00Z,46012.0
2026-04-27T05:00:00Z,49253.3
2026-04-27T06:00:00Z,53906.0
2026-04-27T07:00:00Z,56155.3
2026-04-27T08:00:00Z,58107.7
2026-04-27T09:00:00Z,60561.0
2026-04-27T10:00:00Z,62315.2
2026-04-27T11:00:00Z,62636.4
2026-04-27T12:00:00Z,65988.4
2026-04-27T13:00:00Z,65011.0
2026-04-27T14:00:00Z,62317.8
2026-04-27T15:00:00Z,61022.7
2026-04-27T16:00:00Z,60143.3
2026-04-27T17:00:00Z,54851.2
2026-04-27T18:00:00Z,53622.2
2026-04-27T19:00:00Z,48048.2
2026-04-27T20:00:00Z,45870.5
2026-04-27T21:00:00Z,43814.9
2026-04-27T22:00:00Z,42444.1
2026-04-27T23:00:00Z,39343.1
2026-04-28T00:00:00Z,39803.0
2026-04-28T01:00:00Z,40911.0
2026-04-28T02:00:00Z,40911.9
2026-04-28T03:00:00Z,43241.5
2026-04-28T04:00:00Z,46985.3
2026-04-28T05:00:00Z,49145.0
2026-04-28T06:00:00Z,52048.2
2026-04-28T07:00:00Z,56420.6
2026-04-28T08:00:00Z,57441.0
2026-04-28T09:00:00Z,61665.7
2026-04-28T10:00:00Z,64133.7
2026-04-28T11:00:00Z,65084.5
2026-04-28T12:00:00Z,64582.7
2026-04-28T13:00:00Z,66076.2
2026-04-28T14:00:00Z,60907.1
2026-04-28T15:00:00Z,59720.3
2026-04-28T16:00:00Z,57961.6
2026-04-28T17:00:00Z,55902.1
2026-04-28T18:00:00Z,51155.8
2026-04-28T19:00:00Z,50917.1
2026-04-28T20:00:00Z,44697.0
2026-04-28T21:00:00Z,45458.1
2026-04-28T22:00:00Z,41736.1
2026-04-28T23:00:00Z,40675.0
2026-04-29T00:00:00Z,40015.5
2026-04-29T01:00:00Z,43685.8
2026-04-29T02:00:00Z,42528.9
2026-04-29T03:00:00Z,42154.3
2026-04-29T04:00:00Z,47675.2
2026-04-29T05:00:00Z,48106.3
2026-04-29T06:00:00Z,53030.6
2026-04-29T07:00:00Z,57279.9
2026-04-29T08:00:00Z,57232.1
2026-04-29T09:00:00Z,61003.6
2026-04-29T10:00:00Z,64606.4
2026-04-29T11:00:00Z,65164.3
2026-04-29T12:00:00Z,65306.0
2026-04-29T13:00:00Z,63825.1
2026-04-29T14:00:00Z,62745.5
2026-04-29T15:00:00Z,61873.4
2026-04-29T16:00:00Z,57749.7
2026-04-29T17:00:00Z,56015.9
2026-04-29T18:00:00Z,52744.5
2026-04-29T19:00:00Z,48455.7
2026-04-29T20:00:00Z,47514.7
2026-04-29T21:00:00Z,43855.2
2026-04-29T22:00:00Z,43099.8
2026-04-29T23:00:00Z,39186.9
2026-04-30T00:00:00Z,39471.1
2026-04-30T01:00:00Z,41798.0
2026-04-30T02:00:00Z,41956.5
2026-04-30T03:00:00Z,43826.6
2026-04-30T04:00:00Z,46118.9
2026-04-30T05:00:00Z,49258.2
2026-04-30T06:00:00Z,51755.2
2026-04-30T07:00:00Z,55667.4
2026-04-30T08:00:00Z,58556.6
2026-04-30T09:00:00Z,60254.3
2026-04-30T10:00:00Z,62470.8
2026-04-30T11:00:00Z,62546.5
2026-04-30T12:00:00Z,64930.2
2026-04-30T13:00:00Z,63361.1
2026-04-30T14:00:00Z,63406.3
2026-04-30T15:00:00Z,61290.2
2026-04-30T16:00:00Z,57885.2
2026-04-30T17:00:00Z,55397.1
2026-04-30T18:00:00Z,52069.6
2026-04-30T19:00:00Z,49239.3
2026-04-30T20:00:00Z,44592.5
2026-04-30T21:00:00Z,45270.6
2026-04-30T22:00:00Z,42187.7
2026-04-30T23:00:00Z,41243.0
2026-05-01T00:00:00Z,40024.3
2026-05-01T01:00:00Z,41796.1
2026-05-01T02:00:00Z,41929.4
2026-05-01T03:00:00Z,45485.5
2026-05-01T04:00:00Z,45613.3
2026-05-01T05:00:00Z,49567.7
2026-05-01T06:00:00Z,51755.1
2026-05-01T07:00:00Z,53912.4
2026-05-01T08:00:00Z,60321.5
2026-05-01T09:00:00Z,61319.3
2026-05-01T10:00:00Z,63034.6
2026-05-01T11:00:00Z,64417.8
2026-05-01T12:00:00Z,64311.9
2026-05-01T13:00:00Z,62732.9
2026-05-01T14:00:00Z,63428.4
2026-05-01T15:00:00Z,59650.3
2026-05-01T16:00:00Z,56695.8
2026-05-01T17:00:00Z,56939.8
2026-05-01T18:00:00Z,51933.3
2026-05-01T19:00:00Z,48370.7
2026-05-01T20:00:00Z,47777.3
2026-05-01T21:00:00Z,42911.7
2026-05-01T22:00:00Z,40990.3
2026-05-01T23:00:00Z,40227.9
2026-05-02T00:00:00Z,35672.1
2026-05-02T01:00:00Z,37306.5
2026-05-02T02:00:00Z,39550.7
2026-05-02T03:00:00Z,39752.9
2026-05-02T04:00:00Z,44290.7
2026-05-02T05:00:00Z,45669.5
2026-05-02T06:00:00Z,50885.0
2026-05-02T07:00:00Z,53470.8
2026-05-02T08:00:00Z,54576.2
2026-05-02T09:00:00Z,57619.6
2026-05-02T10:00:00Z,58530.8
2026-05-02T11:00:00Z,61624.1
2026-05-02T12:00:00Z,61362.1
2026-05-02T13:00:00Z,60800.4
2026-05-02T14:00:00Z,58821.7
2026-05-02T15:00:00Z,58381.5
2026-05-02T16:00:00Z,53146.4
2026-05-02T17:00:00Z,50138.4
2026-05-02T18:00:00Z,48124.0
2026-05-02T19:00:00Z,46668.8
2026-05-02T20:00:00Z,40978.5
2026-05-02T21:00:00Z,42922.0
2026-05-02T22:00:00Z,40043.6
2026-05-02T23:00:00Z,37085.9
2026-05-03T00:00:00Z,38464.5
2026-05-03T01:00:00Z,37684.8
2026-05-03T02:00:00Z,39540.4
2026-05-03T03:00:00Z,42431.5
2026-05-03T04:00:00Z,44729.7
2026-05-03T05:00:00Z,48184.6
2026-05-03T06:00:00Z,49550.0
2026-05-03T07:00:00Z,53545.3
2026-05-03T08:00:00Z,55071.2
2026-05-03T09:00:00Z,57576.9
2026-05-03T10:00:00Z,60599.3
2026-05-03T11:00:00Z,60002.2
2026-05-03T12:00:00Z,60362.1
2026-05-03T13:00:00Z,61119.4
2026-05-03T14:00:00Z,59623.1
2026-05-03T15:00:00Z,57868.3
2026-05-03T16:00:00Z,54845.7
2026-05-03T17:00:00Z,53598.9
2026-05-03T18:00:00Z,51712.7
2026-05-03T19:00:00Z,47737.4
2026-05-03T20:00:00Z,43879.5
2026-05-03T21:00:00Z,41652.3
2026-05-03T22:00:00Z,37715.6
2026-05-03T23:00:00Z,38389.1
2026-05-04T00:00:00Z,41472.4
2026-05-04T01:00:00Z,41436.8
2026-05-04T02:00:00Z,41058.4
2026-05-04T03:00:00Z,42705.5
2026-05-04T04:00:00Z,46405.4
2026-05-04T05:00:00Z,49257.4
2026-05-04T06:00:00Z,52995.7
2026-05-04T07:00:00Z,55180.2
2026-05-04T08:00:00Z,60205.2
2026-05-04T09:00:00Z,60856.0
2026-05-04T10:00:00Z,63838.8
2026-05-04T11:00:00Z,64966.2
2026-05-04T12:00:00Z,66461.0
2026-05-04T13:00:00Z,63616.6
2026-05-04T14:00:00Z,64401.3
2026-05-04T15:00:00Z,62476.2
2026-05-04T16:00:00Z,60010.5
2026-05-04T17:00:00Z,57566.5
2026-05-04T18:00:00Z,51720.3
2026-05-04T19:00:00Z,49648.4
2026-05-04T20:00:00Z,46251.5
2026-05-04T21:00:00Z,44307.9
2026-05-04T22:00:00Z,40231.6
2026-05-04T23:00:00Z,40015.0
2026-05-05T00:00:00Z,42156.6
2026-05-05T01:00:00Z,41629.0
2026-05-05T02:00:00Z,42839.5
2026-05-05T03:00:00Z,44030.4
2026-05-05T04:00:00Z,47549.5
2026-05-05T05:00:00Z,51323.0
2026-05-05T06:00:00Z,52280.0
2026-05-05T07:00:00Z,54572.6
2026-05-05T08:00:00Z,59361.1
2026-05-05T09:00:00Z,59700.0
2026-05-05T10:00:00Z,62526.2
2026-05-05T11:00:00Z,66105.3
2026-05-05T12:00:00Z,64571.2
2026-05-05T13:00:00Z,64645.3
2026-05-05T14:00:00Z,63960.9
2026-05-05T15:00:00Z,60913.4
2026-05-05T16:00:00Z,57788.3
2026-05-05T17:00:00Z,54279.8
2026-05-05T18:00:00Z,52881.1
2026-05-05T19:00:00Z,48072.0
2026-05-05T20:00:00Z,47026.6
2026-05-05T21:00:00Z,46663.9
2026-05-05T22:00:00Z,44113.4
2026-05-05T23:00:00Z,42160.1
2026-05-06T00:00:00Z,40204.6
2026-05-06T01:00:00Z,40352.5
2026-05-06T02:00:00Z,41991.8
2026-05-06T03:00:00Z,45809.3
2026-05-06T04:00:00Z,44723.9
2026-05-06T05:00:00Z,48978.1
2026-05-06T06:00:00Z,52814.5
2026-05-06T07:00:00Z,56439.1
2026-05-06T08:00:00Z,58549.2
2026-05-06T09:00:00Z,61631.5
2026-05-06T10:00:00Z,64087.2
2026-05-06T11:00:00Z,64239.8
2026-05-06T12:00:00Z,66420.1
2026-05-06T13:00:00Z,63832.1
2026-05-06T14:00:00Z,64548.0
2026-05-06T15:00:00Z,61952.2
2026-05-06T16:00:00Z,60681.0
2026-05-06T17:00:00Z,55586.9
2026-05-06T18:00:00Z,53660.1
2026-05-06T19:00:00Z,51553.9
2026-05-06T20:00:00Z,47320.4
2026-05-06T21:00:00Z,45077.4
2026-05-06T22:00:00Z,41589.6
2026-05-06T23:00:00Z,39920.7
2026-05-07T00:00:00Z,39838.8
2026-05-07T01:00:00Z,41017.6
2026-05-07T02:00:00Z,42169.2
2026-05-07T03:00:00Z,43911.4
2026-05-07T04:00:00Z,46454.4
2026-05-07T05:00:00Z,49465.2
2026-05-07T06:00:00Z,53878.5
2026-05-07T07:00:00Z,55336.3
2026-05-07T08:00:00Z,59146.3
2026-05-07T09:00:00Z,62771.0
2026-05-07T10:00:00Z,63608.2
2026-05-07T11:00:00Z,64279.6
2026-05-07T12:00:00Z,63813.3
2026-05-07T13:00:00Z,65713.7
2026-05-07T14:00:00Z,65324.5
2026-05-07T15:00:00Z,62369.0
2026-05-07T16:00:00Z,60022.0
2026-05-07T17:00:00Z,55422.5
2026-05-07T18:00:00Z,51044.5
2026-05-07T19:00:00Z,48612.5
2026-05-07T20:00:00Z,45921.6
2026-05-07T21:00:00Z,43928.8
2026-05-07T22:00:00Z,42232.2
2026-05-07T23:00:00Z,39717.5
2026-05-08T00:00:00Z,40445.6
2026-05-08T01:00:00Z,40593.8
2026-05-08T02:00:00Z,43778.9
2026-05-08T03:00:00Z,44167.7
2026-05-08T04:00:00Z,49104.3
2026-05-08T05:00:00Z,49840.8
2026-05-08T06:00:00Z,53526.7
2026-05-08T07:00:00Z,53547.9
2026-05-08T08:00:00Z,58834.8
2026-05-08T09:00:00Z,62637.5
2026-05-08T10:00:00Z,63740.2
2026-05-08T11:00:00Z,63993.8
2026-05-08T12:00:00Z,66008.5
2026-05-08T13:00:00Z,65949.8
2026-05-08T14:00:00Z,63075.9
2026-05-08T15:00:00Z,60507.6
2026-05-08T16:00:00Z,59632.9
2026-05-08T17:00:00Z,56907.9
2026-05-08T18:00:00Z,53018.0
2026-05-08T19:00:00Z,49969.1
2026-05-08T20:00:00Z,46813.3
2026-05-08T21:00:00Z,44071.1
2026-05-08T22:00:00Z,42280.2
2026-05-08T23:00:00Z,39486.9
2026-05-09T00:00:00Z,37045.3
2026-05-09T01:00:00Z,37386.8
2026-05-09T02:00:00Z,40006.0
2026-05-09T03:00:00Z,41069.2
2026-05-09T04:00:00Z,44236.2
2026-05-09T05:00:00Z,46644.0
2026-05-09T06:00:00Z,50047.3
2026-05-09T07:00:00Z,53867.4
2026-05-09T08:00:00Z,56866.9
2026-05-09T09:00:00Z,56996.9
2026-05-09T10:00:00Z,59976.4
2026-05-09T11:00:00Z,61590.5
2026-05-09T12:00:00Z,63260.6
2026-05-09T13:00:00Z,62511.8
2026-05-09T14:00:00Z,59711.1
2026-05-09T15:00:00Z,59645.8
2026-05-09T16:00:00Z,55942.3
2026-05-09T17:00:00Z,51325.9
2026-05-09T18:00:00Z,49484.0
2026-05-09T19:00:00Z,45149.5
2026-05-09T20:00:00Z,44838.5
2026-05-09T21:00:00Z,41218.1
2026-05-09T22:00:00Z,37537.9
2026-05-09T23:00:00Z,37804.0
2026-05-10T00:00:00Z,37926.6
2026-05-10T01:00:00Z,38676.8
2026-05-10T02:00:00Z,39856.7
2026-05-10T03:00:00Z,41512.7
2026-05-10T04:00:00Z,44781.0
2026-05-10T05:00:00Z,46252.7
2026-05-10T06:00:00Z,49921.2
2026-05-10T07:00:00Z,51346.4
2026-05-10T08:00:00Z,56252.9
2026-05-10T09:00:00Z,58045.2
2026-05-10T10:00:00Z,61242.2
2026-05-10T11:00:00Z,62605.1
2026-05-10T12:00:00Z,61335.0
2026-05-10T13:00:00Z,63870.3
2026-05-10T14:00:00Z,61510.3
2026-05-10T15:00:00Z,57641.0
2026-05-10T16:00:00Z,55685.5
2026-05-10T17:00:00Z,52749.2
2026-05-10T18:00:00Z,49199.2
2026-05-10T19:00:00Z,47195.3
2026-05-10T20:00:00Z,43867.2
2026-05-10T21:00:00Z,40000.7
2026-05-10T22:00:00Z,37745.4
2026-05-10T23:00:00Z,37559.5
2026-05-11T00:00:00Z,40081.8
2026-05-11T01:00:00Z,42443.1
2026-05-11T02:00:00Z,44181.2
2026-05-11T03:00:00Z,43611.6
2026-05-11T04:00:00Z,46856.6
2026-05-11T05:00:00Z,51905.9
2026-05-11T06:00:00Z,54791.4
2026-05-11T07:00:00Z,57433.7
2026-05-11T08:00:00Z,57103.7
2026-05-11T09:00:00Z,61187.5
2026-05-11T10:00:00Z,64226.6
2026-05-11T11:00:00Z,66433.1
2026-05-11T12:00:00Z,63694.9
2026-05-11T13:00:00Z,63671.3
2026-05-11T14:00:00Z,62483.3
2026-05-11T15:00:00Z,60116.7
2026-05-11T16:00:00Z,57723.1
2026-05-11T17:00:00Z,57745.3
2026-05-11T18:00:00Z,52586.9
2026-05-11T19:00:00Z,49109.2
2026-05-11T20:00:00Z,46975.6
2026-05-11T21:00:00Z,44255.8
2026-05-11T22:00:00Z,46020.9
2026-05-11T23:00:00Z,42109.0
2026-05-12T00:00:00Z,40873.4
2026-05-12T01:00:00Z,41917.4
2026-05-12T02:00:00Z,43805.5
2026-05-12T03:00:00Z,45564.7
2026-05-12T04:00:00Z,45976.8
2026-05-12T05:00:00Z,49874.8
2026-05-12T06:00:00Z,53795.5
2026-05-12T07:00:00Z,55001.8
2026-05-12T08:00:00Z,59717.5
2026-05-12T09:00:00Z,59742.6
2026-05-12T10:00:00Z,64105.9
2026-05-12T11:00:00Z,64377.7
2026-05-12T12:00:00Z,65487.6
2026-05-12T13:00:00Z,63231.4
2026-05-12T14:00:00Z,64065.8
2026-05-12T15:00:00Z,63436.4
2026-05-12T16:00:00Z,60225.4
2026-05-12T17:00:00Z,56873.4
2026-05-12T18:00:00Z,54311.5
2026-05-12T19:00:00Z,50982.3
2026-05-12T20:00:00Z,47421.6
2026-05-12T21:00:00Z,45362.7
2026-05-12T22:00:00Z,42355.7
2026-05-12T23:00:00Z,42212.6
2026-05-13T00:00:00Z,41713.7
2026-05-13T01:00:00Z,42339.3
2026-05-13T02:00:00Z,42810.7
2026-05-13T03:00:00Z,45462.3
2026-05-13T04:00:00Z,47237.7
2026-05-13T05:00:00Z,50412.3
2026-05-13T06:00:00Z,52198.4
2026-05-13T07:00:00Z,54887.5
2026-05-13T08:00:00Z,60888.6
2026-05-13T09:00:00Z,62189.5
2026-05-13T10:00:00Z,63967.4
2026-05-13T11:00:00Z,64351.7
2026-05-13T12:00:00Z,66114.6
2026-05-13T13:00:00Z,64673.5
2026-05-13T14:00:00Z,65094.8
2026-05-13T15:00:00Z,61433.4
2026-05-13T16:00:00Z,60032.6
2026-05-13T17:00:00Z,59279.4
2026-05-13T18:00:00Z,55019.9
2026-05-13T19:00:00Z,48344.6
2026-05-13T20:00:00Z,46316.1
2026-05-13T21:00:00Z,43113.6
2026-05-13T22:00:00Z,44438.2
2026-05-13T23:00:00Z,41538.1
2026-05-14T00:00:00Z,40768.9
2026-05-14T01:00:00Z,43185.9
2026-05-14T02:00:00Z,43395.7
2026-05-14T03:00:00Z,45299.8
2026-05-14T04:00:00Z,47845.5
2026-05-14T05:00:00Z,49463.0
2026-05-14T06:00:00Z,54134.3
2026-05-14T07:00:00Z,57257.0
2026-05-14T08:00:00Z,58516.4
2026-05-14T09:00:00Z,62286.8
2026-05-14T10:00:00Z,63508.8
2026-05-14T11:00:00Z,65024.3
2026-05-14T12:00:00Z,63577.5
2026-05-14T13:00:00Z,66156.8
2026-05-14T14:00:00Z,63855.6
2026-05-14T15:00:00Z,61410.3
2026-05-14T16:00:00Z,60391.1
2026-05-14T17:00:00Z,57101.6
2026-05-14T18:00:00Z,55733.3
2026-05-14T19:00:00Z,52637.9
2026-05-14T20:00:00Z,47872.1
2026-05-14T21:00:00Z,45492.0
2026-05-14T22:00:00Z,44216.6
2026-05-14T23:00:00Z,41784.8
2026-05-15T00:00:00Z,41637.4
2026-05-15T01:00:00Z,42305.5
2026-05-15T02:00:00Z,42613.3
2026-05-15T03:00:00Z,44297.7
2026-05-15T04:00:00Z,49481.2
2026-05-15T05:00:00Z,48307.9
2026-05-15T06:00:00Z,53520.7
2026-05-15T07:00:00Z,57008.9
2026-05-15T08:00:00Z,60913.0
2026-05-15T09:00:00Z,61842.5
2026-05-15T10:00:00Z,63051.0
2026-05-15T11:00:00Z,64325.0
2026-05-15T12:00:00Z,66474.4
2026-05-15T13:00:00Z,65960.1
2026-05-15T14:00:00Z,63849.2
2026-05-15T15:00:00Z,61955.2
2026-05-15T16:00:00Z,62269.1
2026-05-15T17:00:00Z,57464.9
2026-05-15T18:00:00Z,54169.1
2026-05-15T19:00:00Z,51094.6
2026-05-15T20:00:00Z,49671.2
2026-05-15T21:00:00Z,46352.9
2026-05-15T22:00:00Z,43123.6
2026-05-15T23:00:00Z,41686.8
2026-05-16T00:00:00Z,38473.4
2026-05-16T01:00:00Z,38690.6
2026-05-16T02:00:00Z,40363.7
2026-05-16T03:00:00Z,40584.0
2026-05-16T04:00:00Z,44540.6
2026-05-16T05:00:00Z,47275.9
2026-05-16T06:00:00Z,49692.5
2026-05-16T07:00:00Z,53014.1
2026-05-16T08:00:00Z,56886.9
2026-05-16T09:00:00Z,57894.3
2026-05-16T10:00:00Z,60623.6
2026-05-16T11:00:00Z,63252.3
2026-05-16T12:00:00Z,62656.2
2026-05-16T13:00:00Z,62053.7
2026-05-16T14:00:00Z,62933.9
2026-05-16T15:00:00Z,57947.9
2026-05-16T16:00:00Z,55046.8
2026-05-16T17:00:00Z,54340.9
2026-05-16T18:00:00Z,51718.4
2026-05-16T19:00:00Z,48492.1
2026-05-16T20:00:00Z,44988.7
2026-05-16T21:00:00Z,42774.3
2026-05-16T22:00:00Z,41627.9
2026-05-16T23:00:00Z,38659.1
2026-05-17T00:00:00Z,36880.0
2026-05-17T01:00:00Z,39262.1
2026-05-17T02:00:00Z,40447.7
2026-05-17T03:00:00Z,43263.6
2026-05-17T04:00:00Z,45035.3
2026-05-17T05:00:00Z,47487.7
2026-05-17T06:00:00Z,51115.3
2026-05-17T07:00:00Z,53521.2
2026-05-17T08:00:00Z,56429.6
2026-05-17T09:00:00Z,59054.5
2026-05-17T10:00:00Z,61429.1
2026-05-17T11:00:00Z,63015.2
2026-05-17T12:00:00Z,62293.1
2026-05-17T13:00:00Z,62680.1
2026-05-17T14:00:00Z,60680.8
2026-05-17T15:00:00Z,58641.1
2026-05-17T16:00:00Z,55326.9
2026-05-17T17:00:00Z,54731.1
2026-05-17T18:00:00Z,48466.1
2026-05-17T19:00:00Z,48111.2
2026-05-17T20:00:00Z,43988.9
2026-05-17T21:00:00Z,43193.8
2026-05-17T22:00:00Z,39985.5
2026-05-17T23:00:00Z,39199.3
2026-05-18T00:00:00Z,41671.8
2026-05-18T01:00:00Z,41767.8
2026-05-18T02:00:00Z,45622.6
2026-05-18T03:00:00Z,46438.1
2026-05-18T04:00:00Z,48784.5
2026-05-18T05:00:00Z,49712.0
2026-05-18T06:00:00Z,54270.1
2026-05-18T07:00:00Z,55834.3
2026-05-18T08:00:00Z,58914.6
2026-05-18T09:00:00Z,63561.5
2026-05-18T10:00:00Z,64749.7
2026-05-18T11:00:00Z,65270.4
2026-05-18T12:00:00Z,66682.6
2026-05-18T13:00:00Z,66595.2
2026-05-18T14:00:00Z,64415.4
2026-05-18T15:00:00Z,63417.8
2026-05-18T16:00:00Z,59529.1
2026-05-18T17:00:00Z,59698.7
2026-05-18T18:00:00Z,54912.3
2026-05-18T19:00:00Z,52144.2
2026-05-18T20:00:00Z,47022.4
2026-05-18T21:00:00Z,45112.7
2026-05-18T22:00:00Z,42945.0
2026-05-18T23:00:00Z,41249.1
2026-05-19T00:00:00Z,41724.9
2026-05-19T01:00:00Z,41212.2
2026-05-19T02:00:00Z,42976.8
2026-05-19T03:00:00Z,45843.4
2026-05-19T04:00:00Z,48593.8
2026-05-19T05:00:00Z,49783.6
2026-05-19T06:00:00Z,55344.7
2026-05-19T07:00:00Z,57469.3
2026-05-19T08:00:00Z,59250.0
2026-05-19T09:00:00Z,62922.7
2026-05-19T10:00:00Z,62443.5
2026-05-19T11:00:00Z,64692.0
2026-05-19T12:00:00Z,67038.3
2026-05-19T13:00:00Z,66867.0
2026-05-19T14:00:00Z,64379.1
2026-05-19T15:00:00Z,62215.8
2026-05-19T16:00:00Z,58097.3
2026-05-19T17:00:00Z,57456.9
2026-05-19T18:00:00Z,52323.9
2026-05-19T19:00:00Z,51821.9
2026-05-19T20:00:00Z,48360.1
2026-05-19T21:00:00Z,44805.7
2026-05-19T22:00:00Z,42800.0
2026-05-19T23:00:00Z,43069.9
2026-05-20T00:00:00Z,42277.1
2026-05-20T01:00:00Z,42178.6
2026-05-20T02:00:00Z,45238.6
2026-05-20T03:00:00Z,46190.8
2026-05-20T04:00:00Z,47405.0
2026-05-20T05:00:00Z,51395.3
2026-05-20T06:00:00Z,54352.3
2026-05-20T07:00:00Z,57040.7
2026-05-20T08:00:00Z,60418.9
2026-05-20T09:00:00Z,62262.8
2026-05-20T10:00:00Z,62338.9
2026-05-20T11:00:00Z,66399.3
2026-05-20T12:00:00Z,68211.2
2026-05-20T13:00:00Z,66026.7
2026-05-20T14:00:00Z,64452.5
2026-05-20T15:00:00Z,63844.4
2026-05-20T16:00:00Z,60796.2
2026-05-20T17:00:00Z,57362.0
2026-05-20T18:00:00Z,54204.5
2026-05-20T19:00:00Z,51776.3
2026-05-20T20:00:00Z,48140.6
2026-05-20T21:00:00Z,44370.1
2026-05-20T22:00:00Z,43637.2
2026-05-20T23:00:00Z,41043.7
2026-05-21T00:00:00Z,42711.5
2026-05-21T01:00:00Z,42041.7
2026-05-21T02:00:00Z,44154.4
2026-05-21T03:00:00Z,45877.4
2026-05-21T04:00:00Z,47807.2
2026-05-21T05:00:00Z,50760.1
2026-05-21T06:00:00Z,55410.4
2026-05-21T07:00:00Z,56593.8
2026-05-21T08:00:00Z,59825.7
2026-05-21T09:00:00Z,62986.3
2026-05-21T10:00:00Z,64795.1
2026-05-21T11:00:00Z,66569.6
2026-05-21T12:00:00Z,65564.6
2026-05-21T13:00:00Z,66581.3
2026-05-21T14:00:00Z,64594.6
2026-05-21T15:00:00Z,64059.0
2026-05-21T16:00:00Z,61832.3
2026-05-21T17:00:00Z,57292.8
2026-05-21T18:00:00Z,54561.5
2026-05-21T19:00:00Z,49574.8
2026-05-21T20:00:00Z,46600.3
2026-05-21T21:00:00Z,46378.6
2026-05-21T22:00:00Z,42531.3
2026-05-21T23:00:00Z,42537.6
2026-05-22T00:00:00Z,41854.8
2026-05-22T01:00:00Z,45501.1
2026-05-22T02:00:00Z,43700.5
2026-05-22T03:00:00Z,46104.2
2026-05-22T04:00:00Z,49185.1
2026-05-22T05:00:00Z,51358.7
2026-05-22T06:00:00Z,54627.6
2026-05-22T07:00:00Z,58135.7
2026-05-22T08:00:00Z,59609.0
2026-05-22T09:00:00Z,63376.5
2026-05-22T10:00:00Z,64473.8
2026-05-22T11:00:00Z,67813.8
2026-05-22T12:00:00Z,66213.7
2026-05-22T13:00:00Z,65889.7
2026-05-22T14:00:00Z,63727.1
2026-05-22T15:00:00Z,61743.4
2026-05-22T16:00:00Z,60802.3
2026-05-22T17:00:00Z,57744.2
2026-05-22T18:00:00Z,55073.9
2026-05-22T19:00:00Z,50493.1
2026-05-22T20:00:00Z,48502.4
2026-05-22T21:00:00Z,45089.9
2026-05-22T22:00:00Z,43299.3
2026-05-22T23:00:00Z,43523.9
2026-05-23T00:00:00Z,40058.0
2026-05-23T01:00:00Z,41038.1
2026-05-23T02:00:00Z,41127.3
2026-05-23T03:00:00Z,43110.2
2026-05-23T04:00:00Z,42831.2
2026-05-23T05:00:00Z,48415.1
2026-05-23T06:00:00Z,49462.3
2026-05-23T07:00:00Z,54467.7
2026-05-23T08:00:00Z,55625.6
2026-05-23T09:00:00Z,60912.0
2026-05-23T10:00:00Z,61867.8
2026-05-23T11:00:00Z,63373.6
2026-05-23T12:00:00Z,62549.1
2026-05-23T13:00:00Z,63021.9
2026-05-23T14:00:00Z,59467.0
2026-05-23T15:00:00Z,59855.6
2026-05-23T16:00:00Z,57903.6
2026-05-23T17:00:00Z,54715.9
2026-05-23T18:00:00Z,52720.5
2026-05-23T19:00:00Z,47784.2
2026-05-23T20:00:00Z,43670.6
2026-05-23T21:00:00Z,44161.5
2026-05-23T22:00:00Z,39805.1
2026-05-23T23:00:00Z,39619.2
2026-05-24T00:00:00Z,39429.8
2026-05-24T01:00:00Z,37489.7
2026-05-24T02:00:00Z,41242.5
2026-05-24T03:00:00Z,42844.4
2026-05-24T04:00:00Z,44912.6
2026-05-24T05:00:00Z,49260.6
2026-05-24T06:00:00Z,51252.3
2026-05-24T07:00:00Z,52856.4
2026-05-24T08:00:00Z,59244.6
2026-05-24T09:00:00Z,58789.3
2026-05-24T10:00:00Z,62863.0
2026-05-24T11:00:00Z,61320.9
2026-05-24T12:00:00Z,64380.6
2026-05-24T13:00:00Z,64578.2
2026-05-24T14:00:00Z,62720.8
2026-05-24T15:00:00Z,58029.4
2026-05-24T16:00:00Z,57744.9
2026-05-24T17:00:00Z,53962.0
2026-05-24T18:00:00Z,51987.8
2026-05-24T19:00:00Z,49932.7
2026-05-24T20:00:00Z,45699.4
2026-05-24T21:00:00Z,42563.9
2026-05-24T22:00:00Z,41123.6
2026-05-24T23:00:00Z,40294.9
2026-05-25T00:00:00Z,44139.6
2026-05-25T01:00:00Z,42667.6
2026-05-25T02:00:00Z,43646.3
2026-05-25T03:00:00Z,46343.3
2026-05-25T04:00:00Z,48266.4
2026-05-25T05:00:00Z,50204.4
2026-05-25T06:00:00Z,56766.1
2026-05-25T07:00:00Z,57290.7
2026-05-25T08:00:00Z,60609.8
2026-05-25T09:00:00Z,61692.2
2026-05-25T10:00:00Z,65833.4
2026-05-25T11:00:00Z,65866.0
2026-05-25T12:00:00Z,68981.6
2026-05-25T13:00:00Z,66955.6
2026-05-25T14:00:00Z,64202.4
2026-05-25T15:00:00Z,62499.6
2026-05-25T16:00:00Z,60999.9
2026-05-25T17:00:00Z,58151.3
2026-05-25T18:00:00Z,56045.1
2026-05-25T19:00:00Z,52651.2
2026-05-25T20:00:00Z,48836.0
2026-05-25T21:00:00Z,46245.3
2026-05-25T22:00:00Z,45859.8
2026-05-25T23:00:00Z,42248.3
2026-05-26T00:00:00Z,43154.2
2026-05-26T01:00:00Z,41901.4
2026-05-26T02:00:00Z,46600.1
2026-05-26T03:00:00Z,47573.5
2026-05-26T04:00:00Z,47561.9
2026-05-26T05:00:00Z,51795.3
2026-05-26T06:00:00Z,55941.1
2026-05-26T07:00:00Z,58362.6
2026-05-26T08:00:00Z,62224.9
2026-05-26T09:00:00Z,63901.5
2026-05-26T10:00:00Z,67108.3
2026-05-26T11:00:00Z,67958.7
2026-05-26T12:00:00Z,66559.4
2026-05-26T13:00:00Z,66725.4
2026-05-26T14:00:00Z,66160.0
2026-05-26T15:00:00Z,61959.1
2026-05-26T16:00:00Z,61212.9
2026-05-26T17:00:00Z,57196.9
2026-05-26T18:00:00Z,54618.3
2026-05-26T19:00:00Z,52101.4
2026-05-26T20:00:00Z,51073.1
2026-05-26T21:00:00Z,46862.5
2026-05-26T22:00:00Z,45428.3
2026-05-26T23:00:00Z,44165.6
2026-05-27T00:00:00Z,42055.4
2026-05-27T01:00:00Z,44306.8
2026-05-27T02:00:00Z,44280.7
2026-05-27T03:00:00Z,46312.2
2026-05-27T04:00:00Z,48552.3
2026-05-27T05:00:00Z,50465.0
2026-05-27T06:00:00Z,54518.0
2026-05-27T07:00:00Z,60002.8
2026-05-27T08:00:00Z,61543.7
2026-05-27T09:00:00Z,62567.1
2026-05-27T10:00:00Z,65824.9
2026-05-27T11:00:00Z,66384.5
2026-05-27T12:00:00Z,66508.2
2026-05-27T13:00:00Z,68244.7
2026-05-27T14:00:00Z,65118.6
2026-05-27T15:00:00Z,62013.6
2026-05-27T16:00:00Z,59359.7
2026-05-27T17:00:00Z,57291.9
2026-05-27T18:00:00Z,54406.4
2026-05-27T19:00:00Z,50296.8
2026-05-27T20:00:00Z,48519.4
2026-05-27T21:00:00Z,46634.3
2026-05-27T22:00:00Z,44683.7
2026-05-27T23:00:00Z,44028.5
2026-05-28T00:00:00Z,43666.3
2026-05-28T01:00:00Z,43091.6
2026-05-28T02:00:00Z,46259.5
2026-05-28T03:00:00Z,48315.3
2026-05-28T04:00:00Z,49298.4
2026-05-28T05:00:00Z,51726.9
2026-05-28T06:00:00Z,56293.6
2026-05-28T07:00:00Z,57775.0
2026-05-28T08:00:00Z,61252.5
2026-05-28T09:00:00Z,63590.8
2026-05-28T10:00:00Z,65130.1
2026-05-28T11:00:00Z,66201.8
2026-05-28T12:00:00Z,67369.6
2026-05-28T13:00:00Z,66996.7
2026-05-28T14:00:00Z,65905.1
2026-05-28T15:00:00Z,63772.9
2026-05-28T16:00:00Z,61571.6
2026-05-28T17:00:00Z,59621.1
2026-05-28T18:00:00Z,56181.0
2026-05-28T19:00:00Z,52570.6
2026-05-28T20:00:00Z,50474.5
2026-05-28T21:00:00Z,47181.4
2026-05-28T22:00:00Z,43841.9
2026-05-28T23:00:00Z,44048.7
2026-05-29T00:00:00Z,44012.4
2026-05-29T01:00:00Z,45562.5
2026-05-29T02:00:00Z,45367.2
2026-05-29T03:00:00Z,47323.0
2026-05-29T04:00:00Z,50111.1
2026-05-29T05:00:00Z,51934.4
2026-05-29T06:00:00Z,55586.2
2026-05-29T07:00:00Z,58959.2
2026-05-29T08:00:00Z,63569.1
2026-05-29T09:00:00Z,63865.1
2026-05-29T10:00:00Z,67883.1
2026-05-29T11:00:00Z,66681.1
2026-05-29T12:00:00Z,66483.4
2026-05-29T13:00:00Z,66936.8
2026-05-29T14:00:00Z,65410.1
2026-05-29T15:00:00Z,64308.8
2026-05-29T16:00:00Z,61483.0
2026-05-29T17:00:00Z,58678.3
2026-05-29T18:00:00Z,54693.3
2026-05-29T19:00:00Z,53398.2
2026-05-29T20:00:00Z,49015.1
2026-05-29T21:00:00Z,45681.7
2026-05-29T22:00:00Z,45055.0
2026-05-29T23:00:00Z,44340.9
2026-05-30T00:00:00Z,41813.2
2026-05-30T01:00:00Z,40183.1
2026-05-30T02:00:00Z,42472.9
2026-05-30T03:00:00Z,45028.8
2026-05-30T04:00:00Z,44157.6
2026-05-30T05:00:00Z,49656.9
2026-05-30T06:00:00Z,52115.8
2026-05-30T07:00:00Z,56130.9
2026-05-30T08:00:00Z,56470.4
2026-05-30T09:00:00Z,59707.7
2026-05-30T10:00:00Z,61261.0
2026-05-30T11:00:00Z,64476.3
2026-05-30T12:00:00Z,64810.3
2026-05-30T13:00:00Z,62474.6
2026-05-30T14:00:00Z,63303.0
2026-05-30T15:00:00Z,61450.7
2026-05-30T16:00:00Z,59023.1
2026-05-30T17:00:00Z,53774.6
2026-05-30T18:00:00Z,52624.0
2026-05-30T19:00:00Z,50338.1
2026-05-30T20:00:00Z,47815.2
2026-05-30T21:00:00Z,45011.4
2026-05-30T22:00:00Z,41460.8
2026-05-30T23:00:00Z,40367.1
2026-05-31T00:00:00Z,42187.7
2026-05-31T01:00:00Z,41712.8
2026-05-31T02:00:00Z,42071.6
2026-05-31T03:00:00Z,42892.9
2026-05-31T04:00:00Z,46886.5
2026-05-31T05:00:00Z,49929.7
2026-05-31T06:00:00Z,52022.5
2026-05-31T07:00:00Z,56322.9
2026-05-31T08:00:00Z,58392.3
2026-05-31T09:00:00Z,61441.8
2026-05-31T10:00:00Z,64558.9
2026-05-31T11:00:00Z,65153.2
2026-05-31T12:00:00Z,64211.9
2026-05-31T13:00:00Z,62888.6
2026-05-31T14:00:00Z,64159.2
2026-05-31T15:00:00Z,60225.5
2026-05-31T16:00:00Z,59401.0
2026-05-31T17:00:00Z,55100.6
2026-05-31T18:00:00Z,53200.1
2026-05-31T19:00:00Z,48917.4
2026-05-31T20:00:00Z,46109.5
2026-05-31T21:00:00Z,42331.8
2026-05-31T22:00:00Z,43927.9
2026-05-31T23:00:00Z,41613.0
2026-06-01T00:00:00Z,44881.6
2026-06-01T01:00:00Z,44724.8
2026-06-01T02:00:00Z,45973.3
2026-06-01T03:00:00Z,48218.2
2026-06-01T04:00:00Z,49427.5
2026-06-01T05:00:00Z,52667.0
2026-06-01T06:00:00Z,56400.0
2026-06-01T07:00:00Z,57682.6
2026-06-01T08:00:00Z,61531.8
2026-06-01T09:00:00Z,64472.0
2026-06-01T10:00:00Z,66063.1
2026-06-01T11:00:00Z,67847.4
2026-06-01T12:00:00Z,69062.9
2026-06-01T13:00:00Z,67212.0
2026-06-01T14:00:00Z,65562.6
2026-06-01T15:00:00Z,65063.1
2026-06-01T16:00:00Z,62938.7
2026-06-01T17:00:00Z,60892.1
2026-06-01T18:00:00Z,56418.8
2026-06-01T19:00:00Z,52122.9
2026-06-01T20:00:00Z,50197.7
2026-06-01T21:00:00Z,48545.8
2026-06-01T22:00:00Z,45693.6
2026-06-01T23:00:00Z,44863.7
2026-06-02T00:00:00Z,46267.6
2026-06-02T01:00:00Z,43595.4
2026-06-02T02:00:00Z,45765.2
2026-06-02T03:00:00Z,47436.0
2026-06-02T04:00:00Z,48242.0
2026-06-02T05:00:00Z,49997.4
2026-06-02T06:00:00Z,55473.5
2026-06-02T07:00:00Z,60876.7
2026-06-02T08:00:00Z,61949.0
2026-06-02T09:00:00Z,63745.6
2026-06-02T10:00:00Z,67669.8
2026-06-02T11:00:00Z,69255.1
2026-06-02T12:00:00Z,69229.2
2026-06-02T13:00:00Z,70508.7
2026-06-02T14:00:00Z,66985.5
2026-06-02T15:00:00Z,64008.8
2026-06-02T16:00:00Z,61737.1
2026-06-02T17:00:00Z,57858.4
2026-06-02T18:00:00Z,57256.9
2026-06-02T19:00:00Z,52943.1
2026-06-02T20:00:00Z,52715.4
2026-06-02T21:00:00Z,49443.0
2026-06-02T22:00:00Z,44810.2
2026-06-02T23:00:00Z,45109.6
2026-06-03T00:00:00Z,45100.3
2026-06-03T01:00:00Z,45158.7
2026-06-03T02:00:00Z,45296.1
2026-06-03T03:00:00Z,48303.7
2026-06-03T04:00:00Z,50393.5
2026-06-03T05:00:00Z,53395.3
2026-06-03T06:00:00Z,55154.6
2026-06-03T07:00:00Z,60672.9
2026-06-03T08:00:00Z,63464.4
2026-06-03T09:00:00Z,65428.7
2026-06-03T10:00:00Z,68206.3
2026-06-03T11:00:00Z,67054.0
2026-06-03T12:00:00Z,66608.1
2026-06-03T13:00:00Z,65531.3
2026-06-03T14:00:00Z,67357.8
2026-06-03T15:00:00Z,63769.8
2026-06-03T16:00:00Z,63083.5
2026-06-03T17:00:00Z,59791.0
2026-06-03T18:00:00Z,56288.0
2026-06-03T19:00:00Z,52658.9
2026-06-03T20:00:00Z,50322.9
2026-06-03T21:00:00Z,47663.2
2026-06-03T22:00:00Z,44875.2
2026-06-03T23:00:00Z,45611.7
2026-06-04T00:00:00Z,45331.9
2026-06-04T01:00:00Z,44770.5
2026-06-04T02:00:00Z,48019.2
2026-06-04T03:00:00Z,48603.2
2026-06-04T04:00:00Z,50170.3
2026-06-04T05:00:00Z,54393.5
2026-06-04T06:00:00Z,57792.0
2026-06-04T07:00:00Z,58287.1
2026-06-04T08:00:00Z,63921.0
2026-06-04T09:00:00Z,65177.4
2026-06-04T10:00:00Z,66247.8
2026-06-04T11:00:00Z,69294.4
2026-06-04T12:00:00Z,70086.8
2026-06-04T13:00:00Z,67424.3
2026-06-04T14:00:00Z,67419.0
2026-06-04T15:00:00Z,63843.6
2026-06-04T16:00:00Z,62002.5
2026-06-04T17:00:00Z,60058.0
2026-06-04T18:00:00Z,56579.7
2026-06-04T19:00:00Z,52037.4
2026-06-04T20:00:00Z,49937.8
2026-06-04T21:00:00Z,48392.8
2026-06-04T22:00:00Z,46840.8
2026-06-04T23:00:00Z,45551.5
2026-06-05T00:00:00Z,43051.8
2026-06-05T01:00:00Z,45294.3
2026-06-05T02:00:00Z,47149.0
2026-06-05T03:00:00Z,49161.2
2026-06-05T04:00:00Z,50620.5
2026-06-05T05:00:00Z,54602.2
2026-06-05T06:00:00Z,57622.2
2026-06-05T07:00:00Z,60729.4
2026-06-05T08:00:00Z,62884.3
2026-06-05T09:00:00Z,65489.5
2026-06-05T10:00:00Z,66321.8
2026-06-05T11:00:00Z,68184.5
2026-06-05T12:00:00Z,69454.1
2026-06-05T13:00:00Z,68025.8
2026-06-05T14:00:00Z,67826.5
2026-06-05T15:00:00Z,63440.6
2026-06-05T16:00:00Z,61585.3
2026-06-05T17:00:00Z,60390.9
2026-06-05T18:00:00Z,58998.4
2026-06-05T19:00:00Z,52614.9
2026-06-05T20:00:00Z,51845.6
2026-06-05T21:00:00Z,48131.5
2026-06-05T22:00:00Z,47467.6
2026-06-05T23:00:00Z,46431.8
2026-06-06T00:00:00Z,38738.7
2026-06-06T01:00:00Z,42405.7
2026-06-06T02:00:00Z,43319.6
2026-06-06T03:00:00Z,47608.6
2026-06-06T04:00:00Z,48599.4
2026-06-06T05:00:00Z,51388.1
2026-06-06T06:00:00Z,52552.1
2026-06-06T07:00:00Z,55527.3
2026-06-06T08:00:00Z,61219.8
2026-06-06T09:00:00Z,63402.8
2026-06-06T10:00:00Z,65224.8
2026-06-06T11:00:00Z,65218.4
2026-06-06T12:00:00Z,65213.7
2026-06-06T13:00:00Z,65282.3
2026-06-06T14:00:00Z,64419.1
2026-06-06T15:00:00Z,60416.6
2026-06-06T16:00:00Z,59458.8
2026-06-06T17:00:00Z,56872.1
2026-06-06T18:00:00Z,53418.8
2026-06-06T19:00:00Z,50074.8
2026-06-06T20:00:00Z,47724.2
2026-06-06T21:00:00Z,43482.7
2026-06-06T22:00:00Z,43206.6
2026-06-06T23:00:00Z,40020.0
2026-06-07T00:00:00Z,42054.6
2026-06-07T01:00:00Z,41525.6
2026-06-07T02:00:00Z,41594.9
2026-06-07T03:00:00Z,46348.6
2026-06-07T04:00:00Z,48928.5
2026-06-07T05:00:00Z,50238.0
2026-06-07T06:00:00Z,56416.7
2026-06-07T07:00:00Z,56327.8
2026-06-07T08:00:00Z,60382.5
2026-06-07T09:00:00Z,62438.6
2026-06-07T10:00:00Z,63393.4
2026-06-07T11:00:00Z,66862.8
2026-06-07T12:00:00Z,65705.7
2026-06-07T13:00:00Z,66973.6
2026-06-07T14:00:00Z,64671.1
2026-06-07T15:00:00Z,62316.3
2026-06-07T16:00:00Z,61236.8
2026-06-07T17:00:00Z,55846.6
2026-06-07T18:00:00Z,52664.7
2026-06-07T19:00:00Z,52269.2
2026-06-07T20:00:00Z,47690.9
2026-06-07T21:00:00Z,46778.1
2026-06-07T22:00:00Z,44062.4
2026-06-07T23:00:00Z,42490.8
2026-06-08T00:00:00Z,45756.2
2026-06-08T01:00:00Z,45442.3
2026-06-08T02:00:00Z,45888.8
2026-06-08T03:00:00Z,48542.7
2026-06-08T04:00:00Z,51892.7
2026-06-08T05:00:00Z,54049.3
2026-06-08T06:00:00Z,56755.9
2026-06-08T07:00:00Z,59468.3
2026-06-08T08:00:00Z,63194.3
2026-06-08T09:00:00Z,65759.1
2026-06-08T10:00:00Z,67267.3
2026-06-08T11:00:00Z,71813.0
2026-06-08T12:00:00Z,69643.5
2026-06-08T13:00:00Z,68978.7
2026-06-08T14:00:00Z,68138.5
2026-06-08T15:00:00Z,65932.4
2026-06-08T16:00:00Z,63582.3
2026-06-08T17:00:00Z,61489.0
2026-06-08T18:00:00Z,58078.3
2026-06-08T19:00:00Z,54649.1
2026-06-08T20:00:00Z,51598.9
2026-06-08T21:00:00Z,50084.2
2026-06-08T22:00:00Z,46507.2
2026-06-08T23:00:00Z,46249.8
2026-06-09T00:00:00Z,44834.1
2026-06-09T01:00:00Z,45870.0
2026-06-09T02:00:00Z,47583.0
2026-06-09T03:00:00Z,49524.9
2026-06-09T04:00:00Z,50409.5
2026-06-09T05:00:00Z,55161.5
2026-06-09T06:00:00Z,56739.5
2026-06-09T07:00:00Z,61573.8
2026-06-09T08:00:00Z,63637.4
2026-06-09T09:00:00Z,66962.2
2026-06-09T10:00:00Z,68434.7
2026-06-09T11:00:00Z,70348.0
2026-06-09T12:00:00Z,69183.1
2026-06-09T13:00:00Z,68063.4
2026-06-09T14:00:00Z,68179.8
2026-06-09T15:00:00Z,64730.6
2026-06-09T16:00:00Z,63800.0
2026-06-09T17:00:00Z,61340.6
2026-06-09T18:00:00Z,57068.7
2026-06-09T19:00:00Z,54926.6
2026-06-09T20:00:00Z,51476.5
2026-06-09T21:00:00Z,50326.3
2026-06-09T22:00:00Z,46135.0
2026-06-09T23:00:00Z,44164.6
2026-06-10T00:00:00Z,44644.1
2026-06-10T01:00:00Z,46503.9
2026-06-10T02:00:00Z,49033.0
2026-06-10T03:00:00Z,49124.8
2026-06-10T04:00:00Z,51918.8
2026-06-10T05:00:00Z,56229.9
2026-06-10T06:00:00Z,57699.9
2026-06-10T07:00:00Z,59646.0
2026-06-10T08:00:00Z,63211.2
2026-06-10T09:00:00Z,67356.6
2026-06-10T10:00:00Z,68027.1
2026-06-10T11:00:00Z,69742.9
2026-06-10T12:00:00Z,71027.4
2026-06-10T13:00:00Z,67757.2
2026-06-10T14:00:00Z,68358.5
2026-06-10T15:00:00Z,65726.6
2026-06-10T16:00:00Z,64109.1
2026-06-10T17:00:00Z,60533.4
2026-06-10T18:00:00Z,58794.5
2026-06-10T19:00:00Z,54194.8
2026-06-10T20:00:00Z,52637.5
2026-06-10T21:00:00Z,51099.4
2026-06-10T22:00:00Z,47527.1
2026-06-10T23:00:00Z,46439.8
2026-06-11T00:00:00Z,46032.7
2026-06-11T01:00:00Z,46382.0
2026-06-11T02:00:00Z,46838.3
2026-06-11T03:00:00Z,48558.9
2026-06-11T04:00:00Z,49897.4
2026-06-11T05:00:00Z,56693.4
2026-06-11T06:00:00Z,57998.3
2026-06-11T07:00:00Z,61988.2
2026-06-11T08:00:00Z,64582.1
2026-06-11T09:00:00Z,67009.8
2026-06-11T10:00:00Z,69103.1
2026-06-11T11:00:00Z,69523.8
2026-06-11T12:00:00Z,71759.5
2026-06-11T13:00:00Z,70117.3
2026-06-11T14:00:00Z,68318.0
2026-06-11T15:00:00Z,65534.2
2026-06-11T16:00:00Z,65107.4
2026-06-11T17:00:00Z,63051.9
2026-06-11T18:00:00Z,56665.4
2026-06-11T19:00:00Z,55258.2
2026-06-11T20:00:00Z,50906.2
2026-06-11T21:00:00Z,49277.4
2026-06-11T22:00:00Z,47246.4
2026-06-11T23:00:00Z,47135.1
2026-06-12T00:00:00Z,45232.2
2026-06-12T01:00:00Z,46762.9
2026-06-12T02:00:00Z,49226.2
2026-06-12T03:00:00Z,49217.4
2026-06-12T04:00:00Z,51963.1
2026-06-12T05:00:00Z,56084.7
2026-06-12T06:00:00Z,56059.5
2026-06-12T07:00:00Z,60560.0
2026-06-12T08:00:00Z,64037.6
2026-06-12T09:00:00Z,67457.6
2026-06-12T10:00:00Z,69374.9
2026-06-12T11:00:00Z,69060.9
2026-06-12T12:00:00Z,72846.2
2026-06-12T13:00:00Z,70094.2
2026-06-12T14:00:00Z,68881.5
2026-06-12T15:00:00Z,65845.2
2026-06-12T16:00:00Z,63057.0
2026-06-12T17:00:00Z,61002.5
2026-06-12T18:00:00Z,58014.7
2026-06-12T19:00:00Z,54143.3
2026-06-12T20:00:00Z,52008.8
2026-06-12T21:00:00Z,50780.4
2026-06-12T22:00:00Z,48882.2
2026-06-12T23:00:00Z,45777.9
2026-06-13T00:00:00Z,42791.7
2026-06-13T01:00:00Z,44622.0
2026-06-13T02:00:00Z,44623.1
2026-06-13T03:00:00Z,45506.3
2026-06-13T04:00:00Z,48975.6
2026-06-13T05:00:00Z,50545.2
2026-06-13T06:00:00Z,56153.3
2026-06-13T07:00:00Z,57082.4
2026-06-13T08:00:00Z,58079.7
2026-06-13T09:00:00Z,62511.6
2026-06-13T10:00:00Z,64965.4
2026-06-13T11:00:00Z,66797.1
2026-06-13T12:00:00Z,67087.2
2026-06-13T13:00:00Z,67452.5
2026-06-13T14:00:00Z,64149.3
2026-06-13T15:00:00Z,62914.5
2026-06-13T16:00:00Z,60372.7
2026-06-13T17:00:00Z,58914.4
2026-06-13T18:00:00Z,54629.4
2026-06-13T19:00:00Z,51262.8
2026-06-13T20:00:00Z,47112.9
2026-06-13T21:00:00Z,46749.0
2026-06-13T22:00:00Z,43929.2
2026-06-13T23:00:00Z,42286.5
2026-06-14T00:00:00Z,43932.9
2026-06-14T01:00:00Z,44440.5
2026-06-14T02:00:00Z,42790.5
2026-06-14T03:00:00Z,47473.8
2026-06-14T04:00:00Z,48643.0
2026-06-14T05:00:00Z,52722.7
2026-06-14T06:00:00Z,56355.2
2026-06-14T07:00:00Z,58036.4
2026-06-14T08:00:00Z,60074.7
2026-06-14T09:00:00Z,61842.7
2026-06-14T10:00:00Z,65745.7
2026-06-14T11:00:00Z,66425.7
2026-06-14T12:00:00Z,67845.5
2026-06-14T13:00:00Z,66816.8
2026-06-14T14:00:00Z,65871.5
2026-06-14T15:00:00Z,63639.7
2026-06-14T16:00:00Z,59704.3
2026-06-14T17:00:00Z,59317.8
2026-06-14T18:00:00Z,55059.0
2026-06-14T19:00:00Z,51578.1
2026-06-14T20:00:00Z,49590.1
2026-06-14T21:00:00Z,46185.0
2026-06-14T22:00:00Z,44867.5
2026-06-14T23:00:00Z,43461.3
2026-06-15T00:00:00Z,47601.1
2026-06-15T01:00:00Z,46651.9
2026-06-15T02:00:00Z,47487.3
2026-06-15T03:00:00Z,51287.3
2026-06-15T04:00:00Z,52640.2
2026-06-15T05:00:00Z,54629.3
2026-06-15T06:00:00Z,59528.6
2026-06-15T07:00:00Z,61358.6
2026-06-15T08:00:00Z,64677.9
2026-06-15T09:00:00Z,68294.9
2026-06-15T10:00:00Z,69669.7
2026-06-15T11:00:00Z,69920.0
2026-06-15T12:00:00Z,70012.9
2026-06-15T13:00:00Z,69710.8
2026-06-15T14:00:00Z,68737.4
2026-06-15T15:00:00Z,66054.1
2026-06-15T16:00:00Z,62877.0
2026-06-15T17:00:00Z,60151.3
2026-06-15T18:00:00Z,60247.6
2026-06-15T19:00:00Z,56542.3
2026-06-15T20:00:00Z,55142.9
2026-06-15T21:00:00Z,50159.0
2026-06-15T22:00:00Z,47317.7
2026-06-15T23:00:00Z,45814.2
2026-06-16T00:00:00Z,46224.2
2026-06-16T01:00:00Z,48775.1
2026-06-16T02:00:00Z,47955.8
2026-06-16T03:00:00Z,49561.3
2026-06-16T04:00:00Z,53443.0
2026-06-16T05:00:00Z,55421.9
2026-06-16T06:00:00Z,58561.0
2026-06-16T07:00:00Z,61163.6
2026-06-16T08:00:00Z,65605.8
2026-06-16T09:00:00Z,66647.5
2026-06-16T10:00:00Z,69404.3
2026-06-16T11:00:00Z,71347.1
2026-06-16T12:00:00Z,71242.4
2026-06-16T13:00:00Z,70867.5
2026-06-16T14:00:00Z,67458.3
2026-06-16T15:00:00Z,68547.2
2026-06-16T16:00:00Z,64513.8
2026-06-16T17:00:00Z,61099.6
2026-06-16T18:00:00Z,60380.0
2026-06-16T19:00:00Z,54881.9
2026-06-16T20:00:00Z,52884.5
2026-06-16T21:00:00Z,50335.7
2026-06-16T22:00:00Z,49245.7
2026-06-16T23:00:00Z,47497.9
2026-06-17T00:00:00Z,46500.8
2026-06-17T01:00:00Z,47419.5
2026-06-17T02:00:00Z,50280.0
2026-06-17T03:00:00Z,50575.7
2026-06-17T04:00:00Z,53673.9
2026-06-17T05:00:00Z,56453.7
2026-06-17T06:00:00Z,60096.3
2026-06-17T07:00:00Z,64292.7
2026-06-17T08:00:00Z,64256.9
2026-06-17T09:00:00Z,67478.0
2026-06-17T10:00:00Z,69148.1
2026-06-17T11:00:00Z,69555.8
2026-06-17T12:00:00Z,69775.0
2026-06-17T13:00:00Z,71321.6
2026-06-17T14:00:00Z,70216.0
2026-06-17T15:00:00Z,70511.1
2026-06-17T16:00:00Z,65545.9
2026-06-17T17:00:00Z,60991.4
2026-06-17T18:00:00Z,58889.0
2026-06-17T19:00:00Z,56845.3
2026-06-17T20:00:00Z,54224.3
2026-06-17T21:00:00Z,50169.8
2026-06-17T22:00:00Z,47415.4
2026-06-17T23:00:00Z,47194.3
2026-06-18T00:00:00Z,46999.8
2026-06-18T01:00:00Z,48634.8
2026-06-18T02:00:00Z,48001.0
2026-06-18T03:00:00Z,51508.9
2026-06-18T04:00:00Z,52495.3
2026-06-18T05:00:00Z,56483.2
2026-06-18T06:00:00Z,59023.2
2026-06-18T07:00:00Z,62115.9
2026-06-18T08:00:00Z,66446.5
2026-06-18T09:00:00Z,69003.9
2026-06-18T10:00:00Z,68243.1
2026-06-18T11:00:00Z,71645.6
2026-06-18T12:00:00Z,70321.5
2026-06-18T13:00:00Z,71568.4
2026-06-18T14:00:00Z,69284.4
2026-06-18T15:00:00Z,67233.7
2026-06-18T16:00:00Z,65461.2
2026-06-18T17:00:00Z,62066.6
2026-06-18T18:00:00Z,58948.0
2026-06-18T19:00:00Z,56285.3
2026-06-18T20:00:00Z,51827.9
2026-06-18T21:00:00Z,49850.8
2026-06-18T22:00:00Z,49153.7
2026-06-18T23:00:00Z,48004.5
2026-06-19T00:00:00Z,47069.1
2026-06-19T01:00:00Z,48188.0
2026-06-19T02:00:00Z,47628.8
2026-06-19T03:00:00Z,53096.2
2026-06-19T04:00:00Z,54351.4
2026-06-19T05:00:00Z,58147.8
2026-06-19T06:00:00Z,59982.9
2026-06-19T07:00:00Z,63547.3
2026-06-19T08:00:00Z,65078.9
2026-06-19T09:00:00Z,68695.8
2026-06-19T10:00:00Z,70710.2
2026-06-19T11:00:00Z,70297.5
2026-06-19T12:00:00Z,70220.8
2026-06-19T13:00:00Z,71097.1
2026-06-19T14:00:00Z,70071.0
2026-06-19T15:00:00Z,68058.4
2026-06-19T16:00:00Z,64516.6
2026-06-19T17:00:00Z,61237.2
2026-06-19T18:00:00Z,58614.2
2026-06-19T19:00:00Z,57546.0
2026-06-19T20:00:00Z,52788.7
2026-06-19T21:00:00Z,51242.1
2026-06-19T22:00:00Z,49126.0
2026-06-19T23:00:00Z,47243.3
2026-06-20T00:00:00Z,43352.1
2026-06-20T01:00:00Z,43664.8
2026-06-20T02:00:00Z,45191.8
2026-06-20T03:00:00Z,48096.3
2026-06-20T04:00:00Z,51919.9
2026-06-20T05:00:00Z,54697.7
2026-06-20T06:00:00Z,57222.9
2026-06-20T07:00:00Z,60270.1
2026-06-20T08:00:00Z,63070.0
2026-06-20T09:00:00Z,65546.9
2026-06-20T10:00:00Z,66903.3
2026-06-20T11:00:00Z,66950.5
2026-06-20T12:00:00Z,67733.0
2026-06-20T13:00:00Z,68408.3
2026-06-20T14:00:00Z,67798.4
2026-06-20T15:00:00Z,62797.2
2026-06-20T16:00:00Z,61419.4
2026-06-20T17:00:00Z,59640.5
2026-06-20T18:00:00Z,57192.7
2026-06-20T19:00:00Z,54526.3
2026-06-20T20:00:00Z,52542.0
2026-06-20T21:00:00Z,46479.7
2026-06-20T22:00:00Z,45583.9
2026-06-20T23:00:00Z,45226.2
2026-06-21T00:00:00Z,45535.9
2026-06-21T01:00:00Z,46056.8
2026-06-21T02:00:00Z,46622.6
2026-06-21T03:00:00Z,49626.7
2026-06-21T04:00:00Z,51909.2
2026-06-21T05:00:00Z,52118.0
2026-06-21T06:00:00Z,57003.4
2026-06-21T07:00:00Z,59416.4
2026-06-21T08:00:00Z,63584.2
2026-06-21T09:00:00Z,64719.4
2026-06-21T10:00:00Z,67716.6
2026-06-21T11:00:00Z,66900.6
2026-06-21T12:00:00Z,69117.2
2026-06-21T13:00:00Z,70634.1
2026-06-21T14:00:00Z,65927.5
2026-06-21T15:00:00Z,64285.9
2026-06-21T16:00:00Z,64018.3
2026-06-21T17:00:00Z,59615.5
2026-06-21T18:00:00Z,56834.3
2026-06-21T19:00:00Z,54642.3
2026-06-21T20:00:00Z,51482.0
2026-06-21T21:00:00Z,46518.6
2026-06-21T22:00:00Z,46036.1
2026-06-21T23:00:00Z,47661.0
2026-06-22T00:00:00Z,49594.5
2026-06-22T01:00:00Z,49031.8
2026-06-22T02:00:00Z,50401.4
2026-06-22T03:00:00Z,51768.2
2026-06-22T04:00:00Z,54059.8
2026-06-22T05:00:00Z,55694.8
2026-06-22T06:00:00Z,59589.2
2026-06-22T07:00:00Z,64416.7
2026-06-22T08:00:00Z,65493.0
2026-06-22T09:00:00Z,68900.3
2026-06-22T10:00:00Z,70189.4
2026-06-22T11:00:00Z,71714.1
2026-06-22T12:00:00Z,71186.7
2026-06-22T13:00:00Z,71537.1
2026-06-22T14:00:00Z,70033.9
2026-06-22T15:00:00Z,67045.8
2026-06-22T16:00:00Z,66075.4
2026-06-22T17:00:00Z,63418.2
2026-06-22T18:00:00Z,60401.0
2026-06-22T19:00:00Z,57666.0
2026-06-22T20:00:00Z,55043.8
2026-06-22T21:00:00Z,53658.2
2026-06-22T22:00:00Z,50451.2
2026-06-22T23:00:00Z,48477.5
2026-06-23T00:00:00Z,48339.2
2026-06-23T01:00:00Z,48154.1
2026-06-23T02:00:00Z,50173.1
2026-06-23T03:00:00Z,50925.2
2026-06-23T04:00:00Z,55308.8
2026-06-23T05:00:00Z,56853.5
2026-06-23T06:00:00Z,60221.5
2026-06-23T07:00:00Z,63749.1
2026-06-23T08:00:00Z,66807.5
2026-06-23T09:00:00Z,68720.8
2026-06-23T10:00:00Z,70889.1
2026-06-23T11:00:00Z,71867.9
2026-06-23T12:00:00Z,73026.6
2026-06-23T13:00:00Z,71663.1
2026-06-23T14:00:00Z,72207.0
2026-06-23T15:00:00Z,69176.8
2026-06-23T16:00:00Z,66910.5
2026-06-23T17:00:00Z,60355.9
2026-06-23T18:00:00Z,61432.0
2026-06-23T19:00:00Z,55718.5
2026-06-23T20:00:00Z,55164.6
2026-06-23T21:00:00Z,51711.0
2026-06-23T22:00:00Z,49994.5
2026-06-23T23:00:00Z,48066.4
2026-06-24T00:00:00Z,48572.5
2026-06-24T01:00:00Z,48739.3
2026-06-24T02:00:00Z,50856.1
2026-06-24T03:00:00Z,52788.9
2026-06-24T04:00:00Z,55732.5
2026-06-24T05:00:00Z,57218.2
2026-06-24T06:00:00Z,60009.1
2026-06-24T07:00:00Z,64352.1
2026-06-24T08:00:00Z,65161.8
2026-06-24T09:00:00Z,70426.3
2026-06-24T10:00:00Z,70760.7
2026-06-24T11:00:00Z,70979.9
2026-06-24T12:00:00Z,72527.3
2026-06-24T13:00:00Z,70843.4
2026-06-24T14:00:00Z,72781.2
2026-06-24T15:00:00Z,71492.7
2026-06-24T16:00:00Z,66454.4
2026-06-24T17:00:00Z,62939.8
2026-06-24T18:00:00Z,60160.4
2026-06-24T19:00:00Z,56790.3
2026-06-24T20:00:00Z,53096.5
2026-06-24T21:00:00Z,52307.3
2026-06-24T22:00:00Z,50743.5
2026-06-24T23:00:00Z,49275.3
2026-06-25T00:00:00Z,48810.0
2026-06-25T01:00:00Z,49021.6
2026-06-25T02:00:00Z,51169.6
2026-06-25T03:00:00Z,54047.5
2026-06-25T04:00:00Z,56899.7
2026-06-25T05:00:00Z,57239.7
2026-06-25T06:00:00Z,59946.7
2026-06-25T07:00:00Z,63623.5
2026-06-25T08:00:00Z,67736.6
2026-06-25T09:00:00Z,68582.4
2026-06-25T10:00:00Z,72171.9
2026-06-25T11:00:00Z,70917.7
2026-06-25T12:00:00Z,74095.9
2026-06-25T13:00:00Z,71327.8
2026-06-25T14:00:00Z,70855.8
2026-06-25T15:00:00Z,69046.7
2026-06-25T16:00:00Z,67292.6
2026-06-25T17:00:00Z,63733.4
2026-06-25T18:00:00Z,60351.6
2026-06-25T19:00:00Z,58960.4
2026-06-25T20:00:00Z,55085.8
2026-06-25T21:00:00Z,51600.5
2026-06-25T22:00:00Z,50014.2
2026-06-25T23:00:00Z,49106.5
2026-06-26T00:00:00Z,50853.6
2026-06-26T01:00:00Z,49517.6
2026-06-26T02:00:00Z,49523.1
2026-06-26T03:00:00Z,51976.5
2026-06-26T04:00:00Z,56577.9
2026-06-26T05:00:00Z,59301.6
2026-06-26T06:00:00Z,61439.8
2026-06-26T07:00:00Z,63829.1
2026-06-26T08:00:00Z,67122.9
2026-06-26T09:00:00Z,69651.3
2026-06-26T10:00:00Z,70818.4
2026-06-26T11:00:00Z,73946.7
2026-06-26T12:00:00Z,73243.7
2026-06-26T13:00:00Z,73915.4
2026-06-26T14:00:00Z,71822.2
2026-06-26T15:00:00Z,69547.9
2026-06-26T16:00:00Z,67472.0
2026-06-26T17:00:00Z,64379.6
2026-06-26T18:00:00Z,60624.0
2026-06-26T19:00:00Z,57375.0
2026-06-26T20:00:00Z,57041.9
2026-06-26T21:00:00Z,52395.1
2026-06-26T22:00:00Z,51405.4
2026-06-26T23:00:00Z,48581.6
2026-06-27T00:00:00Z,44924.2
2026-06-27T01:00:00Z,47234.3
2026-06-27T02:00:00Z,47430.5
2026-06-27T03:00:00Z,48855.4
2026-06-27T04:00:00Z,52926.4
2026-06-27T05:00:00Z,55330.7
2026-06-27T06:00:00Z,58945.5
2026-06-27T07:00:00Z,62638.5
2026-06-27T08:00:00Z,65025.8
2026-06-27T09:00:00Z,68281.5
2026-06-27T10:00:00Z,70377.0
2026-06-27T11:00:00Z,70358.5
2026-06-27T12:00:00Z,68681.1
2026-06-27T13:00:00Z,70927.3
2026-06-27T14:00:00Z,69003.6
2026-06-27T15:00:00Z,67870.4
2026-06-27T16:00:00Z,63229.9
2026-06-27T17:00:00Z,62309.6
2026-06-27T18:00:00Z,57265.0
2026-06-27T19:00:00Z,57054.7
2026-06-27T20:00:00Z,52744.1
2026-06-27T21:00:00Z,50762.7
2026-06-27T22:00:00Z,47518.8
2026-06-27T23:00:00Z,47689.8
2026-06-28T00:00:00Z,46361.4
2026-06-28T01:00:00Z,46196.1
2026-06-28T02:00:00Z,49039.1
2026-06-28T03:00:00Z,50385.3
2026-06-28T04:00:00Z,53358.2
2026-06-28T05:00:00Z,56496.2
2026-06-28T06:00:00Z,60502.6
2026-06-28T07:00:00Z,61513.1
2026-06-28T08:00:00Z,65471.3
2026-06-28T09:00:00Z,68259.1
2026-06-28T10:00:00Z,68864.5
2026-06-28T11:00:00Z,71101.1
2026-06-28T12:00:00Z,71372.0
2026-06-28T13:00:00Z,70556.8
2026-06-28T14:00:00Z,68915.9
2026-06-28T15:00:00Z,68300.5
2026-06-28T16:00:00Z,62204.2
2026-06-28T17:00:00Z,60896.5
2026-06-28T18:00:00Z,56255.2
2026-06-28T19:00:00Z,54952.7
2026-06-28T20:00:00Z,51717.1
2026-06-28T21:00:00Z,48950.2
2026-06-28T22:00:00Z,46958.3
2026-06-28T23:00:00Z,46718.3
2026-06-29T00:00:00Z,49294.0
2026-06-29T01:00:00Z,49885.8
2026-06-29T02:00:00Z,50089.6
2026-06-29T03:00:00Z,54259.2
2026-06-29T04:00:00Z,54449.5
2026-06-29T05:00:00Z,58010.6
2026-06-29T06:00:00Z,62812.8
2026-06-29T07:00:00Z,65630.4
2026-06-29T08:00:00Z,68386.1
2026-06-29T09:00:00Z,71874.8
2026-06-29T10:00:00Z,71833.6
2026-06-29T11:00:00Z,72904.6
2026-06-29T12:00:00Z,73721.1
2026-06-29T13:00:00Z,72689.8
2026-06-29T14:00:00Z,72307.9
2026-06-29T15:00:00Z,69651.3
2026-06-29T16:00:00Z,67509.2
2026-06-29T17:00:00Z,64851.6
2026-06-29T18:00:00Z,62830.5
2026-06-29T19:00:00Z,58653.5
2026-06-29T20:00:00Z,55970.5
2026-06-29T21:00:00Z,53361.2
2026-06-29T22:00:00Z,52697.9
2026-06-29T23:00:00Z,50355.6
2026-06-30T00:00:00Z,50079.0
2026-06-30T01:00:00Z,49812.3
2026-06-30T02:00:00Z,52446.4
2026-06-30T03:00:00Z,53563.4
2026-06-30T04:00:00Z,57121.0
2026-06-30T05:00:00Z,59312.1
2026-06-30T06:00:00Z,60919.7
2026-06-30T07:00:00Z,63750.0
2026-06-30T08:00:00Z,68437.0
2026-06-30T09:00:00Z,70961.2
2026-06-30T10:00:00Z,73808.4
2026-06-30T11:00:00Z,72768.5
2026-06-30T12:00:00Z,74007.2
2026-06-30T13:00:00Z,74375.2
2026-06-30T14:00:00Z,73695.9
2026-06-30T15:00:00Z,71297.4
2026-06-30T16:00:00Z,70350.7
2026-06-30T17:00:00Z,64728.3
2026-06-30T18:00:00Z,63368.6
2026-06-30T19:00:00Z,58107.9
2026-06-30T20:00:00Z,57905.2
2026-06-30T21:00:00Z,56582.2
2026-06-30T22:00:00Z,52113.5
2026-06-30T23:00:00Z,50351.5
2026-07-01T00:00:00Z,52070.0
2026-07-01T01:00:00Z,51821.9
2026-07-01T02:00:00Z,50416.6
2026-07-01T03:00:00Z,51440.5
2026-07-01T04:00:00Z,55339.6
2026-07-01T05:00:00Z,59786.1
2026-07-01T06:00:00Z,62807.9
2026-07-01T07:00:00Z,64638.7
2026-07-01T08:00:00Z,68904.6
2026-07-01T09:00:00Z,71967.1
2026-07-01T10:00:00Z,73192.2
2026-07-01T11:00:00Z,74175.3
2026-07-01T12:00:00Z,74705.8
2026-07-01T13:00:00Z,74741.7
2026-07-01T14:00:00Z,73320.6
2026-07-01T15:00:00Z,71877.3
2026-07-01T16:00:00Z,68167.3
2026-07-01T17:00:00Z,65777.7
2026-07-01T18:00:00Z,62857.3
2026-07-01T19:00:00Z,57271.3
2026-07-01T20:00:00Z,56967.1
2026-07-01T21:00:00Z,55812.2
2026-07-01T22:00:00Z,51669.3
2026-07-01T23:00:00Z,50275.8
2026-07-02T00:00:00Z,48585.7
2026-07-02T01:00:00Z,50885.8
2026-07-02T02:00:00Z,53800.8
2026-07-02T03:00:00Z,53482.6
2026-07-02T04:00:00Z,56181.7
2026-07-02T05:00:00Z,59351.7
2026-07-02T06:00:00Z,61916.2
2026-07-02T07:00:00Z,64675.9
2026-07-02T08:00:00Z,70288.3
2026-07-02T09:00:00Z,71043.9
2026-07-02T10:00:00Z,75029.5
2026-07-02T11:00:00Z,73899.4
2026-07-02T12:00:00Z,76618.4
2026-07-02T13:00:00Z,74598.4
2026-07-02T14:00:00Z,73477.5
2026-07-02T15:00:00Z,71216.3
2026-07-02T16:00:00Z,68164.8
2026-07-02T17:00:00Z,64491.5
2026-07-02T18:00:00Z,62413.8
2026-07-02T19:00:00Z,58730.1
2026-07-02T20:00:00Z,56991.8
2026-07-02T21:00:00Z,54757.8
2026-07-02T22:00:00Z,52539.0
2026-07-02T23:00:00Z,50033.4
2026-07-03T00:00:00Z,50489.2
2026-07-03T01:00:00Z,51276.9
2026-07-03T02:00:00Z,53786.0
2026-07-03T03:00:00Z,54021.7
2026-07-03T04:00:00Z,59535.6
2026-07-03T05:00:00Z,59787.7
2026-07-03T06:00:00Z,62147.9
2026-07-03T07:00:00Z,65421.5
2026-07-03T08:00:00Z,69677.5
2026-07-03T09:00:00Z,72435.2
2026-07-03T10:00:00Z,74514.9
2026-07-03T11:00:00Z,75221.6
2026-07-03T12:00:00Z,74533.3
2026-07-03T13:00:00Z,74953.8
2026-07-03T14:00:00Z,74814.6
2026-07-03T15:00:00Z,71690.5
2026-07-03T16:00:00Z,67748.1
2026-07-03T17:00:00Z,66497.7
2026-07-03T18:00:00Z,61887.3
2026-07-03T19:00:00Z,60202.0
2026-07-03T20:00:00Z,56231.5
2026-07-03T21:00:00Z,53266.2
2026-07-03T22:00:00Z,52592.9
2026-07-03T23:00:00Z,51762.7
2026-07-04T00:00:00Z,48089.5
2026-07-04T01:00:00Z,48553.6
2026-07-04T02:00:00Z,50352.7
2026-07-04T03:00:00Z,53586.5
2026-07-04T04:00:00Z,51923.9
2026-07-04T05:00:00Z,58116.2
2026-07-04T06:00:00Z,59384.0
2026-07-04T07:00:00Z,62612.5
2026-07-04T08:00:00Z,64429.1
2026-07-04T09:00:00Z,67596.0
2026-07-04T10:00:00Z,70640.6
2026-07-04T11:00:00Z,71959.4
2026-07-04T12:00:00Z,71180.1
2026-07-04T13:00:00Z,71026.1
2026-07-04T14:00:00Z,71523.1
2026-07-04T15:00:00Z,68244.8
2026-07-04T16:00:00Z,66531.1
2026-07-04T17:00:00Z,63046.0
2026-07-04T18:00:00Z,59727.4
2026-07-04T19:00:00Z,57393.0
2026-07-04T20:00:00Z,54418.3
2026-07-04T21:00:00Z,52585.3
2026-07-04T22:00:00Z,49177.7
2026-07-04T23:00:00Z,49372.2
2026-07-05T00:00:00Z,49445.8
2026-07-05T01:00:00Z,49191.8
2026-07-05T02:00:00Z,49124.9
2026-07-05T03:00:00Z,50098.7
2026-07-05T04:00:00Z,54353.1
2026-07-05T05:00:00Z,56636.6
2026-07-05T06:00:00Z,62161.6
2026-07-05T07:00:00Z,63567.8
2026-07-05T08:00:00Z,64926.1
2026-07-05T09:00:00Z,68773.1
2026-07-05T10:00:00Z,70537.9
2026-07-05T11:00:00Z,72529.8
2026-07-05T12:00:00Z,72871.0
2026-07-05T13:00:00Z,73201.9
2026-07-05T14:00:00Z,70045.7
2026-07-05T15:00:00Z,68945.2
2026-07-05T16:00:00Z,67588.8
2026-07-05T17:00:00Z,65317.8
2026-07-05T18:00:00Z,60786.3
2026-07-05T19:00:00Z,55669.4
2026-07-05T20:00:00Z,55662.4
2026-07-05T21:00:00Z,48589.9
2026-07-05T22:00:00Z,51738.2
2026-07-05T23:00:00Z,48992.8
2026-07-06T00:00:00Z,51730.2
2026-07-06T01:00:00Z,52275.2
2026-07-06T02:00:00Z,53481.1
2026-07-06T03:00:00Z,56049.0
2026-07-06T04:00:00Z,58398.8
2026-07-06T05:00:00Z,61126.8
2026-07-06T06:00:00Z,64121.4
2026-07-06T07:00:00Z,66271.0
2026-07-06T08:00:00Z,71788.3
2026-07-06T09:00:00Z,72322.2
2026-07-06T10:00:00Z,74950.1
2026-07-06T11:00:00Z,77038.1
2026-07-06T12:00:00Z,75809.8
2026-07-06T13:00:00Z,74293.7
2026-07-06T14:00:00Z,75724.5
2026-07-06T15:00:00Z,75068.3
2026-07-06T16:00:00Z,71550.1
2026-07-06T17:00:00Z,67132.4
2026-07-06T18:00:00Z,64488.8
2026-07-06T19:00:00Z,61446.4
2026-07-06T20:00:00Z,56032.7
2026-07-06T21:00:00Z,56614.8
2026-07-06T22:00:00Z,53531.2
2026-07-06T23:00:00Z,50595.0
2026-07-07T00:00:00Z,52684.6
2026-07-07T01:00:00Z,53017.4
2026-07-07T02:00:00Z,53230.7
2026-07-07T03:00:00Z,55859.7
2026-07-07T04:00:00Z,57834.3
2026-07-07T05:00:00Z,60489.7
2026-07-07T06:00:00Z,64861.1
2026-07-07T07:00:00Z,67715.0
2026-07-07T08:00:00Z,70473.3
2026-07-07T09:00:00Z,72477.5
2026-07-07T10:00:00Z,74275.3
2026-07-07T11:00:00Z,75876.8
2026-07-07T12:00:00Z,76395.7
2026-07-07T13:00:00Z,75854.8
2026-07-07T14:00:00Z,73563.4
2026-07-07T15:00:00Z,73521.7
2026-07-07T16:00:00Z,70905.9
2026-07-07T17:00:00Z,65260.3
2026-07-07T18:00:00Z,63387.9
2026-07-07T19:00:00Z,62702.8
2026-07-07T20:00:00Z,57262.1
2026-07-07T21:00:00Z,55187.7
2026-07-07T22:00:00Z,52067.2
2026-07-07T23:00:00Z,51135.3
2026-07-08T00:00:00Z,51690.9
2026-07-08T01:00:00Z,54002.5
2026-07-08T02:00:00Z,53098.5
2026-07-08T03:00:00Z,54642.6
2026-07-08T04:00:00Z,58352.3
2026-07-08T05:00:00Z,62590.6
2026-07-08T06:00:00Z,64841.7
2026-07-08T07:00:00Z,68579.3
2026-07-08T08:00:00Z,69465.7
2026-07-08T09:00:00Z,74971.7
2026-07-08T10:00:00Z,73745.6
2026-07-08T11:00:00Z,75640.8
2026-07-08T12:00:00Z,75153.0
2026-07-08T13:00:00Z,74987.7
2026-07-08T14:00:00Z,75957.8
2026-07-08T15:00:00Z,71684.0
2026-07-08T16:00:00Z,71315.6
2026-07-08T17:00:00Z,66333.9
2026-07-08T18:00:00Z,62796.9
2026-07-08T19:00:00Z,59982.5
2026-07-08T20:00:00Z,56940.6
2026-07-08T21:00:00Z,54044.1
2026-07-08T22:00:00Z,53242.4
2026-07-08T23:00:00Z,54539.6
2026-07-09T00:00:00Z,52641.8
2026-07-09T01:00:00Z,50246.2
2026-07-09T02:00:00Z,54989.7
2026-07-09T03:00:00Z,55203.2
2026-07-09T04:00:00Z,59203.4
2026-07-09T05:00:00Z,61963.3
2026-07-09T06:00:00Z,65198.7
2026-07-09T07:00:00Z,66811.3
2026-07-09T08:00:00Z,71284.7
2026-07-09T09:00:00Z,73319.0
2026-07-09T10:00:00Z,73439.1
2026-07-09T11:00:00Z,77321.9
2026-07-09T12:00:00Z,76345.3
2026-07-09T13:00:00Z,76699.5
2026-07-09T14:00:00Z,76380.7
2026-07-09T15:00:00Z,73025.6
2026-07-09T16:00:00Z,69466.4
2026-07-09T17:00:00Z,67520.9
2026-07-09T18:00:00Z,63761.2
2026-07-09T19:00:00Z,60421.5
2026-07-09T20:00:00Z,58907.5
2026-07-09T21:00:00Z,54854.3
2026-07-09T22:00:00Z,55144.0
2026-07-09T23:00:00Z,52967.1
2026-07-10T00:00:00Z,51879.2
2026-07-10T01:00:00Z,51376.3
2026-07-10T02:00:00Z,53575.7
2026-07-10T03:00:00Z,56186.9
2026-07-10T04:00:00Z,58436.7
2026-07-10T05:00:00Z,61571.0
2026-07-10T06:00:00Z,63765.3
2026-07-10T07:00:00Z,68712.5
2026-07-10T08:00:00Z,71313.1
2026-07-10T09:00:00Z,73215.4
2026-07-10T10:00:00Z,74383.2
2026-07-10T11:00:00Z,76280.1
2026-07-10T12:00:00Z,76844.6
2026-07-10T13:00:00Z,75306.7
2026-07-10T14:00:00Z,75010.7
2026-07-10T15:00:00Z,74873.2
2026-07-10T16:00:00Z,70411.1
2026-07-10T17:00:00Z,68470.7
2026-07-10T18:00:00Z,63389.8
2026-07-10T19:00:00Z,61188.1
2026-07-10T20:00:00Z,57426.0
2026-07-10T21:00:00Z,55888.6
2026-07-10T22:00:00Z,52162.5
2026-07-10T23:00:00Z,52632.5
2026-07-11T00:00:00Z,49841.4
2026-07-11T01:00:00Z,51453.7
2026-07-11T02:00:00Z,51308.4
2026-07-11T03:00:00Z,50574.0
2026-07-11T04:00:00Z,54597.6
2026-07-11T05:00:00Z,57278.4
2026-07-11T06:00:00Z,63511.6
2026-07-11T07:00:00Z,63191.9
2026-07-11T08:00:00Z,66307.2
2026-07-11T09:00:00Z,72362.2
2026-07-11T10:00:00Z,71874.3
2026-07-11T11:00:00Z,72506.3
2026-07-11T12:00:00Z,74417.7
2026-07-11T13:00:00Z,74070.8
2026-07-11T14:00:00Z,71703.8
2026-07-11T15:00:00Z,70217.2
2026-07-11T16:00:00Z,66798.4
2026-07-11T17:00:00Z,64833.4
2026-07-11T18:00:00Z,60997.0
2026-07-11T19:00:00Z,56666.0
2026-07-11T20:00:00Z,55717.9
2026-07-11T21:00:00Z,54807.3
2026-07-11T22:00:00Z,52057.1
2026-07-11T23:00:00Z,49428.1
2026-07-12T00:00:00Z,49948.9
2026-07-12T01:00:00Z,50896.1
2026-07-12T02:00:00Z,51605.7
2026-07-12T03:00:00Z,51611.0
2026-07-12T04:00:00Z,56396.7
2026-07-12T05:00:00Z,60893.6
2026-07-12T06:00:00Z,62346.0
2026-07-12T07:00:00Z,65309.5
2026-07-12T08:00:00Z,68204.9
2026-07-12T09:00:00Z,71155.2
2026-07-12T10:00:00Z,72115.6
2026-07-12T11:00:00Z,73923.0
2026-07-12T12:00:00Z,74171.6
2026-07-12T13:00:00Z,73870.6
2026-07-12T14:00:00Z,71869.9
2026-07-12T15:00:00Z,68351.6
2026-07-12T16:00:00Z,67064.3
2026-07-12T17:00:00Z,63787.7
2026-07-12T18:00:00Z,60844.5
2026-07-12T19:00:00Z,57932.3
2026-07-12T20:00:00Z,57014.2
2026-07-12T21:00:00Z,53493.9
2026-07-12T22:00:00Z,50369.8
2026-07-12T23:00:00Z,50266.6
2026-07-13T00:00:00Z,53917.4
2026-07-13T01:00:00Z,53085.6
2026-07-13T02:00:00Z,55993.8
2026-07-13T03:00:00Z,55410.2
2026-07-13T04:00:00Z,57743.5
2026-07-13T05:00:00Z,61205.3
2026-07-13T06:00:00Z,66851.7
2026-07-13T07:00:00Z,66870.8
2026-07-13T08:00:00Z,72880.2
2026-07-13T09:00:00Z,72620.4
2026-07-13T10:00:00Z,75722.6
2026-07-13T11:00:00Z,76170.5
2026-07-13T12:00:00Z,77257.0
2026-07-13T13:00:00Z,76508.8
2026-07-13T14:00:00Z,76975.4
2026-07-13T15:00:00Z,74542.5
2026-07-13T16:00:00Z,72033.2
2026-07-13T17:00:00Z,67524.6
2026-07-13T18:00:00Z,66448.2
2026-07-13T19:00:00Z,61092.6
2026-07-13T20:00:00Z,58781.8
2026-07-13T21:00:00Z,57401.0
2026-07-13T22:00:00Z,54413.1
2026-07-13T23:00:00Z,52711.0
2026-07-14T00:00:00Z,53014.3
2026-07-14T01:00:00Z,54933.9
2026-07-14T02:00:00Z,55437.5
2026-07-14T03:00:00Z,58290.4
2026-07-14T04:00:00Z,60476.4
2026-07-14T05:00:00Z,64759.1
2026-07-14T06:00:00Z,64674.8
2026-07-14T07:00:00Z,67565.4
2026-07-14T08:00:00Z,71657.1
2026-07-14T09:00:00Z,74129.7
2026-07-14T10:00:00Z,75443.0
2026-07-14T11:00:00Z,75797.0
2026-07-14T12:00:00Z,78582.0
2026-07-14T13:00:00Z,77676.6
2026-07-14T14:00:00Z,76873.3
2026-07-14T15:00:00Z,75191.5
2026-07-14T16:00:00Z,70329.9
2026-07-14T17:00:00Z,69335.8
2026-07-14T18:00:00Z,66249.5
2026-07-14T19:00:00Z,64031.4
2026-07-14T20:00:00Z,60179.0
2026-07-14T21:00:00Z,57646.2
2026-07-14T22:00:00Z,55454.3
2026-07-14T23:00:00Z,53180.9
2026-07-15T00:00:00Z,52792.6
2026-07-15T01:00:00Z,54966.9
2026-07-15T02:00:00Z,55046.9
2026-07-15T03:00:00Z,58030.0
2026-07-15T04:00:00Z,58504.6
2026-07-15T05:00:00Z,63699.3
2026-07-15T06:00:00Z,65030.9
2026-07-15T07:00:00Z,70123.5
2026-07-15T08:00:00Z,72643.6
2026-07-15T09:00:00Z,73311.2
2026-07-15T10:00:00Z,75782.8
2026-07-15T11:00:00Z,78632.9
2026-07-15T12:00:00Z,77858.2
2026-07-15T13:00:00Z,77289.3
2026-07-15T14:00:00Z,76227.4
2026-07-15T15:00:00Z,72821.9
2026-07-15T16:00:00Z,72030.7
2026-07-15T17:00:00Z,69342.6
2026-07-15T18:00:00Z,66730.2
2026-07-15T19:00:00Z,61542.2
2026-07-15T20:00:00Z,60333.5
2026-07-15T21:00:00Z,56294.3
2026-07-15T22:00:00Z,54582.3
2026-07-15T23:00:00Z,55425.2
2026-07-16T00:00:00Z,54748.1
2026-07-16T01:00:00Z,53961.9
2026-07-16T02:00:00Z,56491.2
2026-07-16T03:00:00Z,58755.4
2026-07-16T04:00:00Z,59084.5
2026-07-16T05:00:00Z,62618.4
2026-07-16T06:00:00Z,65367.5
2026-07-16T07:00:00Z,67683.6
2026-07-16T08:00:00Z,69181.8
2026-07-16T09:00:00Z,74916.3
2026-07-16T10:00:00Z,77115.1
2026-07-16T11:00:00Z,78353.9
2026-07-16T12:00:00Z,79173.8
2026-07-16T13:00:00Z,77387.1
2026-07-16T14:00:00Z,76142.3
2026-07-16T15:00:00Z,74301.0
2026-07-16T16:00:00Z,72508.9
2026-07-16T17:00:00Z,68895.1
2026-07-16T18:00:00Z,66211.2
2026-07-16T19:00:00Z,63260.8
2026-07-16T20:00:00Z,58592.9
2026-07-16T21:00:00Z,57564.2
2026-07-16T22:00:00Z,56843.3
2026-07-16T23:00:00Z,53986.7
2026-07-17T00:00:00Z,52312.5
2026-07-17T01:00:00Z,55052.1
2026-07-17T02:00:00Z,56412.0
2026-07-17T03:00:00Z,57901.0
2026-07-17T04:00:00Z,61216.5
2026-07-17T05:00:00Z,63829.8
2026-07-17T06:00:00Z,65699.9
2026-07-17T07:00:00Z,69689.6
2026-07-17T08:00:00Z,73615.8
2026-07-17T09:00:00Z,73003.4
2026-07-17T10:00:00Z,77292.1
2026-07-17T11:00:00Z,77075.8
2026-07-17T12:00:00Z,79031.4
2026-07-17T13:00:00Z,76874.0
2026-07-17T14:00:00Z,75890.1
2026-07-17T15:00:00Z,74325.6
2026-07-17T16:00:00Z,73279.0
2026-07-17T17:00:00Z,71312.5
2026-07-17T18:00:00Z,66926.8
2026-07-17T19:00:00Z,63158.9
2026-07-17T20:00:00Z,61346.1
2026-07-17T21:00:00Z,55999.5
2026-07-17T22:00:00Z,54657.4
2026-07-17T23:00:00Z,55309.8
2026-07-18T00:00:00Z,51988.3
2026-07-18T01:00:00Z,50505.5
2026-07-18T02:00:00Z,53864.5
2026-07-18T03:00:00Z,54468.1
2026-07-18T04:00:00Z,59335.2
2026-07-18T05:00:00Z,59836.9
2026-07-18T06:00:00Z,64585.7
2026-07-18T07:00:00Z,65841.3
2026-07-18T08:00:00Z,70121.7
2026-07-18T09:00:00Z,71535.4
2026-07-18T10:00:00Z,71980.7
2026-07-18T11:00:00Z,74131.8
2026-07-18T12:00:00Z,77540.9
2026-07-18T13:00:00Z,75255.5
2026-07-18T14:00:00Z,74502.8
2026-07-18T15:00:00Z,72198.3
2026-07-18T16:00:00Z,68730.5
2026-07-18T17:00:00Z,66152.0
2026-07-18T18:00:00Z,63318.5
2026-07-18T19:00:00Z,58551.4
2026-07-18T20:00:00Z,58433.9
2026-07-18T21:00:00Z,55625.2
2026-07-18T22:00:00Z,52049.7
2026-07-18T23:00:00Z,52285.6
2026-07-19T00:00:00Z,50334.3
2026-07-19T01:00:00Z,52105.7
2026-07-19T02:00:00Z,52560.5
2026-07-19T03:00:00Z,56350.1
2026-07-19T04:00:00Z,56671.6
2026-07-19T05:00:00Z,63003.3
2026-07-19T06:00:00Z,61823.5
2026-07-19T07:00:00Z,67172.4
2026-07-19T08:00:00Z,69677.4
2026-07-19T09:00:00Z,71175.5
2026-07-19T10:00:00Z,74474.5
2026-07-19T11:00:00Z,75789.3
2026-07-19T12:00:00Z,76388.0
2026-07-19T13:00:00Z,76680.1
2026-07-19T14:00:00Z,73419.0
2026-07-19T15:00:00Z,73256.9
2026-07-19T16:00:00Z,69569.0
2026-07-19T17:00:00Z,65553.4
2026-07-19T18:00:00Z,62245.1
2026-07-19T19:00:00Z,60178.9
2026-07-19T20:00:00Z,56606.5
2026-07-19T21:00:00Z,55128.5
2026-07-19T22:00:00Z,52344.8
2026-07-19T23:00:00Z,51395.6
2026-07-20T00:00:00Z,54343.9
2026-07-20T01:00:00Z,55313.0
2026-07-20T02:00:00Z,56390.6
2026-07-20T03:00:00Z,58369.6
2026-07-20T04:00:00Z,61643.1
2026-07-20T05:00:00Z,63524.3
2026-07-20T06:00:00Z,67040.3
2026-07-20T07:00:00Z,70243.7
2026-07-20T08:00:00Z,71536.9
2026-07-20T09:00:00Z,76586.8
2026-07-20T10:00:00Z,76203.5
2026-07-20T11:00:00Z,78753.8
2026-07-20T12:00:00Z,79614.7
2026-07-20T13:00:00Z,77606.0
2026-07-20T14:00:00Z,77515.6
2026-07-20T15:00:00Z,75123.5
2026-07-20T16:00:00Z,73653.9
2026-07-20T17:00:00Z,70717.0
2026-07-20T18:00:00Z,67064.8
2026-07-20T19:00:00Z,64161.0
2026-07-20T20:00:00Z,60900.0
2026-07-20T21:00:00Z,57936.2
2026-07-20T22:00:00Z,59190.4
2026-07-20T23:00:00Z,53105.6
2026-07-21T00:00:00Z,55350.1
2026-07-21T01:00:00Z,57220.3
2026-07-21T02:00:00Z,57947.6
2026-07-21T03:00:00Z,58231.9
2026-07-21T04:00:00Z,62205.9
2026-07-21T05:00:00Z,64498.8
2026-07-21T06:00:00Z,66994.8
2026-07-21T07:00:00Z,71141.0
2026-07-21T08:00:00Z,72982.5
2026-07-21T09:00:00Z,76700.3
2026-07-21T10:00:00Z,77972.1
2026-07-21T11:00:00Z,78965.6
2026-07-21T12:00:00Z,80001.4
2026-07-21T13:00:00Z,80175.3
2026-07-21T14:00:00Z,77506.3
2026-07-21T15:00:00Z,76285.6
2026-07-21T16:00:00Z,73056.2
2026-07-21T17:00:00Z,70844.9
2026-07-21T18:00:00Z,69266.2
2026-07-21T19:00:00Z,65233.2
2026-07-21T20:00:00Z,64142.4
2026-07-21T21:00:00Z,58755.3
2026-07-21T22:00:00Z,56340.0
2026-07-21T23:00:00Z,53993.1
2026-07-22T00:00:00Z,56881.0
2026-07-22T01:00:00Z,57817.7
2026-07-22T02:00:00Z,58807.9
2026-07-22T03:00:00Z,59469.6
2026-07-22T04:00:00Z,60441.6
2026-07-22T05:00:00Z,64081.6
2026-07-22T06:00:00Z,67491.7
2026-07-22T07:00:00Z,70081.4
2026-07-22T08:00:00Z,73181.5
2026-07-22T09:00:00Z,75958.5
2026-07-22T10:00:00Z,78650.2
2026-07-22T11:00:00Z,79664.2
2026-07-22T12:00:00Z,80002.4
2026-07-22T13:00:00Z,78913.6
2026-07-22T14:00:00Z,78748.1
2026-07-22T15:00:00Z,75793.7
2026-07-22T16:00:00Z,75368.4
2026-07-22T17:00:00Z,69855.2
2026-07-22T18:00:00Z,67105.6
2026-07-22T19:00:00Z,64058.6
2026-07-22T20:00:00Z,60052.5
2026-07-22T21:00:00Z,58786.9
2026-07-22T22:00:00Z,56726.4
2026-07-22T23:00:00Z,55981.9
2026-07-23T00:00:00Z,54887.7
2026-07-23T01:00:00Z,57275.6
2026-07-23T02:00:00Z,55756.4
2026-07-23T03:00:00Z,60163.8
2026-07-23T04:00:00Z,61685.8
2026-07-23T05:00:00Z,65754.0
2026-07-23T06:00:00Z,69001.9
2026-07-23T07:00:00Z,69927.3
2026-07-23T08:00:00Z,72755.2
2026-07-23T09:00:00Z,76519.0
2026-07-23T10:00:00Z,76853.2
2026-07-23T11:00:00Z,78890.7
2026-07-23T12:00:00Z,79090.2
2026-07-23T13:00:00Z,81041.7
2026-07-23T14:00:00Z,78431.6
2026-07-23T15:00:00Z,76460.0
2026-07-23T16:00:00Z,75097.1
2026-07-23T17:00:00Z,71075.1
2026-07-23T18:00:00Z,66572.5
2026-07-23T19:00:00Z,67309.3
2026-07-23T20:00:00Z,64393.9
2026-07-23T21:00:00Z,59705.0
2026-07-23T22:00:00Z,58132.3
2026-07-23T23:00:00Z,57375.5
2026-07-24T00:00:00Z,55761.5
2026-07-24T01:00:00Z,56719.3
2026-07-24T02:00:00Z,57401.0
2026-07-24T03:00:00Z,59078.6
2026-07-24T04:00:00Z,60780.9
2026-07-24T05:00:00Z,65168.0
2026-07-24T06:00:00Z,68090.7
2026-07-24T07:00:00Z,72180.9
2026-07-24T08:00:00Z,73778.6
2026-07-24T09:00:00Z,77416.3
2026-07-24T10:00:00Z,77560.7
2026-07-24T11:00:00Z,80026.8
2026-07-24T12:00:00Z,81664.4
2026-07-24T13:00:00Z,80819.4
2026-07-24T14:00:00Z,79945.6
2026-07-24T15:00:00Z,80021.2
2026-07-24T16:00:00Z,75128.5
2026-07-24T17:00:00Z,71333.4
2026-07-24T18:00:00Z,67291.5
2026-07-24T19:00:00Z,62792.5
2026-07-24T20:00:00Z,62108.3
2026-07-24T21:00:00Z,59826.6
2026-07-24T22:00:00Z,55709.1
2026-07-24T23:00:00Z,57212.0
2026-07-25T00:00:00Z,55289.0
2026-07-25T01:00:00Z,53014.8
2026-07-25T02:00:00Z,55561.7
2026-07-25T03:00:00Z,57195.6
2026-07-25T04:00:00Z,56780.8
2026-07-25T05:00:00Z,62166.7
2026-07-25T06:00:00Z,64577.6
2026-07-25T07:00:00Z,70275.6
2026-07-25T08:00:00Z,70107.2
2026-07-25T09:00:00Z,74678.5
2026-07-25T10:00:00Z,75055.5
2026-07-25T11:00:00Z,76119.7
2026-07-25T12:00:00Z,76879.4
2026-07-25T13:00:00Z,76173.0
2026-07-25T14:00:00Z,73946.1
2026-07-25T15:00:00Z,73863.0
2026-07-25T16:00:00Z,72727.9
2026-07-25T17:00:00Z,67770.4
2026-07-25T18:00:00Z,66126.2
2026-07-25T19:00:00Z,62075.3
2026-07-25T20:00:00Z,59307.8
2026-07-25T21:00:00Z,55087.5
2026-07-25T22:00:00Z,55820.9
2026-07-25T23:00:00Z,52485.9
2026-07-26T00:00:00Z,54411.1
2026-07-26T01:00:00Z,53585.7
2026-07-26T02:00:00Z,54052.6
2026-07-26T03:00:00Z,56417.5
2026-07-26T04:00:00Z,57044.8
2026-07-26T05:00:00Z,61726.4
2026-07-26T06:00:00Z,64604.1
2026-07-26T07:00:00Z,66092.2
2026-07-26T08:00:00Z,71816.1
2026-07-26T09:00:00Z,74668.7
2026-07-26T10:00:00Z,76597.3
2026-07-26T11:00:00Z,75802.0
2026-07-26T12:00:00Z,78781.5
2026-07-26T13:00:00Z,77027.6
2026-07-26T14:00:00Z,75673.3
2026-07-26T15:00:00Z,74086.1
2026-07-26T16:00:00Z,71228.1
2026-07-26T17:00:00Z,68667.3
2026-07-26T18:00:00Z,66672.5
2026-07-26T19:00:00Z,61768.4
2026-07-26T20:00:00Z,59121.1
2026-07-26T21:00:00Z,56838.0
2026-07-26T22:00:00Z,56775.1
2026-07-26T23:00:00Z,51844.9
2026-07-27T00:00:00Z,56542.6
2026-07-27T01:00:00Z,57965.6
2026-07-27T02:00:00Z,58147.8
2026-07-27T03:00:00Z,60001.5
2026-07-27T04:00:00Z,63003.2
2026-07-27T05:00:00Z,63903.7
2026-07-27T06:00:00Z,69260.8
2026-07-27T07:00:00Z,73971.7
2026-07-27T08:00:00Z,72645.0
2026-07-27T09:00:00Z,77336.9
2026-07-27T10:00:00Z,79110.1
2026-07-27T11:00:00Z,78735.8
2026-07-27T12:00:00Z,81355.1
2026-07-27T13:00:00Z,79956.8
2026-07-27T14:00:00Z,79227.9
2026-07-27T15:00:00Z,78156.8
2026-07-27T16:00:00Z,74292.1
2026-07-27T17:00:00Z,72607.2
2026-07-27T18:00:00Z,69397.3
2026-07-27T19:00:00Z,66964.7
2026-07-27T20:00:00Z,61622.7
2026-07-27T21:00:00Z,59438.1
2026-07-27T22:00:00Z,59546.3
2026-07-27T23:00:00Z,57242.4
2026-07-28T00:00:00Z,57370.0
2026-07-28T01:00:00Z,57077.3
2026-07-28T02:00:00Z,58834.5
2026-07-28T03:00:00Z,59884.9
2026-07-28T04:00:00Z,62958.8
2026-07-28T05:00:00Z,67432.6
2026-07-28T06:00:00Z,69736.0
2026-07-28T07:00:00Z,71356.5
2026-07-28T08:00:00Z,74540.7
2026-07-28T09:00:00Z,78148.6
2026-07-28T10:00:00Z,81218.1
2026-07-28T11:00:00Z,82071.8
2026-07-28T12:00:00Z,83002.5
